DATETIME,CARRY,CARRY_CONTRACT,FORWARD,FORWARD_CONTRACT,PRICE,PRICE_CONTRACT
1975-04-01 23:00:00,181.5,19750800,181.5,19750800,179.1,19750600
1975-04-02 23:00:00,180.5,19750800,180.5,19750800,178.1,19750600
1975-04-03 23:00:00,179.5,19750800,179.5,19750800,177.1,19750600
1975-04-04 23:00:00,176.1,19750800,176.1,19750800,173.8,19750600
1975-04-07 23:00:00,176.4,19750800,176.4,19750800,174.1,19750600
1975-04-08 23:00:00,176.8,19750800,176.8,19750800,174.5,19750600
1975-04-09 23:00:00,176.8,19750800,176.8,19750800,174.5,19750600
1975-04-10 23:00:00,175.3,19750800,175.3,19750800,173.1,19750600
1975-04-11 23:00:00,174.9,19750800,174.9,19750800,172.7,19750600
1975-04-14 23:00:00,168.3,19750800,168.3,19750800,166.2,19750600
1975-04-15 23:00:00,166.7,19750800,166.7,19750800,164.6,19750600
1975-04-16 23:00:00,168.6,19750800,168.6,19750800,166.5,19750600
1975-04-17 23:00:00,171.6,19750800,171.6,19750800,169.5,19750600
1975-04-18 23:00:00,171.0,19750800,171.0,19750800,169.0,19750600
1975-04-21 23:00:00,167.8,19750800,167.8,19750800,165.7,19750600
1975-04-22 23:00:00,168.8,19750800,168.8,19750800,166.7,19750600
1975-04-23 23:00:00,170.9,19750800,170.9,19750800,168.8,19750600
1975-04-24 23:00:00,169.1,19750800,169.1,19750800,167.0,19750600
1975-04-25 23:00:00,168.9,19750800,168.9,19750800,166.8,19750600
1975-04-28 23:00:00,168.4,19750800,168.4,19750800,166.3,19750600
1975-04-29 23:00:00,169.9,19750800,169.9,19750800,167.8,19750600
1975-04-30 23:00:00,168.9,19750800,168.9,19750800,166.8,19750600
1975-05-01 23:00:00,168.6,19750800,168.6,19750800,165.5,19750600
1975-05-02 23:00:00,167.1,19750800,167.1,19750800,165.0,19750600
1975-05-05 23:00:00,165.5,19750800,165.5,19750800,163.5,19750600
1975-05-06 23:00:00,166.9,19750800,166.9,19750800,164.9,19750600
1975-05-07 23:00:00,168.1,19750800,168.1,19750800,166.1,19750600
1975-05-08 23:00:00,169.3,19750800,169.3,19750800,167.3,19750600
1975-05-09 23:00:00,168.6,19750800,168.6,19750800,166.6,19750600
1975-05-12 23:00:00,167.9,19750800,167.9,19750800,165.9,19750600
1975-05-13 23:00:00,168.7,19750800,168.7,19750800,166.7,19750600
1975-05-14 23:00:00,171.3,19750800,171.3,19750800,169.3,19750600
1975-05-15 23:00:00,168.0,19750800,168.0,19750800,165.9,19750600
1975-05-16 23:00:00,169.0,19750800,169.0,19750800,166.9,19750600
1975-05-19 23:00:00,170.9,19750800,170.9,19750800,168.8,19750600
1975-05-20 23:00:00,170.2,19750800,170.2,19750800,168.2,19750600
1975-05-21 23:00:00,174.2,19750800,174.2,19750800,172.2,19750600
1975-05-22 23:00:00,175.7,19750800,175.7,19750800,173.5,19750600
1975-05-23 23:00:00,176.9,19750800,176.9,19750800,174.7,19750600
1975-05-27 23:00:00,174.4,19750800,174.4,19750800,172.0,19750600
1975-05-28 23:00:00,172.5,19750800,172.5,19750800,170.0,19750600
1975-05-29 23:00:00,170.1,19750800,170.1,19750800,167.6,19750600
1975-05-30 23:00:00,171.5,19751000,171.5,19751000,169.0,19750800
1975-06-02 23:00:00,167.5,19751000,167.5,19751000,165.2,19750800
1975-06-03 23:00:00,169.8,19751000,169.8,19751000,167.5,19750800
1975-06-04 23:00:00,168.1,19751000,168.1,19751000,165.9,19750800
1975-06-05 23:00:00,169.7,19751000,169.7,19751000,167.4,19750800
1975-06-06 23:00:00,169.4,19751000,169.4,19751000,167.2,19750800
1975-06-09 23:00:00,170.8,19751000,170.8,19751000,168.5,19750800
1975-06-10 23:00:00,169.6,19751000,169.6,19751000,167.3,19750800
1975-06-11 23:00:00,169.1,19751000,169.1,19751000,167.1,19750800
1975-06-12 23:00:00,168.7,19751000,168.7,19751000,166.5,19750800
1975-06-13 23:00:00,168.1,19751000,168.1,19751000,165.9,19750800
1975-06-16 23:00:00,166.6,19751000,166.6,19751000,164.4,19750800
1975-06-17 23:00:00,168.2,19751000,168.2,19751000,166.0,19750800
1975-06-18 23:00:00,167.6,19751000,167.6,19751000,165.4,19750800
1975-06-19 23:00:00,166.5,19751000,166.5,19751000,164.3,19750800
1975-06-20 23:00:00,166.6,19751000,166.6,19751000,164.3,19750800
1975-06-23 23:00:00,165.8,19751000,165.8,19751000,163.5,19750800
1975-06-24 23:00:00,166.9,19751000,166.9,19751000,164.5,19750800
1975-06-25 23:00:00,168.8,19751000,168.8,19751000,166.3,19750800
1975-06-26 23:00:00,168.5,19751000,168.5,19751000,166.0,19750800
1975-06-27 23:00:00,170.6,19751000,170.6,19751000,167.9,19750800
1975-06-30 23:00:00,170.4,19751000,170.4,19751000,167.8,19750800
1975-07-01 23:00:00,170.7,19751000,170.7,19751000,168.1,19750800
1975-07-02 23:00:00,168.9,19751000,168.9,19751000,166.3,19750800
1975-07-03 23:00:00,169.1,19751000,169.1,19751000,166.4,19750800
1975-07-07 23:00:00,166.5,19751000,166.5,19751000,164.0,19750800
1975-07-08 23:00:00,169.3,19751000,169.3,19751000,166.7,19750800
1975-07-09 23:00:00,169.5,19751000,169.5,19751000,166.9,19750800
1975-07-10 23:00:00,168.0,19751000,168.0,19751000,165.3,19750800
1975-07-11 23:00:00,170.2,19751000,170.2,19751000,167.4,19750800
1975-07-14 23:00:00,169.8,19751000,169.8,19751000,167.0,19750800
1975-07-15 23:00:00,168.7,19751000,168.7,19751000,165.9,19750800
1975-07-16 23:00:00,168.1,19751000,168.1,19751000,165.3,19750800
1975-07-17 23:00:00,168.0,19751000,168.0,19751000,165.3,19750800
1975-07-18 23:00:00,168.1,19751000,168.1,19751000,165.4,19750800
1975-07-21 23:00:00,167.9,19751000,167.9,19751000,165.1,19750800
1975-07-22 23:00:00,169.3,19751000,169.3,19751000,166.4,19750800
1975-07-23 23:00:00,168.5,19751000,168.5,19751000,165.5,19750800
1975-07-24 23:00:00,169.0,19751000,169.0,19751000,166.0,19750800
1975-07-25 23:00:00,171.1,19751000,171.1,19751000,167.9,19750800
1975-07-28 23:00:00,173.0,19751000,173.0,19751000,169.8,19750800
1975-07-29 23:00:00,170.7,19751000,170.7,19751000,167.7,19750800
1975-07-30 23:00:00,173.8,19751200,173.8,19751200,170.8,19751000
1975-07-31 23:00:00,173.4,19751200,173.4,19751200,170.5,19751000
1975-08-01 23:00:00,173.4,19751200,173.4,19751200,170.5,19751000
1975-08-04 23:00:00,173.1,19751200,173.1,19751200,170.3,19751000
1975-08-05 23:00:00,171.6,19751200,171.6,19751200,168.9,19751000
1975-08-06 23:00:00,171.0,19751200,171.0,19751200,168.2,19751000
1975-08-07 23:00:00,171.3,19751200,171.3,19751200,168.5,19751000
1975-08-08 23:00:00,166.6,19751200,166.6,19751200,164.0,19751000
1975-08-11 23:00:00,166.7,19751200,166.7,19751200,164.1,19751000
1975-08-12 23:00:00,168.4,19751200,168.4,19751200,165.7,19751000
1975-08-13 23:00:00,165.0,19751200,165.0,19751200,162.4,19751000
1975-08-14 23:00:00,163.9,19751200,163.9,19751200,161.3,19751000
1975-08-15 23:00:00,166.8,19751200,166.8,19751200,164.2,19751000
1975-08-18 23:00:00,166.2,19751200,166.2,19751200,163.6,19751000
1975-08-19 23:00:00,166.2,19751200,166.2,19751200,163.6,19751000
1975-08-20 23:00:00,167.0,19751200,167.0,19751200,164.4,19751000
1975-08-21 23:00:00,166.3,19751200,166.3,19751200,163.7,19751000
1975-08-22 23:00:00,165.8,19751200,165.8,19751200,163.2,19751000
1975-08-25 23:00:00,166.0,19751200,166.0,19751200,163.3,19751000
1975-08-26 23:00:00,165.6,19751200,165.6,19751200,162.9,19751000
1975-08-27 23:00:00,166.0,19751200,166.0,19751200,163.3,19751000
1975-08-28 23:00:00,165.5,19751200,165.5,19751200,162.8,19751000
1975-08-29 23:00:00,162.8,19751200,162.8,19751200,160.2,19751000
1975-09-02 23:00:00,152.8,19751200,152.8,19751200,150.2,19751000
1975-09-03 23:00:00,153.7,19751200,153.7,19751200,151.3,19751000
1975-09-04 23:00:00,155.2,19751200,155.2,19751200,152.9,19751000
1975-09-05 23:00:00,156.0,19751200,156.0,19751200,153.8,19751000
1975-09-08 23:00:00,153.0,19751200,153.0,19751200,151.0,19751000
1975-09-09 23:00:00,151.8,19751200,151.8,19751200,149.8,19751000
1975-09-10 23:00:00,150.4,19751200,150.4,19751200,148.5,19751000
1975-09-11 23:00:00,149.6,19751200,149.6,19751200,147.7,19751000
1975-09-12 23:00:00,149.7,19751200,149.7,19751200,147.8,19751000
1975-09-15 23:00:00,150.0,19751200,150.0,19751200,148.1,19751000
1975-09-16 23:00:00,147.7,19751200,147.7,19751200,145.9,19751000
1975-09-17 23:00:00,144.3,19751200,144.3,19751200,142.5,19751000
1975-09-18 23:00:00,137.8,19751200,137.8,19751200,136.1,19751000
1975-09-19 23:00:00,138.4,19751200,138.4,19751200,136.7,19751000
1975-09-22 23:00:00,134.8,19751200,134.8,19751200,133.1,19751000
1975-09-23 23:00:00,131.2,19751200,131.2,19751200,129.5,19751000
1975-09-24 23:00:00,137.5,19751200,137.5,19751200,135.8,19751000
1975-09-25 23:00:00,137.0,19751200,137.0,19751200,135.2,19751000
1975-09-26 23:00:00,139.0,19751200,139.0,19751200,137.1,19751000
1975-09-29 23:00:00,139.8,19751200,139.8,19751200,138.0,19751000
1975-09-30 23:00:00,144.6,19760200,144.6,19760200,142.2,19751200
1975-10-01 23:00:00,146.6,19760200,146.6,19760200,144.2,19751200
1975-10-02 23:00:00,145.7,19760200,145.7,19760200,143.4,19751200
1975-10-03 23:00:00,142.1,19760200,142.1,19760200,139.9,19751200
1975-10-06 23:00:00,144.8,19760200,144.8,19760200,142.6,19751200
1975-10-07 23:00:00,146.0,19760200,146.0,19760200,143.7,19751200
1975-10-08 23:00:00,141.8,19760200,141.8,19760200,139.6,19751200
1975-10-09 23:00:00,143.8,19760200,143.8,19760200,141.7,19751200
1975-10-10 23:00:00,145.8,19760200,145.8,19760200,143.6,19751200
1975-10-14 23:00:00,145.1,19760200,145.1,19760200,142.9,19751200
1975-10-15 23:00:00,145.1,19760200,145.1,19760200,142.9,19751200
1975-10-16 23:00:00,146.2,19760200,146.2,19760200,144.0,19751200
1975-10-17 23:00:00,148.2,19760200,148.2,19760200,146.1,19751200
1975-10-20 23:00:00,148.9,19760200,148.9,19760200,146.8,19751200
1975-10-21 23:00:00,147.2,19760200,147.2,19760200,145.2,19751200
1975-10-22 23:00:00,148.5,19760200,148.5,19760200,146.5,19751200
1975-10-23 23:00:00,147.1,19760200,147.1,19760200,145.1,19751200
1975-10-24 23:00:00,146.0,19760200,146.0,19760200,144.1,19751200
1975-10-27 23:00:00,144.8,19760200,144.8,19760200,143.0,19751200
1975-10-28 23:00:00,144.7,19760200,144.7,19760200,143.3,19751200
1975-10-29 23:00:00,145.7,19760200,145.7,19760200,144.1,19751200
1975-10-30 23:00:00,145.2,19760200,145.2,19760200,143.6,19751200
1975-10-31 23:00:00,144.3,19760200,144.3,19760200,142.8,19751200
1975-11-03 23:00:00,144.8,19760200,144.8,19760200,143.3,19751200
1975-11-05 23:00:00,150.1,19760200,150.1,19760200,148.4,19751200
1975-11-06 23:00:00,147.7,19760200,147.7,19760200,146.0,19751200
1975-11-07 23:00:00,147.8,19760200,147.8,19760200,146.1,19751200
1975-11-10 23:00:00,146.4,19760200,146.4,19760200,144.7,19751200
1975-11-12 23:00:00,145.7,19760200,145.7,19760200,144.0,19751200
1975-11-13 23:00:00,144.6,19760200,144.6,19760200,142.9,19751200
1975-11-14 23:00:00,143.2,19760200,143.2,19760200,141.6,19751200
1975-11-17 23:00:00,140.8,19760200,140.8,19760200,139.3,19751200
1975-11-18 23:00:00,141.8,19760200,141.8,19760200,140.3,19751200
1975-11-19 23:00:00,144.4,19760200,144.4,19760200,142.9,19751200
1975-11-20 23:00:00,143.3,19760200,143.3,19760200,141.8,19751200
1975-11-21 23:00:00,142.6,19760200,142.6,19760200,141.1,19751200
1975-11-24 23:00:00,142.9,19760200,142.9,19760200,141.3,19751200
1975-11-25 23:00:00,141.9,19760200,141.9,19760200,140.3,19751200
1975-11-26 23:00:00,141.1,19760200,141.1,19760200,139.6,19751200
1975-11-28 23:00:00,138.8,19760200,138.8,19760200,137.3,19751200
1975-12-01 23:00:00,140.1,19760400,140.1,19760400,138.4,19760200
1975-12-02 23:00:00,141.6,19760400,141.6,19760400,140.0,19760200
1975-12-03 23:00:00,140.4,19760400,140.4,19760400,139.0,19760200
1975-12-04 23:00:00,140.5,19760400,140.5,19760400,139.0,19760200
1975-12-05 23:00:00,140.1,19760400,140.1,19760400,138.7,19760200
1975-12-08 23:00:00,138.2,19760400,138.2,19760400,136.9,19760200
1975-12-09 23:00:00,139.4,19760400,139.4,19760400,138.2,19760200
1975-12-10 23:00:00,141.1,19760400,141.1,19760400,139.9,19760200
1975-12-11 23:00:00,141.2,19760400,141.2,19760400,140.0,19760200
1975-12-12 23:00:00,140.1,19760400,140.1,19760400,138.9,19760200
1975-12-15 23:00:00,139.3,19760400,139.3,19760400,138.1,19760200
1975-12-16 23:00:00,140.1,19760400,140.1,19760400,138.9,19760200
1975-12-17 23:00:00,140.4,19760400,140.4,19760400,139.2,19760200
1975-12-18 23:00:00,140.3,19760400,140.3,19760400,139.1,19760200
1975-12-19 23:00:00,147.3,19760400,147.3,19760400,146.1,19760200
1975-12-22 23:00:00,145.0,19760400,145.0,19760400,143.7,19760200
1975-12-23 23:00:00,143.2,19760400,143.2,19760400,141.9,19760200
1975-12-24 23:00:00,143.1,19760400,143.1,19760400,141.7,19760200
1975-12-29 23:00:00,143.3,19760400,143.3,19760400,141.9,19760200
1975-12-30 23:00:00,143.2,19760400,143.2,19760400,141.8,19760200
1975-12-31 23:00:00,142.3,19760400,142.3,19760400,141.0,19760200
1976-01-02 23:00:00,142.5,19760400,142.5,19760400,141.2,19760200
1976-01-05 23:00:00,140.9,19760400,140.9,19760400,139.6,19760200
1976-01-06 23:00:00,141.3,19760400,141.3,19760400,140.1,19760200
1976-01-07 23:00:00,140.6,19760400,140.6,19760400,139.4,19760200
1976-01-08 23:00:00,137.2,19760400,137.2,19760400,136.1,19760200
1976-01-09 23:00:00,138.0,19760400,138.0,19760400,136.9,19760200
1976-01-12 23:00:00,138.0,19760400,138.0,19760400,136.9,19760200
1976-01-13 23:00:00,132.9,19760400,132.9,19760400,132.0,19760200
1976-01-14 23:00:00,134.0,19760400,134.0,19760400,133.0,19760200
1976-01-15 23:00:00,132.6,19760400,132.6,19760400,131.5,19760200
1976-01-16 23:00:00,132.0,19760400,132.0,19760400,131.0,19760200
1976-01-19 23:00:00,128.5,19760400,128.5,19760400,127.6,19760200
1976-01-20 23:00:00,125.1,19760400,125.1,19760400,124.1,19760200
1976-01-21 23:00:00,124.9,19760400,124.9,19760400,123.7,19760200
1976-01-22 23:00:00,126.7,19760400,126.7,19760400,125.5,19760200
1976-01-23 23:00:00,129.1,19760400,129.1,19760400,127.9,19760200
1976-01-26 23:00:00,126.6,19760400,126.6,19760400,125.5,19760200
1976-01-27 23:00:00,127.0,19760400,127.0,19760400,125.9,19760200
1976-01-28 23:00:00,129.3,19760400,129.3,19760400,128.2,19760200
1976-01-29 23:00:00,129.0,19760400,129.0,19760400,128.1,19760200
1976-01-30 23:00:00,130.2,19760600,130.2,19760600,129.0,19760400
1976-02-02 23:00:00,132.6,19760600,132.6,19760600,131.3,19760400
1976-02-03 23:00:00,132.3,19760600,132.3,19760600,131.1,19760400
1976-02-04 23:00:00,130.5,19760600,130.5,19760600,129.2,19760400
1976-02-05 23:00:00,130.5,19760600,130.5,19760600,129.2,19760400
1976-02-06 23:00:00,132.5,19760600,132.5,19760600,131.2,19760400
1976-02-09 23:00:00,131.3,19760600,131.3,19760600,130.2,19760400
1976-02-10 23:00:00,131.8,19760600,131.8,19760600,130.6,19760400
1976-02-11 23:00:00,131.2,19760600,131.2,19760600,130.1,19760400
1976-02-12 23:00:00,131.6,19760600,131.6,19760600,130.5,19760400
1976-02-13 23:00:00,132.1,19760600,132.1,19760600,131.0,19760400
1976-02-17 23:00:00,130.9,19760600,130.9,19760600,130.0,19760400
1976-02-18 23:00:00,131.1,19760600,131.1,19760600,130.3,19760400
1976-02-19 23:00:00,131.3,19760600,131.3,19760600,130.5,19760400
1976-02-20 23:00:00,132.3,19760600,132.3,19760600,131.6,19760400
1976-02-23 23:00:00,132.1,19760600,132.1,19760600,131.5,19760400
1976-02-24 23:00:00,134.6,19760600,134.6,19760600,134.2,19760400
1976-02-25 23:00:00,134.0,19760600,134.0,19760600,133.6,19760400
1976-02-26 23:00:00,132.8,19760600,132.8,19760600,132.4,19760400
1976-02-27 23:00:00,133.0,19760600,133.0,19760600,132.6,19760400
1976-03-01 23:00:00,132.4,19760600,132.4,19760600,132.3,19760400
1976-03-02 23:00:00,131.9,19760600,131.9,19760600,131.8,19760400
1976-03-03 23:00:00,132.1,19760600,132.1,19760600,132.2,19760400
1976-03-04 23:00:00,133.3,19760600,133.3,19760600,133.2,19760400
1976-03-05 23:00:00,134.7,19760600,134.7,19760600,134.5,19760400
1976-03-08 23:00:00,133.6,19760600,133.6,19760600,133.5,19760400
1976-03-09 23:00:00,133.8,19760600,133.8,19760600,133.7,19760400
1976-03-10 23:00:00,134.4,19760600,134.4,19760600,134.2,19760400
1976-03-11 23:00:00,134.0,19760600,134.0,19760600,133.8,19760400
1976-03-12 23:00:00,133.6,19760600,133.6,19760600,133.5,19760400
1976-03-15 23:00:00,133.5,19760600,133.5,19760600,133.5,19760400
1976-03-16 23:00:00,133.2,19760600,133.2,19760600,133.3,19760400
1976-03-17 23:00:00,134.3,19760600,134.3,19760600,134.4,19760400
1976-03-18 23:00:00,134.2,19760600,134.2,19760600,134.3,19760400
1976-03-19 23:00:00,134.9,19760600,134.9,19760600,134.8,19760400
1976-03-22 23:00:00,134.1,19760600,134.1,19760600,134.2,19760400
1976-03-23 23:00:00,133.9,19760600,133.9,19760600,133.9,19760400
1976-03-24 23:00:00,133.4,19760600,133.4,19760600,133.4,19760400
1976-03-25 23:00:00,133.2,19760600,133.2,19760600,133.1,19760400
1976-03-26 23:00:00,129.6,19760600,129.6,19760600,129.2,19760400
1976-03-29 23:00:00,128.7,19760600,128.7,19760600,128.1,19760400
1976-03-30 23:00:00,130.1,19760600,130.1,19760600,129.5,19760400
1976-03-31 23:00:00,130.5,19760800,130.5,19760800,129.7,19760600
1976-04-01 23:00:00,130.5,19760800,130.5,19760800,129.7,19760600
1976-04-02 23:00:00,130.4,19760800,130.4,19760800,129.6,19760600
1976-04-05 23:00:00,128.9,19760800,128.9,19760800,128.1,19760600
1976-04-06 23:00:00,129.3,19760800,129.3,19760800,128.5,19760600
1976-04-07 23:00:00,128.8,19760800,128.8,19760800,128.0,19760600
1976-04-08 23:00:00,130.2,19760800,130.2,19760800,129.4,19760600
1976-04-09 23:00:00,128.4,19760800,128.4,19760800,127.5,19760600
1976-04-12 23:00:00,129.4,19760800,129.4,19760800,128.5,19760600
1976-04-13 23:00:00,129.5,19760800,129.5,19760800,128.5,19760600
1976-04-14 23:00:00,129.1,19760800,129.1,19760800,128.1,19760600
1976-04-15 23:00:00,129.1,19760800,129.1,19760800,128.1,19760600
1976-04-19 23:00:00,129.8,19760800,129.8,19760800,128.8,19760600
1976-04-20 23:00:00,129.9,19760800,129.9,19760800,128.9,19760600
1976-04-21 23:00:00,128.8,19760800,128.8,19760800,127.8,19760600
1976-04-22 23:00:00,128.9,19760800,128.9,19760800,127.9,19760600
1976-04-23 23:00:00,128.9,19760800,128.9,19760800,127.9,19760600
1976-04-26 23:00:00,129.7,19760800,129.7,19760800,128.6,19760600
1976-04-27 23:00:00,130.4,19760800,130.4,19760800,129.2,19760600
1976-04-28 23:00:00,129.7,19760800,129.7,19760800,128.5,19760600
1976-04-29 23:00:00,129.7,19760800,129.7,19760800,128.5,19760600
1976-04-30 23:00:00,130.1,19760800,130.1,19760800,128.9,19760600
1976-05-03 23:00:00,130.1,19760800,130.1,19760800,128.9,19760600
1976-05-04 23:00:00,129.4,19760800,129.4,19760800,128.2,19760600
1976-05-05 23:00:00,129.4,19760800,129.4,19760800,128.3,19760600
1976-05-06 23:00:00,130.5,19760800,130.5,19760800,129.4,19760600
1976-05-07 23:00:00,130.0,19760800,130.0,19760800,129.0,19760600
1976-05-10 23:00:00,129.7,19760800,129.7,19760800,128.7,19760600
1976-05-11 23:00:00,129.6,19760800,129.6,19760800,128.6,19760600
1976-05-12 23:00:00,129.5,19760800,129.5,19760800,128.5,19760600
1976-05-13 23:00:00,129.1,19760800,129.1,19760800,128.2,19760600
1976-05-14 23:00:00,129.0,19760800,129.0,19760800,128.2,19760600
1976-05-17 23:00:00,128.7,19760800,128.7,19760800,128.1,19760600
1976-05-18 23:00:00,128.5,19760800,128.5,19760800,127.8,19760600
1976-05-19 23:00:00,126.6,19760800,126.6,19760800,126.0,19760600
1976-05-20 23:00:00,126.8,19760800,126.8,19760800,126.1,19760600
1976-05-21 23:00:00,127.1,19760800,127.1,19760800,126.2,19760600
1976-05-24 23:00:00,126.4,19760800,126.4,19760800,125.5,19760600
1976-05-25 23:00:00,126.0,19760800,126.0,19760800,124.9,19760600
1976-05-26 23:00:00,128.3,19760800,128.3,19760800,126.9,19760600
1976-05-27 23:00:00,128.1,19760800,128.1,19760800,126.8,19760600
1976-05-28 23:00:00,127.3,19760800,127.3,19760800,126.0,19760600
1976-06-01 23:00:00,129.4,19760800,129.4,19760800,128.1,19760600
1976-06-02 23:00:00,132.7,19761000,132.7,19761000,131.2,19760800
1976-06-03 23:00:00,130.8,19761000,130.8,19761000,129.3,19760800
1976-06-04 23:00:00,129.4,19761000,129.4,19761000,128.0,19760800
1976-06-07 23:00:00,130.3,19761000,130.3,19761000,128.8,19760800
1976-06-08 23:00:00,130.2,19761000,130.2,19761000,128.6,19760800
1976-06-09 23:00:00,129.6,19761000,129.6,19761000,128.1,19760800
1976-06-10 23:00:00,129.3,19761000,129.3,19761000,127.8,19760800
1976-06-11 23:00:00,128.4,19761000,128.4,19761000,126.9,19760800
1976-06-14 23:00:00,128.7,19761000,128.7,19761000,127.2,19760800
1976-06-15 23:00:00,128.6,19761000,128.6,19761000,127.1,19760800
1976-06-16 23:00:00,127.9,19761000,127.9,19761000,126.5,19760800
1976-06-17 23:00:00,128.5,19761000,128.5,19761000,127.1,19760800
1976-06-18 23:00:00,128.6,19761000,128.6,19761000,127.2,19760800
1976-06-21 23:00:00,128.7,19761000,128.7,19761000,127.2,19760800
1976-06-22 23:00:00,127.3,19761000,127.3,19761000,126.0,19760800
1976-06-23 23:00:00,126.9,19761000,126.9,19761000,125.6,19760800
1976-06-24 23:00:00,126.9,19761000,126.9,19761000,125.7,19760800
1976-06-25 23:00:00,126.7,19761000,126.7,19761000,125.5,19760800
1976-06-28 23:00:00,125.0,19761000,125.0,19761000,124.0,19760800
1976-06-29 23:00:00,125.2,19761000,125.2,19761000,124.2,19760800
1976-06-30 23:00:00,124.9,19761000,124.9,19761000,123.9,19760800
1976-07-01 23:00:00,124.6,19761000,124.6,19761000,123.6,19760800
1976-07-02 23:00:00,125.1,19761000,125.1,19761000,124.1,19760800
1976-07-06 23:00:00,125.3,19761000,125.3,19761000,124.2,19760800
1976-07-07 23:00:00,125.0,19761000,125.0,19761000,123.9,19760800
1976-07-08 23:00:00,124.8,19761000,124.8,19761000,123.7,19760800
1976-07-09 23:00:00,124.0,19761000,124.0,19761000,122.8,19760800
1976-07-12 23:00:00,123.4,19761000,123.4,19761000,122.2,19760800
1976-07-13 23:00:00,124.2,19761000,124.2,19761000,123.0,19760800
1976-07-14 23:00:00,124.4,19761000,124.4,19761000,123.1,19760800
1976-07-15 23:00:00,118.7,19761000,118.7,19761000,117.5,19760800
1976-07-16 23:00:00,118.8,19761000,118.8,19761000,117.9,19760800
1976-07-19 23:00:00,113.6,19761000,113.6,19761000,112.6,19760800
1976-07-20 23:00:00,109.9,19761000,109.9,19761000,108.9,19760800
1976-07-21 23:00:00,113.8,19761000,113.8,19761000,112.8,19760800
1976-07-22 23:00:00,112.0,19761000,112.0,19761000,111.0,19760800
1976-07-23 23:00:00,112.3,19761000,112.3,19761000,111.2,19760800
1976-07-26 23:00:00,113.2,19761000,113.2,19761000,112.1,19760800
1976-07-27 23:00:00,114.3,19761000,114.3,19761000,113.1,19760800
1976-07-28 23:00:00,114.1,19761000,114.1,19761000,112.9,19760800
1976-07-29 23:00:00,112.6,19761000,112.6,19761000,111.4,19760800
1976-07-30 23:00:00,114.2,19761200,114.2,19761200,113.1,19761000
1976-08-02 23:00:00,113.3,19761200,113.3,19761200,112.3,19761000
1976-08-03 23:00:00,113.9,19761200,113.9,19761200,112.9,19761000
1976-08-04 23:00:00,114.3,19761200,114.3,19761200,113.3,19761000
1976-08-05 23:00:00,113.3,19761200,113.3,19761200,112.4,19761000
1976-08-06 23:00:00,113.8,19761200,113.8,19761200,113.0,19761000
1976-08-09 23:00:00,113.6,19761200,113.6,19761200,112.7,19761000
1976-08-10 23:00:00,114.7,19761200,114.7,19761200,114.0,19761000
1976-08-11 23:00:00,114.5,19761200,114.5,19761200,113.8,19761000
1976-08-12 23:00:00,113.9,19761200,113.9,19761200,113.3,19761000
1976-08-13 23:00:00,114.5,19761200,114.5,19761200,113.9,19761000
1976-08-16 23:00:00,114.0,19761200,114.0,19761200,113.5,19761000
1976-08-17 23:00:00,112.2,19761200,112.2,19761200,111.8,19761000
1976-08-18 23:00:00,108.8,19761200,108.8,19761200,108.3,19761000
1976-08-19 23:00:00,108.9,19761200,108.9,19761200,108.4,19761000
1976-08-20 23:00:00,108.6,19761200,108.6,19761200,108.2,19761000
1976-08-23 23:00:00,104.5,19761200,104.5,19761200,104.2,19761000
1976-08-24 23:00:00,103.4,19761200,103.4,19761200,103.1,19761000
1976-08-25 23:00:00,106.1,19761200,106.1,19761200,105.7,19761000
1976-08-26 23:00:00,104.9,19761200,104.9,19761200,104.5,19761000
1976-08-27 23:00:00,103.1,19761200,103.1,19761200,102.7,19761000
1976-08-30 23:00:00,102.8,19761200,102.8,19761200,102.4,19761000
1976-08-31 23:00:00,103.2,19761200,103.2,19761200,102.8,19761000
1976-09-01 23:00:00,105.4,19761200,105.4,19761200,105.0,19761000
1976-09-02 23:00:00,105.4,19761200,105.4,19761200,105.0,19761000
1976-09-03 23:00:00,108.0,19761200,108.0,19761200,107.6,19761000
1976-09-07 23:00:00,111.8,19761200,111.8,19761200,111.3,19761000
1976-09-08 23:00:00,112.4,19761200,112.4,19761200,112.0,19761000
1976-09-09 23:00:00,113.9,19761200,113.9,19761200,113.5,19761000
1976-09-10 23:00:00,118.4,19761200,118.4,19761200,118.0,19761000
1976-09-13 23:00:00,114.7,19761200,114.7,19761200,114.3,19761000
1976-09-14 23:00:00,110.8,19761200,110.8,19761200,110.7,19761000
1976-09-15 23:00:00,112.3,19761200,112.3,19761200,112.2,19761000
1976-09-16 23:00:00,114.0,19761200,114.0,19761200,113.9,19761000
1976-09-17 23:00:00,117.5,19761200,117.5,19761200,117.3,19761000
1976-09-20 23:00:00,115.0,19761200,115.0,19761200,114.8,19761000
1976-09-21 23:00:00,119.1,19761200,119.1,19761200,119.0,19761000
1976-09-22 23:00:00,118.5,19761200,118.5,19761200,118.5,19761000
1976-09-23 23:00:00,117.8,19761200,117.8,19761200,117.8,19761000
1976-09-24 23:00:00,118.6,19761200,118.6,19761200,118.5,19761000
1976-09-27 23:00:00,117.7,19761200,117.7,19761200,117.5,19761000
1976-09-28 23:00:00,116.2,19761200,116.2,19761200,115.8,19761000
1976-09-29 23:00:00,116.5,19770200,116.5,19770200,116.1,19761200
1976-09-30 23:00:00,116.5,19770200,116.5,19770200,116.1,19761200
1976-10-01 23:00:00,116.3,19770200,116.3,19770200,116.0,19761200
1976-10-04 23:00:00,114.4,19770200,114.4,19770200,114.2,19761200
1976-10-05 23:00:00,114.6,19770200,114.6,19770200,114.5,19761200
1976-10-06 23:00:00,116.7,19770200,116.7,19770200,116.6,19761200
1976-10-07 23:00:00,115.5,19770200,115.5,19770200,115.5,19761200
1976-10-08 23:00:00,114.0,19770200,114.0,19770200,114.0,19761200
1976-10-11 23:00:00,114.5,19770200,114.5,19770200,114.6,19761200
1976-10-12 23:00:00,114.7,19770200,114.7,19770200,114.7,19761200
1976-10-13 23:00:00,115.1,19770200,115.1,19770200,115.0,19761200
1976-10-14 23:00:00,115.0,19770200,115.0,19770200,114.9,19761200
1976-10-15 23:00:00,117.3,19770200,117.3,19770200,117.0,19761200
1976-10-18 23:00:00,117.3,19770200,117.3,19770200,116.9,19761200
1976-10-19 23:00:00,115.6,19770200,115.6,19770200,115.3,19761200
1976-10-20 23:00:00,115.1,19770200,115.1,19770200,114.9,19761200
1976-10-21 23:00:00,116.4,19770200,116.4,19770200,116.3,19761200
1976-10-22 23:00:00,115.9,19770200,115.9,19770200,115.8,19761200
1976-10-25 23:00:00,117.1,19770200,117.1,19770200,116.9,19761200
1976-10-26 23:00:00,118.7,19770200,118.7,19770200,118.4,19761200
1976-10-27 23:00:00,120.4,19770200,120.4,19770200,120.0,19761200
1976-10-28 23:00:00,126.1,19770200,126.1,19770200,125.8,19761200
1976-10-29 23:00:00,124.3,19770200,124.3,19770200,123.8,19761200
1976-11-01 23:00:00,124.2,19770200,124.2,19770200,123.7,19761200
1976-11-03 23:00:00,125.8,19770200,125.8,19770200,125.2,19761200
1976-11-04 23:00:00,126.5,19770200,126.5,19770200,126.0,19761200
1976-11-05 23:00:00,128.5,19770200,128.5,19770200,128.0,19761200
1976-11-08 23:00:00,133.7,19770200,133.7,19770200,133.0,19761200
1976-11-09 23:00:00,134.0,19770200,134.0,19770200,133.2,19761200
1976-11-10 23:00:00,138.0,19770200,138.0,19770200,137.1,19761200
1976-11-11 23:00:00,136.7,19770200,136.7,19770200,135.8,19761200
1976-11-12 23:00:00,137.8,19770200,137.8,19770200,136.9,19761200
1976-11-15 23:00:00,136.8,19770200,136.8,19770200,135.9,19761200
1976-11-16 23:00:00,134.4,19770200,134.4,19770200,133.3,19761200
1976-11-17 23:00:00,132.6,19770200,132.6,19770200,131.8,19761200
1976-11-18 23:00:00,129.3,19770200,129.3,19770200,128.6,19761200
1976-11-19 23:00:00,131.7,19770200,131.7,19770200,130.8,19761200
1976-11-22 23:00:00,136.1,19770200,136.1,19770200,135.1,19761200
1976-11-23 23:00:00,133.4,19770200,133.4,19770200,132.4,19761200
1976-11-24 23:00:00,133.8,19770200,133.8,19770200,132.5,19761200
1976-11-26 23:00:00,130.6,19770200,130.6,19770200,129.7,19761200
1976-11-29 23:00:00,131.2,19770200,131.2,19770200,130.2,19761200
1976-11-30 23:00:00,133.7,19770400,133.7,19770400,132.6,19770200
1976-12-01 23:00:00,133.2,19770400,133.2,19770400,132.2,19770200
1976-12-02 23:00:00,133.1,19770400,133.1,19770400,132.1,19770200
1976-12-03 23:00:00,134.3,19770400,134.3,19770400,133.3,19770200
1976-12-06 23:00:00,137.1,19770400,137.1,19770400,136.0,19770200
1976-12-07 23:00:00,135.9,19770400,135.9,19770400,134.8,19770200
1976-12-08 23:00:00,139.3,19770400,139.3,19770400,138.1,19770200
1976-12-09 23:00:00,139.8,19770400,139.8,19770400,138.6,19770200
1976-12-10 23:00:00,140.1,19770400,140.1,19770400,139.0,19770200
1976-12-13 23:00:00,137.4,19770400,137.4,19770400,136.4,19770200
1976-12-14 23:00:00,138.0,19770400,138.0,19770400,137.0,19770200
1976-12-15 23:00:00,134.5,19770400,134.5,19770400,133.5,19770200
1976-12-16 23:00:00,135.9,19770400,135.9,19770400,134.9,19770200
1976-12-17 23:00:00,132.9,19770400,132.9,19770400,132.0,19770200
1976-12-20 23:00:00,133.3,19770400,133.3,19770400,132.4,19770200
1976-12-21 23:00:00,136.1,19770400,136.1,19770400,135.2,19770200
1976-12-22 23:00:00,135.3,19770400,135.3,19770400,134.4,19770200
1976-12-23 23:00:00,134.8,19770400,134.8,19770400,133.9,19770200
1976-12-27 23:00:00,135.2,19770400,135.2,19770400,134.2,19770200
1976-12-28 23:00:00,135.5,19770400,135.5,19770400,134.5,19770200
1976-12-29 23:00:00,136.1,19770400,136.1,19770400,135.1,19770200
1976-12-30 23:00:00,136.7,19770400,136.7,19770400,135.7,19770200
1977-01-03 23:00:00,137.1,19770400,137.1,19770400,136.0,19770200
1977-01-04 23:00:00,137.5,19770400,137.5,19770400,136.4,19770200
1977-01-05 23:00:00,134.2,19770400,134.2,19770400,133.2,19770200
1977-01-06 23:00:00,134.6,19770400,134.6,19770400,133.6,19770200
1977-01-07 23:00:00,134.1,19770400,134.1,19770400,133.1,19770200
1977-01-10 23:00:00,128.5,19770400,128.5,19770400,127.6,19770200
1977-01-11 23:00:00,131.6,19770400,131.6,19770400,130.7,19770200
1977-01-12 23:00:00,132.6,19770400,132.6,19770400,131.7,19770200
1977-01-13 23:00:00,133.2,19770400,133.2,19770400,132.3,19770200
1977-01-14 23:00:00,132.4,19770400,132.4,19770400,131.6,19770200
1977-01-17 23:00:00,133.6,19770400,133.6,19770400,132.8,19770200
1977-01-18 23:00:00,133.3,19770400,133.3,19770400,132.5,19770200
1977-01-19 23:00:00,133.9,19770400,133.9,19770400,133.1,19770200
1977-01-20 23:00:00,133.9,19770400,133.9,19770400,133.1,19770200
1977-01-21 23:00:00,133.4,19770400,133.4,19770400,132.6,19770200
1977-01-24 23:00:00,133.7,19770400,133.7,19770400,132.8,19770200
1977-01-25 23:00:00,135.5,19770400,135.5,19770400,134.5,19770200
1977-01-26 23:00:00,132.7,19770400,132.7,19770400,131.7,19770200
1977-01-27 23:00:00,132.2,19770400,132.2,19770400,131.2,19770200
1977-01-28 23:00:00,132.9,19770400,132.9,19770400,131.9,19770200
1977-01-31 23:00:00,134.0,19770400,134.0,19770400,133.0,19770200
1977-02-01 23:00:00,134.6,19770600,134.6,19770600,133.5,19770400
1977-02-02 23:00:00,135.0,19770600,135.0,19770600,133.9,19770400
1977-02-03 23:00:00,134.6,19770600,134.6,19770600,133.6,19770400
1977-02-04 23:00:00,135.0,19770600,135.0,19770600,134.0,19770400
1977-02-07 23:00:00,137.5,19770600,137.5,19770600,136.4,19770400
1977-02-08 23:00:00,136.7,19770600,136.7,19770600,135.6,19770400
1977-02-09 23:00:00,138.2,19770600,138.2,19770600,137.1,19770400
1977-02-10 23:00:00,137.4,19770600,137.4,19770600,136.4,19770400
1977-02-11 23:00:00,138.0,19770600,138.0,19770600,137.0,19770400
1977-02-14 23:00:00,137.6,19770600,137.6,19770600,136.6,19770400
1977-02-15 23:00:00,137.3,19770600,137.3,19770600,136.3,19770400
1977-02-16 23:00:00,138.3,19770600,138.3,19770600,137.3,19770400
1977-02-17 23:00:00,138.8,19770600,138.8,19770600,137.7,19770400
1977-02-18 23:00:00,139.4,19770600,139.4,19770600,138.3,19770400
1977-02-22 23:00:00,141.0,19770600,141.0,19770600,139.8,19770400
1977-02-23 23:00:00,142.0,19770600,142.0,19770600,140.7,19770400
1977-02-24 23:00:00,143.4,19770600,143.4,19770600,142.1,19770400
1977-02-25 23:00:00,143.6,19770600,143.6,19770600,142.3,19770400
1977-02-28 23:00:00,146.0,19770600,146.0,19770600,144.6,19770400
1977-03-01 23:00:00,145.0,19770600,145.0,19770600,143.6,19770400
1977-03-02 23:00:00,148.9,19770600,148.9,19770600,147.4,19770400
1977-03-03 23:00:00,147.5,19770600,147.5,19770600,146.1,19770400
1977-03-04 23:00:00,149.7,19770600,149.7,19770600,148.2,19770400
1977-03-07 23:00:00,149.7,19770600,149.7,19770600,148.1,19770400
1977-03-08 23:00:00,149.6,19770600,149.6,19770600,148.1,19770400
1977-03-09 23:00:00,149.5,19770600,149.5,19770600,148.0,19770400
1977-03-10 23:00:00,148.3,19770600,148.3,19770600,146.7,19770400
1977-03-11 23:00:00,147.7,19770600,147.7,19770600,146.1,19770400
1977-03-14 23:00:00,147.2,19770600,147.2,19770600,145.7,19770400
1977-03-15 23:00:00,149.6,19770600,149.6,19770600,148.1,19770400
1977-03-16 23:00:00,150.7,19770600,150.7,19770600,149.1,19770400
1977-03-17 23:00:00,151.8,19770600,151.8,19770600,150.2,19770400
1977-03-18 23:00:00,152.6,19770600,152.6,19770600,151.0,19770400
1977-03-21 23:00:00,155.3,19770600,155.3,19770600,153.7,19770400
1977-03-22 23:00:00,152.6,19770600,152.6,19770600,151.0,19770400
1977-03-23 23:00:00,155.5,19770600,155.5,19770600,153.8,19770400
1977-03-24 23:00:00,154.6,19770600,154.6,19770600,153.0,19770400
1977-03-25 23:00:00,154.8,19770600,154.8,19770600,153.3,19770400
1977-03-28 23:00:00,151.5,19770600,151.5,19770600,149.8,19770400
1977-03-29 23:00:00,150.2,19770600,150.2,19770600,148.6,19770400
1977-03-30 23:00:00,153.0,19770800,153.0,19770800,151.5,19770600
1977-03-31 23:00:00,152.5,19770800,152.5,19770800,151.0,19770600
1977-04-01 23:00:00,153.7,19770800,153.7,19770800,152.2,19770600
1977-04-04 23:00:00,152.6,19770800,152.6,19770800,151.1,19770600
1977-04-05 23:00:00,149.1,19770800,149.1,19770800,147.7,19770600
1977-04-06 23:00:00,150.4,19770800,150.4,19770800,149.0,19770600
1977-04-07 23:00:00,151.0,19770800,151.0,19770800,149.5,19770600
1977-04-11 23:00:00,152.2,19770800,152.2,19770800,150.7,19770600
1977-04-12 23:00:00,152.8,19770800,152.8,19770800,151.3,19770600
1977-04-13 23:00:00,155.4,19770800,155.4,19770800,153.8,19770600
1977-04-14 23:00:00,154.9,19770800,154.9,19770800,153.3,19770600
1977-04-15 23:00:00,154.3,19770800,154.3,19770800,152.7,19770600
1977-04-18 23:00:00,153.9,19770800,153.9,19770800,152.3,19770600
1977-04-19 23:00:00,152.6,19770800,152.6,19770800,151.1,19770600
1977-04-20 23:00:00,150.7,19770800,150.7,19770800,149.2,19770600
1977-04-21 23:00:00,151.5,19770800,151.5,19770800,150.0,19770600
1977-04-22 23:00:00,151.6,19770800,151.6,19770800,150.1,19770600
1977-04-25 23:00:00,149.8,19770800,149.8,19770800,148.3,19770600
1977-04-26 23:00:00,148.1,19770800,148.1,19770800,146.7,19770600
1977-04-27 23:00:00,148.3,19770800,148.3,19770800,146.9,19770600
1977-04-28 23:00:00,147.5,19770800,147.5,19770800,146.2,19770600
1977-04-29 23:00:00,149.3,19770800,149.3,19770800,148.0,19770600
1977-05-02 23:00:00,151.0,19770800,151.0,19770800,149.6,19770600
1977-05-03 23:00:00,149.3,19770800,149.3,19770800,147.9,19770600
1977-05-04 23:00:00,149.3,19770800,149.3,19770800,148.0,19770600
1977-05-05 23:00:00,148.8,19770800,148.8,19770800,147.6,19770600
1977-05-06 23:00:00,149.8,19770800,149.8,19770800,148.5,19770600
1977-05-09 23:00:00,149.5,19770800,149.5,19770800,148.2,19770600
1977-05-10 23:00:00,149.3,19770800,149.3,19770800,148.0,19770600
1977-05-11 23:00:00,148.8,19770800,148.8,19770800,147.5,19770600
1977-05-12 23:00:00,149.3,19770800,149.3,19770800,148.0,19770600
1977-05-13 23:00:00,149.7,19770800,149.7,19770800,148.3,19770600
1977-05-16 23:00:00,150.0,19770800,150.0,19770800,148.5,19770600
1977-05-17 23:00:00,149.0,19770800,149.0,19770800,147.5,19770600
1977-05-18 23:00:00,148.3,19770800,148.3,19770800,146.8,19770600
1977-05-19 23:00:00,148.4,19770800,148.4,19770800,147.0,19770600
1977-05-20 23:00:00,148.3,19770800,148.3,19770800,146.9,19770600
1977-05-23 23:00:00,146.6,19770800,146.6,19770800,145.3,19770600
1977-05-24 23:00:00,145.3,19770800,145.3,19770800,144.0,19770600
1977-05-25 23:00:00,145.4,19770800,145.4,19770800,144.1,19770600
1977-05-26 23:00:00,143.8,19770800,143.8,19770800,142.6,19770600
1977-05-27 23:00:00,145.3,19770800,145.3,19770800,144.5,19770600
1977-05-31 23:00:00,144.3,19770800,144.3,19770800,143.5,19770600
1977-06-01 23:00:00,146.4,19771000,146.4,19771000,145.0,19770800
1977-06-02 23:00:00,144.9,19771000,144.9,19771000,143.5,19770800
1977-06-03 23:00:00,144.9,19771000,144.9,19771000,143.5,19770800
1977-06-06 23:00:00,145.6,19771000,145.6,19771000,144.2,19770800
1977-06-07 23:00:00,145.0,19771000,145.0,19771000,143.7,19770800
1977-06-08 23:00:00,144.1,19771000,144.1,19771000,142.8,19770800
1977-06-09 23:00:00,142.0,19771000,142.0,19771000,140.7,19770800
1977-06-10 23:00:00,143.4,19771000,143.4,19771000,142.1,19770800
1977-06-13 23:00:00,139.8,19771000,139.8,19771000,138.7,19770800
1977-06-14 23:00:00,139.0,19771000,139.0,19771000,137.9,19770800
1977-06-15 23:00:00,141.7,19771000,141.7,19771000,140.5,19770800
1977-06-16 23:00:00,141.5,19771000,141.5,19771000,140.3,19770800
1977-06-17 23:00:00,141.9,19771000,141.9,19771000,140.7,19770800
1977-06-20 23:00:00,142.3,19771000,142.3,19771000,141.1,19770800
1977-06-21 23:00:00,142.9,19771000,142.9,19771000,141.7,19770800
1977-06-22 23:00:00,141.9,19771000,141.9,19771000,140.7,19770800
1977-06-23 23:00:00,142.8,19771000,142.8,19771000,141.7,19770800
1977-06-24 23:00:00,143.0,19771000,143.0,19771000,141.9,19770800
1977-06-27 23:00:00,145.7,19771000,145.7,19771000,144.6,19770800
1977-06-28 23:00:00,144.2,19771000,144.2,19771000,143.0,19770800
1977-06-29 23:00:00,144.9,19771000,144.9,19771000,143.7,19770800
1977-06-30 23:00:00,144.8,19771000,144.8,19771000,143.6,19770800
1977-07-01 23:00:00,143.2,19771000,143.2,19771000,142.1,19770800
1977-07-05 23:00:00,142.0,19771000,142.0,19771000,140.9,19770800
1977-07-06 23:00:00,142.5,19771000,142.5,19771000,141.4,19770800
1977-07-07 23:00:00,143.0,19771000,143.0,19771000,141.9,19770800
1977-07-08 23:00:00,143.6,19771000,143.6,19771000,142.5,19770800
1977-07-11 23:00:00,142.7,19771000,142.7,19771000,141.6,19770800
1977-07-12 23:00:00,144.7,19771000,144.7,19771000,143.6,19770800
1977-07-13 23:00:00,146.2,19771000,146.2,19771000,145.0,19770800
1977-07-15 23:00:00,145.9,19771000,145.9,19771000,144.7,19770800
1977-07-18 23:00:00,147.0,19771000,147.0,19771000,145.8,19770800
1977-07-19 23:00:00,146.4,19771000,146.4,19771000,145.2,19770800
1977-07-20 23:00:00,146.0,19771000,146.0,19771000,144.8,19770800
1977-07-21 23:00:00,145.3,19771000,145.3,19771000,144.2,19770800
1977-07-22 23:00:00,146.4,19771000,146.4,19771000,145.3,19770800
1977-07-25 23:00:00,148.4,19771000,148.4,19771000,147.3,19770800
1977-07-26 23:00:00,147.8,19771000,147.8,19771000,146.7,19770800
1977-07-27 23:00:00,146.5,19771000,146.5,19771000,145.4,19770800
1977-07-28 23:00:00,145.1,19771000,145.1,19771000,144.0,19770800
1977-07-29 23:00:00,145.8,19771000,145.8,19771000,145.1,19770800
1977-08-01 23:00:00,148.2,19771200,148.2,19771200,146.9,19771000
1977-08-02 23:00:00,148.3,19771200,148.3,19771200,147.0,19771000
1977-08-03 23:00:00,149.1,19771200,149.1,19771200,147.8,19771000
1977-08-04 23:00:00,148.6,19771200,148.6,19771200,147.3,19771000
1977-08-05 23:00:00,149.2,19771200,149.2,19771200,147.9,19771000
1977-08-08 23:00:00,149.3,19771200,149.3,19771200,148.0,19771000
1977-08-09 23:00:00,148.5,19771200,148.5,19771200,147.2,19771000
1977-08-10 23:00:00,148.6,19771200,148.6,19771200,147.3,19771000
1977-08-11 23:00:00,148.6,19771200,148.6,19771200,147.3,19771000
1977-08-12 23:00:00,146.0,19771200,146.0,19771200,144.7,19771000
1977-08-15 23:00:00,144.7,19771200,144.7,19771200,143.4,19771000
1977-08-16 23:00:00,145.9,19771200,145.9,19771200,144.6,19771000
1977-08-17 23:00:00,146.4,19771200,146.4,19771200,145.1,19771000
1977-08-18 23:00:00,147.0,19771200,147.0,19771200,145.6,19771000
1977-08-19 23:00:00,146.8,19771200,146.8,19771200,145.5,19771000
1977-08-22 23:00:00,146.2,19771200,146.2,19771200,144.9,19771000
1977-08-23 23:00:00,146.4,19771200,146.4,19771200,145.1,19771000
1977-08-24 23:00:00,146.9,19771200,146.9,19771200,145.6,19771000
1977-08-25 23:00:00,146.4,19771200,146.4,19771200,145.1,19771000
1977-08-26 23:00:00,148.6,19771200,148.6,19771200,147.3,19771000
1977-08-29 23:00:00,148.1,19771200,148.1,19771200,146.8,19771000
1977-08-30 23:00:00,148.5,19771200,148.5,19771200,147.1,19771000
1977-08-31 23:00:00,148.1,19771200,148.1,19771200,146.7,19771000
1977-09-01 23:00:00,148.3,19771200,148.3,19771200,146.9,19771000
1977-09-02 23:00:00,150.8,19771200,150.8,19771200,149.4,19771000
1977-09-06 23:00:00,149.3,19771200,149.3,19771200,147.9,19771000
1977-09-07 23:00:00,150.6,19771200,150.6,19771200,149.2,19771000
1977-09-08 23:00:00,149.4,19771200,149.4,19771200,148.0,19771000
1977-09-09 23:00:00,150.4,19771200,150.4,19771200,149.0,19771000
1977-09-12 23:00:00,150.3,19771200,150.3,19771200,148.9,19771000
1977-09-13 23:00:00,150.0,19771200,150.0,19771200,148.6,19771000
1977-09-14 23:00:00,150.4,19771200,150.4,19771200,148.8,19771000
1977-09-15 23:00:00,150.3,19771200,150.3,19771200,148.7,19771000
1977-09-16 23:00:00,151.5,19771200,151.5,19771200,149.9,19771000
1977-09-19 23:00:00,152.0,19771200,152.0,19771200,150.4,19771000
1977-09-20 23:00:00,153.5,19771200,153.5,19771200,151.7,19771000
1977-09-21 23:00:00,154.0,19771200,154.0,19771200,152.2,19771000
1977-09-22 23:00:00,154.1,19771200,154.1,19771200,152.2,19771000
1977-09-23 23:00:00,154.0,19771200,154.0,19771200,152.1,19771000
1977-09-26 23:00:00,155.9,19771200,155.9,19771200,154.0,19771000
1977-09-27 23:00:00,155.3,19771200,155.3,19771200,153.4,19771000
1977-09-28 23:00:00,155.6,19771200,155.6,19771200,153.6,19771000
1977-09-29 23:00:00,157.4,19780200,157.4,19780200,156.0,19771200
1977-09-30 23:00:00,157.8,19780200,157.8,19780200,156.4,19771200
1977-10-03 23:00:00,159.2,19780200,159.2,19780200,157.8,19771200
1977-10-04 23:00:00,159.4,19780200,159.4,19780200,157.8,19771200
1977-10-05 23:00:00,158.4,19780200,158.4,19780200,156.8,19771200
1977-10-06 23:00:00,157.1,19780200,157.1,19780200,155.5,19771200
1977-10-07 23:00:00,158.9,19780200,158.9,19780200,157.3,19771200
1977-10-10 23:00:00,160.8,19780200,160.8,19780200,159.0,19771200
1977-10-11 23:00:00,162.1,19780200,162.1,19780200,160.2,19771200
1977-10-12 23:00:00,161.8,19780200,161.8,19780200,160.0,19771200
1977-10-13 23:00:00,161.3,19780200,161.3,19780200,159.5,19771200
1977-10-14 23:00:00,163.9,19780200,163.9,19780200,162.1,19771200
1977-10-17 23:00:00,165.9,19780200,165.9,19780200,164.1,19771200
1977-10-18 23:00:00,164.4,19780200,164.4,19780200,162.6,19771200
1977-10-19 23:00:00,162.0,19780200,162.0,19780200,160.2,19771200
1977-10-20 23:00:00,164.3,19780200,164.3,19780200,162.5,19771200
1977-10-21 23:00:00,166.1,19780200,166.1,19780200,164.3,19771200
1977-10-24 23:00:00,168.5,19780200,168.5,19780200,166.6,19771200
1977-10-25 23:00:00,168.5,19780200,168.5,19780200,166.5,19771200
1977-10-26 23:00:00,166.1,19780200,166.1,19780200,164.1,19771200
1977-10-27 23:00:00,163.6,19780200,163.6,19780200,161.7,19771200
1977-10-28 23:00:00,163.9,19780200,163.9,19780200,162.0,19771200
1977-10-31 23:00:00,164.7,19780200,164.7,19780200,162.7,19771200
1977-11-01 23:00:00,165.6,19780200,165.6,19780200,163.6,19771200
1977-11-02 23:00:00,165.4,19780200,165.4,19780200,163.4,19771200
1977-11-03 23:00:00,168.3,19780200,168.3,19780200,166.1,19771200
1977-11-04 23:00:00,170.6,19780200,170.6,19780200,168.3,19771200
1977-11-07 23:00:00,168.4,19780200,168.4,19780200,166.2,19771200
1977-11-08 23:00:00,169.7,19780200,169.7,19780200,167.5,19771200
1977-11-09 23:00:00,170.5,19780200,170.5,19780200,168.2,19771200
1977-11-10 23:00:00,170.9,19780200,170.9,19780200,168.7,19771200
1977-11-11 23:00:00,171.0,19780200,171.0,19780200,168.9,19771200
1977-11-14 23:00:00,166.2,19780200,166.2,19780200,164.3,19771200
1977-11-15 23:00:00,165.5,19780200,165.5,19780200,163.5,19771200
1977-11-16 23:00:00,160.3,19780200,160.3,19780200,158.4,19771200
1977-11-17 23:00:00,162.6,19780200,162.6,19780200,160.6,19771200
1977-11-18 23:00:00,163.6,19780200,163.6,19780200,161.5,19771200
1977-11-21 23:00:00,157.3,19780200,157.3,19780200,155.2,19771200
1977-11-22 23:00:00,157.9,19780200,157.9,19780200,155.9,19771200
1977-11-23 23:00:00,160.7,19780200,160.7,19780200,158.6,19771200
1977-11-25 23:00:00,161.8,19780200,161.8,19780200,159.5,19771200
1977-11-28 23:00:00,163.0,19780200,163.0,19780200,160.8,19771200
1977-11-29 23:00:00,162.8,19780200,162.8,19780200,160.6,19771200
1977-11-30 23:00:00,164.5,19780400,164.5,19780400,162.3,19780200
1977-12-01 23:00:00,161.6,19780400,161.6,19780400,159.6,19780200
1977-12-02 23:00:00,162.1,19780400,162.1,19780400,160.1,19780200
1977-12-05 23:00:00,163.7,19780400,163.7,19780400,161.7,19780200
1977-12-06 23:00:00,163.8,19780400,163.8,19780400,161.8,19780200
1977-12-07 23:00:00,165.7,19780400,165.7,19780400,163.6,19780200
1977-12-08 23:00:00,164.1,19780400,164.1,19780400,162.0,19780200
1977-12-09 23:00:00,162.1,19780400,162.1,19780400,160.0,19780200
1977-12-12 23:00:00,159.2,19780400,159.2,19780400,157.2,19780200
1977-12-13 23:00:00,161.5,19780400,161.5,19780400,159.5,19780200
1977-12-14 23:00:00,163.6,19780400,163.6,19780400,161.5,19780200
1977-12-15 23:00:00,163.6,19780400,163.6,19780400,161.5,19780200
1977-12-16 23:00:00,163.7,19780400,163.7,19780400,161.6,19780200
1977-12-19 23:00:00,162.9,19780400,162.9,19780400,160.8,19780200
1977-12-20 23:00:00,163.6,19780400,163.6,19780400,161.5,19780200
1977-12-21 23:00:00,163.3,19780400,163.3,19780400,161.2,19780200
1977-12-22 23:00:00,165.0,19780400,165.0,19780400,162.9,19780200
1977-12-23 23:00:00,166.8,19780400,166.8,19780400,164.7,19780200
1977-12-27 23:00:00,168.3,19780400,168.3,19780400,166.2,19780200
1977-12-28 23:00:00,168.3,19780400,168.3,19780400,166.2,19780200
1977-12-29 23:00:00,169.8,19780400,169.8,19780400,167.7,19780200
1977-12-30 23:00:00,169.6,19780400,169.6,19780400,167.5,19780200
1978-01-03 23:00:00,175.3,19780400,175.3,19780400,173.0,19780200
1978-01-04 23:00:00,170.2,19780400,170.2,19780400,168.0,19780200
1978-01-05 23:00:00,173.0,19780400,173.0,19780400,170.8,19780200
1978-01-06 23:00:00,173.6,19780400,173.6,19780400,171.3,19780200
1978-01-09 23:00:00,175.7,19780400,175.7,19780400,173.3,19780200
1978-01-10 23:00:00,175.2,19780400,175.2,19780400,172.8,19780200
1978-01-11 23:00:00,177.4,19780400,177.4,19780400,175.0,19780200
1978-01-12 23:00:00,175.0,19780400,175.0,19780400,172.6,19780200
1978-01-13 23:00:00,178.0,19780400,178.0,19780400,175.5,19780200
1978-01-16 23:00:00,178.7,19780400,178.7,19780400,176.2,19780200
1978-01-17 23:00:00,176.4,19780400,176.4,19780400,173.9,19780200
1978-01-18 23:00:00,174.8,19780400,174.8,19780400,172.3,19780200
1978-01-19 23:00:00,176.2,19780400,176.2,19780400,173.7,19780200
1978-01-23 23:00:00,179.4,19780400,179.4,19780400,176.8,19780200
1978-01-24 23:00:00,179.3,19780400,179.3,19780400,176.7,19780200
1978-01-25 23:00:00,179.2,19780400,179.2,19780400,176.6,19780200
1978-01-26 23:00:00,178.7,19780400,178.7,19780400,176.2,19780200
1978-01-27 23:00:00,177.3,19780400,177.3,19780400,174.8,19780200
1978-01-30 23:00:00,176.7,19780400,176.7,19780400,174.2,19780200
1978-01-31 23:00:00,181.5,19780600,181.5,19780600,178.9,19780400
1978-02-01 23:00:00,180.5,19780600,180.5,19780600,178.0,19780400
1978-02-02 23:00:00,178.6,19780600,178.6,19780600,176.2,19780400
1978-02-03 23:00:00,179.1,19780600,179.1,19780600,176.7,19780400
1978-02-06 23:00:00,179.9,19780600,179.9,19780600,177.5,19780400
1978-02-08 23:00:00,178.2,19780600,178.2,19780600,175.9,19780400
1978-02-09 23:00:00,178.8,19780600,178.8,19780600,176.4,19780400
1978-02-10 23:00:00,180.5,19780600,180.5,19780600,178.0,19780400
1978-02-13 23:00:00,182.3,19780600,182.3,19780600,179.7,19780400
1978-02-14 23:00:00,181.8,19780600,181.8,19780600,179.2,19780400
1978-02-15 23:00:00,184.6,19780600,184.6,19780600,182.0,19780400
1978-02-16 23:00:00,185.2,19780600,185.2,19780600,182.5,19780400
1978-02-17 23:00:00,183.9,19780600,183.9,19780600,181.2,19780400
1978-02-21 23:00:00,185.7,19780600,185.7,19780600,183.0,19780400
1978-02-22 23:00:00,184.7,19780600,184.7,19780600,182.0,19780400
1978-02-23 23:00:00,187.3,19780600,187.3,19780600,184.6,19780400
1978-02-24 23:00:00,184.2,19780600,184.2,19780600,181.5,19780400
1978-02-27 23:00:00,185.3,19780600,185.3,19780600,182.7,19780400
1978-02-28 23:00:00,187.1,19780600,187.1,19780600,184.4,19780400
1978-03-01 23:00:00,186.7,19780600,186.7,19780600,184.0,19780400
1978-03-02 23:00:00,187.7,19780600,187.7,19780600,185.0,19780400
1978-03-03 23:00:00,187.3,19780600,187.3,19780600,184.6,19780400
1978-03-06 23:00:00,189.8,19780600,189.8,19780600,187.1,19780400
1978-03-07 23:00:00,192.0,19780600,192.0,19780600,189.2,19780400
1978-03-08 23:00:00,193.5,19780600,193.5,19780600,190.7,19780400
1978-03-09 23:00:00,190.8,19780600,190.8,19780600,188.1,19780400
1978-03-10 23:00:00,191.6,19780600,191.6,19780600,188.9,19780400
1978-03-13 23:00:00,192.2,19780600,192.2,19780600,189.4,19780400
1978-03-14 23:00:00,188.9,19780600,188.9,19780600,186.2,19780400
1978-03-15 23:00:00,186.3,19780600,186.3,19780600,183.7,19780400
1978-03-16 23:00:00,188.3,19780600,188.3,19780600,185.7,19780400
1978-03-17 23:00:00,184.5,19780600,184.5,19780600,181.9,19780400
1978-03-20 23:00:00,178.5,19780600,178.5,19780600,176.0,19780400
1978-03-21 23:00:00,179.7,19780600,179.7,19780600,177.2,19780400
1978-03-22 23:00:00,182.9,19780600,182.9,19780600,180.3,19780400
1978-03-23 23:00:00,183.4,19780600,183.4,19780600,180.8,19780400
1978-03-27 23:00:00,185.8,19780600,185.8,19780600,183.2,19780400
1978-03-28 23:00:00,185.1,19780600,185.1,19780600,182.6,19780400
1978-03-29 23:00:00,181.7,19780600,181.7,19780600,179.3,19780400
1978-03-30 23:00:00,185.4,19780800,185.4,19780800,182.9,19780600
1978-03-31 23:00:00,188.7,19780800,188.7,19780800,186.2,19780600
1978-04-03 23:00:00,182.3,19780800,182.3,19780800,179.8,19780600
1978-04-04 23:00:00,181.6,19780800,181.6,19780800,179.2,19780600
1978-04-05 23:00:00,182.8,19780800,182.8,19780800,180.4,19780600
1978-04-06 23:00:00,185.0,19780800,185.0,19780800,182.5,19780600
1978-04-07 23:00:00,181.9,19780800,181.9,19780800,179.5,19780600
1978-04-10 23:00:00,182.9,19780800,182.9,19780800,180.5,19780600
1978-04-11 23:00:00,184.4,19780800,184.4,19780800,182.0,19780600
1978-04-12 23:00:00,183.6,19780800,183.6,19780800,181.2,19780600
1978-04-13 23:00:00,182.0,19780800,182.0,19780800,179.6,19780600
1978-04-14 23:00:00,180.6,19780800,180.6,19780800,178.3,19780600
1978-04-17 23:00:00,175.1,19780800,175.1,19780800,173.0,19780600
1978-04-18 23:00:00,176.7,19780800,176.7,19780800,174.6,19780600
1978-04-19 23:00:00,176.4,19780800,176.4,19780800,174.3,19780600
1978-04-20 23:00:00,173.5,19780800,173.5,19780800,171.4,19780600
1978-04-21 23:00:00,173.6,19780800,173.6,19780800,171.5,19780600
1978-04-24 23:00:00,170.4,19780800,170.4,19780800,168.4,19780600
1978-04-25 23:00:00,170.4,19780800,170.4,19780800,168.4,19780600
1978-04-26 23:00:00,171.4,19780800,171.4,19780800,169.4,19780600
1978-04-27 23:00:00,173.7,19780800,173.7,19780800,171.7,19780600
1978-04-28 23:00:00,172.7,19780800,172.7,19780800,170.6,19780600
1978-05-01 23:00:00,171.9,19780800,171.9,19780800,169.8,19780600
1978-05-02 23:00:00,172.8,19780800,172.8,19780800,170.7,19780600
1978-05-03 23:00:00,174.3,19780800,174.3,19780800,172.2,19780600
1978-05-04 23:00:00,176.3,19780800,176.3,19780800,174.1,19780600
1978-05-05 23:00:00,176.2,19780800,176.2,19780800,174.0,19780600
1978-05-08 23:00:00,174.7,19780800,174.7,19780800,172.6,19780600
1978-05-09 23:00:00,174.9,19780800,174.9,19780800,172.8,19780600
1978-05-10 23:00:00,177.1,19780800,177.1,19780800,174.9,19780600
1978-05-11 23:00:00,176.6,19780800,176.6,19780800,174.4,19780600
1978-05-12 23:00:00,176.6,19780800,176.6,19780800,174.4,19780600
1978-05-15 23:00:00,178.9,19780800,178.9,19780800,176.6,19780600
1978-05-16 23:00:00,179.9,19780800,179.9,19780800,177.6,19780600
1978-05-17 23:00:00,179.5,19780800,179.5,19780800,177.2,19780600
1978-05-18 23:00:00,181.4,19780800,181.4,19780800,179.0,19780600
1978-05-19 23:00:00,181.0,19780800,181.0,19780800,178.6,19780600
1978-05-22 23:00:00,182.3,19780800,182.3,19780800,179.9,19780600
1978-05-23 23:00:00,184.4,19780800,184.4,19780800,181.8,19780600
1978-05-24 23:00:00,182.0,19780800,182.0,19780800,179.4,19780600
1978-05-25 23:00:00,182.9,19780800,182.9,19780800,180.3,19780600
1978-05-26 23:00:00,182.6,19780800,182.6,19780800,179.8,19780600
1978-05-30 23:00:00,186.6,19780800,186.6,19780800,183.9,19780600
1978-05-31 23:00:00,189.9,19781000,189.9,19781000,187.0,19780800
1978-06-01 23:00:00,189.6,19781000,189.6,19781000,186.7,19780800
1978-06-02 23:00:00,188.0,19781000,188.0,19781000,185.2,19780800
1978-06-05 23:00:00,186.8,19781000,186.8,19781000,184.0,19780800
1978-06-06 23:00:00,187.1,19781000,187.1,19781000,184.3,19780800
1978-06-07 23:00:00,185.4,19781000,185.4,19781000,182.7,19780800
1978-06-08 23:00:00,186.7,19781000,186.7,19781000,184.0,19780800
1978-06-09 23:00:00,186.2,19781000,186.2,19781000,183.5,19780800
1978-06-12 23:00:00,186.0,19781000,186.0,19781000,183.3,19780800
1978-06-13 23:00:00,188.3,19781000,188.3,19781000,185.5,19780800
1978-06-14 23:00:00,187.8,19781000,187.8,19781000,185.0,19780800
1978-06-15 23:00:00,188.7,19781000,188.7,19781000,185.9,19780800
1978-06-16 23:00:00,190.4,19781000,190.4,19781000,187.5,19780800
1978-06-19 23:00:00,191.3,19781000,191.3,19781000,188.3,19780800
1978-06-20 23:00:00,190.7,19781000,190.7,19781000,187.7,19780800
1978-06-21 23:00:00,190.6,19781000,190.6,19781000,187.6,19780800
1978-06-22 23:00:00,190.9,19781000,190.9,19781000,188.0,19780800
1978-06-23 23:00:00,190.4,19781000,190.4,19781000,187.4,19780800
1978-06-26 23:00:00,189.4,19781000,189.4,19781000,186.5,19780800
1978-06-27 23:00:00,189.4,19781000,189.4,19781000,186.5,19780800
1978-06-28 23:00:00,188.9,19781000,188.9,19781000,186.0,19780800
1978-06-29 23:00:00,186.6,19781000,186.6,19781000,183.9,19780800
1978-06-30 23:00:00,186.3,19781000,186.3,19781000,183.7,19780800
1978-07-03 23:00:00,187.5,19781000,187.5,19781000,184.8,19780800
1978-07-05 23:00:00,187.6,19781000,187.6,19781000,184.9,19780800
1978-07-06 23:00:00,186.5,19781000,186.5,19781000,183.9,19780800
1978-07-07 23:00:00,189.2,19781000,189.2,19781000,186.5,19780800
1978-07-10 23:00:00,190.1,19781000,190.1,19781000,187.2,19780800
1978-07-11 23:00:00,189.5,19781000,189.5,19781000,186.6,19780800
1978-07-12 23:00:00,190.1,19781000,190.1,19781000,187.2,19780800
1978-07-13 23:00:00,189.0,19781000,189.0,19781000,186.1,19780800
1978-07-14 23:00:00,189.5,19781000,189.5,19781000,186.6,19780800
1978-07-17 23:00:00,187.5,19781000,187.5,19781000,184.8,19780800
1978-07-18 23:00:00,188.7,19781000,188.7,19781000,186.0,19780800
1978-07-19 23:00:00,190.2,19781000,190.2,19781000,187.4,19780800
1978-07-20 23:00:00,195.2,19781000,195.2,19781000,192.2,19780800
1978-07-21 23:00:00,199.4,19781000,199.4,19781000,196.3,19780800
1978-07-24 23:00:00,196.9,19781000,196.9,19781000,193.8,19780800
1978-07-25 23:00:00,198.6,19781000,198.6,19781000,195.5,19780800
1978-07-26 23:00:00,198.1,19781000,198.1,19781000,195.0,19780800
1978-07-27 23:00:00,201.3,19781000,201.3,19781000,198.2,19780800
1978-07-28 23:00:00,203.7,19781000,203.7,19781000,200.6,19780800
1978-07-31 23:00:00,206.6,19781000,206.6,19781000,203.6,19780800
1978-08-01 23:00:00,207.5,19781200,207.5,19781200,204.3,19781000
1978-08-02 23:00:00,208.4,19781200,208.4,19781200,205.2,19781000
1978-08-03 23:00:00,205.7,19781200,205.7,19781200,202.6,19781000
1978-08-04 23:00:00,209.6,19781200,209.6,19781200,206.5,19781000
1978-08-07 23:00:00,213.1,19781200,213.1,19781200,209.9,19781000
1978-08-08 23:00:00,214.0,19781200,214.0,19781200,210.8,19781000
1978-08-09 23:00:00,210.8,19781200,210.8,19781200,207.6,19781000
1978-08-10 23:00:00,215.3,19781200,215.3,19781200,212.1,19781000
1978-08-11 23:00:00,216.0,19781200,216.0,19781200,212.7,19781000
1978-08-14 23:00:00,220.3,19781200,220.3,19781200,217.0,19781000
1978-08-15 23:00:00,218.0,19781200,218.0,19781200,214.8,19781000
1978-08-16 23:00:00,217.3,19781200,217.3,19781200,214.1,19781000
1978-08-17 23:00:00,211.7,19781200,211.7,19781200,208.6,19781000
1978-08-18 23:00:00,212.7,19781200,212.7,19781200,209.7,19781000
1978-08-21 23:00:00,212.7,19781200,212.7,19781200,209.7,19781000
1978-08-22 23:00:00,209.5,19781200,209.5,19781200,206.5,19781000
1978-08-23 23:00:00,207.1,19781200,207.1,19781200,204.1,19781000
1978-08-24 23:00:00,204.8,19781200,204.8,19781200,201.8,19781000
1978-08-25 23:00:00,202.6,19781200,202.6,19781200,199.6,19781000
1978-08-28 23:00:00,202.8,19781200,202.8,19781200,199.8,19781000
1978-08-29 23:00:00,211.4,19781200,211.4,19781200,208.4,19781000
1978-08-30 23:00:00,211.6,19781200,211.6,19781200,208.6,19781000
1978-08-31 23:00:00,210.6,19781200,210.6,19781200,207.6,19781000
1978-09-01 23:00:00,215.5,19781200,215.5,19781200,212.5,19781000
1978-09-05 23:00:00,217.6,19781200,217.6,19781200,214.5,19781000
1978-09-06 23:00:00,216.5,19781200,216.5,19781200,213.3,19781000
1978-09-07 23:00:00,211.3,19781200,211.3,19781200,208.2,19781000
1978-09-08 23:00:00,210.2,19781200,210.2,19781200,207.1,19781000
1978-09-11 23:00:00,210.4,19781200,210.4,19781200,207.3,19781000
1978-09-12 23:00:00,211.5,19781200,211.5,19781200,208.4,19781000
1978-09-13 23:00:00,215.6,19781200,215.6,19781200,212.5,19781000
1978-09-14 23:00:00,214.2,19781200,214.2,19781200,211.1,19781000
1978-09-15 23:00:00,214.5,19781200,214.5,19781200,211.4,19781000
1978-09-18 23:00:00,216.3,19781200,216.3,19781200,213.2,19781000
1978-09-19 23:00:00,214.4,19781200,214.4,19781200,211.1,19781000
1978-09-20 23:00:00,219.4,19781200,219.4,19781200,216.0,19781000
1978-09-21 23:00:00,220.1,19781200,220.1,19781200,216.6,19781000
1978-09-22 23:00:00,222.8,19781200,222.8,19781200,219.3,19781000
1978-09-25 23:00:00,221.7,19781200,221.7,19781200,218.3,19781000
1978-09-26 23:00:00,219.7,19781200,219.7,19781200,216.3,19781000
1978-09-27 23:00:00,222.3,19781200,222.3,19781200,219.0,19781000
1978-09-28 23:00:00,221.4,19781200,221.4,19781200,218.1,19781000
1978-09-29 23:00:00,224.5,19790200,224.5,19790200,220.9,19781200
1978-10-02 23:00:00,226.7,19790200,226.7,19790200,223.1,19781200
1978-10-03 23:00:00,230.0,19790200,230.0,19790200,226.4,19781200
1978-10-04 23:00:00,230.7,19790200,230.7,19790200,227.0,19781200
1978-10-05 23:00:00,230.9,19790200,230.9,19790200,227.2,19781200
1978-10-06 23:00:00,229.1,19790200,229.1,19790200,225.5,19781200
1978-10-09 23:00:00,230.7,19790200,230.7,19790200,227.1,19781200
1978-10-10 23:00:00,231.5,19790200,231.5,19790200,227.9,19781200
1978-10-11 23:00:00,234.4,19790200,234.4,19790200,230.7,19781200
1978-10-12 23:00:00,229.9,19790200,229.9,19790200,226.3,19781200
1978-10-13 23:00:00,230.5,19790200,230.5,19790200,226.9,19781200
1978-10-16 23:00:00,233.2,19790200,233.2,19790200,229.6,19781200
1978-10-17 23:00:00,234.8,19790200,234.8,19790200,231.1,19781200
1978-10-18 23:00:00,234.6,19790200,234.6,19790200,230.9,19781200
1978-10-19 23:00:00,231.4,19790200,231.4,19790200,227.7,19781200
1978-10-20 23:00:00,233.7,19790200,233.7,19790200,230.0,19781200
1978-10-23 23:00:00,231.5,19790200,231.5,19790200,227.8,19781200
1978-10-24 23:00:00,233.6,19790200,233.6,19790200,229.8,19781200
1978-10-25 23:00:00,239.4,19790200,239.4,19790200,235.5,19781200
1978-10-26 23:00:00,240.5,19790200,240.5,19790200,236.5,19781200
1978-10-27 23:00:00,243.5,19790200,243.5,19790200,239.4,19781200
1978-10-30 23:00:00,251.2,19790200,251.2,19790200,247.0,19781200
1978-10-31 23:00:00,244.8,19790200,244.8,19790200,240.7,19781200
1978-11-01 23:00:00,234.8,19790200,234.8,19790200,230.7,19781200
1978-11-02 23:00:00,224.8,19790200,224.8,19790200,220.7,19781200
1978-11-03 23:00:00,218.9,19790200,218.9,19790200,215.0,19781200
1978-11-06 23:00:00,217.1,19790200,217.1,19790200,213.2,19781200
1978-11-08 23:00:00,222.3,19790200,222.3,19790200,218.3,19781200
1978-11-09 23:00:00,212.4,19790200,212.4,19790200,208.5,19781200
1978-11-10 23:00:00,214.1,19790200,214.1,19790200,210.2,19781200
1978-11-13 23:00:00,215.2,19790200,215.2,19790200,211.2,19781200
1978-11-14 23:00:00,213.0,19790200,213.0,19790200,209.0,19781200
1978-11-15 23:00:00,203.0,19790200,203.0,19790200,199.1,19781200
1978-11-16 23:00:00,203.2,19790200,203.2,19790200,199.3,19781200
1978-11-17 23:00:00,203.9,19790200,203.9,19790200,200.0,19781200
1978-11-20 23:00:00,201.8,19790200,201.8,19790200,198.3,19781200
1978-11-21 23:00:00,201.4,19790200,201.4,19790200,197.9,19781200
1978-11-22 23:00:00,205.0,19790200,205.0,19790200,201.4,19781200
1978-11-27 23:00:00,200.4,19790200,200.4,19790200,196.6,19781200
1978-11-28 23:00:00,196.2,19790200,196.2,19790200,192.6,19781200
1978-11-29 23:00:00,199.1,19790400,199.1,19790400,195.4,19790200
1978-11-30 23:00:00,200.1,19790400,200.1,19790400,196.4,19790200
1978-12-01 23:00:00,203.8,19790400,203.8,19790400,200.1,19790200
1978-12-04 23:00:00,203.5,19790400,203.5,19790400,199.9,19790200
1978-12-05 23:00:00,202.7,19790400,202.7,19790400,199.1,19790200
1978-12-06 23:00:00,204.5,19790400,204.5,19790400,200.9,19790200
1978-12-07 23:00:00,205.8,19790400,205.8,19790400,202.2,19790200
1978-12-08 23:00:00,211.3,19790400,211.3,19790400,207.6,19790200
1978-12-11 23:00:00,209.9,19790400,209.9,19790400,206.2,19790200
1978-12-12 23:00:00,212.1,19790400,212.1,19790400,208.3,19790200
1978-12-13 23:00:00,208.3,19790400,208.3,19790400,204.6,19790200
1978-12-14 23:00:00,210.9,19790400,210.9,19790400,207.1,19790200
1978-12-15 23:00:00,211.9,19790400,211.9,19790400,208.1,19790200
1978-12-18 23:00:00,221.5,19790400,221.5,19790400,217.6,19790200
1978-12-19 23:00:00,227.6,19790400,227.6,19790400,223.7,19790200
1978-12-20 23:00:00,221.5,19790400,221.5,19790400,217.6,19790200
1978-12-21 23:00:00,221.5,19790400,221.5,19790400,217.6,19790200
1978-12-22 23:00:00,220.6,19790400,220.6,19790400,216.7,19790200
1978-12-26 23:00:00,225.5,19790400,225.5,19790400,221.6,19790200
1978-12-27 23:00:00,228.8,19790400,228.8,19790400,224.8,19790200
1978-12-28 23:00:00,229.2,19790400,229.2,19790400,225.1,19790200
1978-12-29 23:00:00,233.1,19790400,233.1,19790400,229.0,19790200
1979-01-02 23:00:00,228.2,19790400,228.2,19790400,224.1,19790200
1979-01-03 23:00:00,227.1,19790400,227.1,19790400,223.0,19790200
1979-01-04 23:00:00,231.0,19790400,231.0,19790400,226.9,19790200
1979-01-05 23:00:00,228.9,19790400,228.9,19790400,224.8,19790200
1979-01-08 23:00:00,230.9,19790400,230.9,19790400,226.7,19790200
1979-01-09 23:00:00,226.2,19790400,226.2,19790400,222.0,19790200
1979-01-10 23:00:00,227.6,19790400,227.6,19790400,223.4,19790200
1979-01-11 23:00:00,222.7,19790400,222.7,19790400,218.6,19790200
1979-01-12 23:00:00,223.4,19790400,223.4,19790400,219.4,19790200
1979-01-15 23:00:00,224.0,19790400,224.0,19790400,220.0,19790200
1979-01-16 23:00:00,230.5,19790400,230.5,19790400,226.3,19790200
1979-01-17 23:00:00,231.8,19790400,231.8,19790400,227.4,19790200
1979-01-18 23:00:00,235.2,19790400,235.2,19790400,230.8,19790200
1979-01-19 23:00:00,237.0,19790400,237.0,19790400,232.6,19790200
1979-01-22 23:00:00,235.7,19790400,235.7,19790400,231.3,19790200
1979-01-23 23:00:00,237.7,19790400,237.7,19790400,233.3,19790200
1979-01-24 23:00:00,242.7,19790400,242.7,19790400,238.2,19790200
1979-01-25 23:00:00,239.0,19790400,239.0,19790400,234.5,19790200
1979-01-26 23:00:00,240.2,19790400,240.2,19790400,235.8,19790200
1979-01-29 23:00:00,236.2,19790400,236.2,19790400,232.2,19790200
1979-01-30 23:00:00,238.0,19790400,238.0,19790400,233.6,19790200
1979-01-31 23:00:00,240.7,19790600,240.7,19790600,236.6,19790400
1979-02-01 23:00:00,239.3,19790600,239.3,19790600,235.2,19790400
1979-02-02 23:00:00,246.8,19790600,246.8,19790600,242.5,19790400
1979-02-05 23:00:00,255.0,19790600,255.0,19790600,250.4,19790400
1979-02-06 23:00:00,251.5,19790600,251.5,19790600,247.0,19790400
1979-02-07 23:00:00,261.5,19790600,261.5,19790600,257.0,19790400
1979-02-08 23:00:00,251.5,19790600,251.5,19790600,247.0,19790400
1979-02-09 23:00:00,251.7,19790600,251.7,19790600,247.3,19790400
1979-02-12 23:00:00,253.0,19790600,253.0,19790600,248.6,19790400
1979-02-13 23:00:00,246.2,19790600,246.2,19790600,241.9,19790400
1979-02-14 23:00:00,253.4,19790600,253.4,19790600,249.0,19790400
1979-02-15 23:00:00,252.7,19790600,252.7,19790600,248.0,19790400
1979-02-16 23:00:00,255.1,19790600,255.1,19790600,250.6,19790400
1979-02-20 23:00:00,257.3,19790600,257.3,19790600,252.7,19790400
1979-02-21 23:00:00,257.2,19790600,257.2,19790600,252.6,19790400
1979-02-22 23:00:00,258.5,19790600,258.5,19790600,253.8,19790400
1979-02-23 23:00:00,260.4,19790600,260.4,19790600,255.7,19790400
1979-02-26 23:00:00,252.2,19790600,252.2,19790600,247.7,19790400
1979-02-27 23:00:00,255.8,19790600,255.8,19790600,251.2,19790400
1979-02-28 23:00:00,257.5,19790600,257.5,19790600,252.9,19790400
1979-03-01 23:00:00,256.6,19790600,256.6,19790600,252.0,19790400
1979-03-02 23:00:00,247.5,19790600,247.5,19790600,243.2,19790400
1979-03-05 23:00:00,240.8,19790600,240.8,19790600,236.7,19790400
1979-03-06 23:00:00,243.9,19790600,243.9,19790600,239.7,19790400
1979-03-07 23:00:00,246.7,19790600,246.7,19790600,242.5,19790400
1979-03-08 23:00:00,244.3,19790600,244.3,19790600,240.1,19790400
1979-03-09 23:00:00,245.9,19790600,245.9,19790600,241.6,19790400
1979-03-12 23:00:00,244.3,19790600,244.3,19790600,240.2,19790400
1979-03-13 23:00:00,244.4,19790600,244.4,19790600,240.3,19790400
1979-03-14 23:00:00,244.4,19790600,244.4,19790600,240.3,19790400
1979-03-15 23:00:00,248.3,19790600,248.3,19790600,244.0,19790400
1979-03-16 23:00:00,248.0,19790600,248.0,19790600,243.7,19790400
1979-03-19 23:00:00,248.4,19790600,248.4,19790600,244.1,19790400
1979-03-20 23:00:00,243.7,19790600,243.7,19790600,239.5,19790400
1979-03-21 23:00:00,247.4,19790600,247.4,19790600,243.0,19790400
1979-03-22 23:00:00,246.6,19790600,246.6,19790600,242.1,19790400
1979-03-23 23:00:00,246.4,19790600,246.4,19790600,241.8,19790400
1979-03-26 23:00:00,251.0,19790600,251.0,19790600,246.2,19790400
1979-03-27 23:00:00,247.6,19790600,247.6,19790600,242.8,19790400
1979-03-28 23:00:00,246.9,19790600,246.9,19790600,242.3,19790400
1979-03-29 23:00:00,243.9,19790600,243.9,19790600,239.6,19790400
1979-03-30 23:00:00,248.0,19790800,248.0,19790800,243.8,19790600
1979-04-02 23:00:00,248.0,19790800,248.0,19790800,243.8,19790600
1979-04-03 23:00:00,246.9,19790800,246.9,19790800,242.8,19790600
1979-04-04 23:00:00,249.5,19790800,249.5,19790800,245.3,19790600
1979-04-05 23:00:00,247.6,19790800,247.6,19790800,243.5,19790600
1979-04-06 23:00:00,248.4,19790800,248.4,19790800,244.3,19790600
1979-04-09 23:00:00,247.3,19790800,247.3,19790800,243.2,19790600
1979-04-10 23:00:00,246.5,19790800,246.5,19790800,242.4,19790600
1979-04-11 23:00:00,239.3,19790800,239.3,19790800,235.3,19790600
1979-04-12 23:00:00,239.6,19790800,239.6,19790800,235.6,19790600
1979-04-16 23:00:00,237.1,19790800,237.1,19790800,233.1,19790600
1979-04-17 23:00:00,239.7,19790800,239.7,19790800,235.6,19790600
1979-04-18 23:00:00,246.7,19790800,246.7,19790800,242.5,19790600
1979-04-19 23:00:00,244.7,19790800,244.7,19790800,240.5,19790600
1979-04-20 23:00:00,243.1,19790800,243.1,19790800,239.0,19790600
1979-04-23 23:00:00,247.9,19790800,247.9,19790800,243.8,19790600
1979-04-24 23:00:00,248.3,19790800,248.3,19790800,244.2,19790600
1979-04-25 23:00:00,249.5,19790800,249.5,19790800,245.4,19790600
1979-04-26 23:00:00,249.2,19790800,249.2,19790800,245.1,19790600
1979-04-27 23:00:00,252.9,19790800,252.9,19790800,248.5,19790600
1979-04-30 23:00:00,253.6,19790800,253.6,19790800,249.2,19790600
1979-05-01 23:00:00,252.1,19790800,252.1,19790800,247.8,19790600
1979-05-02 23:00:00,252.8,19790800,252.8,19790800,248.5,19790600
1979-05-03 23:00:00,253.9,19790800,253.9,19790800,249.5,19790600
1979-05-04 23:00:00,254.8,19790800,254.8,19790800,250.3,19790600
1979-05-07 23:00:00,256.3,19790800,256.3,19790800,251.7,19790600
1979-05-08 23:00:00,252.2,19790800,252.2,19790800,247.7,19790600
1979-05-09 23:00:00,256.9,19790800,256.9,19790800,252.3,19790600
1979-05-10 23:00:00,257.2,19790800,257.2,19790800,252.6,19790600
1979-05-11 23:00:00,254.4,19790800,254.4,19790800,249.8,19790600
1979-05-14 23:00:00,258.9,19790800,258.9,19790800,254.2,19790600
1979-05-15 23:00:00,260.5,19790800,260.5,19790800,255.8,19790600
1979-05-16 23:00:00,263.4,19790800,263.4,19790800,258.7,19790600
1979-05-17 23:00:00,264.4,19790800,264.4,19790800,259.7,19790600
1979-05-18 23:00:00,264.8,19790800,264.8,19790800,260.0,19790600
1979-05-21 23:00:00,272.4,19790800,272.4,19790800,267.5,19790600
1979-05-22 23:00:00,270.6,19790800,270.6,19790800,265.8,19790600
1979-05-23 23:00:00,269.5,19790800,269.5,19790800,264.7,19790600
1979-05-24 23:00:00,270.4,19790800,270.4,19790800,265.6,19790600
1979-05-25 23:00:00,275.3,19790800,275.3,19790800,270.5,19790600
1979-05-29 23:00:00,274.4,19790800,274.4,19790800,269.6,19790600
1979-05-30 23:00:00,276.3,19790800,276.3,19790800,271.6,19790600
1979-05-31 23:00:00,285.9,19791000,285.9,19791000,281.1,19790800
1979-06-01 23:00:00,281.6,19791000,281.6,19791000,276.9,19790800
1979-06-04 23:00:00,284.6,19791000,284.6,19791000,279.9,19790800
1979-06-05 23:00:00,288.7,19791000,288.7,19791000,283.9,19790800
1979-06-06 23:00:00,289.1,19791000,289.1,19791000,284.3,19790800
1979-06-07 23:00:00,286.3,19791000,286.3,19791000,281.6,19790800
1979-06-08 23:00:00,289.3,19791000,289.3,19791000,284.6,19790800
1979-06-11 23:00:00,289.3,19791000,289.3,19791000,284.6,19790800
1979-06-12 23:00:00,283.9,19791000,283.9,19791000,279.4,19790800
1979-06-13 23:00:00,287.4,19791000,287.4,19791000,283.0,19790800
1979-06-14 23:00:00,285.6,19791000,285.6,19791000,281.1,19790800
1979-06-15 23:00:00,287.7,19791000,287.7,19791000,283.1,19790800
1979-06-18 23:00:00,285.8,19791000,285.8,19791000,281.2,19790800
1979-06-19 23:00:00,289.9,19791000,289.9,19791000,285.0,19790800
1979-06-20 23:00:00,287.5,19791000,287.5,19791000,282.6,19790800
1979-06-21 23:00:00,289.4,19791000,289.4,19791000,284.5,19790800
1979-06-22 23:00:00,289.5,19791000,289.5,19791000,284.6,19790800
1979-06-25 23:00:00,291.5,19791000,291.5,19791000,286.5,19790800
1979-06-26 23:00:00,286.7,19791000,286.7,19791000,281.9,19790800
1979-06-27 23:00:00,284.8,19791000,284.8,19791000,280.0,19790800
1979-06-28 23:00:00,285.0,19791000,285.0,19791000,280.3,19790800
1979-06-29 23:00:00,288.6,19791000,288.6,19791000,283.8,19790800
1979-07-02 23:00:00,289.1,19791000,289.1,19791000,284.0,19790800
1979-07-03 23:00:00,291.0,19791000,291.0,19791000,285.8,19790800
1979-07-05 23:00:00,298.2,19791000,298.2,19791000,292.8,19790800
1979-07-06 23:00:00,296.2,19791000,296.2,19791000,290.9,19790800
1979-07-09 23:00:00,298.3,19791000,298.3,19791000,293.0,19790800
1979-07-10 23:00:00,297.6,19791000,297.6,19791000,292.3,19790800
1979-07-11 23:00:00,298.5,19791000,298.5,19791000,293.0,19790800
1979-07-12 23:00:00,296.6,19791000,296.6,19791000,291.2,19790800
1979-07-13 23:00:00,296.1,19791000,296.1,19791000,290.8,19790800
1979-07-16 23:00:00,302.6,19791000,302.6,19791000,297.0,19790800
1979-07-17 23:00:00,304.5,19791000,304.5,19791000,299.0,19790800
1979-07-18 23:00:00,307.2,19791000,307.2,19791000,301.8,19790800
1979-07-19 23:00:00,306.8,19791000,306.8,19791000,301.4,19790800
1979-07-20 23:00:00,308.1,19791000,308.1,19791000,302.5,19790800
1979-07-23 23:00:00,311.6,19791000,311.6,19791000,305.7,19790800
1979-07-24 23:00:00,312.9,19791000,312.9,19791000,307.1,19790800
1979-07-25 23:00:00,310.7,19791000,310.7,19791000,304.9,19790800
1979-07-26 23:00:00,311.4,19791000,311.4,19791000,305.6,19790800
1979-07-27 23:00:00,311.6,19791000,311.6,19791000,305.9,19790800
1979-07-30 23:00:00,301.6,19791000,301.6,19791000,296.2,19790800
1979-07-31 23:00:00,297.3,19791200,297.3,19791200,291.6,19791000
1979-08-01 23:00:00,300.9,19791200,300.9,19791200,295.4,19791000
1979-08-02 23:00:00,295.5,19791200,295.5,19791200,290.3,19791000
1979-08-03 23:00:00,295.8,19791200,295.8,19791200,290.6,19791000
1979-08-06 23:00:00,290.4,19791200,290.4,19791200,285.4,19791000
1979-08-07 23:00:00,294.2,19791200,294.2,19791200,289.2,19791000
1979-08-08 23:00:00,303.0,19791200,303.0,19791200,297.9,19791000
1979-08-09 23:00:00,309.1,19791200,309.1,19791200,303.9,19791000
1979-08-10 23:00:00,312.7,19791200,312.7,19791200,307.4,19791000
1979-08-13 23:00:00,305.8,19791200,305.8,19791200,300.7,19791000
1979-08-14 23:00:00,308.8,19791200,308.8,19791200,303.4,19791000
1979-08-15 23:00:00,309.6,19791200,309.6,19791200,304.1,19791000
1979-08-16 23:00:00,310.2,19791200,310.2,19791200,304.7,19791000
1979-08-17 23:00:00,307.3,19791200,307.3,19791200,301.7,19791000
1979-08-20 23:00:00,307.0,19791200,307.0,19791200,301.3,19791000
1979-08-21 23:00:00,316.2,19791200,316.2,19791200,310.2,19791000
1979-08-22 23:00:00,320.4,19791200,320.4,19791200,314.2,19791000
1979-08-23 23:00:00,324.7,19791200,324.7,19791200,318.4,19791000
1979-08-24 23:00:00,320.7,19791200,320.7,19791200,314.4,19791000
1979-08-27 23:00:00,323.9,19791200,323.9,19791200,317.4,19791000
1979-08-28 23:00:00,326.8,19791200,326.8,19791200,320.2,19791000
1979-08-29 23:00:00,326.0,19791200,326.0,19791200,319.4,19791000
1979-08-30 23:00:00,329.2,19791200,329.2,19791200,322.6,19791000
1979-08-31 23:00:00,326.7,19791200,326.7,19791200,320.2,19791000
1979-09-04 23:00:00,330.6,19791200,330.6,19791200,323.9,19791000
1979-09-05 23:00:00,340.6,19791200,340.6,19791200,333.9,19791000
1979-09-06 23:00:00,339.0,19791200,339.0,19791200,332.2,19791000
1979-09-07 23:00:00,346.3,19791200,346.3,19791200,339.4,19791000
1979-09-10 23:00:00,348.9,19791200,348.9,19791200,341.9,19791000
1979-09-11 23:00:00,346.0,19791200,346.0,19791200,339.0,19791000
1979-09-12 23:00:00,343.3,19791200,343.3,19791200,336.3,19791000
1979-09-13 23:00:00,352.9,19791200,352.9,19791200,345.7,19791000
1979-09-14 23:00:00,354.4,19791200,354.4,19791200,346.9,19791000
1979-09-17 23:00:00,364.4,19791200,364.4,19791200,356.9,19791000
1979-09-18 23:00:00,374.4,19791200,374.4,19791200,366.9,19791000
1979-09-19 23:00:00,384.8,19791200,384.8,19791200,377.0,19791000
1979-09-20 23:00:00,381.5,19791200,381.5,19791200,373.0,19791000
1979-09-21 23:00:00,384.2,19791200,384.2,19791200,375.8,19791000
1979-09-24 23:00:00,383.2,19791200,383.2,19791200,374.6,19791000
1979-09-25 23:00:00,381.0,19791200,381.0,19791200,372.7,19791000
1979-09-26 23:00:00,389.0,19791200,389.0,19791200,380.4,19791000
1979-09-27 23:00:00,408.0,19791200,408.0,19791200,399.0,19791000
1979-09-28 23:00:00,404.5,19791200,404.5,19791200,395.0,19791000
1979-10-01 23:00:00,432.6,19800200,432.6,19800200,424.5,19791200
1979-10-02 23:00:00,429.6,19800200,429.6,19800200,421.0,19791200
1979-10-03 23:00:00,410.7,19800200,410.7,19800200,402.5,19791200
1979-10-04 23:00:00,390.7,19800200,390.7,19800200,382.5,19791200
1979-10-05 23:00:00,400.6,19800200,400.6,19800200,393.0,19791200
1979-10-08 23:00:00,382.6,19800200,382.6,19800200,374.5,19791200
1979-10-09 23:00:00,407.6,19800200,407.6,19800200,399.5,19791200
1979-10-10 23:00:00,432.6,19800200,432.6,19800200,424.5,19791200
1979-10-11 23:00:00,406.0,19800200,406.0,19800200,396.0,19791200
1979-10-12 23:00:00,413.4,19800200,413.4,19800200,404.0,19791200
1979-10-15 23:00:00,416.5,19800200,416.5,19800200,407.0,19791200
1979-10-16 23:00:00,405.0,19800200,405.0,19800200,396.0,19791200
1979-10-17 23:00:00,401.9,19800200,401.9,19800200,393.0,19791200
1979-10-18 23:00:00,402.8,19800200,402.8,19800200,393.5,19791200
1979-10-19 23:00:00,410.2,19800200,410.2,19800200,400.0,19791200
1979-10-22 23:00:00,407.1,19800200,407.1,19800200,396.8,19791200
1979-10-23 23:00:00,402.7,19800200,402.7,19800200,392.5,19791200
1979-10-24 23:00:00,413.2,19800200,413.2,19800200,402.5,19791200
1979-10-25 23:00:00,405.2,19800200,405.2,19800200,394.7,19791200
1979-10-26 23:00:00,387.4,19800200,387.4,19800200,377.7,19791200
1979-10-29 23:00:00,389.0,19800200,389.0,19800200,379.5,19791200
1979-10-30 23:00:00,393.1,19800200,393.1,19800200,383.5,19791200
1979-10-31 23:00:00,395.5,19800200,395.5,19800200,385.7,19791200
1979-11-01 23:00:00,381.8,19800200,381.8,19800200,372.0,19791200
1979-11-02 23:00:00,388.2,19800200,388.2,19800200,378.5,19791200
1979-11-05 23:00:00,392.9,19800200,392.9,19800200,383.3,19791200
1979-11-06 23:00:00,408.0,19800200,408.0,19800200,397.5,19791200
1979-11-07 23:00:00,406.6,19800200,406.6,19800200,396.0,19791200
1979-11-08 23:00:00,404.7,19800200,404.7,19800200,394.0,19791200
1979-11-09 23:00:00,401.7,19800200,401.7,19800200,391.2,19791200
1979-11-12 23:00:00,407.7,19800200,407.7,19800200,397.0,19791200
1979-11-13 23:00:00,397.2,19800200,397.2,19800200,387.0,19791200
1979-11-14 23:00:00,402.7,19800200,402.7,19800200,392.4,19791200
1979-11-15 23:00:00,398.4,19800200,398.4,19800200,388.3,19791200
1979-11-16 23:00:00,401.4,19800200,401.4,19800200,391.2,19791200
1979-11-19 23:00:00,399.0,19800200,399.0,19800200,388.7,19791200
1979-11-20 23:00:00,404.1,19800200,404.1,19800200,393.5,19791200
1979-11-21 23:00:00,405.0,19800200,405.0,19800200,394.2,19791200
1979-11-23 23:00:00,405.7,19800200,405.7,19800200,394.6,19791200
1979-11-26 23:00:00,401.0,19800200,401.0,19800200,390.8,19791200
1979-11-27 23:00:00,408.6,19800200,408.6,19800200,398.2,19791200
1979-11-28 23:00:00,422.5,19800200,422.5,19800200,411.0,19791200
1979-11-29 23:00:00,429.7,19800400,429.7,19800400,419.5,19800200
1979-11-30 23:00:00,441.1,19800400,441.1,19800400,430.5,19800200
1979-12-03 23:00:00,454.5,19800400,454.5,19800400,443.7,19800200
1979-12-04 23:00:00,449.2,19800400,449.2,19800400,438.5,19800200
1979-12-05 23:00:00,454.7,19800400,454.7,19800400,444.0,19800200
1979-12-06 23:00:00,447.4,19800400,447.4,19800400,436.7,19800200
1979-12-07 23:00:00,446.6,19800400,446.6,19800400,436.0,19800200
1979-12-10 23:00:00,456.7,19800400,456.7,19800400,446.0,19800200
1979-12-11 23:00:00,471.1,19800400,471.1,19800400,460.0,19800200
1979-12-12 23:00:00,470.4,19800400,470.4,19800400,459.3,19800200
1979-12-13 23:00:00,483.9,19800400,483.9,19800400,472.0,19800200
1979-12-14 23:00:00,486.4,19800400,486.4,19800400,474.5,19800200
1979-12-17 23:00:00,491.0,19800400,491.0,19800400,479.0,19800200
1979-12-18 23:00:00,504.5,19800400,504.5,19800400,492.0,19800200
1979-12-19 23:00:00,492.8,19800400,492.8,19800400,480.0,19800200
1979-12-20 23:00:00,493.3,19800400,493.3,19800400,481.0,19800200
1979-12-21 23:00:00,508.8,19800400,508.8,19800400,495.5,19800200
1979-12-26 23:00:00,528.8,19800400,528.8,19800400,514.3,19800200
1979-12-27 23:00:00,539.7,19800400,539.7,19800400,523.5,19800200
1979-12-28 23:00:00,541.3,19800400,541.3,19800400,525.0,19800200
1979-12-31 23:00:00,557.8,19800400,557.8,19800400,541.0,19800200
1980-01-02 23:00:00,582.8,19800400,582.8,19800400,566.0,19800200
1980-01-03 23:00:00,607.8,19800400,607.8,19800400,591.0,19800200
1980-01-04 23:00:00,628.5,19800400,628.5,19800400,611.0,19800200
1980-01-07 23:00:00,651.3,19800400,651.3,19800400,634.0,19800200
1980-01-08 23:00:00,626.3,19800400,626.3,19800400,609.0,19800200
1980-01-09 23:00:00,620.2,19800400,620.2,19800400,605.0,19800200
1980-01-10 23:00:00,617.3,19800400,617.3,19800400,603.0,19800200
1980-01-11 23:00:00,642.3,19800400,642.3,19800400,628.0,19800200
1980-01-14 23:00:00,667.3,19800400,667.3,19800400,653.0,19800200
1980-01-15 23:00:00,704.8,19800400,704.8,19800400,690.5,19800200
1980-01-16 23:00:00,754.8,19800400,754.8,19800400,740.5,19800200
1980-01-17 23:00:00,804.8,19800400,804.8,19800400,790.5,19800200
1980-01-18 23:00:00,845.0,19800400,845.0,19800400,823.0,19800200
1980-01-21 23:00:00,861.0,19800400,861.0,19800400,834.0,19800200
1980-01-22 23:00:00,811.0,19800400,811.0,19800400,784.0,19800200
1980-01-23 23:00:00,761.0,19800400,761.0,19800400,734.0,19800200
1980-01-24 23:00:00,711.0,19800400,711.0,19800400,684.0,19800200
1980-01-25 23:00:00,661.0,19800400,661.0,19800400,635.0,19800200
1980-01-28 23:00:00,659.2,19800400,659.2,19800400,639.0,19800200
1980-01-29 23:00:00,709.2,19800400,709.2,19800400,702.0,19800200
1980-01-30 23:00:00,703.5,19800600,703.5,19800600,681.0,19800400
1980-01-31 23:00:00,726.0,19800600,726.0,19800600,704.0,19800400
1980-02-01 23:00:00,727.0,19800600,727.0,19800600,704.0,19800400
1980-02-04 23:00:00,699.5,19800600,699.5,19800600,677.0,19800400
1980-02-05 23:00:00,724.5,19800600,724.5,19800600,702.0,19800400
1980-02-06 23:00:00,749.5,19800600,749.5,19800600,727.0,19800400
1980-02-07 23:00:00,734.2,19800600,734.2,19800600,710.0,19800400
1980-02-08 23:00:00,742.2,19800600,742.2,19800600,717.5,19800400
1980-02-11 23:00:00,752.5,19800600,752.5,19800600,726.0,19800400
1980-02-12 23:00:00,744.5,19800600,744.5,19800600,718.5,19800400
1980-02-13 23:00:00,734.6,19800600,734.6,19800600,709.0,19800400
1980-02-14 23:00:00,714.5,19800600,714.5,19800600,690.5,19800400
1980-02-15 23:00:00,703.5,19800600,703.5,19800600,680.5,19800400
1980-02-19 23:00:00,678.5,19800600,678.5,19800600,655.5,19800400
1980-02-20 23:00:00,694.0,19800600,694.0,19800600,673.0,19800400
1980-02-21 23:00:00,689.0,19800600,689.0,19800600,666.5,19800400
1980-02-22 23:00:00,664.0,19800600,664.0,19800600,641.5,19800400
1980-02-25 23:00:00,681.0,19800600,681.0,19800600,659.0,19800400
1980-02-26 23:00:00,657.0,19800600,657.0,19800600,635.5,19800400
1980-02-27 23:00:00,660.8,19800600,660.8,19800600,639.0,19800400
1980-02-28 23:00:00,672.8,19800600,672.8,19800600,650.5,19800400
1980-02-29 23:00:00,662.0,19800600,662.0,19800600,640.0,19800400
1980-03-03 23:00:00,662.5,19800600,662.5,19800600,641.0,19800400
1980-03-04 23:00:00,673.8,19800600,673.8,19800600,651.5,19800400
1980-03-05 23:00:00,666.0,19800600,666.0,19800600,643.0,19800400
1980-03-06 23:00:00,641.0,19800600,641.0,19800600,618.0,19800400
1980-03-07 23:00:00,625.0,19800600,625.0,19800600,605.0,19800400
1980-03-10 23:00:00,587.5,19800600,587.5,19800600,567.5,19800400
1980-03-11 23:00:00,588.3,19800600,588.3,19800600,570.5,19800400
1980-03-12 23:00:00,599.2,19800600,599.2,19800600,581.5,19800400
1980-03-13 23:00:00,561.7,19800600,561.7,19800600,544.0,19800400
1980-03-14 23:00:00,546.5,19800600,546.5,19800600,530.0,19800400
1980-03-17 23:00:00,496.5,19800600,496.5,19800600,480.0,19800400
1980-03-18 23:00:00,504.5,19800600,504.5,19800600,488.5,19800400
1980-03-19 23:00:00,554.5,19800600,554.5,19800600,538.5,19800400
1980-03-20 23:00:00,555.3,19800600,555.3,19800600,538.5,19800400
1980-03-21 23:00:00,582.0,19800600,582.0,19800600,565.0,19800400
1980-03-24 23:00:00,566.9,19800600,566.9,19800600,549.0,19800400
1980-03-25 23:00:00,546.0,19800600,546.0,19800600,529.0,19800400
1980-03-26 23:00:00,521.0,19800600,521.0,19800600,504.0,19800400
1980-03-27 23:00:00,496.0,19800600,496.0,19800600,463.0,19800400
1980-03-28 23:00:00,525.0,19800600,525.0,19800600,509.0,19800400
1980-03-31 23:00:00,519.0,19800600,519.0,19800600,501.5,19800400
1980-04-01 23:00:00,531.8,19800800,531.8,19800800,515.0,19800600
1980-04-02 23:00:00,522.4,19800800,522.4,19800800,506.0,19800600
1980-04-03 23:00:00,517.5,19800800,517.5,19800800,501.5,19800600
1980-04-07 23:00:00,542.5,19800800,542.5,19800800,526.5,19800600
1980-04-08 23:00:00,567.5,19800800,567.5,19800800,551.5,19800600
1980-04-09 23:00:00,567.5,19800800,567.5,19800800,550.0,19800600
1980-04-10 23:00:00,561.8,19800800,561.8,19800800,544.5,19800600
1980-04-11 23:00:00,560.7,19800800,560.7,19800800,544.0,19800600
1980-04-14 23:00:00,535.7,19800800,535.7,19800800,519.5,19800600
1980-04-15 23:00:00,545.4,19800800,545.4,19800800,530.0,19800600
1980-04-16 23:00:00,530.8,19800800,530.8,19800800,516.0,19800600
1980-04-17 23:00:00,536.4,19800800,536.4,19800800,522.0,19800600
1980-04-18 23:00:00,534.2,19800800,534.2,19800800,520.0,19800600
1980-04-21 23:00:00,509.7,19800800,509.7,19800800,497.0,19800600
1980-04-22 23:00:00,523.1,19800800,523.1,19800800,510.0,19800600
1980-04-23 23:00:00,528.3,19800800,528.3,19800800,515.0,19800600
1980-04-24 23:00:00,552.1,19800800,552.1,19800800,538.0,19800600
1980-04-25 23:00:00,561.8,19800800,561.8,19800800,547.0,19800600
1980-04-28 23:00:00,536.8,19800800,536.8,19800800,522.0,19800600
1980-04-29 23:00:00,542.4,19800800,542.4,19800800,529.0,19800600
1980-04-30 23:00:00,519.5,19800800,519.5,19800800,507.0,19800600
1980-05-01 23:00:00,532.0,19800800,532.0,19800800,520.0,19800600
1980-05-02 23:00:00,528.8,19800800,528.8,19800800,516.0,19800600
1980-05-05 23:00:00,535.2,19800800,535.2,19800800,523.0,19800600
1980-05-06 23:00:00,521.0,19800800,521.0,19800800,510.0,19800600
1980-05-07 23:00:00,527.7,19800800,527.7,19800800,517.0,19800600
1980-05-08 23:00:00,522.8,19800800,522.8,19800800,512.5,19800600
1980-05-09 23:00:00,526.2,19800800,526.2,19800800,515.7,19800600
1980-05-12 23:00:00,519.5,19800800,519.5,19800800,510.0,19800600
1980-05-13 23:00:00,530.2,19800800,530.2,19800800,520.0,19800600
1980-05-14 23:00:00,534.9,19800800,534.9,19800800,524.5,19800600
1980-05-15 23:00:00,524.0,19800800,524.0,19800800,514.5,19800600
1980-05-16 23:00:00,524.1,19800800,524.1,19800800,514.8,19800600
1980-05-19 23:00:00,520.1,19800800,520.1,19800800,511.0,19800600
1980-05-20 23:00:00,520.9,19800800,520.9,19800800,512.0,19800600
1980-05-21 23:00:00,515.0,19800800,515.0,19800800,506.5,19800600
1980-05-22 23:00:00,522.8,19800800,522.8,19800800,515.0,19800600
1980-05-23 23:00:00,518.2,19800800,518.2,19800800,510.0,19800600
1980-05-27 23:00:00,533.5,19800800,533.5,19800800,524.0,19800600
1980-05-28 23:00:00,529.0,19800800,529.0,19800800,519.2,19800600
1980-05-29 23:00:00,537.5,19800800,537.5,19800800,527.6,19800600
1980-05-30 23:00:00,565.2,19801000,565.2,19801000,555.0,19800800
1980-06-02 23:00:00,587.1,19801000,587.1,19801000,576.5,19800800
1980-06-03 23:00:00,579.9,19801000,579.9,19801000,569.0,19800800
1980-06-04 23:00:00,604.2,19801000,604.2,19801000,592.5,19800800
1980-06-05 23:00:00,609.0,19801000,609.0,19801000,597.0,19800800
1980-06-06 23:00:00,627.7,19801000,627.7,19801000,616.0,19800800
1980-06-09 23:00:00,645.4,19801000,645.4,19801000,633.5,19800800
1980-06-10 23:00:00,620.4,19801000,620.4,19801000,608.5,19800800
1980-06-11 23:00:00,605.0,19801000,605.0,19801000,594.5,19800800
1980-06-12 23:00:00,620.3,19801000,620.3,19801000,609.5,19800800
1980-06-13 23:00:00,623.4,19801000,623.4,19801000,613.0,19800800
1980-06-16 23:00:00,608.2,19801000,608.2,19801000,598.0,19800800
1980-06-17 23:00:00,616.7,19801000,616.7,19801000,606.5,19800800
1980-06-18 23:00:00,613.3,19801000,613.3,19801000,603.0,19800800
1980-06-19 23:00:00,622.3,19801000,622.3,19801000,613.0,19800800
1980-06-20 23:00:00,619.9,19801000,619.9,19801000,609.5,19800800
1980-06-23 23:00:00,620.3,19801000,620.3,19801000,610.0,19800800
1980-06-24 23:00:00,634.9,19801000,634.9,19801000,624.0,19800800
1980-06-25 23:00:00,635.1,19801000,635.1,19801000,623.5,19800800
1980-06-26 23:00:00,644.7,19801000,644.7,19801000,633.0,19800800
1980-06-27 23:00:00,669.7,19801000,669.7,19801000,657.5,19800800
1980-06-30 23:00:00,666.5,19801000,666.5,19801000,654.0,19800800
1980-07-01 23:00:00,688.8,19801000,688.8,19801000,676.0,19800800
1980-07-02 23:00:00,679.8,19801000,679.8,19801000,667.5,19800800
1980-07-03 23:00:00,688.9001,19801000,688.9001,19801000,676.0,19800800
1980-07-07 23:00:00,697.7001,19801000,697.7001,19801000,684.0,19800800
1980-07-08 23:00:00,692.0001,19801000,692.0001,19801000,678.5,19800800
1980-07-09 23:00:00,679.2001,19801000,679.2001,19801000,666.5,19800800
1980-07-10 23:00:00,684.2001,19801000,684.2001,19801000,672.0,19800800
1980-07-11 23:00:00,682.9,19801000,682.9,19801000,670.5,19800800
1980-07-14 23:00:00,657.9,19801000,657.9,19801000,645.5,19800800
1980-07-15 23:00:00,632.9,19801000,632.9,19801000,620.5,19800800
1980-07-16 23:00:00,639.5,19801000,639.5,19801000,628.5,19800800
1980-07-17 23:00:00,630.7,19801000,630.7,19801000,620.2,19800800
1980-07-18 23:00:00,624.0,19801000,624.0,19801000,614.0,19800800
1980-07-21 23:00:00,623.6,19801000,623.6,19801000,613.5,19800800
1980-07-22 23:00:00,648.6,19801000,648.6,19801000,638.0,19800800
1980-07-23 23:00:00,643.5,19801000,643.5,19801000,631.5,19800800
1980-07-24 23:00:00,651.5,19801000,651.5,19801000,639.5,19800800
1980-07-25 23:00:00,665.3,19801000,665.3,19801000,653.0,19800800
1980-07-28 23:00:00,660.2001,19801000,660.2001,19801000,648.0,19800800
1980-07-29 23:00:00,648.5,19801000,648.5,19801000,637.5,19800800
1980-07-30 23:00:00,636.0,19801200,636.0,19801200,623.5,19801000
1980-07-31 23:00:00,642.0,19801200,642.0,19801200,629.5,19801000
1980-08-01 23:00:00,640.0,19801200,640.0,19801200,627.3,19801000
1980-08-04 23:00:00,650.0,19801200,650.0,19801200,637.1,19801000
1980-08-05 23:00:00,649.5,19801200,649.5,19801200,637.0,19801000
1980-08-06 23:00:00,654.0,19801200,654.0,19801200,641.4001,19801000
1980-08-07 23:00:00,656.0,19801200,656.0,19801200,643.5,19801000
1980-08-08 23:00:00,647.0,19801200,647.0,19801200,634.8,19801000
1980-08-11 23:00:00,623.0,19801200,623.0,19801200,611.2,19801000
1980-08-12 23:00:00,633.0,19801200,633.0,19801200,621.4,19801000
1980-08-13 23:00:00,635.0,19801200,635.0,19801200,623.4,19801000
1980-08-14 23:00:00,647.4,19801200,647.4,19801200,635.5,19801000
1980-08-15 23:00:00,635.0,19801200,635.0,19801200,623.2,19801000
1980-08-18 23:00:00,640.5,19801200,640.5,19801200,628.8,19801000
1980-08-19 23:00:00,642.0,19801200,642.0,19801200,630.1,19801000
1980-08-20 23:00:00,667.0,19801200,667.0,19801200,655.1,19801000
1980-08-21 23:00:00,659.0,19801200,659.0,19801200,646.4001,19801000
1980-08-22 23:00:00,658.0,19801200,658.0,19801200,644.8,19801000
1980-08-25 23:00:00,643.3,19801200,643.3,19801200,629.7,19801000
1980-08-26 23:00:00,651.0,19801200,651.0,19801200,636.8,19801000
1980-08-27 23:00:00,653.5,19801200,653.5,19801200,639.2,19801000
1980-08-28 23:00:00,654.0,19801200,654.0,19801200,639.7,19801000
1980-08-29 23:00:00,656.0,19801200,656.0,19801200,641.8,19801000
1980-09-02 23:00:00,660.0,19801200,660.0,19801200,645.3,19801000
1980-09-03 23:00:00,658.0,19801200,658.0,19801200,643.3,19801000
1980-09-04 23:00:00,673.0,19801200,673.0,19801200,657.5,19801000
1980-09-05 23:00:00,670.0,19801200,670.0,19801200,654.0,19801000
1980-09-08 23:00:00,695.0,19801200,695.0,19801200,679.5001,19801000
1980-09-09 23:00:00,693.5,19801200,693.5,19801200,676.0,19801000
1980-09-10 23:00:00,703.5,19801200,703.5,19801200,685.7,19801000
1980-09-11 23:00:00,713.5,19801200,713.5,19801200,694.7,19801000
1980-09-12 23:00:00,704.0,19801200,704.0,19801200,686.0,19801000
1980-09-15 23:00:00,685.0,19801200,685.0,19801200,667.9,19801000
1980-09-16 23:00:00,700.0,19801200,700.0,19801200,682.5,19801000
1980-09-17 23:00:00,692.0,19801200,692.0,19801200,674.4,19801000
1980-09-18 23:00:00,693.0,19801200,693.0,19801200,675.9,19801000
1980-09-19 23:00:00,708.0,19801200,708.0,19801200,690.2001,19801000
1980-09-22 23:00:00,733.0,19801200,733.0,19801200,715.2001,19801000
1980-09-23 23:00:00,731.5,19801200,731.5,19801200,712.5,19801000
1980-09-24 23:00:00,729.5,19801200,729.5,19801200,710.0,19801000
1980-09-25 23:00:00,728.5,19801200,728.5,19801200,708.0,19801000
1980-09-26 23:00:00,703.5,19801200,703.5,19801200,669.5001,19801000
1980-09-29 23:00:00,678.5,19801200,678.5,19801200,660.5,19801000
1980-09-30 23:00:00,705.6,19810200,705.6,19810200,688.5,19801200
1980-10-01 23:00:00,713.8,19810200,713.8,19810200,696.5,19801200
1980-10-02 23:00:00,701.9,19810200,701.9,19810200,685.0,19801200
1980-10-03 23:00:00,700.8,19810200,700.8,19810200,684.5,19801200
1980-10-06 23:00:00,709.6,19810200,709.6,19810200,693.5,19801200
1980-10-07 23:00:00,703.9,19810200,703.9,19810200,688.0,19801200
1980-10-08 23:00:00,706.0,19810200,706.0,19810200,690.0,19801200
1980-10-09 23:00:00,715.9,19810200,715.9,19810200,699.5,19801200
1980-10-10 23:00:00,716.5,19810200,716.5,19810200,700.0,19801200
1980-10-13 23:00:00,708.1,19810200,708.1,19810200,691.7,19801200
1980-10-14 23:00:00,707.6,19810200,707.6,19810200,691.5,19801200
1980-10-15 23:00:00,702.1,19810200,702.1,19810200,686.0,19801200
1980-10-16 23:00:00,693.3,19810200,693.3,19810200,677.5,19801200
1980-10-17 23:00:00,680.2,19810200,680.2,19810200,665.0,19801200
1980-10-20 23:00:00,682.2,19810200,682.2,19810200,667.0,19801200
1980-10-21 23:00:00,683.4,19810200,683.4,19810200,668.0,19801200
1980-10-22 23:00:00,675.7,19810200,675.7,19810200,660.0,19801200
1980-10-23 23:00:00,650.7,19810200,650.7,19810200,635.0,19801200
1980-10-24 23:00:00,654.3,19810200,654.3,19810200,639.0,19801200
1980-10-27 23:00:00,656.5,19810200,656.5,19810200,640.5,19801200
1980-10-28 23:00:00,658.6,19810200,658.6,19810200,642.0,19801200
1980-10-29 23:00:00,662.2,19810200,662.2,19810200,645.0,19801200
1980-10-30 23:00:00,665.2,19810200,665.2,19810200,647.5,19801200
1980-10-31 23:00:00,659.4,19810200,659.4,19810200,642.0,19801200
1980-11-03 23:00:00,673.4,19810200,673.4,19810200,655.0,19801200
1980-11-05 23:00:00,661.4,19810200,661.4,19810200,643.0,19801200
1980-11-06 23:00:00,636.4,19810200,636.4,19810200,618.0,19801200
1980-11-07 23:00:00,624.4,19810200,624.4,19810200,607.0,19801200
1980-11-10 23:00:00,627.1,19810200,627.1,19810200,609.5,19801200
1980-11-11 23:00:00,634.3,19810200,634.3,19810200,617.0,19801200
1980-11-12 23:00:00,635.8,19810200,635.8,19810200,618.5,19801200
1980-11-13 23:00:00,627.9,19810200,627.9,19810200,611.0,19801200
1980-11-14 23:00:00,638.1,19810200,638.1,19810200,621.0,19801200
1980-11-17 23:00:00,634.8,19810200,634.8,19810200,617.0,19801200
1980-11-18 23:00:00,639.7,19810200,639.7,19810200,621.5,19801200
1980-11-19 23:00:00,652.8,19810200,652.8,19810200,634.0,19801200
1980-11-20 23:00:00,665.1,19810200,665.1,19810200,645.0,19801200
1980-11-21 23:00:00,659.0,19810200,659.0,19810200,638.5,19801200
1980-11-24 23:00:00,637.5,19810200,637.5,19810200,618.0,19801200
1980-11-25 23:00:00,647.8,19810200,647.8,19810200,628.0,19801200
1980-11-26 23:00:00,642.5,19810200,642.5,19810200,622.6,19801200
1980-11-28 23:00:00,644.5,19810200,644.5,19810200,624.6,19801200
1980-12-01 23:00:00,666.1,19810400,666.1,19810400,647.0,19810200
1980-12-02 23:00:00,660.5,19810400,660.5,19810400,641.5,19810200
1980-12-03 23:00:00,666.2,19810400,666.2,19810400,647.3,19810200
1980-12-04 23:00:00,658.2,19810400,658.2,19810400,639.5,19810200
1980-12-05 23:00:00,656.3,19810400,656.3,19810400,638.0,19810200
1980-12-08 23:00:00,648.1,19810400,648.1,19810400,630.4,19810200
1980-12-09 23:00:00,625.6,19810400,625.6,19810400,608.0,19810200
1980-12-10 23:00:00,600.6,19810400,600.6,19810400,583.0,19810200
1980-12-11 23:00:00,575.6,19810400,575.6,19810400,558.0,19810200
1980-12-12 23:00:00,604.1,19810400,604.1,19810400,587.0,19810200
1980-12-15 23:00:00,604.8,19810400,604.8,19810400,587.5,19810200
1980-12-16 23:00:00,597.2,19810400,597.2,19810400,580.0,19810200
1980-12-17 23:00:00,605.7,19810400,605.7,19810400,588.0,19810200
1980-12-18 23:00:00,600.6,19810400,600.6,19810400,583.0,19810200
1980-12-19 23:00:00,625.3,19810400,625.3,19810400,607.5,19810200
1980-12-22 23:00:00,621.2,19810400,621.2,19810400,604.0,19810200
1980-12-23 23:00:00,633.5,19810400,633.5,19810400,616.0,19810200
1980-12-24 23:00:00,634.7,19810400,634.7,19810400,617.0,19810200
1980-12-29 23:00:00,611.9,19810400,611.9,19810400,595.0,19810200
1980-12-30 23:00:00,611.8,19810400,611.8,19810400,595.0,19810200
1980-12-31 23:00:00,616.2,19810400,616.2,19810400,599.5,19810200
1981-01-02 23:00:00,611.1,19810400,611.1,19810400,594.5,19810200
1981-01-05 23:00:00,617.9,19810400,617.9,19810400,601.5,19810200
1981-01-06 23:00:00,621.1,19810400,621.1,19810400,605.0,19810200
1981-01-07 23:00:00,596.1,19810400,596.1,19810400,580.0,19810200
1981-01-08 23:00:00,593.3,19810400,593.3,19810400,577.5,19810200
1981-01-09 23:00:00,597.2,19810400,597.2,19810400,581.0,19810200
1981-01-12 23:00:00,582.3,19810400,582.3,19810400,566.5,19810200
1981-01-13 23:00:00,581.3,19810400,581.3,19810400,565.5,19810200
1981-01-14 23:00:00,589.3,19810400,589.3,19810400,573.5,19810200
1981-01-15 23:00:00,577.7,19810400,577.7,19810400,562.0,19810200
1981-01-16 23:00:00,583.5,19810400,583.5,19810400,567.5,19810200
1981-01-19 23:00:00,581.7,19810400,581.7,19810400,565.5,19810200
1981-01-20 23:00:00,587.2,19810400,587.2,19810400,571.0,19810200
1981-01-21 23:00:00,584.2,19810400,584.2,19810400,568.0,19810200
1981-01-22 23:00:00,572.9,19810400,572.9,19810400,557.0,19810200
1981-01-23 23:00:00,568.0,19810400,568.0,19810400,552.5,19810200
1981-01-26 23:00:00,543.0,19810400,543.0,19810400,527.5,19810200
1981-01-27 23:00:00,534.9,19810400,534.9,19810400,520.5,19810200
1981-01-28 23:00:00,521.4,19810400,521.4,19810400,507.0,19810200
1981-01-29 23:00:00,529.0,19810400,529.0,19810400,515.8,19810200
1981-01-30 23:00:00,525.3,19810600,525.3,19810600,512.5,19810400
1981-02-02 23:00:00,504.6,19810600,504.6,19810600,492.5,19810400
1981-02-03 23:00:00,517.3,19810600,517.3,19810600,505.0,19810400
1981-02-04 23:00:00,512.4,19810600,512.4,19810600,500.0,19810400
1981-02-05 23:00:00,522.6,19810600,522.6,19810600,510.0,19810400
1981-02-06 23:00:00,527.0,19810600,527.0,19810600,514.0,19810400
1981-02-09 23:00:00,540.8,19810600,540.8,19810600,527.5,19810400
1981-02-10 23:00:00,530.9,19810600,530.9,19810600,517.5,19810400
1981-02-11 23:00:00,520.2,19810600,520.2,19810600,507.0,19810400
1981-02-12 23:00:00,517.1,19810600,517.1,19810600,504.0,19810400
1981-02-13 23:00:00,514.1,19810600,514.1,19810600,501.0,19810400
1981-02-17 23:00:00,520.5,19810600,520.5,19810600,507.0,19810400
1981-02-18 23:00:00,513.9,19810600,513.9,19810600,500.5,19810400
1981-02-19 23:00:00,529.3,19810600,529.3,19810600,515.5,19810400
1981-02-20 23:00:00,528.2,19810600,528.2,19810600,514.5,19810400
1981-02-23 23:00:00,518.5,19810600,518.5,19810600,505.0,19810400
1981-02-24 23:00:00,524.4,19810600,524.4,19810600,511.0,19810400
1981-02-25 23:00:00,517.2,19810600,517.2,19810600,504.0,19810400
1981-02-26 23:00:00,512.0,19810600,512.0,19810600,499.0,19810400
1981-02-27 23:00:00,499.0,19810600,499.0,19810600,486.5,19810400
1981-03-02 23:00:00,475.8,19810600,475.8,19810600,465.0,19810400
1981-03-03 23:00:00,486.9,19810600,486.9,19810600,476.0,19810400
1981-03-04 23:00:00,471.2,19810600,471.2,19810600,461.0,19810400
1981-03-05 23:00:00,476.7,19810600,476.7,19810600,466.5,19810400
1981-03-06 23:00:00,477.3,19810600,477.3,19810600,467.0,19810400
1981-03-09 23:00:00,485.7,19810600,485.7,19810600,475.0,19810400
1981-03-10 23:00:00,496.2,19810600,496.2,19810600,485.5,19810400
1981-03-11 23:00:00,488.5,19810600,488.5,19810600,478.0,19810400
1981-03-12 23:00:00,495.8,19810600,495.8,19810600,485.0,19810400
1981-03-13 23:00:00,499.5,19810600,499.5,19810600,488.5,19810400
1981-03-16 23:00:00,506.5,19810600,506.5,19810600,495.5,19810400
1981-03-17 23:00:00,520.1,19810600,520.1,19810600,509.0,19810400
1981-03-18 23:00:00,519.5,19810600,519.5,19810600,508.5,19810400
1981-03-19 23:00:00,522.4,19810600,522.4,19810600,512.0,19810400
1981-03-20 23:00:00,547.4,19810600,547.4,19810600,537.0,19810400
1981-03-23 23:00:00,538.2,19810600,538.2,19810600,527.0,19810400
1981-03-24 23:00:00,548.6,19810600,548.6,19810600,536.5,19810400
1981-03-25 23:00:00,544.0,19810600,544.0,19810600,532.0,19810400
1981-03-26 23:00:00,558.4,19810600,558.4,19810600,545.0,19810400
1981-03-27 23:00:00,542.5,19810600,542.5,19810600,529.3,19810400
1981-03-30 23:00:00,524.5,19810600,524.5,19810600,512.1,19810400
1981-03-31 23:00:00,537.7,19810800,537.7,19810800,525.5,19810600
1981-04-01 23:00:00,540.2,19810800,540.2,19810800,528.0,19810600
1981-04-02 23:00:00,540.8,19810800,540.8,19810800,528.5,19810600
1981-04-03 23:00:00,545.2,19810800,545.2,19810800,532.5,19810600
1981-04-06 23:00:00,551.4,19810800,551.4,19810800,538.0,19810600
1981-04-07 23:00:00,535.6,19810800,535.6,19810800,522.5,19810600
1981-04-08 23:00:00,537.5,19810800,537.5,19810800,524.5,19810600
1981-04-09 23:00:00,514.3,19810800,514.3,19810800,501.5,19810600
1981-04-10 23:00:00,508.7,19810800,508.7,19810800,496.0,19810600
1981-04-13 23:00:00,499.4,19810800,499.4,19810800,487.0,19810600
1981-04-14 23:00:00,504.4,19810800,504.4,19810800,492.0,19810600
1981-04-15 23:00:00,494.5,19810800,494.5,19810800,482.3,19810600
1981-04-16 23:00:00,507.9,19810800,507.9,19810800,495.5,19810600
1981-04-20 23:00:00,507.9,19810800,507.9,19810800,495.7,19810600
1981-04-21 23:00:00,509.9,19810800,509.9,19810800,497.5,19810600
1981-04-22 23:00:00,508.7,19810800,508.7,19810800,496.0,19810600
1981-04-23 23:00:00,510.8,19810800,510.8,19810800,498.0,19810600
1981-04-24 23:00:00,504.1,19810800,504.1,19810800,491.3,19810600
1981-04-27 23:00:00,503.8,19810800,503.8,19810800,491.0,19810600
1981-04-28 23:00:00,502.7,19810800,502.7,19810800,489.8,19810600
1981-04-29 23:00:00,497.3,19810800,497.3,19810800,484.5,19810600
1981-04-30 23:00:00,502.0,19810800,502.0,19810800,489.0,19810600
1981-05-01 23:00:00,509.5,19810800,509.5,19810800,496.0,19810600
1981-05-04 23:00:00,500.6,19810800,500.6,19810800,486.5,19810600
1981-05-05 23:00:00,501.4,19810800,501.4,19810800,486.5,19810600
1981-05-06 23:00:00,498.8,19810800,498.8,19810800,484.5,19810600
1981-05-07 23:00:00,501.4,19810800,501.4,19810800,487.0,19810600
1981-05-08 23:00:00,511.3,19810800,511.3,19810800,496.5,19810600
1981-05-11 23:00:00,502.8,19810800,502.8,19810800,488.0,19810600
1981-05-12 23:00:00,506.4,19810800,506.4,19810800,491.5,19810600
1981-05-13 23:00:00,496.9,19810800,496.9,19810800,482.0,19810600
1981-05-14 23:00:00,501.2,19810800,501.2,19810800,486.5,19810600
1981-05-15 23:00:00,493.9,19810800,493.9,19810800,479.5,19810600
1981-05-18 23:00:00,498.8,19810800,498.8,19810800,485.0,19810600
1981-05-19 23:00:00,492.5,19810800,492.5,19810800,478.5,19810600
1981-05-20 23:00:00,496.6,19810800,496.6,19810800,482.5,19810600
1981-05-21 23:00:00,481.5,19810800,481.5,19810800,468.0,19810600
1981-05-22 23:00:00,484.4,19810800,484.4,19810800,471.0,19810600
1981-05-26 23:00:00,478.7,19810800,478.7,19810800,465.5,19810600
1981-05-27 23:00:00,483.5,19810800,483.5,19810800,469.7,19810600
1981-05-28 23:00:00,494.5,19810800,494.5,19810800,481.2,19810600
1981-05-29 23:00:00,492.5,19810800,492.5,19810800,479.4,19810600
1981-06-01 23:00:00,500.2,19811000,500.2,19811000,487.5,19810800
1981-06-02 23:00:00,499.6,19811000,499.6,19811000,487.0,19810800
1981-06-03 23:00:00,493.9,19811000,493.9,19811000,481.5,19810800
1981-06-04 23:00:00,488.2,19811000,488.2,19811000,476.0,19810800
1981-06-05 23:00:00,474.5,19811000,474.5,19811000,462.5,19810800
1981-06-08 23:00:00,485.2,19811000,485.2,19811000,473.0,19810800
1981-06-09 23:00:00,480.9,19811000,480.9,19811000,469.0,19810800
1981-06-10 23:00:00,488.7,19811000,488.7,19811000,477.0,19810800
1981-06-11 23:00:00,487.6,19811000,487.6,19811000,476.0,19810800
1981-06-12 23:00:00,487.6,19811000,487.6,19811000,476.0,19810800
1981-06-15 23:00:00,483.1,19811000,483.1,19811000,472.0,19810800
1981-06-16 23:00:00,483.6,19811000,483.6,19811000,472.5,19810800
1981-06-17 23:00:00,480.2,19811000,480.2,19811000,469.0,19810800
1981-06-18 23:00:00,478.5,19811000,478.5,19811000,467.0,19810800
1981-06-19 23:00:00,479.2,19811000,479.2,19811000,467.5,19810800
1981-06-22 23:00:00,483.9,19811000,483.9,19811000,472.3,19810800
1981-06-23 23:00:00,482.6,19811000,482.6,19811000,471.2,19810800
1981-06-24 23:00:00,471.9,19811000,471.9,19811000,460.5,19810800
1981-06-25 23:00:00,462.0,19811000,462.0,19811000,451.0,19810800
1981-06-26 23:00:00,458.0,19811000,458.0,19811000,447.0,19810800
1981-06-29 23:00:00,442.4,19811000,442.4,19811000,432.0,19810800
1981-06-30 23:00:00,438.9,19811000,438.9,19811000,428.5,19810800
1981-07-01 23:00:00,429.3,19811000,429.3,19811000,419.0,19810800
1981-07-02 23:00:00,426.7,19811000,426.7,19811000,416.5,19810800
1981-07-06 23:00:00,413.8,19811000,413.8,19811000,404.0,19810800
1981-07-07 23:00:00,419.7,19811000,419.7,19811000,409.5,19810800
1981-07-08 23:00:00,417.4,19811000,417.4,19811000,407.0,19810800
1981-07-09 23:00:00,426.2,19811000,426.2,19811000,415.5,19810800
1981-07-10 23:00:00,432.7,19811000,432.7,19811000,422.0,19810800
1981-07-13 23:00:00,419.4,19811000,419.4,19811000,409.0,19810800
1981-07-14 23:00:00,425.0,19811000,425.0,19811000,414.5,19810800
1981-07-15 23:00:00,424.7,19811000,424.7,19811000,414.0,19810800
1981-07-16 23:00:00,428.3,19811000,428.3,19811000,417.5,19810800
1981-07-17 23:00:00,431.2,19811000,431.2,19811000,420.0,19810800
1981-07-20 23:00:00,422.0,19811000,422.0,19811000,411.0,19810800
1981-07-21 23:00:00,422.5,19811000,422.5,19811000,411.5,19810800
1981-07-22 23:00:00,419.0,19811000,419.0,19811000,408.0,19810800
1981-07-23 23:00:00,419.7,19811000,419.7,19811000,408.7,19810800
1981-07-24 23:00:00,419.0,19811000,419.0,19811000,408.2,19810800
1981-07-27 23:00:00,412.2,19811000,412.2,19811000,402.0,19810800
1981-07-28 23:00:00,417.1,19811000,417.1,19811000,406.5,19810800
1981-07-29 23:00:00,413.8,19811000,413.8,19811000,403.5,19810800
1981-07-30 23:00:00,424.4,19811200,424.4,19811200,414.2,19811000
1981-07-31 23:00:00,423.2,19811200,423.2,19811200,413.0,19811000
1981-08-03 23:00:00,406.5,19811200,406.5,19811200,396.7,19811000
1981-08-04 23:00:00,408.5,19811200,408.5,19811200,398.8,19811000
1981-08-05 23:00:00,409.3,19811200,409.3,19811200,399.5,19811000
1981-08-06 23:00:00,418.2,19811200,418.2,19811200,408.1,19811000
1981-08-07 23:00:00,414.8,19811200,414.8,19811200,404.6,19811000
1981-08-10 23:00:00,415.5,19811200,415.5,19811200,405.3,19811000
1981-08-11 23:00:00,429.0,19811200,429.0,19811200,418.4,19811000
1981-08-12 23:00:00,423.0,19811200,423.0,19811200,412.4,19811000
1981-08-13 23:00:00,429.0,19811200,429.0,19811200,418.3,19811000
1981-08-14 23:00:00,430.5,19811200,430.5,19811200,419.6,19811000
1981-08-17 23:00:00,433.0,19811200,433.0,19811200,422.0,19811000
1981-08-18 23:00:00,455.5,19811200,455.5,19811200,444.1,19811000
1981-08-19 23:00:00,456.0,19811200,456.0,19811200,443.9,19811000
1981-08-20 23:00:00,448.0,19811200,448.0,19811200,436.4,19811000
1981-08-21 23:00:00,452.5,19811200,452.5,19811200,440.6,19811000
1981-08-24 23:00:00,433.0,19811200,433.0,19811200,421.5,19811000
1981-08-25 23:00:00,427.5,19811200,427.5,19811200,416.0,19811000
1981-08-26 23:00:00,430.5,19811200,430.5,19811200,418.9,19811000
1981-08-27 23:00:00,436.0,19811200,436.0,19811200,423.9,19811000
1981-08-28 23:00:00,445.0,19811200,445.0,19811200,432.6,19811000
1981-08-31 23:00:00,443.5,19811200,443.5,19811200,431.1,19811000
1981-09-01 23:00:00,444.7,19811200,444.7,19811200,432.1,19811000
1981-09-02 23:00:00,452.5,19811200,452.5,19811200,439.2,19811000
1981-09-03 23:00:00,462.5,19811200,462.5,19811200,448.8,19811000
1981-09-04 23:00:00,455.5,19811200,455.5,19811200,442.0,19811000
1981-09-08 23:00:00,448.5,19811200,448.5,19811200,435.5,19811000
1981-09-09 23:00:00,463.5,19811200,463.5,19811200,449.9,19811000
1981-09-10 23:00:00,464.5,19811200,464.5,19811200,450.8,19811000
1981-09-11 23:00:00,470.0,19811200,470.0,19811200,456.4,19811000
1981-09-14 23:00:00,476.4,19811200,476.4,19811200,462.8,19811000
1981-09-15 23:00:00,469.0,19811200,469.0,19811200,455.6,19811000
1981-09-16 23:00:00,466.0,19811200,466.0,19811200,452.9,19811000
1981-09-17 23:00:00,456.5,19811200,456.5,19811200,443.8,19811000
1981-09-18 23:00:00,465.0,19811200,465.0,19811200,452.4,19811000
1981-09-21 23:00:00,482.0,19811200,482.0,19811200,469.0,19811000
1981-09-22 23:00:00,475.0,19811200,475.0,19811200,462.4,19811000
1981-09-23 23:00:00,469.5,19811200,469.5,19811200,457.0,19811000
1981-09-24 23:00:00,459.5,19811200,459.5,19811200,447.5,19811000
1981-09-25 23:00:00,441.5,19811200,441.5,19811200,429.9,19811000
1981-09-28 23:00:00,441.8,19811200,441.8,19811200,430.6,19811000
1981-09-29 23:00:00,441.5,19811200,441.5,19811200,430.8,19811000
1981-09-30 23:00:00,455.4,19820200,455.4,19820200,443.0,19811200
1981-10-01 23:00:00,452.4,19820200,452.4,19820200,440.0,19811200
1981-10-02 23:00:00,459.9,19820200,459.9,19820200,447.5,19811200
1981-10-05 23:00:00,457.4,19820200,457.4,19820200,445.5,19811200
1981-10-06 23:00:00,473.7,19820200,473.7,19820200,461.5,19811200
1981-10-07 23:00:00,465.3,19820200,465.3,19820200,453.5,19811200
1981-10-08 23:00:00,469.5,19820200,469.5,19820200,457.5,19811200
1981-10-09 23:00:00,468.9,19820200,468.9,19820200,457.0,19811200
1981-10-12 23:00:00,463.5,19820200,463.5,19820200,452.0,19811200
1981-10-13 23:00:00,467.5,19820200,467.5,19820200,456.0,19811200
1981-10-14 23:00:00,463.6,19820200,463.6,19820200,452.0,19811200
1981-10-15 23:00:00,461.7,19820200,461.7,19820200,450.2,19811200
1981-10-16 23:00:00,458.8,19820200,458.8,19820200,447.5,19811200
1981-10-19 23:00:00,453.5,19820200,453.5,19820200,442.7,19811200
1981-10-20 23:00:00,448.2,19820200,448.2,19820200,437.5,19811200
1981-10-21 23:00:00,449.0,19820200,449.0,19820200,438.0,19811200
1981-10-22 23:00:00,450.2,19820200,450.2,19820200,439.2,19811200
1981-10-23 23:00:00,446.6,19820200,446.6,19820200,436.0,19811200
1981-10-26 23:00:00,440.1,19820200,440.1,19820200,429.8,19811200
1981-10-27 23:00:00,445.9,19820200,445.9,19820200,435.3,19811200
1981-10-28 23:00:00,438.7,19820200,438.7,19820200,428.0,19811200
1981-10-29 23:00:00,444.0,19820200,444.0,19820200,433.3,19811200
1981-10-30 23:00:00,441.6,19820200,441.6,19820200,431.2,19811200
1981-11-02 23:00:00,442.8,19820200,442.8,19820200,432.5,19811200
1981-11-03 23:00:00,444.6,19820200,444.6,19820200,434.2,19811200
1981-11-04 23:00:00,443.5,19820200,443.5,19820200,433.3,19811200
1981-11-05 23:00:00,441.3,19820200,441.3,19820200,431.2,19811200
1981-11-06 23:00:00,440.7,19820200,440.7,19820200,430.9,19811200
1981-11-09 23:00:00,432.3,19820200,432.3,19820200,423.5,19811200
1981-11-10 23:00:00,422.7,19820200,422.7,19820200,414.5,19811200
1981-11-11 23:00:00,420.3,19820200,420.3,19820200,412.1,19811200
1981-11-12 23:00:00,422.3,19820200,422.3,19820200,414.0,19811200
1981-11-13 23:00:00,423.4,19820200,423.4,19820200,415.2,19811200
1981-11-16 23:00:00,408.8,19820200,408.8,19820200,401.4,19811200
1981-11-17 23:00:00,413.0,19820200,413.0,19820200,405.0,19811200
1981-11-18 23:00:00,405.5,19820200,405.5,19820200,398.0,19811200
1981-11-19 23:00:00,407.4,19820200,407.4,19820200,400.5,19811200
1981-11-20 23:00:00,404.6,19820200,404.6,19820200,398.0,19811200
1981-11-23 23:00:00,399.9,19820200,399.9,19820200,394.0,19811200
1981-11-24 23:00:00,408.0,19820200,408.0,19820200,401.8,19811200
1981-11-25 23:00:00,419.0,19820200,419.0,19820200,412.5,19811200
1981-11-27 23:00:00,419.8,19820200,419.8,19820200,414.0,19811200
1981-11-30 23:00:00,413.3,19820200,413.3,19820200,408.3,19811200
1981-12-01 23:00:00,419.2,19820400,419.2,19820400,412.0,19820200
1981-12-02 23:00:00,436.5,19820400,436.5,19820400,429.0,19820200
1981-12-03 23:00:00,435.6,19820400,435.6,19820400,428.0,19820200
1981-12-04 23:00:00,436.3,19820400,436.3,19820400,429.0,19820200
1981-12-07 23:00:00,431.3,19820400,431.3,19820400,424.0,19820200
1981-12-08 23:00:00,422.9,19820400,422.9,19820400,415.8,19820200
1981-12-09 23:00:00,423.9,19820400,423.9,19820400,416.8,19820200
1981-12-10 23:00:00,421.1,19820400,421.1,19820400,413.5,19820200
1981-12-11 23:00:00,420.5,19820400,420.5,19820400,412.5,19820200
1981-12-14 23:00:00,427.8,19820400,427.8,19820400,419.5,19820200
1981-12-15 23:00:00,431.0,19820400,431.0,19820400,423.0,19820200
1981-12-16 23:00:00,436.5,19820400,436.5,19820400,428.3,19820200
1981-12-17 23:00:00,430.6,19820400,430.6,19820400,422.3,19820200
1981-12-18 23:00:00,426.2,19820400,426.2,19820400,418.2,19820200
1981-12-21 23:00:00,413.4,19820400,413.4,19820400,405.8,19820200
1981-12-22 23:00:00,416.1,19820400,416.1,19820400,408.4,19820200
1981-12-23 23:00:00,416.2,19820400,416.2,19820400,408.0,19820200
1981-12-24 23:00:00,414.4,19820400,414.4,19820400,406.3,19820200
1981-12-28 23:00:00,405.0,19820400,405.0,19820400,397.2,19820200
1981-12-29 23:00:00,407.0,19820400,407.0,19820400,399.0,19820200
1981-12-30 23:00:00,411.1,19820400,411.1,19820400,403.0,19820200
1981-12-31 23:00:00,410.4,19820400,410.4,19820400,402.8,19820200
1982-01-04 23:00:00,415.2,19820400,415.2,19820400,407.3,19820200
1982-01-05 23:00:00,413.6,19820400,413.6,19820400,405.6,19820200
1982-01-06 23:00:00,411.0,19820400,411.0,19820400,403.0,19820200
1982-01-07 23:00:00,410.0,19820400,410.0,19820400,402.0,19820200
1982-01-08 23:00:00,404.9,19820400,404.9,19820400,397.5,19820200
1982-01-11 23:00:00,395.1,19820400,395.1,19820400,388.0,19820200
1982-01-12 23:00:00,397.2,19820400,397.2,19820400,390.0,19820200
1982-01-13 23:00:00,386.6,19820400,386.6,19820400,379.6,19820200
1982-01-14 23:00:00,385.8,19820400,385.8,19820400,378.6,19820200
1982-01-15 23:00:00,379.0,19820400,379.0,19820400,372.0,19820200
1982-01-18 23:00:00,384.0,19820400,384.0,19820400,377.0,19820200
1982-01-19 23:00:00,378.2,19820400,378.2,19820400,371.2,19820200
1982-01-20 23:00:00,381.7,19820400,381.7,19820400,374.5,19820200
1982-01-21 23:00:00,383.8,19820400,383.8,19820400,376.5,19820200
1982-01-22 23:00:00,386.0,19820400,386.0,19820400,378.5,19820200
1982-01-25 23:00:00,383.1,19820400,383.1,19820400,375.6,19820200
1982-01-26 23:00:00,384.1,19820400,384.1,19820400,376.4,19820200
1982-01-27 23:00:00,391.6,19820400,391.6,19820400,384.2,19820200
1982-01-28 23:00:00,392.4,19820400,392.4,19820400,385.2,19820200
1982-01-29 23:00:00,391.8,19820400,391.8,19820400,384.6,19820200
1982-02-01 23:00:00,398.3,19820600,398.3,19820600,389.2,19820400
1982-02-02 23:00:00,393.8,19820600,393.8,19820600,384.7,19820400
1982-02-03 23:00:00,395.9,19820600,395.9,19820600,386.8,19820400
1982-02-04 23:00:00,403.0,19820600,403.0,19820600,393.8,19820400
1982-02-05 23:00:00,401.4,19820600,401.4,19820600,392.0,19820400
1982-02-08 23:00:00,396.3,19820600,396.3,19820600,386.8,19820400
1982-02-09 23:00:00,397.2,19820600,397.2,19820600,387.6,19820400
1982-02-10 23:00:00,400.9,19820600,400.9,19820600,391.3,19820400
1982-02-11 23:00:00,393.5,19820600,393.5,19820600,384.0,19820400
1982-02-12 23:00:00,394.2,19820600,394.2,19820600,384.9,19820400
1982-02-16 23:00:00,391.3,19820600,391.3,19820600,381.8,19820400
1982-02-17 23:00:00,390.5,19820600,390.5,19820600,381.1,19820400
1982-02-18 23:00:00,383.3,19820600,383.3,19820600,374.1,19820400
1982-02-19 23:00:00,378.3,19820600,378.3,19820600,369.3,19820400
1982-02-22 23:00:00,377.3,19820600,377.3,19820600,368.8,19820400
1982-02-23 23:00:00,375.8,19820600,375.8,19820600,367.7,19820400
1982-02-24 23:00:00,380.5,19820600,380.5,19820600,372.4,19820400
1982-02-25 23:00:00,377.9,19820600,377.9,19820600,369.8,19820400
1982-02-26 23:00:00,372.5,19820600,372.5,19820600,364.5,19820400
1982-03-01 23:00:00,373.8,19820600,373.8,19820600,365.8,19820400
1982-03-02 23:00:00,369.5,19820600,369.5,19820600,361.6,19820400
1982-03-03 23:00:00,361.8,19820600,361.8,19820600,354.2,19820400
1982-03-04 23:00:00,354.2,19820600,354.2,19820600,346.8,19820400
1982-03-05 23:00:00,343.4,19820600,343.4,19820600,336.3,19820400
1982-03-08 23:00:00,337.8,19820600,337.8,19820600,331.0,19820400
1982-03-09 23:00:00,343.1,19820600,343.1,19820600,336.0,19820400
1982-03-10 23:00:00,346.2,19820600,346.2,19820600,338.8,19820400
1982-03-11 23:00:00,337.2,19820600,337.2,19820600,330.0,19820400
1982-03-12 23:00:00,326.5,19820600,326.5,19820600,319.6,19820400
1982-03-15 23:00:00,333.3,19820600,333.3,19820600,326.2,19820400
1982-03-16 23:00:00,321.6,19820600,321.6,19820600,314.5,19820400
1982-03-17 23:00:00,326.3,19820600,326.3,19820600,319.3,19820400
1982-03-18 23:00:00,332.3,19820600,332.3,19820600,325.2,19820400
1982-03-19 23:00:00,324.8,19820600,324.8,19820600,317.7,19820400
1982-03-22 23:00:00,331.6,19820600,331.6,19820600,324.6,19820400
1982-03-23 23:00:00,333.9,19820600,333.9,19820600,327.0,19820400
1982-03-24 23:00:00,341.2,19820600,341.2,19820600,334.2,19820400
1982-03-25 23:00:00,333.6,19820600,333.6,19820600,326.7,19820400
1982-03-26 23:00:00,329.2,19820600,329.2,19820600,322.2,19820400
1982-03-29 23:00:00,330.5,19820600,330.5,19820600,323.2,19820400
1982-03-30 23:00:00,326.5,19820600,326.5,19820600,319.5,19820400
1982-03-31 23:00:00,341.9,19820800,341.9,19820800,334.2,19820600
1982-04-01 23:00:00,340.5,19820800,340.5,19820800,332.8,19820600
1982-04-02 23:00:00,344.6,19820800,344.6,19820800,336.8,19820600
1982-04-05 23:00:00,361.3,19820800,361.3,19820800,353.3,19820600
1982-04-06 23:00:00,375.7,19820800,375.7,19820800,367.0,19820600
1982-04-07 23:00:00,365.6,19820800,365.6,19820800,357.0,19820600
1982-04-08 23:00:00,374.7,19820800,374.7,19820800,366.0,19820600
1982-04-12 23:00:00,365.9,19820800,365.9,19820800,357.5,19820600
1982-04-13 23:00:00,371.2,19820800,371.2,19820800,362.7,19820600
1982-04-14 23:00:00,384.8,19820800,384.8,19820800,376.0,19820600
1982-04-15 23:00:00,380.5,19820800,380.5,19820800,371.8,19820600
1982-04-16 23:00:00,374.5,19820800,374.5,19820800,366.0,19820600
1982-04-19 23:00:00,354.4,19820800,354.4,19820800,346.5,19820600
1982-04-20 23:00:00,358.5,19820800,358.5,19820800,350.5,19820600
1982-04-21 23:00:00,356.7,19820800,356.7,19820800,349.1,19820600
1982-04-22 23:00:00,357.4,19820800,357.4,19820800,349.6,19820600
1982-04-23 23:00:00,364.5,19820800,364.5,19820800,356.7,19820600
1982-04-26 23:00:00,364.4,19820800,364.4,19820800,356.5,19820600
1982-04-27 23:00:00,367.9,19820800,367.9,19820800,360.0,19820600
1982-04-28 23:00:00,367.1,19820800,367.1,19820800,359.1,19820600
1982-04-29 23:00:00,368.6,19820800,368.6,19820800,360.5,19820600
1982-04-30 23:00:00,354.2,19820800,354.2,19820800,346.5,19820600
1982-05-03 23:00:00,356.8,19820800,356.8,19820800,349.0,19820600
1982-05-04 23:00:00,354.3,19820800,354.3,19820800,346.5,19820600
1982-05-05 23:00:00,347.4,19820800,347.4,19820800,339.8,19820600
1982-05-06 23:00:00,342.2,19820800,342.2,19820800,335.0,19820600
1982-05-07 23:00:00,343.6,19820800,343.6,19820800,336.5,19820600
1982-05-10 23:00:00,338.6,19820800,338.6,19820800,331.5,19820600
1982-05-11 23:00:00,343.1,19820800,343.1,19820800,335.8,19820600
1982-05-12 23:00:00,342.3,19820800,342.3,19820800,335.0,19820600
1982-05-13 23:00:00,340.8,19820800,340.8,19820800,333.5,19820600
1982-05-14 23:00:00,347.3,19820800,347.3,19820800,340.0,19820600
1982-05-17 23:00:00,343.6,19820800,343.6,19820800,336.2,19820600
1982-05-18 23:00:00,349.4,19820800,349.4,19820800,342.1,19820600
1982-05-19 23:00:00,350.0,19820800,350.0,19820800,342.5,19820600
1982-05-20 23:00:00,351.4,19820800,351.4,19820800,344.0,19820600
1982-05-21 23:00:00,344.4,19820800,344.4,19820800,337.2,19820600
1982-05-24 23:00:00,335.9,19820800,335.9,19820800,328.8,19820600
1982-05-25 23:00:00,336.6,19820800,336.6,19820800,329.5,19820600
1982-05-26 23:00:00,331.7,19820800,331.7,19820800,324.8,19820600
1982-05-27 23:00:00,333.3,19820800,333.3,19820800,326.4,19820600
1982-05-28 23:00:00,329.0,19820800,329.0,19820800,322.2,19820600
1982-06-01 23:00:00,323.8,19820800,323.8,19820800,317.4,19820600
1982-06-02 23:00:00,333.7,19821000,333.7,19821000,326.4,19820800
1982-06-03 23:00:00,330.7,19821000,330.7,19821000,323.5,19820800
1982-06-04 23:00:00,332.7,19821000,332.7,19821000,325.3,19820800
1982-06-07 23:00:00,350.1,19821000,350.1,19821000,342.5,19820800
1982-06-08 23:00:00,345.0,19821000,345.0,19821000,337.3,19820800
1982-06-09 23:00:00,340.8,19821000,340.8,19821000,333.2,19820800
1982-06-10 23:00:00,340.2,19821000,340.2,19821000,332.6,19820800
1982-06-11 23:00:00,340.6,19821000,340.6,19821000,333.2,19820800
1982-06-14 23:00:00,329.9,19821000,329.9,19821000,322.5,19820800
1982-06-15 23:00:00,328.4,19821000,328.4,19821000,321.0,19820800
1982-06-16 23:00:00,328.8,19821000,328.8,19821000,321.4,19820800
1982-06-17 23:00:00,319.6,19821000,319.6,19821000,312.2,19820800
1982-06-18 23:00:00,315.9,19821000,315.9,19821000,308.5,19820800
1982-06-21 23:00:00,312.3,19821000,312.3,19821000,305.0,19820800
1982-06-22 23:00:00,308.9,19821000,308.9,19821000,301.5,19820800
1982-06-23 23:00:00,318.5,19821000,318.5,19821000,311.0,19820800
1982-06-24 23:00:00,315.0,19821000,315.0,19821000,307.5,19820800
1982-06-25 23:00:00,318.0,19821000,318.0,19821000,310.2,19820800
1982-06-28 23:00:00,321.6,19821000,321.6,19821000,313.7,19820800
1982-06-29 23:00:00,325.8,19821000,325.8,19821000,318.0,19820800
1982-06-30 23:00:00,325.6,19821000,325.6,19821000,317.8,19820800
1982-07-01 23:00:00,324.0,19821000,324.0,19821000,316.5,19820800
1982-07-02 23:00:00,322.5,19821000,322.5,19821000,315.0,19820800
1982-07-06 23:00:00,318.7,19821000,318.7,19821000,311.5,19820800
1982-07-07 23:00:00,320.8,19821000,320.8,19821000,313.5,19820800
1982-07-08 23:00:00,332.1,19821000,332.1,19821000,324.7,19820800
1982-07-09 23:00:00,355.7,19821000,355.7,19821000,348.0,19820800
1982-07-12 23:00:00,351.2,19821000,351.2,19821000,343.5,19820800
1982-07-13 23:00:00,367.7,19821000,367.7,19821000,359.5,19820800
1982-07-14 23:00:00,357.3,19821000,357.3,19821000,349.2,19820800
1982-07-15 23:00:00,353.6,19821000,353.6,19821000,345.7,19820800
1982-07-16 23:00:00,359.4,19821000,359.4,19821000,351.5,19820800
1982-07-19 23:00:00,354.1,19821000,354.1,19821000,346.5,19820800
1982-07-20 23:00:00,368.0,19821000,368.0,19821000,360.3,19820800
1982-07-21 23:00:00,363.8,19821000,363.8,19821000,356.2,19820800
1982-07-22 23:00:00,367.0,19821000,367.0,19821000,359.5,19820800
1982-07-23 23:00:00,368.6,19821000,368.6,19821000,361.2,19820800
1982-07-26 23:00:00,362.7,19821000,362.7,19821000,355.5,19820800
1982-07-27 23:00:00,359.2,19821000,359.2,19821000,352.2,19820800
1982-07-28 23:00:00,346.0,19821000,346.0,19821000,339.5,19820800
1982-07-29 23:00:00,344.6,19821000,344.6,19821000,338.6,19820800
1982-07-30 23:00:00,355.5,19821200,355.5,19821200,348.6,19821000
1982-08-02 23:00:00,366.1,19821200,366.1,19821200,359.4,19821000
1982-08-03 23:00:00,358.0,19821200,358.0,19821200,351.4,19821000
1982-08-04 23:00:00,363.1,19821200,363.1,19821200,356.5,19821000
1982-08-05 23:00:00,356.8,19821200,356.8,19821200,350.3,19821000
1982-08-06 23:00:00,355.5,19821200,355.5,19821200,348.8,19821000
1982-08-09 23:00:00,346.5,19821200,346.5,19821200,340.0,19821000
1982-08-10 23:00:00,343.3,19821200,343.3,19821200,337.0,19821000
1982-08-11 23:00:00,344.5,19821200,344.5,19821200,338.2,19821000
1982-08-12 23:00:00,348.5,19821200,348.5,19821200,342.4,19821000
1982-08-13 23:00:00,344.9,19821200,344.9,19821200,338.8,19821000
1982-08-16 23:00:00,348.4,19821200,348.4,19821200,342.6,19821000
1982-08-17 23:00:00,354.5,19821200,354.5,19821200,348.7,19821000
1982-08-18 23:00:00,368.9,19821200,368.9,19821200,363.1,19821000
1982-08-19 23:00:00,384.5,19821200,384.5,19821200,378.6,19821000
1982-08-20 23:00:00,396.0,19821200,396.0,19821200,390.2,19821000
1982-08-23 23:00:00,408.7,19821200,408.7,19821200,402.9,19821000
1982-08-24 23:00:00,413.2,19821200,413.2,19821200,407.2,19821000
1982-08-25 23:00:00,417.0,19821200,417.0,19821200,410.9,19821000
1982-08-26 23:00:00,437.5,19821200,437.5,19821200,430.7,19821000
1982-08-27 23:00:00,413.0,19821200,413.0,19821200,406.5,19821000
1982-08-30 23:00:00,419.5,19821200,419.5,19821200,412.9,19821000
1982-08-31 23:00:00,418.5,19821200,418.5,19821200,411.8,19821000
1982-09-01 23:00:00,415.5,19821200,415.5,19821200,408.9,19821000
1982-09-02 23:00:00,440.5,19821200,440.5,19821200,433.9,19821000
1982-09-03 23:00:00,465.5,19821200,465.5,19821200,458.9,19821000
1982-09-07 23:00:00,481.0,19821200,481.0,19821200,473.3,19821000
1982-09-08 23:00:00,497.0,19821200,497.0,19821200,488.8,19821000
1982-09-09 23:00:00,472.0,19821200,472.0,19821200,463.8,19821000
1982-09-10 23:00:00,452.0,19821200,452.0,19821200,444.0,19821000
1982-09-13 23:00:00,457.0,19821200,457.0,19821200,449.0,19821000
1982-09-14 23:00:00,447.0,19821200,447.0,19821200,439.1,19821000
1982-09-15 23:00:00,454.5,19821200,454.5,19821200,446.5,19821000
1982-09-16 23:00:00,454.0,19821200,454.0,19821200,445.9,19821000
1982-09-17 23:00:00,443.0,19821200,443.0,19821200,435.1,19821000
1982-09-20 23:00:00,436.0,19821200,436.0,19821200,428.4,19821000
1982-09-21 23:00:00,447.0,19821200,447.0,19821200,439.1,19821000
1982-09-22 23:00:00,445.5,19821200,445.5,19821200,437.5,19821000
1982-09-23 23:00:00,447.3,19821200,447.3,19821200,439.3,19821000
1982-09-24 23:00:00,424.3,19821200,424.3,19821200,416.7,19821000
1982-09-27 23:00:00,412.0,19821200,412.0,19821200,404.7,19821000
1982-09-28 23:00:00,420.5,19821200,420.5,19821200,413.5,19821000
1982-09-29 23:00:00,407.0,19830200,407.0,19830200,400.0,19821200
1982-09-30 23:00:00,411.7,19830200,411.7,19830200,404.8,19821200
1982-10-01 23:00:00,419.9,19830200,419.9,19830200,413.0,19821200
1982-10-04 23:00:00,399.2,19830200,399.2,19830200,392.5,19821200
1982-10-05 23:00:00,405.2,19830200,405.2,19830200,398.4,19821200
1982-10-06 23:00:00,410.8,19830200,410.8,19830200,403.8,19821200
1982-10-07 23:00:00,435.8,19830200,435.8,19830200,428.8,19821200
1982-10-08 23:00:00,431.5,19830200,431.5,19830200,424.5,19821200
1982-10-11 23:00:00,456.5,19830200,456.5,19830200,449.5,19821200
1982-10-12 23:00:00,450.2,19830200,450.2,19830200,443.5,19821200
1982-10-13 23:00:00,466.7,19830200,466.7,19830200,460.0,19821200
1982-10-14 23:00:00,452.2,19830200,452.2,19830200,445.5,19821200
1982-10-15 23:00:00,439.7,19830200,439.7,19830200,433.0,19821200
1982-10-18 23:00:00,446.3,19830200,446.3,19830200,439.5,19821200
1982-10-19 23:00:00,433.6,19830200,433.6,19830200,427.0,19821200
1982-10-20 23:00:00,443.7,19830200,443.7,19830200,437.0,19821200
1982-10-21 23:00:00,434.1,19830200,434.1,19830200,427.5,19821200
1982-10-22 23:00:00,442.2,19830200,442.2,19830200,435.5,19821200
1982-10-25 23:00:00,427.0,19830200,427.0,19830200,420.5,19821200
1982-10-26 23:00:00,433.3,19830200,433.3,19830200,426.7,19821200
1982-10-27 23:00:00,431.6,19830200,431.6,19830200,425.0,19821200
1982-10-28 23:00:00,429.2,19830200,429.2,19830200,422.7,19821200
1982-10-29 23:00:00,429.5,19830200,429.5,19830200,423.0,19821200
1982-11-01 23:00:00,439.0,19830200,439.0,19830200,432.5,19821200
1982-11-03 23:00:00,432.4,19830200,432.4,19830200,426.0,19821200
1982-11-04 23:00:00,435.7,19830200,435.7,19830200,429.3,19821200
1982-11-05 23:00:00,425.2,19830200,425.2,19830200,419.0,19821200
1982-11-08 23:00:00,413.4,19830200,413.4,19830200,407.5,19821200
1982-11-09 23:00:00,420.0,19830200,420.0,19830200,414.0,19821200
1982-11-10 23:00:00,410.9,19830200,410.9,19830200,405.0,19821200
1982-11-11 23:00:00,412.1,19830200,412.1,19830200,406.0,19821200
1982-11-12 23:00:00,416.7,19830200,416.7,19830200,410.5,19821200
1982-11-15 23:00:00,412.8,19830200,412.8,19830200,406.5,19821200
1982-11-16 23:00:00,418.0,19830200,418.0,19830200,411.5,19821200
1982-11-17 23:00:00,414.9,19830200,414.9,19830200,408.5,19821200
1982-11-18 23:00:00,419.6,19830200,419.6,19830200,413.2,19821200
1982-11-19 23:00:00,421.2,19830200,421.2,19830200,414.8,19821200
1982-11-22 23:00:00,412.2,19830200,412.2,19830200,406.0,19821200
1982-11-23 23:00:00,411.4,19830200,411.4,19830200,405.3,19821200
1982-11-24 23:00:00,417.4,19830200,417.4,19830200,411.5,19821200
1982-11-26 23:00:00,433.9,19830200,433.9,19830200,427.3,19821200
1982-11-29 23:00:00,440.6,19830200,440.6,19830200,434.3,19821200
1982-11-30 23:00:00,456.2,19830400,456.2,19830400,449.0,19830200
1982-12-01 23:00:00,448.8,19830400,448.8,19830400,441.7,19830200
1982-12-02 23:00:00,456.7,19830400,456.7,19830400,449.5,19830200
1982-12-03 23:00:00,454.5,19830400,454.5,19830400,447.8,19830200
1982-12-06 23:00:00,458.8,19830400,458.8,19830400,452.0,19830200
1982-12-07 23:00:00,465.4,19830400,465.4,19830400,458.5,19830200
1982-12-08 23:00:00,451.4,19830400,451.4,19830400,444.5,19830200
1982-12-09 23:00:00,456.0,19830400,456.0,19830400,449.2,19830200
1982-12-10 23:00:00,448.3,19830400,448.3,19830400,441.5,19830200
1982-12-13 23:00:00,456.4,19830400,456.4,19830400,449.5,19830200
1982-12-14 23:00:00,443.5,19830400,443.5,19830400,436.8,19830200
1982-12-15 23:00:00,450.3,19830400,450.3,19830400,443.7,19830200
1982-12-16 23:00:00,452.6,19830400,452.6,19830400,446.0,19830200
1982-12-17 23:00:00,450.8,19830400,450.8,19830400,444.2,19830200
1982-12-20 23:00:00,453.5,19830400,453.5,19830400,446.9,19830200
1982-12-21 23:00:00,462.1,19830400,462.1,19830400,455.5,19830200
1982-12-22 23:00:00,454.6,19830400,454.6,19830400,448.0,19830200
1982-12-23 23:00:00,457.3,19830400,457.3,19830400,450.8,19830200
1982-12-27 23:00:00,468.8,19830400,468.8,19830400,462.2,19830200
1982-12-28 23:00:00,466.6,19830400,466.6,19830400,460.0,19830200
1982-12-29 23:00:00,472.2,19830400,472.2,19830400,465.5,19830200
1982-12-30 23:00:00,459.6,19830400,459.6,19830400,453.0,19830200
1983-01-03 23:00:00,460.0,19830400,460.0,19830400,453.4,19830200
1983-01-04 23:00:00,463.4,19830400,463.4,19830400,456.7,19830200
1983-01-05 23:00:00,467.8,19830400,467.8,19830400,461.0,19830200
1983-01-06 23:00:00,463.3,19830400,463.3,19830400,456.5,19830200
1983-01-07 23:00:00,476.4,19830400,476.4,19830400,469.5,19830200
1983-01-10 23:00:00,490.3,19830400,490.3,19830400,483.2,19830200
1983-01-11 23:00:00,489.5,19830400,489.5,19830400,482.4,19830200
1983-01-12 23:00:00,499.7,19830400,499.7,19830400,492.6,19830200
1983-01-13 23:00:00,497.1,19830400,497.1,19830400,490.0,19830200
1983-01-14 23:00:00,497.1,19830400,497.1,19830400,490.0,19830200
1983-01-17 23:00:00,499.6,19830400,499.6,19830400,492.5,19830200
1983-01-18 23:00:00,511.0,19830400,511.0,19830400,503.8,19830200
1983-01-19 23:00:00,496.7,19830400,496.7,19830400,489.6,19830200
1983-01-20 23:00:00,499.7,19830400,499.7,19830400,492.5,19830200
1983-01-21 23:00:00,492.3,19830400,492.3,19830400,485.0,19830200
1983-01-24 23:00:00,489.9,19830400,489.9,19830400,482.5,19830200
1983-01-25 23:00:00,497.8,19830400,497.8,19830400,490.0,19830200
1983-01-26 23:00:00,499.1,19830400,499.1,19830400,491.3,19830200
1983-01-27 23:00:00,504.1,19830400,504.1,19830400,496.0,19830200
1983-01-28 23:00:00,502.8,19830400,502.8,19830400,494.8,19830200
1983-01-31 23:00:00,518.2,19830400,518.2,19830400,510.1,19830200
1983-02-01 23:00:00,519.5,19830600,519.5,19830600,511.5,19830400
1983-02-02 23:00:00,523.1,19830600,523.1,19830600,515.0,19830400
1983-02-03 23:00:00,511.9,19830600,511.9,19830600,504.0,19830400
1983-02-04 23:00:00,508.8,19830600,508.8,19830600,501.0,19830400
1983-02-07 23:00:00,508.8,19830600,508.8,19830600,501.0,19830400
1983-02-08 23:00:00,507.0,19830600,507.0,19830600,499.2,19830400
1983-02-09 23:00:00,506.0,19830600,506.0,19830600,498.3,19830400
1983-02-10 23:00:00,517.2,19830600,517.2,19830600,509.5,19830400
1983-02-11 23:00:00,517.7,19830600,517.7,19830600,510.0,19830400
1983-02-14 23:00:00,521.9,19830600,521.9,19830600,514.2,19830400
1983-02-15 23:00:00,519.2,19830600,519.2,19830600,511.5,19830400
1983-02-16 23:00:00,518.6,19830600,518.6,19830600,511.0,19830400
1983-02-17 23:00:00,515.6,19830600,515.6,19830600,508.0,19830400
1983-02-18 23:00:00,518.0,19830600,518.0,19830600,510.5,19830400
1983-02-22 23:00:00,493.0,19830600,493.0,19830600,485.5,19830400
1983-02-23 23:00:00,478.4,19830600,478.4,19830600,471.5,19830400
1983-02-24 23:00:00,480.5,19830600,480.5,19830600,473.7,19830400
1983-02-25 23:00:00,455.5,19830600,455.5,19830600,448.7,19830400
1983-02-28 23:00:00,430.5,19830600,430.5,19830600,423.7,19830400
1983-03-01 23:00:00,421.0,19830600,421.0,19830600,415.0,19830400
1983-03-02 23:00:00,442.0,19830600,442.0,19830600,436.0,19830400
1983-03-03 23:00:00,439.0,19830600,439.0,19830600,433.0,19830400
1983-03-04 23:00:00,425.6,19830600,425.6,19830600,420.0,19830400
1983-03-07 23:00:00,435.3,19830600,435.3,19830600,429.5,19830400
1983-03-08 23:00:00,430.3,19830600,430.3,19830600,424.5,19830400
1983-03-09 23:00:00,432.3,19830600,432.3,19830600,426.3,19830400
1983-03-10 23:00:00,439.1,19830600,439.1,19830600,433.0,19830400
1983-03-11 23:00:00,435.3,19830600,435.3,19830600,429.3,19830400
1983-03-14 23:00:00,444.7,19830600,444.7,19830600,438.5,19830400
1983-03-15 23:00:00,433.9,19830600,433.9,19830600,427.8,19830400
1983-03-16 23:00:00,425.4,19830600,425.4,19830600,419.5,19830400
1983-03-17 23:00:00,426.7,19830600,426.7,19830600,420.8,19830400
1983-03-18 23:00:00,422.4,19830600,422.4,19830600,416.5,19830400
1983-03-21 23:00:00,427.0,19830600,427.0,19830600,421.0,19830400
1983-03-22 23:00:00,425.5,19830600,425.5,19830600,419.5,19830400
1983-03-23 23:00:00,424.5,19830600,424.5,19830600,418.5,19830400
1983-03-24 23:00:00,416.4,19830600,416.4,19830600,410.5,19830400
1983-03-25 23:00:00,420.4,19830600,420.4,19830600,414.5,19830400
1983-03-28 23:00:00,418.2,19830600,418.2,19830600,412.3,19830400
1983-03-29 23:00:00,422.2,19830600,422.2,19830600,415.8,19830400
1983-03-30 23:00:00,426.1,19830800,426.1,19830800,419.5,19830600
1983-03-31 23:00:00,428.6,19830800,428.6,19830800,422.0,19830600
1983-04-04 23:00:00,440.2,19830800,440.2,19830800,433.5,19830600
1983-04-05 23:00:00,441.5,19830800,441.5,19830800,434.8,19830600
1983-04-06 23:00:00,442.1,19830800,442.1,19830800,435.5,19830600
1983-04-07 23:00:00,437.6,19830800,437.6,19830800,431.0,19830600
1983-04-08 23:00:00,433.8,19830800,433.8,19830800,427.2,19830600
1983-04-11 23:00:00,443.4,19830800,443.4,19830800,436.8,19830600
1983-04-12 23:00:00,443.6,19830800,443.6,19830800,437.0,19830600
1983-04-13 23:00:00,444.0,19830800,444.0,19830800,437.4,19830600
1983-04-14 23:00:00,449.6,19830800,449.6,19830800,443.0,19830600
1983-04-15 23:00:00,448.8,19830800,448.8,19830800,442.2,19830600
1983-04-18 23:00:00,456.5,19830800,456.5,19830800,449.8,19830600
1983-04-19 23:00:00,444.1,19830800,444.1,19830800,437.5,19830600
1983-04-20 23:00:00,449.7,19830800,449.7,19830800,443.0,19830600
1983-04-21 23:00:00,446.3,19830800,446.3,19830800,439.7,19830600
1983-04-22 23:00:00,449.9,19830800,449.9,19830800,443.3,19830600
1983-04-25 23:00:00,447.5,19830800,447.5,19830800,440.8,19830600
1983-04-26 23:00:00,448.9,19830800,448.9,19830800,442.3,19830600
1983-04-27 23:00:00,441.5,19830800,441.5,19830800,435.0,19830600
1983-04-28 23:00:00,440.7,19830800,440.7,19830800,434.2,19830600
1983-04-29 23:00:00,440.0,19830800,440.0,19830800,433.5,19830600
1983-05-02 23:00:00,438.8,19830800,438.8,19830800,432.3,19830600
1983-05-03 23:00:00,443.0,19830800,443.0,19830800,436.4,19830600
1983-05-04 23:00:00,444.2,19830800,444.2,19830800,437.7,19830600
1983-05-05 23:00:00,441.2,19830800,441.2,19830800,434.8,19830600
1983-05-06 23:00:00,446.0,19830800,446.0,19830800,439.5,19830600
1983-05-09 23:00:00,450.4,19830800,450.4,19830800,443.8,19830600
1983-05-10 23:00:00,451.8,19830800,451.8,19830800,445.3,19830600
1983-05-11 23:00:00,452.2,19830800,452.2,19830800,445.7,19830600
1983-05-12 23:00:00,446.8,19830800,446.8,19830800,440.4,19830600
1983-05-13 23:00:00,449.2,19830800,449.2,19830800,442.8,19830600
1983-05-16 23:00:00,446.7,19830800,446.7,19830800,440.2,19830600
1983-05-17 23:00:00,450.9,19830800,450.9,19830800,444.3,19830600
1983-05-18 23:00:00,447.8,19830800,447.8,19830800,441.2,19830600
1983-05-19 23:00:00,445.9,19830800,445.9,19830800,439.3,19830600
1983-05-20 23:00:00,444.6,19830800,444.6,19830800,438.0,19830600
1983-05-23 23:00:00,445.7,19830800,445.7,19830800,439.0,19830600
1983-05-24 23:00:00,444.3,19830800,444.3,19830800,437.5,19830600
1983-05-25 23:00:00,447.1,19830800,447.1,19830800,440.1,19830600
1983-05-26 23:00:00,444.4,19830800,444.4,19830800,437.3,19830600
1983-05-27 23:00:00,442.8,19830800,442.8,19830800,435.9,19830600
1983-05-31 23:00:00,418.5,19830800,418.5,19830800,412.0,19830600
1983-06-01 23:00:00,418.3,19831000,418.3,19831000,411.5,19830800
1983-06-02 23:00:00,424.6,19831000,424.6,19831000,417.8,19830800
1983-06-03 23:00:00,424.8,19831000,424.8,19831000,418.0,19830800
1983-06-06 23:00:00,414.2,19831000,414.2,19831000,407.5,19830800
1983-06-07 23:00:00,416.7,19831000,416.7,19831000,409.9,19830800
1983-06-08 23:00:00,414.9,19831000,414.9,19831000,408.0,19830800
1983-06-09 23:00:00,425.0,19831000,425.0,19831000,418.0,19830800
1983-06-10 23:00:00,419.4,19831000,419.4,19831000,412.4,19830800
1983-06-13 23:00:00,425.5,19831000,425.5,19831000,418.5,19830800
1983-06-14 23:00:00,423.1,19831000,423.1,19831000,416.2,19830800
1983-06-15 23:00:00,420.8,19831000,420.8,19831000,413.9,19830800
1983-06-16 23:00:00,426.7,19831000,426.7,19831000,419.7,19830800
1983-06-17 23:00:00,424.8,19831000,424.8,19831000,417.8,19830800
1983-06-20 23:00:00,427.4,19831000,427.4,19831000,420.3,19830800
1983-06-21 23:00:00,430.0,19831000,430.0,19831000,422.8,19830800
1983-06-22 23:00:00,431.4,19831000,431.4,19831000,424.2,19830800
1983-06-23 23:00:00,432.5,19831000,432.5,19831000,425.3,19830800
1983-06-24 23:00:00,434.1,19831000,434.1,19831000,426.8,19830800
1983-06-27 23:00:00,426.1,19831000,426.1,19831000,419.0,19830800
1983-06-28 23:00:00,424.6,19831000,424.6,19831000,417.5,19830800
1983-06-29 23:00:00,426.4,19831000,426.4,19831000,419.3,19830800
1983-06-30 23:00:00,425.4,19831000,425.4,19831000,418.5,19830800
1983-07-01 23:00:00,428.2,19831000,428.2,19831000,421.2,19830800
1983-07-05 23:00:00,423.0,19831000,423.0,19831000,416.0,19830800
1983-07-06 23:00:00,422.5,19831000,422.5,19831000,415.5,19830800
1983-07-07 23:00:00,440.0,19831000,440.0,19831000,432.8,19830800
1983-07-08 23:00:00,437.8,19831000,437.8,19831000,430.3,19830800
1983-07-11 23:00:00,440.3,19831000,440.3,19831000,432.7,19830800
1983-07-12 23:00:00,437.6,19831000,437.6,19831000,430.0,19830800
1983-07-13 23:00:00,434.0,19831000,434.0,19831000,426.5,19830800
1983-07-14 23:00:00,429.7,19831000,429.7,19831000,422.3,19830800
1983-07-15 23:00:00,429.1,19831000,429.1,19831000,421.7,19830800
1983-07-18 23:00:00,433.6,19831000,433.6,19831000,426.3,19830800
1983-07-19 23:00:00,432.1,19831000,432.1,19831000,424.8,19830800
1983-07-20 23:00:00,437.6,19831000,437.6,19831000,430.2,19830800
1983-07-21 23:00:00,431.1,19831000,431.1,19831000,423.8,19830800
1983-07-22 23:00:00,433.1,19831000,433.1,19831000,425.7,19830800
1983-07-25 23:00:00,435.8,19831000,435.8,19831000,428.3,19830800
1983-07-26 23:00:00,434.3,19831000,434.3,19831000,426.7,19830800
1983-07-27 23:00:00,432.6,19831000,432.6,19831000,425.0,19830800
1983-07-28 23:00:00,432.7,19831000,432.7,19831000,425.1,19830800
1983-07-29 23:00:00,420.0,19831000,420.0,19831000,412.8,19830800
1983-08-01 23:00:00,426.5,19831200,426.5,19831200,419.3,19831000
1983-08-02 23:00:00,428.0,19831200,428.0,19831200,420.7,19831000
1983-08-03 23:00:00,429.2,19831200,429.2,19831200,421.9,19831000
1983-08-04 23:00:00,424.4,19831200,424.4,19831200,417.2,19831000
1983-08-05 23:00:00,426.8,19831200,426.8,19831200,419.6,19831000
1983-08-08 23:00:00,425.3,19831200,425.3,19831200,418.0,19831000
1983-08-09 23:00:00,423.0,19831200,423.0,19831200,415.8,19831000
1983-08-10 23:00:00,424.9,19831200,424.9,19831200,417.6,19831000
1983-08-11 23:00:00,423.6,19831200,423.6,19831200,416.4,19831000
1983-08-12 23:00:00,426.2,19831200,426.2,19831200,418.9,19831000
1983-08-15 23:00:00,432.8,19831200,432.8,19831200,425.5,19831000
1983-08-16 23:00:00,432.2,19831200,432.2,19831200,425.0,19831000
1983-08-17 23:00:00,434.0,19831200,434.0,19831200,426.8,19831000
1983-08-18 23:00:00,432.7,19831200,432.7,19831200,425.5,19831000
1983-08-19 23:00:00,430.3,19831200,430.3,19831200,423.0,19831000
1983-08-22 23:00:00,437.6,19831200,437.6,19831200,430.3,19831000
1983-08-23 23:00:00,436.8,19831200,436.8,19831200,429.5,19831000
1983-08-24 23:00:00,433.4,19831200,433.4,19831200,426.1,19831000
1983-08-25 23:00:00,428.7,19831200,428.7,19831200,421.4,19831000
1983-08-26 23:00:00,430.8,19831200,430.8,19831200,423.5,19831000
1983-08-29 23:00:00,428.5,19831200,428.5,19831200,421.3,19831000
1983-08-30 23:00:00,428.5,19831200,428.5,19831200,421.3,19831000
1983-08-31 23:00:00,424.8,19831200,424.8,19831200,417.7,19831000
1983-09-01 23:00:00,425.8,19831200,425.8,19831200,418.7,19831000
1983-09-02 23:00:00,427.0,19831200,427.0,19831200,419.9,19831000
1983-09-06 23:00:00,422.3,19831200,422.3,19831200,415.3,19831000
1983-09-07 23:00:00,423.9,19831200,423.9,19831200,417.0,19831000
1983-09-08 23:00:00,424.3,19831200,424.3,19831200,417.4,19831000
1983-09-09 23:00:00,422.9,19831200,422.9,19831200,415.9,19831000
1983-09-12 23:00:00,414.0,19831200,414.0,19831200,407.4,19831000
1983-09-13 23:00:00,415.7,19831200,415.7,19831200,409.1,19831000
1983-09-14 23:00:00,416.5,19831200,416.5,19831200,409.9,19831000
1983-09-15 23:00:00,413.2,19831200,413.2,19831200,406.6,19831000
1983-09-16 23:00:00,418.7,19831200,418.7,19831200,412.1,19831000
1983-09-19 23:00:00,421.5,19831200,421.5,19831200,414.9,19831000
1983-09-20 23:00:00,419.2,19831200,419.2,19831200,412.7,19831000
1983-09-21 23:00:00,419.1,19831200,419.1,19831200,412.7,19831000
1983-09-22 23:00:00,419.5,19831200,419.5,19831200,413.0,19831000
1983-09-23 23:00:00,423.6,19831200,423.6,19831200,417.1,19831000
1983-09-26 23:00:00,421.9,19831200,421.9,19831200,415.5,19831000
1983-09-27 23:00:00,420.2,19831200,420.2,19831200,413.9,19831000
1983-09-28 23:00:00,417.6,19831200,417.6,19831200,411.0,19831000
1983-09-29 23:00:00,418.3,19840200,418.3,19840200,411.5,19831200
1983-09-30 23:00:00,414.4,19840200,414.4,19840200,407.8,19831200
1983-10-03 23:00:00,402.8,19840200,402.8,19840200,396.4,19831200
1983-10-04 23:00:00,405.2,19840200,405.2,19840200,398.8,19831200
1983-10-05 23:00:00,408.7,19840200,408.7,19840200,402.3,19831200
1983-10-06 23:00:00,406.9,19840200,406.9,19840200,400.5,19831200
1983-10-07 23:00:00,411.8,19840200,411.8,19840200,405.3,19831200
1983-10-10 23:00:00,415.0,19840200,415.0,19840200,408.4,19831200
1983-10-11 23:00:00,409.5,19840200,409.5,19840200,403.0,19831200
1983-10-12 23:00:00,408.3,19840200,408.3,19840200,401.8,19831200
1983-10-13 23:00:00,410.2,19840200,410.2,19840200,403.7,19831200
1983-10-14 23:00:00,410.2,19840200,410.2,19840200,403.7,19831200
1983-10-17 23:00:00,408.0,19840200,408.0,19840200,401.6,19831200
1983-10-18 23:00:00,406.6,19840200,406.6,19840200,400.3,19831200
1983-10-19 23:00:00,401.0,19840200,401.0,19840200,394.8,19831200
1983-10-20 23:00:00,403.7,19840200,403.7,19840200,397.5,19831200
1983-10-21 23:00:00,403.1,19840200,403.1,19840200,396.8,19831200
1983-10-24 23:00:00,408.2,19840200,408.2,19840200,401.8,19831200
1983-10-25 23:00:00,407.2,19840200,407.2,19840200,400.8,19831200
1983-10-26 23:00:00,395.5,19840200,395.5,19840200,389.3,19831200
1983-10-27 23:00:00,395.3,19840200,395.3,19840200,389.0,19831200
1983-10-28 23:00:00,396.1,19840200,396.1,19840200,389.8,19831200
1983-10-31 23:00:00,385.0,19840200,385.0,19840200,378.8,19831200
1983-11-01 23:00:00,387.0,19840200,387.0,19840200,380.8,19831200
1983-11-02 23:00:00,391.7,19840200,391.7,19840200,385.5,19831200
1983-11-03 23:00:00,391.3,19840200,391.3,19840200,385.0,19831200
1983-11-04 23:00:00,388.5,19840200,388.5,19840200,382.3,19831200
1983-11-07 23:00:00,389.6,19840200,389.6,19840200,383.4,19831200
1983-11-08 23:00:00,389.3,19840200,389.3,19840200,383.0,19831200
1983-11-09 23:00:00,389.8,19840200,389.8,19840200,383.5,19831200
1983-11-10 23:00:00,389.7,19840200,389.7,19840200,383.4,19831200
1983-11-11 23:00:00,392.0,19840200,392.0,19840200,385.7,19831200
1983-11-14 23:00:00,390.4,19840200,390.4,19840200,384.1,19831200
1983-11-15 23:00:00,390.5,19840200,390.5,19840200,384.2,19831200
1983-11-16 23:00:00,382.3,19840200,382.3,19840200,376.3,19831200
1983-11-17 23:00:00,384.2,19840200,384.2,19840200,378.2,19831200
1983-11-18 23:00:00,382.3,19840200,382.3,19840200,376.3,19831200
1983-11-21 23:00:00,382.7,19840200,382.7,19840200,376.7,19831200
1983-11-22 23:00:00,382.2,19840200,382.2,19840200,376.2,19831200
1983-11-23 23:00:00,381.7,19840200,381.7,19840200,375.7,19831200
1983-11-25 23:00:00,383.3,19840200,383.3,19840200,377.2,19831200
1983-11-28 23:00:00,401.7,19840200,401.7,19840200,395.2,19831200
1983-11-29 23:00:00,403.8,19840200,403.8,19840200,397.6,19831200
1983-11-30 23:00:00,415.9,19840400,415.9,19840400,409.0,19840200
1983-12-01 23:00:00,413.7,19840400,413.7,19840400,406.9,19840200
1983-12-02 23:00:00,410.7,19840400,410.7,19840400,404.1,19840200
1983-12-05 23:00:00,411.1,19840400,411.1,19840400,404.5,19840200
1983-12-06 23:00:00,411.0,19840400,411.0,19840400,404.4,19840200
1983-12-07 23:00:00,415.5,19840400,415.5,19840400,408.8,19840200
1983-12-08 23:00:00,400.5,19840400,400.5,19840400,394.0,19840200
1983-12-09 23:00:00,400.0,19840400,400.0,19840400,393.4,19840200
1983-12-12 23:00:00,402.1,19840400,402.1,19840400,395.5,19840200
1983-12-13 23:00:00,402.0,19840400,402.0,19840400,395.3,19840200
1983-12-14 23:00:00,400.1,19840400,400.1,19840400,393.4,19840200
1983-12-15 23:00:00,391.6,19840400,391.6,19840400,385.1,19840200
1983-12-16 23:00:00,383.4,19840400,383.4,19840400,377.0,19840200
1983-12-19 23:00:00,383.7,19840400,383.7,19840400,377.3,19840200
1983-12-20 23:00:00,389.8,19840400,389.8,19840400,383.4,19840200
1983-12-21 23:00:00,387.1,19840400,387.1,19840400,381.7,19840200
1983-12-22 23:00:00,392.1,19840400,392.1,19840400,385.7,19840200
1983-12-23 23:00:00,390.0,19840400,390.0,19840400,383.6,19840200
1983-12-27 23:00:00,389.3,19840400,389.3,19840400,382.9,19840200
1983-12-28 23:00:00,388.0,19840400,388.0,19840400,381.6,19840200
1983-12-29 23:00:00,391.9,19840400,391.9,19840400,385.5,19840200
1983-12-30 23:00:00,394.4,19840400,394.4,19840400,388.0,19840200
1984-01-03 23:00:00,388.0,19840400,388.0,19840400,381.7,19840200
1984-01-04 23:00:00,386.0,19840400,386.0,19840400,379.7,19840200
1984-01-05 23:00:00,383.9,19840400,383.9,19840400,377.7,19840200
1984-01-06 23:00:00,376.1,19840400,376.1,19840400,370.0,19840200
1984-01-09 23:00:00,373.6,19840400,373.6,19840400,367.7,19840200
1984-01-10 23:00:00,376.1,19840400,376.1,19840400,370.2,19840200
1984-01-11 23:00:00,378.8,19840400,378.8,19840400,372.9,19840200
1984-01-12 23:00:00,377.7,19840400,377.7,19840400,371.8,19840200
1984-01-13 23:00:00,378.4,19840400,378.4,19840400,372.5,19840200
1984-01-16 23:00:00,377.1,19840400,377.1,19840400,371.3,19840200
1984-01-17 23:00:00,376.7,19840400,376.7,19840400,370.8,19840200
1984-01-18 23:00:00,376.0,19840400,376.0,19840400,370.2,19840200
1984-01-19 23:00:00,381.3,19840400,381.3,19840400,375.3,19840200
1984-01-20 23:00:00,378.2,19840400,378.2,19840400,372.4,19840200
1984-01-23 23:00:00,372.1,19840400,372.1,19840400,366.3,19840200
1984-01-24 23:00:00,372.5,19840400,372.5,19840400,366.8,19840200
1984-01-25 23:00:00,373.2,19840400,373.2,19840400,367.5,19840200
1984-01-26 23:00:00,372.0,19840400,372.0,19840400,366.3,19840200
1984-01-27 23:00:00,375.4,19840400,375.4,19840400,369.5,19840200
1984-01-30 23:00:00,375.8,19840400,375.8,19840400,370.2,19840200
1984-01-31 23:00:00,385.3,19840600,385.3,19840600,379.2,19840400
1984-02-01 23:00:00,391.1,19840600,391.1,19840600,384.9,19840400
1984-02-02 23:00:00,398.0,19840600,398.0,19840600,391.8,19840400
1984-02-03 23:00:00,397.8,19840600,397.8,19840600,391.5,19840400
1984-02-06 23:00:00,393.3,19840600,393.3,19840600,387.0,19840400
1984-02-07 23:00:00,392.4,19840600,392.4,19840600,386.2,19840400
1984-02-08 23:00:00,393.6,19840600,393.6,19840600,387.3,19840400
1984-02-09 23:00:00,389.8,19840600,389.8,19840600,383.6,19840400
1984-02-10 23:00:00,388.8,19840600,388.8,19840600,382.5,19840400
1984-02-13 23:00:00,388.0,19840600,388.0,19840600,381.8,19840400
1984-02-14 23:00:00,394.0,19840600,394.0,19840600,387.8,19840400
1984-02-15 23:00:00,392.0,19840600,392.0,19840600,385.7,19840400
1984-02-16 23:00:00,393.8,19840600,393.8,19840600,387.4,19840400
1984-02-17 23:00:00,395.1,19840600,395.1,19840600,388.7,19840400
1984-02-21 23:00:00,398.9,19840600,398.9,19840600,392.4,19840400
1984-02-22 23:00:00,410.2,19840600,410.2,19840600,403.5,19840400
1984-02-23 23:00:00,409.6,19840600,409.6,19840600,402.8,19840400
1984-02-24 23:00:00,406.2,19840600,406.2,19840600,399.5,19840400
1984-02-27 23:00:00,411.8,19840600,411.8,19840600,405.0,19840400
1984-02-28 23:00:00,405.0,19840600,405.0,19840600,398.3,19840400
1984-02-29 23:00:00,405.6,19840600,405.6,19840600,398.9,19840400
1984-03-01 23:00:00,404.5,19840600,404.5,19840600,397.8,19840400
1984-03-02 23:00:00,410.5,19840600,410.5,19840600,403.7,19840400
1984-03-05 23:00:00,414.2,19840600,414.2,19840600,407.3,19840400
1984-03-06 23:00:00,413.9,19840600,413.9,19840600,407.0,19840400
1984-03-07 23:00:00,407.9,19840600,407.9,19840600,401.2,19840400
1984-03-08 23:00:00,412.1,19840600,412.1,19840600,405.3,19840400
1984-03-09 23:00:00,409.7,19840600,409.7,19840600,402.8,19840400
1984-03-12 23:00:00,405.1,19840600,405.1,19840600,398.3,19840400
1984-03-13 23:00:00,407.1,19840600,407.1,19840600,400.4,19840400
1984-03-14 23:00:00,402.4,19840600,402.4,19840600,395.8,19840400
1984-03-15 23:00:00,401.3,19840600,401.3,19840600,394.7,19840400
1984-03-16 23:00:00,401.9,19840600,401.9,19840600,395.3,19840400
1984-03-19 23:00:00,402.2,19840600,402.2,19840600,395.5,19840400
1984-03-20 23:00:00,402.1,19840600,402.1,19840600,395.3,19840400
1984-03-21 23:00:00,400.8,19840600,400.8,19840600,394.0,19840400
1984-03-22 23:00:00,394.5,19840600,394.5,19840600,387.8,19840400
1984-03-23 23:00:00,393.5,19840600,393.5,19840600,386.8,19840400
1984-03-26 23:00:00,395.2,19840600,395.2,19840600,388.5,19840400
1984-03-27 23:00:00,394.0,19840600,394.0,19840600,387.3,19840400
1984-03-28 23:00:00,397.2,19840600,397.2,19840600,390.3,19840400
1984-03-29 23:00:00,396.7,19840600,396.7,19840600,389.8,19840400
1984-03-30 23:00:00,401.2,19840800,401.2,19840800,394.3,19840600
1984-04-02 23:00:00,392.5,19840800,392.5,19840800,385.7,19840600
1984-04-03 23:00:00,394.3,19840800,394.3,19840800,387.5,19840600
1984-04-04 23:00:00,395.0,19840800,395.0,19840800,388.2,19840600
1984-04-05 23:00:00,392.2,19840800,392.2,19840800,385.4,19840600
1984-04-06 23:00:00,393.8,19840800,393.8,19840800,387.1,19840600
1984-04-09 23:00:00,394.7,19840800,394.7,19840800,388.0,19840600
1984-04-10 23:00:00,394.6,19840800,394.6,19840800,387.9,19840600
1984-04-11 23:00:00,395.4,19840800,395.4,19840800,388.7,19840600
1984-04-12 23:00:00,391.4,19840800,391.4,19840800,384.7,19840600
1984-04-13 23:00:00,393.8,19840800,393.8,19840800,387.0,19840600
1984-04-16 23:00:00,391.3,19840800,391.3,19840800,384.5,19840600
1984-04-17 23:00:00,392.4,19840800,392.4,19840800,385.6,19840600
1984-04-18 23:00:00,398.8,19840800,398.8,19840800,392.0,19840600
1984-04-19 23:00:00,395.7,19840800,395.7,19840800,388.8,19840600
1984-04-23 23:00:00,397.5,19840800,397.5,19840800,390.6,19840600
1984-04-24 23:00:00,392.9,19840800,392.9,19840800,386.1,19840600
1984-04-25 23:00:00,392.7,19840800,392.7,19840800,385.9,19840600
1984-04-26 23:00:00,387.9,19840800,387.9,19840800,381.2,19840600
1984-04-27 23:00:00,388.2,19840800,388.2,19840800,381.5,19840600
1984-04-30 23:00:00,386.3,19840800,386.3,19840800,379.6,19840600
1984-05-01 23:00:00,387.0,19840800,387.0,19840800,380.3,19840600
1984-05-02 23:00:00,388.0,19840800,388.0,19840800,381.3,19840600
1984-05-03 23:00:00,388.1,19840800,388.1,19840800,381.3,19840600
1984-05-04 23:00:00,385.3,19840800,385.3,19840800,378.5,19840600
1984-05-07 23:00:00,381.3,19840800,381.3,19840800,374.5,19840600
1984-05-08 23:00:00,382.8,19840800,382.8,19840800,375.9,19840600
1984-05-09 23:00:00,380.2,19840800,380.2,19840800,373.3,19840600
1984-05-10 23:00:00,382.0,19840800,382.0,19840800,375.0,19840600
1984-05-11 23:00:00,380.4,19840800,380.4,19840800,373.3,19840600
1984-05-14 23:00:00,382.6,19840800,382.6,19840800,375.5,19840600
1984-05-15 23:00:00,383.6,19840800,383.6,19840800,376.4,19840600
1984-05-16 23:00:00,385.2,19840800,385.2,19840800,378.1,19840600
1984-05-17 23:00:00,383.4,19840800,383.4,19840800,376.4,19840600
1984-05-18 23:00:00,386.6,19840800,386.6,19840800,379.6,19840600
1984-05-21 23:00:00,387.1,19840800,387.1,19840800,380.2,19840600
1984-05-22 23:00:00,387.3,19840800,387.3,19840800,380.4,19840600
1984-05-23 23:00:00,384.1,19840800,384.1,19840800,377.2,19840600
1984-05-24 23:00:00,386.0,19840800,386.0,19840800,379.0,19840600
1984-05-25 23:00:00,397.1,19840800,397.1,19840800,390.0,19840600
1984-05-29 23:00:00,392.3,19840800,392.3,19840800,385.2,19840600
1984-05-30 23:00:00,391.6,19840800,391.6,19840800,384.5,19840600
1984-05-31 23:00:00,401.7,19841000,401.7,19841000,393.6,19840800
1984-06-01 23:00:00,405.1,19841000,405.1,19841000,397.0,19840800
1984-06-04 23:00:00,410.1,19841000,410.1,19841000,402.2,19840800
1984-06-05 23:00:00,409.0,19841000,409.0,19841000,401.1,19840800
1984-06-06 23:00:00,406.7,19841000,406.7,19841000,398.9,19840800
1984-06-07 23:00:00,404.3,19841000,404.3,19841000,396.4,19840800
1984-06-08 23:00:00,397.3,19841000,397.3,19841000,389.5,19840800
1984-06-11 23:00:00,386.4,19841000,386.4,19841000,378.9,19840800
1984-06-12 23:00:00,387.0,19841000,387.0,19841000,379.5,19840800
1984-06-13 23:00:00,386.6,19841000,386.6,19841000,379.2,19840800
1984-06-14 23:00:00,387.3,19841000,387.3,19841000,379.9,19840800
1984-06-15 23:00:00,382.5,19841000,382.5,19841000,375.3,19840800
1984-06-18 23:00:00,382.9,19841000,382.9,19841000,375.7,19840800
1984-06-19 23:00:00,383.1,19841000,383.1,19841000,375.8,19840800
1984-06-20 23:00:00,384.1,19841000,384.1,19841000,376.6,19840800
1984-06-21 23:00:00,385.1,19841000,385.1,19841000,377.6,19840800
1984-06-22 23:00:00,384.2,19841000,384.2,19841000,376.6,19840800
1984-06-25 23:00:00,379.9,19841000,379.9,19841000,372.5,19840800
1984-06-26 23:00:00,381.9,19841000,381.9,19841000,374.5,19840800
1984-06-27 23:00:00,381.0,19841000,381.0,19841000,373.7,19840800
1984-06-28 23:00:00,384.3,19841000,384.3,19841000,376.9,19840800
1984-06-29 23:00:00,383.5,19841000,383.5,19841000,376.1,19840800
1984-07-02 23:00:00,381.0,19841000,381.0,19841000,373.6,19840800
1984-07-03 23:00:00,379.7,19841000,379.7,19841000,372.4,19840800
1984-07-05 23:00:00,369.1,19841000,369.1,19841000,362.0,19840800
1984-07-06 23:00:00,354.1,19841000,354.1,19841000,347.2,19840800
1984-07-09 23:00:00,356.7,19841000,356.7,19841000,349.8,19840800
1984-07-10 23:00:00,352.2,19841000,352.2,19841000,345.3,19840800
1984-07-11 23:00:00,350.1,19841000,350.1,19841000,343.3,19840800
1984-07-12 23:00:00,346.3,19841000,346.3,19841000,339.5,19840800
1984-07-13 23:00:00,352.6,19841000,352.6,19841000,345.8,19840800
1984-07-16 23:00:00,356.7,19841000,356.7,19841000,349.8,19840800
1984-07-17 23:00:00,354.1,19841000,354.1,19841000,347.3,19840800
1984-07-18 23:00:00,357.2,19841000,357.2,19841000,350.3,19840800
1984-07-19 23:00:00,355.1,19841000,355.1,19841000,348.3,19840800
1984-07-20 23:00:00,346.6,19841000,346.6,19841000,340.0,19840800
1984-07-23 23:00:00,344.3,19841000,344.3,19841000,337.8,19840800
1984-07-24 23:00:00,344.1,19841000,344.1,19841000,337.8,19840800
1984-07-25 23:00:00,350.1,19841000,350.1,19841000,343.7,19840800
1984-07-26 23:00:00,340.0,19841000,340.0,19841000,333.8,19840800
1984-07-27 23:00:00,348.3,19841000,348.3,19841000,342.0,19840800
1984-07-30 23:00:00,348.2,19841000,348.2,19841000,342.0,19840800
1984-07-31 23:00:00,350.3,19841200,350.3,19841200,343.5,19841000
1984-08-01 23:00:00,358.0,19841200,358.0,19841200,351.2,19841000
1984-08-02 23:00:00,357.1,19841200,357.1,19841200,350.3,19841000
1984-08-03 23:00:00,363.0,19841200,363.0,19841200,356.2,19841000
1984-08-06 23:00:00,361.5,19841200,361.5,19841200,354.6,19841000
1984-08-07 23:00:00,356.3,19841200,356.3,19841200,349.5,19841000
1984-08-08 23:00:00,356.7,19841200,356.7,19841200,349.9,19841000
1984-08-09 23:00:00,361.3,19841200,361.3,19841200,354.5,19841000
1984-08-10 23:00:00,354.8,19841200,354.8,19841200,348.0,19841000
1984-08-13 23:00:00,362.7,19841200,362.7,19841200,355.9,19841000
1984-08-14 23:00:00,366.8,19841200,366.8,19841200,359.9,19841000
1984-08-15 23:00:00,365.7,19841200,365.7,19841200,358.9,19841000
1984-08-16 23:00:00,362.2,19841200,362.2,19841200,355.3,19841000
1984-08-17 23:00:00,362.3,19841200,362.3,19841200,355.4,19841000
1984-08-20 23:00:00,354.8,19841200,354.8,19841200,348.0,19841000
1984-08-21 23:00:00,357.1,19841200,357.1,19841200,350.3,19841000
1984-08-22 23:00:00,365.0,19841200,365.0,19841200,358.2,19841000
1984-08-23 23:00:00,360.4,19841200,360.4,19841200,353.6,19841000
1984-08-24 23:00:00,362.3,19841200,362.3,19841200,355.5,19841000
1984-08-27 23:00:00,358.9,19841200,358.9,19841200,352.1,19841000
1984-08-28 23:00:00,358.7,19841200,358.7,19841200,351.9,19841000
1984-08-29 23:00:00,360.0,19841200,360.0,19841200,353.2,19841000
1984-08-30 23:00:00,358.2,19841200,358.2,19841200,351.4,19841000
1984-08-31 23:00:00,358.0,19841200,358.0,19841200,351.2,19841000
1984-09-04 23:00:00,347.3,19841200,347.3,19841200,340.6,19841000
1984-09-05 23:00:00,348.8,19841200,348.8,19841200,342.1,19841000
1984-09-06 23:00:00,352.7,19841200,352.7,19841200,345.9,19841000
1984-09-07 23:00:00,344.3,19841200,344.3,19841200,337.6,19841000
1984-09-10 23:00:00,347.2,19841200,347.2,19841200,340.5,19841000
1984-09-11 23:00:00,347.7,19841200,347.7,19841200,341.1,19841000
1984-09-12 23:00:00,346.8,19841200,346.8,19841200,340.2,19841000
1984-09-13 23:00:00,346.2,19841200,346.2,19841200,339.6,19841000
1984-09-14 23:00:00,348.1,19841200,348.1,19841200,341.6,19841000
1984-09-17 23:00:00,343.5,19841200,343.5,19841200,337.1,19841000
1984-09-18 23:00:00,348.3,19841200,348.3,19841200,341.9,19841000
1984-09-19 23:00:00,348.0,19841200,348.0,19841200,341.7,19841000
1984-09-20 23:00:00,349.3,19841200,349.3,19841200,343.0,19841000
1984-09-21 23:00:00,354.3,19841200,354.3,19841200,347.9,19841000
1984-09-24 23:00:00,352.3,19841200,352.3,19841200,345.8,19841000
1984-09-25 23:00:00,352.4,19841200,352.4,19841200,345.9,19841000
1984-09-26 23:00:00,348.7,19841200,348.7,19841200,342.2,19841000
1984-09-27 23:00:00,350.3,19841200,350.3,19841200,343.8,19841000
1984-09-28 23:00:00,351.3,19841200,351.3,19841200,344.9,19841000
1984-10-01 23:00:00,357.4,19850200,357.4,19850200,350.9,19841200
1984-10-02 23:00:00,360.0,19850200,360.0,19850200,353.4,19841200
1984-10-03 23:00:00,358.5,19850200,358.5,19850200,351.9,19841200
1984-10-04 23:00:00,359.4,19850200,359.4,19850200,352.8,19841200
1984-10-05 23:00:00,353.4,19850200,353.4,19850200,347.0,19841200
1984-10-08 23:00:00,354.2,19850200,354.2,19850200,347.8,19841200
1984-10-09 23:00:00,348.2,19850200,348.2,19850200,342.0,19841200
1984-10-10 23:00:00,349.8,19850200,349.8,19850200,343.6,19841200
1984-10-11 23:00:00,347.5,19850200,347.5,19850200,341.3,19841200
1984-10-12 23:00:00,352.5,19850200,352.5,19850200,346.3,19841200
1984-10-15 23:00:00,351.4,19850200,351.4,19850200,345.2,19841200
1984-10-16 23:00:00,349.4,19850200,349.4,19850200,343.2,19841200
1984-10-17 23:00:00,346.8,19850200,346.8,19850200,340.7,19841200
1984-10-18 23:00:00,350.4,19850200,350.4,19850200,344.3,19841200
1984-10-19 23:00:00,348.3,19850200,348.3,19850200,342.4,19841200
1984-10-22 23:00:00,347.9,19850200,347.9,19850200,342.0,19841200
1984-10-23 23:00:00,349.3,19850200,349.3,19850200,343.4,19841200
1984-10-24 23:00:00,348.6,19850200,348.6,19850200,342.9,19841200
1984-10-25 23:00:00,346.2,19850200,346.2,19850200,340.4,19841200
1984-10-26 23:00:00,346.2,19850200,346.2,19850200,340.3,19841200
1984-10-29 23:00:00,343.8,19850200,343.8,19850200,338.0,19841200
1984-10-30 23:00:00,342.2,19850200,342.2,19850200,336.5,19841200
1984-10-31 23:00:00,341.6,19850200,341.6,19850200,336.0,19841200
1984-11-01 23:00:00,343.6,19850200,343.6,19850200,338.0,19841200
1984-11-02 23:00:00,351.1,19850200,351.1,19850200,345.4,19841200
1984-11-05 23:00:00,355.4,19850200,355.4,19850200,349.8,19841200
1984-11-06 23:00:00,352.7,19850200,352.7,19850200,347.2,19841200
1984-11-07 23:00:00,358.0,19850200,358.0,19850200,352.5,19841200
1984-11-08 23:00:00,355.2,19850200,355.2,19850200,349.7,19841200
1984-11-09 23:00:00,352.9,19850200,352.9,19850200,347.5,19841200
1984-11-12 23:00:00,354.5,19850200,354.5,19850200,349.2,19841200
1984-11-13 23:00:00,353.1,19850200,353.1,19850200,347.7,19841200
1984-11-14 23:00:00,353.3,19850200,353.3,19850200,347.8,19841200
1984-11-15 23:00:00,351.2,19850200,351.2,19850200,345.8,19841200
1984-11-16 23:00:00,350.3,19850200,350.3,19850200,345.0,19841200
1984-11-19 23:00:00,348.5,19850200,348.5,19850200,343.3,19841200
1984-11-20 23:00:00,349.0,19850200,349.0,19850200,343.8,19841200
1984-11-21 23:00:00,348.0,19850200,348.0,19850200,342.9,19841200
1984-11-23 23:00:00,345.5,19850200,345.5,19850200,340.5,19841200
1984-11-26 23:00:00,336.3,19850200,336.3,19850200,331.5,19841200
1984-11-27 23:00:00,332.1,19850200,332.1,19850200,327.4,19841200
1984-11-28 23:00:00,335.6,19850200,335.6,19850200,330.8,19841200
1984-11-29 23:00:00,340.1,19850400,340.1,19850400,335.4,19850200
1984-11-30 23:00:00,338.3,19850400,338.3,19850400,333.5,19850200
1984-12-03 23:00:00,340.9,19850400,340.9,19850400,336.1,19850200
1984-12-04 23:00:00,338.9,19850400,338.9,19850400,334.1,19850200
1984-12-05 23:00:00,339.0,19850400,339.0,19850400,334.3,19850200
1984-12-06 23:00:00,339.5,19850400,339.5,19850400,334.7,19850200
1984-12-07 23:00:00,335.5,19850400,335.5,19850400,330.8,19850200
1984-12-10 23:00:00,334.1,19850400,334.1,19850400,329.4,19850200
1984-12-11 23:00:00,334.0,19850400,334.0,19850400,329.3,19850200
1984-12-12 23:00:00,334.1,19850400,334.1,19850400,329.5,19850200
1984-12-13 23:00:00,332.4,19850400,332.4,19850400,327.8,19850200
1984-12-14 23:00:00,329.8,19850400,329.8,19850400,325.4,19850200
1984-12-17 23:00:00,321.1,19850400,321.1,19850400,316.9,19850200
1984-12-18 23:00:00,315.4,19850400,315.4,19850400,311.5,19850200
1984-12-19 23:00:00,315.1,19850400,315.1,19850400,311.1,19850200
1984-12-20 23:00:00,313.6,19850400,313.6,19850400,309.6,19850200
1984-12-21 23:00:00,317.3,19850400,317.3,19850400,313.2,19850200
1984-12-26 23:00:00,318.4,19850400,318.4,19850400,314.2,19850200
1984-12-27 23:00:00,313.3,19850400,313.3,19850400,309.2,19850200
1984-12-28 23:00:00,314.0,19850400,314.0,19850400,310.0,19850200
1984-12-31 23:00:00,313.8,19850400,313.8,19850400,309.7,19850200
1985-01-02 23:00:00,308.1,19850400,308.1,19850400,304.2,19850200
1985-01-03 23:00:00,307.1,19850400,307.1,19850400,303.2,19850200
1985-01-04 23:00:00,303.5,19850400,303.5,19850400,299.7,19850200
1985-01-07 23:00:00,307.5,19850400,307.5,19850400,303.7,19850200
1985-01-08 23:00:00,301.7,19850400,301.7,19850400,298.0,19850200
1985-01-09 23:00:00,309.2,19850400,309.2,19850400,305.5,19850200
1985-01-10 23:00:00,308.0,19850400,308.0,19850400,304.3,19850200
1985-01-11 23:00:00,304.0,19850400,304.0,19850400,300.3,19850200
1985-01-14 23:00:00,307.7,19850400,307.7,19850400,303.9,19850200
1985-01-15 23:00:00,306.0,19850400,306.0,19850400,302.3,19850200
1985-01-16 23:00:00,308.2,19850400,308.2,19850400,304.5,19850200
1985-01-17 23:00:00,312.3,19850400,312.3,19850400,308.5,19850200
1985-01-18 23:00:00,311.0,19850400,311.0,19850400,307.2,19850200
1985-01-21 23:00:00,312.2,19850400,312.2,19850400,308.4,19850200
1985-01-22 23:00:00,307.6,19850400,307.6,19850400,303.9,19850200
1985-01-23 23:00:00,305.2,19850400,305.2,19850400,301.7,19850200
1985-01-24 23:00:00,303.1,19850400,303.1,19850400,299.7,19850200
1985-01-25 23:00:00,303.9,19850400,303.9,19850400,300.4,19850200
1985-01-28 23:00:00,306.3,19850400,306.3,19850400,302.9,19850200
1985-01-29 23:00:00,305.3,19850400,305.3,19850400,301.8,19850200
1985-01-30 23:00:00,312.1,19850600,312.1,19850600,307.9,19850400
1985-01-31 23:00:00,311.6,19850600,311.6,19850600,307.4,19850400
1985-02-01 23:00:00,310.8,19850600,310.8,19850600,306.5,19850400
1985-02-04 23:00:00,309.7,19850600,309.7,19850600,305.4,19850400
1985-02-05 23:00:00,309.8,19850600,309.8,19850600,305.5,19850400
1985-02-06 23:00:00,309.6,19850600,309.6,19850600,305.3,19850400
1985-02-07 23:00:00,307.1,19850600,307.1,19850600,302.7,19850400
1985-02-08 23:00:00,307.8,19850600,307.8,19850600,303.4,19850400
1985-02-11 23:00:00,312.0,19850600,312.0,19850600,307.5,19850400
1985-02-12 23:00:00,309.2,19850600,309.2,19850600,304.7,19850400
1985-02-13 23:00:00,310.2,19850600,310.2,19850600,305.7,19850400
1985-02-14 23:00:00,310.3,19850600,310.3,19850600,305.9,19850400
1985-02-15 23:00:00,311.3,19850600,311.3,19850600,306.9,19850400
1985-02-19 23:00:00,310.8,19850600,310.8,19850600,306.4,19850400
1985-02-20 23:00:00,310.5,19850600,310.5,19850600,306.0,19850400
1985-02-21 23:00:00,305.6,19850600,305.6,19850600,301.1,19850400
1985-02-22 23:00:00,301.0,19850600,301.0,19850600,296.5,19850400
1985-02-25 23:00:00,288.4,19850600,288.4,19850600,284.1,19850400
1985-02-26 23:00:00,294.3,19850600,294.3,19850600,290.0,19850400
1985-02-27 23:00:00,294.1,19850600,294.1,19850600,289.8,19850400
1985-02-28 23:00:00,293.0,19850600,293.0,19850600,288.7,19850400
1985-03-01 23:00:00,295.9,19850600,295.9,19850600,291.6,19850400
1985-03-04 23:00:00,296.2,19850600,296.2,19850600,291.9,19850400
1985-03-05 23:00:00,292.2,19850600,292.2,19850600,287.9,19850400
1985-03-06 23:00:00,297.3,19850600,297.3,19850600,292.9,19850400
1985-03-07 23:00:00,295.4,19850600,295.4,19850600,291.0,19850400
1985-03-08 23:00:00,292.7,19850600,292.7,19850600,288.5,19850400
1985-03-11 23:00:00,294.3,19850600,294.3,19850600,290.1,19850400
1985-03-12 23:00:00,296.5,19850600,296.5,19850600,292.3,19850400
1985-03-13 23:00:00,296.1,19850600,296.1,19850600,291.9,19850400
1985-03-14 23:00:00,296.0,19850600,296.0,19850600,291.8,19850400
1985-03-15 23:00:00,299.3,19850600,299.3,19850600,295.2,19850400
1985-03-18 23:00:00,308.2,19850600,308.2,19850600,303.8,19850400
1985-03-19 23:00:00,333.2,19850600,333.2,19850600,328.8,19850400
1985-03-20 23:00:00,329.1,19850600,329.1,19850600,324.3,19850400
1985-03-21 23:00:00,322.3,19850600,322.3,19850600,317.5,19850400
1985-03-22 23:00:00,321.5,19850600,321.5,19850600,316.8,19850400
1985-03-25 23:00:00,320.9,19850600,320.9,19850600,316.4,19850400
1985-03-26 23:00:00,329.0,19850600,329.0,19850600,324.4,19850400
1985-03-27 23:00:00,332.4,19850600,332.4,19850600,327.8,19850400
1985-03-28 23:00:00,331.4,19850600,331.4,19850600,326.8,19850400
1985-03-29 23:00:00,334.1,19850600,334.1,19850600,329.6,19850400
1985-04-01 23:00:00,327.2,19850800,327.2,19850800,322.7,19850600
1985-04-02 23:00:00,330.7,19850800,330.7,19850800,326.2,19850600
1985-04-03 23:00:00,325.2,19850800,325.2,19850800,320.7,19850600
1985-04-04 23:00:00,328.5,19850800,328.5,19850800,324.0,19850600
1985-04-08 23:00:00,333.4,19850800,333.4,19850800,329.0,19850600
1985-04-09 23:00:00,332.3,19850800,332.3,19850800,327.9,19850600
1985-04-10 23:00:00,334.4,19850800,334.4,19850800,330.0,19850600
1985-04-11 23:00:00,340.8,19850800,340.8,19850800,336.4,19850600
1985-04-12 23:00:00,336.0,19850800,336.0,19850800,331.6,19850600
1985-04-15 23:00:00,337.6,19850800,337.6,19850800,333.2,19850600
1985-04-16 23:00:00,335.1,19850800,335.1,19850800,330.8,19850600
1985-04-17 23:00:00,332.2,19850800,332.2,19850800,327.9,19850600
1985-04-18 23:00:00,335.0,19850800,335.0,19850800,330.8,19850600
1985-04-19 23:00:00,335.5,19850800,335.5,19850800,331.3,19850600
1985-04-22 23:00:00,334.3,19850800,334.3,19850800,330.1,19850600
1985-04-23 23:00:00,329.8,19850800,329.8,19850800,325.6,19850600
1985-04-24 23:00:00,329.5,19850800,329.5,19850800,325.3,19850600
1985-04-25 23:00:00,330.5,19850800,330.5,19850800,326.2,19850600
1985-04-26 23:00:00,329.5,19850800,329.5,19850800,325.2,19850600
1985-04-29 23:00:00,331.5,19850800,331.5,19850800,327.2,19850600
1985-04-30 23:00:00,320.7,19850800,320.7,19850800,316.5,19850600
1985-05-01 23:00:00,319.4,19850800,319.4,19850800,315.3,19850600
1985-05-02 23:00:00,320.3,19850800,320.3,19850800,316.3,19850600
1985-05-03 23:00:00,317.3,19850800,317.3,19850800,313.3,19850600
1985-05-06 23:00:00,314.4,19850800,314.4,19850800,310.5,19850600
1985-05-07 23:00:00,320.4,19850800,320.4,19850800,316.5,19850600
1985-05-08 23:00:00,318.2,19850800,318.2,19850800,314.2,19850600
1985-05-09 23:00:00,318.3,19850800,318.3,19850800,314.3,19850600
1985-05-10 23:00:00,321.4,19850800,321.4,19850800,317.5,19850600
1985-05-13 23:00:00,330.3,19850800,330.3,19850800,326.3,19850600
1985-05-14 23:00:00,329.8,19850800,329.8,19850800,325.8,19850600
1985-05-15 23:00:00,327.8,19850800,327.8,19850800,323.9,19850600
1985-05-16 23:00:00,325.4,19850800,325.4,19850800,321.5,19850600
1985-05-17 23:00:00,324.8,19850800,324.8,19850800,321.0,19850600
1985-05-20 23:00:00,317.4,19850800,317.4,19850800,314.0,19850600
1985-05-21 23:00:00,321.4,19850800,321.4,19850800,317.9,19850600
1985-05-22 23:00:00,319.5,19850800,319.5,19850800,316.1,19850600
1985-05-23 23:00:00,319.5,19850800,319.5,19850800,316.1,19850600
1985-05-24 23:00:00,318.1,19850800,318.1,19850800,314.8,19850600
1985-05-28 23:00:00,313.4,19850800,313.4,19850800,310.3,19850600
1985-05-29 23:00:00,318.6,19850800,318.6,19850800,315.5,19850600
1985-05-30 23:00:00,320.4,19851000,320.4,19851000,316.6,19850800
1985-05-31 23:00:00,323.3,19851000,323.3,19851000,319.5,19850800
1985-06-03 23:00:00,324.0,19851000,324.0,19851000,320.3,19850800
1985-06-04 23:00:00,322.8,19851000,322.8,19851000,319.1,19850800
1985-06-05 23:00:00,321.9,19851000,321.9,19851000,318.4,19850800
1985-06-06 23:00:00,322.5,19851000,322.5,19851000,318.9,19850800
1985-06-07 23:00:00,321.4,19851000,321.4,19851000,317.7,19850800
1985-06-10 23:00:00,320.8,19851000,320.8,19851000,317.2,19850800
1985-06-11 23:00:00,320.5,19851000,320.5,19851000,316.9,19850800
1985-06-12 23:00:00,320.3,19851000,320.3,19851000,316.7,19850800
1985-06-13 23:00:00,321.0,19851000,321.0,19851000,317.4,19850800
1985-06-14 23:00:00,325.5,19851000,325.5,19851000,322.0,19850800
1985-06-17 23:00:00,325.3,19851000,325.3,19851000,321.8,19850800
1985-06-18 23:00:00,334.0,19851000,334.0,19851000,330.5,19850800
1985-06-19 23:00:00,328.3,19851000,328.3,19851000,324.8,19850800
1985-06-20 23:00:00,319.5,19851000,319.5,19851000,316.0,19850800
1985-06-21 23:00:00,320.2,19851000,320.2,19851000,316.6,19850800
1985-06-24 23:00:00,321.6,19851000,321.6,19851000,317.9,19850800
1985-06-25 23:00:00,322.1,19851000,322.1,19851000,318.3,19850800
1985-06-26 23:00:00,321.5,19851000,321.5,19851000,317.8,19850800
1985-06-27 23:00:00,322.7,19851000,322.7,19851000,319.0,19850800
1985-06-28 23:00:00,321.3,19851000,321.3,19851000,317.7,19850800
1985-07-01 23:00:00,314.2,19851000,314.2,19851000,310.8,19850800
1985-07-02 23:00:00,314.7,19851000,314.7,19851000,311.4,19850800
1985-07-03 23:00:00,314.7,19851000,314.7,19851000,311.4,19850800
1985-07-08 23:00:00,319.9,19851000,319.9,19851000,316.6,19850800
1985-07-09 23:00:00,317.9,19851000,317.9,19851000,314.5,19850800
1985-07-10 23:00:00,319.6,19851000,319.6,19851000,316.2,19850800
1985-07-11 23:00:00,318.6,19851000,318.6,19851000,315.1,19850800
1985-07-12 23:00:00,322.8,19851000,322.8,19851000,319.2,19850800
1985-07-15 23:00:00,322.0,19851000,322.0,19851000,318.4,19850800
1985-07-16 23:00:00,324.6,19851000,324.6,19851000,321.0,19850800
1985-07-17 23:00:00,327.7,19851000,327.7,19851000,324.0,19850800
1985-07-18 23:00:00,322.4,19851000,322.4,19851000,318.8,19850800
1985-07-19 23:00:00,322.4,19851000,322.4,19851000,318.8,19850800
1985-07-22 23:00:00,326.0,19851000,326.0,19851000,322.3,19850800
1985-07-23 23:00:00,322.0,19851000,322.0,19851000,318.3,19850800
1985-07-24 23:00:00,322.9,19851000,322.9,19851000,319.3,19850800
1985-07-25 23:00:00,323.2,19851000,323.2,19851000,319.6,19850800
1985-07-26 23:00:00,325.7,19851000,325.7,19851000,322.0,19850800
1985-07-29 23:00:00,328.0,19851000,328.0,19851000,324.2,19850800
1985-07-30 23:00:00,327.8,19851000,327.8,19851000,324.0,19850800
1985-07-31 23:00:00,335.2,19851200,335.2,19851200,331.0,19851000
1985-08-01 23:00:00,328.0,19851200,328.0,19851200,323.9,19851000
1985-08-02 23:00:00,329.7,19851200,329.7,19851200,325.5,19851000
1985-08-05 23:00:00,330.6,19851200,330.6,19851200,326.4,19851000
1985-08-06 23:00:00,328.6,19851200,328.6,19851200,324.4,19851000
1985-08-07 23:00:00,330.2,19851200,330.2,19851200,326.0,19851000
1985-08-08 23:00:00,329.6,19851200,329.6,19851200,325.5,19851000
1985-08-09 23:00:00,336.3,19851200,336.3,19851200,332.2,19851000
1985-08-12 23:00:00,334.7,19851200,334.7,19851200,330.7,19851000
1985-08-13 23:00:00,334.3,19851200,334.3,19851200,330.1,19851000
1985-08-14 23:00:00,334.2,19851200,334.2,19851200,330.0,19851000
1985-08-15 23:00:00,340.4,19851200,340.4,19851200,336.2,19851000
1985-08-16 23:00:00,345.6,19851200,345.6,19851200,341.2,19851000
1985-08-19 23:00:00,345.8,19851200,345.8,19851200,341.4,19851000
1985-08-20 23:00:00,343.0,19851200,343.0,19851200,338.6,19851000
1985-08-21 23:00:00,346.2,19851200,346.2,19851200,341.8,19851000
1985-08-22 23:00:00,340.9,19851200,340.9,19851200,336.6,19851000
1985-08-23 23:00:00,342.7,19851200,342.7,19851200,338.4,19851000
1985-08-26 23:00:00,342.9,19851200,342.9,19851200,338.5,19851000
1985-08-27 23:00:00,344.0,19851200,344.0,19851200,339.6,19851000
1985-08-28 23:00:00,347.3,19851200,347.3,19851200,342.8,19851000
1985-08-29 23:00:00,341.6,19851200,341.6,19851200,337.2,19851000
1985-08-30 23:00:00,339.8,19851200,339.8,19851200,335.4,19851000
1985-09-03 23:00:00,331.0,19851200,331.0,19851200,326.6,19851000
1985-09-04 23:00:00,331.1,19851200,331.1,19851200,326.7,19851000
1985-09-05 23:00:00,326.3,19851200,326.3,19851200,321.9,19851000
1985-09-06 23:00:00,326.6,19851200,326.6,19851200,322.2,19851000
1985-09-09 23:00:00,325.2,19851200,325.2,19851200,320.8,19851000
1985-09-10 23:00:00,327.6,19851200,327.6,19851200,323.2,19851000
1985-09-11 23:00:00,326.7,19851200,326.7,19851200,322.4,19851000
1985-09-12 23:00:00,326.3,19851200,326.3,19851200,322.0,19851000
1985-09-13 23:00:00,324.0,19851200,324.0,19851200,319.6,19851000
1985-09-16 23:00:00,324.5,19851200,324.5,19851200,320.3,19851000
1985-09-17 23:00:00,321.5,19851200,321.5,19851200,317.4,19851000
1985-09-18 23:00:00,319.8,19851200,319.8,19851200,315.7,19851000
1985-09-19 23:00:00,324.6,19851200,324.6,19851200,320.4,19851000
1985-09-20 23:00:00,323.8,19851200,323.8,19851200,319.6,19851000
1985-09-23 23:00:00,333.7,19851200,333.7,19851200,329.4,19851000
1985-09-24 23:00:00,334.8,19851200,334.8,19851200,330.5,19851000
1985-09-25 23:00:00,334.3,19851200,334.3,19851200,330.0,19851000
1985-09-26 23:00:00,332.2,19851200,332.2,19851200,327.9,19851000
1985-09-27 23:00:00,332.9,19851200,332.9,19851200,328.4,19851000
1985-09-30 23:00:00,327.1,19851200,327.1,19851200,322.8,19851000
1985-10-01 23:00:00,331.3,19860200,331.3,19860200,327.1,19851200
1985-10-02 23:00:00,332.5,19860200,332.5,19860200,328.3,19851200
1985-10-03 23:00:00,338.2,19860200,338.2,19860200,333.9,19851200
1985-10-04 23:00:00,336.5,19860200,336.5,19860200,332.2,19851200
1985-10-07 23:00:00,334.8,19860200,334.8,19860200,330.5,19851200
1985-10-08 23:00:00,332.9,19860200,332.9,19860200,328.6,19851200
1985-10-09 23:00:00,333.3,19860200,333.3,19860200,329.0,19851200
1985-10-10 23:00:00,333.4,19860200,333.4,19860200,329.1,19851200
1985-10-11 23:00:00,335.0,19860200,335.0,19860200,330.7,19851200
1985-10-14 23:00:00,334.1,19860200,334.1,19860200,329.8,19851200
1985-10-15 23:00:00,333.4,19860200,333.4,19860200,329.1,19851200
1985-10-16 23:00:00,331.0,19860200,331.0,19860200,326.8,19851200
1985-10-17 23:00:00,332.6,19860200,332.6,19860200,328.4,19851200
1985-10-18 23:00:00,333.9,19860200,333.9,19860200,329.7,19851200
1985-10-21 23:00:00,333.6,19860200,333.6,19860200,329.4,19851200
1985-10-22 23:00:00,334.3,19860200,334.3,19860200,330.1,19851200
1985-10-23 23:00:00,333.2,19860200,333.2,19860200,329.0,19851200
1985-10-24 23:00:00,332.4,19860200,332.4,19860200,328.2,19851200
1985-10-25 23:00:00,333.6,19860200,333.6,19860200,329.4,19851200
1985-10-28 23:00:00,333.1,19860200,333.1,19860200,328.9,19851200
1985-10-29 23:00:00,333.5,19860200,333.5,19860200,329.3,19851200
1985-10-30 23:00:00,331.9,19860200,331.9,19860200,327.8,19851200
1985-10-31 23:00:00,330.8,19860200,330.8,19860200,326.7,19851200
1985-11-01 23:00:00,332.2,19860200,332.2,19860200,328.1,19851200
1985-11-04 23:00:00,331.2,19860200,331.2,19860200,327.1,19851200
1985-11-05 23:00:00,330.3,19860200,330.3,19860200,326.2,19851200
1985-11-06 23:00:00,329.6,19860200,329.6,19860200,325.5,19851200
1985-11-07 23:00:00,327.1,19860200,327.1,19860200,323.1,19851200
1985-11-08 23:00:00,329.6,19860200,329.6,19860200,325.6,19851200
1985-11-11 23:00:00,328.5,19860200,328.5,19860200,324.5,19851200
1985-11-12 23:00:00,329.8,19860200,329.8,19860200,325.8,19851200
1985-11-13 23:00:00,330.2,19860200,330.2,19860200,326.2,19851200
1985-11-14 23:00:00,329.9,19860200,329.9,19860200,325.8,19851200
1985-11-15 23:00:00,328.8,19860200,328.8,19860200,324.7,19851200
1985-11-18 23:00:00,328.8,19860200,328.8,19860200,324.7,19851200
1985-11-19 23:00:00,328.8,19860200,328.8,19860200,324.7,19851200
1985-11-20 23:00:00,330.9,19860200,330.9,19860200,326.8,19851200
1985-11-21 23:00:00,331.5,19860200,331.5,19860200,327.4,19851200
1985-11-22 23:00:00,331.5,19860200,331.5,19860200,327.4,19851200
1985-11-25 23:00:00,337.0,19860200,337.0,19860200,332.7,19851200
1985-11-26 23:00:00,335.6,19860200,335.6,19860200,331.2,19851200
1985-11-27 23:00:00,330.2,19860200,330.2,19860200,325.7,19851200
1985-11-29 23:00:00,327.3,19860200,327.3,19860200,322.9,19851200
1985-12-02 23:00:00,330.2,19860400,330.2,19860400,326.5,19860200
1985-12-03 23:00:00,330.4,19860400,330.4,19860400,326.7,19860200
1985-12-04 23:00:00,329.4,19860400,329.4,19860400,325.7,19860200
1985-12-05 23:00:00,330.6,19860400,330.6,19860400,326.9,19860200
1985-12-06 23:00:00,330.0,19860400,330.0,19860400,326.2,19860200
1985-12-09 23:00:00,323.5,19860400,323.5,19860400,319.8,19860200
1985-12-10 23:00:00,324.8,19860400,324.8,19860400,321.2,19860200
1985-12-11 23:00:00,323.7,19860400,323.7,19860400,320.1,19860200
1985-12-12 23:00:00,324.0,19860400,324.0,19860400,320.4,19860200
1985-12-13 23:00:00,325.8,19860400,325.8,19860400,322.2,19860200
1985-12-16 23:00:00,328.6,19860400,328.6,19860400,324.9,19860200
1985-12-17 23:00:00,327.5,19860400,327.5,19860400,323.9,19860200
1985-12-18 23:00:00,330.9,19860400,330.9,19860400,327.3,19860200
1985-12-19 23:00:00,330.9,19860400,330.9,19860400,327.2,19860200
1985-12-20 23:00:00,332.4,19860400,332.4,19860400,328.7,19860200
1985-12-23 23:00:00,332.0,19860400,332.0,19860400,328.3,19860200
1985-12-24 23:00:00,331.9,19860400,331.9,19860400,328.2,19860200
1985-12-26 23:00:00,331.4,19860400,331.4,19860400,327.7,19860200
1985-12-27 23:00:00,332.7,19860400,332.7,19860400,329.0,19860200
1985-12-30 23:00:00,334.4,19860400,334.4,19860400,330.6,19860200
1985-12-31 23:00:00,334.9,19860400,334.9,19860400,331.1,19860200
1986-01-02 23:00:00,332.7,19860400,332.7,19860400,328.9,19860200
1986-01-03 23:00:00,333.8,19860400,333.8,19860400,330.0,19860200
1986-01-06 23:00:00,334.5,19860400,334.5,19860400,330.7,19860200
1986-01-07 23:00:00,336.6,19860400,336.6,19860400,332.8,19860200
1986-01-08 23:00:00,340.0,19860400,340.0,19860400,336.1,19860200
1986-01-09 23:00:00,343.8,19860400,343.8,19860400,339.9,19860200
1986-01-10 23:00:00,347.2,19860400,347.2,19860400,343.3,19860200
1986-01-13 23:00:00,345.4,19860400,345.4,19860400,341.5,19860200
1986-01-14 23:00:00,344.8,19860400,344.8,19860400,341.0,19860200
1986-01-15 23:00:00,354.7,19860400,354.7,19860400,350.7,19860200
1986-01-16 23:00:00,361.2,19860400,361.2,19860400,357.6,19860200
1986-01-17 23:00:00,361.0,19860400,361.0,19860400,358.0,19860200
1986-01-20 23:00:00,358.7,19860400,358.7,19860400,355.1,19860200
1986-01-21 23:00:00,356.4,19860400,356.4,19860400,352.8,19860200
1986-01-22 23:00:00,355.1,19860400,355.1,19860400,351.5,19860200
1986-01-23 23:00:00,355.6,19860400,355.6,19860400,351.9,19860200
1986-01-24 23:00:00,362.2,19860400,362.2,19860400,358.4,19860200
1986-01-27 23:00:00,357.8,19860400,357.8,19860400,354.3,19860200
1986-01-28 23:00:00,357.1,19860400,357.1,19860400,353.7,19860200
1986-01-29 23:00:00,360.2,19860400,360.2,19860400,356.3,19860200
1986-01-30 23:00:00,363.4,19860600,363.4,19860600,359.4,19860400
1986-01-31 23:00:00,356.8,19860600,356.8,19860600,352.9,19860400
1986-02-03 23:00:00,351.3,19860600,351.3,19860600,347.4,19860400
1986-02-04 23:00:00,341.1,19860600,341.1,19860600,337.4,19860400
1986-02-05 23:00:00,343.1,19860600,343.1,19860600,339.3,19860400
1986-02-06 23:00:00,344.3,19860600,344.3,19860600,340.4,19860400
1986-02-07 23:00:00,346.5,19860600,346.5,19860600,342.5,19860400
1986-02-10 23:00:00,344.8,19860600,344.8,19860600,340.8,19860400
1986-02-11 23:00:00,345.5,19860600,345.5,19860600,341.6,19860400
1986-02-12 23:00:00,344.7,19860600,344.7,19860600,340.8,19860400
1986-02-13 23:00:00,339.1,19860600,339.1,19860600,335.3,19860400
1986-02-14 23:00:00,340.0,19860600,340.0,19860600,336.2,19860400
1986-02-18 23:00:00,343.5,19860600,343.5,19860600,339.7,19860400
1986-02-19 23:00:00,342.9,19860600,342.9,19860600,339.0,19860400
1986-02-20 23:00:00,345.3,19860600,345.3,19860600,341.4,19860400
1986-02-21 23:00:00,347.2,19860600,347.2,19860600,343.3,19860400
1986-02-24 23:00:00,354.9,19860600,354.9,19860600,351.0,19860400
1986-02-25 23:00:00,353.9,19860600,353.9,19860600,350.0,19860400
1986-02-26 23:00:00,342.4,19860600,342.4,19860600,338.5,19860400
1986-02-27 23:00:00,343.0,19860600,343.0,19860600,339.2,19860400
1986-02-28 23:00:00,344.7,19860600,344.7,19860600,341.0,19860400
1986-03-03 23:00:00,344.2,19860600,344.2,19860600,340.5,19860400
1986-03-04 23:00:00,349.6,19860600,349.6,19860600,346.0,19860400
1986-03-05 23:00:00,348.2,19860600,348.2,19860600,344.5,19860400
1986-03-06 23:00:00,348.1,19860600,348.1,19860600,344.3,19860400
1986-03-07 23:00:00,349.5,19860600,349.5,19860600,345.7,19860400
1986-03-10 23:00:00,347.0,19860600,347.0,19860600,343.3,19860400
1986-03-11 23:00:00,348.6,19860600,348.6,19860600,344.9,19860400
1986-03-12 23:00:00,356.8,19860600,356.8,19860600,353.0,19860400
1986-03-13 23:00:00,353.0,19860600,353.0,19860600,349.2,19860400
1986-03-14 23:00:00,352.7,19860600,352.7,19860600,348.9,19860400
1986-03-17 23:00:00,354.6,19860600,354.6,19860600,350.8,19860400
1986-03-18 23:00:00,354.1,19860600,354.1,19860600,350.3,19860400
1986-03-19 23:00:00,354.6,19860600,354.6,19860600,350.8,19860400
1986-03-20 23:00:00,356.4,19860600,356.4,19860600,352.7,19860400
1986-03-21 23:00:00,361.2,19860600,361.2,19860600,357.4,19860400
1986-03-24 23:00:00,355.1,19860600,355.1,19860600,351.3,19860400
1986-03-25 23:00:00,347.7,19860600,347.7,19860600,344.0,19860400
1986-03-26 23:00:00,348.5,19860600,348.5,19860600,344.7,19860400
1986-03-27 23:00:00,347.2,19860600,347.2,19860600,343.1,19860400
1986-03-31 23:00:00,334.8,19860600,334.8,19860600,331.1,19860400
1986-04-01 23:00:00,340.4,19860800,340.4,19860800,337.0,19860600
1986-04-02 23:00:00,343.0,19860800,343.0,19860800,339.5,19860600
1986-04-03 23:00:00,341.8,19860800,341.8,19860800,338.4,19860600
1986-04-04 23:00:00,341.8,19860800,341.8,19860800,338.4,19860600
1986-04-07 23:00:00,345.9,19860800,345.9,19860800,342.5,19860600
1986-04-08 23:00:00,346.2,19860800,346.2,19860800,342.9,19860600
1986-04-09 23:00:00,345.6,19860800,345.6,19860800,342.2,19860600
1986-04-10 23:00:00,345.1,19860800,345.1,19860800,341.7,19860600
1986-04-11 23:00:00,350.9,19860800,350.9,19860800,347.5,19860600
1986-04-14 23:00:00,347.5,19860800,347.5,19860800,344.2,19860600
1986-04-15 23:00:00,346.6,19860800,346.6,19860800,343.4,19860600
1986-04-16 23:00:00,345.0,19860800,345.0,19860800,341.9,19860600
1986-04-17 23:00:00,344.6,19860800,344.6,19860800,341.5,19860600
1986-04-18 23:00:00,349.8,19860800,349.8,19860800,346.7,19860600
1986-04-21 23:00:00,348.8,19860800,348.8,19860800,345.7,19860600
1986-04-22 23:00:00,352.2,19860800,352.2,19860800,349.0,19860600
1986-04-23 23:00:00,351.4,19860800,351.4,19860800,348.1,19860600
1986-04-24 23:00:00,350.4,19860800,350.4,19860800,347.1,19860600
1986-04-25 23:00:00,349.5,19860800,349.5,19860800,346.2,19860600
1986-04-28 23:00:00,349.0,19860800,349.0,19860800,345.8,19860600
1986-04-29 23:00:00,350.1,19860800,350.1,19860800,346.9,19860600
1986-04-30 23:00:00,351.2,19860800,351.2,19860800,348.1,19860600
1986-05-01 23:00:00,345.8,19860800,345.8,19860800,342.8,19860600
1986-05-02 23:00:00,347.7,19860800,347.7,19860800,344.7,19860600
1986-05-05 23:00:00,347.2,19860800,347.2,19860800,344.2,19860600
1986-05-06 23:00:00,347.0,19860800,347.0,19860800,344.0,19860600
1986-05-07 23:00:00,348.8,19860800,348.8,19860800,345.8,19860600
1986-05-08 23:00:00,348.5,19860800,348.5,19860800,345.5,19860600
1986-05-09 23:00:00,348.6,19860800,348.6,19860800,345.5,19860600
1986-05-12 23:00:00,348.7,19860800,348.7,19860800,345.5,19860600
1986-05-13 23:00:00,348.3,19860800,348.3,19860800,345.1,19860600
1986-05-14 23:00:00,346.3,19860800,346.3,19860800,343.1,19860600
1986-05-15 23:00:00,346.6,19860800,346.6,19860800,343.4,19860600
1986-05-16 23:00:00,347.0,19860800,347.0,19860800,343.8,19860600
1986-05-19 23:00:00,343.9,19860800,343.9,19860800,340.7,19860600
1986-05-20 23:00:00,343.0,19860800,343.0,19860800,339.8,19860600
1986-05-21 23:00:00,343.1,19860800,343.1,19860800,339.8,19860600
1986-05-22 23:00:00,345.9,19860800,345.9,19860800,342.6,19860600
1986-05-23 23:00:00,345.7,19860800,345.7,19860800,342.4,19860600
1986-05-27 23:00:00,345.0,19860800,345.0,19860800,341.8,19860600
1986-05-28 23:00:00,345.8,19860800,345.8,19860800,342.5,19860600
1986-05-29 23:00:00,347.0,19860800,347.0,19860800,343.6,19860600
1986-05-30 23:00:00,350.4,19861000,350.4,19861000,347.1,19860800
1986-06-02 23:00:00,348.4,19861000,348.4,19861000,345.1,19860800
1986-06-03 23:00:00,348.6,19861000,348.6,19861000,345.3,19860800
1986-06-04 23:00:00,348.2,19861000,348.2,19861000,344.8,19860800
1986-06-05 23:00:00,348.0,19861000,348.0,19861000,344.6,19860800
1986-06-06 23:00:00,348.1,19861000,348.1,19861000,344.8,19860800
1986-06-09 23:00:00,357.6,19861000,357.6,19861000,354.2,19860800
1986-06-10 23:00:00,354.6,19861000,354.6,19861000,351.2,19860800
1986-06-11 23:00:00,355.1,19861000,355.1,19861000,351.7,19860800
1986-06-12 23:00:00,353.1,19861000,353.1,19861000,349.8,19860800
1986-06-13 23:00:00,352.0,19861000,352.0,19861000,348.8,19860800
1986-06-16 23:00:00,340.5,19861000,340.5,19861000,337.5,19860800
1986-06-17 23:00:00,342.3,19861000,342.3,19861000,339.3,19860800
1986-06-18 23:00:00,343.5,19861000,343.5,19861000,340.5,19860800
1986-06-19 23:00:00,343.9,19861000,343.9,19861000,340.9,19860800
1986-06-20 23:00:00,345.7,19861000,345.7,19861000,342.7,19860800
1986-06-23 23:00:00,346.3,19861000,346.3,19861000,343.3,19860800
1986-06-24 23:00:00,348.2,19861000,348.2,19861000,345.2,19860800
1986-06-25 23:00:00,350.1,19861000,350.1,19861000,347.1,19860800
1986-06-26 23:00:00,349.6,19861000,349.6,19861000,346.6,19860800
1986-06-27 23:00:00,349.9,19861000,349.9,19861000,346.9,19860800
1986-06-30 23:00:00,350.7,19861000,350.7,19861000,347.7,19860800
1986-07-01 23:00:00,348.8,19861000,348.8,19861000,345.8,19860800
1986-07-02 23:00:00,347.9,19861000,347.9,19861000,344.9,19860800
1986-07-07 23:00:00,348.9,19861000,348.9,19861000,345.9,19860800
1986-07-08 23:00:00,354.3,19861000,354.3,19861000,351.2,19860800
1986-07-09 23:00:00,352.7,19861000,352.7,19861000,349.6,19860800
1986-07-10 23:00:00,351.7,19861000,351.7,19861000,348.6,19860800
1986-07-11 23:00:00,350.9,19861000,350.9,19861000,347.8,19860800
1986-07-14 23:00:00,349.4,19861000,349.4,19861000,346.4,19860800
1986-07-15 23:00:00,352.1,19861000,352.1,19861000,349.1,19860800
1986-07-16 23:00:00,351.8,19861000,351.8,19861000,348.7,19860800
1986-07-17 23:00:00,351.7,19861000,351.7,19861000,348.7,19860800
1986-07-18 23:00:00,359.7,19861000,359.7,19861000,356.5,19860800
1986-07-21 23:00:00,358.8,19861000,358.8,19861000,355.6,19860800
1986-07-22 23:00:00,356.8,19861000,356.8,19861000,353.7,19860800
1986-07-23 23:00:00,351.9,19861000,351.9,19861000,349.0,19860800
1986-07-24 23:00:00,352.2,19861000,352.2,19861000,349.3,19860800
1986-07-25 23:00:00,351.1,19861000,351.1,19861000,348.2,19860800
1986-07-28 23:00:00,358.1,19861000,358.1,19861000,355.1,19860800
1986-07-29 23:00:00,355.3,19861000,355.3,19861000,352.2,19860800
1986-07-30 23:00:00,358.6,19861200,358.6,19861200,355.3,19861000
1986-07-31 23:00:00,369.7,19861200,369.7,19861200,366.3,19861000
1986-08-01 23:00:00,367.5,19861200,367.5,19861200,364.1,19861000
1986-08-04 23:00:00,367.0,19861200,367.0,19861200,363.6,19861000
1986-08-05 23:00:00,366.1,19861200,366.1,19861200,362.7,19861000
1986-08-06 23:00:00,367.5,19861200,367.5,19861200,364.1,19861000
1986-08-07 23:00:00,369.3,19861200,369.3,19861200,365.9,19861000
1986-08-08 23:00:00,382.5,19861200,382.5,19861200,379.0,19861000
1986-08-11 23:00:00,398.5,19861200,398.5,19861200,394.8,19861000
1986-08-12 23:00:00,392.4,19861200,392.4,19861200,388.8,19861000
1986-08-13 23:00:00,391.7,19861200,391.7,19861200,388.0,19861000
1986-08-14 23:00:00,393.7,19861200,393.7,19861200,390.0,19861000
1986-08-15 23:00:00,390.2,19861200,390.2,19861200,386.5,19861000
1986-08-18 23:00:00,382.8,19861200,382.8,19861200,379.1,19861000
1986-08-19 23:00:00,381.0,19861200,381.0,19861200,377.4,19861000
1986-08-20 23:00:00,385.1,19861200,385.1,19861200,381.5,19861000
1986-08-21 23:00:00,390.6,19861200,390.6,19861200,386.9,19861000
1986-08-22 23:00:00,379.5,19861200,379.5,19861200,375.8,19861000
1986-08-25 23:00:00,386.5,19861200,386.5,19861200,382.8,19861000
1986-08-26 23:00:00,385.6,19861200,385.6,19861200,381.9,19861000
1986-08-27 23:00:00,386.3,19861200,386.3,19861200,382.6,19861000
1986-08-28 23:00:00,392.0,19861200,392.0,19861200,388.3,19861000
1986-08-29 23:00:00,393.3,19861200,393.3,19861200,389.5,19861000
1986-09-02 23:00:00,411.5,19861200,411.5,19861200,407.6,19861000
1986-09-03 23:00:00,410.3,19861200,410.3,19861200,406.4,19861000
1986-09-04 23:00:00,415.5,19861200,415.5,19861200,411.6,19861000
1986-09-05 23:00:00,428.3,19861200,428.3,19861200,424.3,19861000
1986-09-08 23:00:00,416.4,19861200,416.4,19861200,412.5,19861000
1986-09-09 23:00:00,414.4,19861200,414.4,19861200,410.5,19861000
1986-09-10 23:00:00,409.8,19861200,409.8,19861200,405.8,19861000
1986-09-11 23:00:00,413.0,19861200,413.0,19861200,409.0,19861000
1986-09-12 23:00:00,421.5,19861200,421.5,19861200,417.5,19861000
1986-09-15 23:00:00,422.3,19861200,422.3,19861200,418.3,19861000
1986-09-16 23:00:00,420.2,19861200,420.2,19861200,416.2,19861000
1986-09-17 23:00:00,418.8,19861200,418.8,19861200,414.9,19861000
1986-09-18 23:00:00,422.6,19861200,422.6,19861200,418.6,19861000
1986-09-19 23:00:00,441.0,19861200,441.0,19861200,436.9,19861000
1986-09-22 23:00:00,445.2,19861200,445.2,19861200,441.1,19861000
1986-09-23 23:00:00,436.0,19861200,436.0,19861200,431.9,19861000
1986-09-24 23:00:00,436.0,19861200,436.0,19861200,431.9,19861000
1986-09-25 23:00:00,438.8,19861200,438.8,19861200,434.7,19861000
1986-09-26 23:00:00,431.5,19861200,431.5,19861200,427.3,19861000
1986-09-29 23:00:00,427.1,19861200,427.1,19861200,422.9,19861000
1986-09-30 23:00:00,433.5,19870200,433.5,19870200,429.8,19861200
1986-10-01 23:00:00,432.8,19870200,432.8,19870200,429.2,19861200
1986-10-02 23:00:00,444.8,19870200,444.8,19870200,441.1,19861200
1986-10-03 23:00:00,441.0,19870200,441.0,19870200,437.5,19861200
1986-10-06 23:00:00,446.5,19870200,446.5,19870200,442.8,19861200
1986-10-07 23:00:00,448.5,19870200,448.5,19870200,444.8,19861200
1986-10-08 23:00:00,446.1,19870200,446.1,19870200,442.4,19861200
1986-10-09 23:00:00,436.6,19870200,436.6,19870200,433.0,19861200
1986-10-10 23:00:00,438.1,19870200,438.1,19870200,434.5,19861200
1986-10-13 23:00:00,440.8,19870200,440.8,19870200,437.2,19861200
1986-10-14 23:00:00,434.1,19870200,434.1,19870200,430.5,19861200
1986-10-15 23:00:00,432.3,19870200,432.3,19870200,428.7,19861200
1986-10-16 23:00:00,431.0,19870200,431.0,19870200,427.4,19861200
1986-10-17 23:00:00,425.7,19870200,425.7,19870200,422.2,19861200
1986-10-20 23:00:00,432.5,19870200,432.5,19870200,428.9,19861200
1986-10-21 23:00:00,431.5,19870200,431.5,19870200,427.9,19861200
1986-10-22 23:00:00,432.3,19870200,432.3,19870200,428.7,19861200
1986-10-23 23:00:00,421.0,19870200,421.0,19870200,417.5,19861200
1986-10-24 23:00:00,413.1,19870200,413.1,19870200,409.7,19861200
1986-10-27 23:00:00,413.7,19870200,413.7,19870200,410.3,19861200
1986-10-28 23:00:00,417.3,19870200,417.3,19870200,413.9,19861200
1986-10-29 23:00:00,410.7,19870200,410.7,19870200,407.3,19861200
1986-10-30 23:00:00,413.2,19870200,413.2,19870200,409.9,19861200
1986-10-31 23:00:00,408.7,19870200,408.7,19870200,405.5,19861200
1986-11-03 23:00:00,410.0,19870200,410.0,19870200,406.8,19861200
1986-11-04 23:00:00,414.3,19870200,414.3,19870200,411.1,19861200
1986-11-05 23:00:00,411.7,19870200,411.7,19870200,408.5,19861200
1986-11-06 23:00:00,415.7,19870200,415.7,19870200,412.4,19861200
1986-11-07 23:00:00,413.9,19870200,413.9,19870200,410.6,19861200
1986-11-10 23:00:00,410.8,19870200,410.8,19870200,407.5,19861200
1986-11-11 23:00:00,412.5,19870200,412.5,19870200,409.3,19861200
1986-11-12 23:00:00,412.6,19870200,412.6,19870200,409.4,19861200
1986-11-13 23:00:00,412.7,19870200,412.7,19870200,409.5,19861200
1986-11-14 23:00:00,402.0,19870200,402.0,19870200,398.8,19861200
1986-11-17 23:00:00,392.6,19870200,392.6,19870200,389.3,19861200
1986-11-18 23:00:00,398.0,19870200,398.0,19870200,394.5,19861200
1986-11-19 23:00:00,392.1,19870200,392.1,19870200,388.5,19861200
1986-11-20 23:00:00,395.3,19870200,395.3,19870200,391.7,19861200
1986-11-21 23:00:00,382.7,19870200,382.7,19870200,379.3,19861200
1986-11-24 23:00:00,386.0,19870200,386.0,19870200,382.4,19861200
1986-11-25 23:00:00,389.6,19870200,389.6,19870200,385.6,19861200
1986-11-26 23:00:00,387.1,19870200,387.1,19870200,383.1,19861200
1986-11-28 23:00:00,394.8,19870200,394.8,19870200,390.9,19861200
1986-12-01 23:00:00,400.8,19870400,400.8,19870400,397.5,19870200
1986-12-02 23:00:00,396.1,19870400,396.1,19870400,392.9,19870200
1986-12-03 23:00:00,399.1,19870400,399.1,19870400,395.8,19870200
1986-12-04 23:00:00,395.0,19870400,395.0,19870400,391.7,19870200
1986-12-05 23:00:00,396.3,19870400,396.3,19870400,392.9,19870200
1986-12-08 23:00:00,397.1,19870400,397.1,19870400,393.7,19870200
1986-12-09 23:00:00,393.7,19870400,393.7,19870400,390.4,19870200
1986-12-10 23:00:00,396.5,19870400,396.5,19870400,393.1,19870200
1986-12-11 23:00:00,397.2,19870400,397.2,19870400,393.7,19870200
1986-12-12 23:00:00,399.3,19870400,399.3,19870400,395.8,19870200
1986-12-15 23:00:00,401.9,19870400,401.9,19870400,398.4,19870200
1986-12-16 23:00:00,399.8,19870400,399.8,19870400,396.3,19870200
1986-12-17 23:00:00,398.8,19870400,398.8,19870400,395.3,19870200
1986-12-18 23:00:00,401.3,19870400,401.3,19870400,397.8,19870200
1986-12-19 23:00:00,399.2,19870400,399.2,19870400,395.8,19870200
1986-12-22 23:00:00,399.8,19870400,399.8,19870400,396.3,19870200
1986-12-23 23:00:00,394.9,19870400,394.9,19870400,391.5,19870200
1986-12-24 23:00:00,396.4,19870400,396.4,19870400,393.0,19870200
1986-12-29 23:00:00,395.4,19870400,395.4,19870400,391.9,19870200
1986-12-30 23:00:00,395.9,19870400,395.9,19870400,392.4,19870200
1986-12-31 23:00:00,410.6,19870400,410.6,19870400,406.9,19870200
1987-01-02 23:00:00,407.7,19870400,407.7,19870400,404.0,19870200
1987-01-05 23:00:00,408.7,19870400,408.7,19870400,405.0,19870200
1987-01-06 23:00:00,406.0,19870400,406.0,19870400,402.2,19870200
1987-01-07 23:00:00,408.0,19870400,408.0,19870400,404.3,19870200
1987-01-08 23:00:00,407.6,19870400,407.6,19870400,403.9,19870200
1987-01-09 23:00:00,411.2,19870400,411.2,19870400,407.5,19870200
1987-01-12 23:00:00,414.0,19870400,414.0,19870400,410.2,19870200
1987-01-13 23:00:00,416.1,19870400,416.1,19870400,412.3,19870200
1987-01-14 23:00:00,423.2,19870400,423.2,19870400,419.2,19870200
1987-01-15 23:00:00,420.9,19870400,420.9,19870400,417.0,19870200
1987-01-16 23:00:00,421.2,19870400,421.2,19870400,417.3,19870200
1987-01-19 23:00:00,427.3,19870400,427.3,19870400,423.3,19870200
1987-01-20 23:00:00,412.0,19870400,412.0,19870400,408.2,19870200
1987-01-21 23:00:00,412.7,19870400,412.7,19870400,408.8,19870200
1987-01-22 23:00:00,412.8,19870400,412.8,19870400,408.9,19870200
1987-01-23 23:00:00,409.1,19870400,409.1,19870400,405.3,19870200
1987-01-26 23:00:00,415.4,19870400,415.4,19870400,411.3,19870200
1987-01-27 23:00:00,419.8,19870400,419.8,19870400,415.7,19870200
1987-01-28 23:00:00,414.7,19870400,414.7,19870400,410.6,19870200
1987-01-29 23:00:00,416.6,19870400,416.6,19870400,412.6,19870200
1987-01-30 23:00:00,412.7,19870600,412.7,19870600,408.9,19870400
1987-02-02 23:00:00,408.6,19870600,408.6,19870600,404.8,19870400
1987-02-03 23:00:00,411.0,19870600,411.0,19870600,407.2,19870400
1987-02-04 23:00:00,410.0,19870600,410.0,19870600,406.2,19870400
1987-02-05 23:00:00,412.0,19870600,412.0,19870600,408.2,19870400
1987-02-06 23:00:00,411.3,19870600,411.3,19870600,407.4,19870400
1987-02-09 23:00:00,411.2,19870600,411.2,19870600,407.2,19870400
1987-02-10 23:00:00,410.3,19870600,410.3,19870600,406.2,19870400
1987-02-11 23:00:00,409.6,19870600,409.6,19870600,405.5,19870400
1987-02-12 23:00:00,402.1,19870600,402.1,19870600,398.3,19870400
1987-02-13 23:00:00,404.5,19870600,404.5,19870600,400.7,19870400
1987-02-17 23:00:00,398.7,19870600,398.7,19870600,394.9,19870400
1987-02-18 23:00:00,399.1,19870600,399.1,19870600,395.3,19870400
1987-02-19 23:00:00,406.5,19870600,406.5,19870600,402.7,19870400
1987-02-20 23:00:00,412.7,19870600,412.7,19870600,408.7,19870400
1987-02-23 23:00:00,408.6,19870600,408.6,19870600,404.6,19870400
1987-02-24 23:00:00,408.5,19870600,408.5,19870600,404.6,19870400
1987-02-25 23:00:00,409.2,19870600,409.2,19870600,405.2,19870400
1987-02-26 23:00:00,412.5,19870600,412.5,19870600,408.5,19870400
1987-02-27 23:00:00,411.4,19870600,411.4,19870600,407.4,19870400
1987-03-02 23:00:00,409.6,19870600,409.6,19870600,405.6,19870400
1987-03-03 23:00:00,413.1,19870600,413.1,19870600,409.1,19870400
1987-03-04 23:00:00,416.4,19870600,416.4,19870600,412.2,19870400
1987-03-05 23:00:00,413.0,19870600,413.0,19870600,408.8,19870400
1987-03-06 23:00:00,412.1,19870600,412.1,19870600,407.8,19870400
1987-03-09 23:00:00,410.7,19870600,410.7,19870600,406.5,19870400
1987-03-10 23:00:00,412.6,19870600,412.6,19870600,408.3,19870400
1987-03-11 23:00:00,412.7,19870600,412.7,19870600,408.3,19870400
1987-03-12 23:00:00,414.3,19870600,414.3,19870600,409.9,19870400
1987-03-13 23:00:00,409.3,19870600,409.3,19870600,405.0,19870400
1987-03-16 23:00:00,410.9,19870600,410.9,19870600,406.6,19870400
1987-03-17 23:00:00,411.1,19870600,411.1,19870600,406.8,19870400
1987-03-18 23:00:00,410.3,19870600,410.3,19870600,406.0,19870400
1987-03-19 23:00:00,410.4,19870600,410.4,19870600,406.1,19870400
1987-03-20 23:00:00,410.6,19870600,410.6,19870600,406.3,19870400
1987-03-23 23:00:00,415.3,19870600,415.3,19870600,410.8,19870400
1987-03-24 23:00:00,418.7,19870600,418.7,19870600,414.1,19870400
1987-03-25 23:00:00,417.9,19870600,417.9,19870600,413.3,19870400
1987-03-26 23:00:00,416.3,19870600,416.3,19870600,411.7,19870400
1987-03-27 23:00:00,427.5,19870600,427.5,19870600,422.7,19870400
1987-03-30 23:00:00,425.9,19870600,425.9,19870600,421.1,19870400
1987-03-31 23:00:00,427.3,19870800,427.3,19870800,422.7,19870600
1987-04-01 23:00:00,427.2,19870800,427.2,19870800,422.5,19870600
1987-04-02 23:00:00,426.9,19870800,426.9,19870800,422.2,19870600
1987-04-03 23:00:00,428.6,19870800,428.6,19870800,423.9,19870600
1987-04-06 23:00:00,427.3,19870800,427.3,19870800,422.6,19870600
1987-04-07 23:00:00,430.9,19870800,430.9,19870800,426.2,19870600
1987-04-08 23:00:00,428.8,19870800,428.8,19870800,424.1,19870600
1987-04-09 23:00:00,441.5,19870800,441.5,19870800,436.5,19870600
1987-04-10 23:00:00,441.9,19870800,441.9,19870800,436.7,19870600
1987-04-13 23:00:00,446.1,19870800,446.1,19870800,440.8,19870600
1987-04-14 23:00:00,460.2,19870800,460.2,19870800,454.6,19870600
1987-04-15 23:00:00,451.8,19870800,451.8,19870800,446.5,19870600
1987-04-16 23:00:00,452.4,19870800,452.4,19870800,447.3,19870600
1987-04-20 23:00:00,462.1,19870800,462.1,19870800,456.8,19870600
1987-04-21 23:00:00,456.3,19870800,456.3,19870800,451.0,19870600
1987-04-22 23:00:00,457.8,19870800,457.8,19870800,452.5,19870600
1987-04-23 23:00:00,468.9,19870800,468.9,19870800,463.4,19870600
1987-04-24 23:00:00,471.3,19870800,471.3,19870800,465.5,19870600
1987-04-27 23:00:00,451.6,19870800,451.6,19870800,446.0,19870600
1987-04-28 23:00:00,460.2,19870800,460.2,19870800,454.7,19870600
1987-04-29 23:00:00,458.9,19870800,458.9,19870800,453.5,19870600
1987-04-30 23:00:00,461.9,19870800,461.9,19870800,456.5,19870600
1987-05-01 23:00:00,465.0,19870800,465.0,19870800,459.5,19870600
1987-05-04 23:00:00,470.9,19870800,470.9,19870800,465.2,19870600
1987-05-05 23:00:00,466.5,19870800,466.5,19870800,460.8,19870600
1987-05-06 23:00:00,466.4,19870800,466.4,19870800,460.8,19870600
1987-05-07 23:00:00,465.1,19870800,465.1,19870800,459.6,19870600
1987-05-08 23:00:00,462.1,19870800,462.1,19870800,456.7,19870600
1987-05-11 23:00:00,463.0,19870800,463.0,19870800,457.7,19870600
1987-05-12 23:00:00,467.0,19870800,467.0,19870800,461.5,19870600
1987-05-13 23:00:00,465.6,19870800,465.6,19870800,460.0,19870600
1987-05-14 23:00:00,471.2,19870800,471.2,19870800,465.6,19870600
1987-05-15 23:00:00,481.9,19870800,481.9,19870800,476.2,19870600
1987-05-18 23:00:00,478.4,19870800,478.4,19870800,472.8,19870600
1987-05-19 23:00:00,484.1,19870800,484.1,19870800,478.3,19870600
1987-05-20 23:00:00,479.2,19870800,479.2,19870800,473.3,19870600
1987-05-21 23:00:00,476.3,19870800,476.3,19870800,470.3,19870600
1987-05-22 23:00:00,470.5,19870800,470.5,19870800,464.6,19870600
1987-05-26 23:00:00,457.5,19870800,457.5,19870800,451.8,19870600
1987-05-27 23:00:00,454.3,19870800,454.3,19870800,448.5,19870600
1987-05-28 23:00:00,459.5,19870800,459.5,19870800,453.4,19870600
1987-05-29 23:00:00,456.0,19870800,456.0,19870800,450.2,19870600
1987-06-01 23:00:00,456.8,19871000,456.8,19871000,451.6,19870800
1987-06-02 23:00:00,467.3,19871000,467.3,19871000,461.8,19870800
1987-06-03 23:00:00,460.9,19871000,460.9,19871000,455.5,19870800
1987-06-04 23:00:00,463.6,19871000,463.6,19871000,458.2,19870800
1987-06-05 23:00:00,464.2,19871000,464.2,19871000,458.8,19870800
1987-06-08 23:00:00,459.7,19871000,459.7,19871000,454.3,19870800
1987-06-09 23:00:00,468.4,19871000,468.4,19871000,462.8,19870800
1987-06-10 23:00:00,466.8,19871000,466.8,19871000,461.3,19870800
1987-06-11 23:00:00,473.9,19871000,473.9,19871000,468.3,19870800
1987-06-12 23:00:00,464.3,19871000,464.3,19871000,458.9,19870800
1987-06-15 23:00:00,462.0,19871000,462.0,19871000,456.7,19870800
1987-06-16 23:00:00,457.2,19871000,457.2,19871000,451.9,19870800
1987-06-17 23:00:00,457.1,19871000,457.1,19871000,451.8,19870800
1987-06-18 23:00:00,459.9,19871000,459.9,19871000,454.6,19870800
1987-06-19 23:00:00,454.0,19871000,454.0,19871000,448.7,19870800
1987-06-22 23:00:00,445.8,19871000,445.8,19871000,440.8,19870800
1987-06-23 23:00:00,448.9,19871000,448.9,19871000,443.8,19870800
1987-06-24 23:00:00,451.6,19871000,451.6,19871000,446.4,19870800
1987-06-25 23:00:00,448.9,19871000,448.9,19871000,443.8,19870800
1987-06-26 23:00:00,455.4,19871000,455.4,19871000,450.1,19870800
1987-06-29 23:00:00,454.7,19871000,454.7,19871000,449.4,19870800
1987-06-30 23:00:00,457.6,19871000,457.6,19871000,452.2,19870800
1987-07-01 23:00:00,454.7,19871000,454.7,19871000,449.4,19870800
1987-07-02 23:00:00,454.0,19871000,454.0,19871000,448.8,19870800
1987-07-06 23:00:00,455.4,19871000,455.4,19871000,450.3,19870800
1987-07-07 23:00:00,451.2,19871000,451.2,19871000,446.1,19870800
1987-07-08 23:00:00,451.9,19871000,451.9,19871000,446.8,19870800
1987-07-09 23:00:00,451.9,19871000,451.9,19871000,446.8,19870800
1987-07-10 23:00:00,451.2,19871000,451.2,19871000,446.0,19870800
1987-07-13 23:00:00,453.8,19871000,453.8,19871000,448.6,19870800
1987-07-14 23:00:00,454.8,19871000,454.8,19871000,449.5,19870800
1987-07-15 23:00:00,460.8,19871000,460.8,19871000,455.3,19870800
1987-07-16 23:00:00,460.8,19871000,460.8,19871000,455.4,19870800
1987-07-17 23:00:00,454.6,19871000,454.6,19871000,449.3,19870800
1987-07-20 23:00:00,457.6,19871000,457.6,19871000,452.3,19870800
1987-07-21 23:00:00,459.0,19871000,459.0,19871000,453.7,19870800
1987-07-22 23:00:00,461.1,19871000,461.1,19871000,455.7,19870800
1987-07-23 23:00:00,461.2,19871000,461.2,19871000,455.7,19870800
1987-07-24 23:00:00,460.0,19871000,460.0,19871000,454.5,19870800
1987-07-27 23:00:00,459.8,19871000,459.8,19871000,454.2,19870800
1987-07-28 23:00:00,462.7,19871000,462.7,19871000,457.0,19870800
1987-07-29 23:00:00,463.2,19871000,463.2,19871000,457.6,19870800
1987-07-30 23:00:00,473.3,19871200,473.3,19871200,467.7,19871000
1987-07-31 23:00:00,475.1,19871200,475.1,19871200,469.5,19871000
1987-08-03 23:00:00,488.3,19871200,488.3,19871200,482.4,19871000
1987-08-04 23:00:00,488.9,19871200,488.9,19871200,482.9,19871000
1987-08-05 23:00:00,477.6,19871200,477.6,19871200,471.8,19871000
1987-08-06 23:00:00,478.6,19871200,478.6,19871200,472.8,19871000
1987-08-07 23:00:00,464.8,19871200,464.8,19871200,459.2,19871000
1987-08-10 23:00:00,470.6,19871200,470.6,19871200,464.9,19871000
1987-08-11 23:00:00,474.2,19871200,474.2,19871200,468.6,19871000
1987-08-12 23:00:00,473.0,19871200,473.0,19871200,467.4,19871000
1987-08-13 23:00:00,467.8,19871200,467.8,19871200,462.3,19871000
1987-08-14 23:00:00,461.2,19871200,461.2,19871200,455.8,19871000
1987-08-17 23:00:00,463.1,19871200,463.1,19871200,457.7,19871000
1987-08-18 23:00:00,467.7,19871200,467.7,19871200,462.2,19871000
1987-08-19 23:00:00,467.3,19871200,467.3,19871200,461.8,19871000
1987-08-20 23:00:00,462.2,19871200,462.2,19871200,456.7,19871000
1987-08-21 23:00:00,465.7,19871200,465.7,19871200,460.2,19871000
1987-08-24 23:00:00,469.3,19871200,469.3,19871200,463.8,19871000
1987-08-25 23:00:00,465.8,19871200,465.8,19871200,460.3,19871000
1987-08-26 23:00:00,465.8,19871200,465.8,19871200,460.3,19871000
1987-08-27 23:00:00,463.7,19871200,463.7,19871200,458.2,19871000
1987-08-28 23:00:00,461.3,19871200,461.3,19871200,455.8,19871000
1987-08-31 23:00:00,458.7,19871200,458.7,19871200,453.2,19871000
1987-09-01 23:00:00,462.8,19871200,462.8,19871200,457.3,19871000
1987-09-02 23:00:00,473.4,19871200,473.4,19871200,467.8,19871000
1987-09-03 23:00:00,471.7,19871200,471.7,19871200,466.1,19871000
1987-09-04 23:00:00,470.8,19871200,470.8,19871200,465.1,19871000
1987-09-08 23:00:00,465.5,19871200,465.5,19871200,459.8,19871000
1987-09-09 23:00:00,464.5,19871200,464.5,19871200,458.9,19871000
1987-09-10 23:00:00,470.6,19871200,470.6,19871200,464.9,19871000
1987-09-11 23:00:00,464.3,19871200,464.3,19871200,458.4,19871000
1987-09-14 23:00:00,463.8,19871200,463.8,19871200,458.0,19871000
1987-09-15 23:00:00,465.9,19871200,465.9,19871200,460.0,19871000
1987-09-16 23:00:00,465.1,19871200,465.1,19871200,459.2,19871000
1987-09-17 23:00:00,466.9,19871200,466.9,19871200,460.9,19871000
1987-09-18 23:00:00,465.3,19871200,465.3,19871200,459.2,19871000
1987-09-21 23:00:00,469.3,19871200,469.3,19871200,463.2,19871000
1987-09-22 23:00:00,468.9,19871200,468.9,19871200,462.7,19871000
1987-09-23 23:00:00,468.7,19871200,468.7,19871200,462.6,19871000
1987-09-24 23:00:00,468.7,19871200,468.7,19871200,462.4,19871000
1987-09-25 23:00:00,466.6,19871200,466.6,19871200,460.3,19871000
1987-09-28 23:00:00,466.4,19871200,466.4,19871200,460.0,19871000
1987-09-29 23:00:00,464.4,19871200,464.4,19871200,458.0,19871000
1987-09-30 23:00:00,465.3,19880200,465.3,19880200,458.8,19871200
1987-10-01 23:00:00,466.1,19880200,466.1,19880200,459.7,19871200
1987-10-02 23:00:00,466.7,19880200,466.7,19880200,460.3,19871200
1987-10-05 23:00:00,469.3,19880200,469.3,19880200,462.8,19871200
1987-10-06 23:00:00,469.3,19880200,469.3,19880200,462.7,19871200
1987-10-07 23:00:00,470.1,19880200,470.1,19880200,463.4,19871200
1987-10-08 23:00:00,473.4,19880200,473.4,19880200,466.5,19871200
1987-10-09 23:00:00,473.9,19880200,473.9,19880200,466.9,19871200
1987-10-12 23:00:00,473.7,19880200,473.7,19880200,466.7,19871200
1987-10-13 23:00:00,470.9,19880200,470.9,19880200,464.0,19871200
1987-10-14 23:00:00,472.9,19880200,472.9,19880200,465.8,19871200
1987-10-15 23:00:00,475.1,19880200,475.1,19880200,467.8,19871200
1987-10-16 23:00:00,483.7,19880200,483.7,19880200,476.3,19871200
1987-10-19 23:00:00,494.5,19880200,494.5,19880200,486.8,19871200
1987-10-20 23:00:00,473.7,19880200,473.7,19880200,467.5,19871200
1987-10-21 23:00:00,477.7,19880200,477.7,19880200,471.7,19871200
1987-10-22 23:00:00,479.1,19880200,479.1,19880200,473.2,19871200
1987-10-23 23:00:00,482.8,19880200,482.8,19880200,476.7,19871200
1987-10-26 23:00:00,485.4,19880200,485.4,19880200,479.4,19871200
1987-10-27 23:00:00,484.9,19880200,484.9,19880200,478.8,19871200
1987-10-28 23:00:00,486.6,19880200,486.6,19880200,480.5,19871200
1987-10-29 23:00:00,474.6,19880200,474.6,19880200,468.7,19871200
1987-10-30 23:00:00,477.2,19880200,477.2,19880200,471.2,19871200
1987-11-02 23:00:00,478.6,19880200,478.6,19880200,472.5,19871200
1987-11-03 23:00:00,476.6,19880200,476.6,19880200,470.6,19871200
1987-11-04 23:00:00,474.1,19880200,474.1,19880200,468.2,19871200
1987-11-05 23:00:00,464.8,19880200,464.8,19880200,459.2,19871200
1987-11-06 23:00:00,467.9,19880200,467.9,19880200,462.1,19871200
1987-11-09 23:00:00,469.1,19880200,469.1,19880200,463.3,19871200
1987-11-10 23:00:00,468.3,19880200,468.3,19880200,462.4,19871200
1987-11-11 23:00:00,468.9,19880200,468.9,19880200,463.1,19871200
1987-11-12 23:00:00,470.6,19880200,470.6,19880200,464.7,19871200
1987-11-13 23:00:00,471.5,19880200,471.5,19880200,465.6,19871200
1987-11-16 23:00:00,470.2,19880200,470.2,19880200,464.3,19871200
1987-11-17 23:00:00,471.8,19880200,471.8,19880200,465.8,19871200
1987-11-18 23:00:00,470.8,19880200,470.8,19880200,464.8,19871200
1987-11-19 23:00:00,471.8,19880200,471.8,19880200,465.8,19871200
1987-11-20 23:00:00,476.2,19880200,476.2,19880200,470.3,19871200
1987-11-23 23:00:00,482.1,19880200,482.1,19880200,476.0,19871200
1987-11-24 23:00:00,481.4,19880200,481.4,19880200,475.4,19871200
1987-11-25 23:00:00,482.9,19880200,482.9,19880200,476.9,19871200
1987-11-27 23:00:00,492.3,19880200,492.3,19880200,486.1,19871200
1987-11-30 23:00:00,497.2,19880200,497.2,19880200,491.0,19871200
1987-12-01 23:00:00,502.2,19880400,502.2,19880400,496.2,19880200
1987-12-02 23:00:00,499.7,19880400,499.7,19880400,493.7,19880200
1987-12-03 23:00:00,499.7,19880400,499.7,19880400,493.8,19880200
1987-12-04 23:00:00,493.6,19880400,493.6,19880400,487.8,19880200
1987-12-07 23:00:00,492.4,19880400,492.4,19880400,486.5,19880200
1987-12-08 23:00:00,494.7,19880400,494.7,19880400,488.6,19880200
1987-12-09 23:00:00,495.7,19880400,495.7,19880400,489.4,19880200
1987-12-10 23:00:00,503.7,19880400,503.7,19880400,497.2,19880200
1987-12-11 23:00:00,508.6,19880400,508.6,19880400,502.0,19880200
1987-12-14 23:00:00,507.1,19880400,507.1,19880400,500.4,19880200
1987-12-15 23:00:00,493.6,19880400,493.6,19880400,487.2,19880200
1987-12-16 23:00:00,496.4,19880400,496.4,19880400,490.1,19880200
1987-12-17 23:00:00,495.8,19880400,495.8,19880400,489.7,19880200
1987-12-18 23:00:00,489.9,19880400,489.9,19880400,484.0,19880200
1987-12-21 23:00:00,489.6,19880400,489.6,19880400,483.7,19880200
1987-12-22 23:00:00,493.8,19880400,493.8,19880400,487.9,19880200
1987-12-23 23:00:00,492.4,19880400,492.4,19880400,486.5,19880200
1987-12-24 23:00:00,495.6,19880400,495.6,19880400,489.6,19880200
1987-12-28 23:00:00,497.2,19880400,497.2,19880400,491.1,19880200
1987-12-29 23:00:00,495.4,19880400,495.4,19880400,489.4,19880200
1987-12-30 23:00:00,491.4,19880400,491.4,19880400,485.5,19880200
1987-12-31 23:00:00,494.9,19880400,494.9,19880400,488.9,19880200
1988-01-04 23:00:00,486.3,19880400,486.3,19880400,480.5,19880200
1988-01-05 23:00:00,489.1,19880400,489.1,19880400,483.2,19880200
1988-01-06 23:00:00,491.3,19880400,491.3,19880400,485.3,19880200
1988-01-07 23:00:00,489.1,19880400,489.1,19880400,483.1,19880200
1988-01-08 23:00:00,491.5,19880400,491.5,19880400,485.5,19880200
1988-01-11 23:00:00,489.6,19880400,489.6,19880400,483.6,19880200
1988-01-12 23:00:00,488.3,19880400,488.3,19880400,482.3,19880200
1988-01-13 23:00:00,487.6,19880400,487.6,19880400,481.6,19880200
1988-01-14 23:00:00,494.2,19880400,494.2,19880400,488.2,19880200
1988-01-15 23:00:00,480.3,19880400,480.3,19880400,474.5,19880200
1988-01-18 23:00:00,482.6,19880400,482.6,19880400,476.8,19880200
1988-01-19 23:00:00,484.0,19880400,484.0,19880400,478.2,19880200
1988-01-20 23:00:00,482.5,19880400,482.5,19880400,476.8,19880200
1988-01-21 23:00:00,484.5,19880400,484.5,19880400,478.8,19880200
1988-01-22 23:00:00,483.4,19880400,483.4,19880400,477.8,19880200
1988-01-25 23:00:00,474.9,19880400,474.9,19880400,469.5,19880200
1988-01-26 23:00:00,474.8,19880400,474.8,19880400,469.3,19880200
1988-01-27 23:00:00,472.2,19880400,472.2,19880400,467.0,19880200
1988-01-28 23:00:00,471.5,19880400,471.5,19880400,466.5,19880200
1988-01-29 23:00:00,458.5,19880400,458.5,19880400,454.2,19880200
1988-02-01 23:00:00,463.2,19880600,463.2,19880600,458.4,19880400
1988-02-02 23:00:00,463.1,19880600,463.1,19880600,458.3,19880400
1988-02-03 23:00:00,447.0,19880600,447.0,19880600,442.5,19880400
1988-02-04 23:00:00,452.8,19880600,452.8,19880600,448.2,19880400
1988-02-05 23:00:00,447.7,19880600,447.7,19880600,443.2,19880400
1988-02-08 23:00:00,448.6,19880600,448.6,19880600,444.0,19880400
1988-02-09 23:00:00,449.4,19880600,449.4,19880600,444.9,19880400
1988-02-10 23:00:00,448.3,19880600,448.3,19880600,443.9,19880400
1988-02-11 23:00:00,447.6,19880600,447.6,19880600,443.2,19880400
1988-02-12 23:00:00,453.3,19880600,453.3,19880600,448.7,19880400
1988-02-16 23:00:00,452.2,19880600,452.2,19880600,447.6,19880400
1988-02-17 23:00:00,453.8,19880600,453.8,19880600,449.2,19880400
1988-02-18 23:00:00,450.4,19880600,450.4,19880600,445.8,19880400
1988-02-19 23:00:00,452.5,19880600,452.5,19880600,448.0,19880400
1988-02-22 23:00:00,452.1,19880600,452.1,19880600,447.6,19880400
1988-02-23 23:00:00,448.7,19880600,448.7,19880600,444.3,19880400
1988-02-24 23:00:00,438.2,19880600,438.2,19880600,434.1,19880400
1988-02-25 23:00:00,438.8,19880600,438.8,19880600,434.7,19880400
1988-02-26 23:00:00,435.1,19880600,435.1,19880600,431.1,19880400
1988-02-29 23:00:00,435.8,19880600,435.8,19880600,431.9,19880400
1988-03-01 23:00:00,436.4,19880600,436.4,19880600,432.4,19880400
1988-03-02 23:00:00,436.2,19880600,436.2,19880600,432.2,19880400
1988-03-03 23:00:00,433.2,19880600,433.2,19880600,429.1,19880400
1988-03-04 23:00:00,443.2,19880600,443.2,19880600,438.8,19880400
1988-03-07 23:00:00,443.0,19880600,443.0,19880600,438.6,19880400
1988-03-08 23:00:00,441.0,19880600,441.0,19880600,436.6,19880400
1988-03-09 23:00:00,441.9,19880600,441.9,19880600,437.5,19880400
1988-03-10 23:00:00,449.0,19880600,449.0,19880600,444.5,19880400
1988-03-11 23:00:00,447.1,19880600,447.1,19880600,442.6,19880400
1988-03-14 23:00:00,447.4,19880600,447.4,19880600,443.1,19880400
1988-03-15 23:00:00,451.9,19880600,451.9,19880600,447.5,19880400
1988-03-16 23:00:00,450.9,19880600,450.9,19880600,446.5,19880400
1988-03-17 23:00:00,449.1,19880600,449.1,19880600,444.9,19880400
1988-03-18 23:00:00,449.4,19880600,449.4,19880600,445.2,19880400
1988-03-21 23:00:00,454.7,19880600,454.7,19880600,450.2,19880400
1988-03-22 23:00:00,454.0,19880600,454.0,19880600,449.6,19880400
1988-03-23 23:00:00,456.4,19880600,456.4,19880600,452.0,19880400
1988-03-24 23:00:00,458.7,19880600,458.7,19880600,454.3,19880400
1988-03-25 23:00:00,457.6,19880600,457.6,19880600,453.3,19880400
1988-03-28 23:00:00,460.2,19880600,460.2,19880600,455.9,19880400
1988-03-29 23:00:00,459.8,19880600,459.8,19880600,455.6,19880400
1988-03-30 23:00:00,465.7,19880800,465.7,19880800,461.3,19880600
1988-03-31 23:00:00,462.3,19880800,462.3,19880800,457.9,19880600
1988-04-04 23:00:00,464.1,19880800,464.1,19880800,459.5,19880600
1988-04-05 23:00:00,460.7,19880800,460.7,19880800,456.2,19880600
1988-04-06 23:00:00,455.7,19880800,455.7,19880800,451.3,19880600
1988-04-07 23:00:00,457.1,19880800,457.1,19880800,452.7,19880600
1988-04-08 23:00:00,458.1,19880800,458.1,19880800,453.7,19880600
1988-04-11 23:00:00,459.1,19880800,459.1,19880800,454.7,19880600
1988-04-12 23:00:00,458.1,19880800,458.1,19880800,453.7,19880600
1988-04-13 23:00:00,453.9,19880800,453.9,19880800,449.6,19880600
1988-04-14 23:00:00,461.1,19880800,461.1,19880800,456.5,19880600
1988-04-15 23:00:00,463.2,19880800,463.2,19880800,458.5,19880600
1988-04-18 23:00:00,466.5,19880800,466.5,19880800,461.7,19880600
1988-04-19 23:00:00,465.1,19880800,465.1,19880800,460.4,19880600
1988-04-20 23:00:00,463.7,19880800,463.7,19880800,459.0,19880600
1988-04-21 23:00:00,461.8,19880800,461.8,19880800,457.2,19880600
1988-04-22 23:00:00,456.9,19880800,456.9,19880800,452.4,19880600
1988-04-25 23:00:00,454.6,19880800,454.6,19880800,450.1,19880600
1988-04-26 23:00:00,455.7,19880800,455.7,19880800,451.3,19880600
1988-04-27 23:00:00,458.7,19880800,458.7,19880800,454.3,19880600
1988-04-28 23:00:00,457.0,19880800,457.0,19880800,452.6,19880600
1988-04-29 23:00:00,457.0,19880800,457.0,19880800,452.6,19880600
1988-05-02 23:00:00,451.5,19880800,451.5,19880800,447.2,19880600
1988-05-03 23:00:00,449.4,19880800,449.4,19880800,445.1,19880600
1988-05-04 23:00:00,451.0,19880800,451.0,19880800,446.6,19880600
1988-05-05 23:00:00,451.5,19880800,451.5,19880800,447.0,19880600
1988-05-06 23:00:00,449.7,19880800,449.7,19880800,445.3,19880600
1988-05-09 23:00:00,453.2,19880800,453.2,19880800,448.8,19880600
1988-05-10 23:00:00,456.1,19880800,456.1,19880800,451.6,19880600
1988-05-11 23:00:00,455.7,19880800,455.7,19880800,451.2,19880600
1988-05-12 23:00:00,457.7,19880800,457.7,19880800,453.3,19880600
1988-05-13 23:00:00,457.8,19880800,457.8,19880800,453.7,19880600
1988-05-16 23:00:00,459.8,19880800,459.8,19880800,456.0,19880600
1988-05-17 23:00:00,459.9,19880800,459.9,19880800,456.4,19880600
1988-05-18 23:00:00,461.8,19880800,461.8,19880800,458.1,19880600
1988-05-19 23:00:00,461.6,19880800,461.6,19880800,458.2,19880600
1988-05-20 23:00:00,462.1,19880800,462.1,19880800,458.7,19880600
1988-05-23 23:00:00,466.4,19880800,466.4,19880800,462.8,19880600
1988-05-24 23:00:00,465.4,19880800,465.4,19880800,461.1,19880600
1988-05-25 23:00:00,458.8,19880800,458.8,19880800,454.8,19880600
1988-05-26 23:00:00,458.7,19880800,458.7,19880800,454.1,19880600
1988-05-27 23:00:00,456.0,19880800,456.0,19880800,450.8,19880600
1988-05-31 23:00:00,459.8,19880800,459.8,19880800,455.0,19880600
1988-06-01 23:00:00,467.3,19881000,467.3,19881000,462.4,19880800
1988-06-02 23:00:00,476.5,19881000,476.5,19881000,471.5,19880800
1988-06-03 23:00:00,474.5,19881000,474.5,19881000,469.3,19880800
1988-06-06 23:00:00,473.4,19881000,473.4,19881000,468.1,19880800
1988-06-07 23:00:00,470.0,19881000,470.0,19881000,464.8,19880800
1988-06-08 23:00:00,465.8,19881000,465.8,19881000,460.7,19880800
1988-06-09 23:00:00,466.8,19881000,466.8,19881000,461.7,19880800
1988-06-10 23:00:00,458.3,19881000,458.3,19881000,453.3,19880800
1988-06-13 23:00:00,458.8,19881000,458.8,19881000,453.8,19880800
1988-06-14 23:00:00,459.5,19881000,459.5,19881000,454.6,19880800
1988-06-15 23:00:00,460.9,19881000,460.9,19881000,455.8,19880800
1988-06-16 23:00:00,459.2,19881000,459.2,19881000,453.9,19880800
1988-06-17 23:00:00,463.7,19881000,463.7,19881000,458.3,19880800
1988-06-20 23:00:00,459.9,19881000,459.9,19881000,454.5,19880800
1988-06-21 23:00:00,460.8,19881000,460.8,19881000,455.4,19880800
1988-06-22 23:00:00,458.3,19881000,458.3,19881000,453.0,19880800
1988-06-23 23:00:00,456.2,19881000,456.2,19881000,450.9,19880800
1988-06-24 23:00:00,451.1,19881000,451.1,19881000,446.0,19880800
1988-06-27 23:00:00,451.0,19881000,451.0,19881000,445.9,19880800
1988-06-28 23:00:00,445.6,19881000,445.6,19881000,440.5,19880800
1988-06-29 23:00:00,443.4,19881000,443.4,19881000,438.3,19880800
1988-06-30 23:00:00,442.9,19881000,442.9,19881000,437.7,19880800
1988-07-01 23:00:00,444.8,19881000,444.8,19881000,439.6,19880800
1988-07-05 23:00:00,445.6,19881000,445.6,19881000,440.3,19880800
1988-07-06 23:00:00,446.1,19881000,446.1,19881000,440.7,19880800
1988-07-07 23:00:00,446.6,19881000,446.6,19881000,441.1,19880800
1988-07-08 23:00:00,446.6,19881000,446.6,19881000,441.0,19880800
1988-07-11 23:00:00,442.0,19881000,442.0,19881000,436.4,19880800
1988-07-12 23:00:00,444.2,19881000,444.2,19881000,438.7,19880800
1988-07-13 23:00:00,447.5,19881000,447.5,19881000,441.8,19880800
1988-07-14 23:00:00,445.6,19881000,445.6,19881000,439.9,19880800
1988-07-15 23:00:00,447.0,19881000,447.0,19881000,441.3,19880800
1988-07-18 23:00:00,444.5,19881000,444.5,19881000,438.8,19880800
1988-07-19 23:00:00,453.4,19881000,453.4,19881000,447.5,19880800
1988-07-20 23:00:00,451.6,19881000,451.6,19881000,445.7,19880800
1988-07-21 23:00:00,448.6,19881000,448.6,19881000,442.7,19880800
1988-07-22 23:00:00,448.7,19881000,448.7,19881000,442.9,19880800
1988-07-25 23:00:00,432.0,19881000,432.0,19881000,426.6,19880800
1988-07-26 23:00:00,437.4,19881000,437.4,19881000,431.7,19880800
1988-07-27 23:00:00,439.0,19881000,439.0,19881000,433.5,19880800
1988-07-28 23:00:00,438.2,19881000,438.2,19881000,432.5,19880800
1988-07-29 23:00:00,441.7,19881000,441.7,19881000,436.1,19880800
1988-08-01 23:00:00,445.6,19881200,445.6,19881200,440.0,19881000
1988-08-02 23:00:00,442.5,19881200,442.5,19881200,436.9,19881000
1988-08-03 23:00:00,444.3,19881200,444.3,19881200,438.7,19881000
1988-08-04 23:00:00,443.8,19881200,443.8,19881200,438.2,19881000
1988-08-05 23:00:00,442.6,19881200,442.6,19881200,437.0,19881000
1988-08-08 23:00:00,440.8,19881200,440.8,19881200,435.1,19881000
1988-08-09 23:00:00,437.8,19881200,437.8,19881200,432.1,19881000
1988-08-10 23:00:00,439.4,19881200,439.4,19881200,433.7,19881000
1988-08-11 23:00:00,439.2,19881200,439.2,19881200,433.5,19881000
1988-08-12 23:00:00,441.2,19881200,441.2,19881200,435.5,19881000
1988-08-15 23:00:00,442.9,19881200,442.9,19881200,437.1,19881000
1988-08-16 23:00:00,438.8,19881200,438.8,19881200,433.0,19881000
1988-08-17 23:00:00,440.9,19881200,440.9,19881200,435.1,19881000
1988-08-18 23:00:00,442.1,19881200,442.1,19881200,436.3,19881000
1988-08-19 23:00:00,441.4,19881200,441.4,19881200,435.6,19881000
1988-08-22 23:00:00,443.2,19881200,443.2,19881200,437.4,19881000
1988-08-23 23:00:00,441.8,19881200,441.8,19881200,436.0,19881000
1988-08-24 23:00:00,444.4,19881200,444.4,19881200,438.6,19881000
1988-08-25 23:00:00,442.2,19881200,442.2,19881200,436.4,19881000
1988-08-26 23:00:00,441.4,19881200,441.4,19881200,435.6,19881000
1988-08-29 23:00:00,438.7,19881200,438.7,19881200,432.9,19881000
1988-08-30 23:00:00,437.7,19881200,437.7,19881200,431.9,19881000
1988-08-31 23:00:00,439.9,19881200,439.9,19881200,434.1,19881000
1988-09-01 23:00:00,438.7,19881200,438.7,19881200,432.9,19881000
1988-09-02 23:00:00,437.4,19881200,437.4,19881200,431.8,19881000
1988-09-06 23:00:00,434.8,19881200,434.8,19881200,429.2,19881000
1988-09-07 23:00:00,435.7,19881200,435.7,19881200,430.2,19881000
1988-09-08 23:00:00,436.3,19881200,436.3,19881200,430.8,19881000
1988-09-09 23:00:00,428.5,19881200,428.5,19881200,423.1,19881000
1988-09-12 23:00:00,428.0,19881200,428.0,19881200,422.8,19881000
1988-09-13 23:00:00,428.2,19881200,428.2,19881200,422.9,19881000
1988-09-14 23:00:00,428.0,19881200,428.0,19881200,422.7,19881000
1988-09-15 23:00:00,425.0,19881200,425.0,19881200,419.8,19881000
1988-09-16 23:00:00,418.2,19881200,418.2,19881200,412.9,19881000
1988-09-19 23:00:00,415.4,19881200,415.4,19881200,410.2,19881000
1988-09-20 23:00:00,411.3,19881200,411.3,19881200,406.2,19881000
1988-09-21 23:00:00,404.0,19881200,404.0,19881200,399.2,19881000
1988-09-22 23:00:00,404.6,19881200,404.6,19881200,400.0,19881000
1988-09-23 23:00:00,399.3,19881200,399.3,19881200,394.8,19881000
1988-09-26 23:00:00,400.3,19881200,400.3,19881200,395.8,19881000
1988-09-27 23:00:00,402.5,19881200,402.5,19881200,397.9,19881000
1988-09-28 23:00:00,403.4,19881200,403.4,19881200,398.7,19881000
1988-09-29 23:00:00,406.8,19890200,406.8,19890200,401.6,19881200
1988-09-30 23:00:00,404.3,19890200,404.3,19890200,399.2,19881200
1988-10-03 23:00:00,407.3,19890200,407.3,19890200,402.2,19881200
1988-10-04 23:00:00,407.8,19890200,407.8,19890200,402.7,19881200
1988-10-05 23:00:00,410.4,19890200,410.4,19890200,405.3,19881200
1988-10-06 23:00:00,413.2,19890200,413.2,19890200,408.0,19881200
1988-10-07 23:00:00,412.4,19890200,412.4,19890200,407.3,19881200
1988-10-10 23:00:00,417.9,19890200,417.9,19890200,412.7,19881200
1988-10-11 23:00:00,413.6,19890200,413.6,19890200,408.4,19881200
1988-10-12 23:00:00,417.4,19890200,417.4,19890200,412.2,19881200
1988-10-13 23:00:00,415.6,19890200,415.6,19890200,410.4,19881200
1988-10-14 23:00:00,417.7,19890200,417.7,19890200,412.5,19881200
1988-10-17 23:00:00,420.7,19890200,420.7,19890200,415.5,19881200
1988-10-18 23:00:00,420.3,19890200,420.3,19890200,415.1,19881200
1988-10-19 23:00:00,419.9,19890200,419.9,19890200,414.7,19881200
1988-10-20 23:00:00,420.6,19890200,420.6,19890200,415.4,19881200
1988-10-21 23:00:00,416.7,19890200,416.7,19890200,411.5,19881200
1988-10-24 23:00:00,413.9,19890200,413.9,19890200,408.8,19881200
1988-10-25 23:00:00,414.5,19890200,414.5,19890200,409.4,19881200
1988-10-26 23:00:00,416.2,19890200,416.2,19890200,411.1,19881200
1988-10-27 23:00:00,415.1,19890200,415.1,19890200,410.1,19881200
1988-10-28 23:00:00,419.9,19890200,419.9,19890200,414.9,19881200
1988-10-31 23:00:00,420.1,19890200,420.1,19890200,415.1,19881200
1988-11-01 23:00:00,418.9,19890200,418.9,19890200,414.0,19881200
1988-11-02 23:00:00,429.3,19890200,429.3,19890200,424.2,19881200
1988-11-03 23:00:00,428.8,19890200,428.8,19890200,423.7,19881200
1988-11-04 23:00:00,428.6,19890200,428.6,19890200,423.5,19881200
1988-11-07 23:00:00,429.9,19890200,429.9,19890200,424.7,19881200
1988-11-08 23:00:00,426.3,19890200,426.3,19890200,421.2,19881200
1988-11-09 23:00:00,429.8,19890200,429.8,19890200,424.7,19881200
1988-11-10 23:00:00,425.5,19890200,425.5,19890200,420.5,19881200
1988-11-11 23:00:00,427.8,19890200,427.8,19890200,423.1,19881200
1988-11-14 23:00:00,429.9,19890200,429.9,19890200,425.2,19881200
1988-11-15 23:00:00,430.3,19890200,430.3,19890200,425.6,19881200
1988-11-16 23:00:00,430.5,19890200,430.5,19890200,425.6,19881200
1988-11-17 23:00:00,426.0,19890200,426.0,19890200,421.1,19881200
1988-11-18 23:00:00,423.0,19890200,423.0,19890200,418.1,19881200
1988-11-21 23:00:00,421.3,19890200,421.3,19890200,416.5,19881200
1988-11-22 23:00:00,422.9,19890200,422.9,19890200,418.1,19881200
1988-11-23 23:00:00,424.8,19890200,424.8,19890200,420.1,19881200
1988-11-28 23:00:00,427.9,19890200,427.9,19890200,423.3,19881200
1988-11-29 23:00:00,427.1,19890200,427.1,19890200,421.9,19881200
1988-11-30 23:00:00,434.9,19890400,434.9,19890400,429.6,19890200
1988-12-01 23:00:00,433.9,19890400,433.9,19890400,428.6,19890200
1988-12-02 23:00:00,442.2,19890400,442.2,19890400,436.7,19890200
1988-12-05 23:00:00,439.8,19890400,439.8,19890400,434.2,19890200
1988-12-06 23:00:00,438.2,19890400,438.2,19890400,432.6,19890200
1988-12-07 23:00:00,433.2,19890400,433.2,19890400,427.7,19890200
1988-12-08 23:00:00,432.2,19890400,432.2,19890400,426.7,19890200
1988-12-09 23:00:00,433.1,19890400,433.1,19890400,427.6,19890200
1988-12-12 23:00:00,430.1,19890400,430.1,19890400,424.6,19890200
1988-12-13 23:00:00,429.7,19890400,429.7,19890400,424.1,19890200
1988-12-14 23:00:00,431.3,19890400,431.3,19890400,425.7,19890200
1988-12-15 23:00:00,422.0,19890400,422.0,19890400,416.6,19890200
1988-12-16 23:00:00,423.1,19890400,423.1,19890400,417.6,19890200
1988-12-19 23:00:00,423.5,19890400,423.5,19890400,418.0,19890200
1988-12-20 23:00:00,423.0,19890400,423.0,19890400,417.5,19890200
1988-12-21 23:00:00,424.3,19890400,424.3,19890400,418.8,19890200
1988-12-22 23:00:00,426.8,19890400,426.8,19890400,421.3,19890200
1988-12-23 23:00:00,427.1,19890400,427.1,19890400,421.6,19890200
1988-12-27 23:00:00,426.4,19890400,426.4,19890400,420.9,19890200
1988-12-28 23:00:00,422.0,19890400,422.0,19890400,416.6,19890200
1988-12-29 23:00:00,415.6,19890400,415.6,19890400,410.5,19890200
1988-12-30 23:00:00,417.4,19890400,417.4,19890400,412.3,19890200
1989-01-03 23:00:00,418.7,19890400,418.7,19890400,413.4,19890200
1989-01-04 23:00:00,416.3,19890400,416.3,19890400,411.0,19890200
1989-01-05 23:00:00,415.5,19890400,415.5,19890400,410.1,19890200
1989-01-06 23:00:00,413.5,19890400,413.5,19890400,408.1,19890200
1989-01-09 23:00:00,412.0,19890400,412.0,19890400,406.7,19890200
1989-01-10 23:00:00,411.0,19890400,411.0,19890400,405.6,19890200
1989-01-11 23:00:00,410.6,19890400,410.6,19890400,405.2,19890200
1989-01-12 23:00:00,411.1,19890400,411.1,19890400,405.8,19890200
1989-01-13 23:00:00,408.7,19890400,408.7,19890400,403.5,19890200
1989-01-16 23:00:00,408.4,19890400,408.4,19890400,403.3,19890200
1989-01-17 23:00:00,409.1,19890400,409.1,19890400,404.0,19890200
1989-01-18 23:00:00,408.2,19890400,408.2,19890400,403.3,19890200
1989-01-19 23:00:00,409.4,19890400,409.4,19890400,404.5,19890200
1989-01-20 23:00:00,414.3,19890400,414.3,19890400,409.3,19890200
1989-01-23 23:00:00,413.5,19890400,413.5,19890400,408.5,19890200
1989-01-24 23:00:00,411.2,19890400,411.2,19890400,406.3,19890200
1989-01-25 23:00:00,411.2,19890400,411.2,19890400,406.4,19890200
1989-01-26 23:00:00,407.6,19890400,407.6,19890400,403.2,19890200
1989-01-27 23:00:00,400.2,19890400,400.2,19890400,396.1,19890200
1989-01-30 23:00:00,399.6,19890400,399.6,19890400,395.3,19890200
1989-01-31 23:00:00,400.8,19890600,400.8,19890600,395.8,19890400
1989-02-01 23:00:00,402.3,19890600,402.3,19890600,397.2,19890400
1989-02-02 23:00:00,401.1,19890600,401.1,19890600,395.9,19890400
1989-02-03 23:00:00,401.5,19890600,401.5,19890600,396.3,19890400
1989-02-06 23:00:00,402.0,19890600,402.0,19890600,396.9,19890400
1989-02-07 23:00:00,400.5,19890600,400.5,19890600,395.5,19890400
1989-02-08 23:00:00,404.1,19890600,404.1,19890600,399.1,19890400
1989-02-09 23:00:00,403.0,19890600,403.0,19890600,398.0,19890400
1989-02-10 23:00:00,396.6,19890600,396.6,19890600,391.7,19890400
1989-02-13 23:00:00,394.5,19890600,394.5,19890600,389.7,19890400
1989-02-14 23:00:00,393.8,19890600,393.8,19890600,389.0,19890400
1989-02-15 23:00:00,392.9,19890600,392.9,19890600,388.2,19890400
1989-02-16 23:00:00,391.8,19890600,391.8,19890600,387.1,19890400
1989-02-17 23:00:00,389.0,19890600,389.0,19890600,384.3,19890400
1989-02-21 23:00:00,394.3,19890600,394.3,19890600,389.4,19890400
1989-02-22 23:00:00,395.2,19890600,395.2,19890600,390.2,19890400
1989-02-23 23:00:00,399.1,19890600,399.1,19890600,394.0,19890400
1989-02-24 23:00:00,397.7,19890600,397.7,19890600,392.6,19890400
1989-02-27 23:00:00,394.9,19890600,394.9,19890600,389.8,19890400
1989-02-28 23:00:00,395.5,19890600,395.5,19890600,390.4,19890400
1989-03-01 23:00:00,392.2,19890600,392.2,19890600,387.1,19890400
1989-03-02 23:00:00,391.7,19890600,391.7,19890600,386.6,19890400
1989-03-03 23:00:00,394.4,19890600,394.4,19890600,389.3,19890400
1989-03-06 23:00:00,395.6,19890600,395.6,19890600,390.5,19890400
1989-03-07 23:00:00,400.8,19890600,400.8,19890600,395.7,19890400
1989-03-08 23:00:00,400.4,19890600,400.4,19890600,395.4,19890400
1989-03-09 23:00:00,402.0,19890600,402.0,19890600,397.3,19890400
1989-03-10 23:00:00,401.1,19890600,401.1,19890600,396.5,19890400
1989-03-13 23:00:00,401.0,19890600,401.0,19890600,396.4,19890400
1989-03-14 23:00:00,402.8,19890600,402.8,19890600,398.1,19890400
1989-03-15 23:00:00,398.5,19890600,398.5,19890600,393.8,19890400
1989-03-16 23:00:00,396.1,19890600,396.1,19890600,391.3,19890400
1989-03-17 23:00:00,399.9,19890600,399.9,19890600,395.0,19890400
1989-03-20 23:00:00,402.5,19890600,402.5,19890600,397.4,19890400
1989-03-21 23:00:00,400.9,19890600,400.9,19890600,395.6,19890400
1989-03-22 23:00:00,400.2,19890600,400.2,19890600,395.1,19890400
1989-03-23 23:00:00,398.3,19890600,398.3,19890600,393.4,19890400
1989-03-27 23:00:00,396.4,19890600,396.4,19890600,391.6,19890400
1989-03-28 23:00:00,388.0,19890600,388.0,19890600,383.5,19890400
1989-03-29 23:00:00,387.5,19890600,387.5,19890600,383.5,19890400
1989-03-30 23:00:00,391.3,19890800,391.3,19890800,386.2,19890600
1989-03-31 23:00:00,395.2,19890800,395.2,19890800,390.0,19890600
1989-04-03 23:00:00,396.2,19890800,396.2,19890800,391.1,19890600
1989-04-04 23:00:00,396.1,19890800,396.1,19890800,390.9,19890600
1989-04-05 23:00:00,393.7,19890800,393.7,19890800,388.6,19890600
1989-04-06 23:00:00,393.8,19890800,393.8,19890800,388.7,19890600
1989-04-07 23:00:00,393.1,19890800,393.1,19890800,388.0,19890600
1989-04-10 23:00:00,395.4,19890800,395.4,19890800,390.3,19890600
1989-04-11 23:00:00,395.0,19890800,395.0,19890800,389.9,19890600
1989-04-12 23:00:00,397.2,19890800,397.2,19890800,392.1,19890600
1989-04-13 23:00:00,399.3,19890800,399.3,19890800,394.2,19890600
1989-04-14 23:00:00,394.7,19890800,394.7,19890800,389.8,19890600
1989-04-17 23:00:00,395.0,19890800,395.0,19890800,390.1,19890600
1989-04-18 23:00:00,392.1,19890800,392.1,19890800,387.4,19890600
1989-04-19 23:00:00,391.7,19890800,391.7,19890800,387.1,19890600
1989-04-20 23:00:00,394.0,19890800,394.0,19890800,389.3,19890600
1989-04-21 23:00:00,392.9,19890800,392.9,19890800,388.2,19890600
1989-04-24 23:00:00,395.6,19890800,395.6,19890800,391.0,19890600
1989-04-25 23:00:00,393.3,19890800,393.3,19890800,388.8,19890600
1989-04-26 23:00:00,392.6,19890800,392.6,19890800,388.2,19890600
1989-04-27 23:00:00,390.3,19890800,390.3,19890800,386.1,19890600
1989-04-28 23:00:00,384.8,19890800,384.8,19890800,380.5,19890600
1989-05-01 23:00:00,385.1,19890800,385.1,19890800,380.7,19890600
1989-05-02 23:00:00,384.6,19890800,384.6,19890800,380.1,19890600
1989-05-03 23:00:00,384.6,19890800,384.6,19890800,380.4,19890600
1989-05-04 23:00:00,383.8,19890800,383.8,19890800,379.6,19890600
1989-05-05 23:00:00,383.4,19890800,383.4,19890800,379.3,19890600
1989-05-08 23:00:00,382.6,19890800,382.6,19890800,378.4,19890600
1989-05-09 23:00:00,384.4,19890800,384.4,19890800,380.3,19890600
1989-05-10 23:00:00,382.9,19890800,382.9,19890800,379.0,19890600
1989-05-11 23:00:00,385.7,19890800,385.7,19890800,382.1,19890600
1989-05-12 23:00:00,382.4,19890800,382.4,19890800,378.9,19890600
1989-05-15 23:00:00,380.0,19890800,380.0,19890800,376.5,19890600
1989-05-16 23:00:00,379.8,19890800,379.8,19890800,376.2,19890600
1989-05-17 23:00:00,377.5,19890800,377.5,19890800,373.9,19890600
1989-05-18 23:00:00,373.9,19890800,373.9,19890800,370.3,19890600
1989-05-19 23:00:00,369.9,19890800,369.9,19890800,366.6,19890600
1989-05-22 23:00:00,366.7,19890800,366.7,19890800,363.7,19890600
1989-05-23 23:00:00,367.2,19890800,367.2,19890800,364.3,19890600
1989-05-24 23:00:00,367.4,19890800,367.4,19890800,364.7,19890600
1989-05-25 23:00:00,370.1,19890800,370.1,19890800,367.2,19890600
1989-05-26 23:00:00,368.7,19890800,368.7,19890800,365.9,19890600
1989-05-30 23:00:00,369.7,19890800,369.7,19890800,365.7,19890600
1989-05-31 23:00:00,370.5,19891000,370.5,19891000,366.5,19890800
1989-06-01 23:00:00,371.3,19891000,371.3,19891000,367.3,19890800
1989-06-02 23:00:00,375.9,19891000,375.9,19891000,371.9,19890800
1989-06-05 23:00:00,374.8,19891000,374.8,19891000,370.8,19890800
1989-06-06 23:00:00,387.2,19891000,387.2,19891000,383.2,19890800
1989-06-07 23:00:00,384.8,19891000,384.8,19891000,380.8,19890800
1989-06-08 23:00:00,382.1,19891000,382.1,19891000,378.1,19890800
1989-06-09 23:00:00,365.7,19891000,365.7,19891000,362.0,19890800
1989-06-12 23:00:00,369.6,19891000,369.6,19891000,365.8,19890800
1989-06-13 23:00:00,370.8,19891000,370.8,19891000,366.8,19890800
1989-06-14 23:00:00,371.4,19891000,371.4,19891000,367.5,19890800
1989-06-15 23:00:00,374.7,19891000,374.7,19891000,370.7,19890800
1989-06-16 23:00:00,372.7,19891000,372.7,19891000,368.8,19890800
1989-06-19 23:00:00,374.7,19891000,374.7,19891000,370.6,19890800
1989-06-20 23:00:00,373.8,19891000,373.8,19891000,369.6,19890800
1989-06-21 23:00:00,379.9,19891000,379.9,19891000,375.7,19890800
1989-06-22 23:00:00,378.3,19891000,378.3,19891000,374.2,19890800
1989-06-23 23:00:00,385.8,19891000,385.8,19891000,381.8,19890800
1989-06-26 23:00:00,382.4,19891000,382.4,19891000,378.3,19890800
1989-06-27 23:00:00,383.9,19891000,383.9,19891000,379.8,19890800
1989-06-28 23:00:00,383.3,19891000,383.3,19891000,379.2,19890800
1989-06-29 23:00:00,377.9,19891000,377.9,19891000,373.9,19890800
1989-06-30 23:00:00,381.3,19891000,381.3,19891000,377.3,19890800
1989-07-03 23:00:00,385.0,19891000,385.0,19891000,381.1,19890800
1989-07-05 23:00:00,392.5,19891000,392.5,19891000,388.4,19890800
1989-07-06 23:00:00,392.8,19891000,392.8,19891000,388.6,19890800
1989-07-07 23:00:00,389.7,19891000,389.7,19891000,385.7,19890800
1989-07-10 23:00:00,390.6,19891000,390.6,19891000,386.6,19890800
1989-07-11 23:00:00,387.3,19891000,387.3,19891000,383.3,19890800
1989-07-12 23:00:00,384.4,19891000,384.4,19891000,380.4,19890800
1989-07-13 23:00:00,382.6,19891000,382.6,19891000,378.5,19890800
1989-07-14 23:00:00,376.5,19891000,376.5,19891000,372.2,19890800
1989-07-17 23:00:00,376.4,19891000,376.4,19891000,372.2,19890800
1989-07-18 23:00:00,378.1,19891000,378.1,19891000,373.8,19890800
1989-07-19 23:00:00,373.5,19891000,373.5,19891000,369.3,19890800
1989-07-20 23:00:00,376.5,19891000,376.5,19891000,372.2,19890800
1989-07-21 23:00:00,377.3,19891000,377.3,19891000,373.0,19890800
1989-07-24 23:00:00,378.3,19891000,378.3,19891000,373.9,19890800
1989-07-25 23:00:00,378.4,19891000,378.4,19891000,374.1,19890800
1989-07-26 23:00:00,379.3,19891000,379.3,19891000,375.0,19890800
1989-07-27 23:00:00,377.9,19891000,377.9,19891000,373.7,19890800
1989-07-28 23:00:00,371.4,19891000,371.4,19891000,367.0,19890800
1989-07-31 23:00:00,374.7,19891000,374.7,19891000,370.5,19890800
1989-08-01 23:00:00,378.8,19891200,378.8,19891200,374.8,19891000
1989-08-02 23:00:00,377.8,19891200,377.8,19891200,373.8,19891000
1989-08-03 23:00:00,381.4,19891200,381.4,19891200,377.4,19891000
1989-08-04 23:00:00,375.4,19891200,375.4,19891200,371.4,19891000
1989-08-07 23:00:00,373.4,19891200,373.4,19891200,369.4,19891000
1989-08-08 23:00:00,373.6,19891200,373.6,19891200,369.6,19891000
1989-08-09 23:00:00,373.9,19891200,373.9,19891200,370.0,19891000
1989-08-10 23:00:00,374.2,19891200,374.2,19891200,370.4,19891000
1989-08-11 23:00:00,371.4,19891200,371.4,19891200,367.7,19891000
1989-08-14 23:00:00,373.2,19891200,373.2,19891200,369.4,19891000
1989-08-15 23:00:00,377.5,19891200,377.5,19891200,373.7,19891000
1989-08-16 23:00:00,374.7,19891200,374.7,19891200,370.9,19891000
1989-08-17 23:00:00,374.6,19891200,374.6,19891200,370.8,19891000
1989-08-18 23:00:00,373.9,19891200,373.9,19891200,370.1,19891000
1989-08-21 23:00:00,374.5,19891200,374.5,19891200,370.7,19891000
1989-08-22 23:00:00,374.5,19891200,374.5,19891200,370.7,19891000
1989-08-23 23:00:00,371.9,19891200,371.9,19891200,368.1,19891000
1989-08-24 23:00:00,370.6,19891200,370.6,19891200,366.8,19891000
1989-08-25 23:00:00,366.7,19891200,366.7,19891200,362.9,19891000
1989-08-28 23:00:00,366.0,19891200,366.0,19891200,362.2,19891000
1989-08-29 23:00:00,369.3,19891200,369.3,19891200,365.5,19891000
1989-08-30 23:00:00,367.6,19891200,367.6,19891200,363.8,19891000
1989-08-31 23:00:00,365.4,19891200,365.4,19891200,361.7,19891000
1989-09-01 23:00:00,366.1,19891200,366.1,19891200,362.4,19891000
1989-09-05 23:00:00,365.1,19891200,365.1,19891200,361.4,19891000
1989-09-06 23:00:00,367.4,19891200,367.4,19891200,363.7,19891000
1989-09-07 23:00:00,366.0,19891200,366.0,19891200,362.3,19891000
1989-09-08 23:00:00,365.0,19891200,365.0,19891200,361.3,19891000
1989-09-11 23:00:00,364.6,19891200,364.6,19891200,360.9,19891000
1989-09-12 23:00:00,364.8,19891200,364.8,19891200,361.1,19891000
1989-09-13 23:00:00,365.0,19891200,365.0,19891200,361.3,19891000
1989-09-14 23:00:00,365.5,19891200,365.5,19891200,361.8,19891000
1989-09-15 23:00:00,368.9,19891200,368.9,19891200,365.2,19891000
1989-09-18 23:00:00,366.5,19891200,366.5,19891200,362.8,19891000
1989-09-19 23:00:00,366.2,19891200,366.2,19891200,362.2,19891000
1989-09-20 23:00:00,370.1,19891200,370.1,19891200,365.7,19891000
1989-09-21 23:00:00,370.3,19891200,370.3,19891200,366.3,19891000
1989-09-22 23:00:00,370.7,19891200,370.7,19891200,366.7,19891000
1989-09-25 23:00:00,374.6,19891200,374.6,19891200,370.3,19891000
1989-09-26 23:00:00,373.1,19891200,373.1,19891200,368.9,19891000
1989-09-27 23:00:00,372.3,19891200,372.3,19891200,367.9,19891000
1989-09-28 23:00:00,372.8,19891200,372.8,19891200,368.1,19891000
1989-09-29 23:00:00,376.2,19900200,376.2,19900200,372.0,19891200
1989-10-02 23:00:00,376.2,19900200,376.2,19900200,372.1,19891200
1989-10-03 23:00:00,375.5,19900200,375.5,19900200,371.4,19891200
1989-10-04 23:00:00,375.6,19900200,375.6,19900200,371.5,19891200
1989-10-05 23:00:00,372.0,19900200,372.0,19900200,367.9,19891200
1989-10-06 23:00:00,372.2,19900200,372.2,19900200,368.2,19891200
1989-10-09 23:00:00,371.4,19900200,371.4,19900200,367.4,19891200
1989-10-10 23:00:00,369.2,19900200,369.2,19900200,365.2,19891200
1989-10-11 23:00:00,370.1,19900200,370.1,19900200,366.1,19891200
1989-10-12 23:00:00,371.4,19900200,371.4,19900200,367.4,19891200
1989-10-13 23:00:00,371.3,19900200,371.3,19900200,367.3,19891200
1989-10-16 23:00:00,375.2,19900200,375.2,19900200,371.2,19891200
1989-10-17 23:00:00,375.2,19900200,375.2,19900200,371.2,19891200
1989-10-18 23:00:00,376.4,19900200,376.4,19900200,372.4,19891200
1989-10-19 23:00:00,374.6,19900200,374.6,19900200,370.6,19891200
1989-10-20 23:00:00,374.6,19900200,374.6,19900200,370.6,19891200
1989-10-23 23:00:00,374.2,19900200,374.2,19900200,370.2,19891200
1989-10-24 23:00:00,377.4,19900200,377.4,19900200,373.4,19891200
1989-10-25 23:00:00,376.4,19900200,376.4,19900200,372.3,19891200
1989-10-26 23:00:00,379.5,19900200,379.5,19900200,375.4,19891200
1989-10-27 23:00:00,385.7,19900200,385.7,19900200,381.2,19891200
1989-10-30 23:00:00,385.1,19900200,385.1,19900200,380.8,19891200
1989-10-31 23:00:00,381.9,19900200,381.9,19900200,377.6,19891200
1989-11-01 23:00:00,381.2,19900200,381.2,19900200,376.9,19891200
1989-11-02 23:00:00,387.4,19900200,387.4,19900200,382.9,19891200
1989-11-03 23:00:00,385.5,19900200,385.5,19900200,381.0,19891200
1989-11-06 23:00:00,388.3,19900200,388.3,19900200,383.8,19891200
1989-11-07 23:00:00,392.9,19900200,392.9,19900200,388.4,19891200
1989-11-08 23:00:00,395.4,19900200,395.4,19900200,390.8,19891200
1989-11-09 23:00:00,393.6,19900200,393.6,19900200,389.0,19891200
1989-11-10 23:00:00,393.1,19900200,393.1,19900200,388.6,19891200
1989-11-13 23:00:00,397.4,19900200,397.4,19900200,392.7,19891200
1989-11-14 23:00:00,399.8,19900200,399.8,19900200,394.9,19891200
1989-11-15 23:00:00,397.8,19900200,397.8,19900200,392.8,19891200
1989-11-16 23:00:00,397.7,19900200,397.7,19900200,392.7,19891200
1989-11-17 23:00:00,401.0,19900200,401.0,19900200,395.8,19891200
1989-11-20 23:00:00,404.6,19900200,404.6,19900200,399.3,19891200
1989-11-21 23:00:00,409.7,19900200,409.7,19900200,404.4,19891200
1989-11-22 23:00:00,417.0,19900200,417.0,19900200,411.6,19891200
1989-11-24 23:00:00,425.0,19900200,425.0,19900200,419.3,19891200
1989-11-27 23:00:00,419.8,19900200,419.8,19900200,414.1,19891200
1989-11-28 23:00:00,419.4,19900200,419.4,19900200,413.5,19891200
1989-11-29 23:00:00,420.6,19900400,420.6,19900400,415.5,19900200
1989-11-30 23:00:00,422.6,19900400,422.6,19900400,417.5,19900200
1989-12-01 23:00:00,424.5,19900400,424.5,19900400,419.3,19900200
1989-12-04 23:00:00,411.5,19900400,411.5,19900400,406.6,19900200
1989-12-05 23:00:00,413.8,19900400,413.8,19900400,408.9,19900200
1989-12-06 23:00:00,415.0,19900400,415.0,19900400,410.1,19900200
1989-12-07 23:00:00,420.0,19900400,420.0,19900400,415.0,19900200
1989-12-08 23:00:00,421.8,19900400,421.8,19900400,416.8,19900200
1989-12-11 23:00:00,426.9,19900400,426.9,19900400,421.8,19900200
1989-12-12 23:00:00,427.8,19900400,427.8,19900400,422.8,19900200
1989-12-13 23:00:00,417.8,19900400,417.8,19900400,412.9,19900200
1989-12-14 23:00:00,417.8,19900400,417.8,19900400,412.8,19900200
1989-12-15 23:00:00,423.3,19900400,423.3,19900400,418.3,19900200
1989-12-18 23:00:00,421.1,19900400,421.1,19900400,416.1,19900200
1989-12-19 23:00:00,421.1,19900400,421.1,19900400,416.1,19900200
1989-12-20 23:00:00,422.5,19900400,422.5,19900400,417.5,19900200
1989-12-21 23:00:00,420.5,19900400,420.5,19900400,415.5,19900200
1989-12-22 23:00:00,421.7,19900400,421.7,19900400,416.7,19900200
1989-12-26 23:00:00,415.2,19900400,415.2,19900400,410.1,19900200
1989-12-27 23:00:00,408.9,19900400,408.9,19900400,403.8,19900200
1989-12-28 23:00:00,406.4,19900400,406.4,19900400,401.4,19900200
1989-12-29 23:00:00,410.3,19900400,410.3,19900400,405.2,19900200
1990-01-02 23:00:00,407.1,19900400,407.1,19900400,402.1,19900200
1990-01-03 23:00:00,401.3,19900400,401.3,19900400,396.4,19900200
1990-01-04 23:00:00,405.8,19900400,405.8,19900400,400.8,19900200
1990-01-05 23:00:00,413.5,19900400,413.5,19900400,408.5,19900200
1990-01-08 23:00:00,410.0,19900400,410.0,19900400,405.0,19900200
1990-01-09 23:00:00,411.2,19900400,411.2,19900400,406.2,19900200
1990-01-10 23:00:00,419.4,19900400,419.4,19900400,414.2,19900200
1990-01-11 23:00:00,420.9,19900400,420.9,19900400,415.6,19900200
1990-01-12 23:00:00,420.1,19900400,420.1,19900400,414.7,19900200
1990-01-15 23:00:00,420.6,19900400,420.6,19900400,415.1,19900200
1990-01-16 23:00:00,417.6,19900400,417.6,19900400,412.2,19900200
1990-01-17 23:00:00,419.1,19900400,419.1,19900400,413.7,19900200
1990-01-18 23:00:00,416.7,19900400,416.7,19900400,411.2,19900200
1990-01-19 23:00:00,416.4,19900400,416.4,19900400,410.9,19900200
1990-01-22 23:00:00,413.6,19900400,413.6,19900400,408.0,19900200
1990-01-23 23:00:00,419.4,19900400,419.4,19900400,413.7,19900200
1990-01-24 23:00:00,423.5,19900400,423.5,19900400,417.7,19900200
1990-01-25 23:00:00,422.0,19900400,422.0,19900400,416.3,19900200
1990-01-26 23:00:00,426.1,19900400,426.1,19900400,420.3,19900200
1990-01-29 23:00:00,425.1,19900400,425.1,19900400,419.2,19900200
1990-01-30 23:00:00,423.9,19900400,423.9,19900400,418.1,19900200
1990-01-31 23:00:00,423.4,19900600,423.4,19900600,417.8,19900400
1990-02-01 23:00:00,429.0,19900600,429.0,19900600,423.3,19900400
1990-02-02 23:00:00,429.1,19900600,429.1,19900600,423.4,19900400
1990-02-05 23:00:00,433.3,19900600,433.3,19900600,427.5,19900400
1990-02-06 23:00:00,432.1,19900600,432.1,19900600,426.4,19900400
1990-02-07 23:00:00,428.8,19900600,428.8,19900600,423.1,19900400
1990-02-08 23:00:00,429.1,19900600,429.1,19900600,423.5,19900400
1990-02-09 23:00:00,426.1,19900600,426.1,19900600,420.6,19900400
1990-02-12 23:00:00,429.2,19900600,429.2,19900600,423.6,19900400
1990-02-13 23:00:00,427.6,19900600,427.6,19900600,422.0,19900400
1990-02-14 23:00:00,426.1,19900600,426.1,19900600,420.7,19900400
1990-02-15 23:00:00,421.6,19900600,421.6,19900600,416.2,19900400
1990-02-16 23:00:00,426.3,19900600,426.3,19900600,420.8,19900400
1990-02-20 23:00:00,429.3,19900600,429.3,19900600,423.6,19900400
1990-02-21 23:00:00,427.3,19900600,427.3,19900600,421.6,19900400
1990-02-22 23:00:00,424.7,19900600,424.7,19900600,419.0,19900400
1990-02-23 23:00:00,423.9,19900600,423.9,19900600,418.2,19900400
1990-02-26 23:00:00,417.4,19900600,417.4,19900600,411.8,19900400
1990-02-27 23:00:00,416.6,19900600,416.6,19900600,411.0,19900400
1990-02-28 23:00:00,414.5,19900600,414.5,19900600,408.9,19900400
1990-03-01 23:00:00,414.6,19900600,414.6,19900600,409.0,19900400
1990-03-02 23:00:00,411.0,19900600,411.0,19900600,405.6,19900400
1990-03-05 23:00:00,412.0,19900600,412.0,19900600,406.6,19900400
1990-03-06 23:00:00,411.6,19900600,411.6,19900600,406.1,19900400
1990-03-07 23:00:00,407.7,19900600,407.7,19900600,402.3,19900400
1990-03-08 23:00:00,407.3,19900600,407.3,19900600,401.9,19900400
1990-03-09 23:00:00,407.0,19900600,407.0,19900600,401.6,19900400
1990-03-12 23:00:00,406.6,19900600,406.6,19900600,401.1,19900400
1990-03-13 23:00:00,406.2,19900600,406.2,19900600,400.7,19900400
1990-03-14 23:00:00,405.1,19900600,405.1,19900600,399.5,19900400
1990-03-15 23:00:00,405.0,19900600,405.0,19900600,399.6,19900400
1990-03-16 23:00:00,406.4,19900600,406.4,19900600,400.9,19900400
1990-03-19 23:00:00,407.4,19900600,407.4,19900600,401.9,19900400
1990-03-20 23:00:00,398.7,19900600,398.7,19900600,393.3,19900400
1990-03-21 23:00:00,397.9,19900600,397.9,19900600,392.5,19900400
1990-03-22 23:00:00,400.1,19900600,400.1,19900600,394.7,19900400
1990-03-23 23:00:00,394.8,19900600,394.8,19900600,389.4,19900400
1990-03-26 23:00:00,371.4,19900600,371.4,19900600,366.2,19900400
1990-03-27 23:00:00,374.3,19900600,374.3,19900600,369.1,19900400
1990-03-28 23:00:00,374.2,19900600,374.2,19900600,369.1,19900400
1990-03-29 23:00:00,376.0,19900600,376.0,19900600,370.8,19900400
1990-03-30 23:00:00,379.6,19900800,379.6,19900800,375.0,19900600
1990-04-02 23:00:00,379.0,19900800,379.0,19900800,374.5,19900600
1990-04-03 23:00:00,384.8,19900800,384.8,19900800,380.1,19900600
1990-04-04 23:00:00,386.6,19900800,386.6,19900800,381.8,19900600
1990-04-05 23:00:00,384.1,19900800,384.1,19900800,379.3,19900600
1990-04-06 23:00:00,390.0,19900800,390.0,19900800,385.2,19900600
1990-04-09 23:00:00,385.2,19900800,385.2,19900800,380.4,19900600
1990-04-10 23:00:00,384.1,19900800,384.1,19900800,379.3,19900600
1990-04-11 23:00:00,383.2,19900800,383.2,19900800,378.4,19900600
1990-04-12 23:00:00,384.5,19900800,384.5,19900800,379.7,19900600
1990-04-16 23:00:00,383.6,19900800,383.6,19900800,378.9,19900600
1990-04-17 23:00:00,383.5,19900800,383.5,19900800,378.8,19900600
1990-04-18 23:00:00,384.5,19900800,384.5,19900800,379.7,19900600
1990-04-19 23:00:00,385.5,19900800,385.5,19900800,380.7,19900600
1990-04-20 23:00:00,384.7,19900800,384.7,19900800,379.9,19900600
1990-04-23 23:00:00,387.0,19900800,387.0,19900800,382.1,19900600
1990-04-24 23:00:00,383.9,19900800,383.9,19900800,379.0,19900600
1990-04-25 23:00:00,378.4,19900800,378.4,19900800,373.6,19900600
1990-04-26 23:00:00,378.2,19900800,378.2,19900800,373.3,19900600
1990-04-27 23:00:00,378.9,19900800,378.9,19900800,374.0,19900600
1990-04-30 23:00:00,376.3,19900800,376.3,19900800,371.4,19900600
1990-05-01 23:00:00,377.6,19900800,377.6,19900800,372.7,19900600
1990-05-02 23:00:00,376.9,19900800,376.9,19900800,372.0,19900600
1990-05-03 23:00:00,378.7,19900800,378.7,19900800,373.7,19900600
1990-05-04 23:00:00,377.9,19900800,377.9,19900800,373.1,19900600
1990-05-07 23:00:00,378.8,19900800,378.8,19900800,374.0,19900600
1990-05-08 23:00:00,376.8,19900800,376.8,19900800,372.0,19900600
1990-05-09 23:00:00,378.5,19900800,378.5,19900800,373.7,19900600
1990-05-10 23:00:00,376.6,19900800,376.6,19900800,371.9,19900600
1990-05-11 23:00:00,375.2,19900800,375.2,19900800,370.5,19900600
1990-05-14 23:00:00,374.6,19900800,374.6,19900800,369.9,19900600
1990-05-15 23:00:00,377.1,19900800,377.1,19900800,372.3,19900600
1990-05-16 23:00:00,375.1,19900800,375.1,19900800,370.3,19900600
1990-05-17 23:00:00,375.5,19900800,375.5,19900800,370.6,19900600
1990-05-18 23:00:00,380.6,19900800,380.6,19900800,375.6,19900600
1990-05-21 23:00:00,379.1,19900800,379.1,19900800,374.1,19900600
1990-05-22 23:00:00,381.1,19900800,381.1,19900800,376.4,19900600
1990-05-23 23:00:00,369.1,19900800,369.1,19900800,364.6,19900600
1990-05-24 23:00:00,371.3,19900800,371.3,19900800,366.9,19900600
1990-05-25 23:00:00,373.0,19900800,373.0,19900800,368.4,19900600
1990-05-29 23:00:00,371.9,19900800,371.9,19900800,367.4,19900600
1990-05-30 23:00:00,368.9,19900800,368.9,19900800,364.1,19900600
1990-05-31 23:00:00,373.4,19901000,373.4,19901000,368.6,19900800
1990-06-01 23:00:00,368.1,19901000,368.1,19901000,363.5,19900800
1990-06-04 23:00:00,366.9,19901000,366.9,19901000,362.4,19900800
1990-06-05 23:00:00,368.1,19901000,368.1,19901000,363.6,19900800
1990-06-06 23:00:00,365.6,19901000,365.6,19901000,361.0,19900800
1990-06-07 23:00:00,362.7,19901000,362.7,19901000,358.1,19900800
1990-06-08 23:00:00,363.8,19901000,363.8,19901000,359.2,19900800
1990-06-11 23:00:00,364.3,19901000,364.3,19901000,359.7,19900800
1990-06-12 23:00:00,363.7,19901000,363.7,19901000,359.1,19900800
1990-06-13 23:00:00,359.6,19901000,359.6,19901000,355.1,19900800
1990-06-14 23:00:00,354.2,19901000,354.2,19901000,349.8,19900800
1990-06-15 23:00:00,356.7,19901000,356.7,19901000,352.3,19900800
1990-06-18 23:00:00,356.4,19901000,356.4,19901000,352.0,19900800
1990-06-19 23:00:00,356.2,19901000,356.2,19901000,351.8,19900800
1990-06-20 23:00:00,357.5,19901000,357.5,19901000,353.1,19900800
1990-06-21 23:00:00,357.5,19901000,357.5,19901000,353.1,19900800
1990-06-22 23:00:00,357.2,19901000,357.2,19901000,352.8,19900800
1990-06-25 23:00:00,360.6,19901000,360.6,19901000,356.2,19900800
1990-06-26 23:00:00,357.3,19901000,357.3,19901000,352.9,19900800
1990-06-27 23:00:00,357.5,19901000,357.5,19901000,353.2,19900800
1990-06-28 23:00:00,358.3,19901000,358.3,19901000,354.1,19900800
1990-06-29 23:00:00,364.1,19901000,364.1,19901000,359.9,19900800
1990-07-02 23:00:00,365.1,19901000,365.1,19901000,360.8,19900800
1990-07-03 23:00:00,368.3,19901000,368.3,19901000,364.1,19900800
1990-07-05 23:00:00,367.4,19901000,367.4,19901000,363.3,19900800
1990-07-06 23:00:00,367.1,19901000,367.1,19901000,362.9,19900800
1990-07-09 23:00:00,364.1,19901000,364.1,19901000,359.9,19900800
1990-07-10 23:00:00,361.3,19901000,361.3,19901000,357.1,19900800
1990-07-11 23:00:00,359.8,19901000,359.8,19901000,355.6,19900800
1990-07-12 23:00:00,363.7,19901000,363.7,19901000,359.5,19900800
1990-07-13 23:00:00,370.0,19901000,370.0,19901000,365.7,19900800
1990-07-16 23:00:00,368.7,19901000,368.7,19901000,364.5,19900800
1990-07-17 23:00:00,367.3,19901000,367.3,19901000,363.0,19900800
1990-07-18 23:00:00,366.7,19901000,366.7,19901000,362.5,19900800
1990-07-19 23:00:00,366.3,19901000,366.3,19901000,362.1,19900800
1990-07-20 23:00:00,366.2,19901000,366.2,19901000,362.0,19900800
1990-07-23 23:00:00,374.0,19901000,374.0,19901000,369.7,19900800
1990-07-24 23:00:00,372.7,19901000,372.7,19901000,368.4,19900800
1990-07-25 23:00:00,376.7,19901000,376.7,19901000,372.4,19900800
1990-07-26 23:00:00,373.8,19901000,373.8,19901000,369.6,19900800
1990-07-27 23:00:00,372.2,19901000,372.2,19901000,368.0,19900800
1990-07-30 23:00:00,372.3,19901000,372.3,19901000,367.8,19900800
1990-07-31 23:00:00,379.2,19901200,379.2,19901200,374.6,19901000
1990-08-01 23:00:00,382.4,19901200,382.4,19901200,377.8,19901000
1990-08-02 23:00:00,385.9,19901200,385.9,19901200,381.2,19901000
1990-08-03 23:00:00,386.4,19901200,386.4,19901200,381.6,19901000
1990-08-06 23:00:00,393.8,19901200,393.8,19901200,389.0,19901000
1990-08-07 23:00:00,393.7,19901200,393.7,19901200,389.1,19901000
1990-08-08 23:00:00,392.2,19901200,392.2,19901200,387.6,19901000
1990-08-09 23:00:00,394.8,19901200,394.8,19901200,390.1,19901000
1990-08-10 23:00:00,405.9,19901200,405.9,19901200,401.2,19901000
1990-08-14 23:00:00,414.0,19901200,414.0,19901200,409.2,19901000
1990-08-15 23:00:00,411.3,19901200,411.3,19901200,406.5,19901000
1990-08-16 23:00:00,417.9,19901200,417.9,19901200,412.8,19901000
1990-08-17 23:00:00,418.3,19901200,418.3,19901200,413.2,19901000
1990-08-20 23:00:00,418.8,19901200,418.8,19901200,413.8,19901000
1990-08-21 23:00:00,416.0,19901200,416.0,19901200,411.0,19901000
1990-08-22 23:00:00,419.3,19901200,419.3,19901200,414.3,19901000
1990-08-23 23:00:00,420.3,19901200,420.3,19901200,415.3,19901000
1990-08-24 23:00:00,423.2,19901200,423.2,19901200,418.1,19901000
1990-08-27 23:00:00,396.2,19901200,396.2,19901200,391.3,19901000
1990-08-28 23:00:00,392.8,19901200,392.8,19901200,387.9,19901000
1990-08-29 23:00:00,392.7,19901200,392.7,19901200,387.9,19901000
1990-08-30 23:00:00,393.7,19901200,393.7,19901200,389.0,19901000
1990-08-31 23:00:00,389.2,19901200,389.2,19901200,384.6,19901000
1990-09-04 23:00:00,390.5,19901200,390.5,19901200,386.0,19901000
1990-09-05 23:00:00,393.0,19901200,393.0,19901200,388.5,19901000
1990-09-06 23:00:00,396.2,19901200,396.2,19901200,391.7,19901000
1990-09-07 23:00:00,396.0,19901200,396.0,19901200,391.4,19901000
1990-09-10 23:00:00,384.8,19901200,384.8,19901200,380.3,19901000
1990-09-11 23:00:00,386.6,19901200,386.6,19901200,382.0,19901000
1990-09-12 23:00:00,388.1,19901200,388.1,19901200,383.5,19901000
1990-09-13 23:00:00,388.8,19901200,388.8,19901200,384.2,19901000
1990-09-14 23:00:00,391.0,19901200,391.0,19901200,386.4,19901000
1990-09-17 23:00:00,395.2,19901200,395.2,19901200,390.6,19901000
1990-09-18 23:00:00,393.3,19901200,393.3,19901200,388.7,19901000
1990-09-19 23:00:00,391.4,19901200,391.4,19901200,386.8,19901000
1990-09-20 23:00:00,394.2,19901200,394.2,19901200,389.7,19901000
1990-09-21 23:00:00,394.5,19901200,394.5,19901200,389.9,19901000
1990-09-24 23:00:00,408.3,19901200,408.3,19901200,403.5,19901000
1990-09-25 23:00:00,407.6,19901200,407.6,19901200,402.8,19901000
1990-09-26 23:00:00,412.8,19901200,412.8,19901200,407.0,19901000
1990-09-27 23:00:00,410.8,19901200,410.8,19901200,405.0,19901000
1990-09-28 23:00:00,408.1,19901200,408.1,19901200,402.5,19901000
1990-10-01 23:00:00,395.9,19910200,395.9,19910200,391.6,19901200
1990-10-02 23:00:00,398.0,19910200,398.0,19910200,393.9,19901200
1990-10-03 23:00:00,402.6,19910200,402.6,19910200,398.5,19901200
1990-10-04 23:00:00,401.0,19910200,401.0,19910200,396.9,19901200
1990-10-05 23:00:00,402.2,19910200,402.2,19910200,398.1,19901200
1990-10-08 23:00:00,403.4,19910200,403.4,19910200,399.3,19901200
1990-10-09 23:00:00,398.2,19910200,398.2,19910200,394.0,19901200
1990-10-10 23:00:00,396.4,19910200,396.4,19910200,392.2,19901200
1990-10-11 23:00:00,397.8,19910200,397.8,19910200,393.6,19901200
1990-10-12 23:00:00,395.5,19910200,395.5,19910200,391.3,19901200
1990-10-15 23:00:00,382.5,19910200,382.5,19910200,378.5,19901200
1990-10-16 23:00:00,369.0,19910200,369.0,19910200,365.1,19901200
1990-10-17 23:00:00,373.8,19910200,373.8,19910200,369.8,19901200
1990-10-18 23:00:00,377.0,19910200,377.0,19910200,373.0,19901200
1990-10-19 23:00:00,379.8,19910200,379.8,19910200,375.7,19901200
1990-10-22 23:00:00,376.5,19910200,376.5,19910200,372.4,19901200
1990-10-23 23:00:00,378.0,19910200,378.0,19910200,373.9,19901200
1990-10-24 23:00:00,380.1,19910200,380.1,19910200,376.0,19901200
1990-10-25 23:00:00,382.5,19910200,382.5,19910200,378.3,19901200
1990-10-26 23:00:00,377.3,19910200,377.3,19910200,373.2,19901200
1990-10-29 23:00:00,379.8,19910200,379.8,19910200,375.8,19901200
1990-10-30 23:00:00,385.6,19910200,385.6,19910200,381.7,19901200
1990-10-31 23:00:00,385.2,19910200,385.2,19910200,381.3,19901200
1990-11-01 23:00:00,387.0,19910200,387.0,19910200,383.1,19901200
1990-11-02 23:00:00,381.8,19910200,381.8,19910200,378.0,19901200
1990-11-05 23:00:00,384.9,19910200,384.9,19910200,381.1,19901200
1990-11-06 23:00:00,392.0,19910200,392.0,19910200,388.1,19901200
1990-11-07 23:00:00,391.8,19910200,391.8,19910200,387.9,19901200
1990-11-08 23:00:00,392.7,19910200,392.7,19910200,388.9,19901200
1990-11-09 23:00:00,390.1,19910200,390.1,19910200,386.3,19901200
1990-11-12 23:00:00,387.0,19910200,387.0,19910200,383.3,19901200
1990-11-13 23:00:00,390.7,19910200,390.7,19910200,387.0,19901200
1990-11-14 23:00:00,382.1,19910200,382.1,19910200,378.5,19901200
1990-11-15 23:00:00,383.6,19910200,383.6,19910200,380.0,19901200
1990-11-16 23:00:00,383.2,19910200,383.2,19910200,379.8,19901200
1990-11-19 23:00:00,385.6,19910200,385.6,19910200,382.3,19901200
1990-11-20 23:00:00,381.7,19910200,381.7,19910200,378.5,19901200
1990-11-21 23:00:00,382.9,19910200,382.9,19910200,379.8,19901200
1990-11-23 23:00:00,387.5,19910200,387.5,19910200,384.5,19901200
1990-11-26 23:00:00,389.7,19910200,389.7,19910200,386.7,19901200
1990-11-27 23:00:00,388.9,19910200,388.9,19910200,385.8,19901200
1990-11-28 23:00:00,388.6,19910200,388.6,19910200,385.7,19901200
1990-11-29 23:00:00,395.2,19910400,395.2,19910400,391.7,19910200
1990-11-30 23:00:00,388.9,19910400,388.9,19910400,385.7,19910200
1990-12-03 23:00:00,381.6,19910400,381.6,19910400,378.5,19910200
1990-12-04 23:00:00,383.5,19910400,383.5,19910400,380.5,19910200
1990-12-05 23:00:00,378.8,19910400,378.8,19910400,375.8,19910200
1990-12-06 23:00:00,376.2,19910400,376.2,19910400,373.2,19910200
1990-12-07 23:00:00,374.9,19910400,374.9,19910400,372.1,19910200
1990-12-10 23:00:00,378.7,19910400,378.7,19910400,375.9,19910200
1990-12-11 23:00:00,376.5,19910400,376.5,19910400,373.6,19910200
1990-12-12 23:00:00,377.7,19910400,377.7,19910400,374.5,19910200
1990-12-13 23:00:00,379.3,19910400,379.3,19910400,376.1,19910200
1990-12-14 23:00:00,382.0,19910400,382.0,19910400,378.6,19910200
1990-12-17 23:00:00,382.8,19910400,382.8,19910400,379.3,19910200
1990-12-18 23:00:00,381.9,19910400,381.9,19910400,378.4,19910200
1990-12-19 23:00:00,391.4,19910400,391.4,19910400,388.0,19910200
1990-12-20 23:00:00,390.1,19910400,390.1,19910400,386.7,19910200
1990-12-21 23:00:00,387.7,19910400,387.7,19910400,384.3,19910200
1990-12-26 23:00:00,390.8,19910400,390.8,19910400,387.4,19910200
1990-12-27 23:00:00,390.9,19910400,390.9,19910400,387.6,19910200
1990-12-28 23:00:00,399.6,19910400,399.6,19910400,396.2,19910200
1990-12-31 23:00:00,399.7,19910400,399.7,19910400,396.2,19910200
1991-01-02 23:00:00,394.4,19910400,394.4,19910400,391.1,19910200
1991-01-03 23:00:00,392.1,19910400,392.1,19910400,388.9,19910200
1991-01-04 23:00:00,390.4,19910400,390.4,19910400,387.2,19910200
1991-01-07 23:00:00,399.5,19910400,399.5,19910400,396.2,19910200
1991-01-08 23:00:00,395.5,19910400,395.5,19910400,392.3,19910200
1991-01-09 23:00:00,396.1,19910400,396.1,19910400,393.0,19910200
1991-01-10 23:00:00,395.2,19910400,395.2,19910400,392.1,19910200
1991-01-11 23:00:00,396.4,19910400,396.4,19910400,393.3,19910200
1991-01-14 23:00:00,404.8,19910400,404.8,19910400,401.6,19910200
1991-01-15 23:00:00,403.4,19910400,403.4,19910400,400.2,19910200
1991-01-16 23:00:00,407.7,19910400,407.7,19910400,404.5,19910200
1991-01-17 23:00:00,377.3,19910400,377.3,19910400,374.4,19910200
1991-01-18 23:00:00,378.1,19910400,378.1,19910400,375.1,19910200
1991-01-21 23:00:00,382.6,19910400,382.6,19910400,379.5,19910200
1991-01-22 23:00:00,383.3,19910400,383.3,19910400,380.1,19910200
1991-01-23 23:00:00,382.0,19910400,382.0,19910400,378.9,19910200
1991-01-24 23:00:00,376.6,19910400,376.6,19910400,373.5,19910200
1991-01-25 23:00:00,379.2,19910400,379.2,19910400,376.1,19910200
1991-01-28 23:00:00,380.2,19910400,380.2,19910400,377.1,19910200
1991-01-29 23:00:00,379.5,19910400,379.5,19910400,376.4,19910200
1991-01-30 23:00:00,374.9,19910600,374.9,19910600,371.5,19910400
1991-01-31 23:00:00,371.9,19910600,371.9,19910600,368.5,19910400
1991-02-01 23:00:00,371.9,19910600,371.9,19910600,368.7,19910400
1991-02-04 23:00:00,374.9,19910600,374.9,19910600,371.6,19910400
1991-02-05 23:00:00,372.1,19910600,372.1,19910600,368.9,19910400
1991-02-06 23:00:00,368.4,19910600,368.4,19910600,365.2,19910400
1991-02-07 23:00:00,373.2,19910600,373.2,19910600,370.0,19910400
1991-02-08 23:00:00,375.6,19910600,375.6,19910600,372.4,19910400
1991-02-11 23:00:00,372.3,19910600,372.3,19910600,369.1,19910400
1991-02-12 23:00:00,373.5,19910600,373.5,19910600,370.3,19910400
1991-02-13 23:00:00,372.6,19910600,372.6,19910600,369.5,19910400
1991-02-14 23:00:00,373.3,19910600,373.3,19910600,370.2,19910400
1991-02-15 23:00:00,369.2,19910600,369.2,19910600,366.1,19910400
1991-02-19 23:00:00,369.2,19910600,369.2,19910600,366.1,19910400
1991-02-20 23:00:00,369.3,19910600,369.3,19910600,366.1,19910400
1991-02-21 23:00:00,367.3,19910600,367.3,19910600,364.1,19910400
1991-02-22 23:00:00,361.5,19910600,361.5,19910600,358.3,19910400
1991-02-25 23:00:00,364.0,19910600,364.0,19910600,360.8,19910400
1991-02-26 23:00:00,363.5,19910600,363.5,19910600,360.2,19910400
1991-02-27 23:00:00,366.6,19910600,366.6,19910600,363.3,19910400
1991-02-28 23:00:00,372.5,19910600,372.5,19910600,369.0,19910400
1991-03-01 23:00:00,372.0,19910600,372.0,19910600,368.6,19910400
1991-03-04 23:00:00,372.9,19910600,372.9,19910600,369.5,19910400
1991-03-05 23:00:00,369.7,19910600,369.7,19910600,366.3,19910400
1991-03-06 23:00:00,370.9,19910600,370.9,19910600,367.5,19910400
1991-03-07 23:00:00,371.8,19910600,371.8,19910600,368.5,19910400
1991-03-08 23:00:00,374.3,19910600,374.3,19910600,371.2,19910400
1991-03-11 23:00:00,369.2,19910600,369.2,19910600,366.2,19910400
1991-03-12 23:00:00,369.2,19910600,369.2,19910600,366.1,19910400
1991-03-13 23:00:00,371.1,19910600,371.1,19910600,368.1,19910400
1991-03-14 23:00:00,369.2,19910600,369.2,19910600,366.3,19910400
1991-03-15 23:00:00,368.8,19910600,368.8,19910600,365.8,19910400
1991-03-18 23:00:00,366.6,19910600,366.6,19910600,363.7,19910400
1991-03-19 23:00:00,367.5,19910600,367.5,19910600,364.5,19910400
1991-03-20 23:00:00,366.6,19910600,366.6,19910600,363.6,19910400
1991-03-21 23:00:00,366.4,19910600,366.4,19910600,363.5,19910400
1991-03-22 23:00:00,366.2,19910600,366.2,19910600,363.5,19910400
1991-03-25 23:00:00,361.9,19910600,361.9,19910600,359.4,19910400
1991-03-26 23:00:00,360.1,19910600,360.1,19910600,357.6,19910400
1991-03-27 23:00:00,358.4,19910600,358.4,19910600,356.3,19910400
1991-03-28 23:00:00,359.4,19910600,359.4,19910600,357.1,19910400
1991-04-01 23:00:00,362.4,19910600,362.4,19910600,360.4,19910400
1991-04-02 23:00:00,363.6,19910800,363.6,19910800,360.5,19910600
1991-04-03 23:00:00,365.1,19910800,365.1,19910800,362.2,19910600
1991-04-04 23:00:00,364.6,19910800,364.6,19910800,361.7,19910600
1991-04-05 23:00:00,365.0,19910800,365.0,19910800,362.1,19910600
1991-04-08 23:00:00,366.9,19910800,366.9,19910800,364.0,19910600
1991-04-09 23:00:00,370.2,19910800,370.2,19910800,367.2,19910600
1991-04-10 23:00:00,369.3,19910800,369.3,19910800,366.3,19910600
1991-04-11 23:00:00,367.7,19910800,367.7,19910800,364.8,19910600
1991-04-12 23:00:00,365.6,19910800,365.6,19910800,362.7,19910600
1991-04-15 23:00:00,366.1,19910800,366.1,19910800,363.2,19910600
1991-04-16 23:00:00,366.0,19910800,366.0,19910800,363.1,19910600
1991-04-17 23:00:00,366.6,19910800,366.6,19910800,363.7,19910600
1991-04-18 23:00:00,363.1,19910800,363.1,19910800,360.2,19910600
1991-04-19 23:00:00,362.0,19910800,362.0,19910800,359.0,19910600
1991-04-22 23:00:00,362.7,19910800,362.7,19910800,359.7,19910600
1991-04-23 23:00:00,361.9,19910800,361.9,19910800,358.9,19910600
1991-04-24 23:00:00,361.1,19910800,361.1,19910800,358.1,19910600
1991-04-25 23:00:00,358.8,19910800,358.8,19910800,355.8,19910600
1991-04-26 23:00:00,358.5,19910800,358.5,19910800,355.5,19910600
1991-04-29 23:00:00,357.1,19910800,357.1,19910800,354.1,19910600
1991-04-30 23:00:00,360.5,19910800,360.5,19910800,357.7,19910600
1991-05-01 23:00:00,360.5,19910800,360.5,19910800,357.7,19910600
1991-05-02 23:00:00,359.5,19910800,359.5,19910800,356.7,19910600
1991-05-03 23:00:00,358.3,19910800,358.3,19910800,355.5,19910600
1991-05-06 23:00:00,359.6,19910800,359.6,19910800,356.9,19910600
1991-05-07 23:00:00,360.8,19910800,360.8,19910800,358.1,19910600
1991-05-08 23:00:00,361.2,19910800,361.2,19910800,358.5,19910600
1991-05-09 23:00:00,362.0,19910800,362.0,19910800,359.3,19910600
1991-05-10 23:00:00,361.0,19910800,361.0,19910800,358.3,19910600
1991-05-13 23:00:00,362.5,19910800,362.5,19910800,359.8,19910600
1991-05-14 23:00:00,363.9,19910800,363.9,19910800,361.2,19910600
1991-05-15 23:00:00,363.4,19910800,363.4,19910800,360.9,19910600
1991-05-16 23:00:00,359.6,19910800,359.6,19910800,357.1,19910600
1991-05-17 23:00:00,358.5,19910800,358.5,19910800,356.0,19910600
1991-05-20 23:00:00,360.5,19910800,360.5,19910800,358.1,19910600
1991-05-21 23:00:00,360.3,19910800,360.3,19910800,357.9,19910600
1991-05-22 23:00:00,359.4,19910800,359.4,19910800,356.8,19910600
1991-05-23 23:00:00,358.1,19910800,358.1,19910800,355.5,19910600
1991-05-24 23:00:00,359.5,19910800,359.5,19910800,356.8,19910600
1991-05-28 23:00:00,366.7,19910800,366.7,19910800,363.7,19910600
1991-05-29 23:00:00,364.2,19910800,364.2,19910800,361.2,19910600
1991-05-30 23:00:00,369.6,19911000,369.6,19911000,366.5,19910800
1991-05-31 23:00:00,367.9,19911000,367.9,19911000,364.8,19910800
1991-06-03 23:00:00,369.5,19911000,369.5,19911000,366.4,19910800
1991-06-04 23:00:00,368.9,19911000,368.9,19911000,365.8,19910800
1991-06-05 23:00:00,368.9,19911000,368.9,19911000,365.7,19910800
1991-06-06 23:00:00,371.4,19911000,371.4,19911000,368.1,19910800
1991-06-07 23:00:00,372.9,19911000,372.9,19911000,369.5,19910800
1991-06-10 23:00:00,380.1,19911000,380.1,19911000,376.6,19910800
1991-06-11 23:00:00,377.2,19911000,377.2,19911000,373.9,19910800
1991-06-12 23:00:00,376.4,19911000,376.4,19911000,373.1,19910800
1991-06-13 23:00:00,376.2,19911000,376.2,19911000,372.9,19910800
1991-06-14 23:00:00,373.0,19911000,373.0,19911000,369.8,19910800
1991-06-17 23:00:00,374.0,19911000,374.0,19911000,370.8,19910800
1991-06-18 23:00:00,374.1,19911000,374.1,19911000,370.9,19910800
1991-06-19 23:00:00,374.4,19911000,374.4,19911000,371.1,19910800
1991-06-20 23:00:00,373.8,19911000,373.8,19911000,370.4,19910800
1991-06-21 23:00:00,371.5,19911000,371.5,19911000,368.1,19910800
1991-06-24 23:00:00,368.5,19911000,368.5,19911000,365.2,19910800
1991-06-25 23:00:00,370.1,19911000,370.1,19911000,366.7,19910800
1991-06-26 23:00:00,371.3,19911000,371.3,19911000,367.9,19910800
1991-06-27 23:00:00,371.3,19911000,371.3,19911000,367.9,19910800
1991-06-28 23:00:00,373.5,19911000,373.5,19911000,370.0,19910800
1991-07-01 23:00:00,373.4,19911000,373.4,19911000,369.9,19910800
1991-07-02 23:00:00,372.9,19911000,372.9,19911000,369.4,19910800
1991-07-03 23:00:00,375.1,19911000,375.1,19911000,371.6,19910800
1991-07-08 23:00:00,375.6,19911000,375.6,19911000,372.1,19910800
1991-07-09 23:00:00,374.1,19911000,374.1,19911000,370.6,19910800
1991-07-10 23:00:00,374.8,19911000,374.8,19911000,371.2,19910800
1991-07-11 23:00:00,372.4,19911000,372.4,19911000,368.9,19910800
1991-07-12 23:00:00,373.1,19911000,373.1,19911000,369.6,19910800
1991-07-15 23:00:00,373.7,19911000,373.7,19911000,370.1,19910800
1991-07-16 23:00:00,373.4,19911000,373.4,19911000,369.8,19910800
1991-07-17 23:00:00,374.1,19911000,374.1,19911000,370.5,19910800
1991-07-18 23:00:00,374.5,19911000,374.5,19911000,370.9,19910800
1991-07-19 23:00:00,374.7,19911000,374.7,19911000,371.2,19910800
1991-07-22 23:00:00,371.6,19911000,371.6,19911000,368.1,19910800
1991-07-23 23:00:00,371.9,19911000,371.9,19911000,368.5,19910800
1991-07-24 23:00:00,368.0,19911000,368.0,19911000,364.7,19910800
1991-07-25 23:00:00,368.1,19911000,368.1,19911000,364.7,19910800
1991-07-26 23:00:00,369.9,19911000,369.9,19911000,366.3,19910800
1991-07-29 23:00:00,367.1,19911000,367.1,19911000,363.4,19910800
1991-07-30 23:00:00,366.1,19911000,366.1,19911000,362.3,19910800
1991-07-31 23:00:00,370.8,19911200,370.8,19911200,367.2,19911000
1991-08-01 23:00:00,370.3,19911200,370.3,19911200,366.7,19911000
1991-08-02 23:00:00,362.3,19911200,362.3,19911200,358.9,19911000
1991-08-05 23:00:00,362.7,19911200,362.7,19911200,359.3,19911000
1991-08-06 23:00:00,363.1,19911200,363.1,19911200,359.7,19911000
1991-08-07 23:00:00,362.8,19911200,362.8,19911200,359.5,19911000
1991-08-08 23:00:00,363.3,19911200,363.3,19911200,360.0,19911000
1991-08-09 23:00:00,364.4,19911200,364.4,19911200,361.1,19911000
1991-08-12 23:00:00,363.5,19911200,363.5,19911200,360.2,19911000
1991-08-13 23:00:00,362.2,19911200,362.2,19911200,358.9,19911000
1991-08-14 23:00:00,363.6,19911200,363.6,19911200,360.3,19911000
1991-08-15 23:00:00,362.7,19911200,362.7,19911200,359.4,19911000
1991-08-16 23:00:00,363.5,19911200,363.5,19911200,360.2,19911000
1991-08-19 23:00:00,364.1,19911200,364.1,19911200,360.9,19911000
1991-08-20 23:00:00,361.3,19911200,361.3,19911200,358.1,19911000
1991-08-21 23:00:00,362.1,19911200,362.1,19911200,358.9,19911000
1991-08-22 23:00:00,359.4,19911200,359.4,19911200,356.2,19911000
1991-08-23 23:00:00,358.6,19911200,358.6,19911200,355.3,19911000
1991-08-26 23:00:00,360.3,19911200,360.3,19911200,357.0,19911000
1991-08-27 23:00:00,359.5,19911200,359.5,19911200,356.2,19911000
1991-08-28 23:00:00,358.9,19911200,358.9,19911200,355.6,19911000
1991-08-29 23:00:00,355.7,19911200,355.7,19911200,352.4,19911000
1991-08-30 23:00:00,352.9,19911200,352.9,19911200,349.6,19911000
1991-09-03 23:00:00,352.9,19911200,352.9,19911200,349.7,19911000
1991-09-04 23:00:00,353.0,19911200,353.0,19911200,349.8,19911000
1991-09-05 23:00:00,351.4,19911200,351.4,19911200,348.2,19911000
1991-09-06 23:00:00,353.4,19911200,353.4,19911200,350.2,19911000
1991-09-09 23:00:00,355.2,19911200,355.2,19911200,352.1,19911000
1991-09-10 23:00:00,354.0,19911200,354.0,19911200,350.9,19911000
1991-09-11 23:00:00,349.4,19911200,349.4,19911200,346.3,19911000
1991-09-12 23:00:00,348.2,19911200,348.2,19911200,345.1,19911000
1991-09-13 23:00:00,348.2,19911200,348.2,19911200,345.2,19911000
1991-09-16 23:00:00,348.3,19911200,348.3,19911200,345.2,19911000
1991-09-17 23:00:00,350.4,19911200,350.4,19911200,347.3,19911000
1991-09-18 23:00:00,352.3,19911200,352.3,19911200,349.2,19911000
1991-09-19 23:00:00,352.0,19911200,352.0,19911200,348.8,19911000
1991-09-20 23:00:00,352.1,19911200,352.1,19911200,348.9,19911000
1991-09-23 23:00:00,354.3,19911200,354.3,19911200,351.1,19911000
1991-09-24 23:00:00,357.2,19911200,357.2,19911200,354.0,19911000
1991-09-25 23:00:00,356.3,19911200,356.3,19911200,353.0,19911000
1991-09-26 23:00:00,354.1,19911200,354.1,19911200,350.8,19911000
1991-09-27 23:00:00,352.4,19911200,352.4,19911200,349.1,19911000
1991-09-30 23:00:00,357.3,19911200,357.3,19911200,354.0,19911000
1991-10-01 23:00:00,360.2,19920200,360.2,19920200,357.3,19911200
1991-10-02 23:00:00,361.5,19920200,361.5,19920200,358.6,19911200
1991-10-03 23:00:00,363.5,19920200,363.5,19920200,360.6,19911200
1991-10-04 23:00:00,364.5,19920200,364.5,19920200,361.7,19911200
1991-10-07 23:00:00,364.7,19920200,364.7,19920200,362.0,19911200
1991-10-08 23:00:00,362.9,19920200,362.9,19920200,360.2,19911200
1991-10-09 23:00:00,364.8,19920200,364.8,19920200,362.1,19911200
1991-10-10 23:00:00,364.0,19920200,364.0,19920200,361.3,19911200
1991-10-11 23:00:00,365.1,19920200,365.1,19920200,362.4,19911200
1991-10-14 23:00:00,364.0,19920200,364.0,19920200,361.3,19911200
1991-10-15 23:00:00,362.8,19920200,362.8,19920200,360.1,19911200
1991-10-16 23:00:00,363.3,19920200,363.3,19920200,360.5,19911200
1991-10-17 23:00:00,365.2,19920200,365.2,19920200,362.3,19911200
1991-10-18 23:00:00,367.3,19920200,367.3,19920200,364.4,19911200
1991-10-21 23:00:00,368.8,19920200,368.8,19920200,365.9,19911200
1991-10-22 23:00:00,368.9,19920200,368.9,19920200,366.0,19911200
1991-10-23 23:00:00,367.1,19920200,367.1,19920200,364.3,19911200
1991-10-24 23:00:00,366.7,19920200,366.7,19920200,364.0,19911200
1991-10-25 23:00:00,365.4,19920200,365.4,19920200,362.7,19911200
1991-10-28 23:00:00,363.6,19920200,363.6,19920200,360.8,19911200
1991-10-29 23:00:00,363.9,19920200,363.9,19920200,361.1,19911200
1991-10-30 23:00:00,363.2,19920200,363.2,19920200,360.5,19911200
1991-10-31 23:00:00,362.1,19920200,362.1,19920200,359.5,19911200
1991-11-01 23:00:00,359.5,19920200,359.5,19920200,356.9,19911200
1991-11-04 23:00:00,360.7,19920200,360.7,19920200,358.1,19911200
1991-11-05 23:00:00,358.0,19920200,358.0,19920200,355.4,19911200
1991-11-06 23:00:00,358.4,19920200,358.4,19920200,355.8,19911200
1991-11-07 23:00:00,357.4,19920200,357.4,19920200,354.7,19911200
1991-11-08 23:00:00,357.9,19920200,357.9,19920200,355.2,19911200
1991-11-11 23:00:00,359.0,19920200,359.0,19920200,356.2,19911200
1991-11-12 23:00:00,359.5,19920200,359.5,19920200,356.7,19911200
1991-11-13 23:00:00,360.1,19920200,360.1,19920200,357.3,19911200
1991-11-14 23:00:00,358.4,19920200,358.4,19920200,355.7,19911200
1991-11-15 23:00:00,362.9,19920200,362.9,19920200,360.1,19911200
1991-11-18 23:00:00,364.3,19920200,364.3,19920200,361.5,19911200
1991-11-19 23:00:00,367.3,19920200,367.3,19920200,364.4,19911200
1991-11-20 23:00:00,367.7,19920200,367.7,19920200,364.7,19911200
1991-11-21 23:00:00,371.6,19920200,371.6,19920200,368.6,19911200
1991-11-22 23:00:00,372.6,19920200,372.6,19920200,369.6,19911200
1991-11-25 23:00:00,371.3,19920200,371.3,19920200,368.3,19911200
1991-11-26 23:00:00,369.3,19920200,369.3,19920200,366.3,19911200
1991-11-27 23:00:00,371.2,19920200,371.2,19920200,367.9,19911200
1991-11-29 23:00:00,371.1,19920200,371.1,19920200,367.9,19911200
1991-12-02 23:00:00,372.4,19920400,372.4,19920400,369.9,19920200
1991-12-03 23:00:00,368.8,19920400,368.8,19920400,366.4,19920200
1991-12-04 23:00:00,370.4,19920400,370.4,19920400,367.9,19920200
1991-12-05 23:00:00,372.5,19920400,372.5,19920400,370.0,19920200
1991-12-06 23:00:00,374.3,19920400,374.3,19920400,371.9,19920200
1991-12-09 23:00:00,373.9,19920400,373.9,19920400,371.6,19920200
1991-12-10 23:00:00,373.4,19920400,373.4,19920400,371.1,19920200
1991-12-11 23:00:00,370.9,19920400,370.9,19920400,368.6,19920200
1991-12-12 23:00:00,362.2,19920400,362.2,19920400,359.9,19920200
1991-12-13 23:00:00,363.6,19920400,363.6,19920400,361.3,19920200
1991-12-16 23:00:00,363.2,19920400,363.2,19920400,360.9,19920200
1991-12-17 23:00:00,361.4,19920400,361.4,19920400,359.1,19920200
1991-12-18 23:00:00,363.1,19920400,363.1,19920400,360.8,19920200
1991-12-19 23:00:00,361.4,19920400,361.4,19920400,359.1,19920200
1991-12-20 23:00:00,362.5,19920400,362.5,19920400,360.3,19920200
1991-12-23 23:00:00,363.2,19920400,363.2,19920400,361.0,19920200
1991-12-24 23:00:00,362.9,19920400,362.9,19920400,360.7,19920200
1991-12-26 23:00:00,358.3,19920400,358.3,19920400,355.9,19920200
1991-12-27 23:00:00,357.4,19920400,357.4,19920400,355.0,19920200
1991-12-30 23:00:00,356.2,19920400,356.2,19920400,353.9,19920200
1991-12-31 23:00:00,357.5,19920400,357.5,19920400,355.2,19920200
1992-01-02 23:00:00,355.4,19920400,355.4,19920400,353.2,19920200
1992-01-03 23:00:00,353.7,19920400,353.7,19920400,351.5,19920200
1992-01-06 23:00:00,352.5,19920400,352.5,19920400,350.3,19920200
1992-01-07 23:00:00,352.7,19920400,352.7,19920400,350.5,19920200
1992-01-08 23:00:00,353.5,19920400,353.5,19920400,351.5,19920200
1992-01-09 23:00:00,359.4,19920400,359.4,19920400,357.5,19920200
1992-01-10 23:00:00,358.9,19920400,358.9,19920400,356.9,19920200
1992-01-13 23:00:00,356.5,19920400,356.5,19920400,354.5,19920200
1992-01-14 23:00:00,357.3,19920400,357.3,19920400,355.2,19920200
1992-01-15 23:00:00,356.8,19920400,356.8,19920400,354.7,19920200
1992-01-16 23:00:00,359.0,19920400,359.0,19920400,357.0,19920200
1992-01-17 23:00:00,356.5,19920400,356.5,19920400,354.5,19920200
1992-01-20 23:00:00,360.2,19920400,360.2,19920400,358.2,19920200
1992-01-21 23:00:00,360.4,19920400,360.4,19920400,358.4,19920200
1992-01-22 23:00:00,360.3,19920400,360.3,19920400,358.3,19920200
1992-01-23 23:00:00,356.9,19920400,356.9,19920400,354.9,19920200
1992-01-24 23:00:00,356.7,19920400,356.7,19920400,354.7,19920200
1992-01-27 23:00:00,357.0,19920400,357.0,19920400,355.0,19920200
1992-01-28 23:00:00,357.9,19920400,357.9,19920400,355.9,19920200
1992-01-29 23:00:00,358.2,19920400,358.2,19920400,356.1,19920200
1992-01-30 23:00:00,357.7,19920600,357.7,19920600,355.6,19920400
1992-01-31 23:00:00,361.0,19920600,361.0,19920600,358.9,19920400
1992-02-03 23:00:00,360.5,19920600,360.5,19920600,358.4,19920400
1992-02-04 23:00:00,360.0,19920600,360.0,19920600,357.9,19920400
1992-02-05 23:00:00,359.3,19920600,359.3,19920600,357.3,19920400
1992-02-06 23:00:00,359.4,19920600,359.4,19920600,357.4,19920400
1992-02-07 23:00:00,358.4,19920600,358.4,19920600,356.5,19920400
1992-02-10 23:00:00,359.3,19920600,359.3,19920600,357.4,19920400
1992-02-11 23:00:00,359.8,19920600,359.8,19920600,357.8,19920400
1992-02-12 23:00:00,361.6,19920600,361.6,19920600,359.6,19920400
1992-02-13 23:00:00,359.3,19920600,359.3,19920600,357.3,19920400
1992-02-14 23:00:00,357.2,19920600,357.2,19920600,355.1,19920400
1992-02-18 23:00:00,356.8,19920600,356.8,19920600,354.7,19920400
1992-02-19 23:00:00,356.6,19920600,356.6,19920600,354.5,19920400
1992-02-20 23:00:00,356.8,19920600,356.8,19920600,354.7,19920400
1992-02-21 23:00:00,354.7,19920600,354.7,19920600,352.5,19920400
1992-02-24 23:00:00,353.3,19920600,353.3,19920600,351.1,19920400
1992-02-25 23:00:00,352.8,19920600,352.8,19920600,350.6,19920400
1992-02-26 23:00:00,353.0,19920600,353.0,19920600,350.8,19920400
1992-02-27 23:00:00,357.2,19920600,357.2,19920600,355.0,19920400
1992-02-28 23:00:00,356.3,19920600,356.3,19920600,354.1,19920400
1992-03-02 23:00:00,354.7,19920600,354.7,19920600,352.5,19920400
1992-03-03 23:00:00,353.7,19920600,353.7,19920600,351.4,19920400
1992-03-04 23:00:00,353.9,19920600,353.9,19920600,351.6,19920400
1992-03-05 23:00:00,354.6,19920600,354.6,19920600,352.3,19920400
1992-03-06 23:00:00,352.5,19920600,352.5,19920600,350.3,19920400
1992-03-09 23:00:00,351.9,19920600,351.9,19920600,349.7,19920400
1992-03-10 23:00:00,352.0,19920600,352.0,19920600,349.8,19920400
1992-03-11 23:00:00,353.6,19920600,353.6,19920600,351.4,19920400
1992-03-12 23:00:00,350.2,19920600,350.2,19920600,348.0,19920400
1992-03-13 23:00:00,349.6,19920600,349.6,19920600,347.3,19920400
1992-03-16 23:00:00,346.2,19920600,346.2,19920600,343.9,19920400
1992-03-17 23:00:00,342.9,19920600,342.9,19920600,340.6,19920400
1992-03-18 23:00:00,341.0,19920600,341.0,19920600,338.8,19920400
1992-03-19 23:00:00,341.2,19920600,341.2,19920600,339.1,19920400
1992-03-20 23:00:00,340.6,19920600,340.6,19920600,338.5,19920400
1992-03-23 23:00:00,340.5,19920600,340.5,19920600,338.5,19920400
1992-03-24 23:00:00,341.8,19920600,341.8,19920600,339.8,19920400
1992-03-25 23:00:00,343.2,19920600,343.2,19920600,341.3,19920400
1992-03-26 23:00:00,343.0,19920600,343.0,19920600,341.1,19920400
1992-03-27 23:00:00,344.4,19920600,344.4,19920600,342.5,19920400
1992-03-30 23:00:00,343.8,19920600,343.8,19920600,341.9,19920400
1992-03-31 23:00:00,347.7,19920800,347.7,19920800,345.5,19920600
1992-04-01 23:00:00,346.8,19920800,346.8,19920800,344.6,19920600
1992-04-02 23:00:00,344.5,19920800,344.5,19920800,342.4,19920600
1992-04-03 23:00:00,344.8,19920800,344.8,19920800,342.7,19920600
1992-04-06 23:00:00,343.9,19920800,343.9,19920800,341.8,19920600
1992-04-07 23:00:00,342.2,19920800,342.2,19920800,340.1,19920600
1992-04-08 23:00:00,341.4,19920800,341.4,19920800,339.3,19920600
1992-04-09 23:00:00,342.9,19920800,342.9,19920800,340.9,19920600
1992-04-10 23:00:00,344.5,19920800,344.5,19920800,342.5,19920600
1992-04-13 23:00:00,342.5,19920800,342.5,19920800,340.6,19920600
1992-04-14 23:00:00,342.7,19920800,342.7,19920800,340.8,19920600
1992-04-15 23:00:00,338.9,19920800,338.9,19920800,337.0,19920600
1992-04-16 23:00:00,340.2,19920800,340.2,19920800,338.3,19920600
1992-04-20 23:00:00,339.7,19920800,339.7,19920800,337.7,19920600
1992-04-21 23:00:00,343.7,19920800,343.7,19920800,341.7,19920600
1992-04-22 23:00:00,341.8,19920800,341.8,19920800,339.8,19920600
1992-04-23 23:00:00,341.3,19920800,341.3,19920800,339.3,19920600
1992-04-24 23:00:00,339.5,19920800,339.5,19920800,337.5,19920600
1992-04-27 23:00:00,339.1,19920800,339.1,19920800,337.1,19920600
1992-04-28 23:00:00,339.1,19920800,339.1,19920800,337.2,19920600
1992-04-29 23:00:00,338.3,19920800,338.3,19920800,336.4,19920600
1992-04-30 23:00:00,339.8,19920800,339.8,19920800,337.9,19920600
1992-05-01 23:00:00,341.2,19920800,341.2,19920800,339.3,19920600
1992-05-04 23:00:00,339.5,19920800,339.5,19920800,337.6,19920600
1992-05-05 23:00:00,339.6,19920800,339.6,19920800,337.8,19920600
1992-05-06 23:00:00,339.3,19920800,339.3,19920800,337.5,19920600
1992-05-07 23:00:00,337.6,19920800,337.6,19920800,335.9,19920600
1992-05-08 23:00:00,337.9,19920800,337.9,19920800,336.3,19920600
1992-05-11 23:00:00,338.6,19920800,338.6,19920800,337.0,19920600
1992-05-12 23:00:00,337.2,19920800,337.2,19920800,335.8,19920600
1992-05-13 23:00:00,337.6,19920800,337.6,19920800,336.1,19920600
1992-05-14 23:00:00,339.9,19920800,339.9,19920800,338.4,19920600
1992-05-15 23:00:00,340.6,19920800,340.6,19920800,339.1,19920600
1992-05-18 23:00:00,340.8,19920800,340.8,19920800,339.3,19920600
1992-05-19 23:00:00,339.8,19920800,339.8,19920800,338.2,19920600
1992-05-20 23:00:00,340.1,19920800,340.1,19920800,338.4,19920600
1992-05-21 23:00:00,339.1,19920800,339.1,19920800,337.4,19920600
1992-05-22 23:00:00,339.8,19920800,339.8,19920800,338.1,19920600
1992-05-26 23:00:00,340.1,19920800,340.1,19920800,338.4,19920600
1992-05-27 23:00:00,340.0,19920800,340.0,19920800,338.2,19920600
1992-05-28 23:00:00,339.0,19920800,339.0,19920800,337.0,19920600
1992-05-29 23:00:00,338.4,19920800,338.4,19920800,336.4,19920600
1992-06-01 23:00:00,341.5,19921000,341.5,19921000,339.6,19920800
1992-06-02 23:00:00,343.1,19921000,343.1,19921000,341.2,19920800
1992-06-03 23:00:00,342.5,19921000,342.5,19921000,340.6,19920800
1992-06-04 23:00:00,342.5,19921000,342.5,19921000,340.6,19920800
1992-06-05 23:00:00,342.6,19921000,342.6,19921000,340.7,19920800
1992-06-08 23:00:00,342.0,19921000,342.0,19921000,340.1,19920800
1992-06-09 23:00:00,342.1,19921000,342.1,19921000,340.2,19920800
1992-06-10 23:00:00,341.7,19921000,341.7,19921000,339.8,19920800
1992-06-11 23:00:00,344.2,19921000,344.2,19921000,342.3,19920800
1992-06-12 23:00:00,346.6,19921000,346.6,19921000,344.7,19920800
1992-06-15 23:00:00,346.8,19921000,346.8,19921000,344.9,19920800
1992-06-16 23:00:00,345.9,19921000,345.9,19921000,344.0,19920800
1992-06-17 23:00:00,344.8,19921000,344.8,19921000,342.9,19920800
1992-06-18 23:00:00,346.0,19921000,346.0,19921000,344.2,19920800
1992-06-19 23:00:00,344.2,19921000,344.2,19921000,342.4,19920800
1992-06-22 23:00:00,347.0,19921000,347.0,19921000,345.2,19920800
1992-06-23 23:00:00,347.8,19921000,347.8,19921000,346.0,19920800
1992-06-24 23:00:00,346.1,19921000,346.1,19921000,344.3,19920800
1992-06-25 23:00:00,346.4,19921000,346.4,19921000,344.6,19920800
1992-06-26 23:00:00,345.7,19921000,345.7,19921000,343.9,19920800
1992-06-29 23:00:00,346.9,19921000,346.9,19921000,345.1,19920800
1992-06-30 23:00:00,346.2,19921000,346.2,19921000,344.4,19920800
1992-07-01 23:00:00,347.4,19921000,347.4,19921000,345.6,19920800
1992-07-02 23:00:00,349.3,19921000,349.3,19921000,347.6,19920800
1992-07-06 23:00:00,349.2,19921000,349.2,19921000,347.5,19920800
1992-07-07 23:00:00,348.8,19921000,348.8,19921000,347.1,19920800
1992-07-08 23:00:00,350.1,19921000,350.1,19921000,348.4,19920800
1992-07-09 23:00:00,351.1,19921000,351.1,19921000,349.4,19920800
1992-07-10 23:00:00,350.7,19921000,350.7,19921000,349.0,19920800
1992-07-13 23:00:00,351.5,19921000,351.5,19921000,349.8,19920800
1992-07-14 23:00:00,353.5,19921000,353.5,19921000,351.8,19920800
1992-07-15 23:00:00,356.4,19921000,356.4,19921000,354.7,19920800
1992-07-16 23:00:00,354.9,19921000,354.9,19921000,353.2,19920800
1992-07-17 23:00:00,359.7,19921000,359.7,19921000,358.0,19920800
1992-07-20 23:00:00,361.3,19921000,361.3,19921000,359.6,19920800
1992-07-21 23:00:00,359.9,19921000,359.9,19921000,358.1,19920800
1992-07-22 23:00:00,361.1,19921000,361.1,19921000,359.3,19920800
1992-07-23 23:00:00,360.7,19921000,360.7,19921000,358.9,19920800
1992-07-24 23:00:00,361.2,19921000,361.2,19921000,359.5,19920800
1992-07-27 23:00:00,359.9,19921000,359.9,19921000,358.1,19920800
1992-07-28 23:00:00,360.9,19921000,360.9,19921000,359.0,19920800
1992-07-29 23:00:00,358.4,19921000,358.4,19921000,356.5,19920800
1992-07-30 23:00:00,360.6,19921200,360.6,19921200,358.6,19921000
1992-07-31 23:00:00,361.4,19921200,361.4,19921200,359.4,19921000
1992-08-03 23:00:00,356.5,19921200,356.5,19921200,354.5,19921000
1992-08-04 23:00:00,356.5,19921200,356.5,19921200,354.5,19921000
1992-08-05 23:00:00,352.9,19921200,352.9,19921200,350.9,19921000
1992-08-06 23:00:00,352.7,19921200,352.7,19921200,350.7,19921000
1992-08-07 23:00:00,353.9,19921200,353.9,19921200,352.0,19921000
1992-08-10 23:00:00,354.0,19921200,354.0,19921200,352.1,19921000
1992-08-11 23:00:00,350.9,19921200,350.9,19921200,349.0,19921000
1992-08-12 23:00:00,342.0,19921200,342.0,19921200,340.1,19921000
1992-08-13 23:00:00,337.2,19921200,337.2,19921200,335.4,19921000
1992-08-14 23:00:00,337.8,19921200,337.8,19921200,336.1,19921000
1992-08-17 23:00:00,339.9,19921200,339.9,19921200,338.2,19921000
1992-08-18 23:00:00,338.7,19921200,338.7,19921200,337.1,19921000
1992-08-19 23:00:00,340.8,19921200,340.8,19921200,339.2,19921000
1992-08-20 23:00:00,340.2,19921200,340.2,19921200,338.7,19921000
1992-08-21 23:00:00,340.0,19921200,340.0,19921200,338.5,19921000
1992-08-24 23:00:00,344.3,19921200,344.3,19921200,342.7,19921000
1992-08-25 23:00:00,343.3,19921200,343.3,19921200,341.7,19921000
1992-08-26 23:00:00,340.9,19921200,340.9,19921200,339.3,19921000
1992-08-27 23:00:00,341.7,19921200,341.7,19921200,340.1,19921000
1992-08-28 23:00:00,342.4,19921200,342.4,19921200,340.8,19921000
1992-08-31 23:00:00,345.3,19921200,345.3,19921200,343.6,19921000
1992-09-01 23:00:00,343.4,19921200,343.4,19921200,341.7,19921000
1992-09-02 23:00:00,341.1,19921200,341.1,19921200,339.4,19921000
1992-09-03 23:00:00,343.4,19921200,343.4,19921200,341.7,19921000
1992-09-04 23:00:00,343.8,19921200,343.8,19921200,342.2,19921000
1992-09-08 23:00:00,344.6,19921200,344.6,19921200,343.1,19921000
1992-09-09 23:00:00,344.2,19921200,344.2,19921200,342.7,19921000
1992-09-10 23:00:00,344.2,19921200,344.2,19921200,342.7,19921000
1992-09-11 23:00:00,342.9,19921200,342.9,19921200,341.4,19921000
1992-09-14 23:00:00,348.8,19921200,348.8,19921200,347.3,19921000
1992-09-15 23:00:00,348.4,19921200,348.4,19921200,346.9,19921000
1992-09-16 23:00:00,351.7,19921200,351.7,19921200,350.2,19921000
1992-09-17 23:00:00,349.8,19921200,349.8,19921200,348.3,19921000
1992-09-18 23:00:00,353.0,19921200,353.0,19921200,351.5,19921000
1992-09-21 23:00:00,349.4,19921200,349.4,19921200,347.8,19921000
1992-09-22 23:00:00,350.7,19921200,350.7,19921200,349.1,19921000
1992-09-23 23:00:00,350.4,19921200,350.4,19921200,348.8,19921000
1992-09-24 23:00:00,351.0,19921200,351.0,19921200,349.4,19921000
1992-09-25 23:00:00,351.1,19921200,351.1,19921200,349.5,19921000
1992-09-28 23:00:00,349.4,19921200,349.4,19921200,347.8,19921000
1992-09-29 23:00:00,349.9,19921200,349.9,19921200,348.2,19921000
1992-09-30 23:00:00,350.8,19930200,350.8,19930200,349.4,19921200
1992-10-01 23:00:00,350.5,19930200,350.5,19930200,349.1,19921200
1992-10-02 23:00:00,351.0,19930200,351.0,19930200,349.6,19921200
1992-10-05 23:00:00,353.4,19930200,353.4,19930200,352.0,19921200
1992-10-06 23:00:00,352.8,19930200,352.8,19930200,351.4,19921200
1992-10-07 23:00:00,353.6,19930200,353.6,19930200,352.2,19921200
1992-10-08 23:00:00,352.2,19930200,352.2,19930200,351.0,19921200
1992-10-09 23:00:00,352.6,19930200,352.6,19930200,351.4,19921200
1992-10-12 23:00:00,347.2,19930200,347.2,19930200,346.1,19921200
1992-10-13 23:00:00,345.9,19930200,345.9,19930200,344.9,19921200
1992-10-14 23:00:00,344.9,19930200,344.9,19930200,343.7,19921200
1992-10-15 23:00:00,343.1,19930200,343.1,19930200,341.9,19921200
1992-10-16 23:00:00,344.5,19930200,344.5,19930200,343.2,19921200
1992-10-19 23:00:00,344.8,19930200,344.8,19930200,343.4,19921200
1992-10-20 23:00:00,346.0,19930200,346.0,19930200,344.6,19921200
1992-10-21 23:00:00,346.1,19930200,346.1,19930200,344.8,19921200
1992-10-22 23:00:00,345.0,19930200,345.0,19930200,343.7,19921200
1992-10-23 23:00:00,345.5,19930200,345.5,19930200,344.2,19921200
1992-10-26 23:00:00,343.0,19930200,343.0,19930200,341.7,19921200
1992-10-27 23:00:00,339.3,19930200,339.3,19930200,338.0,19921200
1992-10-28 23:00:00,341.4,19930200,341.4,19930200,340.1,19921200
1992-10-29 23:00:00,341.6,19930200,341.6,19930200,340.2,19921200
1992-10-30 23:00:00,341.5,19930200,341.5,19930200,340.1,19921200
1992-11-02 23:00:00,342.0,19930200,342.0,19930200,340.6,19921200
1992-11-03 23:00:00,339.6,19930200,339.6,19930200,338.2,19921200
1992-11-04 23:00:00,339.1,19930200,339.1,19930200,337.7,19921200
1992-11-05 23:00:00,338.2,19930200,338.2,19930200,336.8,19921200
1992-11-06 23:00:00,337.6,19930200,337.6,19930200,336.2,19921200
1992-11-09 23:00:00,334.5,19930200,334.5,19930200,333.1,19921200
1992-11-10 23:00:00,331.4,19930200,331.4,19930200,330.1,19921200
1992-11-11 23:00:00,333.4,19930200,333.4,19930200,332.1,19921200
1992-11-12 23:00:00,334.7,19930200,334.7,19930200,333.5,19921200
1992-11-13 23:00:00,336.6,19930200,336.6,19930200,335.4,19921200
1992-11-16 23:00:00,335.1,19930200,335.1,19930200,334.0,19921200
1992-11-17 23:00:00,335.6,19930200,335.6,19930200,334.4,19921200
1992-11-18 23:00:00,336.5,19930200,336.5,19930200,335.2,19921200
1992-11-19 23:00:00,336.6,19930200,336.6,19930200,335.4,19921200
1992-11-20 23:00:00,336.5,19930200,336.5,19930200,335.3,19921200
1992-11-23 23:00:00,335.5,19930200,335.5,19930200,334.4,19921200
1992-11-24 23:00:00,335.3,19930200,335.3,19930200,334.3,19921200
1992-11-25 23:00:00,334.7,19930200,334.7,19930200,333.5,19921200
1992-11-27 23:00:00,335.5,19930200,335.5,19930200,334.0,19921200
1992-11-30 23:00:00,335.5,19930200,335.5,19930200,334.3,19921200
1992-12-01 23:00:00,337.4,19930400,337.4,19930400,336.1,19930200
1992-12-02 23:00:00,338.2,19930400,338.2,19930400,336.9,19930200
1992-12-03 23:00:00,337.6,19930400,337.6,19930400,336.4,19930200
1992-12-04 23:00:00,337.8,19930400,337.8,19930400,336.6,19930200
1992-12-07 23:00:00,338.2,19930400,338.2,19930400,337.0,19930200
1992-12-08 23:00:00,337.5,19930400,337.5,19930400,336.3,19930200
1992-12-09 23:00:00,335.6,19930400,335.6,19930400,334.5,19930200
1992-12-10 23:00:00,336.1,19930400,336.1,19930400,335.0,19930200
1992-12-11 23:00:00,337.1,19930400,337.1,19930400,336.0,19930200
1992-12-14 23:00:00,336.5,19930400,336.5,19930400,335.4,19930200
1992-12-15 23:00:00,336.4,19930400,336.4,19930400,335.3,19930200
1992-12-16 23:00:00,339.8,19930400,339.8,19930400,338.7,19930200
1992-12-17 23:00:00,340.3,19930400,340.3,19930400,339.2,19930200
1992-12-18 23:00:00,338.8,19930400,338.8,19930400,337.7,19930200
1992-12-21 23:00:00,335.7,19930400,335.7,19930400,334.6,19930200
1992-12-22 23:00:00,333.9,19930400,333.9,19930400,332.8,19930200
1992-12-23 23:00:00,334.5,19930400,334.5,19930400,333.4,19930200
1992-12-24 23:00:00,334.5,19930400,334.5,19930400,333.4,19930200
1992-12-28 23:00:00,334.5,19930400,334.5,19930400,333.4,19930200
1992-12-29 23:00:00,333.9,19930400,333.9,19930400,332.8,19930200
1992-12-30 23:00:00,334.4,19930400,334.4,19930400,333.3,19930200
1992-12-31 23:00:00,334.2,19930400,334.2,19930400,333.1,19930200
1993-01-04 23:00:00,329.5,19930400,329.5,19930400,328.4,19930200
1993-01-05 23:00:00,330.0,19930400,330.0,19930400,329.0,19930200
1993-01-06 23:00:00,331.1,19930400,331.1,19930400,330.1,19930200
1993-01-07 23:00:00,330.1,19930400,330.1,19930400,329.0,19930200
1993-01-08 23:00:00,330.6,19930400,330.6,19930400,329.5,19930200
1993-01-11 23:00:00,328.9,19930400,328.9,19930400,327.8,19930200
1993-01-12 23:00:00,329.9,19930400,329.9,19930400,328.8,19930200
1993-01-13 23:00:00,328.6,19930400,328.6,19930400,327.6,19930200
1993-01-14 23:00:00,328.3,19930400,328.3,19930400,327.3,19930200
1993-01-15 23:00:00,328.0,19930400,328.0,19930400,327.0,19930200
1993-01-18 23:00:00,329.0,19930400,329.0,19930400,328.0,19930200
1993-01-19 23:00:00,329.6,19930400,329.6,19930400,328.6,19930200
1993-01-20 23:00:00,330.8,19930400,330.8,19930400,329.8,19930200
1993-01-21 23:00:00,330.2,19930400,330.2,19930400,329.3,19930200
1993-01-22 23:00:00,329.4,19930400,329.4,19930400,328.6,19930200
1993-01-25 23:00:00,329.5,19930400,329.5,19930400,328.8,19930200
1993-01-26 23:00:00,331.7,19930400,331.7,19930400,331.1,19930200
1993-01-27 23:00:00,330.4,19930400,330.4,19930400,329.9,19930200
1993-01-28 23:00:00,331.1,19930400,331.1,19930400,330.5,19930200
1993-01-29 23:00:00,330.7,19930400,330.7,19930400,330.2,19930200
1993-02-01 23:00:00,331.9,19930600,331.9,19930600,330.7,19930400
1993-02-02 23:00:00,331.8,19930600,331.8,19930600,330.6,19930400
1993-02-03 23:00:00,330.7,19930600,330.7,19930600,329.5,19930400
1993-02-04 23:00:00,330.4,19930600,330.4,19930600,329.2,19930400
1993-02-05 23:00:00,330.1,19930600,330.1,19930600,328.9,19930400
1993-02-08 23:00:00,330.3,19930600,330.3,19930600,329.1,19930400
1993-02-09 23:00:00,330.8,19930600,330.8,19930600,329.6,19930400
1993-02-10 23:00:00,335.0,19930600,335.0,19930600,333.7,19930400
1993-02-11 23:00:00,334.0,19930600,334.0,19930600,332.7,19930400
1993-02-12 23:00:00,331.2,19930600,331.2,19930600,330.0,19930400
1993-02-16 23:00:00,334.7,19930600,334.7,19930600,333.4,19930400
1993-02-17 23:00:00,332.8,19930600,332.8,19930600,331.5,19930400
1993-02-18 23:00:00,332.8,19930600,332.8,19930600,331.5,19930400
1993-02-19 23:00:00,332.3,19930600,332.3,19930600,331.0,19930400
1993-02-22 23:00:00,330.1,19930600,330.1,19930600,328.8,19930400
1993-02-23 23:00:00,332.9,19930600,332.9,19930600,331.6,19930400
1993-02-24 23:00:00,331.7,19930600,331.7,19930600,330.4,19930400
1993-02-25 23:00:00,331.9,19930600,331.9,19930600,330.6,19930400
1993-02-26 23:00:00,330.4,19930600,330.4,19930600,329.1,19930400
1993-03-01 23:00:00,330.6,19930600,330.6,19930600,329.3,19930400
1993-03-02 23:00:00,331.8,19930600,331.8,19930600,330.5,19930400
1993-03-03 23:00:00,331.0,19930600,331.0,19930600,329.7,19930400
1993-03-04 23:00:00,330.8,19930600,330.8,19930600,329.6,19930400
1993-03-05 23:00:00,331.7,19930600,331.7,19930600,330.4,19930400
1993-03-08 23:00:00,328.9,19930600,328.9,19930600,327.7,19930400
1993-03-09 23:00:00,328.4,19930600,328.4,19930600,327.2,19930400
1993-03-10 23:00:00,328.1,19930600,328.1,19930600,326.9,19930400
1993-03-11 23:00:00,328.8,19930600,328.8,19930600,327.6,19930400
1993-03-12 23:00:00,329.7,19930600,329.7,19930600,328.5,19930400
1993-03-15 23:00:00,331.1,19930600,331.1,19930600,329.8,19930400
1993-03-16 23:00:00,330.9,19930600,330.9,19930600,329.6,19930400
1993-03-17 23:00:00,331.0,19930600,331.0,19930600,329.7,19930400
1993-03-18 23:00:00,332.5,19930600,332.5,19930600,331.2,19930400
1993-03-19 23:00:00,333.6,19930600,333.6,19930600,332.3,19930400
1993-03-22 23:00:00,334.6,19930600,334.6,19930600,333.3,19930400
1993-03-23 23:00:00,333.7,19930600,333.7,19930600,332.3,19930400
1993-03-24 23:00:00,334.2,19930600,334.2,19930600,332.7,19930400
1993-03-25 23:00:00,334.4,19930600,334.4,19930600,332.8,19930400
1993-03-26 23:00:00,334.2,19930600,334.2,19930600,332.5,19930400
1993-03-29 23:00:00,333.9,19930600,333.9,19930600,332.2,19930400
1993-03-30 23:00:00,338.8,19930600,338.8,19930600,337.0,19930400
1993-03-31 23:00:00,340.7,19930800,340.7,19930800,339.3,19930600
1993-04-01 23:00:00,341.6,19930800,341.6,19930800,340.2,19930600
1993-04-02 23:00:00,343.7,19930800,343.7,19930800,342.3,19930600
1993-04-05 23:00:00,342.3,19930800,342.3,19930800,341.0,19930600
1993-04-06 23:00:00,340.6,19930800,340.6,19930800,339.3,19930600
1993-04-07 23:00:00,341.0,19930800,341.0,19930800,339.7,19930600
1993-04-08 23:00:00,340.2,19930800,340.2,19930800,338.9,19930600
1993-04-12 23:00:00,339.5,19930800,339.5,19930800,338.2,19930600
1993-04-13 23:00:00,340.1,19930800,340.1,19930800,338.8,19930600
1993-04-14 23:00:00,342.1,19930800,342.1,19930800,340.8,19930600
1993-04-15 23:00:00,339.6,19930800,339.6,19930800,338.3,19930600
1993-04-16 23:00:00,341.5,19930800,341.5,19930800,340.2,19930600
1993-04-19 23:00:00,342.8,19930800,342.8,19930800,341.5,19930600
1993-04-20 23:00:00,342.4,19930800,342.4,19930800,341.1,19930600
1993-04-21 23:00:00,342.0,19930800,342.0,19930800,340.7,19930600
1993-04-22 23:00:00,342.5,19930800,342.5,19930800,341.2,19930600
1993-04-23 23:00:00,348.9,19930800,348.9,19930800,347.5,19930600
1993-04-26 23:00:00,355.2,19930800,355.2,19930800,353.8,19930600
1993-04-27 23:00:00,353.5,19930800,353.5,19930800,352.1,19930600
1993-04-28 23:00:00,355.9,19930800,355.9,19930800,354.4,19930600
1993-04-29 23:00:00,358.9,19930800,358.9,19930800,357.4,19930600
1993-04-30 23:00:00,358.6,19930800,358.6,19930800,357.2,19930600
1993-05-03 23:00:00,356.7,19930800,356.7,19930800,355.3,19930600
1993-05-04 23:00:00,357.1,19930800,357.1,19930800,355.7,19930600
1993-05-05 23:00:00,356.9,19930800,356.9,19930800,355.5,19930600
1993-05-06 23:00:00,359.8,19930800,359.8,19930800,358.3,19930600
1993-05-07 23:00:00,359.0,19930800,359.0,19930800,357.4,19930600
1993-05-10 23:00:00,358.8,19930800,358.8,19930800,357.2,19930600
1993-05-11 23:00:00,359.0,19930800,359.0,19930800,357.3,19930600
1993-05-12 23:00:00,363.6,19930800,363.6,19930800,361.8,19930600
1993-05-13 23:00:00,371.2,19930800,371.2,19930800,369.3,19930600
1993-05-14 23:00:00,370.1,19930800,370.1,19930800,368.3,19930600
1993-05-17 23:00:00,369.9,19930800,369.9,19930800,368.0,19930600
1993-05-18 23:00:00,377.9,19930800,377.9,19930800,376.0,19930600
1993-05-19 23:00:00,376.1,19930800,376.1,19930800,374.2,19930600
1993-05-20 23:00:00,376.6,19930800,376.6,19930800,374.7,19930600
1993-05-21 23:00:00,379.9,19930800,379.9,19930800,377.9,19930600
1993-05-24 23:00:00,376.1,19930800,376.1,19930800,374.2,19930600
1993-05-25 23:00:00,380.7,19930800,380.7,19930800,378.7,19930600
1993-05-26 23:00:00,377.4,19930800,377.4,19930800,375.3,19930600
1993-05-27 23:00:00,383.4,19930800,383.4,19930800,381.4,19930600
1993-05-28 23:00:00,380.3,19930800,380.3,19930800,378.3,19930600
1993-06-01 23:00:00,371.3,19930800,371.3,19930800,369.5,19930600
1993-06-02 23:00:00,372.4,19931000,372.4,19931000,370.8,19930800
1993-06-03 23:00:00,377.8,19931000,377.8,19931000,376.2,19930800
1993-06-04 23:00:00,380.2,19931000,380.2,19931000,378.5,19930800
1993-06-07 23:00:00,377.4,19931000,377.4,19931000,375.7,19930800
1993-06-08 23:00:00,377.4,19931000,377.4,19931000,375.6,19930800
1993-06-09 23:00:00,374.8,19931000,374.8,19931000,373.0,19930800
1993-06-10 23:00:00,372.8,19931000,372.8,19931000,371.0,19930800
1993-06-11 23:00:00,369.2,19931000,369.2,19931000,367.5,19930800
1993-06-14 23:00:00,368.2,19931000,368.2,19931000,366.6,19930800
1993-06-15 23:00:00,372.4,19931000,372.4,19931000,370.8,19930800
1993-06-16 23:00:00,373.1,19931000,373.1,19931000,371.5,19930800
1993-06-17 23:00:00,373.9,19931000,373.9,19931000,372.2,19930800
1993-06-18 23:00:00,374.3,19931000,374.3,19931000,372.5,19930800
1993-06-21 23:00:00,372.9,19931000,372.9,19931000,371.1,19930800
1993-06-22 23:00:00,371.5,19931000,371.5,19931000,369.7,19930800
1993-06-23 23:00:00,377.3,19931000,377.3,19931000,375.5,19930800
1993-06-24 23:00:00,377.9,19931000,377.9,19931000,376.1,19930800
1993-06-25 23:00:00,380.0,19931000,380.0,19931000,378.1,19930800
1993-06-28 23:00:00,378.0,19931000,378.0,19931000,376.1,19930800
1993-06-29 23:00:00,381.4,19931000,381.4,19931000,379.5,19930800
1993-06-30 23:00:00,381.1,19931000,381.1,19931000,379.2,19930800
1993-07-01 23:00:00,390.2,19931000,390.2,19931000,388.2,19930800
1993-07-02 23:00:00,388.7,19931000,388.7,19931000,386.7,19930800
1993-07-06 23:00:00,395.2,19931000,395.2,19931000,393.1,19930800
1993-07-07 23:00:00,399.9,19931000,399.9,19931000,397.8,19930800
1993-07-08 23:00:00,397.7,19931000,397.7,19931000,395.6,19930800
1993-07-09 23:00:00,394.4,19931000,394.4,19931000,392.3,19930800
1993-07-12 23:00:00,397.0,19931000,397.0,19931000,394.9,19930800
1993-07-13 23:00:00,396.6,19931000,396.6,19931000,394.5,19930800
1993-07-14 23:00:00,393.5,19931000,393.5,19931000,391.4,19930800
1993-07-15 23:00:00,396.0,19931000,396.0,19931000,393.9,19930800
1993-07-16 23:00:00,395.0,19931000,395.0,19931000,392.9,19930800
1993-07-19 23:00:00,394.6,19931000,394.6,19931000,392.4,19930800
1993-07-20 23:00:00,394.4,19931000,394.4,19931000,392.2,19930800
1993-07-21 23:00:00,391.7,19931000,391.7,19931000,389.5,19930800
1993-07-22 23:00:00,393.5,19931000,393.5,19931000,391.3,19930800
1993-07-23 23:00:00,392.2,19931000,392.2,19931000,390.0,19930800
1993-07-26 23:00:00,395.4,19931000,395.4,19931000,393.1,19930800
1993-07-27 23:00:00,393.5,19931000,393.5,19931000,391.2,19930800
1993-07-28 23:00:00,395.7,19931000,395.7,19931000,393.4,19930800
1993-07-29 23:00:00,400.1,19931000,400.1,19931000,397.8,19930800
1993-07-30 23:00:00,411.3,19931200,411.3,19931200,409.2,19931000
1993-08-02 23:00:00,410.2,19931200,410.2,19931200,408.1,19931000
1993-08-03 23:00:00,407.6,19931200,407.6,19931200,405.5,19931000
1993-08-04 23:00:00,403.3,19931200,403.3,19931200,401.2,19931000
1993-08-05 23:00:00,380.7,19931200,380.7,19931200,378.8,19931000
1993-08-06 23:00:00,379.9,19931200,379.9,19931200,378.0,19931000
1993-08-09 23:00:00,386.8,19931200,386.8,19931200,384.9,19931000
1993-08-10 23:00:00,384.4,19931200,384.4,19931200,382.5,19931000
1993-08-11 23:00:00,378.7,19931200,378.7,19931200,376.8,19931000
1993-08-12 23:00:00,370.7,19931200,370.7,19931200,368.8,19931000
1993-08-13 23:00:00,372.6,19931200,372.6,19931200,370.7,19931000
1993-08-16 23:00:00,376.4,19931200,376.4,19931200,374.5,19931000
1993-08-17 23:00:00,374.9,19931200,374.9,19931200,373.0,19931000
1993-08-18 23:00:00,377.5,19931200,377.5,19931200,375.7,19931000
1993-08-19 23:00:00,374.4,19931200,374.4,19931200,372.6,19931000
1993-08-20 23:00:00,376.4,19931200,376.4,19931200,374.6,19931000
1993-08-23 23:00:00,375.5,19931200,375.5,19931200,373.7,19931000
1993-08-24 23:00:00,374.9,19931200,374.9,19931200,373.1,19931000
1993-08-25 23:00:00,375.5,19931200,375.5,19931200,373.7,19931000
1993-08-26 23:00:00,370.8,19931200,370.8,19931200,369.0,19931000
1993-08-27 23:00:00,372.1,19931200,372.1,19931200,370.3,19931000
1993-08-30 23:00:00,373.3,19931200,373.3,19931200,371.5,19931000
1993-08-31 23:00:00,375.7,19931200,375.7,19931200,373.9,19931000
1993-09-02 23:00:00,366.3,19931200,366.3,19931200,364.5,19931000
1993-09-03 23:00:00,367.1,19931200,367.1,19931200,365.3,19931000
1993-09-07 23:00:00,352.5,19931200,352.5,19931200,350.8,19931000
1993-09-08 23:00:00,353.6,19931200,353.6,19931200,351.9,19931000
1993-09-09 23:00:00,356.5,19931200,356.5,19931200,354.8,19931000
1993-09-10 23:00:00,352.4,19931200,352.4,19931200,350.7,19931000
1993-09-13 23:00:00,344.8,19931200,344.8,19931200,343.1,19931000
1993-09-14 23:00:00,346.9,19931200,346.9,19931200,345.2,19931000
1993-09-15 23:00:00,349.6,19931200,349.6,19931200,347.9,19931000
1993-09-16 23:00:00,354.7,19931200,354.7,19931200,353.0,19931000
1993-09-17 23:00:00,352.8,19931200,352.8,19931200,351.1,19931000
1993-09-20 23:00:00,355.5,19931200,355.5,19931200,353.8,19931000
1993-09-21 23:00:00,365.0,19931200,365.0,19931200,363.2,19931000
1993-09-22 23:00:00,356.0,19931200,356.0,19931200,354.1,19931000
1993-09-23 23:00:00,360.0,19931200,360.0,19931200,358.1,19931000
1993-09-24 23:00:00,359.4,19931200,359.4,19931200,357.5,19931000
1993-09-27 23:00:00,355.7,19931200,355.7,19931200,353.8,19931000
1993-09-28 23:00:00,357.3,19931200,357.3,19931200,355.4,19931000
1993-09-29 23:00:00,356.4,19940200,356.4,19940200,354.7,19931200
1993-09-30 23:00:00,358.8,19940200,358.8,19940200,357.1,19931200
1993-10-01 23:00:00,358.6,19940200,358.6,19940200,356.9,19931200
1993-10-04 23:00:00,356.3,19940200,356.3,19940200,354.6,19931200
1993-10-05 23:00:00,356.5,19940200,356.5,19940200,354.8,19931200
1993-10-06 23:00:00,359.9,19940200,359.9,19940200,358.2,19931200
1993-10-07 23:00:00,360.2,19940200,360.2,19940200,358.5,19931200
1993-10-08 23:00:00,363.2,19940200,363.2,19940200,361.5,19931200
1993-10-11 23:00:00,363.4,19940200,363.4,19940200,361.7,19931200
1993-10-12 23:00:00,370.9,19940200,370.9,19940200,369.2,19931200
1993-10-13 23:00:00,369.3,19940200,369.3,19940200,367.6,19931200
1993-10-14 23:00:00,368.4,19940200,368.4,19940200,366.6,19931200
1993-10-15 23:00:00,368.0,19940200,368.0,19940200,366.2,19931200
1993-10-18 23:00:00,371.4,19940200,371.4,19940200,369.6,19931200
1993-10-19 23:00:00,372.1,19940200,372.1,19940200,370.3,19931200
1993-10-20 23:00:00,375.6,19940200,375.6,19940200,373.8,19931200
1993-10-21 23:00:00,374.6,19940200,374.6,19940200,372.8,19931200
1993-10-22 23:00:00,373.1,19940200,373.1,19940200,371.3,19931200
1993-10-25 23:00:00,372.3,19940200,372.3,19940200,370.5,19931200
1993-10-26 23:00:00,372.1,19940200,372.1,19940200,370.3,19931200
1993-10-27 23:00:00,372.5,19940200,372.5,19940200,370.7,19931200
1993-10-28 23:00:00,372.0,19940200,372.0,19940200,370.2,19931200
1993-10-29 23:00:00,371.4,19940200,371.4,19940200,369.6,19931200
1993-11-01 23:00:00,363.9,19940200,363.9,19940200,362.1,19931200
1993-11-02 23:00:00,365.4,19940200,365.4,19940200,363.6,19931200
1993-11-03 23:00:00,369.8,19940200,369.8,19940200,368.0,19931200
1993-11-04 23:00:00,374.3,19940200,374.3,19940200,372.4,19931200
1993-11-05 23:00:00,379.8,19940200,379.8,19940200,377.8,19931200
1993-11-08 23:00:00,377.5,19940200,377.5,19940200,375.5,19931200
1993-11-09 23:00:00,378.6,19940200,378.6,19940200,376.6,19931200
1993-11-10 23:00:00,379.4,19940200,379.4,19940200,377.4,19931200
1993-11-11 23:00:00,378.4,19940200,378.4,19940200,376.4,19931200
1993-11-12 23:00:00,375.6,19940200,375.6,19940200,373.6,19931200
1993-11-15 23:00:00,377.7,19940200,377.7,19940200,375.7,19931200
1993-11-16 23:00:00,376.6,19940200,376.6,19940200,374.6,19931200
1993-11-17 23:00:00,379.2,19940200,379.2,19940200,377.2,19931200
1993-11-18 23:00:00,378.7,19940200,378.7,19940200,376.7,19931200
1993-11-19 23:00:00,380.3,19940200,380.3,19940200,378.3,19931200
1993-11-22 23:00:00,380.5,19940200,380.5,19940200,378.5,19931200
1993-11-23 23:00:00,379.4,19940200,379.4,19940200,377.3,19931200
1993-11-24 23:00:00,379.2,19940200,379.2,19940200,377.2,19931200
1993-11-29 23:00:00,371.5,19940200,371.5,19940200,369.4,19931200
1993-11-30 23:00:00,371.9,19940200,371.9,19940200,369.8,19931200
1993-12-01 23:00:00,378.4,19940400,378.4,19940400,376.6,19940200
1993-12-02 23:00:00,377.4,19940400,377.4,19940400,375.6,19940200
1993-12-03 23:00:00,380.4,19940400,380.4,19940400,378.6,19940200
1993-12-06 23:00:00,379.6,19940400,379.6,19940400,377.8,19940200
1993-12-07 23:00:00,381.1,19940400,381.1,19940400,379.3,19940200
1993-12-08 23:00:00,387.5,19940400,387.5,19940400,385.7,19940200
1993-12-09 23:00:00,386.2,19940400,386.2,19940400,384.4,19940200
1993-12-10 23:00:00,386.7,19940400,386.7,19940400,384.9,19940200
1993-12-13 23:00:00,390.5,19940400,390.5,19940400,388.6,19940200
1993-12-14 23:00:00,390.5,19940400,390.5,19940400,388.6,19940200
1993-12-15 23:00:00,390.9,19940400,390.9,19940400,389.0,19940200
1993-12-16 23:00:00,389.4,19940400,389.4,19940400,387.5,19940200
1993-12-17 23:00:00,390.8,19940400,390.8,19940400,388.9,19940200
1993-12-20 23:00:00,392.7,19940400,392.7,19940400,390.8,19940200
1993-12-21 23:00:00,391.2,19940400,391.2,19940400,389.3,19940200
1993-12-22 23:00:00,389.1,19940400,389.1,19940400,387.2,19940200
1993-12-23 23:00:00,388.9,19940400,388.9,19940400,387.0,19940200
1993-12-27 23:00:00,391.0,19940400,391.0,19940400,389.1,19940200
1993-12-28 23:00:00,390.4,19940400,390.4,19940400,388.5,19940200
1993-12-29 23:00:00,393.7,19940400,393.7,19940400,391.8,19940200
1993-12-30 23:00:00,393.8,19940400,393.8,19940400,391.9,19940200
1994-01-03 23:00:00,396.7,19940400,396.7,19940400,394.7,19940200
1994-01-04 23:00:00,397.1,19940400,397.1,19940400,395.1,19940200
1994-01-05 23:00:00,394.1,19940400,394.1,19940400,392.1,19940200
1994-01-06 23:00:00,392.1,19940400,392.1,19940400,390.1,19940200
1994-01-07 23:00:00,389.1,19940400,389.1,19940400,387.2,19940200
1994-01-10 23:00:00,387.6,19940400,387.6,19940400,385.7,19940200
1994-01-11 23:00:00,390.7,19940400,390.7,19940400,388.7,19940200
1994-01-12 23:00:00,388.9,19940400,388.9,19940400,386.9,19940200
1994-01-13 23:00:00,392.7,19940400,392.7,19940400,390.6,19940200
1994-01-14 23:00:00,392.2,19940400,392.2,19940400,390.1,19940200
1994-01-17 23:00:00,394.3,19940400,394.3,19940400,392.2,19940200
1994-01-18 23:00:00,395.7,19940400,395.7,19940400,393.6,19940200
1994-01-19 23:00:00,394.8,19940400,394.8,19940400,392.7,19940200
1994-01-20 23:00:00,390.0,19940400,390.0,19940400,387.9,19940200
1994-01-21 23:00:00,383.7,19940400,383.7,19940400,381.7,19940200
1994-01-24 23:00:00,383.4,19940400,383.4,19940400,381.4,19940200
1994-01-25 23:00:00,383.6,19940400,383.6,19940400,381.6,19940200
1994-01-26 23:00:00,386.7,19940400,386.7,19940400,384.6,19940200
1994-01-27 23:00:00,379.5,19940400,379.5,19940400,377.4,19940200
1994-01-28 23:00:00,379.0,19940400,379.0,19940400,376.9,19940200
1994-01-31 23:00:00,383.6,19940400,383.6,19940400,381.6,19940200
1994-02-01 23:00:00,388.0,19940600,388.0,19940600,386.1,19940400
1994-02-02 23:00:00,388.5,19940600,388.5,19940600,386.5,19940400
1994-02-03 23:00:00,391.1,19940600,391.1,19940600,389.1,19940400
1994-02-04 23:00:00,390.3,19940600,390.3,19940600,388.3,19940400
1994-02-07 23:00:00,382.7,19940600,382.7,19940600,380.7,19940400
1994-02-08 23:00:00,386.1,19940600,386.1,19940600,384.1,19940400
1994-02-09 23:00:00,387.7,19940600,387.7,19940600,385.7,19940400
1994-02-10 23:00:00,385.7,19940600,385.7,19940600,383.7,19940400
1994-02-11 23:00:00,383.7,19940600,383.7,19940600,381.7,19940400
1994-02-14 23:00:00,387.6,19940600,387.6,19940600,385.6,19940400
1994-02-15 23:00:00,387.5,19940600,387.5,19940600,385.5,19940400
1994-02-16 23:00:00,387.3,19940600,387.3,19940600,385.3,19940400
1994-02-17 23:00:00,386.3,19940600,386.3,19940600,384.3,19940400
1994-02-18 23:00:00,383.6,19940600,383.6,19940600,381.6,19940400
1994-02-22 23:00:00,381.2,19940600,381.2,19940600,379.2,19940400
1994-02-23 23:00:00,380.9,19940600,380.9,19940600,378.9,19940400
1994-02-24 23:00:00,379.6,19940600,379.6,19940600,377.6,19940400
1994-02-25 23:00:00,381.8,19940600,381.8,19940600,379.8,19940400
1994-02-28 23:00:00,384.5,19940600,384.5,19940600,382.5,19940400
1994-03-01 23:00:00,381.4,19940600,381.4,19940600,379.4,19940400
1994-03-02 23:00:00,381.1,19940600,381.1,19940600,378.9,19940400
1994-03-03 23:00:00,380.5,19940600,380.5,19940600,378.3,19940400
1994-03-04 23:00:00,380.8,19940600,380.8,19940600,378.6,19940400
1994-03-07 23:00:00,379.1,19940600,379.1,19940600,376.9,19940400
1994-03-08 23:00:00,379.9,19940600,379.9,19940600,377.7,19940400
1994-03-09 23:00:00,382.3,19940600,382.3,19940600,380.1,19940400
1994-03-10 23:00:00,390.5,19940600,390.5,19940600,388.2,19940400
1994-03-11 23:00:00,388.4,19940600,388.4,19940600,386.1,19940400
1994-03-14 23:00:00,389.5,19940600,389.5,19940600,387.2,19940400
1994-03-15 23:00:00,389.9,19940600,389.9,19940600,387.6,19940400
1994-03-16 23:00:00,387.9,19940600,387.9,19940600,385.6,19940400
1994-03-17 23:00:00,385.3,19940600,385.3,19940600,383.0,19940400
1994-03-18 23:00:00,389.9,19940600,389.9,19940600,387.6,19940400
1994-03-21 23:00:00,388.6,19940600,388.6,19940600,386.3,19940400
1994-03-22 23:00:00,392.1,19940600,392.1,19940600,389.7,19940400
1994-03-23 23:00:00,389.8,19940600,389.8,19940600,387.4,19940400
1994-03-24 23:00:00,394.4,19940600,394.4,19940600,391.9,19940400
1994-03-25 23:00:00,393.7,19940600,393.7,19940600,391.2,19940400
1994-03-28 23:00:00,390.6,19940600,390.6,19940600,388.1,19940400
1994-03-29 23:00:00,388.5,19940600,388.5,19940600,386.0,19940400
1994-03-30 23:00:00,391.1,19940800,391.1,19940800,388.6,19940600
1994-03-31 23:00:00,396.9,19940800,396.9,19940800,394.3,19940600
1994-04-04 23:00:00,391.4,19940800,391.4,19940800,388.7,19940600
1994-04-05 23:00:00,389.4,19940800,389.4,19940800,386.7,19940600
1994-04-06 23:00:00,389.8,19940800,389.8,19940800,387.1,19940600
1994-04-07 23:00:00,388.7,19940800,388.7,19940800,386.1,19940600
1994-04-08 23:00:00,388.9,19940800,388.9,19940800,386.3,19940600
1994-04-11 23:00:00,382.5,19940800,382.5,19940800,379.9,19940600
1994-04-12 23:00:00,383.0,19940800,383.0,19940800,380.4,19940600
1994-04-13 23:00:00,382.6,19940800,382.6,19940800,380.0,19940600
1994-04-14 23:00:00,382.9,19940800,382.9,19940800,380.3,19940600
1994-04-15 23:00:00,382.0,19940800,382.0,19940800,379.4,19940600
1994-04-18 23:00:00,381.2,19940800,381.2,19940800,378.5,19940600
1994-04-19 23:00:00,375.9,19940800,375.9,19940800,373.2,19940600
1994-04-20 23:00:00,376.6,19940800,376.6,19940800,373.9,19940600
1994-04-21 23:00:00,377.4,19940800,377.4,19940800,374.7,19940600
1994-04-22 23:00:00,374.8,19940800,374.8,19940800,372.1,19940600
1994-04-25 23:00:00,377.6,19940800,377.6,19940800,374.9,19940600
1994-04-26 23:00:00,378.0,19940800,378.0,19940800,375.3,19940600
1994-04-28 23:00:00,379.5,19940800,379.5,19940800,376.8,19940600
1994-04-29 23:00:00,380.5,19940800,380.5,19940800,377.8,19940600
1994-05-02 23:00:00,380.1,19940800,380.1,19940800,377.4,19940600
1994-05-03 23:00:00,379.5,19940800,379.5,19940800,376.8,19940600
1994-05-04 23:00:00,380.4,19940800,380.4,19940800,377.7,19940600
1994-05-05 23:00:00,377.4,19940800,377.4,19940800,374.7,19940600
1994-05-06 23:00:00,387.3,19940800,387.3,19940800,384.5,19940600
1994-05-09 23:00:00,385.1,19940800,385.1,19940800,382.3,19940600
1994-05-10 23:00:00,382.6,19940800,382.6,19940800,379.8,19940600
1994-05-11 23:00:00,385.6,19940800,385.6,19940800,382.7,19940600
1994-05-12 23:00:00,383.7,19940800,383.7,19940800,380.8,19940600
1994-05-13 23:00:00,384.4,19940800,384.4,19940800,381.5,19940600
1994-05-16 23:00:00,386.7,19940800,386.7,19940800,383.7,19940600
1994-05-17 23:00:00,385.0,19940800,385.0,19940800,382.0,19940600
1994-05-18 23:00:00,385.5,19940800,385.5,19940800,382.5,19940600
1994-05-19 23:00:00,384.7,19940800,384.7,19940800,381.8,19940600
1994-05-20 23:00:00,389.2,19940800,389.2,19940800,386.3,19940600
1994-05-23 23:00:00,392.9,19940800,392.9,19940800,389.9,19940600
1994-05-24 23:00:00,390.3,19940800,390.3,19940800,387.3,19940600
1994-05-25 23:00:00,389.9,19940800,389.9,19940800,386.8,19940600
1994-05-26 23:00:00,387.0,19940800,387.0,19940800,383.9,19940600
1994-05-27 23:00:00,387.7,19940800,387.7,19940800,384.7,19940600
1994-05-31 23:00:00,390.0,19940800,390.0,19940800,387.1,19940600
1994-06-01 23:00:00,389.4,19941000,389.4,19941000,386.3,19940800
1994-06-02 23:00:00,389.9,19941000,389.9,19941000,386.8,19940800
1994-06-03 23:00:00,386.3,19941000,386.3,19941000,383.2,19940800
1994-06-06 23:00:00,385.9,19941000,385.9,19941000,382.9,19940800
1994-06-07 23:00:00,386.5,19941000,386.5,19941000,383.5,19940800
1994-06-08 23:00:00,387.1,19941000,387.1,19941000,384.1,19940800
1994-06-09 23:00:00,388.3,19941000,388.3,19941000,385.3,19940800
1994-06-10 23:00:00,388.8,19941000,388.8,19941000,385.8,19940800
1994-06-13 23:00:00,388.6,19941000,388.6,19941000,385.6,19940800
1994-06-14 23:00:00,389.4,19941000,389.4,19941000,386.4,19940800
1994-06-15 23:00:00,392.0,19941000,392.0,19941000,389.0,19940800
1994-06-16 23:00:00,390.5,19941000,390.5,19941000,387.5,19940800
1994-06-17 23:00:00,396.7,19941000,396.7,19941000,393.7,19940800
1994-06-20 23:00:00,393.9,19941000,393.9,19941000,390.9,19940800
1994-06-21 23:00:00,399.3,19941000,399.3,19941000,396.3,19940800
1994-06-22 23:00:00,394.4,19941000,394.4,19941000,391.4,19940800
1994-06-23 23:00:00,394.5,19941000,394.5,19941000,391.5,19940800
1994-06-24 23:00:00,395.9,19941000,395.9,19941000,392.9,19940800
1994-06-27 23:00:00,389.4,19941000,389.4,19941000,386.4,19940800
1994-06-28 23:00:00,390.9,19941000,390.9,19941000,387.9,19940800
1994-06-29 23:00:00,389.3,19941000,389.3,19941000,386.3,19940800
1994-06-30 23:00:00,390.4,19941000,390.4,19941000,387.3,19940800
1994-07-01 23:00:00,391.2,19941000,391.2,19941000,388.1,19940800
1994-07-05 23:00:00,390.0,19941000,390.0,19941000,386.9,19940800
1994-07-06 23:00:00,387.7,19941000,387.7,19941000,384.6,19940800
1994-07-07 23:00:00,388.8,19941000,388.8,19941000,385.7,19940800
1994-07-08 23:00:00,388.1,19941000,388.1,19941000,385.1,19940800
1994-07-11 23:00:00,391.1,19941000,391.1,19941000,388.1,19940800
1994-07-12 23:00:00,389.3,19941000,389.3,19941000,386.3,19940800
1994-07-13 23:00:00,387.1,19941000,387.1,19941000,384.0,19940800
1994-07-14 23:00:00,387.5,19941000,387.5,19941000,384.4,19940800
1994-07-15 23:00:00,389.5,19941000,389.5,19941000,386.4,19940800
1994-07-18 23:00:00,389.3,19941000,389.3,19941000,386.2,19940800
1994-07-19 23:00:00,390.2,19941000,390.2,19941000,387.1,19940800
1994-07-20 23:00:00,388.7,19941000,388.7,19941000,385.6,19940800
1994-07-21 23:00:00,387.4,19941000,387.4,19941000,384.3,19940800
1994-07-22 23:00:00,388.1,19941000,388.1,19941000,385.0,19940800
1994-07-25 23:00:00,388.0,19941000,388.0,19941000,384.9,19940800
1994-07-26 23:00:00,390.3,19941000,390.3,19941000,387.1,19940800
1994-07-27 23:00:00,390.9,19941000,390.9,19941000,387.7,19940800
1994-07-28 23:00:00,388.0,19941000,388.0,19941000,384.8,19940800
1994-07-29 23:00:00,386.1,19941000,386.1,19941000,383.0,19940800
1994-08-01 23:00:00,389.4,19941200,389.4,19941200,386.3,19941000
1994-08-02 23:00:00,384.4,19941200,384.4,19941200,381.3,19941000
1994-08-03 23:00:00,383.1,19941200,383.1,19941200,380.1,19941000
1994-08-04 23:00:00,383.1,19941200,383.1,19941200,380.1,19941000
1994-08-05 23:00:00,382.9,19941200,382.9,19941200,379.9,19941000
1994-08-08 23:00:00,382.3,19941200,382.3,19941200,379.3,19941000
1994-08-09 23:00:00,383.0,19941200,383.0,19941200,380.0,19941000
1994-08-10 23:00:00,382.6,19941200,382.6,19941200,379.6,19941000
1994-08-11 23:00:00,384.0,19941200,384.0,19941200,381.0,19941000
1994-08-12 23:00:00,381.5,19941200,381.5,19941200,378.5,19941000
1994-08-15 23:00:00,382.4,19941200,382.4,19941200,379.5,19941000
1994-08-16 23:00:00,382.9,19941200,382.9,19941200,380.0,19941000
1994-08-17 23:00:00,382.3,19941200,382.3,19941200,379.4,19941000
1994-08-18 23:00:00,385.9,19941200,385.9,19941200,383.0,19941000
1994-08-19 23:00:00,386.9,19941200,386.9,19941200,384.0,19941000
1994-08-22 23:00:00,386.7,19941200,386.7,19941200,383.8,19941000
1994-08-23 23:00:00,386.5,19941200,386.5,19941200,383.6,19941000
1994-08-24 23:00:00,388.6,19941200,388.6,19941200,385.6,19941000
1994-08-25 23:00:00,388.1,19941200,388.1,19941200,385.1,19941000
1994-08-26 23:00:00,388.0,19941200,388.0,19941200,385.1,19941000
1994-08-29 23:00:00,391.8,19941200,391.8,19941200,388.9,19941000
1994-08-30 23:00:00,390.8,19941200,390.8,19941200,387.8,19941000
1994-08-31 23:00:00,390.8,19941200,390.8,19941200,387.8,19941000
1994-09-01 23:00:00,391.3,19941200,391.3,19941200,388.3,19941000
1994-09-02 23:00:00,391.4,19941200,391.4,19941200,388.4,19941000
1994-09-06 23:00:00,392.2,19941200,392.2,19941200,389.2,19941000
1994-09-07 23:00:00,394.4,19941200,394.4,19941200,391.4,19941000
1994-09-08 23:00:00,394.6,19941200,394.6,19941200,391.6,19941000
1994-09-09 23:00:00,395.8,19941200,395.8,19941200,392.8,19941000
1994-09-12 23:00:00,394.9,19941200,394.9,19941200,391.9,19941000
1994-09-13 23:00:00,394.5,19941200,394.5,19941200,391.5,19941000
1994-09-14 23:00:00,392.9,19941200,392.9,19941200,389.9,19941000
1994-09-15 23:00:00,391.9,19941200,391.9,19941200,388.9,19941000
1994-09-16 23:00:00,393.6,19941200,393.6,19941200,390.5,19941000
1994-09-19 23:00:00,393.6,19941200,393.6,19941200,390.5,19941000
1994-09-20 23:00:00,397.2,19941200,397.2,19941200,394.1,19941000
1994-09-21 23:00:00,397.8,19941200,397.8,19941200,394.6,19941000
1994-09-22 23:00:00,399.0,19941200,399.0,19941200,395.8,19941000
1994-09-23 23:00:00,399.6,19941200,399.6,19941200,396.4,19941000
1994-09-26 23:00:00,397.8,19941200,397.8,19941200,394.5,19941000
1994-09-27 23:00:00,401.4,19941200,401.4,19941200,398.1,19941000
1994-09-28 23:00:00,397.9,19941200,397.9,19941200,394.5,19941000
1994-09-29 23:00:00,402.0,19950200,402.0,19950200,398.7,19941200
1994-09-30 23:00:00,400.9,19950200,400.9,19950200,397.6,19941200
1994-10-03 23:00:00,401.6,19950200,401.6,19950200,398.2,19941200
1994-10-04 23:00:00,399.1,19950200,399.1,19950200,395.7,19941200
1994-10-05 23:00:00,398.6,19950200,398.6,19950200,395.2,19941200
1994-10-06 23:00:00,398.5,19950200,398.5,19950200,395.1,19941200
1994-10-07 23:00:00,397.2,19950200,397.2,19950200,393.8,19941200
1994-10-10 23:00:00,396.8,19950200,396.8,19950200,393.4,19941200
1994-10-11 23:00:00,393.6,19950200,393.6,19950200,390.2,19941200
1994-10-12 23:00:00,394.0,19950200,394.0,19950200,390.6,19941200
1994-10-13 23:00:00,391.9,19950200,391.9,19950200,388.6,19941200
1994-10-14 23:00:00,393.3,19950200,393.3,19950200,390.0,19941200
1994-10-17 23:00:00,395.4,19950200,395.4,19950200,392.1,19941200
1994-10-18 23:00:00,394.7,19950200,394.7,19950200,391.3,19941200
1994-10-19 23:00:00,395.7,19950200,395.7,19950200,392.3,19941200
1994-10-20 23:00:00,396.7,19950200,396.7,19950200,393.3,19941200
1994-10-21 23:00:00,396.3,19950200,396.3,19950200,392.8,19941200
1994-10-24 23:00:00,394.9,19950200,394.9,19950200,391.4,19941200
1994-10-25 23:00:00,394.7,19950200,394.7,19950200,391.2,19941200
1994-10-26 23:00:00,394.5,19950200,394.5,19950200,391.0,19941200
1994-10-27 23:00:00,393.7,19950200,393.7,19950200,390.2,19941200
1994-10-28 23:00:00,392.2,19950200,392.2,19950200,388.7,19941200
1994-10-31 23:00:00,388.4,19950200,388.4,19950200,384.9,19941200
1994-11-01 23:00:00,389.3,19950200,389.3,19950200,385.7,19941200
1994-11-02 23:00:00,389.1,19950200,389.1,19950200,385.5,19941200
1994-11-03 23:00:00,388.0,19950200,388.0,19950200,384.4,19941200
1994-11-04 23:00:00,388.4,19950200,388.4,19950200,384.7,19941200
1994-11-07 23:00:00,387.0,19950200,387.0,19950200,383.3,19941200
1994-11-08 23:00:00,388.5,19950200,388.5,19950200,384.8,19941200
1994-11-09 23:00:00,388.2,19950200,388.2,19950200,384.5,19941200
1994-11-10 23:00:00,389.6,19950200,389.6,19950200,385.9,19941200
1994-11-11 23:00:00,389.4,19950200,389.4,19950200,385.7,19941200
1994-11-14 23:00:00,389.0,19950200,389.0,19950200,385.3,19941200
1994-11-15 23:00:00,391.1,19950200,391.1,19950200,387.4,19941200
1994-11-16 23:00:00,390.6,19950200,390.6,19950200,386.8,19941200
1994-11-17 23:00:00,389.7,19950200,389.7,19950200,385.9,19941200
1994-11-18 23:00:00,388.3,19950200,388.3,19950200,384.5,19941200
1994-11-21 23:00:00,387.4,19950200,387.4,19950200,383.6,19941200
1994-11-22 23:00:00,387.8,19950200,387.8,19950200,383.9,19941200
1994-11-23 23:00:00,388.4,19950200,388.4,19950200,384.7,19941200
1994-11-28 23:00:00,386.7,19950200,386.7,19950200,382.9,19941200
1994-11-29 23:00:00,386.1,19950200,386.1,19950200,382.0,19941200
1994-11-30 23:00:00,388.5,19950400,388.5,19950400,384.5,19950200
1994-12-01 23:00:00,386.2,19950400,386.2,19950400,382.3,19950200
1994-12-02 23:00:00,383.0,19950400,383.0,19950400,379.0,19950200
1994-12-05 23:00:00,383.0,19950400,383.0,19950400,379.0,19950200
1994-12-06 23:00:00,383.1,19950400,383.1,19950400,379.1,19950200
1994-12-07 23:00:00,383.2,19950400,383.2,19950400,379.2,19950200
1994-12-08 23:00:00,383.7,19950400,383.7,19950400,379.7,19950200
1994-12-09 23:00:00,383.9,19950400,383.9,19950400,379.9,19950200
1994-12-12 23:00:00,384.3,19950400,384.3,19950400,380.3,19950200
1994-12-13 23:00:00,384.3,19950400,384.3,19950400,380.3,19950200
1994-12-14 23:00:00,385.5,19950400,385.5,19950400,381.5,19950200
1994-12-15 23:00:00,386.7,19950400,386.7,19950400,382.7,19950200
1994-12-16 23:00:00,385.1,19950400,385.1,19950400,381.1,19950200
1994-12-19 23:00:00,385.7,19950400,385.7,19950400,381.7,19950200
1994-12-20 23:00:00,388.2,19950400,388.2,19950400,384.2,19950200
1994-12-21 23:00:00,387.8,19950400,387.8,19950400,383.8,19950200
1994-12-22 23:00:00,386.9,19950400,386.9,19950400,382.9,19950200
1994-12-23 23:00:00,386.3,19950400,386.3,19950400,382.3,19950200
1994-12-27 23:00:00,387.3,19950400,387.3,19950400,383.3,19950200
1994-12-28 23:00:00,389.3,19950400,389.3,19950400,385.3,19950200
1994-12-29 23:00:00,388.1,19950400,388.1,19950400,384.1,19950200
1994-12-30 23:00:00,388.4,19950400,388.4,19950400,384.4,19950200
1995-01-03 23:00:00,384.9,19950400,384.9,19950400,380.9,19950200
1995-01-04 23:00:00,379.2,19950400,379.2,19950400,375.3,19950200
1995-01-05 23:00:00,380.5,19950400,380.5,19950400,376.6,19950200
1995-01-06 23:00:00,376.0,19950400,376.0,19950400,372.2,19950200
1995-01-09 23:00:00,377.7,19950400,377.7,19950400,374.0,19950200
1995-01-10 23:00:00,378.8,19950400,378.8,19950400,375.1,19950200
1995-01-11 23:00:00,381.0,19950400,381.0,19950400,377.3,19950200
1995-01-12 23:00:00,385.2,19950400,385.2,19950400,381.4,19950200
1995-01-13 23:00:00,383.0,19950400,383.0,19950400,379.3,19950200
1995-01-16 23:00:00,381.9,19950400,381.9,19950400,378.3,19950200
1995-01-17 23:00:00,384.2,19950400,384.2,19950400,380.6,19950200
1995-01-18 23:00:00,386.2,19950400,386.2,19950400,382.6,19950200
1995-01-19 23:00:00,387.1,19950400,387.1,19950400,383.6,19950200
1995-01-20 23:00:00,388.8,19950400,388.8,19950400,385.4,19950200
1995-01-23 23:00:00,384.8,19950400,384.8,19950400,381.4,19950200
1995-01-24 23:00:00,385.1,19950400,385.1,19950400,381.8,19950200
1995-01-25 23:00:00,384.0,19950400,384.0,19950400,380.9,19950200
1995-01-26 23:00:00,384.4,19950400,384.4,19950400,381.7,19950200
1995-01-27 23:00:00,379.3,19950400,379.3,19950400,376.8,19950200
1995-01-30 23:00:00,379.4,19950400,379.4,19950400,376.8,19950200
1995-01-31 23:00:00,381.2,19950600,381.2,19950600,377.7,19950400
1995-02-01 23:00:00,382.3,19950600,382.3,19950600,378.7,19950400
1995-02-02 23:00:00,382.7,19950600,382.7,19950600,379.1,19950400
1995-02-03 23:00:00,382.3,19950600,382.3,19950600,378.8,19950400
1995-02-06 23:00:00,381.7,19950600,381.7,19950600,378.3,19950400
1995-02-07 23:00:00,380.7,19950600,380.7,19950600,377.3,19950400
1995-02-08 23:00:00,381.7,19950600,381.7,19950600,378.3,19950400
1995-02-09 23:00:00,382.2,19950600,382.2,19950600,378.8,19950400
1995-02-10 23:00:00,381.8,19950600,381.8,19950600,378.4,19950400
1995-02-13 23:00:00,381.3,19950600,381.3,19950600,377.9,19950400
1995-02-14 23:00:00,381.8,19950600,381.8,19950600,378.4,19950400
1995-02-15 23:00:00,381.9,19950600,381.9,19950600,378.6,19950400
1995-02-16 23:00:00,381.8,19950600,381.8,19950600,378.6,19950400
1995-02-17 23:00:00,383.9,19950600,383.9,19950600,380.6,19950400
1995-02-21 23:00:00,383.9,19950600,383.9,19950600,380.6,19950400
1995-02-22 23:00:00,384.7,19950600,384.7,19950600,381.5,19950400
1995-02-23 23:00:00,384.2,19950600,384.2,19950600,381.0,19950400
1995-02-24 23:00:00,381.3,19950600,381.3,19950600,378.2,19950400
1995-02-27 23:00:00,381.0,19950600,381.0,19950600,378.0,19950400
1995-02-28 23:00:00,381.3,19950600,381.3,19950600,378.3,19950400
1995-03-01 23:00:00,379.2,19950600,379.2,19950600,376.2,19950400
1995-03-02 23:00:00,380.9,19950600,380.9,19950600,378.0,19950400
1995-03-03 23:00:00,380.8,19950600,380.8,19950600,377.8,19950400
1995-03-06 23:00:00,383.3,19950600,383.3,19950600,380.2,19950400
1995-03-07 23:00:00,388.3,19950600,388.3,19950600,385.4,19950400
1995-03-08 23:00:00,383.8,19950600,383.8,19950600,380.9,19950400
1995-03-09 23:00:00,385.4,19950600,385.4,19950600,382.4,19950400
1995-03-10 23:00:00,386.1,19950600,386.1,19950600,383.1,19950400
1995-03-13 23:00:00,389.1,19950600,389.1,19950600,386.1,19950400
1995-03-14 23:00:00,389.6,19950600,389.6,19950600,386.7,19950400
1995-03-15 23:00:00,390.1,19950600,390.1,19950600,387.2,19950400
1995-03-16 23:00:00,388.4,19950600,388.4,19950600,385.6,19950400
1995-03-17 23:00:00,386.9,19950600,386.9,19950600,384.2,19950400
1995-03-20 23:00:00,386.2,19950600,386.2,19950600,383.5,19950400
1995-03-21 23:00:00,385.5,19950600,385.5,19950600,382.8,19950400
1995-03-22 23:00:00,386.1,19950600,386.1,19950600,383.5,19950400
1995-03-23 23:00:00,386.7,19950600,386.7,19950600,384.3,19950400
1995-03-24 23:00:00,384.9,19950600,384.9,19950600,382.7,19950400
1995-03-27 23:00:00,384.7,19950600,384.7,19950600,382.3,19950400
1995-03-28 23:00:00,385.5,19950600,385.5,19950600,383.2,19950400
1995-03-29 23:00:00,385.0,19950600,385.0,19950600,382.9,19950400
1995-03-30 23:00:00,391.8,19950800,391.8,19950800,388.6,19950600
1995-03-31 23:00:00,397.6,19950800,397.6,19950800,394.3,19950600
1995-04-03 23:00:00,398.3,19950800,398.3,19950800,394.9,19950600
1995-04-04 23:00:00,398.5,19950800,398.5,19950800,395.1,19950600
1995-04-05 23:00:00,400.5,19950800,400.5,19950800,397.2,19950600
1995-04-06 23:00:00,399.8,19950800,399.8,19950800,396.5,19950600
1995-04-07 23:00:00,399.0,19950800,399.0,19950800,395.7,19950600
1995-04-10 23:00:00,395.9,19950800,395.9,19950800,392.6,19950600
1995-04-11 23:00:00,396.3,19950800,396.3,19950800,393.0,19950600
1995-04-12 23:00:00,396.0,19950800,396.0,19950800,392.7,19950600
1995-04-13 23:00:00,395.7,19950800,395.7,19950800,392.4,19950600
1995-04-17 23:00:00,399.9,19950800,399.9,19950800,396.5,19950600
1995-04-18 23:00:00,401.1,19950800,401.1,19950800,397.8,19950600
1995-04-19 23:00:00,400.8,19950800,400.8,19950800,397.4,19950600
1995-04-20 23:00:00,398.1,19950800,398.1,19950800,394.7,19950600
1995-04-21 23:00:00,396.0,19950800,396.0,19950800,392.7,19950600
1995-04-24 23:00:00,396.5,19950800,396.5,19950800,393.1,19950600
1995-04-25 23:00:00,395.6,19950800,395.6,19950800,392.3,19950600
1995-04-26 23:00:00,391.3,19950800,391.3,19950800,388.0,19950600
1995-04-27 23:00:00,393.1,19950800,393.1,19950800,389.9,19950600
1995-04-28 23:00:00,391.8,19950800,391.8,19950800,388.5,19950600
1995-05-01 23:00:00,393.2,19950800,393.2,19950800,389.8,19950600
1995-05-02 23:00:00,394.0,19950800,394.0,19950800,390.6,19950600
1995-05-03 23:00:00,394.8,19950800,394.8,19950800,391.4,19950600
1995-05-04 23:00:00,396.4,19950800,396.4,19950800,393.0,19950600
1995-05-05 23:00:00,395.8,19950800,395.8,19950800,392.4,19950600
1995-05-08 23:00:00,394.3,19950800,394.3,19950800,390.9,19950600
1995-05-09 23:00:00,387.8,19950800,387.8,19950800,384.6,19950600
1995-05-10 23:00:00,387.7,19950800,387.7,19950800,384.5,19950600
1995-05-11 23:00:00,387.6,19950800,387.6,19950800,384.4,19950600
1995-05-12 23:00:00,387.5,19950800,387.5,19950800,384.3,19950600
1995-05-15 23:00:00,388.8,19950800,388.8,19950800,385.6,19950600
1995-05-16 23:00:00,388.7,19950800,388.7,19950800,385.5,19950600
1995-05-17 23:00:00,387.4,19950800,387.4,19950800,384.2,19950600
1995-05-18 23:00:00,387.4,19950800,387.4,19950800,384.2,19950600
1995-05-19 23:00:00,386.2,19950800,386.2,19950800,383.1,19950600
1995-05-22 23:00:00,385.8,19950800,385.8,19950800,382.8,19950600
1995-05-23 23:00:00,386.8,19950800,386.8,19950800,383.8,19950600
1995-05-24 23:00:00,387.6,19950800,387.6,19950800,384.7,19950600
1995-05-25 23:00:00,388.6,19950800,388.6,19950800,385.9,19950600
1995-05-26 23:00:00,389.3,19950800,389.3,19950800,386.6,19950600
1995-05-30 23:00:00,387.9,19950800,387.9,19950800,385.2,19950600
1995-05-31 23:00:00,390.7,19951000,390.7,19951000,387.6,19950800
1995-06-01 23:00:00,391.5,19951000,391.5,19951000,388.3,19950800
1995-06-02 23:00:00,390.1,19951000,390.1,19951000,387.0,19950800
1995-06-05 23:00:00,390.8,19951000,390.8,19951000,387.7,19950800
1995-06-06 23:00:00,391.0,19951000,391.0,19951000,387.8,19950800
1995-06-07 23:00:00,392.8,19951000,392.8,19951000,389.5,19950800
1995-06-08 23:00:00,392.8,19951000,392.8,19951000,389.5,19950800
1995-06-09 23:00:00,394.5,19951000,394.5,19951000,391.1,19950800
1995-06-12 23:00:00,393.6,19951000,393.6,19951000,390.2,19950800
1995-06-13 23:00:00,392.8,19951000,392.8,19951000,389.4,19950800
1995-06-14 23:00:00,394.0,19951000,394.0,19951000,390.6,19950800
1995-06-15 23:00:00,397.3,19951000,397.3,19951000,393.9,19950800
1995-06-16 23:00:00,396.1,19951000,396.1,19951000,392.7,19950800
1995-06-19 23:00:00,397.6,19951000,397.6,19951000,394.2,19950800
1995-06-20 23:00:00,396.8,19951000,396.8,19951000,393.4,19950800
1995-06-21 23:00:00,395.9,19951000,395.9,19951000,392.5,19950800
1995-06-22 23:00:00,395.3,19951000,395.3,19951000,391.9,19950800
1995-06-23 23:00:00,395.5,19951000,395.5,19951000,392.1,19950800
1995-06-26 23:00:00,395.2,19951000,395.2,19951000,391.8,19950800
1995-06-27 23:00:00,394.4,19951000,394.4,19951000,391.0,19950800
1995-06-28 23:00:00,392.2,19951000,392.2,19951000,388.8,19950800
1995-06-29 23:00:00,392.8,19951000,392.8,19951000,389.4,19950800
1995-06-30 23:00:00,389.0,19951000,389.0,19951000,385.6,19950800
1995-07-05 23:00:00,388.6,19951000,388.6,19951000,385.2,19950800
1995-07-06 23:00:00,388.5,19951000,388.5,19951000,385.2,19950800
1995-07-07 23:00:00,390.0,19951000,390.0,19951000,386.7,19950800
1995-07-10 23:00:00,389.9,19951000,389.9,19951000,386.6,19950800
1995-07-11 23:00:00,390.0,19951000,390.0,19951000,386.7,19950800
1995-07-12 23:00:00,393.6,19951000,393.6,19951000,390.2,19950800
1995-07-13 23:00:00,392.7,19951000,392.7,19951000,389.4,19950800
1995-07-14 23:00:00,393.0,19951000,393.0,19951000,389.6,19950800
1995-07-17 23:00:00,393.4,19951000,393.4,19951000,389.9,19950800
1995-07-18 23:00:00,393.6,19951000,393.6,19951000,390.1,19950800
1995-07-19 23:00:00,391.9,19951000,391.9,19951000,388.4,19950800
1995-07-20 23:00:00,389.8,19951000,389.8,19951000,386.3,19950800
1995-07-21 23:00:00,390.1,19951000,390.1,19951000,386.6,19950800
1995-07-24 23:00:00,390.8,19951000,390.8,19951000,387.3,19950800
1995-07-25 23:00:00,389.6,19951000,389.6,19951000,386.2,19950800
1995-07-26 23:00:00,389.8,19951000,389.8,19951000,386.5,19950800
1995-07-27 23:00:00,386.5,19951000,386.5,19951000,383.2,19950800
1995-07-28 23:00:00,386.3,19951000,386.3,19951000,384.6,19950800
1995-07-31 23:00:00,385.4,19951000,385.4,19951000,382.3,19950800
1995-08-01 23:00:00,388.9,19951200,388.9,19951200,386.0,19951000
1995-08-02 23:00:00,388.9,19951200,388.9,19951200,386.0,19951000
1995-08-03 23:00:00,390.3,19951200,390.3,19951200,387.4,19951000
1995-08-04 23:00:00,389.3,19951200,389.3,19951200,386.4,19951000
1995-08-07 23:00:00,389.6,19951200,389.6,19951200,386.7,19951000
1995-08-08 23:00:00,390.4,19951200,390.4,19951200,387.5,19951000
1995-08-09 23:00:00,390.3,19951200,390.3,19951200,387.4,19951000
1995-08-10 23:00:00,390.0,19951200,390.0,19951200,387.1,19951000
1995-08-11 23:00:00,389.3,19951200,389.3,19951200,386.4,19951000
1995-08-14 23:00:00,389.9,19951200,389.9,19951200,387.0,19951000
1995-08-15 23:00:00,390.9,19951200,390.9,19951200,388.0,19951000
1995-08-16 23:00:00,387.9,19951200,387.9,19951200,385.0,19951000
1995-08-17 23:00:00,389.0,19951200,389.0,19951200,386.1,19951000
1995-08-18 23:00:00,389.9,19951200,389.9,19951200,387.0,19951000
1995-08-21 23:00:00,389.7,19951200,389.7,19951200,386.8,19951000
1995-08-22 23:00:00,388.1,19951200,388.1,19951200,385.2,19951000
1995-08-23 23:00:00,388.4,19951200,388.4,19951200,385.6,19951000
1995-08-24 23:00:00,387.9,19951200,387.9,19951200,385.1,19951000
1995-08-25 23:00:00,387.8,19951200,387.8,19951200,385.0,19951000
1995-08-28 23:00:00,387.8,19951200,387.8,19951200,385.0,19951000
1995-08-29 23:00:00,386.9,19951200,386.9,19951200,384.1,19951000
1995-08-30 23:00:00,385.8,19951200,385.8,19951200,383.1,19951000
1995-08-31 23:00:00,386.9,19951200,386.9,19951200,384.2,19951000
1995-09-01 23:00:00,384.7,19951200,384.7,19951200,382.1,19951000
1995-09-05 23:00:00,384.1,19951200,384.1,19951200,381.5,19951000
1995-09-06 23:00:00,384.2,19951200,384.2,19951200,381.7,19951000
1995-09-07 23:00:00,386.7,19951200,386.7,19951200,384.2,19951000
1995-09-08 23:00:00,385.6,19951200,385.6,19951200,383.3,19951000
1995-09-11 23:00:00,386.6,19951200,386.6,19951200,384.3,19951000
1995-09-12 23:00:00,389.1,19951200,389.1,19951200,386.8,19951000
1995-09-13 23:00:00,388.2,19951200,388.2,19951200,385.9,19951000
1995-09-14 23:00:00,389.5,19951200,389.5,19951200,387.1,19951000
1995-09-15 23:00:00,389.0,19951200,389.0,19951200,386.5,19951000
1995-09-18 23:00:00,389.7,19951200,389.7,19951200,387.1,19951000
1995-09-19 23:00:00,389.3,19951200,389.3,19951200,386.7,19951000
1995-09-20 23:00:00,387.7,19951200,387.7,19951200,385.1,19951000
1995-09-21 23:00:00,388.1,19951200,388.1,19951200,385.5,19951000
1995-09-22 23:00:00,386.1,19951200,386.1,19951200,383.5,19951000
1995-09-25 23:00:00,386.3,19951200,386.3,19951200,383.7,19951000
1995-09-26 23:00:00,386.9,19951200,386.9,19951200,384.3,19951000
1995-09-27 23:00:00,386.5,19951200,386.5,19951200,383.8,19951000
1995-09-28 23:00:00,386.4,19951200,386.4,19951200,383.6,19951000
1995-09-29 23:00:00,388.8,19960200,388.8,19960200,386.5,19951200
1995-10-02 23:00:00,387.1,19960200,387.1,19960200,384.8,19951200
1995-10-03 23:00:00,387.5,19960200,387.5,19960200,385.2,19951200
1995-10-04 23:00:00,387.9,19960200,387.9,19960200,385.6,19951200
1995-10-05 23:00:00,387.4,19960200,387.4,19960200,385.1,19951200
1995-10-06 23:00:00,388.4,19960200,388.4,19960200,386.1,19951200
1995-10-09 23:00:00,390.1,19960200,390.1,19960200,387.8,19951200
1995-10-10 23:00:00,389.9,19960200,389.9,19960200,387.6,19951200
1995-10-11 23:00:00,389.7,19960200,389.7,19960200,387.4,19951200
1995-10-12 23:00:00,389.3,19960200,389.3,19960200,387.0,19951200
1995-10-13 23:00:00,388.6,19960200,388.6,19960200,386.4,19951200
1995-10-16 23:00:00,388.3,19960200,388.3,19960200,386.1,19951200
1995-10-17 23:00:00,388.1,19960200,388.1,19960200,386.0,19951200
1995-10-18 23:00:00,388.0,19960200,388.0,19960200,385.9,19951200
1995-10-19 23:00:00,385.8,19960200,385.8,19960200,383.8,19951200
1995-10-20 23:00:00,386.1,19960200,386.1,19960200,384.1,19951200
1995-10-23 23:00:00,386.2,19960200,386.2,19960200,384.2,19951200
1995-10-24 23:00:00,386.2,19960200,386.2,19960200,384.2,19951200
1995-10-25 23:00:00,386.6,19960200,386.6,19960200,384.5,19951200
1995-10-26 23:00:00,386.3,19960200,386.3,19960200,384.3,19951200
1995-10-27 23:00:00,385.9,19960200,385.9,19960200,383.9,19951200
1995-10-30 23:00:00,385.8,19960200,385.8,19960200,383.8,19951200
1995-10-31 23:00:00,386.3,19960200,386.3,19960200,384.3,19951200
1995-11-01 23:00:00,385.8,19960200,385.8,19960200,383.8,19951200
1995-11-02 23:00:00,386.1,19960200,386.1,19960200,384.2,19951200
1995-11-03 23:00:00,385.6,19960200,385.6,19960200,383.7,19951200
1995-11-06 23:00:00,385.6,19960200,385.6,19960200,383.7,19951200
1995-11-07 23:00:00,388.4,19960200,388.4,19960200,386.6,19951200
1995-11-08 23:00:00,387.9,19960200,387.9,19960200,386.2,19951200
1995-11-09 23:00:00,389.1,19960200,389.1,19960200,387.4,19951200
1995-11-10 23:00:00,392.2,19960200,392.2,19960200,390.5,19951200
1995-11-13 23:00:00,389.8,19960200,389.8,19960200,388.1,19951200
1995-11-14 23:00:00,388.1,19960200,388.1,19960200,386.5,19951200
1995-11-15 23:00:00,387.0,19960200,387.0,19960200,385.6,19951200
1995-11-16 23:00:00,387.6,19960200,387.6,19960200,386.2,19951200
1995-11-17 23:00:00,389.1,19960200,389.1,19960200,387.5,19951200
1995-11-20 23:00:00,388.7,19960200,388.7,19960200,387.1,19951200
1995-11-21 23:00:00,386.9,19960200,386.9,19960200,385.4,19951200
1995-11-22 23:00:00,383.5,19960200,383.5,19960200,382.1,19951200
1995-11-27 23:00:00,385.8,19960200,385.8,19960200,384.9,19951200
1995-11-28 23:00:00,388.9,19960200,388.9,19960200,387.9,19951200
1995-11-29 23:00:00,390.9,19960400,390.9,19960400,389.2,19960200
1995-11-30 23:00:00,390.4,19960400,390.4,19960400,388.6,19960200
1995-12-01 23:00:00,389.3,19960400,389.3,19960400,387.4,19960200
1995-12-04 23:00:00,389.3,19960400,389.3,19960400,387.3,19960200
1995-12-05 23:00:00,390.8,19960400,390.8,19960400,388.7,19960200
1995-12-06 23:00:00,392.3,19960400,392.3,19960400,390.3,19960200
1995-12-07 23:00:00,392.5,19960400,392.5,19960400,390.5,19960200
1995-12-08 23:00:00,393.4,19960400,393.4,19960400,391.4,19960200
1995-12-11 23:00:00,392.0,19960400,392.0,19960400,390.0,19960200
1995-12-12 23:00:00,391.8,19960400,391.8,19960400,389.8,19960200
1995-12-13 23:00:00,389.9,19960400,389.9,19960400,387.9,19960200
1995-12-14 23:00:00,389.3,19960400,389.3,19960400,387.3,19960200
1995-12-15 23:00:00,389.5,19960400,389.5,19960400,387.6,19960200
1995-12-18 23:00:00,390.4,19960400,390.4,19960400,388.6,19960200
1995-12-19 23:00:00,390.2,19960400,390.2,19960400,388.4,19960200
1995-12-20 23:00:00,391.4,19960400,391.4,19960400,389.6,19960200
1995-12-21 23:00:00,390.5,19960400,390.5,19960400,388.7,19960200
1995-12-22 23:00:00,390.0,19960400,390.0,19960400,388.2,19960200
1995-12-26 23:00:00,390.4,19960400,390.4,19960400,388.6,19960200
1995-12-27 23:00:00,389.6,19960400,389.6,19960400,387.7,19960200
1995-12-28 23:00:00,389.8,19960400,389.8,19960400,387.8,19960200
1995-12-29 23:00:00,390.1,19960400,390.1,19960400,388.1,19960200
1996-01-02 23:00:00,393.9,19960400,393.9,19960400,391.9,19960200
1996-01-03 23:00:00,398.2,19960400,398.2,19960400,396.2,19960200
1996-01-04 23:00:00,397.3,19960400,397.3,19960400,395.4,19960200
1996-01-05 23:00:00,398.5,19960400,398.5,19960400,396.5,19960200
1996-01-09 23:00:00,398.9,19960400,398.9,19960400,396.9,19960200
1996-01-10 23:00:00,402.2,19960400,402.2,19960400,400.2,19960200
1996-01-11 23:00:00,401.2,19960400,401.2,19960400,399.3,19960200
1996-01-12 23:00:00,398.3,19960400,398.3,19960400,396.7,19960200
1996-01-15 23:00:00,397.7,19960400,397.7,19960400,396.1,19960200
1996-01-16 23:00:00,400.6,19960400,400.6,19960400,398.8,19960200
1996-01-17 23:00:00,401.8,19960400,401.8,19960400,400.0,19960200
1996-01-18 23:00:00,399.6,19960400,399.6,19960400,397.6,19960200
1996-01-19 23:00:00,402.0,19960400,402.0,19960400,399.9,19960200
1996-01-22 23:00:00,406.0,19960400,406.0,19960400,403.5,19960200
1996-01-23 23:00:00,406.4,19960400,406.4,19960400,403.6,19960200
1996-01-24 23:00:00,406.1,19960400,406.1,19960400,403.5,19960200
1996-01-25 23:00:00,409.4,19960400,409.4,19960400,406.7,19960200
1996-01-26 23:00:00,408.6,19960400,408.6,19960400,405.8,19960200
1996-01-29 23:00:00,408.8,19960400,408.8,19960400,405.8,19960200
1996-01-30 23:00:00,407.0,19960400,407.0,19960400,404.1,19960200
1996-01-31 23:00:00,410.5,19960600,410.5,19960600,408.5,19960400
1996-02-01 23:00:00,415.7,19960600,415.7,19960600,413.7,19960400
1996-02-02 23:00:00,419.9,19960600,419.9,19960600,417.7,19960400
1996-02-05 23:00:00,418.4,19960600,418.4,19960600,415.9,19960400
1996-02-06 23:00:00,417.2,19960600,417.2,19960600,414.6,19960400
1996-02-07 23:00:00,413.9,19960600,413.9,19960600,411.4,19960400
1996-02-08 23:00:00,414.0,19960600,414.0,19960600,411.5,19960400
1996-02-09 23:00:00,410.2,19960600,410.2,19960600,407.8,19960400
1996-02-12 23:00:00,405.7,19960600,405.7,19960600,403.3,19960400
1996-02-13 23:00:00,407.7,19960600,407.7,19960600,405.1,19960400
1996-02-14 23:00:00,409.2,19960600,409.2,19960600,406.5,19960400
1996-02-15 23:00:00,408.5,19960600,408.5,19960600,405.7,19960400
1996-02-16 23:00:00,410.3,19960600,410.3,19960600,407.5,19960400
1996-02-20 23:00:00,403.9,19960600,403.9,19960600,401.1,19960400
1996-02-21 23:00:00,406.7,19960600,406.7,19960600,404.0,19960400
1996-02-22 23:00:00,404.2,19960600,404.2,19960600,401.5,19960400
1996-02-23 23:00:00,402.5,19960600,402.5,19960600,399.9,19960400
1996-02-26 23:00:00,403.2,19960600,403.2,19960600,400.6,19960400
1996-02-27 23:00:00,402.2,19960600,402.2,19960600,399.6,19960400
1996-02-28 23:00:00,404.8,19960600,404.8,19960600,402.1,19960400
1996-02-29 23:00:00,404.0,19960600,404.0,19960600,401.2,19960400
1996-03-01 23:00:00,403.0,19960600,403.0,19960600,400.2,19960400
1996-03-04 23:00:00,397.9,19960600,397.9,19960600,395.2,19960400
1996-03-05 23:00:00,397.3,19960600,397.3,19960600,394.6,19960400
1996-03-06 23:00:00,397.1,19960600,397.1,19960600,394.4,19960400
1996-03-07 23:00:00,399.1,19960600,399.1,19960600,396.4,19960400
1996-03-08 23:00:00,401.1,19960600,401.1,19960600,398.2,19960400
1996-03-11 23:00:00,399.6,19960600,399.6,19960600,396.7,19960400
1996-03-12 23:00:00,400.5,19960600,400.5,19960600,397.5,19960400
1996-03-13 23:00:00,400.7,19960600,400.7,19960600,397.7,19960400
1996-03-14 23:00:00,399.5,19960600,399.5,19960600,396.5,19960400
1996-03-15 23:00:00,399.9,19960600,399.9,19960600,396.9,19960400
1996-03-18 23:00:00,399.3,19960600,399.3,19960600,396.3,19960400
1996-03-19 23:00:00,399.0,19960600,399.0,19960600,396.0,19960400
1996-03-20 23:00:00,399.4,19960600,399.4,19960600,396.5,19960400
1996-03-21 23:00:00,401.5,19960600,401.5,19960600,398.7,19960400
1996-03-22 23:00:00,401.7,19960600,401.7,19960600,398.9,19960400
1996-03-25 23:00:00,401.8,19960600,401.8,19960600,399.0,19960400
1996-03-26 23:00:00,403.3,19960600,403.3,19960600,400.5,19960400
1996-03-27 23:00:00,403.2,19960600,403.2,19960600,400.4,19960400
1996-03-28 23:00:00,399.7,19960600,399.7,19960600,396.9,19960400
1996-03-29 23:00:00,398.4,19960600,398.4,19960600,395.8,19960400
1996-04-01 23:00:00,400.1,19960800,400.1,19960800,397.7,19960600
1996-04-02 23:00:00,398.9,19960800,398.9,19960800,396.6,19960600
1996-04-03 23:00:00,399.1,19960800,399.1,19960800,396.8,19960600
1996-04-04 23:00:00,399.9,19960800,399.9,19960800,397.6,19960600
1996-04-08 23:00:00,403.1,19960800,403.1,19960800,400.7,19960600
1996-04-09 23:00:00,399.4,19960800,399.4,19960800,397.1,19960600
1996-04-10 23:00:00,399.8,19960800,399.8,19960800,397.5,19960600
1996-04-11 23:00:00,400.6,19960800,400.6,19960800,398.3,19960600
1996-04-12 23:00:00,399.3,19960800,399.3,19960800,397.1,19960600
1996-04-15 23:00:00,397.7,19960800,397.7,19960800,395.5,19960600
1996-04-16 23:00:00,395.7,19960800,395.7,19960800,393.5,19960600
1996-04-17 23:00:00,395.2,19960800,395.2,19960800,393.0,19960600
1996-04-18 23:00:00,394.7,19960800,394.7,19960800,392.4,19960600
1996-04-19 23:00:00,395.0,19960800,395.0,19960800,392.7,19960600
1996-04-22 23:00:00,395.9,19960800,395.9,19960800,393.6,19960600
1996-04-23 23:00:00,395.7,19960800,395.7,19960800,393.4,19960600
1996-04-24 23:00:00,395.0,19960800,395.0,19960800,392.7,19960600
1996-04-25 23:00:00,397.7,19960800,397.7,19960800,395.3,19960600
1996-04-26 23:00:00,394.6,19960800,394.6,19960800,392.2,19960600
1996-04-29 23:00:00,394.8,19960800,394.8,19960800,392.4,19960600
1996-04-30 23:00:00,395.9,19960800,395.9,19960800,393.5,19960600
1996-05-01 23:00:00,397.3,19960800,397.3,19960800,394.9,19960600
1996-05-02 23:00:00,398.2,19960800,398.2,19960800,395.7,19960600
1996-05-03 23:00:00,396.6,19960800,396.6,19960800,394.1,19960600
1996-05-06 23:00:00,398.2,19960800,398.2,19960800,395.7,19960600
1996-05-07 23:00:00,398.3,19960800,398.3,19960800,395.8,19960600
1996-05-08 23:00:00,397.5,19960800,397.5,19960800,394.8,19960600
1996-05-09 23:00:00,397.2,19960800,397.2,19960800,394.5,19960600
1996-05-10 23:00:00,394.7,19960800,394.7,19960800,392.0,19960600
1996-05-13 23:00:00,395.5,19960800,395.5,19960800,392.7,19960600
1996-05-14 23:00:00,395.8,19960800,395.8,19960800,392.9,19960600
1996-05-15 23:00:00,396.5,19960800,396.5,19960800,393.5,19960600
1996-05-16 23:00:00,396.6,19960800,396.6,19960800,393.5,19960600
1996-05-17 23:00:00,396.1,19960800,396.1,19960800,393.0,19960600
1996-05-20 23:00:00,394.3,19960800,394.3,19960800,391.3,19960600
1996-05-21 23:00:00,394.4,19960800,394.4,19960800,391.4,19960600
1996-05-22 23:00:00,395.3,19960800,395.3,19960800,392.0,19960600
1996-05-23 23:00:00,395.1,19960800,395.1,19960800,391.8,19960600
1996-05-24 23:00:00,394.3,19960800,394.3,19960800,390.9,19960600
1996-05-28 23:00:00,394.8,19960800,394.8,19960800,391.6,19960600
1996-05-29 23:00:00,394.4,19960800,394.4,19960800,391.2,19960600
1996-05-30 23:00:00,397.0,19961000,397.0,19961000,394.0,19960800
1996-05-31 23:00:00,397.5,19961000,397.5,19961000,394.4,19960800
1996-06-03 23:00:00,396.7,19961000,396.7,19961000,393.6,19960800
1996-06-04 23:00:00,393.8,19961000,393.8,19961000,390.8,19960800
1996-06-05 23:00:00,391.8,19961000,391.8,19961000,388.9,19960800
1996-06-06 23:00:00,391.2,19961000,391.2,19961000,388.4,19960800
1996-06-07 23:00:00,390.5,19961000,390.5,19961000,387.6,19960800
1996-06-10 23:00:00,391.4,19961000,391.4,19961000,388.5,19960800
1996-06-11 23:00:00,389.7,19961000,389.7,19961000,386.9,19960800
1996-06-12 23:00:00,389.6,19961000,389.6,19961000,386.8,19960800
1996-06-13 23:00:00,389.3,19961000,389.3,19961000,386.5,19960800
1996-06-14 23:00:00,389.9,19961000,389.9,19961000,387.1,19960800
1996-06-17 23:00:00,390.1,19961000,390.1,19961000,387.3,19960800
1996-06-18 23:00:00,390.5,19961000,390.5,19961000,387.7,19960800
1996-06-19 23:00:00,389.3,19961000,389.3,19961000,386.5,19960800
1996-06-20 23:00:00,389.1,19961000,389.1,19961000,386.3,19960800
1996-06-21 23:00:00,389.6,19961000,389.6,19961000,386.8,19960800
1996-06-24 23:00:00,389.5,19961000,389.5,19961000,386.7,19960800
1996-06-25 23:00:00,388.2,19961000,388.2,19961000,385.6,19960800
1996-06-26 23:00:00,387.4,19961000,387.4,19961000,384.7,19960800
1996-06-27 23:00:00,386.3,19961000,386.3,19961000,383.6,19960800
1996-06-28 23:00:00,384.2,19961000,384.2,19961000,381.6,19960800
1996-07-01 23:00:00,385.3,19961000,385.3,19961000,382.7,19960800
1996-07-02 23:00:00,385.9,19961000,385.9,19961000,383.3,19960800
1996-07-03 23:00:00,385.1,19961000,385.1,19961000,382.5,19960800
1996-07-08 23:00:00,384.8,19961000,384.8,19961000,382.1,19960800
1996-07-09 23:00:00,386.2,19961000,386.2,19961000,383.5,19960800
1996-07-10 23:00:00,386.1,19961000,386.1,19961000,383.4,19960800
1996-07-11 23:00:00,387.3,19961000,387.3,19961000,384.6,19960800
1996-07-12 23:00:00,387.0,19961000,387.0,19961000,384.4,19960800
1996-07-15 23:00:00,388.5,19961000,388.5,19961000,385.7,19960800
1996-07-16 23:00:00,386.9,19961000,386.9,19961000,384.2,19960800
1996-07-17 23:00:00,386.9,19961000,386.9,19961000,384.2,19960800
1996-07-18 23:00:00,387.3,19961000,387.3,19961000,384.6,19960800
1996-07-19 23:00:00,388.0,19961000,388.0,19961000,385.3,19960800
1996-07-22 23:00:00,388.2,19961000,388.2,19961000,385.5,19960800
1996-07-23 23:00:00,388.2,19961000,388.2,19961000,385.5,19960800
1996-07-24 23:00:00,389.1,19961000,389.1,19961000,386.3,19960800
1996-07-25 23:00:00,388.7,19961000,388.7,19961000,385.7,19960800
1996-07-26 23:00:00,388.7,19961000,388.7,19961000,385.7,19960800
1996-07-29 23:00:00,387.8,19961000,387.8,19961000,385.0,19960800
1996-07-30 23:00:00,387.8,19961000,387.8,19961000,384.4,19960800
1996-07-31 23:00:00,393.1,19961200,393.1,19961200,390.5,19961000
1996-08-01 23:00:00,392.1,19961200,392.1,19961200,389.4,19961000
1996-08-02 23:00:00,393.2,19961200,393.2,19961200,390.6,19961000
1996-08-05 23:00:00,395.0,19961200,395.0,19961200,392.3,19961000
1996-08-06 23:00:00,394.4,19961200,394.4,19961200,391.7,19961000
1996-08-07 23:00:00,394.1,19961200,394.1,19961200,391.4,19961000
1996-08-08 23:00:00,394.4,19961200,394.4,19961200,391.7,19961000
1996-08-09 23:00:00,393.3,19961200,393.3,19961200,390.5,19961000
1996-08-12 23:00:00,393.4,19961200,393.4,19961200,390.6,19961000
1996-08-13 23:00:00,393.2,19961200,393.2,19961200,390.4,19961000
1996-08-14 23:00:00,391.7,19961200,391.7,19961200,388.9,19961000
1996-08-15 23:00:00,391.7,19961200,391.7,19961200,388.8,19961000
1996-08-16 23:00:00,391.4,19961200,391.4,19961200,388.5,19961000
1996-08-19 23:00:00,392.4,19961200,392.4,19961200,389.5,19961000
1996-08-20 23:00:00,392.9,19961200,392.9,19961200,390.0,19961000
1996-08-21 23:00:00,391.8,19961200,391.8,19961200,388.9,19961000
1996-08-22 23:00:00,392.5,19961200,392.5,19961200,389.6,19961000
1996-08-23 23:00:00,393.2,19961200,393.2,19961200,390.2,19961000
1996-08-26 23:00:00,394.5,19961200,394.5,19961200,391.4,19961000
1996-08-27 23:00:00,394.0,19961200,394.0,19961200,390.9,19961000
1996-08-28 23:00:00,393.0,19961200,393.0,19961200,390.0,19961000
1996-08-29 23:00:00,392.4,19961200,392.4,19961200,389.4,19961000
1996-08-30 23:00:00,391.3,19961200,391.3,19961200,388.3,19961000
1996-09-03 23:00:00,390.5,19961200,390.5,19961200,387.5,19961000
1996-09-04 23:00:00,389.7,19961200,389.7,19961200,386.9,19961000
1996-09-05 23:00:00,389.6,19961200,389.6,19961200,386.7,19961000
1996-09-06 23:00:00,388.8,19961200,388.8,19961200,386.0,19961000
1996-09-09 23:00:00,387.2,19961200,387.2,19961200,384.4,19961000
1996-09-10 23:00:00,386.8,19961200,386.8,19961200,384.0,19961000
1996-09-11 23:00:00,386.6,19961200,386.6,19961200,383.8,19961000
1996-09-12 23:00:00,385.8,19961200,385.8,19961200,383.0,19961000
1996-09-13 23:00:00,385.6,19961200,385.6,19961200,382.9,19961000
1996-09-16 23:00:00,386.3,19961200,386.3,19961200,383.6,19961000
1996-09-17 23:00:00,386.1,19961200,386.1,19961200,383.4,19961000
1996-09-18 23:00:00,386.3,19961200,386.3,19961200,383.4,19961000
1996-09-19 23:00:00,385.6,19961200,385.6,19961200,382.7,19961000
1996-09-20 23:00:00,383.9,19961200,383.9,19961200,381.2,19961000
1996-09-23 23:00:00,384.4,19961200,384.4,19961200,381.6,19961000
1996-09-24 23:00:00,385.7,19961200,385.7,19961200,382.8,19961000
1996-09-25 23:00:00,385.3,19961200,385.3,19961200,382.4,19961000
1996-09-26 23:00:00,383.6,19961200,383.6,19961200,380.7,19961000
1996-09-27 23:00:00,382.8,19961200,382.8,19961200,379.7,19961000
1996-09-30 23:00:00,380.5,19961200,380.5,19961200,377.7,19961000
1996-10-01 23:00:00,383.1,19970200,383.1,19970200,381.0,19961200
1996-10-02 23:00:00,384.6,19970200,384.6,19970200,382.3,19961200
1996-10-03 23:00:00,384.9,19970200,384.9,19970200,382.7,19961200
1996-10-04 23:00:00,384.8,19970200,384.8,19970200,382.6,19961200
1996-10-07 23:00:00,384.8,19970200,384.8,19970200,382.6,19961200
1996-10-08 23:00:00,385.6,19970200,385.6,19970200,383.4,19961200
1996-10-09 23:00:00,385.8,19970200,385.8,19970200,383.5,19961200
1996-10-10 23:00:00,386.8,19970200,386.8,19970200,384.5,19961200
1996-10-11 23:00:00,385.6,19970200,385.6,19970200,383.4,19961200
1996-10-14 23:00:00,386.0,19970200,386.0,19970200,383.8,19961200
1996-10-15 23:00:00,385.5,19970200,385.5,19970200,383.3,19961200
1996-10-16 23:00:00,385.2,19970200,385.2,19970200,383.0,19961200
1996-10-17 23:00:00,384.8,19970200,384.8,19970200,382.6,19961200
1996-10-18 23:00:00,384.2,19970200,384.2,19970200,382.1,19961200
1996-10-21 23:00:00,386.1,19970200,386.1,19970200,383.9,19961200
1996-10-22 23:00:00,388.3,19970200,388.3,19970200,386.1,19961200
1996-10-23 23:00:00,388.1,19970200,388.1,19970200,385.9,19961200
1996-10-24 23:00:00,387.1,19970200,387.1,19970200,384.9,19961200
1996-10-25 23:00:00,386.7,19970200,386.7,19970200,384.6,19961200
1996-10-28 23:00:00,386.6,19970200,386.6,19970200,384.6,19961200
1996-10-29 23:00:00,383.6,19970200,383.6,19970200,381.6,19961200
1996-10-30 23:00:00,383.4,19970200,383.4,19970200,381.3,19961200
1996-10-31 23:00:00,381.1,19970200,381.1,19970200,379.1,19961200
1996-11-01 23:00:00,381.0,19970200,381.0,19970200,379.2,19961200
1996-11-04 23:00:00,381.4,19970200,381.4,19970200,379.6,19961200
1996-11-05 23:00:00,381.6,19970200,381.6,19970200,379.6,19961200
1996-11-06 23:00:00,380.5,19970200,380.5,19970200,378.7,19961200
1996-11-07 23:00:00,381.4,19970200,381.4,19970200,379.6,19961200
1996-11-08 23:00:00,382.3,19970200,382.3,19970200,380.5,19961200
1996-11-11 23:00:00,384.6,19970200,384.6,19970200,382.8,19961200
1996-11-12 23:00:00,385.3,19970200,385.3,19970200,383.4,19961200
1996-11-13 23:00:00,386.2,19970200,386.2,19970200,384.2,19961200
1996-11-14 23:00:00,383.8,19970200,383.8,19970200,381.8,19961200
1996-11-15 23:00:00,383.0,19970200,383.0,19970200,381.1,19961200
1996-11-18 23:00:00,381.6,19970200,381.6,19970200,379.7,19961200
1996-11-19 23:00:00,380.2,19970200,380.2,19970200,378.4,19961200
1996-11-20 23:00:00,381.0,19970200,381.0,19970200,379.0,19961200
1996-11-21 23:00:00,378.4,19970200,378.4,19970200,376.5,19961200
1996-11-22 23:00:00,378.1,19970200,378.1,19970200,376.3,19961200
1996-11-25 23:00:00,376.2,19970200,376.2,19970200,374.5,19961200
1996-11-26 23:00:00,376.8,19970200,376.8,19970200,374.7,19961200
1996-11-27 23:00:00,375.0,19970200,375.0,19970200,373.0,19961200
1996-12-02 23:00:00,370.9,19970200,370.9,19970200,368.9,19961200
1996-12-03 23:00:00,372.4,19970400,372.4,19970400,370.4,19970200
1996-12-04 23:00:00,374.5,19970400,374.5,19970400,372.5,19970200
1996-12-05 23:00:00,375.0,19970400,375.0,19970400,373.0,19970200
1996-12-06 23:00:00,372.8,19970400,372.8,19970400,370.8,19970200
1996-12-09 23:00:00,371.7,19970400,371.7,19970400,369.7,19970200
1996-12-10 23:00:00,372.6,19970400,372.6,19970400,370.5,19970200
1996-12-11 23:00:00,372.8,19970400,372.8,19970400,370.6,19970200
1996-12-12 23:00:00,372.9,19970400,372.9,19970400,370.8,19970200
1996-12-13 23:00:00,372.5,19970400,372.5,19970400,370.4,19970200
1996-12-16 23:00:00,372.1,19970400,372.1,19970400,369.9,19970200
1996-12-17 23:00:00,372.7,19970400,372.7,19970400,370.5,19970200
1996-12-18 23:00:00,373.5,19970400,373.5,19970400,371.3,19970200
1996-12-19 23:00:00,373.3,19970400,373.3,19970400,371.1,19970200
1996-12-20 23:00:00,372.6,19970400,372.6,19970400,370.5,19970200
1996-12-23 23:00:00,372.8,19970400,372.8,19970400,370.6,19970200
1996-12-24 23:00:00,372.8,19970400,372.8,19970400,370.6,19970200
1996-12-26 23:00:00,373.3,19970400,373.3,19970400,371.1,19970200
1996-12-27 23:00:00,373.3,19970400,373.3,19970400,371.1,19970200
1996-12-30 23:00:00,373.4,19970400,373.4,19970400,371.2,19970200
1996-12-31 23:00:00,371.4,19970400,371.4,19970400,369.2,19970200
1997-01-02 23:00:00,368.7,19970400,368.7,19970400,366.6,19970200
1997-01-03 23:00:00,364.0,19970400,364.0,19970400,362.0,19970200
1997-01-06 23:00:00,360.5,19970400,360.5,19970400,358.7,19970200
1997-01-07 23:00:00,361.5,19970400,361.5,19970400,359.7,19970200
1997-01-08 23:00:00,358.5,19970400,358.5,19970400,356.8,19970200
1997-01-09 23:00:00,360.5,19970400,360.5,19970400,358.8,19970200
1997-01-10 23:00:00,362.0,19970400,362.0,19970400,360.2,19970200
1997-01-13 23:00:00,361.6,19970400,361.6,19970400,359.7,19970200
1997-01-14 23:00:00,356.5,19970400,356.5,19970400,354.7,19970200
1997-01-15 23:00:00,355.0,19970400,355.0,19970400,353.2,19970200
1997-01-16 23:00:00,356.8,19970400,356.8,19970400,355.0,19970200
1997-01-17 23:00:00,358.2,19970400,358.2,19970400,356.4,19970200
1997-01-20 23:00:00,356.2,19970400,356.2,19970400,354.6,19970200
1997-01-21 23:00:00,355.4,19970400,355.4,19970400,353.8,19970200
1997-01-22 23:00:00,353.3,19970400,353.3,19970400,351.7,19970200
1997-01-23 23:00:00,354.2,19970400,354.2,19970400,352.5,19970200
1997-01-24 23:00:00,355.1,19970400,355.1,19970400,353.4,19970200
1997-01-27 23:00:00,359.2,19970400,359.2,19970400,357.3,19970200
1997-01-28 23:00:00,355.7,19970400,355.7,19970400,354.0,19970200
1997-01-29 23:00:00,353.2,19970400,353.2,19970400,351.8,19970200
1997-01-30 23:00:00,349.7,19970600,349.7,19970600,347.5,19970400
1997-01-31 23:00:00,348.2,19970600,348.2,19970600,346.0,19970400
1997-02-03 23:00:00,350.7,19970600,350.7,19970600,348.5,19970400
1997-02-04 23:00:00,348.6,19970600,348.6,19970600,346.4,19970400
1997-02-05 23:00:00,348.6,19970600,348.6,19970600,346.4,19970400
1997-02-06 23:00:00,347.3,19970600,347.3,19970600,345.1,19970400
1997-02-07 23:00:00,346.2,19970600,346.2,19970600,344.0,19970400
1997-02-10 23:00:00,345.3,19970600,345.3,19970600,343.1,19970400
1997-02-11 23:00:00,344.0,19970600,344.0,19970600,341.9,19970400
1997-02-12 23:00:00,347.6,19970600,347.6,19970600,345.4,19970400
1997-02-13 23:00:00,345.2,19970600,345.2,19970600,343.0,19970400
1997-02-14 23:00:00,348.7,19970600,348.7,19970600,346.7,19970400
1997-02-18 23:00:00,349.7,19970600,349.7,19970600,347.7,19970400
1997-02-19 23:00:00,349.6,19970600,349.6,19970600,347.6,19970400
1997-02-20 23:00:00,354.6,19970600,354.6,19970600,352.6,19970400
1997-02-21 23:00:00,356.1,19970600,356.1,19970600,354.1,19970400
1997-02-24 23:00:00,357.2,19970600,357.2,19970600,355.2,19970400
1997-02-25 23:00:00,358.1,19970600,358.1,19970600,356.1,19970400
1997-02-26 23:00:00,358.0,19970600,358.0,19970600,356.0,19970400
1997-02-27 23:00:00,363.2,19970600,363.2,19970600,361.0,19970400
1997-02-28 23:00:00,367.3,19970600,367.3,19970600,365.1,19970400
1997-03-03 23:00:00,366.0,19970600,366.0,19970600,363.8,19970400
1997-03-04 23:00:00,362.6,19970600,362.6,19970600,360.5,19970400
1997-03-05 23:00:00,356.3,19970600,356.3,19970600,354.4,19970400
1997-03-06 23:00:00,355.6,19970600,355.6,19970600,353.6,19970400
1997-03-07 23:00:00,351.9,19970600,351.9,19970600,349.9,19970400
1997-03-10 23:00:00,355.2,19970600,355.2,19970600,353.1,19970400
1997-03-11 23:00:00,357.3,19970600,357.3,19970600,355.1,19970400
1997-03-12 23:00:00,355.6,19970600,355.6,19970600,353.2,19970400
1997-03-13 23:00:00,357.0,19970600,357.0,19970600,354.5,19970400
1997-03-14 23:00:00,355.6,19970600,355.6,19970600,353.0,19970400
1997-03-17 23:00:00,350.9,19970600,350.9,19970600,348.3,19970400
1997-03-18 23:00:00,352.8,19970600,352.8,19970600,350.4,19970400
1997-03-19 23:00:00,355.3,19970600,355.3,19970600,352.9,19970400
1997-03-20 23:00:00,354.6,19970600,354.6,19970600,352.2,19970400
1997-03-21 23:00:00,355.9,19970600,355.9,19970600,353.5,19970400
1997-03-24 23:00:00,353.0,19970600,353.0,19970600,350.9,19970400
1997-03-25 23:00:00,350.5,19970600,350.5,19970600,348.2,19970400
1997-03-26 23:00:00,353.5,19970600,353.5,19970600,351.5,19970400
1997-03-27 23:00:00,352.5,19970600,352.5,19970600,350.2,19970400
1997-03-31 23:00:00,354.0,19970600,354.0,19970600,351.0,19970400
1997-04-01 23:00:00,357.3,19970800,357.3,19970800,354.7,19970600
1997-04-02 23:00:00,354.7,19970800,354.7,19970800,352.1,19970600
1997-04-03 23:00:00,354.0,19970800,354.0,19970800,351.4,19970600
1997-04-04 23:00:00,354.4,19970800,354.4,19970800,351.7,19970600
1997-04-07 23:00:00,353.8,19970800,353.8,19970800,351.1,19970600
1997-04-08 23:00:00,353.9,19970800,353.9,19970800,351.2,19970600
1997-04-09 23:00:00,353.1,19970800,353.1,19970800,350.4,19970600
1997-04-10 23:00:00,353.6,19970800,353.6,19970800,350.9,19970600
1997-04-11 23:00:00,352.0,19970800,352.0,19970800,349.3,19970600
1997-04-14 23:00:00,351.4,19970800,351.4,19970800,348.7,19970600
1997-04-15 23:00:00,346.5,19970800,346.5,19970800,343.9,19970600
1997-04-16 23:00:00,345.8,19970800,345.8,19970800,343.3,19970600
1997-04-17 23:00:00,346.8,19970800,346.8,19970800,344.3,19970600
1997-04-18 23:00:00,345.9,19970800,345.9,19970800,343.4,19970600
1997-04-21 23:00:00,347.5,19970800,347.5,19970800,344.9,19970600
1997-04-22 23:00:00,346.0,19970800,346.0,19970800,343.4,19970600
1997-04-23 23:00:00,345.9,19970800,345.9,19970800,343.3,19970600
1997-04-24 23:00:00,345.3,19970800,345.3,19970800,342.7,19970600
1997-04-25 23:00:00,346.5,19970800,346.5,19970800,343.9,19970600
1997-04-28 23:00:00,344.0,19970800,344.0,19970800,341.4,19970600
1997-04-29 23:00:00,344.2,19970800,344.2,19970800,341.6,19970600
1997-04-30 23:00:00,343.7,19970800,343.7,19970800,341.2,19970600
1997-05-01 23:00:00,344.3,19970800,344.3,19970800,341.7,19970600
1997-05-02 23:00:00,344.2,19970800,344.2,19970800,341.6,19970600
1997-05-05 23:00:00,346.9,19970800,346.9,19970800,344.3,19970600
1997-05-06 23:00:00,344.2,19970800,344.2,19970800,341.5,19970600
1997-05-07 23:00:00,345.1,19970800,345.1,19970800,342.4,19970600
1997-05-08 23:00:00,347.5,19970800,347.5,19970800,344.8,19970600
1997-05-09 23:00:00,352.1,19970800,352.1,19970800,349.3,19970600
1997-05-12 23:00:00,351.5,19970800,351.5,19970800,348.7,19970600
1997-05-13 23:00:00,353.3,19970800,353.3,19970800,350.5,19970600
1997-05-14 23:00:00,351.0,19970800,351.0,19970800,348.2,19970600
1997-05-15 23:00:00,351.2,19970800,351.2,19970800,348.4,19970600
1997-05-16 23:00:00,347.7,19970800,347.7,19970800,344.9,19970600
1997-05-19 23:00:00,344.8,19970800,344.8,19970800,342.2,19970600
1997-05-20 23:00:00,346.0,19970800,346.0,19970800,343.4,19970600
1997-05-21 23:00:00,346.3,19970800,346.3,19970800,343.7,19970600
1997-05-22 23:00:00,345.7,19970800,345.7,19970800,343.2,19970600
1997-05-23 23:00:00,345.6,19970800,345.6,19970800,343.1,19970600
1997-05-27 23:00:00,347.1,19970800,347.1,19970800,344.7,19970600
1997-05-28 23:00:00,347.6,19970800,347.6,19970800,345.3,19970600
1997-05-29 23:00:00,348.6,19970800,348.6,19970800,345.9,19970600
1997-05-30 23:00:00,350.1,19971000,350.1,19971000,347.5,19970800
1997-06-02 23:00:00,349.0,19971000,349.0,19971000,346.5,19970800
1997-06-03 23:00:00,348.2,19971000,348.2,19971000,345.7,19970800
1997-06-04 23:00:00,346.0,19971000,346.0,19971000,343.6,19970800
1997-06-05 23:00:00,348.1,19971000,348.1,19971000,345.6,19970800
1997-06-06 23:00:00,348.2,19971000,348.2,19971000,345.7,19970800
1997-06-09 23:00:00,348.8,19971000,348.8,19971000,346.3,19970800
1997-06-10 23:00:00,348.6,19971000,348.6,19971000,346.1,19970800
1997-06-11 23:00:00,348.5,19971000,348.5,19971000,346.0,19970800
1997-06-12 23:00:00,346.1,19971000,346.1,19971000,343.6,19970800
1997-06-13 23:00:00,345.6,19971000,345.6,19971000,343.1,19970800
1997-06-16 23:00:00,347.3,19971000,347.3,19971000,344.8,19970800
1997-06-17 23:00:00,346.2,19971000,346.2,19971000,343.7,19970800
1997-06-18 23:00:00,343.5,19971000,343.5,19971000,341.0,19970800
1997-06-19 23:00:00,345.0,19971000,345.0,19971000,342.4,19970800
1997-06-20 23:00:00,341.9,19971000,341.9,19971000,339.4,19970800
1997-06-23 23:00:00,343.6,19971000,343.6,19971000,341.1,19970800
1997-06-24 23:00:00,342.0,19971000,342.0,19971000,339.5,19970800
1997-06-25 23:00:00,341.5,19971000,341.5,19971000,339.0,19970800
1997-06-26 23:00:00,342.3,19971000,342.3,19971000,339.8,19970800
1997-06-27 23:00:00,338.4,19971000,338.4,19971000,335.9,19970800
1997-06-30 23:00:00,337.7,19971000,337.7,19971000,335.3,19970800
1997-07-01 23:00:00,337.4,19971000,337.4,19971000,335.1,19970800
1997-07-02 23:00:00,334.5,19971000,334.5,19971000,332.3,19970800
1997-07-03 23:00:00,327.5,19971000,327.5,19971000,325.2,19970800
1997-07-07 23:00:00,321.1,19971000,321.1,19971000,319.0,19970800
1997-07-08 23:00:00,322.8,19971000,322.8,19971000,321.0,19970800
1997-07-09 23:00:00,320.5,19971000,320.5,19971000,318.9,19970800
1997-07-10 23:00:00,322.3,19971000,322.3,19971000,320.8,19970800
1997-07-11 23:00:00,323.7,19971000,323.7,19971000,322.2,19970800
1997-07-14 23:00:00,322.2,19971000,322.2,19971000,320.8,19970800
1997-07-15 23:00:00,320.4,19971000,320.4,19971000,319.0,19970800
1997-07-16 23:00:00,320.2,19971000,320.2,19971000,318.7,19970800
1997-07-17 23:00:00,326.3,19971000,326.3,19971000,324.7,19970800
1997-07-18 23:00:00,331.3,19971000,331.3,19971000,329.6,19970800
1997-07-21 23:00:00,327.8,19971000,327.8,19971000,326.2,19970800
1997-07-22 23:00:00,327.7,19971000,327.7,19971000,326.0,19970800
1997-07-23 23:00:00,325.4,19971000,325.4,19971000,323.8,19970800
1997-07-24 23:00:00,325.5,19971000,325.5,19971000,323.8,19970800
1997-07-25 23:00:00,328.3,19971000,328.3,19971000,326.5,19970800
1997-07-28 23:00:00,331.5,19971000,331.5,19971000,329.5,19970800
1997-07-29 23:00:00,327.8,19971000,327.8,19971000,325.8,19970800
1997-07-30 23:00:00,330.6,19971200,330.6,19971200,328.5,19971000
1997-07-31 23:00:00,328.6,19971200,328.6,19971200,326.5,19971000
1997-08-01 23:00:00,328.9,19971200,328.9,19971200,326.8,19971000
1997-08-04 23:00:00,328.1,19971200,328.1,19971200,326.0,19971000
1997-08-05 23:00:00,324.6,19971200,324.6,19971200,322.5,19971000
1997-08-06 23:00:00,322.5,19971200,322.5,19971200,320.4,19971000
1997-08-07 23:00:00,325.8,19971200,325.8,19971200,323.7,19971000
1997-08-08 23:00:00,330.4,19971200,330.4,19971200,328.3,19971000
1997-08-11 23:00:00,332.5,19971200,332.5,19971200,330.4,19971000
1997-08-12 23:00:00,330.8,19971200,330.8,19971200,328.8,19971000
1997-08-13 23:00:00,330.7,19971200,330.7,19971200,328.8,19971000
1997-08-14 23:00:00,328.0,19971200,328.0,19971200,326.1,19971000
1997-08-15 23:00:00,329.5,19971200,329.5,19971200,327.6,19971000
1997-08-18 23:00:00,324.7,19971200,324.7,19971200,322.9,19971000
1997-08-19 23:00:00,326.5,19971200,326.5,19971200,324.7,19971000
1997-08-20 23:00:00,324.7,19971200,324.7,19971200,322.9,19971000
1997-08-21 23:00:00,326.6,19971200,326.6,19971200,324.8,19971000
1997-08-22 23:00:00,329.7,19971200,329.7,19971200,327.8,19971000
1997-08-25 23:00:00,328.0,19971200,328.0,19971200,326.1,19971000
1997-08-26 23:00:00,329.0,19971200,329.0,19971200,327.0,19971000
1997-08-27 23:00:00,328.8,19971200,328.8,19971200,326.8,19971000
1997-08-28 23:00:00,327.1,19971200,327.1,19971200,325.1,19971000
1997-08-29 23:00:00,327.4,19971200,327.4,19971200,325.5,19971000
1997-09-02 23:00:00,325.8,19971200,325.8,19971200,324.0,19971000
1997-09-03 23:00:00,325.0,19971200,325.0,19971200,323.3,19971000
1997-09-04 23:00:00,324.3,19971200,324.3,19971200,322.6,19971000
1997-09-05 23:00:00,325.4,19971200,325.4,19971200,323.8,19971000
1997-09-08 23:00:00,324.6,19971200,324.6,19971200,323.1,19971000
1997-09-09 23:00:00,324.1,19971200,324.1,19971200,322.6,19971000
1997-09-10 23:00:00,324.1,19971200,324.1,19971200,322.6,19971000
1997-09-11 23:00:00,326.6,19971200,326.6,19971200,325.1,19971000
1997-09-12 23:00:00,326.2,19971200,326.2,19971200,324.8,19971000
1997-09-15 23:00:00,324.7,19971200,324.7,19971200,323.3,19971000
1997-09-16 23:00:00,322.8,19971200,322.8,19971200,321.4,19971000
1997-09-17 23:00:00,322.2,19971200,322.2,19971200,320.8,19971000
1997-09-18 23:00:00,322.7,19971200,322.7,19971200,321.3,19971000
1997-09-19 23:00:00,323.0,19971200,323.0,19971200,321.6,19971000
1997-09-22 23:00:00,323.1,19971200,323.1,19971200,321.6,19971000
1997-09-23 23:00:00,324.2,19971200,324.2,19971200,322.6,19971000
1997-09-24 23:00:00,325.9,19971200,325.9,19971200,324.0,19971000
1997-09-25 23:00:00,329.5,19971200,329.5,19971200,327.4,19971000
1997-09-26 23:00:00,329.0,19971200,329.0,19971200,326.9,19971000
1997-09-29 23:00:00,330.4,19971200,330.4,19971200,328.1,19971000
1997-09-30 23:00:00,338.2,19980200,338.2,19980200,336.9,19971200
1997-10-01 23:00:00,337.4,19980200,337.4,19980200,336.1,19971200
1997-10-02 23:00:00,334.8,19980200,334.8,19980200,333.5,19971200
1997-10-03 23:00:00,338.2,19980200,338.2,19980200,336.9,19971200
1997-10-06 23:00:00,335.9,19980200,335.9,19980200,334.6,19971200
1997-10-07 23:00:00,334.5,19980200,334.5,19980200,333.3,19971200
1997-10-08 23:00:00,336.5,19980200,336.5,19980200,335.3,19971200
1997-10-09 23:00:00,330.4,19980200,330.4,19980200,329.2,19971200
1997-10-10 23:00:00,332.4,19980200,332.4,19980200,331.2,19971200
1997-10-13 23:00:00,331.0,19980200,331.0,19980200,329.8,19971200
1997-10-14 23:00:00,330.5,19980200,330.5,19980200,329.3,19971200
1997-10-15 23:00:00,329.3,19980200,329.3,19980200,328.1,19971200
1997-10-16 23:00:00,328.1,19980200,328.1,19980200,326.8,19971200
1997-10-17 23:00:00,327.6,19980200,327.6,19980200,326.2,19971200
1997-10-20 23:00:00,326.2,19980200,326.2,19980200,324.8,19971200
1997-10-21 23:00:00,325.5,19980200,325.5,19980200,323.9,19971200
1997-10-22 23:00:00,325.3,19980200,325.3,19980200,323.6,19971200
1997-10-23 23:00:00,326.4,19980200,326.4,19980200,324.7,19971200
1997-10-24 23:00:00,310.1,19980200,310.1,19980200,308.6,19971200
1997-10-27 23:00:00,313.7,19980200,313.7,19980200,312.3,19971200
1997-10-28 23:00:00,317.9,19980200,317.9,19980200,316.5,19971200
1997-10-29 23:00:00,315.9,19980200,315.9,19980200,314.4,19971200
1997-10-30 23:00:00,318.7,19980200,318.7,19980200,317.2,19971200
1997-10-31 23:00:00,313.5,19980200,313.5,19980200,312.1,19971200
1997-11-03 23:00:00,315.8,19980200,315.8,19980200,314.4,19971200
1997-11-04 23:00:00,316.3,19980200,316.3,19980200,314.8,19971200
1997-11-05 23:00:00,316.1,19980200,316.1,19980200,314.5,19971200
1997-11-06 23:00:00,314.6,19980200,314.6,19980200,313.2,19971200
1997-11-07 23:00:00,312.6,19980200,312.6,19980200,311.2,19971200
1997-11-10 23:00:00,312.4,19980200,312.4,19980200,311.1,19971200
1997-11-11 23:00:00,311.9,19980200,311.9,19980200,310.6,19971200
1997-11-12 23:00:00,309.7,19980200,309.7,19980200,308.4,19971200
1997-11-13 23:00:00,310.1,19980200,310.1,19980200,308.8,19971200
1997-11-14 23:00:00,305.5,19980200,305.5,19980200,304.3,19971200
1997-11-17 23:00:00,305.9,19980200,305.9,19980200,304.7,19971200
1997-11-18 23:00:00,308.9,19980200,308.9,19980200,307.6,19971200
1997-11-19 23:00:00,306.3,19980200,306.3,19980200,305.0,19971200
1997-11-20 23:00:00,305.0,19980200,305.0,19980200,303.8,19971200
1997-11-21 23:00:00,307.0,19980200,307.0,19980200,305.9,19971200
1997-11-24 23:00:00,305.0,19980200,305.0,19980200,303.9,19971200
1997-11-25 23:00:00,302.3,19980200,302.3,19980200,300.5,19971200
1997-11-26 23:00:00,298.6,19980200,298.6,19980200,296.9,19971200
1997-12-01 23:00:00,295.7,19980200,295.7,19980200,294.3,19971200
1997-12-02 23:00:00,297.7,19980400,297.7,19980400,295.9,19980200
1997-12-03 23:00:00,296.3,19980400,296.3,19980400,294.5,19980200
1997-12-04 23:00:00,290.3,19980400,290.3,19980400,288.5,19980200
1997-12-05 23:00:00,292.3,19980400,292.3,19980400,290.5,19980200
1997-12-08 23:00:00,291.8,19980400,291.8,19980400,290.0,19980200
1997-12-09 23:00:00,286.7,19980400,286.7,19980400,284.9,19980200
1997-12-10 23:00:00,290.4,19980400,290.4,19980400,288.6,19980200
1997-12-11 23:00:00,287.8,19980400,287.8,19980400,286.0,19980200
1997-12-12 23:00:00,286.5,19980400,286.5,19980400,284.8,19980200
1997-12-15 23:00:00,288.1,19980400,288.1,19980400,286.4,19980200
1997-12-16 23:00:00,287.0,19980400,287.0,19980400,285.4,19980200
1997-12-17 23:00:00,292.8,19980400,292.8,19980400,291.1,19980200
1997-12-18 23:00:00,290.9,19980400,290.9,19980400,289.2,19980200
1997-12-19 23:00:00,292.8,19980400,292.8,19980400,291.1,19980200
1997-12-22 23:00:00,294.5,19980400,294.5,19980400,292.7,19980200
1997-12-23 23:00:00,297.2,19980400,297.2,19980400,295.5,19980200
1997-12-24 23:00:00,299.6,19980400,299.6,19980400,297.9,19980200
1997-12-26 23:00:00,297.9,19980400,297.9,19980400,296.2,19980200
1997-12-29 23:00:00,294.2,19980400,294.2,19980400,292.5,19980200
1997-12-30 23:00:00,293.3,19980400,293.3,19980400,291.6,19980200
1997-12-31 23:00:00,291.6,19980400,291.6,19980400,289.9,19980200
1998-01-02 23:00:00,291.1,19980400,291.1,19980400,289.4,19980200
1998-01-05 23:00:00,284.3,19980400,284.3,19980400,282.7,19980200
1998-01-06 23:00:00,283.9,19980400,283.9,19980400,282.3,19980200
1998-01-07 23:00:00,286.4,19980400,286.4,19980400,284.7,19980200
1998-01-08 23:00:00,283.4,19980400,283.4,19980400,281.8,19980200
1998-01-09 23:00:00,280.7,19980400,280.7,19980400,279.1,19980200
1998-01-12 23:00:00,280.4,19980400,280.4,19980400,278.9,19980200
1998-01-13 23:00:00,285.1,19980400,285.1,19980400,283.8,19980200
1998-01-14 23:00:00,283.7,19980400,283.7,19980400,282.4,19980200
1998-01-15 23:00:00,287.7,19980400,287.7,19980400,286.4,19980200
1998-01-16 23:00:00,292.4,19980400,292.4,19980400,291.1,19980200
1998-01-20 23:00:00,292.7,19980400,292.7,19980400,291.3,19980200
1998-01-21 23:00:00,294.6,19980400,294.6,19980400,293.3,19980200
1998-01-22 23:00:00,292.8,19980400,292.8,19980400,291.3,19980200
1998-01-23 23:00:00,302.0,19980400,302.0,19980400,300.3,19980200
1998-01-26 23:00:00,298.7,19980400,298.7,19980400,297.1,19980200
1998-01-27 23:00:00,302.4,19980400,302.4,19980400,300.7,19980200
1998-01-28 23:00:00,308.0,19980400,308.0,19980400,306.0,19980200
1998-01-29 23:00:00,304.9,19980400,304.9,19980400,302.8,19980200
1998-01-30 23:00:00,306.5,19980600,306.5,19980600,304.6,19980400
1998-02-02 23:00:00,307.0,19980600,307.0,19980600,305.0,19980400
1998-02-03 23:00:00,299.1,19980600,299.1,19980600,297.2,19980400
1998-02-04 23:00:00,303.1,19980600,303.1,19980600,301.2,19980400
1998-02-05 23:00:00,302.5,19980600,302.5,19980600,300.7,19980400
1998-02-06 23:00:00,301.9,19980600,301.9,19980600,300.0,19980400
1998-02-09 23:00:00,303.5,19980600,303.5,19980600,301.6,19980400
1998-02-10 23:00:00,304.2,19980600,304.2,19980600,302.3,19980400
1998-02-11 23:00:00,303.7,19980600,303.7,19980600,301.8,19980400
1998-02-12 23:00:00,302.2,19980600,302.2,19980600,300.4,19980400
1998-02-13 23:00:00,303.4,19980600,303.4,19980600,301.6,19980400
1998-02-17 23:00:00,301.3,19980600,301.3,19980600,299.5,19980400
1998-02-18 23:00:00,300.9,19980600,300.9,19980600,299.1,19980400
1998-02-19 23:00:00,302.3,19980600,302.3,19980600,300.4,19980400
1998-02-20 23:00:00,300.6,19980600,300.6,19980600,298.7,19980400
1998-02-23 23:00:00,296.5,19980600,296.5,19980600,294.7,19980400
1998-02-24 23:00:00,294.6,19980600,294.6,19980600,292.7,19980400
1998-02-25 23:00:00,294.9,19980600,294.9,19980600,293.1,19980400
1998-02-26 23:00:00,297.2,19980600,297.2,19980600,295.4,19980400
1998-02-27 23:00:00,301.9,19980600,301.9,19980600,300.1,19980400
1998-03-02 23:00:00,302.3,19980600,302.3,19980600,300.5,19980400
1998-03-03 23:00:00,300.3,19980600,300.3,19980600,298.5,19980400
1998-03-04 23:00:00,298.7,19980600,298.7,19980600,296.8,19980400
1998-03-05 23:00:00,295.9,19980600,295.9,19980600,294.1,19980400
1998-03-06 23:00:00,297.0,19980600,297.0,19980600,295.2,19980400
1998-03-09 23:00:00,296.7,19980600,296.7,19980600,295.0,19980400
1998-03-10 23:00:00,298.2,19980600,298.2,19980600,296.5,19980400
1998-03-11 23:00:00,296.9,19980600,296.9,19980600,295.1,19980400
1998-03-12 23:00:00,296.9,19980600,296.9,19980600,295.1,19980400
1998-03-13 23:00:00,297.7,19980600,297.7,19980600,295.9,19980400
1998-03-16 23:00:00,296.9,19980600,296.9,19980600,295.1,19980400
1998-03-17 23:00:00,294.1,19980600,294.1,19980600,292.3,19980400
1998-03-18 23:00:00,293.2,19980600,293.2,19980600,291.6,19980400
1998-03-19 23:00:00,293.6,19980600,293.6,19980600,292.1,19980400
1998-03-20 23:00:00,293.8,19980600,293.8,19980600,292.2,19980400
1998-03-23 23:00:00,301.2,19980600,301.2,19980600,299.5,19980400
1998-03-24 23:00:00,301.8,19980600,301.8,19980600,299.9,19980400
1998-03-25 23:00:00,301.3,19980600,301.3,19980600,299.4,19980400
1998-03-26 23:00:00,303.7,19980600,303.7,19980600,301.8,19980400
1998-03-27 23:00:00,305.0,19980600,305.0,19980600,303.1,19980400
1998-03-30 23:00:00,303.9,19980600,303.9,19980600,301.4,19980400
1998-03-31 23:00:00,305.4,19980800,305.4,19980800,303.3,19980600
1998-04-01 23:00:00,304.0,19980800,304.0,19980800,301.9,19980600
1998-04-02 23:00:00,306.3,19980800,306.3,19980800,304.2,19980600
1998-04-03 23:00:00,312.4,19980800,312.4,19980800,310.3,19980600
1998-04-06 23:00:00,313.5,19980800,313.5,19980800,311.4,19980600
1998-04-07 23:00:00,314.1,19980800,314.1,19980800,312.0,19980600
1998-04-08 23:00:00,313.2,19980800,313.2,19980800,311.1,19980600
1998-04-09 23:00:00,312.4,19980800,312.4,19980800,310.2,19980600
1998-04-13 23:00:00,315.1,19980800,315.1,19980800,312.9,19980600
1998-04-14 23:00:00,312.2,19980800,312.2,19980800,310.0,19980600
1998-04-15 23:00:00,311.2,19980800,311.2,19980800,309.0,19980600
1998-04-16 23:00:00,312.0,19980800,312.0,19980800,309.8,19980600
1998-04-17 23:00:00,311.7,19980800,311.7,19980800,309.4,19980600
1998-04-20 23:00:00,311.9,19980800,311.9,19980800,309.6,19980600
1998-04-21 23:00:00,314.9,19980800,314.9,19980800,312.6,19980600
1998-04-22 23:00:00,317.2,19980800,317.2,19980800,314.9,19980600
1998-04-23 23:00:00,318.1,19980800,318.1,19980800,315.8,19980600
1998-04-24 23:00:00,316.5,19980800,316.5,19980800,314.2,19980600
1998-04-27 23:00:00,313.5,19980800,313.5,19980800,311.2,19980600
1998-04-28 23:00:00,311.7,19980800,311.7,19980800,309.4,19980600
1998-04-29 23:00:00,313.9,19980800,313.9,19980800,311.6,19980600
1998-04-30 23:00:00,310.2,19980800,310.2,19980800,307.9,19980600
1998-05-01 23:00:00,305.8,19980800,305.8,19980800,303.6,19980600
1998-05-04 23:00:00,307.6,19980800,307.6,19980800,305.4,19980600
1998-05-05 23:00:00,306.8,19980800,306.8,19980800,304.6,19980600
1998-05-06 23:00:00,303.8,19980800,303.8,19980800,301.6,19980600
1998-05-07 23:00:00,301.7,19980800,301.7,19980800,299.6,19980600
1998-05-08 23:00:00,302.8,19980800,302.8,19980800,300.7,19980600
1998-05-11 23:00:00,303.4,19980800,303.4,19980800,301.2,19980600
1998-05-12 23:00:00,301.1,19980800,301.1,19980800,298.9,19980600
1998-05-13 23:00:00,301.4,19980800,301.4,19980800,299.2,19980600
1998-05-14 23:00:00,301.9,19980800,301.9,19980800,299.7,19980600
1998-05-15 23:00:00,304.2,19980800,304.2,19980800,301.9,19980600
1998-05-18 23:00:00,302.5,19980800,302.5,19980800,300.2,19980600
1998-05-19 23:00:00,301.5,19980800,301.5,19980800,299.3,19980600
1998-05-20 23:00:00,302.3,19980800,302.3,19980800,299.9,19980600
1998-05-21 23:00:00,303.7,19980800,303.7,19980800,301.1,19980600
1998-05-22 23:00:00,302.5,19980800,302.5,19980800,300.0,19980600
1998-05-26 23:00:00,298.1,19980800,298.1,19980800,295.6,19980600
1998-05-27 23:00:00,296.2,19980800,296.2,19980800,293.7,19980600
1998-05-28 23:00:00,295.6,19980800,295.6,19980800,292.7,19980600
1998-05-29 23:00:00,295.1,19980800,295.1,19980800,292.3,19980600
1998-06-01 23:00:00,292.8,19981000,292.8,19981000,290.6,19980800
1998-06-02 23:00:00,295.4,19981000,295.4,19981000,293.2,19980800
1998-06-03 23:00:00,297.5,19981000,297.5,19981000,295.3,19980800
1998-06-04 23:00:00,297.8,19981000,297.8,19981000,295.6,19980800
1998-06-05 23:00:00,295.8,19981000,295.8,19981000,293.6,19980800
1998-06-08 23:00:00,300.6,19981000,300.6,19981000,298.4,19980800
1998-06-09 23:00:00,297.7,19981000,297.7,19981000,295.5,19980800
1998-06-10 23:00:00,297.3,19981000,297.3,19981000,295.1,19980800
1998-06-11 23:00:00,290.9,19981000,290.9,19981000,288.7,19980800
1998-06-12 23:00:00,289.5,19981000,289.5,19981000,287.3,19980800
1998-06-15 23:00:00,288.8,19981000,288.8,19981000,286.6,19980800
1998-06-16 23:00:00,292.2,19981000,292.2,19981000,290.0,19980800
1998-06-17 23:00:00,297.2,19981000,297.2,19981000,294.9,19980800
1998-06-18 23:00:00,296.9,19981000,296.9,19981000,294.6,19980800
1998-06-19 23:00:00,303.1,19981000,303.1,19981000,300.8,19980800
1998-06-22 23:00:00,299.4,19981000,299.4,19981000,297.1,19980800
1998-06-23 23:00:00,298.7,19981000,298.7,19981000,296.4,19980800
1998-06-24 23:00:00,296.4,19981000,296.4,19981000,294.2,19980800
1998-06-25 23:00:00,297.3,19981000,297.3,19981000,295.1,19980800
1998-06-26 23:00:00,297.2,19981000,297.2,19981000,295.0,19980800
1998-06-29 23:00:00,297.1,19981000,297.1,19981000,294.9,19980800
1998-06-30 23:00:00,300.3,19981000,300.3,19981000,298.1,19980800
1998-07-01 23:00:00,299.6,19981000,299.6,19981000,297.4,19980800
1998-07-02 23:00:00,297.2,19981000,297.2,19981000,295.0,19980800
1998-07-06 23:00:00,296.5,19981000,296.5,19981000,294.3,19980800
1998-07-07 23:00:00,298.2,19981000,298.2,19981000,295.9,19980800
1998-07-08 23:00:00,296.5,19981000,296.5,19981000,294.2,19980800
1998-07-09 23:00:00,294.8,19981000,294.8,19981000,292.5,19980800
1998-07-10 23:00:00,293.9,19981000,293.9,19981000,291.6,19980800
1998-07-13 23:00:00,294.7,19981000,294.7,19981000,292.4,19980800
1998-07-14 23:00:00,296.3,19981000,296.3,19981000,294.0,19980800
1998-07-15 23:00:00,296.8,19981000,296.8,19981000,294.5,19980800
1998-07-16 23:00:00,296.3,19981000,296.3,19981000,294.0,19980800
1998-07-17 23:00:00,297.3,19981000,297.3,19981000,295.1,19980800
1998-07-20 23:00:00,298.9,19981000,298.9,19981000,296.7,19980800
1998-07-21 23:00:00,297.8,19981000,297.8,19981000,295.5,19980800
1998-07-22 23:00:00,296.9,19981000,296.9,19981000,294.6,19980800
1998-07-23 23:00:00,296.1,19981000,296.1,19981000,293.7,19980800
1998-07-24 23:00:00,293.7,19981000,293.7,19981000,291.2,19980800
1998-07-27 23:00:00,292.7,19981000,292.7,19981000,290.2,19980800
1998-07-28 23:00:00,294.2,19981000,294.2,19981000,291.7,19980800
1998-07-29 23:00:00,292.4,19981000,292.4,19981000,289.9,19980800
1998-07-30 23:00:00,293.2,19981200,293.2,19981200,291.2,19981000
1998-07-31 23:00:00,290.5,19981200,290.5,19981200,288.4,19981000
1998-08-03 23:00:00,287.9,19981200,287.9,19981200,285.8,19981000
1998-08-04 23:00:00,292.5,19981200,292.5,19981200,290.4,19981000
1998-08-05 23:00:00,291.8,19981200,291.8,19981200,289.7,19981000
1998-08-06 23:00:00,291.4,19981200,291.4,19981200,289.3,19981000
1998-08-07 23:00:00,290.5,19981200,290.5,19981200,288.4,19981000
1998-08-10 23:00:00,291.3,19981200,291.3,19981200,289.2,19981000
1998-08-11 23:00:00,288.0,19981200,288.0,19981200,285.8,19981000
1998-08-12 23:00:00,286.8,19981200,286.8,19981200,284.6,19981000
1998-08-13 23:00:00,289.3,19981200,289.3,19981200,286.9,19981000
1998-08-14 23:00:00,287.9,19981200,287.9,19981200,285.5,19981000
1998-08-17 23:00:00,289.1,19981200,289.1,19981200,286.7,19981000
1998-08-18 23:00:00,289.0,19981200,289.0,19981200,286.5,19981000
1998-08-19 23:00:00,287.2,19981200,287.2,19981200,284.6,19981000
1998-08-20 23:00:00,289.0,19981200,289.0,19981200,286.4,19981000
1998-08-21 23:00:00,288.7,19981200,288.7,19981200,286.1,19981000
1998-08-24 23:00:00,288.5,19981200,288.5,19981200,286.0,19981000
1998-08-25 23:00:00,286.9,19981200,286.9,19981200,284.4,19981000
1998-08-26 23:00:00,285.9,19981200,285.9,19981200,283.3,19981000
1998-08-27 23:00:00,280.1,19981200,280.1,19981200,277.5,19981000
1998-08-28 23:00:00,277.9,19981200,277.9,19981200,275.4,19981000
1998-08-31 23:00:00,278.9,19981200,278.9,19981200,276.5,19981000
1998-09-01 23:00:00,282.2,19981200,282.2,19981200,279.8,19981000
1998-09-02 23:00:00,283.4,19981200,283.4,19981200,281.1,19981000
1998-09-03 23:00:00,288.3,19981200,288.3,19981200,286.0,19981000
1998-09-04 23:00:00,290.1,19981200,290.1,19981200,287.8,19981000
1998-09-08 23:00:00,289.2,19981200,289.2,19981200,286.9,19981000
1998-09-09 23:00:00,287.4,19981200,287.4,19981200,285.1,19981000
1998-09-10 23:00:00,293.8,19981200,293.8,19981200,291.4,19981000
1998-09-11 23:00:00,296.8,19981200,296.8,19981200,294.4,19981000
1998-09-14 23:00:00,293.4,19981200,293.4,19981200,291.0,19981000
1998-09-15 23:00:00,293.0,19981200,293.0,19981200,290.5,19981000
1998-09-16 23:00:00,290.6,19981200,290.6,19981200,288.0,19981000
1998-09-17 23:00:00,293.9,19981200,293.9,19981200,291.2,19981000
1998-09-18 23:00:00,294.2,19981200,294.2,19981200,291.4,19981000
1998-09-21 23:00:00,291.6,19981200,291.6,19981200,288.8,19981000
1998-09-22 23:00:00,290.5,19981200,290.5,19981200,287.7,19981000
1998-09-23 23:00:00,292.5,19981200,292.5,19981200,289.7,19981000
1998-09-24 23:00:00,296.4,19981200,296.4,19981200,293.9,19981000
1998-09-25 23:00:00,296.2,19981200,296.2,19981200,293.7,19981000
1998-09-28 23:00:00,298.0,19981200,298.0,19981200,295.3,19981000
1998-09-29 23:00:00,296.9,19981200,296.9,19981200,294.2,19981000
1998-09-30 23:00:00,300.7,19990200,300.7,19990200,299.0,19981200
1998-10-01 23:00:00,303.7,19990200,303.7,19990200,302.1,19981200
1998-10-02 23:00:00,304.4,19990200,304.4,19990200,302.8,19981200
1998-10-05 23:00:00,300.6,19990200,300.6,19990200,299.0,19981200
1998-10-06 23:00:00,299.9,19990200,299.9,19990200,298.3,19981200
1998-10-07 23:00:00,304.5,19990200,304.5,19990200,302.9,19981200
1998-10-08 23:00:00,303.6,19990200,303.6,19990200,302.0,19981200
1998-10-09 23:00:00,300.1,19990200,300.1,19990200,298.5,19981200
1998-10-12 23:00:00,299.9,19990200,299.9,19990200,298.2,19981200
1998-10-13 23:00:00,300.3,19990200,300.3,19990200,298.5,19981200
1998-10-14 23:00:00,299.6,19990200,299.6,19990200,297.8,19981200
1998-10-15 23:00:00,301.1,19990200,301.1,19990200,299.2,19981200
1998-10-16 23:00:00,303.5,19990200,303.5,19990200,301.7,19981200
1998-10-19 23:00:00,299.6,19990200,299.6,19990200,297.8,19981200
1998-10-20 23:00:00,299.5,19990200,299.5,19990200,297.8,19981200
1998-10-21 23:00:00,298.6,19990200,298.6,19990200,296.8,19981200
1998-10-22 23:00:00,295.4,19990200,295.4,19990200,293.6,19981200
1998-10-23 23:00:00,296.0,19990200,296.0,19990200,294.2,19981200
1998-10-26 23:00:00,295.4,19990200,295.4,19990200,293.6,19981200
1998-10-27 23:00:00,296.7,19990200,296.7,19990200,294.8,19981200
1998-10-28 23:00:00,296.3,19990200,296.3,19990200,294.4,19981200
1998-10-29 23:00:00,296.8,19990200,296.8,19990200,294.8,19981200
1998-10-30 23:00:00,295.7,19990200,295.7,19990200,293.7,19981200
1998-11-02 23:00:00,293.0,19990200,293.0,19990200,290.9,19981200
1998-11-03 23:00:00,291.8,19990200,291.8,19990200,289.7,19981200
1998-11-04 23:00:00,293.8,19990200,293.8,19990200,291.8,19981200
1998-11-05 23:00:00,296.8,19990200,296.8,19990200,294.8,19981200
1998-11-06 23:00:00,296.2,19990200,296.2,19990200,294.0,19981200
1998-11-09 23:00:00,295.6,19990200,295.6,19990200,293.4,19981200
1998-11-10 23:00:00,296.4,19990200,296.4,19990200,294.2,19981200
1998-11-11 23:00:00,295.9,19990200,295.9,19990200,293.7,19981200
1998-11-12 23:00:00,299.7,19990200,299.7,19990200,297.5,19981200
1998-11-13 23:00:00,298.7,19990200,298.7,19990200,296.5,19981200
1998-11-16 23:00:00,297.8,19990200,297.8,19990200,295.6,19981200
1998-11-17 23:00:00,297.1,19990200,297.1,19990200,294.9,19981200
1998-11-18 23:00:00,300.3,19990200,300.3,19990200,298.2,19981200
1998-11-19 23:00:00,298.1,19990200,298.1,19990200,296.1,19981200
1998-11-20 23:00:00,298.4,19990200,298.4,19990200,296.4,19981200
1998-11-23 23:00:00,299.1,19990200,299.1,19990200,297.1,19981200
1998-11-24 23:00:00,298.6,19990200,298.6,19990200,296.4,19981200
1998-11-25 23:00:00,299.1,19990200,299.1,19990200,296.5,19981200
1998-11-30 23:00:00,295.1,19990200,295.1,19990200,292.5,19981200
1998-12-01 23:00:00,297.9,19990400,297.9,19990400,295.9,19990200
1998-12-02 23:00:00,297.1,19990400,297.1,19990400,295.2,19990200
1998-12-03 23:00:00,295.6,19990400,295.6,19990400,293.7,19990200
1998-12-04 23:00:00,296.2,19990400,296.2,19990400,294.3,19990200
1998-12-07 23:00:00,298.8,19990400,298.8,19990400,296.9,19990200
1998-12-08 23:00:00,297.5,19990400,297.5,19990400,295.5,19990200
1998-12-09 23:00:00,297.8,19990400,297.8,19990400,295.8,19990200
1998-12-10 23:00:00,297.9,19990400,297.9,19990400,295.9,19990200
1998-12-11 23:00:00,294.6,19990400,294.6,19990400,292.6,19990200
1998-12-14 23:00:00,294.8,19990400,294.8,19990400,292.8,19990200
1998-12-15 23:00:00,296.2,19990400,296.2,19990400,294.3,19990200
1998-12-16 23:00:00,298.5,19990400,298.5,19990400,296.5,19990200
1998-12-17 23:00:00,294.9,19990400,294.9,19990400,292.9,19990200
1998-12-18 23:00:00,292.4,19990400,292.4,19990400,290.4,19990200
1998-12-21 23:00:00,292.2,19990400,292.2,19990400,290.2,19990200
1998-12-22 23:00:00,291.0,19990400,291.0,19990400,289.0,19990200
1998-12-23 23:00:00,290.0,19990400,290.0,19990400,288.0,19990200
1998-12-24 23:00:00,289.5,19990400,289.5,19990400,287.5,19990200
1998-12-28 23:00:00,289.8,19990400,289.8,19990400,287.8,19990200
1998-12-29 23:00:00,289.1,19990400,289.1,19990400,287.1,19990200
1998-12-30 23:00:00,290.1,19990400,290.1,19990400,288.1,19990200
1998-12-31 23:00:00,291.2,19990400,291.2,19990400,289.2,19990200
1999-01-04 23:00:00,290.3,19990400,290.3,19990400,288.3,19990200
1999-01-05 23:00:00,289.8,19990400,289.8,19990400,287.8,19990200
1999-01-06 23:00:00,290.6,19990400,290.6,19990400,288.5,19990200
1999-01-07 23:00:00,294.5,19990400,294.5,19990400,292.4,19990200
1999-01-08 23:00:00,294.1,19990400,294.1,19990400,292.0,19990200
1999-01-11 23:00:00,295.7,19990400,295.7,19990400,293.6,19990200
1999-01-12 23:00:00,291.4,19990400,291.4,19990400,289.3,19990200
1999-01-13 23:00:00,289.1,19990400,289.1,19990400,287.0,19990200
1999-01-14 23:00:00,289.5,19990400,289.5,19990400,287.4,19990200
1999-01-15 23:00:00,289.5,19990400,289.5,19990400,287.4,19990200
1999-01-19 23:00:00,288.9,19990400,288.9,19990400,286.8,19990200
1999-01-20 23:00:00,289.6,19990400,289.6,19990400,287.5,19990200
1999-01-21 23:00:00,290.0,19990400,290.0,19990400,288.0,19990200
1999-01-22 23:00:00,288.7,19990400,288.7,19990400,286.7,19990200
1999-01-25 23:00:00,289.8,19990400,289.8,19990400,288.0,19990200
1999-01-26 23:00:00,288.1,19990400,288.1,19990400,286.3,19990200
1999-01-27 23:00:00,285.3,19990400,285.3,19990400,283.4,19990200
1999-01-28 23:00:00,286.6,19990400,286.6,19990400,284.8,19990200
1999-01-29 23:00:00,288.2,19990400,288.2,19990400,286.3,19990200
1999-02-01 23:00:00,292.8,19990600,292.8,19990600,290.9,19990400
1999-02-02 23:00:00,292.6,19990600,292.6,19990600,290.7,19990400
1999-02-03 23:00:00,291.2,19990600,291.2,19990600,289.3,19990400
1999-02-04 23:00:00,293.1,19990600,293.1,19990600,291.2,19990400
1999-02-05 23:00:00,292.4,19990600,292.4,19990600,290.5,19990400
1999-02-08 23:00:00,293.2,19990600,293.2,19990600,291.3,19990400
1999-02-09 23:00:00,291.1,19990600,291.1,19990600,289.2,19990400
1999-02-10 23:00:00,290.6,19990600,290.6,19990600,288.7,19990400
1999-02-11 23:00:00,291.2,19990600,291.2,19990600,289.3,19990400
1999-02-12 23:00:00,293.1,19990600,293.1,19990600,291.2,19990400
1999-02-16 23:00:00,289.3,19990600,289.3,19990600,287.4,19990400
1999-02-17 23:00:00,288.2,19990600,288.2,19990600,286.3,19990400
1999-02-18 23:00:00,289.3,19990600,289.3,19990600,287.4,19990400
1999-02-19 23:00:00,291.4,19990600,291.4,19990600,289.5,19990400
1999-02-22 23:00:00,290.4,19990600,290.4,19990600,288.5,19990400
1999-02-23 23:00:00,290.6,19990600,290.6,19990600,288.7,19990400
1999-02-24 23:00:00,291.0,19990600,291.0,19990600,289.2,19990400
1999-02-25 23:00:00,291.0,19990600,291.0,19990600,289.2,19990400
1999-02-26 23:00:00,290.1,19990600,290.1,19990600,288.3,19990400
1999-03-01 23:00:00,289.5,19990600,289.5,19990600,287.7,19990400
1999-03-02 23:00:00,289.8,19990600,289.8,19990600,288.0,19990400
1999-03-03 23:00:00,290.1,19990600,290.1,19990600,288.3,19990400
1999-03-04 23:00:00,291.3,19990600,291.3,19990600,289.5,19990400
1999-03-05 23:00:00,291.3,19990600,291.3,19990600,289.5,19990400
1999-03-08 23:00:00,294.5,19990600,294.5,19990600,292.7,19990400
1999-03-09 23:00:00,295.2,19990600,295.2,19990600,293.4,19990400
1999-03-10 23:00:00,296.0,19990600,296.0,19990600,294.2,19990400
1999-03-11 23:00:00,297.4,19990600,297.4,19990600,295.5,19990400
1999-03-12 23:00:00,295.4,19990600,295.4,19990600,293.4,19990400
1999-03-15 23:00:00,289.5,19990600,289.5,19990600,287.6,19990400
1999-03-16 23:00:00,285.9,19990600,285.9,19990600,283.9,19990400
1999-03-17 23:00:00,286.1,19990600,286.1,19990600,284.1,19990400
1999-03-18 23:00:00,285.5,19990600,285.5,19990600,283.5,19990400
1999-03-19 23:00:00,286.7,19990600,286.7,19990600,284.5,19990400
1999-03-22 23:00:00,286.9,19990600,286.9,19990600,284.8,19990400
1999-03-23 23:00:00,286.8,19990600,286.8,19990600,284.7,19990400
1999-03-24 23:00:00,286.2,19990600,286.2,19990600,284.1,19990400
1999-03-25 23:00:00,285.2,19990600,285.2,19990600,283.1,19990400
1999-03-26 23:00:00,281.7,19990600,281.7,19990600,279.7,19990400
1999-03-29 23:00:00,282.3,19990600,282.3,19990600,280.3,19990400
1999-03-30 23:00:00,281.3,19990600,281.3,19990600,279.2,19990400
1999-03-31 23:00:00,283.9,19990800,283.9,19990800,281.9,19990600
1999-04-01 23:00:00,284.0,19990800,284.0,19990800,282.0,19990600
1999-04-05 23:00:00,282.3,19990800,282.3,19990800,280.3,19990600
1999-04-06 23:00:00,283.8,19990800,283.8,19990800,281.8,19990600
1999-04-07 23:00:00,284.3,19990800,284.3,19990800,282.3,19990600
1999-04-08 23:00:00,284.7,19990800,284.7,19990800,282.7,19990600
1999-04-09 23:00:00,285.4,19990800,285.4,19990800,283.4,19990600
1999-04-12 23:00:00,286.5,19990800,286.5,19990800,284.5,19990600
1999-04-13 23:00:00,287.6,19990800,287.6,19990800,285.6,19990600
1999-04-14 23:00:00,285.2,19990800,285.2,19990800,283.2,19990600
1999-04-15 23:00:00,287.3,19990800,287.3,19990800,285.3,19990600
1999-04-16 23:00:00,287.6,19990800,287.6,19990800,285.6,19990600
1999-04-19 23:00:00,288.3,19990800,288.3,19990800,286.3,19990600
1999-04-20 23:00:00,287.9,19990800,287.9,19990800,285.9,19990600
1999-04-21 23:00:00,287.5,19990800,287.5,19990800,285.5,19990600
1999-04-22 23:00:00,287.1,19990800,287.1,19990800,285.2,19990600
1999-04-23 23:00:00,286.8,19990800,286.8,19990800,284.9,19990600
1999-04-26 23:00:00,284.5,19990800,284.5,19990800,282.6,19990600
1999-04-27 23:00:00,285.4,19990800,285.4,19990800,283.5,19990600
1999-04-28 23:00:00,286.0,19990800,286.0,19990800,284.1,19990600
1999-04-29 23:00:00,289.2,19990800,289.2,19990800,287.3,19990600
1999-04-30 23:00:00,289.7,19990800,289.7,19990800,287.8,19990600
1999-05-03 23:00:00,289.5,19990800,289.5,19990800,287.6,19990600
1999-05-04 23:00:00,288.7,19990800,288.7,19990800,286.9,19990600
1999-05-05 23:00:00,290.3,19990800,290.3,19990800,288.5,19990600
1999-05-06 23:00:00,292.5,19990800,292.5,19990800,290.7,19990600
1999-05-07 23:00:00,285.5,19990800,285.5,19990800,283.7,19990600
1999-05-10 23:00:00,280.1,19990800,280.1,19990800,278.4,19990600
1999-05-11 23:00:00,280.6,19990800,280.6,19990800,278.8,19990600
1999-05-12 23:00:00,279.6,19990800,279.6,19990800,277.8,19990600
1999-05-13 23:00:00,279.8,19990800,279.8,19990800,278.1,19990600
1999-05-14 23:00:00,278.0,19990800,278.0,19990800,276.2,19990600
1999-05-17 23:00:00,276.5,19990800,276.5,19990800,274.8,19990600
1999-05-18 23:00:00,275.9,19990800,275.9,19990800,274.2,19990600
1999-05-19 23:00:00,275.1,19990800,275.1,19990800,273.5,19990600
1999-05-20 23:00:00,276.3,19990800,276.3,19990800,274.7,19990600
1999-05-21 23:00:00,274.8,19990800,274.8,19990800,273.3,19990600
1999-05-24 23:00:00,274.4,19990800,274.4,19990800,272.9,19990600
1999-05-25 23:00:00,272.2,19990800,272.2,19990800,270.8,19990600
1999-05-26 23:00:00,270.9,19990800,270.9,19990800,269.5,19990600
1999-05-27 23:00:00,272.2,19990800,272.2,19990800,270.5,19990600
1999-05-28 23:00:00,272.0,19990800,272.0,19990800,270.4,19990600
1999-06-01 23:00:00,269.5,19990800,269.5,19990800,268.2,19990600
1999-06-02 23:00:00,268.9,19991000,268.9,19991000,267.1,19990800
1999-06-03 23:00:00,269.4,19991000,269.4,19991000,267.6,19990800
1999-06-04 23:00:00,269.0,19991000,269.0,19991000,267.2,19990800
1999-06-07 23:00:00,269.0,19991000,269.0,19991000,267.2,19990800
1999-06-08 23:00:00,265.6,19991000,265.6,19991000,263.8,19990800
1999-06-09 23:00:00,262.9,19991000,262.9,19991000,261.1,19990800
1999-06-10 23:00:00,261.9,19991000,261.9,19991000,260.1,19990800
1999-06-11 23:00:00,264.1,19991000,264.1,19991000,262.3,19990800
1999-06-14 23:00:00,263.8,19991000,263.8,19991000,262.0,19990800
1999-06-15 23:00:00,262.8,19991000,262.8,19991000,261.0,19990800
1999-06-16 23:00:00,261.6,19991000,261.6,19991000,259.9,19990800
1999-06-17 23:00:00,261.7,19991000,261.7,19991000,260.0,19990800
1999-06-18 23:00:00,262.6,19991000,262.6,19991000,260.9,19990800
1999-06-21 23:00:00,262.0,19991000,262.0,19991000,260.3,19990800
1999-06-22 23:00:00,261.6,19991000,261.6,19991000,259.9,19990800
1999-06-23 23:00:00,263.5,19991000,263.5,19991000,261.8,19990800
1999-06-24 23:00:00,264.1,19991000,264.1,19991000,262.4,19990800
1999-06-25 23:00:00,262.5,19991000,262.5,19991000,260.8,19990800
1999-06-28 23:00:00,263.6,19991000,263.6,19991000,262.0,19990800
1999-06-29 23:00:00,263.5,19991000,263.5,19991000,262.0,19990800
1999-06-30 23:00:00,265.1,19991000,265.1,19991000,263.6,19990800
1999-07-01 23:00:00,265.9,19991000,265.9,19991000,264.4,19990800
1999-07-02 23:00:00,266.1,19991000,266.1,19991000,264.6,19990800
1999-07-06 23:00:00,259.2,19991000,259.2,19991000,257.8,19990800
1999-07-07 23:00:00,259.3,19991000,259.3,19991000,258.0,19990800
1999-07-08 23:00:00,258.8,19991000,258.8,19991000,257.7,19990800
1999-07-09 23:00:00,259.2,19991000,259.2,19991000,258.1,19990800
1999-07-12 23:00:00,257.6,19991000,257.6,19991000,256.5,19990800
1999-07-13 23:00:00,257.8,19991000,257.8,19991000,256.7,19990800
1999-07-14 23:00:00,256.1,19991000,256.1,19991000,255.0,19990800
1999-07-15 23:00:00,255.9,19991000,255.9,19991000,254.8,19990800
1999-07-16 23:00:00,255.7,19991000,255.7,19991000,254.5,19990800
1999-07-19 23:00:00,255.0,19991000,255.0,19991000,253.9,19990800
1999-07-20 23:00:00,255.2,19991000,255.2,19991000,254.1,19990800
1999-07-21 23:00:00,257.4,19991000,257.4,19991000,256.3,19990800
1999-07-22 23:00:00,257.9,19991000,257.9,19991000,256.7,19990800
1999-07-23 23:00:00,256.5,19991000,256.5,19991000,255.4,19990800
1999-07-26 23:00:00,255.7,19991000,255.7,19991000,254.7,19990800
1999-07-27 23:00:00,255.5,19991000,255.5,19991000,254.5,19990800
1999-07-28 23:00:00,255.6,19991000,255.6,19991000,254.5,19990800
1999-07-29 23:00:00,258.5,19991000,258.5,19991000,257.3,19990800
1999-07-30 23:00:00,258.8,19991200,258.8,19991200,257.6,19991000
1999-08-02 23:00:00,257.8,19991200,257.8,19991200,256.6,19991000
1999-08-03 23:00:00,258.5,19991200,258.5,19991200,257.7,19991000
1999-08-04 23:00:00,258.6,19991200,258.6,19991200,258.1,19991000
1999-08-05 23:00:00,258.0,19991200,258.0,19991200,257.6,19991000
1999-08-06 23:00:00,258.6,19991200,258.6,19991200,258.3,19991000
1999-08-09 23:00:00,259.3,19991200,259.3,19991200,259.0,19991000
1999-08-10 23:00:00,259.8,19991200,259.8,19991200,259.5,19991000
1999-08-11 23:00:00,261.5,19991200,261.5,19991200,261.2,19991000
1999-08-12 23:00:00,263.0,19991200,263.0,19991200,262.7,19991000
1999-08-13 23:00:00,263.2,19991200,263.2,19991200,262.7,19991000
1999-08-16 23:00:00,262.7,19991200,262.7,19991200,262.0,19991000
1999-08-17 23:00:00,264.0,19991200,264.0,19991200,263.3,19991000
1999-08-18 23:00:00,262.2,19991200,262.2,19991200,261.5,19991000
1999-08-19 23:00:00,261.2,19991200,261.2,19991200,260.6,19991000
1999-08-20 23:00:00,259.6,19991200,259.6,19991200,259.1,19991000
1999-08-23 23:00:00,256.2,19991200,256.2,19991200,255.7,19991000
1999-08-24 23:00:00,254.7,19991200,254.7,19991200,254.2,19991000
1999-08-25 23:00:00,254.2,19991200,254.2,19991200,253.7,19991000
1999-08-26 23:00:00,254.6,19991200,254.6,19991200,254.1,19991000
1999-08-27 23:00:00,255.5,19991200,255.5,19991200,254.8,19991000
1999-08-30 23:00:00,255.8,19991200,255.8,19991200,255.1,19991000
1999-08-31 23:00:00,257.3,19991200,257.3,19991200,256.7,19991000
1999-09-01 23:00:00,255.6,19991200,255.6,19991200,255.0,19991000
1999-09-02 23:00:00,256.7,19991200,256.7,19991200,256.1,19991000
1999-09-03 23:00:00,255.5,19991200,255.5,19991200,255.0,19991000
1999-09-07 23:00:00,257.3,19991200,257.3,19991200,256.6,19991000
1999-09-08 23:00:00,257.7,19991200,257.7,19991200,257.0,19991000
1999-09-09 23:00:00,258.6,19991200,258.6,19991200,257.9,19991000
1999-09-10 23:00:00,257.9,19991200,257.9,19991200,257.1,19991000
1999-09-13 23:00:00,257.8,19991200,257.8,19991200,257.0,19991000
1999-09-14 23:00:00,258.2,19991200,258.2,19991200,257.4,19991000
1999-09-15 23:00:00,257.3,19991200,257.3,19991200,256.6,19991000
1999-09-16 23:00:00,257.4,19991200,257.4,19991200,256.7,19991000
1999-09-17 23:00:00,255.9,19991200,255.9,19991200,255.1,19991000
1999-09-20 23:00:00,255.8,19991200,255.8,19991200,255.0,19991000
1999-09-21 23:00:00,261.8,19991200,261.8,19991200,260.8,19991000
1999-09-22 23:00:00,265.5,19991200,265.5,19991200,264.3,19991000
1999-09-23 23:00:00,267.3,19991200,267.3,19991200,265.5,19991000
1999-09-24 23:00:00,269.8,19991200,269.8,19991200,267.9,19991000
1999-09-27 23:00:00,283.8,19991200,283.8,19991200,281.9,19991000
1999-09-28 23:00:00,310.0,19991200,310.0,19991200,308.1,19991000
1999-09-29 23:00:00,302.3,20000200,302.3,20000200,302.0,19991200
1999-09-30 23:00:00,300.0,20000200,300.0,20000200,299.5,19991200
1999-10-01 23:00:00,305.6,20000200,305.6,20000200,305.3,19991200
1999-10-04 23:00:00,318.5,20000200,318.5,20000200,318.0,19991200
1999-10-05 23:00:00,326.7,20000200,326.7,20000200,326.0,19991200
1999-10-06 23:00:00,326.6,20000200,326.6,20000200,326.0,19991200
1999-10-07 23:00:00,324.9,20000200,324.9,20000200,324.3,19991200
1999-10-08 23:00:00,322.3,20000200,322.3,20000200,321.7,19991200
1999-10-11 23:00:00,320.9,20000200,320.9,20000200,320.3,19991200
1999-10-12 23:00:00,318.9,20000200,318.9,20000200,318.2,19991200
1999-10-13 23:00:00,322.7,20000200,322.7,20000200,321.8,19991200
1999-10-14 23:00:00,315.3,20000200,315.3,20000200,314.2,19991200
1999-10-15 23:00:00,317.5,20000200,317.5,20000200,316.4,19991200
1999-10-18 23:00:00,313.0,20000200,313.0,20000200,311.7,19991200
1999-10-19 23:00:00,310.7,20000200,310.7,20000200,309.5,19991200
1999-10-20 23:00:00,308.6,20000200,308.6,20000200,307.3,19991200
1999-10-21 23:00:00,306.9,20000200,306.9,20000200,305.5,19991200
1999-10-22 23:00:00,304.6,20000200,304.6,20000200,303.3,19991200
1999-10-25 23:00:00,301.9,20000200,301.9,20000200,300.5,19991200
1999-10-26 23:00:00,291.7,20000200,291.7,20000200,290.4,19991200
1999-10-27 23:00:00,295.5,20000200,295.5,20000200,294.2,19991200
1999-10-28 23:00:00,301.9,20000200,301.9,20000200,300.4,19991200
1999-10-29 23:00:00,301.7,20000200,301.7,20000200,300.3,19991200
1999-11-01 23:00:00,293.0,20000200,293.0,20000200,291.5,19991200
1999-11-02 23:00:00,293.9,20000200,293.9,20000200,292.4,19991200
1999-11-03 23:00:00,294.9,20000200,294.9,20000200,293.3,19991200
1999-11-04 23:00:00,295.2,20000200,295.2,20000200,293.7,19991200
1999-11-05 23:00:00,292.5,20000200,292.5,20000200,291.0,19991200
1999-11-08 23:00:00,292.6,20000200,292.6,20000200,291.1,19991200
1999-11-09 23:00:00,294.7,20000200,294.7,20000200,293.1,19991200
1999-11-10 23:00:00,300.7,20000200,300.7,20000200,299.1,19991200
1999-11-11 23:00:00,296.6,20000200,296.6,20000200,294.9,19991200
1999-11-12 23:00:00,293.9,20000200,293.9,20000200,292.1,19991200
1999-11-15 23:00:00,294.2,20000200,294.2,20000200,292.5,19991200
1999-11-16 23:00:00,297.1,20000200,297.1,20000200,295.3,19991200
1999-11-17 23:00:00,297.5,20000200,297.5,20000200,295.7,19991200
1999-11-18 23:00:00,296.9,20000200,296.9,20000200,295.1,19991200
1999-11-19 23:00:00,297.4,20000200,297.4,20000200,295.7,19991200
1999-11-22 23:00:00,297.3,20000200,297.3,20000200,295.6,19991200
1999-11-23 23:00:00,300.8,20000200,300.8,20000200,298.7,19991200
1999-11-24 23:00:00,301.8,20000200,301.8,20000200,299.4,19991200
1999-11-29 23:00:00,293.5,20000200,293.5,20000200,290.6,19991200
1999-11-30 23:00:00,293.0,20000200,293.0,20000200,290.1,19991200
1999-12-01 23:00:00,294.1,20000400,294.1,20000400,291.9,20000200
1999-12-02 23:00:00,289.1,20000400,289.1,20000400,287.1,20000200
1999-12-03 23:00:00,284.1,20000400,284.1,20000400,282.1,20000200
1999-12-06 23:00:00,280.1,20000400,280.1,20000400,278.2,20000200
1999-12-07 23:00:00,287.4,20000400,287.4,20000400,285.4,20000200
1999-12-08 23:00:00,286.1,20000400,286.1,20000400,284.1,20000200
1999-12-09 23:00:00,282.3,20000400,282.3,20000400,280.3,20000200
1999-12-10 23:00:00,283.0,20000400,283.0,20000400,281.0,20000200
1999-12-13 23:00:00,284.1,20000400,284.1,20000400,282.1,20000200
1999-12-14 23:00:00,284.0,20000400,284.0,20000400,282.0,20000200
1999-12-15 23:00:00,286.6,20000400,286.6,20000400,284.6,20000200
1999-12-16 23:00:00,285.8,20000400,285.8,20000400,283.8,20000200
1999-12-17 23:00:00,287.5,20000400,287.5,20000400,285.5,20000200
1999-12-20 23:00:00,288.1,20000400,288.1,20000400,286.0,20000200
1999-12-21 23:00:00,291.0,20000400,291.0,20000400,288.9,20000200
1999-12-22 23:00:00,290.8,20000400,290.8,20000400,288.7,20000200
1999-12-23 23:00:00,290.6,20000400,290.6,20000400,288.5,20000200
1999-12-27 23:00:00,291.9,20000400,291.9,20000400,289.8,20000200
1999-12-28 23:00:00,293.6,20000400,293.6,20000400,291.5,20000200
1999-12-29 23:00:00,294.5,20000400,294.5,20000400,292.4,20000200
1999-12-30 23:00:00,291.7,20000400,291.7,20000400,289.6,20000200
2000-01-04 23:00:00,285.7,20000400,285.7,20000400,283.7,20000200
2000-01-05 23:00:00,284.1,20000400,284.1,20000400,282.1,20000200
2000-01-06 23:00:00,284.4,20000400,284.4,20000400,282.4,20000200
2000-01-07 23:00:00,284.9,20000400,284.9,20000400,282.9,20000200
2000-01-10 23:00:00,284.7,20000400,284.7,20000400,282.7,20000200
2000-01-11 23:00:00,286.5,20000400,286.5,20000400,284.4,20000200
2000-01-12 23:00:00,285.9,20000400,285.9,20000400,283.7,20000200
2000-01-13 23:00:00,287.4,20000400,287.4,20000400,285.1,20000200
2000-01-14 23:00:00,287.3,20000400,287.3,20000400,284.9,20000200
2000-01-18 23:00:00,292.1,20000400,292.1,20000400,289.6,20000200
2000-01-19 23:00:00,292.9,20000400,292.9,20000400,290.3,20000200
2000-01-20 23:00:00,292.0,20000400,292.0,20000400,289.3,20000200
2000-01-21 23:00:00,292.3,20000400,292.3,20000400,289.7,20000200
2000-01-24 23:00:00,290.6,20000400,290.6,20000400,288.1,20000200
2000-01-25 23:00:00,289.0,20000400,289.0,20000400,286.6,20000200
2000-01-26 23:00:00,289.1,20000400,289.1,20000400,286.5,20000200
2000-01-27 23:00:00,289.9,20000400,289.9,20000400,287.1,20000200
2000-01-28 23:00:00,286.0,20000400,286.0,20000400,283.0,20000200
2000-01-31 23:00:00,286.2,20000400,286.2,20000400,283.2,20000200
2000-02-01 23:00:00,287.9,20000600,287.9,20000600,285.4,20000400
2000-02-02 23:00:00,290.2,20000600,290.2,20000600,287.7,20000400
2000-02-03 23:00:00,292.3,20000600,292.3,20000600,289.9,20000400
2000-02-04 23:00:00,315.6,20000600,315.6,20000600,313.0,20000400
2000-02-07 23:00:00,307.1,20000600,307.1,20000600,304.5,20000400
2000-02-08 23:00:00,304.2,20000600,304.2,20000600,301.7,20000400
2000-02-09 23:00:00,311.2,20000600,311.2,20000600,308.6,20000400
2000-02-10 23:00:00,321.2,20000600,321.2,20000600,318.7,20000400
2000-02-11 23:00:00,316.1,20000600,316.1,20000600,313.6,20000400
2000-02-14 23:00:00,313.5,20000600,313.5,20000600,311.0,20000400
2000-02-15 23:00:00,306.6,20000600,306.6,20000600,304.1,20000400
2000-02-16 23:00:00,307.5,20000600,307.5,20000600,305.0,20000400
2000-02-17 23:00:00,306.3,20000600,306.3,20000600,303.8,20000400
2000-02-18 23:00:00,309.8,20000600,309.8,20000600,307.3,20000400
2000-02-22 23:00:00,310.2,20000600,310.2,20000600,307.7,20000400
2000-02-23 23:00:00,304.8,20000600,304.8,20000600,302.4,20000400
2000-02-24 23:00:00,303.3,20000600,303.3,20000600,300.9,20000400
2000-02-25 23:00:00,296.8,20000600,296.8,20000600,294.6,20000400
2000-02-28 23:00:00,296.5,20000600,296.5,20000600,294.2,20000400
2000-02-29 23:00:00,296.6,20000600,296.6,20000600,294.2,20000400
2000-03-01 23:00:00,295.8,20000600,295.8,20000600,293.3,20000400
2000-03-02 23:00:00,292.1,20000600,292.1,20000600,289.7,20000400
2000-03-03 23:00:00,292.7,20000600,292.7,20000600,290.3,20000400
2000-03-06 23:00:00,291.8,20000600,291.8,20000600,289.4,20000400
2000-03-07 23:00:00,296.2,20000600,296.2,20000600,293.7,20000400
2000-03-08 23:00:00,293.0,20000600,293.0,20000600,290.4,20000400
2000-03-09 23:00:00,295.4,20000600,295.4,20000600,292.7,20000400
2000-03-10 23:00:00,292.8,20000600,292.8,20000600,290.0,20000400
2000-03-13 23:00:00,294.3,20000600,294.3,20000600,291.5,20000400
2000-03-14 23:00:00,292.4,20000600,292.4,20000600,289.7,20000400
2000-03-15 23:00:00,292.3,20000600,292.3,20000600,289.6,20000400
2000-03-16 23:00:00,289.6,20000600,289.6,20000600,287.0,20000400
2000-03-17 23:00:00,287.6,20000600,287.6,20000600,285.0,20000400
2000-03-20 23:00:00,289.2,20000600,289.2,20000600,286.5,20000400
2000-03-21 23:00:00,293.2,20000600,293.2,20000600,290.4,20000400
2000-03-22 23:00:00,291.1,20000600,291.1,20000600,288.3,20000400
2000-03-23 23:00:00,288.2,20000600,288.2,20000600,285.4,20000400
2000-03-24 23:00:00,287.9,20000600,287.9,20000600,285.1,20000400
2000-03-27 23:00:00,283.2,20000600,283.2,20000600,280.5,20000400
2000-03-28 23:00:00,282.2,20000600,282.2,20000600,279.5,20000400
2000-03-29 23:00:00,278.7,20000600,278.7,20000600,275.9,20000400
2000-03-30 23:00:00,281.7,20000800,281.7,20000800,279.1,20000600
2000-03-31 23:00:00,284.0,20000800,284.0,20000800,281.4,20000600
2000-04-03 23:00:00,283.0,20000800,283.0,20000800,280.4,20000600
2000-04-04 23:00:00,289.2,20000800,289.2,20000800,286.6,20000600
2000-04-05 23:00:00,286.4,20000800,286.4,20000800,283.8,20000600
2000-04-06 23:00:00,285.3,20000800,285.3,20000800,282.7,20000600
2000-04-07 23:00:00,285.1,20000800,285.1,20000800,282.5,20000600
2000-04-10 23:00:00,286.6,20000800,286.6,20000800,284.0,20000600
2000-04-11 23:00:00,286.3,20000800,286.3,20000800,283.7,20000600
2000-04-12 23:00:00,286.1,20000800,286.1,20000800,283.5,20000600
2000-04-13 23:00:00,285.8,20000800,285.8,20000800,283.2,20000600
2000-04-14 23:00:00,287.2,20000800,287.2,20000800,284.6,20000600
2000-04-17 23:00:00,286.8,20000800,286.8,20000800,284.2,20000600
2000-04-18 23:00:00,285.6,20000800,285.6,20000800,283.0,20000600
2000-04-19 23:00:00,285.1,20000800,285.1,20000800,282.5,20000600
2000-04-20 23:00:00,284.1,20000800,284.1,20000800,281.5,20000600
2000-04-24 23:00:00,283.8,20000800,283.8,20000800,281.2,20000600
2000-04-25 23:00:00,282.4,20000800,282.4,20000800,279.8,20000600
2000-04-26 23:00:00,279.8,20000800,279.8,20000800,277.1,20000600
2000-04-27 23:00:00,281.1,20000800,281.1,20000800,278.4,20000600
2000-04-28 23:00:00,277.4,20000800,277.4,20000800,274.7,20000600
2000-05-01 23:00:00,277.5,20000800,277.5,20000800,274.8,20000600
2000-05-02 23:00:00,279.7,20000800,279.7,20000800,277.0,20000600
2000-05-03 23:00:00,281.9,20000800,281.9,20000800,279.1,20000600
2000-05-04 23:00:00,284.0,20000800,284.0,20000800,281.2,20000600
2000-05-05 23:00:00,282.9,20000800,282.9,20000800,280.1,20000600
2000-05-08 23:00:00,280.3,20000800,280.3,20000800,277.6,20000600
2000-05-09 23:00:00,281.0,20000800,281.0,20000800,278.2,20000600
2000-05-10 23:00:00,281.5,20000800,281.5,20000800,278.7,20000600
2000-05-11 23:00:00,279.3,20000800,279.3,20000800,276.5,20000600
2000-05-12 23:00:00,279.7,20000800,279.7,20000800,276.9,20000600
2000-05-15 23:00:00,279.3,20000800,279.3,20000800,276.4,20000600
2000-05-16 23:00:00,279.1,20000800,279.1,20000800,276.2,20000600
2000-05-17 23:00:00,276.6,20000800,276.6,20000800,273.8,20000600
2000-05-18 23:00:00,276.5,20000800,276.5,20000800,273.7,20000600
2000-05-19 23:00:00,277.3,20000800,277.3,20000800,274.6,20000600
2000-05-22 23:00:00,278.9,20000800,278.9,20000800,276.2,20000600
2000-05-23 23:00:00,277.3,20000800,277.3,20000800,274.7,20000600
2000-05-24 23:00:00,276.5,20000800,276.5,20000800,273.8,20000600
2000-05-25 23:00:00,273.4,20000800,273.4,20000800,270.7,20000600
2000-05-26 23:00:00,275.0,20000800,275.0,20000800,272.2,20000600
2000-05-30 23:00:00,275.5,20000800,275.5,20000800,272.3,20000600
2000-05-31 23:00:00,277.8,20001000,277.8,20001000,274.8,20000800
2000-06-01 23:00:00,278.4,20001000,278.4,20001000,275.4,20000800
2000-06-02 23:00:00,287.1,20001000,287.1,20001000,284.2,20000800
2000-06-05 23:00:00,291.1,20001000,291.1,20001000,288.2,20000800
2000-06-06 23:00:00,294.8,20001000,294.8,20001000,291.8,20000800
2000-06-07 23:00:00,293.0,20001000,293.0,20001000,290.0,20000800
2000-06-08 23:00:00,289.8,20001000,289.8,20001000,286.8,20000800
2000-06-09 23:00:00,289.4,20001000,289.4,20001000,286.4,20000800
2000-06-12 23:00:00,292.1,20001000,292.1,20001000,289.1,20000800
2000-06-13 23:00:00,291.1,20001000,291.1,20001000,288.1,20000800
2000-06-14 23:00:00,297.2,20001000,297.2,20001000,294.2,20000800
2000-06-15 23:00:00,295.1,20001000,295.1,20001000,292.1,20000800
2000-06-16 23:00:00,294.1,20001000,294.1,20001000,291.2,20000800
2000-06-19 23:00:00,290.9,20001000,290.9,20001000,288.0,20000800
2000-06-20 23:00:00,291.0,20001000,291.0,20001000,288.1,20000800
2000-06-21 23:00:00,291.0,20001000,291.0,20001000,288.1,20000800
2000-06-22 23:00:00,290.0,20001000,290.0,20001000,287.2,20000800
2000-06-23 23:00:00,287.6,20001000,287.6,20001000,284.8,20000800
2000-06-26 23:00:00,288.3,20001000,288.3,20001000,285.5,20000800
2000-06-27 23:00:00,290.4,20001000,290.4,20001000,287.5,20000800
2000-06-28 23:00:00,297.3,20001000,297.3,20001000,294.3,20000800
2000-06-29 23:00:00,293.7,20001000,293.7,20001000,290.7,20000800
2000-06-30 23:00:00,294.5,20001000,294.5,20001000,291.5,20000800
2000-07-05 23:00:00,288.4,20001000,288.4,20001000,285.3,20000800
2000-07-06 23:00:00,287.7,20001000,287.7,20001000,284.6,20000800
2000-07-07 23:00:00,287.7,20001000,287.7,20001000,284.6,20000800
2000-07-10 23:00:00,288.0,20001000,288.0,20001000,284.9,20000800
2000-07-11 23:00:00,286.4,20001000,286.4,20001000,283.3,20000800
2000-07-12 23:00:00,284.4,20001000,284.4,20001000,281.4,20000800
2000-07-13 23:00:00,283.9,20001000,283.9,20001000,280.9,20000800
2000-07-14 23:00:00,284.9,20001000,284.9,20001000,281.9,20000800
2000-07-17 23:00:00,287.3,20001000,287.3,20001000,284.2,20000800
2000-07-18 23:00:00,286.2,20001000,286.2,20001000,283.1,20000800
2000-07-19 23:00:00,282.7,20001000,282.7,20001000,279.6,20000800
2000-07-20 23:00:00,283.5,20001000,283.5,20001000,280.4,20000800
2000-07-21 23:00:00,283.7,20001000,283.7,20001000,280.6,20000800
2000-07-24 23:00:00,282.5,20001000,282.5,20001000,279.3,20000800
2000-07-25 23:00:00,282.5,20001000,282.5,20001000,279.3,20000800
2000-07-26 23:00:00,282.9,20001000,282.9,20001000,279.7,20000800
2000-07-27 23:00:00,281.9,20001000,281.9,20001000,278.6,20000800
2000-07-28 23:00:00,281.2,20001000,281.2,20001000,277.7,20000800
2000-07-31 23:00:00,280.2,20001000,280.2,20001000,276.8,20000800
2000-08-01 23:00:00,283.2,20001200,283.2,20001200,280.2,20001000
2000-08-02 23:00:00,282.8,20001200,282.8,20001200,279.7,20001000
2000-08-03 23:00:00,279.5,20001200,279.5,20001200,276.4,20001000
2000-08-04 23:00:00,278.6,20001200,278.6,20001200,275.6,20001000
2000-08-07 23:00:00,279.1,20001200,279.1,20001200,276.1,20001000
2000-08-08 23:00:00,278.7,20001200,278.7,20001200,275.7,20001000
2000-08-09 23:00:00,277.3,20001200,277.3,20001200,274.4,20001000
2000-08-10 23:00:00,277.6,20001200,277.6,20001200,274.7,20001000
2000-08-11 23:00:00,280.3,20001200,280.3,20001200,277.4,20001000
2000-08-14 23:00:00,279.6,20001200,279.6,20001200,276.7,20001000
2000-08-15 23:00:00,279.6,20001200,279.6,20001200,276.7,20001000
2000-08-16 23:00:00,282.3,20001200,282.3,20001200,279.4,20001000
2000-08-17 23:00:00,282.6,20001200,282.6,20001200,279.7,20001000
2000-08-18 23:00:00,281.7,20001200,281.7,20001200,278.8,20001000
2000-08-21 23:00:00,280.0,20001200,280.0,20001200,277.1,20001000
2000-08-22 23:00:00,278.3,20001200,278.3,20001200,275.4,20001000
2000-08-23 23:00:00,275.7,20001200,275.7,20001200,272.8,20001000
2000-08-24 23:00:00,277.5,20001200,277.5,20001200,274.6,20001000
2000-08-25 23:00:00,278.6,20001200,278.6,20001200,275.7,20001000
2000-08-28 23:00:00,278.5,20001200,278.5,20001200,275.7,20001000
2000-08-29 23:00:00,277.5,20001200,277.5,20001200,274.7,20001000
2000-08-30 23:00:00,278.2,20001200,278.2,20001200,275.4,20001000
2000-08-31 23:00:00,282.1,20001200,282.1,20001200,279.6,20001000
2000-09-01 23:00:00,280.9,20001200,280.9,20001200,278.3,20001000
2000-09-05 23:00:00,279.7,20001200,279.7,20001200,277.1,20001000
2000-09-06 23:00:00,277.9,20001200,277.9,20001200,275.3,20001000
2000-09-07 23:00:00,277.7,20001200,277.7,20001200,275.1,20001000
2000-09-08 23:00:00,276.8,20001200,276.8,20001200,274.2,20001000
2000-09-11 23:00:00,276.8,20001200,276.8,20001200,274.0,20001000
2000-09-12 23:00:00,276.6,20001200,276.6,20001200,273.8,20001000
2000-09-13 23:00:00,276.5,20001200,276.5,20001200,273.7,20001000
2000-09-14 23:00:00,276.0,20001200,276.0,20001200,273.2,20001000
2000-09-15 23:00:00,275.8,20001200,275.8,20001200,273.0,20001000
2000-09-18 23:00:00,274.9,20001200,274.9,20001200,272.1,20001000
2000-09-19 23:00:00,275.4,20001200,275.4,20001200,272.6,20001000
2000-09-20 23:00:00,272.5,20001200,272.5,20001200,269.7,20001000
2000-09-21 23:00:00,273.5,20001200,273.5,20001200,270.8,20001000
2000-09-22 23:00:00,275.1,20001200,275.1,20001200,272.3,20001000
2000-09-25 23:00:00,277.3,20001200,277.3,20001200,274.4,20001000
2000-09-26 23:00:00,277.3,20001200,277.3,20001200,274.2,20001000
2000-09-27 23:00:00,281.6,20001200,281.6,20001200,278.4,20001000
2000-09-28 23:00:00,278.9,20001200,278.9,20001200,275.6,20001000
2000-09-29 23:00:00,279.6,20010200,279.6,20010200,276.9,20001200
2000-10-02 23:00:00,279.0,20010200,279.0,20010200,276.3,20001200
2000-10-03 23:00:00,277.5,20010200,277.5,20010200,274.8,20001200
2000-10-04 23:00:00,275.9,20010200,275.9,20010200,273.2,20001200
2000-10-05 23:00:00,276.1,20010200,276.1,20010200,273.4,20001200
2000-10-06 23:00:00,274.8,20010200,274.8,20010200,272.1,20001200
2000-10-09 23:00:00,275.6,20010200,275.6,20010200,272.9,20001200
2000-10-10 23:00:00,277.8,20010200,277.8,20010200,275.1,20001200
2000-10-11 23:00:00,275.7,20010200,275.7,20010200,273.0,20001200
2000-10-12 23:00:00,281.5,20010200,281.5,20010200,278.8,20001200
2000-10-13 23:00:00,277.5,20010200,277.5,20010200,274.8,20001200
2000-10-16 23:00:00,276.6,20010200,276.6,20010200,273.9,20001200
2000-10-17 23:00:00,276.1,20010200,276.1,20010200,273.4,20001200
2000-10-18 23:00:00,275.3,20010200,275.3,20010200,272.6,20001200
2000-10-19 23:00:00,275.0,20010200,275.0,20010200,272.3,20001200
2000-10-20 23:00:00,276.0,20010200,276.0,20010200,273.3,20001200
2000-10-23 23:00:00,274.7,20010200,274.7,20010200,272.0,20001200
2000-10-24 23:00:00,274.8,20010200,274.8,20010200,272.1,20001200
2000-10-25 23:00:00,270.6,20010200,270.6,20010200,267.9,20001200
2000-10-26 23:00:00,269.3,20010200,269.3,20010200,266.6,20001200
2000-10-27 23:00:00,268.6,20010200,268.6,20010200,265.9,20001200
2000-10-30 23:00:00,268.5,20010200,268.5,20010200,265.8,20001200
2000-10-31 23:00:00,269.0,20010200,269.0,20010200,266.4,20001200
2000-11-01 23:00:00,268.0,20010200,268.0,20010200,265.4,20001200
2000-11-02 23:00:00,268.5,20010200,268.5,20010200,265.9,20001200
2000-11-03 23:00:00,268.7,20010200,268.7,20010200,266.1,20001200
2000-11-06 23:00:00,268.5,20010200,268.5,20010200,266.0,20001200
2000-11-07 23:00:00,268.0,20010200,268.0,20010200,265.4,20001200
2000-11-08 23:00:00,268.7,20010200,268.7,20010200,266.1,20001200
2000-11-09 23:00:00,269.5,20010200,269.5,20010200,266.9,20001200
2000-11-10 23:00:00,268.1,20010200,268.1,20010200,265.5,20001200
2000-11-13 23:00:00,268.0,20010200,268.0,20010200,265.3,20001200
2000-11-14 23:00:00,268.1,20010200,268.1,20010200,265.4,20001200
2000-11-15 23:00:00,268.3,20010200,268.3,20010200,265.6,20001200
2000-11-16 23:00:00,269.0,20010200,269.0,20010200,266.3,20001200
2000-11-17 23:00:00,268.9,20010200,268.9,20010200,266.2,20001200
2000-11-20 23:00:00,269.5,20010200,269.5,20010200,266.8,20001200
2000-11-21 23:00:00,268.7,20010200,268.7,20010200,266.1,20001200
2000-11-22 23:00:00,269.3,20010200,269.3,20010200,266.7,20001200
2000-11-27 23:00:00,273.0,20010200,273.0,20010200,270.3,20001200
2000-11-28 23:00:00,272.6,20010200,272.6,20010200,269.8,20001200
2000-11-29 23:00:00,272.3,20010400,272.3,20010400,269.6,20010200
2000-11-30 23:00:00,275.9,20010400,275.9,20010400,273.3,20010200
2000-12-01 23:00:00,274.5,20010400,274.5,20010400,271.9,20010200
2000-12-04 23:00:00,276.4,20010400,276.4,20010400,273.8,20010200
2000-12-05 23:00:00,275.8,20010400,275.8,20010400,273.3,20010200
2000-12-06 23:00:00,279.8,20010400,279.8,20010400,277.3,20010200
2000-12-07 23:00:00,278.6,20010400,278.6,20010400,276.1,20010200
2000-12-08 23:00:00,277.6,20010400,277.6,20010400,275.1,20010200
2000-12-11 23:00:00,275.6,20010400,275.6,20010400,273.1,20010200
2000-12-12 23:00:00,275.7,20010400,275.7,20010400,273.2,20010200
2000-12-13 23:00:00,273.7,20010400,273.7,20010400,271.2,20010200
2000-12-14 23:00:00,274.0,20010400,274.0,20010400,271.5,20010200
2000-12-15 23:00:00,275.4,20010400,275.4,20010400,272.9,20010200
2000-12-18 23:00:00,274.5,20010400,274.5,20010400,272.0,20010200
2000-12-19 23:00:00,274.5,20010400,274.5,20010400,272.0,20010200
2000-12-20 23:00:00,277.2,20010400,277.2,20010400,274.7,20010200
2000-12-21 23:00:00,278.2,20010400,278.2,20010400,275.7,20010200
2000-12-22 23:00:00,278.0,20010400,278.0,20010400,275.5,20010200
2000-12-26 23:00:00,278.4,20010400,278.4,20010400,275.9,20010200
2000-12-27 23:00:00,279.5,20010400,279.5,20010400,276.9,20010200
2000-12-28 23:00:00,276.3,20010400,276.3,20010400,273.7,20010200
2000-12-29 23:00:00,276.2,20010400,276.2,20010400,273.6,20010200
2001-01-02 23:00:00,272.6,20010400,272.6,20010400,270.0,20010200
2001-01-03 23:00:00,271.8,20010400,271.8,20010400,269.3,20010200
2001-01-04 23:00:00,270.7,20010400,270.7,20010400,268.4,20010200
2001-01-05 23:00:00,271.3,20010400,271.3,20010400,269.0,20010200
2001-01-08 23:00:00,271.3,20010400,271.3,20010400,269.0,20010200
2001-01-09 23:00:00,270.8,20010400,270.8,20010400,268.5,20010200
2001-01-10 23:00:00,267.9,20010400,267.9,20010400,265.6,20010200
2001-01-11 23:00:00,267.1,20010400,267.1,20010400,264.8,20010200
2001-01-12 23:00:00,267.0,20010400,267.0,20010400,264.6,20010200
2001-01-16 23:00:00,266.3,20010400,266.3,20010400,263.9,20010200
2001-01-17 23:00:00,266.1,20010400,266.1,20010400,263.8,20010200
2001-01-18 23:00:00,267.2,20010400,267.2,20010400,264.8,20010200
2001-01-19 23:00:00,267.3,20010400,267.3,20010400,264.9,20010200
2001-01-22 23:00:00,269.5,20010400,269.5,20010400,267.0,20010200
2001-01-23 23:00:00,269.2,20010400,269.2,20010400,266.7,20010200
2001-01-24 23:00:00,267.0,20010400,267.0,20010400,264.6,20010200
2001-01-25 23:00:00,267.2,20010400,267.2,20010400,264.8,20010200
2001-01-26 23:00:00,265.2,20010400,265.2,20010400,262.9,20010200
2001-01-29 23:00:00,265.2,20010400,265.2,20010400,262.8,20010200
2001-01-30 23:00:00,268.0,20010400,268.0,20010400,265.5,20010200
2001-01-31 23:00:00,270.1,20010600,270.1,20010600,268.0,20010400
2001-02-01 23:00:00,272.8,20010600,272.8,20010600,270.7,20010400
2001-02-02 23:00:00,271.4,20010600,271.4,20010600,269.3,20010400
2001-02-05 23:00:00,269.5,20010600,269.5,20010600,267.4,20010400
2001-02-06 23:00:00,267.5,20010600,267.5,20010600,265.4,20010400
2001-02-07 23:00:00,267.0,20010600,267.0,20010600,264.9,20010400
2001-02-08 23:00:00,264.4,20010600,264.4,20010600,262.2,20010400
2001-02-09 23:00:00,264.2,20010600,264.2,20010600,262.0,20010400
2001-02-12 23:00:00,264.8,20010600,264.8,20010600,262.7,20010400
2001-02-13 23:00:00,264.3,20010600,264.3,20010600,262.2,20010400
2001-02-14 23:00:00,263.3,20010600,263.3,20010600,261.2,20010400
2001-02-15 23:00:00,259.0,20010600,259.0,20010600,256.9,20010400
2001-02-16 23:00:00,261.9,20010600,261.9,20010600,259.8,20010400
2001-02-20 23:00:00,259.7,20010600,259.7,20010600,257.6,20010400
2001-02-21 23:00:00,261.5,20010600,261.5,20010600,259.4,20010400
2001-02-22 23:00:00,261.8,20010600,261.8,20010600,259.8,20010400
2001-02-23 23:00:00,264.0,20010600,264.0,20010600,262.1,20010400
2001-02-26 23:00:00,268.5,20010600,268.5,20010600,266.8,20010400
2001-02-27 23:00:00,270.1,20010600,270.1,20010600,268.4,20010400
2001-02-28 23:00:00,269.8,20010600,269.8,20010600,267.8,20010400
2001-03-01 23:00:00,268.3,20010600,268.3,20010600,266.2,20010400
2001-03-02 23:00:00,265.1,20010600,265.1,20010600,263.1,20010400
2001-03-05 23:00:00,265.4,20010600,265.4,20010600,263.5,20010400
2001-03-06 23:00:00,262.8,20010600,262.8,20010600,260.9,20010400
2001-03-07 23:00:00,264.1,20010600,264.1,20010600,262.4,20010400
2001-03-08 23:00:00,267.8,20010600,267.8,20010600,266.1,20010400
2001-03-09 23:00:00,273.1,20010600,273.1,20010600,271.5,20010400
2001-03-12 23:00:00,274.1,20010600,274.1,20010600,272.3,20010400
2001-03-13 23:00:00,269.5,20010600,269.5,20010600,267.5,20010400
2001-03-14 23:00:00,264.9,20010600,264.9,20010600,262.9,20010400
2001-03-15 23:00:00,262.3,20010600,262.3,20010600,260.3,20010400
2001-03-16 23:00:00,260.4,20010600,260.4,20010600,258.4,20010400
2001-03-19 23:00:00,262.0,20010600,262.0,20010600,260.1,20010400
2001-03-20 23:00:00,262.8,20010600,262.8,20010600,260.8,20010400
2001-03-21 23:00:00,264.1,20010600,264.1,20010600,262.2,20010400
2001-03-22 23:00:00,263.3,20010600,263.3,20010600,261.4,20010400
2001-03-23 23:00:00,263.6,20010600,263.6,20010600,261.7,20010400
2001-03-26 23:00:00,264.0,20010600,264.0,20010600,262.1,20010400
2001-03-27 23:00:00,263.0,20010600,263.0,20010600,261.1,20010400
2001-03-28 23:00:00,261.5,20010600,261.5,20010600,259.7,20010400
2001-03-29 23:00:00,260.4,20010600,260.4,20010600,258.8,20010400
2001-03-30 23:00:00,260.7,20010800,260.7,20010800,259.2,20010600
2001-04-02 23:00:00,258.0,20010800,258.0,20010800,256.6,20010600
2001-04-03 23:00:00,259.3,20010800,259.3,20010800,257.9,20010600
2001-04-04 23:00:00,260.7,20010800,260.7,20010800,259.4,20010600
2001-04-05 23:00:00,260.5,20010800,260.5,20010800,259.1,20010600
2001-04-06 23:00:00,262.3,20010800,262.3,20010800,260.9,20010600
2001-04-09 23:00:00,260.6,20010800,260.6,20010800,259.2,20010600
2001-04-10 23:00:00,259.6,20010800,259.6,20010800,258.2,20010600
2001-04-11 23:00:00,260.9,20010800,260.9,20010800,259.6,20010600
2001-04-12 23:00:00,262.1,20010800,262.1,20010800,260.9,20010600
2001-04-16 23:00:00,265.4,20010800,265.4,20010800,264.1,20010600
2001-04-17 23:00:00,263.1,20010800,263.1,20010800,261.8,20010600
2001-04-18 23:00:00,263.3,20010800,263.3,20010800,262.0,20010600
2001-04-19 23:00:00,267.2,20010800,267.2,20010800,266.0,20010600
2001-04-20 23:00:00,266.5,20010800,266.5,20010800,265.4,20010600
2001-04-23 23:00:00,265.3,20010800,265.3,20010800,264.3,20010600
2001-04-24 23:00:00,265.7,20010800,265.7,20010800,264.7,20010600
2001-04-25 23:00:00,263.6,20010800,263.6,20010800,262.6,20010600
2001-04-26 23:00:00,265.5,20010800,265.5,20010800,264.5,20010600
2001-04-27 23:00:00,265.3,20010800,265.3,20010800,264.3,20010600
2001-04-30 23:00:00,265.4,20010800,265.4,20010800,264.4,20010600
2001-05-01 23:00:00,265.8,20010800,265.8,20010800,264.8,20010600
2001-05-02 23:00:00,266.8,20010800,266.8,20010800,265.8,20010600
2001-05-03 23:00:00,267.7,20010800,267.7,20010800,266.7,20010600
2001-05-04 23:00:00,267.4,20010800,267.4,20010800,266.5,20010600
2001-05-07 23:00:00,267.4,20010800,267.4,20010800,266.5,20010600
2001-05-08 23:00:00,266.4,20010800,266.4,20010800,265.5,20010600
2001-05-09 23:00:00,271.4,20010800,271.4,20010800,270.4,20010600
2001-05-10 23:00:00,270.5,20010800,270.5,20010800,269.5,20010600
2001-05-11 23:00:00,269.4,20010800,269.4,20010800,268.3,20010600
2001-05-14 23:00:00,269.7,20010800,269.7,20010800,268.7,20010600
2001-05-15 23:00:00,269.5,20010800,269.5,20010800,268.5,20010600
2001-05-16 23:00:00,273.3,20010800,273.3,20010800,272.4,20010600
2001-05-17 23:00:00,275.0,20010800,275.0,20010800,274.0,20010600
2001-05-18 23:00:00,288.9,20010800,288.9,20010800,287.8,20010600
2001-05-21 23:00:00,286.8,20010800,286.8,20010800,285.8,20010600
2001-05-22 23:00:00,286.5,20010800,286.5,20010800,285.5,20010600
2001-05-23 23:00:00,285.0,20010800,285.0,20010800,284.0,20010600
2001-05-24 23:00:00,280.3,20010800,280.3,20010800,279.4,20010600
2001-05-25 23:00:00,279.1,20010800,279.1,20010800,278.2,20010600
2001-05-29 23:00:00,275.1,20010800,275.1,20010800,273.9,20010600
2001-05-30 23:00:00,267.4,20010800,267.4,20010800,265.7,20010600
2001-05-31 23:00:00,267.9,20011000,267.9,20011000,266.9,20010800
2001-06-01 23:00:00,269.0,20011000,269.0,20011000,268.0,20010800
2001-06-04 23:00:00,267.5,20011000,267.5,20011000,266.5,20010800
2001-06-05 23:00:00,268.1,20011000,268.1,20011000,267.1,20010800
2001-06-06 23:00:00,268.0,20011000,268.0,20011000,267.0,20010800
2001-06-07 23:00:00,268.3,20011000,268.3,20011000,267.3,20010800
2001-06-08 23:00:00,275.5,20011000,275.5,20011000,274.5,20010800
2001-06-11 23:00:00,269.9,20011000,269.9,20011000,268.9,20010800
2001-06-12 23:00:00,273.6,20011000,273.6,20011000,272.6,20010800
2001-06-13 23:00:00,274.1,20011000,274.1,20011000,273.1,20010800
2001-06-14 23:00:00,277.4,20011000,277.4,20011000,276.4,20010800
2001-06-15 23:00:00,273.3,20011000,273.3,20011000,272.3,20010800
2001-06-18 23:00:00,274.4,20011000,274.4,20011000,273.4,20010800
2001-06-19 23:00:00,275.4,20011000,275.4,20011000,274.4,20010800
2001-06-20 23:00:00,274.4,20011000,274.4,20011000,273.4,20010800
2001-06-21 23:00:00,274.6,20011000,274.6,20011000,273.6,20010800
2001-06-22 23:00:00,274.3,20011000,274.3,20011000,273.3,20010800
2001-06-25 23:00:00,275.7,20011000,275.7,20011000,274.7,20010800
2001-06-26 23:00:00,278.0,20011000,278.0,20011000,277.0,20010800
2001-06-27 23:00:00,273.8,20011000,273.8,20011000,272.8,20010800
2001-06-28 23:00:00,271.1,20011000,271.1,20011000,270.0,20010800
2001-06-29 23:00:00,272.5,20011000,272.5,20011000,271.3,20010800
2001-07-02 23:00:00,271.3,20011000,271.3,20011000,270.1,20010800
2001-07-03 23:00:00,269.5,20011000,269.5,20011000,268.3,20010800
2001-07-05 23:00:00,266.9,20011000,266.9,20011000,265.8,20010800
2001-07-06 23:00:00,267.7,20011000,267.7,20011000,266.6,20010800
2001-07-09 23:00:00,268.2,20011000,268.2,20011000,267.0,20010800
2001-07-10 23:00:00,267.9,20011000,267.9,20011000,266.7,20010800
2001-07-11 23:00:00,270.0,20011000,270.0,20011000,268.8,20010800
2001-07-12 23:00:00,268.3,20011000,268.3,20011000,267.1,20010800
2001-07-13 23:00:00,268.9,20011000,268.9,20011000,267.6,20010800
2001-07-16 23:00:00,268.6,20011000,268.6,20011000,267.4,20010800
2001-07-17 23:00:00,269.9,20011000,269.9,20011000,268.6,20010800
2001-07-18 23:00:00,272.1,20011000,272.1,20011000,270.8,20010800
2001-07-19 23:00:00,271.1,20011000,271.1,20011000,269.7,20010800
2001-07-20 23:00:00,271.6,20011000,271.6,20011000,270.2,20010800
2001-07-23 23:00:00,270.5,20011000,270.5,20011000,269.1,20010800
2001-07-24 23:00:00,271.4,20011000,271.4,20011000,270.0,20010800
2001-07-25 23:00:00,269.2,20011000,269.2,20011000,267.8,20010800
2001-07-26 23:00:00,267.7,20011000,267.7,20011000,266.3,20010800
2001-07-27 23:00:00,268.9,20011000,268.9,20011000,267.4,20010800
2001-07-30 23:00:00,266.3,20011000,266.3,20011000,264.6,20010800
2001-07-31 23:00:00,269.2,20011200,269.2,20011200,267.9,20011000
2001-08-01 23:00:00,270.3,20011200,270.3,20011200,269.0,20011000
2001-08-02 23:00:00,270.3,20011200,270.3,20011200,269.0,20011000
2001-08-03 23:00:00,270.8,20011200,270.8,20011200,269.5,20011000
2001-08-06 23:00:00,269.9,20011200,269.9,20011200,268.6,20011000
2001-08-07 23:00:00,269.9,20011200,269.9,20011200,268.6,20011000
2001-08-08 23:00:00,270.7,20011200,270.7,20011200,269.3,20011000
2001-08-09 23:00:00,276.2,20011200,276.2,20011200,274.8,20011000
2001-08-10 23:00:00,276.8,20011200,276.8,20011200,275.4,20011000
2001-08-13 23:00:00,278.6,20011200,278.6,20011200,277.2,20011000
2001-08-14 23:00:00,279.1,20011200,279.1,20011200,277.7,20011000
2001-08-15 23:00:00,278.4,20011200,278.4,20011200,277.0,20011000
2001-08-16 23:00:00,277.9,20011200,277.9,20011200,276.4,20011000
2001-08-17 23:00:00,282.0,20011200,282.0,20011200,280.5,20011000
2001-08-20 23:00:00,278.6,20011200,278.6,20011200,277.1,20011000
2001-08-21 23:00:00,277.4,20011200,277.4,20011200,276.0,20011000
2001-08-22 23:00:00,277.3,20011200,277.3,20011200,275.9,20011000
2001-08-23 23:00:00,277.7,20011200,277.7,20011200,276.3,20011000
2001-08-24 23:00:00,274.9,20011200,274.9,20011200,273.5,20011000
2001-08-27 23:00:00,274.9,20011200,274.9,20011200,273.5,20011000
2001-08-28 23:00:00,274.4,20011200,274.4,20011200,273.0,20011000
2001-08-29 23:00:00,275.8,20011200,275.8,20011200,274.4,20011000
2001-08-30 23:00:00,277.5,20011200,277.5,20011200,276.1,20011000
2001-08-31 23:00:00,276.5,20011200,276.5,20011200,275.1,20011000
2001-09-04 23:00:00,273.7,20011200,273.7,20011200,272.3,20011000
2001-09-05 23:00:00,274.1,20011200,274.1,20011200,272.7,20011000
2001-09-06 23:00:00,275.0,20011200,275.0,20011200,273.7,20011000
2001-09-07 23:00:00,275.1,20011200,275.1,20011200,273.8,20011000
2001-09-10 23:00:00,273.7,20011200,273.7,20011200,272.3,20011000
2001-09-11 23:00:00,273.7,20011200,273.7,20011200,272.3,20011000
2001-09-14 23:00:00,292.3,20011200,292.3,20011200,291.1,20011000
2001-09-17 23:00:00,291.5,20011200,291.5,20011200,290.3,20011000
2001-09-18 23:00:00,289.7,20011200,289.7,20011200,288.6,20011000
2001-09-19 23:00:00,292.3,20011200,292.3,20011200,291.5,20011000
2001-09-20 23:00:00,289.8,20011200,289.8,20011200,289.0,20011000
2001-09-21 23:00:00,292.9,20011200,292.9,20011200,291.9,20011000
2001-09-24 23:00:00,290.9,20011200,290.9,20011200,289.7,20011000
2001-09-25 23:00:00,291.8,20011200,291.8,20011200,290.5,20011000
2001-09-26 23:00:00,294.8,20011200,294.8,20011200,293.3,20011000
2001-09-27 23:00:00,293.2,20011200,293.2,20011200,291.7,20011000
2001-09-28 23:00:00,294.0,20011200,294.0,20011200,292.4,20011000
2001-10-01 23:00:00,293.5,20020200,293.5,20020200,293.2,20011200
2001-10-02 23:00:00,291.3,20020200,291.3,20020200,290.9,20011200
2001-10-03 23:00:00,292.0,20020200,292.0,20020200,291.6,20011200
2001-10-04 23:00:00,292.1,20020200,292.1,20020200,291.6,20011200
2001-10-05 23:00:00,292.9,20020200,292.9,20020200,292.5,20011200
2001-10-08 23:00:00,293.8,20020200,293.8,20020200,293.4,20011200
2001-10-09 23:00:00,290.1,20020200,290.1,20020200,289.7,20011200
2001-10-10 23:00:00,287.1,20020200,287.1,20020200,286.7,20011200
2001-10-11 23:00:00,283.0,20020200,283.0,20020200,282.6,20011200
2001-10-12 23:00:00,286.1,20020200,286.1,20020200,285.7,20011200
2001-10-15 23:00:00,283.1,20020200,283.1,20020200,282.7,20011200
2001-10-16 23:00:00,283.3,20020200,283.3,20020200,282.9,20011200
2001-10-17 23:00:00,284.4,20020200,284.4,20020200,284.0,20011200
2001-10-18 23:00:00,280.3,20020200,280.3,20020200,279.8,20011200
2001-10-19 23:00:00,281.2,20020200,281.2,20020200,280.7,20011200
2001-10-22 23:00:00,276.6,20020200,276.6,20020200,276.1,20011200
2001-10-23 23:00:00,277.0,20020200,277.0,20020200,276.5,20011200
2001-10-24 23:00:00,276.8,20020200,276.8,20020200,276.3,20011200
2001-10-25 23:00:00,278.7,20020200,278.7,20020200,278.2,20011200
2001-10-26 23:00:00,278.8,20020200,278.8,20020200,278.3,20011200
2001-10-29 23:00:00,280.2,20020200,280.2,20020200,279.7,20011200
2001-10-30 23:00:00,281.7,20020200,281.7,20020200,281.2,20011200
2001-10-31 23:00:00,281.1,20020200,281.1,20020200,280.5,20011200
2001-11-01 23:00:00,281.3,20020200,281.3,20020200,280.7,20011200
2001-11-02 23:00:00,281.4,20020200,281.4,20020200,280.8,20011200
2001-11-05 23:00:00,280.1,20020200,280.1,20020200,279.5,20011200
2001-11-06 23:00:00,280.8,20020200,280.8,20020200,280.2,20011200
2001-11-07 23:00:00,281.8,20020200,281.8,20020200,281.3,20011200
2001-11-08 23:00:00,277.6,20020200,277.6,20020200,277.1,20011200
2001-11-09 23:00:00,278.3,20020200,278.3,20020200,277.7,20011200
2001-11-12 23:00:00,279.3,20020200,279.3,20020200,278.6,20011200
2001-11-13 23:00:00,278.7,20020200,278.7,20020200,278.0,20011200
2001-11-14 23:00:00,278.7,20020200,278.7,20020200,278.0,20011200
2001-11-15 23:00:00,276.1,20020200,276.1,20020200,275.3,20011200
2001-11-16 23:00:00,275.7,20020200,275.7,20020200,274.9,20011200
2001-11-19 23:00:00,273.7,20020200,273.7,20020200,272.9,20011200
2001-11-20 23:00:00,274.0,20020200,274.0,20020200,273.2,20011200
2001-11-21 23:00:00,274.0,20020200,274.0,20020200,273.1,20011200
2001-11-26 23:00:00,273.5,20020200,273.5,20020200,272.5,20011200
2001-11-27 23:00:00,274.3,20020200,274.3,20020200,273.4,20011200
2001-11-28 23:00:00,275.1,20020200,275.1,20020200,274.1,20011200
2001-11-29 23:00:00,275.3,20020400,275.3,20020400,274.7,20020200
2001-11-30 23:00:00,275.4,20020400,275.4,20020400,274.9,20020200
2001-12-03 23:00:00,278.4,20020400,278.4,20020400,277.9,20020200
2001-12-04 23:00:00,276.8,20020400,276.8,20020400,276.3,20020200
2001-12-05 23:00:00,275.2,20020400,275.2,20020400,274.6,20020200
2001-12-06 23:00:00,275.6,20020400,275.6,20020400,275.0,20020200
2001-12-07 23:00:00,275.3,20020400,275.3,20020400,274.7,20020200
2001-12-10 23:00:00,273.6,20020400,273.6,20020400,273.0,20020200
2001-12-11 23:00:00,273.5,20020400,273.5,20020400,272.9,20020200
2001-12-12 23:00:00,275.1,20020400,275.1,20020400,274.5,20020200
2001-12-13 23:00:00,275.2,20020400,275.2,20020400,274.6,20020200
2001-12-14 23:00:00,279.2,20020400,279.2,20020400,278.6,20020200
2001-12-17 23:00:00,278.9,20020400,278.9,20020400,278.3,20020200
2001-12-18 23:00:00,281.4,20020400,281.4,20020400,280.9,20020200
2001-12-19 23:00:00,276.5,20020400,276.5,20020400,276.0,20020200
2001-12-20 23:00:00,277.0,20020400,277.0,20020400,276.5,20020200
2001-12-21 23:00:00,278.8,20020400,278.8,20020400,278.3,20020200
2001-12-26 23:00:00,280.1,20020400,280.1,20020400,279.6,20020200
2001-12-27 23:00:00,278.3,20020400,278.3,20020400,277.7,20020200
2001-12-28 23:00:00,277.4,20020400,277.4,20020400,276.8,20020200
2001-12-31 23:00:00,279.6,20020400,279.6,20020400,279.0,20020200
2002-01-02 23:00:00,279.8,20020400,279.8,20020400,279.2,20020200
2002-01-03 23:00:00,279.1,20020400,279.1,20020400,278.5,20020200
2002-01-04 23:00:00,279.8,20020400,279.8,20020400,279.2,20020200
2002-01-07 23:00:00,279.5,20020400,279.5,20020400,278.9,20020200
2002-01-08 23:00:00,279.8,20020400,279.8,20020400,279.2,20020200
2002-01-09 23:00:00,284.4,20020400,284.4,20020400,283.7,20020200
2002-01-10 23:00:00,288.2,20020400,288.2,20020400,287.4,20020200
2002-01-11 23:00:00,288.5,20020400,288.5,20020400,287.7,20020200
2002-01-14 23:00:00,286.4,20020400,286.4,20020400,285.7,20020200
2002-01-15 23:00:00,285.4,20020400,285.4,20020400,284.7,20020200
2002-01-16 23:00:00,288.4,20020400,288.4,20020400,287.6,20020200
2002-01-17 23:00:00,285.5,20020400,285.5,20020400,284.7,20020200
2002-01-18 23:00:00,284.2,20020400,284.2,20020400,283.4,20020200
2002-01-22 23:00:00,282.7,20020400,282.7,20020400,281.8,20020200
2002-01-23 23:00:00,279.8,20020400,279.8,20020400,278.9,20020200
2002-01-24 23:00:00,279.4,20020400,279.4,20020400,278.4,20020200
2002-01-25 23:00:00,280.1,20020400,280.1,20020400,279.1,20020200
2002-01-28 23:00:00,279.5,20020400,279.5,20020400,278.5,20020200
2002-01-29 23:00:00,282.4,20020400,282.4,20020400,281.4,20020200
2002-01-30 23:00:00,283.5,20020600,283.5,20020600,282.9,20020400
2002-01-31 23:00:00,283.6,20020600,283.6,20020600,282.9,20020400
2002-02-01 23:00:00,287.5,20020600,287.5,20020600,286.8,20020400
2002-02-04 23:00:00,290.8,20020600,290.8,20020600,290.1,20020400
2002-02-05 23:00:00,299.8,20020600,299.8,20020600,299.1,20020400
2002-02-06 23:00:00,299.0,20020600,299.0,20020600,298.3,20020400
2002-02-07 23:00:00,301.2,20020600,301.2,20020600,300.6,20020400
2002-02-08 23:00:00,304.9,20020600,304.9,20020600,304.4,20020400
2002-02-11 23:00:00,301.3,20020600,301.3,20020600,300.8,20020400
2002-02-12 23:00:00,301.9,20020600,301.9,20020600,301.3,20020400
2002-02-13 23:00:00,300.6,20020600,300.6,20020600,300.0,20020400
2002-02-14 23:00:00,300.8,20020600,300.8,20020600,300.2,20020400
2002-02-15 23:00:00,299.5,20020600,299.5,20020600,298.9,20020400
2002-02-19 23:00:00,294.3,20020600,294.3,20020600,293.6,20020400
2002-02-20 23:00:00,293.3,20020600,293.3,20020600,292.6,20020400
2002-02-21 23:00:00,294.2,20020600,294.2,20020600,293.5,20020400
2002-02-22 23:00:00,294.2,20020600,294.2,20020600,293.5,20020400
2002-02-25 23:00:00,293.7,20020600,293.7,20020600,292.9,20020400
2002-02-26 23:00:00,299.0,20020600,299.0,20020600,298.2,20020400
2002-02-27 23:00:00,297.4,20020600,297.4,20020600,296.6,20020400
2002-02-28 23:00:00,297.9,20020600,297.9,20020600,297.1,20020400
2002-03-01 23:00:00,299.2,20020600,299.2,20020600,298.4,20020400
2002-03-04 23:00:00,297.9,20020600,297.9,20020600,297.1,20020400
2002-03-05 23:00:00,295.2,20020600,295.2,20020600,294.4,20020400
2002-03-06 23:00:00,294.8,20020600,294.8,20020600,293.9,20020400
2002-03-07 23:00:00,291.4,20020600,291.4,20020600,290.5,20020400
2002-03-08 23:00:00,291.2,20020600,291.2,20020600,290.3,20020400
2002-03-11 23:00:00,292.2,20020600,292.2,20020600,291.3,20020400
2002-03-12 23:00:00,294.8,20020600,294.8,20020600,293.8,20020400
2002-03-13 23:00:00,294.8,20020600,294.8,20020600,293.8,20020400
2002-03-14 23:00:00,292.3,20020600,292.3,20020600,291.2,20020400
2002-03-15 23:00:00,291.2,20020600,291.2,20020600,290.1,20020400
2002-03-18 23:00:00,293.4,20020600,293.4,20020600,292.3,20020400
2002-03-19 23:00:00,294.1,20020600,294.1,20020600,293.0,20020400
2002-03-20 23:00:00,293.5,20020600,293.5,20020600,292.4,20020400
2002-03-21 23:00:00,294.2,20020600,294.2,20020600,293.1,20020400
2002-03-22 23:00:00,298.7,20020600,298.7,20020600,297.6,20020400
2002-03-25 23:00:00,298.9,20020600,298.9,20020600,297.7,20020400
2002-03-26 23:00:00,298.0,20020600,298.0,20020600,296.8,20020400
2002-03-27 23:00:00,303.3,20020600,303.3,20020600,302.2,20020400
2002-03-28 23:00:00,303.7,20020600,303.7,20020600,302.6,20020400
2002-04-01 23:00:00,304.2,20020600,304.2,20020600,303.2,20020400
2002-04-02 23:00:00,307.9,20020800,307.9,20020800,307.0,20020600
2002-04-03 23:00:00,304.4,20020800,304.4,20020800,303.5,20020600
2002-04-04 23:00:00,302.9,20020800,302.9,20020800,302.0,20020600
2002-04-05 23:00:00,301.9,20020800,301.9,20020800,301.0,20020600
2002-04-08 23:00:00,302.2,20020800,302.2,20020800,301.3,20020600
2002-04-09 23:00:00,300.4,20020800,300.4,20020800,299.5,20020600
2002-04-10 23:00:00,303.4,20020800,303.4,20020800,302.5,20020600
2002-04-11 23:00:00,303.9,20020800,303.9,20020800,303.0,20020600
2002-04-12 23:00:00,303.8,20020800,303.8,20020800,302.9,20020600
2002-04-15 23:00:00,301.6,20020800,301.6,20020800,300.7,20020600
2002-04-16 23:00:00,300.4,20020800,300.4,20020800,299.5,20020600
2002-04-17 23:00:00,303.7,20020800,303.7,20020800,302.8,20020600
2002-04-18 23:00:00,306.0,20020800,306.0,20020800,305.2,20020600
2002-04-19 23:00:00,303.8,20020800,303.8,20020800,303.0,20020600
2002-04-22 23:00:00,304.4,20020800,304.4,20020800,303.6,20020600
2002-04-23 23:00:00,305.4,20020800,305.4,20020800,304.6,20020600
2002-04-24 23:00:00,305.7,20020800,305.7,20020800,304.8,20020600
2002-04-25 23:00:00,309.5,20020800,309.5,20020800,308.6,20020600
2002-04-26 23:00:00,313.0,20020800,313.0,20020800,312.1,20020600
2002-04-29 23:00:00,312.4,20020800,312.4,20020800,311.5,20020600
2002-04-30 23:00:00,310.2,20020800,310.2,20020800,309.2,20020600
2002-05-01 23:00:00,310.4,20020800,310.4,20020800,309.4,20020600
2002-05-02 23:00:00,309.6,20020800,309.6,20020800,308.6,20020600
2002-05-03 23:00:00,313.5,20020800,313.5,20020800,312.5,20020600
2002-05-06 23:00:00,312.5,20020800,312.5,20020800,311.5,20020600
2002-05-07 23:00:00,312.9,20020800,312.9,20020800,311.9,20020600
2002-05-08 23:00:00,309.5,20020800,309.5,20020800,308.5,20020600
2002-05-09 23:00:00,310.8,20020800,310.8,20020800,309.8,20020600
2002-05-10 23:00:00,312.3,20020800,312.3,20020800,311.3,20020600
2002-05-13 23:00:00,312.0,20020800,312.0,20020800,310.9,20020600
2002-05-14 23:00:00,308.7,20020800,308.7,20020800,307.6,20020600
2002-05-15 23:00:00,310.1,20020800,310.1,20020800,309.0,20020600
2002-05-16 23:00:00,311.3,20020800,311.3,20020800,310.1,20020600
2002-05-17 23:00:00,312.1,20020800,312.1,20020800,310.9,20020600
2002-05-20 23:00:00,317.2,20020800,317.2,20020800,316.0,20020600
2002-05-21 23:00:00,317.4,20020800,317.4,20020800,316.1,20020600
2002-05-22 23:00:00,319.6,20020800,319.6,20020800,318.3,20020600
2002-05-23 23:00:00,324.1,20020800,324.1,20020800,322.8,20020600
2002-05-24 23:00:00,322.0,20020800,322.0,20020800,320.7,20020600
2002-05-28 23:00:00,325.5,20020800,325.5,20020800,324.1,20020600
2002-05-29 23:00:00,326.8,20020800,326.8,20020800,325.5,20020600
2002-05-30 23:00:00,327.8,20021000,327.8,20021000,326.7,20020800
2002-05-31 23:00:00,328.6,20021000,328.6,20021000,327.5,20020800
2002-06-03 23:00:00,328.8,20021000,328.8,20021000,327.7,20020800
2002-06-04 23:00:00,329.9,20021000,329.9,20021000,328.8,20020800
2002-06-05 23:00:00,323.0,20021000,323.0,20021000,322.1,20020800
2002-06-06 23:00:00,326.8,20021000,326.8,20021000,325.8,20020800
2002-06-07 23:00:00,326.4,20021000,326.4,20021000,325.4,20020800
2002-06-10 23:00:00,320.5,20021000,320.5,20021000,319.5,20020800
2002-06-11 23:00:00,321.5,20021000,321.5,20021000,320.5,20020800
2002-06-12 23:00:00,322.1,20021000,322.1,20021000,321.1,20020800
2002-06-13 23:00:00,319.5,20021000,319.5,20021000,318.5,20020800
2002-06-14 23:00:00,320.8,20021000,320.8,20021000,319.8,20020800
2002-06-17 23:00:00,319.1,20021000,319.1,20021000,318.1,20020800
2002-06-18 23:00:00,320.7,20021000,320.7,20021000,319.7,20020800
2002-06-19 23:00:00,321.3,20021000,321.3,20021000,320.3,20020800
2002-06-20 23:00:00,324.8,20021000,324.8,20021000,323.7,20020800
2002-06-21 23:00:00,326.2,20021000,326.2,20021000,325.1,20020800
2002-06-24 23:00:00,325.8,20021000,325.8,20021000,324.7,20020800
2002-06-25 23:00:00,321.6,20021000,321.6,20021000,320.5,20020800
2002-06-26 23:00:00,321.9,20021000,321.9,20021000,320.8,20020800
2002-06-27 23:00:00,320.7,20021000,320.7,20021000,319.6,20020800
2002-06-28 23:00:00,315.0,20021000,315.0,20021000,313.9,20020800
2002-07-01 23:00:00,315.5,20021000,315.5,20021000,314.4,20020800
2002-07-02 23:00:00,314.3,20021000,314.3,20021000,313.2,20020800
2002-07-03 23:00:00,312.4,20021000,312.4,20021000,311.3,20020800
2002-07-08 23:00:00,313.7,20021000,313.7,20021000,312.5,20020800
2002-07-09 23:00:00,317.7,20021000,317.7,20021000,316.5,20020800
2002-07-10 23:00:00,316.3,20021000,316.3,20021000,315.1,20020800
2002-07-11 23:00:00,318.9,20021000,318.9,20021000,317.6,20020800
2002-07-12 23:00:00,317.2,20021000,317.2,20021000,315.9,20020800
2002-07-15 23:00:00,321.2,20021000,321.2,20021000,319.9,20020800
2002-07-16 23:00:00,318.8,20021000,318.8,20021000,317.5,20020800
2002-07-17 23:00:00,318.9,20021000,318.9,20021000,317.7,20020800
2002-07-18 23:00:00,318.3,20021000,318.3,20021000,317.1,20020800
2002-07-19 23:00:00,325.1,20021000,325.1,20021000,323.9,20020800
2002-07-22 23:00:00,324.8,20021000,324.8,20021000,323.5,20020800
2002-07-23 23:00:00,313.8,20021000,313.8,20021000,312.6,20020800
2002-07-24 23:00:00,312.5,20021000,312.5,20021000,311.4,20020800
2002-07-25 23:00:00,310.9,20021000,310.9,20021000,309.7,20020800
2002-07-26 23:00:00,304.4,20021000,304.4,20021000,303.3,20020800
2002-07-29 23:00:00,303.6,20021000,303.6,20021000,302.4,20020800
2002-07-30 23:00:00,305.0,20021000,305.0,20021000,303.7,20020800
2002-07-31 23:00:00,305.2,20021200,305.2,20021200,304.2,20021000
2002-08-01 23:00:00,306.0,20021200,306.0,20021200,305.0,20021000
2002-08-02 23:00:00,309.0,20021200,309.0,20021200,308.0,20021000
2002-08-05 23:00:00,309.6,20021200,309.6,20021200,308.7,20021000
2002-08-06 23:00:00,307.3,20021200,307.3,20021200,306.3,20021000
2002-08-07 23:00:00,316.1,20021200,316.1,20021200,315.1,20021000
2002-08-08 23:00:00,312.2,20021200,312.2,20021200,311.2,20021000
2002-08-09 23:00:00,316.0,20021200,316.0,20021200,315.0,20021000
2002-08-12 23:00:00,315.8,20021200,315.8,20021200,314.8,20021000
2002-08-13 23:00:00,315.9,20021200,315.9,20021200,314.7,20021000
2002-08-14 23:00:00,313.5,20021200,313.5,20021200,312.3,20021000
2002-08-15 23:00:00,316.1,20021200,316.1,20021200,314.9,20021000
2002-08-16 23:00:00,315.4,20021200,315.4,20021200,314.2,20021000
2002-08-19 23:00:00,307.7,20021200,307.7,20021200,306.5,20021000
2002-08-20 23:00:00,310.4,20021200,310.4,20021200,309.2,20021000
2002-08-21 23:00:00,309.3,20021200,309.3,20021200,308.1,20021000
2002-08-22 23:00:00,308.3,20021200,308.3,20021200,307.2,20021000
2002-08-23 23:00:00,308.3,20021200,308.3,20021200,307.2,20021000
2002-08-26 23:00:00,311.0,20021200,311.0,20021200,309.9,20021000
2002-08-27 23:00:00,313.9,20021200,313.9,20021200,312.8,20021000
2002-08-28 23:00:00,310.9,20021200,310.9,20021200,309.8,20021000
2002-08-29 23:00:00,314.4,20021200,314.4,20021200,313.3,20021000
2002-08-30 23:00:00,313.9,20021200,313.9,20021200,312.8,20021000
2002-09-03 23:00:00,315.0,20021200,315.0,20021200,313.9,20021000
2002-09-04 23:00:00,316.5,20021200,316.5,20021200,315.4,20021000
2002-09-05 23:00:00,319.8,20021200,319.8,20021200,318.7,20021000
2002-09-06 23:00:00,321.5,20021200,321.5,20021200,320.4,20021000
2002-09-09 23:00:00,322.8,20021200,322.8,20021200,321.7,20021000
2002-09-10 23:00:00,319.4,20021200,319.4,20021200,318.3,20021000
2002-09-11 23:00:00,318.1,20021200,318.1,20021200,317.0,20021000
2002-09-12 23:00:00,320.4,20021200,320.4,20021200,319.3,20021000
2002-09-13 23:00:00,318.1,20021200,318.1,20021200,317.0,20021000
2002-09-16 23:00:00,318.5,20021200,318.5,20021200,317.5,20021000
2002-09-17 23:00:00,318.2,20021200,318.2,20021200,317.3,20021000
2002-09-18 23:00:00,321.8,20021200,321.8,20021200,320.9,20021000
2002-09-19 23:00:00,323.9,20021200,323.9,20021200,322.9,20021000
2002-09-20 23:00:00,323.2,20021200,323.2,20021200,322.2,20021000
2002-09-23 23:00:00,324.1,20021200,324.1,20021200,323.1,20021000
2002-09-24 23:00:00,327.2,20021200,327.2,20021200,326.0,20021000
2002-09-25 23:00:00,323.6,20021200,323.6,20021200,322.3,20021000
2002-09-26 23:00:00,321.7,20021200,321.7,20021200,320.4,20021000
2002-09-27 23:00:00,321.1,20021200,321.1,20021200,319.7,20021000
2002-09-30 23:00:00,325.2,20021200,325.2,20021200,323.9,20021000
2002-10-01 23:00:00,323.0,20030200,323.0,20030200,322.2,20021200
2002-10-02 23:00:00,323.6,20030200,323.6,20030200,322.8,20021200
2002-10-03 23:00:00,323.2,20030200,323.2,20030200,322.4,20021200
2002-10-04 23:00:00,324.1,20030200,324.1,20030200,323.3,20021200
2002-10-07 23:00:00,323.9,20030200,323.9,20030200,323.1,20021200
2002-10-08 23:00:00,320.2,20030200,320.2,20030200,319.4,20021200
2002-10-09 23:00:00,321.6,20030200,321.6,20030200,320.8,20021200
2002-10-10 23:00:00,318.2,20030200,318.2,20030200,317.4,20021200
2002-10-11 23:00:00,318.0,20030200,318.0,20030200,317.2,20021200
2002-10-14 23:00:00,319.4,20030200,319.4,20030200,318.6,20021200
2002-10-15 23:00:00,314.3,20030200,314.3,20030200,313.4,20021200
2002-10-16 23:00:00,315.6,20030200,315.6,20030200,314.7,20021200
2002-10-17 23:00:00,313.1,20030200,313.1,20030200,312.2,20021200
2002-10-18 23:00:00,314.2,20030200,314.2,20030200,313.3,20021200
2002-10-21 23:00:00,312.4,20030200,312.4,20030200,311.5,20021200
2002-10-22 23:00:00,314.5,20030200,314.5,20030200,313.6,20021200
2002-10-23 23:00:00,313.5,20030200,313.5,20030200,312.6,20021200
2002-10-24 23:00:00,312.1,20030200,312.1,20030200,311.2,20021200
2002-10-25 23:00:00,314.8,20030200,314.8,20030200,313.9,20021200
2002-10-28 23:00:00,316.5,20030200,316.5,20030200,315.6,20021200
2002-10-29 23:00:00,319.0,20030200,319.0,20030200,318.1,20021200
2002-10-30 23:00:00,317.8,20030200,317.8,20030200,316.9,20021200
2002-10-31 23:00:00,319.3,20030200,319.3,20030200,318.4,20021200
2002-11-01 23:00:00,320.0,20030200,320.0,20030200,319.2,20021200
2002-11-04 23:00:00,319.5,20030200,319.5,20030200,318.7,20021200
2002-11-05 23:00:00,319.4,20030200,319.4,20030200,318.6,20021200
2002-11-06 23:00:00,318.7,20030200,318.7,20030200,317.9,20021200
2002-11-07 23:00:00,321.7,20030200,321.7,20030200,320.9,20021200
2002-11-08 23:00:00,322.5,20030200,322.5,20030200,321.7,20021200
2002-11-11 23:00:00,322.4,20030200,322.4,20030200,321.6,20021200
2002-11-12 23:00:00,325.5,20030200,325.5,20030200,324.7,20021200
2002-11-13 23:00:00,319.7,20030200,319.7,20030200,318.9,20021200
2002-11-14 23:00:00,318.9,20030200,318.9,20030200,318.1,20021200
2002-11-15 23:00:00,321.8,20030200,321.8,20030200,320.9,20021200
2002-11-18 23:00:00,320.3,20030200,320.3,20030200,319.4,20021200
2002-11-19 23:00:00,319.8,20030200,319.8,20030200,318.8,20021200
2002-11-20 23:00:00,318.6,20030200,318.6,20030200,317.6,20021200
2002-11-21 23:00:00,318.5,20030200,318.5,20030200,317.6,20021200
2002-11-22 23:00:00,321.9,20030200,321.9,20030200,320.9,20021200
2002-11-25 23:00:00,318.9,20030200,318.9,20030200,317.9,20021200
2002-11-26 23:00:00,318.7,20030200,318.7,20030200,317.7,20021200
2002-11-27 23:00:00,317.8,20030200,317.8,20030200,316.8,20021200
2002-12-02 23:00:00,318.5,20030200,318.5,20030200,317.6,20021200
2002-12-03 23:00:00,321.9,20030400,321.9,20030400,321.2,20030200
2002-12-04 23:00:00,323.9,20030400,323.9,20030400,323.1,20030200
2002-12-05 23:00:00,326.4,20030400,326.4,20030400,325.6,20030200
2002-12-06 23:00:00,327.8,20030400,327.8,20030400,327.1,20030200
2002-12-09 23:00:00,327.2,20030400,327.2,20030400,326.5,20030200
2002-12-10 23:00:00,324.9,20030400,324.9,20030400,324.2,20030200
2002-12-11 23:00:00,326.2,20030400,326.2,20030400,325.5,20030200
2002-12-12 23:00:00,332.8,20030400,332.8,20030400,332.1,20030200
2002-12-13 23:00:00,334.5,20030400,334.5,20030400,333.8,20030200
2002-12-16 23:00:00,338.3,20030400,338.3,20030400,337.6,20030200
2002-12-17 23:00:00,338.7,20030400,338.7,20030400,338.0,20030200
2002-12-18 23:00:00,343.4,20030400,343.4,20030400,342.7,20030200
2002-12-19 23:00:00,347.2,20030400,347.2,20030400,346.5,20030200
2002-12-20 23:00:00,341.7,20030400,341.7,20030400,341.0,20030200
2002-12-23 23:00:00,346.3,20030400,346.3,20030400,345.6,20030200
2002-12-24 23:00:00,348.0,20030400,348.0,20030400,347.3,20030200
2002-12-26 23:00:00,350.2,20030400,350.2,20030400,349.4,20030200
2002-12-27 23:00:00,350.5,20030400,350.5,20030400,349.7,20030200
2002-12-30 23:00:00,344.9,20030400,344.9,20030400,344.1,20030200
2002-12-31 23:00:00,349.0,20030400,349.0,20030400,348.2,20030200
2003-01-02 23:00:00,347.3,20030400,347.3,20030400,346.5,20030200
2003-01-03 23:00:00,352.4,20030400,352.4,20030400,351.6,20030200
2003-01-06 23:00:00,352.9,20030400,352.9,20030400,352.1,20030200
2003-01-07 23:00:00,348.5,20030400,348.5,20030400,347.7,20030200
2003-01-08 23:00:00,355.1,20030400,355.1,20030400,354.3,20030200
2003-01-09 23:00:00,354.6,20030400,354.6,20030400,353.7,20030200
2003-01-10 23:00:00,355.8,20030400,355.8,20030400,354.9,20030200
2003-01-13 23:00:00,356.0,20030400,356.0,20030400,355.1,20030200
2003-01-14 23:00:00,353.4,20030400,353.4,20030400,352.4,20030200
2003-01-15 23:00:00,352.1,20030400,352.1,20030400,351.1,20030200
2003-01-16 23:00:00,359.1,20030400,359.1,20030400,358.1,20030200
2003-01-17 23:00:00,357.8,20030400,357.8,20030400,356.8,20030200
2003-01-21 23:00:00,358.6,20030400,358.6,20030400,357.5,20030200
2003-01-22 23:00:00,361.0,20030400,361.0,20030400,359.9,20030200
2003-01-23 23:00:00,365.8,20030400,365.8,20030400,364.7,20030200
2003-01-24 23:00:00,369.5,20030400,369.5,20030400,368.4,20030200
2003-01-27 23:00:00,370.5,20030400,370.5,20030400,369.4,20030200
2003-01-28 23:00:00,371.1,20030400,371.1,20030400,370.0,20030200
2003-01-29 23:00:00,367.4,20030400,367.4,20030400,366.3,20030200
2003-01-30 23:00:00,370.6,20030600,370.6,20030600,369.7,20030400
2003-01-31 23:00:00,370.0,20030600,370.0,20030600,369.1,20030400
2003-02-03 23:00:00,372.5,20030600,372.5,20030600,371.6,20030400
2003-02-04 23:00:00,380.8,20030600,380.8,20030600,379.9,20030400
2003-02-05 23:00:00,378.2,20030600,378.2,20030600,377.2,20030400
2003-02-06 23:00:00,371.5,20030600,371.5,20030600,370.7,20030400
2003-02-07 23:00:00,371.2,20030600,371.2,20030600,370.5,20030400
2003-02-10 23:00:00,364.9,20030600,364.9,20030600,364.2,20030400
2003-02-11 23:00:00,363.7,20030600,363.7,20030600,363.0,20030400
2003-02-12 23:00:00,353.7,20030600,353.7,20030600,353.0,20030400
2003-02-13 23:00:00,358.4,20030600,358.4,20030600,357.7,20030400
2003-02-14 23:00:00,352.9,20030600,352.9,20030600,352.2,20030400
2003-02-18 23:00:00,344.9,20030600,344.9,20030600,344.3,20030400
2003-02-19 23:00:00,350.6,20030600,350.6,20030600,350.0,20030400
2003-02-20 23:00:00,353.8,20030600,353.8,20030600,353.1,20030400
2003-02-21 23:00:00,352.5,20030600,352.5,20030600,351.8,20030400
2003-02-24 23:00:00,357.2,20030600,357.2,20030600,356.4,20030400
2003-02-25 23:00:00,353.2,20030600,353.2,20030600,352.4,20030400
2003-02-26 23:00:00,354.9,20030600,354.9,20030600,354.1,20030400
2003-02-27 23:00:00,347.0,20030600,347.0,20030600,346.2,20030400
2003-02-28 23:00:00,351.1,20030600,351.1,20030600,350.3,20030400
2003-03-03 23:00:00,350.1,20030600,350.1,20030600,349.3,20030400
2003-03-04 23:00:00,354.2,20030600,354.2,20030600,353.3,20030400
2003-03-05 23:00:00,354.1,20030600,354.1,20030600,353.2,20030400
2003-03-06 23:00:00,357.8,20030600,357.8,20030600,356.9,20030400
2003-03-07 23:00:00,351.7,20030600,351.7,20030600,350.9,20030400
2003-03-10 23:00:00,355.6,20030600,355.6,20030600,354.8,20030400
2003-03-11 23:00:00,351.4,20030600,351.4,20030600,350.6,20030400
2003-03-12 23:00:00,347.5,20030600,347.5,20030600,346.6,20030400
2003-03-13 23:00:00,336.8,20030600,336.8,20030600,336.0,20030400
2003-03-14 23:00:00,337.4,20030600,337.4,20030600,336.6,20030400
2003-03-17 23:00:00,338.0,20030600,338.0,20030600,337.2,20030400
2003-03-18 23:00:00,338.6,20030600,338.6,20030600,337.7,20030400
2003-03-19 23:00:00,337.1,20030600,337.1,20030600,336.2,20030400
2003-03-20 23:00:00,333.9,20030600,333.9,20030600,333.0,20030400
2003-03-21 23:00:00,326.9,20030600,326.9,20030600,326.1,20030400
2003-03-24 23:00:00,330.3,20030600,330.3,20030600,329.5,20030400
2003-03-25 23:00:00,329.2,20030600,329.2,20030600,328.3,20030400
2003-03-26 23:00:00,331.0,20030600,331.0,20030600,330.1,20030400
2003-03-27 23:00:00,329.3,20030600,329.3,20030600,328.4,20030400
2003-03-28 23:00:00,332.4,20030600,332.4,20030600,331.5,20030400
2003-03-31 23:00:00,336.9,20030600,336.9,20030600,335.9,20030400
2003-04-01 23:00:00,335.9,20030800,335.9,20030800,335.2,20030600
2003-04-02 23:00:00,331.1,20030800,331.1,20030800,330.4,20030600
2003-04-03 23:00:00,326.4,20030800,326.4,20030800,325.7,20030600
2003-04-04 23:00:00,326.7,20030800,326.7,20030800,326.0,20030600
2003-04-07 23:00:00,322.9,20030800,322.9,20030800,322.2,20030600
2003-04-08 23:00:00,323.6,20030800,323.6,20030800,322.9,20030600
2003-04-09 23:00:00,326.9,20030800,326.9,20030800,326.2,20030600
2003-04-10 23:00:00,328.0,20030800,328.0,20030800,327.3,20030600
2003-04-11 23:00:00,329.2,20030800,329.2,20030800,328.5,20030600
2003-04-14 23:00:00,325.6,20030800,325.6,20030800,324.9,20030600
2003-04-15 23:00:00,326.2,20030800,326.2,20030800,325.5,20030600
2003-04-16 23:00:00,327.0,20030800,327.0,20030800,326.3,20030600
2003-04-17 23:00:00,328.3,20030800,328.3,20030800,327.6,20030600
2003-04-21 23:00:00,334.6,20030800,334.6,20030800,333.9,20030600
2003-04-22 23:00:00,335.5,20030800,335.5,20030800,334.8,20030600
2003-04-23 23:00:00,332.6,20030800,332.6,20030800,331.9,20030600
2003-04-24 23:00:00,335.8,20030800,335.8,20030800,335.1,20030600
2003-04-25 23:00:00,334.4,20030800,334.4,20030800,333.7,20030600
2003-04-28 23:00:00,335.5,20030800,335.5,20030800,334.8,20030600
2003-04-29 23:00:00,334.7,20030800,334.7,20030800,334.0,20030600
2003-04-30 23:00:00,340.2,20030800,340.2,20030800,339.4,20030600
2003-05-01 23:00:00,343.2,20030800,343.2,20030800,342.4,20030600
2003-05-02 23:00:00,342.1,20030800,342.1,20030800,341.3,20030600
2003-05-05 23:00:00,343.4,20030800,343.4,20030800,342.6,20030600
2003-05-06 23:00:00,343.6,20030800,343.6,20030800,342.8,20030600
2003-05-07 23:00:00,343.0,20030800,343.0,20030800,342.2,20030600
2003-05-08 23:00:00,349.5,20030800,349.5,20030800,348.7,20030600
2003-05-09 23:00:00,349.7,20030800,349.7,20030800,348.9,20030600
2003-05-12 23:00:00,352.7,20030800,352.7,20030800,351.9,20030600
2003-05-13 23:00:00,351.1,20030800,351.1,20030800,350.2,20030600
2003-05-14 23:00:00,353.4,20030800,353.4,20030800,352.5,20030600
2003-05-15 23:00:00,353.7,20030800,353.7,20030800,352.8,20030600
2003-05-16 23:00:00,355.8,20030800,355.8,20030800,354.9,20030600
2003-05-19 23:00:00,365.3,20030800,365.3,20030800,364.4,20030600
2003-05-20 23:00:00,367.4,20030800,367.4,20030800,366.5,20030600
2003-05-21 23:00:00,373.1,20030800,373.1,20030800,372.2,20030600
2003-05-22 23:00:00,369.0,20030800,369.0,20030800,368.1,20030600
2003-05-23 23:00:00,369.8,20030800,369.8,20030800,368.8,20030600
2003-05-27 23:00:00,368.8,20030800,368.8,20030800,367.8,20030600
2003-05-28 23:00:00,366.2,20030800,366.2,20030800,365.2,20030600
2003-05-29 23:00:00,370.7,20030800,370.7,20030800,369.6,20030600
2003-05-30 23:00:00,366.3,20031000,366.3,20031000,365.6,20030800
2003-06-02 23:00:00,367.8,20031000,367.8,20031000,367.1,20030800
2003-06-03 23:00:00,367.0,20031000,367.0,20031000,366.3,20030800
2003-06-04 23:00:00,364.3,20031000,364.3,20031000,363.6,20030800
2003-06-05 23:00:00,370.2,20031000,370.2,20031000,369.5,20030800
2003-06-06 23:00:00,365.2,20031000,365.2,20031000,364.5,20030800
2003-06-09 23:00:00,363.3,20031000,363.3,20031000,362.6,20030800
2003-06-10 23:00:00,353.5,20031000,353.5,20031000,352.8,20030800
2003-06-11 23:00:00,356.9,20031000,356.9,20031000,356.2,20030800
2003-06-12 23:00:00,354.6,20031000,354.6,20031000,353.9,20030800
2003-06-13 23:00:00,357.9,20031000,357.9,20031000,357.2,20030800
2003-06-16 23:00:00,360.4,20031000,360.4,20031000,359.7,20030800
2003-06-17 23:00:00,364.5,20031000,364.5,20031000,363.8,20030800
2003-06-18 23:00:00,358.5,20031000,358.5,20031000,357.8,20030800
2003-06-19 23:00:00,362.5,20031000,362.5,20031000,361.8,20030800
2003-06-20 23:00:00,357.4,20031000,357.4,20031000,356.7,20030800
2003-06-23 23:00:00,354.1,20031000,354.1,20031000,353.4,20030800
2003-06-24 23:00:00,347.4,20031000,347.4,20031000,346.7,20030800
2003-06-25 23:00:00,350.3,20031000,350.3,20031000,349.6,20030800
2003-06-26 23:00:00,344.9,20031000,344.9,20031000,344.2,20030800
2003-06-27 23:00:00,346.2,20031000,346.2,20031000,345.5,20030800
2003-06-30 23:00:00,347.0,20031000,347.0,20031000,346.3,20030800
2003-07-01 23:00:00,352.4,20031000,352.4,20031000,351.7,20030800
2003-07-02 23:00:00,352.4,20031000,352.4,20031000,351.6,20030800
2003-07-03 23:00:00,352.1,20031000,352.1,20031000,351.3,20030800
2003-07-07 23:00:00,349.2,20031000,349.2,20031000,348.4,20030800
2003-07-08 23:00:00,345.2,20031000,345.2,20031000,344.4,20030800
2003-07-09 23:00:00,344.7,20031000,344.7,20031000,343.9,20030800
2003-07-10 23:00:00,345.4,20031000,345.4,20031000,344.6,20030800
2003-07-11 23:00:00,346.0,20031000,346.0,20031000,345.1,20030800
2003-07-14 23:00:00,348.7,20031000,348.7,20031000,347.8,20030800
2003-07-15 23:00:00,343.1,20031000,343.1,20031000,342.2,20030800
2003-07-16 23:00:00,344.1,20031000,344.1,20031000,343.2,20030800
2003-07-17 23:00:00,345.2,20031000,345.2,20031000,344.3,20030800
2003-07-18 23:00:00,348.2,20031000,348.2,20031000,347.3,20030800
2003-07-21 23:00:00,351.9,20031000,351.9,20031000,351.0,20030800
2003-07-22 23:00:00,351.6,20031000,351.6,20031000,350.7,20030800
2003-07-23 23:00:00,359.6,20031000,359.6,20031000,358.7,20030800
2003-07-24 23:00:00,363.3,20031000,363.3,20031000,362.3,20030800
2003-07-25 23:00:00,363.8,20031000,363.8,20031000,362.8,20030800
2003-07-28 23:00:00,365.9,20031000,365.9,20031000,364.9,20030800
2003-07-29 23:00:00,362.7,20031000,362.7,20031000,361.7,20030800
2003-07-30 23:00:00,358.1,20031200,358.1,20031200,357.3,20031000
2003-07-31 23:00:00,355.8,20031200,355.8,20031200,355.0,20031000
2003-08-01 23:00:00,347.8,20031200,347.8,20031200,347.0,20031000
2003-08-04 23:00:00,350.9,20031200,350.9,20031200,350.1,20031000
2003-08-05 23:00:00,351.2,20031200,351.2,20031200,350.4,20031000
2003-08-06 23:00:00,352.4,20031200,352.4,20031200,351.6,20031000
2003-08-07 23:00:00,354.1,20031200,354.1,20031200,353.3,20031000
2003-08-08 23:00:00,357.9,20031200,357.9,20031200,357.1,20031000
2003-08-11 23:00:00,363.3,20031200,363.3,20031200,362.5,20031000
2003-08-12 23:00:00,360.0,20031200,360.0,20031200,359.2,20031000
2003-08-13 23:00:00,363.7,20031200,363.7,20031200,362.8,20031000
2003-08-14 23:00:00,367.5,20031200,367.5,20031200,366.6,20031000
2003-08-15 23:00:00,364.7,20031200,364.7,20031200,363.8,20031000
2003-08-18 23:00:00,359.9,20031200,359.9,20031200,359.0,20031000
2003-08-19 23:00:00,363.0,20031200,363.0,20031200,362.1,20031000
2003-08-20 23:00:00,367.0,20031200,367.0,20031200,366.1,20031000
2003-08-21 23:00:00,361.8,20031200,361.8,20031200,360.9,20031000
2003-08-22 23:00:00,364.3,20031200,364.3,20031200,363.4,20031000
2003-08-25 23:00:00,362.4,20031200,362.4,20031200,361.5,20031000
2003-08-26 23:00:00,366.8,20031200,366.8,20031200,365.9,20031000
2003-08-27 23:00:00,374.1,20031200,374.1,20031200,373.1,20031000
2003-08-28 23:00:00,371.6,20031200,371.6,20031200,370.6,20031000
2003-08-29 23:00:00,376.8,20031200,376.8,20031200,375.8,20031000
2003-09-02 23:00:00,374.3,20031200,374.3,20031200,373.3,20031000
2003-09-03 23:00:00,375.0,20031200,375.0,20031200,374.0,20031000
2003-09-04 23:00:00,374.0,20031200,374.0,20031200,373.0,20031000
2003-09-05 23:00:00,378.7,20031200,378.7,20031200,377.7,20031000
2003-09-08 23:00:00,376.2,20031200,376.2,20031200,375.2,20031000
2003-09-09 23:00:00,382.8,20031200,382.8,20031200,381.8,20031000
2003-09-10 23:00:00,381.1,20031200,381.1,20031200,380.1,20031000
2003-09-11 23:00:00,380.8,20031200,380.8,20031200,379.8,20031000
2003-09-12 23:00:00,376.9,20031200,376.9,20031200,375.9,20031000
2003-09-15 23:00:00,375.6,20031200,375.6,20031200,374.6,20031000
2003-09-16 23:00:00,374.6,20031200,374.6,20031200,373.6,20031000
2003-09-17 23:00:00,377.3,20031200,377.3,20031200,376.3,20031000
2003-09-18 23:00:00,377.7,20031200,377.7,20031200,376.7,20031000
2003-09-19 23:00:00,382.9,20031200,382.9,20031200,381.9,20031000
2003-09-22 23:00:00,388.3,20031200,388.3,20031200,387.2,20031000
2003-09-23 23:00:00,387.0,20031200,387.0,20031200,385.9,20031000
2003-09-24 23:00:00,388.4,20031200,388.4,20031200,387.5,20031000
2003-09-25 23:00:00,385.9,20031200,385.9,20031200,385.0,20031000
2003-09-26 23:00:00,381.8,20031200,381.8,20031200,380.8,20031000
2003-09-29 23:00:00,383.2,20031200,383.2,20031200,382.4,20031000
2003-09-30 23:00:00,386.9,20040200,386.9,20040200,386.1,20031200
2003-10-01 23:00:00,385.8,20040200,385.8,20040200,385.0,20031200
2003-10-02 23:00:00,384.5,20040200,384.5,20040200,383.7,20031200
2003-10-03 23:00:00,370.8,20040200,370.8,20040200,370.0,20031200
2003-10-06 23:00:00,374.1,20040200,374.1,20040200,373.3,20031200
2003-10-07 23:00:00,378.6,20040200,378.6,20040200,377.8,20031200
2003-10-08 23:00:00,376.8,20040200,376.8,20040200,376.0,20031200
2003-10-09 23:00:00,370.6,20040200,370.6,20040200,369.8,20031200
2003-10-10 23:00:00,374.9,20040200,374.9,20040200,374.1,20031200
2003-10-13 23:00:00,376.5,20040200,376.5,20040200,375.7,20031200
2003-10-14 23:00:00,377.0,20040200,377.0,20040200,376.2,20031200
2003-10-15 23:00:00,374.0,20040200,374.0,20040200,373.1,20031200
2003-10-16 23:00:00,374.1,20040200,374.1,20040200,373.2,20031200
2003-10-17 23:00:00,373.1,20040200,373.1,20040200,372.2,20031200
2003-10-20 23:00:00,375.3,20040200,375.3,20040200,374.4,20031200
2003-10-21 23:00:00,382.9,20040200,382.9,20040200,382.0,20031200
2003-10-22 23:00:00,387.7,20040200,387.7,20040200,386.8,20031200
2003-10-23 23:00:00,385.9,20040200,385.9,20040200,385.0,20031200
2003-10-24 23:00:00,390.1,20040200,390.1,20040200,389.2,20031200
2003-10-27 23:00:00,389.1,20040200,389.1,20040200,388.2,20031200
2003-10-28 23:00:00,384.3,20040200,384.3,20040200,383.4,20031200
2003-10-29 23:00:00,387.9,20040200,387.9,20040200,387.0,20031200
2003-10-30 23:00:00,385.4,20040200,385.4,20040200,384.4,20031200
2003-10-31 23:00:00,385.6,20040200,385.6,20040200,384.6,20031200
2003-11-03 23:00:00,378.1,20040200,378.1,20040200,377.1,20031200
2003-11-04 23:00:00,380.9,20040200,380.9,20040200,380.0,20031200
2003-11-05 23:00:00,383.6,20040200,383.6,20040200,382.7,20031200
2003-11-06 23:00:00,381.6,20040200,381.6,20040200,380.7,20031200
2003-11-07 23:00:00,384.4,20040200,384.4,20040200,383.4,20031200
2003-11-10 23:00:00,387.7,20040200,387.7,20040200,386.7,20031200
2003-11-11 23:00:00,389.2,20040200,389.2,20040200,388.2,20031200
2003-11-12 23:00:00,396.1,20040200,396.1,20040200,395.0,20031200
2003-11-13 23:00:00,395.4,20040200,395.4,20040200,394.3,20031200
2003-11-14 23:00:00,399.1,20040200,399.1,20040200,398.0,20031200
2003-11-17 23:00:00,392.7,20040200,392.7,20040200,391.5,20031200
2003-11-18 23:00:00,398.8,20040200,398.8,20040200,397.6,20031200
2003-11-19 23:00:00,396.0,20040200,396.0,20040200,394.9,20031200
2003-11-20 23:00:00,394.8,20040200,394.8,20040200,393.7,20031200
2003-11-21 23:00:00,397.2,20040200,397.2,20040200,396.0,20031200
2003-11-24 23:00:00,392.7,20040200,392.7,20040200,391.5,20031200
2003-11-25 23:00:00,392.4,20040200,392.4,20040200,391.1,20031200
2003-11-26 23:00:00,398.0,20040200,398.0,20040200,396.8,20031200
2003-12-01 23:00:00,403.8,20040200,403.8,20040200,402.7,20031200
2003-12-02 23:00:00,405.5,20040400,405.5,20040400,404.6,20040200
2003-12-03 23:00:00,405.7,20040400,405.7,20040400,404.8,20040200
2003-12-04 23:00:00,405.1,20040400,405.1,20040400,404.2,20040200
2003-12-05 23:00:00,408.2,20040400,408.2,20040400,407.3,20040200
2003-12-08 23:00:00,408.4,20040400,408.4,20040400,407.5,20040200
2003-12-09 23:00:00,409.8,20040400,409.8,20040400,408.9,20040200
2003-12-10 23:00:00,407.9,20040400,407.9,20040400,407.0,20040200
2003-12-11 23:00:00,406.3,20040400,406.3,20040400,405.4,20040200
2003-12-12 23:00:00,411.0,20040400,411.0,20040400,410.1,20040200
2003-12-15 23:00:00,410.8,20040400,410.8,20040400,409.9,20040200
2003-12-16 23:00:00,409.4,20040400,409.4,20040400,408.4,20040200
2003-12-17 23:00:00,413.7,20040400,413.7,20040400,412.7,20040200
2003-12-18 23:00:00,412.1,20040400,412.1,20040400,411.1,20040200
2003-12-19 23:00:00,410.9,20040400,410.9,20040400,409.9,20040200
2003-12-22 23:00:00,412.3,20040400,412.3,20040400,411.3,20040200
2003-12-23 23:00:00,412.6,20040400,412.6,20040400,411.6,20040200
2003-12-24 23:00:00,413.8,20040400,413.8,20040400,412.8,20040200
2003-12-29 23:00:00,416.4,20040400,416.4,20040400,415.3,20040200
2003-12-30 23:00:00,418.3,20040400,418.3,20040400,417.2,20040200
2003-12-31 23:00:00,417.2,20040400,417.2,20040400,416.1,20040200
2004-01-05 23:00:00,425.9,20040400,425.9,20040400,424.8,20040200
2004-01-06 23:00:00,424.3,20040400,424.3,20040400,423.2,20040200
2004-01-07 23:00:00,423.4,20040400,423.4,20040400,422.3,20040200
2004-01-08 23:00:00,425.4,20040400,425.4,20040400,424.4,20040200
2004-01-09 23:00:00,427.8,20040400,427.8,20040400,426.8,20040200
2004-01-12 23:00:00,427.6,20040400,427.6,20040400,426.6,20040200
2004-01-13 23:00:00,425.1,20040400,425.1,20040400,424.0,20040200
2004-01-14 23:00:00,423.0,20040400,423.0,20040400,422.0,20040200
2004-01-15 23:00:00,409.7,20040400,409.7,20040400,408.7,20040200
2004-01-16 23:00:00,408.1,20040400,408.1,20040400,407.0,20040200
2004-01-20 23:00:00,414.0,20040400,414.0,20040400,412.9,20040200
2004-01-21 23:00:00,412.3,20040400,412.3,20040400,411.2,20040200
2004-01-22 23:00:00,411.2,20040400,411.2,20040400,410.1,20040200
2004-01-23 23:00:00,409.2,20040400,409.2,20040400,408.0,20040200
2004-01-26 23:00:00,407.9,20040400,407.9,20040400,406.7,20040200
2004-01-27 23:00:00,411.2,20040400,411.2,20040400,410.1,20040200
2004-01-28 23:00:00,415.8,20040400,415.8,20040400,414.6,20040200
2004-01-29 23:00:00,399.4,20040400,399.4,20040400,398.5,20040200
2004-01-30 23:00:00,403.9,20040600,403.9,20040600,402.9,20040400
2004-02-02 23:00:00,400.3,20040600,400.3,20040600,399.3,20040400
2004-02-03 23:00:00,400.9,20040600,400.9,20040600,399.9,20040400
2004-02-04 23:00:00,402.7,20040600,402.7,20040600,401.7,20040400
2004-02-05 23:00:00,399.8,20040600,399.8,20040600,398.8,20040400
2004-02-06 23:00:00,405.2,20040600,405.2,20040600,404.2,20040400
2004-02-09 23:00:00,408.4,20040600,408.4,20040600,407.4,20040400
2004-02-10 23:00:00,408.0,20040600,408.0,20040600,407.0,20040400
2004-02-11 23:00:00,411.7,20040600,411.7,20040600,410.7,20040400
2004-02-12 23:00:00,415.2,20040600,415.2,20040600,414.2,20040400
2004-02-13 23:00:00,411.8,20040600,411.8,20040600,410.8,20040400
2004-02-17 23:00:00,417.5,20040600,417.5,20040600,416.5,20040400
2004-02-18 23:00:00,413.8,20040600,413.8,20040600,412.8,20040400
2004-02-19 23:00:00,411.3,20040600,411.3,20040600,410.3,20040400
2004-02-20 23:00:00,399.0,20040600,399.0,20040600,398.0,20040400
2004-02-23 23:00:00,400.3,20040600,400.3,20040600,399.3,20040400
2004-02-24 23:00:00,405.8,20040600,405.8,20040600,404.8,20040400
2004-02-25 23:00:00,397.1,20040600,397.1,20040600,396.1,20040400
2004-02-26 23:00:00,396.5,20040600,396.5,20040600,395.5,20040400
2004-02-27 23:00:00,397.8,20040600,397.8,20040600,396.8,20040400
2004-03-01 23:00:00,400.6,20040600,400.6,20040600,399.6,20040400
2004-03-02 23:00:00,394.8,20040600,394.8,20040600,393.8,20040400
2004-03-03 23:00:00,393.7,20040600,393.7,20040600,392.7,20040400
2004-03-04 23:00:00,394.2,20040600,394.2,20040600,393.2,20040400
2004-03-05 23:00:00,402.6,20040600,402.6,20040600,401.6,20040400
2004-03-08 23:00:00,401.9,20040600,401.9,20040600,400.9,20040400
2004-03-09 23:00:00,405.5,20040600,405.5,20040600,404.5,20040400
2004-03-10 23:00:00,401.3,20040600,401.3,20040600,400.3,20040400
2004-03-11 23:00:00,402.0,20040600,402.0,20040600,401.0,20040400
2004-03-12 23:00:00,396.6,20040600,396.6,20040600,395.6,20040400
2004-03-15 23:00:00,400.6,20040600,400.6,20040600,399.6,20040400
2004-03-16 23:00:00,403.6,20040600,403.6,20040600,402.6,20040400
2004-03-17 23:00:00,408.1,20040600,408.1,20040600,407.1,20040400
2004-03-18 23:00:00,412.3,20040600,412.3,20040600,411.3,20040400
2004-03-19 23:00:00,413.7,20040600,413.7,20040600,412.7,20040400
2004-03-22 23:00:00,418.6,20040600,418.6,20040600,417.6,20040400
2004-03-23 23:00:00,421.0,20040600,421.0,20040600,420.0,20040400
2004-03-24 23:00:00,418.4,20040600,418.4,20040600,417.4,20040400
2004-03-25 23:00:00,417.9,20040600,417.9,20040600,416.9,20040400
2004-03-26 23:00:00,423.2,20040600,423.2,20040600,422.2,20040400
2004-03-29 23:00:00,418.2,20040600,418.2,20040600,417.1,20040400
2004-03-30 23:00:00,422.8,20040600,422.8,20040600,421.7,20040400
2004-03-31 23:00:00,429.3,20040800,429.3,20040800,428.3,20040600
2004-04-01 23:00:00,429.8,20040800,429.8,20040800,428.8,20040600
2004-04-02 23:00:00,423.6,20040800,423.6,20040800,422.5,20040600
2004-04-05 23:00:00,417.4,20040800,417.4,20040800,416.3,20040600
2004-04-06 23:00:00,420.9,20040800,420.9,20040800,419.8,20040600
2004-04-07 23:00:00,424.8,20040800,424.8,20040800,423.7,20040600
2004-04-08 23:00:00,421.8,20040800,421.8,20040800,420.7,20040600
2004-04-12 23:00:00,422.0,20040800,422.0,20040800,420.9,20040600
2004-04-13 23:00:00,408.7,20040800,408.7,20040800,407.7,20040600
2004-04-14 23:00:00,401.5,20040800,401.5,20040800,400.5,20040600
2004-04-15 23:00:00,399.3,20040800,399.3,20040800,398.3,20040600
2004-04-16 23:00:00,402.6,20040800,402.6,20040800,401.6,20040600
2004-04-19 23:00:00,402.2,20040800,402.2,20040800,401.2,20040600
2004-04-20 23:00:00,399.3,20040800,399.3,20040800,398.3,20040600
2004-04-21 23:00:00,392.4,20040800,392.4,20040800,391.4,20040600
2004-04-22 23:00:00,394.9,20040800,394.9,20040800,393.9,20040600
2004-04-23 23:00:00,396.7,20040800,396.7,20040800,395.7,20040600
2004-04-26 23:00:00,397.6,20040800,397.6,20040800,396.6,20040600
2004-04-27 23:00:00,400.1,20040800,400.1,20040800,399.1,20040600
2004-04-28 23:00:00,386.9,20040800,386.9,20040800,385.9,20040600
2004-04-29 23:00:00,388.1,20040800,388.1,20040800,387.1,20040600
2004-04-30 23:00:00,388.5,20040800,388.5,20040800,387.5,20040600
2004-05-03 23:00:00,388.5,20040800,388.5,20040800,387.5,20040600
2004-05-04 23:00:00,392.8,20040800,392.8,20040800,391.8,20040600
2004-05-05 23:00:00,394.8,20040800,394.8,20040800,393.8,20040600
2004-05-06 23:00:00,389.4,20040800,389.4,20040800,388.4,20040600
2004-05-07 23:00:00,380.1,20040800,380.1,20040800,379.1,20040600
2004-05-10 23:00:00,379.7,20040800,379.7,20040800,378.7,20040600
2004-05-11 23:00:00,378.2,20040800,378.2,20040800,377.2,20040600
2004-05-12 23:00:00,378.7,20040800,378.7,20040800,377.7,20040600
2004-05-13 23:00:00,375.9,20040800,375.9,20040800,374.9,20040600
2004-05-14 23:00:00,378.1,20040800,378.1,20040800,377.1,20040600
2004-05-17 23:00:00,380.6,20040800,380.6,20040800,379.6,20040600
2004-05-18 23:00:00,376.9,20040800,376.9,20040800,375.9,20040600
2004-05-19 23:00:00,384.0,20040800,384.0,20040800,383.0,20040600
2004-05-20 23:00:00,379.5,20040800,379.5,20040800,378.5,20040600
2004-05-21 23:00:00,385.9,20040800,385.9,20040800,384.9,20040600
2004-05-24 23:00:00,386.7,20040800,386.7,20040800,385.7,20040600
2004-05-25 23:00:00,389.5,20040800,389.5,20040800,388.4,20040600
2004-05-26 23:00:00,389.4,20040800,389.4,20040800,388.3,20040600
2004-05-27 23:00:00,396.1,20040800,396.1,20040800,394.9,20040600
2004-05-28 23:00:00,394.9,20040800,394.9,20040800,394.0,20040600
2004-06-01 23:00:00,395.5,20040800,395.5,20040800,394.6,20040600
2004-06-02 23:00:00,393.8,20041000,393.8,20041000,392.5,20040800
2004-06-03 23:00:00,390.2,20041000,390.2,20041000,388.9,20040800
2004-06-04 23:00:00,393.0,20041000,393.0,20041000,391.7,20040800
2004-06-07 23:00:00,395.8,20041000,395.8,20041000,394.5,20040800
2004-06-08 23:00:00,393.1,20041000,393.1,20041000,391.8,20040800
2004-06-09 23:00:00,386.5,20041000,386.5,20041000,385.2,20040800
2004-06-10 23:00:00,387.9,20041000,387.9,20041000,386.6,20040800
2004-06-14 23:00:00,385.6,20041000,385.6,20041000,384.2,20040800
2004-06-15 23:00:00,390.0,20041000,390.0,20041000,388.7,20040800
2004-06-16 23:00:00,386.5,20041000,386.5,20041000,385.2,20040800
2004-06-17 23:00:00,390.8,20041000,390.8,20041000,389.5,20040800
2004-06-18 23:00:00,397.0,20041000,397.0,20041000,395.7,20040800
2004-06-21 23:00:00,395.8,20041000,395.8,20041000,394.5,20040800
2004-06-22 23:00:00,396.8,20041000,396.8,20041000,395.5,20040800
2004-06-23 23:00:00,396.8,20041000,396.8,20041000,395.5,20040800
2004-06-24 23:00:00,404.7,20041000,404.7,20041000,403.5,20040800
2004-06-25 23:00:00,404.4,20041000,404.4,20041000,403.2,20040800
2004-06-28 23:00:00,402.6,20041000,402.6,20041000,401.3,20040800
2004-06-29 23:00:00,394.0,20041000,394.0,20041000,392.8,20040800
2004-06-30 23:00:00,394.2,20041000,394.2,20041000,393.0,20040800
2004-07-01 23:00:00,397.7,20041000,397.7,20041000,396.4,20040800
2004-07-02 23:00:00,399.9,20041000,399.9,20041000,398.7,20040800
2004-07-06 23:00:00,394.2,20041000,394.2,20041000,393.0,20040800
2004-07-07 23:00:00,404.0,20041000,404.0,20041000,402.7,20040800
2004-07-08 23:00:00,409.5,20041000,409.5,20041000,408.2,20040800
2004-07-09 23:00:00,409.2,20041000,409.2,20041000,407.9,20040800
2004-07-12 23:00:00,409.7,20041000,409.7,20041000,408.4,20040800
2004-07-13 23:00:00,403.6,20041000,403.6,20041000,402.3,20040800
2004-07-14 23:00:00,406.9,20041000,406.9,20041000,405.6,20040800
2004-07-15 23:00:00,405.7,20041000,405.7,20041000,404.4,20040800
2004-07-16 23:00:00,408.1,20041000,408.1,20041000,406.8,20040800
2004-07-19 23:00:00,407.1,20041000,407.1,20041000,405.8,20040800
2004-07-20 23:00:00,403.4,20041000,403.4,20041000,402.1,20040800
2004-07-21 23:00:00,398.6,20041000,398.6,20041000,397.3,20040800
2004-07-22 23:00:00,396.6,20041000,396.6,20041000,395.3,20040800
2004-07-23 23:00:00,391.7,20041000,391.7,20041000,390.5,20040800
2004-07-26 23:00:00,391.6,20041000,391.6,20041000,390.3,20040800
2004-07-27 23:00:00,388.4,20041000,388.4,20041000,387.0,20040800
2004-07-28 23:00:00,390.4,20041000,390.4,20041000,389.0,20040800
2004-07-29 23:00:00,388.4,20041000,388.4,20041000,387.0,20040800
2004-07-30 23:00:00,393.7,20041200,393.7,20041200,392.4,20041000
2004-08-02 23:00:00,394.4,20041200,394.4,20041200,393.1,20041000
2004-08-03 23:00:00,396.5,20041200,396.5,20041200,395.2,20041000
2004-08-04 23:00:00,394.7,20041200,394.7,20041200,393.4,20041000
2004-08-05 23:00:00,394.8,20041200,394.8,20041200,393.5,20041000
2004-08-06 23:00:00,402.1,20041200,402.1,20041200,400.8,20041000
2004-08-09 23:00:00,403.0,20041200,403.0,20041200,401.7,20041000
2004-08-10 23:00:00,402.3,20041200,402.3,20041200,401.0,20041000
2004-08-11 23:00:00,397.9,20041200,397.9,20041200,396.5,20041000
2004-08-12 23:00:00,396.6,20041200,396.6,20041200,395.2,20041000
2004-08-13 23:00:00,401.2,20041200,401.2,20041200,399.8,20041000
2004-08-16 23:00:00,405.2,20041200,405.2,20041200,403.8,20041000
2004-08-17 23:00:00,406.7,20041200,406.7,20041200,405.3,20041000
2004-08-18 23:00:00,406.6,20041200,406.6,20041200,405.2,20041000
2004-08-19 23:00:00,409.3,20041200,409.3,20041200,407.9,20041000
2004-08-20 23:00:00,415.5,20041200,415.5,20041200,414.0,20041000
2004-08-23 23:00:00,412.8,20041200,412.8,20041200,411.3,20041000
2004-08-24 23:00:00,405.0,20041200,405.0,20041200,403.5,20041000
2004-08-25 23:00:00,410.0,20041200,410.0,20041200,408.5,20041000
2004-08-26 23:00:00,409.6,20041200,409.6,20041200,408.0,20041000
2004-08-27 23:00:00,405.4,20041200,405.4,20041200,403.8,20041000
2004-08-30 23:00:00,410.0,20041200,410.0,20041200,408.4,20041000
2004-08-31 23:00:00,412.4,20041200,412.4,20041200,410.9,20041000
2004-09-01 23:00:00,410.8,20041200,410.8,20041200,409.3,20041000
2004-09-02 23:00:00,408.0,20041200,408.0,20041200,406.5,20041000
2004-09-03 23:00:00,402.5,20041200,402.5,20041200,401.0,20041000
2004-09-07 23:00:00,399.4,20041200,399.4,20041200,397.9,20041000
2004-09-08 23:00:00,401.4,20041200,401.4,20041200,399.9,20041000
2004-09-09 23:00:00,400.4,20041200,400.4,20041200,398.9,20041000
2004-09-10 23:00:00,403.8,20041200,403.8,20041200,402.3,20041000
2004-09-13 23:00:00,406.0,20041200,406.0,20041200,404.5,20041000
2004-09-14 23:00:00,407.5,20041200,407.5,20041200,406.0,20041000
2004-09-15 23:00:00,406.8,20041200,406.8,20041200,405.3,20041000
2004-09-16 23:00:00,406.5,20041200,406.5,20041200,405.0,20041000
2004-09-17 23:00:00,407.6,20041200,407.6,20041200,406.1,20041000
2004-09-20 23:00:00,407.0,20041200,407.0,20041200,405.5,20041000
2004-09-21 23:00:00,410.1,20041200,410.1,20041200,408.5,20041000
2004-09-22 23:00:00,409.0,20041200,409.0,20041200,407.4,20041000
2004-09-23 23:00:00,412.6,20041200,412.6,20041200,411.0,20041000
2004-09-24 23:00:00,409.7,20041200,409.7,20041200,408.1,20041000
2004-09-27 23:00:00,410.7,20041200,410.7,20041200,409.1,20041000
2004-09-28 23:00:00,414.2,20041200,414.2,20041200,412.5,20041000
2004-09-29 23:00:00,416.3,20050200,416.3,20050200,414.7,20041200
2004-09-30 23:00:00,422.0,20050200,422.0,20050200,420.4,20041200
2004-10-01 23:00:00,422.8,20050200,422.8,20050200,421.2,20041200
2004-10-04 23:00:00,417.2,20050200,417.2,20050200,415.6,20041200
2004-10-05 23:00:00,421.4,20050200,421.4,20050200,419.8,20041200
2004-10-06 23:00:00,421.6,20050200,421.6,20050200,420.0,20041200
2004-10-07 23:00:00,421.1,20050200,421.1,20050200,419.5,20041200
2004-10-08 23:00:00,426.1,20050200,426.1,20050200,424.5,20041200
2004-10-11 23:00:00,425.0,20050200,425.0,20050200,423.4,20041200
2004-10-12 23:00:00,418.2,20050200,418.2,20050200,416.6,20041200
2004-10-13 23:00:00,416.2,20050200,416.2,20050200,414.6,20041200
2004-10-14 23:00:00,421.1,20050200,421.1,20050200,419.5,20041200
2004-10-15 23:00:00,421.7,20050200,421.7,20050200,420.1,20041200
2004-10-18 23:00:00,419.2,20050200,419.2,20050200,417.6,20041200
2004-10-19 23:00:00,423.2,20050200,423.2,20050200,421.6,20041200
2004-10-20 23:00:00,426.4,20050200,426.4,20050200,424.8,20041200
2004-10-21 23:00:00,427.2,20050200,427.2,20050200,425.6,20041200
2004-10-22 23:00:00,427.2,20050200,427.2,20050200,425.6,20041200
2004-10-25 23:00:00,431.6,20050200,431.6,20050200,429.9,20041200
2004-10-26 23:00:00,429.3,20050200,429.3,20050200,427.6,20041200
2004-10-27 23:00:00,427.3,20050200,427.3,20050200,425.6,20041200
2004-10-28 23:00:00,427.8,20050200,427.8,20050200,426.1,20041200
2004-10-29 23:00:00,431.2,20050200,431.2,20050200,429.4,20041200
2004-11-01 23:00:00,429.9,20050200,429.9,20050200,428.2,20041200
2004-11-02 23:00:00,422.5,20050200,422.5,20050200,420.8,20041200
2004-11-03 23:00:00,427.1,20050200,427.1,20050200,425.4,20041200
2004-11-04 23:00:00,432.6,20050200,432.6,20050200,430.8,20041200
2004-11-05 23:00:00,436.1,20050200,436.1,20050200,434.3,20041200
2004-11-08 23:00:00,435.3,20050200,435.3,20050200,433.4,20041200
2004-11-09 23:00:00,438.2,20050200,438.2,20050200,436.2,20041200
2004-11-10 23:00:00,436.6,20050200,436.6,20050200,434.5,20041200
2004-11-11 23:00:00,437.5,20050200,437.5,20050200,435.4,20041200
2004-11-12 23:00:00,440.4,20050200,440.4,20050200,438.3,20041200
2004-11-15 23:00:00,439.4,20050200,439.4,20050200,437.3,20041200
2004-11-16 23:00:00,442.6,20050200,442.6,20050200,440.5,20041200
2004-11-17 23:00:00,447.2,20050200,447.2,20050200,445.1,20041200
2004-11-18 23:00:00,445.1,20050200,445.1,20050200,442.9,20041200
2004-11-19 23:00:00,449.2,20050200,449.2,20050200,447.0,20041200
2004-11-22 23:00:00,451.2,20050200,451.2,20050200,449.0,20041200
2004-11-23 23:00:00,450.2,20050200,450.2,20050200,447.9,20041200
2004-11-24 23:00:00,451.5,20050200,451.5,20050200,449.3,20041200
2004-11-29 23:00:00,455.8,20050200,455.8,20050200,453.7,20041200
2004-11-30 23:00:00,453.2,20050200,453.2,20050200,451.3,20041200
2004-12-01 23:00:00,458.0,20050400,458.0,20050400,455.9,20050200
2004-12-02 23:00:00,454.4,20050400,454.4,20050400,452.3,20050200
2004-12-03 23:00:00,459.9,20050400,459.9,20050400,457.8,20050200
2004-12-06 23:00:00,458.0,20050400,458.0,20050400,455.9,20050200
2004-12-07 23:00:00,455.7,20050400,455.7,20050400,453.7,20050200
2004-12-08 23:00:00,440.7,20050400,440.7,20050400,438.7,20050200
2004-12-09 23:00:00,439.1,20050400,439.1,20050400,437.2,20050200
2004-12-10 23:00:00,437.2,20050400,437.2,20050400,435.3,20050200
2004-12-13 23:00:00,442.2,20050400,442.2,20050400,440.3,20050200
2004-12-14 23:00:00,439.3,20050400,439.3,20050400,437.3,20050200
2004-12-15 23:00:00,444.2,20050400,444.2,20050400,442.2,20050200
2004-12-16 23:00:00,440.2,20050400,440.2,20050400,438.2,20050200
2004-12-17 23:00:00,445.0,20050400,445.0,20050400,442.9,20050200
2004-12-20 23:00:00,445.7,20050400,445.7,20050400,443.6,20050200
2004-12-21 23:00:00,445.1,20050400,445.1,20050400,442.9,20050200
2004-12-22 23:00:00,443.6,20050400,443.6,20050400,441.4,20050200
2004-12-23 23:00:00,445.1,20050400,445.1,20050400,442.9,20050200
2004-12-27 23:00:00,448.4,20050400,448.4,20050400,446.2,20050200
2004-12-28 23:00:00,447.5,20050400,447.5,20050400,445.3,20050200
2004-12-29 23:00:00,439.1,20050400,439.1,20050400,437.0,20050200
2004-12-30 23:00:00,440.5,20050400,440.5,20050400,438.4,20050200
2005-01-03 23:00:00,431.9,20050400,431.9,20050400,429.7,20050200
2005-01-04 23:00:00,431.3,20050400,431.3,20050400,429.2,20050200
2005-01-05 23:00:00,429.5,20050400,429.5,20050400,427.3,20050200
2005-01-06 23:00:00,423.8,20050400,423.8,20050400,421.6,20050200
2005-01-07 23:00:00,421.7,20050400,421.7,20050400,419.5,20050200
2005-01-10 23:00:00,421.9,20050400,421.9,20050400,419.7,20050200
2005-01-11 23:00:00,424.6,20050400,424.6,20050400,422.4,20050200
2005-01-12 23:00:00,428.8,20050400,428.8,20050400,426.6,20050200
2005-01-13 23:00:00,427.3,20050400,427.3,20050400,425.1,20050200
2005-01-14 23:00:00,425.2,20050400,425.2,20050400,423.0,20050200
2005-01-18 23:00:00,425.7,20050400,425.7,20050400,423.5,20050200
2005-01-19 23:00:00,425.4,20050400,425.4,20050400,423.3,20050200
2005-01-20 23:00:00,424.7,20050400,424.7,20050400,422.6,20050200
2005-01-21 23:00:00,429.0,20050400,429.0,20050400,426.9,20050200
2005-01-24 23:00:00,429.3,20050400,429.3,20050400,427.1,20050200
2005-01-25 23:00:00,424.3,20050400,424.3,20050400,422.1,20050200
2005-01-26 23:00:00,429.1,20050400,429.1,20050400,426.9,20050200
2005-01-27 23:00:00,428.4,20050400,428.4,20050400,426.3,20050200
2005-01-28 23:00:00,428.1,20050400,428.1,20050400,425.8,20050200
2005-01-31 23:00:00,424.1,20050400,424.1,20050400,421.8,20050200
2005-02-01 23:00:00,425.3,20050600,425.3,20050600,422.9,20050400
2005-02-02 23:00:00,425.4,20050600,425.4,20050600,423.0,20050400
2005-02-03 23:00:00,420.9,20050600,420.9,20050600,418.5,20050400
2005-02-04 23:00:00,418.2,20050600,418.2,20050600,415.9,20050400
2005-02-07 23:00:00,417.7,20050600,417.7,20050600,415.4,20050400
2005-02-08 23:00:00,416.6,20050600,416.6,20050600,414.3,20050400
2005-02-09 23:00:00,416.7,20050600,416.7,20050600,414.5,20050400
2005-02-10 23:00:00,421.0,20050600,421.0,20050600,418.7,20050400
2005-02-11 23:00:00,424.3,20050600,424.3,20050600,422.0,20050400
2005-02-14 23:00:00,429.7,20050600,429.7,20050600,427.3,20050400
2005-02-15 23:00:00,429.7,20050600,429.7,20050600,427.3,20050400
2005-02-16 23:00:00,429.3,20050600,429.3,20050600,426.9,20050400
2005-02-17 23:00:00,431.0,20050600,431.0,20050600,428.6,20050400
2005-02-18 23:00:00,430.8,20050600,430.8,20050600,428.4,20050400
2005-02-22 23:00:00,438.3,20050600,438.3,20050600,435.8,20050400
2005-02-23 23:00:00,438.6,20050600,438.6,20050600,436.1,20050400
2005-02-24 23:00:00,438.2,20050600,438.2,20050600,435.7,20050400
2005-02-25 23:00:00,438.6,20050600,438.6,20050600,436.1,20050400
2005-02-28 23:00:00,440.1,20050600,440.1,20050600,437.6,20050400
2005-03-01 23:00:00,436.4,20050600,436.4,20050600,433.9,20050400
2005-03-02 23:00:00,436.2,20050600,436.2,20050600,433.8,20050400
2005-03-03 23:00:00,433.3,20050600,433.3,20050600,430.8,20050400
2005-03-04 23:00:00,437.6,20050600,437.6,20050600,435.1,20050400
2005-03-07 23:00:00,438.4,20050600,438.4,20050600,435.8,20050400
2005-03-08 23:00:00,443.7,20050600,443.7,20050600,441.1,20050400
2005-03-09 23:00:00,445.5,20050600,445.5,20050600,442.9,20050400
2005-03-10 23:00:00,446.0,20050600,446.0,20050600,443.4,20050400
2005-03-11 23:00:00,449.4,20050600,449.4,20050600,446.8,20050400
2005-03-14 23:00:00,444.2,20050600,444.2,20050600,441.6,20050400
2005-03-15 23:00:00,444.0,20050600,444.0,20050600,441.4,20050400
2005-03-16 23:00:00,446.8,20050600,446.8,20050600,444.2,20050400
2005-03-17 23:00:00,441.7,20050600,441.7,20050600,439.1,20050400
2005-03-18 23:00:00,442.3,20050600,442.3,20050600,439.7,20050400
2005-03-21 23:00:00,434.0,20050600,434.0,20050600,431.4,20050400
2005-03-22 23:00:00,434.2,20050600,434.2,20050600,431.6,20050400
2005-03-23 23:00:00,427.9,20050600,427.9,20050600,425.4,20050400
2005-03-24 23:00:00,427.4,20050600,427.4,20050600,424.8,20050400
2005-03-28 23:00:00,428.6,20050600,428.6,20050600,426.0,20050400
2005-03-29 23:00:00,428.6,20050600,428.6,20050600,426.0,20050400
2005-03-30 23:00:00,432.1,20050800,432.1,20050800,429.5,20050600
2005-03-31 23:00:00,433.7,20050800,433.7,20050800,431.1,20050600
2005-04-01 23:00:00,430.9,20050800,430.9,20050800,428.3,20050600
2005-04-04 23:00:00,428.6,20050800,428.6,20050800,426.0,20050600
2005-04-05 23:00:00,429.2,20050800,429.2,20050800,426.6,20050600
2005-04-06 23:00:00,431.8,20050800,431.8,20050800,429.2,20050600
2005-04-07 23:00:00,431.0,20050800,431.0,20050800,428.4,20050600
2005-04-08 23:00:00,431.4,20050800,431.4,20050800,428.8,20050600
2005-04-11 23:00:00,433.0,20050800,433.0,20050800,430.4,20050600
2005-04-12 23:00:00,431.9,20050800,431.9,20050800,429.3,20050600
2005-04-13 23:00:00,433.6,20050800,433.6,20050800,431.0,20050600
2005-04-14 23:00:00,428.2,20050800,428.2,20050800,425.6,20050600
2005-04-15 23:00:00,429.0,20050800,429.0,20050800,426.5,20050600
2005-04-18 23:00:00,431.5,20050800,431.5,20050800,429.0,20050600
2005-04-19 23:00:00,436.9,20050800,436.9,20050800,434.4,20050600
2005-04-20 23:00:00,439.2,20050800,439.2,20050800,436.7,20050600
2005-04-21 23:00:00,436.9,20050800,436.9,20050800,434.4,20050600
2005-04-22 23:00:00,438.1,20050800,438.1,20050800,435.6,20050600
2005-04-25 23:00:00,438.3,20050800,438.3,20050800,435.8,20050600
2005-04-26 23:00:00,441.6,20050800,441.6,20050800,439.0,20050600
2005-04-27 23:00:00,436.7,20050800,436.7,20050800,434.1,20050600
2005-04-28 23:00:00,435.0,20050800,435.0,20050800,432.4,20050600
2005-04-29 23:00:00,438.7,20050800,438.7,20050800,436.1,20050600
2005-05-02 23:00:00,433.1,20050800,433.1,20050800,430.5,20050600
2005-05-03 23:00:00,430.3,20050800,430.3,20050800,427.7,20050600
2005-05-04 23:00:00,432.6,20050800,432.6,20050800,430.0,20050600
2005-05-05 23:00:00,433.3,20050800,433.3,20050800,430.7,20050600
2005-05-06 23:00:00,429.5,20050800,429.5,20050800,426.9,20050600
2005-05-09 23:00:00,429.5,20050800,429.5,20050800,426.9,20050600
2005-05-10 23:00:00,430.6,20050800,430.6,20050800,427.9,20050600
2005-05-11 23:00:00,430.6,20050800,430.6,20050800,427.9,20050600
2005-05-12 23:00:00,424.8,20050800,424.8,20050800,422.2,20050600
2005-05-13 23:00:00,423.3,20050800,423.3,20050800,420.7,20050600
2005-05-16 23:00:00,421.9,20050800,421.9,20050800,419.3,20050600
2005-05-17 23:00:00,422.4,20050800,422.4,20050800,419.8,20050600
2005-05-18 23:00:00,424.5,20050800,424.5,20050800,421.9,20050600
2005-05-19 23:00:00,423.3,20050800,423.3,20050800,420.8,20050600
2005-05-20 23:00:00,420.2,20050800,420.2,20050800,417.7,20050600
2005-05-23 23:00:00,419.4,20050800,419.4,20050800,416.9,20050600
2005-05-24 23:00:00,420.2,20050800,420.2,20050800,417.7,20050600
2005-05-25 23:00:00,421.5,20050800,421.5,20050800,418.9,20050600
2005-05-26 23:00:00,420.6,20050800,420.6,20050800,418.0,20050600
2005-05-27 23:00:00,422.4,20050800,422.4,20050800,419.8,20050600
2005-05-31 23:00:00,418.9,20050800,418.9,20050800,416.3,20050600
2005-06-01 23:00:00,420.4,20051000,420.4,20051000,417.7,20050800
2005-06-02 23:00:00,427.5,20051000,427.5,20051000,424.8,20050800
2005-06-03 23:00:00,428.5,20051000,428.5,20051000,425.8,20050800
2005-06-06 23:00:00,431.1,20051000,431.1,20051000,428.4,20050800
2005-06-07 23:00:00,429.5,20051000,429.5,20051000,426.7,20050800
2005-06-08 23:00:00,429.4,20051000,429.4,20051000,426.6,20050800
2005-06-09 23:00:00,428.9,20051000,428.9,20051000,426.1,20050800
2005-06-10 23:00:00,432.1,20051000,432.1,20051000,429.3,20050800
2005-06-13 23:00:00,433.9,20051000,433.9,20051000,431.1,20050800
2005-06-14 23:00:00,432.1,20051000,432.1,20051000,429.3,20050800
2005-06-15 23:00:00,433.8,20051000,433.8,20051000,430.9,20050800
2005-06-16 23:00:00,440.8,20051000,440.8,20051000,437.9,20050800
2005-06-17 23:00:00,442.9,20051000,442.9,20051000,440.0,20050800
2005-06-20 23:00:00,442.9,20051000,442.9,20051000,440.0,20050800
2005-06-21 23:00:00,443.4,20051000,443.4,20051000,440.5,20050800
2005-06-22 23:00:00,442.6,20051000,442.6,20051000,439.7,20050800
2005-06-23 23:00:00,446.1,20051000,446.1,20051000,443.2,20050800
2005-06-24 23:00:00,444.9,20051000,444.9,20051000,442.0,20050800
2005-06-27 23:00:00,444.6,20051000,444.6,20051000,441.7,20050800
2005-06-28 23:00:00,440.6,20051000,440.6,20051000,437.7,20050800
2005-06-29 23:00:00,441.5,20051000,441.5,20051000,438.6,20050800
2005-06-30 23:00:00,440.1,20051000,440.1,20051000,437.1,20050800
2005-07-01 23:00:00,431.8,20051000,431.8,20051000,428.8,20050800
2005-07-05 23:00:00,426.9,20051000,426.9,20051000,423.9,20050800
2005-07-06 23:00:00,427.4,20051000,427.4,20051000,424.5,20050800
2005-07-07 23:00:00,427.1,20051000,427.1,20051000,424.2,20050800
2005-07-08 23:00:00,426.7,20051000,426.7,20051000,423.8,20050800
2005-07-11 23:00:00,429.2,20051000,429.2,20051000,426.3,20050800
2005-07-12 23:00:00,430.1,20051000,430.1,20051000,427.1,20050800
2005-07-13 23:00:00,427.6,20051000,427.6,20051000,424.6,20050800
2005-07-14 23:00:00,423.2,20051000,423.2,20051000,420.2,20050800
2005-07-15 23:00:00,424.3,20051000,424.3,20051000,421.3,20050800
2005-07-18 23:00:00,424.0,20051000,424.0,20051000,421.0,20050800
2005-07-19 23:00:00,423.1,20051000,423.1,20051000,420.2,20050800
2005-07-20 23:00:00,425.0,20051000,425.0,20051000,422.1,20050800
2005-07-21 23:00:00,428.7,20051000,428.7,20051000,425.7,20050800
2005-07-22 23:00:00,428.0,20051000,428.0,20051000,425.0,20050800
2005-07-25 23:00:00,428.9,20051000,428.9,20051000,425.9,20050800
2005-07-26 23:00:00,426.4,20051000,426.4,20051000,423.5,20050800
2005-07-27 23:00:00,427.7,20051000,427.7,20051000,424.8,20050800
2005-07-28 23:00:00,430.3,20051000,430.3,20051000,427.4,20050800
2005-07-29 23:00:00,432.8,20051000,432.8,20051000,429.9,20050800
2005-08-01 23:00:00,437.7,20051200,437.7,20051200,434.7,20051000
2005-08-02 23:00:00,437.7,20051200,437.7,20051200,434.7,20051000
2005-08-03 23:00:00,442.7,20051200,442.7,20051200,439.6,20051000
2005-08-04 23:00:00,443.7,20051200,443.7,20051200,440.6,20051000
2005-08-05 23:00:00,442.8,20051200,442.8,20051200,439.7,20051000
2005-08-08 23:00:00,440.3,20051200,440.3,20051200,437.1,20051000
2005-08-09 23:00:00,439.8,20051200,439.8,20051200,436.6,20051000
2005-08-10 23:00:00,442.0,20051200,442.0,20051200,438.9,20051000
2005-08-11 23:00:00,450.9,20051200,450.9,20051200,447.8,20051000
2005-08-12 23:00:00,451.4,20051200,451.4,20051200,448.2,20051000
2005-08-15 23:00:00,447.6,20051200,447.6,20051200,444.4,20051000
2005-08-16 23:00:00,451.5,20051200,451.5,20051200,448.3,20051000
2005-08-17 23:00:00,445.2,20051200,445.2,20051200,442.0,20051000
2005-08-18 23:00:00,444.7,20051200,444.7,20051200,441.5,20051000
2005-08-19 23:00:00,442.2,20051200,442.2,20051200,439.1,20051000
2005-08-22 23:00:00,443.0,20051200,443.0,20051200,439.9,20051000
2005-08-23 23:00:00,444.3,20051200,444.3,20051200,441.2,20051000
2005-08-24 23:00:00,442.2,20051200,442.2,20051200,439.1,20051000
2005-08-25 23:00:00,443.1,20051200,443.1,20051200,440.0,20051000
2005-08-26 23:00:00,442.1,20051200,442.1,20051200,439.0,20051000
2005-08-29 23:00:00,441.4,20051200,441.4,20051200,438.3,20051000
2005-08-30 23:00:00,435.5,20051200,435.5,20051200,432.5,20051000
2005-08-31 23:00:00,438.1,20051200,438.1,20051200,435.1,20051000
2005-09-01 23:00:00,446.5,20051200,446.5,20051200,443.5,20051000
2005-09-02 23:00:00,448.5,20051200,448.5,20051200,445.4,20051000
2005-09-06 23:00:00,448.6,20051200,448.6,20051200,445.5,20051000
2005-09-07 23:00:00,449.0,20051200,449.0,20051200,446.0,20051000
2005-09-08 23:00:00,450.7,20051200,450.7,20051200,447.7,20051000
2005-09-09 23:00:00,453.0,20051200,453.0,20051200,450.0,20051000
2005-09-12 23:00:00,453.7,20051200,453.7,20051200,450.7,20051000
2005-09-13 23:00:00,450.0,20051200,450.0,20051200,447.0,20051000
2005-09-14 23:00:00,453.7,20051200,453.7,20051200,450.7,20051000
2005-09-15 23:00:00,459.3,20051200,459.3,20051200,456.3,20051000
2005-09-16 23:00:00,463.3,20051200,463.3,20051200,460.3,20051000
2005-09-19 23:00:00,470.4,20051200,470.4,20051200,467.3,20051000
2005-09-20 23:00:00,470.0,20051200,470.0,20051200,466.8,20051000
2005-09-21 23:00:00,472.6,20051200,472.6,20051200,469.4,20051000
2005-09-22 23:00:00,470.3,20051200,470.3,20051200,467.0,20051000
2005-09-23 23:00:00,467.2,20051200,467.2,20051200,463.9,20051000
2005-09-26 23:00:00,469.5,20051200,469.5,20051200,466.2,20051000
2005-09-27 23:00:00,466.2,20051200,466.2,20051200,462.9,20051000
2005-09-28 23:00:00,473.1,20051200,473.1,20051200,469.8,20051000
2005-09-29 23:00:00,479.3,20060200,479.3,20060200,475.8,20051200
2005-09-30 23:00:00,475.9,20060200,475.9,20060200,472.3,20051200
2005-10-03 23:00:00,472.9,20060200,472.9,20060200,469.3,20051200
2005-10-04 23:00:00,472.9,20060200,472.9,20060200,469.3,20051200
2005-10-05 23:00:00,472.9,20060200,472.9,20060200,469.3,20051200
2005-10-06 23:00:00,478.7,20060200,478.7,20060200,475.0,20051200
2005-10-07 23:00:00,481.4,20060200,481.4,20060200,477.7,20051200
2005-10-10 23:00:00,481.7,20060200,481.7,20060200,478.0,20051200
2005-10-11 23:00:00,483.5,20060200,483.5,20060200,479.8,20051200
2005-10-12 23:00:00,480.4,20060200,480.4,20060200,476.6,20051200
2005-10-13 23:00:00,477.6,20060200,477.6,20060200,473.8,20051200
2005-10-14 23:00:00,475.6,20060200,475.6,20060200,471.8,20051200
2005-10-17 23:00:00,480.4,20060200,480.4,20060200,476.6,20051200
2005-10-18 23:00:00,478.4,20060200,478.4,20060200,474.6,20051200
2005-10-19 23:00:00,469.5,20060200,469.5,20060200,465.8,20051200
2005-10-20 23:00:00,466.9,20060200,466.9,20060200,463.2,20051200
2005-10-21 23:00:00,472.8,20060200,472.8,20060200,469.1,20051200
2005-10-24 23:00:00,470.7,20060200,470.7,20060200,467.0,20051200
2005-10-25 23:00:00,478.5,20060200,478.5,20060200,474.7,20051200
2005-10-26 23:00:00,476.8,20060200,476.8,20060200,473.0,20051200
2005-10-27 23:00:00,479.4,20060200,479.4,20060200,475.6,20051200
2005-10-28 23:00:00,478.6,20060200,478.6,20060200,474.8,20051200
2005-10-31 23:00:00,470.7,20060200,470.7,20060200,466.9,20051200
2005-11-01 23:00:00,464.4,20060200,464.4,20060200,460.6,20051200
2005-11-02 23:00:00,468.4,20060200,468.4,20060200,464.6,20051200
2005-11-03 23:00:00,465.7,20060200,465.7,20060200,461.9,20051200
2005-11-04 23:00:00,461.7,20060200,461.7,20060200,457.9,20051200
2005-11-07 23:00:00,464.2,20060200,464.2,20060200,460.4,20051200
2005-11-08 23:00:00,466.1,20060200,466.1,20060200,462.3,20051200
2005-11-09 23:00:00,471.4,20060200,471.4,20060200,467.5,20051200
2005-11-10 23:00:00,471.6,20060200,471.6,20060200,467.7,20051200
2005-11-11 23:00:00,473.2,20060200,473.2,20060200,469.4,20051200
2005-11-14 23:00:00,473.0,20060200,473.0,20060200,469.1,20051200
2005-11-15 23:00:00,472.8,20060200,472.8,20060200,469.0,20051200
2005-11-16 23:00:00,483.0,20060200,483.0,20060200,479.1,20051200
2005-11-17 23:00:00,490.8,20060200,490.8,20060200,486.9,20051200
2005-11-18 23:00:00,490.2,20060200,490.2,20060200,486.2,20051200
2005-11-21 23:00:00,493.5,20060200,493.5,20060200,489.5,20051200
2005-11-22 23:00:00,497.0,20060200,497.0,20060200,492.9,20051200
2005-11-23 23:00:00,496.4,20060200,496.4,20060200,492.3,20051200
2005-11-28 23:00:00,502.6,20060200,502.6,20060200,498.3,20051200
2005-11-29 23:00:00,503.5,20060200,503.5,20060200,499.1,20051200
2005-11-30 23:00:00,503.0,20060400,503.0,20060400,498.7,20060200
2005-12-01 23:00:00,510.6,20060400,510.6,20060400,506.3,20060200
2005-12-02 23:00:00,511.3,20060400,511.3,20060400,507.0,20060200
2005-12-05 23:00:00,516.9,20060400,516.9,20060400,512.6,20060200
2005-12-06 23:00:00,518.1,20060400,518.1,20060400,513.8,20060200
2005-12-07 23:00:00,522.2,20060400,522.2,20060400,517.8,20060200
2005-12-08 23:00:00,527.1,20060400,527.1,20060400,522.7,20060200
2005-12-09 23:00:00,534.5,20060400,534.5,20060400,530.2,20060200
2005-12-12 23:00:00,535.8,20060400,535.8,20060400,531.5,20060200
2005-12-13 23:00:00,528.4,20060400,528.4,20060400,524.1,20060200
2005-12-14 23:00:00,513.7,20060400,513.7,20060400,509.5,20060200
2005-12-15 23:00:00,510.8,20060400,510.8,20060400,506.6,20060200
2005-12-16 23:00:00,510.1,20060400,510.1,20060400,505.9,20060200
2005-12-19 23:00:00,510.3,20060400,510.3,20060400,506.1,20060200
2005-12-20 23:00:00,501.2,20060400,501.2,20060400,497.0,20060200
2005-12-21 23:00:00,499.5,20060400,499.5,20060400,495.3,20060200
2005-12-22 23:00:00,509.3,20060400,509.3,20060400,505.0,20060200
2005-12-23 23:00:00,509.5,20060400,509.5,20060400,505.2,20060200
2005-12-27 23:00:00,514.4,20060400,514.4,20060400,510.1,20060200
2005-12-28 23:00:00,520.7,20060400,520.7,20060400,516.3,20060200
2005-12-29 23:00:00,521.9,20060400,521.9,20060400,517.5,20060200
2005-12-30 23:00:00,523.4,20060400,523.4,20060400,518.9,20060200
2006-01-03 23:00:00,537.0,20060400,537.0,20060400,532.5,20060200
2006-01-04 23:00:00,540.2,20060400,540.2,20060400,535.6,20060200
2006-01-05 23:00:00,532.4,20060400,532.4,20060400,527.8,20060200
2006-01-06 23:00:00,545.9,20060400,545.9,20060400,541.2,20060200
2006-01-09 23:00:00,555.3,20060400,555.3,20060400,550.5,20060200
2006-01-10 23:00:00,550.4,20060400,550.4,20060400,545.7,20060200
2006-01-11 23:00:00,554.9,20060400,554.9,20060400,550.1,20060200
2006-01-12 23:00:00,554.1,20060400,554.1,20060400,549.3,20060200
2006-01-13 23:00:00,561.9,20060400,561.9,20060400,557.0,20060200
2006-01-17 23:00:00,559.2,20060400,559.2,20060400,554.3,20060200
2006-01-18 23:00:00,549.3,20060400,549.3,20060400,544.5,20060200
2006-01-19 23:00:00,563.9,20060400,563.9,20060400,559.0,20060200
2006-01-20 23:00:00,558.9,20060400,558.9,20060400,554.0,20060200
2006-01-23 23:00:00,563.7,20060400,563.7,20060400,558.7,20060200
2006-01-24 23:00:00,563.1,20060400,563.1,20060400,558.1,20060200
2006-01-25 23:00:00,567.6,20060400,567.6,20060400,562.5,20060200
2006-01-26 23:00:00,565.0,20060400,565.0,20060400,559.9,20060200
2006-01-27 23:00:00,563.7,20060400,563.7,20060400,558.8,20060200
2006-01-30 23:00:00,570.6,20060400,570.6,20060400,565.8,20060200
2006-01-31 23:00:00,580.5,20060600,580.5,20060600,575.5,20060400
2006-02-01 23:00:00,579.0,20060600,579.0,20060600,574.0,20060400
2006-02-02 23:00:00,581.9,20060600,581.9,20060600,576.8,20060400
2006-02-03 23:00:00,576.7,20060600,576.7,20060600,571.6,20060400
2006-02-06 23:00:00,579.4,20060600,579.4,20060600,574.3,20060400
2006-02-07 23:00:00,559.8,20060600,559.8,20060600,554.8,20060400
2006-02-08 23:00:00,558.7,20060600,558.7,20060600,553.8,20060400
2006-02-09 23:00:00,573.1,20060600,573.1,20060600,568.1,20060400
2006-02-10 23:00:00,558.4,20060600,558.4,20060600,553.5,20060400
2006-02-13 23:00:00,546.9,20060600,546.9,20060600,542.1,20060400
2006-02-14 23:00:00,553.7,20060600,553.7,20060600,548.9,20060400
2006-02-15 23:00:00,547.5,20060600,547.5,20060600,542.7,20060400
2006-02-16 23:00:00,553.7,20060600,553.7,20060600,548.8,20060400
2006-02-17 23:00:00,559.6,20060600,559.6,20060600,554.6,20060400
2006-02-21 23:00:00,561.7,20060600,561.7,20060600,556.6,20060400
2006-02-22 23:00:00,561.7,20060600,561.7,20060600,556.6,20060400
2006-02-23 23:00:00,556.0,20060600,556.0,20060600,550.9,20060400
2006-02-24 23:00:00,566.3,20060600,566.3,20060600,561.2,20060400
2006-02-27 23:00:00,562.2,20060600,562.2,20060600,557.0,20060400
2006-02-28 23:00:00,569.1,20060600,569.1,20060600,563.9,20060400
2006-03-01 23:00:00,571.1,20060600,571.1,20060600,565.8,20060400
2006-03-02 23:00:00,575.7,20060600,575.7,20060600,570.4,20060400
2006-03-03 23:00:00,573.3,20060600,573.3,20060600,568.0,20060400
2006-03-06 23:00:00,562.0,20060600,562.0,20060600,556.8,20060400
2006-03-07 23:00:00,559.7,20060600,559.7,20060600,554.5,20060400
2006-03-08 23:00:00,549.5,20060600,549.5,20060600,544.3,20060400
2006-03-09 23:00:00,552.2,20060600,552.2,20060600,547.0,20060400
2006-03-10 23:00:00,546.5,20060600,546.5,20060600,541.3,20060400
2006-03-13 23:00:00,552.7,20060600,552.7,20060600,547.5,20060400
2006-03-14 23:00:00,558.2,20060600,558.2,20060600,553.0,20060400
2006-03-15 23:00:00,559.5,20060600,559.5,20060600,554.4,20060400
2006-03-16 23:00:00,560.5,20060600,560.5,20060600,555.4,20060400
2006-03-17 23:00:00,560.2,20060600,560.2,20060600,555.1,20060400
2006-03-20 23:00:00,561.2,20060600,561.2,20060600,556.1,20060400
2006-03-21 23:00:00,558.2,20060600,558.2,20060600,553.2,20060400
2006-03-22 23:00:00,556.7,20060600,556.7,20060600,551.7,20060400
2006-03-23 23:00:00,555.7,20060600,555.7,20060600,550.8,20060400
2006-03-24 23:00:00,565.5,20060600,565.5,20060600,560.5,20060400
2006-03-27 23:00:00,572.6,20060600,572.6,20060600,567.4,20060400
2006-03-28 23:00:00,572.2,20060600,572.2,20060600,567.0,20060400
2006-03-29 23:00:00,578.6,20060600,578.6,20060600,573.3,20060400
2006-03-30 23:00:00,597.1,20060800,597.1,20060800,591.8,20060600
2006-03-31 23:00:00,592.1,20060800,592.1,20060800,586.7,20060600
2006-04-03 23:00:00,599.8,20060800,599.8,20060800,594.3,20060600
2006-04-04 23:00:00,596.1,20060800,596.1,20060800,590.6,20060600
2006-04-05 23:00:00,598.0,20060800,598.0,20060800,592.5,20060600
2006-04-06 23:00:00,605.2,20060800,605.2,20060800,599.7,20060600
2006-04-07 23:00:00,598.2,20060800,598.2,20060800,592.7,20060600
2006-04-10 23:00:00,607.5,20060800,607.5,20060800,601.8,20060600
2006-04-11 23:00:00,605.1,20060800,605.1,20060800,599.4,20060600
2006-04-12 23:00:00,607.0,20060800,607.0,20060800,601.3,20060600
2006-04-17 23:00:00,624.8,20060800,624.8,20060800,618.8,20060600
2006-04-18 23:00:00,629.3,20060800,629.3,20060800,623.3,20060600
2006-04-19 23:00:00,642.1,20060800,642.1,20060800,636.0,20060600
2006-04-20 23:00:00,629.0,20060800,629.0,20060800,623.1,20060600
2006-04-21 23:00:00,641.6,20060800,641.6,20060800,635.5,20060600
2006-04-24 23:00:00,630.0,20060800,630.0,20060800,623.9,20060600
2006-04-25 23:00:00,640.3,20060800,640.3,20060800,634.2,20060600
2006-04-26 23:00:00,648.2,20060800,648.2,20060800,642.0,20060600
2006-04-27 23:00:00,642.5,20060800,642.5,20060800,636.3,20060600
2006-04-28 23:00:00,660.9,20060800,660.9,20060800,654.5,20060600
2006-05-01 23:00:00,666.7,20060800,666.7,20060800,660.2,20060600
2006-05-02 23:00:00,674.0,20060800,674.0,20060800,667.4,20060600
2006-05-03 23:00:00,675.2,20060800,675.2,20060800,668.5,20060600
2006-05-04 23:00:00,683.1,20060800,683.1,20060800,676.5,20060600
2006-05-05 23:00:00,691.0,20060800,691.0,20060800,684.3,20060600
2006-05-08 23:00:00,686.6,20060800,686.6,20060800,679.9,20060600
2006-05-09 23:00:00,708.3,20060800,708.3,20060800,701.5,20060600
2006-05-10 23:00:00,712.6,20060800,712.6,20060800,705.7,20060600
2006-05-11 23:00:00,728.6,20060800,728.6,20060800,721.5,20060600
2006-05-12 23:00:00,719.0,20060800,719.0,20060800,711.8,20060600
2006-05-15 23:00:00,691.9,20060800,691.9,20060800,685.0,20060600
2006-05-16 23:00:00,699.8,20060800,699.8,20060800,692.9,20060600
2006-05-17 23:00:00,698.8,20060800,698.8,20060800,691.8,20060600
2006-05-18 23:00:00,687.8,20060800,687.8,20060800,680.9,20060600
2006-05-19 23:00:00,664.2,20060800,664.2,20060800,657.5,20060600
2006-05-22 23:00:00,664.3,20060800,664.3,20060800,657.7,20060600
2006-05-23 23:00:00,680.4,20060800,680.4,20060800,673.7,20060600
2006-05-24 23:00:00,644.1,20060800,644.1,20060800,637.5,20060600
2006-05-25 23:00:00,654.9,20060800,654.9,20060800,648.5,20060600
2006-05-26 23:00:00,657.4,20060800,657.4,20060800,651.0,20060600
2006-05-30 23:00:00,660.5,20060800,660.5,20060800,653.9,20060600
2006-05-31 23:00:00,655.6,20061000,655.6,20061000,649.0,20060800
2006-06-01 23:00:00,640.0,20061000,640.0,20061000,633.5,20060800
2006-06-02 23:00:00,647.4,20061000,647.4,20061000,641.0,20060800
2006-06-05 23:00:00,655.2,20061000,655.2,20061000,648.7,20060800
2006-06-06 23:00:00,641.0,20061000,641.0,20061000,634.7,20060800
2006-06-07 23:00:00,638.9,20061000,638.9,20061000,632.6,20060800
2006-06-08 23:00:00,620.0,20061000,620.0,20061000,613.8,20060800
2006-06-09 23:00:00,619.0,20061000,619.0,20061000,612.8,20060800
2006-06-12 23:00:00,617.5,20061000,617.5,20061000,611.3,20060800
2006-06-13 23:00:00,572.4,20061000,572.4,20061000,566.8,20060800
2006-06-14 23:00:00,572.2,20061000,572.2,20061000,566.5,20060800
2006-06-15 23:00:00,576.2,20061000,576.2,20061000,570.3,20060800
2006-06-16 23:00:00,587.7,20061000,587.7,20061000,581.7,20060800
2006-06-19 23:00:00,578.3,20061000,578.3,20061000,572.4,20060800
2006-06-20 23:00:00,586.4,20061000,586.4,20061000,580.5,20060800
2006-06-21 23:00:00,597.0,20061000,597.0,20061000,591.0,20060800
2006-06-22 23:00:00,591.5,20061000,591.5,20061000,585.4,20060800
2006-06-23 23:00:00,594.1,20061000,594.1,20061000,588.0,20060800
2006-06-26 23:00:00,593.8,20061000,593.8,20061000,587.7,20060800
2006-06-27 23:00:00,590.6,20061000,590.6,20061000,584.4,20060800
2006-06-28 23:00:00,587.2,20061000,587.2,20061000,581.0,20060800
2006-06-29 23:00:00,595.2,20061000,595.2,20061000,588.9,20060800
2006-06-30 23:00:00,622.6,20061000,622.6,20061000,616.0,20060800
2006-07-05 23:00:00,636.5,20061000,636.5,20061000,629.7,20060800
2006-07-06 23:00:00,643.1,20061000,643.1,20061000,636.3,20060800
2006-07-07 23:00:00,641.6,20061000,641.6,20061000,634.8,20060800
2006-07-10 23:00:00,632.9,20061000,632.9,20061000,626.1,20060800
2006-07-11 23:00:00,649.9,20061000,649.9,20061000,643.1,20060800
2006-07-12 23:00:00,658.1,20061000,658.1,20061000,651.2,20060800
2006-07-13 23:00:00,661.4,20061000,661.4,20061000,654.4,20060800
2006-07-14 23:00:00,675.0,20061000,675.0,20061000,668.0,20060800
2006-07-17 23:00:00,658.8,20061000,658.8,20061000,651.9,20060800
2006-07-18 23:00:00,636.2,20061000,636.2,20061000,629.5,20060800
2006-07-19 23:00:00,649.5,20061000,649.5,20061000,642.8,20060800
2006-07-20 23:00:00,639.1,20061000,639.1,20061000,632.5,20060800
2006-07-21 23:00:00,626.7,20061000,626.7,20061000,620.2,20060800
2006-07-24 23:00:00,619.6,20061000,619.6,20061000,613.2,20060800
2006-07-25 23:00:00,624.4,20061000,624.4,20061000,618.0,20060800
2006-07-26 23:00:00,628.4,20061000,628.4,20061000,621.9,20060800
2006-07-27 23:00:00,639.1,20061000,639.1,20061000,632.5,20060800
2006-07-28 23:00:00,641.4,20061000,641.4,20061000,634.8,20060800
2006-07-31 23:00:00,640.4,20061000,640.4,20061000,634.2,20060800
2006-08-01 23:00:00,658.8,20061200,658.8,20061200,652.4,20061000
2006-08-02 23:00:00,664.1,20061200,664.1,20061200,657.6,20061000
2006-08-03 23:00:00,657.0,20061200,657.0,20061200,650.5,20061000
2006-08-04 23:00:00,656.0,20061200,656.0,20061200,649.6,20061000
2006-08-07 23:00:00,659.5,20061200,659.5,20061200,653.1,20061000
2006-08-08 23:00:00,657.3,20061200,657.3,20061200,650.9,20061000
2006-08-09 23:00:00,662.0,20061200,662.0,20061200,655.5,20061000
2006-08-10 23:00:00,646.0,20061200,646.0,20061200,639.7,20061000
2006-08-11 23:00:00,644.4,20061200,644.4,20061200,638.1,20061000
2006-08-14 23:00:00,639.3,20061200,639.3,20061200,633.1,20061000
2006-08-15 23:00:00,632.9,20061200,632.9,20061200,626.8,20061000
2006-08-16 23:00:00,639.0,20061200,639.0,20061200,632.9,20061000
2006-08-17 23:00:00,625.3,20061200,625.3,20061200,619.3,20061000
2006-08-18 23:00:00,621.7,20061200,621.7,20061200,615.8,20061000
2006-08-21 23:00:00,635.2,20061200,635.2,20061200,629.2,20061000
2006-08-22 23:00:00,634.0,20061200,634.0,20061200,628.0,20061000
2006-08-23 23:00:00,633.0,20061200,633.0,20061200,627.0,20061000
2006-08-24 23:00:00,628.5,20061200,628.5,20061200,622.6,20061000
2006-08-25 23:00:00,630.8,20061200,630.8,20061200,624.9,20061000
2006-08-28 23:00:00,623.9,20061200,623.9,20061200,618.0,20061000
2006-08-29 23:00:00,619.1,20061200,619.1,20061200,613.2,20061000
2006-08-30 23:00:00,626.1,20061200,626.1,20061200,620.2,20061000
2006-08-31 23:00:00,634.2,20061200,634.2,20061200,628.2,20061000
2006-09-01 23:00:00,632.6,20061200,632.6,20061200,626.6,20061000
2006-09-05 23:00:00,646.9,20061200,646.9,20061200,640.7,20061000
2006-09-06 23:00:00,641.8,20061200,641.8,20061200,635.6,20061000
2006-09-07 23:00:00,624.9,20061200,624.9,20061200,618.9,20061000
2006-09-08 23:00:00,617.3,20061200,617.3,20061200,611.4,20061000
2006-09-11 23:00:00,597.3,20061200,597.3,20061200,591.6,20061000
2006-09-12 23:00:00,594.3,20061200,594.3,20061200,588.5,20061000
2006-09-13 23:00:00,596.3,20061200,596.3,20061200,590.5,20061000
2006-09-14 23:00:00,586.0,20061200,586.0,20061200,580.4,20061000
2006-09-15 23:00:00,583.0,20061200,583.0,20061200,577.5,20061000
2006-09-18 23:00:00,592.8,20061200,592.8,20061200,587.2,20061000
2006-09-19 23:00:00,583.2,20061200,583.2,20061200,577.7,20061000
2006-09-20 23:00:00,586.2,20061200,586.2,20061200,580.8,20061000
2006-09-21 23:00:00,588.3,20061200,588.3,20061200,582.9,20061000
2006-09-22 23:00:00,595.4,20061200,595.4,20061200,590.0,20061000
2006-09-25 23:00:00,595.9,20061200,595.9,20061200,590.4,20061000
2006-09-26 23:00:00,597.1,20061200,597.1,20061200,591.6,20061000
2006-09-27 23:00:00,603.3,20061200,603.3,20061200,597.6,20061000
2006-09-28 23:00:00,610.9,20061200,610.9,20061200,605.0,20061000
2006-09-29 23:00:00,610.1,20070200,610.1,20070200,604.2,20061200
2006-10-02 23:00:00,609.2,20070200,609.2,20070200,603.3,20061200
2006-10-03 23:00:00,587.2,20070200,587.2,20070200,581.5,20061200
2006-10-04 23:00:00,572.2,20070200,572.2,20070200,566.7,20061200
2006-10-05 23:00:00,581.1,20070200,581.1,20070200,575.5,20061200
2006-10-06 23:00:00,582.4,20070200,582.4,20070200,576.8,20061200
2006-10-09 23:00:00,588.5,20070200,588.5,20070200,582.8,20061200
2006-10-10 23:00:00,581.9,20070200,581.9,20070200,576.2,20061200
2006-10-11 23:00:00,582.3,20070200,582.3,20070200,576.5,20061200
2006-10-12 23:00:00,586.1,20070200,586.1,20070200,580.3,20061200
2006-10-13 23:00:00,598.6,20070200,598.6,20070200,592.7,20061200
2006-10-16 23:00:00,604.4,20070200,604.4,20070200,598.5,20061200
2006-10-17 23:00:00,599.4,20070200,599.4,20070200,593.5,20061200
2006-10-18 23:00:00,598.5,20070200,598.5,20070200,592.6,20061200
2006-10-19 23:00:00,608.5,20070200,608.5,20070200,602.5,20061200
2006-10-20 23:00:00,602.4,20070200,602.4,20070200,596.4,20061200
2006-10-23 23:00:00,588.8,20070200,588.8,20070200,582.9,20061200
2006-10-24 23:00:00,593.5,20070200,593.5,20070200,587.6,20061200
2006-10-25 23:00:00,596.7,20070200,596.7,20070200,590.8,20061200
2006-10-26 23:00:00,605.7,20070200,605.7,20070200,599.8,20061200
2006-10-27 23:00:00,607.0,20070200,607.0,20070200,601.0,20061200
2006-10-30 23:00:00,613.5,20070200,613.5,20070200,607.4,20061200
2006-10-31 23:00:00,612.9,20070200,612.9,20070200,606.8,20061200
2006-11-01 23:00:00,625.5,20070200,625.5,20070200,619.3,20061200
2006-11-02 23:00:00,634.1,20070200,634.1,20070200,627.8,20061200
2006-11-03 23:00:00,635.5,20070200,635.5,20070200,629.2,20061200
2006-11-06 23:00:00,634.3,20070200,634.3,20070200,627.9,20061200
2006-11-07 23:00:00,634.0,20070200,634.0,20070200,627.7,20061200
2006-11-08 23:00:00,624.5,20070200,624.5,20070200,618.3,20061200
2006-11-09 23:00:00,643.1,20070200,643.1,20070200,636.8,20061200
2006-11-10 23:00:00,636.4,20070200,636.4,20070200,630.1,20061200
2006-11-13 23:00:00,632.1,20070200,632.1,20070200,625.8,20061200
2006-11-14 23:00:00,631.6,20070200,631.6,20070200,625.3,20061200
2006-11-15 23:00:00,630.0,20070200,630.0,20070200,623.8,20061200
2006-11-16 23:00:00,627.9,20070200,627.9,20070200,621.7,20061200
2006-11-17 23:00:00,628.7,20070200,628.7,20070200,622.5,20061200
2006-11-20 23:00:00,628.4,20070200,628.4,20070200,622.1,20061200
2006-11-21 23:00:00,635.1,20070200,635.1,20070200,628.7,20061200
2006-11-22 23:00:00,635.4,20070200,635.4,20070200,629.0,20061200
2006-11-27 23:00:00,647.1,20070200,647.1,20070200,640.6,20061200
2006-11-28 23:00:00,643.7,20070200,643.7,20070200,637.3,20061200
2006-11-29 23:00:00,648.0,20070400,648.0,20070400,641.8,20070200
2006-11-30 23:00:00,659.2,20070400,659.2,20070400,652.9,20070200
2006-12-01 23:00:00,656.9,20070400,656.9,20070400,650.6,20070200
2006-12-04 23:00:00,657.2,20070400,657.2,20070400,650.9,20070200
2006-12-05 23:00:00,654.2,20070400,654.2,20070400,647.9,20070200
2006-12-06 23:00:00,642.1,20070400,642.1,20070400,635.9,20070200
2006-12-07 23:00:00,643.2,20070400,643.2,20070400,637.0,20070200
2006-12-08 23:00:00,637.3,20070400,637.3,20070400,631.0,20070200
2006-12-11 23:00:00,641.0,20070400,641.0,20070400,634.8,20070200
2006-12-12 23:00:00,637.9,20070400,637.9,20070400,631.7,20070200
2006-12-13 23:00:00,638.6,20070400,638.6,20070400,632.4,20070200
2006-12-14 23:00:00,637.1,20070400,637.1,20070400,630.9,20070200
2006-12-15 23:00:00,625.2,20070400,625.2,20070400,619.1,20070200
2006-12-18 23:00:00,624.0,20070400,624.0,20070400,617.9,20070200
2006-12-19 23:00:00,631.6,20070400,631.6,20070400,625.4,20070200
2006-12-20 23:00:00,630.5,20070400,630.5,20070400,624.3,20070200
2006-12-21 23:00:00,627.8,20070400,627.8,20070400,621.6,20070200
2006-12-22 23:00:00,628.5,20070400,628.5,20070400,622.3,20070200
2006-12-26 23:00:00,633.1,20070400,633.1,20070400,626.9,20070200
2006-12-27 23:00:00,636.6,20070400,636.6,20070400,630.3,20070200
2006-12-28 23:00:00,643.2,20070400,643.2,20070400,636.9,20070200
2006-12-29 23:00:00,644.3,20070400,644.3,20070400,638.0,20070200
2007-01-03 23:00:00,636.0,20070400,636.0,20070400,629.8,20070200
2007-01-04 23:00:00,632.3,20070400,632.3,20070400,626.2,20070200
2007-01-05 23:00:00,612.9,20070400,612.9,20070400,606.9,20070200
2007-01-08 23:00:00,615.4,20070400,615.4,20070400,609.4,20070200
2007-01-09 23:00:00,621.0,20070400,621.0,20070400,615.0,20070200
2007-01-10 23:00:00,619.4,20070400,619.4,20070400,613.4,20070200
2007-01-11 23:00:00,620.0,20070400,620.0,20070400,613.9,20070200
2007-01-12 23:00:00,633.0,20070400,633.0,20070400,626.9,20070200
2007-01-16 23:00:00,632.0,20070400,632.0,20070400,625.9,20070200
2007-01-17 23:00:00,639.4,20070400,639.4,20070400,633.3,20070200
2007-01-18 23:00:00,634.2,20070400,634.2,20070400,628.1,20070200
2007-01-19 23:00:00,642.6,20070400,642.6,20070400,636.4,20070200
2007-01-22 23:00:00,640.3,20070400,640.3,20070400,634.1,20070200
2007-01-23 23:00:00,652.2,20070400,652.2,20070400,645.9,20070200
2007-01-24 23:00:00,654.5,20070400,654.5,20070400,648.2,20070200
2007-01-25 23:00:00,654.4,20070400,654.4,20070400,648.1,20070200
2007-01-26 23:00:00,650.7,20070400,650.7,20070400,644.7,20070200
2007-01-29 23:00:00,649.1,20070400,649.1,20070400,643.2,20070200
2007-01-30 23:00:00,650.2,20070400,650.2,20070400,644.2,20070200
2007-01-31 23:00:00,664.2,20070600,664.2,20070600,657.9,20070400
2007-02-01 23:00:00,669.3,20070600,669.3,20070600,663.0,20070400
2007-02-02 23:00:00,657.7,20070600,657.7,20070600,651.5,20070400
2007-02-05 23:00:00,662.4,20070600,662.4,20070600,656.1,20070400
2007-02-06 23:00:00,665.0,20070600,665.0,20070600,658.7,20070400
2007-02-07 23:00:00,663.6,20070600,663.6,20070600,657.3,20070400
2007-02-08 23:00:00,669.1,20070600,669.1,20070600,662.8,20070400
2007-02-09 23:00:00,678.7,20070600,678.7,20070600,672.3,20070400
2007-02-12 23:00:00,673.7,20070600,673.7,20070600,667.3,20070400
2007-02-13 23:00:00,674.9,20070600,674.9,20070600,668.5,20070400
2007-02-14 23:00:00,678.4,20070600,678.4,20070600,672.0,20070400
2007-02-15 23:00:00,677.8,20070600,677.8,20070600,671.4,20070400
2007-02-16 23:00:00,679.1,20070600,679.1,20070600,672.8,20070400
2007-02-20 23:00:00,667.3,20070600,667.3,20070600,661.0,20070400
2007-02-21 23:00:00,690.4,20070600,690.4,20070600,684.0,20070400
2007-02-22 23:00:00,689.4,20070600,689.4,20070600,683.0,20070400
2007-02-23 23:00:00,693.2,20070600,693.2,20070600,686.7,20070400
2007-02-26 23:00:00,696.3,20070600,696.3,20070600,689.8,20070400
2007-02-27 23:00:00,693.7,20070600,693.7,20070600,687.2,20070400
2007-02-28 23:00:00,678.8,20070600,678.8,20070600,672.5,20070400
2007-03-01 23:00:00,671.4,20070600,671.4,20070600,665.1,20070400
2007-03-02 23:00:00,650.3,20070600,650.3,20070600,644.1,20070400
2007-03-05 23:00:00,645.3,20070600,645.3,20070600,639.2,20070400
2007-03-06 23:00:00,652.4,20070600,652.4,20070600,646.2,20070400
2007-03-07 23:00:00,659.2,20070600,659.2,20070600,652.9,20070400
2007-03-08 23:00:00,661.8,20070600,661.8,20070600,655.5,20070400
2007-03-09 23:00:00,658.4,20070600,658.4,20070600,652.0,20070400
2007-03-12 23:00:00,656.6,20070600,656.6,20070600,650.3,20070400
2007-03-13 23:00:00,655.7,20070600,655.7,20070600,649.4,20070400
2007-03-14 23:00:00,648.7,20070600,648.7,20070600,642.5,20070400
2007-03-15 23:00:00,653.3,20070600,653.3,20070600,647.1,20070400
2007-03-16 23:00:00,660.2,20070600,660.2,20070600,653.9,20070400
2007-03-19 23:00:00,660.5,20070600,660.5,20070600,654.3,20070400
2007-03-20 23:00:00,665.3,20070600,665.3,20070600,659.0,20070400
2007-03-21 23:00:00,666.3,20070600,666.3,20070600,660.0,20070400
2007-03-22 23:00:00,670.5,20070600,670.5,20070600,664.2,20070400
2007-03-23 23:00:00,663.5,20070600,663.5,20070600,657.3,20070400
2007-03-26 23:00:00,670.2,20070600,670.2,20070600,663.9,20070400
2007-03-27 23:00:00,668.8,20070600,668.8,20070600,662.5,20070400
2007-03-28 23:00:00,672.9,20070600,672.9,20070600,666.8,20070400
2007-03-29 23:00:00,667.6,20070600,667.6,20070600,661.5,20070400
2007-03-30 23:00:00,675.2,20070800,675.2,20070800,669.0,20070600
2007-04-02 23:00:00,677.7,20070800,677.7,20070800,671.5,20070600
2007-04-03 23:00:00,676.0,20070800,676.0,20070800,669.7,20070600
2007-04-04 23:00:00,683.7,20070800,683.7,20070800,677.4,20070600
2007-04-05 23:00:00,685.8,20070800,685.8,20070800,679.4,20070600
2007-04-09 23:00:00,683.3,20070800,683.3,20070800,676.9,20070600
2007-04-10 23:00:00,687.9,20070800,687.9,20070800,681.5,20070600
2007-04-11 23:00:00,688.1,20070800,688.1,20070800,681.7,20070600
2007-04-12 23:00:00,686.1,20070800,686.1,20070800,679.7,20070600
2007-04-13 23:00:00,696.3,20070800,696.3,20070800,689.9,20070600
2007-04-16 23:00:00,701.0,20070800,701.0,20070800,694.5,20070600
2007-04-17 23:00:00,699.0,20070800,699.0,20070800,692.5,20070600
2007-04-18 23:00:00,699.8,20070800,699.8,20070800,693.3,20070600
2007-04-19 23:00:00,694.7,20070800,694.7,20070800,688.3,20070600
2007-04-20 23:00:00,702.3,20070800,702.3,20070800,695.8,20070600
2007-04-23 23:00:00,700.7,20070800,700.7,20070800,694.2,20070600
2007-04-24 23:00:00,694.1,20070800,694.1,20070800,687.7,20070600
2007-04-25 23:00:00,693.8,20070800,693.8,20070800,687.4,20070600
2007-04-26 23:00:00,684.4,20070800,684.4,20070800,678.0,20070600
2007-04-27 23:00:00,688.2,20070800,688.2,20070800,681.8,20070600
2007-04-30 23:00:00,689.9,20070800,689.9,20070800,683.5,20070600
2007-05-01 23:00:00,683.7,20070800,683.7,20070800,677.3,20070600
2007-05-02 23:00:00,681.5,20070800,681.5,20070800,675.1,20070600
2007-05-03 23:00:00,690.8,20070800,690.8,20070800,684.4,20070600
2007-05-04 23:00:00,696.1,20070800,696.1,20070800,689.7,20070600
2007-05-07 23:00:00,696.9,20070800,696.9,20070800,690.4,20070600
2007-05-08 23:00:00,693.9,20070800,693.9,20070800,687.4,20070600
2007-05-09 23:00:00,689.0,20070800,689.0,20070800,682.5,20070600
2007-05-10 23:00:00,673.4,20070800,673.4,20070800,667.0,20070600
2007-05-11 23:00:00,678.7,20070800,678.7,20070800,672.3,20070600
2007-05-14 23:00:00,676.5,20070800,676.5,20070800,670.1,20070600
2007-05-15 23:00:00,680.8,20070800,680.8,20070800,674.5,20070600
2007-05-16 23:00:00,667.7,20070800,667.7,20070800,661.5,20070600
2007-05-17 23:00:00,663.4,20070800,663.4,20070800,657.2,20070600
2007-05-18 23:00:00,668.2,20070800,668.2,20070800,662.0,20070600
2007-05-21 23:00:00,670.0,20070800,670.0,20070800,663.8,20070600
2007-05-22 23:00:00,666.1,20070800,666.1,20070800,659.9,20070600
2007-05-23 23:00:00,668.8,20070800,668.8,20070800,662.6,20070600
2007-05-24 23:00:00,659.4,20070800,659.4,20070800,653.3,20070600
2007-05-25 23:00:00,661.4,20070800,661.4,20070800,655.3,20070600
2007-05-29 23:00:00,663.4,20070800,663.4,20070800,657.2,20070600
2007-05-30 23:00:00,659.3,20070800,659.3,20070800,653.1,20070600
2007-05-31 23:00:00,672.9,20071000,672.9,20071000,666.7,20070800
2007-06-01 23:00:00,683.2,20071000,683.2,20071000,676.9,20070800
2007-06-04 23:00:00,682.6,20071000,682.6,20071000,676.3,20070800
2007-06-05 23:00:00,681.4,20071000,681.4,20071000,675.1,20070800
2007-06-06 23:00:00,680.9,20071000,680.9,20071000,674.6,20070800
2007-06-07 23:00:00,671.4,20071000,671.4,20071000,665.2,20070800
2007-06-08 23:00:00,656.4,20071000,656.4,20071000,650.3,20070800
2007-06-11 23:00:00,665.2,20071000,665.2,20071000,659.0,20070800
2007-06-12 23:00:00,659.2,20071000,659.2,20071000,653.1,20070800
2007-06-13 23:00:00,658.8,20071000,658.8,20071000,652.7,20070800
2007-06-14 23:00:00,662.0,20071000,662.0,20071000,655.9,20070800
2007-06-15 23:00:00,664.9,20071000,664.9,20071000,658.7,20070800
2007-06-18 23:00:00,666.1,20071000,666.1,20071000,659.9,20070800
2007-06-19 23:00:00,670.9,20071000,670.9,20071000,664.7,20070800
2007-06-20 23:00:00,666.2,20071000,666.2,20071000,660.0,20070800
2007-06-21 23:00:00,660.3,20071000,660.3,20071000,654.2,20070800
2007-06-22 23:00:00,663.1,20071000,663.1,20071000,657.0,20070800
2007-06-25 23:00:00,660.8,20071000,660.8,20071000,654.7,20070800
2007-06-26 23:00:00,651.4,20071000,651.4,20071000,645.3,20070800
2007-06-27 23:00:00,650.8,20071000,650.8,20071000,644.8,20070800
2007-06-28 23:00:00,656.5,20071000,656.5,20071000,650.4,20070800
2007-06-29 23:00:00,657.0,20071000,657.0,20071000,650.9,20070800
2007-07-02 23:00:00,665.4,20071000,665.4,20071000,659.2,20070800
2007-07-03 23:00:00,661.6,20071000,661.6,20071000,655.4,20070800
2007-07-05 23:00:00,656.7,20071000,656.7,20071000,650.6,20070800
2007-07-06 23:00:00,661.0,20071000,661.0,20071000,654.8,20070800
2007-07-09 23:00:00,668.7,20071000,668.7,20071000,662.5,20070800
2007-07-10 23:00:00,670.7,20071000,670.7,20071000,664.4,20070800
2007-07-11 23:00:00,668.4,20071000,668.4,20071000,662.1,20070800
2007-07-12 23:00:00,674.5,20071000,674.5,20071000,668.3,20070800
2007-07-13 23:00:00,673.6,20071000,673.6,20071000,667.3,20070800
2007-07-16 23:00:00,672.6,20071000,672.6,20071000,666.3,20070800
2007-07-17 23:00:00,672.2,20071000,672.2,20071000,665.9,20070800
2007-07-18 23:00:00,680.0,20071000,680.0,20071000,673.7,20070800
2007-07-19 23:00:00,684.4,20071000,684.4,20071000,678.1,20070800
2007-07-20 23:00:00,691.0,20071000,691.0,20071000,684.7,20070800
2007-07-23 23:00:00,687.8,20071000,687.8,20071000,681.5,20070800
2007-07-24 23:00:00,691.1,20071000,691.1,20071000,684.8,20070800
2007-07-25 23:00:00,680.1,20071000,680.1,20071000,673.8,20070800
2007-07-26 23:00:00,668.9,20071000,668.9,20071000,662.8,20070800
2007-07-27 23:00:00,666.2,20071000,666.2,20071000,660.1,20070800
2007-07-30 23:00:00,670.3,20071000,670.3,20071000,664.1,20070800
2007-07-31 23:00:00,679.3,20071200,679.3,20071200,673.0,20071000
2007-08-01 23:00:00,675.9,20071200,675.9,20071200,669.6,20071000
2007-08-02 23:00:00,676.6,20071200,676.6,20071200,670.3,20071000
2007-08-03 23:00:00,684.4,20071200,684.4,20071200,678.1,20071000
2007-08-06 23:00:00,683.3,20071200,683.3,20071200,677.0,20071000
2007-08-07 23:00:00,682.3,20071200,682.3,20071200,676.0,20071000
2007-08-08 23:00:00,686.3,20071200,686.3,20071200,679.9,20071000
2007-08-09 23:00:00,672.8,20071200,672.8,20071200,666.5,20071000
2007-08-10 23:00:00,681.6,20071200,681.6,20071200,675.3,20071000
2007-08-13 23:00:00,680.9,20071200,680.9,20071200,674.6,20071000
2007-08-14 23:00:00,679.7,20071200,679.7,20071200,673.4,20071000
2007-08-15 23:00:00,679.7,20071200,679.7,20071200,673.4,20071000
2007-08-16 23:00:00,658.0,20071200,658.0,20071200,652.2,20071000
2007-08-17 23:00:00,666.8,20071200,666.8,20071200,660.9,20071000
2007-08-20 23:00:00,666.5,20071200,666.5,20071200,660.6,20071000
2007-08-21 23:00:00,666.2,20071200,666.2,20071200,660.5,20071000
2007-08-22 23:00:00,668.7,20071200,668.7,20071200,662.9,20071000
2007-08-23 23:00:00,668.4,20071200,668.4,20071200,662.5,20071000
2007-08-24 23:00:00,677.5,20071200,677.5,20071200,671.5,20071000
2007-08-27 23:00:00,676.2,20071200,676.2,20071200,670.2,20071000
2007-08-28 23:00:00,673.5,20071200,673.5,20071200,667.6,20071000
2007-08-29 23:00:00,675.4,20071200,675.4,20071200,669.5,20071000
2007-08-30 23:00:00,673.9,20071200,673.9,20071200,668.0,20071000
2007-08-31 23:00:00,681.9,20071200,681.9,20071200,675.8,20071000
2007-09-04 23:00:00,691.5,20071200,691.5,20071200,685.2,20071000
2007-09-05 23:00:00,690.7,20071200,690.7,20071200,684.3,20071000
2007-09-06 23:00:00,704.6,20071200,704.6,20071200,698.1,20071000
2007-09-07 23:00:00,709.7,20071200,709.7,20071200,703.2,20071000
2007-09-10 23:00:00,712.2,20071200,712.2,20071200,705.6,20071000
2007-09-11 23:00:00,721.1,20071200,721.1,20071200,714.4,20071000
2007-09-12 23:00:00,720.7,20071200,720.7,20071200,714.0,20071000
2007-09-13 23:00:00,717.9,20071200,717.9,20071200,711.2,20071000
2007-09-14 23:00:00,717.8,20071200,717.8,20071200,711.1,20071000
2007-09-17 23:00:00,723.8,20071200,723.8,20071200,717.1,20071000
2007-09-18 23:00:00,723.7,20071200,723.7,20071200,717.0,20071000
2007-09-19 23:00:00,729.5,20071200,729.5,20071200,723.0,20071000
2007-09-20 23:00:00,739.9,20071200,739.9,20071200,733.2,20071000
2007-09-21 23:00:00,738.9,20071200,738.9,20071200,732.1,20071000
2007-09-24 23:00:00,739.3,20071200,739.3,20071200,732.5,20071000
2007-09-25 23:00:00,738.8,20071200,738.8,20071200,732.0,20071000
2007-09-26 23:00:00,735.5,20071200,735.5,20071200,728.6,20071000
2007-09-27 23:00:00,739.9,20071200,739.9,20071200,732.7,20071000
2007-09-28 23:00:00,750.0,20071200,750.0,20071200,742.8,20071000
2007-10-01 23:00:00,760.4,20080200,760.4,20080200,754.1,20071200
2007-10-02 23:00:00,742.5,20080200,742.5,20080200,736.3,20071200
2007-10-03 23:00:00,742.0,20080200,742.0,20080200,735.7,20071200
2007-10-04 23:00:00,750.1,20080200,750.1,20080200,743.8,20071200
2007-10-05 23:00:00,753.6,20080200,753.6,20080200,747.2,20071200
2007-10-08 23:00:00,745.0,20080200,745.0,20080200,738.7,20071200
2007-10-09 23:00:00,749.4,20080200,749.4,20080200,743.1,20071200
2007-10-10 23:00:00,752.4,20080200,752.4,20080200,746.0,20071200
2007-10-11 23:00:00,763.2,20080200,763.2,20080200,756.7,20071200
2007-10-12 23:00:00,760.3,20080200,760.3,20080200,753.8,20071200
2007-10-15 23:00:00,768.8,20080200,768.8,20080200,762.2,20071200
2007-10-16 23:00:00,768.6,20080200,768.6,20080200,762.0,20071200
2007-10-17 23:00:00,768.8,20080200,768.8,20080200,762.3,20071200
2007-10-18 23:00:00,775.2,20080200,775.2,20080200,768.7,20071200
2007-10-19 23:00:00,774.8,20080200,774.8,20080200,768.4,20071200
2007-10-22 23:00:00,766.3,20080200,766.3,20080200,760.0,20071200
2007-10-23 23:00:00,769.4,20080200,769.4,20080200,763.1,20071200
2007-10-24 23:00:00,771.8,20080200,771.8,20080200,765.6,20071200
2007-10-25 23:00:00,777.3,20080200,777.3,20080200,771.0,20071200
2007-10-26 23:00:00,793.9,20080200,793.9,20080200,787.5,20071200
2007-10-29 23:00:00,799.1,20080200,799.1,20080200,792.6,20071200
2007-10-30 23:00:00,794.3,20080200,794.3,20080200,787.8,20071200
2007-10-31 23:00:00,801.8,20080200,801.8,20080200,795.3,20071200
2007-11-01 23:00:00,800.3,20080200,800.3,20080200,793.7,20071200
2007-11-02 23:00:00,815.2,20080200,815.2,20080200,808.5,20071200
2007-11-05 23:00:00,817.6,20080200,817.6,20080200,810.8,20071200
2007-11-06 23:00:00,830.4,20080200,830.4,20080200,823.4,20071200
2007-11-07 23:00:00,840.6,20080200,840.6,20080200,833.5,20071200
2007-11-08 23:00:00,844.6,20080200,844.6,20080200,837.5,20071200
2007-11-09 23:00:00,841.9,20080200,841.9,20080200,834.7,20071200
2007-11-12 23:00:00,814.7,20080200,814.7,20080200,807.7,20071200
2007-11-13 23:00:00,805.8,20080200,805.8,20080200,799.0,20071200
2007-11-14 23:00:00,821.8,20080200,821.8,20080200,814.7,20071200
2007-11-15 23:00:00,794.1,20080200,794.1,20080200,787.3,20071200
2007-11-16 23:00:00,793.8,20080200,793.8,20080200,787.0,20071200
2007-11-19 23:00:00,784.8,20080200,784.8,20080200,778.0,20071200
2007-11-20 23:00:00,798.4,20080200,798.4,20080200,791.4,20071200
2007-11-21 23:00:00,805.6,20080200,805.6,20080200,798.6,20071200
2007-11-23 23:00:00,831.8,20080200,831.8,20080200,824.7,20071200
2007-11-26 23:00:00,833.7,20080200,833.7,20080200,826.5,20071200
2007-11-27 23:00:00,821.2,20080200,821.2,20080200,814.0,20071200
2007-11-28 23:00:00,807.3,20080200,807.3,20080200,800.3,20071200
2007-11-29 23:00:00,808.5,20080400,808.5,20080400,802.3,20080200
2007-11-30 23:00:00,795.2,20080400,795.2,20080400,789.1,20080200
2007-12-03 23:00:00,800.8,20080400,800.8,20080400,794.7,20080200
2007-12-04 23:00:00,813.8,20080400,813.8,20080400,807.6,20080200
2007-12-05 23:00:00,809.9,20080400,809.9,20080400,803.7,20080200
2007-12-06 23:00:00,813.3,20080400,813.3,20080400,807.1,20080200
2007-12-07 23:00:00,806.5,20080400,806.5,20080400,800.2,20080200
2007-12-10 23:00:00,819.9,20080400,819.9,20080400,813.5,20080200
2007-12-11 23:00:00,823.4,20080400,823.4,20080400,817.1,20080200
2007-12-12 23:00:00,825.2,20080400,825.2,20080400,818.8,20080200
2007-12-13 23:00:00,810.3,20080400,810.3,20080400,804.0,20080200
2007-12-14 23:00:00,804.3,20080400,804.3,20080400,798.0,20080200
2007-12-17 23:00:00,805.6,20080400,805.6,20080400,799.3,20080200
2007-12-18 23:00:00,813.7,20080400,813.7,20080400,807.4,20080200
2007-12-19 23:00:00,811.7,20080400,811.7,20080400,805.4,20080200
2007-12-20 23:00:00,809.4,20080400,809.4,20080400,803.2,20080200
2007-12-21 23:00:00,821.7,20080400,821.7,20080400,815.4,20080200
2007-12-24 23:00:00,822.9,20080400,822.9,20080400,816.5,20080200
2007-12-26 23:00:00,836.0,20080400,836.0,20080400,829.5,20080200
2007-12-27 23:00:00,838.3,20080400,838.3,20080400,831.8,20080200
2007-12-28 23:00:00,849.3,20080400,849.3,20080400,842.7,20080200
2007-12-31 23:00:00,844.5,20080400,844.5,20080400,838.0,20080200
2008-01-02 23:00:00,866.8,20080400,866.8,20080400,860.0,20080200
2008-01-03 23:00:00,876.0,20080400,876.0,20080400,869.1,20080200
2008-01-04 23:00:00,872.5,20080400,872.5,20080400,865.7,20080200
2008-01-07 23:00:00,868.8,20080400,868.8,20080400,862.0,20080200
2008-01-08 23:00:00,887.2,20080400,887.2,20080400,880.3,20080200
2008-01-09 23:00:00,888.6,20080400,888.6,20080400,881.7,20080200
2008-01-10 23:00:00,900.4,20080400,900.4,20080400,893.6,20080200
2008-01-11 23:00:00,904.4,20080400,904.4,20080400,897.7,20080200
2008-01-14 23:00:00,910.0,20080400,910.0,20080400,903.4,20080200
2008-01-15 23:00:00,909.2,20080400,909.2,20080400,902.6,20080200
2008-01-16 23:00:00,888.2,20080400,888.2,20080400,882.0,20080200
2008-01-17 23:00:00,886.6,20080400,886.6,20080400,880.5,20080200
2008-01-18 23:00:00,887.7,20080400,887.7,20080400,881.7,20080200
2008-01-22 23:00:00,895.8,20080400,895.8,20080400,890.3,20080200
2008-01-23 23:00:00,888.1,20080400,888.1,20080400,883.1,20080200
2008-01-24 23:00:00,911.2,20080400,911.2,20080400,905.8,20080200
2008-01-25 23:00:00,916.2,20080400,916.2,20080400,910.7,20080200
2008-01-28 23:00:00,932.8,20080400,932.8,20080400,927.1,20080200
2008-01-29 23:00:00,930.8,20080400,930.8,20080400,925.1,20080200
2008-01-30 23:00:00,931.1,20080600,931.1,20080600,926.3,20080400
2008-01-31 23:00:00,932.5,20080600,932.5,20080600,928.0,20080400
2008-02-01 23:00:00,917.9,20080600,917.9,20080600,913.5,20080400
2008-02-04 23:00:00,913.9,20080600,913.9,20080600,909.4,20080400
2008-02-05 23:00:00,894.7,20080600,894.7,20080600,890.3,20080400
2008-02-06 23:00:00,909.4,20080600,909.4,20080600,905.0,20080400
2008-02-07 23:00:00,914.4,20080600,914.4,20080600,910.0,20080400
2008-02-08 23:00:00,926.8,20080600,926.8,20080600,922.3,20080400
2008-02-11 23:00:00,931.2,20080600,931.2,20080600,926.7,20080400
2008-02-12 23:00:00,915.6,20080600,915.6,20080600,911.1,20080400
2008-02-13 23:00:00,914.7,20080600,914.7,20080600,910.2,20080400
2008-02-14 23:00:00,915.4,20080600,915.4,20080600,910.8,20080400
2008-02-15 23:00:00,910.7,20080600,910.7,20080600,906.1,20080400
2008-02-19 23:00:00,934.7,20080600,934.7,20080600,929.8,20080400
2008-02-20 23:00:00,942.7,20080600,942.7,20080600,937.8,20080400
2008-02-21 23:00:00,954.1,20080600,954.1,20080600,949.2,20080400
2008-02-22 23:00:00,952.6,20080600,952.6,20080600,947.8,20080400
2008-02-25 23:00:00,945.4,20080600,945.4,20080600,940.5,20080400
2008-02-26 23:00:00,953.8,20080600,953.8,20080600,948.9,20080400
2008-02-27 23:00:00,966.0,20080600,966.0,20080600,961.0,20080400
2008-02-28 23:00:00,972.6,20080600,972.6,20080600,967.5,20080400
2008-02-29 23:00:00,980.0,20080600,980.0,20080600,975.0,20080400
2008-03-03 23:00:00,989.2,20080600,989.2,20080600,984.2,20080400
2008-03-05 23:00:00,993.6,20080600,993.6,20080600,988.5,20080400
2008-03-06 23:00:00,982.1,20080600,982.1,20080600,977.1,20080400
2008-03-07 23:00:00,979.1,20080600,979.1,20080600,974.2,20080400
2008-03-10 23:00:00,976.6,20080600,976.6,20080600,971.8,20080400
2008-03-11 23:00:00,980.9,20080600,980.9,20080600,976.0,20080400
2008-03-12 23:00:00,985.3,20080600,985.3,20080600,980.5,20080400
2008-03-13 23:00:00,998.7,20080600,998.7,20080600,993.8,20080400
2008-03-14 23:00:00,1004.3,20080600,1004.3,20080600,999.5,20080400
2008-03-17 23:00:00,1007.1,20080600,1007.1,20080600,1002.6,20080400
2008-03-18 23:00:00,1008.8,20080600,1008.8,20080600,1004.3,20080400
2008-03-19 23:00:00,949.7,20080600,949.7,20080600,945.3,20080400
2008-03-20 23:00:00,924.3,20080600,924.3,20080600,920.0,20080400
2008-03-24 23:00:00,923.2,20080600,923.2,20080600,918.7,20080400
2008-03-25 23:00:00,939.7,20080600,939.7,20080600,935.0,20080400
2008-03-26 23:00:00,954.2,20080600,954.2,20080600,949.2,20080400
2008-03-27 23:00:00,954.0,20080600,954.0,20080600,948.8,20080400
2008-03-28 23:00:00,936.5,20080600,936.5,20080600,930.6,20080400
2008-03-31 23:00:00,921.5,20080600,921.5,20080600,916.2,20080400
2008-04-01 23:00:00,891.8,20080800,891.8,20080800,887.8,20080600
2008-04-02 23:00:00,904.3,20080800,904.3,20080800,900.2,20080600
2008-04-03 23:00:00,913.8,20080800,913.8,20080800,909.6,20080600
2008-04-04 23:00:00,917.3,20080800,917.3,20080800,913.2,20080600
2008-04-07 23:00:00,931.0,20080800,931.0,20080800,926.8,20080600
2008-04-08 23:00:00,922.1,20080800,922.1,20080800,918.0,20080600
2008-04-09 23:00:00,941.6,20080800,941.6,20080800,937.5,20080600
2008-04-10 23:00:00,935.9,20080800,935.9,20080800,931.8,20080600
2008-04-11 23:00:00,931.1,20080800,931.1,20080800,927.0,20080600
2008-04-14 23:00:00,932.9,20080800,932.9,20080800,928.7,20080600
2008-04-15 23:00:00,936.3,20080800,936.3,20080800,932.0,20080600
2008-04-16 23:00:00,952.8,20080800,952.8,20080800,948.3,20080600
2008-04-17 23:00:00,947.7,20080800,947.7,20080800,942.9,20080600
2008-04-18 23:00:00,920.0,20080800,920.0,20080800,915.2,20080600
2008-04-21 23:00:00,922.4,20080800,922.4,20080800,917.6,20080600
2008-04-22 23:00:00,930.0,20080800,930.0,20080800,925.2,20080600
2008-04-23 23:00:00,913.7,20080800,913.7,20080800,909.0,20080600
2008-04-24 23:00:00,894.0,20080800,894.0,20080800,889.4,20080600
2008-04-25 23:00:00,894.3,20080800,894.3,20080800,889.7,20080600
2008-04-28 23:00:00,900.1,20080800,900.1,20080800,895.5,20080600
2008-04-29 23:00:00,881.1,20080800,881.1,20080800,876.8,20080600
2008-04-30 23:00:00,869.4,20080800,869.4,20080800,865.1,20080600
2008-05-02 23:00:00,862.1,20080800,862.1,20080800,858.0,20080600
2008-05-05 23:00:00,878.4,20080800,878.4,20080800,874.1,20080600
2008-05-06 23:00:00,882.0,20080800,882.0,20080800,877.7,20080600
2008-05-07 23:00:00,875.4,20080800,875.4,20080800,871.2,20080600
2008-05-08 23:00:00,886.2,20080800,886.2,20080800,882.1,20080600
2008-05-09 23:00:00,890.0,20080800,890.0,20080800,885.8,20080600
2008-05-12 23:00:00,889.1,20080800,889.1,20080800,884.9,20080600
2008-05-13 23:00:00,873.9,20080800,873.9,20080800,869.6,20080600
2008-05-14 23:00:00,870.8,20080800,870.8,20080800,866.5,20080600
2008-05-15 23:00:00,884.1,20080800,884.1,20080800,880.0,20080600
2008-05-16 23:00:00,904.1,20080800,904.1,20080800,899.9,20080600
2008-05-19 23:00:00,910.2,20080800,910.2,20080800,905.8,20080600
2008-05-20 23:00:00,924.6,20080800,924.6,20080800,920.2,20080600
2008-05-21 23:00:00,933.2,20080800,933.2,20080800,928.6,20080600
2008-05-22 23:00:00,923.0,20080800,923.0,20080800,918.3,20080600
2008-05-23 23:00:00,930.6,20080800,930.6,20080800,925.8,20080600
2008-05-27 23:00:00,912.8,20080800,912.8,20080800,907.9,20080600
2008-05-28 23:00:00,905.0,20080800,905.0,20080800,900.5,20080600
2008-05-29 23:00:00,881.7,20080800,881.7,20080800,877.2,20080600
2008-05-30 23:00:00,895.8,20081000,895.8,20081000,891.5,20080800
2008-06-02 23:00:00,901.3,20081000,901.3,20081000,897.0,20080800
2008-06-03 23:00:00,889.7,20081000,889.7,20081000,885.5,20080800
2008-06-04 23:00:00,888.0,20081000,888.0,20081000,883.8,20080800
2008-06-05 23:00:00,879.8,20081000,879.8,20081000,875.5,20080800
2008-06-06 23:00:00,903.4,20081000,903.4,20081000,899.0,20080800
2008-06-09 23:00:00,902.7,20081000,902.7,20081000,898.1,20080800
2008-06-10 23:00:00,875.8,20081000,875.8,20081000,871.2,20080800
2008-06-11 23:00:00,887.5,20081000,887.5,20081000,882.9,20080800
2008-06-12 23:00:00,876.6,20081000,876.6,20081000,872.0,20080800
2008-06-13 23:00:00,877.8,20081000,877.8,20081000,873.1,20080800
2008-06-17 23:00:00,891.7,20081000,891.7,20081000,886.9,20080800
2008-06-18 23:00:00,898.2,20081000,898.2,20081000,893.5,20080800
2008-06-19 23:00:00,909.0,20081000,909.0,20081000,904.2,20080800
2008-06-20 23:00:00,908.4,20081000,908.4,20081000,903.7,20080800
2008-06-23 23:00:00,891.9,20081000,891.9,20081000,887.2,20080800
2008-06-24 23:00:00,896.3,20081000,896.3,20081000,891.6,20080800
2008-06-25 23:00:00,887.0,20081000,887.0,20081000,882.3,20080800
2008-06-26 23:00:00,919.7,20081000,919.7,20081000,915.1,20080800
2008-06-27 23:00:00,936.0,20081000,936.0,20081000,931.3,20080800
2008-06-30 23:00:00,933.0,20081000,933.0,20081000,928.3,20080800
2008-07-01 23:00:00,949.3,20081000,949.3,20081000,944.5,20080800
2008-07-02 23:00:00,951.4,20081000,951.4,20081000,946.5,20080800
2008-07-03 23:00:00,938.5,20081000,938.5,20081000,933.6,20080800
2008-07-07 23:00:00,933.7,20081000,933.7,20081000,928.8,20080800
2008-07-08 23:00:00,928.2,20081000,928.2,20081000,923.3,20080800
2008-07-09 23:00:00,933.6,20081000,933.6,20081000,928.6,20080800
2008-07-10 23:00:00,947.0,20081000,947.0,20081000,942.0,20080800
2008-07-11 23:00:00,965.8,20081000,965.8,20081000,960.6,20080800
2008-07-15 23:00:00,983.9,20081000,983.9,20081000,978.7,20080800
2008-07-16 23:00:00,967.8,20081000,967.8,20081000,962.7,20080800
2008-07-17 23:00:00,975.9,20081000,975.9,20081000,970.7,20080800
2008-07-18 23:00:00,963.1,20081000,963.1,20081000,958.0,20080800
2008-07-21 23:00:00,968.9,20081000,968.9,20081000,963.7,20080800
2008-07-22 23:00:00,953.6,20081000,953.6,20081000,948.5,20080800
2008-07-23 23:00:00,927.8,20081000,927.8,20081000,922.8,20080800
2008-07-24 23:00:00,927.3,20081000,927.3,20081000,922.3,20080800
2008-07-25 23:00:00,931.8,20081000,931.8,20081000,926.8,20080800
2008-07-28 23:00:00,932.7,20081000,932.7,20081000,927.7,20080800
2008-07-29 23:00:00,921.3,20081000,921.3,20081000,916.5,20080800
2008-07-30 23:00:00,912.3,20081200,912.3,20081200,907.3,20081000
2008-07-31 23:00:00,922.7,20081200,922.7,20081200,918.0,20081000
2008-08-01 23:00:00,917.5,20081200,917.5,20081200,912.9,20081000
2008-08-04 23:00:00,907.9,20081200,907.9,20081200,903.5,20081000
2008-08-05 23:00:00,886.1,20081200,886.1,20081200,881.8,20081000
2008-08-06 23:00:00,883.0,20081200,883.0,20081200,878.8,20081000
2008-08-07 23:00:00,877.9,20081200,877.9,20081200,873.8,20081000
2008-08-08 23:00:00,864.8,20081200,864.8,20081200,860.7,20081000
2008-08-11 23:00:00,828.3,20081200,828.3,20081200,824.3,20081000
2008-08-12 23:00:00,814.6,20081200,814.6,20081200,810.8,20081000
2008-08-13 23:00:00,831.5,20081200,831.5,20081200,827.6,20081000
2008-08-14 23:00:00,814.5,20081200,814.5,20081200,810.7,20081000
2008-08-15 23:00:00,792.1,20081200,792.1,20081200,788.4,20081000
2008-08-18 23:00:00,805.7,20081200,805.7,20081200,801.8,20081000
2008-08-19 23:00:00,816.8,20081200,816.8,20081200,813.0,20081000
2008-08-20 23:00:00,816.3,20081200,816.3,20081200,812.4,20081000
2008-08-21 23:00:00,839.0,20081200,839.0,20081200,835.0,20081000
2008-08-22 23:00:00,833.5,20081200,833.5,20081200,829.5,20081000
2008-08-25 23:00:00,825.7,20081200,825.7,20081200,821.7,20081000
2008-08-26 23:00:00,828.1,20081200,828.1,20081200,824.2,20081000
2008-08-27 23:00:00,834.0,20081200,834.0,20081200,830.1,20081000
2008-08-28 23:00:00,837.2,20081200,837.2,20081200,833.3,20081000
2008-08-29 23:00:00,835.2,20081200,835.2,20081200,831.2,20081000
2008-09-02 23:00:00,810.5,20081200,810.5,20081200,806.6,20081000
2008-09-03 23:00:00,808.2,20081200,808.2,20081200,804.3,20081000
2008-09-04 23:00:00,803.2,20081200,803.2,20081200,799.3,20081000
2008-09-05 23:00:00,802.8,20081200,802.8,20081200,798.8,20081000
2008-09-08 23:00:00,802.5,20081200,802.5,20081200,798.5,20081000
2008-09-09 23:00:00,792.0,20081200,792.0,20081200,788.1,20081000
2008-09-10 23:00:00,762.5,20081200,762.5,20081200,758.9,20081000
2008-09-11 23:00:00,745.5,20081200,745.5,20081200,742.1,20081000
2008-09-12 23:00:00,764.5,20081200,764.5,20081200,761.0,20081000
2008-09-15 23:00:00,787.0,20081200,787.0,20081200,783.8,20081000
2008-09-16 23:00:00,780.5,20081200,780.5,20081200,777.1,20081000
2008-09-17 23:00:00,850.5,20081200,850.5,20081200,847.1,20081000
2008-09-18 23:00:00,897.0,20081200,897.0,20081200,893.2,20081000
2008-09-19 23:00:00,864.7,20081200,864.7,20081200,861.0,20081000
2008-09-22 23:00:00,909.0,20081200,909.0,20081200,904.3,20081000
2008-09-23 23:00:00,891.2,20081200,891.2,20081200,885.9,20081000
2008-09-24 23:00:00,895.0,20081200,895.0,20081200,889.4,20081000
2008-09-25 23:00:00,882.0,20081200,882.0,20081200,878.0,20081000
2008-09-26 23:00:00,888.5,20081200,888.5,20081200,882.9,20081000
2008-09-29 23:00:00,894.4,20081200,894.4,20081200,888.2,20081000
2008-09-30 23:00:00,886.0,20090200,886.0,20090200,880.8,20081200
2008-10-01 23:00:00,892.6,20090200,892.6,20090200,887.3,20081200
2008-10-02 23:00:00,848.9,20090200,848.9,20090200,844.3,20081200
2008-10-03 23:00:00,837.4,20090200,837.4,20090200,833.2,20081200
2008-10-06 23:00:00,870.1,20090200,870.1,20090200,866.2,20081200
2008-10-07 23:00:00,885.8,20090200,885.8,20090200,882.0,20081200
2008-10-08 23:00:00,910.5,20090200,910.5,20090200,906.5,20081200
2008-10-09 23:00:00,890.2,20090200,890.2,20090200,886.5,20081200
2008-10-10 23:00:00,862.6,20090200,862.6,20090200,859.0,20081200
2008-10-13 23:00:00,846.0,20090200,846.0,20090200,842.5,20081200
2008-10-14 23:00:00,842.8,20090200,842.8,20090200,839.5,20081200
2008-10-15 23:00:00,842.5,20090200,842.5,20090200,839.0,20081200
2008-10-16 23:00:00,807.9,20090200,807.9,20090200,804.5,20081200
2008-10-17 23:00:00,790.9,20090200,790.9,20090200,787.7,20081200
2008-10-20 23:00:00,793.0,20090200,793.0,20090200,790.0,20081200
2008-10-21 23:00:00,770.9,20090200,770.9,20090200,768.0,20081200
2008-10-22 23:00:00,737.2,20090200,737.2,20090200,735.2,20081200
2008-10-23 23:00:00,716.9,20090200,716.9,20090200,714.7,20081200
2008-10-24 23:00:00,732.5,20090200,732.5,20090200,730.3,20081200
2008-10-27 23:00:00,745.2,20090200,745.2,20090200,742.9,20081200
2008-10-28 23:00:00,742.6,20090200,742.6,20090200,740.5,20081200
2008-10-30 23:00:00,739.9,20090200,739.9,20090200,738.5,20081200
2008-10-31 23:00:00,719.6,20090200,719.6,20090200,718.2,20081200
2008-11-03 23:00:00,728.2,20090200,728.2,20090200,726.8,20081200
2008-11-04 23:00:00,758.8,20090200,758.8,20090200,757.3,20081200
2008-11-05 23:00:00,744.0,20090200,744.0,20090200,742.4,20081200
2008-11-06 23:00:00,733.9,20090200,733.9,20090200,732.2,20081200
2008-11-07 23:00:00,736.5,20090200,736.5,20090200,734.2,20081200
2008-11-10 23:00:00,748.7,20090200,748.7,20090200,746.5,20081200
2008-11-11 23:00:00,734.7,20090200,734.7,20090200,732.8,20081200
2008-11-12 23:00:00,720.0,20090200,720.0,20090200,718.3,20081200
2008-11-13 23:00:00,706.4,20090200,706.4,20090200,705.0,20081200
2008-11-14 23:00:00,744.3,20090200,744.3,20090200,742.5,20081200
2008-11-17 23:00:00,743.6,20090200,743.6,20090200,742.0,20081200
2008-11-18 23:00:00,733.6,20090200,733.6,20090200,732.7,20081200
2008-11-19 23:00:00,736.5,20090200,736.5,20090200,736.0,20081200
2008-11-20 23:00:00,749.4,20090200,749.4,20090200,748.7,20081200
2008-11-21 23:00:00,792.4,20090200,792.4,20090200,791.8,20081200
2008-11-24 23:00:00,820.4,20090200,820.4,20090200,819.5,20081200
2008-11-25 23:00:00,820.5,20090200,820.5,20090200,818.5,20081200
2008-11-26 23:00:00,811.3,20090200,811.3,20090200,808.5,20081200
2008-11-28 23:00:00,819.0,20090200,819.0,20090200,816.2,20081200
2008-12-01 23:00:00,778.0,20090400,778.0,20090400,776.8,20090200
2008-12-02 23:00:00,784.5,20090400,784.5,20090400,783.3,20090200
2008-12-03 23:00:00,771.8,20090400,771.8,20090400,770.5,20090200
2008-12-04 23:00:00,766.9,20090400,766.9,20090400,765.5,20090200
2008-12-05 23:00:00,753.7,20090400,753.7,20090400,752.2,20090200
2008-12-08 23:00:00,771.1,20090400,771.1,20090400,769.3,20090200
2008-12-09 23:00:00,775.9,20090400,775.9,20090400,774.2,20090200
2008-12-10 23:00:00,810.5,20090400,810.5,20090400,808.8,20090200
2008-12-11 23:00:00,828.2,20090400,828.2,20090400,826.6,20090200
2008-12-12 23:00:00,822.0,20090400,822.0,20090400,820.5,20090200
2008-12-15 23:00:00,837.9,20090400,837.9,20090400,836.5,20090200
2008-12-16 23:00:00,844.0,20090400,844.0,20090400,842.7,20090200
2008-12-17 23:00:00,869.4,20090400,869.4,20090400,868.5,20090200
2008-12-18 23:00:00,861.4,20090400,861.4,20090400,860.6,20090200
2008-12-19 23:00:00,838.2,20090400,838.2,20090400,837.4,20090200
2008-12-22 23:00:00,848.2,20090400,848.2,20090400,847.2,20090200
2008-12-23 23:00:00,839.0,20090400,839.0,20090400,838.1,20090200
2008-12-24 23:00:00,849.0,20090400,849.0,20090400,848.0,20090200
2008-12-26 23:00:00,872.2,20090400,872.2,20090400,871.2,20090200
2008-12-29 23:00:00,876.3,20090400,876.3,20090400,875.3,20090200
2008-12-30 23:00:00,870.9,20090400,870.9,20090400,870.0,20090200
2008-12-31 23:00:00,885.3,20090400,885.3,20090400,884.3,20090200
2009-01-02 23:00:00,880.5,20090400,880.5,20090400,879.5,20090200
2009-01-05 23:00:00,858.8,20090400,858.8,20090400,857.8,20090200
2009-01-06 23:00:00,867.2,20090400,867.2,20090400,866.0,20090200
2009-01-07 23:00:00,843.0,20090400,843.0,20090400,841.7,20090200
2009-01-08 23:00:00,855.9,20090400,855.9,20090400,854.5,20090200
2009-01-09 23:00:00,856.5,20090400,856.5,20090400,855.0,20090200
2009-01-12 23:00:00,822.4,20090400,822.4,20090400,821.0,20090200
2009-01-13 23:00:00,822.2,20090400,822.2,20090400,820.7,20090200
2009-01-14 23:00:00,810.2,20090400,810.2,20090400,808.8,20090200
2009-01-15 23:00:00,809.0,20090400,809.0,20090400,807.3,20090200
2009-01-16 23:00:00,841.6,20090400,841.6,20090400,839.9,20090200
2009-01-20 23:00:00,856.8,20090400,856.8,20090400,855.2,20090200
2009-01-21 23:00:00,851.7,20090400,851.7,20090400,850.1,20090200
2009-01-22 23:00:00,860.5,20090400,860.5,20090400,858.8,20090200
2009-01-23 23:00:00,897.7,20090400,897.7,20090400,895.8,20090200
2009-01-26 23:00:00,910.7,20090400,910.7,20090400,908.8,20090200
2009-01-27 23:00:00,901.4,20090400,901.4,20090400,899.5,20090200
2009-01-28 23:00:00,890.0,20090400,890.0,20090400,888.2,20090200
2009-01-29 23:00:00,906.5,20090400,906.5,20090400,905.1,20090200
2009-01-30 23:00:00,930.2,20090600,930.2,20090600,928.4,20090400
2009-02-02 23:00:00,909.1,20090600,909.1,20090600,907.2,20090400
2009-02-03 23:00:00,894.3,20090600,894.3,20090600,892.5,20090400
2009-02-04 23:00:00,904.1,20090600,904.1,20090600,902.2,20090400
2009-02-05 23:00:00,916.2,20090600,916.2,20090600,914.2,20090400
2009-02-06 23:00:00,916.2,20090600,916.2,20090600,914.3,20090400
2009-02-09 23:00:00,894.6,20090600,894.6,20090600,892.8,20090400
2009-02-10 23:00:00,916.1,20090600,916.1,20090600,914.2,20090400
2009-02-11 23:00:00,946.5,20090600,946.5,20090600,944.5,20090400
2009-02-12 23:00:00,951.2,20090600,951.2,20090600,949.2,20090400
2009-02-13 23:00:00,944.2,20090600,944.2,20090600,942.2,20090400
2009-02-17 23:00:00,969.6,20090600,969.6,20090600,967.5,20090400
2009-02-18 23:00:00,980.4,20090600,980.4,20090600,978.2,20090400
2009-02-19 23:00:00,978.7,20090600,978.7,20090600,976.5,20090400
2009-02-20 23:00:00,1004.5,20090600,1004.5,20090600,1002.2,20090400
2009-02-23 23:00:00,997.2,20090600,997.2,20090600,995.0,20090400
2009-02-24 23:00:00,971.7,20090600,971.7,20090600,969.5,20090400
2009-02-26 23:00:00,944.6,20090600,944.6,20090600,942.6,20090400
2009-02-27 23:00:00,944.5,20090600,944.5,20090600,942.5,20090400
2009-03-02 23:00:00,942.0,20090600,942.0,20090600,940.0,20090400
2009-03-03 23:00:00,915.4,20090600,915.4,20090600,913.6,20090400
2009-03-04 23:00:00,908.6,20090600,908.6,20090600,906.7,20090400
2009-03-05 23:00:00,929.9,20090600,929.9,20090600,927.8,20090400
2009-03-06 23:00:00,944.9,20090600,944.9,20090600,942.7,20090400
2009-03-09 23:00:00,920.2,20090600,920.2,20090600,918.0,20090400
2009-03-10 23:00:00,898.0,20090600,898.0,20090600,895.9,20090400
2009-03-11 23:00:00,912.9,20090600,912.9,20090600,910.7,20090400
2009-03-12 23:00:00,926.2,20090600,926.2,20090600,924.0,20090400
2009-03-13 23:00:00,932.4,20090600,932.4,20090600,930.1,20090400
2009-03-16 23:00:00,924.3,20090600,924.3,20090600,922.0,20090400
2009-03-17 23:00:00,919.1,20090600,919.1,20090600,916.8,20090400
2009-03-18 23:00:00,891.3,20090600,891.3,20090600,889.1,20090400
2009-03-19 23:00:00,961.0,20090600,961.0,20090600,958.8,20090400
2009-03-20 23:00:00,958.5,20090600,958.5,20090600,956.2,20090400
2009-03-23 23:00:00,954.8,20090600,954.8,20090600,952.5,20090400
2009-03-24 23:00:00,926.0,20090600,926.0,20090600,923.8,20090400
2009-03-25 23:00:00,938.0,20090600,938.0,20090600,935.8,20090400
2009-03-26 23:00:00,942.2,20090600,942.2,20090600,940.0,20090400
2009-03-27 23:00:00,925.3,20090600,925.3,20090600,923.2,20090400
2009-03-30 23:00:00,917.7,20090600,917.7,20090600,915.5,20090400
2009-03-31 23:00:00,926.7,20090800,926.7,20090800,925.0,20090600
2009-04-01 23:00:00,929.4,20090800,929.4,20090800,927.7,20090600
2009-04-02 23:00:00,910.6,20090800,910.6,20090800,908.9,20090600
2009-04-03 23:00:00,899.0,20090800,899.0,20090800,897.3,20090600
2009-04-06 23:00:00,874.4,20090800,874.4,20090800,872.8,20090600
2009-04-07 23:00:00,885.1,20090800,885.1,20090800,883.3,20090600
2009-04-08 23:00:00,887.6,20090800,887.6,20090800,885.9,20090600
2009-04-09 23:00:00,885.0,20090800,885.0,20090800,883.3,20090600
2009-04-13 23:00:00,897.6,20090800,897.6,20090800,895.8,20090600
2009-04-14 23:00:00,893.8,20090800,893.8,20090800,892.0,20090600
2009-04-15 23:00:00,895.3,20090800,895.3,20090800,893.5,20090600
2009-04-16 23:00:00,881.5,20090800,881.5,20090800,879.8,20090600
2009-04-17 23:00:00,869.5,20090800,869.5,20090800,867.9,20090600
2009-04-20 23:00:00,889.1,20090800,889.1,20090800,887.5,20090600
2009-04-21 23:00:00,884.4,20090800,884.4,20090800,882.7,20090600
2009-04-22 23:00:00,894.2,20090800,894.2,20090800,892.5,20090600
2009-04-23 23:00:00,908.3,20090800,908.3,20090800,906.6,20090600
2009-04-24 23:00:00,915.8,20090800,915.8,20090800,914.1,20090600
2009-04-27 23:00:00,909.9,20090800,909.9,20090800,908.2,20090600
2009-04-28 23:00:00,895.2,20090800,895.2,20090800,893.6,20090600
2009-04-29 23:00:00,902.2,20090800,902.2,20090800,900.5,20090600
2009-04-30 23:00:00,892.8,20090800,892.8,20090800,891.2,20090600
2009-05-01 23:00:00,889.9,20090800,889.9,20090800,888.2,20090600
2009-05-04 23:00:00,903.9,20090800,903.9,20090800,902.2,20090600
2009-05-05 23:00:00,906.1,20090800,906.1,20090800,904.3,20090600
2009-05-06 23:00:00,912.8,20090800,912.8,20090800,911.0,20090600
2009-05-07 23:00:00,917.4,20090800,917.4,20090800,915.5,20090600
2009-05-08 23:00:00,916.7,20090800,916.7,20090800,914.9,20090600
2009-05-11 23:00:00,915.4,20090800,915.4,20090800,913.5,20090600
2009-05-12 23:00:00,925.9,20090800,925.9,20090800,923.9,20090600
2009-05-13 23:00:00,927.9,20090800,927.9,20090800,925.9,20090600
2009-05-14 23:00:00,930.3,20090800,930.3,20090800,928.4,20090600
2009-05-15 23:00:00,933.1,20090800,933.1,20090800,931.3,20090600
2009-05-18 23:00:00,923.5,20090800,923.5,20090800,921.7,20090600
2009-05-19 23:00:00,928.5,20090800,928.5,20090800,926.7,20090600
2009-05-20 23:00:00,939.2,20090800,939.2,20090800,937.4,20090600
2009-05-21 23:00:00,952.8,20090800,952.8,20090800,951.2,20090600
2009-05-22 23:00:00,960.5,20090800,960.5,20090800,958.9,20090600
2009-05-26 23:00:00,955.1,20090800,955.1,20090800,953.3,20090600
2009-05-27 23:00:00,955.2,20090800,955.2,20090800,953.3,20090600
2009-05-28 23:00:00,963.2,20090800,963.2,20090800,961.5,20090600
2009-05-29 23:00:00,980.3,20090800,980.3,20090800,978.8,20090600
2009-06-01 23:00:00,981.4,20091000,981.4,20091000,980.0,20090800
2009-06-02 23:00:00,985.8,20091000,985.8,20091000,984.4,20090800
2009-06-03 23:00:00,966.9,20091000,966.9,20091000,965.6,20090800
2009-06-04 23:00:00,983.6,20091000,983.6,20091000,982.3,20090800
2009-06-05 23:00:00,964.0,20091000,964.0,20091000,962.6,20090800
2009-06-08 23:00:00,953.9,20091000,953.9,20091000,952.5,20090800
2009-06-09 23:00:00,956.1,20091000,956.1,20091000,954.7,20090800
2009-06-10 23:00:00,956.1,20091000,956.1,20091000,954.7,20090800
2009-06-11 23:00:00,963.4,20091000,963.4,20091000,962.0,20090800
2009-06-12 23:00:00,942.1,20091000,942.1,20091000,940.7,20090800
2009-06-15 23:00:00,928.8,20091000,928.8,20091000,927.5,20090800
2009-06-16 23:00:00,933.6,20091000,933.6,20091000,932.2,20090800
2009-06-17 23:00:00,937.4,20091000,937.4,20091000,936.0,20090800
2009-06-18 23:00:00,936.0,20091000,936.0,20091000,934.6,20090800
2009-06-19 23:00:00,937.6,20091000,937.6,20091000,936.2,20090800
2009-06-22 23:00:00,922.4,20091000,922.4,20091000,921.0,20090800
2009-06-23 23:00:00,925.6,20091000,925.6,20091000,924.3,20090800
2009-06-24 23:00:00,935.8,20091000,935.8,20091000,934.4,20090800
2009-06-25 23:00:00,940.9,20091000,940.9,20091000,939.5,20090800
2009-06-26 23:00:00,942.4,20091000,942.4,20091000,941.0,20090800
2009-06-29 23:00:00,942.1,20091000,942.1,20091000,940.7,20090800
2009-06-30 23:00:00,928.8,20091000,928.8,20091000,927.4,20090800
2009-07-01 23:00:00,942.8,20091000,942.8,20091000,941.3,20090800
2009-07-02 23:00:00,932.3,20091000,932.3,20091000,931.0,20090800
2009-07-06 23:00:00,925.6,20091000,925.6,20091000,924.3,20090800
2009-07-07 23:00:00,930.4,20091000,930.4,20091000,929.1,20090800
2009-07-08 23:00:00,910.7,20091000,910.7,20091000,909.3,20090800
2009-07-09 23:00:00,917.7,20091000,917.7,20091000,916.2,20090800
2009-07-10 23:00:00,914.0,20091000,914.0,20091000,912.5,20090800
2009-07-13 23:00:00,924.0,20091000,924.0,20091000,922.5,20090800
2009-07-14 23:00:00,924.2,20091000,924.2,20091000,922.8,20090800
2009-07-15 23:00:00,940.7,20091000,940.7,20091000,939.4,20090800
2009-07-16 23:00:00,936.7,20091000,936.7,20091000,935.4,20090800
2009-07-17 23:00:00,938.8,20091000,938.8,20091000,937.5,20090800
2009-07-20 23:00:00,950.1,20091000,950.1,20091000,948.8,20090800
2009-07-21 23:00:00,948.2,20091000,948.2,20091000,946.9,20090800
2009-07-22 23:00:00,954.6,20091000,954.6,20091000,953.3,20090800
2009-07-23 23:00:00,956.1,20091000,956.1,20091000,954.8,20090800
2009-07-24 23:00:00,954.4,20091000,954.4,20091000,953.1,20090800
2009-07-27 23:00:00,954.8,20091000,954.8,20091000,953.5,20090800
2009-07-28 23:00:00,940.3,20091000,940.3,20091000,939.1,20090800
2009-07-29 23:00:00,928.3,20091000,928.3,20091000,927.2,20090800
2009-07-30 23:00:00,937.3,20091200,937.3,20091200,936.0,20091000
2009-07-31 23:00:00,955.8,20091200,955.8,20091200,954.5,20091000
2009-08-03 23:00:00,958.8,20091200,958.8,20091200,957.5,20091000
2009-08-04 23:00:00,969.7,20091200,969.7,20091200,968.4,20091000
2009-08-05 23:00:00,966.3,20091200,966.3,20091200,965.0,20091000
2009-08-06 23:00:00,962.9,20091200,962.9,20091200,961.5,20091000
2009-08-07 23:00:00,959.5,20091200,959.5,20091200,958.1,20091000
2009-08-10 23:00:00,946.9,20091200,946.9,20091200,945.8,20091000
2009-08-11 23:00:00,947.6,20091200,947.6,20091200,946.5,20091000
2009-08-12 23:00:00,952.5,20091200,952.5,20091200,951.4,20091000
2009-08-13 23:00:00,956.5,20091200,956.5,20091200,955.4,20091000
2009-08-14 23:00:00,948.7,20091200,948.7,20091200,947.6,20091000
2009-08-17 23:00:00,935.8,20091200,935.8,20091200,934.8,20091000
2009-08-18 23:00:00,939.2,20091200,939.2,20091200,938.2,20091000
2009-08-19 23:00:00,944.8,20091200,944.8,20091200,943.7,20091000
2009-08-20 23:00:00,941.7,20091200,941.7,20091200,940.6,20091000
2009-08-21 23:00:00,954.7,20091200,954.7,20091200,953.4,20091000
2009-08-24 23:00:00,943.7,20091200,943.7,20091200,942.4,20091000
2009-08-25 23:00:00,946.0,20091200,946.0,20091200,944.7,20091000
2009-08-26 23:00:00,945.8,20091200,945.8,20091200,944.5,20091000
2009-08-27 23:00:00,947.3,20091200,947.3,20091200,946.0,20091000
2009-08-28 23:00:00,958.8,20091200,958.8,20091200,957.5,20091000
2009-08-31 23:00:00,953.5,20091200,953.5,20091200,952.2,20091000
2009-09-01 23:00:00,956.5,20091200,956.5,20091200,955.2,20091000
2009-09-02 23:00:00,978.5,20091200,978.5,20091200,977.1,20091000
2009-09-03 23:00:00,997.7,20091200,997.7,20091200,996.3,20091000
2009-09-04 23:00:00,996.7,20091200,996.7,20091200,995.4,20091000
2009-09-08 23:00:00,999.8,20091200,999.8,20091200,998.5,20091000
2009-09-09 23:00:00,997.1,20091200,997.1,20091200,995.9,20091000
2009-09-10 23:00:00,996.8,20091200,996.8,20091200,995.7,20091000
2009-09-11 23:00:00,1006.4,20091200,1006.4,20091200,1005.2,20091000
2009-09-14 23:00:00,1001.1,20091200,1001.1,20091200,1000.2,20091000
2009-09-15 23:00:00,1006.3,20091200,1006.3,20091200,1005.3,20091000
2009-09-16 23:00:00,1020.2,20091200,1020.2,20091200,1019.2,20091000
2009-09-17 23:00:00,1013.5,20091200,1013.5,20091200,1012.6,20091000
2009-09-18 23:00:00,1010.3,20091200,1010.3,20091200,1009.4,20091000
2009-09-21 23:00:00,1004.9,20091200,1004.9,20091200,1003.9,20091000
2009-09-22 23:00:00,1015.5,20091200,1015.5,20091200,1014.4,20091000
2009-09-23 23:00:00,1014.4,20091200,1014.4,20091200,1013.1,20091000
2009-09-24 23:00:00,998.9,20091200,998.9,20091200,997.6,20091000
2009-09-25 23:00:00,991.6,20091200,991.6,20091200,990.3,20091000
2009-09-28 23:00:00,994.1,20091200,994.1,20091200,992.5,20091000
2009-09-29 23:00:00,994.4,20091200,994.4,20091200,993.1,20091000
2009-09-30 23:00:00,1010.5,20100200,1010.5,20100200,1009.3,20091200
2009-10-01 23:00:00,1001.8,20100200,1001.8,20100200,1000.7,20091200
2009-10-02 23:00:00,1005.4,20100200,1005.4,20100200,1004.3,20091200
2009-10-05 23:00:00,1018.9,20100200,1018.9,20100200,1017.8,20091200
2009-10-06 23:00:00,1040.9,20100200,1040.9,20100200,1039.7,20091200
2009-10-07 23:00:00,1045.6,20100200,1045.6,20100200,1044.4,20091200
2009-10-08 23:00:00,1057.6,20100200,1057.6,20100200,1056.3,20091200
2009-10-09 23:00:00,1049.9,20100200,1049.9,20100200,1048.6,20091200
2009-10-12 23:00:00,1058.8,20100200,1058.8,20100200,1057.5,20091200
2009-10-13 23:00:00,1066.3,20100200,1066.3,20100200,1065.0,20091200
2009-10-14 23:00:00,1066.0,20100200,1066.0,20100200,1064.7,20091200
2009-10-15 23:00:00,1051.8,20100200,1051.8,20100200,1050.6,20091200
2009-10-16 23:00:00,1052.7,20100200,1052.7,20100200,1051.5,20091200
2009-10-19 23:00:00,1059.3,20100200,1059.3,20100200,1058.1,20091200
2009-10-20 23:00:00,1059.8,20100200,1059.8,20100200,1058.6,20091200
2009-10-21 23:00:00,1065.6,20100200,1065.6,20100200,1064.5,20091200
2009-10-22 23:00:00,1059.7,20100200,1059.7,20100200,1058.6,20091200
2009-10-26 23:00:00,1043.9,20100200,1043.9,20100200,1042.8,20091200
2009-10-27 23:00:00,1036.5,20100200,1036.5,20100200,1035.4,20091200
2009-10-28 23:00:00,1031.6,20100200,1031.6,20100200,1030.5,20091200
2009-10-29 23:00:00,1048.3,20100200,1048.3,20100200,1047.1,20091200
2009-10-30 23:00:00,1041.5,20100200,1041.5,20100200,1040.4,20091200
2009-11-02 23:00:00,1055.2,20100200,1055.2,20100200,1054.0,20091200
2009-11-03 23:00:00,1086.1,20100200,1086.1,20100200,1084.9,20091200
2009-11-04 23:00:00,1088.5,20100200,1088.5,20100200,1087.3,20091200
2009-11-05 23:00:00,1090.5,20100200,1090.5,20100200,1089.3,20091200
2009-11-06 23:00:00,1097.0,20100200,1097.0,20100200,1095.7,20091200
2009-11-09 23:00:00,1102.8,20100200,1102.8,20100200,1101.4,20091200
2009-11-10 23:00:00,1103.9,20100200,1103.9,20100200,1102.5,20091200
2009-11-11 23:00:00,1116.0,20100200,1116.0,20100200,1114.6,20091200
2009-11-12 23:00:00,1108.0,20100200,1108.0,20100200,1106.6,20091200
2009-11-13 23:00:00,1118.1,20100200,1118.1,20100200,1116.7,20091200
2009-11-16 23:00:00,1140.7,20100200,1140.7,20100200,1139.2,20091200
2009-11-17 23:00:00,1140.9,20100200,1140.9,20100200,1139.4,20091200
2009-11-18 23:00:00,1142.7,20100200,1142.7,20100200,1141.2,20091200
2009-11-19 23:00:00,1143.4,20100200,1143.4,20100200,1141.9,20091200
2009-11-20 23:00:00,1148.2,20100200,1148.2,20100200,1146.8,20091200
2009-11-23 23:00:00,1166.2,20100200,1166.2,20100200,1164.7,20091200
2009-11-24 23:00:00,1167.4,20100200,1167.4,20100200,1165.8,20091200
2009-11-25 23:00:00,1188.6,20100200,1188.6,20100200,1187.0,20091200
2009-11-27 23:00:00,1175.5,20100200,1175.5,20100200,1174.2,20091200
2009-11-30 23:00:00,1182.3,20100200,1182.3,20100200,1181.1,20091200
2009-12-01 23:00:00,1201.5,20100400,1201.5,20100400,1200.2,20100200
2009-12-02 23:00:00,1214.4,20100400,1214.4,20100400,1213.0,20100200
2009-12-03 23:00:00,1219.7,20100400,1219.7,20100400,1218.3,20100200
2009-12-04 23:00:00,1170.8,20100400,1170.8,20100400,1169.5,20100200
2009-12-07 23:00:00,1165.2,20100400,1165.2,20100400,1164.0,20100200
2009-12-08 23:00:00,1144.6,20100400,1144.6,20100400,1143.4,20100200
2009-12-09 23:00:00,1122.1,20100400,1122.1,20100400,1120.9,20100200
2009-12-10 23:00:00,1127.4,20100400,1127.4,20100400,1126.2,20100200
2009-12-11 23:00:00,1121.2,20100400,1121.2,20100400,1119.9,20100200
2009-12-14 23:00:00,1125.1,20100400,1125.1,20100400,1123.8,20100200
2009-12-15 23:00:00,1124.3,20100400,1124.3,20100400,1123.0,20100200
2009-12-16 23:00:00,1137.5,20100400,1137.5,20100400,1136.2,20100200
2009-12-17 23:00:00,1108.6,20100400,1108.6,20100400,1107.4,20100200
2009-12-18 23:00:00,1112.7,20100400,1112.7,20100400,1111.5,20100200
2009-12-21 23:00:00,1097.2,20100400,1097.2,20100400,1096.0,20100200
2009-12-22 23:00:00,1087.9,20100400,1087.9,20100400,1086.7,20100200
2009-12-23 23:00:00,1095.2,20100400,1095.2,20100400,1094.0,20100200
2009-12-24 23:00:00,1106.1,20100400,1106.1,20100400,1104.8,20100200
2009-12-28 23:00:00,1109.3,20100400,1109.3,20100400,1107.9,20100200
2009-12-29 23:00:00,1099.5,20100400,1099.5,20100400,1098.1,20100200
2009-12-30 23:00:00,1093.8,20100400,1093.8,20100400,1092.5,20100200
2009-12-31 23:00:00,1097.6,20100400,1097.6,20100400,1096.2,20100200
2010-01-04 23:00:00,1119.6,20100400,1119.6,20100400,1118.3,20100200
2010-01-06 23:00:00,1137.8,20100400,1137.8,20100400,1136.5,20100200
2010-01-07 23:00:00,1135.1,20100400,1135.1,20100400,1133.7,20100200
2010-01-08 23:00:00,1140.3,20100400,1140.3,20100400,1138.9,20100200
2010-01-11 23:00:00,1152.8,20100400,1152.8,20100400,1151.4,20100200
2010-01-12 23:00:00,1130.8,20100400,1130.8,20100400,1129.4,20100200
2010-01-13 23:00:00,1138.2,20100400,1138.2,20100400,1136.8,20100200
2010-01-14 23:00:00,1144.3,20100400,1144.3,20100400,1143.0,20100200
2010-01-15 23:00:00,1131.8,20100400,1131.8,20100400,1130.5,20100200
2010-01-19 23:00:00,1141.2,20100400,1141.2,20100400,1140.0,20100200
2010-01-20 23:00:00,1113.6,20100400,1113.6,20100400,1112.6,20100200
2010-01-21 23:00:00,1104.2,20100400,1104.2,20100400,1103.2,20100200
2010-01-22 23:00:00,1090.8,20100400,1090.8,20100400,1089.7,20100200
2010-01-25 23:00:00,1096.8,20100400,1096.8,20100400,1095.7,20100200
2010-01-26 23:00:00,1099.5,20100400,1099.5,20100400,1098.3,20100200
2010-01-27 23:00:00,1085.7,20100400,1085.7,20100400,1084.5,20100200
2010-01-28 23:00:00,1084.8,20100400,1084.8,20100400,1083.6,20100200
2010-01-29 23:00:00,1083.8,20100400,1083.8,20100400,1083.0,20100200
2010-02-01 23:00:00,1106.0,20100600,1106.0,20100600,1105.0,20100400
2010-02-02 23:00:00,1119.0,20100600,1119.0,20100600,1118.0,20100400
2010-02-03 23:00:00,1113.0,20100600,1113.0,20100600,1112.0,20100400
2010-02-04 23:00:00,1064.0,20100600,1064.0,20100600,1063.0,20100400
2010-02-05 23:00:00,1053.8,20100600,1053.8,20100600,1052.8,20100400
2010-02-08 23:00:00,1067.3,20100600,1067.3,20100600,1066.2,20100400
2010-02-09 23:00:00,1078.3,20100600,1078.3,20100600,1077.2,20100400
2010-02-10 23:00:00,1077.4,20100600,1077.4,20100600,1076.3,20100400
2010-02-11 23:00:00,1095.8,20100600,1095.8,20100600,1094.7,20100400
2010-02-12 23:00:00,1091.1,20100600,1091.1,20100600,1090.0,20100400
2010-02-16 23:00:00,1120.9,20100600,1120.9,20100600,1119.8,20100400
2010-02-17 23:00:00,1121.3,20100600,1121.3,20100600,1120.1,20100400
2010-02-18 23:00:00,1119.9,20100600,1119.9,20100600,1118.7,20100400
2010-02-19 23:00:00,1123.3,20100600,1123.3,20100600,1122.1,20100400
2010-02-22 23:00:00,1114.3,20100600,1114.3,20100600,1113.1,20100400
2010-02-24 23:00:00,1098.4,20100600,1098.4,20100600,1097.2,20100400
2010-02-25 23:00:00,1109.7,20100600,1109.7,20100600,1108.5,20100400
2010-02-26 23:00:00,1120.1,20100600,1120.1,20100600,1118.9,20100400
2010-03-01 23:00:00,1119.5,20100600,1119.5,20100600,1118.3,20100400
2010-03-02 23:00:00,1138.6,20100600,1138.6,20100600,1137.4,20100400
2010-03-03 23:00:00,1144.6,20100600,1144.6,20100600,1143.3,20100400
2010-03-04 23:00:00,1134.4,20100600,1134.4,20100600,1133.1,20100400
2010-03-05 23:00:00,1136.5,20100600,1136.5,20100600,1135.2,20100400
2010-03-08 23:00:00,1125.3,20100600,1125.3,20100600,1124.0,20100400
2010-03-09 23:00:00,1123.6,20100600,1123.6,20100600,1122.3,20100400
2010-03-10 23:00:00,1109.4,20100600,1109.4,20100600,1108.1,20100400
2010-03-11 23:00:00,1109.5,20100600,1109.5,20100600,1108.2,20100400
2010-03-12 23:00:00,1103.0,20100600,1103.0,20100600,1101.7,20100400
2010-03-15 23:00:00,1106.6,20100600,1106.6,20100600,1105.4,20100400
2010-03-16 23:00:00,1123.6,20100600,1123.6,20100600,1122.5,20100400
2010-03-17 23:00:00,1125.3,20100600,1125.3,20100600,1124.2,20100400
2010-03-18 23:00:00,1128.6,20100600,1128.6,20100600,1127.5,20100400
2010-03-19 23:00:00,1108.8,20100600,1108.8,20100600,1107.6,20100400
2010-03-22 23:00:00,1100.7,20100600,1100.7,20100600,1099.5,20100400
2010-03-23 23:00:00,1104.9,20100600,1104.9,20100600,1103.7,20100400
2010-03-24 23:00:00,1089.9,20100600,1089.9,20100600,1088.8,20100400
2010-03-25 23:00:00,1094.1,20100600,1094.1,20100600,1092.9,20100400
2010-03-26 23:00:00,1105.4,20100600,1105.4,20100600,1104.3,20100400
2010-03-29 23:00:00,1111.5,20100600,1111.5,20100600,1110.3,20100400
2010-03-30 23:00:00,1105.7,20100600,1105.7,20100600,1104.5,20100400
2010-03-31 23:00:00,1115.7,20100800,1115.7,20100800,1114.5,20100600
2010-04-01 23:00:00,1127.3,20100800,1127.3,20100800,1126.1,20100600
2010-04-05 23:00:00,1135.0,20100800,1135.0,20100800,1133.8,20100600
2010-04-06 23:00:00,1137.2,20100800,1137.2,20100800,1136.0,20100600
2010-04-07 23:00:00,1154.2,20100800,1154.2,20100800,1153.0,20100600
2010-04-08 23:00:00,1154.1,20100800,1154.1,20100800,1152.9,20100600
2010-04-09 23:00:00,1163.1,20100800,1163.1,20100800,1161.9,20100600
2010-04-12 23:00:00,1163.4,20100800,1163.4,20100800,1162.2,20100600
2010-04-13 23:00:00,1154.6,20100800,1154.6,20100800,1153.4,20100600
2010-04-14 23:00:00,1160.8,20100800,1160.8,20100800,1159.6,20100600
2010-04-15 23:00:00,1161.5,20100800,1161.5,20100800,1160.3,20100600
2010-04-16 23:00:00,1138.1,20100800,1138.1,20100800,1136.9,20100600
2010-04-19 23:00:00,1136.9,20100800,1136.9,20100800,1135.8,20100600
2010-04-20 23:00:00,1140.4,20100800,1140.4,20100800,1139.2,20100600
2010-04-21 23:00:00,1150.1,20100800,1150.1,20100800,1148.8,20100600
2010-04-22 23:00:00,1144.2,20100800,1144.2,20100800,1142.9,20100600
2010-04-23 23:00:00,1155.0,20100800,1155.0,20100800,1153.7,20100600
2010-04-26 23:00:00,1155.3,20100800,1155.3,20100800,1154.0,20100600
2010-04-27 23:00:00,1163.5,20100800,1163.5,20100800,1162.2,20100600
2010-04-28 23:00:00,1173.1,20100800,1173.1,20100800,1171.8,20100600
2010-04-29 23:00:00,1170.2,20100800,1170.2,20100800,1168.8,20100600
2010-04-30 23:00:00,1182.1,20100800,1182.1,20100800,1180.7,20100600
2010-05-03 23:00:00,1184.7,20100800,1184.7,20100800,1183.3,20100600
2010-05-04 23:00:00,1170.6,20100800,1170.6,20100800,1169.2,20100600
2010-05-05 23:00:00,1176.4,20100800,1176.4,20100800,1175.0,20100600
2010-05-06 23:00:00,1198.8,20100800,1198.8,20100800,1197.3,20100600
2010-05-07 23:00:00,1212.2,20100800,1212.2,20100800,1210.4,20100600
2010-05-10 23:00:00,1202.5,20100800,1202.5,20100800,1200.8,20100600
2010-05-11 23:00:00,1222.1,20100800,1222.1,20100800,1220.3,20100600
2010-05-12 23:00:00,1244.9,20100800,1244.9,20100800,1243.1,20100600
2010-05-13 23:00:00,1231.0,20100800,1231.0,20100800,1229.2,20100600
2010-05-14 23:00:00,1229.6,20100800,1229.6,20100800,1227.8,20100600
2010-05-17 23:00:00,1229.9,20100800,1229.9,20100800,1228.1,20100600
2010-05-18 23:00:00,1216.4,20100800,1216.4,20100800,1214.6,20100600
2010-05-19 23:00:00,1194.9,20100800,1194.9,20100800,1193.1,20100600
2010-05-20 23:00:00,1190.4,20100800,1190.4,20100800,1188.6,20100600
2010-05-21 23:00:00,1177.9,20100800,1177.9,20100800,1176.1,20100600
2010-05-24 23:00:00,1195.8,20100800,1195.8,20100800,1194.0,20100600
2010-05-25 23:00:00,1199.8,20100800,1199.8,20100800,1198.0,20100600
2010-05-26 23:00:00,1215.3,20100800,1215.3,20100800,1213.4,20100600
2010-05-27 23:00:00,1214.4,20100800,1214.4,20100800,1211.9,20100600
2010-05-28 23:00:00,1215.0,20100800,1215.0,20100800,1212.2,20100600
2010-06-01 23:00:00,1226.9,20100800,1226.9,20100800,1224.8,20100600
2010-06-02 23:00:00,1224.7,20101000,1224.7,20101000,1222.6,20100800
2010-06-03 23:00:00,1212.0,20101000,1212.0,20101000,1210.0,20100800
2010-06-04 23:00:00,1219.7,20101000,1219.7,20101000,1217.7,20100800
2010-06-07 23:00:00,1242.9,20101000,1242.9,20101000,1240.8,20100800
2010-06-08 23:00:00,1247.8,20101000,1247.8,20101000,1245.6,20100800
2010-06-09 23:00:00,1231.9,20101000,1231.9,20101000,1229.9,20100800
2010-06-10 23:00:00,1224.2,20101000,1224.2,20101000,1222.2,20100800
2010-06-11 23:00:00,1232.3,20101000,1232.3,20101000,1230.2,20100800
2010-06-14 23:00:00,1226.6,20101000,1226.6,20101000,1224.5,20100800
2010-06-15 23:00:00,1236.5,20101000,1236.5,20101000,1234.4,20100800
2010-06-16 23:00:00,1232.6,20101000,1232.6,20101000,1230.5,20100800
2010-06-17 23:00:00,1250.7,20101000,1250.7,20101000,1248.7,20100800
2010-06-18 23:00:00,1260.3,20101000,1260.3,20101000,1258.3,20100800
2010-06-21 23:00:00,1242.7,20101000,1242.7,20101000,1240.7,20100800
2010-06-22 23:00:00,1242.8,20101000,1242.8,20101000,1240.8,20100800
2010-06-23 23:00:00,1236.8,20101000,1236.8,20101000,1234.8,20100800
2010-06-24 23:00:00,1247.9,20101000,1247.9,20101000,1245.9,20100800
2010-06-25 23:00:00,1258.2,20101000,1258.2,20101000,1256.2,20100800
2010-06-28 23:00:00,1240.6,20101000,1240.6,20101000,1238.6,20100800
2010-06-29 23:00:00,1244.4,20101000,1244.4,20101000,1242.4,20100800
2010-06-30 23:00:00,1247.9,20101000,1247.9,20101000,1245.9,20100800
2010-07-01 23:00:00,1208.6,20101000,1208.6,20101000,1206.7,20100800
2010-07-02 23:00:00,1209.6,20101000,1209.6,20101000,1207.7,20100800
2010-07-06 23:00:00,1197.0,20101000,1197.0,20101000,1195.1,20100800
2010-07-07 23:00:00,1200.8,20101000,1200.8,20101000,1198.9,20100800
2010-07-08 23:00:00,1198.1,20101000,1198.1,20101000,1196.1,20100800
2010-07-09 23:00:00,1211.8,20101000,1211.8,20101000,1209.8,20100800
2010-07-12 23:00:00,1200.7,20101000,1200.7,20101000,1198.7,20100800
2010-07-13 23:00:00,1215.5,20101000,1215.5,20101000,1213.5,20100800
2010-07-14 23:00:00,1209.0,20101000,1209.0,20101000,1207.0,20100800
2010-07-15 23:00:00,1210.3,20101000,1210.3,20101000,1208.3,20100800
2010-07-16 23:00:00,1190.1,20101000,1190.1,20101000,1188.2,20100800
2010-07-19 23:00:00,1183.9,20101000,1183.9,20101000,1181.9,20100800
2010-07-20 23:00:00,1193.6,20101000,1193.6,20101000,1191.7,20100800
2010-07-21 23:00:00,1193.7,20101000,1193.7,20101000,1191.8,20100800
2010-07-22 23:00:00,1197.4,20101000,1197.4,20101000,1195.6,20100800
2010-07-23 23:00:00,1189.7,20101000,1189.7,20101000,1187.8,20100800
2010-07-26 23:00:00,1185.0,20101000,1185.0,20101000,1183.1,20100800
2010-07-27 23:00:00,1159.9,20101000,1159.9,20101000,1158.0,20100800
2010-07-28 23:00:00,1161.0,20101000,1161.0,20101000,1160.4,20100800
2010-07-29 23:00:00,1169.8,20101000,1169.8,20101000,1168.4,20100800
2010-07-30 23:00:00,1183.9,20101200,1183.9,20101200,1182.4,20101000
2010-08-02 23:00:00,1185.4,20101200,1185.4,20101200,1184.1,20101000
2010-08-03 23:00:00,1187.5,20101200,1187.5,20101200,1186.1,20101000
2010-08-04 23:00:00,1195.9,20101200,1195.9,20101200,1194.5,20101000
2010-08-05 23:00:00,1199.3,20101200,1199.3,20101200,1197.9,20101000
2010-08-06 23:00:00,1205.3,20101200,1205.3,20101200,1204.1,20101000
2010-08-09 23:00:00,1202.6,20101200,1202.6,20101200,1201.4,20101000
2010-08-10 23:00:00,1198.0,20101200,1198.0,20101200,1196.8,20101000
2010-08-11 23:00:00,1199.2,20101200,1199.2,20101200,1198.0,20101000
2010-08-12 23:00:00,1216.7,20101200,1216.7,20101200,1215.4,20101000
2010-08-13 23:00:00,1216.6,20101200,1216.6,20101200,1215.4,20101000
2010-08-16 23:00:00,1226.2,20101200,1226.2,20101200,1225.0,20101000
2010-08-17 23:00:00,1228.3,20101200,1228.3,20101200,1227.0,20101000
2010-08-18 23:00:00,1231.4,20101200,1231.4,20101200,1230.1,20101000
2010-08-19 23:00:00,1235.4,20101200,1235.4,20101200,1234.2,20101000
2010-08-20 23:00:00,1228.8,20101200,1228.8,20101200,1227.6,20101000
2010-08-23 23:00:00,1228.5,20101200,1228.5,20101200,1227.3,20101000
2010-08-24 23:00:00,1233.4,20101200,1233.4,20101200,1232.2,20101000
2010-08-25 23:00:00,1241.3,20101200,1241.3,20101200,1239.9,20101000
2010-08-26 23:00:00,1237.7,20101200,1237.7,20101200,1236.4,20101000
2010-08-27 23:00:00,1237.9,20101200,1237.9,20101200,1236.6,20101000
2010-08-30 23:00:00,1239.2,20101200,1239.2,20101200,1238.0,20101000
2010-08-31 23:00:00,1250.3,20101200,1250.3,20101200,1249.0,20101000
2010-09-01 23:00:00,1248.1,20101200,1248.1,20101200,1246.8,20101000
2010-09-02 23:00:00,1253.4,20101200,1253.4,20101200,1252.1,20101000
2010-09-03 23:00:00,1251.1,20101200,1251.1,20101200,1249.8,20101000
2010-09-07 23:00:00,1259.3,20101200,1259.3,20101200,1257.9,20101000
2010-09-09 23:00:00,1250.9,20101200,1250.9,20101200,1249.4,20101000
2010-09-10 23:00:00,1246.5,20101200,1246.5,20101200,1245.0,20101000
2010-09-13 23:00:00,1247.1,20101200,1247.1,20101200,1245.6,20101000
2010-09-14 23:00:00,1271.7,20101200,1271.7,20101200,1270.2,20101000
2010-09-15 23:00:00,1268.7,20101200,1268.7,20101200,1267.1,20101000
2010-09-16 23:00:00,1273.8,20101200,1273.8,20101200,1272.2,20101000
2010-09-17 23:00:00,1277.5,20101200,1277.5,20101200,1275.9,20101000
2010-09-20 23:00:00,1280.8,20101200,1280.8,20101200,1279.3,20101000
2010-09-21 23:00:00,1274.3,20101200,1274.3,20101200,1272.7,20101000
2010-09-22 23:00:00,1292.1,20101200,1292.1,20101200,1290.5,20101000
2010-09-23 23:00:00,1296.3,20101200,1296.3,20101200,1294.6,20101000
2010-09-24 23:00:00,1298.1,20101200,1298.1,20101200,1296.3,20101000
2010-09-27 23:00:00,1298.6,20101200,1298.6,20101200,1296.9,20101000
2010-09-29 23:00:00,1310.3,20101200,1310.3,20101200,1308.5,20101000
2010-09-30 23:00:00,1311.4,20110200,1311.4,20110200,1309.6,20101200
2010-10-01 23:00:00,1319.6,20110200,1319.6,20110200,1317.8,20101200
2010-10-04 23:00:00,1318.6,20110200,1318.6,20110200,1316.8,20101200
2010-10-05 23:00:00,1342.2,20110200,1342.2,20110200,1340.3,20101200
2010-10-06 23:00:00,1349.6,20110200,1349.6,20110200,1347.7,20101200
2010-10-07 23:00:00,1336.8,20110200,1336.8,20110200,1335.0,20101200
2010-10-08 23:00:00,1347.1,20110200,1347.1,20110200,1345.3,20101200
2010-10-11 23:00:00,1356.2,20110200,1356.2,20110200,1354.4,20101200
2010-10-12 23:00:00,1348.5,20110200,1348.5,20110200,1346.7,20101200
2010-10-13 23:00:00,1372.3,20110200,1372.3,20110200,1370.5,20101200
2010-10-14 23:00:00,1379.5,20110200,1379.5,20110200,1377.6,20101200
2010-10-15 23:00:00,1373.9,20110200,1373.9,20110200,1372.0,20101200
2010-10-18 23:00:00,1374.0,20110200,1374.0,20110200,1372.1,20101200
2010-10-19 23:00:00,1337.8,20110200,1337.8,20110200,1336.0,20101200
2010-10-20 23:00:00,1346.0,20110200,1346.0,20110200,1344.2,20101200
2010-10-21 23:00:00,1327.4,20110200,1327.4,20110200,1325.6,20101200
2010-10-22 23:00:00,1326.9,20110200,1326.9,20110200,1325.1,20101200
2010-10-25 23:00:00,1340.8,20110200,1340.8,20110200,1338.9,20101200
2010-10-26 23:00:00,1340.5,20110200,1340.5,20110200,1338.6,20101200
2010-10-27 23:00:00,1324.5,20110200,1324.5,20110200,1322.6,20101200
2010-10-28 23:00:00,1344.5,20110200,1344.5,20110200,1342.5,20101200
2010-10-29 23:00:00,1359.6,20110200,1359.6,20110200,1357.6,20101200
2010-11-01 23:00:00,1352.5,20110200,1352.5,20110200,1350.6,20101200
2010-11-02 23:00:00,1358.9,20110200,1358.9,20110200,1356.9,20101200
2010-11-03 23:00:00,1339.6,20110200,1339.6,20110200,1337.6,20101200
2010-11-04 23:00:00,1385.2,20110200,1385.2,20110200,1383.1,20101200
2010-11-05 23:00:00,1399.8,20110200,1399.8,20110200,1397.7,20101200
2010-11-08 23:00:00,1405.4,20110200,1405.4,20110200,1403.2,20101200
2010-11-09 23:00:00,1412.4,20110200,1412.4,20110200,1410.1,20101200
2010-11-10 23:00:00,1401.5,20110200,1401.5,20110200,1399.3,20101200
2010-11-11 23:00:00,1405.6,20110200,1405.6,20110200,1403.3,20101200
2010-11-12 23:00:00,1367.7,20110200,1367.7,20110200,1365.5,20101200
2010-11-15 23:00:00,1370.7,20110200,1370.7,20110200,1368.5,20101200
2010-11-16 23:00:00,1340.5,20110200,1340.5,20110200,1338.4,20101200
2010-11-17 23:00:00,1339.0,20110200,1339.0,20110200,1336.9,20101200
2010-11-18 23:00:00,1355.1,20110200,1355.1,20110200,1353.0,20101200
2010-11-19 23:00:00,1354.4,20110200,1354.4,20110200,1352.3,20101200
2010-11-22 23:00:00,1359.9,20110200,1359.9,20110200,1357.8,20101200
2010-11-23 23:00:00,1379.7,20110200,1379.7,20110200,1377.6,20101200
2010-11-24 23:00:00,1375.0,20110200,1375.0,20110200,1373.0,20101200
2010-11-26 23:00:00,1364.3,20110200,1364.3,20110200,1362.4,20101200
2010-11-29 23:00:00,1367.5,20110200,1367.5,20110200,1366.0,20101200
2010-11-30 23:00:00,1388.3,20110400,1388.3,20110400,1386.1,20110200
2010-12-01 23:00:00,1390.5,20110400,1390.5,20110400,1388.3,20110200
2010-12-02 23:00:00,1391.5,20110400,1391.5,20110400,1389.3,20110200
2010-12-03 23:00:00,1408.4,20110400,1408.4,20110400,1406.2,20110200
2010-12-06 23:00:00,1418.3,20110400,1418.3,20110400,1416.1,20110200
2010-12-07 23:00:00,1411.2,20110400,1411.2,20110400,1409.0,20110200
2010-12-08 23:00:00,1385.3,20110400,1385.3,20110400,1383.2,20110200
2010-12-09 23:00:00,1394.9,20110400,1394.9,20110400,1392.8,20110200
2010-12-10 23:00:00,1386.9,20110400,1386.9,20110400,1384.9,20110200
2010-12-13 23:00:00,1400.1,20110400,1400.1,20110400,1398.0,20110200
2010-12-14 23:00:00,1406.5,20110400,1406.5,20110400,1404.3,20110200
2010-12-15 23:00:00,1388.4,20110400,1388.4,20110400,1386.2,20110200
2010-12-16 23:00:00,1373.2,20110400,1373.2,20110400,1371.0,20110200
2010-12-17 23:00:00,1381.4,20110400,1381.4,20110400,1379.2,20110200
2010-12-20 23:00:00,1388.3,20110400,1388.3,20110400,1386.1,20110200
2010-12-21 23:00:00,1391.0,20110400,1391.0,20110400,1388.8,20110200
2010-12-22 23:00:00,1389.5,20110400,1389.5,20110400,1387.4,20110200
2010-12-23 23:00:00,1382.6,20110400,1382.6,20110400,1380.5,20110200
2010-12-27 23:00:00,1385.1,20110400,1385.1,20110400,1382.9,20110200
2010-12-28 23:00:00,1407.9,20110400,1407.9,20110400,1405.6,20110200
2010-12-29 23:00:00,1415.7,20110400,1415.7,20110400,1413.5,20110200
2010-12-30 23:00:00,1408.1,20110400,1408.1,20110400,1405.9,20110200
2010-12-31 23:00:00,1423.6,20110400,1423.6,20110400,1421.4,20110200
2011-01-03 23:00:00,1425.1,20110400,1425.1,20110400,1422.9,20110200
2011-01-04 23:00:00,1380.9,20110400,1380.9,20110400,1378.8,20110200
2011-01-05 23:00:00,1375.6,20110400,1375.6,20110400,1373.7,20110200
2011-01-06 23:00:00,1373.5,20110400,1373.5,20110400,1371.7,20110200
2011-01-07 23:00:00,1370.8,20110400,1370.8,20110400,1368.9,20110200
2011-01-10 23:00:00,1376.0,20110400,1376.0,20110400,1374.1,20110200
2011-01-11 23:00:00,1386.3,20110400,1386.3,20110400,1384.3,20110200
2011-01-12 23:00:00,1387.7,20110400,1387.7,20110400,1385.8,20110200
2011-01-13 23:00:00,1388.9,20110400,1388.9,20110400,1387.0,20110200
2011-01-14 23:00:00,1362.3,20110400,1362.3,20110400,1360.5,20110200
2011-01-18 23:00:00,1369.9,20110400,1369.9,20110400,1368.2,20110200
2011-01-19 23:00:00,1372.0,20110400,1372.0,20110400,1370.2,20110200
2011-01-20 23:00:00,1348.1,20110400,1348.1,20110400,1346.5,20110200
2011-01-21 23:00:00,1342.6,20110400,1342.6,20110400,1341.0,20110200
2011-01-24 23:00:00,1346.0,20110400,1346.0,20110400,1344.5,20110200
2011-01-25 23:00:00,1333.8,20110400,1333.8,20110400,1332.3,20110200
2011-01-26 23:00:00,1334.5,20110400,1334.5,20110400,1333.0,20110200
2011-01-27 23:00:00,1319.8,20110400,1319.8,20110400,1318.4,20110200
2011-01-28 23:00:00,1341.7,20110400,1341.7,20110400,1340.7,20110200
2011-01-31 23:00:00,1334.5,20110400,1334.5,20110400,1333.8,20110200
2011-02-01 23:00:00,1341.8,20110600,1341.8,20110600,1340.3,20110400
2011-02-02 23:00:00,1333.5,20110600,1333.5,20110600,1332.1,20110400
2011-02-03 23:00:00,1354.4,20110600,1354.4,20110600,1353.0,20110400
2011-02-04 23:00:00,1350.5,20110600,1350.5,20110600,1349.0,20110400
2011-02-07 23:00:00,1349.7,20110600,1349.7,20110600,1348.2,20110400
2011-02-08 23:00:00,1365.5,20110600,1365.5,20110600,1364.1,20110400
2011-02-09 23:00:00,1366.9,20110600,1366.9,20110600,1365.5,20110400
2011-02-10 23:00:00,1363.9,20110600,1363.9,20110600,1362.5,20110400
2011-02-11 23:00:00,1361.9,20110600,1361.9,20110600,1360.4,20110400
2011-02-14 23:00:00,1366.6,20110600,1366.6,20110600,1365.1,20110400
2011-02-15 23:00:00,1375.5,20110600,1375.5,20110600,1374.1,20110400
2011-02-16 23:00:00,1376.6,20110600,1376.6,20110600,1375.1,20110400
2011-02-17 23:00:00,1386.6,20110600,1386.6,20110600,1385.1,20110400
2011-02-18 23:00:00,1390.1,20110600,1390.1,20110600,1388.6,20110400
2011-02-22 23:00:00,1402.6,20110600,1402.6,20110600,1401.1,20110400
2011-02-23 23:00:00,1415.5,20110600,1415.5,20110600,1414.0,20110400
2011-02-24 23:00:00,1417.0,20110600,1417.0,20110600,1415.8,20110400
2011-02-25 23:00:00,1410.7,20110600,1410.7,20110600,1409.3,20110400
2011-02-28 23:00:00,1411.3,20110600,1411.3,20110600,1409.9,20110400
2011-03-01 23:00:00,1432.7,20110600,1432.7,20110600,1431.2,20110400
2011-03-02 23:00:00,1439.3,20110600,1439.3,20110600,1437.7,20110400
2011-03-03 23:00:00,1417.9,20110600,1417.9,20110600,1416.4,20110400
2011-03-04 23:00:00,1430.1,20110600,1430.1,20110600,1428.6,20110400
2011-03-07 23:00:00,1436.0,20110600,1436.0,20110600,1434.5,20110400
2011-03-08 23:00:00,1428.8,20110600,1428.8,20110600,1427.2,20110400
2011-03-09 23:00:00,1431.2,20110600,1431.2,20110600,1429.6,20110400
2011-03-10 23:00:00,1414.1,20110600,1414.1,20110600,1412.5,20110400
2011-03-11 23:00:00,1423.2,20110600,1423.2,20110600,1421.8,20110400
2011-03-14 23:00:00,1426.3,20110600,1426.3,20110600,1424.9,20110400
2011-03-15 23:00:00,1394.2,20110600,1394.2,20110600,1392.8,20110400
2011-03-16 23:00:00,1397.5,20110600,1397.5,20110600,1396.1,20110400
2011-03-17 23:00:00,1405.6,20110600,1405.6,20110600,1404.2,20110400
2011-03-18 23:00:00,1417.5,20110600,1417.5,20110600,1416.1,20110400
2011-03-21 23:00:00,1427.8,20110600,1427.8,20110600,1426.4,20110400
2011-03-23 23:00:00,1439.5,20110600,1439.5,20110600,1438.0,20110400
2011-03-24 23:00:00,1436.4,20110600,1436.4,20110600,1434.9,20110400
2011-03-25 23:00:00,1427.6,20110600,1427.6,20110600,1426.2,20110400
2011-03-28 23:00:00,1421.3,20110600,1421.3,20110600,1419.9,20110400
2011-03-29 23:00:00,1417.5,20110600,1417.5,20110600,1416.2,20110400
2011-03-30 23:00:00,1426.4,20110800,1426.4,20110800,1424.9,20110600
2011-03-31 23:00:00,1441.3,20110800,1441.3,20110800,1439.9,20110600
2011-04-01 23:00:00,1430.3,20110800,1430.3,20110800,1428.9,20110600
2011-04-04 23:00:00,1434.4,20110800,1434.4,20110800,1433.0,20110600
2011-04-05 23:00:00,1453.9,20110800,1453.9,20110800,1452.5,20110600
2011-04-06 23:00:00,1459.8,20110800,1459.8,20110800,1458.5,20110600
2011-04-07 23:00:00,1460.6,20110800,1460.6,20110800,1459.3,20110600
2011-04-08 23:00:00,1475.4,20110800,1475.4,20110800,1474.1,20110600
2011-04-12 23:00:00,1454.8,20110800,1454.8,20110800,1453.6,20110600
2011-04-13 23:00:00,1456.8,20110800,1456.8,20110800,1455.6,20110600
2011-04-14 23:00:00,1473.5,20110800,1473.5,20110800,1472.4,20110600
2011-04-15 23:00:00,1487.0,20110800,1487.0,20110800,1486.0,20110600
2011-04-18 23:00:00,1493.9,20110800,1493.9,20110800,1492.9,20110600
2011-04-19 23:00:00,1496.2,20110800,1496.2,20110800,1495.1,20110600
2011-04-20 23:00:00,1500.0,20110800,1500.0,20110800,1498.9,20110600
2011-04-21 23:00:00,1505.0,20110800,1505.0,20110800,1503.8,20110600
2011-04-25 23:00:00,1510.3,20110800,1510.3,20110800,1509.1,20110600
2011-04-26 23:00:00,1504.7,20110800,1504.7,20110800,1503.5,20110600
2011-04-27 23:00:00,1518.3,20110800,1518.3,20110800,1517.1,20110600
2011-04-28 23:00:00,1532.5,20110800,1532.5,20110800,1531.2,20110600
2011-04-29 23:00:00,1557.7,20110800,1557.7,20110800,1556.4,20110600
2011-05-02 23:00:00,1558.4,20110800,1558.4,20110800,1557.1,20110600
2011-05-03 23:00:00,1541.7,20110800,1541.7,20110800,1540.4,20110600
2011-05-04 23:00:00,1516.5,20110800,1516.5,20110800,1515.3,20110600
2011-05-05 23:00:00,1482.6,20110800,1482.6,20110800,1481.4,20110600
2011-05-06 23:00:00,1492.9,20110800,1492.9,20110800,1491.6,20110600
2011-05-09 23:00:00,1504.5,20110800,1504.5,20110800,1503.2,20110600
2011-05-10 23:00:00,1518.2,20110800,1518.2,20110800,1516.9,20110600
2011-05-11 23:00:00,1502.7,20110800,1502.7,20110800,1501.4,20110600
2011-05-12 23:00:00,1508.0,20110800,1508.0,20110800,1506.8,20110600
2011-05-13 23:00:00,1494.8,20110800,1494.8,20110800,1493.6,20110600
2011-05-16 23:00:00,1491.8,20110800,1491.8,20110800,1490.6,20110600
2011-05-17 23:00:00,1481.2,20110800,1481.2,20110800,1480.0,20110600
2011-05-18 23:00:00,1497.1,20110800,1497.1,20110800,1495.8,20110600
2011-05-19 23:00:00,1493.6,20110800,1493.6,20110800,1492.4,20110600
2011-05-20 23:00:00,1510.0,20110800,1510.0,20110800,1508.9,20110600
2011-05-23 23:00:00,1516.5,20110800,1516.5,20110800,1515.4,20110600
2011-05-24 23:00:00,1524.3,20110800,1524.3,20110800,1523.3,20110600
2011-05-25 23:00:00,1527.8,20110800,1527.8,20110800,1526.7,20110600
2011-05-26 23:00:00,1523.7,20110800,1523.7,20110800,1522.8,20110600
2011-05-27 23:00:00,1537.3,20110800,1537.3,20110800,1536.3,20110600
2011-05-31 23:00:00,1536.8,20110800,1536.8,20110800,1535.9,20110600
2011-06-01 23:00:00,1544.5,20111000,1544.5,20111000,1543.2,20110800
2011-06-02 23:00:00,1534.0,20111000,1534.0,20111000,1532.7,20110800
2011-06-03 23:00:00,1543.6,20111000,1543.6,20111000,1542.4,20110800
2011-06-06 23:00:00,1548.5,20111000,1548.5,20111000,1547.2,20110800
2011-06-07 23:00:00,1545.2,20111000,1545.2,20111000,1544.0,20110800
2011-06-08 23:00:00,1539.9,20111000,1539.9,20111000,1538.7,20110800
2011-06-09 23:00:00,1543.9,20111000,1543.9,20111000,1542.7,20110800
2011-06-10 23:00:00,1530.4,20111000,1530.4,20111000,1529.2,20110800
2011-06-13 23:00:00,1516.8,20111000,1516.8,20111000,1515.6,20110800
2011-06-14 23:00:00,1525.5,20111000,1525.5,20111000,1524.4,20110800
2011-06-15 23:00:00,1527.3,20111000,1527.3,20111000,1526.2,20110800
2011-06-16 23:00:00,1531.0,20111000,1531.0,20111000,1529.9,20110800
2011-06-17 23:00:00,1540.2,20111000,1540.2,20111000,1539.1,20110800
2011-06-20 23:00:00,1543.1,20111000,1543.1,20111000,1542.0,20110800
2011-06-21 23:00:00,1547.5,20111000,1547.5,20111000,1546.4,20110800
2011-06-22 23:00:00,1554.5,20111000,1554.5,20111000,1553.4,20110800
2011-06-23 23:00:00,1521.5,20111000,1521.5,20111000,1520.5,20110800
2011-06-24 23:00:00,1501.9,20111000,1501.9,20111000,1500.9,20110800
2011-06-27 23:00:00,1497.4,20111000,1497.4,20111000,1496.4,20110800
2011-06-28 23:00:00,1501.2,20111000,1501.2,20111000,1500.2,20110800
2011-06-29 23:00:00,1511.5,20111000,1511.5,20111000,1510.4,20110800
2011-06-30 23:00:00,1503.8,20111000,1503.8,20111000,1502.8,20110800
2011-07-01 23:00:00,1483.7,20111000,1483.7,20111000,1482.6,20110800
2011-07-05 23:00:00,1513.8,20111000,1513.8,20111000,1512.7,20110800
2011-07-06 23:00:00,1530.3,20111000,1530.3,20111000,1529.2,20110800
2011-07-07 23:00:00,1531.7,20111000,1531.7,20111000,1530.6,20110800
2011-07-08 23:00:00,1542.7,20111000,1542.7,20111000,1541.6,20110800
2011-07-11 23:00:00,1550.2,20111000,1550.2,20111000,1549.2,20110800
2011-07-12 23:00:00,1563.3,20111000,1563.3,20111000,1562.3,20110800
2011-07-13 23:00:00,1586.5,20111000,1586.5,20111000,1585.5,20110800
2011-07-14 23:00:00,1590.2,20111000,1590.2,20111000,1589.3,20110800
2011-07-15 23:00:00,1591.0,20111000,1591.0,20111000,1590.1,20110800
2011-07-18 23:00:00,1603.4,20111000,1603.4,20111000,1602.4,20110800
2011-07-19 23:00:00,1602.1,20111000,1602.1,20111000,1601.1,20110800
2011-07-20 23:00:00,1598.0,20111000,1598.0,20111000,1596.9,20110800
2011-07-21 23:00:00,1588.1,20111000,1588.1,20111000,1587.0,20110800
2011-07-22 23:00:00,1602.6,20111000,1602.6,20111000,1601.5,20110800
2011-07-25 23:00:00,1613.3,20111000,1613.3,20111000,1612.2,20110800
2011-07-26 23:00:00,1618.0,20111000,1618.0,20111000,1616.8,20110800
2011-07-27 23:00:00,1616.1,20111000,1616.1,20111000,1615.1,20110800
2011-07-28 23:00:00,1614.9,20111000,1614.9,20111000,1613.4,20110800
2011-07-29 23:00:00,1629.9,20111000,1629.9,20111000,1628.3,20110800
2011-08-01 23:00:00,1621.7,20111200,1621.7,20111200,1620.4,20111000
2011-08-02 23:00:00,1644.5,20111200,1644.5,20111200,1643.1,20111000
2011-08-03 23:00:00,1666.3,20111200,1666.3,20111200,1664.9,20111000
2011-08-04 23:00:00,1659.0,20111200,1659.0,20111200,1657.5,20111000
2011-08-05 23:00:00,1651.8,20111200,1651.8,20111200,1650.2,20111000
2011-08-08 23:00:00,1713.2,20111200,1713.2,20111200,1711.6,20111000
2011-08-09 23:00:00,1743.0,20111200,1743.0,20111200,1741.4,20111000
2011-08-10 23:00:00,1784.3,20111200,1784.3,20111200,1782.7,20111000
2011-08-11 23:00:00,1751.5,20111200,1751.5,20111200,1749.9,20111000
2011-08-12 23:00:00,1742.6,20111200,1742.6,20111200,1741.0,20111000
2011-08-15 23:00:00,1758.0,20111200,1758.0,20111200,1756.4,20111000
2011-08-16 23:00:00,1785.0,20111200,1785.0,20111200,1783.4,20111000
2011-08-17 23:00:00,1793.8,20111200,1793.8,20111200,1792.2,20111000
2011-08-18 23:00:00,1822.0,20111200,1822.0,20111200,1819.9,20111000
2011-08-19 23:00:00,1852.2,20111200,1852.2,20111200,1850.1,20111000
2011-08-22 23:00:00,1891.9,20111200,1891.9,20111200,1889.7,20111000
2011-08-23 23:00:00,1861.3,20111200,1861.3,20111200,1859.2,20111000
2011-08-24 23:00:00,1757.3,20111200,1757.3,20111200,1755.0,20111000
2011-08-25 23:00:00,1763.2,20111200,1763.2,20111200,1760.6,20111000
2011-08-26 23:00:00,1797.3,20111200,1797.3,20111200,1795.1,20111000
2011-08-29 23:00:00,1791.6,20111200,1791.6,20111200,1789.3,20111000
2011-08-30 23:00:00,1829.8,20111200,1829.8,20111200,1827.5,20111000
2011-08-31 23:00:00,1831.7,20111200,1831.7,20111200,1829.3,20111000
2011-09-01 23:00:00,1829.1,20111200,1829.1,20111200,1826.7,20111000
2011-09-02 23:00:00,1876.9,20111200,1876.9,20111200,1874.4,20111000
2011-09-06 23:00:00,1873.3,20111200,1873.3,20111200,1870.6,20111000
2011-09-07 23:00:00,1817.6,20111200,1817.6,20111200,1814.9,20111000
2011-09-08 23:00:00,1857.5,20111200,1857.5,20111200,1855.2,20111000
2011-09-09 23:00:00,1859.5,20111200,1859.5,20111200,1857.1,20111000
2011-09-12 23:00:00,1813.3,20111200,1813.3,20111200,1810.6,20111000
2011-09-13 23:00:00,1830.1,20111200,1830.1,20111200,1827.5,20111000
2011-09-14 23:00:00,1826.5,20111200,1826.5,20111200,1824.2,20111000
2011-09-15 23:00:00,1781.4,20111200,1781.4,20111200,1779.2,20111000
2011-09-16 23:00:00,1814.7,20111200,1814.7,20111200,1812.5,20111000
2011-09-19 23:00:00,1778.9,20111200,1778.9,20111200,1776.7,20111000
2011-09-20 23:00:00,1809.1,20111200,1809.1,20111200,1806.9,20111000
2011-09-21 23:00:00,1808.1,20111200,1808.1,20111200,1805.8,20111000
2011-09-22 23:00:00,1741.7,20111200,1741.7,20111200,1739.4,20111000
2011-09-23 23:00:00,1639.8,20111200,1639.8,20111200,1637.7,20111000
2011-09-26 23:00:00,1594.8,20111200,1594.8,20111200,1592.7,20111000
2011-09-27 23:00:00,1652.5,20111200,1652.5,20111200,1650.6,20111000
2011-09-28 23:00:00,1618.1,20111200,1618.1,20111200,1616.1,20111000
2011-09-29 23:00:00,1619.2,20120200,1619.2,20120200,1617.3,20111200
2011-09-30 23:00:00,1624.2,20120200,1624.2,20120200,1622.3,20111200
2011-10-03 23:00:00,1659.6,20120200,1659.6,20120200,1657.7,20111200
2011-10-04 23:00:00,1617.9,20120200,1617.9,20120200,1616.0,20111200
2011-10-05 23:00:00,1643.4,20120200,1643.4,20120200,1641.6,20111200
2011-10-06 23:00:00,1655.1,20120200,1655.1,20120200,1653.2,20111200
2011-10-07 23:00:00,1637.7,20120200,1637.7,20120200,1635.8,20111200
2011-10-10 23:00:00,1672.8,20120200,1672.8,20120200,1670.8,20111200
2011-10-11 23:00:00,1663.0,20120200,1663.0,20120200,1661.0,20111200
2011-10-12 23:00:00,1684.6,20120200,1684.6,20120200,1682.6,20111200
2011-10-13 23:00:00,1670.4,20120200,1670.4,20120200,1668.5,20111200
2011-10-14 23:00:00,1684.9,20120200,1684.9,20120200,1683.0,20111200
2011-10-17 23:00:00,1678.6,20120200,1678.6,20120200,1676.6,20111200
2011-10-18 23:00:00,1654.7,20120200,1654.7,20120200,1652.8,20111200
2011-10-19 23:00:00,1648.9,20120200,1648.9,20120200,1647.0,20111200
2011-10-20 23:00:00,1614.8,20120200,1614.8,20120200,1612.9,20111200
2011-10-21 23:00:00,1638.0,20120200,1638.0,20120200,1636.1,20111200
2011-10-24 23:00:00,1654.3,20120200,1654.3,20120200,1652.3,20111200
2011-10-25 23:00:00,1702.4,20120200,1702.4,20120200,1700.4,20111200
2011-10-26 23:00:00,1725.5,20120200,1725.5,20120200,1723.5,20111200
2011-10-27 23:00:00,1749.8,20120200,1749.8,20120200,1747.7,20111200
2011-10-28 23:00:00,1749.3,20120200,1749.3,20120200,1747.2,20111200
2011-10-31 23:00:00,1727.3,20120200,1727.3,20120200,1725.2,20111200
2011-11-01 23:00:00,1713.9,20120200,1713.9,20120200,1711.8,20111200
2011-11-02 23:00:00,1731.7,20120200,1731.7,20120200,1729.6,20111200
2011-11-03 23:00:00,1767.2,20120200,1767.2,20120200,1765.1,20111200
2011-11-04 23:00:00,1758.3,20120200,1758.3,20120200,1756.1,20111200
2011-11-07 23:00:00,1793.5,20120200,1793.5,20120200,1791.1,20111200
2011-11-08 23:00:00,1801.7,20120200,1801.7,20120200,1799.2,20111200
2011-11-09 23:00:00,1794.1,20120200,1794.1,20120200,1791.6,20111200
2011-11-10 23:00:00,1762.0,20120200,1762.0,20120200,1759.6,20111200
2011-11-11 23:00:00,1790.6,20120200,1790.6,20120200,1788.1,20111200
2011-11-14 23:00:00,1780.9,20120200,1780.9,20120200,1778.4,20111200
2011-11-15 23:00:00,1784.7,20120200,1784.7,20120200,1782.2,20111200
2011-11-16 23:00:00,1776.9,20120200,1776.9,20120200,1774.3,20111200
2011-11-17 23:00:00,1722.9,20120200,1722.9,20120200,1720.2,20111200
2011-11-18 23:00:00,1727.9,20120200,1727.9,20120200,1725.1,20111200
2011-11-21 23:00:00,1681.6,20120200,1681.6,20120200,1678.6,20111200
2011-11-22 23:00:00,1705.5,20120200,1705.5,20120200,1702.4,20111200
2011-11-23 23:00:00,1698.8,20120200,1698.8,20120200,1695.9,20111200
2011-11-25 23:00:00,1688.5,20120200,1688.5,20120200,1685.7,20111200
2011-11-28 23:00:00,1714.5,20120200,1714.5,20120200,1710.8,20111200
2011-11-29 23:00:00,1718.9,20120200,1718.9,20120200,1713.4,20111200
2011-11-30 23:00:00,1753.1,20120400,1753.1,20120400,1750.3,20120200
2011-12-01 23:00:00,1742.6,20120400,1742.6,20120400,1739.8,20120200
2011-12-02 23:00:00,1754.2,20120400,1754.2,20120400,1751.3,20120200
2011-12-05 23:00:00,1737.3,20120400,1737.3,20120400,1734.5,20120200
2011-12-06 23:00:00,1734.6,20120400,1734.6,20120400,1731.8,20120200
2011-12-07 23:00:00,1747.5,20120400,1747.5,20120400,1744.8,20120200
2011-12-08 23:00:00,1715.9,20120400,1715.9,20120400,1713.4,20120200
2011-12-09 23:00:00,1719.2,20120400,1719.2,20120400,1716.8,20120200
2011-12-12 23:00:00,1670.4,20120400,1670.4,20120400,1668.2,20120200
2011-12-13 23:00:00,1665.2,20120400,1665.2,20120400,1663.1,20120200
2011-12-14 23:00:00,1588.8,20120400,1588.8,20120400,1586.9,20120200
2011-12-15 23:00:00,1579.1,20120400,1579.1,20120400,1577.2,20120200
2011-12-16 23:00:00,1599.9,20120400,1599.9,20120400,1597.9,20120200
2011-12-19 23:00:00,1598.8,20120400,1598.8,20120400,1596.7,20120200
2011-12-20 23:00:00,1619.8,20120400,1619.8,20120400,1617.6,20120200
2011-12-21 23:00:00,1615.9,20120400,1615.9,20120400,1613.6,20120200
2011-12-22 23:00:00,1613.0,20120400,1613.0,20120400,1610.6,20120200
2011-12-23 23:00:00,1608.5,20120400,1608.5,20120400,1606.0,20120200
2011-12-27 23:00:00,1598.0,20120400,1598.0,20120400,1595.5,20120200
2011-12-28 23:00:00,1566.5,20120400,1566.5,20120400,1564.1,20120200
2011-12-29 23:00:00,1543.3,20120400,1543.3,20120400,1540.9,20120200
2011-12-30 23:00:00,1569.4,20120400,1569.4,20120400,1566.8,20120200
2012-01-03 23:00:00,1603.2,20120400,1603.2,20120400,1600.5,20120200
2012-01-04 23:00:00,1615.6,20120400,1615.6,20120400,1612.7,20120200
2012-01-05 23:00:00,1622.9,20120400,1622.9,20120400,1620.1,20120200
2012-01-06 23:00:00,1619.6,20120400,1619.6,20120400,1616.8,20120200
2012-01-09 23:00:00,1610.8,20120400,1610.8,20120400,1608.1,20120200
2012-01-10 23:00:00,1634.4,20120400,1634.4,20120400,1631.5,20120200
2012-01-11 23:00:00,1642.6,20120400,1642.6,20120400,1639.6,20120200
2012-01-12 23:00:00,1650.7,20120400,1650.7,20120400,1647.7,20120200
2012-01-13 23:00:00,1633.6,20120400,1633.6,20120400,1630.8,20120200
2012-01-17 23:00:00,1658.4,20120400,1658.4,20120400,1655.6,20120200
2012-01-18 23:00:00,1662.6,20120400,1662.6,20120400,1659.9,20120200
2012-01-19 23:00:00,1657.2,20120400,1657.2,20120400,1654.5,20120200
2012-01-20 23:00:00,1666.8,20120400,1666.8,20120400,1664.0,20120200
2012-01-23 23:00:00,1681.1,20120400,1681.1,20120400,1678.3,20120200
2012-01-24 23:00:00,1667.4,20120400,1667.4,20120400,1664.5,20120200
2012-01-25 23:00:00,1703.0,20120400,1703.0,20120400,1700.1,20120200
2012-01-26 23:00:00,1729.9,20120400,1729.9,20120400,1726.7,20120200
2012-01-27 23:00:00,1735.4,20120400,1735.4,20120400,1732.2,20120200
2012-01-30 23:00:00,1734.4,20120400,1734.4,20120400,1731.0,20120200
2012-01-31 23:00:00,1743.3,20120600,1743.3,20120600,1740.4,20120400
2012-02-01 23:00:00,1752.3,20120600,1752.3,20120600,1749.5,20120400
2012-02-02 23:00:00,1762.1,20120600,1762.1,20120600,1759.3,20120400
2012-02-03 23:00:00,1743.0,20120600,1743.0,20120600,1740.3,20120400
2012-02-06 23:00:00,1727.6,20120600,1727.6,20120600,1724.9,20120400
2012-02-07 23:00:00,1751.1,20120600,1751.1,20120600,1748.4,20120400
2012-02-08 23:00:00,1734.0,20120600,1734.0,20120600,1731.3,20120400
2012-02-09 23:00:00,1744.0,20120600,1744.0,20120600,1741.2,20120400
2012-02-10 23:00:00,1728.1,20120600,1728.1,20120600,1725.3,20120400
2012-02-13 23:00:00,1727.7,20120600,1727.7,20120600,1724.9,20120400
2012-02-14 23:00:00,1720.4,20120600,1720.4,20120600,1717.7,20120400
2012-02-15 23:00:00,1730.9,20120600,1730.9,20120600,1728.1,20120400
2012-02-16 23:00:00,1731.2,20120600,1731.2,20120600,1728.4,20120400
2012-02-17 23:00:00,1728.7,20120600,1728.7,20120600,1725.9,20120400
2012-02-21 23:00:00,1761.4,20120600,1761.4,20120600,1758.5,20120400
2012-02-22 23:00:00,1774.2,20120600,1774.2,20120600,1771.3,20120400
2012-02-23 23:00:00,1789.2,20120600,1789.2,20120600,1786.3,20120400
2012-02-24 23:00:00,1779.2,20120600,1779.2,20120600,1776.4,20120400
2012-02-27 23:00:00,1777.6,20120600,1777.6,20120600,1774.9,20120400
2012-02-28 23:00:00,1791.2,20120600,1791.2,20120600,1788.4,20120400
2012-02-29 23:00:00,1714.0,20120600,1714.0,20120600,1711.3,20120400
2012-03-01 23:00:00,1725.0,20120600,1725.0,20120600,1722.2,20120400
2012-03-02 23:00:00,1712.6,20120600,1712.6,20120600,1709.8,20120400
2012-03-05 23:00:00,1706.7,20120600,1706.7,20120600,1703.9,20120400
2012-03-06 23:00:00,1674.9,20120600,1674.9,20120600,1672.1,20120400
2012-03-07 23:00:00,1686.7,20120600,1686.7,20120600,1683.9,20120400
2012-03-08 23:00:00,1701.5,20120600,1701.5,20120600,1698.7,20120400
2012-03-09 23:00:00,1714.3,20120600,1714.3,20120600,1711.5,20120400
2012-03-13 23:00:00,1696.8,20120600,1696.8,20120600,1694.2,20120400
2012-03-14 23:00:00,1645.3,20120600,1645.3,20120600,1642.9,20120400
2012-03-15 23:00:00,1661.8,20120600,1661.8,20120600,1659.5,20120400
2012-03-16 23:00:00,1658.1,20120600,1658.1,20120600,1655.8,20120400
2012-03-19 23:00:00,1669.7,20120600,1669.7,20120600,1667.3,20120400
2012-03-20 23:00:00,1649.4,20120600,1649.4,20120600,1647.0,20120400
2012-03-21 23:00:00,1652.7,20120600,1652.7,20120600,1650.3,20120400
2012-03-22 23:00:00,1644.9,20120600,1644.9,20120600,1642.5,20120400
2012-03-23 23:00:00,1664.9,20120600,1664.9,20120600,1662.4,20120400
2012-03-26 23:00:00,1688.2,20120600,1688.2,20120600,1685.6,20120400
2012-03-27 23:00:00,1687.7,20120600,1687.7,20120600,1684.9,20120400
2012-03-28 23:00:00,1660.5,20120600,1660.5,20120600,1657.9,20120400
2012-03-29 23:00:00,1654.9,20120600,1654.9,20120600,1652.2,20120400
2012-03-30 23:00:00,1674.3,20120800,1674.3,20120800,1671.9,20120600
2012-04-02 23:00:00,1682.2,20120800,1682.2,20120800,1679.7,20120600
2012-04-03 23:00:00,1674.4,20120800,1674.4,20120800,1672.0,20120600
2012-04-04 23:00:00,1616.4,20120800,1616.4,20120800,1614.1,20120600
2012-04-05 23:00:00,1632.4,20120800,1632.4,20120800,1630.1,20120600
2012-04-06 23:00:00,1632.4,20120800,1632.4,20120800,1630.1,20120600
2012-04-09 23:00:00,1646.3,20120800,1646.3,20120800,1643.9,20120600
2012-04-10 23:00:00,1663.0,20120800,1663.0,20120800,1660.7,20120600
2012-04-11 23:00:00,1662.6,20120800,1662.6,20120800,1660.3,20120600
2012-04-12 23:00:00,1682.8,20120800,1682.8,20120800,1680.6,20120600
2012-04-13 23:00:00,1662.4,20120800,1662.4,20120800,1660.2,20120600
2012-04-16 23:00:00,1651.9,20120800,1651.9,20120800,1649.7,20120600
2012-04-17 23:00:00,1653.3,20120800,1653.3,20120800,1651.1,20120600
2012-04-18 23:00:00,1641.8,20120800,1641.8,20120800,1639.6,20120600
2012-04-19 23:00:00,1643.6,20120800,1643.6,20120800,1641.4,20120600
2012-04-20 23:00:00,1645.0,20120800,1645.0,20120800,1642.8,20120600
2012-04-23 23:00:00,1634.8,20120800,1634.8,20120800,1632.6,20120600
2012-04-24 23:00:00,1646.0,20120800,1646.0,20120800,1643.8,20120600
2012-04-25 23:00:00,1644.6,20120800,1644.6,20120800,1642.3,20120600
2012-04-26 23:00:00,1662.9,20120800,1662.9,20120800,1660.5,20120600
2012-04-27 23:00:00,1667.2,20120800,1667.2,20120800,1664.8,20120600
2012-04-30 23:00:00,1666.5,20120800,1666.5,20120800,1664.2,20120600
2012-05-01 23:00:00,1664.7,20120800,1664.7,20120800,1662.4,20120600
2012-05-02 23:00:00,1656.3,20120800,1656.3,20120800,1654.0,20120600
2012-05-03 23:00:00,1637.0,20120800,1637.0,20120800,1634.8,20120600
2012-05-04 23:00:00,1647.4,20120800,1647.4,20120800,1645.2,20120600
2012-05-07 23:00:00,1641.4,20120800,1641.4,20120800,1639.1,20120600
2012-05-08 23:00:00,1606.8,20120800,1606.8,20120800,1604.5,20120600
2012-05-09 23:00:00,1596.5,20120800,1596.5,20120800,1594.2,20120600
2012-05-10 23:00:00,1597.8,20120800,1597.8,20120800,1595.5,20120600
2012-05-11 23:00:00,1586.3,20120800,1586.3,20120800,1584.0,20120600
2012-05-14 23:00:00,1563.2,20120800,1563.2,20120800,1561.0,20120600
2012-05-15 23:00:00,1559.3,20120800,1559.3,20120800,1557.1,20120600
2012-05-16 23:00:00,1538.7,20120800,1538.7,20120800,1536.6,20120600
2012-05-17 23:00:00,1577.1,20120800,1577.1,20120800,1574.9,20120600
2012-05-18 23:00:00,1594.2,20120800,1594.2,20120800,1591.9,20120600
2012-05-21 23:00:00,1591.0,20120800,1591.0,20120800,1588.7,20120600
2012-05-22 23:00:00,1578.8,20120800,1578.8,20120800,1576.6,20120600
2012-05-23 23:00:00,1550.6,20120800,1550.6,20120800,1548.4,20120600
2012-05-24 23:00:00,1559.8,20120800,1559.8,20120800,1557.5,20120600
2012-05-25 23:00:00,1571.2,20120800,1571.2,20120800,1568.9,20120600
2012-05-29 23:00:00,1551.0,20120800,1551.0,20120800,1548.7,20120600
2012-05-30 23:00:00,1565.7,20120800,1565.7,20120800,1563.4,20120600
2012-05-31 23:00:00,1566.4,20121000,1566.4,20121000,1564.2,20120800
2012-06-01 23:00:00,1624.3,20121000,1624.3,20121000,1622.1,20120800
2012-06-04 23:00:00,1616.1,20121000,1616.1,20121000,1613.9,20120800
2012-06-05 23:00:00,1619.1,20121000,1619.1,20121000,1616.9,20120800
2012-06-06 23:00:00,1636.4,20121000,1636.4,20121000,1634.2,20120800
2012-06-07 23:00:00,1590.1,20121000,1590.1,20121000,1588.0,20120800
2012-06-08 23:00:00,1593.5,20121000,1593.5,20121000,1591.4,20120800
2012-06-11 23:00:00,1598.9,20121000,1598.9,20121000,1596.8,20120800
2012-06-12 23:00:00,1615.9,20121000,1615.9,20121000,1613.8,20120800
2012-06-13 23:00:00,1621.5,20121000,1621.5,20121000,1619.4,20120800
2012-06-14 23:00:00,1621.7,20121000,1621.7,20121000,1619.6,20120800
2012-06-15 23:00:00,1630.3,20121000,1630.3,20121000,1628.1,20120800
2012-06-18 23:00:00,1629.2,20121000,1629.2,20121000,1627.0,20120800
2012-06-19 23:00:00,1625.4,20121000,1625.4,20121000,1623.2,20120800
2012-06-20 23:00:00,1618.0,20121000,1618.0,20121000,1615.8,20120800
2012-06-21 23:00:00,1567.6,20121000,1567.6,20121000,1565.5,20120800
2012-06-22 23:00:00,1569.0,20121000,1569.0,20121000,1566.9,20120800
2012-06-25 23:00:00,1590.5,20121000,1590.5,20121000,1588.4,20120800
2012-06-26 23:00:00,1577.1,20121000,1577.1,20121000,1574.9,20120800
2012-06-27 23:00:00,1580.6,20121000,1580.6,20121000,1578.4,20120800
2012-06-28 23:00:00,1552.5,20121000,1552.5,20121000,1550.4,20120800
2012-06-29 23:00:00,1606.4,20121000,1606.4,20121000,1604.2,20120800
2012-07-02 23:00:00,1599.9,20121000,1599.9,20121000,1597.7,20120800
2012-07-03 23:00:00,1624.0,20121000,1624.0,20121000,1621.8,20120800
2012-07-05 23:00:00,1611.6,20121000,1611.6,20121000,1609.4,20120800
2012-07-06 23:00:00,1581.1,20121000,1581.1,20121000,1578.9,20120800
2012-07-09 23:00:00,1591.4,20121000,1591.4,20121000,1589.1,20120800
2012-07-10 23:00:00,1582.1,20121000,1582.1,20121000,1579.8,20120800
2012-07-11 23:00:00,1578.1,20121000,1578.1,20121000,1575.7,20120800
2012-07-12 23:00:00,1567.6,20121000,1567.6,20121000,1565.3,20120800
2012-07-13 23:00:00,1594.4,20121000,1594.4,20121000,1592.0,20120800
2012-07-16 23:00:00,1593.9,20121000,1593.9,20121000,1591.6,20120800
2012-07-17 23:00:00,1591.8,20121000,1591.8,20121000,1589.5,20120800
2012-07-18 23:00:00,1573.1,20121000,1573.1,20121000,1570.8,20120800
2012-07-19 23:00:00,1582.7,20121000,1582.7,20121000,1580.4,20120800
2012-07-20 23:00:00,1585.0,20121000,1585.0,20121000,1582.8,20120800
2012-07-23 23:00:00,1579.7,20121000,1579.7,20121000,1577.4,20120800
2012-07-24 23:00:00,1578.5,20121000,1578.5,20121000,1576.2,20120800
2012-07-25 23:00:00,1610.3,20121000,1610.3,20121000,1608.1,20120800
2012-07-26 23:00:00,1617.4,20121000,1617.4,20121000,1615.1,20120800
2012-07-27 23:00:00,1620.3,20121000,1620.3,20121000,1618.0,20120800
2012-07-30 23:00:00,1621.7,20121000,1621.7,20121000,1619.7,20120800
2012-07-31 23:00:00,1614.6,20121200,1614.6,20121200,1612.4,20121000
2012-08-01 23:00:00,1607.3,20121200,1607.3,20121200,1605.1,20121000
2012-08-02 23:00:00,1590.7,20121200,1590.7,20121200,1588.6,20121000
2012-08-03 23:00:00,1609.3,20121200,1609.3,20121200,1607.1,20121000
2012-08-06 23:00:00,1616.2,20121200,1616.2,20121200,1614.1,20121000
2012-08-07 23:00:00,1612.8,20121200,1612.8,20121200,1610.7,20121000
2012-08-08 23:00:00,1616.0,20121200,1616.0,20121200,1613.9,20121000
2012-08-09 23:00:00,1620.2,20121200,1620.2,20121200,1618.1,20121000
2012-08-10 23:00:00,1622.8,20121200,1622.8,20121200,1620.7,20121000
2012-08-13 23:00:00,1612.6,20121200,1612.6,20121200,1610.6,20121000
2012-08-14 23:00:00,1602.4,20121200,1602.4,20121200,1600.4,20121000
2012-08-15 23:00:00,1606.6,20121200,1606.6,20121200,1604.6,20121000
2012-08-16 23:00:00,1619.2,20121200,1619.2,20121200,1617.1,20121000
2012-08-17 23:00:00,1619.4,20121200,1619.4,20121200,1617.3,20121000
2012-08-20 23:00:00,1623.0,20121200,1623.0,20121200,1620.9,20121000
2012-08-21 23:00:00,1642.9,20121200,1642.9,20121200,1640.7,20121000
2012-08-22 23:00:00,1640.5,20121200,1640.5,20121200,1638.3,20121000
2012-08-23 23:00:00,1672.8,20121200,1672.8,20121200,1670.6,20121000
2012-08-24 23:00:00,1672.9,20121200,1672.9,20121200,1670.7,20121000
2012-08-27 23:00:00,1675.6,20121200,1675.6,20121200,1673.3,20121000
2012-08-28 23:00:00,1669.7,20121200,1669.7,20121200,1667.4,20121000
2012-08-29 23:00:00,1663.0,20121200,1663.0,20121200,1660.7,20121000
2012-08-30 23:00:00,1657.1,20121200,1657.1,20121200,1654.8,20121000
2012-08-31 23:00:00,1687.6,20121200,1687.6,20121200,1685.3,20121000
2012-09-04 23:00:00,1696.0,20121200,1696.0,20121200,1693.6,20121000
2012-09-05 23:00:00,1694.0,20121200,1694.0,20121200,1691.6,20121000
2012-09-06 23:00:00,1705.6,20121200,1705.6,20121200,1703.2,20121000
2012-09-07 23:00:00,1740.5,20121200,1740.5,20121200,1738.0,20121000
2012-09-10 23:00:00,1731.8,20121200,1731.8,20121200,1729.2,20121000
2012-09-11 23:00:00,1734.9,20121200,1734.9,20121200,1732.3,20121000
2012-09-12 23:00:00,1733.7,20121200,1733.7,20121200,1731.1,20121000
2012-09-13 23:00:00,1772.1,20121200,1772.1,20121200,1769.5,20121000
2012-09-14 23:00:00,1772.7,20121200,1772.7,20121200,1770.1,20121000
2012-09-17 23:00:00,1770.6,20121200,1770.6,20121200,1768.0,20121000
2012-09-18 23:00:00,1771.2,20121200,1771.2,20121200,1768.7,20121000
2012-09-19 23:00:00,1771.7,20121200,1771.7,20121200,1769.3,20121000
2012-09-20 23:00:00,1770.2,20121200,1770.2,20121200,1767.8,20121000
2012-09-21 23:00:00,1778.0,20121200,1778.0,20121200,1775.6,20121000
2012-09-24 23:00:00,1764.6,20121200,1764.6,20121200,1762.2,20121000
2012-09-25 23:00:00,1766.4,20121200,1766.4,20121200,1763.9,20121000
2012-09-26 23:00:00,1753.6,20121200,1753.6,20121200,1750.7,20121000
2012-09-27 23:00:00,1780.5,20121200,1780.5,20121200,1777.6,20121000
2012-09-28 23:00:00,1773.9,20121200,1773.9,20121200,1771.1,20121000
2012-10-01 23:00:00,1785.5,20130200,1785.5,20130200,1783.3,20121200
2012-10-02 23:00:00,1777.7,20130200,1777.7,20130200,1775.6,20121200
2012-10-03 23:00:00,1781.9,20130200,1781.9,20130200,1779.8,20121200
2012-10-04 23:00:00,1798.6,20130200,1798.6,20130200,1796.5,20121200
2012-10-05 23:00:00,1782.9,20130200,1782.9,20130200,1780.8,20121200
2012-10-08 23:00:00,1777.8,20130200,1777.8,20130200,1775.7,20121200
2012-10-09 23:00:00,1767.1,20130200,1767.1,20130200,1765.0,20121200
2012-10-10 23:00:00,1767.2,20130200,1767.2,20130200,1765.1,20121200
2012-10-11 23:00:00,1772.7,20130200,1772.7,20130200,1770.6,20121200
2012-10-12 23:00:00,1761.8,20130200,1761.8,20130200,1759.7,20121200
2012-10-15 23:00:00,1739.7,20130200,1739.7,20130200,1737.6,20121200
2012-10-16 23:00:00,1748.4,20130200,1748.4,20130200,1746.3,20121200
2012-10-17 23:00:00,1755.2,20130200,1755.2,20130200,1753.0,20121200
2012-10-18 23:00:00,1746.9,20130200,1746.9,20130200,1744.7,20121200
2012-10-19 23:00:00,1726.1,20130200,1726.1,20130200,1724.0,20121200
2012-10-22 23:00:00,1728.4,20130200,1728.4,20130200,1726.3,20121200
2012-10-23 23:00:00,1711.5,20130200,1711.5,20130200,1709.4,20121200
2012-10-24 23:00:00,1703.7,20130200,1703.7,20130200,1701.6,20121200
2012-10-25 23:00:00,1715.0,20130200,1715.0,20130200,1713.0,20121200
2012-10-26 23:00:00,1714.0,20130200,1714.0,20130200,1711.9,20121200
2012-10-29 23:00:00,1710.8,20130200,1710.8,20130200,1708.7,20121200
2012-10-30 23:00:00,1714.3,20130200,1714.3,20130200,1712.1,20121200
2012-10-31 23:00:00,1721.3,20130200,1721.3,20130200,1719.1,20121200
2012-11-01 23:00:00,1717.7,20130200,1717.7,20130200,1715.5,20121200
2012-11-02 23:00:00,1677.3,20130200,1677.3,20130200,1675.2,20121200
2012-11-05 23:00:00,1685.4,20130200,1685.4,20130200,1683.2,20121200
2012-11-06 23:00:00,1717.2,20130200,1717.2,20130200,1715.0,20121200
2012-11-07 23:00:00,1716.2,20130200,1716.2,20130200,1714.0,20121200
2012-11-08 23:00:00,1728.3,20130200,1728.3,20130200,1726.0,20121200
2012-11-09 23:00:00,1733.2,20130200,1733.2,20130200,1730.9,20121200
2012-11-12 23:00:00,1733.2,20130200,1733.2,20130200,1730.9,20121200
2012-11-13 23:00:00,1727.1,20130200,1727.1,20130200,1724.8,20121200
2012-11-14 23:00:00,1732.5,20130200,1732.5,20130200,1730.1,20121200
2012-11-15 23:00:00,1716.1,20130200,1716.1,20130200,1713.8,20121200
2012-11-16 23:00:00,1716.9,20130200,1716.9,20130200,1714.7,20121200
2012-11-19 23:00:00,1736.7,20130200,1736.7,20130200,1734.4,20121200
2012-11-20 23:00:00,1725.9,20130200,1725.9,20130200,1723.6,20121200
2012-11-21 23:00:00,1730.6,20130200,1730.6,20130200,1728.2,20121200
2012-11-23 23:00:00,1753.8,20130200,1753.8,20130200,1751.4,20121200
2012-11-26 23:00:00,1752.0,20130200,1752.0,20130200,1749.6,20121200
2012-11-27 23:00:00,1744.8,20130200,1744.8,20130200,1742.3,20121200
2012-11-28 23:00:00,1718.8,20130200,1718.8,20130200,1716.5,20121200
2012-11-29 23:00:00,1731.6,20130400,1731.6,20130400,1729.5,20130200
2012-11-30 23:00:00,1714.8,20130400,1714.8,20130400,1712.7,20130200
2012-12-03 23:00:00,1723.3,20130400,1723.3,20130400,1721.1,20130200
2012-12-04 23:00:00,1697.9,20130400,1697.9,20130400,1695.8,20130200
2012-12-05 23:00:00,1695.9,20130400,1695.9,20130400,1693.8,20130200
2012-12-06 23:00:00,1703.9,20130400,1703.9,20130400,1701.8,20130200
2012-12-07 23:00:00,1707.6,20130400,1707.6,20130400,1705.5,20130200
2012-12-10 23:00:00,1716.5,20130400,1716.5,20130400,1714.4,20130200
2012-12-11 23:00:00,1711.7,20130400,1711.7,20130400,1709.6,20130200
2012-12-12 23:00:00,1720.0,20130400,1720.0,20130400,1717.9,20130200
2012-12-13 23:00:00,1698.9,20130400,1698.9,20130400,1696.8,20130200
2012-12-14 23:00:00,1699.1,20130400,1699.1,20130400,1697.0,20130200
2012-12-17 23:00:00,1700.3,20130400,1700.3,20130400,1698.2,20130200
2012-12-18 23:00:00,1672.8,20130400,1672.8,20130400,1670.7,20130200
2012-12-19 23:00:00,1669.8,20130400,1669.8,20130400,1667.7,20130200
2012-12-20 23:00:00,1648.0,20130400,1648.0,20130400,1645.9,20130200
2012-12-21 23:00:00,1662.2,20130400,1662.2,20130400,1660.1,20130200
2012-12-24 23:00:00,1661.7,20130400,1661.7,20130400,1659.5,20130200
2012-12-26 23:00:00,1662.9,20130400,1662.9,20130400,1660.7,20130200
2012-12-27 23:00:00,1665.9,20130400,1665.9,20130400,1663.7,20130200
2012-12-28 23:00:00,1658.1,20130400,1658.1,20130400,1655.9,20130200
2012-12-31 23:00:00,1678.0,20130400,1678.0,20130400,1675.8,20130200
2013-01-02 23:00:00,1691.0,20130400,1691.0,20130400,1688.8,20130200
2013-01-03 23:00:00,1676.7,20130400,1676.7,20130400,1674.6,20130200
2013-01-04 23:00:00,1650.9,20130400,1650.9,20130400,1648.9,20130200
2013-01-07 23:00:00,1648.2,20130400,1648.2,20130400,1646.3,20130200
2013-01-08 23:00:00,1664.3,20130400,1664.3,20130400,1662.2,20130200
2013-01-09 23:00:00,1657.7,20130400,1657.7,20130400,1655.5,20130200
2013-01-10 23:00:00,1680.2,20130400,1680.2,20130400,1678.0,20130200
2013-01-11 23:00:00,1662.8,20130400,1662.8,20130400,1660.6,20130200
2013-01-14 23:00:00,1671.6,20130400,1671.6,20130400,1669.4,20130200
2013-01-15 23:00:00,1686.2,20130400,1686.2,20130400,1683.9,20130200
2013-01-16 23:00:00,1685.4,20130400,1685.4,20130400,1683.2,20130200
2013-01-17 23:00:00,1693.0,20130400,1693.0,20130400,1690.8,20130200
2013-01-18 23:00:00,1689.2,20130400,1689.2,20130400,1687.0,20130200
2013-01-22 23:00:00,1695.4,20130400,1695.4,20130400,1693.2,20130200
2013-01-23 23:00:00,1688.9,20130400,1688.9,20130400,1686.7,20130200
2013-01-24 23:00:00,1672.1,20130400,1672.1,20130400,1669.9,20130200
2013-01-25 23:00:00,1658.8,20130400,1658.8,20130400,1656.6,20130200
2013-01-28 23:00:00,1655.0,20130400,1655.0,20130400,1652.9,20130200
2013-01-29 23:00:00,1662.7,20130400,1662.7,20130400,1660.8,20130200
2013-01-30 23:00:00,1683.7,20130600,1683.7,20130600,1681.6,20130400
2013-01-31 23:00:00,1664.1,20130600,1664.1,20130600,1662.0,20130400
2013-02-01 23:00:00,1672.7,20130600,1672.7,20130600,1670.6,20130400
2013-02-04 23:00:00,1678.5,20130600,1678.5,20130600,1676.4,20130400
2013-02-05 23:00:00,1675.6,20130600,1675.6,20130600,1673.5,20130400
2013-02-06 23:00:00,1680.9,20130600,1680.9,20130600,1678.8,20130400
2013-02-07 23:00:00,1673.4,20130600,1673.4,20130600,1671.3,20130400
2013-02-08 23:00:00,1668.9,20130600,1668.9,20130600,1666.9,20130400
2013-02-11 23:00:00,1651.1,20130600,1651.1,20130600,1649.1,20130400
2013-02-12 23:00:00,1651.6,20130600,1651.6,20130600,1649.6,20130400
2013-02-13 23:00:00,1647.0,20130600,1647.0,20130600,1645.1,20130400
2013-02-14 23:00:00,1637.4,20130600,1637.4,20130600,1635.5,20130400
2013-02-15 23:00:00,1611.3,20130600,1611.3,20130600,1609.5,20130400
2013-02-19 23:00:00,1606.0,20130600,1606.0,20130600,1604.2,20130400
2013-02-20 23:00:00,1579.8,20130600,1579.8,20130600,1578.0,20130400
2013-02-21 23:00:00,1580.3,20130600,1580.3,20130600,1578.6,20130400
2013-02-22 23:00:00,1574.5,20130600,1574.5,20130600,1572.8,20130400
2013-02-25 23:00:00,1588.4,20130600,1588.4,20130600,1586.6,20130400
2013-02-26 23:00:00,1617.3,20130600,1617.3,20130600,1615.5,20130400
2013-02-27 23:00:00,1597.4,20130600,1597.4,20130600,1595.7,20130400
2013-02-28 23:00:00,1579.8,20130600,1579.8,20130600,1578.1,20130400
2013-03-01 23:00:00,1574.0,20130600,1574.0,20130600,1572.3,20130400
2013-03-04 23:00:00,1574.2,20130600,1574.2,20130600,1572.4,20130400
2013-03-05 23:00:00,1576.8,20130600,1576.8,20130600,1574.9,20130400
2013-03-06 23:00:00,1576.8,20130600,1576.8,20130600,1574.9,20130400
2013-03-07 23:00:00,1577.1,20130600,1577.1,20130600,1575.1,20130400
2013-03-08 23:00:00,1578.9,20130600,1578.9,20130600,1576.9,20130400
2013-03-11 23:00:00,1580.1,20130600,1580.1,20130600,1578.0,20130400
2013-03-12 23:00:00,1593.8,20130600,1593.8,20130600,1591.7,20130400
2013-03-13 23:00:00,1590.5,20130600,1590.5,20130600,1588.4,20130400
2013-03-14 23:00:00,1592.8,20130600,1592.8,20130600,1590.7,20130400
2013-03-15 23:00:00,1594.7,20130600,1594.7,20130600,1592.6,20130400
2013-03-18 23:00:00,1606.6,20130600,1606.6,20130600,1604.6,20130400
2013-03-19 23:00:00,1613.3,20130600,1613.3,20130600,1611.3,20130400
2013-03-20 23:00:00,1609.4,20130600,1609.4,20130600,1607.5,20130400
2013-03-21 23:00:00,1615.7,20130600,1615.7,20130600,1613.8,20130400
2013-03-22 23:00:00,1608.0,20130600,1608.0,20130600,1606.1,20130400
2013-03-25 23:00:00,1606.5,20130600,1606.5,20130600,1604.5,20130400
2013-03-26 23:00:00,1597.3,20130600,1597.3,20130600,1595.7,20130400
2013-03-27 23:00:00,1607.2,20130600,1607.2,20130600,1606.2,20130400
2013-03-28 23:00:00,1595.7,20130600,1595.7,20130600,1594.8,20130400
2013-04-01 23:00:00,1600.9,20130600,1600.9,20130600,1600.0,20130400
2013-04-02 23:00:00,1577.5,20130800,1577.5,20130800,1575.9,20130600
2013-04-03 23:00:00,1555.1,20130800,1555.1,20130800,1553.5,20130600
2013-04-04 23:00:00,1553.9,20130800,1553.9,20130800,1552.4,20130600
2013-04-05 23:00:00,1577.5,20130800,1577.5,20130800,1575.9,20130600
2013-04-08 23:00:00,1574.1,20130800,1574.1,20130800,1572.5,20130600
2013-04-09 23:00:00,1588.3,20130800,1588.3,20130800,1586.7,20130600
2013-04-10 23:00:00,1560.4,20130800,1560.4,20130800,1558.8,20130600
2013-04-11 23:00:00,1566.5,20130800,1566.5,20130800,1564.9,20130600
2013-04-12 23:00:00,1502.9,20130800,1502.9,20130800,1501.4,20130600
2013-04-15 23:00:00,1362.1,20130800,1362.1,20130800,1361.1,20130600
2013-04-16 23:00:00,1388.5,20130800,1388.5,20130800,1387.4,20130600
2013-04-17 23:00:00,1383.9,20130800,1383.9,20130800,1382.7,20130600
2013-04-18 23:00:00,1393.8,20130800,1393.8,20130800,1392.5,20130600
2013-04-19 23:00:00,1397.0,20130800,1397.0,20130800,1395.6,20130600
2013-04-22 23:00:00,1422.7,20130800,1422.7,20130800,1421.2,20130600
2013-04-23 23:00:00,1410.3,20130800,1410.3,20130800,1408.8,20130600
2013-04-24 23:00:00,1425.3,20130800,1425.3,20130800,1423.7,20130600
2013-04-25 23:00:00,1463.7,20130800,1463.7,20130800,1462.0,20130600
2013-04-26 23:00:00,1455.1,20130800,1455.1,20130800,1453.6,20130600
2013-04-29 23:00:00,1468.9,20130800,1468.9,20130800,1467.4,20130600
2013-04-30 23:00:00,1473.5,20130800,1473.5,20130800,1472.1,20130600
2013-05-01 23:00:00,1447.6,20130800,1447.6,20130800,1446.2,20130600
2013-05-02 23:00:00,1469.1,20130800,1469.1,20130800,1467.6,20130600
2013-05-03 23:00:00,1465.6,20130800,1465.6,20130800,1464.2,20130600
2013-05-06 23:00:00,1469.5,20130800,1469.5,20130800,1468.0,20130600
2013-05-07 23:00:00,1450.4,20130800,1450.4,20130800,1448.8,20130600
2013-05-08 23:00:00,1475.3,20130800,1475.3,20130800,1473.7,20130600
2013-05-09 23:00:00,1470.0,20130800,1470.0,20130800,1468.6,20130600
2013-05-10 23:00:00,1437.9,20130800,1437.9,20130800,1436.6,20130600
2013-05-13 23:00:00,1435.6,20130800,1435.6,20130800,1434.3,20130600
2013-05-14 23:00:00,1425.8,20130800,1425.8,20130800,1424.5,20130600
2013-05-15 23:00:00,1397.5,20130800,1397.5,20130800,1396.2,20130600
2013-05-16 23:00:00,1388.2,20130800,1388.2,20130800,1386.9,20130600
2013-05-17 23:00:00,1366.0,20130800,1366.0,20130800,1364.7,20130600
2013-05-20 23:00:00,1385.4,20130800,1385.4,20130800,1384.1,20130600
2013-05-21 23:00:00,1378.8,20130800,1378.8,20130800,1377.6,20130600
2013-05-22 23:00:00,1368.4,20130800,1368.4,20130800,1367.4,20130600
2013-05-23 23:00:00,1392.8,20130800,1392.8,20130800,1391.8,20130600
2013-05-24 23:00:00,1387.5,20130800,1387.5,20130800,1386.6,20130600
2013-05-28 23:00:00,1379.7,20130800,1379.7,20130800,1378.9,20130600
2013-05-29 23:00:00,1391.8,20130800,1391.8,20130800,1391.3,20130600
2013-05-30 23:00:00,1413.2,20131000,1413.2,20131000,1412.0,20130800
2013-05-31 23:00:00,1394.2,20131000,1394.2,20131000,1393.0,20130800
2013-06-03 23:00:00,1413.2,20131000,1413.2,20131000,1411.9,20130800
2013-06-04 23:00:00,1398.5,20131000,1398.5,20131000,1397.2,20130800
2013-06-05 23:00:00,1399.8,20131000,1399.8,20131000,1398.5,20130800
2013-06-06 23:00:00,1417.1,20131000,1417.1,20131000,1415.8,20130800
2013-06-07 23:00:00,1384.2,20131000,1384.2,20131000,1383.0,20130800
2013-06-10 23:00:00,1387.2,20131000,1387.2,20131000,1386.0,20130800
2013-06-11 23:00:00,1378.2,20131000,1378.2,20131000,1377.0,20130800
2013-06-12 23:00:00,1393.2,20131000,1393.2,20131000,1392.0,20130800
2013-06-13 23:00:00,1379.0,20131000,1379.0,20131000,1377.8,20130800
2013-06-14 23:00:00,1388.8,20131000,1388.8,20131000,1387.6,20130800
2013-06-17 23:00:00,1384.3,20131000,1384.3,20131000,1383.1,20130800
2013-06-18 23:00:00,1368.1,20131000,1368.1,20131000,1366.9,20130800
2013-06-19 23:00:00,1375.2,20131000,1375.2,20131000,1374.0,20130800
2013-06-20 23:00:00,1287.3,20131000,1287.3,20131000,1286.2,20130800
2013-06-21 23:00:00,1293.1,20131000,1293.1,20131000,1292.0,20130800
2013-06-24 23:00:00,1278.2,20131000,1278.2,20131000,1277.1,20130800
2013-06-25 23:00:00,1276.1,20131000,1276.1,20131000,1275.1,20130800
2013-06-26 23:00:00,1230.8,20131000,1230.8,20131000,1229.8,20130800
2013-06-27 23:00:00,1212.7,20131000,1212.7,20131000,1211.6,20130800
2013-06-28 23:00:00,1224.8,20131000,1224.8,20131000,1223.7,20130800
2013-07-01 23:00:00,1256.9,20131000,1256.9,20131000,1255.7,20130800
2013-07-02 23:00:00,1244.6,20131000,1244.6,20131000,1243.4,20130800
2013-07-03 23:00:00,1253.1,20131000,1253.1,20131000,1251.9,20130800
2013-07-05 23:00:00,1213.9,20131000,1213.9,20131000,1212.7,20130800
2013-07-08 23:00:00,1236.1,20131000,1236.1,20131000,1234.9,20130800
2013-07-09 23:00:00,1247.1,20131000,1247.1,20131000,1245.9,20130800
2013-07-10 23:00:00,1248.6,20131000,1248.6,20131000,1247.4,20130800
2013-07-11 23:00:00,1281.0,20131000,1281.0,20131000,1279.9,20130800
2013-07-12 23:00:00,1278.7,20131000,1278.7,20131000,1277.6,20130800
2013-07-15 23:00:00,1284.5,20131000,1284.5,20131000,1283.5,20130800
2013-07-16 23:00:00,1291.2,20131000,1291.2,20131000,1290.4,20130800
2013-07-17 23:00:00,1278.1,20131000,1278.1,20131000,1277.5,20130800
2013-07-18 23:00:00,1284.8,20131000,1284.8,20131000,1284.2,20130800
2013-07-19 23:00:00,1293.4,20131000,1293.4,20131000,1292.9,20130800
2013-07-22 23:00:00,1336.6,20131000,1336.6,20131000,1336.0,20130800
2013-07-23 23:00:00,1334.9,20131000,1334.9,20131000,1334.7,20130800
2013-07-24 23:00:00,1319.8,20131000,1319.8,20131000,1319.5,20130800
2013-07-25 23:00:00,1329.1,20131000,1329.1,20131000,1328.8,20130800
2013-07-26 23:00:00,1321.6,20131000,1321.6,20131000,1321.5,20130800
2013-07-29 23:00:00,1329.0,20131000,1329.0,20131000,1328.4,20130800
2013-07-30 23:00:00,1324.4,20131000,1324.4,20131000,1324.0,20130800
2013-07-31 23:00:00,1313.0,20131200,1313.0,20131200,1312.6,20131000
2013-08-01 23:00:00,1311.2,20131200,1311.2,20131200,1310.8,20131000
2013-08-02 23:00:00,1310.5,20131200,1310.5,20131200,1310.3,20131000
2013-08-05 23:00:00,1302.4,20131200,1302.4,20131200,1302.2,20131000
2013-08-06 23:00:00,1282.5,20131200,1282.5,20131200,1282.6,20131000
2013-08-07 23:00:00,1285.3,20131200,1285.3,20131200,1285.5,20131000
2013-08-08 23:00:00,1309.9,20131200,1309.9,20131200,1310.1,20131000
2013-08-09 23:00:00,1312.2,20131200,1312.2,20131200,1312.3,20131000
2013-08-12 23:00:00,1334.2,20131200,1334.2,20131200,1334.3,20131000
2013-08-13 23:00:00,1320.5,20131200,1320.5,20131200,1320.6,20131000
2013-08-14 23:00:00,1333.4,20131200,1333.4,20131200,1333.6,20131000
2013-08-15 23:00:00,1360.9,20131200,1360.9,20131200,1361.1,20131000
2013-08-16 23:00:00,1371.0,20131200,1371.0,20131200,1371.0,20131000
2013-08-19 23:00:00,1365.7,20131200,1365.7,20131200,1365.7,20131000
2013-08-20 23:00:00,1372.6,20131200,1372.6,20131200,1372.6,20131000
2013-08-21 23:00:00,1370.1,20131200,1370.1,20131200,1370.1,20131000
2013-08-22 23:00:00,1370.8,20131200,1370.8,20131200,1370.7,20131000
2013-08-23 23:00:00,1395.8,20131200,1395.8,20131200,1395.6,20131000
2013-08-26 23:00:00,1393.1,20131200,1393.1,20131200,1393.0,20131000
2013-08-27 23:00:00,1420.2,20131200,1420.2,20131200,1420.0,20131000
2013-08-28 23:00:00,1418.8,20131200,1418.8,20131200,1418.5,20131000
2013-08-29 23:00:00,1412.9,20131200,1412.9,20131200,1412.6,20131000
2013-08-30 23:00:00,1396.1,20131200,1396.1,20131200,1395.8,20131000
2013-09-03 23:00:00,1412.0,20131200,1412.0,20131200,1411.7,20131000
2013-09-04 23:00:00,1390.0,20131200,1390.0,20131200,1389.6,20131000
2013-09-05 23:00:00,1373.0,20131200,1373.0,20131200,1372.6,20131000
2013-09-06 23:00:00,1386.5,20131200,1386.5,20131200,1386.2,20131000
2013-09-09 23:00:00,1386.7,20131200,1386.7,20131200,1386.4,20131000
2013-09-10 23:00:00,1364.0,20131200,1364.0,20131200,1363.7,20131000
2013-09-11 23:00:00,1363.8,20131200,1363.8,20131200,1363.5,20131000
2013-09-12 23:00:00,1330.6,20131200,1330.6,20131200,1330.3,20131000
2013-09-13 23:00:00,1308.6,20131200,1308.6,20131200,1308.4,20131000
2013-09-16 23:00:00,1317.8,20131200,1317.8,20131200,1317.8,20131000
2013-09-17 23:00:00,1309.4,20131200,1309.4,20131200,1309.4,20131000
2013-09-18 23:00:00,1307.6,20131200,1307.6,20131200,1307.7,20131000
2013-09-19 23:00:00,1369.3,20131200,1369.3,20131200,1369.5,20131000
2013-09-20 23:00:00,1332.5,20131200,1332.5,20131200,1332.6,20131000
2013-09-23 23:00:00,1327.0,20131200,1327.0,20131200,1327.0,20131000
2013-09-24 23:00:00,1316.3,20131200,1316.3,20131200,1316.0,20131000
2013-09-25 23:00:00,1336.2,20131200,1336.2,20131200,1335.9,20131000
2013-09-26 23:00:00,1324.1,20131200,1324.1,20131200,1323.6,20131000
2013-09-27 23:00:00,1339.2,20131200,1339.2,20131200,1338.4,20131000
2013-09-30 23:00:00,1330.7,20140200,1330.7,20140200,1328.2,20131200
2013-10-01 23:00:00,1291.6,20140200,1291.6,20140200,1290.2,20131200
2013-10-02 23:00:00,1317.8,20140200,1317.8,20140200,1316.3,20131200
2013-10-03 23:00:00,1317.9,20140200,1317.9,20140200,1317.5,20131200
2013-10-04 23:00:00,1311.3,20140200,1311.3,20140200,1310.8,20131200
2013-10-07 16:12:37,1325.0192307692307,20140200,1325.0192307692307,20140200,1310.8,20131200
2013-10-07 16:13:40,1325.0192307692307,20140200,1325.0192307692307,20140200,1324.4,20131200
2013-10-07 23:00:00,1323.3,20140200,1323.3,20140200,1322.6,20131200
2013-10-08 15:04:45,1328.715384615385,20140200,1328.715384615385,20140200,1322.6,20131200
2013-10-08 15:05:48,1328.715384615385,20140200,1328.715384615385,20140200,1327.496153846154,20131200
2013-10-08 15:53:02,1328.8416666666667,20140200,1328.8416666666667,20140200,1327.496153846154,20131200
2013-10-08 15:54:07,1328.8416666666667,20140200,1328.8416666666667,20140200,1327.9125,20131200
2013-10-08 23:00:00,1319.5,20140200,1319.5,20140200,1319.7,20131200
2013-10-09 23:00:00,1306.3,20140200,1306.3,20140200,1306.3,20131200
2013-10-10 15:09:30,1302.2384615384617,20140200,1302.2384615384617,20140200,1306.3,20131200
2013-10-10 15:10:33,1302.2384615384617,20140200,1302.2384615384617,20140200,1301.5269230769231,20131200
2013-10-10 23:00:00,1288.3,20140200,1288.3,20140200,1287.4,20131200
2013-10-11 23:00:00,1269.8,20140200,1269.8,20140200,1270.0,20131200
2013-10-13 15:09:54,1269.8,20140200,1269.8,20140200,1270.0,20131200
2013-10-13 15:11:02,1269.8,20140200,1269.8,20140200,1270.0,20131200
2013-10-14 07:10:06,1273.7269230769232,20140200,1273.7269230769232,20140200,1270.0,20131200
2013-10-14 07:11:11,1273.7269230769232,20140200,1273.7269230769232,20140200,1273.1115384615384,20131200
2013-10-14 23:00:00,1273.4,20140200,1273.4,20140200,1272.3,20131200
2013-10-15 08:24:26,1272.0958333333333,20140200,1272.0958333333333,20140200,1272.3,20131200
2013-10-15 08:25:31,1272.0958333333333,20140200,1272.0958333333333,20140200,1271.996153846154,20131200
2013-10-15 12:11:06,1254.2583333333334,20140200,1254.2583333333334,20140200,1271.996153846154,20131200
2013-10-15 12:12:13,1254.2583333333334,20140200,1254.2583333333334,20140200,1254.453846153846,20131200
2013-10-15 15:17:41,1272.4041666666667,20140200,1272.4041666666667,20140200,1254.453846153846,20131200
2013-10-15 15:18:48,1272.4041666666667,20140200,1272.4041666666667,20140200,1272.4807692307693,20131200
2013-10-15 21:45:31,1283.1884615384615,20140200,1283.1884615384615,20140200,1272.4807692307693,20131200
2013-10-15 21:46:37,1283.1884615384615,20140200,1283.1884615384615,20140200,1283.1961538461535,20131200
2013-10-15 23:00:00,1281.6,20140200,1281.6,20140200,1281.1,20131200
2013-10-16 07:04:35,1281.3923076923074,20140200,1281.3923076923074,20140200,1281.1,20131200
2013-10-16 07:05:42,1281.3923076923074,20140200,1281.3923076923074,20140200,1280.7875,20131200
2013-10-16 10:33:46,1278.5916666666665,20140200,1278.5916666666665,20140200,1280.7875,20131200
2013-10-16 10:34:53,1278.5916666666665,20140200,1278.5916666666665,20140200,1278.1384615384616,20131200
2013-10-16 15:25:25,1273.896153846154,20140200,1273.896153846154,20140200,1278.1384615384616,20131200
2013-10-16 15:26:32,1273.896153846154,20140200,1273.896153846154,20140200,1273.1384615384616,20131200
2013-10-16 23:00:00,1280.1,20140200,1280.1,20140200,1279.3,20131200
2013-10-17 23:00:00,1320.5,20140200,1320.5,20140200,1319.3,20131200
2013-10-18 01:57:14,1319.1269230769228,20140200,1319.1269230769228,20140200,1319.3,20131200
2013-10-18 01:58:20,1319.1269230769228,20140200,1319.1269230769228,20140200,1318.5807692307692,20131200
2013-10-18 23:00:00,1314.7,20140200,1314.7,20140200,1314.4,20131200
2013-10-21 12:24:13,1317.85,20140200,1317.85,20140200,1314.4,20131200
2013-10-21 12:25:22,1317.85,20140200,1317.85,20140200,1317.15,20131200
2013-10-21 23:00:00,1315.7,20140200,1315.7,20140200,1315.6,20131200
2013-10-22 15:39:11,1338.4666666666667,20140200,1338.4666666666667,20140200,1315.6,20131200
2013-10-22 15:40:21,1338.4666666666667,20140200,1338.4666666666667,20140200,1337.5375,20131200
2013-10-22 23:00:00,1341.3,20140200,1341.3,20140200,1340.1,20131200
2013-10-23 23:00:00,1333.9,20140200,1333.9,20140200,1333.4,20131200
2013-10-24 07:28:56,1337.0,20140200,1337.0,20140200,1333.4,20131200
2013-10-24 07:30:06,1337.0,20140200,1337.0,20140200,1336.6192307692304,20131200
2013-10-24 18:04:40,1351.103846153846,20140200,1351.103846153846,20140200,1336.6192307692304,20131200
2013-10-24 18:05:50,1351.103846153846,20140200,1351.103846153846,20140200,1350.5269230769231,20131200
2013-10-24 23:00:00,1346.4,20140200,1346.4,20140200,1345.9,20131200
2013-10-25 18:04:36,1353.6115384615384,20140200,1353.6115384615384,20140200,1345.9,20131200
2013-10-25 18:05:45,1353.6115384615384,20140200,1353.6115384615384,20140200,1353.396153846154,20131200
2013-10-25 23:00:00,1352.6,20140200,1352.6,20140200,1351.6,20131200
2013-10-28 18:04:38,1354.7692307692307,20140200,1354.7692307692307,20140200,1351.6,20131200
2013-10-28 18:05:47,1354.7692307692307,20140200,1354.7692307692307,20140200,1353.8038461538465,20131200
2013-10-28 23:00:00,1355.1,20140200,1355.1,20140200,1352.9,20131200
2013-10-29 18:04:38,1346.9923076923078,20140200,1346.9923076923078,20140200,1352.9,20131200
2013-10-29 18:05:48,1346.9923076923078,20140200,1346.9923076923078,20140200,1346.35,20131200
2013-10-29 23:00:00,1345.5,20140200,1345.5,20140200,1344.6,20131200
2013-10-30 18:04:37,1344.8115384615385,20140200,1344.8115384615385,20140200,1344.6,20131200
2013-10-30 18:05:46,1344.8115384615385,20140200,1344.8115384615385,20140200,1345.4692307692308,20131200
2013-10-30 23:00:00,1343.6,20140200,1343.6,20140200,1342.6,20131200
2013-10-31 18:04:36,1323.9,20140200,1323.9,20140200,1342.6,20131200
2013-10-31 18:05:45,1323.9,20140200,1323.9,20140200,1323.1884615384615,20131200
2013-10-31 23:00:00,1324.2,20140200,1324.2,20140200,1323.5,20131200
2013-11-01 18:04:37,1314.676923076923,20140200,1314.676923076923,20140200,1323.5,20131200
2013-11-01 18:05:46,1314.676923076923,20140200,1314.676923076923,20140200,1313.9846153846154,20131200
2013-11-01 23:00:00,1316.0,20140200,1316.0,20140200,1315.3,20131200
2013-11-04 18:04:38,1318.2346153846154,20140200,1318.2346153846154,20140200,1315.3,20131200
2013-11-04 18:05:48,1318.2346153846154,20140200,1318.2346153846154,20140200,1317.2999999999995,20131200
2013-11-04 23:00:00,1314.8,20140200,1314.8,20140200,1314.0,20131200
2013-11-05 18:04:39,1309.6961538461535,20140200,1309.6961538461535,20140200,1314.0,20131200
2013-11-05 18:05:47,1309.6961538461535,20140200,1309.6961538461535,20140200,1308.7230769230769,20131200
2013-11-05 23:00:00,1311.4,20140200,1311.4,20140200,1310.8,20131200
2013-11-06 18:04:38,1317.930769230769,20140200,1317.930769230769,20140200,1310.8,20131200
2013-11-06 18:05:47,1317.930769230769,20140200,1317.930769230769,20140200,1317.1961538461535,20131200
2013-11-06 23:00:00,1318.8,20140200,1318.8,20140200,1317.5,20131200
2013-11-07 18:04:40,1307.7076923076925,20140200,1307.7076923076925,20140200,1317.5,20131200
2013-11-07 18:05:50,1307.7076923076925,20140200,1307.7076923076925,20140200,1306.9923076923071,20131200
2013-11-07 23:00:00,1307.4,20140200,1307.4,20140200,1307.0,20131200
2013-11-08 18:04:39,1285.2076923076925,20140200,1285.2076923076925,20140200,1307.0,20131200
2013-11-08 18:05:48,1285.2076923076925,20140200,1285.2076923076925,20140200,1284.3038461538465,20131200
2013-11-08 23:00:00,1287.9,20140200,1287.9,20140200,1287.4,20131200
2013-11-11 18:04:42,1282.2730769230768,20140200,1282.2730769230768,20140200,1287.4,20131200
2013-11-11 18:05:51,1282.2730769230768,20140200,1282.2730769230768,20140200,1281.2958333333331,20131200
2013-11-11 23:00:00,1283.8,20140200,1283.8,20140200,1283.0,20131200
2013-11-12 18:04:39,1275.930769230769,20140200,1275.930769230769,20140200,1283.0,20131200
2013-11-12 18:05:48,1275.930769230769,20140200,1275.930769230769,20140200,1274.496153846154,20131200
2013-11-12 23:00:00,1269.0,20140200,1269.0,20140200,1268.2,20131200
2013-11-13 18:04:44,1271.9192307692308,20140200,1271.9192307692308,20140200,1268.2,20131200
2013-11-13 18:05:54,1271.9192307692308,20140200,1271.9192307692308,20140200,1270.1576923076923,20131200
2013-11-13 23:00:00,1274.3,20140200,1274.3,20140200,1272.7,20131200
2013-11-14 18:04:49,1287.7730769230768,20140200,1287.7730769230768,20140200,1272.7,20131200
2013-11-14 18:05:59,1287.7730769230768,20140200,1287.7730769230768,20140200,1286.85,20131200
2013-11-14 23:00:00,1288.3,20140200,1288.3,20140200,1287.3,20131200
2013-11-15 18:04:40,1289.246153846154,20140200,1289.246153846154,20140200,1287.3,20131200
2013-11-15 18:05:49,1289.246153846154,20140200,1289.246153846154,20140200,1288.3038461538465,20131200
2013-11-15 23:00:00,1287.9,20140200,1287.9,20140200,1287.5,20131200
2013-11-18 20:10:09,1272.3346153846153,20140200,1272.3346153846153,20140200,1287.5,20131200
2013-11-18 20:11:18,1272.3346153846153,20140200,1272.3346153846153,20140200,1271.2346153846154,20131200
2013-11-18 23:00:00,1274.3,20140200,1274.3,20140200,1272.9,20131200
2013-11-19 18:04:42,1274.319230769231,20140200,1274.319230769231,20140200,1272.9,20131200
2013-11-19 18:05:51,1274.319230769231,20140200,1274.319230769231,20140200,1273.2653846153846,20131200
2013-11-19 23:00:00,1275.5,20140200,1275.5,20140200,1273.5,20131200
2013-11-20 17:01:47,1262.7375,20140200,1262.7375,20140200,1273.5,20131200
2013-11-20 17:02:11,1262.7375,20140200,1262.7375,20140200,1261.5666666666666,20131200
2013-11-20 23:00:00,1245.4,20140200,1245.4,20140200,1243.5,20131200
2013-11-21 23:00:00,1242.8,20140200,1242.8,20140200,1242.3,20131200
2013-11-22 17:01:50,1246.4,20140200,1246.4,20140200,1242.3,20131200
2013-11-22 17:02:17,1246.4,20140200,1246.4,20140200,1245.85,20131200
2013-11-22 23:00:00,1243.1,20140200,1243.1,20140200,1242.7,20131200
2013-11-25 17:01:44,1240.175,20140200,1240.175,20140200,1242.7,20131200
2013-11-25 17:02:09,1240.175,20140200,1240.175,20140200,1239.85,20131200
2013-11-25 23:00:00,1248.7,20140200,1248.7,20140200,1248.3,20131200
2013-11-26 17:01:41,1242.4,20140200,1242.4,20140200,1248.3,20131200
2013-11-26 17:02:05,1242.4,20140200,1242.4,20140200,1242.5,20131200
2013-11-26 23:00:00,1241.8,20140200,1241.8,20140200,1241.6,20131200
2013-11-27 23:00:00,1238.0,20140200,1238.0,20140200,1238.1,20131200
2013-11-28 17:01:47,1238.0,20140400,1238.0,20140400,1243.75,20140200
2013-11-29 17:01:44,1238.0,20140400,1238.0,20140400,1251.4125,20140200
2013-11-29 23:00:00,1251.3,20140400,1251.3,20140400,1250.4,20140200
2013-12-02 17:01:42,1251.3,20140400,1251.3,20140400,1225.8249999999996,20140200
2013-12-02 23:00:00,1219.0,20140400,1219.0,20140400,1218.2,20140200
2013-12-03 17:02:03,1219.0,20140400,1219.0,20140400,1222.025,20140200
2013-12-03 23:00:00,1222.3,20140400,1222.3,20140400,1222.1,20140200
2013-12-04 23:00:00,1244.0,20140400,1244.0,20140400,1242.8,20140200
2013-12-05 17:02:15,1244.0,20140400,1244.0,20140400,1231.2375,20140200
2013-12-05 23:00:00,1226.5,20140400,1226.5,20140400,1225.8,20140200
2013-12-06 17:05:06,1226.5,20140400,1226.5,20140400,1232.3,20140200
2013-12-06 23:00:00,1229.5,20140400,1229.5,20140400,1228.1,20140200
2013-12-09 23:00:00,1240.6,20140400,1240.6,20140400,1240.2,20140200
2013-12-10 09:51:14,1240.6,20140400,1240.6,20140400,1243.075,20140200
2013-12-10 17:01:45,1240.6,20140400,1240.6,20140400,1261.1125,20140200
2013-12-10 23:00:00,1264.1,20140400,1264.1,20140400,1262.4,20140200
2013-12-11 17:02:35,1260.5625,20140400,1260.5625,20140400,1262.4,20140200
2013-12-11 17:03:49,1260.5625,20140400,1260.5625,20140400,1260.175,20140200
2013-12-11 23:00:00,1253.2,20140400,1253.2,20140400,1252.6,20140200
2013-12-12 17:01:49,1227.7,20140400,1227.7,20140400,1252.6,20140200
2013-12-12 17:02:39,1227.7,20140400,1227.7,20140400,1227.2375,20140200
2013-12-12 23:00:00,1226.6,20140400,1226.6,20140400,1225.8,20140200
2013-12-13 17:01:44,1236.675,20140400,1236.675,20140400,1225.8,20140200
2013-12-13 17:02:32,1236.675,20140400,1236.675,20140400,1236.175,20140200
2013-12-13 23:00:00,1238.7,20140400,1238.7,20140400,1237.2,20140200
2013-12-16 17:01:44,1248.8375,20140400,1248.8375,20140400,1237.2,20140200
2013-12-16 17:02:34,1248.8375,20140400,1248.8375,20140400,1248.25,20140200
2013-12-16 23:00:00,1240.8,20140400,1240.8,20140400,1240.1,20140200
2013-12-17 17:01:48,1230.8375,20140400,1230.8375,20140400,1240.1,20140200
2013-12-17 17:02:39,1230.8375,20140400,1230.8375,20140400,1230.4,20140200
2013-12-17 23:00:00,1231.3,20140400,1231.3,20140400,1229.4,20140200
2013-12-18 17:01:46,1229.0833333333333,20140400,1229.0833333333333,20140400,1229.4,20140200
2013-12-18 17:02:36,1229.0833333333333,20140400,1229.0833333333333,20140400,1229.0,20140200
2013-12-18 23:00:00,1220.2,20140400,1220.2,20140400,1219.0,20140200
2013-12-19 17:01:49,1198.45,20140400,1198.45,20140400,1219.0,20140200
2013-12-19 17:02:39,1198.45,20140400,1198.45,20140400,1197.7875,20140200
2013-12-19 23:00:00,1190.9,20140400,1190.9,20140400,1190.1,20140200
2013-12-20 17:01:44,1205.3375,20140400,1205.3375,20140400,1190.1,20140200
2013-12-20 17:02:32,1205.3375,20140400,1205.3375,20140400,1204.5375,20140200
2013-12-20 23:00:00,1201.9,20140400,1201.9,20140400,1201.5,20140200
2013-12-23 17:01:45,1200.2,20140400,1200.2,20140400,1201.5,20140200
2013-12-23 17:02:33,1200.2,20140400,1200.2,20140400,1199.55,20140200
2013-12-23 23:00:00,1199.0,20140400,1199.0,20140400,1198.0,20140200
2013-12-24 17:01:43,1203.25,20140400,1203.25,20140400,1198.0,20140200
2013-12-24 17:02:31,1203.25,20140400,1203.25,20140400,1202.6,20140200
2013-12-24 23:00:00,1204.0,20140400,1204.0,20140400,1203.3,20140200
2013-12-25 17:01:43,1204.0,20140400,1204.0,20140400,1203.3,20140200
2013-12-25 17:02:32,1204.0,20140400,1204.0,20140400,1203.3,20140200
2013-12-26 17:01:43,1211.6,20140400,1211.6,20140400,1203.3,20140200
2013-12-26 17:02:32,1211.6,20140400,1211.6,20140400,1210.9,20140200
2013-12-26 23:00:00,1210.0,20140400,1210.0,20140400,1209.7,20140200
2013-12-27 17:01:42,1214.6999999999996,20140400,1214.6999999999996,20140400,1209.7,20140200
2013-12-27 17:02:30,1214.6999999999996,20140400,1214.6999999999996,20140400,1213.05,20140200
2013-12-27 23:00:00,1214.5,20140400,1214.5,20140400,1213.7,20140200
2013-12-30 17:01:44,1205.7,20140400,1205.7,20140400,1213.7,20140200
2013-12-30 17:02:34,1205.7,20140400,1205.7,20140400,1204.775,20140200
2013-12-30 23:00:00,1197.4,20140400,1197.4,20140400,1196.0,20140200
2013-12-31 17:01:44,1206.6875,20140400,1206.6875,20140400,1196.0,20140200
2013-12-31 17:02:33,1206.6875,20140400,1206.6875,20140400,1205.825,20140200
2013-12-31 23:00:00,1204.3,20140400,1204.3,20140400,1203.6,20140200
2014-01-01 17:01:42,1204.3,20140400,1204.3,20140400,1203.6,20140200
2014-01-01 17:02:33,1204.3,20140400,1204.3,20140400,1203.6,20140200
2014-01-02 17:01:43,1225.2125,20140400,1225.2125,20140400,1203.6,20140200
2014-01-02 17:02:32,1225.2125,20140400,1225.2125,20140400,1224.6125,20140200
2014-01-02 23:00:00,1222.8,20140400,1222.8,20140400,1223.8,20140200
2014-01-03 17:01:45,1237.1750000000004,20140400,1237.1750000000004,20140400,1223.8,20140200
2014-01-03 17:02:34,1237.1750000000004,20140400,1237.1750000000004,20140400,1236.7,20140200
2014-01-03 23:00:00,1237.6,20140400,1237.6,20140400,1236.4,20140200
2014-01-06 17:01:46,1241.05,20140400,1241.05,20140400,1236.4,20140200
2014-01-06 17:02:36,1241.05,20140400,1241.05,20140400,1239.9666666666667,20140200
2014-01-06 23:00:00,1239.0,20140400,1239.0,20140400,1238.6,20140200
2014-01-07 17:01:49,1226.5125,20140400,1226.5125,20140400,1238.6,20140200
2014-01-07 17:02:40,1226.5125,20140400,1226.5125,20140400,1226.075,20140200
2014-01-07 23:00:00,1232.3,20140400,1232.3,20140400,1231.3,20140200
2014-01-08 17:01:49,1221.1375,20140400,1221.1375,20140400,1231.3,20140200
2014-01-08 17:02:40,1221.1375,20140400,1221.1375,20140400,1220.1375,20140200
2014-01-08 23:00:00,1225.1,20140400,1225.1,20140400,1224.3,20140200
2014-01-09 23:00:00,1228.0,20140400,1228.0,20140400,1227.7,20140200
2014-01-10 23:00:00,1246.9,20140400,1246.9,20140400,1246.6,20140200
2014-01-13 23:00:00,1255.0,20140400,1255.0,20140400,1254.4,20140200
2014-01-14 17:01:49,1244.4375,20140400,1244.4375,20140400,1254.4,20140200
2014-01-14 17:02:39,1244.4375,20140400,1244.4375,20140400,1243.6750000000004,20140200
2014-01-14 23:00:00,1243.4,20140400,1243.4,20140400,1242.9,20140200
2014-01-15 17:01:43,1239.6875,20140400,1239.6875,20140400,1242.9,20140200
2014-01-15 17:02:33,1239.6875,20140400,1239.6875,20140400,1239.2875,20140200
2014-01-15 23:00:00,1241.4,20140400,1241.4,20140400,1240.4,20140200
2014-01-16 17:01:42,1242.4125,20140400,1242.4125,20140400,1240.4,20140200
2014-01-16 17:02:31,1242.4125,20140400,1242.4125,20140400,1242.0,20140200
2014-01-16 23:00:00,1242.5,20140400,1242.5,20140400,1242.0,20140200
2014-01-17 17:01:44,1254.0749999999996,20140400,1254.0749999999996,20140400,1242.0,20140200
2014-01-17 17:02:32,1254.0749999999996,20140400,1254.0749999999996,20140400,1253.5125,20140200
2014-01-17 23:00:00,1254.0,20140400,1254.0,20140400,1253.5,20140200
2014-01-21 17:01:46,1241.7625,20140400,1241.7625,20140400,1253.5,20140200
2014-01-21 17:02:38,1241.7625,20140400,1241.7625,20140400,1241.3625,20140200
2014-01-21 23:00:00,1241.6,20140400,1241.6,20140400,1241.0,20140200
2014-01-22 17:01:46,1239.65,20140400,1239.65,20140400,1241.0,20140200
2014-01-22 17:02:38,1239.65,20140400,1239.65,20140400,1239.4875,20140200
2014-01-22 23:00:00,1235.9,20140400,1235.9,20140400,1236.0,20140200
2014-01-23 17:01:47,1260.9375,20140400,1260.9375,20140400,1236.0,20140200
2014-01-23 17:02:39,1260.9375,20140400,1260.9375,20140400,1260.5749999999996,20140200
2014-01-23 23:00:00,1261.9,20140400,1261.9,20140400,1262.7,20140200
2014-01-24 17:01:47,1261.8875,20140400,1261.8875,20140400,1262.7,20140200
2014-01-24 17:02:38,1261.8875,20140400,1261.8875,20140400,1261.8625,20140200
2014-01-24 23:00:00,1268.6,20140400,1268.6,20140400,1268.3,20140200
2014-01-27 17:01:49,1263.2875,20140400,1263.2875,20140400,1268.3,20140200
2014-01-27 17:02:39,1263.2875,20140400,1263.2875,20140400,1263.325,20140200
2014-01-27 23:00:00,1254.3,20140400,1254.3,20140400,1254.3,20140200
2014-01-28 23:00:00,1254.0,20140400,1254.0,20140400,1254.4,20140200
2014-01-29 23:00:00,1269.9,20140400,1269.9,20140400,1269.9,20140200
2014-01-30 17:01:54,1269.9,20140600,1269.9,20140600,1244.2125,20140400
2014-01-30 17:02:21,1244.7,20140600,1244.7,20140600,1244.2125,20140400
2014-01-30 23:00:00,1244.1,20140600,1244.1,20140600,1242.2,20140400
2014-01-31 23:00:00,1244.9,20140600,1244.9,20140600,1244.7,20140400
2014-02-03 16:13:53,1244.9,20140600,1244.9,20140600,1263.575,20140400
2014-02-03 16:14:23,1264.15,20140600,1264.15,20140600,1263.575,20140400
2014-02-03 17:14:59,1264.15,20140600,1264.15,20140600,1261.3375,20140400
2014-02-03 17:15:28,1261.6125,20140600,1261.6125,20140600,1261.3375,20140400
2014-02-03 18:17:07,1261.6125,20140600,1261.6125,20140600,1258.925,20140400
2014-02-03 18:17:43,1259.225,20140600,1259.225,20140600,1258.925,20140400
2014-02-03 23:00:00,1258.0,20140600,1258.0,20140600,1258.0,20140400
2014-02-04 23:00:00,1255.2,20140600,1255.2,20140600,1254.5,20140400
2014-02-05 14:04:17,1255.2,20140600,1255.2,20140600,1265.4125,20140400
2014-02-05 14:04:58,1265.975,20140600,1265.975,20140600,1265.4125,20140400
2014-02-05 15:06:24,1265.975,20140600,1265.975,20140600,1254.4375,20140400
2014-02-05 15:06:50,1255.1125000000004,20140600,1255.1125000000004,20140600,1254.4375,20140400
2014-02-05 16:10:24,1255.1125000000004,20140600,1255.1125000000004,20140600,1262.1125,20140400
2014-02-05 16:10:53,1262.3125,20140600,1262.3125,20140600,1262.1125,20140400
2014-02-05 23:00:00,1258.1,20140600,1258.1,20140600,1257.6,20140400
2014-02-06 13:02:54,1258.1,20140600,1258.1,20140600,1262.5,20140400
2014-02-06 13:03:30,1262.7875,20140600,1262.7875,20140600,1262.5,20140400
2014-02-06 14:11:04,1262.7875,20140600,1262.7875,20140600,1260.95,20140400
2014-02-06 14:11:42,1261.3,20140600,1261.3,20140600,1260.95,20140400
2014-02-06 23:00:00,1257.4,20140600,1257.4,20140600,1256.9,20140400
2014-02-07 13:02:07,1257.4,20140600,1257.4,20140600,1262.275,20140400
2014-02-07 13:02:40,1262.7833333333333,20140600,1262.7833333333333,20140600,1262.275,20140400
2014-02-07 15:36:56,1262.7833333333333,20140600,1262.7833333333333,20140600,1264.9333333333334,20140400
2014-02-07 15:37:27,1265.0125,20140600,1265.0125,20140600,1264.9333333333334,20140400
2014-02-07 16:38:17,1265.0125,20140600,1265.0125,20140600,1262.325,20140400
2014-02-07 16:38:52,1262.6166666666668,20140600,1262.6166666666668,20140600,1262.325,20140400
2014-02-07 23:00:00,1266.9,20140600,1266.9,20140600,1267.0,20140400
2014-02-10 13:02:22,1266.9,20140600,1266.9,20140600,1274.35,20140400
2014-02-10 13:02:58,1275.1125,20140600,1275.1125,20140600,1274.35,20140400
2014-02-10 14:27:54,1275.1125,20140600,1275.1125,20140600,1273.1625,20140400
2014-02-10 14:28:27,1273.55,20140600,1273.55,20140600,1273.1625,20140400
2014-02-10 15:37:07,1273.55,20140600,1273.55,20140600,1274.725,20140400
2014-02-10 15:37:34,1275.1125,20140600,1275.1125,20140600,1274.725,20140400
2014-02-10 16:43:30,1275.1125,20140600,1275.1125,20140600,1274.8875,20140400
2014-02-10 16:44:08,1275.15,20140600,1275.15,20140600,1274.8875,20140400
2014-02-10 23:00:00,1273.6,20140600,1273.6,20140600,1274.6,20140400
2014-02-11 13:02:29,1273.6,20140600,1273.6,20140600,1287.525,20140400
2014-02-11 13:02:58,1287.6,20140600,1287.6,20140600,1287.525,20140400
2014-02-11 14:09:33,1287.6,20140600,1287.6,20140600,1278.75,20140400
2014-02-11 14:10:03,1278.1,20140600,1278.1,20140600,1278.75,20140400
2014-02-11 15:12:15,1278.1,20140600,1278.1,20140600,1285.2125,20140400
2014-02-11 15:12:42,1285.5875,20140600,1285.5875,20140600,1285.2125,20140400
2014-02-11 16:17:17,1285.5875,20140600,1285.5875,20140600,1288.6375,20140400
2014-02-11 16:17:48,1289.075,20140600,1289.075,20140600,1288.6375,20140400
2014-02-11 23:00:00,1290.4,20140600,1290.4,20140600,1289.9,20140400
2014-02-12 13:06:39,1290.4,20140600,1290.4,20140600,1289.4,20140400
2014-02-12 13:07:09,1289.4875,20140600,1289.4875,20140600,1289.4,20140400
2014-02-12 14:11:57,1289.4875,20140600,1289.4875,20140600,1289.725,20140400
2014-02-12 14:12:28,1289.9,20140600,1289.9,20140600,1289.725,20140400
2014-02-12 15:36:47,1289.9,20140600,1289.9,20140600,1293.85,20140400
2014-02-12 15:37:12,1294.05,20140600,1294.05,20140600,1293.85,20140400
2014-02-12 16:39:21,1294.05,20140600,1294.05,20140600,1292.8,20140400
2014-02-12 16:39:48,1292.875,20140600,1292.875,20140600,1292.8,20140400
2014-02-12 23:00:00,1290.7,20140600,1290.7,20140600,1290.6,20140400
2014-02-13 13:02:29,1290.7,20140600,1290.7,20140600,1292.125,20140400
2014-02-13 13:03:06,1292.2833333333333,20140600,1292.2833333333333,20140600,1292.125,20140400
2014-02-13 14:09:48,1292.2833333333333,20140600,1292.2833333333333,20140600,1293.525,20140400
2014-02-13 14:10:17,1293.8,20140600,1293.8,20140600,1293.525,20140400
2014-02-13 16:36:25,1293.8,20140600,1293.8,20140600,1297.9875,20140400
2014-02-13 16:36:52,1298.375,20140600,1298.375,20140600,1297.9875,20140400
2014-02-13 23:00:00,1302.0,20140600,1302.0,20140600,1301.9,20140400
2014-02-14 13:02:18,1302.0,20140600,1302.0,20140600,1316.7125,20140400
2014-02-14 13:02:51,1316.95,20140600,1316.95,20140600,1316.7125,20140400
2014-02-14 14:29:07,1316.95,20140600,1316.95,20140600,1317.3333333333333,20140400
2014-02-14 14:29:40,1317.5125,20140600,1317.5125,20140600,1317.3333333333333,20140400
2014-02-14 15:29:07,1317.5125,20140600,1317.5125,20140600,1318.8875,20140400
2014-02-14 15:29:35,1319.15,20140600,1319.15,20140600,1318.8875,20140400
2014-02-14 16:30:45,1319.15,20140600,1319.15,20140600,1317.9875,20140400
2014-02-14 16:31:14,1318.0875,20140600,1318.0875,20140600,1317.9875,20140400
2014-02-14 23:00:00,1319.0,20140600,1319.0,20140600,1318.8,20140400
2014-02-18 13:02:15,1319.0,20140600,1319.0,20140600,1313.8,20140400
2014-02-18 13:02:50,1314.4125,20140600,1314.4125,20140600,1313.8,20140400
2014-02-18 14:02:52,1314.4125,20140600,1314.4125,20140600,1321.075,20140400
2014-02-18 14:03:25,1321.05,20140600,1321.05,20140600,1321.075,20140400
2014-02-18 15:03:06,1321.05,20140600,1321.05,20140600,1320.95,20140400
2014-02-18 15:03:43,1321.175,20140600,1321.175,20140600,1320.95,20140400
2014-02-18 16:06:09,1321.175,20140600,1321.175,20140600,1322.1750000000004,20140400
2014-02-18 16:06:36,1322.3166666666666,20140600,1322.3166666666666,20140600,1322.1750000000004,20140400
2014-02-18 23:00:00,1322.0,20140600,1322.0,20140600,1321.8,20140400
2014-02-19 13:10:46,1322.0,20140600,1322.0,20140600,1318.0125,20140400
2014-02-19 13:11:20,1318.2625,20140600,1318.2625,20140600,1318.0125,20140400
2014-02-19 15:35:06,1318.2625,20140600,1318.2625,20140600,1320.875,20140400
2014-02-19 15:35:35,1321.0125,20140600,1321.0125,20140600,1320.875,20140400
2014-02-19 16:37:45,1321.0125,20140600,1321.0125,20140600,1319.05,20140400
2014-02-19 16:38:15,1319.2625,20140600,1319.2625,20140600,1319.05,20140400
2014-02-19 23:00:00,1310.0,20140600,1310.0,20140600,1310.1,20140400
2014-02-20 13:00:18,1310.0,20140600,1310.0,20140600,1309.5625,20140400
2014-02-20 13:00:58,1309.875,20140600,1309.875,20140600,1309.5625,20140400
2014-02-20 14:00:18,1309.875,20140600,1309.875,20140600,1315.3,20140400
2014-02-20 14:01:03,1315.175,20140600,1315.175,20140600,1315.3,20140400
2014-02-20 15:05:49,1315.175,20140600,1315.175,20140600,1315.85,20140400
2014-02-20 15:06:18,1315.975,20140600,1315.975,20140600,1315.85,20140400
2014-02-20 16:09:52,1315.975,20140600,1315.975,20140600,1315.0625,20140400
2014-02-20 16:10:32,1315.4375,20140600,1315.4375,20140600,1315.0625,20140400
2014-02-20 23:00:00,1324.3,20140600,1324.3,20140600,1324.0,20140400
2014-02-21 13:02:02,1324.3,20140600,1324.3,20140600,1321.8125,20140400
2014-02-21 13:02:29,1322.1125,20140600,1322.1125,20140600,1321.8125,20140400
2014-02-21 14:08:19,1322.1125,20140600,1322.1125,20140600,1322.4,20140400
2014-02-21 14:08:50,1322.75,20140600,1322.75,20140600,1322.4,20140400
2014-02-21 15:31:02,1322.75,20140600,1322.75,20140600,1323.7,20140400
2014-02-21 15:31:29,1324.0,20140600,1324.0,20140600,1323.7,20140400
2014-02-21 16:33:36,1324.0,20140600,1324.0,20140600,1320.5,20140400
2014-02-21 16:34:05,1320.5875,20140600,1320.5875,20140600,1320.5,20140400
2014-02-21 23:00:00,1324.0,20140600,1324.0,20140600,1323.8,20140400
2014-02-24 13:03:30,1324.0,20140600,1324.0,20140600,1333.525,20140400
2014-02-24 13:05:27,1333.0,20140600,1333.0,20140600,1333.525,20140400
2014-02-24 14:13:37,1333.0,20140600,1333.0,20140600,1333.3125,20140400
2014-02-24 14:15:54,1334.775,20140600,1334.775,20140600,1333.3125,20140400
2014-02-24 15:33:01,1334.775,20140600,1334.775,20140600,1336.2,20140400
2014-02-24 15:34:57,1336.7875,20140600,1336.7875,20140600,1336.2,20140400
2014-02-24 16:54:19,1336.7875,20140600,1336.7875,20140600,1336.85,20140400
2014-02-24 16:56:08,1337.0125,20140600,1337.0125,20140600,1336.85,20140400
2014-02-24 18:21:05,1337.0125,20140600,1337.0125,20140600,1337.7624999999996,20140400
2014-02-24 18:23:05,1337.85,20140600,1337.85,20140600,1337.7624999999996,20140400
2014-02-24 19:28:21,1337.85,20140600,1337.85,20140600,1337.15,20140400
2014-02-24 19:30:30,1337.7,20140600,1337.7,20140600,1337.15,20140400
2014-02-24 23:00:00,1337.0,20140600,1337.0,20140600,1338.1,20140400
2014-02-25 12:10:52,1337.0,20140600,1337.0,20140600,1333.4375,20140400
2014-02-25 12:12:56,1333.375,20140600,1333.375,20140600,1333.4375,20140400
2014-02-25 13:48:52,1333.375,20140600,1333.375,20140600,1335.6,20140400
2014-02-25 13:51:16,1336.4666666666667,20140600,1336.4666666666667,20140600,1335.6,20140400
2014-02-25 15:30:23,1336.4666666666667,20140600,1336.4666666666667,20140600,1338.8375,20140400
2014-02-25 15:32:46,1339.2833333333333,20140600,1339.2833333333333,20140600,1338.8375,20140400
2014-02-25 17:14:25,1339.2833333333333,20140600,1339.2833333333333,20140600,1342.1,20140400
2014-02-25 17:16:57,1342.3375,20140600,1342.3375,20140600,1342.1,20140400
2014-02-25 18:33:32,1342.3375,20140600,1342.3375,20140600,1342.65,20140400
2014-02-25 18:36:25,1342.8,20140600,1342.8,20140600,1342.65,20140400
2014-02-25 19:48:16,1342.8,20140600,1342.8,20140600,1343.0375,20140400
2014-02-25 19:50:32,1343.4250000000004,20140600,1343.4250000000004,20140600,1343.0375,20140400
2014-02-25 23:00:00,1340.3,20140600,1340.3,20140600,1340.6,20140400
2014-02-26 12:39:08,1340.3,20140600,1340.3,20140600,1335.5,20140400
2014-02-26 12:41:04,1336.0125,20140600,1336.0125,20140600,1335.5,20140400
2014-02-26 23:00:00,1329.0,20140600,1329.0,20140600,1329.1,20140400
2014-02-27 12:04:22,1329.0,20140600,1329.0,20140600,1332.4125,20140400
2014-02-27 12:06:04,1332.1375,20140600,1332.1375,20140600,1332.4125,20140400
2014-02-27 13:20:02,1332.1375,20140600,1332.1375,20140600,1330.2,20140400
2014-02-27 13:21:45,1331.425,20140600,1331.425,20140600,1330.2,20140400
2014-02-27 14:26:15,1331.425,20140600,1331.425,20140600,1331.7875,20140400
2014-02-27 14:28:00,1332.1625,20140600,1332.1625,20140600,1331.7875,20140400
2014-02-27 15:41:43,1332.1625,20140600,1332.1625,20140600,1335.2,20140400
2014-02-27 15:43:24,1334.4875,20140600,1334.4875,20140600,1335.2,20140400
2014-02-27 16:55:56,1334.4875,20140600,1334.4875,20140600,1332.975,20140400
2014-02-27 16:57:38,1333.6375,20140600,1333.6375,20140600,1332.975,20140400
2014-02-27 18:09:48,1333.6375,20140600,1333.6375,20140600,1333.4125,20140400
2014-02-27 18:11:30,1333.5749999999996,20140600,1333.5749999999996,20140600,1333.4125,20140400
2014-02-27 19:03:19,1333.5749999999996,20140600,1333.5749999999996,20140600,1329.75,20140400
2014-02-27 19:04:59,1329.1750000000004,20140600,1329.1750000000004,20140600,1329.75,20140400
2014-02-27 23:00:00,1331.2,20140600,1331.2,20140600,1330.8,20140400
2014-02-28 12:03:52,1331.2,20140600,1331.2,20140600,1329.0875,20140400
2014-02-28 12:05:10,1329.3375,20140600,1329.3375,20140600,1329.0875,20140400
2014-02-28 13:09:41,1329.3375,20140600,1329.3375,20140600,1331.9833333333331,20140400
2014-02-28 13:10:56,1332.4666666666667,20140600,1332.4666666666667,20140600,1331.9833333333331,20140400
2014-02-28 14:15:29,1332.4666666666667,20140600,1332.4666666666667,20140600,1330.4875,20140400
2014-02-28 14:16:48,1330.4375,20140600,1330.4375,20140600,1330.4875,20140400
2014-02-28 15:30:08,1330.4375,20140600,1330.4375,20140600,1324.1875,20140400
2014-02-28 15:31:25,1323.65,20140600,1323.65,20140600,1324.1875,20140400
2014-02-28 16:44:58,1323.65,20140600,1323.65,20140600,1325.775,20140400
2014-02-28 16:46:15,1326.0375,20140600,1326.0375,20140600,1325.775,20140400
2014-02-28 17:59:18,1326.0375,20140600,1326.0375,20140600,1322.6375,20140400
2014-02-28 18:00:36,1322.8125,20140600,1322.8125,20140600,1322.6375,20140400
2014-02-28 23:00:00,1324.6,20140600,1324.6,20140600,1323.8,20140400
2014-03-03 13:41:40,1349.025,20140600,1349.025,20140600,1323.8,20140400
2014-03-03 16:13:19,1354.6,20140600,1354.6,20140600,1323.8,20140400
2014-03-03 18:28:40,1349.7,20140600,1349.7,20140600,1323.8,20140400
2014-03-03 19:14:58,1351.1875,20140600,1351.1875,20140600,1323.8,20140400
2014-03-03 19:47:00,1352.3375,20140600,1352.3375,20140600,1323.8,20140400
2014-03-03 23:00:00,1352.0,20140600,1352.0,20140600,1352.1,20140400
2014-03-04 12:29:23,1333.9625,20140600,1333.9625,20140600,1352.1,20140400
2014-03-04 13:25:58,1334.2875,20140600,1334.2875,20140600,1352.1,20140400
2014-03-04 14:25:24,1333.9,20140600,1333.9,20140600,1352.1,20140400
2014-03-04 15:38:39,1338.05,20140600,1338.05,20140600,1352.1,20140400
2014-03-04 16:56:40,1337.75,20140600,1337.75,20140600,1352.1,20140400
2014-03-04 17:57:05,1337.5,20140600,1337.5,20140600,1352.1,20140400
2014-03-04 23:00:00,1335.0,20140600,1335.0,20140600,1335.1,20140400
2014-03-05 13:50:28,1338.1,20140600,1338.1,20140600,1335.1,20140400
2014-03-05 15:16:54,1337.7375,20140600,1337.7375,20140600,1335.1,20140400
2014-03-05 16:41:49,1339.8,20140600,1339.8,20140600,1335.1,20140400
2014-03-05 17:47:04,1341.3,20140600,1341.3,20140600,1335.1,20140400
2014-03-05 19:35:30,1338.95,20140600,1338.95,20140600,1335.1,20140400
2014-03-05 23:00:00,1339.3,20140600,1339.3,20140600,1337.6,20140400
2014-03-06 12:18:10,1334.0875,20140600,1334.0875,20140600,1337.6,20140400
2014-03-06 13:22:11,1336.7166666666665,20140600,1336.7166666666665,20140600,1337.6,20140400
2014-03-06 14:31:59,1345.2,20140600,1345.2,20140600,1337.6,20140400
2014-03-06 15:56:41,1345.7375,20140600,1345.7375,20140600,1337.6,20140400
2014-03-06 17:13:50,1351.5125,20140600,1351.5125,20140600,1337.6,20140400
2014-03-06 18:18:01,1350.4625,20140600,1350.4625,20140600,1337.6,20140400
2014-03-06 23:00:00,1351.2,20140600,1351.2,20140600,1350.5,20140400
2014-03-07 12:07:30,1349.7375,20140600,1349.7375,20140600,1350.5,20140400
2014-03-07 13:10:44,1350.45,20140600,1350.45,20140600,1350.5,20140400
2014-03-07 14:13:25,1336.7125,20140600,1336.7125,20140600,1350.5,20140400
2014-03-07 15:34:26,1334.0666666666666,20140600,1334.0666666666666,20140600,1350.5,20140400
2014-03-07 16:54:16,1339.15,20140600,1339.15,20140600,1350.5,20140400
2014-03-07 17:55:56,1337.9250000000004,20140600,1337.9250000000004,20140600,1350.5,20140400
2014-03-07 18:53:43,1338.75,20140600,1338.75,20140600,1350.5,20140400
2014-03-07 19:27:20,1339.45,20140600,1339.45,20140600,1350.5,20140400
2014-03-07 20:02:00,1339.15,20140600,1339.15,20140600,1350.5,20140400
2014-03-07 23:00:00,1339.15,20140600,1339.15,20140600,1339.3,20140400
2014-03-10 14:32:25,1342.6125,20140600,1342.6125,20140600,1339.3,20140400
2014-03-10 16:39:35,1342.025,20140600,1342.025,20140600,1339.3,20140400
2014-03-10 19:34:10,1340.4,20140600,1340.4,20140600,1339.3,20140400
2014-03-10 23:00:00,1340.4,20140600,1340.4,20140600,1340.1,20140400
2014-03-11 12:57:45,1349.675,20140600,1349.675,20140600,1340.1,20140400
2014-03-11 23:00:00,1347.6,20140600,1347.6,20140600,1347.5,20140400
2014-03-12 12:15:25,1361.1375,20140600,1361.1375,20140600,1347.5,20140400
2014-03-12 13:07:09,1366.1875,20140600,1366.1875,20140600,1347.5,20140400
2014-03-12 13:44:36,1366.425,20140600,1366.425,20140600,1347.5,20140400
2014-03-12 14:40:07,1365.7375,20140600,1365.7375,20140600,1347.5,20140400
2014-03-12 18:59:07,1368.11,20140600,1368.11,20140600,1347.5,20140400
2014-03-12 23:00:00,1367.8,20140600,1367.8,20140600,1367.6,20140400
2014-03-13 12:31:27,1367.6625,20140600,1367.6625,20140600,1367.6,20140400
2014-03-13 23:00:00,1367.6625,20140600,1367.6625,20140600,1371.9,20140400
2014-03-14 12:21:47,1375.1625,20140600,1375.1625,20140600,1371.9,20140400
2014-03-14 13:08:39,1382.975,20140600,1382.975,20140600,1371.9,20140400
2014-03-14 13:48:11,1384.74,20140600,1384.74,20140600,1371.9,20140400
2014-03-14 15:24:40,1385.125,20140600,1385.125,20140600,1371.9,20140400
2014-03-14 16:24:32,1377.1125,20140600,1377.1125,20140600,1371.9,20140400
2014-03-14 17:16:48,1378.05,20140600,1378.05,20140600,1371.9,20140400
2014-03-14 18:01:19,1378.15,20140600,1378.15,20140600,1371.9,20140400
2014-03-14 18:40:04,1378.4,20140600,1378.4,20140600,1371.9,20140400
2014-03-14 19:13:17,1382.5125,20140600,1382.5125,20140600,1371.9,20140400
2014-03-14 19:46:43,1383.1375,20140600,1383.1375,20140600,1371.9,20140400
2014-03-14 23:00:00,1383.1375,20140600,1383.1375,20140600,1381.6,20140400
2014-03-17 12:27:18,1378.5125,20140600,1378.5125,20140600,1381.6,20140400
2014-03-17 13:14:15,1377.9875,20140600,1377.9875,20140600,1381.6,20140400
2014-03-17 14:00:25,1378.3625,20140600,1378.3625,20140600,1381.6,20140400
2014-03-17 14:59:47,1381.9125,20140600,1381.9125,20140600,1381.6,20140400
2014-03-17 23:00:00,1366.5,20140600,1366.5,20140600,1366.4,20140400
2014-03-18 13:08:10,1353.7125,20140600,1353.7125,20140600,1366.4,20140400
2014-03-18 13:53:16,1354.9875,20140600,1354.9875,20140600,1366.4,20140400
2014-03-18 14:57:21,1356.77,20140600,1356.77,20140600,1366.4,20140400
2014-03-18 23:00:00,1356.77,20140600,1356.77,20140600,1355.7,20140400
2014-03-19 12:02:50,1346.225,20140600,1346.225,20140600,1355.7,20140400
2014-03-19 12:42:44,1346.4875,20140600,1346.4875,20140600,1355.7,20140400
2014-03-19 13:29:34,1344.9125,20140600,1344.9125,20140600,1355.7,20140400
2014-03-19 14:19:58,1342.2,20140600,1342.2,20140600,1355.7,20140400
2014-03-19 15:21:17,1339.2125,20140600,1339.2125,20140600,1355.7,20140400
2014-03-19 16:21:48,1342.6125000000004,20140600,1342.6125000000004,20140600,1355.7,20140400
2014-03-19 17:15:39,1340.2624999999996,20140600,1340.2624999999996,20140600,1355.7,20140400
2014-03-19 18:01:30,1334.0375,20140600,1334.0375,20140600,1355.7,20140400
2014-03-19 18:41:35,1336.2375,20140600,1336.2375,20140600,1355.7,20140400
2014-03-19 19:14:30,1329.775,20140600,1329.775,20140600,1355.7,20140400
2014-03-19 19:48:39,1329.325,20140600,1329.325,20140600,1355.7,20140400
2014-03-19 23:00:00,1329.8,20140600,1329.8,20140600,1329.4,20140400
2014-03-20 23:00:00,1327.5,20140600,1327.5,20140600,1327.7,20140400
2014-03-21 23:00:00,1334.0,20140600,1334.0,20140600,1333.9,20140400
2014-03-24 23:00:00,1334.0,20140600,1334.0,20140600,1310.1,20140400
2014-03-25 12:04:42,1311.59,20140600,1311.59,20140600,1310.1,20140400
2014-03-25 12:45:44,1308.2875,20140600,1308.2875,20140600,1310.1,20140400
2014-03-25 13:31:51,1312.6,20140600,1312.6,20140600,1310.1,20140400
2014-03-25 14:21:31,1314.925,20140600,1314.925,20140600,1310.1,20140400
2014-03-25 15:12:01,1313.8375,20140600,1313.8375,20140600,1310.1,20140400
2014-03-25 16:10:47,1311.42,20140600,1311.42,20140600,1310.1,20140400
2014-03-25 17:02:19,1312.275,20140600,1312.275,20140600,1310.1,20140400
2014-03-25 17:47:04,1311.3375,20140600,1311.3375,20140600,1310.1,20140400
2014-03-25 18:28:04,1312.025,20140600,1312.025,20140600,1310.1,20140400
2014-03-25 19:06:37,1312.0625,20140600,1312.0625,20140600,1310.1,20140400
2014-03-25 19:41:19,1311.8,20140600,1311.8,20140600,1310.1,20140400
2014-03-25 23:00:00,1312.0,20140600,1312.0,20140600,1312.2,20140400
2014-03-26 23:00:00,1301.9,20140600,1301.9,20140600,1301.9,20140400
2014-03-27 12:10:47,1294.47,20140600,1294.47,20140600,1301.9,20140400
2014-03-27 13:15:37,1297.49,20140600,1297.49,20140600,1301.9,20140400
2014-03-27 14:19:36,1297.0875,20140600,1297.0875,20140600,1301.9,20140400
2014-03-27 15:21:11,1297.6,20140600,1297.6,20140600,1301.9,20140400
2014-03-27 16:22:48,1296.1125,20140600,1296.1125,20140600,1301.9,20140400
2014-03-27 17:24:15,1295.1875,20140600,1295.1875,20140600,1301.9,20140400
2014-03-27 18:25:46,1292.7625,20140600,1292.7625,20140600,1301.9,20140400
2014-03-27 19:30:31,1292.6,20140600,1292.6,20140600,1301.9,20140400
2014-03-27 23:00:00,1293.3,20140600,1293.3,20140600,1293.2,20140400
2014-03-28 12:42:00,1288.475,20140600,1288.475,20140600,1293.2,20140400
2014-03-28 13:43:12,1288.5625,20140600,1288.5625,20140600,1293.2,20140400
2014-03-28 14:44:43,1293.7375,20140600,1293.7375,20140600,1293.2,20140400
2014-03-28 16:02:11,1290.44,20140600,1290.44,20140600,1293.2,20140400
2014-03-28 17:03:59,1293.85,20140600,1293.85,20140600,1293.2,20140400
2014-03-28 19:21:53,1293.55,20140600,1293.55,20140600,1293.2,20140400
2014-03-28 23:00:00,1293.2,20140600,1293.2,20140600,1293.0,20140400
2014-03-31 23:00:00,1283.6,20140600,1283.6,20140600,1284.0,20140400
2014-04-01 23:00:00,1279.4,20140800,1279.4,20140800,1279.7,20140600
2014-04-02 12:11:06,1279.4,20140800,1279.4,20140800,1283.9375,20140600
2014-04-02 23:00:00,1291.5,20140800,1291.5,20140800,1291.0,20140600
2014-04-03 23:00:00,1285.9,20140800,1285.9,20140800,1286.3,20140600
2014-04-04 23:00:00,1303.6,20140800,1303.6,20140800,1286.3,20140600
2014-04-07 13:30:59,1303.6,20140800,1303.6,20140800,1299.025,20140600
2014-04-07 14:38:03,1303.6,20140800,1303.6,20140800,1299.6875,20140600
2014-04-07 15:39:43,1303.6,20140800,1303.6,20140800,1300.075,20140600
2014-04-07 16:41:16,1303.6,20140800,1303.6,20140800,1297.35,20140600
2014-04-07 17:42:24,1303.6,20140800,1303.6,20140800,1297.15,20140600
2014-04-07 18:43:30,1303.6,20140800,1303.6,20140800,1297.625,20140600
2014-04-07 19:45:16,1303.6,20140800,1303.6,20140800,1297.65,20140600
2014-04-07 23:00:00,1298.0,20140800,1298.0,20140800,1297.7,20140600
2014-04-08 23:00:00,1309.0,20140800,1309.0,20140800,1297.7,20140600
2014-04-09 23:00:00,1310.0,20140800,1310.0,20140800,1297.7,20140600
2014-04-10 16:11:14,1310.0,20140800,1310.0,20140800,1321.2125,20140600
2014-04-10 17:13:28,1310.0,20140800,1310.0,20140800,1319.8625,20140600
2014-04-10 18:15:08,1310.0,20140800,1310.0,20140800,1319.325,20140600
2014-04-10 23:00:00,1320.0,20140800,1320.0,20140800,1318.8,20140600
2014-04-11 12:05:09,1320.0,20140800,1320.0,20140800,1322.3875,20140600
2014-04-11 13:07:36,1320.0,20140800,1320.0,20140800,1320.9,20140600
2014-04-11 14:10:30,1320.0,20140800,1320.0,20140800,1318.6125,20140600
2014-04-11 15:12:45,1320.0,20140800,1320.0,20140800,1319.9,20140600
2014-04-11 16:14:56,1320.0,20140800,1320.0,20140800,1318.35,20140600
2014-04-11 17:16:22,1320.0,20140800,1320.0,20140800,1318.3,20140600
2014-04-11 18:17:54,1320.0,20140800,1320.0,20140800,1319.025,20140600
2014-04-11 19:19:14,1320.0,20140800,1320.0,20140800,1318.275,20140600
2014-04-11 23:00:00,1318.8,20140800,1318.8,20140800,1318.5,20140600
2014-04-14 23:00:00,1326.3,20140800,1326.3,20140800,1326.0,20140600
2014-04-15 12:10:27,1326.3,20140800,1326.3,20140800,1304.775,20140600
2014-04-15 13:12:14,1326.3,20140800,1326.3,20140800,1303.4625,20140600
2014-04-15 14:21:29,1326.3,20140800,1326.3,20140800,1294.15,20140600
2014-04-15 15:23:07,1326.3,20140800,1326.3,20140800,1298.0625,20140600
2014-04-15 16:25:07,1326.3,20140800,1326.3,20140800,1300.5875,20140600
2014-04-15 17:26:26,1326.3,20140800,1326.3,20140800,1302.65,20140600
2014-04-15 18:27:55,1326.3,20140800,1326.3,20140800,1300.95,20140600
2014-04-15 19:29:13,1326.3,20140800,1326.3,20140800,1302.2625,20140600
2014-04-15 23:00:00,1302.4,20140800,1302.4,20140800,1302.8,20140600
2014-04-16 12:14:27,1302.4,20140800,1302.4,20140800,1303.45,20140600
2014-04-16 13:15:57,1302.4,20140800,1302.4,20140800,1299.97,20140600
2014-04-16 14:26:03,1302.4,20140800,1302.4,20140800,1301.5500000000004,20140600
2014-04-16 15:27:50,1302.4,20140800,1302.4,20140800,1298.8375,20140600
2014-04-16 16:29:39,1302.4,20140800,1302.4,20140800,1301.3375,20140600
2014-04-16 17:30:59,1302.4,20140800,1302.4,20140800,1301.1,20140600
2014-04-16 18:32:18,1302.4,20140800,1302.4,20140800,1303.2,20140600
2014-04-16 19:33:38,1302.4,20140800,1302.4,20140800,1301.525,20140600
2014-04-16 23:00:00,1302.9,20140800,1302.9,20140800,1302.8,20140600
2014-04-17 12:10:34,1302.9,20140800,1302.9,20140800,1299.925,20140600
2014-04-17 13:12:12,1302.9,20140800,1302.9,20140800,1302.575,20140600
2014-04-17 14:22:50,1302.9,20140800,1302.9,20140800,1302.1750000000004,20140600
2014-04-17 15:24:34,1302.9,20140800,1302.9,20140800,1299.525,20140600
2014-04-17 16:26:21,1302.9,20140800,1302.9,20140800,1299.5625,20140600
2014-04-17 17:27:46,1302.9,20140800,1302.9,20140800,1298.6,20140600
2014-04-17 18:29:07,1302.9,20140800,1302.9,20140800,1294.25,20140600
2014-04-17 19:30:25,1302.9,20140800,1302.9,20140800,1294.15,20140600
2014-04-17 23:00:00,1295.7,20140800,1295.7,20140800,1295.0,20140600
2014-04-21 23:00:00,1289.4,20140800,1289.4,20140800,1288.8,20140600
2014-04-22 12:09:25,1289.4,20140800,1289.4,20140800,1291.0125,20140600
2014-04-22 13:10:38,1289.4,20140800,1289.4,20140800,1290.2,20140600
2014-04-22 14:20:39,1289.4,20140800,1289.4,20140800,1288.3375,20140600
2014-04-22 15:22:03,1289.4,20140800,1289.4,20140800,1285.1125000000004,20140600
2014-04-22 16:24:08,1289.4,20140800,1289.4,20140800,1282.0125,20140600
2014-04-22 17:25:15,1289.4,20140800,1289.4,20140800,1281.5125,20140600
2014-04-22 18:26:23,1289.4,20140800,1289.4,20140800,1281.075,20140600
2014-04-22 19:27:35,1289.4,20140800,1289.4,20140800,1283.3625,20140600
2014-04-22 23:00:00,1283.5,20140800,1283.5,20140800,1283.0,20140600
2014-04-23 23:00:00,1284.0,20140800,1284.0,20140800,1284.7,20140600
2014-04-24 23:00:00,1292.0,20140800,1292.0,20140800,1291.1,20140600
2014-04-25 12:02:39,1292.0,20140800,1292.0,20140800,1298.15,20140600
2014-04-25 13:04:35,1292.0,20140800,1292.0,20140800,1300.3,20140600
2014-04-25 14:07:31,1292.0,20140800,1292.0,20140800,1299.1,20140600
2014-04-25 15:09:25,1292.0,20140800,1292.0,20140800,1301.4125,20140600
2014-04-25 16:11:11,1292.0,20140800,1292.0,20140800,1302.0375,20140600
2014-04-25 17:12:30,1292.0,20140800,1292.0,20140800,1299.35,20140600
2014-04-25 18:13:56,1292.0,20140800,1292.0,20140800,1300.7375,20140600
2014-04-25 19:15:20,1292.0,20140800,1292.0,20140800,1301.6875,20140600
2014-04-25 23:00:00,1300.9,20140800,1300.9,20140800,1300.8,20140600
2014-04-28 13:07:40,1300.9,20140800,1300.9,20140800,1299.9,20140600
2014-04-28 15:46:00,1300.9,20140800,1300.9,20140800,1293.2875,20140600
2014-04-28 18:01:52,1300.9,20140800,1300.9,20140800,1296.375,20140600
2014-04-28 19:48:22,1300.9,20140800,1300.9,20140800,1298.2625,20140600
2014-04-28 23:00:00,1296.5,20140800,1296.5,20140800,1298.2625,20140600
2014-04-29 23:00:00,1296.3,20140800,1296.3,20140800,1298.2625,20140600
2014-04-30 12:18:57,1296.3,20140800,1296.3,20140800,1289.9,20140600
2014-04-30 14:35:43,1296.3,20140800,1296.3,20140800,1289.8625,20140600
2014-04-30 17:15:00,1296.3,20140800,1296.3,20140800,1293.0166666666669,20140600
2014-04-30 19:14:17,1296.3,20140800,1296.3,20140800,1291.4375,20140600
2014-04-30 23:00:00,1291.1,20140800,1291.1,20140800,1290.0,20140600
2014-05-01 12:22:43,1291.1,20140800,1291.1,20140800,1283.95,20140600
2014-05-01 13:40:04,1291.1,20140800,1291.1,20140800,1284.3,20140600
2014-05-01 15:15:04,1291.1,20140800,1291.1,20140800,1282.7875,20140600
2014-05-01 16:54:08,1291.1,20140800,1291.1,20140800,1283.375,20140600
2014-05-01 18:18:21,1291.1,20140800,1291.1,20140800,1283.67,20140600
2014-05-01 19:25:49,1291.1,20140800,1291.1,20140800,1284.475,20140600
2014-05-01 23:00:00,1285.3,20140800,1285.3,20140800,1285.3,20140600
2014-05-02 12:10:52,1285.3,20140800,1285.3,20140800,1286.9625,20140600
2014-05-02 14:49:40,1285.3,20140800,1285.3,20140800,1283.025,20140600
2014-05-02 16:13:45,1285.3,20140800,1285.3,20140800,1302.9875,20140600
2014-05-02 17:25:21,1285.3,20140800,1285.3,20140800,1299.7,20140600
2014-05-02 18:27:20,1285.3,20140800,1285.3,20140800,1302.0875,20140600
2014-05-02 19:29:55,1285.3,20140800,1285.3,20140800,1300.45,20140600
2014-05-02 23:00:00,1298.1,20140800,1298.1,20140800,1298.5,20140600
2014-05-05 12:23:42,1298.1,20140800,1298.1,20140800,1311.7875,20140600
2014-05-05 13:30:05,1298.1,20140800,1298.1,20140800,1314.875,20140600
2014-05-05 16:04:22,1298.1,20140800,1298.1,20140800,1310.8875,20140600
2014-05-05 17:07:28,1298.1,20140800,1298.1,20140800,1309.375,20140600
2014-05-05 18:12:00,1298.1,20140800,1298.1,20140800,1310.225,20140600
2014-05-05 19:14:09,1298.1,20140800,1298.1,20140800,1309.5,20140600
2014-05-05 23:00:00,1310.4,20140800,1310.4,20140800,1309.8,20140600
2014-05-06 12:03:21,1310.4,20140800,1310.4,20140800,1309.7875,20140600
2014-05-06 13:07:59,1310.4,20140800,1310.4,20140800,1307.4250000000004,20140600
2014-05-06 14:15:13,1310.4,20140800,1310.4,20140800,1307.725,20140600
2014-05-06 15:28:32,1310.4,20140800,1310.4,20140800,1306.75,20140600
2014-05-06 16:41:04,1310.4,20140800,1310.4,20140800,1307.1750000000004,20140600
2014-05-06 17:43:04,1310.4,20140800,1310.4,20140800,1307.35,20140600
2014-05-06 18:44:49,1310.4,20140800,1310.4,20140800,1308.6,20140600
2014-05-06 19:46:35,1310.4,20140800,1310.4,20140800,1307.4625,20140600
2014-05-06 23:00:00,1308.1,20140800,1308.1,20140800,1307.8,20140600
2014-05-07 12:03:47,1308.1,20140800,1308.1,20140800,1311.35,20140600
2014-05-07 13:12:33,1308.1,20140800,1308.1,20140800,1304.1750000000004,20140600
2014-05-07 14:30:57,1308.1,20140800,1308.1,20140800,1303.125,20140600
2014-05-07 15:51:32,1308.1,20140800,1308.1,20140800,1296.15,20140600
2014-05-07 17:11:31,1308.1,20140800,1308.1,20140800,1292.88,20140600
2014-05-07 18:13:43,1308.1,20140800,1308.1,20140800,1289.2375,20140600
2014-05-07 19:15:41,1308.1,20140800,1308.1,20140800,1291.0125,20140600
2014-05-07 23:00:00,1290.7,20140800,1290.7,20140800,1290.0,20140600
2014-05-08 12:04:03,1290.7,20140800,1290.7,20140800,1292.2,20140600
2014-05-08 13:11:25,1290.7,20140800,1290.7,20140800,1292.4125,20140600
2014-05-08 14:29:24,1290.7,20140800,1290.7,20140800,1289.125,20140600
2014-05-08 15:51:15,1290.7,20140800,1290.7,20140800,1289.6625,20140600
2014-05-08 17:03:43,1290.7,20140800,1290.7,20140800,1288.6125,20140600
2014-05-08 18:06:35,1290.7,20140800,1290.7,20140800,1287.91,20140600
2014-05-08 19:08:31,1290.7,20140800,1290.7,20140800,1288.85,20140600
2014-05-08 23:00:00,1290.2,20140800,1290.2,20140800,1289.3,20140600
2014-05-09 12:03:08,1290.2,20140800,1290.2,20140800,1291.225,20140600
2014-05-09 13:05:52,1290.2,20140800,1290.2,20140800,1292.6,20140600
2014-05-09 14:09:49,1290.2,20140800,1290.2,20140800,1289.9250000000004,20140600
2014-05-09 15:23:40,1290.2,20140800,1290.2,20140800,1290.625,20140600
2014-05-09 16:36:05,1290.2,20140800,1290.2,20140800,1287.5375,20140600
2014-05-09 17:38:00,1290.2,20140800,1290.2,20140800,1288.2,20140600
2014-05-09 18:39:52,1290.2,20140800,1290.2,20140800,1288.1125,20140600
2014-05-09 19:41:49,1290.2,20140800,1290.2,20140800,1287.68,20140600
2014-05-09 23:00:00,1288.6,20140800,1288.6,20140800,1288.4,20140600
2014-05-12 12:23:31,1288.6,20140800,1288.6,20140800,1294.3875,20140600
2014-05-12 13:30:56,1288.6,20140800,1288.6,20140800,1302.7375,20140600
2014-05-12 14:44:24,1288.6,20140800,1288.6,20140800,1300.625,20140600
2014-05-12 16:00:06,1288.6,20140800,1288.6,20140800,1297.95,20140600
2014-05-12 17:12:47,1288.6,20140800,1288.6,20140800,1299.5625,20140600
2014-05-12 18:15:07,1288.6,20140800,1288.6,20140800,1296.7625,20140600
2014-05-12 19:17:16,1288.6,20140800,1288.6,20140800,1296.0,20140600
2014-05-12 23:00:00,1296.7,20140800,1296.7,20140800,1296.5,20140600
2014-05-13 12:03:30,1296.7,20140800,1296.7,20140800,1291.9,20140600
2014-05-13 13:09:31,1296.7,20140800,1296.7,20140800,1290.7,20140600
2014-05-13 14:26:08,1296.7,20140800,1296.7,20140800,1296.3625,20140600
2014-05-13 15:46:57,1296.7,20140800,1296.7,20140800,1296.375,20140600
2014-05-13 17:00:10,1296.7,20140800,1296.7,20140800,1296.025,20140600
2014-05-13 18:03:22,1296.7,20140800,1296.7,20140800,1296.5,20140600
2014-05-13 19:04:58,1296.7,20140800,1296.7,20140800,1293.4875,20140600
2014-05-13 23:00:00,1294.5,20140800,1294.5,20140800,1294.1,20140600
2014-05-14 12:25:09,1294.5,20140800,1294.5,20140800,1303.9375,20140600
2014-05-14 13:32:54,1294.5,20140800,1294.5,20140800,1307.375,20140600
2014-05-14 14:45:54,1294.5,20140800,1294.5,20140800,1306.8249999999996,20140600
2014-05-14 16:01:43,1294.5,20140800,1294.5,20140800,1304.35,20140600
2014-05-14 17:15:46,1294.5,20140800,1294.5,20140800,1303.1,20140600
2014-05-14 18:18:25,1294.5,20140800,1294.5,20140800,1305.5875,20140600
2014-05-14 19:20:18,1294.5,20140800,1294.5,20140800,1305.35,20140600
2014-05-14 23:00:00,1307.0,20140800,1307.0,20140800,1306.2,20140600
2014-05-15 12:06:19,1307.0,20140800,1307.0,20140800,1305.3625,20140600
2014-05-15 13:19:04,1307.0,20140800,1307.0,20140800,1302.5,20140600
2014-05-15 14:50:09,1307.0,20140800,1307.0,20140800,1297.45,20140600
2014-05-15 23:00:00,1296.3,20140800,1296.3,20140800,1295.5,20140600
2014-05-16 23:00:00,1293.4,20140800,1293.4,20140800,1293.2,20140600
2014-05-19 13:08:11,1293.4,20140800,1293.4,20140800,1300.3625,20140600
2014-05-19 14:12:30,1293.4,20140800,1293.4,20140800,1301.8125,20140600
2014-05-19 15:16:22,1293.4,20140800,1293.4,20140800,1300.1125,20140600
2014-05-19 16:17:55,1293.4,20140800,1293.4,20140800,1298.75,20140600
2014-05-19 17:19:25,1293.4,20140800,1293.4,20140800,1296.15,20140600
2014-05-19 18:20:42,1293.4,20140800,1293.4,20140800,1294.62,20140600
2014-05-19 19:22:08,1293.4,20140800,1293.4,20140800,1293.75,20140600
2014-05-19 23:00:00,1293.7,20140800,1293.7,20140800,1293.4,20140600
2014-05-20 12:23:14,1293.7,20140800,1293.7,20140800,1290.85,20140600
2014-05-20 13:30:05,1293.7,20140800,1293.7,20140800,1288.5125,20140600
2014-05-20 14:38:09,1293.7,20140800,1293.7,20140800,1294.8875,20140600
2014-05-20 16:00:11,1293.7,20140800,1293.7,20140800,1294.26,20140600
2014-05-20 17:14:33,1293.7,20140800,1293.7,20140800,1296.175,20140600
2014-05-20 18:18:26,1293.7,20140800,1293.7,20140800,1295.65,20140600
2014-05-20 19:21:12,1293.7,20140800,1293.7,20140800,1294.5,20140600
2014-05-20 23:00:00,1295.0,20140800,1295.0,20140800,1294.9,20140600
2014-05-21 12:24:50,1295.0,20140800,1295.0,20140800,1290.35,20140600
2014-05-21 13:31:16,1295.0,20140800,1295.0,20140800,1290.44,20140600
2014-05-21 15:07:05,1295.0,20140800,1295.0,20140800,1287.0333333333333,20140600
2014-05-21 16:23:44,1295.0,20140800,1295.0,20140800,1289.4125,20140600
2014-05-21 17:25:17,1295.0,20140800,1295.0,20140800,1288.5749999999996,20140600
2014-05-21 18:27:20,1295.0,20140800,1295.0,20140800,1287.7875,20140600
2014-05-21 19:28:53,1295.0,20140800,1295.0,20140800,1290.8249999999996,20140600
2014-05-21 23:00:00,1291.8,20140800,1291.8,20140800,1291.4,20140600
2014-05-22 12:04:15,1291.8,20140800,1291.8,20140800,1296.9250000000004,20140600
2014-05-22 13:06:35,1291.8,20140800,1291.8,20140800,1297.7625,20140600
2014-05-22 14:19:23,1291.8,20140800,1291.8,20140800,1300.1,20140600
2014-05-22 15:30:37,1291.8,20140800,1291.8,20140800,1298.5500000000004,20140600
2014-05-22 16:40:18,1291.8,20140800,1291.8,20140800,1293.825,20140600
2014-05-22 17:42:44,1291.8,20140800,1291.8,20140800,1294.275,20140600
2014-05-22 18:44:22,1291.8,20140800,1291.8,20140800,1294.95,20140600
2014-05-22 19:46:02,1291.8,20140800,1291.8,20140800,1295.15,20140600
2014-05-22 23:00:00,1295.0,20140800,1295.0,20140800,1294.8,20140600
2014-05-23 12:06:35,1295.0,20140800,1295.0,20140800,1291.9250000000004,20140600
2014-05-23 13:14:54,1295.0,20140800,1295.0,20140800,1291.725,20140600
2014-05-23 23:00:00,1293.0,20140800,1293.0,20140800,1293.0,20140600
2014-05-27 12:04:21,1293.0,20140800,1293.0,20140800,1283.225,20140600
2014-05-27 13:08:29,1293.0,20140800,1293.0,20140800,1279.79,20140600
2014-05-27 14:13:58,1293.0,20140800,1293.0,20140800,1277.3249999999996,20140600
2014-05-27 15:40:15,1293.0,20140800,1293.0,20140800,1267.7125,20140600
2014-05-27 17:01:01,1293.0,20140800,1293.0,20140800,1267.85,20140600
2014-05-27 18:05:10,1293.0,20140800,1293.0,20140800,1264.8125,20140600
2014-05-27 19:07:21,1293.0,20140800,1293.0,20140800,1266.875,20140600
2014-05-27 23:00:00,1265.9,20140800,1265.9,20140800,1266.875,20140600
2014-05-28 12:08:16,1265.9,20140800,1265.9,20140800,1266.25,20140600
2014-05-28 13:13:28,1265.9,20140800,1265.9,20140800,1265.5625,20140600
2014-05-28 14:30:31,1265.9,20140800,1265.9,20140800,1261.7375,20140600
2014-05-28 15:48:03,1265.9,20140800,1265.9,20140800,1258.4875,20140600
2014-05-28 16:54:29,1265.9,20140800,1265.9,20140800,1257.85,20140600
2014-05-28 17:56:16,1265.9,20140800,1265.9,20140800,1258.525,20140600
2014-05-28 18:58:17,1265.9,20140800,1265.9,20140800,1259.45,20140600
2014-05-28 20:00:50,1265.9,20140800,1265.9,20140800,1258.25,20140600
2014-05-28 23:00:00,1258.9,20140800,1258.9,20140800,1258.5,20140600
2014-05-29 12:19:40,1258.9,20140800,1258.9,20140800,1252.3375,20140600
2014-05-29 13:21:38,1258.9,20140800,1258.9,20140800,1253.4625,20140600
2014-05-29 14:33:50,1258.9,20140800,1258.9,20140800,1254.4375,20140600
2014-05-29 15:44:09,1258.9,20140800,1258.9,20140800,1255.3,20140600
2014-05-29 16:55:16,1258.9,20140800,1258.9,20140800,1255.575,20140600
2014-05-29 17:57:10,1258.9,20140800,1258.9,20140800,1255.3125,20140600
2014-05-29 18:58:46,1258.9,20140800,1258.9,20140800,1255.025,20140600
2014-05-29 20:00:49,1258.9,20140800,1258.9,20140800,1254.675,20140600
2014-05-29 23:00:00,1256.1,20140800,1256.1,20140800,1255.4,20140600
2014-05-30 23:00:00,1248.0,20141000,1248.0,20141000,1249.6,20140800
2014-06-02 23:00:00,1243.2,20141000,1243.2,20141000,1243.4,20140800
2014-06-03 23:00:00,1247.1,20141000,1247.1,20141000,1246.4,20140800
2014-06-04 23:00:00,1243.5,20141000,1243.5,20141000,1243.7,20140800
2014-06-05 23:00:00,1254.0,20141000,1254.0,20141000,1253.3,20140800
2014-06-06 23:00:00,1253.0,20141000,1253.0,20141000,1253.0,20140800
2014-06-09 23:00:00,1254.0,20141000,1254.0,20141000,1253.5,20140800
2014-06-10 23:00:00,1262.0,20141000,1262.0,20141000,1261.4,20140800
2014-06-11 23:00:00,1261.7,20141000,1261.7,20141000,1260.9,20140800
2014-06-12 23:00:00,1274.0,20141000,1274.0,20141000,1273.8,20140800
2014-06-13 23:00:00,1277.1,20141000,1277.1,20141000,1277.1,20140800
2014-06-16 12:38:29,1281.85,20141000,1281.85,20141000,1277.1,20140800
2014-06-16 15:26:26,1276.3000000000004,20141000,1276.3000000000004,20141000,1277.1,20140800
2014-06-16 16:53:03,1275.0,20141000,1275.0,20141000,1277.1,20140800
2014-06-16 17:58:44,1275.4499999999996,20141000,1275.4499999999996,20141000,1277.1,20140800
2014-06-16 19:06:44,1274.8000000000004,20141000,1274.8000000000004,20141000,1277.1,20140800
2014-06-16 23:00:00,1273.8,20141000,1273.8,20141000,1272.0,20140800
2014-06-17 13:14:10,1265.8000000000004,20141000,1265.8000000000004,20141000,1272.0,20140800
2014-06-17 14:37:26,1266.9,20141000,1266.9,20141000,1272.0,20140800
2014-06-17 15:50:48,1269.9,20141000,1269.9,20141000,1272.0,20140800
2014-06-17 17:10:11,1271.0,20141000,1271.0,20141000,1272.0,20140800
2014-06-17 18:13:15,1271.6,20141000,1271.6,20141000,1272.0,20140800
2014-06-17 19:14:59,1270.8000000000004,20141000,1270.8000000000004,20141000,1272.0,20140800
2014-06-17 23:00:00,1270.9,20141000,1270.9,20141000,1270.4,20140800
2014-06-18 12:02:57,1271.75,20141000,1271.75,20141000,1270.4,20140800
2014-06-18 13:09:11,1271.65,20141000,1271.65,20141000,1270.4,20140800
2014-06-18 14:26:06,1270.1999999999996,20141000,1270.1999999999996,20141000,1270.4,20140800
2014-06-18 15:33:30,1272.15,20141000,1272.15,20141000,1270.4,20140800
2014-06-18 16:38:40,1272.4,20141000,1272.4,20141000,1270.4,20140800
2014-06-18 17:40:07,1272.6999999999996,20141000,1272.6999999999996,20141000,1270.4,20140800
2014-06-18 18:41:25,1273.3000000000004,20141000,1273.3000000000004,20141000,1270.4,20140800
2014-06-18 19:42:43,1273.6999999999996,20141000,1273.6999999999996,20141000,1270.4,20140800
2014-06-18 23:00:00,1275.2,20141000,1275.2,20141000,1274.3,20140800
2014-06-19 16:45:51,1298.6,20141000,1298.6,20141000,1274.3,20140800
2014-06-19 17:47:00,1309.35,20141000,1309.35,20141000,1274.3,20140800
2014-06-19 18:48:08,1313.75,20141000,1313.75,20141000,1274.3,20140800
2014-06-19 19:53:49,1320.4,20141000,1320.4,20141000,1274.3,20140800
2014-06-19 23:00:00,1320.4,20141000,1320.4,20141000,1318.8,20140800
2014-06-20 12:23:03,1311.0500000000004,20141000,1311.0500000000004,20141000,1318.8,20140800
2014-06-20 13:45:33,1313.4499999999996,20141000,1313.4499999999996,20141000,1318.8,20140800
2014-06-20 14:46:59,1314.6,20141000,1314.6,20141000,1318.8,20140800
2014-06-20 16:03:39,1316.85,20141000,1316.85,20141000,1318.8,20140800
2014-06-20 17:05:01,1316.3000000000004,20141000,1316.3000000000004,20141000,1318.8,20140800
2014-06-20 23:00:00,1315.4,20141000,1315.4,20141000,1314.9,20140800
2014-06-23 12:08:46,1311.4499999999996,20141000,1311.4499999999996,20141000,1314.9,20140800
2014-06-23 13:16:05,1314.5,20141000,1314.5,20141000,1314.9,20140800
2014-06-23 14:45:44,1315.1999999999996,20141000,1315.1999999999996,20141000,1314.9,20140800
2014-06-23 16:13:59,1317.6,20141000,1317.6,20141000,1314.9,20140800
2014-06-23 17:28:09,1316.9,20141000,1316.9,20141000,1314.9,20140800
2014-06-23 18:34:43,1317.6999999999996,20141000,1317.6999999999996,20141000,1314.9,20140800
2014-06-23 19:36:24,1318.3000000000004,20141000,1318.3000000000004,20141000,1314.9,20140800
2014-06-23 23:00:00,1316.7,20141000,1316.7,20141000,1318.2,20140800
2014-06-24 12:16:23,1326.35,20141000,1326.35,20141000,1318.2,20140800
2014-06-24 13:23:24,1322.3000000000004,20141000,1322.3000000000004,20141000,1318.2,20140800
2014-06-24 15:01:01,1318.9499999999996,20141000,1318.9499999999996,20141000,1318.2,20140800
2014-06-24 16:21:03,1319.0,20141000,1319.0,20141000,1318.2,20140800
2014-06-24 17:26:13,1319.1999999999996,20141000,1319.1999999999996,20141000,1318.2,20140800
2014-06-24 18:32:38,1320.3000000000004,20141000,1320.3000000000004,20141000,1318.2,20140800
2014-06-24 19:36:01,1321.6,20141000,1321.6,20141000,1318.2,20140800
2014-06-24 23:00:00,1321.6,20141000,1321.6,20141000,1319.8,20140800
2014-06-25 12:33:01,1314.3000000000004,20141000,1314.3000000000004,20141000,1319.8,20140800
2014-06-25 23:00:00,1320.2,20141000,1320.2,20141000,1319.9,20140800
2014-06-26 23:00:00,1317.1,20141000,1317.1,20141000,1317.1,20140800
2014-06-27 12:12:32,1317.35,20141000,1317.35,20141000,1317.1,20140800
2014-06-27 13:31:21,1318.5,20141000,1318.5,20141000,1317.1,20140800
2014-06-27 14:34:27,1318.4,20141000,1318.4,20141000,1317.1,20140800
2014-06-27 18:20:19,1319.4,20141000,1319.4,20141000,1317.1,20140800
2014-06-27 23:00:00,1318.0,20141000,1318.0,20141000,1316.9,20140800
2014-06-30 12:39:43,1313.6,20141000,1313.6,20141000,1316.9,20140800
2014-06-30 18:52:12,1322.9,20141000,1322.9,20141000,1316.9,20140800
2014-06-30 23:00:00,1330.3,20141000,1330.3,20141000,1330.2,20140800
2014-07-01 12:29:16,1326.9,20141000,1326.9,20141000,1330.2,20140800
2014-07-01 13:44:56,1328.1999999999996,20141000,1328.1999999999996,20141000,1330.2,20140800
2014-07-01 16:45:32,1327.15,20141000,1327.15,20141000,1330.2,20140800
2014-07-01 18:07:34,1328.6,20141000,1328.6,20141000,1330.2,20140800
2014-07-01 19:34:00,1328.6,20141000,1328.6,20141000,1330.2,20140800
2014-07-01 23:00:00,1328.0,20141000,1328.0,20141000,1327.3,20140800
2014-07-02 16:23:17,1329.65,20141000,1329.65,20141000,1327.3,20140800
2014-07-02 17:46:12,1330.85,20141000,1330.85,20141000,1327.3,20140800
2014-07-02 23:00:00,1328.8,20141000,1328.8,20141000,1327.5,20140800
2014-07-03 15:41:15,1321.4,20141000,1321.4,20141000,1327.5,20140800
2014-07-03 23:00:00,1321.4,20141000,1321.4,20141000,1320.6,20140800
2014-07-04 14:37:19,1322.85,20141000,1322.85,20141000,1320.6,20140800
2014-07-07 14:16:28,1315.4499999999996,20141000,1315.4499999999996,20141000,1320.6,20140800
2014-07-07 23:00:00,1320.9,20141000,1320.9,20141000,1320.4,20140800
2014-07-08 12:23:19,1323.9,20141000,1323.9,20141000,1320.4,20140800
2014-07-08 14:08:01,1324.4,20141000,1324.4,20141000,1320.4,20140800
2014-07-08 16:03:00,1316.65,20141000,1316.65,20141000,1320.4,20140800
2014-07-08 17:33:24,1316.9,20141000,1316.9,20141000,1320.4,20140800
2014-07-08 19:02:45,1317.25,20141000,1317.25,20141000,1320.4,20140800
2014-07-08 23:00:00,1320.9,20141000,1320.9,20141000,1320.7,20140800
2014-07-09 12:35:19,1326.1999999999996,20141000,1326.1999999999996,20141000,1320.7,20140800
2014-07-09 13:47:59,1328.0,20141000,1328.0,20141000,1320.7,20140800
2014-07-09 15:54:16,1326.45,20141000,1326.45,20141000,1320.7,20140800
2014-07-09 17:34:32,1324.8000000000004,20141000,1324.8000000000004,20141000,1320.7,20140800
2014-07-09 18:55:44,1325.35,20141000,1325.35,20141000,1320.7,20140800
2014-07-09 23:00:00,1331.1,20141000,1331.1,20141000,1328.9,20140800
2014-07-10 12:25:39,1343.0,20141000,1343.0,20141000,1328.9,20140800
2014-07-10 13:58:33,1341.6,20141000,1341.6,20141000,1328.9,20140800
2014-07-10 16:02:12,1339.4,20141000,1339.4,20141000,1328.9,20140800
2014-07-10 17:33:05,1339.1,20141000,1339.1,20141000,1328.9,20140800
2014-07-10 18:53:42,1340.1,20141000,1340.1,20141000,1328.9,20140800
2014-07-10 23:00:00,1337.4,20141000,1337.4,20141000,1336.8,20140800
2014-07-11 12:21:40,1338.8000000000004,20141000,1338.8000000000004,20141000,1336.8,20140800
2014-07-11 13:49:25,1337.4,20141000,1337.4,20141000,1336.8,20140800
2014-07-11 15:54:45,1337.9,20141000,1337.9,20141000,1336.8,20140800
2014-07-11 17:31:26,1337.9499999999996,20141000,1337.9499999999996,20141000,1336.8,20140800
2014-07-11 18:51:39,1337.75,20141000,1337.75,20141000,1336.8,20140800
2014-07-11 23:00:00,1340.0,20141000,1340.0,20141000,1338.8,20140800
2014-07-14 12:04:56,1323.15,20141000,1323.15,20141000,1338.8,20140800
2014-07-14 13:36:43,1314.9,20141000,1314.9,20141000,1338.8,20140800
2014-07-14 15:34:19,1308.0,20141000,1308.0,20141000,1338.8,20140800
2014-07-14 17:26:03,1306.75,20141000,1306.75,20141000,1338.8,20140800
2014-07-14 18:43:04,1307.1999999999996,20141000,1307.1999999999996,20141000,1338.8,20140800
2014-07-14 23:00:00,1308.0,20141000,1308.0,20141000,1307.1,20140800
2014-07-15 12:37:35,1313.6,20141000,1313.6,20141000,1307.1,20140800
2014-07-15 13:51:08,1309.6,20141000,1309.6,20141000,1307.1,20140800
2014-07-15 15:58:37,1295.35,20141000,1295.35,20141000,1307.1,20140800
2014-07-15 17:30:54,1297.8000000000004,20141000,1297.8000000000004,20141000,1307.1,20140800
2014-07-15 18:44:33,1297.25,20141000,1297.25,20141000,1307.1,20140800
2014-07-15 23:00:00,1294.7,20141000,1294.7,20141000,1294.5,20140800
2014-07-16 12:04:43,1298.9,20141000,1298.9,20141000,1294.5,20140800
2014-07-16 13:23:31,1298.0,20141000,1298.0,20141000,1294.5,20140800
2014-07-16 15:16:29,1302.6999999999996,20141000,1302.6999999999996,20141000,1294.5,20140800
2014-07-16 17:14:27,1302.9,20141000,1302.9,20141000,1294.5,20140800
2014-07-16 18:31:42,1299.9,20141000,1299.9,20141000,1294.5,20140800
2014-07-16 23:00:00,1298.6,20141000,1298.6,20141000,1298.9,20140800
2014-07-17 12:56:20,1301.1999999999996,20141000,1301.1999999999996,20141000,1298.9,20140800
2014-07-17 14:23:20,1306.3000000000004,20141000,1306.3000000000004,20141000,1298.9,20140800
2014-07-17 16:33:23,1317.0,20141000,1317.0,20141000,1298.9,20140800
2014-07-17 17:58:19,1318.5500000000004,20141000,1318.5500000000004,20141000,1298.9,20140800
2014-07-17 19:20:06,1317.5,20141000,1317.5,20141000,1298.9,20140800
2014-07-17 23:00:00,1320.5,20141000,1320.5,20141000,1320.8,20140800
2014-07-18 12:39:05,1311.6999999999996,20141000,1311.6999999999996,20141000,1320.8,20140800
2014-07-18 13:46:55,1311.1,20141000,1311.1,20141000,1320.8,20140800
2014-07-18 15:30:35,1307.5,20141000,1307.5,20141000,1320.8,20140800
2014-07-18 17:26:47,1307.6,20141000,1307.6,20141000,1320.8,20140800
2014-07-18 18:44:18,1310.8000000000004,20141000,1310.8000000000004,20141000,1320.8,20140800
2014-07-18 23:00:00,1311.6,20141000,1311.6,20141000,1311.2,20140800
2014-07-21 12:10:08,1314.6,20141000,1314.6,20141000,1311.2,20140800
2014-07-21 13:36:56,1317.15,20141000,1317.15,20141000,1311.2,20140800
2014-07-21 15:50:02,1314.4499999999996,20141000,1314.4499999999996,20141000,1311.2,20140800
2014-07-21 17:29:21,1314.1,20141000,1314.1,20141000,1311.2,20140800
2014-07-21 18:49:51,1313.85,20141000,1313.85,20141000,1311.2,20140800
2014-07-21 23:00:00,1314.4,20141000,1314.4,20141000,1313.5,20140800
2014-07-22 12:47:45,1307.15,20141000,1307.15,20141000,1313.5,20140800
2014-07-22 14:18:40,1314.0500000000004,20141000,1314.0500000000004,20141000,1313.5,20140800
2014-07-22 16:31:26,1306.6999999999996,20141000,1306.6999999999996,20141000,1313.5,20140800
2014-07-22 17:59:07,1308.3000000000004,20141000,1308.3000000000004,20141000,1313.5,20140800
2014-07-22 19:17:21,1307.4,20141000,1307.4,20141000,1313.5,20140800
2014-07-22 23:00:00,1307.0,20141000,1307.0,20141000,1306.8,20140800
2014-07-23 12:40:08,1308.8000000000004,20141000,1308.8000000000004,20141000,1306.8,20140800
2014-07-23 14:12:36,1307.5,20141000,1307.5,20141000,1306.8,20140800
2014-07-23 16:29:54,1307.6999999999996,20141000,1307.6999999999996,20141000,1306.8,20140800
2014-07-23 17:53:47,1305.5,20141000,1305.5,20141000,1306.8,20140800
2014-07-23 19:14:56,1306.4,20141000,1306.4,20141000,1306.8,20140800
2014-07-23 23:00:00,1306.5,20141000,1306.5,20141000,1305.8,20140800
2014-07-24 12:35:00,1300.4,20141000,1300.4,20141000,1305.8,20140800
2014-07-24 13:55:48,1299.5,20141000,1299.5,20141000,1305.8,20140800
2014-07-24 16:11:10,1290.5,20141000,1290.5,20141000,1305.8,20140800
2014-07-24 17:38:26,1291.6999999999996,20141000,1291.6999999999996,20141000,1305.8,20140800
2014-07-24 19:03:54,1291.3000000000004,20141000,1291.3000000000004,20141000,1305.8,20140800
2014-07-24 23:00:00,1294.0,20141000,1294.0,20141000,1292.5,20140800
2014-07-25 12:12:04,1296.1999999999996,20141000,1296.1999999999996,20141000,1292.5,20140800
2014-07-25 13:33:00,1295.6999999999996,20141000,1295.6999999999996,20141000,1292.5,20140800
2014-07-25 15:38:22,1295.4,20141000,1295.4,20141000,1292.5,20140800
2014-07-25 17:28:54,1298.9,20141000,1298.9,20141000,1292.5,20140800
2014-07-25 18:46:55,1303.1999999999996,20141000,1303.1999999999996,20141000,1292.5,20140800
2014-07-25 23:00:00,1303.1999999999996,20141000,1303.1999999999996,20141000,1307.3,20140800
2014-07-28 12:28:26,1305.85,20141000,1305.85,20141000,1307.3,20140800
2014-07-28 13:57:16,1305.4,20141000,1305.4,20141000,1307.3,20140800
2014-07-28 16:02:59,1305.6,20141000,1305.6,20141000,1307.3,20140800
2014-07-28 17:30:16,1304.8000000000004,20141000,1304.8000000000004,20141000,1307.3,20140800
2014-07-28 18:47:56,1304.6,20141000,1304.6,20141000,1307.3,20140800
2014-07-28 23:00:00,1306.2,20141000,1306.2,20141000,1305.1,20140800
2014-07-29 12:07:22,1306.2,20141200,1306.2,20141200,1308.9,20141000
2014-07-29 13:28:22,1306.2,20141200,1306.2,20141200,1308.3000000000004,20141000
2014-07-29 15:30:32,1306.2,20141200,1306.2,20141200,1299.8000000000004,20141000
2014-07-29 17:25:33,1306.2,20141200,1306.2,20141200,1298.25,20141000
2014-07-29 18:45:52,1306.2,20141200,1306.2,20141200,1299.3000000000004,20141000
2014-07-29 23:00:00,1302.3,20141200,1302.3,20141200,1299.3000000000004,20141000
2014-07-30 12:43:46,1302.3,20141200,1302.3,20141200,1299.9,20141000
2014-07-30 14:13:20,1302.3,20141200,1302.3,20141200,1295.8000000000004,20141000
2014-07-30 16:29:06,1302.3,20141200,1302.3,20141200,1294.6,20141000
2014-07-30 17:53:40,1302.3,20141200,1302.3,20141200,1295.15,20141000
2014-07-30 19:11:37,1302.3,20141200,1302.3,20141200,1297.15,20141000
2014-07-30 23:00:00,1298.5,20141200,1298.5,20141200,1297.15,20141000
2014-07-31 23:00:00,1283.1,20141200,1283.1,20141200,1297.15,20141000
2014-08-01 23:00:00,1294.1,20141200,1294.1,20141200,1297.15,20141000
2014-08-04 23:00:00,1289.7,20141200,1289.7,20141200,1297.15,20141000
2014-08-05 23:00:00,1288.6,20141200,1288.6,20141200,1297.15,20141000
2014-08-06 16:47:29,1288.6,20141200,1288.6,20141200,1305.9,20141000
2014-08-06 17:50:11,1288.6,20141200,1288.6,20141200,1307.6999999999996,20141000
2014-08-06 18:51:17,1288.6,20141200,1288.6,20141200,1308.4,20141000
2014-08-06 23:00:00,1308.1,20141200,1308.1,20141200,1307.0,20141000
2014-08-07 16:27:51,1308.1,20141200,1308.1,20141200,1307.3000000000004,20141000
2014-08-07 17:58:02,1308.1,20141200,1308.1,20141200,1312.6999999999996,20141000
2014-08-07 23:00:00,1308.1,20141200,1308.1,20141200,1312.0,20141000
2014-08-08 12:38:14,1316.55,20141200,1316.55,20141200,1312.0,20141000
2014-08-08 13:53:40,1310.55,20141200,1310.55,20141200,1312.0,20141000
2014-08-08 16:06:29,1311.45,20141200,1311.45,20141200,1312.0,20141000
2014-08-08 17:34:30,1312.75,20141200,1312.75,20141200,1312.0,20141000
2014-08-08 18:54:22,1310.65,20141200,1310.65,20141200,1312.0,20141000
2014-08-08 23:00:00,1310.65,20141200,1310.65,20141200,1312.1,20141000
2014-08-11 12:25:38,1311.05,20141200,1311.05,20141200,1312.1,20141000
2014-08-11 13:59:51,1310.0,20141200,1310.0,20141200,1312.1,20141000
2014-08-11 16:06:52,1307.95,20141200,1307.95,20141200,1312.1,20141000
2014-08-11 17:33:23,1307.85,20141200,1307.85,20141200,1312.1,20141000
2014-08-11 18:55:00,1309.8000000000004,20141200,1309.8000000000004,20141200,1312.1,20141000
2014-08-11 23:00:00,1310.4,20141200,1310.4,20141200,1309.6,20141000
2014-08-12 12:39:57,1313.4,20141200,1313.4,20141200,1309.6,20141000
2014-08-12 14:12:07,1316.55,20141200,1316.55,20141200,1309.6,20141000
2014-08-12 16:23:38,1317.1999999999996,20141200,1317.1999999999996,20141200,1309.6,20141000
2014-08-12 17:53:25,1315.95,20141200,1315.95,20141200,1309.6,20141000
2014-08-12 19:12:12,1310.45,20141200,1310.45,20141200,1309.6,20141000
2014-08-12 23:00:00,1310.7,20141200,1310.7,20141200,1309.7,20141000
2014-08-13 12:35:13,1309.6,20141200,1309.6,20141200,1309.7,20141000
2014-08-13 13:55:59,1313.95,20141200,1313.95,20141200,1309.7,20141000
2014-08-13 16:06:05,1313.65,20141200,1313.65,20141200,1309.7,20141000
2014-08-13 17:33:20,1311.45,20141200,1311.45,20141200,1309.7,20141000
2014-08-13 18:56:21,1313.85,20141200,1313.85,20141200,1309.7,20141000
2014-08-13 23:00:00,1312.7,20141200,1312.7,20141200,1312.4,20141000
2014-08-14 23:00:00,1314.1,20141200,1314.1,20141200,1313.2,20141000
2014-08-15 12:14:20,1313.4,20141200,1313.4,20141200,1313.2,20141000
2014-08-15 14:03:51,1297.5,20141200,1297.5,20141200,1313.2,20141000
2014-08-15 16:00:57,1305.35,20141200,1305.35,20141200,1313.2,20141000
2014-08-15 17:47:45,1305.75,20141200,1305.75,20141200,1313.2,20141000
2014-08-15 19:08:20,1305.75,20141200,1305.75,20141200,1313.2,20141000
2014-08-15 23:00:00,1305.2,20141200,1305.2,20141200,1305.4,20141000
2014-08-18 12:05:03,1303.35,20141200,1303.35,20141200,1305.4,20141000
2014-08-18 13:50:08,1298.65,20141200,1298.65,20141200,1305.4,20141000
2014-08-18 15:45:39,1300.05,20141200,1300.05,20141200,1305.4,20141000
2014-08-18 17:33:43,1299.6999999999996,20141200,1299.6999999999996,20141200,1305.4,20141000
2014-08-18 18:56:14,1298.45,20141200,1298.45,20141200,1305.4,20141000
2014-08-18 23:00:00,1299.8,20141200,1299.8,20141200,1298.7,20141000
2014-08-19 12:03:49,1301.5,20141200,1301.5,20141200,1298.7,20141000
2014-08-19 13:52:22,1300.6999999999996,20141200,1300.6999999999996,20141200,1298.7,20141000
2014-08-19 15:50:45,1295.75,20141200,1295.75,20141200,1298.7,20141000
2014-08-19 17:34:18,1296.35,20141200,1296.35,20141200,1298.7,20141000
2014-08-19 18:54:42,1296.95,20141200,1296.95,20141200,1298.7,20141000
2014-08-19 23:00:00,1296.9,20141200,1296.9,20141200,1296.3,20141000
2014-08-20 12:07:41,1296.25,20141200,1296.25,20141200,1296.3,20141000
2014-08-20 13:55:31,1296.65,20141200,1296.65,20141200,1296.3,20141000
2014-08-20 15:53:43,1294.4,20141200,1294.4,20141200,1296.3,20141000
2014-08-20 17:39:43,1294.65,20141200,1294.65,20141200,1296.3,20141000
2014-08-20 19:00:14,1294.55,20141200,1294.55,20141200,1296.3,20141000
2014-08-20 23:00:00,1292.2,20141200,1292.2,20141200,1291.3,20141000
2014-08-21 13:13:25,1280.65,20141200,1280.65,20141200,1291.3,20141000
2014-08-21 15:02:25,1276.55,20141200,1276.55,20141200,1291.3,20141000
2014-08-21 17:18:18,1275.75,20141200,1275.75,20141200,1291.3,20141000
2014-08-21 18:37:31,1275.4,20141200,1275.4,20141200,1291.3,20141000
2014-08-21 19:39:17,1276.55,20141200,1276.55,20141200,1291.3,20141000
2014-08-21 23:00:00,1278.0,20141200,1278.0,20141200,1277.1,20141000
2014-08-22 12:17:49,1281.35,20141200,1281.35,20141200,1277.1,20141000
2014-08-22 14:06:13,1279.85,20141200,1279.85,20141200,1277.1,20141000
2014-08-22 16:05:31,1279.55,20141200,1279.55,20141200,1277.1,20141000
2014-08-22 17:50:12,1280.55,20141200,1280.55,20141200,1277.1,20141000
2014-08-22 19:10:16,1281.25,20141200,1281.25,20141200,1277.1,20141000
2014-08-22 23:00:00,1281.4,20141200,1281.4,20141200,1280.6,20141000
2014-08-25 12:25:10,1279.55,20141200,1279.55,20141200,1280.6,20141000
2014-08-25 13:32:50,1280.5,20141200,1280.5,20141200,1280.6,20141000
2014-08-25 15:24:11,1278.85,20141200,1278.85,20141200,1280.6,20141000
2014-08-25 16:58:47,1277.15,20141200,1277.15,20141200,1280.6,20141000
2014-08-25 18:22:44,1279.35,20141200,1279.35,20141200,1280.6,20141000
2014-08-25 19:29:57,1278.6999999999996,20141200,1278.6999999999996,20141200,1280.6,20141000
2014-08-25 23:00:00,1276.8,20141200,1276.8,20141200,1276.0,20141000
2014-08-26 12:11:04,1287.85,20141200,1287.85,20141200,1276.0,20141000
2014-08-26 19:26:52,1284.35,20141200,1284.35,20141200,1276.0,20141000
2014-08-26 23:00:00,1283.3,20141200,1283.3,20141200,1282.3,20141000
2014-08-27 12:44:00,1286.45,20141200,1286.45,20141200,1282.3,20141000
2014-08-27 14:30:58,1285.75,20141200,1285.75,20141200,1282.3,20141000
2014-08-27 16:28:47,1282.6999999999996,20141200,1282.6999999999996,20141200,1282.3,20141000
2014-08-27 17:55:55,1283.65,20141200,1283.65,20141200,1282.3,20141000
2014-08-27 19:26:44,1283.85,20141200,1283.85,20141200,1282.3,20141000
2014-08-27 23:00:00,1282.9,20141200,1282.9,20141200,1282.9,20141000
2014-08-28 12:04:08,1292.95,20141200,1292.95,20141200,1282.9,20141000
2014-08-28 16:26:37,1290.55,20141200,1290.55,20141200,1282.9,20141000
2014-08-28 18:01:00,1290.8000000000004,20141200,1290.8000000000004,20141200,1282.9,20141000
2014-08-28 19:40:26,1290.75,20141200,1290.75,20141200,1282.9,20141000
2014-08-28 23:00:00,1290.2,20141200,1290.2,20141200,1289.5,20141000
2014-08-29 12:10:17,1285.35,20141200,1285.35,20141200,1289.5,20141000
2014-08-29 13:51:00,1286.75,20141200,1286.75,20141200,1289.5,20141000
2014-08-29 16:18:21,1289.05,20141200,1289.05,20141200,1289.5,20141000
2014-08-29 17:53:53,1288.35,20141200,1288.35,20141200,1289.5,20141000
2014-08-29 19:34:30,1287.45,20141200,1287.45,20141200,1289.5,20141000
2014-08-29 23:00:00,1288.3,20141200,1288.3,20141200,1287.2,20141000
2014-09-01 12:08:17,1288.55,20141200,1288.55,20141200,1287.2,20141000
2014-09-01 14:13:25,1287.65,20141200,1287.65,20141200,1287.2,20141000
2014-09-02 12:17:26,1272.5,20141200,1272.5,20141200,1287.2,20141000
2014-09-02 13:21:12,1267.35,20141200,1267.35,20141200,1287.2,20141000
2014-09-02 15:09:27,1267.55,20141200,1267.55,20141200,1287.2,20141000
2014-09-02 16:59:32,1264.45,20141200,1264.45,20141200,1287.2,20141000
2014-09-02 18:12:29,1264.95,20141200,1264.95,20141200,1287.2,20141000
2014-09-02 19:23:19,1266.25,20141200,1266.25,20141200,1287.2,20141000
2014-09-02 23:00:00,1265.7,20141200,1265.7,20141200,1265.3,20141000
2014-09-03 12:11:25,1268.0,20141200,1268.0,20141200,1265.3,20141000
2014-09-03 13:40:44,1267.15,20141200,1267.15,20141200,1265.3,20141000
2014-09-03 16:14:24,1268.1999999999996,20141200,1268.1999999999996,20141200,1265.3,20141000
2014-09-03 17:52:10,1269.45,20141200,1269.45,20141200,1265.3,20141000
2014-09-03 19:33:12,1270.75,20141200,1270.75,20141200,1265.3,20141000
2014-09-03 23:00:00,1270.6,20141200,1270.6,20141200,1269.6,20141000
2014-09-04 12:33:42,1270.25,20141200,1270.25,20141200,1269.6,20141000
2014-09-04 14:14:53,1268.85,20141200,1268.85,20141200,1269.6,20141000
2014-09-04 16:44:31,1270.15,20141200,1270.15,20141200,1269.6,20141000
2014-09-04 18:22:29,1266.45,20141200,1266.45,20141200,1269.6,20141000
2014-09-04 23:00:00,1263.6,20141200,1263.6,20141200,1262.8,20141000
2014-09-05 12:25:03,1266.5,20141200,1266.5,20141200,1262.8,20141000
2014-09-05 13:50:55,1269.0,20141200,1269.0,20141200,1262.8,20141000
2014-09-05 16:20:06,1266.75,20141200,1266.75,20141200,1262.8,20141000
2014-09-05 18:01:25,1266.65,20141200,1266.65,20141200,1262.8,20141000
2014-09-05 19:42:12,1267.75,20141200,1267.75,20141200,1262.8,20141000
2014-09-05 23:00:00,1269.5,20141200,1269.5,20141200,1268.3,20141000
2014-09-08 12:07:00,1266.15,20141200,1266.15,20141200,1268.3,20141000
2014-09-08 13:49:31,1265.35,20141200,1265.35,20141200,1268.3,20141000
2014-09-08 16:20:21,1254.65,20141200,1254.65,20141200,1268.3,20141000
2014-09-08 18:03:36,1252.5,20141200,1252.5,20141200,1268.3,20141000
2014-09-08 19:37:55,1255.65,20141200,1255.65,20141200,1268.3,20141000
2014-09-08 23:00:00,1256.3,20141200,1256.3,20141200,1254.9,20141000
2014-09-09 12:10:36,1256.25,20141200,1256.25,20141200,1254.9,20141000
2014-09-09 13:39:12,1256.3000000000004,20141200,1256.3000000000004,20141200,1254.9,20141000
2014-09-09 16:10:36,1256.05,20141200,1256.05,20141200,1254.9,20141000
2014-09-09 17:51:57,1250.35,20141200,1250.35,20141200,1254.9,20141000
2014-09-09 19:37:59,1250.15,20141200,1250.15,20141200,1254.9,20141000
2014-09-09 23:00:00,1257.0,20141200,1257.0,20141200,1256.0,20141000
2014-09-10 16:11:11,1249.3000000000004,20141200,1249.3000000000004,20141200,1256.0,20141000
2014-09-10 17:49:51,1245.75,20141200,1245.75,20141200,1256.0,20141000
2014-09-10 19:43:06,1248.45,20141200,1248.45,20141200,1256.0,20141000
2014-09-10 23:00:00,1251.1,20141200,1251.1,20141200,1250.0,20141000
2014-09-11 12:16:02,1241.05,20141200,1241.05,20141200,1250.0,20141000
2014-09-11 13:28:29,1244.05,20141200,1244.05,20141200,1250.0,20141000
2014-09-11 15:41:41,1239.9,20141200,1239.9,20141200,1250.0,20141000
2014-09-11 17:10:36,1239.55,20141200,1239.55,20141200,1250.0,20141000
2014-09-11 18:18:29,1238.85,20141200,1238.85,20141200,1250.0,20141000
2014-09-11 19:32:19,1239.75,20141200,1239.75,20141200,1250.0,20141000
2014-09-11 23:00:00,1242.7,20141200,1242.7,20141200,1241.5,20141000
2014-09-12 13:18:42,1238.25,20141200,1238.25,20141200,1241.5,20141000
2014-09-12 15:44:36,1228.75,20141200,1228.75,20141200,1241.5,20141000
2014-09-12 17:36:55,1233.8000000000004,20141200,1233.8000000000004,20141200,1241.5,20141000
2014-09-12 19:29:39,1229.85,20141200,1229.85,20141200,1241.5,20141000
2014-09-12 23:00:00,1231.2,20141200,1231.2,20141200,1230.0,20141000
2014-09-15 12:08:14,1236.35,20141200,1236.35,20141200,1230.0,20141000
2014-09-15 13:37:04,1235.35,20141200,1235.35,20141200,1230.0,20141000
2014-09-15 15:17:23,1233.45,20141200,1233.45,20141200,1230.0,20141000
2014-09-15 16:47:16,1234.15,20141200,1234.15,20141200,1230.0,20141000
2014-09-15 18:09:08,1235.55,20141200,1235.55,20141200,1230.0,20141000
2014-09-15 19:40:04,1234.55,20141200,1234.55,20141200,1230.0,20141000
2014-09-15 23:00:00,1234.4,20141200,1234.4,20141200,1233.6,20141000
2014-09-16 12:29:51,1238.95,20141200,1238.95,20141200,1233.6,20141000
2014-09-16 14:07:23,1235.85,20141200,1235.85,20141200,1233.6,20141000
2014-09-16 16:35:06,1233.55,20141200,1233.55,20141200,1233.6,20141000
2014-09-16 18:11:27,1236.3000000000004,20141200,1236.3000000000004,20141200,1233.6,20141000
2014-09-16 19:44:56,1236.95,20141200,1236.95,20141200,1233.6,20141000
2014-09-16 23:00:00,1236.1,20141200,1236.1,20141200,1235.0,20141000
2014-09-17 12:07:14,1238.15,20141200,1238.15,20141200,1235.0,20141000
2014-09-17 13:35:13,1238.6999999999996,20141200,1238.6999999999996,20141200,1235.0,20141000
2014-09-17 16:07:25,1237.05,20141200,1237.05,20141200,1235.0,20141000
2014-09-17 17:46:19,1236.75,20141200,1236.75,20141200,1235.0,20141000
2014-09-17 19:42:25,1232.8000000000004,20141200,1232.8000000000004,20141200,1235.0,20141000
2014-09-17 23:00:00,1223.1,20141200,1223.1,20141200,1222.7,20141000
2014-09-18 15:40:11,1226.85,20141200,1226.85,20141200,1222.7,20141000
2014-09-18 17:33:24,1226.75,20141200,1226.75,20141200,1222.7,20141000
2014-09-18 18:54:08,1226.75,20141200,1226.75,20141200,1222.7,20141000
2014-09-18 23:00:00,1225.4,20141200,1225.4,20141200,1224.8,20141000
2014-09-19 12:07:02,1222.95,20141200,1222.95,20141200,1224.8,20141000
2014-09-19 13:25:39,1223.05,20141200,1223.05,20141200,1224.8,20141000
2014-09-19 15:25:59,1220.35,20141200,1220.35,20141200,1224.8,20141000
2014-09-19 17:15:47,1218.15,20141200,1218.15,20141200,1224.8,20141000
2014-09-19 18:49:12,1215.05,20141200,1215.05,20141200,1224.8,20141000
2014-09-19 23:00:00,1218.2,20141200,1218.2,20141200,1216.4,20141000
2014-09-22 12:36:32,1213.4,20141200,1213.4,20141200,1216.4,20141000
2014-09-22 13:54:12,1215.45,20141200,1215.45,20141200,1216.4,20141000
2014-09-22 16:05:24,1214.05,20141200,1214.05,20141200,1216.4,20141000
2014-09-22 17:31:07,1217.45,20141200,1217.45,20141200,1216.4,20141000
2014-09-22 19:05:45,1217.55,20141200,1217.55,20141200,1216.4,20141000
2014-09-22 23:00:00,1215.5,20141200,1215.5,20141200,1214.9,20141000
2014-09-23 12:04:00,1232.65,20141200,1232.65,20141200,1214.9,20141000
2014-09-23 13:17:49,1231.6,20141200,1231.6,20141200,1214.9,20141000
2014-09-23 15:21:22,1221.05,20141200,1221.05,20141200,1214.9,20141000
2014-09-23 17:13:07,1223.25,20141200,1223.25,20141200,1214.9,20141000
2014-09-23 18:29:20,1221.65,20141200,1221.65,20141200,1214.9,20141000
2014-09-23 19:35:56,1224.6999999999996,20141200,1224.6999999999996,20141200,1214.9,20141000
2014-09-23 23:00:00,1223.0,20141200,1223.0,20141200,1222.0,20141000
2014-09-24 12:14:06,1221.95,20141200,1221.95,20141200,1222.0,20141000
2014-09-24 13:28:44,1220.85,20141200,1220.85,20141200,1222.0,20141000
2014-09-24 15:36:27,1223.3000000000004,20141200,1223.3000000000004,20141200,1222.0,20141000
2014-09-24 17:28:21,1218.3000000000004,20141200,1218.3000000000004,20141200,1222.0,20141000
2014-09-24 19:08:57,1217.65,20141200,1217.65,20141200,1222.0,20141000
2014-09-24 23:00:00,1217.7,20141200,1217.7,20141200,1216.7,20141000
2014-09-25 12:06:31,1209.65,20141200,1209.65,20141200,1216.7,20141000
2014-09-25 13:40:43,1212.85,20141200,1212.85,20141200,1216.7,20141000
2014-09-25 15:59:33,1220.85,20141200,1220.85,20141200,1216.7,20141000
2014-09-25 17:33:28,1221.65,20141200,1221.65,20141200,1216.7,20141000
2014-09-25 18:51:16,1222.45,20141200,1222.45,20141200,1216.7,20141000
2014-09-25 23:00:00,1222.4,20141200,1222.4,20141200,1221.6,20141000
2014-09-26 12:04:28,1222.55,20141200,1222.55,20141200,1221.6,20141000
2014-09-26 13:24:57,1220.25,20141200,1220.25,20141200,1221.6,20141000
2014-09-26 15:35:17,1214.05,20141200,1214.05,20141200,1221.6,20141000
2014-09-26 17:28:25,1215.15,20141200,1215.15,20141200,1221.6,20141000
2014-09-26 18:45:49,1215.25,20141200,1215.25,20141200,1221.6,20141000
2014-09-26 23:00:00,1217.8,20141200,1217.8,20141200,1216.2,20141000
2014-09-29 12:05:50,1220.3000000000004,20141200,1220.3000000000004,20141200,1216.2,20141000
2014-09-29 13:24:01,1220.95,20141200,1220.95,20141200,1216.2,20141000
2014-09-29 15:34:02,1217.55,20141200,1217.55,20141200,1216.2,20141000
2014-09-29 17:27:38,1218.05,20141200,1218.05,20141200,1216.2,20141000
2014-09-29 18:45:54,1217.75,20141200,1217.75,20141200,1216.2,20141000
2014-09-29 23:00:00,1216.8,20141200,1216.8,20141200,1215.5,20141000
2014-09-30 12:21:17,1216.8,20150200,1216.8,20150200,1206.35,20141200
2014-09-30 13:52:01,1216.8,20150200,1216.8,20150200,1207.6999999999996,20141200
2014-09-30 16:08:16,1216.8,20150200,1216.8,20150200,1212.85,20141200
2014-09-30 17:30:52,1216.8,20150200,1216.8,20150200,1206.15,20141200
2014-09-30 18:45:39,1216.8,20150200,1216.8,20150200,1211.85,20141200
2014-09-30 23:00:00,1209.3,20150200,1209.3,20150200,1209.4,20141200
2014-10-01 12:52:59,1209.3,20150200,1209.3,20150200,1211.05,20141200
2014-10-01 14:25:19,1209.3,20150200,1209.3,20150200,1213.05,20141200
2014-10-01 16:46:13,1209.3,20150200,1209.3,20150200,1218.1999999999996,20141200
2014-10-01 18:11:05,1209.3,20150200,1209.3,20150200,1216.6999999999996,20141200
2014-10-01 23:00:00,1216.6,20150200,1216.6,20150200,1215.9,20141200
2014-10-02 14:37:41,1216.6,20150200,1216.6,20150200,1214.3000000000004,20141200
2014-10-02 16:35:15,1216.6,20150200,1216.6,20150200,1215.25,20141200
2014-10-02 18:26:07,1216.6,20150200,1216.6,20150200,1214.75,20141200
2014-10-02 19:31:11,1216.6,20150200,1216.6,20150200,1214.85,20141200
2014-10-02 23:00:00,1215.0,20150200,1215.0,20150200,1214.4,20141200
2014-10-03 12:07:32,1215.0,20150200,1215.0,20150200,1206.75,20141200
2014-10-03 13:37:15,1215.0,20150200,1215.0,20150200,1200.5,20141200
2014-10-03 15:48:01,1215.0,20150200,1215.0,20150200,1192.45,20141200
2014-10-03 17:25:00,1215.0,20150200,1215.0,20150200,1192.45,20141200
2014-10-03 18:40:54,1215.0,20150200,1215.0,20150200,1192.55,20141200
2014-10-03 23:00:00,1192.4,20150200,1192.4,20150200,1192.0,20141200
2014-10-06 12:07:32,1192.4,20150200,1192.4,20150200,1194.65,20141200
2014-10-06 13:19:55,1192.4,20150200,1192.4,20150200,1196.8000000000004,20141200
2014-10-06 15:28:46,1192.4,20150200,1192.4,20150200,1199.55,20141200
2014-10-06 17:19:32,1192.4,20150200,1192.4,20150200,1201.75,20141200
2014-10-06 18:34:24,1192.4,20150200,1192.4,20150200,1207.15,20141200
2014-10-06 19:39:59,1192.4,20150200,1192.4,20150200,1207.8000000000004,20141200
2014-10-06 23:00:00,1208.0,20150200,1208.0,20150200,1207.3,20141200
2014-10-07 13:20:34,1208.0,20150200,1208.0,20150200,1206.95,20141200
2014-10-07 15:58:53,1208.0,20150200,1208.0,20150200,1211.65,20141200
2014-10-07 17:37:15,1208.0,20150200,1208.0,20150200,1209.85,20141200
2014-10-07 18:55:26,1208.0,20150200,1208.0,20150200,1211.85,20141200
2014-10-07 23:00:00,1212.7,20150200,1212.7,20150200,1210.7,20141200
2014-10-08 12:04:37,1212.7,20150200,1212.7,20150200,1217.25,20141200
2014-10-08 13:38:40,1212.7,20150200,1212.7,20150200,1217.75,20141200
2014-10-08 16:03:07,1212.7,20150200,1212.7,20150200,1211.5,20141200
2014-10-08 17:33:53,1212.7,20150200,1212.7,20150200,1206.5,20141200
2014-10-08 18:52:02,1212.7,20150200,1212.7,20150200,1206.25,20141200
2014-10-08 23:00:00,1224.0,20150200,1224.0,20150200,1222.5,20141200
2014-10-09 12:05:35,1224.0,20150200,1224.0,20150200,1231.25,20141200
2014-10-09 13:38:59,1224.0,20150200,1224.0,20150200,1228.3000000000004,20141200
2014-10-09 16:04:49,1224.0,20150200,1224.0,20150200,1226.35,20141200
2014-10-09 17:31:50,1224.0,20150200,1224.0,20150200,1224.75,20141200
2014-10-09 18:45:40,1224.0,20150200,1224.0,20150200,1225.1999999999996,20141200
2014-10-09 23:00:00,1225.7,20150200,1225.7,20150200,1223.9,20141200
2014-10-10 12:04:22,1225.7,20150200,1225.7,20150200,1223.45,20141200
2014-10-10 13:38:21,1225.7,20150200,1225.7,20150200,1222.9,20141200
2014-10-10 16:03:28,1225.7,20150200,1225.7,20150200,1221.1,20141200
2014-10-10 17:31:19,1225.7,20150200,1225.7,20150200,1221.9,20141200
2014-10-10 18:48:45,1225.7,20150200,1225.7,20150200,1222.15,20141200
2014-10-10 23:00:00,1225.0,20150200,1225.0,20150200,1223.4,20141200
2014-10-13 12:12:25,1225.0,20150200,1225.0,20150200,1227.25,20141200
2014-10-13 13:13:26,1225.0,20150200,1225.0,20150200,1227.55,20141200
2014-10-13 14:15:44,1225.0,20150200,1225.0,20150200,1227.65,20141200
2014-10-13 15:39:38,1225.0,20150200,1225.0,20150200,1230.6999999999996,20141200
2014-10-13 16:47:18,1225.0,20150200,1225.0,20150200,1229.75,20141200
2014-10-13 17:48:08,1225.0,20150200,1225.0,20150200,1228.15,20141200
2014-10-13 19:06:06,1225.0,20150200,1225.0,20150200,1230.95,20141200
2014-10-13 23:00:00,1233.8,20150200,1233.8,20150200,1232.8,20141200
2014-10-14 12:33:06,1233.8,20150200,1233.8,20150200,1236.3000000000004,20141200
2014-10-14 13:34:07,1233.8,20150200,1233.8,20150200,1233.15,20141200
2014-10-14 16:02:19,1233.8,20150200,1233.8,20150200,1233.95,20141200
2014-10-14 17:32:18,1233.8,20150200,1233.8,20150200,1233.95,20141200
2014-10-14 18:47:45,1233.8,20150200,1233.8,20150200,1233.55,20141200
2014-10-14 23:00:00,1234.2,20150200,1234.2,20150200,1233.8,20141200
2014-10-15 12:05:26,1234.2,20150200,1234.2,20150200,1223.95,20141200
2014-10-15 13:29:03,1234.2,20150200,1234.2,20150200,1229.3000000000004,20141200
2014-10-15 15:51:39,1234.2,20150200,1234.2,20150200,1239.75,20141200
2014-10-15 17:33:25,1234.2,20150200,1234.2,20150200,1245.85,20141200
2014-10-15 18:51:35,1234.2,20150200,1234.2,20150200,1242.85,20141200
2014-10-15 23:00:00,1240.9,20150200,1240.9,20150200,1238.3,20141200
2014-10-16 12:04:17,1240.9,20150200,1240.9,20150200,1242.95,20141200
2014-10-16 13:39:31,1240.9,20150200,1240.9,20150200,1239.6,20141200
2014-10-16 23:00:00,1241.7,20150200,1241.7,20150200,1240.0,20141200
2014-10-17 12:06:17,1241.7,20150200,1241.7,20150200,1237.1999999999996,20141200
2014-10-17 13:39:13,1241.7,20150200,1241.7,20150200,1238.15,20141200
2014-10-17 16:02:43,1241.7,20150200,1241.7,20150200,1234.35,20141200
2014-10-17 17:31:58,1241.7,20150200,1241.7,20150200,1235.4,20141200
2014-10-17 18:48:58,1241.7,20150200,1241.7,20150200,1238.25,20141200
2014-10-17 23:00:00,1239.2,20150200,1239.2,20150200,1238.1,20141200
2014-10-20 12:05:21,1239.2,20150200,1239.2,20150200,1242.6,20141200
2014-10-20 13:37:18,1239.2,20150200,1239.2,20150200,1246.65,20141200
2014-10-20 15:48:45,1239.2,20150200,1239.2,20150200,1244.75,20141200
2014-10-20 17:30:17,1239.2,20150200,1239.2,20150200,1245.05,20141200
2014-10-20 19:13:00,1239.2,20150200,1239.2,20150200,1245.15,20141200
2014-10-20 23:00:00,1247.2,20150200,1247.2,20150200,1246.5,20141200
2014-10-21 12:15:52,1247.2,20150200,1247.2,20150200,1248.15,20141200
2014-10-21 13:27:52,1247.2,20150200,1247.2,20150200,1249.95,20141200
2014-10-21 15:44:27,1247.2,20150200,1247.2,20150200,1253.25,20141200
2014-10-21 17:28:12,1247.2,20150200,1247.2,20150200,1251.95,20141200
2014-10-21 18:46:14,1247.2,20150200,1247.2,20150200,1251.25,20141200
2014-10-21 23:00:00,1250.1,20150200,1250.1,20150200,1248.9,20141200
2014-10-22 12:56:48,1250.1,20150200,1250.1,20150200,1247.95,20141200
2014-10-22 14:36:54,1250.1,20150200,1250.1,20150200,1246.05,20141200
2014-10-22 17:04:20,1250.1,20150200,1250.1,20150200,1243.25,20141200
2014-10-22 18:26:05,1250.1,20150200,1250.1,20150200,1245.55,20141200
2014-10-22 23:00:00,1242.5,20150200,1242.5,20150200,1241.9,20141200
2014-10-23 12:05:16,1242.5,20150200,1242.5,20150200,1238.8000000000004,20141200
2014-10-23 13:42:25,1242.5,20150200,1242.5,20150200,1234.95,20141200
2014-10-23 16:04:46,1242.5,20150200,1242.5,20150200,1227.1999999999996,20141200
2014-10-23 17:32:44,1242.5,20150200,1242.5,20150200,1228.95,20141200
2014-10-23 18:49:11,1242.5,20150200,1242.5,20150200,1229.4,20141200
2014-10-23 23:00:00,1234.1,20150200,1234.1,20150200,1232.7,20141200
2014-10-24 12:59:52,1234.1,20150200,1234.1,20150200,1233.1,20141200
2014-10-24 14:38:38,1234.1,20150200,1234.1,20150200,1233.0,20141200
2014-10-24 17:03:52,1234.1,20150200,1234.1,20150200,1230.35,20141200
2014-10-24 18:25:16,1234.1,20150200,1234.1,20150200,1231.1999999999996,20141200
2014-10-24 23:00:00,1232.1,20150200,1232.1,20150200,1231.1,20141200
2014-10-27 12:08:02,1232.1,20150200,1232.1,20150200,1230.55,20141200
2014-10-27 13:34:34,1232.1,20150200,1232.1,20150200,1229.15,20141200
2014-10-27 15:44:23,1232.1,20150200,1232.1,20150200,1229.25,20141200
2014-10-27 17:29:39,1232.1,20150200,1232.1,20150200,1229.35,20141200
2014-10-27 19:10:44,1232.1,20150200,1232.1,20150200,1228.75,20141200
2014-10-27 23:00:00,1229.9,20150200,1229.9,20150200,1228.0,20141200
2014-10-28 12:06:12,1229.9,20150200,1229.9,20150200,1226.75,20141200
2014-10-28 13:20:14,1229.9,20150200,1229.9,20150200,1233.6,20141200
2014-10-28 15:31:29,1229.9,20150200,1229.9,20150200,1229.05,20141200
2014-10-28 17:26:55,1229.9,20150200,1229.9,20150200,1229.35,20141200
2014-10-28 18:46:15,1229.9,20150200,1229.9,20150200,1228.75,20141200
2014-10-28 23:00:00,1228.6,20150200,1228.6,20150200,1228.4,20141200
2014-10-29 12:05:59,1228.6,20150200,1228.6,20150200,1227.15,20141200
2014-10-29 13:26:36,1228.6,20150200,1228.6,20150200,1222.55,20141200
2014-10-29 15:29:06,1228.6,20150200,1228.6,20150200,1223.85,20141200
2014-10-29 23:00:00,1211.9,20150200,1211.9,20150200,1211.1,20141200
2014-10-30 12:28:08,1211.9,20150200,1211.9,20150200,1201.45,20141200
2014-10-30 14:03:33,1211.9,20150200,1211.9,20150200,1202.45,20141200
2014-10-30 16:25:29,1211.9,20150200,1211.9,20150200,1199.35,20141200
2014-10-30 17:52:28,1211.9,20150200,1211.9,20150200,1199.1,20141200
2014-10-30 19:28:05,1211.9,20150200,1211.9,20150200,1198.6999999999996,20141200
2014-10-30 23:00:00,1199.3,20150200,1199.3,20150200,1198.3,20141200
2014-10-31 12:06:14,1199.3,20150200,1199.3,20150200,1173.0,20141200
2014-10-31 13:28:37,1199.3,20150200,1199.3,20150200,1163.75,20141200
2014-10-31 15:40:52,1199.3,20150200,1199.3,20150200,1165.5,20141200
2014-10-31 17:31:50,1199.3,20150200,1199.3,20150200,1171.65,20141200
2014-10-31 18:51:29,1199.3,20150200,1199.3,20150200,1169.55,20141200
2014-10-31 23:00:00,1173.1,20150200,1173.1,20150200,1171.5,20141200
2014-11-03 17:37:51,1173.1,20150200,1173.1,20150200,1171.45,20141200
2014-11-03 18:59:57,1173.1,20150200,1173.1,20150200,1167.4,20141200
2014-11-03 23:00:00,1166.5,20150200,1166.5,20150200,1166.6,20141200
2014-11-04 12:04:30,1166.5,20150200,1166.5,20150200,1171.25,20141200
2014-11-04 13:42:01,1166.5,20150200,1166.5,20150200,1167.75,20141200
2014-11-04 15:58:28,1166.5,20150200,1166.5,20150200,1169.55,20141200
2014-11-04 17:34:26,1166.5,20150200,1166.5,20150200,1167.65,20141200
2014-11-04 19:13:26,1166.5,20150200,1166.5,20150200,1167.05,20141200
2014-11-04 23:00:00,1167.3,20150200,1167.3,20150200,1167.0,20141200
2014-11-05 12:03:51,1167.3,20150200,1167.3,20150200,1140.15,20141200
2014-11-05 13:40:46,1167.3,20150200,1167.3,20150200,1144.95,20141200
2014-11-05 15:56:21,1167.3,20150200,1167.3,20150200,1147.95,20141200
2014-11-05 17:32:26,1167.3,20150200,1167.3,20150200,1147.05,20141200
2014-11-05 19:12:26,1167.3,20150200,1167.3,20150200,1146.05,20141200
2014-11-05 23:00:00,1141.9,20150200,1141.9,20150200,1142.1,20141200
2014-11-06 12:09:10,1141.9,20150200,1141.9,20150200,1143.85,20141200
2014-11-06 13:46:07,1141.9,20150200,1141.9,20150200,1143.0,20141200
2014-11-06 16:04:47,1141.9,20150200,1141.9,20150200,1145.55,20141200
2014-11-06 17:33:52,1141.9,20150200,1141.9,20150200,1144.3000000000004,20141200
2014-11-06 19:13:16,1141.9,20150200,1141.9,20150200,1144.15,20141200
2014-11-06 23:00:00,1144.1,20150200,1144.1,20150200,1142.8,20141200
2014-11-07 12:18:11,1144.1,20150200,1144.1,20150200,1143.25,20141200
2014-11-07 13:51:31,1144.1,20150200,1144.1,20150200,1148.35,20141200
2014-11-07 16:07:30,1144.1,20150200,1144.1,20150200,1163.05,20141200
2014-11-07 17:32:22,1144.1,20150200,1144.1,20150200,1167.85,20141200
2014-11-07 19:10:42,1144.1,20150200,1144.1,20150200,1170.05,20141200
2014-11-07 23:00:00,1175.4,20150200,1175.4,20150200,1174.6,20141200
2014-11-10 12:41:27,1175.4,20150200,1175.4,20150200,1166.1999999999996,20141200
2014-11-10 14:37:45,1175.4,20150200,1175.4,20150200,1165.95,20141200
2014-11-10 16:34:49,1175.4,20150200,1175.4,20150200,1160.05,20141200
2014-11-10 18:02:31,1175.4,20150200,1175.4,20150200,1160.25,20141200
2014-11-10 19:28:54,1175.4,20150200,1175.4,20150200,1152.45,20141200
2014-11-10 23:00:00,1149.2,20150200,1149.2,20150200,1148.6,20141200
2014-11-11 12:06:11,1149.2,20150200,1149.2,20150200,1156.05,20141200
2014-11-11 13:28:39,1149.2,20150200,1149.2,20150200,1156.0,20141200
2014-11-11 15:33:56,1149.2,20150200,1149.2,20150200,1155.85,20141200
2014-11-11 17:30:18,1149.2,20150200,1149.2,20150200,1161.45,20141200
2014-11-11 19:09:37,1149.2,20150200,1149.2,20150200,1169.1,20141200
2014-11-11 23:00:00,1166.2,20150200,1166.2,20150200,1165.0,20141200
2014-11-12 12:07:48,1166.2,20150200,1166.2,20150200,1162.45,20141200
2014-11-12 13:36:16,1166.2,20150200,1166.2,20150200,1166.55,20141200
2014-11-12 15:46:02,1166.2,20150200,1166.2,20150200,1164.45,20141200
2014-11-12 17:30:12,1166.2,20150200,1166.2,20150200,1162.75,20141200
2014-11-12 19:11:03,1166.2,20150200,1166.2,20150200,1158.8000000000004,20141200
2014-11-12 23:00:00,1160.3,20150200,1160.3,20150200,1159.5,20141200
2014-11-13 12:06:59,1160.3,20150200,1160.3,20150200,1159.8000000000004,20141200
2014-11-13 13:22:18,1160.3,20150200,1160.3,20150200,1160.75,20141200
2014-11-13 15:30:43,1160.3,20150200,1160.3,20150200,1160.75,20141200
2014-11-13 17:26:02,1160.3,20150200,1160.3,20150200,1164.15,20141200
2014-11-13 18:43:59,1160.3,20150200,1160.3,20150200,1161.75,20141200
2014-11-13 23:00:00,1161.3,20150200,1161.3,20150200,1161.2,20141200
2014-11-14 12:22:51,1161.3,20150200,1161.3,20150200,1152.55,20141200
2014-11-14 13:57:32,1161.3,20150200,1161.3,20150200,1150.15,20141200
2014-11-14 16:16:49,1161.3,20150200,1161.3,20150200,1171.75,20141200
2014-11-14 17:44:15,1161.3,20150200,1161.3,20150200,1186.45,20141200
2014-11-14 19:27:17,1161.3,20150200,1161.3,20150200,1189.55,20141200
2014-11-14 23:00:00,1191.1,20150200,1191.1,20150200,1190.2,20141200
2014-11-17 12:05:00,1191.1,20150200,1191.1,20150200,1187.65,20141200
2014-11-17 13:32:56,1191.1,20150200,1191.1,20150200,1187.45,20141200
2014-11-17 15:43:24,1191.1,20150200,1191.1,20150200,1185.9,20141200
2014-11-17 17:31:08,1191.1,20150200,1191.1,20150200,1184.05,20141200
2014-11-17 19:10:17,1191.1,20150200,1191.1,20150200,1187.1,20141200
2014-11-17 23:00:00,1185.4,20150200,1185.4,20150200,1185.7,20141200
2014-11-18 12:18:07,1185.4,20150200,1185.4,20150200,1199.65,20141200
2014-11-18 13:54:18,1185.4,20150200,1185.4,20150200,1198.55,20141200
2014-11-18 16:12:31,1185.4,20150200,1185.4,20150200,1195.65,20141200
2014-11-18 17:39:34,1185.4,20150200,1185.4,20150200,1195.45,20141200
2014-11-18 19:21:19,1185.4,20150200,1185.4,20150200,1195.15,20141200
2014-11-18 23:00:00,1196.6,20150200,1196.6,20150200,1196.4,20141200
2014-11-19 12:07:19,1196.6,20150200,1196.6,20150200,1198.15,20141200
2014-11-19 13:35:45,1196.6,20150200,1196.6,20150200,1197.25,20141200
2014-11-19 15:47:43,1196.6,20150200,1196.6,20150200,1185.15,20141200
2014-11-19 17:32:18,1196.6,20150200,1196.6,20150200,1193.4,20141200
2014-11-19 19:16:21,1196.6,20150200,1196.6,20150200,1190.4499999999996,20141200
2014-11-19 23:00:00,1183.6,20150200,1183.6,20150200,1182.5,20141200
2014-11-20 12:06:09,1183.6,20150200,1183.6,20150200,1193.15,20141200
2014-11-20 13:27:34,1183.6,20150200,1183.6,20150200,1188.85,20141200
2014-11-20 15:39:41,1183.6,20150200,1183.6,20150200,1188.9,20141200
2014-11-20 17:28:56,1183.6,20150200,1183.6,20150200,1189.55,20141200
2014-11-20 18:47:29,1183.6,20150200,1183.6,20150200,1190.85,20141200
2014-11-20 23:00:00,1195.4,20150200,1195.4,20150200,1194.4,20141200
2014-11-21 12:08:18,1195.4,20150200,1195.4,20150200,1195.35,20141200
2014-11-21 13:37:50,1195.4,20150200,1195.4,20150200,1202.55,20141200
2014-11-21 15:56:00,1195.4,20150200,1195.4,20150200,1204.1999999999996,20141200
2014-11-21 17:34:59,1195.4,20150200,1195.4,20150200,1194.85,20141200
2014-11-21 18:54:33,1195.4,20150200,1195.4,20150200,1197.15,20141200
2014-11-21 23:00:00,1200.7,20150200,1200.7,20150200,1200.3,20141200
2014-11-24 12:04:47,1200.7,20150200,1200.7,20150200,1194.1,20141200
2014-11-24 13:32:48,1200.7,20150200,1200.7,20150200,1197.65,20141200
2014-11-24 15:42:40,1200.7,20150200,1200.7,20150200,1198.95,20141200
2014-11-24 17:29:22,1200.7,20150200,1200.7,20150200,1194.4,20141200
2014-11-24 19:09:06,1200.7,20150200,1200.7,20150200,1196.45,20141200
2014-11-24 23:00:00,1198.1,20150200,1198.1,20150200,1197.2,20141200
2014-11-25 12:13:16,1198.1,20150200,1198.1,20150200,1199.75,20141200
2014-11-25 13:36:39,1198.1,20150200,1198.1,20150200,1194.05,20141200
2014-11-25 15:47:57,1198.1,20150200,1198.1,20150200,1197.95,20141200
2014-11-25 17:31:33,1198.1,20150200,1198.1,20150200,1195.45,20141200
2014-11-25 19:13:37,1198.1,20150200,1198.1,20150200,1197.6,20141200
2014-11-25 23:00:00,1200.0,20150200,1200.0,20150200,1199.3,20141200
2014-11-26 12:50:12,1200.0,20150200,1200.0,20150200,1196.05,20141200
2014-11-26 14:46:40,1200.0,20150200,1200.0,20150200,1197.45,20141200
2014-11-26 16:40:50,1200.0,20150200,1200.0,20150200,1196.95,20141200
2014-11-26 18:06:48,1200.0,20150200,1200.0,20150200,1196.9,20141200
2014-11-26 19:37:21,1200.0,20150200,1200.0,20150200,1196.1999999999996,20141200
2014-11-26 23:00:00,1197.6,20150200,1197.6,20150200,1196.8,20141200
2014-11-27 12:15:20,1197.6,20150200,1197.6,20150200,1194.65,20141200
2014-11-27 13:37:51,1197.6,20150200,1197.6,20150200,1193.6999999999996,20141200
2014-11-27 15:54:18,1197.6,20150200,1197.6,20150200,1192.9,20141200
2014-11-27 17:27:33,1197.6,20150200,1197.6,20150200,1188.1,20141200
2014-11-28 12:03:37,1197.6,20150200,1197.6,20150200,1180.85,20141200
2014-11-28 13:14:14,1197.6,20150200,1197.6,20150200,1185.15,20141200
2014-11-28 15:13:30,1197.6,20150200,1197.6,20150200,1181.0,20141200
2014-11-28 17:12:06,1197.6,20150200,1197.6,20150200,1174.6,20141200
2014-11-28 18:31:27,1197.6,20150200,1197.6,20150200,1167.35,20141200
2014-11-28 23:00:00,1165.8,20150200,1165.8,20150200,1167.0,20141200
2014-12-01 13:41:12,1165.8,20150400,1165.8,20150400,1179.6999999999996,20150200
2014-12-01 18:34:54,1165.8,20150400,1165.8,20150400,1218.75,20150200
2014-12-01 19:35:59,1165.8,20150400,1165.8,20150400,1215.65,20150200
2014-12-01 23:00:00,1213.7,20150400,1213.7,20150400,1212.5,20150200
2014-12-02 12:14:13,1213.7,20150400,1213.7,20150400,1195.45,20150200
2014-12-02 13:50:06,1213.7,20150400,1213.7,20150400,1200.9,20150200
2014-12-02 16:20:29,1213.7,20150400,1213.7,20150400,1197.95,20150200
2014-12-02 17:48:32,1213.7,20150400,1213.7,20150400,1197.95,20150200
2014-12-02 19:08:36,1213.7,20150400,1213.7,20150400,1197.05,20150200
2014-12-02 23:00:00,1199.0,20150400,1199.0,20150400,1198.0,20150200
2014-12-03 12:15:03,1199.0,20150400,1199.0,20150400,1200.55,20150200
2014-12-03 13:36:48,1199.0,20150400,1199.0,20150400,1204.35,20150200
2014-12-03 15:46:57,1199.0,20150400,1199.0,20150400,1209.35,20150200
2014-12-03 17:27:04,1199.0,20150400,1199.0,20150400,1209.15,20150200
2014-12-03 19:09:31,1199.0,20150400,1199.0,20150400,1208.25,20150200
2014-12-03 23:00:00,1210.9,20150400,1210.9,20150400,1210.6,20150200
2014-12-04 13:11:59,1210.9,20150400,1210.9,20150400,1204.9,20150200
2014-12-04 15:35:46,1210.9,20150400,1210.9,20150400,1208.1999999999996,20150200
2014-12-04 17:27:21,1210.9,20150400,1210.9,20150400,1207.8000000000004,20150200
2014-12-04 18:46:38,1210.9,20150400,1210.9,20150400,1207.6999999999996,20150200
2014-12-04 23:00:00,1208.5,20150400,1208.5,20150400,1206.4,20150200
2014-12-05 12:21:45,1208.5,20150400,1208.5,20150400,1199.9,20150200
2014-12-05 13:56:17,1208.5,20150400,1208.5,20150400,1192.65,20150200
2014-12-05 16:14:58,1208.5,20150400,1208.5,20150400,1195.1,20150200
2014-12-05 17:41:16,1208.5,20150400,1208.5,20150400,1190.6,20150200
2014-12-05 19:24:28,1208.5,20150400,1208.5,20150400,1191.1999999999996,20150200
2014-12-05 23:00:00,1192.4,20150400,1192.4,20150400,1191.3,20150200
2014-12-08 12:05:20,1192.4,20150400,1192.4,20150400,1195.1,20150200
2014-12-08 13:43:22,1192.4,20150400,1192.4,20150400,1194.75,20150200
2014-12-08 16:02:19,1192.4,20150400,1192.4,20150400,1194.05,20150200
2014-12-08 17:32:58,1192.4,20150400,1192.4,20150400,1195.35,20150200
2014-12-08 19:12:38,1192.4,20150400,1192.4,20150400,1206.95,20150200
2014-12-08 23:00:00,1205.7,20150400,1205.7,20150400,1205.0,20150200
2014-12-09 12:25:37,1205.7,20150400,1205.7,20150400,1210.15,20150200
2014-12-09 14:47:37,1205.7,20150400,1205.7,20150400,1225.25,20150200
2014-12-09 16:51:15,1205.7,20150400,1205.7,20150400,1231.1999999999996,20150200
2014-12-09 18:17:29,1205.7,20150400,1205.7,20150400,1230.0,20150200
2014-12-09 19:35:51,1205.7,20150400,1205.7,20150400,1231.95,20150200
2014-12-09 23:00:00,1230.9,20150400,1230.9,20150400,1230.2,20150200
2014-12-10 12:08:59,1230.9,20150400,1230.9,20150400,1226.95,20150200
2014-12-10 13:49:42,1230.9,20150400,1230.9,20150400,1230.25,20150200
2014-12-10 16:12:58,1230.9,20150400,1230.9,20150400,1229.35,20150200
2014-12-10 17:41:05,1230.9,20150400,1230.9,20150400,1228.25,20150200
2014-12-10 19:23:18,1230.9,20150400,1230.9,20150400,1229.35,20150200
2014-12-10 23:00:00,1228.2,20150400,1228.2,20150400,1228.3,20150200
2014-12-11 12:08:46,1228.2,20150400,1228.2,20150400,1222.45,20150200
2014-12-11 13:45:11,1228.2,20150400,1228.2,20150400,1220.75,20150200
2014-12-11 16:08:36,1228.2,20150400,1228.2,20150400,1223.65,20150200
2014-12-11 17:34:54,1228.2,20150400,1228.2,20150400,1229.75,20150200
2014-12-11 19:18:35,1228.2,20150400,1228.2,20150400,1227.35,20150200
2014-12-11 23:00:00,1226.3,20150400,1226.3,20150400,1225.6,20150200
2014-12-12 12:11:47,1226.3,20150400,1226.3,20150400,1223.5,20150200
2014-12-12 13:35:01,1226.3,20150400,1226.3,20150400,1224.6,20150200
2014-12-12 15:18:10,1226.3,20150400,1226.3,20150400,1220.1999999999996,20150200
2014-12-12 18:24:51,1226.3,20150400,1226.3,20150400,1222.6999999999996,20150200
2014-12-12 19:36:18,1226.3,20150400,1226.3,20150400,1222.75,20150200
2014-12-12 23:00:00,1223.6,20150400,1223.6,20150400,1222.3,20150200
2014-12-15 19:06:14,1223.6,20150400,1223.6,20150400,1207.65,20150200
2014-12-15 23:00:00,1192.0,20150400,1192.0,20150400,1191.4,20150200
2014-12-16 12:06:16,1192.0,20150400,1192.0,20150400,1215.45,20150200
2014-12-16 13:08:49,1192.0,20150400,1192.0,20150400,1215.05,20150200
2014-12-16 14:33:37,1192.0,20150400,1192.0,20150400,1212.3000000000004,20150200
2014-12-16 15:47:41,1192.0,20150400,1192.0,20150400,1193.9,20150200
2014-12-16 17:03:12,1192.0,20150400,1192.0,20150400,1197.6999999999996,20150200
2014-12-16 18:06:32,1192.0,20150400,1192.0,20150400,1196.85,20150200
2014-12-16 19:08:28,1192.0,20150400,1192.0,20150400,1193.65,20150200
2014-12-16 23:00:00,1197.4,20150400,1197.4,20150400,1196.6,20150200
2014-12-17 12:10:04,1197.4,20150400,1197.4,20150400,1201.25,20150200
2014-12-17 13:14:45,1197.4,20150400,1197.4,20150400,1200.6,20150200
2014-12-17 14:32:10,1197.4,20150400,1197.4,20150400,1198.35,20150200
2014-12-17 16:04:29,1197.4,20150400,1197.4,20150400,1195.55,20150200
2014-12-17 17:10:05,1197.4,20150400,1197.4,20150400,1194.45,20150200
2014-12-17 18:11:16,1197.4,20150400,1197.4,20150400,1194.9,20150200
2014-12-17 19:30:38,1197.4,20150400,1197.4,20150400,1199.5500000000004,20150200
2014-12-17 23:00:00,1191.0,20150400,1191.0,20150400,1189.6,20150200
2014-12-18 12:10:17,1191.0,20150400,1191.0,20150400,1206.3000000000004,20150200
2014-12-18 13:18:38,1191.0,20150400,1191.0,20150400,1203.45,20150200
2014-12-18 15:18:44,1191.0,20150400,1191.0,20150400,1196.95,20150200
2014-12-18 16:38:27,1191.0,20150400,1191.0,20150400,1196.3000000000004,20150200
2014-12-18 17:41:06,1191.0,20150400,1191.0,20150400,1193.6999999999996,20150200
2014-12-18 18:58:09,1191.0,20150400,1191.0,20150400,1195.25,20150200
2014-12-18 23:00:00,1199.3,20150400,1199.3,20150400,1198.3,20150200
2014-12-19 12:07:42,1199.3,20150400,1199.3,20150400,1195.35,20150200
2014-12-19 13:16:01,1199.3,20150400,1199.3,20150400,1197.6999999999996,20150200
2014-12-19 15:02:48,1199.3,20150400,1199.3,20150400,1196.5,20150200
2014-12-19 16:15:18,1199.3,20150400,1199.3,20150400,1198.1,20150200
2014-12-19 17:17:04,1199.3,20150400,1199.3,20150400,1196.1999999999996,20150200
2014-12-19 18:18:50,1199.3,20150400,1199.3,20150400,1195.75,20150200
2014-12-19 19:20:04,1199.3,20150400,1199.3,20150400,1196.35,20150200
2014-12-19 23:00:00,1195.8,20150400,1195.8,20150400,1195.6,20150200
2014-12-22 12:05:03,1195.8,20150400,1195.8,20150400,1197.0500000000004,20150200
2014-12-22 13:16:29,1195.8,20150400,1195.8,20150400,1195.05,20150200
2014-12-22 14:27:25,1195.8,20150400,1195.8,20150400,1195.45,20150200
2014-12-22 15:55:51,1195.8,20150400,1195.8,20150400,1189.4,20150200
2014-12-22 17:18:37,1195.8,20150400,1195.8,20150400,1181.05,20150200
2014-12-22 18:35:56,1195.8,20150400,1195.8,20150400,1179.25,20150200
2014-12-22 19:37:10,1195.8,20150400,1195.8,20150400,1174.05,20150200
2014-12-22 23:00:00,1172.9,20150400,1172.9,20150400,1172.4,20150200
2014-12-23 12:28:12,1172.9,20150400,1172.9,20150400,1177.85,20150200
2014-12-23 13:31:50,1172.9,20150400,1172.9,20150400,1179.1,20150200
2014-12-23 15:04:59,1172.9,20150400,1172.9,20150400,1175.65,20150200
2014-12-23 16:29:13,1172.9,20150400,1172.9,20150400,1177.9,20150200
2014-12-23 17:32:36,1172.9,20150400,1172.9,20150400,1177.55,20150200
2014-12-23 18:45:11,1172.9,20150400,1172.9,20150400,1175.55,20150200
2014-12-23 23:00:00,1175.9,20150400,1175.9,20150400,1173.6,20150200
2014-12-24 12:06:26,1175.9,20150400,1175.9,20150400,1176.6,20150200
2014-12-24 13:09:24,1175.9,20150400,1175.9,20150400,1178.6,20150200
2014-12-24 14:33:33,1175.9,20150400,1175.9,20150400,1174.85,20150200
2014-12-24 15:47:28,1175.9,20150400,1175.9,20150400,1174.65,20150200
2014-12-24 17:00:05,1175.9,20150400,1175.9,20150400,1174.35,20150200
2014-12-24 18:03:06,1175.9,20150400,1175.9,20150400,1173.6999999999996,20150200
2014-12-24 23:00:00,1175.1,20150400,1175.1,20150400,1175.2,20150200
2014-12-26 23:00:00,1194.9,20150400,1194.9,20150400,1175.2,20150200
2014-12-29 12:06:39,1194.9,20150400,1194.9,20150400,1191.55,20150200
2014-12-29 13:11:39,1194.9,20150400,1194.9,20150400,1193.85,20150200
2014-12-29 14:38:52,1194.9,20150400,1194.9,20150400,1191.1,20150200
2014-12-29 16:08:59,1194.9,20150400,1194.9,20150400,1180.1999999999996,20150200
2014-12-29 17:25:23,1194.9,20150400,1194.9,20150400,1181.5,20150200
2014-12-29 18:38:03,1194.9,20150400,1194.9,20150400,1182.15,20150200
2014-12-29 19:39:14,1194.9,20150400,1194.9,20150400,1181.4,20150200
2014-12-29 23:00:00,1184.7,20150400,1184.7,20150400,1183.7,20150200
2014-12-30 12:27:54,1184.7,20150400,1184.7,20150400,1185.15,20150200
2014-12-30 13:39:28,1184.7,20150400,1184.7,20150400,1199.4,20150200
2014-12-30 15:21:53,1184.7,20150400,1184.7,20150400,1205.1999999999996,20150200
2014-12-30 16:49:49,1184.7,20150400,1184.7,20150400,1203.75,20150200
2014-12-30 17:54:25,1184.7,20150400,1184.7,20150400,1204.1,20150200
2014-12-30 19:07:58,1184.7,20150400,1184.7,20150400,1200.55,20150200
2014-12-30 23:00:00,1199.2,20150400,1199.2,20150400,1198.5,20150200
2014-12-31 12:06:09,1199.2,20150400,1199.2,20150400,1197.35,20150200
2014-12-31 13:09:20,1199.2,20150400,1199.2,20150400,1196.65,20150200
2014-12-31 14:51:33,1199.2,20150400,1199.2,20150400,1194.0,20150200
2014-12-31 16:11:11,1199.2,20150400,1199.2,20150400,1185.15,20150200
2014-12-31 17:20:35,1199.2,20150400,1199.2,20150400,1189.05,20150200
2014-12-31 18:21:40,1199.2,20150400,1199.2,20150400,1185.85,20150200
2014-12-31 19:23:49,1199.2,20150400,1199.2,20150400,1182.15,20150200
2014-12-31 23:00:00,1184.5,20150400,1184.5,20150400,1183.7,20150200
2015-01-02 12:22:14,1184.5,20150400,1184.5,20150400,1183.05,20150200
2015-01-02 13:31:09,1184.5,20150400,1184.5,20150400,1171.6,20150200
2015-01-02 15:07:24,1184.5,20150400,1184.5,20150400,1171.55,20150200
2015-01-02 16:32:02,1184.5,20150400,1184.5,20150400,1189.8000000000004,20150200
2015-01-02 17:36:15,1184.5,20150400,1184.5,20150400,1186.6999999999996,20150200
2015-01-02 18:49:08,1184.5,20150400,1184.5,20150400,1184.35,20150200
2015-01-02 23:00:00,1187.0,20150400,1187.0,20150400,1186.4,20150200
2015-01-05 12:26:53,1187.0,20150400,1187.0,20150400,1189.6,20150200
2015-01-05 13:37:20,1187.0,20150400,1187.0,20150400,1195.85,20150200
2015-01-05 15:00:42,1187.0,20150400,1187.0,20150400,1198.8000000000004,20150200
2015-01-05 16:26:43,1187.0,20150400,1187.0,20150400,1196.5,20150200
2015-01-05 17:30:36,1187.0,20150400,1187.0,20150400,1197.95,20150200
2015-01-05 18:43:53,1187.0,20150400,1187.0,20150400,1203.6,20150200
2015-01-05 23:00:00,1205.2,20150400,1205.2,20150400,1204.3,20150200
2015-01-06 12:04:47,1205.2,20150400,1205.2,20150400,1210.25,20150200
2015-01-06 13:15:58,1205.2,20150400,1205.2,20150400,1212.4,20150200
2015-01-06 14:27:06,1205.2,20150400,1205.2,20150400,1209.9,20150200
2015-01-06 15:57:05,1205.2,20150400,1205.2,20150400,1208.6999999999996,20150200
2015-01-06 17:19:17,1205.2,20150400,1205.2,20150400,1219.75,20150200
2015-01-06 18:38:23,1205.2,20150400,1205.2,20150400,1219.15,20150200
2015-01-06 19:39:27,1205.2,20150400,1205.2,20150400,1217.05,20150200
2015-01-06 23:00:00,1219.8,20150400,1219.8,20150400,1219.3,20150200
2015-01-07 14:59:53,1219.8,20150400,1219.8,20150400,1212.5,20150200
2015-01-07 16:29:49,1219.8,20150400,1219.8,20150400,1215.0,20150200
2015-01-07 17:34:58,1219.8,20150400,1219.8,20150400,1213.25,20150200
2015-01-07 18:53:14,1219.8,20150400,1219.8,20150400,1211.1,20150200
2015-01-07 23:00:00,1214.0,20150400,1214.0,20150400,1212.6,20150200
2015-01-08 12:05:54,1214.0,20150400,1214.0,20150400,1206.95,20150200
2015-01-08 13:17:05,1214.0,20150400,1214.0,20150400,1208.55,20150200
2015-01-08 14:30:36,1214.0,20150400,1214.0,20150400,1212.3000000000004,20150200
2015-01-08 16:02:35,1214.0,20150400,1214.0,20150400,1212.5,20150200
2015-01-08 17:22:00,1214.0,20150400,1214.0,20150400,1214.25,20150200
2015-01-08 18:41:45,1214.0,20150400,1214.0,20150400,1209.4,20150200
2015-01-08 19:42:53,1214.0,20150400,1214.0,20150400,1208.1,20150200
2015-01-08 23:00:00,1208.2,20150400,1208.2,20150400,1207.3,20150200
2015-01-09 12:29:27,1208.2,20150400,1208.2,20150400,1212.35,20150200
2015-01-09 13:41:02,1208.2,20150400,1208.2,20150400,1212.8000000000004,20150200
2015-01-09 15:15:16,1208.2,20150400,1208.2,20150400,1218.05,20150200
2015-01-09 16:45:48,1208.2,20150400,1208.2,20150400,1216.6999999999996,20150200
2015-01-09 17:47:28,1208.2,20150400,1208.2,20150400,1217.6999999999996,20150200
2015-01-09 19:01:31,1208.2,20150400,1208.2,20150400,1219.95,20150200
2015-01-09 23:00:00,1220.9,20150400,1220.9,20150400,1220.3,20150200
2015-01-12 12:24:10,1220.9,20150400,1220.9,20150400,1221.95,20150200
2015-01-12 13:31:21,1220.9,20150400,1220.9,20150400,1222.85,20150200
2015-01-12 15:08:47,1220.9,20150400,1220.9,20150400,1225.5,20150200
2015-01-12 16:35:04,1220.9,20150400,1220.9,20150400,1226.5,20150200
2015-01-12 17:39:54,1220.9,20150400,1220.9,20150400,1229.15,20150200
2015-01-12 18:55:56,1220.9,20150400,1220.9,20150400,1233.25,20150200
2015-01-12 23:00:00,1234.9,20150400,1234.9,20150400,1233.6,20150200
2015-01-13 12:31:07,1234.9,20150400,1234.9,20150400,1239.85,20150200
2015-01-13 13:41:02,1234.9,20150400,1234.9,20150400,1238.75,20150200
2015-01-13 15:14:39,1234.9,20150400,1234.9,20150400,1234.95,20150200
2015-01-13 16:40:47,1234.9,20150400,1234.9,20150400,1237.9,20150200
2015-01-13 17:43:36,1234.9,20150400,1234.9,20150400,1237.65,20150200
2015-01-13 18:59:10,1234.9,20150400,1234.9,20150400,1233.8000000000004,20150200
2015-01-13 23:00:00,1231.6,20150400,1231.6,20150400,1230.7,20150200
2015-01-14 12:12:13,1231.6,20150400,1231.6,20150400,1227.35,20150200
2015-01-14 13:17:14,1231.6,20150400,1231.6,20150400,1232.85,20150200
2015-01-14 14:37:06,1231.6,20150400,1231.6,20150400,1239.4,20150200
2015-01-14 16:06:50,1231.6,20150400,1231.6,20150400,1238.35,20150200
2015-01-14 17:23:54,1231.6,20150400,1231.6,20150400,1238.6,20150200
2015-01-14 18:25:12,1231.6,20150400,1231.6,20150400,1238.45,20150200
2015-01-14 19:26:52,1231.6,20150400,1231.6,20150400,1231.3000000000004,20150200
2015-01-14 23:00:00,1229.5,20150400,1229.5,20150400,1228.0,20150200
2015-01-15 12:06:27,1229.5,20150400,1229.5,20150400,1255.85,20150200
2015-01-15 13:23:56,1229.5,20150400,1229.5,20150400,1255.65,20150200
2015-01-15 15:41:53,1229.5,20150400,1229.5,20150400,1258.5,20150200
2015-01-15 17:10:25,1229.5,20150400,1229.5,20150400,1263.1999999999996,20150200
2015-01-15 18:16:42,1229.5,20150400,1229.5,20150400,1262.25,20150200
2015-01-15 19:26:36,1229.5,20150400,1229.5,20150400,1259.3000000000004,20150200
2015-01-15 23:00:00,1259.9,20150400,1259.9,20150400,1258.9,20150200
2015-01-16 12:05:44,1259.9,20150400,1259.9,20150400,1260.9,20150200
2015-01-16 13:21:09,1259.9,20150400,1259.9,20150400,1263.0,20150200
2015-01-16 14:43:03,1259.9,20150400,1259.9,20150400,1268.3000000000004,20150200
2015-01-16 16:11:50,1259.9,20150400,1259.9,20150400,1273.75,20150200
2015-01-16 17:26:45,1259.9,20150400,1259.9,20150400,1278.85,20150200
2015-01-16 18:27:48,1259.9,20150400,1259.9,20150400,1275.1,20150200
2015-01-16 19:29:09,1259.9,20150400,1259.9,20150400,1278.0,20150200
2015-01-16 23:00:00,1276.7,20150400,1276.7,20150400,1275.9,20150200
2015-01-19 12:26:42,1276.7,20150400,1276.7,20150400,1278.1,20150200
2015-01-19 13:35:18,1276.7,20150400,1276.7,20150400,1278.45,20150200
2015-01-19 15:16:24,1276.7,20150400,1276.7,20150400,1274.45,20150200
2015-01-19 16:46:29,1276.7,20150400,1276.7,20150400,1275.4,20150200
2015-01-19 17:49:40,1276.7,20150400,1276.7,20150400,1277.15,20150200
2015-01-19 19:03:25,1276.7,20150400,1276.7,20150400,1276.85,20150200
2015-01-20 12:32:06,1276.7,20150400,1276.7,20150400,1288.15,20150200
2015-01-20 13:34:46,1276.7,20150400,1276.7,20150400,1286.05,20150200
2015-01-20 15:13:51,1276.7,20150400,1276.7,20150400,1289.55,20150200
2015-01-20 16:44:47,1276.7,20150400,1276.7,20150400,1295.1999999999996,20150200
2015-01-20 17:50:00,1276.7,20150400,1276.7,20150400,1294.9,20150200
2015-01-20 19:07:35,1276.7,20150400,1276.7,20150400,1291.85,20150200
2015-01-20 23:00:00,1294.1,20150400,1294.1,20150400,1292.9,20150200
2015-01-21 12:12:11,1294.1,20150400,1294.1,20150400,1300.4,20150200
2015-01-21 13:17:12,1294.1,20150400,1294.1,20150400,1302.1,20150200
2015-01-21 15:38:48,1294.1,20150400,1294.1,20150400,1289.45,20150200
2015-01-21 17:08:27,1294.1,20150400,1294.1,20150400,1291.55,20150200
2015-01-21 18:13:53,1294.1,20150400,1294.1,20150400,1293.1999999999996,20150200
2015-01-21 19:23:45,1294.1,20150400,1294.1,20150400,1293.35,20150200
2015-01-21 23:00:00,1294.5,20150400,1294.5,20150400,1293.6,20150200
2015-01-22 12:12:03,1294.5,20150400,1294.5,20150400,1286.65,20150200
2015-01-22 13:15:37,1294.5,20150400,1294.5,20150400,1290.05,20150200
2015-01-22 15:42:41,1294.5,20150400,1294.5,20150400,1302.05,20150200
2015-01-22 17:10:00,1294.5,20150400,1294.5,20150400,1302.8000000000004,20150200
2015-01-22 18:13:26,1294.5,20150400,1294.5,20150400,1300.1999999999996,20150200
2015-01-22 19:23:41,1294.5,20150400,1294.5,20150400,1301.5,20150200
2015-01-22 23:00:00,1304.7,20150400,1304.7,20150400,1303.7,20150200
2015-01-23 12:06:05,1304.7,20150400,1304.7,20150400,1296.15,20150200
2015-01-23 13:19:17,1304.7,20150400,1304.7,20150400,1296.05,20150200
2015-01-23 23:00:00,1294.4,20150400,1294.4,20150400,1293.7,20150200
2015-01-26 12:12:21,1294.4,20150400,1294.4,20150400,1278.4,20150200
2015-01-26 13:17:37,1294.4,20150400,1294.4,20150400,1281.8000000000004,20150200
2015-01-26 14:36:02,1294.4,20150400,1294.4,20150400,1283.3000000000004,20150200
2015-01-26 16:08:02,1294.4,20150400,1294.4,20150400,1278.0,20150200
2015-01-26 17:26:18,1294.4,20150400,1294.4,20150400,1279.85,20150200
2015-01-26 18:27:31,1294.4,20150400,1294.4,20150400,1279.85,20150200
2015-01-26 19:28:53,1294.4,20150400,1294.4,20150400,1280.05,20150200
2015-01-26 23:00:00,1281.1,20150400,1281.1,20150400,1280.1,20150200
2015-01-27 12:32:44,1281.1,20150400,1281.1,20150400,1280.8000000000004,20150200
2015-01-27 13:35:19,1281.1,20150400,1281.1,20150400,1283.25,20150200
2015-01-27 15:13:41,1281.1,20150400,1281.1,20150400,1288.8000000000004,20150200
2015-01-27 16:42:56,1281.1,20150400,1281.1,20150400,1294.45,20150200
2015-01-27 17:47:24,1281.1,20150400,1281.1,20150400,1290.85,20150200
2015-01-27 19:05:21,1281.1,20150400,1281.1,20150400,1293.45,20150200
2015-01-27 23:00:00,1295.6,20150400,1295.6,20150400,1294.4,20150200
2015-01-28 12:05:46,1295.6,20150400,1295.6,20150400,1290.0,20150200
2015-01-28 13:15:54,1295.6,20150400,1295.6,20150400,1291.75,20150200
2015-01-28 15:35:24,1295.6,20150400,1295.6,20150400,1287.55,20150200
2015-01-28 17:04:28,1295.6,20150400,1295.6,20150400,1285.35,20150200
2015-01-28 18:08:39,1295.6,20150400,1295.6,20150400,1285.6999999999996,20150200
2015-01-28 19:22:28,1295.6,20150400,1295.6,20150400,1283.6,20150200
2015-01-28 23:00:00,1285.7,20150400,1285.7,20150400,1284.3,20150200
2015-01-29 12:05:39,1285.7,20150400,1285.7,20150400,1268.9,20150200
2015-01-29 13:20:58,1285.7,20150400,1285.7,20150400,1272.5,20150200
2015-01-29 14:41:16,1285.7,20150400,1285.7,20150400,1268.8000000000004,20150200
2015-01-29 16:12:08,1285.7,20150400,1285.7,20150400,1261.6999999999996,20150200
2015-01-29 17:27:40,1285.7,20150400,1285.7,20150400,1254.4,20150200
2015-01-29 18:28:46,1285.7,20150400,1285.7,20150400,1254.0,20150200
2015-01-29 19:29:56,1285.7,20150400,1285.7,20150400,1256.75,20150200
2015-01-29 23:00:00,1257.1,20150400,1257.1,20150400,1256.8,20150200
2015-01-30 23:00:00,1285.8,20150600,1285.8,20150600,1285.1,20150400
2015-02-02 23:00:00,1275.7,20150600,1275.7,20150600,1275.2,20150400
2015-02-03 23:00:00,1261.7,20150600,1261.7,20150600,1261.0,20150400
2015-02-04 23:00:00,1266.9,20150600,1266.9,20150600,1266.0,20150400
2015-02-05 23:00:00,1268.3,20150600,1268.3,20150600,1268.3,20150400
2015-02-06 23:00:00,1236.5,20150600,1236.5,20150600,1235.6,20150400
2015-02-09 12:36:03,1239.4,20150600,1239.4,20150600,1235.6,20150400
2015-02-09 13:37:59,1240.8000000000004,20150600,1240.8000000000004,20150600,1235.6,20150400
2015-02-09 15:16:34,1241.05,20150600,1241.05,20150600,1235.6,20150400
2015-02-09 16:49:27,1240.6,20150600,1240.6,20150600,1235.6,20150400
2015-02-09 17:56:25,1240.8000000000004,20150600,1240.8000000000004,20150600,1235.6,20150400
2015-02-09 19:14:52,1242.4,20150600,1242.4,20150600,1235.6,20150400
2015-02-09 23:00:00,1242.6,20150600,1242.6,20150600,1240.8,20150400
2015-02-10 12:05:34,1238.9,20150600,1238.9,20150600,1240.8,20150400
2015-02-10 13:15:49,1237.9,20150600,1237.9,20150600,1240.8,20150400
2015-02-10 14:30:30,1236.0,20150600,1236.0,20150600,1240.8,20150400
2015-02-10 16:02:46,1238.15,20150600,1238.15,20150600,1240.8,20150400
2015-02-10 17:20:05,1236.25,20150600,1236.25,20150600,1240.8,20150400
2015-02-10 18:22:23,1233.6999999999996,20150600,1233.6999999999996,20150600,1240.8,20150400
2015-02-10 19:26:30,1233.8000000000004,20150600,1233.8000000000004,20150600,1240.8,20150400
2015-02-10 23:00:00,1234.5,20150600,1234.5,20150600,1233.8,20150400
2015-02-11 12:04:02,1235.75,20150600,1235.75,20150600,1233.8,20150400
2015-02-11 13:17:37,1235.6999999999996,20150600,1235.6999999999996,20150600,1233.8,20150400
2015-02-11 14:39:48,1234.1,20150600,1234.1,20150600,1233.8,20150400
2015-02-11 16:11:22,1224.25,20150600,1224.25,20150600,1233.8,20150400
2015-02-11 17:29:22,1223.9,20150600,1223.9,20150600,1233.8,20150400
2015-02-11 18:30:30,1221.1999999999996,20150600,1221.1999999999996,20150600,1233.8,20150400
2015-02-11 19:31:49,1220.5,20150600,1220.5,20150600,1233.8,20150400
2015-02-11 23:00:00,1220.6,20150600,1220.6,20150600,1219.3,20150400
2015-02-12 12:46:09,1223.8000000000004,20150600,1223.8000000000004,20150600,1219.3,20150400
2015-02-12 14:00:15,1226.1999999999996,20150600,1226.1999999999996,20150600,1219.3,20150400
2015-02-12 15:53:18,1222.5,20150600,1222.5,20150600,1219.3,20150400
2015-02-12 17:20:08,1223.3000000000004,20150600,1223.3000000000004,20150600,1219.3,20150400
2015-02-12 18:23:39,1222.0,20150600,1222.0,20150600,1219.3,20150400
2015-02-12 19:26:44,1221.85,20150600,1221.85,20150600,1219.3,20150400
2015-02-12 23:00:00,1222.8,20150600,1222.8,20150600,1221.7,20150400
2015-02-13 12:06:12,1224.5500000000004,20150600,1224.5500000000004,20150600,1221.7,20150400
2015-02-13 13:08:06,1226.9,20150600,1226.9,20150600,1221.7,20150400
2015-02-13 14:44:14,1230.5,20150600,1230.5,20150600,1221.7,20150400
2015-02-13 16:16:38,1232.8000000000004,20150600,1232.8000000000004,20150600,1221.7,20150400
2015-02-13 17:28:16,1231.75,20150600,1231.75,20150600,1221.7,20150400
2015-02-13 18:29:44,1228.0,20150600,1228.0,20150600,1221.7,20150400
2015-02-13 19:31:02,1229.6,20150600,1229.6,20150600,1221.7,20150400
2015-02-13 23:00:00,1229.0,20150600,1229.0,20150600,1228.3,20150400
2015-02-16 12:40:27,1233.0500000000004,20150600,1233.0500000000004,20150600,1228.3,20150400
2015-02-16 13:43:36,1233.65,20150600,1233.65,20150600,1228.3,20150400
2015-02-16 16:20:33,1231.65,20150600,1231.65,20150600,1228.3,20150400
2015-02-16 17:52:04,1231.75,20150600,1231.75,20150600,1228.3,20150400
2015-02-16 19:17:38,1235.05,20150600,1235.05,20150600,1228.3,20150400
2015-02-17 12:03:34,1222.1,20150600,1222.1,20150600,1228.3,20150400
2015-02-17 13:09:44,1221.5,20150600,1221.5,20150600,1228.3,20150400
2015-02-17 15:12:12,1208.6999999999996,20150600,1208.6999999999996,20150600,1228.3,20150400
2015-02-17 16:32:46,1207.1,20150600,1207.1,20150600,1228.3,20150400
2015-02-17 17:47:02,1207.8000000000004,20150600,1207.8000000000004,20150600,1228.3,20150400
2015-02-17 19:42:03,1208.1999999999996,20150600,1208.1999999999996,20150600,1228.3,20150400
2015-02-17 23:00:00,1208.6,20150600,1208.6,20150600,1208.3,20150400
2015-02-18 12:08:11,1206.8000000000004,20150600,1206.8000000000004,20150600,1208.3,20150400
2015-02-18 13:10:23,1206.25,20150600,1206.25,20150600,1208.3,20150400
2015-02-18 14:12:57,1208.3000000000004,20150600,1208.3000000000004,20150600,1208.3,20150400
2015-02-18 15:25:42,1208.0,20150600,1208.0,20150600,1208.3,20150400
2015-02-18 17:10:42,1200.15,20150600,1200.15,20150600,1208.3,20150400
2015-02-18 18:11:23,1200.5,20150600,1200.5,20150600,1208.3,20150400
2015-02-18 19:12:08,1209.85,20150600,1209.85,20150600,1208.3,20150400
2015-02-18 23:00:00,1211.4,20150600,1211.4,20150600,1210.3,20150400
2015-02-19 12:09:54,1218.15,20150600,1218.15,20150600,1210.3,20150400
2015-02-19 13:11:31,1220.8000000000004,20150600,1220.8000000000004,20150600,1210.3,20150400
2015-02-19 14:15:36,1214.35,20150600,1214.35,20150600,1210.3,20150400
2015-02-19 15:50:16,1209.6999999999996,20150600,1209.6999999999996,20150600,1210.3,20150400
2015-02-19 17:03:55,1212.15,20150600,1212.15,20150600,1210.3,20150400
2015-02-19 18:04:35,1209.8000000000004,20150600,1209.8000000000004,20150600,1210.3,20150400
2015-02-19 19:05:13,1209.6,20150600,1209.6,20150600,1210.3,20150400
2015-02-19 23:00:00,1207.0,20150600,1207.0,20150600,1206.4,20150400
2015-02-20 12:04:26,1203.65,20150600,1203.65,20150600,1206.4,20150400
2015-02-20 13:05:36,1213.85,20150600,1213.85,20150600,1206.4,20150400
2015-02-20 14:16:17,1209.5,20150600,1209.5,20150600,1206.4,20150400
2015-02-20 15:50:39,1206.6,20150600,1206.6,20150600,1206.4,20150400
2015-02-20 17:03:13,1208.0,20150600,1208.0,20150600,1206.4,20150400
2015-02-20 18:04:57,1207.1999999999996,20150600,1207.1999999999996,20150600,1206.4,20150400
2015-02-20 19:05:35,1200.8000000000004,20150600,1200.8000000000004,20150600,1206.4,20150400
2015-02-20 23:00:00,1202.3,20150600,1202.3,20150600,1200.5,20150400
2015-02-23 12:17:09,1195.8000000000004,20150600,1195.8000000000004,20150600,1200.5,20150400
2015-02-23 13:18:33,1197.0,20150600,1197.0,20150600,1200.5,20150400
2015-02-23 14:25:19,1199.6999999999996,20150600,1199.6999999999996,20150600,1200.5,20150400
2015-02-23 16:08:32,1202.9,20150600,1202.9,20150600,1200.5,20150400
2015-02-23 17:17:41,1200.0,20150600,1200.0,20150600,1200.5,20150400
2015-02-23 18:18:19,1200.0,20150600,1200.0,20150600,1200.5,20150400
2015-02-23 19:35:15,1201.65,20150600,1201.65,20150600,1200.5,20150400
2015-02-23 23:00:00,1202.4,20150600,1202.4,20150600,1201.7,20150400
2015-02-24 12:34:29,1200.0500000000004,20150600,1200.0500000000004,20150600,1201.7,20150400
2015-02-24 13:35:12,1199.6,20150600,1199.6,20150600,1201.7,20150400
2015-02-24 15:00:32,1196.6,20150600,1196.6,20150600,1201.7,20150400
2015-02-24 16:01:10,1199.65,20150600,1199.65,20150600,1201.7,20150400
2015-02-24 17:01:32,1193.5500000000004,20150600,1193.5500000000004,20150600,1201.7,20150400
2015-02-24 18:01:53,1196.9,20150600,1196.9,20150600,1201.7,20150400
2015-02-24 19:05:22,1199.8000000000004,20150600,1199.8000000000004,20150600,1201.7,20150400
2015-02-24 23:00:00,1201.3,20150600,1201.3,20150600,1200.5,20150400
2015-02-25 12:05:20,1209.3000000000004,20150600,1209.3000000000004,20150600,1200.5,20150400
2015-02-25 13:06:39,1210.15,20150600,1210.15,20150600,1200.5,20150400
2015-02-25 14:52:24,1205.9499999999996,20150600,1205.9499999999996,20150600,1200.5,20150400
2015-02-25 15:53:01,1204.35,20150600,1204.35,20150600,1200.5,20150400
2015-02-25 16:53:35,1205.9,20150600,1205.9,20150600,1200.5,20150400
2015-02-25 17:54:02,1204.15,20150600,1204.15,20150600,1200.5,20150400
2015-02-25 19:03:15,1204.1,20150600,1204.1,20150600,1200.5,20150400
2015-02-25 23:00:00,1205.4,20150600,1205.4,20150600,1204.8,20150400
2015-02-26 12:05:23,1218.0,20150600,1218.0,20150600,1204.8,20150400
2015-02-26 13:06:42,1217.6999999999996,20150600,1217.6999999999996,20150600,1204.8,20150400
2015-02-26 14:54:11,1212.9,20150600,1212.9,20150600,1204.8,20150400
2015-02-26 15:54:47,1209.8000000000004,20150600,1209.8000000000004,20150600,1204.8,20150400
2015-02-26 16:55:09,1210.1,20150600,1210.1,20150600,1204.8,20150400
2015-02-26 17:55:39,1210.5500000000004,20150600,1210.5500000000004,20150600,1204.8,20150400
2015-02-26 19:18:33,1209.5,20150600,1209.5,20150600,1204.8,20150400
2015-02-26 23:00:00,1208.4,20150600,1208.4,20150600,1207.9,20150400
2015-02-27 12:09:34,1209.0,20150600,1209.0,20150600,1207.9,20150400
2015-02-27 13:11:14,1211.15,20150600,1211.15,20150600,1207.9,20150400
2015-02-27 15:35:49,1215.5500000000004,20150600,1215.5500000000004,20150600,1207.9,20150400
2015-02-27 16:47:33,1218.4,20150600,1218.4,20150600,1207.9,20150400
2015-02-27 17:48:51,1214.5500000000004,20150600,1214.5500000000004,20150600,1207.9,20150400
2015-02-27 18:49:52,1214.25,20150600,1214.25,20150600,1207.9,20150400
2015-02-27 23:00:00,1214.25,20150600,1214.25,20150600,1210.6,20150400
2015-03-02 12:07:25,1214.1999999999996,20150600,1214.1999999999996,20150600,1210.6,20150400
2015-03-02 13:08:22,1220.0500000000004,20150600,1220.0500000000004,20150600,1210.6,20150400
2015-03-02 14:18:49,1214.6,20150600,1214.6,20150600,1210.6,20150400
2015-03-02 15:45:07,1210.6999999999996,20150600,1210.6999999999996,20150600,1210.6,20150400
2015-03-02 16:46:12,1208.6999999999996,20150600,1208.6999999999996,20150600,1210.6,20150400
2015-03-02 17:46:36,1208.9,20150600,1208.9,20150600,1210.6,20150400
2015-03-02 18:47:11,1209.15,20150600,1209.15,20150600,1210.6,20150400
2015-03-02 23:00:00,1205.7,20150600,1205.7,20150600,1205.0,20150400
2015-03-03 12:09:11,1210.0500000000004,20150600,1210.0500000000004,20150600,1205.0,20150400
2015-03-03 13:10:34,1208.65,20150600,1208.65,20150600,1205.0,20150400
2015-03-03 14:15:35,1208.85,20150600,1208.85,20150600,1205.0,20150400
2015-03-03 15:31:36,1213.1,20150600,1213.1,20150600,1205.0,20150400
2015-03-03 16:32:07,1203.4,20150600,1203.4,20150600,1205.0,20150400
2015-03-03 17:33:11,1204.25,20150600,1204.25,20150600,1205.0,20150400
2015-03-03 18:33:57,1205.65,20150600,1205.65,20150600,1205.0,20150400
2015-03-03 23:00:00,1202.3,20150600,1202.3,20150600,1202.9,20150400
2015-03-04 12:05:55,1205.8000000000004,20150600,1205.8000000000004,20150600,1202.9,20150400
2015-03-04 13:07:00,1203.1999999999996,20150600,1203.1999999999996,20150600,1202.9,20150400
2015-03-04 14:25:49,1205.1999999999996,20150600,1205.1999999999996,20150600,1202.9,20150400
2015-03-04 16:17:03,1202.9,20150600,1202.9,20150600,1202.9,20150400
2015-03-04 17:17:49,1202.5,20150600,1202.5,20150600,1202.9,20150400
2015-03-04 18:18:23,1201.6999999999996,20150600,1201.6999999999996,20150600,1202.9,20150400
2015-03-04 19:19:06,1201.85,20150600,1201.85,20150600,1202.9,20150400
2015-03-04 23:00:00,1199.5,20150600,1199.5,20150600,1198.7,20150400
2015-03-05 13:20:04,1204.4,20150600,1204.4,20150600,1198.7,20150400
2015-03-05 14:31:40,1202.5,20150600,1202.5,20150600,1198.7,20150400
2015-03-05 15:32:57,1207.4,20150600,1207.4,20150600,1198.7,20150400
2015-03-05 16:34:10,1204.1,20150600,1204.1,20150600,1198.7,20150400
2015-03-05 17:56:54,1200.6999999999996,20150600,1200.6999999999996,20150600,1198.7,20150400
2015-03-05 18:57:42,1198.6999999999996,20150600,1198.6999999999996,20150600,1198.7,20150400
2015-03-05 23:00:00,1199.0,20150600,1199.0,20150600,1197.8,20150400
2015-03-06 12:08:05,1196.35,20150600,1196.35,20150600,1197.8,20150400
2015-03-06 13:08:48,1196.0500000000004,20150600,1196.0500000000004,20150600,1197.8,20150400
2015-03-06 14:17:27,1179.9,20150600,1179.9,20150600,1197.8,20150400
2015-03-06 15:17:57,1173.65,20150600,1173.65,20150600,1197.8,20150400
2015-03-06 16:51:04,1172.6,20150600,1172.6,20150600,1197.8,20150400
2015-03-06 17:51:33,1166.75,20150600,1166.75,20150600,1197.8,20150400
2015-03-06 18:52:39,1165.9,20150600,1165.9,20150600,1197.8,20150400
2015-03-06 23:00:00,1165.7,20150600,1165.7,20150600,1164.5,20150400
2015-03-09 12:06:42,1175.25,20150600,1175.25,20150600,1164.5,20150400
2015-03-09 13:07:46,1172.4499999999996,20150600,1172.4499999999996,20150600,1164.5,20150400
2015-03-09 14:16:17,1171.75,20150600,1171.75,20150600,1164.5,20150400
2015-03-09 16:12:17,1167.6999999999996,20150600,1167.6999999999996,20150600,1164.5,20150400
2015-03-09 17:13:15,1167.25,20150600,1167.25,20150600,1164.5,20150400
2015-03-09 18:13:53,1167.6,20150600,1167.6,20150600,1164.5,20150400
2015-03-09 19:15:24,1167.15,20150600,1167.15,20150600,1164.5,20150400
2015-03-09 23:00:00,1167.1,20150600,1167.1,20150600,1165.9,20150400
2015-03-10 12:06:46,1165.1999999999996,20150600,1165.1999999999996,20150600,1165.9,20150400
2015-03-10 13:08:47,1167.1,20150600,1167.1,20150600,1165.9,20150400
2015-03-10 14:19:09,1165.1999999999996,20150600,1165.1999999999996,20150600,1165.9,20150400
2015-03-10 16:18:49,1159.65,20150600,1159.65,20150600,1165.9,20150400
2015-03-10 17:19:24,1161.25,20150600,1161.25,20150600,1165.9,20150400
2015-03-10 18:20:06,1161.0,20150600,1161.0,20150600,1165.9,20150400
2015-03-10 19:21:02,1161.35,20150600,1161.35,20150600,1165.9,20150400
2015-03-10 23:00:00,1160.9,20150600,1160.9,20150600,1160.1,20150400
2015-03-11 12:06:18,1158.75,20150600,1158.75,20150600,1160.1,20150400
2015-03-11 13:07:07,1158.4,20150600,1158.4,20150600,1160.1,20150400
2015-03-11 14:17:07,1152.1,20150600,1152.1,20150600,1160.1,20150400
2015-03-11 15:17:34,1149.9,20150600,1149.9,20150600,1160.1,20150400
2015-03-11 16:29:19,1151.1999999999996,20150600,1151.1999999999996,20150600,1160.1,20150400
2015-03-11 17:29:47,1152.1,20150600,1152.1,20150600,1160.1,20150400
2015-03-11 18:30:16,1153.15,20150600,1153.15,20150600,1160.1,20150400
2015-03-11 19:31:01,1154.0,20150600,1154.0,20150600,1160.1,20150400
2015-03-11 23:00:00,1153.7,20150600,1153.7,20150600,1152.7,20150400
2015-03-12 12:13:31,1157.35,20150600,1157.35,20150600,1152.7,20150400
2015-03-12 13:14:33,1158.5,20150600,1158.5,20150600,1152.7,20150400
2015-03-12 14:27:00,1154.1999999999996,20150600,1154.1999999999996,20150600,1152.7,20150400
2015-03-12 15:28:18,1153.9499999999996,20150600,1153.9499999999996,20150600,1152.7,20150400
2015-03-12 16:44:10,1149.9,20150600,1149.9,20150600,1152.7,20150400
2015-03-12 17:45:43,1154.1999999999996,20150600,1154.1999999999996,20150600,1152.7,20150400
2015-03-12 18:46:13,1152.5,20150600,1152.5,20150600,1152.7,20150400
2015-03-12 23:00:00,1153.1,20150600,1153.1,20150600,1152.3,20150400
2015-03-13 12:10:38,1155.1,20150600,1155.1,20150600,1152.3,20150400
2015-03-13 13:12:46,1157.65,20150600,1157.65,20150600,1152.3,20150400
2015-03-13 14:14:49,1155.1,20150600,1155.1,20150600,1152.3,20150400
2015-03-13 15:16:36,1152.6999999999996,20150600,1152.6999999999996,20150600,1152.3,20150400
2015-03-13 16:41:14,1152.9,20150600,1152.9,20150600,1152.3,20150400
2015-03-13 17:41:51,1154.9,20150600,1154.9,20150600,1152.3,20150400
2015-03-13 18:42:23,1154.4499999999996,20150600,1154.4499999999996,20150600,1152.3,20150400
2015-03-13 19:43:28,1155.6,20150600,1155.6,20150600,1152.3,20150400
2015-03-13 23:00:00,1155.4,20150600,1155.4,20150600,1154.4,20150400
2015-03-16 12:07:00,1157.8000000000004,20150600,1157.8000000000004,20150600,1154.4,20150400
2015-03-16 13:08:09,1155.85,20150600,1155.85,20150600,1154.4,20150400
2015-03-16 14:16:47,1155.4,20150600,1155.4,20150600,1154.4,20150400
2015-03-16 16:14:00,1152.6999999999996,20150600,1152.6999999999996,20150600,1154.4,20150400
2015-03-16 17:14:42,1154.1,20150600,1154.1,20150600,1154.4,20150400
2015-03-16 18:15:23,1154.3000000000004,20150600,1154.3000000000004,20150600,1154.4,20150400
2015-03-16 19:15:56,1154.6,20150600,1154.6,20150600,1154.4,20150400
2015-03-16 23:00:00,1155.1,20150600,1155.1,20150600,1154.0,20150400
2015-03-17 12:06:15,1153.35,20150600,1153.35,20150600,1154.0,20150400
2015-03-17 13:06:50,1146.25,20150600,1146.25,20150600,1154.0,20150400
2015-03-17 14:28:44,1156.3000000000004,20150600,1156.3000000000004,20150600,1154.0,20150400
2015-03-17 16:16:35,1147.9,20150600,1147.9,20150600,1154.0,20150400
2015-03-17 17:17:09,1149.0,20150600,1149.0,20150600,1154.0,20150400
2015-03-17 18:17:32,1147.4,20150600,1147.4,20150600,1154.0,20150400
2015-03-17 19:18:28,1148.65,20150600,1148.65,20150600,1154.0,20150400
2015-03-17 23:00:00,1148.3,20150600,1148.3,20150600,1147.5,20150400
2015-03-18 12:02:57,1148.6,20150600,1148.6,20150600,1147.5,20150400
2015-03-18 13:04:08,1148.6,20150600,1148.6,20150600,1147.5,20150400
2015-03-18 14:05:14,1147.6,20150600,1147.6,20150600,1147.5,20150400
2015-03-18 15:05:36,1146.75,20150600,1146.75,20150600,1147.5,20150400
2015-03-18 16:31:04,1151.5,20150600,1151.5,20150600,1147.5,20150400
2015-03-18 17:31:37,1152.1999999999996,20150600,1152.1999999999996,20150600,1147.5,20150400
2015-03-18 18:32:00,1165.8000000000004,20150600,1165.8000000000004,20150600,1147.5,20150400
2015-03-18 19:34:19,1168.85,20150600,1168.85,20150600,1147.5,20150400
2015-03-18 23:00:00,1170.8,20150600,1170.8,20150600,1170.1,20150400
2015-03-19 12:06:06,1165.1,20150600,1165.1,20150600,1170.1,20150400
2015-03-19 13:07:00,1165.1999999999996,20150600,1165.1999999999996,20150600,1170.1,20150400
2015-03-19 14:16:52,1164.6999999999996,20150600,1164.6999999999996,20150600,1170.1,20150400
2015-03-19 15:17:17,1168.3000000000004,20150600,1168.3000000000004,20150600,1170.1,20150400
2015-03-19 16:44:57,1168.9,20150600,1168.9,20150600,1170.1,20150400
2015-03-19 17:45:22,1169.4,20150600,1169.4,20150600,1170.1,20150400
2015-03-19 18:45:45,1169.85,20150600,1169.85,20150600,1170.1,20150400
2015-03-19 23:00:00,1170.4,20150600,1170.4,20150600,1169.3,20150400
2015-03-20 12:06:07,1174.0500000000004,20150600,1174.0500000000004,20150600,1169.3,20150400
2015-03-20 13:07:01,1171.6999999999996,20150600,1171.6999999999996,20150600,1169.3,20150400
2015-03-20 14:16:44,1180.55,20150600,1180.55,20150600,1169.3,20150400
2015-03-20 15:17:07,1182.1999999999996,20150600,1182.1999999999996,20150600,1169.3,20150400
2015-03-20 16:50:43,1187.15,20150600,1187.15,20150600,1169.3,20150400
2015-03-20 17:51:07,1185.1999999999996,20150600,1185.1999999999996,20150600,1169.3,20150400
2015-03-20 18:51:39,1182.85,20150600,1182.85,20150600,1169.3,20150400
2015-03-20 23:00:00,1183.4,20150600,1183.4,20150600,1182.6,20150400
2015-03-23 12:07:37,1184.0,20150600,1184.0,20150600,1182.6,20150400
2015-03-23 13:08:50,1183.3000000000004,20150600,1183.3000000000004,20150600,1182.6,20150400
2015-03-23 14:20:03,1186.55,20150600,1186.55,20150600,1182.6,20150400
2015-03-23 15:20:30,1185.55,20150600,1185.55,20150600,1182.6,20150400
2015-03-23 16:39:54,1187.8000000000004,20150600,1187.8000000000004,20150600,1182.6,20150400
2015-03-23 17:40:18,1188.25,20150600,1188.25,20150600,1182.6,20150400
2015-03-23 18:40:41,1189.1999999999996,20150600,1189.1999999999996,20150600,1182.6,20150400
2015-03-23 19:41:18,1191.1,20150600,1191.1,20150600,1182.6,20150400
2015-03-23 23:00:00,1190.6,20150600,1190.6,20150600,1190.1,20150400
2015-03-24 12:26:05,1193.1999999999996,20150600,1193.1999999999996,20150600,1190.1,20150400
2015-03-24 13:27:08,1191.0,20150600,1191.0,20150600,1190.1,20150400
2015-03-24 14:36:42,1189.85,20150600,1189.85,20150600,1190.1,20150400
2015-03-24 15:38:55,1189.1999999999996,20150600,1189.1999999999996,20150600,1190.1,20150400
2015-03-24 16:39:17,1190.35,20150600,1190.35,20150600,1190.1,20150400
2015-03-24 17:39:39,1192.35,20150600,1192.35,20150600,1190.1,20150400
2015-03-24 18:40:04,1194.1,20150600,1194.1,20150600,1190.1,20150400
2015-03-24 23:00:00,1194.1,20150600,1194.1,20150600,1193.3,20150400
2015-03-25 12:06:15,1196.95,20150600,1196.95,20150600,1193.3,20150400
2015-03-25 13:06:49,1197.4,20150600,1197.4,20150600,1193.3,20150400
2015-03-25 14:16:50,1199.0,20150600,1199.0,20150600,1193.3,20150400
2015-03-25 16:13:33,1197.95,20150600,1197.95,20150600,1193.3,20150400
2015-03-25 17:14:03,1197.1,20150600,1197.1,20150600,1193.3,20150400
2015-03-25 18:14:25,1197.75,20150600,1197.75,20150600,1193.3,20150400
2015-03-25 19:15:07,1196.75,20150600,1196.75,20150600,1193.3,20150400
2015-03-25 23:00:00,1196.1,20150600,1196.1,20150600,1195.1,20150400
2015-03-26 12:03:44,1209.4,20150600,1209.4,20150600,1195.1,20150400
2015-03-26 13:05:38,1203.85,20150600,1203.85,20150600,1195.1,20150400
2015-03-26 14:35:25,1206.55,20150600,1206.55,20150600,1195.1,20150400
2015-03-26 16:16:08,1205.5,20150600,1205.5,20150600,1195.1,20150400
2015-03-26 17:16:34,1205.15,20150600,1205.15,20150600,1195.1,20150400
2015-03-26 18:16:57,1203.25,20150600,1203.25,20150600,1195.1,20150400
2015-03-26 19:17:49,1203.4,20150600,1203.4,20150600,1195.1,20150400
2015-03-26 23:00:00,1203.9,20150600,1203.9,20150600,1202.8,20150400
2015-03-27 12:05:06,1202.6,20150600,1202.6,20150600,1202.8,20150400
2015-03-27 13:06:59,1201.3000000000004,20150600,1201.3000000000004,20150600,1202.8,20150400
2015-03-27 14:49:46,1200.85,20150600,1200.85,20150600,1202.8,20150400
2015-03-27 16:28:07,1200.15,20150600,1200.15,20150600,1202.8,20150400
2015-03-27 17:28:36,1200.5,20150600,1200.5,20150600,1202.8,20150400
2015-03-27 18:29:02,1200.15,20150600,1200.15,20150600,1202.8,20150400
2015-03-27 19:29:42,1200.15,20150600,1200.15,20150600,1202.8,20150400
2015-03-27 23:00:00,1198.5,20150600,1198.5,20150600,1197.7,20150400
2015-03-30 12:20:06,1185.95,20150600,1185.95,20150600,1197.7,20150400
2015-03-30 13:20:55,1183.45,20150600,1183.45,20150600,1197.7,20150400
2015-03-30 14:32:28,1183.85,20150600,1183.85,20150600,1197.7,20150400
2015-03-30 15:35:04,1186.15,20150600,1186.15,20150600,1197.7,20150400
2015-03-30 16:35:31,1184.85,20150600,1184.85,20150600,1197.7,20150400
2015-03-30 17:36:14,1184.65,20150600,1184.65,20150600,1197.7,20150400
2015-03-30 18:36:35,1184.55,20150600,1184.55,20150600,1197.7,20150400
2015-03-30 23:00:00,1185.8,20150600,1185.8,20150600,1185.4,20150400
2015-03-31 12:04:10,1185.8,20150800,1185.8,20150800,1183.0,20150600
2015-03-31 13:05:43,1185.8,20150800,1185.8,20150800,1184.25,20150600
2015-03-31 14:08:21,1185.8,20150800,1185.8,20150800,1186.85,20150600
2015-03-31 15:41:20,1185.8,20150800,1185.8,20150800,1189.85,20150600
2015-03-31 16:41:43,1185.8,20150800,1185.8,20150800,1187.55,20150600
2015-03-31 17:42:06,1185.8,20150800,1185.8,20150800,1186.65,20150600
2015-03-31 18:42:33,1185.8,20150800,1185.8,20150800,1182.45,20150600
2015-03-31 23:00:00,1184.2,20150800,1184.2,20150800,1183.2,20150600
2015-04-01 12:06:17,1184.2,20150800,1184.2,20150800,1183.35,20150600
2015-04-01 13:07:04,1184.2,20150800,1184.2,20150800,1185.15,20150600
2015-04-01 14:23:43,1184.2,20150800,1184.2,20150800,1192.55,20150600
2015-04-01 16:15:17,1184.2,20150800,1184.2,20150800,1200.45,20150600
2015-04-01 17:15:44,1184.2,20150800,1184.2,20150800,1204.1999999999996,20150600
2015-04-01 18:16:07,1184.2,20150800,1184.2,20150800,1207.65,20150600
2015-04-01 19:16:36,1184.2,20150800,1184.2,20150800,1205.15,20150600
2015-04-01 23:00:00,1204.7,20150800,1204.7,20150800,1204.1,20150600
2015-04-02 12:06:00,1204.7,20150800,1204.7,20150800,1204.35,20150600
2015-04-02 13:06:59,1204.7,20150800,1204.7,20150800,1205.65,20150600
2015-04-02 14:17:22,1204.7,20150800,1204.7,20150800,1201.95,20150600
2015-04-02 15:17:46,1204.7,20150800,1204.7,20150800,1199.35,20150600
2015-04-02 23:00:00,1203.4,20150800,1203.4,20150800,1201.4,20150600
2015-04-06 12:04:31,1203.4,20150800,1203.4,20150800,1219.65,20150600
2015-04-06 13:09:26,1203.4,20150800,1203.4,20150800,1216.75,20150600
2015-04-06 14:12:18,1203.4,20150800,1203.4,20150800,1221.6999999999996,20150600
2015-04-06 15:58:50,1203.4,20150800,1203.4,20150800,1222.65,20150600
2015-04-06 23:00:00,1216.4,20150800,1216.4,20150800,1222.65,20150600
2015-04-07 12:02:40,1216.4,20150800,1216.4,20150800,1210.35,20150600
2015-04-07 13:03:32,1216.4,20150800,1216.4,20150800,1210.85,20150600
2015-04-07 14:11:59,1216.4,20150800,1216.4,20150800,1210.45,20150600
2015-04-07 15:26:26,1216.4,20150800,1216.4,20150800,1213.75,20150600
2015-04-07 16:26:52,1216.4,20150800,1216.4,20150800,1212.35,20150600
2015-04-07 17:27:17,1216.4,20150800,1216.4,20150800,1211.45,20150600
2015-04-07 18:27:42,1216.4,20150800,1216.4,20150800,1210.35,20150600
2015-04-07 23:00:00,1211.0,20150800,1211.0,20150800,1210.1,20150600
2015-04-08 12:05:15,1211.0,20150800,1211.0,20150800,1210.6,20150600
2015-04-08 13:06:18,1211.0,20150800,1211.0,20150800,1206.95,20150600
2015-04-08 14:14:22,1211.0,20150800,1211.0,20150800,1207.75,20150600
2015-04-08 15:28:27,1211.0,20150800,1211.0,20150800,1207.35,20150600
2015-04-08 16:29:02,1211.0,20150800,1211.0,20150800,1203.95,20150600
2015-04-08 17:29:24,1211.0,20150800,1211.0,20150800,1204.25,20150600
2015-04-08 18:29:47,1211.0,20150800,1211.0,20150800,1203.55,20150600
2015-04-08 23:00:00,1203.8,20150800,1203.8,20150800,1202.8,20150600
2015-04-09 12:03:26,1203.8,20150800,1203.8,20150800,1199.4,20150600
2015-04-09 13:04:41,1203.8,20150800,1203.8,20150800,1201.45,20150600
2015-04-09 14:16:08,1203.8,20150800,1203.8,20150800,1196.25,20150600
2015-04-09 15:37:57,1203.8,20150800,1203.8,20150800,1193.95,20150600
2015-04-09 16:38:25,1203.8,20150800,1203.8,20150800,1194.65,20150600
2015-04-09 17:38:47,1203.8,20150800,1203.8,20150800,1194.45,20150600
2015-04-09 18:39:12,1203.8,20150800,1203.8,20150800,1194.9,20150600
2015-04-09 23:00:00,1195.5,20150800,1195.5,20150800,1195.0,20150600
2015-04-10 12:02:53,1195.5,20150800,1195.5,20150800,1202.95,20150600
2015-04-10 13:03:53,1195.5,20150800,1195.5,20150800,1199.85,20150600
2015-04-10 14:15:56,1195.5,20150800,1195.5,20150800,1204.95,20150600
2015-04-10 15:45:38,1195.5,20150800,1195.5,20150800,1208.55,20150600
2015-04-10 16:46:06,1195.5,20150800,1195.5,20150800,1206.85,20150600
2015-04-10 17:46:31,1195.5,20150800,1195.5,20150800,1205.65,20150600
2015-04-10 18:46:54,1195.5,20150800,1195.5,20150800,1207.25,20150600
2015-04-10 23:00:00,1209.0,20150800,1209.0,20150800,1208.3,20150600
2015-04-13 12:06:15,1209.0,20150800,1209.0,20150800,1199.65,20150600
2015-04-13 13:06:55,1209.0,20150800,1209.0,20150800,1199.55,20150600
2015-04-13 14:17:45,1209.0,20150800,1209.0,20150800,1204.75,20150600
2015-04-13 15:31:50,1209.0,20150800,1209.0,20150800,1198.95,20150600
2015-04-13 16:32:12,1209.0,20150800,1209.0,20150800,1198.05,20150600
2015-04-13 17:32:55,1209.0,20150800,1209.0,20150800,1199.55,20150600
2015-04-13 18:33:17,1209.0,20150800,1209.0,20150800,1199.3000000000004,20150600
2015-04-13 23:00:00,1200.2,20150800,1200.2,20150800,1199.5,20150600
2015-04-14 12:18:10,1200.2,20150800,1200.2,20150800,1186.0,20150600
2015-04-14 13:18:40,1200.2,20150800,1200.2,20150800,1186.05,20150600
2015-04-14 14:25:30,1200.2,20150800,1200.2,20150800,1196.35,20150600
2015-04-14 15:28:56,1200.2,20150800,1200.2,20150800,1195.25,20150600
2015-04-14 16:29:19,1200.2,20150800,1200.2,20150800,1195.65,20150600
2015-04-14 17:29:47,1200.2,20150800,1200.2,20150800,1193.35,20150600
2015-04-14 18:30:15,1200.2,20150800,1200.2,20150800,1192.35,20150600
2015-04-14 23:00:00,1193.0,20150800,1193.0,20150800,1192.2,20150600
2015-04-15 12:13:07,1193.0,20150800,1193.0,20150800,1191.15,20150600
2015-04-15 13:13:36,1193.0,20150800,1193.0,20150800,1190.6999999999996,20150600
2015-04-15 14:24:29,1193.0,20150800,1193.0,20150800,1195.65,20150600
2015-04-15 16:20:28,1193.0,20150800,1193.0,20150800,1195.05,20150600
2015-04-15 17:20:57,1193.0,20150800,1193.0,20150800,1196.1,20150600
2015-04-15 18:21:25,1193.0,20150800,1193.0,20150800,1200.55,20150600
2015-04-15 19:21:48,1193.0,20150800,1193.0,20150800,1203.5,20150600
2015-04-15 23:00:00,1203.5,20150800,1203.5,20150800,1202.5,20150600
2015-04-16 12:06:21,1203.5,20150800,1203.5,20150800,1207.6999999999996,20150600
2015-04-16 13:06:56,1203.5,20150800,1203.5,20150800,1205.85,20150600
2015-04-16 14:17:53,1203.5,20150800,1203.5,20150800,1203.75,20150600
2015-04-16 15:58:16,1203.5,20150800,1203.5,20150800,1196.55,20150600
2015-04-16 16:58:40,1203.5,20150800,1203.5,20150800,1197.55,20150600
2015-04-16 17:59:04,1203.5,20150800,1203.5,20150800,1196.15,20150600
2015-04-16 18:59:27,1203.5,20150800,1203.5,20150800,1199.25,20150600
2015-04-16 23:00:00,1199.4,20150800,1199.4,20150800,1198.5,20150600
2015-04-17 12:06:20,1199.4,20150800,1199.4,20150800,1204.05,20150600
2015-04-17 13:06:57,1199.4,20150800,1199.4,20150800,1205.55,20150600
2015-04-17 14:17:26,1199.4,20150800,1199.4,20150800,1201.05,20150600
2015-04-17 15:17:47,1199.4,20150800,1199.4,20150800,1203.35,20150600
2015-04-17 16:48:47,1199.4,20150800,1199.4,20150800,1204.05,20150600
2015-04-17 17:49:19,1199.4,20150800,1199.4,20150800,1202.65,20150600
2015-04-17 18:49:46,1199.4,20150800,1199.4,20150800,1202.3000000000004,20150600
2015-04-17 23:00:00,1204.7,20150800,1204.7,20150800,1203.6,20150600
2015-04-20 12:12:40,1204.7,20150800,1204.7,20150800,1198.5,20150600
2015-04-20 13:13:18,1204.7,20150800,1204.7,20150800,1197.65,20150600
2015-04-20 14:23:28,1204.7,20150800,1204.7,20150800,1194.45,20150600
2015-04-20 16:18:20,1204.7,20150800,1204.7,20150800,1193.15,20150600
2015-04-20 17:18:43,1204.7,20150800,1204.7,20150800,1194.5,20150600
2015-04-20 18:19:08,1204.7,20150800,1204.7,20150800,1194.05,20150600
2015-04-20 19:19:40,1204.7,20150800,1204.7,20150800,1193.75,20150600
2015-04-20 23:00:00,1194.7,20150800,1194.7,20150800,1195.0,20150600
2015-04-21 12:06:29,1194.7,20150800,1194.7,20150800,1197.85,20150600
2015-04-21 13:07:02,1194.7,20150800,1194.7,20150800,1200.95,20150600
2015-04-21 14:18:33,1194.7,20150800,1194.7,20150800,1196.9,20150600
2015-04-21 16:20:05,1194.7,20150800,1194.7,20150800,1197.85,20150600
2015-04-21 17:20:30,1194.7,20150800,1194.7,20150800,1199.8000000000004,20150600
2015-04-21 18:21:04,1194.7,20150800,1194.7,20150800,1201.75,20150600
2015-04-21 19:21:31,1194.7,20150800,1194.7,20150800,1202.35,20150600
2015-04-21 23:00:00,1201.8,20150800,1201.8,20150800,1201.1,20150600
2015-04-22 12:06:18,1201.8,20150800,1201.8,20150800,1201.9,20150600
2015-04-22 13:06:58,1201.8,20150800,1201.8,20150800,1199.75,20150600
2015-04-22 14:17:38,1201.8,20150800,1201.8,20150800,1196.75,20150600
2015-04-22 15:18:00,1201.8,20150800,1201.8,20150800,1189.25,20150600
2015-04-22 16:49:59,1201.8,20150800,1201.8,20150800,1188.15,20150600
2015-04-22 17:50:27,1201.8,20150800,1201.8,20150800,1188.05,20150600
2015-04-22 18:50:55,1201.8,20150800,1201.8,20150800,1186.45,20150600
2015-04-22 23:00:00,1186.8,20150800,1186.8,20150800,1185.7,20150600
2015-04-23 12:07:58,1186.8,20150800,1186.8,20150800,1188.8000000000004,20150600
2015-04-23 13:09:21,1186.8,20150800,1186.8,20150800,1189.05,20150600
2015-04-23 14:11:46,1186.8,20150800,1186.8,20150800,1188.85,20150600
2015-04-23 15:12:28,1186.8,20150800,1186.8,20150800,1186.6,20150600
2015-04-23 16:35:24,1186.8,20150800,1186.8,20150800,1191.55,20150600
2015-04-23 17:35:48,1186.8,20150800,1186.8,20150800,1190.85,20150600
2015-04-23 18:36:13,1186.8,20150800,1186.8,20150800,1195.15,20150600
2015-04-23 19:36:36,1186.8,20150800,1186.8,20150800,1196.85,20150600
2015-04-23 23:00:00,1194.7,20150800,1194.7,20150800,1193.8,20150600
2015-04-24 12:06:39,1194.7,20150800,1194.7,20150800,1189.85,20150600
2015-04-24 13:08:17,1194.7,20150800,1194.7,20150800,1186.5,20150600
2015-04-24 14:10:27,1194.7,20150800,1194.7,20150800,1187.05,20150600
2015-04-24 15:11:19,1194.7,20150800,1194.7,20150800,1177.5,20150600
2015-04-24 16:34:05,1194.7,20150800,1194.7,20150800,1176.15,20150600
2015-04-24 17:34:29,1194.7,20150800,1194.7,20150800,1176.75,20150600
2015-04-24 18:34:54,1194.7,20150800,1194.7,20150800,1175.25,20150600
2015-04-24 19:35:19,1194.7,20150800,1194.7,20150800,1176.75,20150600
2015-04-24 23:00:00,1178.9,20150800,1178.9,20150800,1177.6,20150600
2015-04-27 12:06:16,1178.9,20150800,1178.9,20150800,1184.35,20150600
2015-04-27 13:06:59,1178.9,20150800,1178.9,20150800,1185.95,20150600
2015-04-27 14:17:42,1178.9,20150800,1178.9,20150800,1185.95,20150600
2015-04-27 16:16:38,1178.9,20150800,1178.9,20150800,1201.05,20150600
2015-04-27 17:17:02,1178.9,20150800,1178.9,20150800,1202.75,20150600
2015-04-27 18:17:36,1178.9,20150800,1178.9,20150800,1204.85,20150600
2015-04-27 19:18:09,1178.9,20150800,1178.9,20150800,1202.65,20150600
2015-04-27 23:00:00,1203.1,20150800,1203.1,20150800,1201.8,20150600
2015-04-28 12:06:23,1203.1,20150800,1203.1,20150800,1201.6999999999996,20150600
2015-04-28 13:07:06,1203.1,20150800,1203.1,20150800,1202.95,20150600
2015-04-28 14:19:10,1203.1,20150800,1203.1,20150800,1201.75,20150600
2015-04-28 16:19:33,1203.1,20150800,1203.1,20150800,1212.05,20150600
2015-04-28 17:19:56,1203.1,20150800,1203.1,20150800,1212.25,20150600
2015-04-28 18:20:26,1203.1,20150800,1203.1,20150800,1212.35,20150600
2015-04-28 19:20:52,1203.1,20150800,1203.1,20150800,1213.55,20150600
2015-04-28 23:00:00,1212.2,20150800,1212.2,20150800,1211.6,20150600
2015-04-29 12:06:31,1212.2,20150800,1212.2,20150800,1206.85,20150600
2015-04-29 13:07:05,1212.2,20150800,1212.2,20150800,1207.25,20150600
2015-04-29 14:18:30,1212.2,20150800,1212.2,20150800,1208.15,20150600
2015-04-29 16:00:58,1212.2,20150800,1212.2,20150800,1209.55,20150600
2015-04-29 17:01:20,1212.2,20150800,1212.2,20150800,1210.25,20150600
2015-04-29 18:01:44,1212.2,20150800,1212.2,20150800,1208.45,20150600
2015-04-29 19:02:07,1212.2,20150800,1212.2,20150800,1201.9,20150600
2015-04-29 23:00:00,1204.2,20150800,1204.2,20150800,1203.3,20150600
2015-04-30 13:43:52,1204.2,20150800,1204.2,20150800,1198.1,20150600
2015-04-30 15:12:25,1204.2,20150800,1204.2,20150800,1177.8000000000004,20150600
2015-04-30 16:37:31,1204.2,20150800,1204.2,20150800,1178.55,20150600
2015-04-30 18:45:23,1204.2,20150800,1204.2,20150800,1182.55,20150600
2015-04-30 23:00:00,1183.9,20150800,1183.9,20150800,1181.9,20150600
2015-05-01 12:19:15,1183.9,20150800,1183.9,20150800,1180.45,20150600
2015-05-01 14:16:10,1183.9,20150800,1183.9,20150800,1171.85,20150600
2015-05-01 15:28:31,1183.9,20150800,1183.9,20150800,1172.85,20150600
2015-05-01 16:43:10,1183.9,20150800,1183.9,20150800,1171.85,20150600
2015-05-01 18:53:18,1183.9,20150800,1183.9,20150800,1173.95,20150600
2015-05-01 23:00:00,1178.6,20150800,1178.6,20150800,1177.6,20150600
2015-05-04 12:38:01,1178.6,20150800,1178.6,20150800,1181.15,20150600
2015-05-04 13:42:43,1178.6,20150800,1178.6,20150800,1181.75,20150600
2015-05-04 14:51:03,1178.6,20150800,1178.6,20150800,1187.65,20150600
2015-05-04 16:12:37,1178.6,20150800,1178.6,20150800,1188.85,20150600
2015-05-04 18:06:18,1178.6,20150800,1178.6,20150800,1188.65,20150600
2015-05-04 19:07:01,1178.6,20150800,1178.6,20150800,1187.35,20150600
2015-05-04 23:00:00,1188.0,20150800,1188.0,20150800,1188.4,20150600
2015-05-05 12:44:16,1188.0,20150800,1188.0,20150800,1190.15,20150600
2015-05-05 13:50:16,1188.0,20150800,1188.0,20150800,1196.25,20150600
2015-05-05 15:10:31,1188.0,20150800,1188.0,20150800,1195.75,20150600
2015-05-05 16:28:54,1188.0,20150800,1188.0,20150800,1195.15,20150600
2015-05-05 18:23:59,1188.0,20150800,1188.0,20150800,1193.75,20150600
2015-05-05 19:24:51,1188.0,20150800,1188.0,20150800,1193.05,20150600
2015-05-05 23:00:00,1193.2,20150800,1193.2,20150800,1192.2,20150600
2015-05-06 13:13:10,1193.2,20150800,1193.2,20150800,1190.4,20150600
2015-05-06 14:15:25,1193.2,20150800,1193.2,20150800,1192.95,20150600
2015-05-06 15:36:10,1193.2,20150800,1193.2,20150800,1191.35,20150600
2015-05-06 16:55:29,1193.2,20150800,1193.2,20150800,1189.75,20150600
2015-05-06 18:55:29,1193.2,20150800,1193.2,20150800,1190.25,20150600
2015-05-06 23:00:00,1191.9,20150800,1191.9,20150800,1191.0,20150600
2015-05-07 14:04:04,1191.9,20150800,1191.9,20150800,1181.15,20150600
2015-05-07 15:04:30,1191.9,20150800,1191.9,20150800,1186.05,20150600
2015-05-07 16:05:01,1191.9,20150800,1191.9,20150800,1182.0,20150600
2015-05-07 17:05:23,1191.9,20150800,1191.9,20150800,1183.05,20150600
2015-05-07 18:13:58,1191.9,20150800,1191.9,20150800,1181.45,20150600
2015-05-07 19:14:35,1191.9,20150800,1191.9,20150800,1181.75,20150600
2015-05-07 23:00:00,1183.6,20150800,1183.6,20150800,1181.7,20150600
2015-05-08 12:06:00,1183.6,20150800,1183.6,20150800,1184.25,20150600
2015-05-08 13:07:02,1183.6,20150800,1183.6,20150800,1185.55,20150600
2015-05-08 14:17:22,1183.6,20150800,1183.6,20150800,1190.6,20150600
2015-05-08 16:14:03,1183.6,20150800,1183.6,20150800,1183.95,20150600
2015-05-08 17:14:33,1183.6,20150800,1183.6,20150800,1188.05,20150600
2015-05-08 18:15:00,1183.6,20150800,1183.6,20150800,1188.35,20150600
2015-05-08 19:15:29,1183.6,20150800,1183.6,20150800,1187.85,20150600
2015-05-08 23:00:00,1188.6,20150800,1188.6,20150800,1187.5,20150600
2015-05-11 12:15:57,1188.6,20150800,1188.6,20150800,1185.95,20150600
2015-05-11 13:16:46,1188.6,20150800,1188.6,20150800,1190.65,20150600
2015-05-11 14:27:05,1188.6,20150800,1188.6,20150800,1188.95,20150600
2015-05-11 15:55:34,1188.6,20150800,1188.6,20150800,1188.55,20150600
2015-05-11 16:55:58,1188.6,20150800,1188.6,20150800,1180.15,20150600
2015-05-11 17:56:21,1188.6,20150800,1188.6,20150800,1182.45,20150600
2015-05-11 18:56:48,1188.6,20150800,1188.6,20150800,1183.15,20150600
2015-05-11 23:00:00,1184.3,20150800,1184.3,20150800,1182.5,20150600
2015-05-12 12:05:32,1184.3,20150800,1184.3,20150800,1193.05,20150600
2015-05-12 13:07:00,1184.3,20150800,1184.3,20150800,1192.15,20150600
2015-05-12 14:13:41,1184.3,20150800,1184.3,20150800,1192.85,20150600
2015-05-12 15:23:47,1184.3,20150800,1184.3,20150800,1191.45,20150600
2015-05-12 16:25:48,1184.3,20150800,1184.3,20150800,1191.35,20150600
2015-05-12 17:26:02,1184.3,20150800,1184.3,20150800,1193.0,20150600
2015-05-12 18:26:17,1184.3,20150800,1184.3,20150800,1192.15,20150600
2015-05-12 19:26:53,1184.3,20150800,1184.3,20150800,1192.85,20150600
2015-05-12 23:00:00,1193.2,20150800,1193.2,20150800,1192.8,20150600
2015-05-13 12:02:42,1193.2,20150800,1193.2,20150800,1193.1,20150600
2015-05-13 13:03:53,1193.2,20150800,1193.2,20150800,1195.35,20150600
2015-05-13 14:15:40,1193.2,20150800,1193.2,20150800,1204.65,20150600
2015-05-13 15:38:41,1193.2,20150800,1193.2,20150800,1214.35,20150600
2015-05-13 16:39:16,1193.2,20150800,1193.2,20150800,1214.55,20150600
2015-05-13 17:39:45,1193.2,20150800,1193.2,20150800,1216.15,20150600
2015-05-13 18:40:11,1193.2,20150800,1193.2,20150800,1217.65,20150600
2015-05-13 23:00:00,1215.6,20150800,1215.6,20150800,1214.5,20150600
2015-05-14 12:13:29,1215.6,20150800,1215.6,20150800,1217.25,20150600
2015-05-14 13:14:30,1215.6,20150800,1215.6,20150800,1218.65,20150600
2015-05-14 14:25:32,1215.6,20150800,1215.6,20150800,1221.85,20150600
2015-05-14 15:47:09,1215.6,20150800,1215.6,20150800,1225.25,20150600
2015-05-14 16:48:16,1215.6,20150800,1215.6,20150800,1221.9,20150600
2015-05-14 17:48:42,1215.6,20150800,1215.6,20150800,1223.35,20150600
2015-05-14 18:49:08,1215.6,20150800,1215.6,20150800,1223.65,20150600
2015-05-14 23:00:00,1222.1,20150800,1222.1,20150800,1221.7,20150600
2015-05-15 12:03:03,1222.1,20150800,1222.1,20150800,1213.5,20150600
2015-05-15 13:04:16,1222.1,20150800,1222.1,20150800,1213.3000000000004,20150600
2015-05-15 14:16:00,1222.1,20150800,1222.1,20150800,1217.95,20150600
2015-05-15 15:38:24,1222.1,20150800,1222.1,20150800,1222.8000000000004,20150600
2015-05-15 16:38:46,1222.1,20150800,1222.1,20150800,1222.85,20150600
2015-05-15 17:39:10,1222.1,20150800,1222.1,20150800,1223.55,20150600
2015-05-15 18:39:34,1222.1,20150800,1222.1,20150800,1224.95,20150600
2015-05-15 23:00:00,1225.5,20150800,1225.5,20150800,1224.6,20150600
2015-05-18 12:06:12,1225.5,20150800,1225.5,20150800,1228.4,20150600
2015-05-18 13:07:01,1225.5,20150800,1225.5,20150800,1225.55,20150600
2015-05-18 14:17:59,1225.5,20150800,1225.5,20150800,1227.9,20150600
2015-05-18 15:32:30,1225.5,20150800,1225.5,20150800,1225.95,20150600
2015-05-18 16:32:54,1225.5,20150800,1225.5,20150800,1226.75,20150600
2015-05-18 17:33:26,1225.5,20150800,1225.5,20150800,1226.75,20150600
2015-05-18 18:33:50,1225.5,20150800,1225.5,20150800,1227.15,20150600
2015-05-18 19:34:20,1225.5,20150800,1225.5,20150800,1225.15,20150600
2015-05-18 23:00:00,1226.1,20150800,1226.1,20150800,1224.9,20150600
2015-05-19 12:06:01,1226.1,20150800,1226.1,20150800,1220.75,20150600
2015-05-19 13:07:05,1226.1,20150800,1226.1,20150800,1218.65,20150600
2015-05-19 14:15:10,1226.1,20150800,1226.1,20150800,1214.45,20150600
2015-05-19 15:19:47,1226.1,20150800,1226.1,20150800,1213.85,20150600
2015-05-19 16:20:15,1226.1,20150800,1226.1,20150800,1207.65,20150600
2015-05-19 17:20:37,1226.1,20150800,1226.1,20150800,1207.3000000000004,20150600
2015-05-19 18:20:52,1226.1,20150800,1226.1,20150800,1206.35,20150600
2015-05-19 19:21:08,1226.1,20150800,1226.1,20150800,1207.55,20150600
2015-05-19 23:00:00,1208.8,20150800,1208.8,20150800,1207.8,20150600
2015-05-20 12:07:29,1208.8,20150800,1208.8,20150800,1207.95,20150600
2015-05-20 13:08:45,1208.8,20150800,1208.8,20150800,1209.75,20150600
2015-05-20 14:19:46,1208.8,20150800,1208.8,20150800,1208.85,20150600
2015-05-20 15:43:13,1208.8,20150800,1208.8,20150800,1209.55,20150600
2015-05-20 16:43:37,1208.8,20150800,1208.8,20150800,1209.65,20150600
2015-05-20 17:44:02,1208.8,20150800,1208.8,20150800,1208.55,20150600
2015-05-20 18:44:27,1208.8,20150800,1208.8,20150800,1209.75,20150600
2015-05-20 23:00:00,1210.8,20150800,1210.8,20150800,1209.7,20150600
2015-05-21 12:12:41,1210.8,20150800,1210.8,20150800,1209.15,20150600
2015-05-21 13:13:45,1210.8,20150800,1210.8,20150800,1206.95,20150600
2015-05-21 14:24:30,1210.8,20150800,1210.8,20150800,1204.95,20150600
2015-05-21 15:24:56,1210.8,20150800,1210.8,20150800,1205.45,20150600
2015-05-21 16:25:19,1210.8,20150800,1210.8,20150800,1204.85,20150600
2015-05-21 17:25:48,1210.8,20150800,1210.8,20150800,1204.65,20150600
2015-05-21 18:26:13,1210.8,20150800,1210.8,20150800,1204.25,20150600
2015-05-21 23:00:00,1206.6,20150800,1206.6,20150800,1205.6,20150600
2015-05-22 12:12:58,1206.6,20150800,1206.6,20150800,1211.9,20150600
2015-05-22 13:13:30,1206.6,20150800,1206.6,20150800,1212.85,20150600
2015-05-22 14:24:57,1206.6,20150800,1206.6,20150800,1202.65,20150600
2015-05-22 15:56:35,1206.6,20150800,1206.6,20150800,1206.1,20150600
2015-05-22 16:56:59,1206.6,20150800,1206.6,20150800,1205.6,20150600
2015-05-22 17:57:24,1206.6,20150800,1206.6,20150800,1205.65,20150600
2015-05-22 18:57:46,1206.6,20150800,1206.6,20150800,1202.95,20150600
2015-05-22 23:00:00,1205.6,20150800,1205.6,20150800,1204.8,20150600
2015-05-25 12:12:50,1205.6,20150800,1205.6,20150800,1203.75,20150600
2015-05-25 13:15:27,1205.6,20150800,1205.6,20150800,1203.15,20150600
2015-05-25 14:17:10,1205.6,20150800,1205.6,20150800,1204.55,20150600
2015-05-25 15:17:39,1205.6,20150800,1205.6,20150800,1204.8000000000004,20150600
2015-05-25 16:21:53,1205.6,20150800,1205.6,20150800,1205.25,20150600
2015-05-25 17:22:36,1205.6,20150800,1205.6,20150800,1207.45,20150600
2015-05-25 18:23:13,1205.6,20150800,1205.6,20150800,1207.0,20150600
2015-05-25 19:37:21,1205.6,20150800,1205.6,20150800,1206.1,20150600
2015-05-26 12:05:43,1205.6,20150800,1205.6,20150800,1194.85,20150600
2015-05-26 13:07:01,1205.6,20150800,1205.6,20150800,1195.1,20150600
2015-05-26 14:16:50,1205.6,20150800,1205.6,20150800,1186.15,20150600
2015-05-26 15:19:00,1205.6,20150800,1205.6,20150800,1187.65,20150600
2015-05-26 16:19:23,1205.6,20150800,1205.6,20150800,1188.65,20150600
2015-05-26 17:19:55,1205.6,20150800,1205.6,20150800,1186.85,20150600
2015-05-26 18:20:29,1205.6,20150800,1205.6,20150800,1187.05,20150600
2015-05-26 19:34:01,1205.6,20150800,1205.6,20150800,1187.65,20150600
2015-05-26 23:00:00,1187.8,20150800,1187.8,20150800,1187.0,20150600
2015-05-27 12:07:35,1187.8,20150800,1187.8,20150800,1186.25,20150600
2015-05-27 13:08:31,1187.8,20150800,1187.8,20150800,1186.55,20150600
2015-05-27 14:19:42,1187.8,20150800,1187.8,20150800,1185.75,20150600
2015-05-27 15:46:02,1187.8,20150800,1187.8,20150800,1187.05,20150600
2015-05-27 16:46:27,1187.8,20150800,1187.8,20150800,1186.05,20150600
2015-05-27 17:46:50,1187.8,20150800,1187.8,20150800,1185.45,20150600
2015-05-27 18:47:13,1187.8,20150800,1187.8,20150800,1185.45,20150600
2015-05-27 23:00:00,1187.7,20150800,1187.7,20150800,1186.9,20150600
2015-05-28 12:12:33,1187.7,20150800,1187.7,20150800,1186.9,20150600
2015-05-28 13:13:28,1187.7,20150800,1187.7,20150800,1185.5,20150600
2015-05-28 14:23:34,1187.7,20150800,1187.7,20150800,1186.35,20150600
2015-05-28 15:25:05,1187.7,20150800,1187.7,20150800,1186.6999999999996,20150600
2015-05-28 16:25:41,1187.7,20150800,1187.7,20150800,1188.8000000000004,20150600
2015-05-28 17:26:19,1187.7,20150800,1187.7,20150800,1187.0,20150600
2015-05-28 18:26:44,1187.7,20150800,1187.7,20150800,1188.3000000000004,20150600
2015-05-28 23:00:00,1188.9,20150800,1188.9,20150800,1188.4,20150600
2015-05-29 12:12:40,1188.9,20150800,1188.9,20150800,1188.0,20150600
2015-05-29 13:13:39,1188.9,20150800,1188.9,20150800,1186.9,20150600
2015-05-29 14:24:27,1188.9,20150800,1188.9,20150800,1189.8000000000004,20150600
2015-05-29 15:26:43,1188.9,20150800,1188.9,20150800,1191.65,20150600
2015-05-29 16:27:10,1188.9,20150800,1188.9,20150800,1188.6,20150600
2015-05-29 17:27:50,1188.9,20150800,1188.9,20150800,1189.35,20150600
2015-05-29 18:29:00,1188.9,20150800,1188.9,20150800,1189.6999999999996,20150600
2015-05-29 23:00:00,1190.0,20150800,1190.0,20150800,1190.2,20150600
2015-06-01 12:05:56,1190.0,20151000,1190.0,20151000,1185.6999999999996,20150800
2015-06-01 13:07:52,1190.0,20151000,1190.0,20151000,1186.55,20150800
2015-06-01 14:17:42,1190.0,20151000,1190.0,20151000,1191.85,20150800
2015-06-01 15:20:27,1190.0,20151000,1190.0,20151000,1199.95,20150800
2015-06-01 16:20:55,1190.0,20151000,1190.0,20151000,1195.65,20150800
2015-06-01 17:21:17,1190.0,20151000,1190.0,20151000,1193.15,20150800
2015-06-01 18:21:45,1190.0,20151000,1190.0,20151000,1189.05,20150800
2015-06-01 19:28:56,1190.0,20151000,1190.0,20151000,1189.3000000000004,20150800
2015-06-01 23:00:00,1190.8,20151000,1190.8,20151000,1189.0,20150800
2015-06-02 12:02:57,1190.8,20151000,1190.8,20151000,1190.1,20150800
2015-06-02 13:04:03,1190.8,20151000,1190.8,20151000,1192.75,20150800
2015-06-02 14:15:29,1190.8,20151000,1190.8,20151000,1193.05,20150800
2015-06-02 15:20:26,1190.8,20151000,1190.8,20151000,1193.55,20150800
2015-06-02 16:20:56,1190.8,20151000,1190.8,20151000,1191.9,20150800
2015-06-02 17:21:24,1190.8,20151000,1190.8,20151000,1192.55,20150800
2015-06-02 18:21:59,1190.8,20151000,1190.8,20151000,1193.85,20150800
2015-06-02 23:00:00,1194.4,20151000,1194.4,20151000,1193.7,20150800
2015-06-03 12:03:56,1194.4,20151000,1194.4,20151000,1188.35,20150800
2015-06-03 13:05:27,1194.4,20151000,1194.4,20151000,1192.85,20150800
2015-06-03 14:17:10,1194.4,20151000,1194.4,20151000,1190.65,20150800
2015-06-03 15:34:50,1194.4,20151000,1194.4,20151000,1190.05,20150800
2015-06-03 16:35:26,1194.4,20151000,1194.4,20151000,1190.45,20150800
2015-06-03 17:35:50,1194.4,20151000,1194.4,20151000,1187.85,20150800
2015-06-03 18:36:15,1194.4,20151000,1194.4,20151000,1183.95,20150800
2015-06-03 23:00:00,1186.3,20151000,1186.3,20151000,1185.1,20150800
2015-06-04 12:12:47,1186.3,20151000,1186.3,20151000,1183.35,20150800
2015-06-04 13:13:44,1186.3,20151000,1186.3,20151000,1182.55,20150800
2015-06-04 14:25:00,1186.3,20151000,1186.3,20151000,1177.25,20150800
2015-06-04 15:26:38,1186.3,20151000,1186.3,20151000,1175.75,20150800
2015-06-04 16:27:14,1186.3,20151000,1186.3,20151000,1173.95,20150800
2015-06-04 17:27:36,1186.3,20151000,1186.3,20151000,1175.05,20150800
2015-06-04 18:28:02,1186.3,20151000,1186.3,20151000,1175.6999999999996,20150800
2015-06-04 23:00:00,1176.9,20151000,1176.9,20151000,1176.4,20150800
2015-06-05 12:03:17,1176.9,20151000,1176.9,20151000,1173.55,20150800
2015-06-05 13:04:32,1176.9,20151000,1176.9,20151000,1172.3000000000004,20150800
2015-06-05 14:12:49,1176.9,20151000,1176.9,20151000,1166.35,20150800
2015-06-05 15:30:05,1176.9,20151000,1176.9,20151000,1167.0,20150800
2015-06-05 16:30:34,1176.9,20151000,1176.9,20151000,1168.95,20150800
2015-06-05 17:30:56,1176.9,20151000,1176.9,20151000,1167.25,20150800
2015-06-05 18:31:24,1176.9,20151000,1176.9,20151000,1168.25,20150800
2015-06-05 23:00:00,1171.3,20151000,1171.3,20151000,1170.2,20150800
2015-06-08 12:08:01,1171.3,20151000,1171.3,20151000,1173.75,20150800
2015-06-08 13:08:56,1171.3,20151000,1171.3,20151000,1172.95,20150800
2015-06-08 14:20:22,1171.3,20151000,1171.3,20151000,1172.35,20150800
2015-06-08 15:39:43,1171.3,20151000,1171.3,20151000,1170.75,20150800
2015-06-08 16:40:11,1171.3,20151000,1171.3,20151000,1170.45,20150800
2015-06-08 17:40:33,1171.3,20151000,1171.3,20151000,1171.55,20150800
2015-06-08 18:40:57,1171.3,20151000,1171.3,20151000,1172.85,20150800
2015-06-08 19:41:58,1171.3,20151000,1171.3,20151000,1173.75,20150800
2015-06-08 23:00:00,1174.3,20151000,1174.3,20151000,1173.4,20150800
2015-06-09 12:06:20,1174.3,20151000,1174.3,20151000,1180.9,20150800
2015-06-09 13:07:39,1174.3,20151000,1174.3,20151000,1180.35,20150800
2015-06-09 14:17:13,1174.3,20151000,1174.3,20151000,1179.45,20150800
2015-06-09 15:37:44,1174.3,20151000,1174.3,20151000,1176.55,20150800
2015-06-09 16:38:09,1174.3,20151000,1174.3,20151000,1176.75,20150800
2015-06-09 17:38:32,1174.3,20151000,1174.3,20151000,1176.25,20150800
2015-06-09 18:38:53,1174.3,20151000,1174.3,20151000,1177.45,20150800
2015-06-09 19:41:13,1174.3,20151000,1174.3,20151000,1176.8000000000004,20150800
2015-06-09 23:00:00,1177.4,20151000,1177.4,20151000,1175.8,20150800
2015-06-10 12:12:43,1177.4,20151000,1177.4,20151000,1184.85,20150800
2015-06-10 13:13:40,1177.4,20151000,1177.4,20151000,1186.6999999999996,20150800
2015-06-10 14:25:06,1177.4,20151000,1177.4,20151000,1189.45,20150800
2015-06-10 15:53:37,1177.4,20151000,1177.4,20151000,1186.95,20150800
2015-06-10 16:54:02,1177.4,20151000,1177.4,20151000,1186.95,20150800
2015-06-10 17:54:26,1177.4,20151000,1177.4,20151000,1186.6999999999996,20150800
2015-06-10 18:54:49,1177.4,20151000,1177.4,20151000,1186.55,20150800
2015-06-10 23:00:00,1186.9,20151000,1186.9,20151000,1186.0,20150800
2015-06-11 12:04:50,1186.9,20151000,1186.9,20151000,1178.5,20150800
2015-06-11 13:06:24,1186.9,20151000,1186.9,20151000,1178.35,20150800
2015-06-11 14:12:35,1186.9,20151000,1186.9,20151000,1181.45,20150800
2015-06-11 15:30:33,1186.9,20151000,1186.9,20151000,1178.35,20150800
2015-06-11 16:31:02,1186.9,20151000,1186.9,20151000,1178.85,20150800
2015-06-11 17:31:28,1186.9,20151000,1186.9,20151000,1179.1,20150800
2015-06-11 18:31:49,1186.9,20151000,1186.9,20151000,1180.6,20150800
2015-06-11 23:00:00,1182.7,20151000,1182.7,20151000,1180.8,20150800
2015-06-12 12:05:28,1182.7,20151000,1182.7,20151000,1179.0,20150800
2015-06-12 13:07:13,1182.7,20151000,1182.7,20151000,1180.6999999999996,20150800
2015-06-12 14:13:22,1182.7,20151000,1182.7,20151000,1178.05,20150800
2015-06-12 15:16:51,1182.7,20151000,1182.7,20151000,1180.95,20150800
2015-06-12 16:17:08,1182.7,20151000,1182.7,20151000,1181.55,20150800
2015-06-12 17:17:22,1182.7,20151000,1182.7,20151000,1180.1999999999996,20150800
2015-06-12 18:17:38,1182.7,20151000,1182.7,20151000,1180.0,20150800
2015-06-12 19:25:08,1182.7,20151000,1182.7,20151000,1179.55,20150800
2015-06-12 23:00:00,1181.3,20151000,1181.3,20151000,1180.4,20150800
2015-06-15 12:06:55,1181.3,20151000,1181.3,20151000,1176.05,20150800
2015-06-15 13:09:23,1181.3,20151000,1181.3,20151000,1179.05,20150800
2015-06-15 14:11:37,1181.3,20151000,1181.3,20151000,1179.15,20150800
2015-06-15 15:12:00,1181.3,20151000,1181.3,20151000,1182.95,20150800
2015-06-15 16:23:14,1181.3,20151000,1181.3,20151000,1182.15,20150800
2015-06-15 17:24:13,1181.3,20151000,1181.3,20151000,1188.15,20150800
2015-06-15 18:24:38,1181.3,20151000,1181.3,20151000,1186.1,20150800
2015-06-15 19:25:21,1181.3,20151000,1181.3,20151000,1186.15,20150800
2015-06-15 23:00:00,1186.9,20151000,1186.9,20151000,1185.4,20150800
2015-06-16 12:07:25,1186.9,20151000,1186.9,20151000,1182.65,20150800
2015-06-16 13:08:28,1186.9,20151000,1186.9,20151000,1182.35,20150800
2015-06-16 14:19:41,1186.9,20151000,1186.9,20151000,1178.95,20150800
2015-06-16 15:37:40,1186.9,20151000,1186.9,20151000,1177.05,20150800
2015-06-16 16:39:39,1186.9,20151000,1186.9,20151000,1177.55,20150800
2015-06-16 17:40:01,1186.9,20151000,1186.9,20151000,1180.1999999999996,20150800
2015-06-16 18:40:25,1186.9,20151000,1186.9,20151000,1181.35,20150800
2015-06-16 19:43:01,1186.9,20151000,1186.9,20151000,1180.75,20150800
2015-06-16 23:00:00,1182.7,20151000,1182.7,20151000,1181.1,20150800
2015-06-17 12:10:24,1182.7,20151000,1182.7,20151000,1178.6,20150800
2015-06-17 13:11:09,1182.7,20151000,1182.7,20151000,1178.05,20150800
2015-06-17 14:22:33,1182.7,20151000,1182.7,20151000,1178.55,20150800
2015-06-17 15:23:05,1182.7,20151000,1182.7,20151000,1177.75,20150800
2015-06-17 16:24:05,1182.7,20151000,1182.7,20151000,1175.75,20150800
2015-06-17 17:24:33,1182.7,20151000,1182.7,20151000,1175.55,20150800
2015-06-17 18:24:55,1182.7,20151000,1182.7,20151000,1175.55,20150800
2015-06-17 23:00:00,1187.5,20151000,1187.5,20151000,1186.5,20150800
2015-06-18 12:06:00,1187.5,20151000,1187.5,20151000,1195.95,20150800
2015-06-18 13:07:24,1187.5,20151000,1187.5,20151000,1197.6999999999996,20150800
2015-06-18 14:16:20,1187.5,20151000,1187.5,20151000,1201.25,20150800
2015-06-18 15:51:06,1187.5,20151000,1187.5,20151000,1201.65,20150800
2015-06-18 16:51:30,1187.5,20151000,1187.5,20151000,1199.4,20150800
2015-06-18 17:51:55,1187.5,20151000,1187.5,20151000,1199.95,20150800
2015-06-18 18:52:18,1187.5,20151000,1187.5,20151000,1201.75,20150800
2015-06-18 23:00:00,1202.9,20151000,1202.9,20151000,1201.9,20150800
2015-06-19 12:03:09,1202.9,20151000,1202.9,20151000,1199.6999999999996,20150800
2015-06-19 13:04:58,1202.9,20151000,1202.9,20151000,1203.0,20150800
2015-06-19 14:06:43,1202.9,20151000,1202.9,20151000,1202.25,20150800
2015-06-19 15:49:22,1202.9,20151000,1202.9,20151000,1202.8000000000004,20150800
2015-06-19 16:49:54,1202.9,20151000,1202.9,20151000,1200.75,20150800
2015-06-19 17:50:17,1202.9,20151000,1202.9,20151000,1201.75,20150800
2015-06-19 18:50:50,1202.9,20151000,1202.9,20151000,1201.6,20150800
2015-06-19 23:00:00,1201.3,20151000,1201.3,20151000,1200.4,20150800
2015-06-22 12:10:22,1201.3,20151000,1201.3,20151000,1193.85,20150800
2015-06-22 13:11:27,1201.3,20151000,1201.3,20151000,1192.95,20150800
2015-06-22 14:22:21,1201.3,20151000,1201.3,20151000,1185.95,20150800
2015-06-22 23:00:00,1185.6,20151000,1185.6,20151000,1184.8,20150800
2015-06-23 12:06:25,1185.6,20151000,1185.6,20151000,1182.45,20150800
2015-06-23 13:07:19,1185.6,20151000,1185.6,20151000,1180.95,20150800
2015-06-23 14:53:08,1185.6,20151000,1185.6,20151000,1178.45,20150800
2015-06-23 15:54:36,1185.6,20151000,1185.6,20151000,1178.15,20150800
2015-06-23 16:55:04,1185.6,20151000,1185.6,20151000,1177.85,20150800
2015-06-23 17:55:34,1185.6,20151000,1185.6,20151000,1177.15,20150800
2015-06-23 19:03:16,1185.6,20151000,1185.6,20151000,1176.45,20150800
2015-06-23 23:00:00,1178.0,20151000,1178.0,20151000,1177.1,20150800
2015-06-24 12:06:12,1178.0,20151000,1178.0,20151000,1177.25,20150800
2015-06-24 13:07:21,1178.0,20151000,1178.0,20151000,1176.35,20150800
2015-06-24 14:18:39,1178.0,20151000,1178.0,20151000,1172.45,20150800
2015-06-24 15:32:54,1178.0,20151000,1178.0,20151000,1171.5,20150800
2015-06-24 16:33:31,1178.0,20151000,1178.0,20151000,1172.85,20150800
2015-06-24 17:34:14,1178.0,20151000,1178.0,20151000,1172.95,20150800
2015-06-24 18:34:38,1178.0,20151000,1178.0,20151000,1172.95,20150800
2015-06-24 19:35:08,1178.0,20151000,1178.0,20151000,1173.85,20150800
2015-06-24 23:00:00,1174.4,20151000,1174.4,20151000,1173.7,20150800
2015-06-25 12:07:38,1174.4,20151000,1174.4,20151000,1172.8000000000004,20150800
2015-06-25 13:08:28,1174.4,20151000,1174.4,20151000,1172.15,20150800
2015-06-25 14:19:41,1174.4,20151000,1174.4,20151000,1172.35,20150800
2015-06-25 15:38:43,1174.4,20151000,1174.4,20151000,1173.35,20150800
2015-06-25 16:39:06,1174.4,20151000,1174.4,20151000,1172.95,20150800
2015-06-25 17:39:29,1174.4,20151000,1174.4,20151000,1172.35,20150800
2015-06-25 18:39:53,1174.4,20151000,1174.4,20151000,1172.05,20150800
2015-06-25 19:41:09,1174.4,20151000,1174.4,20151000,1172.75,20150800
2015-06-25 23:00:00,1173.6,20151000,1173.6,20151000,1172.5,20150800
2015-06-26 12:08:10,1173.6,20151000,1173.6,20151000,1172.65,20150800
2015-06-26 13:08:55,1173.6,20151000,1173.6,20151000,1172.6,20150800
2015-06-26 14:20:17,1173.6,20151000,1173.6,20151000,1168.8000000000004,20150800
2015-06-26 15:39:54,1173.6,20151000,1173.6,20151000,1170.55,20150800
2015-06-26 16:40:18,1173.6,20151000,1173.6,20151000,1171.95,20150800
2015-06-26 17:40:41,1173.6,20151000,1173.6,20151000,1172.15,20150800
2015-06-26 18:41:05,1173.6,20151000,1173.6,20151000,1173.55,20150800
2015-06-26 19:42:58,1173.6,20151000,1173.6,20151000,1173.35,20150800
2015-06-26 23:00:00,1174.7,20151000,1174.7,20151000,1173.7,20150800
2015-06-29 12:02:55,1174.7,20151000,1174.7,20151000,1176.6999999999996,20150800
2015-06-29 13:03:50,1174.7,20151000,1174.7,20151000,1176.95,20150800
2015-06-29 14:11:15,1174.7,20151000,1174.7,20151000,1179.15,20150800
2015-06-29 15:13:39,1174.7,20151000,1174.7,20151000,1175.75,20150800
2015-06-29 16:14:14,1174.7,20151000,1174.7,20151000,1178.05,20150800
2015-06-29 17:14:39,1174.7,20151000,1174.7,20151000,1177.15,20150800
2015-06-29 18:15:10,1174.7,20151000,1174.7,20151000,1177.95,20150800
2015-06-29 19:17:52,1174.7,20151000,1174.7,20151000,1179.75,20150800
2015-06-29 23:00:00,1179.9,20151000,1179.9,20151000,1178.7,20150800
2015-06-30 12:06:17,1179.9,20151000,1179.9,20151000,1172.85,20150800
2015-06-30 13:07:24,1179.9,20151000,1179.9,20151000,1169.55,20150800
2015-06-30 14:42:46,1179.9,20151000,1179.9,20151000,1170.15,20150800
2015-06-30 15:43:10,1179.9,20151000,1179.9,20151000,1170.55,20150800
2015-06-30 16:43:34,1179.9,20151000,1179.9,20151000,1171.65,20150800
2015-06-30 17:43:58,1179.9,20151000,1179.9,20151000,1174.05,20150800
2015-06-30 18:44:22,1179.9,20151000,1179.9,20151000,1171.45,20150800
2015-06-30 23:00:00,1172.6,20151000,1172.6,20151000,1171.7,20150800
2015-07-01 23:00:00,1169.2,20151000,1169.2,20151000,1167.5,20150800
2015-07-02 12:06:33,1169.2,20151000,1169.2,20151000,1161.95,20150800
2015-07-02 13:07:24,1169.2,20151000,1169.2,20151000,1158.6999999999996,20150800
2015-07-02 14:19:24,1169.2,20151000,1169.2,20151000,1165.45,20150800
2015-07-02 15:20:07,1169.2,20151000,1169.2,20151000,1164.5,20150800
2015-07-02 16:20:33,1169.2,20151000,1169.2,20151000,1162.55,20150800
2015-07-02 17:21:01,1169.2,20151000,1169.2,20151000,1163.8000000000004,20150800
2015-07-02 18:21:25,1169.2,20151000,1169.2,20151000,1163.55,20150800
2015-07-02 19:32:16,1169.2,20151000,1169.2,20151000,1163.35,20150800
2015-07-02 23:00:00,1164.9,20151000,1164.9,20151000,1164.6,20150800
2015-07-03 12:09:33,1164.9,20151000,1164.9,20151000,1167.15,20150800
2015-07-03 13:11:14,1164.9,20151000,1164.9,20151000,1168.25,20150800
2015-07-03 14:14:33,1164.9,20151000,1164.9,20151000,1167.35,20150800
2015-07-03 15:33:51,1164.9,20151000,1164.9,20151000,1166.45,20150800
2015-07-03 16:35:10,1164.9,20151000,1164.9,20151000,1166.05,20150800
2015-07-03 17:37:45,1164.9,20151000,1164.9,20151000,1167.15,20150800
2015-07-06 12:06:13,1164.9,20151000,1164.9,20151000,1164.45,20150800
2015-07-06 13:07:15,1164.9,20151000,1164.9,20151000,1164.35,20150800
2015-07-06 14:55:20,1164.9,20151000,1164.9,20151000,1165.35,20150800
2015-07-06 15:55:50,1164.9,20151000,1164.9,20151000,1166.25,20150800
2015-07-06 16:56:14,1164.9,20151000,1164.9,20151000,1166.95,20150800
2015-07-06 17:56:38,1164.9,20151000,1164.9,20151000,1167.55,20150800
2015-07-06 19:06:49,1164.9,20151000,1164.9,20151000,1172.1999999999996,20150800
2015-07-06 23:00:00,1168.5,20151000,1168.5,20151000,1168.3,20150800
2015-07-07 12:03:00,1168.5,20151000,1168.5,20151000,1164.8000000000004,20150800
2015-07-07 13:03:52,1168.5,20151000,1168.5,20151000,1164.15,20150800
2015-07-07 14:11:25,1168.5,20151000,1168.5,20151000,1157.25,20150800
2015-07-07 15:15:12,1168.5,20151000,1168.5,20151000,1152.65,20150800
2015-07-07 16:15:35,1168.5,20151000,1168.5,20151000,1150.95,20150800
2015-07-07 17:16:01,1168.5,20151000,1168.5,20151000,1155.1999999999996,20150800
2015-07-07 18:16:32,1168.5,20151000,1168.5,20151000,1154.25,20150800
2015-07-07 19:18:42,1168.5,20151000,1168.5,20151000,1154.45,20150800
2015-07-07 23:00:00,1156.8,20151000,1156.8,20151000,1154.3,20150800
2015-07-08 12:06:17,1156.8,20151000,1156.8,20151000,1153.45,20150800
2015-07-08 13:07:14,1156.8,20151000,1156.8,20151000,1155.0,20150800
2015-07-08 14:19:01,1156.8,20151000,1156.8,20151000,1158.4,20150800
2015-07-08 15:32:25,1156.8,20151000,1156.8,20151000,1159.95,20150800
2015-07-08 16:33:15,1156.8,20151000,1156.8,20151000,1160.25,20150800
2015-07-08 17:33:40,1156.8,20151000,1156.8,20151000,1160.65,20150800
2015-07-08 18:34:03,1156.8,20151000,1156.8,20151000,1162.95,20150800
2015-07-08 19:34:42,1156.8,20151000,1156.8,20151000,1162.35,20150800
2015-07-08 23:00:00,1160.2,20151000,1160.2,20151000,1158.0,20150800
2015-07-09 12:06:11,1160.2,20151000,1160.2,20151000,1162.05,20150800
2015-07-09 13:07:16,1160.2,20151000,1160.2,20151000,1161.45,20150800
2015-07-09 14:17:54,1160.2,20151000,1160.2,20151000,1164.8000000000004,20150800
2015-07-09 15:29:23,1160.2,20151000,1160.2,20151000,1163.65,20150800
2015-07-09 16:29:46,1160.2,20151000,1160.2,20151000,1162.3000000000004,20150800
2015-07-09 17:30:09,1160.2,20151000,1160.2,20151000,1159.85,20150800
2015-07-09 18:30:33,1160.2,20151000,1160.2,20151000,1159.4,20150800
2015-07-09 19:30:57,1160.2,20151000,1160.2,20151000,1158.95,20150800
2015-07-09 23:00:00,1160.6,20151000,1160.6,20151000,1160.4,20150800
2015-07-10 12:03:03,1160.6,20151000,1160.6,20151000,1161.8000000000004,20150800
2015-07-10 13:04:22,1160.6,20151000,1160.6,20151000,1160.95,20150800
2015-07-10 14:16:09,1160.6,20151000,1160.6,20151000,1158.8000000000004,20150800
2015-07-10 15:21:01,1160.6,20151000,1160.6,20151000,1159.55,20150800
2015-07-10 16:21:26,1160.6,20151000,1160.6,20151000,1160.25,20150800
2015-07-10 17:21:50,1160.6,20151000,1160.6,20151000,1163.75,20150800
2015-07-10 18:22:25,1160.6,20151000,1160.6,20151000,1158.15,20150800
2015-07-10 23:00:00,1162.8,20151000,1162.8,20151000,1162.0,20150800
2015-07-13 12:06:24,1162.8,20151000,1162.8,20151000,1154.85,20150800
2015-07-13 13:07:20,1162.8,20151000,1162.8,20151000,1154.45,20150800
2015-07-13 14:41:55,1162.8,20151000,1162.8,20151000,1151.4,20150800
2015-07-13 15:42:17,1162.8,20151000,1162.8,20151000,1153.45,20150800
2015-07-13 16:42:40,1162.8,20151000,1162.8,20151000,1156.75,20150800
2015-07-13 17:43:05,1162.8,20151000,1162.8,20151000,1155.95,20150800
2015-07-13 18:43:28,1162.8,20151000,1162.8,20151000,1155.25,20150800
2015-07-13 19:44:02,1162.8,20151000,1162.8,20151000,1155.85,20150800
2015-07-13 23:00:00,1157.9,20151000,1157.9,20151000,1156.8,20150800
2015-07-14 12:06:14,1157.9,20151000,1157.9,20151000,1152.85,20150800
2015-07-14 13:07:19,1157.9,20151000,1157.9,20151000,1152.9,20150800
2015-07-14 14:19:00,1157.9,20151000,1157.9,20151000,1156.35,20150800
2015-07-14 15:33:07,1157.9,20151000,1157.9,20151000,1155.55,20150800
2015-07-14 16:33:31,1157.9,20151000,1157.9,20151000,1154.05,20150800
2015-07-14 17:34:18,1157.9,20151000,1157.9,20151000,1154.6,20150800
2015-07-14 18:34:42,1157.9,20151000,1157.9,20151000,1153.45,20150800
2015-07-14 19:35:19,1157.9,20151000,1157.9,20151000,1153.6999999999996,20150800
2015-07-14 23:00:00,1155.0,20151000,1155.0,20151000,1154.1,20150800
2015-07-15 12:02:39,1155.0,20151000,1155.0,20151000,1153.75,20150800
2015-07-15 13:03:49,1155.0,20151000,1155.0,20151000,1153.6,20150800
2015-07-15 14:15:41,1155.0,20151000,1155.0,20151000,1147.85,20150800
2015-07-15 15:35:32,1155.0,20151000,1155.0,20151000,1146.35,20150800
2015-07-15 16:35:58,1155.0,20151000,1155.0,20151000,1143.65,20150800
2015-07-15 17:36:22,1155.0,20151000,1155.0,20151000,1145.8000000000004,20150800
2015-07-15 18:36:47,1155.0,20151000,1155.0,20151000,1147.5,20150800
2015-07-15 19:37:51,1155.0,20151000,1155.0,20151000,1147.15,20150800
2015-07-15 23:00:00,1148.9,20151000,1148.9,20151000,1147.9,20150800
2015-07-16 12:12:47,1148.9,20151000,1148.9,20151000,1142.85,20150800
2015-07-16 13:13:41,1148.9,20151000,1148.9,20151000,1142.55,20150800
2015-07-16 14:25:19,1148.9,20151000,1148.9,20151000,1143.65,20150800
2015-07-16 15:48:21,1148.9,20151000,1148.9,20151000,1143.75,20150800
2015-07-16 16:48:45,1148.9,20151000,1148.9,20151000,1143.85,20150800
2015-07-16 17:49:07,1148.9,20151000,1148.9,20151000,1143.45,20150800
2015-07-16 18:49:35,1148.9,20151000,1148.9,20151000,1144.05,20150800
2015-07-16 23:00:00,1145.0,20151000,1145.0,20151000,1143.6,20150800
2015-07-17 12:14:09,1145.0,20151000,1145.0,20151000,1142.45,20150800
2015-07-17 13:14:59,1145.0,20151000,1145.0,20151000,1142.9,20150800
2015-07-17 14:26:44,1145.0,20151000,1145.0,20151000,1136.65,20150800
2015-07-17 15:52:08,1145.0,20151000,1145.0,20151000,1130.6,20150800
2015-07-17 16:52:33,1145.0,20151000,1145.0,20151000,1130.65,20150800
2015-07-17 17:53:00,1145.0,20151000,1145.0,20151000,1131.65,20150800
2015-07-17 18:53:24,1145.0,20151000,1145.0,20151000,1132.1,20150800
2015-07-17 23:00:00,1132.8,20151000,1132.8,20151000,1132.6,20150800
2015-07-20 12:06:15,1132.8,20151000,1132.8,20151000,1113.95,20150800
2015-07-20 13:07:18,1132.8,20151000,1132.8,20151000,1111.75,20150800
2015-07-20 14:19:11,1132.8,20151000,1132.8,20151000,1108.75,20150800
2015-07-20 15:31:42,1132.8,20151000,1132.8,20151000,1106.65,20150800
2015-07-20 16:32:06,1132.8,20151000,1132.8,20151000,1109.35,20150800
2015-07-20 17:32:31,1132.8,20151000,1132.8,20151000,1108.95,20150800
2015-07-20 18:32:53,1132.8,20151000,1132.8,20151000,1106.55,20150800
2015-07-20 19:33:19,1132.8,20151000,1132.8,20151000,1105.05,20150800
2015-07-20 23:00:00,1102.2,20151000,1102.2,20151000,1101.8,20150800
2015-07-21 12:06:08,1102.2,20151000,1102.2,20151000,1105.45,20150800
2015-07-21 13:07:13,1102.2,20151000,1102.2,20151000,1105.45,20150800
2015-07-21 14:18:30,1102.2,20151000,1102.2,20151000,1103.6,20150800
2015-07-21 15:31:53,1102.2,20151000,1102.2,20151000,1107.15,20150800
2015-07-21 16:32:16,1102.2,20151000,1102.2,20151000,1105.85,20150800
2015-07-21 17:35:41,1102.2,20151000,1102.2,20151000,1104.65,20150800
2015-07-21 18:36:05,1102.2,20151000,1102.2,20151000,1102.5,20150800
2015-07-21 19:36:37,1102.2,20151000,1102.2,20151000,1101.15,20150800
2015-07-21 23:00:00,1098.8,20151000,1098.8,20151000,1098.6,20150800
2015-07-22 12:06:12,1098.8,20151000,1098.8,20151000,1092.5,20150800
2015-07-22 13:07:18,1098.8,20151000,1098.8,20151000,1087.15,20150800
2015-07-22 14:19:17,1098.8,20151000,1098.8,20151000,1090.4,20150800
2015-07-22 15:32:14,1098.8,20151000,1098.8,20151000,1088.75,20150800
2015-07-22 16:32:43,1098.8,20151000,1098.8,20151000,1091.35,20150800
2015-07-22 17:33:21,1098.8,20151000,1098.8,20151000,1091.85,20150800
2015-07-22 18:33:44,1098.8,20151000,1098.8,20151000,1091.45,20150800
2015-07-22 19:34:12,1098.8,20151000,1098.8,20151000,1091.4,20150800
2015-07-22 23:00:00,1093.3,20151000,1093.3,20151000,1092.5,20150800
2015-07-23 12:02:56,1093.3,20151000,1093.3,20151000,1100.95,20150800
2015-07-23 13:04:13,1093.3,20151000,1093.3,20151000,1100.85,20150800
2015-07-23 14:16:04,1093.3,20151000,1093.3,20151000,1093.55,20150800
2015-07-23 15:25:31,1093.3,20151000,1093.3,20151000,1096.35,20150800
2015-07-23 16:25:55,1093.3,20151000,1093.3,20151000,1093.8000000000004,20150800
2015-07-23 17:26:20,1093.3,20151000,1093.3,20151000,1093.85,20150800
2015-07-23 18:26:48,1093.3,20151000,1093.3,20151000,1094.0,20150800
2015-07-23 23:00:00,1088.1,20151000,1088.1,20151000,1087.6,20150800
2015-07-24 12:03:55,1088.1,20151000,1088.1,20151000,1079.05,20150800
2015-07-24 13:05:15,1088.1,20151000,1088.1,20151000,1077.55,20150800
2015-07-24 14:13:30,1088.1,20151000,1088.1,20151000,1081.45,20150800
2015-07-24 15:26:50,1088.1,20151000,1088.1,20151000,1081.9,20150800
2015-07-24 16:27:15,1088.1,20151000,1088.1,20151000,1086.45,20150800
2015-07-24 17:27:48,1088.1,20151000,1088.1,20151000,1084.05,20150800
2015-07-24 18:28:13,1088.1,20151000,1088.1,20151000,1085.4,20150800
2015-07-24 23:00:00,1098.3,20151000,1098.3,20151000,1098.1,20150800
2015-07-27 12:06:25,1098.3,20151000,1098.3,20151000,1094.8000000000004,20150800
2015-07-27 13:07:18,1098.3,20151000,1098.3,20151000,1092.1999999999996,20150800
2015-07-27 14:19:21,1098.3,20151000,1098.3,20151000,1093.45,20150800
2015-07-27 15:33:04,1098.3,20151000,1098.3,20151000,1098.05,20150800
2015-07-27 16:33:28,1098.3,20151000,1098.3,20151000,1096.55,20150800
2015-07-27 17:34:02,1098.3,20151000,1098.3,20151000,1095.75,20150800
2015-07-27 18:34:25,1098.3,20151000,1098.3,20151000,1095.35,20150800
2015-07-27 19:35:16,1098.3,20151000,1098.3,20151000,1094.15,20150800
2015-07-27 23:00:00,1093.9,20151000,1093.9,20151000,1093.2,20150800
2015-07-28 12:06:12,1093.9,20151000,1093.9,20151000,1091.3000000000004,20150800
2015-07-28 13:07:23,1093.9,20151000,1093.9,20151000,1092.65,20150800
2015-07-28 14:19:08,1093.9,20151000,1093.9,20151000,1094.45,20150800
2015-07-28 15:34:33,1093.9,20151000,1093.9,20151000,1094.15,20150800
2015-07-28 16:34:59,1093.9,20151000,1093.9,20151000,1094.5,20150800
2015-07-28 17:35:23,1093.9,20151000,1093.9,20151000,1094.35,20150800
2015-07-28 18:35:47,1093.9,20151000,1093.9,20151000,1096.35,20150800
2015-07-28 19:36:31,1093.9,20151000,1093.9,20151000,1094.15,20150800
2015-07-28 23:00:00,1094.8,20151000,1094.8,20151000,1094.7,20150800
2015-07-29 12:07:41,1094.8,20151000,1094.8,20151000,1094.95,20150800
2015-07-29 13:08:39,1094.8,20151000,1094.8,20151000,1094.15,20150800
2015-07-29 14:19:13,1094.8,20151000,1094.8,20151000,1094.55,20150800
2015-07-29 15:40:44,1094.8,20151000,1094.8,20151000,1092.15,20150800
2015-07-29 16:41:07,1094.8,20151000,1094.8,20151000,1096.45,20150800
2015-07-29 17:41:31,1094.8,20151000,1094.8,20151000,1094.35,20150800
2015-07-29 18:41:57,1094.8,20151000,1094.8,20151000,1093.25,20150800
2015-07-29 19:43:04,1094.8,20151000,1094.8,20151000,1095.75,20150800
2015-07-29 23:00:00,1095.9,20151000,1095.9,20151000,1096.2,20150800
2015-07-30 23:00:00,1087.5,20151200,1087.5,20151200,1086.7,20151000
2015-07-31 23:00:00,1094.4,20151200,1094.4,20151200,1094.7,20151000
2015-08-03 23:00:00,1085.6,20151200,1085.6,20151200,1085.5,20151000
2015-08-04 12:06:46,1091.35,20151200,1091.35,20151200,1085.5,20151000
2015-08-04 13:07:23,1091.45,20151200,1091.45,20151200,1085.5,20151000
2015-08-04 14:19:44,1091.15,20151200,1091.15,20151200,1085.5,20151000
2015-08-04 15:35:36,1090.05,20151200,1090.05,20151200,1085.5,20151000
2015-08-04 16:35:59,1091.05,20151200,1091.05,20151200,1085.5,20151000
2015-08-04 17:36:24,1091.85,20151200,1091.85,20151200,1085.5,20151000
2015-08-04 18:36:48,1089.85,20151200,1089.85,20151200,1085.5,20151000
2015-08-04 19:37:11,1086.45,20151200,1086.45,20151200,1085.5,20151000
2015-08-04 23:00:00,1087.7,20151200,1087.7,20151200,1087.0,20151000
2015-08-05 12:10:55,1087.0,20151200,1087.0,20151200,1087.0,20151000
2015-08-05 13:11:21,1087.95,20151200,1087.95,20151200,1087.0,20151000
2015-08-05 14:24:15,1088.65,20151200,1088.65,20151200,1087.0,20151000
2015-08-05 15:51:21,1084.05,20151200,1084.05,20151200,1087.0,20151000
2015-08-05 16:51:52,1082.9,20151200,1082.9,20151200,1087.0,20151000
2015-08-05 17:52:16,1086.05,20151200,1086.05,20151200,1087.0,20151000
2015-08-05 18:52:38,1085.8000000000004,20151200,1085.8000000000004,20151200,1087.0,20151000
2015-08-05 23:00:00,1083.9,20151200,1083.9,20151200,1083.0,20151000
2015-08-06 12:03:06,1085.05,20151200,1085.05,20151200,1083.0,20151000
2015-08-06 13:04:05,1084.9,20151200,1084.9,20151200,1083.0,20151000
2015-08-06 14:16:30,1086.55,20151200,1086.55,20151200,1083.0,20151000
2015-08-06 15:24:44,1088.5,20151200,1088.5,20151200,1083.0,20151000
2015-08-06 16:25:07,1088.95,20151200,1088.95,20151200,1083.0,20151000
2015-08-06 17:25:33,1090.35,20151200,1090.35,20151200,1083.0,20151000
2015-08-06 18:25:59,1090.05,20151200,1090.05,20151200,1083.0,20151000
2015-08-06 23:00:00,1088.4,20151200,1088.4,20151200,1088.8,20151000
2015-08-07 12:06:07,1088.75,20151200,1088.75,20151200,1088.8,20151000
2015-08-07 13:07:37,1091.15,20151200,1091.15,20151200,1088.8,20151000
2015-08-07 14:12:52,1085.15,20151200,1085.15,20151200,1088.8,20151000
2015-08-07 15:31:31,1095.1999999999996,20151200,1095.1999999999996,20151200,1088.8,20151000
2015-08-07 16:31:58,1095.75,20151200,1095.75,20151200,1088.8,20151000
2015-08-07 17:32:27,1093.4,20151200,1093.4,20151200,1088.8,20151000
2015-08-07 18:32:55,1094.15,20151200,1094.15,20151200,1088.8,20151000
2015-08-07 23:00:00,1091.5,20151200,1091.5,20151200,1091.3,20151000
2015-08-10 12:06:38,1093.75,20151200,1093.75,20151200,1091.3,20151000
2015-08-10 13:07:39,1094.95,20151200,1094.95,20151200,1091.3,20151000
2015-08-10 14:13:16,1095.65,20151200,1095.65,20151200,1091.3,20151000
2015-08-10 15:17:14,1095.95,20151200,1095.95,20151200,1091.3,20151000
2015-08-10 16:17:39,1103.0,20151200,1103.0,20151200,1091.3,20151000
2015-08-10 17:18:03,1106.15,20151200,1106.15,20151200,1091.3,20151000
2015-08-10 18:18:39,1105.5,20151200,1105.5,20151200,1091.3,20151000
2015-08-10 19:30:16,1102.6999999999996,20151200,1102.6999999999996,20151200,1091.3,20151000
2015-08-10 23:00:00,1102.8,20151200,1102.8,20151200,1102.0,20151000
2015-08-11 12:07:49,1111.35,20151200,1111.35,20151200,1102.0,20151000
2015-08-11 13:08:26,1108.5,20151200,1108.5,20151200,1102.0,20151000
2015-08-11 14:19:04,1106.35,20151200,1106.35,20151200,1102.0,20151000
2015-08-11 15:21:48,1105.65,20151200,1105.65,20151200,1102.0,20151000
2015-08-11 16:22:16,1108.1999999999996,20151200,1108.1999999999996,20151200,1102.0,20151000
2015-08-11 17:22:47,1106.95,20151200,1106.95,20151200,1102.0,20151000
2015-08-11 18:23:16,1108.75,20151200,1108.75,20151200,1102.0,20151000
2015-08-11 19:38:08,1108.95,20151200,1108.95,20151200,1102.0,20151000
2015-08-11 23:00:00,1108.1,20151200,1108.1,20151200,1107.5,20151000
2015-08-12 12:12:06,1116.6999999999996,20151200,1116.6999999999996,20151200,1107.5,20151000
2015-08-12 13:12:50,1117.6,20151200,1117.6,20151200,1107.5,20151000
2015-08-12 14:24:31,1116.3000000000004,20151200,1116.3000000000004,20151200,1107.5,20151000
2015-08-12 15:46:29,1120.85,20151200,1120.85,20151200,1107.5,20151000
2015-08-12 16:46:52,1123.55,20151200,1123.55,20151200,1107.5,20151000
2015-08-12 17:47:17,1123.45,20151200,1123.45,20151200,1107.5,20151000
2015-08-12 18:47:40,1123.05,20151200,1123.05,20151200,1107.5,20151000
2015-08-12 23:00:00,1123.7,20151200,1123.7,20151200,1122.9,20151000
2015-08-13 12:14:45,1116.75,20151200,1116.75,20151200,1122.9,20151000
2015-08-13 13:15:29,1117.55,20151200,1117.55,20151200,1122.9,20151000
2015-08-13 14:27:59,1115.75,20151200,1115.75,20151200,1122.9,20151000
2015-08-13 15:55:50,1114.65,20151200,1114.65,20151200,1122.9,20151000
2015-08-13 16:56:15,1115.25,20151200,1115.25,20151200,1122.9,20151000
2015-08-13 17:56:47,1115.75,20151200,1115.75,20151200,1122.9,20151000
2015-08-13 18:57:10,1114.75,20151200,1114.75,20151200,1122.9,20151000
2015-08-13 23:00:00,1114.5,20151200,1114.5,20151200,1114.1,20151000
2015-08-14 12:16:41,1119.15,20151200,1119.15,20151200,1114.1,20151000
2015-08-14 13:17:27,1117.65,20151200,1117.65,20151200,1114.1,20151000
2015-08-14 14:27:29,1117.55,20151200,1117.55,20151200,1114.1,20151000
2015-08-14 15:58:16,1116.45,20151200,1116.45,20151200,1114.1,20151000
2015-08-14 16:58:48,1112.85,20151200,1112.85,20151200,1114.1,20151000
2015-08-14 17:59:12,1113.1999999999996,20151200,1113.1999999999996,20151200,1114.1,20151000
2015-08-14 18:59:44,1111.25,20151200,1111.25,20151200,1114.1,20151000
2015-08-14 23:00:00,1114.6,20151200,1114.6,20151200,1114.6,20151000
2015-08-17 12:08:51,1115.9,20151200,1115.9,20151200,1114.6,20151000
2015-08-17 13:09:21,1115.85,20151200,1115.85,20151200,1114.6,20151000
2015-08-17 14:21:40,1118.85,20151200,1118.85,20151200,1114.6,20151000
2015-08-17 15:36:47,1117.05,20151200,1117.05,20151200,1114.6,20151000
2015-08-17 16:37:14,1117.95,20151200,1117.95,20151200,1114.6,20151000
2015-08-17 17:37:39,1118.45,20151200,1118.45,20151200,1114.6,20151000
2015-08-17 18:38:02,1118.35,20151200,1118.35,20151200,1114.6,20151000
2015-08-17 19:38:32,1116.8000000000004,20151200,1116.8000000000004,20151200,1114.6,20151000
2015-08-17 23:00:00,1117.0,20151200,1117.0,20151200,1116.8,20151000
2015-08-18 12:06:41,1119.15,20151200,1119.15,20151200,1116.8,20151000
2015-08-18 13:07:28,1117.85,20151200,1117.85,20151200,1116.8,20151000
2015-08-18 14:19:00,1115.25,20151200,1115.25,20151200,1116.8,20151000
2015-08-18 15:20:16,1111.05,20151200,1111.05,20151200,1116.8,20151000
2015-08-18 16:20:41,1115.1,20151200,1115.1,20151200,1116.8,20151000
2015-08-18 17:21:05,1114.75,20151200,1114.75,20151200,1116.8,20151000
2015-08-18 18:21:40,1115.85,20151200,1115.85,20151200,1116.8,20151000
2015-08-18 19:36:48,1116.5,20151200,1116.5,20151200,1116.8,20151000
2015-08-18 23:00:00,1116.9,20151200,1116.9,20151200,1116.5,20151000
2015-08-19 12:09:45,1120.25,20151200,1120.25,20151200,1116.5,20151000
2015-08-19 13:10:15,1121.05,20151200,1121.05,20151200,1116.5,20151000
2015-08-19 14:22:50,1122.05,20151200,1122.05,20151200,1116.5,20151000
2015-08-19 15:48:17,1125.55,20151200,1125.55,20151200,1116.5,20151000
2015-08-19 16:48:42,1128.55,20151200,1128.55,20151200,1116.5,20151000
2015-08-19 17:49:07,1129.05,20151200,1129.05,20151200,1116.5,20151000
2015-08-19 18:49:30,1128.05,20151200,1128.05,20151200,1116.5,20151000
2015-08-19 23:00:00,1132.2,20151200,1132.2,20151200,1131.9,20151000
2015-08-20 12:17:19,1138.05,20151200,1138.05,20151200,1131.9,20151000
2015-08-20 13:17:53,1139.45,20151200,1139.45,20151200,1131.9,20151000
2015-08-20 14:27:31,1144.8000000000004,20151200,1144.8000000000004,20151200,1131.9,20151000
2015-08-20 15:59:46,1148.85,20151200,1148.85,20151200,1131.9,20151000
2015-08-20 17:00:12,1149.35,20151200,1149.35,20151200,1131.9,20151000
2015-08-20 18:00:43,1151.8000000000004,20151200,1151.8000000000004,20151200,1131.9,20151000
2015-08-20 19:01:10,1152.85,20151200,1152.85,20151200,1131.9,20151000
2015-08-20 23:00:00,1151.7,20151200,1151.7,20151200,1151.2,20151000
2015-08-21 12:14:52,1155.15,20151200,1155.15,20151200,1151.2,20151000
2015-08-21 13:15:34,1154.75,20151200,1154.75,20151200,1151.2,20151000
2015-08-21 14:27:39,1157.35,20151200,1157.35,20151200,1151.2,20151000
2015-08-21 15:55:48,1154.1,20151200,1154.1,20151200,1151.2,20151000
2015-08-21 16:56:12,1159.1,20151200,1159.1,20151200,1151.2,20151000
2015-08-21 17:56:36,1158.45,20151200,1158.45,20151200,1151.2,20151000
2015-08-21 18:57:00,1158.0,20151200,1158.0,20151200,1151.2,20151000
2015-08-21 23:00:00,1159.4,20151200,1159.4,20151200,1158.4,20151000
2015-08-24 12:07:07,1154.8000000000004,20151200,1154.8000000000004,20151200,1158.4,20151000
2015-08-24 13:07:46,1157.25,20151200,1157.25,20151200,1158.4,20151000
2015-08-24 14:20:23,1164.4,20151200,1164.4,20151200,1158.4,20151000
2015-08-24 15:22:54,1161.85,20151200,1161.85,20151200,1158.4,20151000
2015-08-24 16:23:19,1159.65,20151200,1159.65,20151200,1158.4,20151000
2015-08-24 17:23:41,1158.9,20151200,1158.9,20151200,1158.4,20151000
2015-08-24 18:24:07,1154.4,20151200,1154.4,20151200,1158.4,20151000
2015-08-24 19:31:14,1153.8000000000004,20151200,1153.8000000000004,20151200,1158.4,20151000
2015-08-24 23:00:00,1153.6,20151200,1153.6,20151200,1153.5,20151000
2015-08-25 12:07:11,1148.6999999999996,20151200,1148.6999999999996,20151200,1153.5,20151000
2015-08-25 13:07:57,1148.15,20151200,1148.15,20151200,1153.5,20151000
2015-08-25 14:20:33,1147.35,20151200,1147.35,20151200,1153.5,20151000
2015-08-25 15:24:26,1137.0,20151200,1137.0,20151200,1153.5,20151000
2015-08-25 16:24:53,1136.15,20151200,1136.15,20151200,1153.5,20151000
2015-08-25 17:25:15,1135.95,20151200,1135.95,20151200,1153.5,20151000
2015-08-25 18:25:38,1136.95,20151200,1136.95,20151200,1153.5,20151000
2015-08-25 19:37:18,1138.15,20151200,1138.15,20151200,1153.5,20151000
2015-08-25 23:00:00,1139.0,20151200,1139.0,20151200,1138.8,20151000
2015-08-26 12:04:28,1133.1,20151200,1133.1,20151200,1138.8,20151000
2015-08-26 13:05:30,1129.15,20151200,1129.15,20151200,1138.8,20151000
2015-08-26 14:13:41,1124.6999999999996,20151200,1124.6999999999996,20151200,1138.8,20151000
2015-08-26 15:26:22,1119.6999999999996,20151200,1119.6999999999996,20151200,1138.8,20151000
2015-08-26 16:26:47,1120.55,20151200,1120.55,20151200,1138.8,20151000
2015-08-26 17:27:12,1123.15,20151200,1123.15,20151200,1138.8,20151000
2015-08-26 18:27:36,1124.5,20151200,1124.5,20151200,1138.8,20151000
2015-08-26 23:00:00,1123.2,20151200,1123.2,20151200,1122.5,20151000
2015-08-27 12:17:36,1126.95,20151200,1126.95,20151200,1122.5,20151000
2015-08-27 13:18:30,1125.05,20151200,1125.05,20151200,1122.5,20151000
2015-08-27 14:27:46,1122.3000000000004,20151200,1122.3000000000004,20151200,1122.5,20151000
2015-08-27 15:59:49,1121.55,20151200,1121.55,20151200,1122.5,20151000
2015-08-27 17:00:23,1123.55,20151200,1123.55,20151200,1122.5,20151000
2015-08-27 18:00:51,1123.05,20151200,1123.05,20151200,1122.5,20151000
2015-08-27 19:01:15,1120.95,20151200,1120.95,20151200,1122.5,20151000
2015-08-27 23:00:00,1123.6,20151200,1123.6,20151200,1123.9,20151000
2015-08-28 12:02:43,1127.0,20151200,1127.0,20151200,1123.9,20151000
2015-08-28 13:03:48,1124.55,20151200,1124.55,20151200,1123.9,20151000
2015-08-28 14:16:50,1126.05,20151200,1126.05,20151200,1123.9,20151000
2015-08-28 15:27:03,1137.65,20151200,1137.65,20151200,1123.9,20151000
2015-08-28 16:27:33,1135.6999999999996,20151200,1135.6999999999996,20151200,1123.9,20151000
2015-08-28 17:28:14,1133.55,20151200,1133.55,20151200,1123.9,20151000
2015-08-28 18:28:36,1134.35,20151200,1134.35,20151200,1123.9,20151000
2015-08-28 23:00:00,1134.0,20151200,1134.0,20151200,1133.5,20151000
2015-08-31 12:03:00,1131.45,20151200,1131.45,20151200,1133.5,20151000
2015-08-31 13:04:12,1129.15,20151200,1129.15,20151200,1133.5,20151000
2015-08-31 14:16:37,1127.35,20151200,1127.35,20151200,1133.5,20151000
2015-08-31 23:00:00,1127.35,20151200,1127.35,20151200,1134.6,20151000
2015-09-01 23:00:00,1127.35,20151200,1127.35,20151200,1138.7,20151000
2015-09-02 14:04:55,1137.25,20151200,1137.25,20151200,1138.7,20151000
2015-09-02 15:05:45,1137.05,20151200,1137.05,20151200,1138.7,20151000
2015-09-02 16:06:07,1134.35,20151200,1134.35,20151200,1138.7,20151000
2015-09-02 17:06:30,1135.1999999999996,20151200,1135.1999999999996,20151200,1138.7,20151000
2015-09-02 18:30:45,1133.35,20151200,1133.35,20151200,1138.7,20151000
2015-09-02 19:31:28,1134.3000000000004,20151200,1134.3000000000004,20151200,1138.7,20151000
2015-09-02 23:00:00,1133.1,20151200,1133.1,20151200,1132.5,20151000
2015-09-03 12:03:25,1125.8000000000004,20151200,1125.8000000000004,20151200,1132.5,20151000
2015-09-03 13:04:14,1127.25,20151200,1127.25,20151200,1132.5,20151000
2015-09-03 14:17:47,1123.75,20151200,1123.75,20151200,1132.5,20151000
2015-09-03 15:20:44,1128.25,20151200,1128.25,20151200,1132.5,20151000
2015-09-03 16:21:29,1122.85,20151200,1122.85,20151200,1132.5,20151000
2015-09-03 17:22:34,1122.9,20151200,1122.9,20151200,1132.5,20151000
2015-09-03 18:23:00,1123.95,20151200,1123.95,20151200,1132.5,20151000
2015-09-03 19:35:08,1124.15,20151200,1124.15,20151200,1132.5,20151000
2015-09-03 23:00:00,1124.6,20151200,1124.6,20151200,1124.1,20151000
2015-09-04 12:03:42,1122.1999999999996,20151200,1122.1999999999996,20151200,1124.1,20151000
2015-09-04 13:04:39,1123.35,20151200,1123.35,20151200,1124.1,20151000
2015-09-04 14:17:30,1116.9,20151200,1116.9,20151200,1124.1,20151000
2015-09-04 15:19:21,1117.85,20151200,1117.85,20151200,1124.1,20151000
2015-09-04 16:20:18,1119.75,20151200,1119.75,20151200,1124.1,20151000
2015-09-04 17:20:53,1120.65,20151200,1120.65,20151200,1124.1,20151000
2015-09-04 18:21:20,1120.85,20151200,1120.85,20151200,1124.1,20151000
2015-09-04 19:33:18,1121.0,20151200,1121.0,20151200,1124.1,20151000
2015-09-04 23:00:00,1121.3,20151200,1121.3,20151200,1121.0,20151000
2015-09-07 12:07:04,1119.1999999999996,20151200,1119.1999999999996,20151200,1121.0,20151000
2015-09-07 13:07:58,1119.95,20151200,1119.95,20151200,1121.0,20151000
2015-09-07 14:52:43,1118.4,20151200,1118.4,20151200,1121.0,20151000
2015-09-07 15:53:40,1119.05,20151200,1119.05,20151200,1121.0,20151000
2015-09-07 16:54:30,1118.15,20151200,1118.15,20151200,1121.0,20151000
2015-09-07 17:54:57,1118.75,20151200,1118.75,20151200,1121.0,20151000
2015-09-07 19:03:47,1118.3,20151200,1118.3,20151200,1121.0,20151000
2015-09-08 12:05:58,1119.5,20151200,1119.5,20151200,1121.0,20151000
2015-09-08 13:06:24,1121.4,20151200,1121.4,20151200,1121.0,20151000
2015-09-08 14:56:57,1119.8000000000004,20151200,1119.8000000000004,20151200,1121.0,20151000
2015-09-08 15:57:25,1121.3000000000004,20151200,1121.3000000000004,20151200,1121.0,20151000
2015-09-08 16:57:52,1124.1,20151200,1124.1,20151200,1121.0,20151000
2015-09-08 17:58:22,1122.6,20151200,1122.6,20151200,1121.0,20151000
2015-09-08 19:10:40,1121.55,20151200,1121.55,20151200,1121.0,20151000
2015-09-08 23:00:00,1121.5,20151200,1121.5,20151200,1121.4,20151000
2015-09-09 12:03:07,1119.6999999999996,20151200,1119.6999999999996,20151200,1121.4,20151000
2015-09-09 13:03:35,1118.35,20151200,1118.35,20151200,1121.4,20151000
2015-09-09 14:11:54,1112.15,20151200,1112.15,20151200,1121.4,20151000
2015-09-09 15:18:49,1111.35,20151200,1111.35,20151200,1121.4,20151000
2015-09-09 16:19:26,1109.5,20151200,1109.5,20151200,1121.4,20151000
2015-09-09 17:19:52,1104.05,20151200,1104.05,20151200,1121.4,20151000
2015-09-09 18:20:16,1102.45,20151200,1102.45,20151200,1121.4,20151000
2015-09-09 19:28:12,1106.65,20151200,1106.65,20151200,1121.4,20151000
2015-09-09 23:00:00,1107.0,20151200,1107.0,20151200,1106.8,20151000
2015-09-10 12:02:52,1105.65,20151200,1105.65,20151200,1106.8,20151000
2015-09-10 13:03:21,1106.45,20151200,1106.45,20151200,1106.8,20151000
2015-09-10 14:15:52,1113.35,20151200,1113.35,20151200,1106.8,20151000
2015-09-10 15:20:43,1109.95,20151200,1109.95,20151200,1106.8,20151000
2015-09-10 16:21:08,1111.65,20151200,1111.65,20151200,1106.8,20151000
2015-09-10 17:21:45,1111.05,20151200,1111.05,20151200,1106.8,20151000
2015-09-10 18:22:10,1110.3000000000004,20151200,1110.3000000000004,20151200,1106.8,20151000
2015-09-10 23:00:00,1109.6,20151200,1109.6,20151200,1109.6,20151000
2015-09-11 12:10:10,1105.15,20151200,1105.15,20151200,1109.6,20151000
2015-09-11 13:10:38,1105.8000000000004,20151200,1105.8000000000004,20151200,1109.6,20151000
2015-09-11 14:23:10,1102.45,20151200,1102.45,20151200,1109.6,20151000
2015-09-11 15:46:12,1099.45,20151200,1099.45,20151200,1109.6,20151000
2015-09-11 16:46:36,1100.95,20151200,1100.95,20151200,1109.6,20151000
2015-09-11 17:47:01,1103.15,20151200,1103.15,20151200,1109.6,20151000
2015-09-11 18:47:25,1102.65,20151200,1102.65,20151200,1109.6,20151000
2015-09-11 23:00:00,1107.0,20151200,1107.0,20151200,1107.7,20151000
2015-09-14 12:02:52,1105.85,20151200,1105.85,20151200,1107.7,20151000
2015-09-14 13:03:22,1105.1,20151200,1105.1,20151200,1107.7,20151000
2015-09-14 14:15:44,1103.35,20151200,1103.35,20151200,1107.7,20151000
2015-09-14 15:19:44,1104.95,20151200,1104.95,20151200,1107.7,20151000
2015-09-14 16:20:07,1106.3000000000004,20151200,1106.3000000000004,20151200,1107.7,20151000
2015-09-14 17:20:30,1107.55,20151200,1107.55,20151200,1107.7,20151000
2015-09-14 18:20:55,1107.9,20151200,1107.9,20151200,1107.7,20151000
2015-09-14 19:33:10,1108.15,20151200,1108.15,20151200,1107.7,20151000
2015-09-14 23:00:00,1107.8,20151200,1107.8,20151200,1107.5,20151000
2015-09-15 12:03:03,1103.75,20151200,1103.75,20151200,1107.5,20151000
2015-09-15 13:03:32,1105.35,20151200,1105.35,20151200,1107.5,20151000
2015-09-15 14:15:54,1105.1999999999996,20151200,1105.1999999999996,20151200,1107.5,20151000
2015-09-15 15:21:39,1104.95,20151200,1104.95,20151200,1107.5,20151000
2015-09-15 16:22:12,1103.25,20151200,1103.25,20151200,1107.5,20151000
2015-09-15 17:22:41,1103.65,20151200,1103.65,20151200,1107.5,20151000
2015-09-15 18:23:09,1103.3000000000004,20151200,1103.3000000000004,20151200,1107.5,20151000
2015-09-15 23:00:00,1104.5,20151200,1104.5,20151200,1104.6,20151000
2015-09-16 12:03:31,1107.75,20151200,1107.75,20151200,1104.6,20151000
2015-09-16 13:04:10,1106.75,20151200,1106.75,20151200,1104.6,20151000
2015-09-16 14:13:45,1112.25,20151200,1112.25,20151200,1104.6,20151000
2015-09-16 15:27:58,1118.05,20151200,1118.05,20151200,1104.6,20151000
2015-09-16 16:28:26,1122.1999999999996,20151200,1122.1999999999996,20151200,1104.6,20151000
2015-09-16 17:28:49,1123.15,20151200,1123.15,20151200,1104.6,20151000
2015-09-16 18:29:16,1119.45,20151200,1119.45,20151200,1104.6,20151000
2015-09-16 23:00:00,1119.3,20151200,1119.3,20151200,1119.7,20151000
2015-09-17 12:03:37,1116.05,20151200,1116.05,20151200,1119.7,20151000
2015-09-17 13:04:20,1115.85,20151200,1115.85,20151200,1119.7,20151000
2015-09-17 14:17:37,1116.6999999999996,20151200,1116.6999999999996,20151200,1119.7,20151000
2015-09-17 15:37:05,1117.25,20151200,1117.25,20151200,1119.7,20151000
2015-09-17 16:37:32,1117.45,20151200,1117.45,20151200,1119.7,20151000
2015-09-17 17:37:59,1117.15,20151200,1117.15,20151200,1119.7,20151000
2015-09-17 18:38:29,1117.5,20151200,1117.5,20151200,1119.7,20151000
2015-09-17 23:00:00,1130.9,20151200,1130.9,20151200,1131.1,20151000
2015-09-18 12:02:58,1136.75,20151200,1136.75,20151200,1131.1,20151000
2015-09-18 13:03:26,1134.75,20151200,1134.75,20151200,1131.1,20151000
2015-09-18 16:07:21,1136.15,20151200,1136.15,20151200,1131.1,20151000
2015-09-18 17:07:44,1137.4,20151200,1137.4,20151200,1131.1,20151000
2015-09-18 18:08:08,1137.35,20151200,1137.35,20151200,1131.1,20151000
2015-09-18 19:08:34,1136.0,20151200,1136.0,20151200,1131.1,20151000
2015-09-18 23:00:00,1139.1,20151200,1139.1,20151200,1139.3,20151000
2015-09-21 12:02:28,1136.85,20151200,1136.85,20151200,1139.3,20151000
2015-09-21 13:02:59,1130.75,20151200,1130.75,20151200,1139.3,20151000
2015-09-21 14:16:15,1132.95,20151200,1132.95,20151200,1139.3,20151000
2015-09-21 15:20:35,1131.95,20151200,1131.95,20151200,1139.3,20151000
2015-09-21 16:21:01,1131.35,20151200,1131.35,20151200,1139.3,20151000
2015-09-21 17:21:25,1132.65,20151200,1132.65,20151200,1139.3,20151000
2015-09-21 23:00:00,1132.65,20151200,1132.65,20151200,1133.1,20151000
2015-09-22 12:06:22,1129.65,20151200,1129.65,20151200,1133.1,20151000
2015-09-22 13:06:46,1128.1999999999996,20151200,1128.1999999999996,20151200,1133.1,20151000
2015-09-22 14:18:59,1123.95,20151200,1123.95,20151200,1133.1,20151000
2015-09-22 15:34:06,1121.9,20151200,1121.9,20151200,1133.1,20151000
2015-09-22 16:34:45,1125.1,20151200,1125.1,20151200,1133.1,20151000
2015-09-22 17:35:13,1125.55,20151200,1125.55,20151200,1133.1,20151000
2015-09-22 18:35:37,1124.9,20151200,1124.9,20151200,1133.1,20151000
2015-09-22 19:36:02,1125.25,20151200,1125.25,20151200,1133.1,20151000
2015-09-22 23:00:00,1124.1,20151200,1124.1,20151200,1124.6,20151000
2015-09-23 12:03:45,1124.25,20151200,1124.25,20151200,1124.6,20151000
2015-09-23 13:04:21,1129.75,20151200,1129.75,20151200,1124.6,20151000
2015-09-23 14:04:50,1131.45,20151200,1131.45,20151200,1124.6,20151000
2015-09-23 15:57:20,1130.95,20151200,1130.95,20151200,1124.6,20151000
2015-09-23 16:57:47,1131.25,20151200,1131.25,20151200,1124.6,20151000
2015-09-23 17:58:16,1131.9,20151200,1131.9,20151200,1124.6,20151000
2015-09-23 18:58:49,1131.15,20151200,1131.15,20151200,1124.6,20151000
2015-09-23 23:00:00,1129.3,20151200,1129.3,20151200,1129.4,20151000
2015-09-24 12:05:57,1135.05,20151200,1135.05,20151200,1129.4,20151000
2015-09-24 13:06:27,1135.45,20151200,1135.45,20151200,1129.4,20151000
2015-09-24 14:17:26,1143.55,20151200,1143.55,20151200,1129.4,20151000
2015-09-24 15:17:52,1153.55,20151200,1153.55,20151200,1129.4,20151000
2015-09-24 16:28:50,1154.55,20151200,1154.55,20151200,1129.4,20151000
2015-09-24 17:29:19,1151.95,20151200,1151.95,20151200,1129.4,20151000
2015-09-24 18:29:51,1153.75,20151200,1153.75,20151200,1129.4,20151000
2015-09-24 19:30:20,1151.8000000000004,20151200,1151.8000000000004,20151200,1129.4,20151000
2015-09-24 23:00:00,1152.5,20151200,1152.5,20151200,1152.2,20151000
2015-09-25 12:05:48,1143.1999999999996,20151200,1143.1999999999996,20151200,1152.2,20151000
2015-09-25 13:06:18,1143.05,20151200,1143.05,20151200,1152.2,20151000
2015-09-25 14:17:14,1145.65,20151200,1145.65,20151200,1152.2,20151000
2015-09-25 15:17:41,1144.85,20151200,1144.85,20151200,1152.2,20151000
2015-09-25 16:27:27,1143.95,20151200,1143.95,20151200,1152.2,20151000
2015-09-25 17:27:58,1145.35,20151200,1145.35,20151200,1152.2,20151000
2015-09-25 18:28:26,1145.75,20151200,1145.75,20151200,1152.2,20151000
2015-09-25 19:29:03,1145.1999999999996,20151200,1145.1999999999996,20151200,1152.2,20151000
2015-09-25 23:00:00,1145.8,20151200,1145.8,20151200,1146.6,20151000
2015-09-28 12:11:04,1133.05,20151200,1133.05,20151200,1146.6,20151000
2015-09-28 13:11:37,1131.85,20151200,1131.85,20151200,1146.6,20151000
2015-09-28 14:24:14,1130.75,20151200,1130.75,20151200,1146.6,20151000
2015-09-28 16:18:07,1133.05,20151200,1133.05,20151200,1146.6,20151000
2015-09-28 17:18:42,1133.65,20151200,1133.65,20151200,1146.6,20151000
2015-09-28 18:19:13,1131.65,20151200,1131.65,20151200,1146.6,20151000
2015-09-28 19:19:41,1132.85,20151200,1132.85,20151200,1146.6,20151000
2015-09-28 23:00:00,1131.5,20151200,1131.5,20151200,1131.8,20151000
2015-09-29 12:05:58,1126.35,20151200,1126.35,20151200,1131.8,20151000
2015-09-29 13:06:29,1129.0,20151200,1129.0,20151200,1131.8,20151000
2015-09-29 14:17:53,1129.35,20151200,1129.35,20151200,1131.8,20151000
2015-09-29 16:19:42,1131.75,20151200,1131.75,20151200,1131.8,20151000
2015-09-29 17:20:15,1130.75,20151200,1130.75,20151200,1131.8,20151000
2015-09-29 18:20:51,1126.95,20151200,1126.95,20151200,1131.8,20151000
2015-09-29 19:21:18,1127.55,20151200,1127.55,20151200,1131.8,20151000
2015-09-29 23:00:00,1127.0,20151200,1127.0,20151200,1128.6,20151000
2015-09-30 12:05:49,1127.0,20160200,1127.0,20160200,1121.95,20151200
2015-09-30 13:06:20,1127.0,20160200,1127.0,20160200,1121.55,20151200
2015-09-30 14:17:59,1127.0,20160200,1127.0,20160200,1114.15,20151200
2015-09-30 16:02:02,1127.0,20160200,1127.0,20160200,1113.05,20151200
2015-09-30 17:02:30,1127.0,20160200,1127.0,20160200,1114.1999999999996,20151200
2015-09-30 18:02:56,1127.0,20160200,1127.0,20160200,1113.5,20151200
2015-09-30 19:03:22,1127.0,20160200,1127.0,20160200,1116.0,20151200
2015-09-30 23:00:00,1116.0,20160200,1116.0,20160200,1115.2,20151200
2015-10-01 12:07:02,1116.0,20160200,1116.0,20160200,1112.1,20151200
2015-10-01 13:07:50,1116.0,20160200,1116.0,20160200,1114.05,20151200
2015-10-01 14:17:06,1116.0,20160200,1116.0,20160200,1114.45,20151200
2015-10-01 15:17:39,1116.0,20160200,1116.0,20160200,1115.55,20151200
2015-10-01 16:50:05,1116.0,20160200,1116.0,20160200,1115.55,20151200
2015-10-01 17:50:42,1116.0,20160200,1116.0,20160200,1114.45,20151200
2015-10-01 18:51:38,1116.0,20160200,1116.0,20160200,1113.45,20151200
2015-10-01 23:00:00,1114.5,20160200,1114.5,20160200,1113.4,20151200
2015-10-02 12:04:12,1114.5,20160200,1114.5,20160200,1106.05,20151200
2015-10-02 13:04:44,1114.5,20160200,1114.5,20160200,1106.25,20151200
2015-10-02 14:17:00,1114.5,20160200,1114.5,20160200,1134.25,20151200
2015-10-02 15:17:27,1114.5,20160200,1114.5,20160200,1138.35,20151200
2015-10-02 16:33:54,1114.5,20160200,1114.5,20160200,1137.9,20151200
2015-10-02 17:34:28,1114.5,20160200,1114.5,20160200,1136.95,20151200
2015-10-02 18:34:56,1114.5,20160200,1114.5,20160200,1136.75,20151200
2015-10-02 19:35:24,1114.5,20160200,1114.5,20160200,1135.9,20151200
2015-10-02 23:00:00,1137.8,20160200,1137.8,20160200,1137.3,20151200
2015-10-05 12:03:01,1137.8,20160200,1137.8,20160200,1132.65,20151200
2015-10-05 13:03:32,1137.8,20160200,1137.8,20160200,1131.85,20151200
2015-10-05 14:11:10,1137.8,20160200,1137.8,20160200,1133.95,20151200
2015-10-05 16:07:46,1137.8,20160200,1137.8,20160200,1135.4,20151200
2015-10-05 17:08:32,1137.8,20160200,1137.8,20160200,1132.95,20151200
2015-10-05 18:09:53,1137.8,20160200,1137.8,20160200,1134.75,20151200
2015-10-05 19:10:21,1137.8,20160200,1137.8,20160200,1136.8000000000004,20151200
2015-10-05 23:00:00,1135.8,20160200,1135.8,20160200,1135.3,20151200
2015-10-06 12:05:55,1135.8,20160200,1135.8,20160200,1137.45,20151200
2015-10-06 13:06:25,1135.8,20160200,1135.8,20160200,1138.8000000000004,20151200
2015-10-06 14:18:02,1135.8,20160200,1135.8,20160200,1143.6,20151200
2015-10-06 16:23:09,1135.8,20160200,1135.8,20160200,1148.4,20151200
2015-10-06 17:23:43,1135.8,20160200,1135.8,20160200,1148.1,20151200
2015-10-06 18:24:23,1135.8,20160200,1135.8,20160200,1145.95,20151200
2015-10-06 19:24:58,1135.8,20160200,1135.8,20160200,1146.55,20151200
2015-10-06 23:00:00,1147.8,20160200,1147.8,20160200,1147.0,20151200
2015-10-07 12:06:18,1147.8,20160200,1147.8,20160200,1148.75,20151200
2015-10-07 13:06:51,1147.8,20160200,1147.8,20160200,1150.35,20151200
2015-10-07 14:17:06,1147.8,20160200,1147.8,20160200,1146.75,20151200
2015-10-07 15:17:34,1147.8,20160200,1147.8,20160200,1141.75,20151200
2015-10-07 16:50:55,1147.8,20160200,1147.8,20160200,1146.75,20151200
2015-10-07 17:51:27,1147.8,20160200,1147.8,20160200,1144.45,20151200
2015-10-07 18:52:00,1147.8,20160200,1147.8,20160200,1149.65,20151200
2015-10-07 23:00:00,1146.5,20160200,1146.5,20160200,1145.1,20151200
2015-10-08 12:06:32,1146.5,20160200,1146.5,20160200,1143.55,20151200
2015-10-08 13:07:12,1146.5,20160200,1146.5,20160200,1144.05,20151200
2015-10-08 14:09:46,1146.5,20160200,1146.5,20160200,1138.05,20151200
2015-10-08 15:10:15,1146.5,20160200,1146.5,20160200,1140.55,20151200
2015-10-08 16:36:28,1146.5,20160200,1146.5,20160200,1143.5,20151200
2015-10-08 17:37:01,1146.5,20160200,1146.5,20160200,1142.9,20151200
2015-10-08 18:37:33,1146.5,20160200,1146.5,20160200,1144.5,20151200
2015-10-08 19:38:06,1146.5,20160200,1146.5,20160200,1143.05,20151200
2015-10-08 23:00:00,1140.4,20160200,1140.4,20160200,1139.5,20151200
2015-10-09 12:04:05,1140.4,20160200,1140.4,20160200,1153.95,20151200
2015-10-09 13:04:48,1140.4,20160200,1140.4,20160200,1153.35,20151200
2015-10-09 14:05:14,1140.4,20160200,1140.4,20160200,1155.15,20151200
2015-10-09 15:05:42,1140.4,20160200,1140.4,20160200,1152.05,20151200
2015-10-09 16:35:07,1140.4,20160200,1140.4,20160200,1158.0,20151200
2015-10-09 17:35:43,1140.4,20160200,1140.4,20160200,1158.6999999999996,20151200
2015-10-09 18:36:16,1140.4,20160200,1140.4,20160200,1156.35,20151200
2015-10-09 19:36:54,1140.4,20160200,1140.4,20160200,1156.35,20151200
2015-10-09 23:00:00,1158.0,20160200,1158.0,20160200,1157.0,20151200
2015-10-12 12:51:05,1158.0,20160200,1158.0,20160200,1167.55,20151200
2015-10-12 13:51:38,1158.0,20160200,1158.0,20160200,1166.4,20151200
2015-10-12 14:52:05,1158.0,20160200,1158.0,20160200,1163.95,20151200
2015-10-12 15:52:32,1158.0,20160200,1158.0,20160200,1161.45,20151200
2015-10-12 23:00:00,1162.4,20160200,1162.4,20160200,1161.9,20151200
2015-10-13 12:11:03,1162.4,20160200,1162.4,20160200,1152.75,20151200
2015-10-13 13:11:35,1162.4,20160200,1162.4,20160200,1156.05,20151200
2015-10-13 14:23:02,1162.4,20160200,1162.4,20160200,1162.65,20151200
2015-10-13 16:19:01,1162.4,20160200,1162.4,20160200,1165.95,20151200
2015-10-13 17:19:37,1162.4,20160200,1162.4,20160200,1166.65,20151200
2015-10-13 18:20:09,1162.4,20160200,1162.4,20160200,1165.75,20151200
2015-10-13 19:20:43,1162.4,20160200,1162.4,20160200,1165.3000000000004,20151200
2015-10-13 23:00:00,1167.3,20160200,1167.3,20160200,1167.3,20151200
2015-10-14 12:05:55,1167.3,20160200,1167.3,20160200,1167.05,20151200
2015-10-14 13:06:24,1167.3,20160200,1167.3,20160200,1167.75,20151200
2015-10-14 14:17:22,1167.3,20160200,1167.3,20160200,1174.35,20151200
2015-10-14 16:12:08,1167.3,20160200,1167.3,20160200,1177.05,20151200
2015-10-14 17:12:43,1167.3,20160200,1167.3,20160200,1177.5,20151200
2015-10-14 18:13:13,1167.3,20160200,1167.3,20160200,1178.45,20151200
2015-10-14 19:13:40,1167.3,20160200,1167.3,20160200,1185.75,20151200
2015-10-14 23:00:00,1188.0,20160200,1188.0,20160200,1187.0,20151200
2015-10-15 12:06:04,1188.0,20160200,1188.0,20160200,1186.3000000000004,20151200
2015-10-15 13:06:36,1188.0,20160200,1188.0,20160200,1185.8000000000004,20151200
2015-10-15 14:18:36,1188.0,20160200,1188.0,20160200,1180.75,20151200
2015-10-15 15:19:05,1188.0,20160200,1188.0,20160200,1183.0,20151200
2015-10-15 16:30:03,1188.0,20160200,1188.0,20160200,1185.35,20151200
2015-10-15 17:30:35,1188.0,20160200,1188.0,20160200,1189.95,20151200
2015-10-15 18:31:08,1188.0,20160200,1188.0,20160200,1187.75,20151200
2015-10-15 19:31:42,1188.0,20160200,1188.0,20160200,1186.25,20151200
2015-10-15 23:00:00,1183.5,20160200,1183.5,20160200,1182.6,20151200
2015-10-16 12:06:13,1183.5,20160200,1183.5,20160200,1180.15,20151200
2015-10-16 13:06:46,1183.5,20160200,1183.5,20160200,1178.35,20151200
2015-10-16 14:17:30,1183.5,20160200,1183.5,20160200,1181.1,20151200
2015-10-16 15:17:57,1183.5,20160200,1183.5,20160200,1181.55,20151200
2015-10-16 16:52:27,1183.5,20160200,1183.5,20160200,1180.95,20151200
2015-10-16 17:53:02,1183.5,20160200,1183.5,20160200,1181.85,20151200
2015-10-16 18:53:33,1183.5,20160200,1183.5,20160200,1182.1,20151200
2015-10-16 23:00:00,1177.0,20160200,1177.0,20160200,1176.1,20151200
2015-10-19 12:11:25,1177.0,20160200,1177.0,20160200,1173.05,20151200
2015-10-19 13:11:58,1177.0,20160200,1177.0,20160200,1171.75,20151200
2015-10-19 14:23:15,1177.0,20160200,1177.0,20160200,1175.6,20151200
2015-10-19 16:16:31,1177.0,20160200,1177.0,20160200,1170.5,20151200
2015-10-19 17:17:07,1177.0,20160200,1177.0,20160200,1171.05,20151200
2015-10-19 18:17:40,1177.0,20160200,1177.0,20160200,1172.65,20151200
2015-10-19 19:18:15,1177.0,20160200,1177.0,20160200,1172.75,20151200
2015-10-19 23:00:00,1170.0,20160200,1170.0,20160200,1170.1,20151200
2015-10-20 12:02:56,1170.0,20160200,1170.0,20160200,1174.55,20151200
2015-10-20 13:03:26,1170.0,20160200,1170.0,20160200,1175.25,20151200
2015-10-20 14:11:20,1170.0,20160200,1170.0,20160200,1172.15,20151200
2015-10-20 16:08:53,1170.0,20160200,1170.0,20160200,1176.9,20151200
2015-10-20 17:09:26,1170.0,20160200,1170.0,20160200,1175.65,20151200
2015-10-20 18:09:59,1170.0,20160200,1170.0,20160200,1176.55,20151200
2015-10-20 19:10:27,1170.0,20160200,1170.0,20160200,1175.45,20151200
2015-10-20 23:00:00,1178.0,20160200,1178.0,20160200,1176.4,20151200
2015-10-21 12:05:59,1178.0,20160200,1178.0,20160200,1174.9,20151200
2015-10-21 13:06:30,1178.0,20160200,1178.0,20160200,1176.65,20151200
2015-10-21 14:18:29,1178.0,20160200,1178.0,20160200,1173.75,20151200
2015-10-21 15:18:58,1178.0,20160200,1178.0,20160200,1166.65,20151200
2015-10-21 16:53:53,1178.0,20160200,1178.0,20160200,1165.85,20151200
2015-10-21 17:54:27,1178.0,20160200,1178.0,20160200,1166.85,20151200
2015-10-21 18:55:01,1178.0,20160200,1178.0,20160200,1166.6999999999996,20151200
2015-10-21 23:00:00,1168.0,20160200,1168.0,20160200,1167.0,20151200
2015-10-22 12:03:38,1168.0,20160200,1168.0,20160200,1168.05,20151200
2015-10-22 13:04:24,1168.0,20160200,1168.0,20160200,1167.25,20151200
2015-10-22 14:16:27,1168.0,20160200,1168.0,20160200,1164.9,20151200
2015-10-22 15:17:00,1168.0,20160200,1168.0,20160200,1166.55,20151200
2015-10-22 16:35:24,1168.0,20160200,1168.0,20160200,1168.1,20151200
2015-10-22 17:35:50,1168.0,20160200,1168.0,20160200,1166.75,20151200
2015-10-22 18:36:24,1168.0,20160200,1168.0,20160200,1166.65,20151200
2015-10-22 19:36:57,1168.0,20160200,1168.0,20160200,1165.05,20151200
2015-10-22 23:00:00,1167.0,20160200,1167.0,20160200,1166.2,20151200
2015-10-23 12:07:58,1167.0,20160200,1167.0,20160200,1170.95,20151200
2015-10-23 13:08:41,1167.0,20160200,1167.0,20160200,1178.75,20151200
2015-10-23 14:12:01,1167.0,20160200,1167.0,20160200,1172.05,20151200
2015-10-23 15:12:50,1167.0,20160200,1167.0,20160200,1161.1,20151200
2015-10-23 16:41:26,1167.0,20160200,1167.0,20160200,1161.45,20151200
2015-10-23 17:41:57,1167.0,20160200,1167.0,20160200,1162.1999999999996,20151200
2015-10-23 18:42:25,1167.0,20160200,1167.0,20160200,1162.85,20151200
2015-10-23 19:42:51,1167.0,20160200,1167.0,20160200,1165.6,20151200
2015-10-23 23:00:00,1165.0,20160200,1165.0,20160200,1164.8,20151200
2015-10-26 12:05:59,1165.0,20160200,1165.0,20160200,1167.6,20151200
2015-10-26 13:07:37,1165.0,20160200,1165.0,20160200,1164.6999999999996,20151200
2015-10-26 14:25:30,1165.0,20160200,1165.0,20160200,1167.25,20151200
2015-10-26 16:15:01,1165.0,20160200,1165.0,20160200,1166.1999999999996,20151200
2015-10-26 17:15:39,1165.0,20160200,1165.0,20160200,1166.25,20151200
2015-10-26 18:16:12,1165.0,20160200,1165.0,20160200,1164.85,20151200
2015-10-26 19:17:12,1165.0,20160200,1165.0,20160200,1164.1,20151200
2015-10-26 23:00:00,1164.1,20160200,1164.1,20160200,1162.9,20151200
2015-10-27 12:05:58,1164.1,20160200,1164.1,20160200,1164.5,20151200
2015-10-27 13:06:53,1164.1,20160200,1164.1,20160200,1162.15,20151200
2015-10-27 14:15:47,1164.1,20160200,1164.1,20160200,1167.55,20151200
2015-10-27 16:16:18,1164.1,20160200,1164.1,20160200,1167.0,20151200
2015-10-27 17:16:48,1164.1,20160200,1164.1,20160200,1166.35,20151200
2015-10-27 18:17:21,1164.1,20160200,1164.1,20160200,1165.95,20151200
2015-10-27 19:18:27,1164.1,20160200,1164.1,20160200,1165.75,20151200
2015-10-27 23:00:00,1167.4,20160200,1167.4,20160200,1167.0,20151200
2015-10-28 12:05:55,1167.4,20160200,1167.4,20160200,1172.25,20151200
2015-10-28 13:06:55,1167.4,20160200,1167.4,20160200,1173.95,20151200
2015-10-28 14:15:49,1167.4,20160200,1167.4,20160200,1181.35,20151200
2015-10-28 15:16:17,1167.4,20160200,1167.4,20160200,1180.4,20151200
2015-10-28 16:53:40,1167.4,20160200,1167.4,20160200,1178.6,20151200
2015-10-28 17:54:12,1167.4,20160200,1167.4,20160200,1176.1999999999996,20151200
2015-10-28 18:54:48,1167.4,20160200,1167.4,20160200,1154.25,20151200
2015-10-28 23:00:00,1156.9,20160200,1156.9,20160200,1155.7,20151200
2015-10-29 23:00:00,1148.2,20160200,1148.2,20160200,1155.7,20151200
2015-10-30 23:00:00,1142.3,20160200,1142.3,20160200,1155.7,20151200
2015-11-02 12:03:08,1142.3,20160200,1142.3,20160200,1137.75,20151200
2015-11-02 13:03:32,1142.3,20160200,1142.3,20160200,1138.25,20151200
2015-11-02 14:11:49,1142.3,20160200,1142.3,20160200,1135.25,20151200
2015-11-02 15:15:40,1142.3,20160200,1142.3,20160200,1133.95,20151200
2015-11-02 16:16:05,1142.3,20160200,1142.3,20160200,1134.95,20151200
2015-11-02 17:16:36,1142.3,20160200,1142.3,20160200,1135.25,20151200
2015-11-02 18:17:04,1142.3,20160200,1142.3,20160200,1135.85,20151200
2015-11-02 19:18:23,1142.3,20160200,1142.3,20160200,1134.85,20151200
2015-11-02 23:00:00,1134.4,20160200,1134.4,20160200,1133.6,20151200
2015-11-03 12:03:08,1134.4,20160200,1134.4,20160200,1131.9,20151200
2015-11-03 13:03:35,1134.4,20160200,1134.4,20160200,1131.05,20151200
2015-11-03 14:11:49,1134.4,20160200,1134.4,20160200,1127.35,20151200
2015-11-03 15:17:01,1134.4,20160200,1134.4,20160200,1122.3000000000004,20151200
2015-11-03 16:17:26,1134.4,20160200,1134.4,20160200,1123.95,20151200
2015-11-03 17:17:55,1134.4,20160200,1134.4,20160200,1118.15,20151200
2015-11-03 18:18:24,1134.4,20160200,1134.4,20160200,1115.15,20151200
2015-11-03 19:23:45,1134.4,20160200,1134.4,20160200,1115.35,20151200
2015-11-03 23:00:00,1117.4,20160200,1117.4,20160200,1117.4,20151200
2015-11-04 12:11:32,1117.4,20160200,1117.4,20160200,1118.55,20151200
2015-11-04 13:12:01,1117.4,20160200,1117.4,20160200,1119.9,20151200
2015-11-04 14:24:12,1117.4,20160200,1117.4,20160200,1117.95,20151200
2015-11-04 15:42:50,1117.4,20160200,1117.4,20160200,1114.55,20151200
2015-11-04 16:43:14,1117.4,20160200,1117.4,20160200,1113.55,20151200
2015-11-04 17:43:39,1117.4,20160200,1117.4,20160200,1111.15,20151200
2015-11-04 18:44:03,1117.4,20160200,1117.4,20160200,1106.95,20151200
2015-11-04 23:00:00,1107.4,20160200,1107.4,20160200,1107.2,20151200
2015-11-05 12:12:08,1107.4,20160200,1107.4,20160200,1107.45,20151200
2015-11-05 13:12:37,1107.4,20160200,1107.4,20160200,1106.75,20151200
2015-11-05 14:25:02,1107.4,20160200,1107.4,20160200,1106.85,20151200
2015-11-05 15:47:58,1107.4,20160200,1107.4,20160200,1106.25,20151200
2015-11-05 16:48:22,1107.4,20160200,1107.4,20160200,1105.5,20151200
2015-11-05 17:48:47,1107.4,20160200,1107.4,20160200,1105.65,20151200
2015-11-05 18:49:12,1107.4,20160200,1107.4,20160200,1105.0,20151200
2015-11-05 23:00:00,1103.4,20160200,1103.4,20160200,1103.2,20151200
2015-11-06 12:09:09,1103.4,20160200,1103.4,20160200,1107.95,20151200
2015-11-06 13:09:38,1103.4,20160200,1103.4,20160200,1107.5,20151200
2015-11-06 14:21:20,1103.4,20160200,1103.4,20160200,1085.55,20151200
2015-11-06 15:37:45,1103.4,20160200,1103.4,20160200,1086.55,20151200
2015-11-06 16:38:27,1103.4,20160200,1103.4,20160200,1086.65,20151200
2015-11-06 17:38:53,1103.4,20160200,1103.4,20160200,1087.5,20151200
2015-11-06 18:39:22,1103.4,20160200,1103.4,20160200,1089.55,20151200
2015-11-06 23:00:00,1087.7,20160200,1087.7,20160200,1087.6,20151200
2015-11-09 12:06:44,1087.7,20160200,1087.7,20160200,1091.85,20151200
2015-11-09 13:07:14,1087.7,20160200,1087.7,20160200,1092.95,20151200
2015-11-09 14:19:55,1087.7,20160200,1087.7,20160200,1089.75,20151200
2015-11-09 15:35:30,1087.7,20160200,1087.7,20160200,1088.45,20151200
2015-11-09 16:36:24,1087.7,20160200,1087.7,20160200,1088.65,20151200
2015-11-09 17:37:07,1087.7,20160200,1087.7,20160200,1088.4,20151200
2015-11-09 18:37:32,1087.7,20160200,1087.7,20160200,1089.05,20151200
2015-11-09 19:37:57,1087.7,20160200,1087.7,20160200,1089.05,20151200
2015-11-09 23:00:00,1091.6,20160200,1091.6,20160200,1090.7,20151200
2015-11-10 12:08:57,1091.6,20160200,1091.6,20160200,1092.15,20151200
2015-11-10 13:09:27,1091.6,20160200,1091.6,20160200,1093.05,20151200
2015-11-10 14:21:35,1091.6,20160200,1091.6,20160200,1087.55,20151200
2015-11-10 15:49:32,1091.6,20160200,1091.6,20160200,1087.35,20151200
2015-11-10 16:50:00,1091.6,20160200,1091.6,20160200,1089.95,20151200
2015-11-10 17:50:25,1091.6,20160200,1091.6,20160200,1089.65,20151200
2015-11-10 18:50:50,1091.6,20160200,1091.6,20160200,1088.8000000000004,20151200
2015-11-10 23:00:00,1088.3,20160200,1088.3,20160200,1086.9,20151200
2015-11-11 12:11:21,1088.3,20160200,1088.3,20160200,1087.05,20151200
2015-11-11 13:11:52,1088.3,20160200,1088.3,20160200,1087.85,20151200
2015-11-11 14:24:16,1088.3,20160200,1088.3,20160200,1087.25,20151200
2015-11-11 16:25:20,1088.3,20160200,1088.3,20160200,1086.15,20151200
2015-11-11 17:25:44,1088.3,20160200,1088.3,20160200,1086.8000000000004,20151200
2015-11-11 18:26:10,1088.3,20160200,1088.3,20160200,1084.15,20151200
2015-11-11 19:26:39,1088.3,20160200,1088.3,20160200,1085.35,20151200
2015-11-11 23:00:00,1083.9,20160200,1083.9,20160200,1084.5,20151200
2015-11-12 12:06:16,1083.9,20160200,1083.9,20160200,1085.95,20151200
2015-11-12 13:06:43,1083.9,20160200,1083.9,20160200,1084.15,20151200
2015-11-12 14:19:16,1083.9,20160200,1083.9,20160200,1081.25,20151200
2015-11-12 16:02:54,1083.9,20160200,1083.9,20160200,1081.5,20151200
2015-11-12 17:03:19,1083.9,20160200,1083.9,20160200,1078.6999999999996,20151200
2015-11-12 18:03:44,1083.9,20160200,1083.9,20160200,1080.85,20151200
2015-11-12 19:04:08,1083.9,20160200,1083.9,20160200,1081.25,20151200
2015-11-12 23:00:00,1083.7,20160200,1083.7,20160200,1083.0,20151200
2015-11-13 12:08:09,1083.7,20160200,1083.7,20160200,1087.15,20151200
2015-11-13 13:08:48,1083.7,20160200,1083.7,20160200,1085.65,20151200
2015-11-13 14:11:53,1083.7,20160200,1083.7,20160200,1082.15,20151200
2015-11-13 15:15:50,1083.7,20160200,1083.7,20160200,1081.45,20151200
2015-11-13 17:00:56,1083.7,20160200,1083.7,20160200,1082.15,20151200
2015-11-13 18:01:21,1083.7,20160200,1083.7,20160200,1081.15,20151200
2015-11-13 19:01:54,1083.7,20160200,1083.7,20160200,1080.85,20151200
2015-11-13 23:00:00,1081.6,20160200,1081.6,20160200,1081.2,20151200
2015-11-16 12:06:20,1081.6,20160200,1081.6,20160200,1090.9,20151200
2015-11-16 13:06:50,1081.6,20160200,1081.6,20160200,1090.85,20151200
2015-11-16 14:19:34,1081.6,20160200,1081.6,20160200,1086.75,20151200
2015-11-16 16:56:23,1081.6,20160200,1081.6,20160200,1084.45,20151200
2015-11-16 17:56:49,1081.6,20160200,1081.6,20160200,1084.4,20151200
2015-11-16 18:57:35,1081.6,20160200,1081.6,20160200,1084.05,20151200
2015-11-16 23:00:00,1082.2,20160200,1082.2,20160200,1081.5,20151200
2015-11-17 12:06:53,1082.2,20160200,1082.2,20160200,1078.6999999999996,20151200
2015-11-17 13:07:25,1082.2,20160200,1082.2,20160200,1077.75,20151200
2015-11-17 14:20:05,1082.2,20160200,1082.2,20160200,1078.55,20151200
2015-11-17 15:20:30,1082.2,20160200,1082.2,20160200,1078.85,20151200
2015-11-17 16:35:26,1082.2,20160200,1082.2,20160200,1074.65,20151200
2015-11-17 17:36:02,1082.2,20160200,1082.2,20160200,1066.45,20151200
2015-11-17 18:36:28,1082.2,20160200,1082.2,20160200,1068.05,20151200
2015-11-17 19:37:02,1082.2,20160200,1082.2,20160200,1069.3000000000004,20151200
2015-11-17 23:00:00,1070.7,20160200,1070.7,20160200,1069.9,20151200
2015-11-18 12:19:13,1070.7,20160200,1070.7,20160200,1068.65,20151200
2015-11-18 13:19:43,1070.7,20160200,1070.7,20160200,1069.25,20151200
2015-11-18 14:30:27,1070.7,20160200,1070.7,20160200,1067.25,20151200
2015-11-18 15:31:34,1070.7,20160200,1070.7,20160200,1067.8000000000004,20151200
2015-11-18 17:29:52,1070.7,20160200,1070.7,20160200,1067.15,20151200
2015-11-18 18:30:33,1070.7,20160200,1070.7,20160200,1067.75,20151200
2015-11-18 19:31:05,1070.7,20160200,1070.7,20160200,1067.85,20151200
2015-11-18 23:00:00,1071.3,20160200,1071.3,20160200,1070.6,20151200
2015-11-19 12:33:38,1071.3,20160200,1071.3,20160200,1072.85,20151200
2015-11-19 13:34:06,1071.3,20160200,1071.3,20160200,1071.95,20151200
2015-11-19 14:34:31,1071.3,20160200,1071.3,20160200,1070.15,20151200
2015-11-19 15:36:22,1071.3,20160200,1071.3,20160200,1080.25,20151200
2015-11-19 17:35:47,1071.3,20160200,1071.3,20160200,1083.15,20151200
2015-11-19 18:36:13,1071.3,20160200,1071.3,20160200,1079.35,20151200
2015-11-19 19:36:45,1071.3,20160200,1071.3,20160200,1077.95,20151200
2015-11-19 23:00:00,1081.6,20160200,1081.6,20160200,1081.3,20151200
2015-11-20 12:44:14,1081.6,20160200,1081.6,20160200,1083.75,20151200
2015-11-20 13:44:46,1081.6,20160200,1081.6,20160200,1083.65,20151200
2015-11-20 14:45:12,1081.6,20160200,1081.6,20160200,1081.05,20151200
2015-11-20 15:45:39,1081.6,20160200,1081.6,20160200,1079.85,20151200
2015-11-20 17:49:29,1081.6,20160200,1081.6,20160200,1076.25,20151200
2015-11-20 18:49:54,1081.6,20160200,1081.6,20160200,1076.75,20151200
2015-11-20 23:00:00,1075.0,20160200,1075.0,20160200,1075.1,20151200
2015-11-23 12:09:08,1075.0,20160200,1075.0,20160200,1069.8000000000004,20151200
2015-11-23 13:09:41,1075.0,20160200,1075.0,20160200,1070.45,20151200
2015-11-23 14:22:38,1075.0,20160200,1075.0,20160200,1070.1999999999996,20151200
2015-11-23 15:23:11,1075.0,20160200,1075.0,20160200,1069.25,20151200
2015-11-23 16:36:21,1075.0,20160200,1075.0,20160200,1067.9,20151200
2015-11-23 17:36:45,1075.0,20160200,1075.0,20160200,1068.85,20151200
2015-11-23 18:37:11,1075.0,20160200,1075.0,20160200,1066.65,20151200
2015-11-23 19:37:36,1075.0,20160200,1075.0,20160200,1066.95,20151200
2015-11-23 23:00:00,1068.2,20160200,1068.2,20160200,1069.2,20151200
2015-11-24 12:08:17,1068.2,20160200,1068.2,20160200,1073.85,20151200
2015-11-24 14:33:57,1068.2,20160200,1068.2,20160200,1077.1,20151200
2015-11-24 16:00:05,1068.2,20160200,1068.2,20160200,1074.25,20151200
2015-11-24 17:19:39,1068.2,20160200,1068.2,20160200,1075.65,20151200
2015-11-24 23:00:00,1074.8,20160200,1074.8,20160200,1075.2,20151200
2015-11-25 12:17:11,1074.8,20160200,1074.8,20160200,1072.85,20151200
2015-11-25 14:58:28,1074.8,20160200,1074.8,20160200,1068.75,20151200
2015-11-25 16:28:26,1074.8,20160200,1074.8,20160200,1070.75,20151200
2015-11-25 17:35:05,1074.8,20160200,1074.8,20160200,1071.25,20151200
2015-11-25 23:00:00,1070.5,20160200,1070.5,20160200,1070.7,20151200
2015-11-26 12:13:54,1070.5,20160200,1070.5,20160200,1071.3000000000004,20151200
2015-11-26 15:53:11,1070.5,20160200,1070.5,20160200,1070.35,20151200
2015-11-26 17:17:58,1070.5,20160200,1070.5,20160200,1070.3000000000004,20151200
2015-11-26 18:21:07,1070.5,20160200,1070.5,20160200,1070.55,20151200
2015-11-27 12:13:24,1070.5,20160200,1070.5,20160200,1064.4,20151200
2015-11-27 15:49:35,1070.5,20160200,1070.5,20160200,1056.35,20151200
2015-11-27 17:16:40,1070.5,20160200,1070.5,20160200,1056.8000000000004,20151200
2015-11-27 18:24:24,1070.5,20160200,1070.5,20160200,1057.25,20151200
2015-11-27 23:00:00,1056.1,20160200,1056.1,20160200,1055.9,20151200
2015-11-30 13:12:04,1056.1,20160200,1056.1,20160200,1058.0,20151200
2015-11-30 14:18:41,1056.1,20160200,1056.1,20160200,1058.9,20151200
2015-11-30 15:45:37,1056.1,20160200,1056.1,20160200,1062.6999999999996,20151200
2015-11-30 18:18:34,1056.1,20160200,1056.1,20160200,1065.6,20151200
2015-11-30 19:20:41,1056.1,20160200,1056.1,20160200,1067.6,20151200
2015-11-30 23:00:00,1064.0,20160200,1064.0,20160200,1064.1,20151200
2015-12-01 23:00:00,1068.9,20160400,1068.9,20160400,1068.0,20160200
2015-12-02 23:00:00,1051.5,20160400,1051.5,20160400,1052.5,20160200
2015-12-03 12:05:38,1051.5,20160400,1051.5,20160400,1049.25,20160200
2015-12-03 14:36:54,1051.5,20160400,1051.5,20160400,1057.3000000000004,20160200
2015-12-03 16:01:35,1051.5,20160400,1051.5,20160400,1055.25,20160200
2015-12-03 17:19:06,1051.5,20160400,1051.5,20160400,1058.85,20160200
2015-12-03 23:00:00,1061.9,20160400,1061.9,20160400,1061.3,20160200
2015-12-04 12:22:22,1061.9,20160400,1061.9,20160400,1060.95,20160200
2015-12-04 15:04:00,1061.9,20160400,1061.9,20160400,1078.85,20160200
2015-12-04 16:30:02,1061.9,20160400,1061.9,20160400,1086.6999999999996,20160200
2015-12-04 17:37:20,1061.9,20160400,1061.9,20160400,1083.6999999999996,20160200
2015-12-04 19:37:33,1061.9,20160400,1061.9,20160400,1083.9,20160200
2015-12-04 23:00:00,1088.0,20160400,1088.0,20160400,1086.4,20160200
2015-12-07 13:17:34,1088.0,20160400,1088.0,20160400,1080.95,20160200
2015-12-07 14:30:34,1088.0,20160400,1088.0,20160400,1078.75,20160200
2015-12-07 15:57:56,1088.0,20160400,1088.0,20160400,1076.25,20160200
2015-12-07 18:20:31,1088.0,20160400,1088.0,20160400,1076.15,20160200
2015-12-07 19:22:15,1088.0,20160400,1088.0,20160400,1074.25,20160200
2015-12-07 23:00:00,1069.0,20160400,1069.0,20160400,1070.7,20160200
2015-12-08 13:15:23,1069.0,20160400,1069.0,20160400,1068.8000000000004,20160200
2015-12-08 14:23:08,1069.0,20160400,1069.0,20160400,1077.1999999999996,20160200
2015-12-08 15:50:55,1069.0,20160400,1069.0,20160400,1074.45,20160200
2015-12-08 18:31:05,1069.0,20160400,1069.0,20160400,1075.25,20160200
2015-12-08 19:32:31,1069.0,20160400,1069.0,20160400,1073.15,20160200
2015-12-08 23:00:00,1074.6,20160400,1074.6,20160400,1074.1,20160200
2015-12-09 12:15:42,1074.6,20160400,1074.6,20160400,1078.0,20160200
2015-12-09 14:53:48,1074.6,20160400,1074.6,20160400,1080.55,20160200
2015-12-09 16:20:11,1074.6,20160400,1074.6,20160400,1072.55,20160200
2015-12-09 17:31:19,1074.6,20160400,1074.6,20160400,1073.6999999999996,20160200
2015-12-09 19:32:44,1074.6,20160400,1074.6,20160400,1073.45,20160200
2015-12-09 23:00:00,1073.0,20160400,1073.0,20160400,1072.2,20160200
2015-12-10 12:15:26,1073.0,20160400,1073.0,20160400,1073.4,20160200
2015-12-10 15:03:17,1073.0,20160400,1073.0,20160400,1071.15,20160200
2015-12-10 16:26:46,1073.0,20160400,1073.0,20160400,1073.25,20160200
2015-12-10 17:33:32,1073.0,20160400,1073.0,20160400,1071.3000000000004,20160200
2015-12-10 23:00:00,1071.8,20160400,1071.8,20160400,1071.0,20160200
2015-12-11 12:35:25,1071.8,20160400,1071.8,20160400,1063.85,20160200
2015-12-11 15:26:53,1071.8,20160400,1071.8,20160400,1074.25,20160200
2015-12-11 16:55:26,1071.8,20160400,1071.8,20160400,1075.65,20160200
2015-12-11 19:25:41,1071.8,20160400,1071.8,20160400,1079.05,20160200
2015-12-11 23:00:00,1075.7,20160400,1075.7,20160400,1074.5,20160200
2015-12-14 12:07:03,1075.7,20160400,1075.7,20160400,1069.65,20160200
2015-12-14 13:07:37,1075.7,20160400,1075.7,20160400,1067.35,20160200
2015-12-14 14:20:16,1075.7,20160400,1075.7,20160400,1072.35,20160200
2015-12-14 15:20:43,1075.7,20160400,1075.7,20160400,1069.05,20160200
2015-12-14 17:01:04,1075.7,20160400,1075.7,20160400,1067.35,20160200
2015-12-14 18:01:39,1075.7,20160400,1075.7,20160400,1063.05,20160200
2015-12-14 19:02:05,1075.7,20160400,1075.7,20160400,1063.95,20160200
2015-12-14 23:00:00,1064.0,20160400,1064.0,20160400,1063.0,20160200
2015-12-15 12:33:40,1064.0,20160400,1064.0,20160400,1062.1999999999996,20160200
2015-12-15 19:03:13,1064.0,20160400,1064.0,20160400,1062.0,20160200
2015-12-15 23:00:00,1062.3,20160400,1062.3,20160400,1061.6,20160200
2015-12-16 12:43:26,1062.3,20160400,1062.3,20160400,1064.15,20160200
2015-12-16 19:10:06,1062.3,20160400,1062.3,20160400,1066.85,20160200
2015-12-16 23:00:00,1077.6,20160400,1077.6,20160400,1076.8,20160200
2015-12-17 13:19:36,1077.6,20160400,1077.6,20160400,1065.05,20160200
2015-12-17 19:21:41,1077.6,20160400,1077.6,20160400,1050.6,20160200
2015-12-17 23:00:00,1050.3,20160400,1050.3,20160400,1049.6,20160200
2015-12-18 17:03:10,1050.3,20160400,1050.3,20160400,1065.95,20160200
2015-12-18 19:42:02,1050.3,20160400,1050.3,20160400,1064.6,20160200
2015-12-18 23:00:00,1065.7,20160400,1065.7,20160400,1065.0,20160200
2015-12-21 12:06:16,1065.7,20160400,1065.7,20160400,1071.45,20160200
2015-12-21 13:06:48,1065.7,20160400,1065.7,20160400,1066.8000000000004,20160200
2015-12-21 14:13:37,1065.7,20160400,1065.7,20160400,1073.25,20160200
2015-12-21 15:14:03,1065.7,20160400,1065.7,20160400,1077.45,20160200
2015-12-21 16:14:36,1065.7,20160400,1065.7,20160400,1078.75,20160200
2015-12-21 17:15:16,1065.7,20160400,1065.7,20160400,1079.35,20160200
2015-12-21 18:49:24,1065.7,20160400,1065.7,20160400,1078.4,20160200
2015-12-21 23:00:00,1078.2,20160400,1078.2,20160400,1077.4,20160200
2015-12-22 12:10:04,1078.2,20160400,1078.2,20160400,1077.45,20160200
2015-12-22 13:10:42,1078.2,20160400,1078.2,20160400,1079.15,20160200
2015-12-22 14:18:24,1078.2,20160400,1078.2,20160400,1075.15,20160200
2015-12-22 16:11:00,1078.2,20160400,1078.2,20160400,1075.4,20160200
2015-12-22 17:11:27,1078.2,20160400,1078.2,20160400,1074.85,20160200
2015-12-22 18:11:58,1078.2,20160400,1078.2,20160400,1073.45,20160200
2015-12-22 19:12:35,1078.2,20160400,1078.2,20160400,1072.6,20160200
2015-12-22 23:00:00,1072.7,20160400,1072.7,20160400,1072.1,20160200
2015-12-23 12:04:24,1072.7,20160400,1072.7,20160400,1073.15,20160200
2015-12-23 13:04:56,1072.7,20160400,1072.7,20160400,1072.55,20160200
2015-12-23 14:17:43,1072.7,20160400,1072.7,20160400,1069.65,20160200
2015-12-23 15:18:09,1072.7,20160400,1072.7,20160400,1070.65,20160200
2015-12-23 16:58:49,1072.7,20160400,1072.7,20160400,1068.95,20160200
2015-12-23 17:59:22,1072.7,20160400,1072.7,20160400,1068.75,20160200
2015-12-23 18:59:58,1072.7,20160400,1072.7,20160400,1068.55,20160200
2015-12-23 23:00:00,1069.0,20160400,1069.0,20160400,1068.55,20160200
2015-12-24 16:35:34,1069.0,20160400,1069.0,20160400,1075.25,20160200
2015-12-24 23:00:00,1076.3,20160400,1076.3,20160400,1075.8,20160200
2015-12-28 12:35:48,1076.3,20160400,1076.3,20160400,1071.1999999999996,20160200
2015-12-28 13:36:16,1076.3,20160400,1076.3,20160400,1070.55,20160200
2015-12-28 14:43:20,1076.3,20160400,1076.3,20160400,1070.75,20160200
2015-12-28 15:44:46,1076.3,20160400,1076.3,20160400,1069.35,20160200
2015-12-28 17:04:15,1076.3,20160400,1076.3,20160400,1069.45,20160200
2015-12-28 18:04:42,1076.3,20160400,1076.3,20160400,1069.1,20160200
2015-12-28 19:05:14,1076.3,20160400,1076.3,20160400,1066.25,20160200
2015-12-28 23:00:00,1068.8,20160400,1068.8,20160400,1067.9,20160200
2015-12-29 12:13:45,1068.8,20160400,1068.8,20160400,1068.8000000000004,20160200
2015-12-29 13:14:15,1068.8,20160400,1068.8,20160400,1070.95,20160200
2015-12-29 14:25:56,1068.8,20160400,1068.8,20160400,1071.4,20160200
2015-12-29 16:23:38,1068.8,20160400,1068.8,20160400,1068.05,20160200
2015-12-29 17:24:13,1068.8,20160400,1068.8,20160400,1068.15,20160200
2015-12-29 18:24:39,1068.8,20160400,1068.8,20160400,1067.95,20160200
2015-12-29 19:25:15,1068.8,20160400,1068.8,20160400,1068.25,20160200
2015-12-29 23:00:00,1068.2,20160400,1068.2,20160400,1067.7,20160200
2015-12-30 12:06:42,1068.2,20160400,1068.2,20160400,1067.45,20160200
2015-12-30 13:07:14,1068.2,20160400,1068.2,20160400,1068.6999999999996,20160200
2015-12-30 14:19:30,1068.2,20160400,1068.2,20160400,1060.75,20160200
2015-12-30 15:19:56,1068.2,20160400,1068.2,20160400,1058.85,20160200
2015-12-30 16:59:01,1068.2,20160400,1068.2,20160400,1060.35,20160200
2015-12-30 17:59:29,1068.2,20160400,1068.2,20160400,1059.45,20160200
2015-12-30 18:59:53,1068.2,20160400,1068.2,20160400,1059.95,20160200
2015-12-30 23:00:00,1060.6,20160400,1060.6,20160400,1059.9,20160200
2015-12-31 12:07:44,1060.6,20160400,1060.6,20160400,1060.35,20160200
2015-12-31 13:12:01,1060.6,20160400,1060.6,20160400,1058.45,20160200
2015-12-31 14:17:56,1060.6,20160400,1060.6,20160400,1060.45,20160200
2015-12-31 15:21:50,1060.6,20160400,1060.6,20160400,1060.95,20160200
2015-12-31 17:14:17,1060.6,20160400,1060.6,20160400,1059.6,20160200
2015-12-31 18:14:51,1060.6,20160400,1060.6,20160400,1061.3000000000004,20160200
2015-12-31 19:15:24,1060.6,20160400,1060.6,20160400,1059.75,20160200
2015-12-31 23:00:00,1060.4,20160400,1060.4,20160400,1059.4,20160200
2016-01-04 12:33:09,1060.4,20160400,1060.4,20160400,1070.95,20160200
2016-01-04 13:33:36,1060.4,20160400,1060.4,20160400,1071.45,20160200
2016-01-04 14:46:29,1060.4,20160400,1060.4,20160400,1077.35,20160200
2016-01-04 16:23:28,1060.4,20160400,1060.4,20160400,1077.55,20160200
2016-01-04 17:23:54,1060.4,20160400,1060.4,20160400,1070.75,20160200
2016-01-04 18:24:32,1060.4,20160400,1060.4,20160400,1074.75,20160200
2016-01-04 19:25:00,1060.4,20160400,1060.4,20160400,1074.6999999999996,20160200
2016-01-04 23:00:00,1074.9,20160400,1074.9,20160400,1074.2,20160200
2016-01-05 12:06:59,1074.9,20160400,1074.9,20160400,1079.35,20160200
2016-01-05 13:07:29,1074.9,20160400,1074.9,20160400,1079.95,20160200
2016-01-05 14:19:46,1074.9,20160400,1074.9,20160400,1076.95,20160200
2016-01-05 15:20:11,1074.9,20160400,1074.9,20160400,1077.35,20160200
2016-01-05 16:52:00,1074.9,20160400,1074.9,20160400,1078.75,20160200
2016-01-05 17:52:26,1074.9,20160400,1074.9,20160400,1079.45,20160200
2016-01-05 18:52:53,1074.9,20160400,1074.9,20160400,1078.05,20160200
2016-01-05 23:00:00,1078.4,20160400,1078.4,20160400,1078.0,20160200
2016-01-06 12:07:53,1078.4,20160400,1078.4,20160400,1084.75,20160200
2016-01-06 13:08:22,1078.4,20160400,1078.4,20160400,1086.05,20160200
2016-01-06 14:11:10,1078.4,20160400,1078.4,20160400,1086.05,20160200
2016-01-06 15:11:34,1078.4,20160400,1078.4,20160400,1088.95,20160200
2016-01-06 16:42:49,1078.4,20160400,1078.4,20160400,1089.65,20160200
2016-01-06 17:43:18,1078.4,20160400,1078.4,20160400,1090.75,20160200
2016-01-06 18:43:42,1078.4,20160400,1078.4,20160400,1092.65,20160200
2016-01-06 19:44:15,1078.4,20160400,1078.4,20160400,1092.85,20160200
2016-01-06 23:00:00,1094.1,20160400,1094.1,20160400,1092.9,20160200
2016-01-07 12:21:20,1094.1,20160400,1094.1,20160400,1098.75,20160200
2016-01-07 13:21:49,1094.1,20160400,1094.1,20160400,1102.75,20160200
2016-01-07 14:30:32,1094.1,20160400,1094.1,20160400,1106.75,20160200
2016-01-07 15:32:23,1094.1,20160400,1094.1,20160400,1103.1999999999996,20160200
2016-01-07 17:28:56,1094.1,20160400,1094.1,20160400,1107.85,20160200
2016-01-07 18:29:20,1094.1,20160400,1094.1,20160400,1107.95,20160200
2016-01-07 19:29:49,1094.1,20160400,1094.1,20160400,1109.15,20160200
2016-01-07 23:00:00,1108.9,20160400,1108.9,20160400,1108.5,20160200
2016-01-08 12:26:23,1108.9,20160400,1108.9,20160400,1100.35,20160200
2016-01-08 13:26:53,1108.9,20160400,1108.9,20160400,1097.6999999999996,20160200
2016-01-08 14:27:19,1108.9,20160400,1108.9,20160400,1102.25,20160200
2016-01-08 15:27:50,1108.9,20160400,1108.9,20160400,1102.1999999999996,20160200
2016-01-08 17:25:02,1108.9,20160400,1108.9,20160400,1100.35,20160200
2016-01-08 18:25:27,1108.9,20160400,1108.9,20160400,1098.35,20160200
2016-01-08 19:26:00,1108.9,20160400,1108.9,20160400,1099.9,20160200
2016-01-08 23:00:00,1104.1,20160400,1104.1,20160400,1103.5,20160200
2016-01-11 12:06:31,1104.1,20160400,1104.1,20160400,1103.05,20160200
2016-01-11 13:07:00,1104.1,20160400,1104.1,20160400,1104.55,20160200
2016-01-11 14:18:20,1104.1,20160400,1104.1,20160400,1102.45,20160200
2016-01-11 15:18:44,1104.1,20160400,1104.1,20160400,1098.55,20160200
2016-01-11 16:59:34,1104.1,20160400,1104.1,20160400,1098.05,20160200
2016-01-11 18:00:02,1104.1,20160400,1104.1,20160400,1098.95,20160200
2016-01-11 19:00:31,1104.1,20160400,1104.1,20160400,1096.4,20160200
2016-01-11 23:00:00,1095.1,20160400,1095.1,20160400,1095.1,20160200
2016-01-12 12:09:13,1095.1,20160400,1095.1,20160400,1091.75,20160200
2016-01-12 13:10:01,1095.1,20160400,1095.1,20160400,1085.25,20160200
2016-01-12 14:24:09,1095.1,20160400,1095.1,20160400,1087.1,20160200
2016-01-12 15:24:38,1095.1,20160400,1095.1,20160400,1087.15,20160200
2016-01-12 17:06:19,1095.1,20160400,1095.1,20160400,1085.1999999999996,20160200
2016-01-12 18:06:55,1095.1,20160400,1095.1,20160400,1085.6,20160200
2016-01-12 19:07:27,1095.1,20160400,1095.1,20160400,1087.15,20160200
2016-01-12 23:00:00,1089.3,20160400,1089.3,20160400,1089.4,20160200
2016-01-13 12:25:18,1089.3,20160400,1089.3,20160400,1081.3000000000004,20160200
2016-01-13 13:25:49,1089.3,20160400,1089.3,20160400,1080.55,20160200
2016-01-13 14:26:13,1089.3,20160400,1089.3,20160400,1084.95,20160200
2016-01-13 15:26:38,1089.3,20160400,1089.3,20160400,1086.25,20160200
2016-01-13 17:30:09,1089.3,20160400,1089.3,20160400,1090.25,20160200
2016-01-13 18:30:35,1089.3,20160400,1089.3,20160400,1086.85,20160200
2016-01-13 19:31:16,1089.3,20160400,1089.3,20160400,1094.25,20160200
2016-01-13 23:00:00,1094.0,20160400,1094.0,20160400,1093.4,20160200
2016-01-14 12:47:35,1094.0,20160400,1094.0,20160400,1087.25,20160200
2016-01-14 13:48:04,1094.0,20160400,1094.0,20160400,1085.15,20160200
2016-01-14 14:48:29,1094.0,20160400,1094.0,20160400,1085.75,20160200
2016-01-14 15:48:56,1094.0,20160400,1094.0,20160400,1082.75,20160200
2016-01-14 17:53:59,1094.0,20160400,1094.0,20160400,1077.35,20160200
2016-01-14 18:54:24,1094.0,20160400,1094.0,20160400,1072.75,20160200
2016-01-14 23:00:00,1076.6,20160400,1076.6,20160400,1076.5,20160200
2016-01-15 12:46:24,1076.6,20160400,1076.6,20160400,1083.95,20160200
2016-01-15 13:46:57,1076.6,20160400,1076.6,20160400,1092.95,20160200
2016-01-15 14:47:23,1076.6,20160400,1076.6,20160400,1091.75,20160200
2016-01-15 15:47:47,1076.6,20160400,1076.6,20160400,1088.75,20160200
2016-01-15 18:05:59,1076.6,20160400,1076.6,20160400,1090.05,20160200
2016-01-15 19:06:30,1076.6,20160400,1076.6,20160400,1090.05,20160200
2016-01-15 23:00:00,1088.4,20160400,1088.4,20160400,1088.4,20160200
2016-01-18 12:17:16,1088.4,20160400,1088.4,20160400,1089.8000000000004,20160200
2016-01-18 13:18:22,1088.4,20160400,1088.4,20160400,1089.75,20160200
2016-01-18 14:28:30,1088.4,20160400,1088.4,20160400,1090.45,20160200
2016-01-18 15:28:56,1088.4,20160400,1088.4,20160400,1089.05,20160200
2016-01-18 16:47:18,1088.4,20160400,1088.4,20160400,1088.8000000000004,20160200
2016-01-18 17:48:20,1088.4,20160400,1088.4,20160400,1089.35,20160200
2016-01-18 18:48:49,1088.4,20160400,1088.4,20160400,1089.0,20160200
2016-01-19 12:17:29,1088.4,20160400,1088.4,20160400,1086.85,20160200
2016-01-19 13:18:19,1088.4,20160400,1088.4,20160400,1084.95,20160200
2016-01-19 14:27:23,1088.4,20160400,1088.4,20160400,1085.85,20160200
2016-01-19 15:28:11,1088.4,20160400,1088.4,20160400,1086.75,20160200
2016-01-19 16:52:51,1088.4,20160400,1088.4,20160400,1086.45,20160200
2016-01-19 17:53:16,1088.4,20160400,1088.4,20160400,1086.4,20160200
2016-01-19 18:53:42,1088.4,20160400,1088.4,20160400,1089.15,20160200
2016-01-19 23:00:00,1087.0,20160400,1087.0,20160400,1087.2,20160200
2016-01-20 12:26:33,1087.0,20160400,1087.0,20160400,1094.65,20160200
2016-01-20 13:27:02,1087.0,20160400,1087.0,20160400,1098.75,20160200
2016-01-20 14:27:28,1087.0,20160400,1087.0,20160400,1101.45,20160200
2016-01-20 15:27:52,1087.0,20160400,1087.0,20160400,1101.05,20160200
2016-01-20 17:30:37,1087.0,20160400,1087.0,20160400,1103.85,20160200
2016-01-20 18:31:11,1087.0,20160400,1087.0,20160400,1107.35,20160200
2016-01-20 19:31:41,1087.0,20160400,1087.0,20160400,1104.6,20160200
2016-01-20 23:00:00,1100.0,20160400,1100.0,20160400,1100.2,20160200
2016-01-21 12:35:47,1100.0,20160400,1100.0,20160400,1099.45,20160200
2016-01-21 13:36:20,1100.0,20160400,1100.0,20160400,1100.25,20160200
2016-01-21 14:36:46,1100.0,20160400,1100.0,20160400,1096.5,20160200
2016-01-21 15:37:15,1100.0,20160400,1100.0,20160400,1096.75,20160200
2016-01-21 17:40:34,1100.0,20160400,1100.0,20160400,1094.25,20160200
2016-01-21 18:41:00,1100.0,20160400,1100.0,20160400,1094.95,20160200
2016-01-21 19:41:24,1100.0,20160400,1100.0,20160400,1101.0,20160200
2016-01-21 23:00:00,1100.8,20160400,1100.8,20160400,1101.0,20160200
2016-01-22 12:45:51,1100.8,20160400,1100.8,20160400,1098.5,20160200
2016-01-22 13:46:20,1100.8,20160400,1100.8,20160400,1097.95,20160200
2016-01-22 14:46:45,1100.8,20160400,1100.8,20160400,1095.4,20160200
2016-01-22 15:47:20,1100.8,20160400,1100.8,20160400,1097.15,20160200
2016-01-22 17:51:29,1100.8,20160400,1100.8,20160400,1099.05,20160200
2016-01-22 18:52:01,1100.8,20160400,1100.8,20160400,1097.75,20160200
2016-01-22 23:00:00,1097.6,20160400,1097.6,20160400,1097.4,20160200
2016-01-25 12:04:57,1097.6,20160400,1097.6,20160400,1106.95,20160200
2016-01-25 13:05:28,1097.6,20160400,1097.6,20160400,1104.1,20160200
2016-01-25 14:19:42,1097.6,20160400,1097.6,20160400,1107.45,20160200
2016-01-25 15:20:09,1097.6,20160400,1097.6,20160400,1106.45,20160200
2016-01-25 16:55:19,1097.6,20160400,1097.6,20160400,1107.55,20160200
2016-01-25 17:55:53,1097.6,20160400,1097.6,20160400,1106.05,20160200
2016-01-25 18:56:18,1097.6,20160400,1097.6,20160400,1105.55,20160200
2016-01-25 23:00:00,1109.2,20160400,1109.2,20160400,1108.8,20160200
2016-01-26 12:22:14,1109.2,20160400,1109.2,20160400,1112.9,20160200
2016-01-26 13:23:07,1109.2,20160400,1109.2,20160400,1112.55,20160200
2016-01-26 14:29:42,1109.2,20160400,1109.2,20160400,1111.5,20160200
2016-01-26 15:30:20,1109.2,20160400,1109.2,20160400,1115.85,20160200
2016-01-26 16:57:37,1109.2,20160400,1109.2,20160400,1118.05,20160200
2016-01-26 17:58:00,1109.2,20160400,1109.2,20160400,1118.65,20160200
2016-01-26 18:58:24,1109.2,20160400,1109.2,20160400,1121.25,20160200
2016-01-26 23:00:00,1122.5,20160400,1122.5,20160400,1122.0,20160200
2016-01-27 12:24:04,1122.5,20160400,1122.5,20160400,1117.05,20160200
2016-01-27 13:24:35,1122.5,20160400,1122.5,20160400,1120.05,20160200
2016-01-27 14:25:02,1122.5,20160400,1122.5,20160400,1117.65,20160200
2016-01-27 15:25:29,1122.5,20160400,1122.5,20160400,1116.65,20160200
2016-01-27 17:27:53,1122.5,20160400,1122.5,20160400,1117.6999999999996,20160200
2016-01-27 18:28:18,1122.5,20160400,1122.5,20160400,1115.85,20160200
2016-01-27 19:28:49,1122.5,20160400,1122.5,20160400,1121.8000000000004,20160200
2016-01-27 23:00:00,1126.1,20160400,1126.1,20160400,1125.3,20160200
2016-01-28 12:50:02,1126.1,20160400,1126.1,20160400,1118.85,20160200
2016-01-28 13:50:32,1126.1,20160400,1126.1,20160400,1120.45,20160200
2016-01-28 14:50:56,1126.1,20160400,1126.1,20160400,1113.75,20160200
2016-01-28 15:51:27,1126.1,20160400,1126.1,20160400,1114.6,20160200
2016-01-28 17:56:00,1126.1,20160400,1126.1,20160400,1115.6,20160200
2016-01-28 18:56:36,1126.1,20160400,1126.1,20160400,1115.3000000000004,20160200
2016-01-28 23:00:00,1114.5,20160400,1114.5,20160400,1114.3,20160200
2016-01-29 12:46:20,1114.5,20160400,1114.5,20160400,1113.6999999999996,20160200
2016-01-29 13:46:52,1114.5,20160400,1114.5,20160400,1115.35,20160200
2016-01-29 14:47:16,1114.5,20160400,1114.5,20160400,1114.6999999999996,20160200
2016-01-29 15:47:43,1114.5,20160400,1114.5,20160400,1116.5,20160200
2016-01-29 18:09:05,1114.5,20160400,1114.5,20160400,1117.35,20160200
2016-01-29 19:09:30,1114.5,20160400,1114.5,20160400,1116.6,20160200
2016-01-29 23:00:00,1118.0,20160400,1118.0,20160400,1118.1,20160200
2016-02-01 23:00:00,1129.8,20160600,1129.8,20160600,1128.9,20160400
2016-02-02 23:00:00,1130.0,20160600,1130.0,20160600,1129.5,20160400
2016-02-03 23:00:00,1143.3,20160600,1143.3,20160600,1143.0,20160400
2016-02-04 23:00:00,1157.1,20160600,1157.1,20160600,1156.0,20160400
2016-02-05 12:44:18,1159.5500000000004,20160600,1159.5500000000004,20160600,1156.0,20160400
2016-02-05 13:44:49,1155.3000000000004,20160600,1155.3000000000004,20160600,1156.0,20160400
2016-02-05 14:45:15,1148.5,20160600,1148.5,20160600,1156.0,20160400
2016-02-05 15:45:39,1151.6999999999996,20160600,1151.6999999999996,20160600,1156.0,20160400
2016-02-05 18:06:31,1158.3000000000004,20160600,1158.3000000000004,20160600,1156.0,20160400
2016-02-05 19:07:07,1158.9,20160600,1158.9,20160600,1156.0,20160400
2016-02-05 23:00:00,1173.9,20160600,1173.9,20160600,1172.8,20160400
2016-02-08 12:20:08,1177.8000000000004,20160600,1177.8000000000004,20160600,1172.8,20160400
2016-02-08 13:20:39,1182.1,20160600,1182.1,20160600,1172.8,20160400
2016-02-08 14:31:14,1189.1999999999996,20160600,1189.1999999999996,20160600,1172.8,20160400
2016-02-08 15:31:46,1194.6,20160600,1194.6,20160600,1172.8,20160400
2016-02-08 16:50:19,1195.4499999999996,20160600,1195.4499999999996,20160600,1172.8,20160400
2016-02-08 17:50:43,1195.1,20160600,1195.1,20160600,1172.8,20160400
2016-02-08 18:51:10,1199.4,20160600,1199.4,20160600,1172.8,20160400
2016-02-08 23:00:00,1190.5,20160600,1190.5,20160600,1190.1,20160400
2016-02-09 12:07:39,1193.0500000000004,20160600,1193.0500000000004,20160600,1190.1,20160400
2016-02-09 13:08:40,1197.8000000000004,20160600,1197.8000000000004,20160600,1190.1,20160400
2016-02-09 14:22:12,1196.85,20160600,1196.85,20160600,1190.1,20160400
2016-02-09 15:22:45,1192.6999999999996,20160600,1192.6999999999996,20160600,1190.1,20160400
2016-02-09 17:03:46,1195.8000000000004,20160600,1195.8000000000004,20160600,1190.1,20160400
2016-02-09 18:04:12,1197.25,20160600,1197.25,20160600,1190.1,20160400
2016-02-09 19:04:45,1194.8000000000004,20160600,1194.8000000000004,20160600,1190.1,20160400
2016-02-09 23:00:00,1189.9,20160600,1189.9,20160600,1189.6,20160400
2016-02-10 12:26:37,1183.9,20160600,1183.9,20160600,1189.6,20160400
2016-02-10 13:27:11,1188.4,20160600,1188.4,20160600,1189.6,20160400
2016-02-10 14:27:36,1190.4,20160600,1190.4,20160600,1189.6,20160400
2016-02-10 15:28:02,1186.9,20160600,1186.9,20160600,1189.6,20160400
2016-02-10 17:29:43,1194.0,20160600,1194.0,20160600,1189.6,20160400
2016-02-10 18:30:09,1195.1,20160600,1195.1,20160600,1189.6,20160400
2016-02-10 19:30:34,1192.9,20160600,1192.9,20160600,1189.6,20160400
2016-02-10 23:00:00,1197.4,20160600,1197.4,20160600,1196.7,20160400
2016-02-11 12:48:12,1235.5,20160600,1235.5,20160600,1196.7,20160400
2016-02-11 13:48:43,1233.6,20160600,1233.6,20160600,1196.7,20160400
2016-02-11 14:49:10,1235.0,20160600,1235.0,20160600,1196.7,20160400
2016-02-11 15:49:45,1245.15,20160600,1245.15,20160600,1196.7,20160400
2016-02-11 18:06:04,1246.65,20160600,1246.65,20160600,1196.7,20160400
2016-02-11 19:06:29,1249.65,20160600,1249.65,20160600,1196.7,20160400
2016-02-11 23:00:00,1247.5,20160600,1247.5,20160600,1247.6,20160400
2016-02-12 12:44:23,1237.9,20160600,1237.9,20160600,1247.6,20160400
2016-02-12 13:45:04,1234.65,20160600,1234.65,20160600,1247.6,20160400
2016-02-12 14:45:30,1237.4,20160600,1237.4,20160600,1247.6,20160400
2016-02-12 15:45:59,1240.5,20160600,1240.5,20160600,1247.6,20160400
2016-02-12 18:00:36,1237.5,20160600,1237.5,20160600,1247.6,20160400
2016-02-12 19:01:02,1239.65,20160600,1239.65,20160600,1247.6,20160400
2016-02-12 23:00:00,1239.5,20160600,1239.5,20160600,1238.3,20160400
2016-02-15 12:14:09,1210.3000000000004,20160600,1210.3000000000004,20160600,1238.3,20160400
2016-02-15 13:14:50,1211.1999999999996,20160600,1211.1999999999996,20160600,1238.3,20160400
2016-02-15 14:24:37,1210.9,20160600,1210.9,20160600,1238.3,20160400
2016-02-15 15:25:09,1203.9,20160600,1203.9,20160600,1238.3,20160400
2016-02-15 16:45:12,1207.4,20160600,1207.4,20160600,1238.3,20160400
2016-02-15 17:45:54,1209.4,20160600,1209.4,20160600,1238.3,20160400
2016-02-15 18:47:00,1210.4,20160600,1210.4,20160600,1238.3,20160400
2016-02-16 12:18:53,1214.6,20160600,1214.6,20160600,1238.3,20160400
2016-02-16 13:19:22,1211.5,20160600,1211.5,20160600,1238.3,20160400
2016-02-16 14:32:10,1213.5,20160600,1213.5,20160600,1238.3,20160400
2016-02-16 15:33:59,1214.8000000000004,20160600,1214.8000000000004,20160600,1238.3,20160400
2016-02-16 17:16:14,1211.1,20160600,1211.1,20160600,1238.3,20160400
2016-02-16 18:16:53,1210.4,20160600,1210.4,20160600,1238.3,20160400
2016-02-16 19:17:29,1205.15,20160600,1205.15,20160600,1238.3,20160400
2016-02-16 23:00:00,1200.8,20160600,1200.8,20160600,1200.5,20160400
2016-02-17 12:27:59,1206.3000000000004,20160600,1206.3000000000004,20160600,1200.5,20160400
2016-02-17 13:28:29,1209.1999999999996,20160600,1209.1999999999996,20160600,1200.5,20160400
2016-02-17 14:28:53,1209.0,20160600,1209.0,20160600,1200.5,20160400
2016-02-17 15:29:21,1210.25,20160600,1210.25,20160600,1200.5,20160400
2016-02-17 17:32:23,1208.9499999999996,20160600,1208.9499999999996,20160600,1200.5,20160400
2016-02-17 18:32:53,1212.1,20160600,1212.1,20160600,1200.5,20160400
2016-02-17 19:33:19,1206.1999999999996,20160600,1206.1999999999996,20160600,1200.5,20160400
2016-02-17 23:00:00,1208.6,20160600,1208.6,20160600,1208.8,20160400
2016-02-18 12:44:38,1207.5,20160600,1207.5,20160600,1208.8,20160400
2016-02-18 13:45:07,1207.6999999999996,20160600,1207.6999999999996,20160600,1208.8,20160400
2016-02-18 14:45:31,1209.6999999999996,20160600,1209.6999999999996,20160600,1208.8,20160400
2016-02-18 15:45:59,1214.9,20160600,1214.9,20160600,1208.8,20160400
2016-02-18 18:03:57,1227.8000000000004,20160600,1227.8000000000004,20160600,1208.8,20160400
2016-02-18 19:04:33,1233.6,20160600,1233.6,20160600,1208.8,20160400
2016-02-18 23:00:00,1236.2,20160600,1236.2,20160600,1235.4,20160400
2016-02-19 12:45:23,1232.25,20160600,1232.25,20160600,1235.4,20160400
2016-02-19 13:45:52,1226.8000000000004,20160600,1226.8000000000004,20160600,1235.4,20160400
2016-02-19 14:46:16,1230.1999999999996,20160600,1230.1999999999996,20160600,1235.4,20160400
2016-02-19 15:47:00,1232.15,20160600,1232.15,20160600,1235.4,20160400
2016-02-19 18:04:40,1231.25,20160600,1231.25,20160600,1235.4,20160400
2016-02-19 19:05:09,1232.3000000000004,20160600,1232.3000000000004,20160600,1235.4,20160400
2016-02-19 23:00:00,1228.2,20160600,1228.2,20160600,1227.8,20160400
2016-02-22 12:04:34,1205.3000000000004,20160600,1205.3000000000004,20160600,1227.8,20160400
2016-02-22 13:05:01,1210.9,20160600,1210.9,20160600,1227.8,20160400
2016-02-22 14:18:34,1210.6999999999996,20160600,1210.6999999999996,20160600,1227.8,20160400
2016-02-22 15:18:58,1215.1999999999996,20160600,1215.1999999999996,20160600,1227.8,20160400
2016-02-22 16:56:16,1212.0500000000004,20160600,1212.0500000000004,20160600,1227.8,20160400
2016-02-22 17:56:41,1210.6999999999996,20160600,1210.6999999999996,20160600,1227.8,20160400
2016-02-22 18:57:16,1208.8000000000004,20160600,1208.8000000000004,20160600,1227.8,20160400
2016-02-22 23:00:00,1208.2,20160600,1208.2,20160600,1207.8,20160400
2016-02-23 12:08:44,1216.5,20160600,1216.5,20160600,1207.8,20160400
2016-02-23 13:09:23,1221.8000000000004,20160600,1221.8000000000004,20160600,1207.8,20160400
2016-02-23 14:22:44,1223.3000000000004,20160600,1223.3000000000004,20160600,1207.8,20160400
2016-02-23 15:23:12,1223.6999999999996,20160600,1223.6999999999996,20160600,1207.8,20160400
2016-02-23 17:05:23,1226.0,20160600,1226.0,20160600,1207.8,20160400
2016-02-23 18:05:57,1224.3000000000004,20160600,1224.3000000000004,20160600,1207.8,20160400
2016-02-23 19:06:23,1223.1999999999996,20160600,1223.1999999999996,20160600,1207.8,20160400
2016-02-23 23:00:00,1226.8,20160600,1226.8,20160600,1224.9,20160400
2016-02-24 12:36:16,1236.8000000000004,20160600,1236.8000000000004,20160600,1224.9,20160400
2016-02-24 13:36:46,1243.5,20160600,1243.5,20160600,1224.9,20160400
2016-02-24 14:37:12,1246.0,20160600,1246.0,20160600,1224.9,20160400
2016-02-24 15:39:01,1251.1,20160600,1251.1,20160600,1224.9,20160400
2016-02-24 17:42:13,1244.9,20160600,1244.9,20160600,1224.9,20160400
2016-02-24 18:42:58,1242.4,20160600,1242.4,20160600,1224.9,20160400
2016-02-24 19:43:25,1231.5,20160600,1231.5,20160600,1224.9,20160400
2016-02-24 23:00:00,1230.4,20160600,1230.4,20160600,1230.0,20160400
2016-02-25 12:49:59,1235.6,20160600,1235.6,20160600,1230.0,20160400
2016-02-25 13:50:29,1237.1,20160600,1237.1,20160600,1230.0,20160400
2016-02-25 14:50:55,1237.1,20160600,1237.1,20160600,1230.0,20160400
2016-02-25 15:51:21,1236.9,20160600,1236.9,20160600,1230.0,20160400
2016-02-25 18:12:21,1242.6,20160600,1242.6,20160600,1230.0,20160400
2016-02-25 19:13:09,1236.4,20160600,1236.4,20160600,1230.0,20160400
2016-02-25 23:00:00,1234.8,20160600,1234.8,20160600,1234.9,20160400
2016-02-26 12:52:57,1238.1,20160600,1238.1,20160600,1234.9,20160400
2016-02-26 13:53:29,1229.75,20160600,1229.75,20160600,1234.9,20160400
2016-02-26 14:53:56,1229.6999999999996,20160600,1229.6999999999996,20160600,1234.9,20160400
2016-02-26 15:54:21,1221.6,20160600,1221.6,20160600,1234.9,20160400
2016-02-26 18:12:55,1220.9499999999996,20160600,1220.9499999999996,20160600,1234.9,20160400
2016-02-26 19:13:44,1222.8000000000004,20160600,1222.8000000000004,20160600,1234.9,20160400
2016-02-26 23:00:00,1225.6,20160600,1225.6,20160600,1224.3,20160400
2016-02-29 12:06:59,1230.9,20160600,1230.9,20160600,1224.3,20160400
2016-02-29 13:07:41,1229.6999999999996,20160600,1229.6999999999996,20160600,1224.3,20160400
2016-02-29 14:22:07,1230.8000000000004,20160600,1230.8000000000004,20160600,1224.3,20160400
2016-02-29 15:22:30,1234.8000000000004,20160600,1234.8000000000004,20160600,1224.3,20160400
2016-02-29 16:58:44,1234.0500000000004,20160600,1234.0500000000004,20160600,1224.3,20160400
2016-02-29 17:59:14,1233.9,20160600,1233.9,20160600,1224.3,20160400
2016-02-29 18:59:48,1235.0500000000004,20160600,1235.0500000000004,20160600,1224.3,20160400
2016-02-29 23:00:00,1240.0,20160600,1240.0,20160600,1239.9,20160400
2016-03-01 12:09:46,1247.1,20160600,1247.1,20160600,1239.9,20160400
2016-03-01 13:10:35,1248.5,20160600,1248.5,20160600,1239.9,20160400
2016-03-01 14:25:01,1242.5,20160600,1242.5,20160600,1239.9,20160400
2016-03-01 15:25:38,1235.3000000000004,20160600,1235.3000000000004,20160600,1239.9,20160400
2016-03-01 17:07:27,1230.3000000000004,20160600,1230.3000000000004,20160600,1239.9,20160400
2016-03-01 18:08:08,1231.6999999999996,20160600,1231.6999999999996,20160600,1239.9,20160400
2016-03-01 19:08:34,1231.75,20160600,1231.75,20160600,1239.9,20160400
2016-03-01 23:00:00,1233.0,20160600,1233.0,20160600,1232.0,20160400
2016-03-02 12:28:32,1232.1999999999996,20160600,1232.1999999999996,20160600,1232.0,20160400
2016-03-02 13:29:03,1231.6,20160600,1231.6,20160600,1232.0,20160400
2016-03-02 14:29:29,1237.0,20160600,1237.0,20160600,1232.0,20160400
2016-03-02 15:30:01,1241.3000000000004,20160600,1241.3000000000004,20160600,1232.0,20160400
2016-03-02 17:32:46,1240.8000000000004,20160600,1240.8000000000004,20160600,1232.0,20160400
2016-03-02 18:33:27,1241.9,20160600,1241.9,20160600,1232.0,20160400
2016-03-02 19:34:06,1242.6,20160600,1242.6,20160600,1232.0,20160400
2016-03-02 23:00:00,1242.1,20160600,1242.1,20160600,1241.2,20160400
2016-03-03 12:49:08,1245.9499999999996,20160600,1245.9499999999996,20160600,1241.2,20160400
2016-03-03 13:49:38,1243.35,20160600,1243.35,20160600,1241.2,20160400
2016-03-03 14:50:05,1248.4,20160600,1248.4,20160600,1241.2,20160400
2016-03-03 15:50:32,1256.3000000000004,20160600,1256.3000000000004,20160600,1241.2,20160400
2016-03-03 17:53:47,1259.4,20160600,1259.4,20160600,1241.2,20160400
2016-03-03 18:54:18,1258.25,20160600,1258.25,20160600,1241.2,20160400
2016-03-03 23:00:00,1263.9,20160600,1263.9,20160600,1263.5,20160400
2016-03-04 12:50:21,1266.8000000000004,20160600,1266.8000000000004,20160600,1263.5,20160400
2016-03-04 13:50:53,1258.6999999999996,20160600,1258.6999999999996,20160600,1263.5,20160400
2016-03-04 14:51:18,1279.1999999999996,20160600,1279.1999999999996,20160600,1263.5,20160400
2016-03-04 15:51:44,1267.6,20160600,1267.6,20160600,1263.5,20160400
2016-03-04 18:10:26,1271.9,20160600,1271.9,20160600,1263.5,20160400
2016-03-04 19:10:58,1265.5,20160600,1265.5,20160600,1263.5,20160400
2016-03-04 23:00:00,1263.5,20160600,1263.5,20160600,1262.0,20160400
2016-03-07 12:07:25,1272.4499999999996,20160600,1272.4499999999996,20160600,1262.0,20160400
2016-03-07 13:07:58,1273.0500000000004,20160600,1273.0500000000004,20160600,1262.0,20160400
2016-03-07 14:22:08,1271.6999999999996,20160600,1271.6999999999996,20160600,1262.0,20160400
2016-03-07 15:22:35,1272.1999999999996,20160600,1272.1999999999996,20160600,1262.0,20160400
2016-03-07 16:59:14,1267.6999999999996,20160600,1267.6999999999996,20160600,1262.0,20160400
2016-03-07 17:59:59,1263.75,20160600,1263.75,20160600,1262.0,20160400
2016-03-07 19:00:29,1267.55,20160600,1267.55,20160600,1262.0,20160400
2016-03-07 23:00:00,1268.7,20160600,1268.7,20160600,1268.0,20160400
2016-03-08 12:19:09,1276.9,20160600,1276.9,20160600,1268.0,20160400
2016-03-08 13:19:43,1276.1999999999996,20160600,1276.1999999999996,20160600,1268.0,20160400
2016-03-08 14:33:00,1275.8000000000004,20160600,1275.8000000000004,20160600,1268.0,20160400
2016-03-08 15:35:03,1267.3000000000004,20160600,1267.3000000000004,20160600,1268.0,20160400
2016-03-08 17:31:13,1266.65,20160600,1266.65,20160600,1268.0,20160400
2016-03-08 18:31:42,1264.6,20160600,1264.6,20160600,1268.0,20160400
2016-03-08 19:32:17,1264.8000000000004,20160600,1264.8000000000004,20160600,1268.0,20160400
2016-03-08 23:00:00,1263.3,20160600,1263.3,20160600,1262.1,20160400
2016-03-09 12:36:38,1254.9,20160600,1254.9,20160600,1262.1,20160400
2016-03-09 13:37:07,1254.4,20160600,1254.4,20160600,1262.1,20160400
2016-03-09 14:37:33,1249.6,20160600,1249.6,20160600,1262.1,20160400
2016-03-09 15:39:38,1251.35,20160600,1251.35,20160600,1262.1,20160400
2016-03-09 17:42:40,1258.1999999999996,20160600,1258.1999999999996,20160600,1262.1,20160400
2016-03-09 18:43:16,1258.5,20160600,1258.5,20160600,1262.1,20160400
2016-03-09 19:43:49,1254.9,20160600,1254.9,20160600,1262.1,20160400
2016-03-09 23:00:00,1252.9,20160600,1252.9,20160600,1251.7,20160400
2016-03-10 13:12:09,1247.6999999999996,20160600,1247.6999999999996,20160600,1251.7,20160400
2016-03-10 14:26:03,1260.9499999999996,20160600,1260.9499999999996,20160600,1251.7,20160400
2016-03-10 15:26:32,1268.5,20160600,1268.5,20160600,1251.7,20160400
2016-03-10 16:27:12,1267.65,20160600,1267.65,20160600,1251.7,20160400
2016-03-10 18:13:28,1272.85,20160600,1272.85,20160600,1251.7,20160400
2016-03-10 19:13:52,1274.75,20160600,1274.75,20160600,1251.7,20160400
2016-03-10 23:00:00,1273.5,20160600,1273.5,20160600,1272.1,20160400
2016-03-11 13:00:13,1266.9499999999996,20160600,1266.9499999999996,20160600,1272.1,20160400
2016-03-11 14:00:47,1270.15,20160600,1270.15,20160600,1272.1,20160400
2016-03-11 15:01:12,1268.75,20160600,1268.75,20160600,1272.1,20160400
2016-03-11 16:01:39,1262.3000000000004,20160600,1262.3000000000004,20160600,1272.1,20160400
2016-03-11 18:07:44,1262.1999999999996,20160600,1262.1999999999996,20160600,1272.1,20160400
2016-03-11 19:08:17,1261.1,20160600,1261.1,20160600,1272.1,20160400
2016-03-11 23:00:00,1251.7,20160600,1251.7,20160600,1250.7,20160400
2016-03-14 12:22:48,1257.0,20160600,1257.0,20160600,1250.7,20160400
2016-03-14 13:23:19,1259.9,20160600,1259.9,20160600,1250.7,20160400
2016-03-14 14:30:31,1250.1999999999996,20160600,1250.1999999999996,20160600,1250.7,20160400
2016-03-14 15:31:02,1245.4,20160600,1245.4,20160600,1250.7,20160400
2016-03-14 16:53:42,1245.25,20160600,1245.25,20160600,1250.7,20160400
2016-03-14 17:54:10,1243.0,20160600,1243.0,20160600,1250.7,20160400
2016-03-14 18:54:36,1237.9,20160600,1237.9,20160600,1250.7,20160400
2016-03-14 23:00:00,1237.2,20160600,1237.2,20160600,1236.0,20160400
2016-03-15 12:07:40,1235.1,20160600,1235.1,20160600,1236.0,20160400
2016-03-15 13:08:09,1238.3000000000004,20160600,1238.3000000000004,20160600,1236.0,20160400
2016-03-15 14:22:06,1234.0,20160600,1234.0,20160600,1236.0,20160400
2016-03-15 15:22:45,1231.75,20160600,1231.75,20160600,1236.0,20160400
2016-03-15 17:05:17,1233.4,20160600,1233.4,20160600,1236.0,20160400
2016-03-15 18:05:46,1232.0,20160600,1232.0,20160600,1236.0,20160400
2016-03-15 19:06:25,1233.0,20160600,1233.0,20160600,1236.0,20160400
2016-03-15 23:00:00,1234.1,20160600,1234.1,20160600,1232.8,20160400
2016-03-16 12:31:40,1234.5,20160600,1234.5,20160600,1232.8,20160400
2016-03-16 13:32:12,1229.5500000000004,20160600,1229.5500000000004,20160600,1232.8,20160400
2016-03-16 14:32:38,1234.0,20160600,1234.0,20160600,1232.8,20160400
2016-03-16 15:34:29,1230.5,20160600,1230.5,20160600,1232.8,20160400
2016-03-16 17:30:20,1231.3000000000004,20160600,1231.3000000000004,20160600,1232.8,20160400
2016-03-16 18:31:03,1256.0,20160600,1256.0,20160600,1232.8,20160400
2016-03-16 19:31:29,1262.65,20160600,1262.65,20160600,1232.8,20160400
2016-03-16 23:00:00,1264.3,20160600,1264.3,20160600,1263.1,20160400
2016-03-17 12:52:06,1267.1999999999996,20160600,1267.1999999999996,20160600,1263.1,20160400
2016-03-17 13:52:38,1265.6,20160600,1265.6,20160600,1263.1,20160400
2016-03-17 14:53:03,1267.5500000000004,20160600,1267.5500000000004,20160600,1263.1,20160400
2016-03-17 15:53:28,1265.8000000000004,20160600,1265.8000000000004,20160600,1263.1,20160400
2016-03-17 17:58:55,1265.85,20160600,1265.85,20160600,1263.1,20160400
2016-03-17 18:59:23,1260.5,20160600,1260.5,20160600,1263.1,20160400
2016-03-17 23:00:00,1260.0,20160600,1260.0,20160600,1258.6,20160400
2016-03-18 12:56:16,1254.3000000000004,20160600,1254.3000000000004,20160600,1258.6,20160400
2016-03-18 13:56:47,1254.9,20160600,1254.9,20160600,1258.6,20160400
2016-03-18 14:57:14,1255.55,20160600,1255.55,20160600,1258.6,20160400
2016-03-18 15:57:50,1255.6,20160600,1255.6,20160600,1258.6,20160400
2016-03-18 18:02:17,1257.9,20160600,1257.9,20160600,1258.6,20160400
2016-03-18 19:02:56,1254.85,20160600,1254.85,20160600,1258.6,20160400
2016-03-18 23:00:00,1257.0,20160600,1257.0,20160600,1256.0,20160400
2016-03-21 12:28:19,1244.6999999999996,20160600,1244.6999999999996,20160600,1256.0,20160400
2016-03-21 13:29:42,1247.5,20160600,1247.5,20160600,1256.0,20160400
2016-03-21 14:40:20,1248.6999999999996,20160600,1248.6999999999996,20160600,1256.0,20160400
2016-03-21 15:41:31,1246.5,20160600,1246.5,20160600,1256.0,20160400
2016-03-21 16:55:52,1246.1999999999996,20160600,1246.1999999999996,20160600,1256.0,20160400
2016-03-21 17:56:19,1245.3000000000004,20160600,1245.3000000000004,20160600,1256.0,20160400
2016-03-21 18:56:52,1244.5,20160600,1244.5,20160600,1256.0,20160400
2016-03-21 23:00:00,1245.8,20160600,1245.8,20160600,1244.1,20160400
2016-03-22 12:20:46,1255.0,20160600,1255.0,20160600,1244.1,20160400
2016-03-22 13:21:16,1254.3000000000004,20160600,1254.3000000000004,20160600,1244.1,20160400
2016-03-22 14:34:30,1256.75,20160600,1256.75,20160600,1244.1,20160400
2016-03-22 15:35:02,1252.75,20160600,1252.75,20160600,1244.1,20160400
2016-03-22 17:32:17,1250.3000000000004,20160600,1250.3000000000004,20160600,1244.1,20160400
2016-03-22 18:32:42,1247.8000000000004,20160600,1247.8000000000004,20160600,1244.1,20160400
2016-03-22 19:33:34,1249.65,20160600,1249.65,20160600,1244.1,20160400
2016-03-22 23:00:00,1250.1,20160600,1250.1,20160600,1248.8,20160400
2016-03-23 12:33:38,1229.35,20160600,1229.35,20160600,1248.8,20160400
2016-03-23 13:34:09,1222.9,20160600,1222.9,20160600,1248.8,20160400
2016-03-23 14:34:35,1219.6999999999996,20160600,1219.6999999999996,20160600,1248.8,20160400
2016-03-23 15:36:19,1221.3000000000004,20160600,1221.3000000000004,20160600,1248.8,20160400
2016-03-23 17:39:50,1225.6999999999996,20160600,1225.6999999999996,20160600,1248.8,20160400
2016-03-23 18:40:17,1225.5500000000004,20160600,1225.5500000000004,20160600,1248.8,20160400
2016-03-23 19:40:48,1222.25,20160600,1222.25,20160600,1248.8,20160400
2016-03-23 23:00:00,1221.4,20160600,1221.4,20160600,1220.1,20160400
2016-03-24 12:56:07,1224.1999999999996,20160600,1224.1999999999996,20160600,1220.1,20160400
2016-03-24 13:56:40,1223.0,20160600,1223.0,20160600,1220.1,20160400
2016-03-24 14:57:06,1222.9,20160600,1222.9,20160600,1220.1,20160400
2016-03-24 15:57:32,1221.9,20160600,1221.9,20160600,1220.1,20160400
2016-03-24 18:00:27,1223.4499999999996,20160600,1223.4499999999996,20160600,1220.1,20160400
2016-03-24 19:00:53,1223.4,20160600,1223.4,20160600,1220.1,20160400
2016-03-24 23:00:00,1218.7,20160600,1218.7,20160600,1216.7,20160400
2016-03-28 12:13:37,1219.6,20160600,1219.6,20160600,1216.7,20160400
2016-03-28 13:18:50,1221.35,20160600,1221.35,20160600,1216.7,20160400
2016-03-28 14:36:37,1222.6999999999996,20160600,1222.6999999999996,20160600,1216.7,20160400
2016-03-28 16:25:31,1222.05,20160600,1222.05,20160600,1216.7,20160400
2016-03-28 23:00:00,1222.05,20160600,1222.05,20160600,1220.1,20160400
2016-03-29 12:06:49,1219.25,20160600,1219.25,20160600,1220.1,20160400
2016-03-29 13:07:13,1220.0,20160600,1220.0,20160600,1220.1,20160400
2016-03-29 14:20:28,1221.15,20160600,1221.15,20160600,1220.1,20160400
2016-03-29 15:22:00,1230.3000000000004,20160600,1230.3000000000004,20160600,1220.1,20160400
2016-03-29 16:57:03,1227.85,20160600,1227.85,20160600,1220.1,20160400
2016-03-29 17:57:31,1228.05,20160600,1228.05,20160600,1220.1,20160400
2016-03-29 18:58:11,1237.6999999999996,20160600,1237.6999999999996,20160600,1220.1,20160400
2016-03-29 23:00:00,1240.6,20160600,1240.6,20160600,1238.8,20160400
2016-03-30 12:08:32,1239.65,20160600,1239.65,20160600,1238.8,20160400
2016-03-30 13:09:21,1236.35,20160600,1236.35,20160600,1238.8,20160400
2016-03-30 14:22:31,1233.15,20160600,1233.15,20160600,1238.8,20160400
2016-03-30 15:23:06,1233.85,20160600,1233.85,20160600,1238.8,20160400
2016-03-30 17:04:30,1229.55,20160600,1229.55,20160600,1238.8,20160400
2016-03-30 18:05:03,1228.95,20160600,1228.95,20160600,1238.8,20160400
2016-03-30 19:05:31,1230.15,20160600,1230.15,20160600,1238.8,20160400
2016-03-30 23:00:00,1228.3,20160600,1228.3,20160600,1226.6,20160400
2016-03-31 12:26:04,1228.3,20160800,1228.3,20160800,1235.95,20160600
2016-03-31 13:26:36,1228.3,20160800,1228.3,20160800,1238.65,20160600
2016-03-31 14:27:05,1228.3,20160800,1228.3,20160800,1236.05,20160600
2016-03-31 15:27:32,1228.3,20160800,1228.3,20160800,1239.45,20160600
2016-03-31 17:38:51,1228.3,20160800,1228.3,20160800,1236.45,20160600
2016-03-31 18:39:17,1228.3,20160800,1228.3,20160800,1234.35,20160600
2016-03-31 19:39:52,1228.3,20160800,1228.3,20160800,1234.45,20160600
2016-03-31 23:00:00,1236.2,20160800,1236.2,20160800,1234.3,20160600
2016-04-01 12:27:56,1236.2,20160800,1236.2,20160800,1233.6999999999996,20160600
2016-04-01 13:28:26,1236.2,20160800,1236.2,20160800,1230.55,20160600
2016-04-01 14:28:54,1236.2,20160800,1236.2,20160800,1229.15,20160600
2016-04-01 15:29:23,1236.2,20160800,1236.2,20160800,1219.55,20160600
2016-04-01 17:30:35,1236.2,20160800,1236.2,20160800,1214.75,20160600
2016-04-01 18:31:09,1236.2,20160800,1236.2,20160800,1218.25,20160600
2016-04-01 19:31:41,1236.2,20160800,1236.2,20160800,1222.8000000000004,20160600
2016-04-01 23:00:00,1225.4,20160800,1225.4,20160800,1224.0,20160600
2016-04-04 12:37:52,1225.4,20160800,1225.4,20160800,1219.25,20160600
2016-04-04 13:38:28,1225.4,20160800,1225.4,20160800,1222.25,20160600
2016-04-04 14:38:54,1225.4,20160800,1225.4,20160800,1219.05,20160600
2016-04-04 15:40:44,1225.4,20160800,1225.4,20160800,1218.95,20160600
2016-04-04 17:45:15,1225.4,20160800,1225.4,20160800,1218.05,20160600
2016-04-04 18:45:43,1225.4,20160800,1225.4,20160800,1219.75,20160600
2016-04-04 23:00:00,1217.5,20160800,1217.5,20160800,1217.0,20160600
2016-04-05 13:10:15,1217.5,20160800,1217.5,20160800,1233.35,20160600
2016-04-05 14:19:26,1217.5,20160800,1217.5,20160800,1235.25,20160600
2016-04-05 15:19:57,1217.5,20160800,1217.5,20160800,1229.45,20160600
2016-04-05 16:20:37,1217.5,20160800,1217.5,20160800,1230.55,20160600
2016-04-05 18:38:24,1217.5,20160800,1217.5,20160800,1228.9,20160600
2016-04-05 19:38:55,1217.5,20160800,1217.5,20160800,1229.85,20160600
2016-04-05 23:00:00,1233.8,20160800,1233.8,20160800,1231.1,20160600
2016-04-06 13:29:01,1233.8,20160800,1233.8,20160800,1221.75,20160600
2016-04-06 14:29:34,1233.8,20160800,1233.8,20160800,1221.85,20160600
2016-04-06 15:30:02,1233.8,20160800,1233.8,20160800,1222.85,20160600
2016-04-06 16:30:31,1233.8,20160800,1233.8,20160800,1223.35,20160600
2016-04-06 17:30:59,1233.8,20160800,1233.8,20160800,1225.35,20160600
2016-04-06 19:28:35,1233.8,20160800,1233.8,20160800,1224.9,20160600
2016-04-06 23:00:00,1226.6,20160800,1226.6,20160800,1225.2,20160600
2016-04-07 12:07:47,1226.6,20160800,1226.6,20160800,1239.0,20160600
2016-04-07 14:08:44,1226.6,20160800,1226.6,20160800,1239.4,20160600
2016-04-07 15:09:24,1226.6,20160800,1226.6,20160800,1243.05,20160600
2016-04-07 16:10:00,1226.6,20160800,1226.6,20160800,1241.75,20160600
2016-04-07 17:10:33,1226.6,20160800,1226.6,20160800,1240.45,20160600
2016-04-07 19:40:17,1226.6,20160800,1226.6,20160800,1241.05,20160600
2016-04-07 23:00:00,1244.3,20160800,1244.3,20160800,1242.1,20160600
2016-04-08 12:05:05,1244.3,20160800,1244.3,20160800,1236.25,20160600
2016-04-08 14:22:46,1244.3,20160800,1244.3,20160800,1235.75,20160600
2016-04-08 15:23:24,1244.3,20160800,1244.3,20160800,1240.95,20160600
2016-04-08 16:23:53,1244.3,20160800,1244.3,20160800,1242.85,20160600
2016-04-08 17:24:22,1244.3,20160800,1244.3,20160800,1241.95,20160600
2016-04-08 23:00:00,1243.2,20160800,1243.2,20160800,1241.6,20160600
2016-04-11 12:45:52,1243.2,20160800,1243.2,20160800,1250.6999999999996,20160600
2016-04-11 13:46:25,1243.2,20160800,1243.2,20160800,1254.45,20160600
2016-04-11 14:46:54,1243.2,20160800,1243.2,20160800,1255.25,20160600
2016-04-11 15:47:32,1243.2,20160800,1243.2,20160800,1257.65,20160600
2016-04-11 18:05:48,1243.2,20160800,1243.2,20160800,1260.15,20160600
2016-04-11 19:06:26,1243.2,20160800,1243.2,20160800,1257.45,20160600
2016-04-11 23:00:00,1259.5,20160800,1259.5,20160800,1258.1,20160600
2016-04-12 12:53:39,1259.5,20160800,1259.5,20160800,1263.25,20160600
2016-04-12 13:54:13,1259.5,20160800,1259.5,20160800,1261.45,20160600
2016-04-12 14:54:41,1259.5,20160800,1259.5,20160800,1257.9,20160600
2016-04-12 15:55:15,1259.5,20160800,1259.5,20160800,1255.05,20160600
2016-04-12 18:08:11,1259.5,20160800,1259.5,20160800,1258.15,20160600
2016-04-12 19:08:39,1259.5,20160800,1259.5,20160800,1259.4,20160600
2016-04-12 23:00:00,1261.3,20160800,1261.3,20160800,1257.1,20160600
2016-04-13 13:51:30,1261.3,20160800,1261.3,20160800,1246.45,20160600
2016-04-13 14:52:04,1261.3,20160800,1261.3,20160800,1245.25,20160600
2016-04-13 15:53:25,1261.3,20160800,1261.3,20160800,1250.3000000000004,20160600
2016-04-13 16:54:06,1261.3,20160800,1261.3,20160800,1246.65,20160600
2016-04-13 19:07:11,1261.3,20160800,1261.3,20160800,1248.25,20160600
2016-04-13 23:00:00,1245.8,20160800,1245.8,20160800,1244.3,20160600
2016-04-14 12:07:54,1245.8,20160800,1245.8,20160800,1240.95,20160600
2016-04-14 14:01:02,1245.8,20160800,1245.8,20160800,1235.95,20160600
2016-04-14 15:01:32,1245.8,20160800,1245.8,20160800,1236.15,20160600
2016-04-14 16:02:12,1245.8,20160800,1245.8,20160800,1232.35,20160600
2016-04-14 17:02:42,1245.8,20160800,1245.8,20160800,1227.75,20160600
2016-04-14 19:27:26,1245.8,20160800,1245.8,20160800,1227.4,20160600
2016-04-14 23:00:00,1227.6,20160800,1227.6,20160800,1227.6,20160600
2016-04-15 12:07:49,1227.6,20160800,1227.6,20160800,1232.45,20160600
2016-04-15 13:56:22,1227.6,20160800,1227.6,20160800,1231.95,20160600
2016-04-15 14:56:58,1227.6,20160800,1227.6,20160800,1229.55,20160600
2016-04-15 15:57:37,1227.6,20160800,1227.6,20160800,1231.25,20160600
2016-04-15 16:58:06,1227.6,20160800,1227.6,20160800,1234.85,20160600
2016-04-15 19:22:37,1227.6,20160800,1227.6,20160800,1234.15,20160600
2016-04-15 23:00:00,1237.3,20160800,1237.3,20160800,1235.7,20160600
2016-04-18 12:49:15,1237.3,20160800,1237.3,20160800,1239.45,20160600
2016-04-18 13:49:50,1237.3,20160800,1237.3,20160800,1241.0,20160600
2016-04-18 14:50:17,1237.3,20160800,1237.3,20160800,1237.85,20160600
2016-04-18 15:50:45,1237.3,20160800,1237.3,20160800,1236.0,20160600
2016-04-18 17:57:06,1237.3,20160800,1237.3,20160800,1234.55,20160600
2016-04-18 18:57:33,1237.3,20160800,1237.3,20160800,1235.25,20160600
2016-04-18 23:00:00,1234.5,20160800,1234.5,20160800,1233.4,20160600
2016-04-19 13:01:02,1234.5,20160800,1234.5,20160800,1245.05,20160600
2016-04-19 14:13:57,1234.5,20160800,1234.5,20160800,1251.25,20160600
2016-04-19 15:14:27,1234.5,20160800,1234.5,20160800,1257.05,20160600
2016-04-19 16:15:07,1234.5,20160800,1234.5,20160800,1255.75,20160600
2016-04-19 18:17:20,1234.5,20160800,1234.5,20160800,1255.45,20160600
2016-04-19 19:18:04,1234.5,20160800,1234.5,20160800,1252.85,20160600
2016-04-19 23:00:00,1254.2,20160800,1254.2,20160800,1252.4,20160600
2016-04-20 13:54:08,1254.2,20160800,1254.2,20160800,1252.3000000000004,20160600
2016-04-20 14:54:42,1254.2,20160800,1254.2,20160800,1255.45,20160600
2016-04-20 15:55:39,1254.2,20160800,1254.2,20160800,1255.35,20160600
2016-04-20 16:56:17,1254.2,20160800,1254.2,20160800,1256.05,20160600
2016-04-20 19:11:14,1254.2,20160800,1254.2,20160800,1254.75,20160600
2016-04-20 23:00:00,1248.8,20160800,1248.8,20160800,1246.9,20160600
2016-04-21 12:07:57,1248.8,20160800,1248.8,20160800,1259.95,20160600
2016-04-21 14:10:53,1248.8,20160800,1248.8,20160800,1271.25,20160600
2016-04-21 15:11:45,1248.8,20160800,1248.8,20160800,1253.75,20160600
2016-04-21 16:12:13,1248.8,20160800,1248.8,20160800,1251.05,20160600
2016-04-21 17:12:47,1248.8,20160800,1248.8,20160800,1253.35,20160600
2016-04-21 19:40:22,1248.8,20160800,1248.8,20160800,1249.45,20160600
2016-04-21 23:00:00,1253.5,20160800,1253.5,20160800,1250.8,20160600
2016-04-22 12:07:56,1253.5,20160800,1253.5,20160800,1248.35,20160600
2016-04-22 14:04:44,1253.5,20160800,1253.5,20160800,1246.95,20160600
2016-04-22 15:05:35,1253.5,20160800,1253.5,20160800,1244.95,20160600
2016-04-22 16:06:05,1253.5,20160800,1253.5,20160800,1245.05,20160600
2016-04-22 17:06:33,1253.5,20160800,1253.5,20160800,1236.3000000000004,20160600
2016-04-22 19:33:44,1253.5,20160800,1253.5,20160800,1230.65,20160600
2016-04-22 23:00:00,1236.7,20160800,1236.7,20160800,1235.3,20160600
2016-04-25 13:11:46,1236.7,20160800,1236.7,20160800,1236.15,20160600
2016-04-25 14:25:04,1236.7,20160800,1236.7,20160800,1237.15,20160600
2016-04-25 15:25:33,1236.7,20160800,1236.7,20160800,1242.65,20160600
2016-04-25 16:26:01,1236.7,20160800,1236.7,20160800,1241.9,20160600
2016-04-25 18:15:24,1236.7,20160800,1236.7,20160800,1242.15,20160600
2016-04-25 19:15:57,1236.7,20160800,1236.7,20160800,1240.0,20160600
2016-04-25 23:00:00,1240.7,20160800,1240.7,20160800,1238.5,20160600
2016-04-26 12:58:38,1240.7,20160800,1240.7,20160800,1233.85,20160600
2016-04-26 13:59:13,1240.7,20160800,1240.7,20160800,1235.05,20160600
2016-04-26 14:59:50,1240.7,20160800,1240.7,20160800,1242.9,20160600
2016-04-26 16:00:27,1240.7,20160800,1240.7,20160800,1242.9,20160600
2016-04-26 18:10:32,1240.7,20160800,1240.7,20160800,1242.85,20160600
2016-04-26 19:11:10,1240.7,20160800,1240.7,20160800,1243.55,20160600
2016-04-26 23:00:00,1245.6,20160800,1245.6,20160800,1243.8,20160600
2016-04-27 13:15:26,1245.6,20160800,1245.6,20160800,1249.25,20160600
2016-04-27 14:16:51,1245.6,20160800,1245.6,20160800,1249.8000000000004,20160600
2016-04-27 15:17:18,1245.6,20160800,1245.6,20160800,1249.75,20160600
2016-04-27 16:17:48,1245.6,20160800,1245.6,20160800,1249.05,20160600
2016-04-27 18:55:59,1245.6,20160800,1245.6,20160800,1251.15,20160600
2016-04-27 23:00:00,1248.3,20160800,1248.3,20160800,1247.5,20160600
2016-04-28 13:23:34,1248.3,20160800,1248.3,20160800,1258.75,20160600
2016-04-28 14:24:08,1248.3,20160800,1248.3,20160800,1256.25,20160600
2016-04-28 15:24:36,1248.3,20160800,1248.3,20160800,1258.15,20160600
2016-04-28 16:25:05,1248.3,20160800,1248.3,20160800,1264.8000000000004,20160600
2016-04-28 17:25:33,1248.3,20160800,1248.3,20160800,1266.05,20160600
2016-04-28 19:17:13,1248.3,20160800,1248.3,20160800,1266.3000000000004,20160600
2016-04-28 23:00:00,1270.9,20160800,1270.9,20160800,1268.7,20160600
2016-04-29 13:41:20,1270.9,20160800,1270.9,20160800,1281.35,20160600
2016-04-29 14:43:49,1270.9,20160800,1270.9,20160800,1285.1,20160600
2016-04-29 15:45:44,1270.9,20160800,1270.9,20160800,1289.85,20160600
2016-04-29 16:46:13,1270.9,20160800,1270.9,20160800,1295.0,20160600
2016-04-29 18:49:20,1270.9,20160800,1270.9,20160800,1292.95,20160600
2016-04-29 23:00:00,1298.4,20160800,1298.4,20160800,1296.5,20160600
2016-05-02 12:06:57,1298.4,20160800,1298.4,20160800,1301.25,20160600
2016-05-02 13:07:40,1298.4,20160800,1298.4,20160800,1303.65,20160600
2016-05-02 14:20:28,1298.4,20160800,1298.4,20160800,1298.55,20160600
2016-05-02 15:20:57,1298.4,20160800,1298.4,20160800,1292.05,20160600
2016-05-02 16:57:08,1298.4,20160800,1298.4,20160800,1297.65,20160600
2016-05-02 17:57:44,1298.4,20160800,1298.4,20160800,1296.05,20160600
2016-05-02 18:58:12,1298.4,20160800,1298.4,20160800,1294.5,20160600
2016-05-02 23:00:00,1295.2,20160800,1295.2,20160800,1292.2,20160600
2016-05-03 12:16:57,1295.2,20160800,1295.2,20160800,1295.35,20160600
2016-05-03 13:17:53,1295.2,20160800,1295.2,20160800,1298.3000000000004,20160600
2016-05-03 14:28:18,1295.2,20160800,1295.2,20160800,1297.4,20160600
2016-05-03 15:28:49,1295.2,20160800,1295.2,20160800,1288.35,20160600
2016-05-03 16:50:38,1295.2,20160800,1295.2,20160800,1289.4,20160600
2016-05-03 17:51:08,1295.2,20160800,1295.2,20160800,1289.15,20160600
2016-05-03 18:51:38,1295.2,20160800,1295.2,20160800,1289.45,20160600
2016-05-03 23:00:00,1291.1,20160800,1291.1,20160800,1288.5,20160600
2016-05-04 12:21:57,1291.1,20160800,1291.1,20160800,1277.85,20160600
2016-05-04 13:22:32,1291.1,20160800,1291.1,20160800,1287.55,20160600
2016-05-04 14:26:52,1291.1,20160800,1291.1,20160800,1287.35,20160600
2016-05-04 15:27:34,1291.1,20160800,1291.1,20160800,1284.55,20160600
2016-05-04 17:25:10,1291.1,20160800,1291.1,20160800,1281.35,20160600
2016-05-04 18:25:50,1291.1,20160800,1291.1,20160800,1274.6999999999996,20160600
2016-05-04 19:26:21,1291.1,20160800,1291.1,20160800,1274.6999999999996,20160600
2016-05-04 23:00:00,1283.5,20160800,1283.5,20160800,1281.7,20160600
2016-05-05 12:40:38,1283.5,20160800,1283.5,20160800,1281.3000000000004,20160600
2016-05-05 13:41:21,1283.5,20160800,1283.5,20160800,1285.95,20160600
2016-05-05 14:42:24,1283.5,20160800,1283.5,20160800,1284.25,20160600
2016-05-05 15:43:09,1283.5,20160800,1283.5,20160800,1279.25,20160600
2016-05-05 18:02:20,1283.5,20160800,1283.5,20160800,1278.25,20160600
2016-05-05 19:02:49,1283.5,20160800,1283.5,20160800,1273.25,20160600
2016-05-05 23:00:00,1281.6,20160800,1281.6,20160800,1278.5,20160600
2016-05-06 12:31:32,1281.6,20160800,1281.6,20160800,1282.0,20160600
2016-05-06 13:32:07,1281.6,20160800,1281.6,20160800,1287.4,20160600
2016-05-06 14:32:38,1281.6,20160800,1281.6,20160800,1288.25,20160600
2016-05-06 15:33:15,1281.6,20160800,1281.6,20160800,1290.55,20160600
2016-05-06 17:33:34,1281.6,20160800,1281.6,20160800,1294.85,20160600
2016-05-06 18:34:04,1281.6,20160800,1281.6,20160800,1294.15,20160600
2016-05-06 19:34:32,1281.6,20160800,1281.6,20160800,1290.65,20160600
2016-05-06 23:00:00,1293.0,20160800,1293.0,20160800,1290.8,20160600
2016-05-09 12:13:44,1293.0,20160800,1293.0,20160800,1276.85,20160600
2016-05-09 13:14:19,1293.0,20160800,1293.0,20160800,1275.45,20160600
2016-05-09 14:26:53,1293.0,20160800,1293.0,20160800,1268.85,20160600
2016-05-09 15:27:27,1293.0,20160800,1293.0,20160800,1265.95,20160600
2016-05-09 16:42:06,1293.0,20160800,1293.0,20160800,1266.85,20160600
2016-05-09 17:42:35,1293.0,20160800,1293.0,20160800,1267.15,20160600
2016-05-09 18:43:04,1293.0,20160800,1293.0,20160800,1266.45,20160600
2016-05-09 19:43:33,1293.0,20160800,1293.0,20160800,1266.15,20160600
2016-05-09 23:00:00,1265.8,20160800,1265.8,20160800,1263.7,20160600
2016-05-10 12:19:27,1265.8,20160800,1265.8,20160800,1266.9,20160600
2016-05-10 13:20:31,1265.8,20160800,1265.8,20160800,1267.6,20160600
2016-05-10 14:27:12,1265.8,20160800,1265.8,20160800,1264.75,20160600
2016-05-10 15:27:43,1265.8,20160800,1265.8,20160800,1260.55,20160600
2016-05-10 16:55:29,1265.8,20160800,1265.8,20160800,1261.35,20160600
2016-05-10 17:56:02,1265.8,20160800,1265.8,20160800,1261.35,20160600
2016-05-10 18:56:44,1265.8,20160800,1265.8,20160800,1266.75,20160600
2016-05-10 23:00:00,1270.4,20160800,1270.4,20160800,1268.2,20160600
2016-05-11 12:17:08,1270.4,20160800,1270.4,20160800,1278.0,20160600
2016-05-11 13:17:44,1270.4,20160800,1270.4,20160800,1278.55,20160600
2016-05-11 14:18:14,1270.4,20160800,1270.4,20160800,1277.65,20160600
2016-05-11 15:18:44,1270.4,20160800,1270.4,20160800,1277.95,20160600
2016-05-11 17:43:56,1270.4,20160800,1270.4,20160800,1272.9,20160600
2016-05-11 18:44:38,1270.4,20160800,1270.4,20160800,1275.05,20160600
2016-05-11 23:00:00,1281.5,20160800,1281.5,20160800,1279.3,20160600
2016-05-12 12:48:12,1281.5,20160800,1281.5,20160800,1268.95,20160600
2016-05-12 13:48:47,1281.5,20160800,1281.5,20160800,1272.95,20160600
2016-05-12 14:49:25,1281.5,20160800,1281.5,20160800,1277.75,20160600
2016-05-12 15:50:04,1281.5,20160800,1281.5,20160800,1277.45,20160600
2016-05-12 17:51:25,1281.5,20160800,1281.5,20160800,1272.3000000000004,20160600
2016-05-12 18:52:02,1281.5,20160800,1281.5,20160800,1271.3000000000004,20160600
2016-05-12 23:00:00,1272.9,20160800,1272.9,20160800,1269.0,20160600
2016-05-13 12:47:40,1272.9,20160800,1272.9,20160800,1277.35,20160600
2016-05-13 13:48:15,1272.9,20160800,1272.9,20160800,1267.85,20160600
2016-05-13 14:48:50,1272.9,20160800,1272.9,20160800,1268.0,20160600
2016-05-13 15:49:22,1272.9,20160800,1272.9,20160800,1269.55,20160600
2016-05-13 17:50:41,1272.9,20160800,1272.9,20160800,1271.75,20160600
2016-05-13 18:51:19,1272.9,20160800,1272.9,20160800,1273.55,20160600
2016-05-13 23:00:00,1277.4,20160800,1277.4,20160800,1275.3,20160600
2016-05-16 12:17:28,1277.4,20160800,1277.4,20160800,1283.75,20160600
2016-05-16 13:18:55,1277.4,20160800,1277.4,20160800,1284.35,20160600
2016-05-16 14:29:47,1277.4,20160800,1277.4,20160800,1287.75,20160600
2016-05-16 15:30:39,1277.4,20160800,1277.4,20160800,1284.05,20160600
2016-05-16 17:06:39,1277.4,20160800,1277.4,20160800,1276.65,20160600
2016-05-16 18:07:15,1277.4,20160800,1277.4,20160800,1273.95,20160600
2016-05-16 19:07:56,1277.4,20160800,1277.4,20160800,1273.55,20160600
2016-05-16 23:00:00,1278.4,20160800,1278.4,20160800,1275.7,20160600
2016-05-17 12:19:16,1278.4,20160800,1278.4,20160800,1273.75,20160600
2016-05-17 13:20:13,1278.4,20160800,1278.4,20160800,1275.25,20160600
2016-05-17 14:30:28,1278.4,20160800,1278.4,20160800,1274.55,20160600
2016-05-17 15:31:04,1278.4,20160800,1278.4,20160800,1281.0,20160600
2016-05-17 16:54:25,1278.4,20160800,1278.4,20160800,1280.75,20160600
2016-05-17 17:54:54,1278.4,20160800,1278.4,20160800,1276.85,20160600
2016-05-17 18:55:22,1278.4,20160800,1278.4,20160800,1277.35,20160600
2016-05-17 23:00:00,1283.3,20160800,1283.3,20160800,1280.4,20160600
2016-05-18 12:21:56,1283.3,20160800,1283.3,20160800,1275.75,20160600
2016-05-18 13:22:31,1283.3,20160800,1283.3,20160800,1272.95,20160600
2016-05-18 14:23:09,1283.3,20160800,1283.3,20160800,1271.15,20160600
2016-05-18 15:23:40,1283.3,20160800,1283.3,20160800,1272.15,20160600
2016-05-18 17:33:14,1283.3,20160800,1283.3,20160800,1273.45,20160600
2016-05-18 18:33:53,1283.3,20160800,1283.3,20160800,1274.9,20160600
2016-05-18 19:34:35,1283.3,20160800,1283.3,20160800,1263.85,20160600
2016-05-18 23:00:00,1260.1,20160800,1260.1,20160800,1257.9,20160600
2016-05-19 12:49:40,1260.1,20160800,1260.1,20160800,1252.45,20160600
2016-05-19 13:50:28,1260.1,20160800,1260.1,20160800,1247.95,20160600
2016-05-19 14:51:04,1260.1,20160800,1260.1,20160800,1247.75,20160600
2016-05-19 15:51:34,1260.1,20160800,1260.1,20160800,1250.75,20160600
2016-05-19 17:52:50,1260.1,20160800,1260.1,20160800,1252.95,20160600
2016-05-19 18:53:31,1260.1,20160800,1260.1,20160800,1254.95,20160600
2016-05-19 23:00:00,1258.1,20160800,1258.1,20160800,1255.2,20160600
2016-05-20 12:48:28,1258.1,20160800,1258.1,20160800,1257.6999999999996,20160600
2016-05-20 13:49:03,1258.1,20160800,1258.1,20160800,1256.65,20160600
2016-05-20 14:49:39,1258.1,20160800,1258.1,20160800,1257.95,20160600
2016-05-20 15:50:24,1258.1,20160800,1258.1,20160800,1253.15,20160600
2016-05-20 17:51:50,1258.1,20160800,1258.1,20160800,1251.25,20160600
2016-05-20 18:52:28,1258.1,20160800,1258.1,20160800,1253.05,20160600
2016-05-20 23:00:00,1256.2,20160800,1256.2,20160800,1253.1,20160600
2016-05-23 12:20:19,1256.2,20160800,1256.2,20160800,1249.15,20160600
2016-05-23 13:21:26,1256.2,20160800,1256.2,20160800,1249.5,20160600
2016-05-23 14:31:20,1256.2,20160800,1256.2,20160800,1245.9,20160600
2016-05-23 15:33:07,1256.2,20160800,1256.2,20160800,1248.15,20160600
2016-05-23 16:51:43,1256.2,20160800,1256.2,20160800,1247.55,20160600
2016-05-23 17:52:21,1256.2,20160800,1256.2,20160800,1248.45,20160600
2016-05-23 18:52:57,1256.2,20160800,1256.2,20160800,1250.85,20160600
2016-05-23 23:00:00,1252.7,20160800,1252.7,20160800,1249.7,20160600
2016-05-24 12:05:13,1252.7,20160800,1252.7,20160800,1242.1,20160600
2016-05-24 13:06:39,1252.7,20160800,1252.7,20160800,1241.15,20160600
2016-05-24 14:17:05,1252.7,20160800,1252.7,20160800,1240.15,20160600
2016-05-24 15:17:35,1252.7,20160800,1252.7,20160800,1234.1,20160600
2016-05-24 17:02:19,1252.7,20160800,1252.7,20160800,1231.35,20160600
2016-05-24 18:02:58,1252.7,20160800,1252.7,20160800,1228.85,20160600
2016-05-24 19:03:37,1252.7,20160800,1252.7,20160800,1229.45,20160600
2016-05-24 23:00:00,1230.6,20160800,1230.6,20160800,1227.6,20160600
2016-05-25 12:33:34,1230.6,20160800,1230.6,20160800,1221.95,20160600
2016-05-25 13:34:10,1230.6,20160800,1230.6,20160800,1224.55,20160600
2016-05-25 14:34:48,1230.6,20160800,1230.6,20160800,1219.75,20160600
2016-05-25 15:36:32,1230.6,20160800,1230.6,20160800,1219.4,20160600
2016-05-25 17:36:55,1230.6,20160800,1230.6,20160800,1221.55,20160600
2016-05-25 18:37:33,1230.6,20160800,1230.6,20160800,1223.85,20160600
2016-05-25 19:38:10,1230.6,20160800,1230.6,20160800,1223.9,20160600
2016-05-25 23:00:00,1226.9,20160800,1226.9,20160800,1224.2,20160600
2016-05-26 12:04:09,1226.9,20160800,1226.9,20160800,1228.65,20160600
2016-05-26 13:04:40,1226.9,20160800,1226.9,20160800,1228.55,20160600
2016-05-26 14:12:43,1226.9,20160800,1226.9,20160800,1231.95,20160600
2016-05-26 15:13:03,1226.9,20160800,1226.9,20160800,1225.85,20160600
2016-05-26 16:34:51,1226.9,20160800,1226.9,20160800,1222.65,20160600
2016-05-26 17:35:13,1226.9,20160800,1226.9,20160800,1220.1999999999996,20160600
2016-05-26 18:35:32,1226.9,20160800,1226.9,20160800,1220.15,20160600
2016-05-26 19:35:54,1226.9,20160800,1226.9,20160800,1220.95,20160600
2016-05-26 23:00:00,1222.4,20160800,1222.4,20160800,1220.0,20160600
2016-05-27 12:53:11,1222.4,20160800,1222.4,20160800,1219.35,20160600
2016-05-27 13:53:46,1222.4,20160800,1222.4,20160800,1218.3000000000004,20160600
2016-05-27 14:54:15,1222.4,20160800,1222.4,20160800,1216.0,20160600
2016-05-27 15:54:43,1222.4,20160800,1222.4,20160800,1212.6999999999996,20160600
2016-05-27 18:11:20,1222.4,20160800,1222.4,20160800,1213.0,20160600
2016-05-27 19:12:00,1222.4,20160800,1222.4,20160800,1210.85,20160600
2016-05-27 23:00:00,1213.4,20160800,1213.4,20160800,1210.5,20160600
2016-05-30 12:21:19,1213.4,20160800,1213.4,20160800,1209.9,20160600
2016-05-30 13:21:54,1213.4,20160800,1213.4,20160800,1208.6,20160600
2016-05-30 14:31:10,1213.4,20160800,1213.4,20160800,1208.1,20160600
2016-05-30 15:31:51,1213.4,20160800,1213.4,20160800,1206.6999999999996,20160600
2016-05-30 16:53:54,1213.4,20160800,1213.4,20160800,1206.8000000000004,20160600
2016-05-30 17:56:14,1213.4,20160800,1213.4,20160800,1205.85,20160600
2016-05-30 18:57:44,1213.4,20160800,1213.4,20160800,1208.1,20160600
2016-05-31 12:05:22,1213.4,20160800,1213.4,20160800,1210.65,20160600
2016-05-31 13:06:13,1213.4,20160800,1213.4,20160800,1211.4,20160600
2016-05-31 14:19:06,1213.4,20160800,1213.4,20160800,1211.9,20160600
2016-05-31 15:20:03,1213.4,20160800,1213.4,20160800,1213.3000000000004,20160600
2016-05-31 17:04:29,1213.4,20160800,1213.4,20160800,1214.0,20160600
2016-05-31 18:05:06,1213.4,20160800,1213.4,20160800,1214.4,20160600
2016-05-31 19:05:35,1213.4,20160800,1213.4,20160800,1216.1999999999996,20160600
2016-05-31 23:00:00,1217.5,20160800,1217.5,20160800,1214.3,20160600
2016-06-01 23:00:00,1217.9,20161000,1217.9,20161000,1215.1,20160800
2016-06-02 23:00:00,1216.4,20161000,1216.4,20161000,1213.0,20160800
2016-06-03 23:00:00,1249.3,20161000,1249.3,20161000,1246.5,20160800
2016-06-06 23:00:00,1250.5,20161000,1250.5,20161000,1247.7,20160800
2016-06-07 12:14:13,1250.5,20161000,1250.5,20161000,1243.75,20160800
2016-06-07 13:14:45,1250.5,20161000,1250.5,20161000,1240.55,20160800
2016-06-07 14:21:28,1250.5,20161000,1250.5,20161000,1240.9,20160800
2016-06-07 15:22:15,1250.5,20161000,1250.5,20161000,1243.9,20160800
2016-06-07 17:25:32,1250.5,20161000,1250.5,20161000,1245.45,20160800
2016-06-07 18:26:00,1250.5,20161000,1250.5,20161000,1245.45,20160800
2016-06-07 19:26:29,1250.5,20161000,1250.5,20161000,1247.85,20160800
2016-06-07 23:00:00,1249.2,20161000,1249.2,20161000,1246.6,20160800
2016-06-08 12:25:22,1249.2,20161000,1249.2,20161000,1256.55,20160800
2016-06-08 13:25:56,1249.2,20161000,1249.2,20161000,1257.85,20160800
2016-06-08 14:26:33,1249.2,20161000,1249.2,20161000,1262.45,20160800
2016-06-08 15:27:10,1249.2,20161000,1249.2,20161000,1263.15,20160800
2016-06-08 17:33:04,1249.2,20161000,1249.2,20161000,1263.6,20160800
2016-06-08 18:33:40,1249.2,20161000,1249.2,20161000,1262.4,20160800
2016-06-08 19:34:20,1249.2,20161000,1249.2,20161000,1263.15,20160800
2016-06-08 23:00:00,1267.8,20161000,1267.8,20161000,1264.7,20160800
2016-06-09 09:21:02,1267.8,20161000,1267.8,20161000,1262.15,20160800
2016-06-09 13:08:04,1267.8,20161000,1267.8,20161000,1261.05,20160800
2016-06-09 14:23:48,1267.8,20161000,1267.8,20161000,1262.65,20160800
2016-06-09 15:29:35,1267.8,20161000,1267.8,20161000,1269.15,20160800
2016-06-09 16:35:37,1267.8,20161000,1267.8,20161000,1272.45,20160800
2016-06-09 18:31:38,1267.8,20161000,1267.8,20161000,1271.95,20160800
2016-06-09 19:32:28,1267.8,20161000,1267.8,20161000,1272.45,20160800
2016-06-09 23:00:00,1275.6,20161000,1275.6,20161000,1271.9,20160800
2016-06-10 06:12:16,1275.6,20161000,1275.6,20161000,1268.85,20160800
2016-06-10 06:20:54,1275.6,20161000,1275.6,20161000,1268.1999999999996,20160800
2016-06-10 12:05:42,1275.6,20161000,1275.6,20161000,1272.15,20160800
2016-06-10 14:12:49,1275.6,20161000,1275.6,20161000,1274.55,20160800
2016-06-10 15:19:32,1275.6,20161000,1275.6,20161000,1279.45,20160800
2016-06-10 16:25:55,1275.6,20161000,1275.6,20161000,1275.35,20160800
2016-06-10 18:41:37,1275.6,20161000,1275.6,20161000,1274.6999999999996,20160800
2016-06-10 19:42:08,1275.6,20161000,1275.6,20161000,1278.05,20160800
2016-06-10 23:00:00,1280.0,20161000,1280.0,20161000,1278.0,20160800
2016-06-13 12:31:32,1280.0,20161000,1280.0,20161000,1287.1999999999996,20160800
2016-06-13 13:32:15,1280.0,20161000,1280.0,20161000,1288.45,20160800
2016-06-13 14:39:36,1280.0,20161000,1280.0,20161000,1284.05,20160800
2016-06-13 15:45:31,1280.0,20161000,1280.0,20161000,1283.95,20160800
2016-06-13 17:38:38,1280.0,20161000,1280.0,20161000,1287.95,20160800
2016-06-13 18:39:23,1280.0,20161000,1280.0,20161000,1285.55,20160800
2016-06-13 19:40:02,1280.0,20161000,1280.0,20161000,1286.15,20160800
2016-06-13 23:00:00,1290.2,20161000,1290.2,20161000,1287.3,20160800
2016-06-14 12:45:14,1290.2,20161000,1290.2,20161000,1285.05,20160800
2016-06-14 13:45:56,1290.2,20161000,1290.2,20161000,1287.45,20160800
2016-06-14 14:56:10,1290.2,20161000,1290.2,20161000,1289.75,20160800
2016-06-14 16:03:31,1290.2,20161000,1290.2,20161000,1289.95,20160800
2016-06-14 18:14:47,1290.2,20161000,1290.2,20161000,1285.6999999999996,20160800
2016-06-14 19:15:32,1290.2,20161000,1290.2,20161000,1289.0,20160800
2016-06-14 23:00:00,1291.3,20161000,1291.3,20161000,1289.1,20160800
2016-06-15 13:05:10,1291.3,20161000,1291.3,20161000,1281.85,20160800
2016-06-15 14:20:55,1291.3,20161000,1291.3,20161000,1284.65,20160800
2016-06-15 15:27:04,1291.3,20161000,1291.3,20161000,1285.15,20160800
2016-06-15 16:33:08,1291.3,20161000,1291.3,20161000,1286.85,20160800
2016-06-15 18:26:23,1291.3,20161000,1291.3,20161000,1287.65,20160800
2016-06-15 19:27:01,1291.3,20161000,1291.3,20161000,1297.15,20160800
2016-06-15 23:00:00,1299.7,20161000,1299.7,20161000,1296.7,20160800
2016-06-16 13:55:56,1299.7,20161000,1299.7,20161000,1314.1999999999996,20160800
2016-06-16 15:02:49,1299.7,20161000,1299.7,20161000,1313.1,20160800
2016-06-16 16:08:30,1299.7,20161000,1299.7,20161000,1315.9,20160800
2016-06-16 17:09:11,1299.7,20161000,1299.7,20161000,1309.75,20160800
2016-06-16 19:09:57,1299.7,20161000,1299.7,20161000,1288.95,20160800
2016-06-16 23:00:00,1285.6,20161000,1285.6,20161000,1283.3,20160800
2016-06-17 13:50:51,1285.6,20161000,1285.6,20161000,1292.15,20160800
2016-06-17 14:58:17,1285.6,20161000,1285.6,20161000,1292.55,20160800
2016-06-17 16:04:36,1285.6,20161000,1285.6,20161000,1292.45,20160800
2016-06-17 17:05:25,1285.6,20161000,1285.6,20161000,1291.35,20160800
2016-06-17 19:05:20,1285.6,20161000,1285.6,20161000,1296.45,20160800
2016-06-17 23:00:00,1304.2,20161000,1304.2,20161000,1301.6,20160800
2016-06-20 12:24:08,1304.2,20161000,1304.2,20161000,1281.05,20160800
2016-06-20 13:24:46,1304.2,20161000,1304.2,20161000,1284.85,20160800
2016-06-20 14:31:45,1304.2,20161000,1304.2,20161000,1284.45,20160800
2016-06-20 15:38:33,1304.2,20161000,1304.2,20161000,1282.55,20160800
2016-06-20 17:29:42,1304.2,20161000,1304.2,20161000,1288.95,20160800
2016-06-20 18:30:30,1304.2,20161000,1304.2,20161000,1290.15,20160800
2016-06-20 19:31:18,1304.2,20161000,1304.2,20161000,1292.25,20160800
2016-06-20 23:00:00,1296.1,20161000,1296.1,20161000,1292.8,20160800
2016-06-21 12:36:05,1296.1,20161000,1296.1,20161000,1273.3000000000004,20160800
2016-06-21 13:36:43,1296.1,20161000,1296.1,20161000,1276.45,20160800
2016-06-21 14:39:50,1296.1,20161000,1296.1,20161000,1276.95,20160800
2016-06-21 15:45:58,1296.1,20161000,1296.1,20161000,1271.15,20160800
2016-06-21 17:50:04,1296.1,20161000,1296.1,20161000,1271.35,20160800
2016-06-21 18:50:45,1296.1,20161000,1296.1,20161000,1272.75,20160800
2016-06-21 23:00:00,1271.6,20161000,1271.6,20161000,1269.3,20160800
2016-06-22 13:05:52,1271.6,20161000,1271.6,20161000,1270.55,20160800
2016-06-22 14:22:01,1271.6,20161000,1271.6,20161000,1267.95,20160800
2016-06-22 15:29:00,1271.6,20161000,1271.6,20161000,1268.05,20160800
2016-06-22 16:35:44,1271.6,20161000,1271.6,20161000,1269.45,20160800
2016-06-22 18:27:22,1271.6,20161000,1271.6,20161000,1271.55,20160800
2016-06-22 19:28:06,1271.6,20161000,1271.6,20161000,1268.65,20160800
2016-06-22 23:00:00,1271.2,20161000,1271.2,20161000,1269.4,20160800
2016-06-23 13:54:22,1271.2,20161000,1271.2,20161000,1263.25,20160800
2016-06-23 15:01:20,1271.2,20161000,1271.2,20161000,1267.25,20160800
2016-06-23 16:07:29,1271.2,20161000,1271.2,20161000,1265.65,20160800
2016-06-23 17:08:17,1271.2,20161000,1271.2,20161000,1266.35,20160800
2016-06-23 19:07:47,1271.2,20161000,1271.2,20161000,1263.15,20160800
2016-06-23 23:00:00,1264.1,20161000,1264.1,20161000,1261.0,20160800
2016-06-24 13:48:44,1264.1,20161000,1264.1,20161000,1326.6,20160800
2016-06-24 14:53:14,1264.1,20161000,1264.1,20161000,1320.6,20160800
2016-06-24 15:54:48,1264.1,20161000,1264.1,20161000,1315.95,20160800
2016-06-24 16:55:57,1264.1,20161000,1264.1,20161000,1321.55,20160800
2016-06-24 18:49:39,1264.1,20161000,1264.1,20161000,1321.95,20160800
2016-06-24 23:00:00,1324.9,20161000,1324.9,20161000,1321.0,20160800
2016-06-27 12:30:18,1324.9,20161000,1324.9,20161000,1333.55,20160800
2016-06-27 13:31:14,1324.9,20161000,1324.9,20161000,1332.95,20160800
2016-06-27 14:40:12,1324.9,20161000,1324.9,20161000,1330.35,20160800
2016-06-27 15:46:46,1324.9,20161000,1324.9,20161000,1328.75,20160800
2016-06-27 17:36:35,1324.9,20161000,1324.9,20161000,1324.1999999999996,20160800
2016-06-27 18:37:06,1324.9,20161000,1324.9,20161000,1324.65,20160800
2016-06-27 19:37:29,1324.9,20161000,1324.9,20161000,1328.45,20160800
2016-06-27 23:00:00,1333.4,20161000,1333.4,20161000,1329.5,20160800
2016-06-28 12:31:40,1333.4,20161000,1333.4,20161000,1311.85,20160800
2016-06-28 13:32:18,1333.4,20161000,1333.4,20161000,1315.35,20160800
2016-06-28 14:39:43,1333.4,20161000,1333.4,20161000,1319.3000000000004,20160800
2016-06-28 15:46:10,1333.4,20161000,1333.4,20161000,1316.15,20160800
2016-06-28 17:44:13,1333.4,20161000,1333.4,20161000,1317.65,20160800
2016-06-28 18:44:53,1333.4,20161000,1333.4,20161000,1318.35,20160800
2016-06-28 23:00:00,1318.1,20161000,1318.1,20161000,1314.0,20160800
2016-06-29 13:00:46,1318.1,20161000,1318.1,20161000,1321.35,20160800
2016-06-29 14:17:02,1318.1,20161000,1318.1,20161000,1323.45,20160800
2016-06-29 15:23:55,1318.1,20161000,1318.1,20161000,1323.35,20160800
2016-06-29 16:32:25,1318.1,20161000,1318.1,20161000,1326.65,20160800
2016-06-29 18:27:24,1318.1,20161000,1318.1,20161000,1326.8000000000004,20160800
2016-06-29 19:28:08,1318.1,20161000,1318.1,20161000,1327.45,20160800
2016-06-29 23:00:00,1324.8,20161000,1324.8,20161000,1321.3,20160800
2016-06-30 13:50:19,1324.8,20161000,1324.8,20161000,1322.15,20160800
2016-06-30 14:59:27,1324.8,20161000,1324.8,20161000,1322.75,20160800
2016-06-30 16:08:21,1324.8,20161000,1324.8,20161000,1322.35,20160800
2016-06-30 17:09:05,1324.8,20161000,1324.8,20161000,1323.65,20160800
2016-06-30 19:09:27,1324.8,20161000,1324.8,20161000,1321.95,20160800
2016-06-30 23:00:00,1328.7,20161000,1328.7,20161000,1325.4,20160800
2016-07-01 13:16:52,1328.7,20161000,1328.7,20161000,1336.95,20160800
2016-07-01 14:26:21,1328.7,20161000,1328.7,20161000,1339.6,20160800
2016-07-01 15:33:59,1328.7,20161000,1328.7,20161000,1339.45,20160800
2016-07-01 16:41:46,1328.7,20161000,1328.7,20161000,1340.15,20160800
2016-07-01 18:39:18,1328.7,20161000,1328.7,20161000,1338.55,20160800
2016-07-01 19:40:02,1328.7,20161000,1328.7,20161000,1339.65,20160800
2016-07-01 23:00:00,1347.6,20161000,1347.6,20161000,1344.1,20160800
2016-07-04 12:24:16,1347.6,20161000,1347.6,20161000,1354.1999999999996,20160800
2016-07-04 13:25:03,1347.6,20161000,1347.6,20161000,1355.05,20160800
2016-07-04 14:37:03,1347.6,20161000,1347.6,20161000,1352.95,20160800
2016-07-04 15:41:13,1347.6,20161000,1347.6,20161000,1352.35,20160800
2016-07-04 17:32:43,1347.6,20161000,1347.6,20161000,1354.15,20160800
2016-07-04 18:35:08,1347.6,20161000,1347.6,20161000,1353.0,20160800
2016-07-04 19:36:20,1347.6,20161000,1347.6,20161000,1353.0,20160800
2016-07-05 12:36:41,1347.6,20161000,1347.6,20161000,1349.55,20160800
2016-07-05 13:37:29,1347.6,20161000,1347.6,20161000,1349.25,20160800
2016-07-05 14:41:10,1347.6,20161000,1347.6,20161000,1350.95,20160800
2016-07-05 15:48:44,1347.6,20161000,1347.6,20161000,1346.55,20160800
2016-07-05 17:53:17,1347.6,20161000,1347.6,20161000,1356.55,20160800
2016-07-05 18:54:15,1347.6,20161000,1347.6,20161000,1358.85,20160800
2016-07-05 23:00:00,1362.3,20161000,1362.3,20161000,1358.8,20160800
2016-07-06 13:09:42,1362.3,20161000,1362.3,20161000,1373.55,20160800
2016-07-06 14:26:01,1362.3,20161000,1362.3,20161000,1371.15,20160800
2016-07-06 15:33:23,1362.3,20161000,1362.3,20161000,1369.85,20160800
2016-07-06 16:40:33,1362.3,20161000,1362.3,20161000,1369.45,20160800
2016-07-06 18:36:41,1362.3,20161000,1362.3,20161000,1367.15,20160800
2016-07-06 19:37:23,1362.3,20161000,1362.3,20161000,1367.05,20160800
2016-07-06 23:00:00,1369.2,20161000,1369.2,20161000,1365.7,20160800
2016-07-07 13:55:25,1369.2,20161000,1369.2,20161000,1365.15,20160800
2016-07-07 15:03:01,1369.2,20161000,1369.2,20161000,1357.75,20160800
2016-07-07 16:11:43,1369.2,20161000,1369.2,20161000,1356.65,20160800
2016-07-07 17:12:30,1369.2,20161000,1369.2,20161000,1357.95,20160800
2016-07-07 19:13:01,1369.2,20161000,1369.2,20161000,1359.65,20160800
2016-07-07 23:00:00,1364.2,20161000,1364.2,20161000,1360.8,20160800
2016-07-08 13:23:34,1364.2,20161000,1364.2,20161000,1356.95,20160800
2016-07-08 14:32:12,1364.2,20161000,1364.2,20161000,1361.55,20160800
2016-07-08 15:38:50,1364.2,20161000,1364.2,20161000,1355.35,20160800
2016-07-08 16:45:39,1364.2,20161000,1364.2,20161000,1353.95,20160800
2016-07-08 18:43:30,1364.2,20161000,1364.2,20161000,1359.95,20160800
2016-07-08 19:44:17,1364.2,20161000,1364.2,20161000,1361.45,20160800
2016-07-08 23:00:00,1371.5,20161000,1371.5,20161000,1366.4,20160800
2016-07-11 12:32:49,1371.5,20161000,1371.5,20161000,1358.6,20160800
2016-07-11 13:33:32,1371.5,20161000,1371.5,20161000,1357.75,20160800
2016-07-11 14:42:41,1371.5,20161000,1371.5,20161000,1356.85,20160800
2016-07-11 15:52:47,1371.5,20161000,1371.5,20161000,1359.85,20160800
2016-07-11 17:41:39,1371.5,20161000,1371.5,20161000,1359.55,20160800
2016-07-11 18:42:26,1371.5,20161000,1371.5,20161000,1356.95,20160800
2016-07-11 19:43:10,1371.5,20161000,1371.5,20161000,1356.65,20160800
2016-07-11 23:00:00,1358.7,20161000,1358.7,20161000,1356.4,20160800
2016-07-12 12:34:30,1358.7,20161000,1358.7,20161000,1348.8000000000004,20160800
2016-07-12 13:35:13,1358.7,20161000,1358.7,20161000,1347.65,20160800
2016-07-12 14:43:17,1358.7,20161000,1358.7,20161000,1344.45,20160800
2016-07-12 15:50:28,1358.7,20161000,1358.7,20161000,1344.85,20160800
2016-07-12 17:48:31,1358.7,20161000,1358.7,20161000,1332.9,20160800
2016-07-12 18:49:19,1358.7,20161000,1358.7,20161000,1334.55,20160800
2016-07-12 23:00:00,1337.4,20161000,1337.4,20161000,1334.3,20160800
2016-07-13 13:04:05,1337.4,20161000,1337.4,20161000,1341.35,20160800
2016-07-13 14:20:18,1337.4,20161000,1337.4,20161000,1340.55,20160800
2016-07-13 15:27:52,1337.4,20161000,1337.4,20161000,1341.55,20160800
2016-07-13 16:35:20,1337.4,20161000,1337.4,20161000,1341.25,20160800
2016-07-13 18:27:42,1337.4,20161000,1337.4,20161000,1343.45,20160800
2016-07-13 19:28:29,1337.4,20161000,1337.4,20161000,1344.15,20160800
2016-07-13 23:00:00,1347.7,20161000,1347.7,20161000,1344.0,20160800
2016-07-14 13:56:23,1347.7,20161000,1347.7,20161000,1323.65,20160800
2016-07-14 15:04:45,1347.7,20161000,1347.7,20161000,1324.15,20160800
2016-07-14 16:13:56,1347.7,20161000,1347.7,20161000,1328.45,20160800
2016-07-14 17:14:37,1347.7,20161000,1347.7,20161000,1328.9,20160800
2016-07-14 19:16:38,1347.7,20161000,1347.7,20161000,1332.15,20160800
2016-07-14 23:00:00,1337.5,20161000,1337.5,20161000,1334.3,20160800
2016-07-15 13:56:04,1337.5,20161000,1337.5,20161000,1329.65,20160800
2016-07-15 15:04:45,1337.5,20161000,1337.5,20161000,1328.05,20160800
2016-07-15 16:13:46,1337.5,20161000,1337.5,20161000,1326.55,20160800
2016-07-15 17:14:32,1337.5,20161000,1337.5,20161000,1328.85,20160800
2016-07-15 19:16:16,1337.5,20161000,1337.5,20161000,1327.85,20160800
2016-07-15 23:00:00,1335.0,20161000,1335.0,20161000,1331.3,20160800
2016-07-18 12:31:30,1335.0,20161000,1335.0,20161000,1325.85,20160800
2016-07-18 13:32:17,1335.0,20161000,1335.0,20161000,1328.55,20160800
2016-07-18 14:41:12,1335.0,20161000,1335.0,20161000,1332.6999999999996,20160800
2016-07-18 15:48:46,1335.0,20161000,1335.0,20161000,1330.25,20160800
2016-07-18 17:39:36,1335.0,20161000,1335.0,20161000,1328.45,20160800
2016-07-18 18:40:25,1335.0,20161000,1335.0,20161000,1328.75,20160800
2016-07-18 19:41:05,1335.0,20161000,1335.0,20161000,1329.35,20160800
2016-07-18 23:00:00,1333.7,20161000,1333.7,20161000,1329.9,20160800
2016-07-19 12:38:39,1333.7,20161000,1333.7,20161000,1331.75,20160800
2016-07-19 13:39:23,1333.7,20161000,1333.7,20161000,1332.25,20160800
2016-07-19 14:43:29,1333.7,20161000,1333.7,20161000,1328.95,20160800
2016-07-19 15:50:49,1333.7,20161000,1333.7,20161000,1331.95,20160800
2016-07-19 17:56:17,1333.7,20161000,1333.7,20161000,1333.25,20160800
2016-07-19 18:57:02,1333.7,20161000,1333.7,20161000,1332.75,20160800
2016-07-19 23:00:00,1336.4,20161000,1336.4,20161000,1332.9,20160800
2016-07-20 13:15:46,1336.4,20161000,1336.4,20161000,1318.45,20160800
2016-07-20 14:28:59,1336.4,20161000,1336.4,20161000,1316.05,20160800
2016-07-20 15:36:55,1336.4,20161000,1336.4,20161000,1318.75,20160800
2016-07-20 16:45:17,1336.4,20161000,1336.4,20161000,1318.35,20160800
2016-07-20 18:42:26,1336.4,20161000,1336.4,20161000,1318.65,20160800
2016-07-20 19:43:07,1336.4,20161000,1336.4,20161000,1317.75,20160800
2016-07-20 23:00:00,1318.1,20161000,1318.1,20161000,1314.5,20160800
2016-07-21 13:56:36,1318.1,20161000,1318.1,20161000,1321.45,20160800
2016-07-21 15:04:25,1318.1,20161000,1318.1,20161000,1317.95,20160800
2016-07-21 16:13:52,1318.1,20161000,1318.1,20161000,1322.55,20160800
2016-07-21 17:14:39,1318.1,20161000,1318.1,20161000,1328.45,20160800
2016-07-21 19:17:03,1318.1,20161000,1318.1,20161000,1329.55,20160800
2016-07-21 23:00:00,1336.3,20161000,1336.3,20161000,1332.2,20160800
2016-07-22 13:57:00,1336.3,20161000,1336.3,20161000,1324.85,20160800
2016-07-22 15:05:14,1336.3,20161000,1336.3,20161000,1322.05,20160800
2016-07-22 16:14:28,1336.3,20161000,1336.3,20161000,1320.65,20160800
2016-07-22 17:16:21,1336.3,20161000,1336.3,20161000,1322.15,20160800
2016-07-22 19:18:37,1336.3,20161000,1336.3,20161000,1322.65,20160800
2016-07-22 23:00:00,1327.6,20161000,1327.6,20161000,1323.2,20160800
2016-07-25 12:36:55,1327.6,20161000,1327.6,20161000,1316.6,20160800
2016-07-25 13:37:38,1327.6,20161000,1327.6,20161000,1316.05,20160800
2016-07-25 14:42:12,1327.6,20161000,1327.6,20161000,1313.65,20160800
2016-07-25 15:49:59,1327.6,20161000,1327.6,20161000,1313.85,20160800
2016-07-25 17:48:31,1327.6,20161000,1327.6,20161000,1320.65,20160800
2016-07-25 18:49:10,1327.6,20161000,1327.6,20161000,1319.25,20160800
2016-07-25 23:00:00,1319.0,20161000,1319.0,20161000,1315.3,20160800
2016-07-26 12:42:19,1319.0,20161000,1319.0,20161000,1320.5,20160800
2016-07-26 13:42:59,1319.0,20161000,1319.0,20161000,1320.35,20160800
2016-07-26 14:48:17,1319.0,20161000,1319.0,20161000,1319.5,20160800
2016-07-26 15:56:36,1319.0,20161000,1319.0,20161000,1319.55,20160800
2016-07-26 18:02:39,1319.0,20161000,1319.0,20161000,1320.05,20160800
2016-07-26 19:03:22,1319.0,20161000,1319.0,20161000,1320.85,20160800
2016-07-26 23:00:00,1323.3,20161000,1323.3,20161000,1319.9,20160800
2016-07-27 13:07:48,1323.3,20161000,1323.3,20161000,1318.85,20160800
2016-07-27 14:24:33,1323.3,20161000,1323.3,20161000,1327.0,20160800
2016-07-27 15:32:40,1323.3,20161000,1323.3,20161000,1326.75,20160800
2016-07-27 16:40:41,1323.3,20161000,1323.3,20161000,1326.85,20160800
2016-07-27 18:38:29,1323.3,20161000,1323.3,20161000,1326.55,20160800
2016-07-27 19:39:19,1323.3,20161000,1323.3,20161000,1331.75,20160800
2016-07-27 23:00:00,1344.2,20161000,1344.2,20161000,1341.0,20160800
2016-07-28 13:40:04,1344.2,20161000,1344.2,20161000,1343.0,20160800
2016-07-28 14:44:18,1344.2,20161000,1344.2,20161000,1340.75,20160800
2016-07-28 15:48:34,1344.2,20161000,1344.2,20161000,1337.3000000000004,20160800
2016-07-28 16:57:19,1344.2,20161000,1344.2,20161000,1333.65,20160800
2016-07-28 19:01:35,1344.2,20161000,1344.2,20161000,1332.85,20160800
2016-07-28 23:00:00,1337.0,20161000,1337.0,20161000,1332.3,20160800
2016-07-29 14:55:51,1337.0,20161000,1337.0,20161000,1340.0,20160800
2016-07-29 23:00:00,1353.4,20161000,1353.4,20161000,1349.7,20160800
2016-08-01 23:00:00,1359.6,20161200,1359.6,20161200,1355.2,20161000
2016-08-02 23:00:00,1372.6,20161200,1372.6,20161200,1368.2,20161000
2016-08-03 23:00:00,1364.7,20161200,1364.7,20161200,1360.2,20161000
2016-08-04 23:00:00,1367.4,20161200,1367.4,20161200,1362.7,20161000
2016-08-05 23:00:00,1341.4,20161200,1341.4,20161200,1336.4,20161000
2016-08-08 23:00:00,1341.3,20161200,1341.3,20161200,1336.4,20161000
2016-08-09 23:00:00,1346.7,20161200,1346.7,20161200,1342.1,20161000
2016-08-10 23:00:00,1351.9,20161200,1351.9,20161200,1347.4,20161000
2016-08-11 23:00:00,1350.0,20161200,1350.0,20161200,1345.5,20161000
2016-08-12 13:01:31,1343.75,20161200,1343.75,20161200,1345.5,20161000
2016-08-12 19:32:15,1343.05,20161200,1343.05,20161200,1345.5,20161000
2016-08-12 23:00:00,1341.7,20161200,1341.7,20161200,1337.4,20161000
2016-08-15 12:29:59,1345.85,20161200,1345.85,20161200,1337.4,20161000
2016-08-15 13:45:29,1342.65,20161200,1342.65,20161200,1337.4,20161000
2016-08-15 16:09:58,1346.95,20161200,1346.95,20161200,1337.4,20161000
2016-08-15 17:32:32,1347.4,20161200,1347.4,20161200,1337.4,20161000
2016-08-15 18:40:24,1346.35,20161200,1346.35,20161200,1337.4,20161000
2016-08-15 23:00:00,1344.9,20161200,1344.9,20161200,1340.7,20161000
2016-08-16 12:06:04,1359.45,20161200,1359.45,20161200,1340.7,20161000
2016-08-16 13:18:39,1358.55,20161200,1358.55,20161200,1340.7,20161000
2016-08-16 14:37:39,1346.75,20161200,1346.75,20161200,1340.7,20161000
2016-08-16 16:44:51,1353.85,20161200,1353.85,20161200,1340.7,20161000
2016-08-16 17:57:13,1353.45,20161200,1353.45,20161200,1340.7,20161000
2016-08-16 19:04:35,1354.55,20161200,1354.55,20161200,1340.7,20161000
2016-08-16 23:00:00,1351.8,20161200,1351.8,20161200,1348.0,20161000
2016-08-17 12:07:50,1348.15,20161200,1348.15,20161200,1348.0,20161000
2016-08-17 13:17:32,1348.65,20161200,1348.65,20161200,1348.0,20161000
2016-08-17 14:38:03,1348.05,20161200,1348.05,20161200,1348.0,20161000
2016-08-17 16:13:57,1351.05,20161200,1351.05,20161200,1348.0,20161000
2016-08-17 17:21:11,1350.55,20161200,1350.55,20161200,1348.0,20161000
2016-08-17 18:29:56,1348.65,20161200,1348.65,20161200,1348.0,20161000
2016-08-17 19:30:35,1354.1999999999996,20161200,1354.1999999999996,20161200,1348.0,20161000
2016-08-17 23:00:00,1353.5,20161200,1353.5,20161200,1349.3,20161000
2016-08-18 12:34:22,1355.25,20161200,1355.25,20161200,1349.3,20161000
2016-08-18 13:52:23,1356.85,20161200,1356.85,20161200,1349.3,20161000
2016-08-18 15:30:34,1353.85,20161200,1353.85,20161200,1349.3,20161000
2016-08-18 17:33:53,1355.6999999999996,20161200,1355.6999999999996,20161200,1349.3,20161000
2016-08-18 18:42:48,1356.75,20161200,1356.75,20161200,1349.3,20161000
2016-08-18 19:43:35,1357.85,20161200,1357.85,20161200,1349.3,20161000
2016-08-18 23:00:00,1357.1,20161200,1357.1,20161200,1353.1,20161000
2016-08-19 12:35:18,1349.55,20161200,1349.55,20161200,1353.1,20161000
2016-08-19 13:51:04,1343.35,20161200,1343.35,20161200,1353.1,20161000
2016-08-19 15:27:12,1349.45,20161200,1349.45,20161200,1353.1,20161000
2016-08-19 17:34:13,1347.85,20161200,1347.85,20161200,1353.1,20161000
2016-08-19 18:41:41,1347.15,20161200,1347.15,20161200,1353.1,20161000
2016-08-19 19:42:46,1347.85,20161200,1347.85,20161200,1353.1,20161000
2016-08-19 23:00:00,1344.4,20161200,1344.4,20161200,1340.4,20161000
2016-08-22 12:24:34,1339.75,20161200,1339.75,20161200,1340.4,20161000
2016-08-22 13:42:13,1340.85,20161200,1340.85,20161200,1340.4,20161000
2016-08-22 15:12:02,1340.95,20161200,1340.95,20161200,1340.4,20161000
2016-08-22 17:38:34,1343.95,20161200,1343.95,20161200,1340.4,20161000
2016-08-22 18:49:22,1343.1,20161200,1343.1,20161200,1340.4,20161000
2016-08-22 23:00:00,1342.7,20161200,1342.7,20161200,1338.8,20161000
2016-08-23 12:37:21,1344.45,20161200,1344.45,20161200,1338.8,20161000
2016-08-23 13:52:57,1348.1999999999996,20161200,1348.1999999999996,20161200,1338.8,20161000
2016-08-23 15:29:45,1347.05,20161200,1347.05,20161200,1338.8,20161000
2016-08-23 17:52:30,1344.25,20161200,1344.25,20161200,1338.8,20161000
2016-08-23 19:00:27,1344.75,20161200,1344.75,20161200,1338.8,20161000
2016-08-23 23:00:00,1342.7,20161200,1342.7,20161200,1338.8,20161000
2016-08-24 12:46:24,1340.65,20161200,1340.65,20161200,1338.8,20161000
2016-08-24 14:02:53,1333.95,20161200,1333.95,20161200,1338.8,20161000
2016-08-24 15:41:03,1329.35,20161200,1329.35,20161200,1338.8,20161000
2016-08-24 18:07:18,1330.45,20161200,1330.45,20161200,1338.8,20161000
2016-08-24 19:16:40,1327.95,20161200,1327.95,20161200,1338.8,20161000
2016-08-24 23:00:00,1327.8,20161200,1327.8,20161200,1324.0,20161000
2016-08-25 12:54:59,1326.75,20161200,1326.75,20161200,1324.0,20161000
2016-08-25 14:10:08,1324.35,20161200,1324.35,20161200,1324.0,20161000
2016-08-25 15:47:49,1324.65,20161200,1324.65,20161200,1324.0,20161000
2016-08-25 18:11:45,1324.95,20161200,1324.95,20161200,1324.0,20161000
2016-08-25 19:20:16,1325.75,20161200,1325.75,20161200,1324.0,20161000
2016-08-25 23:00:00,1324.3,20161200,1324.3,20161200,1322.0,20161000
2016-08-26 14:12:23,1332.25,20161200,1332.25,20161200,1322.0,20161000
2016-08-26 15:51:10,1335.95,20161200,1335.95,20161200,1322.0,20161000
2016-08-26 18:35:17,1325.0,20161200,1325.0,20161200,1322.0,20161000
2016-08-26 19:36:11,1324.25,20161200,1324.25,20161200,1322.0,20161000
2016-08-26 23:00:00,1325.0,20161200,1325.0,20161200,1321.8,20161000
2016-08-29 12:19:23,1323.15,20161200,1323.15,20161200,1321.8,20161000
2016-08-29 13:36:21,1322.65,20161200,1322.65,20161200,1321.8,20161000
2016-08-29 15:05:20,1324.45,20161200,1324.45,20161200,1321.8,20161000
2016-08-29 17:28:54,1326.25,20161200,1326.25,20161200,1321.8,20161000
2016-08-29 18:38:38,1327.45,20161200,1327.45,20161200,1321.8,20161000
2016-08-29 19:39:40,1327.95,20161200,1327.95,20161200,1321.8,20161000
2016-08-29 23:00:00,1325.4,20161200,1325.4,20161200,1322.5,20161000
2016-08-30 12:43:08,1323.6,20161200,1323.6,20161200,1322.5,20161000
2016-08-30 14:01:11,1321.05,20161200,1321.05,20161200,1322.5,20161000
2016-08-30 15:41:50,1322.15,20161200,1322.15,20161200,1322.5,20161000
2016-08-30 18:10:33,1316.65,20161200,1316.65,20161200,1322.5,20161000
2016-08-30 19:21:49,1315.85,20161200,1315.85,20161200,1322.5,20161000
2016-08-30 23:00:00,1313.4,20161200,1313.4,20161200,1310.1,20161000
2016-08-31 13:03:28,1316.25,20161200,1316.25,20161200,1310.1,20161000
2016-08-31 14:19:14,1310.65,20161200,1310.65,20161200,1310.1,20161000
2016-08-31 16:02:24,1312.15,20161200,1312.15,20161200,1310.1,20161000
2016-08-31 18:18:55,1311.05,20161200,1311.05,20161200,1310.1,20161000
2016-08-31 19:25:26,1311.45,20161200,1311.45,20161200,1310.1,20161000
2016-08-31 23:00:00,1311.8,20161200,1311.8,20161200,1308.4,20161000
2016-09-01 13:47:41,1306.85,20161200,1306.85,20161200,1308.4,20161000
2016-09-01 15:28:49,1315.75,20161200,1315.75,20161200,1308.4,20161000
2016-09-01 18:16:59,1317.25,20161200,1317.25,20161200,1308.4,20161000
2016-09-01 19:28:10,1315.85,20161200,1315.85,20161200,1308.4,20161000
2016-09-01 23:00:00,1316.3,20161200,1316.3,20161200,1313.4,20161000
2016-09-02 13:47:43,1329.55,20161200,1329.55,20161200,1313.4,20161000
2016-09-02 15:27:00,1323.65,20161200,1323.65,20161200,1313.4,20161000
2016-09-02 18:11:14,1325.55,20161200,1325.55,20161200,1313.4,20161000
2016-09-02 19:20:23,1326.5,20161200,1326.5,20161200,1313.4,20161000
2016-09-02 23:00:00,1328.8,20161200,1328.8,20161200,1325.6,20161000
2016-09-05 12:59:33,1330.35,20161200,1330.35,20161200,1325.6,20161000
2016-09-05 14:15:12,1329.55,20161200,1329.55,20161200,1325.6,20161000
2016-09-05 15:53:13,1329.85,20161200,1329.85,20161200,1325.6,20161000
2016-09-05 18:16:11,1330.9,20161200,1330.9,20161200,1325.6,20161000
2016-09-05 19:19:40,1330.9,20161200,1330.9,20161200,1325.6,20161000
2016-09-06 12:43:24,1336.25,20161200,1336.25,20161200,1325.6,20161000
2016-09-06 13:59:28,1338.65,20161200,1338.65,20161200,1325.6,20161000
2016-09-06 15:35:47,1343.75,20161200,1343.75,20161200,1325.6,20161000
2016-09-06 17:49:53,1349.25,20161200,1349.25,20161200,1325.6,20161000
2016-09-06 18:58:42,1355.25,20161200,1355.25,20161200,1325.6,20161000
2016-09-06 23:00:00,1354.8,20161200,1354.8,20161200,1350.9,20161000
2016-09-07 12:49:31,1352.75,20161200,1352.75,20161200,1350.9,20161000
2016-09-07 14:07:39,1355.55,20161200,1355.55,20161200,1350.9,20161000
2016-09-07 15:46:57,1349.25,20161200,1349.25,20161200,1350.9,20161000
2016-09-07 18:19:10,1348.55,20161200,1348.55,20161200,1350.9,20161000
2016-09-07 19:29:13,1349.75,20161200,1349.75,20161200,1350.9,20161000
2016-09-07 23:00:00,1349.2,20161200,1349.2,20161200,1345.8,20161000
2016-09-08 13:20:08,1352.35,20161200,1352.35,20161200,1345.8,20161000
2016-09-08 14:44:25,1350.1,20161200,1350.1,20161200,1345.8,20161000
2016-09-08 16:22:47,1347.55,20161200,1347.55,20161200,1345.8,20161000
2016-09-08 18:36:19,1341.05,20161200,1341.05,20161200,1345.8,20161000
2016-09-08 19:38:06,1341.05,20161200,1341.05,20161200,1345.8,20161000
2016-09-08 23:00:00,1341.6,20161200,1341.6,20161200,1337.6,20161000
2016-09-09 13:01:14,1337.65,20161200,1337.65,20161200,1337.6,20161000
2016-09-09 14:19:41,1338.15,20161200,1338.15,20161200,1337.6,20161000
2016-09-09 16:00:22,1337.5,20161200,1337.5,20161200,1337.6,20161000
2016-09-09 18:26:38,1335.45,20161200,1335.45,20161200,1337.6,20161000
2016-09-09 19:28:03,1333.75,20161200,1333.75,20161200,1337.6,20161000
2016-09-09 23:00:00,1331.4,20161200,1331.4,20161200,1327.8,20161000
2016-09-12 12:41:13,1329.05,20161200,1329.05,20161200,1327.8,20161000
2016-09-12 13:59:14,1328.25,20161200,1328.25,20161200,1327.8,20161000
2016-09-12 15:38:04,1328.65,20161200,1328.65,20161200,1327.8,20161000
2016-09-12 17:49:27,1324.75,20161200,1324.75,20161200,1327.8,20161000
2016-09-12 18:57:53,1329.95,20161200,1329.95,20161200,1327.8,20161000
2016-09-12 23:00:00,1331.1,20161200,1331.1,20161200,1327.4,20161000
2016-09-13 12:43:02,1328.6,20161200,1328.6,20161200,1327.4,20161000
2016-09-13 13:59:12,1327.75,20161200,1327.75,20161200,1327.4,20161000
2016-09-13 15:33:54,1328.45,20161200,1328.45,20161200,1327.4,20161000
2016-09-13 17:49:32,1327.15,20161200,1327.15,20161200,1327.4,20161000
2016-09-13 18:56:35,1324.55,20161200,1324.55,20161200,1327.4,20161000
2016-09-13 23:00:00,1322.1,20161200,1322.1,20161200,1317.7,20161000
2016-09-14 12:58:00,1325.85,20161200,1325.85,20161200,1317.7,20161000
2016-09-14 14:15:31,1323.35,20161200,1323.35,20161200,1317.7,20161000
2016-09-14 15:53:35,1327.25,20161200,1327.25,20161200,1317.7,20161000
2016-09-14 18:20:31,1326.55,20161200,1326.55,20161200,1317.7,20161000
2016-09-14 19:28:31,1327.45,20161200,1327.45,20161200,1317.7,20161000
2016-09-14 23:00:00,1326.0,20161200,1326.0,20161200,1321.8,20161000
2016-09-15 13:11:04,1325.05,20161200,1325.05,20161200,1321.8,20161000
2016-09-15 14:33:22,1321.25,20161200,1321.25,20161200,1321.8,20161000
2016-09-15 16:12:01,1323.35,20161200,1323.35,20161200,1321.8,20161000
2016-09-15 18:28:45,1317.9,20161200,1317.9,20161200,1321.8,20161000
2016-09-15 19:31:48,1320.15,20161200,1320.15,20161200,1321.8,20161000
2016-09-15 23:00:00,1317.6,20161200,1317.6,20161200,1313.7,20161000
2016-09-16 13:15:15,1316.95,20161200,1316.95,20161200,1313.7,20161000
2016-09-16 14:34:20,1312.85,20161200,1312.85,20161200,1313.7,20161000
2016-09-16 16:08:37,1313.75,20161200,1313.75,20161200,1313.7,20161000
2016-09-16 18:32:37,1310.25,20161200,1310.25,20161200,1313.7,20161000
2016-09-16 19:33:36,1311.55,20161200,1311.55,20161200,1313.7,20161000
2016-09-16 23:00:00,1313.6,20161200,1313.6,20161200,1309.1,20161000
2016-09-19 12:18:21,1317.95,20161200,1317.95,20161200,1309.1,20161000
2016-09-19 13:37:34,1317.65,20161200,1317.65,20161200,1309.1,20161000
2016-09-19 15:09:11,1318.65,20161200,1318.65,20161200,1309.1,20161000
2016-09-19 17:34:54,1317.15,20161200,1317.15,20161200,1309.1,20161000
2016-09-19 18:46:01,1317.05,20161200,1317.05,20161200,1309.1,20161000
2016-09-19 23:00:00,1316.8,20161200,1316.8,20161200,1312.4,20161000
2016-09-20 12:45:57,1317.85,20161200,1317.85,20161200,1312.4,20161000
2016-09-20 14:03:20,1317.25,20161200,1317.25,20161200,1312.4,20161000
2016-09-20 15:40:01,1317.3000000000004,20161200,1317.3000000000004,20161200,1312.4,20161000
2016-09-20 18:07:55,1318.05,20161200,1318.05,20161200,1312.4,20161000
2016-09-20 19:17:13,1317.25,20161200,1317.25,20161200,1312.4,20161000
2016-09-20 23:00:00,1318.3,20161200,1318.3,20161200,1314.0,20161000
2016-09-21 13:04:57,1327.75,20161200,1327.75,20161200,1314.0,20161000
2016-09-21 14:22:08,1328.55,20161200,1328.55,20161200,1314.0,20161000
2016-09-21 16:01:34,1329.55,20161200,1329.55,20161200,1314.0,20161000
2016-09-21 18:20:38,1330.25,20161200,1330.25,20161200,1314.0,20161000
2016-09-21 19:30:25,1334.95,20161200,1334.95,20161200,1314.0,20161000
2016-09-21 23:00:00,1337.8,20161200,1337.8,20161200,1333.6,20161000
2016-09-22 14:09:10,1340.75,20161200,1340.75,20161200,1333.6,20161000
2016-09-22 15:50:45,1342.3000000000004,20161200,1342.3000000000004,20161200,1333.6,20161000
2016-09-22 18:32:03,1344.65,20161200,1344.65,20161200,1333.6,20161000
2016-09-22 19:32:47,1341.15,20161200,1341.15,20161200,1333.6,20161000
2016-09-22 23:00:00,1341.1,20161200,1341.1,20161200,1336.8,20161000
2016-09-23 12:55:16,1342.35,20161200,1342.35,20161200,1336.8,20161000
2016-09-23 14:12:15,1340.25,20161200,1340.25,20161200,1336.8,20161000
2016-09-23 15:50:56,1341.75,20161200,1341.75,20161200,1336.8,20161000
2016-09-23 18:24:34,1342.35,20161200,1342.35,20161200,1336.8,20161000
2016-09-23 19:27:33,1340.25,20161200,1340.25,20161200,1336.8,20161000
2016-09-23 23:00:00,1341.8,20161200,1341.8,20161200,1337.4,20161000
2016-09-26 12:33:17,1340.85,20161200,1340.85,20161200,1337.4,20161000
2016-09-26 13:51:02,1342.35,20161200,1342.35,20161200,1337.4,20161000
2016-09-26 15:27:42,1345.55,20161200,1345.55,20161200,1337.4,20161000
2016-09-26 17:33:29,1343.55,20161200,1343.55,20161200,1337.4,20161000
2016-09-26 18:43:00,1344.15,20161200,1344.15,20161200,1337.4,20161000
2016-09-26 19:44:12,1341.45,20161200,1341.45,20161200,1337.4,20161000
2016-09-26 23:00:00,1341.8,20161200,1341.8,20161200,1336.6,20161000
2016-09-27 12:32:28,1339.45,20161200,1339.45,20161200,1336.6,20161000
2016-09-27 13:33:10,1336.25,20161200,1336.25,20161200,1336.6,20161000
2016-09-27 14:37:09,1332.75,20161200,1332.75,20161200,1336.6,20161000
2016-09-27 15:38:01,1330.95,20161200,1330.95,20161200,1336.6,20161000
2016-09-27 17:19:55,1330.0,20161200,1330.0,20161200,1336.6,20161000
2016-09-27 18:20:38,1330.65,20161200,1330.65,20161200,1336.6,20161000
2016-09-27 19:21:10,1330.85,20161200,1330.85,20161200,1336.6,20161000
2016-09-27 23:00:00,1330.4,20161200,1330.4,20161200,1326.5,20161000
2016-09-28 12:34:22,1328.85,20161200,1328.85,20161200,1326.5,20161000
2016-09-28 13:53:47,1327.85,20161200,1327.85,20161200,1326.5,20161000
2016-09-28 15:32:56,1325.95,20161200,1325.95,20161200,1326.5,20161000
2016-09-28 18:12:53,1324.25,20161200,1324.25,20161200,1326.5,20161000
2016-09-28 19:22:39,1326.85,20161200,1326.85,20161200,1326.5,20161000
2016-09-28 23:00:00,1325.6,20161200,1325.6,20161200,1321.5,20161000
2016-09-29 12:45:06,1325.6,20170200,1325.6,20170200,1324.0,20161200
2016-09-29 14:04:33,1325.6,20170200,1325.6,20170200,1321.15,20161200
2016-09-29 15:44:46,1325.6,20170200,1325.6,20170200,1323.15,20161200
2016-09-29 18:13:08,1325.6,20170200,1325.6,20170200,1326.45,20161200
2016-09-29 19:23:33,1325.6,20170200,1325.6,20170200,1325.75,20161200
2016-09-29 23:00:00,1327.4,20170200,1327.4,20170200,1323.5,20161200
2016-09-30 14:10:08,1327.4,20170200,1327.4,20170200,1331.15,20161200
2016-09-30 15:51:47,1327.4,20170200,1327.4,20170200,1325.45,20161200
2016-09-30 18:37:03,1327.4,20170200,1327.4,20170200,1316.6999999999996,20161200
2016-09-30 19:37:51,1327.4,20170200,1327.4,20170200,1319.25,20161200
2016-09-30 23:00:00,1324.2,20170200,1324.2,20170200,1320.4,20161200
2016-10-03 12:43:45,1324.2,20170200,1324.2,20170200,1319.95,20161200
2016-10-03 14:02:22,1324.2,20170200,1324.2,20170200,1316.35,20161200
2016-10-03 15:40:10,1324.2,20170200,1324.2,20170200,1314.75,20161200
2016-10-03 17:55:59,1324.2,20170200,1324.2,20170200,1313.65,20161200
2016-10-03 19:06:42,1324.2,20170200,1324.2,20170200,1314.45,20161200
2016-10-03 23:00:00,1317.2,20170200,1317.2,20170200,1313.7,20161200
2016-10-04 12:42:44,1317.2,20170200,1317.2,20170200,1311.65,20161200
2016-10-04 14:02:08,1317.2,20170200,1317.2,20170200,1295.05,20161200
2016-10-04 15:42:46,1317.2,20170200,1317.2,20170200,1286.75,20161200
2016-10-04 17:53:43,1317.2,20170200,1317.2,20170200,1274.75,20161200
2016-10-04 19:03:43,1317.2,20170200,1317.2,20170200,1274.8000000000004,20161200
2016-10-04 23:00:00,1274.6,20170200,1274.6,20170200,1271.8,20161200
2016-10-05 13:03:57,1274.6,20170200,1274.6,20170200,1275.55,20161200
2016-10-05 14:21:56,1274.6,20170200,1274.6,20170200,1274.35,20161200
2016-10-05 16:03:28,1274.6,20170200,1274.6,20170200,1270.75,20161200
2016-10-05 18:20:19,1274.6,20170200,1274.6,20170200,1266.85,20161200
2016-10-05 19:29:27,1274.6,20170200,1274.6,20170200,1269.35,20161200
2016-10-05 23:00:00,1272.4,20170200,1272.4,20170200,1269.9,20161200
2016-10-06 12:21:28,1272.4,20170200,1272.4,20170200,1269.45,20161200
2016-10-06 13:22:11,1272.4,20170200,1272.4,20170200,1266.85,20161200
2016-10-06 14:28:00,1272.4,20170200,1272.4,20170200,1255.85,20161200
2016-10-06 15:29:28,1272.4,20170200,1272.4,20170200,1256.05,20161200
2016-10-06 17:21:18,1272.4,20170200,1272.4,20170200,1257.45,20161200
2016-10-06 18:21:44,1272.4,20170200,1272.4,20170200,1254.65,20161200
2016-10-06 19:22:38,1272.4,20170200,1272.4,20170200,1252.75,20161200
2016-10-06 23:00:00,1258.9,20170200,1258.9,20170200,1255.7,20161200
2016-10-07 12:04:29,1258.9,20170200,1258.9,20170200,1259.75,20161200
2016-10-07 14:40:23,1258.9,20170200,1258.9,20170200,1264.85,20161200
2016-10-07 16:20:54,1258.9,20170200,1258.9,20170200,1255.65,20161200
2016-10-07 18:47:47,1258.9,20170200,1258.9,20170200,1256.05,20161200
2016-10-07 23:00:00,1261.8,20170200,1261.8,20170200,1259.2,20161200
2016-10-10 12:40:28,1261.8,20170200,1261.8,20170200,1263.15,20161200
2016-10-10 14:02:33,1261.8,20170200,1261.8,20170200,1260.85,20161200
2016-10-10 15:42:45,1261.8,20170200,1261.8,20170200,1263.25,20161200
2016-10-10 17:56:34,1261.8,20170200,1261.8,20170200,1260.25,20161200
2016-10-10 19:07:20,1261.8,20170200,1261.8,20170200,1261.05,20161200
2016-10-10 23:00:00,1264.9,20170200,1264.9,20170200,1261.6,20161200
2016-10-11 12:42:28,1264.9,20170200,1264.9,20170200,1256.65,20161200
2016-10-11 14:03:41,1264.9,20170200,1264.9,20170200,1257.25,20161200
2016-10-11 15:44:30,1264.9,20170200,1264.9,20170200,1256.65,20161200
2016-10-11 18:17:53,1264.9,20170200,1264.9,20170200,1257.25,20161200
2016-10-11 19:30:05,1264.9,20170200,1264.9,20170200,1257.8000000000004,20161200
2016-10-11 23:00:00,1258.0,20170200,1258.0,20170200,1254.5,20161200
2016-10-12 13:15:24,1258.0,20170200,1258.0,20170200,1251.75,20161200
2016-10-12 14:41:03,1258.0,20170200,1258.0,20170200,1255.95,20161200
2016-10-12 16:21:23,1258.0,20170200,1258.0,20170200,1253.35,20161200
2016-10-12 18:40:44,1258.0,20170200,1258.0,20170200,1253.75,20161200
2016-10-12 19:41:54,1258.0,20170200,1258.0,20170200,1256.55,20161200
2016-10-12 23:00:00,1259.6,20170200,1259.6,20170200,1256.3,20161200
2016-10-13 13:13:45,1259.6,20170200,1259.6,20170200,1260.55,20161200
2016-10-13 14:39:52,1259.6,20170200,1259.6,20170200,1259.75,20161200
2016-10-13 16:20:54,1259.6,20170200,1259.6,20170200,1258.95,20161200
2016-10-13 18:36:15,1259.6,20170200,1259.6,20170200,1257.65,20161200
2016-10-13 19:37:28,1259.6,20170200,1259.6,20170200,1260.25,20161200
2016-10-13 23:00:00,1262.6,20170200,1262.6,20170200,1258.9,20161200
2016-10-14 13:22:55,1262.6,20170200,1262.6,20170200,1252.25,20161200
2016-10-14 14:46:22,1262.6,20170200,1262.6,20170200,1253.55,20161200
2016-10-14 16:27:21,1262.6,20170200,1262.6,20170200,1253.75,20161200
2016-10-14 18:42:36,1262.6,20170200,1262.6,20170200,1257.75,20161200
2016-10-14 19:43:25,1262.6,20170200,1262.6,20170200,1255.15,20161200
2016-10-14 23:00:00,1256.6,20170200,1256.6,20170200,1252.9,20161200
2016-10-17 12:37:55,1256.6,20170200,1256.6,20170200,1254.95,20161200
2016-10-17 13:58:28,1256.6,20170200,1256.6,20170200,1255.35,20161200
2016-10-17 15:39:09,1256.6,20170200,1256.6,20170200,1254.85,20161200
2016-10-17 17:46:51,1256.6,20170200,1256.6,20170200,1257.15,20161200
2016-10-17 18:58:28,1256.6,20170200,1256.6,20170200,1257.15,20161200
2016-10-17 23:00:00,1259.8,20170200,1259.8,20170200,1255.8,20161200
2016-10-18 12:37:02,1259.8,20170200,1259.8,20170200,1262.5,20161200
2016-10-18 13:57:13,1259.8,20170200,1259.8,20170200,1262.8000000000004,20161200
2016-10-18 15:36:51,1259.8,20170200,1259.8,20170200,1260.25,20161200
2016-10-18 17:46:53,1259.8,20170200,1259.8,20170200,1263.35,20161200
2016-10-18 18:59:35,1259.8,20170200,1259.8,20170200,1262.75,20161200
2016-10-18 23:00:00,1267.2,20170200,1267.2,20170200,1263.3,20161200
2016-10-19 12:53:24,1267.2,20170200,1267.2,20170200,1271.55,20161200
2016-10-19 14:12:53,1267.2,20170200,1267.2,20170200,1270.45,20161200
2016-10-19 15:57:34,1267.2,20170200,1267.2,20170200,1269.25,20161200
2016-10-19 18:14:22,1267.2,20170200,1267.2,20170200,1269.95,20161200
2016-10-19 19:26:42,1267.2,20170200,1267.2,20170200,1269.85,20161200
2016-10-19 23:00:00,1273.4,20170200,1273.4,20170200,1270.6,20161200
2016-10-20 14:13:53,1273.4,20170200,1273.4,20170200,1271.8000000000004,20161200
2016-10-20 15:56:10,1273.4,20170200,1273.4,20170200,1266.65,20161200
2016-10-20 18:38:34,1273.4,20170200,1273.4,20170200,1267.75,20161200
2016-10-20 19:39:25,1273.4,20170200,1273.4,20170200,1267.15,20161200
2016-10-20 23:00:00,1270.3,20170200,1270.3,20170200,1266.7,20161200
2016-10-21 12:49:25,1270.3,20170200,1270.3,20170200,1266.0,20161200
2016-10-21 14:10:18,1270.3,20170200,1270.3,20170200,1267.75,20161200
2016-10-21 15:55:07,1270.3,20170200,1270.3,20170200,1266.05,20161200
2016-10-21 18:11:01,1270.3,20170200,1270.3,20170200,1266.85,20161200
2016-10-21 19:24:39,1270.3,20170200,1270.3,20170200,1267.55,20161200
2016-10-21 23:00:00,1271.5,20170200,1271.5,20170200,1267.9,20161200
2016-10-24 12:44:11,1271.5,20170200,1271.5,20170200,1264.15,20161200
2016-10-24 14:02:00,1271.5,20170200,1271.5,20170200,1271.75,20161200
2016-10-24 15:41:03,1271.5,20170200,1271.5,20170200,1263.8000000000004,20161200
2016-10-24 17:57:13,1271.5,20170200,1271.5,20170200,1263.75,20161200
2016-10-24 19:06:31,1271.5,20170200,1271.5,20170200,1263.25,20161200
2016-10-24 23:00:00,1268.2,20170200,1268.2,20170200,1264.7,20161200
2016-10-25 12:55:38,1268.2,20170200,1268.2,20170200,1270.65,20161200
2016-10-25 14:15:32,1268.2,20170200,1268.2,20170200,1267.85,20161200
2016-10-25 15:57:38,1268.2,20170200,1268.2,20170200,1271.65,20161200
2016-10-25 18:21:22,1268.2,20170200,1268.2,20170200,1273.35,20161200
2016-10-25 19:30:44,1268.2,20170200,1268.2,20170200,1276.25,20161200
2016-10-25 23:00:00,1278.5,20170200,1278.5,20170200,1275.0,20161200
2016-10-26 13:02:30,1278.5,20170200,1278.5,20170200,1272.35,20161200
2016-10-26 14:23:51,1278.5,20170200,1278.5,20170200,1272.95,20161200
2016-10-26 16:07:14,1278.5,20170200,1278.5,20170200,1269.35,20161200
2016-10-26 18:38:14,1278.5,20170200,1278.5,20170200,1267.05,20161200
2016-10-26 19:39:02,1278.5,20170200,1278.5,20170200,1266.95,20161200
2016-10-26 23:00:00,1270.5,20170200,1270.5,20170200,1267.0,20161200
2016-10-27 12:48:24,1270.5,20170200,1270.5,20170200,1269.95,20161200
2016-10-27 13:49:10,1270.5,20170200,1270.5,20170200,1272.45,20161200
2016-10-27 14:52:25,1270.5,20170200,1270.5,20170200,1268.35,20161200
2016-10-27 15:57:45,1270.5,20170200,1270.5,20170200,1270.35,20161200
2016-10-27 17:41:52,1270.5,20170200,1270.5,20170200,1269.25,20161200
2016-10-27 18:42:26,1270.5,20170200,1270.5,20170200,1269.5,20161200
2016-10-27 19:43:10,1270.5,20170200,1270.5,20170200,1270.65,20161200
2016-10-27 23:00:00,1273.6,20170200,1273.6,20170200,1269.8,20161200
2016-10-28 13:16:57,1273.6,20170200,1273.6,20170200,1266.95,20161200
2016-10-28 14:43:07,1273.6,20170200,1273.6,20170200,1273.45,20161200
2016-10-28 16:26:12,1273.6,20170200,1273.6,20170200,1269.25,20161200
2016-10-28 18:54:39,1273.6,20170200,1273.6,20170200,1280.75,20161200
2016-10-28 23:00:00,1280.6,20170200,1280.6,20170200,1276.9,20161200
2016-10-31 12:40:47,1280.6,20170200,1280.6,20170200,1274.15,20161200
2016-10-31 14:03:18,1280.6,20170200,1280.6,20170200,1275.05,20161200
2016-10-31 15:47:33,1280.6,20170200,1280.6,20170200,1273.95,20161200
2016-10-31 18:15:39,1280.6,20170200,1280.6,20170200,1275.65,20161200
2016-10-31 19:17:36,1280.6,20170200,1280.6,20170200,1276.85,20161200
2016-10-31 23:00:00,1276.9,20170200,1276.9,20170200,1276.85,20161200
2016-11-01 12:48:21,1276.9,20170200,1276.9,20170200,1287.4,20161200
2016-11-01 14:10:33,1276.9,20170200,1276.9,20170200,1288.55,20161200
2016-11-01 15:55:33,1276.9,20170200,1276.9,20170200,1287.65,20161200
2016-11-01 18:16:56,1276.9,20170200,1276.9,20170200,1291.35,20161200
2016-11-01 19:24:15,1276.9,20170200,1276.9,20170200,1292.45,20161200
2016-11-01 23:00:00,1291.9,20170200,1291.9,20170200,1292.45,20161200
2016-11-02 13:42:08,1291.9,20170200,1291.9,20170200,1299.15,20161200
2016-11-02 15:32:40,1291.9,20170200,1291.9,20170200,1305.15,20161200
2016-11-02 18:25:14,1291.9,20170200,1291.9,20170200,1304.45,20161200
2016-11-02 19:26:27,1291.9,20170200,1291.9,20170200,1301.65,20161200
2016-11-02 23:00:00,1312.2,20170200,1312.2,20170200,1301.65,20161200
2016-11-03 13:22:12,1312.2,20170200,1312.2,20170200,1293.75,20161200
2016-11-03 15:01:45,1312.2,20170200,1312.2,20170200,1300.25,20161200
2016-11-03 16:43:47,1312.2,20170200,1312.2,20170200,1301.35,20161200
2016-11-03 19:09:55,1312.2,20170200,1312.2,20170200,1302.35,20161200
2016-11-03 23:00:00,1307.3,20170200,1307.3,20170200,1302.35,20161200
2016-11-04 13:07:15,1307.3,20170200,1307.3,20170200,1305.85,20161200
2016-11-04 14:27:24,1307.3,20170200,1307.3,20170200,1306.15,20161200
2016-11-04 16:09:23,1307.3,20170200,1307.3,20170200,1304.05,20161200
2016-11-04 18:44:47,1307.3,20170200,1307.3,20170200,1303.45,20161200
2016-11-04 23:00:00,1309.7,20170200,1309.7,20170200,1305.2,20161200
2016-11-07 12:46:10,1309.7,20170200,1309.7,20170200,1288.45,20161200
2016-11-07 14:09:37,1309.7,20170200,1309.7,20170200,1286.55,20161200
2016-11-07 15:54:42,1309.7,20170200,1309.7,20170200,1282.35,20161200
2016-11-07 18:08:37,1309.7,20170200,1309.7,20170200,1281.85,20161200
2016-11-07 19:22:23,1309.7,20170200,1309.7,20170200,1281.95,20161200
2016-11-07 23:00:00,1285.5,20170200,1285.5,20170200,1281.7,20161200
2016-11-08 12:08:41,1285.5,20170200,1285.5,20170200,1282.25,20161200
2016-11-08 13:27:41,1285.5,20170200,1285.5,20170200,1282.25,20161200
2016-11-08 15:07:16,1285.5,20170200,1285.5,20170200,1282.65,20161200
2016-11-08 17:36:38,1285.5,20170200,1285.5,20170200,1276.35,20161200
2016-11-08 18:37:07,1285.5,20170200,1285.5,20170200,1275.4,20161200
2016-11-08 19:37:43,1285.5,20170200,1285.5,20170200,1276.85,20161200
2016-11-08 23:00:00,1280.0,20170200,1280.0,20170200,1275.9,20161200
2016-11-09 13:13:00,1280.0,20170200,1280.0,20170200,1301.25,20161200
2016-11-09 14:45:57,1280.0,20170200,1280.0,20170200,1297.15,20161200
2016-11-09 16:34:44,1280.0,20170200,1280.0,20170200,1286.55,20161200
2016-11-09 19:00:35,1280.0,20170200,1280.0,20170200,1273.8000000000004,20161200
2016-11-09 23:00:00,1281.6,20170200,1281.6,20170200,1277.8,20161200
2016-11-10 13:04:38,1281.6,20170200,1281.6,20170200,1281.35,20161200
2016-11-10 14:28:00,1281.6,20170200,1281.6,20170200,1275.95,20161200
2016-11-10 16:12:48,1281.6,20170200,1281.6,20170200,1267.65,20161200
2016-11-10 18:44:12,1281.6,20170200,1281.6,20170200,1265.95,20161200
2016-11-10 19:45:14,1281.6,20170200,1281.6,20170200,1263.35,20161200
2016-11-10 23:00:00,1262.0,20170200,1262.0,20170200,1259.0,20161200
2016-11-11 14:13:27,1262.0,20170200,1262.0,20170200,1258.25,20161200
2016-11-11 16:00:34,1262.0,20170200,1262.0,20170200,1235.55,20161200
2016-11-11 18:41:34,1262.0,20170200,1262.0,20170200,1221.55,20161200
2016-11-11 19:42:38,1262.0,20170200,1262.0,20170200,1221.55,20161200
2016-11-11 23:00:00,1228.0,20170200,1228.0,20170200,1225.4,20161200
2016-11-14 23:00:00,1222.6,20170200,1222.6,20170200,1219.8,20161200
2016-11-15 23:00:00,1230.9,20170200,1230.9,20170200,1228.0,20161200
2016-11-16 23:00:00,1227.9,20170200,1227.9,20170200,1225.1,20161200
2016-11-17 14:42:25,1227.9,20170200,1227.9,20170200,1225.25,20161200
2016-11-17 15:44:35,1227.9,20170200,1227.9,20170200,1226.05,20161200
2016-11-17 16:45:03,1227.9,20170200,1227.9,20170200,1224.6,20161200
2016-11-17 17:45:46,1227.9,20170200,1227.9,20170200,1221.45,20161200
2016-11-17 18:54:27,1227.9,20170200,1227.9,20170200,1212.65,20161200
2016-11-17 23:00:00,1220.7,20170200,1220.7,20170200,1217.8,20161200
2016-11-18 12:03:56,1220.7,20170200,1220.7,20170200,1210.75,20161200
2016-11-18 13:04:34,1220.7,20170200,1220.7,20170200,1211.35,20161200
2016-11-18 14:19:21,1220.7,20170200,1220.7,20170200,1212.45,20161200
2016-11-18 15:28:51,1220.7,20170200,1220.7,20170200,1209.4,20161200
2016-11-18 16:29:23,1220.7,20170200,1220.7,20170200,1206.95,20161200
2016-11-18 17:29:53,1220.7,20170200,1220.7,20170200,1208.15,20161200
2016-11-18 18:30:24,1220.7,20170200,1220.7,20170200,1208.55,20161200
2016-11-18 19:44:25,1220.7,20170200,1220.7,20170200,1208.75,20161200
2016-11-18 23:00:00,1211.7,20170200,1211.7,20170200,1208.8,20161200
2016-11-21 12:03:16,1211.7,20170200,1211.7,20170200,1216.05,20161200
2016-11-21 13:03:50,1211.7,20170200,1211.7,20170200,1215.45,20161200
2016-11-21 14:06:47,1211.7,20170200,1211.7,20170200,1212.95,20161200
2016-11-21 15:07:41,1211.7,20170200,1211.7,20170200,1214.3000000000004,20161200
2016-11-21 16:26:52,1211.7,20170200,1211.7,20170200,1212.15,20161200
2016-11-21 17:27:23,1211.7,20170200,1211.7,20170200,1213.55,20161200
2016-11-21 18:27:57,1211.7,20170200,1211.7,20170200,1209.75,20161200
2016-11-21 19:28:39,1211.7,20170200,1211.7,20170200,1211.45,20161200
2016-11-21 23:00:00,1216.1,20170200,1216.1,20170200,1213.4,20161200
2016-11-22 12:09:02,1216.1,20170200,1216.1,20170200,1216.5,20161200
2016-11-22 13:09:33,1216.1,20170200,1216.1,20170200,1215.55,20161200
2016-11-22 14:22:40,1216.1,20170200,1216.1,20170200,1213.85,20161200
2016-11-22 15:43:20,1216.1,20170200,1216.1,20170200,1207.95,20161200
2016-11-22 16:43:46,1216.1,20170200,1216.1,20170200,1210.15,20161200
2016-11-22 17:44:19,1216.1,20170200,1216.1,20170200,1211.65,20161200
2016-11-22 18:44:57,1216.1,20170200,1216.1,20170200,1211.65,20161200
2016-11-22 23:00:00,1214.8,20170200,1214.8,20170200,1211.8,20161200
2016-11-23 12:03:20,1214.8,20170200,1214.8,20170200,1210.85,20161200
2016-11-23 13:03:54,1214.8,20170200,1214.8,20170200,1207.65,20161200
2016-11-23 14:18:24,1214.8,20170200,1214.8,20170200,1192.25,20161200
2016-11-23 15:39:46,1214.8,20170200,1214.8,20170200,1182.95,20161200
2016-11-23 16:40:28,1214.8,20170200,1214.8,20170200,1189.45,20161200
2016-11-23 17:41:06,1214.8,20170200,1214.8,20170200,1189.05,20161200
2016-11-23 18:41:33,1214.8,20170200,1214.8,20170200,1191.45,20161200
2016-11-23 23:00:00,1191.6,20170200,1191.6,20170200,1188.6,20161200
2016-11-24 12:07:21,1191.6,20170200,1191.6,20170200,1186.65,20161200
2016-11-24 13:07:55,1191.6,20170200,1191.6,20170200,1184.45,20161200
2016-11-24 14:22:19,1191.6,20170200,1191.6,20170200,1186.6,20161200
2016-11-24 16:23:50,1191.6,20170200,1191.6,20170200,1186.05,20161200
2016-11-24 17:24:38,1191.6,20170200,1191.6,20170200,1183.35,20161200
2016-11-24 18:25:40,1191.6,20170200,1191.6,20170200,1181.0,20161200
2016-11-24 19:26:46,1191.6,20170200,1191.6,20170200,1181.0,20161200
2016-11-25 12:07:32,1191.6,20170200,1191.6,20170200,1187.6999999999996,20161200
2016-11-25 13:07:57,1191.6,20170200,1191.6,20170200,1185.3000000000004,20161200
2016-11-25 14:22:11,1191.6,20170200,1191.6,20170200,1190.25,20161200
2016-11-25 16:29:48,1191.6,20170200,1191.6,20170200,1182.15,20161200
2016-11-25 17:30:34,1191.6,20170200,1191.6,20170200,1178.35,20161200
2016-11-25 18:32:54,1191.6,20170200,1191.6,20170200,1183.85,20161200
2016-11-25 23:00:00,1186.1,20170200,1186.1,20170200,1183.4,20161200
2016-11-28 12:07:49,1186.1,20170200,1186.1,20170200,1189.85,20161200
2016-11-28 13:08:23,1186.1,20170200,1186.1,20170200,1188.45,20161200
2016-11-28 14:13:55,1186.1,20170200,1186.1,20170200,1187.55,20161200
2016-11-28 15:15:43,1186.1,20170200,1186.1,20170200,1185.15,20161200
2016-11-28 16:58:27,1186.1,20170200,1186.1,20170200,1190.6999999999996,20161200
2016-11-28 23:00:00,1195.4,20170200,1195.4,20170200,1192.5,20161200
2016-11-29 23:00:00,1194.0,20170400,1194.0,20170400,1190.8,20170200
2016-11-30 23:00:00,1178.0,20170400,1178.0,20170400,1175.0,20170200
2016-12-01 23:00:00,1177.0,20170400,1177.0,20170400,1173.9,20170200
2016-12-02 23:00:00,1180.3,20170400,1180.3,20170400,1177.8,20170200
2016-12-05 12:07:32,1180.3,20170400,1180.3,20170400,1169.6,20170200
2016-12-05 13:07:59,1180.3,20170400,1180.3,20170400,1171.35,20170200
2016-12-05 14:22:03,1180.3,20170400,1180.3,20170400,1168.15,20170200
2016-12-05 15:23:00,1180.3,20170400,1180.3,20170400,1160.95,20170200
2016-12-05 17:01:15,1180.3,20170400,1180.3,20170400,1169.05,20170200
2016-12-05 18:01:42,1180.3,20170400,1180.3,20170400,1176.45,20170200
2016-12-05 19:02:19,1180.3,20170400,1180.3,20170400,1174.55,20170200
2016-12-05 23:00:00,1175.3,20170400,1175.3,20170400,1172.3,20170200
2016-12-06 09:08:30,1175.3,20170400,1175.3,20170400,1174.25,20170200
2016-12-06 11:06:16,1175.3,20170400,1175.3,20170400,1173.55,20170200
2016-12-06 12:07:47,1175.3,20170400,1175.3,20170400,1173.55,20170200
2016-12-06 13:08:33,1175.3,20170400,1175.3,20170400,1173.95,20170200
2016-12-06 14:28:53,1175.3,20170400,1175.3,20170400,1173.25,20170200
2016-12-06 16:35:44,1175.3,20170400,1175.3,20170400,1173.45,20170200
2016-12-06 17:36:16,1175.3,20170400,1175.3,20170400,1170.35,20170200
2016-12-06 18:36:56,1175.3,20170400,1175.3,20170400,1169.75,20170200
2016-12-06 19:37:30,1175.3,20170400,1175.3,20170400,1171.0,20170200
2016-12-06 23:00:00,1174.1,20170400,1174.1,20170400,1171.2,20170200
2016-12-07 12:03:39,1174.1,20170400,1174.1,20170400,1175.25,20170200
2016-12-07 13:04:12,1174.1,20170400,1174.1,20170400,1175.15,20170200
2016-12-07 14:19:46,1174.1,20170400,1174.1,20170400,1180.75,20170200
2016-12-07 15:21:19,1174.1,20170400,1174.1,20170400,1180.55,20170200
2016-12-07 17:05:05,1174.1,20170400,1174.1,20170400,1178.95,20170200
2016-12-07 18:05:33,1174.1,20170400,1174.1,20170400,1177.85,20170200
2016-12-07 19:06:03,1174.1,20170400,1174.1,20170400,1176.95,20170200
2016-12-07 23:00:00,1177.5,20170400,1177.5,20170400,1174.4,20170200
2016-12-08 12:20:22,1177.5,20170400,1177.5,20170400,1179.25,20170200
2016-12-08 13:21:17,1177.5,20170400,1177.5,20170400,1175.35,20170200
2016-12-08 14:32:45,1177.5,20170400,1177.5,20170400,1173.75,20170200
2016-12-08 15:33:41,1177.5,20170400,1177.5,20170400,1173.05,20170200
2016-12-08 17:14:29,1177.5,20170400,1177.5,20170400,1172.75,20170200
2016-12-08 18:14:56,1177.5,20170400,1177.5,20170400,1173.35,20170200
2016-12-08 19:15:39,1177.5,20170400,1177.5,20170400,1172.05,20170200
2016-12-08 23:00:00,1175.3,20170400,1175.3,20170400,1172.5,20170200
2016-12-09 12:18:12,1175.3,20170400,1175.3,20170400,1165.15,20170200
2016-12-09 13:18:54,1175.3,20170400,1175.3,20170400,1166.05,20170200
2016-12-09 13:41:02,1175.3,20170400,1175.3,20170400,1169.15,20170200
2016-12-09 14:21:57,1175.3,20170400,1175.3,20170400,1166.75,20170200
2016-12-09 15:23:16,1175.3,20170400,1175.3,20170400,1164.45,20170200
2016-12-09 17:02:03,1175.3,20170400,1175.3,20170400,1162.9,20170200
2016-12-09 18:02:46,1175.3,20170400,1175.3,20170400,1163.15,20170200
2016-12-09 19:03:13,1175.3,20170400,1175.3,20170400,1162.05,20170200
2016-12-09 23:00:00,1163.2,20170400,1163.2,20170400,1160.8,20170200
2016-12-12 12:03:47,1163.2,20170400,1163.2,20170400,1158.15,20170200
2016-12-12 13:04:18,1163.2,20170400,1163.2,20170400,1157.25,20170200
2016-12-12 14:19:36,1163.2,20170400,1163.2,20170400,1163.15,20170200
2016-12-12 15:20:25,1163.2,20170400,1163.2,20170400,1162.1999999999996,20170200
2016-12-12 17:05:06,1163.2,20170400,1163.2,20170400,1164.05,20170200
2016-12-12 18:05:36,1163.2,20170400,1163.2,20170400,1166.25,20170200
2016-12-12 19:06:12,1163.2,20170400,1163.2,20170400,1164.6999999999996,20170200
2016-12-12 23:00:00,1166.8,20170400,1166.8,20170400,1164.0,20170200
2016-12-13 12:12:28,1166.8,20170400,1166.8,20170400,1160.75,20170200
2016-12-13 13:13:04,1166.8,20170400,1166.8,20170400,1161.65,20170200
2016-12-13 14:16:49,1166.8,20170400,1166.8,20170400,1162.85,20170200
2016-12-13 15:18:51,1166.8,20170400,1166.8,20170400,1156.85,20170200
2016-12-13 16:58:09,1166.8,20170400,1166.8,20170400,1158.55,20170200
2016-12-13 17:58:36,1166.8,20170400,1166.8,20170400,1158.65,20170200
2016-12-13 18:59:11,1166.8,20170400,1166.8,20170400,1158.55,20170200
2016-12-13 23:00:00,1163.7,20170400,1163.7,20170400,1160.7,20170200
2016-12-14 06:09:58,1163.7,20170400,1163.7,20170400,1162.15,20170200
2016-12-14 06:32:23,1163.7,20170400,1163.7,20170400,1163.55,20170200
2016-12-14 12:11:49,1163.7,20170400,1163.7,20170400,1164.25,20170200
2016-12-14 13:12:21,1163.7,20170400,1163.7,20170400,1162.55,20170200
2016-12-14 14:28:02,1163.7,20170400,1163.7,20170400,1166.55,20170200
2016-12-14 15:28:31,1163.7,20170400,1163.7,20170400,1164.75,20170200
2016-12-14 17:02:23,1163.7,20170400,1163.7,20170400,1165.75,20170200
2016-12-14 18:02:59,1163.7,20170400,1163.7,20170400,1163.45,20170200
2016-12-14 19:03:45,1163.7,20170400,1163.7,20170400,1159.5,20170200
2016-12-14 23:00:00,1147.5,20170400,1147.5,20170400,1144.7,20170200
2016-12-15 12:12:40,1147.5,20170400,1147.5,20170400,1132.95,20170200
2016-12-15 13:13:28,1147.5,20170400,1147.5,20170400,1129.1,20170200
2016-12-15 14:28:14,1147.5,20170400,1147.5,20170400,1132.15,20170200
2016-12-15 15:29:00,1147.5,20170400,1147.5,20170400,1129.65,20170200
2016-12-15 17:13:09,1147.5,20170400,1147.5,20170400,1126.95,20170200
2016-12-15 18:13:51,1147.5,20170400,1147.5,20170400,1130.75,20170200
2016-12-15 19:14:26,1147.5,20170400,1147.5,20170400,1133.45,20170200
2016-12-15 23:00:00,1131.6,20170400,1131.6,20170400,1130.0,20170200
2016-12-16 12:23:30,1131.6,20170400,1131.6,20170400,1135.35,20170200
2016-12-16 13:24:04,1131.6,20170400,1131.6,20170400,1134.65,20170200
2016-12-16 14:28:17,1131.6,20170400,1131.6,20170400,1134.95,20170200
2016-12-16 15:28:55,1131.6,20170400,1131.6,20170400,1132.85,20170200
2016-12-16 17:06:05,1131.6,20170400,1131.6,20170400,1139.65,20170200
2016-12-16 18:06:27,1131.6,20170400,1131.6,20170400,1138.95,20170200
2016-12-16 19:06:49,1131.6,20170400,1131.6,20170400,1137.15,20170200
2016-12-16 23:00:00,1138.0,20170400,1138.0,20170400,1135.6,20170200
2016-12-19 12:07:37,1138.0,20170400,1138.0,20170400,1140.15,20170200
2016-12-19 13:08:10,1138.0,20170400,1138.0,20170400,1141.35,20170200
2016-12-19 14:23:17,1138.0,20170400,1138.0,20170400,1140.95,20170200
2016-12-19 15:23:49,1138.0,20170400,1138.0,20170400,1141.85,20170200
2016-12-19 17:04:28,1138.0,20170400,1138.0,20170400,1142.15,20170200
2016-12-19 18:05:10,1138.0,20170400,1138.0,20170400,1142.05,20170200
2016-12-19 19:05:36,1138.0,20170400,1138.0,20170400,1139.95,20170200
2016-12-19 23:00:00,1143.9,20170400,1143.9,20170400,1141.2,20170200
2016-12-20 12:14:16,1143.9,20170400,1143.9,20170400,1133.85,20170200
2016-12-20 13:15:03,1143.9,20170400,1143.9,20170400,1132.1,20170200
2016-12-20 14:18:38,1143.9,20170400,1143.9,20170400,1130.45,20170200
2016-12-20 15:20:14,1143.9,20170400,1143.9,20170400,1128.85,20170200
2016-12-20 17:00:35,1143.9,20170400,1143.9,20170400,1132.45,20170200
2016-12-20 18:01:16,1143.9,20170400,1143.9,20170400,1134.25,20170200
2016-12-20 19:01:44,1143.9,20170400,1143.9,20170400,1132.95,20170200
2016-12-20 23:00:00,1136.1,20170400,1136.1,20170400,1133.5,20170200
2016-12-21 12:06:20,1136.1,20170400,1136.1,20170400,1136.85,20170200
2016-12-21 13:06:53,1136.1,20170400,1136.1,20170400,1136.6999999999996,20170200
2016-12-21 14:22:11,1136.1,20170400,1136.1,20170400,1137.55,20170200
2016-12-21 15:23:30,1136.1,20170400,1136.1,20170400,1134.75,20170200
2016-12-21 17:07:07,1136.1,20170400,1136.1,20170400,1133.6,20170200
2016-12-21 18:07:32,1136.1,20170400,1136.1,20170400,1133.85,20170200
2016-12-21 19:08:01,1136.1,20170400,1136.1,20170400,1133.55,20170200
2016-12-21 23:00:00,1135.6,20170400,1135.6,20170400,1132.6,20170200
2016-12-22 12:13:14,1135.6,20170400,1135.6,20170400,1131.55,20170200
2016-12-22 13:13:50,1135.6,20170400,1135.6,20170400,1131.45,20170200
2016-12-22 14:29:17,1135.6,20170400,1135.6,20170400,1131.6999999999996,20170200
2016-12-22 15:30:53,1135.6,20170400,1135.6,20170400,1134.65,20170200
2016-12-22 17:16:39,1135.6,20170400,1135.6,20170400,1130.35,20170200
2016-12-22 18:17:16,1135.6,20170400,1135.6,20170400,1130.75,20170200
2016-12-22 19:17:47,1135.6,20170400,1135.6,20170400,1130.15,20170200
2016-12-22 23:00:00,1133.0,20170400,1133.0,20170400,1130.4,20170200
2016-12-23 12:22:34,1133.0,20170400,1133.0,20170400,1133.05,20170200
2016-12-23 13:23:08,1133.0,20170400,1133.0,20170400,1131.85,20170200
2016-12-23 14:38:03,1133.0,20170400,1133.0,20170400,1133.3000000000004,20170200
2016-12-23 15:39:23,1133.0,20170400,1133.0,20170400,1133.35,20170200
2016-12-23 17:22:35,1133.0,20170400,1133.0,20170400,1134.05,20170200
2016-12-23 18:23:04,1133.0,20170400,1133.0,20170400,1133.8000000000004,20170200
2016-12-23 19:24:18,1133.0,20170400,1133.0,20170400,1133.0,20170200
2016-12-23 23:00:00,1136.3,20170400,1136.3,20170400,1133.1,20170200
2016-12-27 12:04:40,1136.3,20170400,1136.3,20170400,1143.35,20170200
2016-12-27 13:04:58,1136.3,20170400,1136.3,20170400,1143.45,20170200
2016-12-27 14:12:21,1136.3,20170400,1136.3,20170400,1142.05,20170200
2016-12-27 15:49:45,1136.3,20170400,1136.3,20170400,1139.05,20170200
2016-12-27 16:50:09,1136.3,20170400,1136.3,20170400,1137.65,20170200
2016-12-27 17:50:32,1136.3,20170400,1136.3,20170400,1137.95,20170200
2016-12-27 18:50:56,1136.3,20170400,1136.3,20170400,1138.65,20170200
2016-12-27 23:00:00,1142.6,20170400,1142.6,20170400,1139.9,20170200
2016-12-28 12:11:54,1142.6,20170400,1142.6,20170400,1139.35,20170200
2016-12-28 13:13:03,1142.6,20170400,1142.6,20170400,1140.65,20170200
2016-12-28 14:16:35,1142.6,20170400,1142.6,20170400,1139.65,20170200
2016-12-28 15:18:10,1142.6,20170400,1142.6,20170400,1138.45,20170200
2016-12-28 16:59:32,1142.6,20170400,1142.6,20170400,1139.65,20170200
2016-12-28 18:00:02,1142.6,20170400,1142.6,20170400,1139.35,20170200
2016-12-28 19:00:39,1142.6,20170400,1142.6,20170400,1141.75,20170200
2016-12-28 23:00:00,1146.3,20170400,1146.3,20170400,1143.5,20170200
2016-12-29 12:09:29,1146.3,20170400,1146.3,20170400,1147.25,20170200
2016-12-29 13:10:08,1146.3,20170400,1146.3,20170400,1147.15,20170200
2016-12-29 14:26:06,1146.3,20170400,1146.3,20170400,1146.9,20170200
2016-12-29 15:28:01,1146.3,20170400,1146.3,20170400,1147.75,20170200
2016-12-29 17:09:19,1146.3,20170400,1146.3,20170400,1159.05,20170200
2016-12-29 18:09:47,1146.3,20170400,1146.3,20170400,1158.35,20170200
2016-12-29 19:10:26,1146.3,20170400,1146.3,20170400,1156.0,20170200
2016-12-29 23:00:00,1161.7,20170400,1161.7,20170400,1159.2,20170200
2016-12-30 12:14:13,1161.7,20170400,1161.7,20170400,1160.55,20170200
2016-12-30 13:14:47,1161.7,20170400,1161.7,20170400,1158.85,20170200
2016-12-30 14:30:02,1161.7,20170400,1161.7,20170400,1158.65,20170200
2016-12-30 15:31:06,1161.7,20170400,1161.7,20170400,1158.45,20170200
2016-12-30 17:09:23,1161.7,20170400,1161.7,20170400,1157.35,20170200
2016-12-30 18:09:54,1161.7,20170400,1161.7,20170400,1152.85,20170200
2016-12-30 19:10:22,1161.7,20170400,1161.7,20170400,1151.9,20170200
2016-12-30 23:00:00,1154.0,20170400,1154.0,20170400,1151.1,20170200
2017-01-03 23:00:00,1161.0,20170400,1161.0,20170400,1158.6,20170200
2017-01-04 12:16:18,1161.0,20170400,1161.0,20170400,1167.45,20170200
2017-01-04 13:27:30,1161.0,20170400,1161.0,20170400,1165.35,20170200
2017-01-04 14:29:12,1161.0,20170400,1161.0,20170400,1166.25,20170200
2017-01-04 15:55:22,1161.0,20170400,1161.0,20170400,1164.85,20170200
2017-01-04 16:56:23,1161.0,20170400,1161.0,20170400,1164.95,20170200
2017-01-04 17:57:14,1161.0,20170400,1161.0,20170400,1165.85,20170200
2017-01-04 19:03:44,1161.0,20170400,1161.0,20170400,1165.15,20170200
2017-01-04 23:00:00,1166.9,20170400,1166.9,20170400,1164.2,20170200
2017-01-05 13:01:57,1166.9,20170400,1166.9,20170400,1174.15,20170200
2017-01-05 14:20:04,1166.9,20170400,1166.9,20170400,1178.45,20170200
2017-01-05 16:02:21,1166.9,20170400,1166.9,20170400,1182.25,20170200
2017-01-05 18:24:08,1166.9,20170400,1166.9,20170400,1182.35,20170200
2017-01-05 19:29:11,1166.9,20170400,1166.9,20170400,1182.25,20170200
2017-01-05 23:00:00,1183.9,20170400,1183.9,20170400,1181.0,20170200
2017-01-06 13:40:11,1183.9,20170400,1183.9,20170400,1177.75,20170200
2017-01-06 15:18:56,1183.9,20170400,1183.9,20170400,1178.05,20170200
2017-01-06 16:59:32,1183.9,20170400,1183.9,20170400,1173.75,20170200
2017-01-06 19:23:24,1183.9,20170400,1183.9,20170400,1173.25,20170200
2017-01-06 23:00:00,1175.8,20170400,1175.8,20170400,1172.0,20170200
2017-01-09 12:41:08,1175.8,20170400,1175.8,20170400,1179.05,20170200
2017-01-09 14:01:36,1175.8,20170400,1175.8,20170400,1180.5,20170200
2017-01-09 15:43:28,1175.8,20170400,1175.8,20170400,1178.75,20170200
2017-01-09 17:48:48,1175.8,20170400,1175.8,20170400,1183.25,20170200
2017-01-09 18:59:29,1175.8,20170400,1175.8,20170400,1183.75,20170200
2017-01-09 23:00:00,1184.3,20170400,1184.3,20170400,1181.5,20170200
2017-01-10 12:38:06,1184.3,20170400,1184.3,20170400,1184.15,20170200
2017-01-10 13:58:33,1184.3,20170400,1184.3,20170400,1184.15,20170200
2017-01-10 15:39:20,1184.3,20170400,1184.3,20170400,1187.65,20170200
2017-01-10 17:46:57,1184.3,20170400,1184.3,20170400,1183.45,20170200
2017-01-10 18:59:46,1184.3,20170400,1184.3,20170400,1186.75,20170200
2017-01-10 23:00:00,1190.9,20170400,1190.9,20170400,1187.6,20170200
2017-01-11 12:40:34,1190.9,20170400,1190.9,20170400,1188.95,20170200
2017-01-11 14:01:44,1190.9,20170400,1190.9,20170400,1187.45,20170200
2017-01-11 15:43:02,1190.9,20170400,1190.9,20170400,1177.65,20170200
2017-01-11 18:18:09,1190.9,20170400,1190.9,20170400,1196.05,20170200
2017-01-11 19:30:49,1190.9,20170400,1190.9,20170400,1192.95,20170200
2017-01-11 23:00:00,1195.0,20170400,1195.0,20170400,1191.8,20170200
2017-01-12 12:51:48,1195.0,20170400,1195.0,20170400,1204.35,20170200
2017-01-12 14:22:08,1195.0,20170400,1195.0,20170400,1201.5,20170200
2017-01-12 16:06:04,1195.0,20170400,1195.0,20170400,1203.05,20170200
2017-01-12 18:29:55,1195.0,20170400,1195.0,20170400,1199.45,20170200
2017-01-12 19:31:38,1195.0,20170400,1195.0,20170400,1198.1999999999996,20170200
2017-01-12 23:00:00,1198.2,20170400,1198.2,20170400,1195.1,20170200
2017-01-13 13:30:22,1198.2,20170400,1198.2,20170400,1198.1,20170200
2017-01-13 15:07:29,1198.2,20170400,1198.2,20170400,1190.55,20170200
2017-01-13 16:48:33,1198.2,20170400,1198.2,20170400,1195.15,20170200
2017-01-13 19:14:41,1198.2,20170400,1198.2,20170400,1197.75,20170200
2017-01-13 23:00:00,1200.0,20170400,1200.0,20170400,1197.3,20170200
2017-01-16 12:32:11,1200.0,20170400,1200.0,20170400,1203.05,20170200
2017-01-16 13:51:13,1200.0,20170400,1200.0,20170400,1202.5,20170200
2017-01-16 17:58:17,1200.0,20170400,1200.0,20170400,1202.65,20170200
2017-01-16 19:00:25,1200.0,20170400,1200.0,20170400,1202.6,20170200
2017-01-17 12:50:11,1200.0,20170400,1200.0,20170400,1212.25,20170200
2017-01-17 13:50:43,1200.0,20170400,1200.0,20170400,1214.75,20170200
2017-01-17 14:51:08,1200.0,20170400,1200.0,20170400,1216.55,20170200
2017-01-17 15:51:48,1200.0,20170400,1200.0,20170400,1213.35,20170200
2017-01-17 18:03:49,1200.0,20170400,1200.0,20170400,1212.85,20170200
2017-01-17 19:04:13,1200.0,20170400,1200.0,20170400,1214.15,20170200
2017-01-17 23:00:00,1218.7,20170400,1218.7,20170400,1215.5,20170200
2017-01-18 13:49:55,1218.7,20170400,1218.7,20170400,1213.35,20170200
2017-01-18 14:50:36,1218.7,20170400,1218.7,20170400,1214.55,20170200
2017-01-18 15:51:52,1218.7,20170400,1218.7,20170400,1215.85,20170200
2017-01-18 16:52:33,1218.7,20170400,1218.7,20170400,1213.05,20170200
2017-01-18 19:06:12,1218.7,20170400,1218.7,20170400,1209.25,20170200
2017-01-18 23:00:00,1207.2,20170400,1207.2,20170400,1204.5,20170200
2017-01-19 12:10:37,1207.2,20170400,1207.2,20170400,1202.75,20170200
2017-01-19 14:07:48,1207.2,20170400,1207.2,20170400,1201.55,20170200
2017-01-19 15:14:02,1207.2,20170400,1207.2,20170400,1197.6,20170200
2017-01-19 16:20:35,1207.2,20170400,1207.2,20170400,1200.55,20170200
2017-01-19 17:21:11,1207.2,20170400,1207.2,20170400,1198.65,20170200
2017-01-19 23:00:00,1207.5,20170400,1207.5,20170400,1204.4,20170200
2017-01-20 12:07:54,1207.5,20170400,1207.5,20170400,1200.8000000000004,20170200
2017-01-20 14:03:15,1207.5,20170400,1207.5,20170400,1203.45,20170200
2017-01-20 15:03:52,1207.5,20170400,1207.5,20170400,1200.95,20170200
2017-01-20 16:04:49,1207.5,20170400,1207.5,20170400,1203.25,20170200
2017-01-20 17:06:36,1207.5,20170400,1207.5,20170400,1205.75,20170200
2017-01-20 19:32:03,1207.5,20170400,1207.5,20170400,1210.15,20170200
2017-01-20 23:00:00,1210.4,20170400,1210.4,20170400,1207.6,20170200
2017-01-23 13:08:04,1210.4,20170400,1210.4,20170400,1212.6,20170200
2017-01-23 14:20:26,1210.4,20170400,1210.4,20170400,1211.65,20170200
2017-01-23 15:20:53,1210.4,20170400,1210.4,20170400,1216.15,20170200
2017-01-23 16:21:37,1210.4,20170400,1210.4,20170400,1215.5,20170200
2017-01-23 18:19:11,1210.4,20170400,1210.4,20170400,1214.95,20170200
2017-01-23 19:19:41,1210.4,20170400,1210.4,20170400,1216.05,20170200
2017-01-23 23:00:00,1218.1,20170400,1218.1,20170400,1215.3,20170200
2017-01-24 13:20:07,1218.1,20170400,1218.1,20170400,1212.25,20170200
2017-01-24 14:20:53,1218.1,20170400,1218.1,20170400,1213.45,20170200
2017-01-24 15:21:30,1218.1,20170400,1218.1,20170400,1214.95,20170200
2017-01-24 16:21:57,1218.1,20170400,1218.1,20170400,1212.95,20170200
2017-01-24 19:00:55,1218.1,20170400,1218.1,20170400,1209.65,20170200
2017-01-24 23:00:00,1212.0,20170400,1212.0,20170400,1209.1,20170200
2017-01-25 23:00:00,1202.7,20170400,1202.7,20170400,1200.1,20170200
2017-01-26 23:00:00,1190.6,20170400,1190.6,20170400,1187.8,20170200
2017-01-27 23:00:00,1193.4,20170400,1193.4,20170400,1190.7,20170200
2017-01-30 23:00:00,1197.2,20170400,1197.2,20170400,1194.2,20170200
2017-01-31 13:23:04,1208.3000000000004,20170600,1208.3000000000004,20170600,1194.2,20170400
2017-01-31 14:23:46,1211.6999999999996,20170600,1211.6999999999996,20170600,1194.2,20170400
2017-01-31 15:24:23,1217.6,20170600,1217.6,20170600,1194.2,20170400
2017-01-31 16:24:49,1215.35,20170600,1215.35,20170600,1194.2,20170400
2017-01-31 18:51:29,1217.3000000000004,20170600,1217.3000000000004,20170600,1194.2,20170400
2017-01-31 23:00:00,1215.6,20170600,1215.6,20170600,1212.9,20170400
2017-02-01 12:07:45,1216.0,20170600,1216.0,20170600,1212.9,20170400
2017-02-01 14:03:02,1210.4,20170600,1210.4,20170600,1212.9,20170400
2017-02-01 15:03:31,1208.3000000000004,20170600,1208.3000000000004,20170600,1212.9,20170400
2017-02-01 16:04:01,1207.5,20170600,1207.5,20170600,1212.9,20170400
2017-02-01 17:04:54,1209.1999999999996,20170600,1209.1999999999996,20170600,1212.9,20170400
2017-02-01 19:39:45,1214.1,20170600,1214.1,20170600,1212.9,20170400
2017-02-01 23:00:00,1213.8,20170600,1213.8,20170600,1211.0,20170400
2017-02-02 12:03:24,1226.9,20170600,1226.9,20170600,1211.0,20170400
2017-02-02 14:43:59,1227.6999999999996,20170600,1227.6999999999996,20170600,1211.0,20170400
2017-02-02 15:44:31,1224.4499999999996,20170600,1224.4499999999996,20170600,1211.0,20170400
2017-02-02 16:45:12,1221.5,20170600,1221.5,20170600,1211.0,20170400
2017-02-02 17:45:40,1219.4,20170600,1219.4,20170600,1211.0,20170400
2017-02-02 23:00:00,1220.9,20170600,1220.9,20170600,1217.8,20170400
2017-02-03 12:05:37,1216.3000000000004,20170600,1216.3000000000004,20170600,1217.8,20170400
2017-02-03 14:38:31,1219.6999999999996,20170600,1219.6999999999996,20170600,1217.8,20170400
2017-02-03 15:40:21,1225.4,20170600,1225.4,20170600,1217.8,20170400
2017-02-03 16:41:11,1224.6,20170600,1224.6,20170600,1217.8,20170400
2017-02-03 17:41:42,1224.35,20170600,1224.35,20170600,1217.8,20170400
2017-02-03 23:00:00,1224.7,20170600,1224.7,20170600,1221.6,20170400
2017-02-06 12:07:59,1231.3000000000004,20170600,1231.3000000000004,20170600,1221.6,20170400
2017-02-06 13:08:35,1233.6,20170600,1233.6,20170600,1221.6,20170400
2017-02-06 14:14:02,1233.4,20170600,1233.4,20170600,1221.6,20170400
2017-02-06 16:11:48,1233.3000000000004,20170600,1233.3000000000004,20170600,1221.6,20170400
2017-02-06 17:12:28,1234.0,20170600,1234.0,20170600,1221.6,20170400
2017-02-06 18:12:58,1235.1999999999996,20170600,1235.1999999999996,20170600,1221.6,20170400
2017-02-06 19:13:48,1236.6,20170600,1236.6,20170600,1221.6,20170400
2017-02-06 23:00:00,1239.8,20170600,1239.8,20170600,1236.7,20170400
2017-02-07 12:07:43,1234.6,20170600,1234.6,20170600,1236.7,20170400
2017-02-07 13:08:15,1235.3000000000004,20170600,1235.3000000000004,20170600,1236.7,20170400
2017-02-07 14:21:41,1235.4,20170600,1235.4,20170600,1236.7,20170400
2017-02-07 16:19:26,1238.5,20170600,1238.5,20170600,1236.7,20170400
2017-02-07 17:20:10,1239.6999999999996,20170600,1239.6999999999996,20170600,1236.7,20170400
2017-02-07 18:20:36,1239.6,20170600,1239.6,20170600,1236.7,20170400
2017-02-07 19:21:25,1238.6,20170600,1238.6,20170600,1236.7,20170400
2017-02-07 23:00:00,1238.3,20170600,1238.3,20170600,1235.5,20170400
2017-02-08 12:04:20,1241.9,20170600,1241.9,20170600,1235.5,20170400
2017-02-08 13:05:03,1245.05,20170600,1245.05,20170600,1235.5,20170400
2017-02-08 14:19:51,1244.8000000000004,20170600,1244.8000000000004,20170600,1235.5,20170400
2017-02-08 15:22:35,1246.5,20170600,1246.5,20170600,1235.5,20170400
2017-02-08 17:07:15,1247.1,20170600,1247.1,20170600,1235.5,20170400
2017-02-08 18:07:44,1246.1999999999996,20170600,1246.1999999999996,20170600,1235.5,20170400
2017-02-08 19:08:15,1243.8000000000004,20170600,1243.8000000000004,20170600,1235.5,20170400
2017-02-08 23:00:00,1246.0,20170600,1246.0,20170600,1242.7,20170400
2017-02-09 12:08:04,1243.6,20170600,1243.6,20170600,1242.7,20170400
2017-02-09 13:09:07,1244.5,20170600,1244.5,20170600,1242.7,20170400
2017-02-09 14:23:24,1246.8000000000004,20170600,1246.8000000000004,20170600,1242.7,20170400
2017-02-09 15:24:30,1237.5,20170600,1237.5,20170600,1242.7,20170400
2017-02-09 17:03:38,1236.55,20170600,1236.55,20170600,1242.7,20170400
2017-02-09 18:04:08,1238.5,20170600,1238.5,20170600,1242.7,20170400
2017-02-09 19:04:53,1239.6999999999996,20170600,1239.6999999999996,20170600,1242.7,20170400
2017-02-09 23:00:00,1235.3,20170600,1235.3,20170600,1232.3,20170400
2017-02-10 12:07:01,1231.0,20170600,1231.0,20170600,1232.3,20170400
2017-02-10 13:07:49,1231.1,20170600,1231.1,20170600,1232.3,20170400
2017-02-10 14:22:57,1228.4,20170600,1228.4,20170600,1232.3,20170400
2017-02-10 15:25:03,1237.3000000000004,20170600,1237.3000000000004,20170600,1232.3,20170400
2017-02-10 17:04:28,1239.5,20170600,1239.5,20170600,1232.3,20170400
2017-02-10 18:05:06,1237.1999999999996,20170600,1237.1999999999996,20170600,1232.3,20170400
2017-02-10 19:05:56,1237.9,20170600,1237.9,20170600,1232.3,20170400
2017-02-10 23:00:00,1238.0,20170600,1238.0,20170600,1235.1,20170400
2017-02-13 12:07:31,1234.8000000000004,20170600,1234.8000000000004,20170600,1235.1,20170400
2017-02-13 13:08:05,1232.8000000000004,20170600,1232.8000000000004,20170600,1235.1,20170400
2017-02-13 14:23:23,1230.1,20170600,1230.1,20170600,1235.1,20170400
2017-02-13 15:25:03,1226.0,20170600,1226.0,20170600,1235.1,20170400
2017-02-13 17:05:05,1228.1,20170600,1228.1,20170600,1235.1,20170400
2017-02-13 18:05:37,1228.1999999999996,20170600,1228.1999999999996,20170600,1235.1,20170400
2017-02-13 19:06:09,1230.1,20170600,1230.1,20170600,1235.1,20170400
2017-02-13 23:00:00,1230.2,20170600,1230.2,20170600,1226.8,20170400
2017-02-14 12:08:14,1233.6999999999996,20170600,1233.6999999999996,20170600,1226.8,20170400
2017-02-14 13:09:09,1237.1999999999996,20170600,1237.1999999999996,20170600,1226.8,20170400
2017-02-14 14:25:45,1238.5,20170600,1238.5,20170600,1226.8,20170400
2017-02-14 15:27:25,1230.6999999999996,20170600,1230.6999999999996,20170600,1226.8,20170400
2017-02-14 17:10:02,1228.1,20170600,1228.1,20170600,1226.8,20170400
2017-02-14 18:10:30,1228.0,20170600,1228.0,20170600,1226.8,20170400
2017-02-14 19:11:21,1229.6,20170600,1229.6,20170600,1226.8,20170400
2017-02-14 23:00:00,1232.4,20170600,1232.4,20170600,1229.6,20170400
2017-02-15 12:16:03,1230.9499999999996,20170600,1230.9499999999996,20170600,1229.6,20170400
2017-02-15 13:16:38,1229.85,20170600,1229.85,20170600,1229.6,20170400
2017-02-15 14:20:47,1225.3000000000004,20170600,1225.3000000000004,20170600,1229.6,20170400
2017-02-15 15:23:20,1231.1999999999996,20170600,1231.1999999999996,20170600,1229.6,20170400
2017-02-15 17:06:36,1235.4,20170600,1235.4,20170600,1229.6,20170400
2017-02-15 18:07:10,1235.6,20170600,1235.6,20170600,1229.6,20170400
2017-02-15 19:08:05,1235.9,20170600,1235.9,20170600,1229.6,20170400
2017-02-15 23:00:00,1236.9,20170600,1236.9,20170600,1233.8,20170400
2017-02-16 12:27:15,1243.0,20170600,1243.0,20170600,1233.8,20170400
2017-02-16 13:27:48,1242.6,20170600,1242.6,20170600,1233.8,20170400
2017-02-16 14:34:14,1242.3000000000004,20170600,1242.3000000000004,20170600,1233.8,20170400
2017-02-16 15:35:46,1244.1,20170600,1244.1,20170600,1233.8,20170400
2017-02-16 17:40:16,1242.4,20170600,1242.4,20170600,1233.8,20170400
2017-02-16 18:41:01,1244.1,20170600,1244.1,20170600,1233.8,20170400
2017-02-16 19:41:30,1245.3000000000004,20170600,1245.3000000000004,20170600,1233.8,20170400
2017-02-16 23:00:00,1243.3,20170600,1243.3,20170600,1240.4,20170400
2017-02-17 12:28:01,1246.3000000000004,20170600,1246.3000000000004,20170600,1240.4,20170400
2017-02-17 13:28:34,1246.8000000000004,20170600,1246.8000000000004,20170600,1240.4,20170400
2017-02-17 14:31:51,1244.95,20170600,1244.95,20170600,1240.4,20170400
2017-02-17 15:33:23,1243.3000000000004,20170600,1243.3000000000004,20170600,1240.4,20170400
2017-02-17 17:25:33,1243.1,20170600,1243.1,20170600,1240.4,20170400
2017-02-17 18:26:11,1242.5,20170600,1242.5,20170600,1240.4,20170400
2017-02-17 19:26:55,1242.05,20170600,1242.05,20170600,1240.4,20170400
2017-02-17 23:00:00,1240.0,20170600,1240.0,20170600,1236.7,20170400
2017-02-20 12:07:22,1240.1,20170600,1240.1,20170600,1236.7,20170400
2017-02-20 13:08:06,1241.15,20170600,1241.15,20170600,1236.7,20170400
2017-02-20 14:23:16,1242.4,20170600,1242.4,20170600,1236.7,20170400
2017-02-20 16:23:58,1242.0,20170600,1242.0,20170600,1236.7,20170400
2017-02-20 17:25:09,1242.0,20170600,1242.0,20170600,1236.7,20170400
2017-02-20 18:25:45,1241.6,20170600,1241.6,20170600,1236.7,20170400
2017-02-20 19:27:08,1242.65,20170600,1242.65,20170600,1236.7,20170400
2017-02-21 12:07:47,1235.4,20170600,1235.4,20170600,1236.7,20170400
2017-02-21 13:08:21,1234.8000000000004,20170600,1234.8000000000004,20170600,1236.7,20170400
2017-02-21 14:23:12,1232.5,20170600,1232.5,20170600,1236.7,20170400
2017-02-21 16:30:09,1239.6,20170600,1239.6,20170600,1236.7,20170400
2017-02-21 17:30:41,1241.4,20170600,1241.4,20170600,1236.7,20170400
2017-02-21 18:31:25,1242.1,20170600,1242.1,20170600,1236.7,20170400
2017-02-21 19:31:58,1241.05,20170600,1241.05,20170600,1236.7,20170400
2017-02-21 23:00:00,1240.0,20170600,1240.0,20170600,1236.9,20170400
2017-02-22 12:18:17,1241.9,20170600,1241.9,20170600,1236.9,20170400
2017-02-22 13:18:53,1243.5,20170600,1243.5,20170600,1236.9,20170400
2017-02-22 14:22:31,1241.5,20170600,1241.5,20170600,1236.9,20170400
2017-02-22 15:25:24,1240.3000000000004,20170600,1240.3000000000004,20170600,1236.9,20170400
2017-02-22 17:07:31,1236.8000000000004,20170600,1236.8000000000004,20170600,1236.9,20170400
2017-02-22 18:08:18,1237.3000000000004,20170600,1237.3000000000004,20170600,1236.9,20170400
2017-02-22 19:08:48,1241.5,20170600,1241.5,20170600,1236.9,20170400
2017-02-22 23:00:00,1243.0,20170600,1243.0,20170600,1239.4,20170400
2017-02-23 12:38:21,1245.3000000000004,20170600,1245.3000000000004,20170600,1239.4,20170400
2017-02-23 13:38:56,1251.45,20170600,1251.45,20170600,1239.4,20170400
2017-02-23 14:39:49,1252.1,20170600,1252.1,20170600,1239.4,20170400
2017-02-23 15:42:26,1251.5,20170600,1251.5,20170600,1239.4,20170400
2017-02-23 17:43:11,1253.8000000000004,20170600,1253.8000000000004,20170600,1239.4,20170400
2017-02-23 18:43:53,1254.1,20170600,1254.1,20170600,1239.4,20170400
2017-02-23 19:44:48,1254.1999999999996,20170600,1254.1999999999996,20170600,1239.4,20170400
2017-02-23 23:00:00,1253.0,20170600,1253.0,20170600,1250.1,20170400
2017-02-24 12:30:16,1261.1,20170600,1261.1,20170600,1250.1,20170400
2017-02-24 13:30:50,1263.6999999999996,20170600,1263.6999999999996,20170600,1250.1,20170400
2017-02-24 14:34:49,1261.4,20170600,1261.4,20170600,1250.1,20170400
2017-02-24 15:37:25,1260.5,20170600,1260.5,20170600,1250.1,20170400
2017-02-24 17:55:04,1260.6999999999996,20170600,1260.6999999999996,20170600,1250.1,20170400
2017-02-24 18:55:35,1261.1,20170600,1261.1,20170600,1250.1,20170400
2017-02-24 23:00:00,1260.6,20170600,1260.6,20170600,1257.7,20170400
2017-02-27 12:07:22,1258.8000000000004,20170600,1258.8000000000004,20170600,1257.7,20170400
2017-02-27 13:07:57,1260.1,20170600,1260.1,20170600,1257.7,20170400
2017-02-27 14:21:31,1260.1999999999996,20170600,1260.1999999999996,20170600,1257.7,20170400
2017-02-27 16:24:53,1266.9,20170600,1266.9,20170600,1257.7,20170400
2017-02-27 17:25:37,1265.9,20170600,1265.9,20170600,1257.7,20170400
2017-02-27 18:26:04,1263.4,20170600,1263.4,20170600,1257.7,20170400
2017-02-27 19:26:53,1259.6,20170600,1259.6,20170600,1257.7,20170400
2017-02-27 23:00:00,1255.8,20170600,1255.8,20170600,1252.8,20170400
2017-02-28 12:04:52,1256.8000000000004,20170600,1256.8000000000004,20170600,1252.8,20170400
2017-02-28 13:05:49,1257.0,20170600,1257.0,20170600,1252.8,20170400
2017-02-28 14:21:13,1260.4,20170600,1260.4,20170600,1252.8,20170400
2017-02-28 15:24:43,1262.1999999999996,20170600,1262.1999999999996,20170600,1252.8,20170400
2017-02-28 17:06:38,1259.8000000000004,20170600,1259.8000000000004,20170600,1252.8,20170400
2017-02-28 18:07:07,1260.6,20170600,1260.6,20170600,1252.8,20170400
2017-02-28 19:07:54,1253.9,20170600,1253.9,20170600,1252.8,20170400
2017-02-28 23:00:00,1253.2,20170600,1253.2,20170600,1249.4,20170400
2017-03-01 12:03:22,1246.8000000000004,20170600,1246.8000000000004,20170600,1249.4,20170400
2017-03-01 13:03:56,1245.6,20170600,1245.6,20170600,1249.4,20170400
2017-03-01 14:18:47,1241.9,20170600,1241.9,20170600,1249.4,20170400
2017-03-01 15:21:54,1244.6999999999996,20170600,1244.6999999999996,20170600,1249.4,20170400
2017-03-01 17:37:13,1250.6999999999996,20170600,1250.6999999999996,20170600,1249.4,20170400
2017-03-01 18:51:03,1253.5,20170600,1253.5,20170600,1249.4,20170400
2017-03-01 23:00:00,1253.3,20170600,1253.3,20170600,1250.0,20170400
2017-03-02 12:04:27,1245.0,20170600,1245.0,20170600,1250.0,20170400
2017-03-02 15:08:55,1243.4,20170600,1243.4,20170600,1250.0,20170400
2017-03-02 16:55:11,1240.1999999999996,20170600,1240.1999999999996,20170600,1250.0,20170400
2017-03-02 19:34:35,1234.9,20170600,1234.9,20170600,1250.0,20170400
2017-03-02 23:00:00,1237.8,20170600,1237.8,20170600,1234.4,20170400
2017-03-03 12:08:19,1230.6,20170600,1230.6,20170600,1234.4,20170400
2017-03-03 15:11:21,1229.4,20170600,1229.4,20170600,1234.4,20170400
2017-03-03 16:58:04,1227.4,20170600,1227.4,20170600,1234.4,20170400
2017-03-03 19:30:17,1239.0,20170600,1239.0,20170600,1234.4,20170400
2017-03-03 23:00:00,1238.3,20170600,1238.3,20170600,1235.0,20170400
2017-03-06 13:33:39,1237.4,20170600,1237.4,20170600,1235.0,20170400
2017-03-06 14:34:11,1234.6,20170600,1234.6,20170600,1235.0,20170400
2017-03-06 15:35:47,1233.4,20170600,1233.4,20170600,1235.0,20170400
2017-03-06 16:36:26,1231.05,20170600,1231.05,20170600,1235.0,20170400
2017-03-06 18:48:59,1229.9,20170600,1229.9,20170600,1235.0,20170400
2017-03-06 23:00:00,1229.2,20170600,1229.2,20170600,1225.9,20170400
2017-03-07 13:21:41,1225.5,20170600,1225.5,20170600,1225.9,20170400
2017-03-07 14:22:12,1223.1,20170600,1223.1,20170600,1225.9,20170400
2017-03-07 15:22:38,1221.25,20170600,1221.25,20170600,1225.9,20170400
2017-03-07 16:23:03,1221.4,20170600,1221.4,20170600,1225.9,20170400
2017-03-07 17:23:31,1222.5,20170600,1222.5,20170600,1225.9,20170400
2017-03-07 19:17:37,1219.3000000000004,20170600,1219.3000000000004,20170600,1225.9,20170400
2017-03-07 23:00:00,1218.8,20170600,1218.8,20170600,1215.8,20170400
2017-03-08 12:08:13,1217.5,20170600,1217.5,20170600,1215.8,20170400
2017-03-08 14:04:50,1210.9,20170600,1210.9,20170600,1215.8,20170400
2017-03-08 15:05:15,1212.3000000000004,20170600,1212.3000000000004,20170600,1215.8,20170400
2017-03-08 16:05:40,1210.6999999999996,20170600,1210.6999999999996,20170600,1215.8,20170400
2017-03-08 17:06:06,1212.9,20170600,1212.9,20170600,1215.8,20170400
2017-03-08 19:41:01,1212.1999999999996,20170600,1212.1999999999996,20170600,1215.8,20170400
2017-03-08 23:00:00,1211.4,20170600,1211.4,20170600,1208.1,20170400
2017-03-09 12:18:01,1209.5,20170600,1209.5,20170600,1208.1,20170400
2017-03-09 15:21:58,1206.8000000000004,20170600,1206.8000000000004,20170600,1208.1,20170400
2017-03-09 16:22:26,1206.1999999999996,20170600,1206.1999999999996,20170600,1208.1,20170400
2017-03-09 17:22:56,1206.8000000000004,20170600,1206.8000000000004,20170600,1208.1,20170400
2017-03-09 18:23:34,1206.9,20170600,1206.9,20170600,1208.1,20170400
2017-03-09 23:00:00,1204.3,20170600,1204.3,20170600,1201.3,20170400
2017-03-10 12:16:50,1201.8000000000004,20170600,1201.8000000000004,20170600,1201.3,20170400
2017-03-10 17:18:08,1202.8000000000004,20170600,1202.8000000000004,20170600,1201.3,20170400
2017-03-10 18:18:46,1204.9,20170600,1204.9,20170600,1201.3,20170400
2017-03-10 19:19:12,1205.3000000000004,20170600,1205.3000000000004,20170600,1201.3,20170400
2017-03-10 23:00:00,1207.6,20170600,1207.6,20170600,1203.9,20170400
2017-03-13 13:44:28,1206.6999999999996,20170600,1206.6999999999996,20170600,1203.9,20170400
2017-03-13 14:46:14,1207.4,20170600,1207.4,20170600,1203.9,20170400
2017-03-13 15:47:55,1208.9,20170600,1208.9,20170600,1203.9,20170400
2017-03-13 16:48:33,1208.5,20170600,1208.5,20170600,1203.9,20170400
2017-03-13 18:40:01,1207.0,20170600,1207.0,20170600,1203.9,20170400
2017-03-13 19:40:40,1206.9,20170600,1206.9,20170600,1203.9,20170400
2017-03-13 23:00:00,1207.1,20170600,1207.1,20170600,1203.6,20170400
2017-03-14 13:51:39,1205.45,20170600,1205.45,20170600,1203.6,20170400
2017-03-14 14:52:10,1207.8000000000004,20170600,1207.8000000000004,20170600,1203.6,20170400
2017-03-14 15:53:52,1207.9,20170600,1207.9,20170600,1203.6,20170400
2017-03-14 16:54:18,1208.0,20170600,1208.0,20170600,1203.6,20170400
2017-03-14 19:06:05,1201.0,20170600,1201.0,20170600,1203.6,20170400
2017-03-14 23:00:00,1201.7,20170600,1201.7,20170600,1198.5,20170400
2017-03-15 12:10:08,1204.65,20170600,1204.65,20170600,1198.5,20170400
2017-03-15 14:17:03,1202.1,20170600,1202.1,20170600,1198.5,20170400
2017-03-15 15:17:45,1202.1999999999996,20170600,1202.1999999999996,20170600,1198.5,20170400
2017-03-15 23:00:00,1222.8,20170600,1222.8,20170600,1219.6,20170400
2017-03-16 12:09:25,1229.8000000000004,20170600,1229.8000000000004,20170600,1219.6,20170400
2017-03-16 14:42:03,1231.8000000000004,20170600,1231.8000000000004,20170600,1219.6,20170400
2017-03-16 15:42:40,1230.6,20170600,1230.6,20170600,1219.6,20170400
2017-03-16 16:43:15,1231.6999999999996,20170600,1231.6999999999996,20170600,1219.6,20170400
2017-03-16 17:43:55,1229.4,20170600,1229.4,20170600,1219.6,20170400
2017-03-16 23:00:00,1229.1,20170600,1229.1,20170600,1226.1,20170400
2017-03-17 12:06:13,1233.0,20170600,1233.0,20170600,1226.1,20170400
2017-03-17 14:35:04,1233.45,20170600,1233.45,20170600,1226.1,20170400
2017-03-17 15:35:56,1233.05,20170600,1233.05,20170600,1226.1,20170400
2017-03-17 16:36:26,1230.9,20170600,1230.9,20170600,1226.1,20170400
2017-03-17 17:36:52,1232.4,20170600,1232.4,20170600,1226.1,20170400
2017-03-17 23:00:00,1232.1,20170600,1232.1,20170600,1228.9,20170400
2017-03-20 12:06:36,1233.5,20170600,1233.5,20170600,1228.9,20170400
2017-03-20 14:55:25,1236.25,20170600,1236.25,20170600,1228.9,20170400
2017-03-20 15:56:56,1236.75,20170600,1236.75,20170600,1228.9,20170400
2017-03-20 16:57:39,1236.1999999999996,20170600,1236.1999999999996,20170600,1228.9,20170400
2017-03-20 17:58:08,1236.8000000000004,20170600,1236.8000000000004,20170600,1228.9,20170400
2017-03-20 19:41:24,1237.15,20170600,1237.15,20170600,1228.9,20170400
2017-03-20 23:00:00,1237.1,20170600,1237.1,20170600,1234.0,20170400
2017-03-21 18:27:33,1247.6,20170600,1247.6,20170600,1234.0,20170400
2017-03-21 23:00:00,1247.5,20170600,1247.5,20170600,1244.6,20170400
2017-03-22 13:28:35,1251.45,20170600,1251.45,20170600,1244.6,20170400
2017-03-22 14:29:07,1252.9,20170600,1252.9,20170600,1244.6,20170400
2017-03-22 15:29:34,1250.55,20170600,1250.55,20170600,1244.6,20170400
2017-03-22 16:30:00,1252.85,20170600,1252.85,20170600,1244.6,20170400
2017-03-22 17:30:29,1253.15,20170600,1253.15,20170600,1244.6,20170400
2017-03-22 19:18:38,1252.1999999999996,20170600,1252.1999999999996,20170600,1244.6,20170400
2017-03-22 23:00:00,1251.8,20170600,1251.8,20170600,1248.6,20170400
2017-03-23 12:06:09,1250.85,20170600,1250.85,20170600,1248.6,20170400
2017-03-23 14:23:09,1250.9,20170600,1250.9,20170600,1248.6,20170400
2017-03-23 15:23:59,1248.75,20170600,1248.75,20170600,1248.6,20170400
2017-03-23 16:24:37,1247.1999999999996,20170600,1247.1999999999996,20170600,1248.6,20170400
2017-03-23 17:25:03,1249.15,20170600,1249.15,20170600,1248.6,20170400
2017-03-23 23:00:00,1248.1,20170600,1248.1,20170600,1245.0,20170400
2017-03-24 12:06:29,1249.15,20170600,1249.15,20170600,1245.0,20170400
2017-03-24 14:19:20,1251.1999999999996,20170600,1251.1999999999996,20170600,1245.0,20170400
2017-03-24 15:20:02,1250.25,20170600,1250.25,20170600,1245.0,20170400
2017-03-24 16:20:35,1252.6,20170600,1252.6,20170600,1245.0,20170400
2017-03-24 17:21:06,1251.25,20170600,1251.25,20170600,1245.0,20170400
2017-03-24 23:00:00,1246.4,20170600,1246.4,20170600,1243.3,20170400
2017-03-27 13:11:14,1262.05,20170600,1262.05,20170600,1243.3,20170400
2017-03-27 14:23:36,1262.85,20170600,1262.85,20170600,1243.3,20170400
2017-03-27 15:24:13,1258.75,20170600,1258.75,20170600,1243.3,20170400
2017-03-27 16:24:48,1258.8000000000004,20170600,1258.8000000000004,20170600,1243.3,20170400
2017-03-27 18:39:43,1258.55,20170600,1258.55,20170600,1243.3,20170400
2017-03-27 19:40:22,1258.75,20170600,1258.75,20170600,1243.3,20170400
2017-03-27 23:00:00,1257.7,20170600,1257.7,20170600,1254.5,20170400
2017-03-28 23:00:00,1254.1,20170600,1254.1,20170600,1250.8,20170400
2017-03-29 13:50:25,1256.15,20170600,1256.15,20170600,1250.8,20170400
2017-03-29 14:52:18,1256.05,20170600,1256.05,20170600,1250.8,20170400
2017-03-29 23:00:00,1255.0,20170600,1255.0,20170600,1252.1,20170400
2017-03-30 12:08:00,1255.0,20170800,1255.0,20170800,1253.25,20170600
2017-03-30 13:57:29,1255.0,20170800,1255.0,20170800,1250.45,20170600
2017-03-30 14:58:03,1255.0,20170800,1255.0,20170800,1251.25,20170600
2017-03-30 15:58:30,1255.0,20170800,1255.0,20170800,1251.15,20170600
2017-03-30 16:59:12,1255.0,20170800,1255.0,20170800,1251.05,20170600
2017-03-30 19:22:31,1255.0,20170800,1255.0,20170800,1247.75,20170600
2017-03-30 23:00:00,1249.9,20170800,1249.9,20170800,1246.4,20170600
2017-03-31 15:00:55,1249.9,20170800,1249.9,20170800,1247.25,20170600
2017-03-31 16:05:06,1249.9,20170800,1249.9,20170800,1248.85,20170600
2017-03-31 17:06:29,1249.9,20170800,1249.9,20170800,1248.45,20170600
2017-03-31 18:07:13,1249.9,20170800,1249.9,20170800,1251.45,20170600
2017-03-31 19:20:39,1249.9,20170800,1249.9,20170800,1251.95,20170600
2017-03-31 23:00:00,1253.2,20170800,1253.2,20170800,1249.9,20170600
2017-04-03 12:07:59,1253.2,20170800,1253.2,20170800,1247.35,20170600
2017-04-03 13:08:33,1253.2,20170800,1253.2,20170800,1249.15,20170600
2017-04-03 14:14:00,1253.2,20170800,1253.2,20170800,1248.35,20170600
2017-04-03 16:14:29,1253.2,20170800,1253.2,20170800,1255.35,20170600
2017-04-03 17:14:57,1253.2,20170800,1253.2,20170800,1255.55,20170600
2017-04-03 18:15:29,1253.2,20170800,1253.2,20170800,1253.95,20170600
2017-04-03 19:16:10,1253.2,20170800,1253.2,20170800,1254.95,20170600
2017-04-03 23:00:00,1258.0,20170800,1258.0,20170800,1254.7,20170600
2017-04-04 12:07:45,1258.0,20170800,1258.0,20170800,1259.75,20170600
2017-04-04 13:08:22,1258.0,20170800,1258.0,20170800,1263.05,20170600
2017-04-04 14:18:46,1258.0,20170800,1258.0,20170800,1258.55,20170600
2017-04-04 16:21:15,1258.0,20170800,1258.0,20170800,1258.25,20170600
2017-04-04 17:21:44,1258.0,20170800,1258.0,20170800,1257.85,20170600
2017-04-04 18:22:22,1258.0,20170800,1258.0,20170800,1257.35,20170600
2017-04-04 19:23:02,1258.0,20170800,1258.0,20170800,1257.75,20170600
2017-04-04 23:00:00,1261.2,20170800,1261.2,20170800,1258.3,20170600
2017-04-05 12:08:07,1261.2,20170800,1261.2,20170800,1255.05,20170600
2017-04-05 13:08:42,1261.2,20170800,1261.2,20170800,1254.35,20170600
2017-04-05 14:20:18,1261.2,20170800,1261.2,20170800,1250.15,20170600
2017-04-05 15:23:02,1261.2,20170800,1261.2,20170800,1249.15,20170600
2017-04-05 17:07:02,1261.2,20170800,1261.2,20170800,1249.85,20170600
2017-04-05 18:07:32,1261.2,20170800,1261.2,20170800,1247.45,20170600
2017-04-05 19:08:10,1261.2,20170800,1261.2,20170800,1247.25,20170600
2017-04-05 23:00:00,1261.2,20170800,1261.2,20170800,1258.1,20170600
2017-04-06 12:21:12,1261.2,20170800,1261.2,20170800,1254.15,20170600
2017-04-06 13:21:45,1261.2,20170800,1261.2,20170800,1254.65,20170600
2017-04-06 14:33:08,1261.2,20170800,1261.2,20170800,1254.05,20170600
2017-04-06 15:36:35,1261.2,20170800,1261.2,20170800,1254.05,20170600
2017-04-06 17:21:22,1261.2,20170800,1261.2,20170800,1253.75,20170600
2017-04-06 18:21:58,1261.2,20170800,1261.2,20170800,1253.25,20170600
2017-04-06 19:22:41,1261.2,20170800,1261.2,20170800,1253.45,20170600
2017-04-06 23:00:00,1257.1,20170800,1257.1,20170800,1254.1,20170600
2017-04-07 12:09:04,1257.1,20170800,1257.1,20170800,1265.15,20170600
2017-04-07 13:09:38,1257.1,20170800,1257.1,20170800,1265.75,20170600
2017-04-07 14:24:42,1257.1,20170800,1257.1,20170800,1265.85,20170600
2017-04-07 15:27:21,1257.1,20170800,1257.1,20170800,1268.95,20170600
2017-04-07 17:10:47,1257.1,20170800,1257.1,20170800,1267.65,20170600
2017-04-07 18:11:18,1257.1,20170800,1257.1,20170800,1261.25,20170600
2017-04-07 19:11:55,1257.1,20170800,1257.1,20170800,1254.85,20170600
2017-04-07 23:00:00,1260.0,20170800,1260.0,20170800,1256.8,20170600
2017-04-10 12:02:46,1260.0,20170800,1260.0,20170800,1254.25,20170600
2017-04-10 13:03:08,1260.0,20170800,1260.0,20170800,1251.15,20170600
2017-04-10 14:11:53,1260.0,20170800,1260.0,20170800,1251.35,20170600
2017-04-10 15:28:53,1260.0,20170800,1260.0,20170800,1252.95,20170600
2017-04-10 16:29:16,1260.0,20170800,1260.0,20170800,1254.25,20170600
2017-04-10 17:29:36,1260.0,20170800,1260.0,20170800,1257.15,20170600
2017-04-10 18:29:57,1260.0,20170800,1260.0,20170800,1254.15,20170600
2017-04-10 23:00:00,1258.9,20170800,1258.9,20170800,1255.8,20170600
2017-04-11 12:17:55,1258.9,20170800,1258.9,20170800,1259.55,20170600
2017-04-11 13:18:27,1258.9,20170800,1258.9,20170800,1260.35,20170600
2017-04-11 14:32:45,1258.9,20170800,1258.9,20170800,1265.85,20170600
2017-04-11 15:35:29,1258.9,20170800,1258.9,20170800,1269.35,20170600
2017-04-11 17:22:09,1258.9,20170800,1258.9,20170800,1271.45,20170600
2017-04-11 18:23:08,1258.9,20170800,1258.9,20170800,1271.85,20170600
2017-04-11 19:23:46,1258.9,20170800,1258.9,20170800,1276.45,20170600
2017-04-11 23:00:00,1278.3,20170800,1278.3,20170800,1275.2,20170600
2017-04-12 12:13:15,1278.3,20170800,1278.3,20170800,1275.25,20170600
2017-04-12 13:13:56,1278.3,20170800,1278.3,20170800,1277.15,20170600
2017-04-12 14:29:46,1278.3,20170800,1278.3,20170800,1276.75,20170600
2017-04-12 15:32:46,1278.3,20170800,1278.3,20170800,1277.35,20170600
2017-04-12 17:22:37,1278.3,20170800,1278.3,20170800,1275.45,20170600
2017-04-12 18:23:19,1278.3,20170800,1278.3,20170800,1277.55,20170600
2017-04-12 19:23:54,1278.3,20170800,1278.3,20170800,1276.85,20170600
2017-04-12 23:00:00,1289.3,20170800,1289.3,20170800,1285.8,20170600
2017-04-13 12:23:57,1289.3,20170800,1289.3,20170800,1289.45,20170600
2017-04-13 13:24:30,1289.3,20170800,1289.3,20170800,1289.05,20170600
2017-04-13 14:29:25,1289.3,20170800,1289.3,20170800,1288.95,20170600
2017-04-13 15:32:49,1289.3,20170800,1289.3,20170800,1284.55,20170600
2017-04-13 17:41:52,1289.3,20170800,1289.3,20170800,1287.65,20170600
2017-04-13 18:42:48,1289.3,20170800,1289.3,20170800,1288.45,20170600
2017-04-13 19:43:21,1289.3,20170800,1289.3,20170800,1288.75,20170600
2017-04-13 23:00:00,1292.4,20170800,1292.4,20170800,1289.0,20170600
2017-04-17 12:04:59,1292.4,20170800,1292.4,20170800,1292.15,20170600
2017-04-17 13:10:02,1292.4,20170800,1292.4,20170800,1289.25,20170600
2017-04-17 14:28:27,1292.4,20170800,1292.4,20170800,1289.45,20170600
2017-04-17 16:14:24,1292.4,20170800,1292.4,20170800,1292.95,20170600
2017-04-17 17:14:52,1292.4,20170800,1292.4,20170800,1290.75,20170600
2017-04-17 18:15:29,1292.4,20170800,1292.4,20170800,1291.45,20170600
2017-04-17 19:15:57,1292.4,20170800,1292.4,20170800,1290.15,20170600
2017-04-17 23:00:00,1289.1,20170800,1289.1,20170800,1286.2,20170600
2017-04-18 12:07:22,1289.1,20170800,1289.1,20170800,1287.75,20170600
2017-04-18 13:07:56,1289.1,20170800,1289.1,20170800,1286.95,20170600
2017-04-18 14:22:36,1289.1,20170800,1289.1,20170800,1287.35,20170600
2017-04-18 16:36:38,1289.1,20170800,1289.1,20170800,1292.55,20170600
2017-04-18 17:37:19,1289.1,20170800,1289.1,20170800,1291.35,20170600
2017-04-18 18:37:49,1289.1,20170800,1289.1,20170800,1292.35,20170600
2017-04-18 19:38:20,1289.1,20170800,1289.1,20170800,1291.85,20170600
2017-04-18 23:00:00,1294.7,20170800,1294.7,20170800,1291.4,20170600
2017-04-19 12:08:04,1294.7,20170800,1294.7,20170800,1284.35,20170600
2017-04-19 13:08:51,1294.7,20170800,1294.7,20170800,1285.35,20170600
2017-04-19 14:25:00,1294.7,20170800,1294.7,20170800,1286.55,20170600
2017-04-19 15:28:56,1294.7,20170800,1294.7,20170800,1278.6999999999996,20170600
2017-04-19 17:10:44,1294.7,20170800,1294.7,20170800,1281.45,20170600
2017-04-19 18:11:21,1294.7,20170800,1294.7,20170800,1283.85,20170600
2017-04-19 19:12:06,1294.7,20170800,1294.7,20170800,1282.55,20170600
2017-04-19 23:00:00,1284.3,20170800,1284.3,20170800,1281.7,20170600
2017-04-20 12:09:47,1284.3,20170800,1284.3,20170800,1280.55,20170600
2017-04-20 13:10:27,1284.3,20170800,1284.3,20170800,1281.45,20170600
2017-04-20 14:26:29,1284.3,20170800,1284.3,20170800,1281.45,20170600
2017-04-20 15:30:48,1284.3,20170800,1284.3,20170800,1282.45,20170600
2017-04-20 17:17:44,1284.3,20170800,1284.3,20170800,1280.95,20170600
2017-04-20 18:18:13,1284.3,20170800,1284.3,20170800,1283.25,20170600
2017-04-20 19:18:42,1284.3,20170800,1284.3,20170800,1283.25,20170600
2017-04-20 23:00:00,1286.1,20170800,1286.1,20170800,1283.4,20170600
2017-04-21 12:22:58,1286.1,20170800,1286.1,20170800,1286.05,20170600
2017-04-21 13:23:34,1286.1,20170800,1286.1,20170800,1285.45,20170600
2017-04-21 14:29:39,1286.1,20170800,1286.1,20170800,1284.75,20170600
2017-04-21 15:33:36,1286.1,20170800,1286.1,20170800,1282.55,20170600
2017-04-21 17:17:21,1286.1,20170800,1286.1,20170800,1287.75,20170600
2017-04-21 18:17:51,1286.1,20170800,1286.1,20170800,1287.95,20170600
2017-04-21 19:18:29,1286.1,20170800,1286.1,20170800,1286.15,20170600
2017-04-21 23:00:00,1289.6,20170800,1289.6,20170800,1286.8,20170600
2017-04-24 12:08:29,1289.6,20170800,1289.6,20170800,1272.95,20170600
2017-04-24 13:09:15,1289.6,20170800,1289.6,20170800,1269.45,20170600
2017-04-24 14:14:33,1289.6,20170800,1289.6,20170800,1272.45,20170600
2017-04-24 15:17:55,1289.6,20170800,1289.6,20170800,1272.75,20170600
2017-04-24 17:06:51,1289.6,20170800,1289.6,20170800,1275.95,20170600
2017-04-24 18:07:23,1289.6,20170800,1289.6,20170800,1275.95,20170600
2017-04-24 19:08:36,1289.6,20170800,1289.6,20170800,1277.45,20170600
2017-04-24 23:00:00,1281.2,20170800,1281.2,20170800,1277.6,20170600
2017-04-25 12:07:48,1281.2,20170800,1281.2,20170800,1272.05,20170600
2017-04-25 13:08:41,1281.2,20170800,1281.2,20170800,1269.75,20170600
2017-04-25 14:09:34,1281.2,20170800,1281.2,20170800,1268.35,20170600
2017-04-25 15:14:28,1281.2,20170800,1281.2,20170800,1268.55,20170600
2017-04-25 17:16:30,1281.2,20170800,1281.2,20170800,1264.75,20170600
2017-04-25 18:17:22,1281.2,20170800,1281.2,20170800,1265.65,20170600
2017-04-25 19:18:40,1281.2,20170800,1281.2,20170800,1264.45,20170600
2017-04-25 23:00:00,1268.3,20170800,1268.3,20170800,1265.0,20170600
2017-04-26 12:17:04,1268.3,20170800,1268.3,20170800,1266.85,20170600
2017-04-26 13:17:38,1268.3,20170800,1268.3,20170800,1264.25,20170600
2017-04-26 14:21:31,1268.3,20170800,1268.3,20170800,1264.35,20170600
2017-04-26 15:25:20,1268.3,20170800,1268.3,20170800,1264.05,20170600
2017-04-26 17:07:27,1268.3,20170800,1268.3,20170800,1265.75,20170600
2017-04-26 18:08:03,1268.3,20170800,1268.3,20170800,1263.75,20170600
2017-04-26 19:08:38,1268.3,20170800,1268.3,20170800,1267.75,20170600
2017-04-26 23:00:00,1273.9,20170800,1273.9,20170800,1271.0,20170600
2017-04-27 12:24:11,1273.9,20170800,1273.9,20170800,1265.85,20170600
2017-04-27 13:24:49,1273.9,20170800,1273.9,20170800,1264.75,20170600
2017-04-27 14:38:27,1273.9,20170800,1273.9,20170800,1265.95,20170600
2017-04-27 15:41:54,1273.9,20170800,1273.9,20170800,1264.15,20170600
2017-04-27 17:22:48,1273.9,20170800,1273.9,20170800,1267.35,20170600
2017-04-27 18:23:35,1273.9,20170800,1273.9,20170800,1266.95,20170600
2017-04-27 19:24:10,1273.9,20170800,1273.9,20170800,1266.35,20170600
2017-04-27 23:00:00,1269.0,20170800,1269.0,20170800,1265.7,20170600
2017-04-28 12:39:42,1269.0,20170800,1269.0,20170800,1268.65,20170600
2017-04-28 13:40:18,1269.0,20170800,1269.0,20170800,1266.45,20170600
2017-04-28 14:41:58,1269.0,20170800,1269.0,20170800,1267.85,20170600
2017-04-28 15:46:18,1269.0,20170800,1269.0,20170800,1268.05,20170600
2017-04-28 17:50:46,1269.0,20170800,1269.0,20170800,1267.95,20170600
2017-04-28 18:51:12,1269.0,20170800,1269.0,20170800,1268.15,20170600
2017-04-28 23:00:00,1273.0,20170800,1273.0,20170800,1269.6,20170600
2017-05-01 12:12:20,1273.0,20170800,1273.0,20170800,1264.05,20170600
2017-05-01 13:15:14,1273.0,20170800,1273.0,20170800,1264.35,20170600
2017-05-01 14:18:13,1273.0,20170800,1273.0,20170800,1263.85,20170600
2017-05-01 15:56:58,1273.0,20170800,1273.0,20170800,1266.05,20170600
2017-05-01 16:57:42,1273.0,20170800,1273.0,20170800,1261.05,20170600
2017-05-01 17:58:03,1273.0,20170800,1273.0,20170800,1257.05,20170600
2017-05-01 18:58:25,1273.0,20170800,1273.0,20170800,1256.15,20170600
2017-05-01 23:00:00,1261.4,20170800,1261.4,20170800,1257.8,20170600
2017-05-02 12:07:59,1261.4,20170800,1261.4,20170800,1256.65,20170600
2017-05-02 13:08:32,1261.4,20170800,1261.4,20170800,1255.15,20170600
2017-05-02 14:23:47,1261.4,20170800,1261.4,20170800,1254.25,20170600
2017-05-02 16:33:37,1261.4,20170800,1261.4,20170800,1255.9,20170600
2017-05-02 17:34:08,1261.4,20170800,1261.4,20170800,1256.15,20170600
2017-05-02 18:34:50,1261.4,20170800,1261.4,20170800,1256.65,20170600
2017-05-02 19:35:46,1261.4,20170800,1261.4,20170800,1256.45,20170600
2017-05-02 23:00:00,1260.9,20170800,1260.9,20170800,1257.8,20170600
2017-05-03 12:16:43,1260.9,20170800,1260.9,20170800,1254.65,20170600
2017-05-03 13:17:22,1260.9,20170800,1260.9,20170800,1254.35,20170600
2017-05-03 14:20:38,1260.9,20170800,1260.9,20170800,1252.95,20170600
2017-05-03 15:23:27,1260.9,20170800,1260.9,20170800,1248.75,20170600
2017-05-03 17:22:21,1260.9,20170800,1260.9,20170800,1249.65,20170600
2017-05-03 18:23:02,1260.9,20170800,1260.9,20170800,1248.25,20170600
2017-05-03 19:23:46,1260.9,20170800,1260.9,20170800,1248.15,20170600
2017-05-03 23:00:00,1242.4,20170800,1242.4,20170800,1238.7,20170600
2017-05-04 12:32:45,1242.4,20170800,1242.4,20170800,1234.25,20170600
2017-05-04 13:33:19,1242.4,20170800,1242.4,20170800,1230.25,20170600
2017-05-04 14:41:12,1242.4,20170800,1242.4,20170800,1227.65,20170600
2017-05-04 15:44:45,1242.4,20170800,1242.4,20170800,1231.25,20170600
2017-05-04 17:58:30,1242.4,20170800,1242.4,20170800,1230.25,20170600
2017-05-04 18:58:59,1242.4,20170800,1242.4,20170800,1229.25,20170600
2017-05-04 23:00:00,1232.2,20170800,1232.2,20170800,1228.9,20170600
2017-05-05 12:35:24,1232.2,20170800,1232.2,20170800,1232.75,20170600
2017-05-05 13:36:03,1232.2,20170800,1232.2,20170800,1231.25,20170600
2017-05-05 14:50:37,1232.2,20170800,1232.2,20170800,1229.35,20170600
2017-05-05 16:52:57,1232.2,20170800,1232.2,20170800,1229.65,20170600
2017-05-05 17:53:34,1232.2,20170800,1232.2,20170800,1228.55,20170600
2017-05-05 18:54:16,1232.2,20170800,1232.2,20170800,1228.05,20170600
2017-05-05 23:00:00,1233.0,20170800,1233.0,20170800,1229.2,20170600
2017-05-08 14:15:55,1233.0,20170800,1233.0,20170800,1231.25,20170600
2017-05-08 16:03:16,1233.0,20170800,1233.0,20170800,1228.15,20170600
2017-05-08 18:42:57,1233.0,20170800,1233.0,20170800,1226.75,20170600
2017-05-08 19:43:53,1233.0,20170800,1233.0,20170800,1228.55,20170600
2017-05-08 23:00:00,1229.8,20170800,1229.8,20170800,1226.2,20170600
2017-05-09 13:16:01,1229.8,20170800,1229.8,20170800,1222.85,20170600
2017-05-09 14:47:42,1229.8,20170800,1229.8,20170800,1219.55,20170600
2017-05-09 16:37:04,1229.8,20170800,1229.8,20170800,1218.15,20170600
2017-05-09 19:06:45,1229.8,20170800,1229.8,20170800,1216.35,20170600
2017-05-09 23:00:00,1224.5,20170800,1224.5,20170800,1221.3,20170600
2017-05-10 12:06:24,1224.5,20170800,1224.5,20170800,1224.25,20170600
2017-05-10 15:08:38,1224.5,20170800,1224.5,20170800,1223.35,20170600
2017-05-10 16:57:25,1224.5,20170800,1224.5,20170800,1221.45,20170600
2017-05-10 19:32:06,1224.5,20170800,1224.5,20170800,1218.55,20170600
2017-05-10 23:00:00,1222.9,20170800,1222.9,20170800,1219.1,20170600
2017-05-11 12:07:52,1222.9,20170800,1222.9,20170800,1222.55,20170600
2017-05-11 14:47:00,1222.9,20170800,1222.9,20170800,1221.15,20170600
2017-05-11 16:36:26,1222.9,20170800,1222.9,20170800,1223.9,20170600
2017-05-11 18:00:05,1222.9,20170800,1222.9,20170800,1224.65,20170600
2017-05-11 23:00:00,1228.3,20170800,1228.3,20170800,1225.0,20170600
2017-05-12 12:10:16,1228.3,20170800,1228.3,20170800,1228.75,20170600
2017-05-12 13:54:51,1228.3,20170800,1228.3,20170800,1230.85,20170600
2017-05-12 15:06:24,1228.3,20170800,1228.3,20170800,1230.15,20170600
2017-05-12 16:14:39,1228.3,20170800,1228.3,20170800,1229.45,20170600
2017-05-12 18:12:25,1228.3,20170800,1228.3,20170800,1227.65,20170600
2017-05-12 19:13:20,1228.3,20170800,1228.3,20170800,1228.05,20170600
2017-05-12 23:00:00,1231.3,20170800,1231.3,20170800,1227.8,20170600
2017-05-15 13:11:58,1231.3,20170800,1231.3,20170800,1233.95,20170600
2017-05-15 14:43:13,1231.3,20170800,1231.3,20170800,1233.45,20170600
2017-05-15 16:32:12,1231.3,20170800,1231.3,20170800,1232.95,20170600
2017-05-15 18:46:18,1231.3,20170800,1231.3,20170800,1230.0,20170600
2017-05-15 23:00:00,1233.4,20170800,1233.4,20170800,1230.5,20170600
2017-05-16 13:06:14,1233.4,20170800,1233.4,20170800,1235.05,20170600
2017-05-16 14:36:55,1233.4,20170800,1233.4,20170800,1234.75,20170600
2017-05-16 16:25:22,1233.4,20170800,1233.4,20170800,1237.15,20170600
2017-05-16 18:42:21,1233.4,20170800,1233.4,20170800,1236.25,20170600
2017-05-16 19:43:19,1233.4,20170800,1233.4,20170800,1238.05,20170600
2017-05-16 23:00:00,1240.0,20170800,1240.0,20170800,1236.8,20170600
2017-05-17 14:24:02,1240.0,20170800,1240.0,20170800,1254.25,20170600
2017-05-17 16:11:34,1240.0,20170800,1240.0,20170800,1259.35,20170600
2017-05-17 18:56:08,1240.0,20170800,1240.0,20170800,1259.45,20170600
2017-05-17 23:00:00,1264.7,20170800,1264.7,20170800,1261.2,20170600
2017-05-18 13:34:55,1264.7,20170800,1264.7,20170800,1259.95,20170600
2017-05-18 15:21:01,1264.7,20170800,1264.7,20170800,1252.15,20170600
2017-05-18 17:11:37,1264.7,20170800,1264.7,20170800,1255.55,20170600
2017-05-18 19:32:26,1264.7,20170800,1264.7,20170800,1246.95,20170600
2017-05-18 23:00:00,1249.4,20170800,1249.4,20170800,1246.8,20170600
2017-05-19 13:17:12,1249.4,20170800,1249.4,20170800,1252.95,20170600
2017-05-19 14:46:58,1249.4,20170800,1249.4,20170800,1253.45,20170600
2017-05-19 16:35:29,1249.4,20170800,1249.4,20170800,1253.75,20170600
2017-05-19 19:02:25,1249.4,20170800,1249.4,20170800,1254.25,20170600
2017-05-19 23:00:00,1258.9,20170800,1258.9,20170800,1255.7,20170600
2017-05-22 12:03:28,1258.9,20170800,1258.9,20170800,1255.85,20170600
2017-05-22 13:04:02,1258.9,20170800,1258.9,20170800,1256.75,20170600
2017-05-22 14:12:36,1258.9,20170800,1258.9,20170800,1257.85,20170600
2017-05-22 15:13:01,1258.9,20170800,1258.9,20170800,1259.05,20170600
2017-05-22 17:09:29,1258.9,20170800,1258.9,20170800,1260.55,20170600
2017-05-22 18:10:03,1258.9,20170800,1258.9,20170800,1260.75,20170600
2017-05-22 19:10:50,1258.9,20170800,1258.9,20170800,1261.15,20170600
2017-05-22 23:00:00,1264.8,20170800,1264.8,20170800,1261.15,20170600
2017-05-23 12:18:58,1264.8,20170800,1264.8,20170800,1259.65,20170600
2017-05-23 13:19:37,1264.8,20170800,1264.8,20170800,1259.75,20170600
2017-05-23 14:31:26,1264.8,20170800,1264.8,20170800,1262.75,20170600
2017-05-23 16:36:35,1264.8,20170800,1264.8,20170800,1259.65,20170600
2017-05-23 17:37:18,1264.8,20170800,1264.8,20170800,1253.45,20170600
2017-05-23 18:38:09,1264.8,20170800,1264.8,20170800,1256.55,20170600
2017-05-23 19:40:44,1264.8,20170800,1264.8,20170800,1253.75,20170600
2017-05-23 23:00:00,1254.6,20170800,1254.6,20170800,1251.3,20170600
2017-05-24 12:08:37,1254.6,20170800,1254.6,20170800,1251.35,20170600
2017-05-24 14:03:10,1254.6,20170800,1254.6,20170800,1251.85,20170600
2017-05-24 15:03:37,1254.6,20170800,1254.6,20170800,1253.25,20170600
2017-05-24 16:04:16,1254.6,20170800,1254.6,20170800,1253.05,20170600
2017-05-24 17:04:58,1254.6,20170800,1254.6,20170800,1250.85,20170600
2017-05-24 19:38:00,1254.6,20170800,1254.6,20170800,1254.45,20170600
2017-05-24 23:00:00,1261.5,20170800,1261.5,20170800,1258.0,20170600
2017-05-25 12:04:50,1261.5,20170800,1261.5,20170800,1256.65,20170600
2017-05-25 14:39:22,1261.5,20170800,1261.5,20170800,1256.3000000000004,20170600
2017-05-25 15:40:11,1261.5,20170800,1261.5,20170800,1254.25,20170600
2017-05-25 16:41:08,1261.5,20170800,1261.5,20170800,1257.15,20170600
2017-05-25 17:41:36,1261.5,20170800,1261.5,20170800,1255.35,20170600
2017-05-25 23:00:00,1258.8,20170800,1258.8,20170800,1255.3,20170600
2017-05-26 12:15:13,1258.8,20170800,1258.8,20170800,1266.95,20170600
2017-05-26 15:24:27,1258.8,20170800,1258.8,20170800,1267.05,20170600
2017-05-26 16:25:08,1258.8,20170800,1258.8,20170800,1267.25,20170600
2017-05-26 17:25:38,1258.8,20170800,1258.8,20170800,1264.95,20170600
2017-05-26 18:26:25,1258.8,20170800,1258.8,20170800,1267.55,20170600
2017-05-26 23:00:00,1270.1,20170800,1270.1,20170800,1266.7,20170600
2017-05-29 12:08:11,1270.1,20170800,1270.1,20170800,1266.65,20170600
2017-05-29 14:09:38,1270.1,20170800,1270.1,20170800,1266.55,20170600
2017-05-29 15:10:05,1270.1,20170800,1270.1,20170800,1266.05,20170600
2017-05-29 16:11:14,1270.1,20170800,1270.1,20170800,1267.05,20170600
2017-05-29 17:11:50,1270.1,20170800,1270.1,20170800,1266.55,20170600
2017-05-29 19:17:35,1270.1,20170800,1270.1,20170800,1266.4499999999996,20170600
2017-05-30 12:08:09,1270.1,20170800,1270.1,20170800,1263.6,20170600
2017-05-30 13:57:38,1270.1,20170800,1270.1,20170800,1260.5,20170600
2017-05-30 14:58:21,1270.1,20170800,1270.1,20170800,1262.95,20170600
2017-05-30 15:58:56,1270.1,20170800,1270.1,20170800,1260.65,20170600
2017-05-30 16:59:25,1270.1,20170800,1270.1,20170800,1263.05,20170600
2017-05-30 19:32:43,1270.1,20170800,1270.1,20170800,1261.8000000000004,20170600
2017-05-30 23:00:00,1265.4,20170800,1265.4,20170800,1261.5,20170600
2017-05-31 23:00:00,1274.8,20171000,1274.8,20171000,1271.3,20170800
2017-06-01 23:00:00,1272.2,20171000,1272.2,20171000,1268.9,20170800
2017-06-02 23:00:00,1284.8,20171000,1284.8,20171000,1281.5,20170800
2017-06-05 12:09:51,1284.8,20171000,1284.8,20171000,1282.95,20170800
2017-06-05 14:11:36,1284.8,20171000,1284.8,20171000,1283.15,20170800
2017-06-05 15:12:53,1284.8,20171000,1284.8,20171000,1283.55,20170800
2017-06-05 16:13:44,1284.8,20171000,1284.8,20171000,1282.95,20170800
2017-06-05 17:14:14,1284.8,20171000,1284.8,20171000,1281.45,20170800
2017-06-05 19:18:58,1284.8,20171000,1284.8,20171000,1281.95,20170800
2017-06-05 23:00:00,1285.5,20171000,1285.5,20171000,1281.8,20170800
2017-06-06 09:33:44,1285.5,20171000,1285.5,20171000,1291.75,20170800
2017-06-06 12:03:20,1285.5,20171000,1285.5,20171000,1294.35,20170800
2017-06-06 13:56:45,1285.5,20171000,1285.5,20171000,1294.75,20170800
2017-06-06 14:57:19,1285.5,20171000,1285.5,20171000,1297.05,20170800
2017-06-06 15:57:54,1285.5,20171000,1285.5,20171000,1296.95,20170800
2017-06-06 16:58:25,1285.5,20171000,1285.5,20171000,1296.35,20170800
2017-06-06 19:29:36,1285.5,20171000,1285.5,20171000,1295.95,20170800
2017-06-06 23:00:00,1299.9,20171000,1299.9,20171000,1296.3,20170800
2017-06-07 12:18:29,1299.9,20171000,1299.9,20171000,1292.05,20170800
2017-06-07 15:27:13,1299.9,20171000,1299.9,20171000,1295.0,20170800
2017-06-07 16:27:42,1299.9,20171000,1299.9,20171000,1295.15,20170800
2017-06-07 17:28:12,1299.9,20171000,1299.9,20171000,1292.85,20170800
2017-06-07 18:28:53,1299.9,20171000,1299.9,20171000,1293.45,20170800
2017-06-07 23:00:00,1293.1,20171000,1293.1,20171000,1289.5,20170800
2017-06-08 12:08:25,1293.1,20171000,1293.1,20171000,1286.55,20170800
2017-06-08 13:08:57,1293.1,20171000,1293.1,20171000,1285.85,20170800
2017-06-08 15:29:04,1293.1,20171000,1293.1,20171000,1276.75,20170800
2017-06-08 16:29:37,1293.1,20171000,1293.1,20171000,1277.4,20170800
2017-06-08 17:30:11,1293.1,20171000,1293.1,20171000,1280.15,20170800
2017-06-08 18:30:53,1293.1,20171000,1293.1,20171000,1279.85,20170800
2017-06-08 23:00:00,1285.1,20171000,1285.1,20171000,1281.5,20170800
2017-06-09 12:08:40,1285.1,20171000,1285.1,20171000,1276.45,20170800
2017-06-09 13:09:12,1285.1,20171000,1285.1,20171000,1274.05,20170800
2017-06-09 15:33:33,1285.1,20171000,1285.1,20171000,1269.95,20170800
2017-06-09 16:34:19,1285.1,20171000,1285.1,20171000,1269.75,20170800
2017-06-09 17:34:53,1285.1,20171000,1285.1,20171000,1271.45,20170800
2017-06-09 18:35:37,1285.1,20171000,1285.1,20171000,1271.35,20170800
2017-06-09 23:00:00,1273.3,20171000,1273.3,20171000,1269.3,20170800
2017-06-12 12:08:27,1273.3,20171000,1273.3,20171000,1271.15,20170800
2017-06-12 14:10:02,1273.3,20171000,1273.3,20171000,1267.05,20170800
2017-06-12 15:10:53,1273.3,20171000,1273.3,20171000,1268.15,20170800
2017-06-12 16:11:21,1273.3,20171000,1273.3,20171000,1268.15,20170800
2017-06-12 17:12:12,1273.3,20171000,1273.3,20171000,1268.25,20170800
2017-06-12 19:17:52,1273.3,20171000,1273.3,20171000,1269.25,20170800
2017-06-12 23:00:00,1271.0,20171000,1271.0,20171000,1267.8,20170800
2017-06-13 13:52:26,1271.0,20171000,1271.0,20171000,1263.15,20170800
2017-06-13 14:53:00,1271.0,20171000,1271.0,20171000,1262.95,20170800
2017-06-13 15:53:27,1271.0,20171000,1271.0,20171000,1266.65,20170800
2017-06-13 16:53:55,1271.0,20171000,1271.0,20171000,1265.55,20170800
2017-06-13 19:32:34,1271.0,20171000,1271.0,20171000,1269.65,20170800
2017-06-13 23:00:00,1272.1,20171000,1272.1,20171000,1268.2,20170800
2017-06-14 12:08:40,1272.1,20171000,1272.1,20171000,1268.65,20170800
2017-06-14 13:09:13,1272.1,20171000,1272.1,20171000,1267.45,20170800
2017-06-14 15:48:55,1272.1,20171000,1272.1,20171000,1280.05,20170800
2017-06-14 16:49:38,1272.1,20171000,1272.1,20171000,1278.95,20170800
2017-06-14 17:50:12,1272.1,20171000,1272.1,20171000,1277.55,20170800
2017-06-14 18:50:47,1272.1,20171000,1272.1,20171000,1278.05,20170800
2017-06-14 23:00:00,1265.4,20171000,1265.4,20171000,1262.0,20170800
2017-06-15 12:15:21,1265.4,20171000,1265.4,20171000,1257.15,20170800
2017-06-15 13:15:55,1265.4,20171000,1265.4,20171000,1257.4,20170800
2017-06-15 16:03:31,1265.4,20171000,1265.4,20171000,1256.45,20170800
2017-06-15 17:04:04,1265.4,20171000,1265.4,20171000,1255.45,20170800
2017-06-15 18:04:46,1265.4,20171000,1265.4,20171000,1254.85,20170800
2017-06-15 19:05:13,1265.4,20171000,1265.4,20171000,1255.35,20170800
2017-06-15 23:00:00,1259.5,20171000,1259.5,20171000,1256.2,20170800
2017-06-16 12:07:25,1259.5,20171000,1259.5,20171000,1257.15,20170800
2017-06-16 13:08:03,1259.5,20171000,1259.5,20171000,1256.65,20170800
2017-06-16 15:58:13,1259.5,20171000,1259.5,20171000,1256.45,20170800
2017-06-16 16:58:56,1259.5,20171000,1259.5,20171000,1256.15,20170800
2017-06-16 17:59:39,1259.5,20171000,1259.5,20171000,1255.95,20170800
2017-06-16 19:00:09,1259.5,20171000,1259.5,20171000,1255.45,20170800
2017-06-16 23:00:00,1259.2,20171000,1259.2,20171000,1256.3,20170800
2017-06-19 12:08:47,1259.2,20171000,1259.2,20171000,1252.35,20170800
2017-06-19 14:07:59,1259.2,20171000,1259.2,20171000,1251.15,20170800
2017-06-19 15:08:43,1259.2,20171000,1259.2,20171000,1249.65,20170800
2017-06-19 16:09:23,1259.2,20171000,1259.2,20171000,1250.05,20170800
2017-06-19 17:10:04,1259.2,20171000,1259.2,20171000,1249.35,20170800
2017-06-19 19:34:37,1259.2,20171000,1259.2,20171000,1246.75,20170800
2017-06-19 23:00:00,1248.5,20171000,1248.5,20171000,1245.5,20170800
2017-06-20 12:03:07,1248.5,20171000,1248.5,20171000,1247.35,20170800
2017-06-20 14:17:09,1248.5,20171000,1248.5,20171000,1245.95,20170800
2017-06-20 15:17:40,1248.5,20171000,1248.5,20171000,1243.95,20170800
2017-06-20 16:18:09,1248.5,20171000,1248.5,20171000,1243.95,20170800
2017-06-20 17:18:51,1248.5,20171000,1248.5,20171000,1245.15,20170800
2017-06-20 23:00:00,1247.3,20171000,1247.3,20171000,1243.7,20170800
2017-06-21 12:08:19,1247.3,20171000,1247.3,20171000,1247.35,20170800
2017-06-21 13:09:03,1247.3,20171000,1247.3,20171000,1245.55,20170800
2017-06-21 15:47:27,1247.3,20171000,1247.3,20171000,1245.85,20170800
2017-06-21 16:48:27,1247.3,20171000,1247.3,20171000,1245.15,20170800
2017-06-21 17:48:55,1247.3,20171000,1247.3,20171000,1245.55,20170800
2017-06-21 18:49:23,1247.3,20171000,1247.3,20171000,1246.55,20170800
2017-06-21 23:00:00,1251.5,20171000,1251.5,20171000,1246.6,20170800
2017-06-22 12:09:18,1251.5,20171000,1251.5,20171000,1251.35,20170800
2017-06-22 13:09:49,1251.5,20171000,1251.5,20171000,1252.75,20170800
2017-06-22 14:22:30,1251.5,20171000,1251.5,20171000,1253.45,20170800
2017-06-22 15:22:59,1251.5,20171000,1251.5,20171000,1251.55,20170800
2017-06-22 18:05:55,1251.5,20171000,1251.5,20171000,1251.35,20170800
2017-06-22 19:06:37,1251.5,20171000,1251.5,20171000,1248.85,20170800
2017-06-22 23:00:00,1254.4,20171000,1254.4,20171000,1250.8,20170800
2017-06-23 12:07:37,1254.4,20171000,1254.4,20171000,1257.85,20170800
2017-06-23 14:13:11,1254.4,20171000,1254.4,20171000,1257.95,20170800
2017-06-23 15:14:08,1254.4,20171000,1254.4,20171000,1256.75,20170800
2017-06-23 16:14:24,1254.4,20171000,1254.4,20171000,1257.35,20170800
2017-06-23 17:14:40,1254.4,20171000,1254.4,20171000,1256.55,20170800
2017-06-23 19:39:29,1254.4,20171000,1254.4,20171000,1256.65,20170800
2017-06-23 23:00:00,1260.4,20171000,1260.4,20171000,1256.9,20170800
2017-06-26 12:03:36,1260.4,20171000,1260.4,20171000,1242.95,20170800
2017-06-26 13:04:10,1260.4,20171000,1260.4,20171000,1241.15,20170800
2017-06-26 15:50:27,1260.4,20171000,1260.4,20171000,1245.25,20170800
2017-06-26 16:51:06,1260.4,20171000,1260.4,20171000,1243.35,20170800
2017-06-26 17:51:34,1260.4,20171000,1260.4,20171000,1244.55,20170800
2017-06-26 18:52:09,1260.4,20171000,1260.4,20171000,1246.05,20170800
2017-06-26 23:00:00,1248.4,20171000,1248.4,20171000,1244.6,20170800
2017-06-27 12:04:36,1248.4,20171000,1248.4,20171000,1251.65,20170800
2017-06-27 13:05:08,1248.4,20171000,1248.4,20171000,1249.95,20170800
2017-06-27 14:15:11,1248.4,20171000,1248.4,20171000,1249.75,20170800
2017-06-27 15:15:39,1248.4,20171000,1248.4,20171000,1250.15,20170800
2017-06-27 18:16:56,1248.4,20171000,1248.4,20171000,1248.05,20170800
2017-06-27 19:17:31,1248.4,20171000,1248.4,20171000,1250.25,20170800
2017-06-27 23:00:00,1252.9,20171000,1252.9,20171000,1249.2,20170800
2017-06-28 12:27:35,1252.9,20171000,1252.9,20171000,1253.95,20170800
2017-06-28 13:28:10,1252.9,20171000,1252.9,20171000,1252.15,20170800
2017-06-28 14:33:13,1252.9,20171000,1252.9,20171000,1251.75,20170800
2017-06-28 17:43:00,1252.9,20171000,1252.9,20171000,1249.15,20170800
2017-06-28 18:43:45,1252.9,20171000,1252.9,20171000,1249.95,20170800
2017-06-28 19:44:28,1252.9,20171000,1252.9,20171000,1249.65,20170800
2017-06-28 23:00:00,1253.9,20171000,1253.9,20171000,1250.3,20170800
2017-06-29 12:06:42,1253.9,20171000,1253.9,20171000,1246.05,20170800
2017-06-29 13:07:16,1253.9,20171000,1253.9,20171000,1244.55,20170800
2017-06-29 14:20:24,1253.9,20171000,1253.9,20171000,1241.35,20170800
2017-06-29 15:20:52,1253.9,20171000,1253.9,20171000,1246.85,20170800
2017-06-29 18:30:30,1253.9,20171000,1253.9,20171000,1246.05,20170800
2017-06-29 19:31:16,1253.9,20171000,1253.9,20171000,1244.75,20170800
2017-06-29 23:00:00,1248.7,20171000,1248.7,20171000,1245.6,20170800
2017-06-30 23:00:00,1245.1,20171000,1245.1,20171000,1241.5,20170800
2017-07-03 13:31:31,1245.1,20171000,1245.1,20171000,1231.85,20170800
2017-07-03 14:41:53,1245.1,20171000,1245.1,20171000,1226.85,20170800
2017-07-03 15:47:24,1245.1,20171000,1245.1,20171000,1222.45,20170800
2017-07-03 16:53:05,1245.1,20171000,1245.1,20171000,1220.85,20170800
2017-07-03 18:37:15,1245.1,20171000,1245.1,20171000,1219.65,20170800
2017-07-03 19:38:55,1245.1,20171000,1245.1,20171000,1220.15,20170800
2017-07-03 23:00:00,1223.0,20171000,1223.0,20171000,1219.7,20170800
2017-07-04 12:45:26,1223.0,20171000,1223.0,20171000,1224.55,20170800
2017-07-04 13:46:02,1223.0,20171000,1223.0,20171000,1224.45,20170800
2017-07-04 14:55:52,1223.0,20171000,1223.0,20171000,1222.15,20170800
2017-07-04 15:58:51,1223.0,20171000,1223.0,20171000,1222.95,20170800
2017-07-04 18:06:36,1223.0,20171000,1223.0,20171000,1222.6,20170800
2017-07-04 19:07:22,1223.0,20171000,1223.0,20171000,1222.85,20170800
2017-07-05 13:26:29,1223.0,20171000,1223.0,20171000,1218.75,20170800
2017-07-05 14:33:29,1223.0,20171000,1223.0,20171000,1218.05,20170800
2017-07-05 15:39:04,1223.0,20171000,1223.0,20171000,1222.35,20170800
2017-07-05 16:44:38,1223.0,20171000,1223.0,20171000,1222.35,20170800
2017-07-05 18:50:59,1223.0,20171000,1223.0,20171000,1222.75,20170800
2017-07-05 23:00:00,1229.4,20171000,1229.4,20171000,1225.8,20170800
2017-07-06 12:04:23,1229.4,20171000,1229.4,20171000,1223.75,20170800
2017-07-06 14:02:31,1229.4,20171000,1229.4,20171000,1225.05,20170800
2017-07-06 15:09:47,1229.4,20171000,1229.4,20171000,1224.55,20170800
2017-07-06 16:15:05,1229.4,20171000,1229.4,20171000,1222.85,20170800
2017-07-06 17:38:35,1229.4,20171000,1229.4,20171000,1223.15,20170800
2017-07-06 23:00:00,1228.1,20171000,1228.1,20171000,1224.7,20170800
2017-07-07 12:15:25,1228.1,20171000,1228.1,20171000,1221.35,20170800
2017-07-07 13:43:02,1228.1,20171000,1228.1,20171000,1223.95,20170800
2017-07-07 15:32:46,1228.1,20171000,1228.1,20171000,1213.45,20170800
2017-07-07 19:02:22,1228.1,20171000,1228.1,20171000,1210.05,20170800
2017-07-07 23:00:00,1216.0,20171000,1216.0,20171000,1211.9,20170800
2017-07-10 23:00:00,1216.8,20171000,1216.8,20171000,1211.9,20170800
2017-07-11 23:00:00,1218.3,20171000,1218.3,20171000,1211.9,20170800
2017-07-12 12:48:49,1218.3,20171000,1218.3,20171000,1215.85,20170800
2017-07-12 13:49:18,1218.3,20171000,1218.3,20171000,1222.65,20170800
2017-07-12 14:55:59,1218.3,20171000,1218.3,20171000,1220.3000000000004,20170800
2017-07-12 16:01:22,1218.3,20171000,1218.3,20171000,1222.35,20170800
2017-07-12 18:10:59,1218.3,20171000,1218.3,20171000,1219.15,20170800
2017-07-12 19:11:26,1218.3,20171000,1218.3,20171000,1219.95,20170800
2017-07-12 23:00:00,1222.9,20171000,1222.9,20171000,1219.3,20170800
2017-07-13 12:41:55,1222.9,20171000,1222.9,20171000,1219.65,20170800
2017-07-13 13:57:33,1222.9,20171000,1222.9,20171000,1219.3000000000004,20170800
2017-07-13 17:39:21,1222.9,20171000,1222.9,20171000,1216.55,20170800
2017-07-13 18:56:29,1222.9,20171000,1222.9,20171000,1218.15,20170800
2017-07-13 23:00:00,1220.4,20171000,1220.4,20171000,1216.7,20170800
2017-07-14 12:06:20,1220.4,20171000,1220.4,20171000,1220.15,20170800
2017-07-14 13:30:42,1220.4,20171000,1220.4,20171000,1226.25,20170800
2017-07-14 16:53:57,1220.4,20171000,1220.4,20171000,1226.65,20170800
2017-07-14 18:16:28,1220.4,20171000,1220.4,20171000,1227.25,20170800
2017-07-14 19:31:36,1220.4,20171000,1220.4,20171000,1227.45,20170800
2017-07-14 23:00:00,1231.3,20171000,1231.3,20171000,1228.0,20170800
2017-07-17 12:04:41,1231.3,20171000,1231.3,20171000,1230.45,20170800
2017-07-17 14:08:55,1231.3,20171000,1231.3,20171000,1233.35,20170800
2017-07-17 15:14:40,1231.3,20171000,1231.3,20171000,1234.25,20170800
2017-07-17 16:19:01,1231.3,20171000,1231.3,20171000,1233.15,20170800
2017-07-17 17:27:58,1231.3,20171000,1231.3,20171000,1233.55,20170800
2017-07-17 19:39:08,1231.3,20171000,1231.3,20171000,1234.15,20170800
2017-07-17 23:00:00,1236.5,20171000,1236.5,20171000,1233.2,20170800
2017-07-18 12:10:13,1236.5,20171000,1236.5,20171000,1237.5,20170800
2017-07-18 15:23:10,1236.5,20171000,1236.5,20171000,1241.65,20170800
2017-07-18 17:13:12,1236.5,20171000,1236.5,20171000,1242.65,20170800
2017-07-18 23:00:00,1245.2,20171000,1245.2,20171000,1241.9,20170800
2017-07-19 12:06:01,1245.2,20171000,1245.2,20171000,1239.35,20170800
2017-07-19 15:06:32,1245.2,20171000,1245.2,20171000,1241.45,20170800
2017-07-19 16:56:33,1245.2,20171000,1245.2,20171000,1240.15,20170800
2017-07-19 18:17:04,1245.2,20171000,1245.2,20171000,1241.25,20170800
2017-07-19 23:00:00,1244.1,20171000,1244.1,20171000,1240.9,20170800
2017-07-20 12:09:24,1244.1,20171000,1244.1,20171000,1236.45,20170800
2017-07-20 13:37:27,1244.1,20171000,1244.1,20171000,1237.75,20170800
2017-07-20 17:18:00,1244.1,20171000,1244.1,20171000,1246.35,20170800
2017-07-20 18:35:59,1244.1,20171000,1244.1,20171000,1245.55,20170800
2017-07-20 19:37:30,1244.1,20171000,1244.1,20171000,1243.55,20170800
2017-07-20 23:00:00,1248.7,20171000,1248.7,20171000,1243.9,20170800
2017-07-21 12:09:59,1248.7,20171000,1248.7,20171000,1247.75,20170800
2017-07-21 13:35:44,1248.7,20171000,1248.7,20171000,1249.45,20170800
2017-07-21 15:14:21,1248.7,20171000,1248.7,20171000,1249.95,20170800
2017-07-21 18:49:26,1248.7,20171000,1248.7,20171000,1254.25,20170800
2017-07-21 23:00:00,1258.0,20171000,1258.0,20171000,1255.0,20170800
2017-07-24 12:09:26,1258.0,20171000,1258.0,20171000,1256.25,20170800
2017-07-24 15:12:09,1258.0,20171000,1258.0,20171000,1256.55,20170800
2017-07-24 17:02:26,1258.0,20171000,1258.0,20171000,1255.25,20170800
2017-07-24 18:23:31,1258.0,20171000,1258.0,20171000,1254.85,20170800
2017-07-24 23:00:00,1258.9,20171000,1258.9,20171000,1255.3,20170800
2017-07-25 12:12:10,1258.9,20171000,1258.9,20171000,1250.65,20170800
2017-07-25 15:24:03,1258.9,20171000,1258.9,20171000,1252.15,20170800
2017-07-25 17:16:27,1258.9,20171000,1258.9,20171000,1250.55,20170800
2017-07-25 18:32:45,1258.9,20171000,1258.9,20171000,1252.25,20170800
2017-07-25 23:00:00,1252.8,20171000,1252.8,20171000,1249.7,20170800
2017-07-26 12:07:37,1252.8,20171000,1252.8,20171000,1246.55,20170800
2017-07-26 13:32:10,1252.8,20171000,1252.8,20171000,1247.15,20170800
2017-07-26 16:23:49,1252.8,20171000,1252.8,20171000,1247.95,20170800
2017-07-26 17:48:02,1252.8,20171000,1252.8,20171000,1247.65,20170800
2017-07-26 19:05:14,1252.8,20171000,1252.8,20171000,1250.65,20170800
2017-07-26 23:00:00,1264.0,20171000,1264.0,20171000,1260.3,20170800
2017-07-27 12:09:27,1264.0,20171000,1264.0,20171000,1263.25,20170800
2017-07-27 13:36:14,1264.0,20171000,1264.0,20171000,1263.25,20170800
2017-07-27 17:17:13,1264.0,20171000,1264.0,20171000,1255.15,20170800
2017-07-27 18:36:01,1264.0,20171000,1264.0,20171000,1259.85,20170800
2017-07-27 19:37:03,1264.0,20171000,1264.0,20171000,1261.1,20170800
2017-07-27 23:00:00,1261.8,20171000,1261.8,20171000,1258.7,20170800
2017-07-28 12:04:37,1261.8,20171000,1261.8,20171000,1258.25,20170800
2017-07-28 13:08:33,1261.8,20171000,1261.8,20171000,1259.1999999999996,20170800
2017-07-28 14:39:16,1261.8,20171000,1261.8,20171000,1264.0,20170800
2017-07-28 18:01:31,1261.8,20171000,1261.8,20171000,1268.0,20170800
2017-07-28 19:19:09,1261.8,20171000,1261.8,20171000,1267.65,20170800
2017-07-28 23:00:00,1272.5,20171000,1272.5,20171000,1269.0,20170800
2017-07-31 12:08:24,1272.5,20171000,1272.5,20171000,1266.9,20170800
2017-07-31 15:17:43,1272.5,20171000,1272.5,20171000,1267.75,20170800
2017-07-31 17:08:21,1272.5,20171000,1272.5,20171000,1267.6,20170800
2017-07-31 18:30:43,1272.5,20171000,1272.5,20171000,1266.3000000000004,20170800
2017-07-31 23:00:00,1272.1,20171000,1272.1,20171000,1268.6,20170800
2017-08-01 23:00:00,1274.8,20171200,1274.8,20171200,1271.6,20171000
2017-08-02 23:00:00,1272.6,20171200,1272.6,20171200,1269.5,20171000
2017-08-03 23:00:00,1274.4,20171200,1274.4,20171200,1271.3,20171000
2017-08-04 23:00:00,1264.3,20171200,1264.3,20171200,1261.3,20171000
2017-08-07 23:00:00,1263.4,20171200,1263.4,20171200,1260.1,20171000
2017-08-08 23:00:00,1266.5,20171200,1266.5,20171200,1263.0,20171000
2017-08-09 23:00:00,1283.2,20171200,1283.2,20171200,1279.8,20171000
2017-08-10 23:00:00,1292.1,20171200,1292.1,20171200,1288.8,20171000
2017-08-11 23:00:00,1295.0,20171200,1295.0,20171200,1291.5,20171000
2017-08-14 12:25:47,1285.05,20171200,1285.05,20171200,1291.5,20171000
2017-08-14 15:43:45,1289.35,20171200,1289.35,20171200,1291.5,20171000
2017-08-14 17:47:39,1291.25,20171200,1291.25,20171200,1291.5,20171000
2017-08-14 23:00:00,1287.8,20171200,1287.8,20171200,1284.4,20171000
2017-08-15 12:07:20,1279.95,20171200,1279.95,20171200,1284.4,20171000
2017-08-15 15:18:41,1276.45,20171200,1276.45,20171200,1284.4,20171000
2017-08-15 17:11:28,1278.6999999999996,20171200,1278.6999999999996,20171200,1284.4,20171000
2017-08-15 18:31:50,1279.55,20171200,1279.55,20171200,1284.4,20171000
2017-08-15 23:00:00,1276.9,20171200,1276.9,20171200,1273.8,20171000
2017-08-16 12:05:37,1275.75,20171200,1275.75,20171200,1273.8,20171000
2017-08-16 13:34:07,1277.45,20171200,1277.45,20171200,1273.8,20171000
2017-08-16 17:10:32,1278.65,20171200,1278.65,20171200,1273.8,20171000
2017-08-16 18:31:53,1282.85,20171200,1282.85,20171200,1273.8,20171000
2017-08-16 19:36:52,1288.3000000000004,20171200,1288.3000000000004,20171200,1273.8,20171000
2017-08-16 23:00:00,1288.8,20171200,1288.8,20171200,1285.5,20171000
2017-08-17 12:08:20,1291.25,20171200,1291.25,20171200,1285.5,20171000
2017-08-17 13:37:53,1291.45,20171200,1291.45,20171200,1285.5,20171000
2017-08-17 17:23:05,1291.75,20171200,1291.75,20171200,1285.5,20171000
2017-08-17 18:42:51,1291.55,20171200,1291.55,20171200,1285.5,20171000
2017-08-17 23:00:00,1293.6,20171200,1293.6,20171200,1290.3,20171000
2017-08-18 12:50:31,1301.25,20171200,1301.25,20171200,1290.3,20171000
2017-08-18 14:18:18,1305.75,20171200,1305.75,20171200,1290.3,20171000
2017-08-18 17:47:18,1291.35,20171200,1291.35,20171200,1290.3,20171000
2017-08-18 19:05:14,1294.65,20171200,1294.65,20171200,1290.3,20171000
2017-08-18 23:00:00,1290.3,20171200,1290.3,20171200,1286.3,20171000
2017-08-21 12:08:49,1293.35,20171200,1293.35,20171200,1286.3,20171000
2017-08-21 15:09:30,1297.5,20171200,1297.5,20171200,1286.3,20171000
2017-08-21 16:59:53,1295.65,20171200,1295.65,20171200,1286.3,20171000
2017-08-21 18:21:46,1297.15,20171200,1297.15,20171200,1286.3,20171000
2017-08-21 23:00:00,1297.4,20171200,1297.4,20171200,1294.2,20171000
2017-08-22 12:08:42,1291.25,20171200,1291.25,20171200,1294.2,20171000
2017-08-22 15:21:33,1289.65,20171200,1289.65,20171200,1294.2,20171000
2017-08-22 17:11:51,1292.15,20171200,1292.15,20171200,1294.2,20171000
2017-08-22 18:32:48,1290.85,20171200,1290.85,20171200,1294.2,20171000
2017-08-22 23:00:00,1290.4,20171200,1290.4,20171200,1286.8,20171000
2017-08-23 12:05:22,1292.75,20171200,1292.75,20171200,1286.8,20171000
2017-08-23 13:33:48,1296.45,20171200,1296.45,20171200,1286.8,20171000
2017-08-23 17:18:27,1292.65,20171200,1292.65,20171200,1286.8,20171000
2017-08-23 18:38:07,1294.75,20171200,1294.75,20171200,1286.8,20171000
2017-08-23 19:39:39,1295.35,20171200,1295.35,20171200,1286.8,20171000
2017-08-23 23:00:00,1296.3,20171200,1296.3,20171200,1292.8,20171000
2017-08-24 12:07:45,1291.55,20171200,1291.55,20171200,1292.8,20171000
2017-08-24 14:10:44,1292.95,20171200,1292.95,20171200,1292.8,20171000
2017-08-24 17:46:18,1292.45,20171200,1292.45,20171200,1292.8,20171000
2017-08-24 19:05:10,1291.95,20171200,1291.95,20171200,1292.8,20171000
2017-08-24 23:00:00,1291.5,20171200,1291.5,20171200,1287.8,20171000
2017-08-25 12:09:38,1292.55,20171200,1292.55,20171200,1287.8,20171000
2017-08-25 13:37:35,1291.45,20171200,1291.45,20171200,1287.8,20171000
2017-08-25 17:40:11,1297.05,20171200,1297.05,20171200,1287.8,20171000
2017-08-25 18:55:03,1297.65,20171200,1297.65,20171200,1287.8,20171000
2017-08-25 23:00:00,1296.5,20171200,1296.5,20171200,1292.9,20171000
2017-08-28 12:06:50,1303.15,20171200,1303.15,20171200,1292.9,20171000
2017-08-28 15:15:44,1303.35,20171200,1303.35,20171200,1292.9,20171000
2017-08-28 17:09:51,1311.45,20171200,1311.45,20171200,1292.9,20171000
2017-08-28 18:33:01,1315.45,20171200,1315.45,20171200,1292.9,20171000
2017-08-28 23:00:00,1315.5,20171200,1315.5,20171200,1311.7,20171000
2017-08-29 12:06:39,1326.15,20171200,1326.15,20171200,1311.7,20171000
2017-08-29 15:19:10,1325.0,20171200,1325.0,20171200,1311.7,20171000
2017-08-29 17:14:07,1321.85,20171200,1321.85,20171200,1311.7,20171000
2017-08-29 18:34:10,1318.55,20171200,1318.55,20171200,1311.7,20171000
2017-08-29 23:00:00,1314.6,20171200,1314.6,20171200,1311.2,20171000
2017-08-30 12:05:39,1316.85,20171200,1316.85,20171200,1311.2,20171000
2017-08-30 13:39:16,1311.75,20171200,1311.75,20171200,1311.2,20171000
2017-08-30 16:20:37,1313.95,20171200,1313.95,20171200,1311.2,20171000
2017-08-30 17:45:26,1314.8000000000004,20171200,1314.8000000000004,20171200,1311.2,20171000
2017-08-30 19:02:51,1313.45,20171200,1313.45,20171200,1311.2,20171000
2017-08-30 23:00:00,1313.8,20171200,1313.8,20171200,1310.1,20171000
2017-08-31 12:12:44,1311.55,20171200,1311.55,20171200,1310.1,20171000
2017-08-31 13:41:42,1314.25,20171200,1314.25,20171200,1310.1,20171000
2017-08-31 17:25:02,1323.65,20171200,1323.65,20171200,1310.1,20171000
2017-08-31 18:43:36,1323.15,20171200,1323.15,20171200,1310.1,20171000
2017-08-31 19:45:04,1324.6,20171200,1324.6,20171200,1310.1,20171000
2017-08-31 23:00:00,1326.5,20171200,1326.5,20171200,1322.9,20171000
2017-09-01 12:09:39,1323.95,20171200,1323.95,20171200,1322.9,20171000
2017-09-01 13:28:11,1324.15,20171200,1324.15,20171200,1322.9,20171000
2017-09-01 17:13:16,1329.75,20171200,1329.75,20171200,1322.9,20171000
2017-09-01 18:33:20,1330.65,20171200,1330.65,20171200,1322.9,20171000
2017-09-01 19:35:53,1329.45,20171200,1329.45,20171200,1322.9,20171000
2017-09-01 23:00:00,1329.9,20171200,1329.9,20171200,1326.2,20171000
2017-09-04 12:29:55,1340.85,20171200,1340.85,20171200,1326.2,20171000
2017-09-04 15:40:17,1339.55,20171200,1339.55,20171200,1326.2,20171000
2017-09-04 17:30:39,1339.55,20171200,1339.55,20171200,1326.2,20171000
2017-09-05 12:07:03,1337.45,20171200,1337.45,20171200,1326.2,20171000
2017-09-05 15:12:28,1340.45,20171200,1340.45,20171200,1326.2,20171000
2017-09-05 16:55:34,1340.55,20171200,1340.55,20171200,1326.2,20171000
2017-09-05 18:17:12,1344.05,20171200,1344.05,20171200,1326.2,20171000
2017-09-05 23:00:00,1344.9,20171200,1344.9,20171200,1341.1,20171000
2017-09-06 12:12:10,1343.55,20171200,1343.55,20171200,1341.1,20171000
2017-09-06 13:40:19,1344.9,20171200,1344.9,20171200,1341.1,20171000
2017-09-06 17:26:56,1344.45,20171200,1344.45,20171200,1341.1,20171000
2017-09-06 18:46:25,1338.75,20171200,1338.75,20171200,1341.1,20171000
2017-09-06 23:00:00,1339.1,20171200,1339.1,20171200,1335.0,20171000
2017-09-07 12:07:01,1343.85,20171200,1343.85,20171200,1335.0,20171000
2017-09-07 14:20:59,1346.05,20171200,1346.05,20171200,1335.0,20171000
2017-09-07 17:38:56,1351.85,20171200,1351.85,20171200,1335.0,20171000
2017-09-07 18:53:37,1349.95,20171200,1349.95,20171200,1335.0,20171000
2017-09-07 23:00:00,1354.0,20171200,1354.0,20171200,1350.1,20171000
2017-09-08 12:46:39,1358.45,20171200,1358.45,20171200,1350.1,20171000
2017-09-08 14:13:14,1352.55,20171200,1352.55,20171200,1350.1,20171000
2017-09-08 17:33:42,1351.1999999999996,20171200,1351.1999999999996,20171200,1350.1,20171000
2017-09-08 18:48:26,1351.05,20171200,1351.05,20171200,1350.1,20171000
2017-09-08 23:00:00,1351.0,20171200,1351.0,20171200,1347.4,20171000
2017-09-11 12:29:59,1340.75,20171200,1340.75,20171200,1347.4,20171000
2017-09-11 15:29:12,1338.85,20171200,1338.85,20171200,1347.4,20171000
2017-09-11 17:22:48,1336.75,20171200,1336.75,20171200,1347.4,20171000
2017-09-11 23:00:00,1331.7,20171200,1331.7,20171200,1328.0,20171000
2017-09-12 12:24:43,1328.15,20171200,1328.15,20171200,1328.0,20171000
2017-09-12 15:24:36,1332.45,20171200,1332.45,20171200,1328.0,20171000
2017-09-12 17:17:50,1330.85,20171200,1330.85,20171200,1328.0,20171000
2017-09-12 18:33:22,1332.55,20171200,1332.55,20171200,1328.0,20171000
2017-09-12 23:00:00,1336.0,20171200,1336.0,20171200,1332.2,20171000
2017-09-13 12:30:40,1337.45,20171200,1337.45,20171200,1332.2,20171000
2017-09-13 13:48:04,1337.65,20171200,1337.65,20171200,1332.2,20171000
2017-09-13 17:37:34,1326.15,20171200,1326.15,20171200,1332.2,20171000
2017-09-13 18:55:08,1327.95,20171200,1327.95,20171200,1332.2,20171000
2017-09-13 23:00:00,1327.1,20171200,1327.1,20171200,1323.4,20171000
2017-09-14 23:00:00,1333.6,20171200,1333.6,20171200,1329.6,20171000
2017-09-15 12:26:31,1327.25,20171200,1327.25,20171200,1329.6,20171000
2017-09-15 13:45:21,1327.65,20171200,1327.65,20171200,1329.6,20171000
2017-09-15 17:26:00,1326.45,20171200,1326.45,20171200,1329.6,20171000
2017-09-15 18:43:54,1325.75,20171200,1325.75,20171200,1329.6,20171000
2017-09-15 23:00:00,1323.5,20171200,1323.5,20171200,1319.7,20171000
2017-09-18 12:14:29,1319.05,20171200,1319.05,20171200,1319.7,20171000
2017-09-18 15:26:32,1315.55,20171200,1315.55,20171200,1319.7,20171000
2017-09-18 17:19:28,1311.15,20171200,1311.15,20171200,1319.7,20171000
2017-09-18 23:00:00,1311.0,20171200,1311.0,20171200,1306.7,20171000
2017-09-19 12:14:10,1311.95,20171200,1311.95,20171200,1306.7,20171000
2017-09-19 15:18:50,1312.35,20171200,1312.35,20171200,1306.7,20171000
2017-09-19 17:12:41,1312.65,20171200,1312.65,20171200,1306.7,20171000
2017-09-19 18:27:10,1310.85,20171200,1310.85,20171200,1306.7,20171000
2017-09-19 23:00:00,1314.6,20171200,1314.6,20171200,1310.5,20171000
2017-09-20 12:05:08,1318.85,20171200,1318.85,20171200,1310.5,20171000
2017-09-20 15:16:27,1314.95,20171200,1314.95,20171200,1310.5,20171000
2017-09-20 17:10:58,1315.65,20171200,1315.65,20171200,1310.5,20171000
2017-09-20 18:32:15,1315.95,20171200,1315.95,20171200,1310.5,20171000
2017-09-20 23:00:00,1304.5,20171200,1304.5,20171200,1300.6,20171000
2017-09-21 12:07:02,1297.15,20171200,1297.15,20171200,1300.6,20171000
2017-09-21 13:12:15,1296.05,20171200,1296.05,20171200,1300.6,20171000
2017-09-21 16:37:57,1295.45,20171200,1295.45,20171200,1300.6,20171000
2017-09-21 18:05:25,1296.55,20171200,1296.55,20171200,1300.6,20171000
2017-09-21 19:23:46,1294.1,20171200,1294.1,20171200,1300.6,20171000
2017-09-21 23:00:00,1294.3,20171200,1294.3,20171200,1290.1,20171000
2017-09-22 12:04:26,1299.25,20171200,1299.25,20171200,1290.1,20171000
2017-09-22 13:13:27,1298.75,20171200,1298.75,20171200,1290.1,20171000
2017-09-22 16:39:43,1298.15,20171200,1298.15,20171200,1290.1,20171000
2017-09-22 18:05:05,1297.85,20171200,1297.85,20171200,1290.1,20171000
2017-09-22 19:24:35,1299.75,20171200,1299.75,20171200,1290.1,20171000
2017-09-22 23:00:00,1300.5,20171200,1300.5,20171200,1296.1,20171000
2017-09-25 12:16:02,1297.55,20171200,1297.55,20171200,1296.1,20171000
2017-09-25 15:28:33,1295.95,20171200,1295.95,20171200,1296.1,20171000
2017-09-25 17:22:40,1311.65,20171200,1311.65,20171200,1296.1,20171000
2017-09-25 18:41:18,1311.35,20171200,1311.35,20171200,1296.1,20171000
2017-09-25 23:00:00,1314.1,20171200,1314.1,20171200,1309.5,20171000
2017-09-26 12:44:04,1305.25,20171200,1305.25,20171200,1309.5,20171000
2017-09-26 16:04:39,1303.45,20171200,1303.45,20171200,1309.5,20171000
2017-09-26 17:38:27,1303.55,20171200,1303.55,20171200,1309.5,20171000
2017-09-26 23:00:00,1303.55,20171200,1303.55,20171200,1297.7,20171000
2017-09-27 12:05:17,1292.95,20171200,1292.95,20171200,1297.7,20171000
2017-09-27 13:12:41,1291.55,20171200,1291.55,20171200,1297.7,20171000
2017-09-27 16:38:11,1289.55,20171200,1289.55,20171200,1297.7,20171000
2017-09-27 18:04:13,1288.75,20171200,1288.75,20171200,1297.7,20171000
2017-09-27 19:23:02,1286.45,20171200,1286.45,20171200,1297.7,20171000
2017-09-27 23:00:00,1285.6,20171200,1285.6,20171200,1281.0,20171000
2017-09-28 12:07:24,1287.05,20171200,1287.05,20171200,1281.0,20171000
2017-09-28 13:34:24,1287.85,20171200,1287.85,20171200,1281.0,20171000
2017-09-28 17:15:59,1287.55,20171200,1287.55,20171200,1281.0,20171000
2017-09-28 18:35:32,1288.65,20171200,1288.65,20171200,1281.0,20171000
2017-09-28 19:37:39,1290.75,20171200,1290.75,20171200,1281.0,20171000
2017-09-28 23:00:00,1289.9,20171200,1289.9,20171200,1286.6,20171000
2017-09-29 12:09:03,1289.9,20180200,1289.9,20180200,1292.25,20171200
2017-09-29 13:14:47,1289.9,20180200,1289.9,20180200,1289.35,20171200
2017-09-29 16:51:41,1289.9,20180200,1289.9,20180200,1287.45,20171200
2017-09-29 18:19:44,1289.9,20180200,1289.9,20180200,1285.85,20171200
2017-09-29 19:32:23,1289.9,20180200,1289.9,20180200,1286.35,20171200
2017-09-29 23:00:00,1287.0,20180200,1287.0,20180200,1282.5,20171200
2017-10-02 12:08:44,1287.0,20180200,1287.0,20180200,1276.55,20171200
2017-10-02 15:18:37,1287.0,20180200,1287.0,20180200,1277.65,20171200
2017-10-02 17:16:54,1287.0,20180200,1287.0,20180200,1278.05,20171200
2017-10-02 23:00:00,1277.4,20180200,1277.4,20180200,1273.5,20171200
2017-10-03 12:13:23,1277.4,20180200,1277.4,20180200,1274.15,20171200
2017-10-03 15:31:31,1277.4,20180200,1277.4,20180200,1274.35,20171200
2017-10-03 16:43:32,1277.4,20180200,1277.4,20180200,1275.85,20171200
2017-10-03 17:44:06,1277.4,20180200,1277.4,20180200,1275.95,20171200
2017-10-03 18:45:11,1277.4,20180200,1277.4,20180200,1274.55,20171200
2017-10-03 23:00:00,1278.0,20180200,1278.0,20180200,1274.1,20171200
2017-10-04 12:05:43,1278.0,20180200,1278.0,20180200,1282.55,20171200
2017-10-04 13:37:02,1278.0,20180200,1278.0,20180200,1280.45,20171200
2017-10-04 17:18:09,1278.0,20180200,1278.0,20180200,1275.25,20171200
2017-10-04 18:41:51,1278.0,20180200,1278.0,20180200,1277.55,20171200
2017-10-04 19:42:46,1278.0,20180200,1278.0,20180200,1277.15,20171200
2017-10-04 23:00:00,1281.6,20180200,1281.6,20180200,1277.5,20171200
2017-10-05 12:12:17,1281.6,20180200,1281.6,20180200,1281.35,20171200
2017-10-05 13:42:30,1281.6,20180200,1281.6,20180200,1278.65,20171200
2017-10-05 17:41:04,1281.6,20180200,1281.6,20180200,1275.55,20171200
2017-10-05 19:01:38,1281.6,20180200,1281.6,20180200,1273.45,20171200
2017-10-05 23:00:00,1274.1,20180200,1274.1,20180200,1270.6,20171200
2017-10-06 12:10:53,1274.1,20180200,1274.1,20180200,1271.65,20171200
2017-10-06 13:41:45,1274.1,20180200,1274.1,20180200,1268.95,20171200
2017-10-06 18:08:17,1274.1,20180200,1274.1,20180200,1275.95,20171200
2017-10-06 19:31:07,1274.1,20180200,1274.1,20180200,1275.35,20171200
2017-10-06 23:00:00,1282.8,20180200,1282.8,20180200,1278.9,20171200
2017-10-09 12:17:01,1282.8,20180200,1282.8,20180200,1285.45,20171200
2017-10-09 15:33:25,1282.8,20180200,1282.8,20180200,1282.65,20171200
2017-10-09 17:30:54,1282.8,20180200,1282.8,20180200,1283.05,20171200
2017-10-09 18:51:26,1282.8,20180200,1282.8,20180200,1284.65,20171200
2017-10-09 23:00:00,1291.1,20180200,1291.1,20180200,1286.4,20171200
2017-10-10 12:49:44,1291.1,20180200,1291.1,20180200,1294.45,20171200
2017-10-10 13:50:24,1291.1,20180200,1291.1,20180200,1291.85,20171200
2017-10-10 14:50:51,1291.1,20180200,1291.1,20180200,1295.25,20171200
2017-10-10 15:52:01,1291.1,20180200,1291.1,20180200,1295.65,20171200
2017-10-10 18:18:07,1291.1,20180200,1291.1,20180200,1294.05,20171200
2017-10-10 19:18:35,1291.1,20180200,1291.1,20180200,1292.25,20171200
2017-10-10 23:00:00,1294.9,20180200,1294.9,20180200,1290.9,20171200
2017-10-11 12:08:27,1294.9,20180200,1294.9,20180200,1291.85,20171200
2017-10-11 13:08:59,1294.9,20180200,1294.9,20180200,1292.65,20171200
2017-10-11 16:12:52,1294.9,20180200,1294.9,20180200,1290.75,20171200
2017-10-11 17:13:37,1294.9,20180200,1294.9,20180200,1290.35,20171200
2017-10-11 18:14:06,1294.9,20180200,1294.9,20180200,1288.85,20171200
2017-10-11 19:14:59,1294.9,20180200,1294.9,20180200,1290.45,20171200
2017-10-11 23:00:00,1299.6,20180200,1299.6,20180200,1295.2,20171200
2017-10-12 12:07:02,1299.6,20180200,1299.6,20180200,1297.55,20171200
2017-10-12 13:07:37,1299.6,20180200,1299.6,20180200,1297.75,20171200
2017-10-12 14:31:45,1299.6,20180200,1299.6,20180200,1294.85,20171200
2017-10-12 17:37:06,1299.6,20180200,1299.6,20180200,1295.45,20171200
2017-10-12 18:37:47,1299.6,20180200,1299.6,20180200,1295.45,20171200
2017-10-12 19:38:29,1299.6,20180200,1299.6,20180200,1296.55,20171200
2017-10-12 23:00:00,1299.5,20180200,1299.5,20180200,1295.6,20171200
2017-10-13 12:03:41,1299.5,20180200,1299.5,20180200,1295.45,20171200
2017-10-13 13:04:13,1299.5,20180200,1299.5,20180200,1294.65,20171200
2017-10-13 14:13:40,1299.5,20180200,1299.5,20180200,1302.15,20171200
2017-10-13 17:51:24,1299.5,20180200,1299.5,20180200,1302.75,20171200
2017-10-13 18:52:13,1299.5,20180200,1299.5,20180200,1304.35,20171200
2017-10-13 23:00:00,1310.0,20180200,1310.0,20180200,1305.8,20171200
2017-10-16 23:00:00,1301.2,20180200,1301.2,20180200,1296.8,20171200
2017-10-17 12:08:57,1301.2,20180200,1301.2,20180200,1290.95,20171200
2017-10-17 14:42:28,1301.2,20180200,1301.2,20180200,1287.55,20171200
2017-10-17 23:00:00,1290.4,20180200,1290.4,20180200,1287.55,20171200
2017-10-18 12:34:27,1290.4,20180200,1290.4,20180200,1281.75,20171200
2017-10-18 13:34:58,1290.4,20180200,1290.4,20180200,1279.95,20171200
2017-10-18 14:43:49,1290.4,20180200,1290.4,20180200,1284.15,20171200
2017-10-18 15:45:46,1290.4,20180200,1290.4,20180200,1282.95,20171200
2017-10-18 18:33:34,1290.4,20180200,1290.4,20180200,1282.95,20171200
2017-10-18 19:34:22,1290.4,20180200,1290.4,20180200,1283.55,20171200
2017-10-18 23:00:00,1286.7,20180200,1286.7,20180200,1282.5,20171200
2017-10-19 13:07:33,1286.7,20180200,1286.7,20180200,1288.15,20171200
2017-10-19 14:08:10,1286.7,20180200,1286.7,20180200,1287.15,20171200
2017-10-19 15:08:38,1286.7,20180200,1286.7,20180200,1288.45,20171200
2017-10-19 16:09:16,1286.7,20180200,1286.7,20180200,1289.55,20171200
2017-10-19 19:02:32,1286.7,20180200,1286.7,20180200,1289.75,20171200
2017-10-19 23:00:00,1295.9,20180200,1295.9,20180200,1291.9,20171200
2017-10-20 12:07:58,1295.9,20180200,1295.9,20180200,1284.35,20171200
2017-10-20 13:08:33,1295.9,20180200,1295.9,20180200,1285.35,20171200
2017-10-20 14:21:58,1295.9,20180200,1295.9,20180200,1284.75,20171200
2017-10-20 17:09:47,1295.9,20180200,1295.9,20180200,1280.55,20171200
2017-10-20 18:10:18,1295.9,20180200,1295.9,20180200,1281.75,20171200
2017-10-20 19:10:52,1295.9,20180200,1295.9,20180200,1280.05,20171200
2017-10-20 23:00:00,1286.4,20180200,1286.4,20180200,1282.4,20171200
2017-10-23 12:11:28,1286.4,20180200,1286.4,20180200,1277.15,20171200
2017-10-23 14:27:27,1286.4,20180200,1286.4,20180200,1274.45,20171200
2017-10-23 15:28:06,1286.4,20180200,1286.4,20180200,1275.65,20171200
2017-10-23 16:28:57,1286.4,20180200,1286.4,20180200,1275.25,20171200
2017-10-23 17:29:25,1286.4,20180200,1286.4,20180200,1283.05,20171200
2017-10-23 23:00:00,1287.7,20180200,1287.7,20180200,1283.2,20171200
2017-10-24 12:15:35,1287.7,20180200,1287.7,20180200,1279.75,20171200
2017-10-24 14:59:15,1287.7,20180200,1287.7,20180200,1277.95,20171200
2017-10-24 15:59:48,1287.7,20180200,1287.7,20180200,1276.45,20171200
2017-10-24 17:00:24,1287.7,20180200,1287.7,20180200,1276.95,20171200
2017-10-24 18:01:05,1287.7,20180200,1287.7,20180200,1277.45,20171200
2017-10-24 23:00:00,1282.2,20180200,1282.2,20180200,1278.0,20171200
2017-10-25 12:03:26,1282.2,20180200,1282.2,20180200,1274.25,20171200
2017-10-25 13:03:59,1282.2,20180200,1282.2,20180200,1274.85,20171200
2017-10-25 14:17:15,1282.2,20180200,1282.2,20180200,1278.35,20171200
2017-10-25 16:43:00,1282.2,20180200,1282.2,20180200,1276.95,20171200
2017-10-25 17:43:35,1282.2,20180200,1282.2,20180200,1280.25,20171200
2017-10-25 18:44:18,1282.2,20180200,1282.2,20180200,1278.55,20171200
2017-10-25 19:44:52,1282.2,20180200,1282.2,20180200,1278.75,20171200
2017-10-25 23:00:00,1282.8,20180200,1282.8,20180200,1278.5,20171200
2017-10-26 12:07:07,1282.8,20180200,1282.8,20180200,1279.15,20171200
2017-10-26 13:07:40,1282.8,20180200,1282.8,20180200,1275.65,20171200
2017-10-26 14:12:24,1282.8,20180200,1282.8,20180200,1279.45,20171200
2017-10-26 15:12:54,1282.8,20180200,1282.8,20180200,1275.05,20171200
2017-10-26 18:07:18,1282.8,20180200,1282.8,20180200,1270.15,20171200
2017-10-26 19:08:11,1282.8,20180200,1282.8,20180200,1268.45,20171200
2017-10-26 23:00:00,1272.7,20180200,1272.7,20180200,1268.2,20171200
2017-10-27 12:07:12,1272.7,20180200,1272.7,20180200,1268.45,20171200
2017-10-27 13:07:48,1272.7,20180200,1272.7,20180200,1267.45,20171200
2017-10-27 14:18:04,1272.7,20180200,1272.7,20180200,1267.15,20171200
2017-10-27 15:18:31,1272.7,20180200,1272.7,20180200,1271.65,20171200
2017-10-27 23:00:00,1278.1,20180200,1278.1,20180200,1274.4,20171200
2017-10-30 12:05:10,1278.1,20180200,1278.1,20180200,1271.45,20171200
2017-10-30 13:59:43,1278.1,20180200,1278.1,20180200,1273.75,20171200
2017-10-30 15:00:05,1278.1,20180200,1278.1,20180200,1274.15,20171200
2017-10-30 19:41:50,1278.1,20180200,1278.1,20180200,1277.85,20171200
2017-10-30 23:00:00,1281.6,20180200,1281.6,20180200,1277.4,20171200
2017-10-31 12:06:39,1281.6,20180200,1281.6,20180200,1274.15,20171200
2017-10-31 13:07:54,1281.6,20180200,1281.6,20180200,1272.95,20171200
2017-10-31 14:16:47,1281.6,20180200,1281.6,20180200,1269.55,20171200
2017-10-31 17:17:30,1281.6,20180200,1281.6,20180200,1269.95,20171200
2017-10-31 18:18:06,1281.6,20180200,1281.6,20180200,1271.05,20171200
2017-10-31 19:19:24,1281.6,20180200,1281.6,20180200,1271.55,20171200
2017-10-31 23:00:00,1276.0,20180200,1276.0,20180200,1271.8,20171200
2017-11-01 12:06:16,1276.0,20180200,1276.0,20180200,1277.95,20171200
2017-11-01 13:06:52,1276.0,20180200,1276.0,20180200,1275.55,20171200
2017-11-01 14:11:14,1276.0,20180200,1276.0,20180200,1276.65,20171200
2017-11-01 15:11:43,1276.0,20180200,1276.0,20180200,1278.45,20171200
2017-11-01 18:27:24,1276.0,20180200,1276.0,20180200,1275.35,20171200
2017-11-01 19:28:10,1276.0,20180200,1276.0,20180200,1276.85,20171200
2017-11-01 23:00:00,1279.4,20180200,1279.4,20180200,1275.5,20171200
2017-11-02 12:13:28,1279.4,20180200,1279.4,20180200,1275.95,20171200
2017-11-02 13:14:09,1279.4,20180200,1279.4,20180200,1277.65,20171200
2017-11-02 14:26:37,1279.4,20180200,1279.4,20180200,1284.25,20171200
2017-11-02 15:27:19,1279.4,20180200,1279.4,20180200,1279.45,20171200
2017-11-02 18:50:21,1279.4,20180200,1279.4,20180200,1277.85,20171200
2017-11-02 23:00:00,1281.1,20180200,1281.1,20180200,1276.8,20171200
2017-11-03 12:21:10,1281.1,20180200,1281.1,20180200,1274.95,20171200
2017-11-03 13:21:44,1281.1,20180200,1281.1,20180200,1277.85,20171200
2017-11-03 14:25:45,1281.1,20180200,1281.1,20180200,1276.15,20171200
2017-11-03 15:26:32,1281.1,20180200,1281.1,20180200,1267.75,20171200
2017-11-03 18:49:05,1281.1,20180200,1281.1,20180200,1268.45,20171200
2017-11-03 23:00:00,1274.3,20180200,1274.3,20180200,1270.2,20171200
2017-11-06 12:25:36,1274.3,20180200,1274.3,20180200,1272.15,20171200
2017-11-06 13:26:07,1274.3,20180200,1274.3,20180200,1271.35,20171200
2017-11-06 16:47:05,1274.3,20180200,1274.3,20180200,1279.05,20171200
2017-11-06 17:47:52,1274.3,20180200,1274.3,20180200,1282.45,20171200
2017-11-06 18:49:10,1274.3,20180200,1274.3,20180200,1281.55,20171200
2017-11-06 23:00:00,1286.4,20180200,1286.4,20180200,1282.2,20171200
2017-11-07 12:07:56,1286.4,20180200,1286.4,20180200,1276.25,20171200
2017-11-07 13:08:29,1286.4,20180200,1286.4,20180200,1277.75,20171200
2017-11-07 14:20:11,1286.4,20180200,1286.4,20180200,1278.95,20171200
2017-11-07 17:18:16,1286.4,20180200,1286.4,20180200,1276.15,20171200
2017-11-07 18:18:43,1286.4,20180200,1286.4,20180200,1274.85,20171200
2017-11-07 19:19:35,1286.4,20180200,1286.4,20180200,1275.65,20171200
2017-11-07 23:00:00,1281.0,20180200,1281.0,20180200,1276.6,20171200
2017-11-08 12:07:08,1281.0,20180200,1281.0,20180200,1279.55,20171200
2017-11-08 13:07:42,1281.0,20180200,1281.0,20180200,1282.15,20171200
2017-11-08 14:12:08,1281.0,20180200,1281.0,20180200,1282.25,20171200
2017-11-08 15:12:34,1281.0,20180200,1281.0,20180200,1284.65,20171200
2017-11-08 18:12:23,1281.0,20180200,1281.0,20180200,1285.35,20171200
2017-11-08 19:13:13,1281.0,20180200,1281.0,20180200,1283.45,20171200
2017-11-08 23:00:00,1286.0,20180200,1286.0,20180200,1281.6,20171200
2017-11-09 12:04:16,1286.0,20180200,1286.0,20180200,1287.75,20171200
2017-11-09 13:04:50,1286.0,20180200,1286.0,20180200,1287.25,20171200
2017-11-09 14:18:03,1286.0,20180200,1286.0,20180200,1286.25,20171200
2017-11-09 23:00:00,1290.5,20180200,1290.5,20180200,1285.9,20171200
2017-11-10 12:12:22,1290.5,20180200,1290.5,20180200,1284.75,20171200
2017-11-10 13:12:58,1290.5,20180200,1290.5,20180200,1285.55,20171200
2017-11-10 14:16:01,1290.5,20180200,1290.5,20180200,1284.15,20171200
2017-11-10 15:16:58,1290.5,20180200,1290.5,20180200,1285.05,20171200
2017-11-10 18:30:48,1290.5,20180200,1290.5,20180200,1274.25,20171200
2017-11-10 19:31:21,1290.5,20180200,1290.5,20180200,1275.55,20171200
2017-11-10 23:00:00,1280.6,20180200,1280.6,20180200,1276.3,20171200
2017-11-13 12:04:39,1280.6,20180200,1280.6,20180200,1279.05,20171200
2017-11-13 13:05:13,1280.6,20180200,1280.6,20180200,1278.15,20171200
2017-11-13 16:01:47,1280.6,20180200,1280.6,20180200,1278.75,20171200
2017-11-13 17:02:32,1280.6,20180200,1280.6,20180200,1278.35,20171200
2017-11-13 18:03:24,1280.6,20180200,1280.6,20180200,1279.15,20171200
2017-11-13 19:03:56,1280.6,20180200,1280.6,20180200,1279.05,20171200
2017-11-13 23:00:00,1282.3,20180200,1282.3,20180200,1278.0,20171200
2017-11-14 12:06:57,1282.3,20180200,1282.3,20180200,1273.35,20171200
2017-11-14 13:07:34,1282.3,20180200,1282.3,20180200,1275.45,20171200
2017-11-14 14:17:33,1282.3,20180200,1282.3,20180200,1272.85,20171200
2017-11-14 17:05:09,1282.3,20180200,1282.3,20180200,1278.45,20171200
2017-11-14 18:05:44,1282.3,20180200,1282.3,20180200,1281.55,20171200
2017-11-14 19:06:25,1282.3,20180200,1282.3,20180200,1282.95,20171200
2017-11-14 23:00:00,1284.7,20180200,1284.7,20180200,1280.8,20171200
2017-11-15 12:07:13,1284.7,20180200,1284.7,20180200,1285.35,20171200
2017-11-15 13:07:45,1284.7,20180200,1284.7,20180200,1285.45,20171200
2017-11-15 14:12:15,1284.7,20180200,1284.7,20180200,1285.95,20171200
2017-11-15 15:12:45,1284.7,20180200,1284.7,20180200,1281.55,20171200
2017-11-15 18:14:58,1284.7,20180200,1284.7,20180200,1278.15,20171200
2017-11-15 19:15:55,1284.7,20180200,1284.7,20180200,1277.95,20171200
2017-11-15 23:00:00,1282.4,20180200,1282.4,20180200,1278.9,20171200
2017-11-16 12:44:16,1282.4,20180200,1282.4,20180200,1277.35,20171200
2017-11-16 13:44:52,1282.4,20180200,1282.4,20180200,1279.55,20171200
2017-11-16 14:47:32,1282.4,20180200,1282.4,20180200,1279.55,20171200
2017-11-16 15:49:19,1282.4,20180200,1282.4,20180200,1279.75,20171200
2017-11-16 19:20:32,1282.4,20180200,1282.4,20180200,1277.35,20171200
2017-11-16 23:00:00,1282.5,20180200,1282.5,20180200,1278.3,20171200
2017-11-17 12:07:21,1282.5,20180200,1282.5,20180200,1282.85,20171200
2017-11-17 13:08:12,1282.5,20180200,1282.5,20180200,1282.35,20171200
2017-11-17 14:21:39,1282.5,20180200,1282.5,20180200,1285.85,20171200
2017-11-17 15:22:21,1282.5,20180200,1282.5,20180200,1285.15,20171200
2017-11-17 18:29:57,1282.5,20180200,1282.5,20180200,1296.85,20171200
2017-11-17 19:30:44,1282.5,20180200,1282.5,20180200,1294.25,20171200
2017-11-17 23:00:00,1298.6,20180200,1298.6,20180200,1294.0,20171200
2017-11-20 12:03:35,1298.6,20180200,1298.6,20180200,1290.55,20171200
2017-11-20 13:04:12,1298.6,20180200,1298.6,20180200,1292.65,20171200
2017-11-20 14:17:43,1298.6,20180200,1298.6,20180200,1289.15,20171200
2017-11-20 16:48:57,1298.6,20180200,1298.6,20180200,1279.25,20171200
2017-11-20 17:49:27,1298.6,20180200,1298.6,20180200,1276.45,20171200
2017-11-20 18:49:55,1298.6,20180200,1298.6,20180200,1276.55,20171200
2017-11-20 23:00:00,1281.2,20180200,1281.2,20180200,1276.9,20171200
2017-11-21 12:05:20,1281.2,20180200,1281.2,20180200,1277.85,20171200
2017-11-21 13:05:53,1281.2,20180200,1281.2,20180200,1277.95,20171200
2017-11-21 14:06:37,1281.2,20180200,1281.2,20180200,1276.65,20171200
2017-11-21 17:05:07,1281.2,20180200,1281.2,20180200,1282.75,20171200
2017-11-21 18:05:35,1281.2,20180200,1281.2,20180200,1281.75,20171200
2017-11-21 19:06:01,1281.2,20180200,1281.2,20180200,1281.05,20171200
2017-11-21 23:00:00,1284.2,20180200,1284.2,20180200,1279.8,20171200
2017-11-22 12:07:03,1284.2,20180200,1284.2,20180200,1283.15,20171200
2017-11-22 13:07:38,1284.2,20180200,1284.2,20180200,1283.95,20171200
2017-11-22 14:20:34,1284.2,20180200,1284.2,20180200,1286.85,20171200
2017-11-22 15:21:02,1284.2,20180200,1284.2,20180200,1288.15,20171200
2017-11-22 18:43:27,1284.2,20180200,1284.2,20180200,1292.25,20171200
2017-11-22 19:44:08,1284.2,20180200,1284.2,20180200,1294.0,20171200
2017-11-22 23:00:00,1296.4,20180200,1296.4,20180200,1291.9,20171200
2017-11-23 12:48:32,1296.4,20180200,1296.4,20180200,1291.45,20171200
2017-11-23 13:49:06,1296.4,20180200,1296.4,20180200,1291.45,20171200
2017-11-23 14:49:45,1296.4,20180200,1296.4,20180200,1291.25,20171200
2017-11-23 15:52:46,1296.4,20180200,1296.4,20180200,1291.35,20171200
2017-11-23 19:02:03,1296.4,20180200,1296.4,20180200,1291.0,20171200
2017-11-24 12:46:37,1296.4,20180200,1296.4,20180200,1288.15,20171200
2017-11-24 13:47:15,1296.4,20180200,1296.4,20180200,1287.25,20171200
2017-11-24 14:47:57,1296.4,20180200,1296.4,20180200,1290.4,20171200
2017-11-24 15:49:36,1296.4,20180200,1296.4,20180200,1288.05,20171200
2017-11-24 23:00:00,1292.6,20180200,1292.6,20180200,1288.0,20171200
2017-11-27 12:07:09,1292.6,20180200,1292.6,20180200,1293.35,20171200
2017-11-27 13:07:42,1292.6,20180200,1292.6,20180200,1294.45,20171200
2017-11-27 14:20:17,1292.6,20180200,1292.6,20180200,1298.35,20171200
2017-11-27 17:12:04,1292.6,20180200,1292.6,20180200,1295.45,20171200
2017-11-27 18:12:32,1292.6,20180200,1292.6,20180200,1294.65,20171200
2017-11-27 19:13:16,1292.6,20180200,1292.6,20180200,1294.35,20171200
2017-11-27 23:00:00,1298.4,20180200,1298.4,20180200,1293.8,20171200
2017-11-28 12:05:08,1298.4,20180200,1298.4,20180200,1293.85,20171200
2017-11-28 13:05:52,1298.4,20180200,1298.4,20180200,1295.35,20171200
2017-11-28 14:06:25,1298.4,20180200,1298.4,20180200,1294.85,20171200
2017-11-28 17:04:19,1298.4,20180200,1298.4,20180200,1295.45,20171200
2017-11-28 18:04:54,1298.4,20180200,1298.4,20180200,1293.85,20171200
2017-11-28 19:05:30,1298.4,20180200,1298.4,20180200,1295.15,20171200
2017-11-28 23:00:00,1297.4,20180200,1297.4,20180200,1293.1,20171200
2017-11-29 23:00:00,1290.6,20180400,1290.6,20180400,1286.2,20180200
2017-11-30 23:00:00,1282.7,20180400,1282.7,20180400,1277.9,20180200
2017-12-01 12:03:32,1282.7,20180400,1282.7,20180400,1278.95,20180200
2017-12-01 13:04:17,1282.7,20180400,1282.7,20180400,1279.05,20180200
2017-12-01 14:17:51,1282.7,20180400,1282.7,20180400,1276.75,20180200
2017-12-01 15:18:20,1282.7,20180400,1282.7,20180400,1275.05,20180200
2017-12-01 18:26:36,1282.7,20180400,1282.7,20180400,1282.05,20180200
2017-12-01 19:27:13,1282.7,20180400,1282.7,20180400,1283.95,20180200
2017-12-01 23:00:00,1287.1,20180400,1287.1,20180400,1283.1,20180200
2017-12-04 12:09:12,1287.1,20180400,1287.1,20180400,1275.65,20180200
2017-12-04 13:09:46,1287.1,20180400,1287.1,20180400,1276.95,20180200
2017-12-04 16:00:59,1287.1,20180400,1287.1,20180400,1278.05,20180200
2017-12-04 17:01:49,1287.1,20180400,1287.1,20180400,1276.55,20180200
2017-12-04 18:02:16,1287.1,20180400,1287.1,20180400,1276.05,20180200
2017-12-04 19:02:43,1287.1,20180400,1287.1,20180400,1277.35,20180200
2017-12-04 23:00:00,1283.6,20180400,1283.6,20180400,1279.3,20180200
2017-12-05 12:12:16,1283.6,20180400,1283.6,20180400,1278.35,20180200
2017-12-05 13:13:10,1283.6,20180400,1283.6,20180400,1275.85,20180200
2017-12-05 16:15:15,1283.6,20180400,1283.6,20180400,1265.75,20180200
2017-12-05 17:16:09,1283.6,20180400,1283.6,20180400,1265.95,20180200
2017-12-05 18:16:38,1283.6,20180400,1283.6,20180400,1265.45,20180200
2017-12-05 19:17:07,1283.6,20180400,1283.6,20180400,1267.35,20180200
2017-12-05 23:00:00,1273.4,20180400,1273.4,20180400,1268.3,20180200
2017-12-06 09:21:18,1273.4,20180400,1273.4,20180400,1270.15,20180200
2017-12-06 12:07:00,1273.4,20180400,1273.4,20180400,1270.35,20180200
2017-12-06 13:07:30,1273.4,20180400,1273.4,20180400,1269.65,20180200
2017-12-06 14:20:06,1273.4,20180400,1273.4,20180400,1266.85,20180200
2017-12-06 17:35:10,1273.4,20180400,1273.4,20180400,1266.45,20180200
2017-12-06 18:35:37,1273.4,20180400,1273.4,20180400,1266.25,20180200
2017-12-06 19:36:04,1273.4,20180400,1273.4,20180400,1266.45,20180200
2017-12-06 23:00:00,1270.9,20180400,1270.9,20180400,1266.4,20180200
2017-12-07 12:06:34,1270.9,20180400,1270.9,20180400,1258.15,20180200
2017-12-07 13:07:08,1270.9,20180400,1270.9,20180400,1258.15,20180200
2017-12-07 14:20:46,1270.9,20180400,1270.9,20180400,1255.35,20180200
2017-12-07 15:21:14,1270.9,20180400,1270.9,20180400,1254.95,20180200
2017-12-07 18:40:55,1270.9,20180400,1270.9,20180400,1253.05,20180200
2017-12-07 19:41:38,1270.9,20180400,1270.9,20180400,1249.05,20180200
2017-12-07 23:00:00,1253.6,20180400,1253.6,20180400,1249.1,20180200
2017-12-08 12:04:34,1253.6,20180400,1253.6,20180400,1248.45,20180200
2017-12-08 13:05:12,1253.6,20180400,1253.6,20180400,1248.75,20180200
2017-12-08 14:05:40,1253.6,20180400,1253.6,20180400,1252.35,20180200
2017-12-08 15:06:05,1253.6,20180400,1253.6,20180400,1251.95,20180200
2017-12-08 18:49:48,1253.6,20180400,1253.6,20180400,1249.05,20180200
2017-12-08 23:00:00,1254.5,20180400,1254.5,20180400,1250.1,20180200
2017-12-11 12:04:04,1254.5,20180400,1254.5,20180400,1251.55,20180200
2017-12-11 13:04:45,1254.5,20180400,1254.5,20180400,1252.6,20180200
2017-12-11 14:05:18,1254.5,20180400,1254.5,20180400,1249.55,20180200
2017-12-11 17:22:07,1254.5,20180400,1254.5,20180400,1247.95,20180200
2017-12-11 18:22:50,1254.5,20180400,1254.5,20180400,1247.35,20180200
2017-12-11 19:23:30,1254.5,20180400,1254.5,20180400,1245.55,20180200
2017-12-11 23:00:00,1248.3,20180400,1248.3,20180400,1243.6,20180200
2017-12-12 23:00:00,1250.6,20180400,1250.6,20180400,1245.9,20180200
2017-12-13 12:07:16,1250.6,20180400,1250.6,20180400,1243.65,20180200
2017-12-13 13:07:55,1250.6,20180400,1250.6,20180400,1243.65,20180200
2017-12-13 14:18:39,1250.6,20180400,1250.6,20180400,1246.05,20180200
2017-12-13 17:20:49,1250.6,20180400,1250.6,20180400,1248.55,20180200
2017-12-13 18:21:18,1250.6,20180400,1250.6,20180400,1249.15,20180200
2017-12-13 19:21:50,1250.6,20180400,1250.6,20180400,1255.15,20180200
2017-12-13 23:00:00,1262.5,20180400,1262.5,20180400,1258.0,20180200
2017-12-14 12:02:48,1262.5,20180400,1262.5,20180400,1258.45,20180200
2017-12-14 13:03:08,1262.5,20180400,1262.5,20180400,1259.15,20180200
2017-12-14 15:30:26,1262.5,20180400,1262.5,20180400,1253.05,20180200
2017-12-14 16:34:03,1262.5,20180400,1262.5,20180400,1256.35,20180200
2017-12-14 17:34:27,1262.5,20180400,1262.5,20180400,1256.45,20180200
2017-12-14 18:34:44,1262.5,20180400,1262.5,20180400,1256.95,20180200
2017-12-14 23:00:00,1259.4,20180400,1259.4,20180400,1255.2,20180200
2017-12-15 13:15:43,1259.4,20180400,1259.4,20180400,1262.75,20180200
2017-12-15 14:21:27,1259.4,20180400,1259.4,20180400,1262.15,20180200
2017-12-15 15:22:06,1259.4,20180400,1259.4,20180400,1257.25,20180200
2017-12-15 16:22:31,1259.4,20180400,1259.4,20180400,1257.05,20180200
2017-12-15 19:39:19,1259.4,20180400,1259.4,20180400,1258.65,20180200
2017-12-15 23:00:00,1262.9,20180400,1262.9,20180400,1258.6,20180200
2017-12-18 12:15:30,1262.9,20180400,1262.9,20180400,1261.75,20180200
2017-12-18 13:16:04,1262.9,20180400,1262.9,20180400,1262.05,20180200
2017-12-18 15:56:41,1262.9,20180400,1262.9,20180400,1265.95,20180200
2017-12-18 16:57:21,1262.9,20180400,1262.9,20180400,1265.85,20180200
2017-12-18 17:57:54,1262.9,20180400,1262.9,20180400,1266.25,20180200
2017-12-18 18:58:25,1262.9,20180400,1262.9,20180400,1264.65,20180200
2017-12-18 23:00:00,1269.0,20180400,1269.0,20180400,1264.6,20180200
2017-12-19 12:03:49,1269.0,20180400,1269.0,20180400,1266.55,20180200
2017-12-19 13:04:23,1269.0,20180400,1269.0,20180400,1266.15,20180200
2017-12-19 14:07:22,1269.0,20180400,1269.0,20180400,1264.75,20180200
2017-12-19 16:53:42,1269.0,20180400,1269.0,20180400,1263.65,20180200
2017-12-19 17:54:20,1269.0,20180400,1269.0,20180400,1262.75,20180200
2017-12-19 18:55:01,1269.0,20180400,1269.0,20180400,1264.45,20180200
2017-12-19 23:00:00,1269.6,20180400,1269.6,20180400,1265.0,20180200
2017-12-20 12:06:55,1269.6,20180400,1269.6,20180400,1268.65,20180200
2017-12-20 13:07:28,1269.6,20180400,1269.6,20180400,1268.65,20180200
2017-12-20 14:20:07,1269.6,20180400,1269.6,20180400,1267.75,20180200
2017-12-20 15:20:36,1269.6,20180400,1269.6,20180400,1267.95,20180200
2017-12-20 18:17:43,1269.6,20180400,1269.6,20180400,1270.45,20180200
2017-12-20 19:18:18,1269.6,20180400,1269.6,20180400,1269.35,20180200
2017-12-20 23:00:00,1273.4,20180400,1273.4,20180400,1268.7,20180200
2017-12-21 12:29:07,1273.4,20180400,1273.4,20180400,1268.25,20180200
2017-12-21 13:29:42,1273.4,20180400,1273.4,20180400,1267.35,20180200
2017-12-21 14:30:19,1273.4,20180400,1273.4,20180400,1268.15,20180200
2017-12-21 15:31:00,1273.4,20180400,1273.4,20180400,1269.15,20180200
2017-12-21 19:14:28,1273.4,20180400,1273.4,20180400,1270.25,20180200
2017-12-21 23:00:00,1275.2,20180400,1275.2,20180400,1270.3,20180200
2017-12-22 12:19:50,1275.2,20180400,1275.2,20180400,1272.25,20180200
2017-12-22 13:20:32,1275.2,20180400,1275.2,20180400,1271.45,20180200
2017-12-22 14:26:51,1275.2,20180400,1275.2,20180400,1273.95,20180200
2017-12-22 15:27:19,1275.2,20180400,1275.2,20180400,1275.25,20180200
2017-12-22 19:13:07,1275.2,20180400,1275.2,20180400,1278.65,20180200
2017-12-22 23:00:00,1283.4,20180400,1283.4,20180400,1278.8,20180200
2017-12-26 12:14:43,1283.4,20180400,1283.4,20180400,1282.25,20180200
2017-12-26 15:00:48,1283.4,20180400,1283.4,20180400,1285.45,20180200
2017-12-26 16:04:10,1283.4,20180400,1283.4,20180400,1286.55,20180200
2017-12-26 17:04:42,1283.4,20180400,1283.4,20180400,1287.15,20180200
2017-12-26 18:05:13,1283.4,20180400,1283.4,20180400,1287.65,20180200
2017-12-26 19:05:42,1283.4,20180400,1283.4,20180400,1288.05,20180200
2017-12-26 23:00:00,1292.6,20180400,1292.6,20180400,1287.7,20180200
2017-12-27 12:05:09,1292.6,20180400,1292.6,20180400,1288.65,20180200
2017-12-27 13:05:41,1292.6,20180400,1292.6,20180400,1288.15,20180200
2017-12-27 14:06:08,1292.6,20180400,1292.6,20180400,1288.75,20180200
2017-12-27 17:28:15,1292.6,20180400,1292.6,20180400,1290.85,20180200
2017-12-27 18:28:54,1292.6,20180400,1292.6,20180400,1291.35,20180200
2017-12-27 19:29:46,1292.6,20180400,1292.6,20180400,1292.25,20180200
2017-12-27 23:00:00,1296.6,20180400,1296.6,20180400,1292.3,20180200
2017-12-28 12:16:25,1296.6,20180400,1296.6,20180400,1294.35,20180200
2017-12-28 13:17:05,1296.6,20180400,1296.6,20180400,1292.45,20180200
2017-12-28 14:27:53,1296.6,20180400,1296.6,20180400,1295.85,20180200
2017-12-28 15:28:42,1296.6,20180400,1296.6,20180400,1295.15,20180200
2017-12-28 18:19:49,1296.6,20180400,1296.6,20180400,1296.75,20180200
2017-12-28 19:20:35,1296.6,20180400,1296.6,20180400,1296.55,20180200
2017-12-28 23:00:00,1301.8,20180400,1301.8,20180400,1297.1,20180200
2017-12-29 23:00:00,1309.7,20180400,1309.7,20180400,1305.0,20180200
2018-01-02 13:54:54,1309.7,20180400,1309.7,20180400,1315.35,20180200
2018-01-02 14:55:44,1309.7,20180400,1309.7,20180400,1313.85,20180200
2018-01-02 15:57:41,1309.7,20180400,1309.7,20180400,1314.05,20180200
2018-01-02 16:58:33,1309.7,20180400,1309.7,20180400,1313.15,20180200
2018-01-02 19:03:16,1309.7,20180400,1309.7,20180400,1316.45,20180200
2018-01-02 23:00:00,1324.0,20180400,1324.0,20180400,1319.2,20180200
2018-01-03 12:04:43,1324.0,20180400,1324.0,20180400,1317.15,20180200
2018-01-03 14:54:28,1324.0,20180400,1324.0,20180400,1318.75,20180200
2018-01-03 15:55:21,1324.0,20180400,1324.0,20180400,1317.95,20180200
2018-01-03 16:55:58,1324.0,20180400,1324.0,20180400,1318.75,20180200
2018-01-03 17:56:29,1324.0,20180400,1324.0,20180400,1317.45,20180200
2018-01-03 23:00:00,1321.4,20180400,1321.4,20180400,1314.7,20180200
2018-01-04 12:15:07,1321.4,20180400,1321.4,20180400,1314.25,20180200
2018-01-04 13:15:41,1321.4,20180400,1321.4,20180400,1312.05,20180200
2018-01-04 14:26:13,1321.4,20180400,1321.4,20180400,1317.35,20180200
2018-01-04 17:12:54,1321.4,20180400,1321.4,20180400,1319.95,20180200
2018-01-04 18:13:33,1321.4,20180400,1321.4,20180400,1320.05,20180200
2018-01-04 19:14:38,1321.4,20180400,1321.4,20180400,1321.45,20180200
2018-01-04 23:00:00,1330.1,20180400,1330.1,20180400,1324.9,20180200
2018-01-05 12:06:56,1330.1,20180400,1330.1,20180400,1317.45,20180200
2018-01-05 13:07:31,1330.1,20180400,1330.1,20180400,1318.75,20180200
2018-01-05 14:18:21,1330.1,20180400,1330.1,20180400,1314.95,20180200
2018-01-05 15:18:49,1330.1,20180400,1330.1,20180400,1320.95,20180200
2018-01-05 18:11:56,1330.1,20180400,1330.1,20180400,1321.65,20180200
2018-01-05 23:00:00,1325.7,20180400,1325.7,20180400,1321.0,20180200
2018-01-08 12:08:39,1325.7,20180400,1325.7,20180400,1320.35,20180200
2018-01-08 15:08:44,1325.7,20180400,1325.7,20180400,1320.35,20180200
2018-01-08 16:09:13,1325.7,20180400,1325.7,20180400,1319.65,20180200
2018-01-08 17:09:55,1325.7,20180400,1325.7,20180400,1318.35,20180200
2018-01-08 18:10:33,1325.7,20180400,1325.7,20180400,1318.85,20180200
2018-01-08 23:00:00,1325.9,20180400,1325.9,20180400,1321.2,20180200
2018-01-09 12:06:50,1325.9,20180400,1325.9,20180400,1315.15,20180200
2018-01-09 13:07:23,1325.9,20180400,1325.9,20180400,1315.05,20180200
2018-01-09 14:19:10,1325.9,20180400,1325.9,20180400,1313.35,20180200
2018-01-09 17:10:43,1325.9,20180400,1325.9,20180400,1311.65,20180200
2018-01-09 18:12:04,1325.9,20180400,1325.9,20180400,1312.85,20180200
2018-01-09 19:12:31,1325.9,20180400,1325.9,20180400,1314.95,20180200
2018-01-09 23:00:00,1319.8,20180400,1319.8,20180400,1314.1,20180200
2018-01-10 12:07:03,1319.8,20180400,1319.8,20180400,1324.75,20180200
2018-01-10 13:07:39,1319.8,20180400,1319.8,20180400,1323.15,20180200
2018-01-10 14:36:06,1319.8,20180400,1319.8,20180400,1317.85,20180200
2018-01-10 18:07:27,1319.8,20180400,1319.8,20180400,1319.1999999999996,20180200
2018-01-10 19:08:11,1319.8,20180400,1319.8,20180400,1318.95,20180200
2018-01-10 23:00:00,1323.1,20180400,1323.1,20180400,1317.8,20180200
2018-01-11 12:03:46,1323.1,20180400,1323.1,20180400,1319.65,20180200
2018-01-11 13:04:22,1323.1,20180400,1323.1,20180400,1320.05,20180200
2018-01-11 14:07:50,1323.1,20180400,1323.1,20180400,1321.75,20180200
2018-01-11 15:08:21,1323.1,20180400,1323.1,20180400,1323.25,20180200
2018-01-11 18:38:52,1323.1,20180400,1323.1,20180400,1323.15,20180200
2018-01-11 19:39:21,1323.1,20180400,1323.1,20180400,1323.65,20180200
2018-01-11 23:00:00,1327.7,20180400,1327.7,20180400,1323.0,20180200
2018-01-12 12:09:45,1327.7,20180400,1327.7,20180400,1331.65,20180200
2018-01-12 13:10:19,1327.7,20180400,1327.7,20180400,1333.15,20180200
2018-01-12 14:24:23,1327.7,20180400,1327.7,20180400,1328.15,20180200
2018-01-12 15:25:02,1327.7,20180400,1327.7,20180400,1328.65,20180200
2018-01-12 19:02:57,1327.7,20180400,1327.7,20180400,1338.25,20180200
2018-01-12 23:00:00,1344.0,20180400,1344.0,20180400,1339.2,20180200
2018-01-15 13:07:28,1344.0,20180400,1344.0,20180400,1342.85,20180200
2018-01-15 14:23:57,1344.0,20180400,1344.0,20180400,1341.85,20180200
2018-01-15 15:30:27,1344.0,20180400,1344.0,20180400,1341.45,20180200
2018-01-15 16:37:30,1344.0,20180400,1344.0,20180400,1341.55,20180200
2018-01-15 18:25:59,1344.0,20180400,1344.0,20180400,1341.0,20180200
2018-01-15 19:27:27,1344.0,20180400,1344.0,20180400,1340.7,20180200
2018-01-16 14:00:23,1344.0,20180400,1344.0,20180400,1333.55,20180200
2018-01-16 15:09:26,1344.0,20180400,1344.0,20180400,1334.65,20180200
2018-01-16 16:18:37,1344.0,20180400,1344.0,20180400,1334.85,20180200
2018-01-16 18:42:50,1344.0,20180400,1344.0,20180400,1337.15,20180200
2018-01-16 19:43:23,1344.0,20180400,1344.0,20180400,1339.95,20180200
2018-01-16 23:00:00,1343.7,20180400,1343.7,20180400,1338.8,20180200
2018-01-17 12:03:39,1343.7,20180400,1343.7,20180400,1337.05,20180200
2018-01-17 18:24:53,1343.7,20180400,1343.7,20180400,1332.35,20180200
2018-01-17 19:25:23,1343.7,20180400,1343.7,20180400,1335.25,20180200
2018-01-17 23:00:00,1339.0,20180400,1339.0,20180400,1334.2,20180200
2018-01-18 12:07:13,1339.0,20180400,1339.0,20180400,1329.05,20180200
2018-01-18 14:27:58,1339.0,20180400,1339.0,20180400,1329.55,20180200
2018-01-18 15:37:54,1339.0,20180400,1339.0,20180400,1330.05,20180200
2018-01-18 16:44:58,1339.0,20180400,1339.0,20180400,1331.85,20180200
2018-01-18 17:45:40,1339.0,20180400,1339.0,20180400,1329.45,20180200
2018-01-18 23:00:00,1333.0,20180400,1333.0,20180400,1328.1,20180200
2018-01-19 12:34:32,1333.0,20180400,1333.0,20180400,1334.85,20180200
2018-01-19 14:30:17,1333.0,20180400,1333.0,20180400,1334.65,20180200
2018-01-19 15:40:36,1333.0,20180400,1333.0,20180400,1333.65,20180200
2018-01-19 16:47:19,1333.0,20180400,1333.0,20180400,1335.05,20180200
2018-01-19 17:47:57,1333.0,20180400,1333.0,20180400,1333.65,20180200
2018-01-19 23:00:00,1339.4,20180400,1339.4,20180400,1334.4,20180200
2018-01-22 13:56:17,1339.4,20180400,1339.4,20180400,1332.45,20180200
2018-01-22 15:07:16,1339.4,20180400,1339.4,20180400,1332.25,20180200
2018-01-22 16:14:53,1339.4,20180400,1339.4,20180400,1332.75,20180200
2018-01-22 18:26:50,1339.4,20180400,1339.4,20180400,1332.65,20180200
2018-01-22 19:27:27,1339.4,20180400,1339.4,20180400,1331.1999999999996,20180200
2018-01-22 23:00:00,1338.0,20180400,1338.0,20180400,1332.8,20180200
2018-01-23 13:43:29,1338.0,20180400,1338.0,20180400,1336.55,20180200
2018-01-23 14:50:40,1338.0,20180400,1338.0,20180400,1335.65,20180200
2018-01-23 15:59:51,1338.0,20180400,1338.0,20180400,1332.35,20180200
2018-01-23 17:08:57,1338.0,20180400,1338.0,20180400,1335.55,20180200
2018-01-23 19:18:31,1338.0,20180400,1338.0,20180400,1337.35,20180200
2018-01-23 23:00:00,1344.3,20180400,1344.3,20180400,1339.5,20180200
2018-01-24 12:07:47,1344.3,20180400,1344.3,20180400,1348.45,20180200
2018-01-24 14:21:20,1344.3,20180400,1344.3,20180400,1350.35,20180200
2018-01-24 15:31:57,1344.3,20180400,1344.3,20180400,1351.75,20180200
2018-01-24 16:39:17,1344.3,20180400,1344.3,20180400,1354.75,20180200
2018-01-24 17:40:08,1344.3,20180400,1344.3,20180400,1352.95,20180200
2018-01-24 23:00:00,1364.3,20180400,1364.3,20180400,1358.9,20180200
2018-01-25 12:15:34,1364.3,20180400,1364.3,20180400,1359.25,20180200
2018-01-25 15:28:04,1364.3,20180400,1364.3,20180400,1357.95,20180200
2018-01-25 16:35:17,1364.3,20180400,1364.3,20180400,1354.05,20180200
2018-01-25 17:36:29,1364.3,20180400,1364.3,20180400,1356.75,20180200
2018-01-25 18:37:18,1364.3,20180400,1364.3,20180400,1360.35,20180200
2018-01-25 23:00:00,1348.9,20180400,1348.9,20180400,1343.6,20180200
2018-01-26 23:00:00,1353.4,20180400,1353.4,20180400,1348.6,20180200
2018-01-29 23:00:00,1345.4,20180400,1345.4,20180400,1340.6,20180200
2018-01-30 23:00:00,1340.5,20180400,1340.5,20180400,1335.7,20180200
2018-01-31 12:28:30,1350.9,20180600,1350.9,20180600,1335.7,20180400
2018-01-31 14:01:29,1351.0,20180600,1351.0,20180600,1335.7,20180400
2018-01-31 18:18:47,1350.3000000000004,20180600,1350.3000000000004,20180600,1335.7,20180400
2018-01-31 19:34:37,1348.4,20180600,1348.4,20180600,1335.7,20180400
2018-01-31 23:00:00,1353.9,20180600,1353.9,20180600,1348.7,20180400
2018-02-01 12:10:34,1348.3000000000004,20180600,1348.3000000000004,20180600,1348.7,20180400
2018-02-01 13:43:52,1346.0,20180600,1346.0,20180600,1348.7,20180400
2018-02-01 15:39:46,1349.0,20180600,1349.0,20180600,1348.7,20180400
2018-02-01 19:14:11,1351.5,20180600,1351.5,20180600,1348.7,20180400
2018-02-01 23:00:00,1357.4,20180600,1357.4,20180600,1352.7,20180400
2018-02-02 12:17:03,1353.1999999999996,20180600,1353.1999999999996,20180600,1352.7,20180400
2018-02-02 13:48:54,1353.1999999999996,20180600,1353.1999999999996,20180600,1352.7,20180400
2018-02-02 17:56:52,1338.1,20180600,1338.1,20180600,1352.7,20180400
2018-02-02 19:17:35,1343.15,20180600,1343.15,20180600,1352.7,20180400
2018-02-02 23:00:00,1338.1,20180600,1338.1,20180600,1333.6,20180400
2018-02-05 12:07:57,1344.1,20180600,1344.1,20180600,1333.6,20180400
2018-02-05 15:15:26,1345.0,20180600,1345.0,20180600,1333.6,20180400
2018-02-05 17:08:32,1342.8000000000004,20180600,1342.8000000000004,20180600,1333.6,20180400
2018-02-05 23:00:00,1346.5,20180600,1346.5,20180600,1340.8,20180400
2018-02-06 12:10:21,1348.9,20180600,1348.9,20180600,1340.8,20180400
2018-02-06 14:54:08,1339.0,20180600,1339.0,20180600,1340.8,20180400
2018-02-06 15:57:29,1335.6,20180600,1335.6,20180600,1340.8,20180400
2018-02-06 17:02:09,1336.8000000000004,20180600,1336.8000000000004,20180600,1340.8,20180400
2018-02-06 19:01:47,1335.8000000000004,20180600,1335.8000000000004,20180600,1340.8,20180400
2018-02-06 23:00:00,1330.9,20180600,1330.9,20180600,1326.1,20180400
2018-02-07 12:50:48,1331.6,20180600,1331.6,20180600,1326.1,20180400
2018-02-07 13:51:24,1330.3000000000004,20180600,1330.3000000000004,20180600,1326.1,20180400
2018-02-07 14:57:59,1332.1999999999996,20180600,1332.1999999999996,20180600,1326.1,20180400
2018-02-07 16:05:38,1329.6999999999996,20180600,1329.6999999999996,20180600,1326.1,20180400
2018-02-07 18:14:44,1322.35,20180600,1322.35,20180600,1326.1,20180400
2018-02-07 19:15:27,1321.5,20180600,1321.5,20180600,1326.1,20180400
2018-02-07 23:00:00,1324.7,20180600,1324.7,20180600,1319.7,20180400
2018-02-08 13:58:05,1321.6999999999996,20180600,1321.6999999999996,20180600,1319.7,20180400
2018-02-08 15:05:53,1321.9,20180600,1321.9,20180600,1319.7,20180400
2018-02-08 16:13:16,1322.8000000000004,20180600,1322.8000000000004,20180600,1319.7,20180400
2018-02-08 17:14:07,1324.6999999999996,20180600,1324.6999999999996,20180600,1319.7,20180400
2018-02-08 19:20:27,1326.3000000000004,20180600,1326.3000000000004,20180600,1319.7,20180400
2018-02-08 23:00:00,1325.8,20180600,1325.8,20180600,1320.7,20180400
2018-02-09 14:05:02,1322.1999999999996,20180600,1322.1999999999996,20180600,1320.7,20180400
2018-02-09 15:15:56,1320.4,20180600,1320.4,20180600,1320.7,20180400
2018-02-09 16:23:51,1320.6999999999996,20180600,1320.6999999999996,20180600,1320.7,20180400
2018-02-09 17:24:40,1324.0,20180600,1324.0,20180600,1320.7,20180400
2018-02-09 19:23:46,1320.6,20180600,1320.6,20180600,1320.7,20180400
2018-02-09 23:00:00,1322.5,20180600,1322.5,20180600,1318.5,20180400
2018-02-12 13:22:14,1326.0,20180600,1326.0,20180600,1318.5,20180400
2018-02-12 15:10:46,1329.8000000000004,20180600,1329.8000000000004,20180600,1318.5,20180400
2018-02-12 19:08:37,1331.4,20180600,1331.4,20180600,1318.5,20180400
2018-02-12 23:00:00,1330.1,20180600,1330.1,20180600,1325.1,20180400
2018-02-13 13:15:24,1334.0,20180600,1334.0,20180600,1325.1,20180400
2018-02-13 17:04:00,1335.8000000000004,20180600,1335.8000000000004,20180600,1325.1,20180400
2018-02-13 18:30:51,1335.1,20180600,1335.1,20180600,1325.1,20180400
2018-02-13 19:38:59,1335.25,20180600,1335.25,20180600,1325.1,20180400
2018-02-13 23:00:00,1336.7,20180600,1336.7,20180600,1332.0,20180400
2018-02-14 12:08:16,1338.4,20180600,1338.4,20180600,1332.0,20180400
2018-02-14 13:38:44,1328.5,20180600,1328.5,20180600,1332.0,20180400
2018-02-14 17:49:23,1356.4,20180600,1356.4,20180600,1332.0,20180400
2018-02-14 19:09:43,1361.1,20180600,1361.1,20180600,1332.0,20180400
2018-02-14 23:00:00,1358.6,20180600,1358.6,20180600,1353.6,20180400
2018-02-15 12:11:18,1359.1,20180600,1359.1,20180600,1353.6,20180400
2018-02-15 15:03:28,1360.1999999999996,20180600,1360.1999999999996,20180600,1353.6,20180400
2018-02-15 16:15:38,1359.55,20180600,1359.55,20180600,1353.6,20180400
2018-02-15 17:18:02,1358.4,20180600,1358.4,20180600,1353.6,20180400
2018-02-15 18:18:44,1360.1,20180600,1360.1,20180600,1353.6,20180400
2018-02-15 23:00:00,1361.5,20180600,1361.5,20180600,1356.3,20180400
2018-02-16 12:09:54,1365.5,20180600,1365.5,20180600,1356.3,20180400
2018-02-16 13:40:39,1363.6999999999996,20180600,1363.6999999999996,20180600,1356.3,20180400
2018-02-16 15:26:51,1361.5,20180600,1361.5,20180600,1356.3,20180400
2018-02-16 19:15:45,1353.8000000000004,20180600,1353.8000000000004,20180600,1356.3,20180400
2018-02-16 23:00:00,1355.6,20180600,1355.6,20180600,1349.4,20180400
2018-02-19 12:06:56,1356.4,20180600,1356.4,20180600,1349.4,20180400
2018-02-19 15:23:15,1355.1,20180600,1355.1,20180600,1349.4,20180400
2018-02-19 17:14:14,1354.9,20180600,1354.9,20180600,1349.4,20180400
2018-02-19 18:32:48,1354.5,20180600,1354.5,20180600,1349.4,20180400
2018-02-20 12:06:56,1347.6,20180600,1347.6,20180600,1349.4,20180400
2018-02-20 15:24:22,1348.1,20180600,1348.1,20180600,1349.4,20180400
2018-02-20 17:19:46,1340.1,20180600,1340.1,20180600,1349.4,20180400
2018-02-20 18:40:06,1337.8000000000004,20180600,1337.8000000000004,20180600,1349.4,20180400
2018-02-20 23:00:00,1336.7,20180600,1336.7,20180600,1331.4,20180400
2018-02-21 12:08:15,1335.9,20180600,1335.9,20180600,1331.4,20180400
2018-02-21 13:37:23,1336.1999999999996,20180600,1336.1999999999996,20180600,1331.4,20180400
2018-02-21 17:31:32,1336.0,20180600,1336.0,20180600,1331.4,20180400
2018-02-21 18:50:20,1337.3000000000004,20180600,1337.3000000000004,20180600,1331.4,20180400
2018-02-21 23:00:00,1332.0,20180600,1332.0,20180600,1326.6,20180400
2018-02-22 12:09:32,1330.0500000000004,20180600,1330.0500000000004,20180600,1326.6,20180400
2018-02-22 13:43:21,1331.6999999999996,20180600,1331.6999999999996,20180600,1326.6,20180400
2018-02-22 15:36:42,1337.1,20180600,1337.1,20180600,1326.6,20180400
2018-02-22 19:05:23,1337.6999999999996,20180600,1337.6999999999996,20180600,1326.6,20180400
2018-02-22 23:00:00,1339.3,20180600,1339.3,20180600,1334.0,20180400
2018-02-23 12:13:23,1338.25,20180600,1338.25,20180600,1334.0,20180400
2018-02-23 13:43:11,1336.6,20180600,1336.6,20180600,1334.0,20180400
2018-02-23 17:33:44,1336.4,20180600,1336.4,20180600,1334.0,20180400
2018-02-23 18:53:04,1335.6,20180600,1335.6,20180600,1334.0,20180400
2018-02-23 23:00:00,1336.0,20180600,1336.0,20180600,1330.5,20180400
2018-02-26 12:13:57,1344.95,20180600,1344.95,20180600,1330.5,20180400
2018-02-26 15:26:26,1340.0,20180600,1340.0,20180600,1330.5,20180400
2018-02-26 17:22:45,1338.05,20180600,1338.05,20180600,1330.5,20180400
2018-02-26 18:41:57,1338.1999999999996,20180600,1338.1999999999996,20180600,1330.5,20180400
2018-02-26 23:00:00,1340.5,20180600,1340.5,20180600,1334.9,20180400
2018-02-27 12:07:25,1339.5,20180600,1339.5,20180600,1334.9,20180400
2018-02-27 15:26:41,1331.1999999999996,20180600,1331.1999999999996,20180600,1334.9,20180400
2018-02-27 17:24:05,1321.6999999999996,20180600,1321.6999999999996,20180600,1334.9,20180400
2018-02-27 18:44:02,1324.6,20180600,1324.6,20180600,1334.9,20180400
2018-02-27 23:00:00,1325.4,20180600,1325.4,20180600,1319.2,20180400
2018-02-28 12:49:36,1327.0,20180600,1327.0,20180600,1319.2,20180400
2018-02-28 16:20:06,1325.1,20180600,1325.1,20180600,1319.2,20180400
2018-02-28 17:47:18,1326.9,20180600,1326.9,20180600,1319.2,20180400
2018-02-28 19:06:30,1326.1,20180600,1326.1,20180600,1319.2,20180400
2018-02-28 23:00:00,1325.4,20180600,1325.4,20180600,1319.4,20180400
2018-03-01 12:05:51,1316.6999999999996,20180600,1316.6999999999996,20180600,1319.4,20180400
2018-03-01 13:34:45,1312.3000000000004,20180600,1312.3000000000004,20180600,1319.4,20180400
2018-03-01 17:20:18,1316.3000000000004,20180600,1316.3000000000004,20180600,1319.4,20180400
2018-03-01 18:40:29,1312.4,20180600,1312.4,20180600,1319.4,20180400
2018-03-01 19:41:35,1318.1,20180600,1318.1,20180600,1319.4,20180400
2018-03-01 23:00:00,1324.2,20180600,1324.2,20180600,1318.1,20180400
2018-03-02 23:00:00,1324.2,20180600,1324.2,20180600,1323.4,20180400
2018-03-05 12:27:06,1333.0,20180600,1333.0,20180600,1323.4,20180400
2018-03-05 13:27:43,1330.6,20180600,1330.6,20180600,1323.4,20180400
2018-03-05 14:42:00,1330.1,20180600,1330.1,20180600,1323.4,20180400
2018-03-05 15:50:45,1327.85,20180600,1327.85,20180600,1323.4,20180400
2018-03-05 17:42:03,1327.9,20180600,1327.9,20180600,1323.4,20180400
2018-03-05 18:42:53,1327.3000000000004,20180600,1327.3000000000004,20180600,1323.4,20180400
2018-03-05 19:43:32,1325.6999999999996,20180600,1325.6999999999996,20180600,1323.4,20180400
2018-03-05 23:00:00,1326.0,20180600,1326.0,20180600,1320.4,20180400
2018-03-06 12:36:59,1331.85,20180600,1331.85,20180600,1320.4,20180400
2018-03-06 13:37:43,1333.3000000000004,20180600,1333.3000000000004,20180600,1320.4,20180400
2018-03-06 14:42:48,1334.85,20180600,1334.85,20180600,1320.4,20180400
2018-03-06 15:51:56,1338.6,20180600,1338.6,20180600,1320.4,20180400
2018-03-06 18:07:33,1345.4,20180600,1345.4,20180600,1320.4,20180400
2018-03-06 19:08:06,1342.9,20180600,1342.9,20180600,1320.4,20180400
2018-03-06 23:00:00,1342.1,20180600,1342.1,20180600,1336.2,20180400
2018-03-07 13:17:15,1338.6999999999996,20180600,1338.6999999999996,20180600,1336.2,20180400
2018-03-07 14:28:53,1337.5,20180600,1337.5,20180600,1336.2,20180400
2018-03-07 15:37:43,1337.85,20180600,1337.85,20180600,1336.2,20180400
2018-03-07 16:46:10,1336.85,20180600,1336.85,20180600,1336.2,20180400
2018-03-07 18:52:50,1332.5,20180600,1332.5,20180600,1336.2,20180400
2018-03-07 23:00:00,1330.4,20180600,1330.4,20180600,1324.3,20180400
2018-03-08 12:10:30,1332.1999999999996,20180600,1332.1999999999996,20180600,1324.3,20180400
2018-03-08 14:30:32,1331.0,20180600,1331.0,20180600,1324.3,20180400
2018-03-08 15:40:02,1331.4,20180600,1331.4,20180600,1324.3,20180400
2018-03-08 16:49:29,1327.3000000000004,20180600,1327.3000000000004,20180600,1324.3,20180400
2018-03-08 19:15:26,1327.3000000000004,20180600,1327.3000000000004,20180600,1324.3,20180400
2018-03-08 23:00:00,1328.9,20180600,1328.9,20180600,1322.4,20180400
2018-03-09 12:13:32,1326.1,20180600,1326.1,20180600,1322.4,20180400
2018-03-09 14:46:52,1324.6,20180600,1324.6,20180600,1322.4,20180400
2018-03-09 15:56:32,1322.8000000000004,20180600,1322.8000000000004,20180600,1322.4,20180400
2018-03-09 17:05:46,1327.9,20180600,1327.9,20180600,1322.4,20180400
2018-03-09 19:35:48,1330.1999999999996,20180600,1330.1999999999996,20180600,1322.4,20180400
2018-03-09 23:00:00,1330.0,20180600,1330.0,20180600,1323.9,20180400
2018-03-12 13:23:06,1321.9,20180600,1321.9,20180600,1323.9,20180400
2018-03-12 14:34:16,1322.4,20180600,1322.4,20180600,1323.9,20180400
2018-03-12 15:43:32,1323.9,20180600,1323.9,20180600,1323.9,20180400
2018-03-12 16:52:08,1325.35,20180600,1325.35,20180600,1323.9,20180400
2018-03-12 18:55:16,1324.8000000000004,20180600,1324.8000000000004,20180600,1323.9,20180400
2018-03-12 23:00:00,1330.0,20180600,1330.0,20180600,1324.0,20180400
2018-03-13 23:00:00,1332.5,20180600,1332.5,20180600,1326.3,20180400
2018-03-14 12:03:58,1331.3000000000004,20180600,1331.3000000000004,20180600,1326.3,20180400
2018-03-14 14:15:45,1332.0500000000004,20180600,1332.0500000000004,20180600,1326.3,20180400
2018-03-14 15:24:25,1330.1,20180600,1330.1,20180600,1326.3,20180400
2018-03-14 16:33:21,1330.6,20180600,1330.6,20180600,1326.3,20180400
2018-03-14 17:34:13,1330.8000000000004,20180600,1330.8000000000004,20180600,1326.3,20180400
2018-03-14 23:00:00,1331.4,20180600,1331.4,20180600,1325.6,20180400
2018-03-15 23:00:00,1321.9,20180600,1321.9,20180600,1317.8,20180400
2018-03-16 12:07:40,1325.9,20180600,1325.9,20180600,1317.8,20180400
2018-03-16 13:08:58,1324.05,20180600,1324.05,20180600,1317.8,20180400
2018-03-16 14:18:43,1316.5,20180600,1316.5,20180600,1317.8,20180400
2018-03-16 17:22:17,1318.1999999999996,20180600,1318.1999999999996,20180600,1317.8,20180400
2018-03-16 18:23:02,1319.1999999999996,20180600,1319.1999999999996,20180600,1317.8,20180400
2018-03-16 19:24:10,1319.1999999999996,20180600,1319.1999999999996,20180600,1317.8,20180400
2018-03-16 23:00:00,1320.0,20180600,1320.0,20180600,1313.9,20180400
2018-03-19 12:07:31,1317.1,20180600,1317.1,20180600,1313.9,20180400
2018-03-19 13:08:08,1316.8000000000004,20180600,1316.8000000000004,20180600,1313.9,20180400
2018-03-19 15:38:09,1320.4,20180600,1320.4,20180600,1313.9,20180400
2018-03-19 16:38:39,1323.75,20180600,1323.75,20180600,1313.9,20180400
2018-03-19 17:39:12,1323.1,20180600,1323.1,20180600,1313.9,20180400
2018-03-19 18:39:58,1323.6,20180600,1323.6,20180600,1313.9,20180400
2018-03-19 23:00:00,1322.3,20180600,1322.3,20180600,1316.7,20180400
2018-03-20 12:17:22,1316.6999999999996,20180600,1316.6999999999996,20180600,1316.7,20180400
2018-03-20 13:17:57,1316.1,20180600,1316.1,20180600,1316.7,20180400
2018-03-20 15:44:45,1316.95,20180600,1316.95,20180600,1316.7,20180400
2018-03-20 16:45:27,1316.6,20180600,1316.6,20180600,1316.7,20180400
2018-03-20 17:46:06,1317.35,20180600,1317.35,20180600,1316.7,20180400
2018-03-20 18:46:53,1316.6,20180600,1316.6,20180600,1316.7,20180400
2018-03-20 23:00:00,1316.6,20180600,1316.6,20180600,1311.9,20180400
2018-03-21 12:07:16,1321.3000000000004,20180600,1321.3000000000004,20180600,1311.9,20180400
2018-03-21 13:07:45,1324.15,20180600,1324.15,20180600,1311.9,20180400
2018-03-21 14:19:52,1324.85,20180600,1324.85,20180600,1311.9,20180400
2018-03-21 17:42:06,1328.3000000000004,20180600,1328.3000000000004,20180600,1311.9,20180400
2018-03-21 18:42:36,1330.15,20180600,1330.15,20180600,1311.9,20180400
2018-03-21 19:43:15,1342.1,20180600,1342.1,20180600,1311.9,20180400
2018-03-21 23:00:00,1338.0,20180600,1338.0,20180600,1332.5,20180400
2018-03-22 15:54:21,1334.35,20180600,1334.35,20180600,1332.5,20180400
2018-03-22 16:55:01,1332.4,20180600,1332.4,20180600,1332.5,20180400
2018-03-22 17:55:46,1332.55,20180600,1332.55,20180600,1332.5,20180400
2018-03-22 18:56:24,1332.65,20180600,1332.65,20180600,1332.5,20180400
2018-03-22 23:00:00,1334.7,20180600,1334.7,20180600,1328.9,20180400
2018-03-23 12:03:57,1346.95,20180600,1346.95,20180600,1328.9,20180400
2018-03-23 13:04:30,1351.95,20180600,1351.95,20180600,1328.9,20180400
2018-03-23 14:06:43,1353.6,20180600,1353.6,20180600,1328.9,20180400
2018-03-23 15:07:00,1352.9,20180600,1352.9,20180600,1328.9,20180400
2018-03-23 17:32:23,1354.8000000000004,20180600,1354.8000000000004,20180600,1328.9,20180400
2018-03-23 18:32:46,1353.85,20180600,1353.85,20180600,1328.9,20180400
2018-03-23 19:33:10,1354.0,20180600,1354.0,20180600,1328.9,20180400
2018-03-23 23:00:00,1352.9,20180600,1352.9,20180600,1347.3,20180400
2018-03-26 12:07:09,1353.5,20180600,1353.5,20180600,1347.3,20180400
2018-03-26 13:07:44,1354.5,20180600,1354.5,20180600,1347.3,20180400
2018-03-26 14:17:56,1354.4,20180600,1354.4,20180600,1347.3,20180400
2018-03-26 17:49:12,1360.5,20180600,1360.5,20180600,1347.3,20180400
2018-03-26 18:49:41,1360.1999999999996,20180600,1360.1999999999996,20180600,1347.3,20180400
2018-03-26 23:00:00,1359.4,20180600,1359.4,20180600,1353.6,20180400
2018-03-27 12:08:09,1353.85,20180600,1353.85,20180600,1353.6,20180400
2018-03-27 13:08:45,1351.3000000000004,20180600,1351.3000000000004,20180600,1353.6,20180400
2018-03-27 14:09:23,1348.0,20180600,1348.0,20180600,1353.6,20180400
2018-03-27 17:23:14,1349.6,20180600,1349.6,20180600,1353.6,20180400
2018-03-27 18:23:54,1349.65,20180600,1349.65,20180600,1353.6,20180400
2018-03-27 19:24:23,1349.45,20180600,1349.45,20180600,1353.6,20180400
2018-03-27 23:00:00,1350.3,20180600,1350.3,20180600,1344.5,20180400
2018-03-28 13:07:43,1341.35,20180600,1341.35,20180600,1344.5,20180400
2018-03-28 15:35:37,1335.65,20180600,1335.65,20180600,1344.5,20180400
2018-03-28 16:36:01,1334.35,20180600,1334.35,20180600,1344.5,20180400
2018-03-28 17:36:27,1331.75,20180600,1331.75,20180600,1344.5,20180400
2018-03-28 18:37:26,1330.55,20180600,1330.55,20180600,1344.5,20180400
2018-03-28 23:00:00,1329.1,20180600,1329.1,20180600,1323.5,20180400
2018-03-29 13:43:27,1328.35,20180600,1328.35,20180600,1323.5,20180400
2018-03-29 14:44:55,1328.55,20180600,1328.55,20180600,1323.5,20180400
2018-03-29 15:47:07,1327.65,20180600,1327.65,20180600,1323.5,20180400
2018-03-29 16:47:54,1326.45,20180600,1326.45,20180600,1323.5,20180400
2018-03-29 23:00:00,1329.2,20180600,1329.2,20180600,1325.0,20180400
2018-04-02 12:04:56,1329.2,20180800,1329.2,20180800,1335.85,20180600
2018-04-02 13:08:28,1329.2,20180800,1329.2,20180800,1337.95,20180600
2018-04-02 16:51:59,1329.2,20180800,1329.2,20180800,1341.85,20180600
2018-04-02 17:52:41,1329.2,20180800,1329.2,20180800,1342.55,20180600
2018-04-02 18:53:15,1329.2,20180800,1329.2,20180800,1348.15,20180600
2018-04-02 23:00:00,1351.2,20180800,1351.2,20180800,1345.3,20180600
2018-04-03 12:09:59,1351.2,20180800,1351.2,20180800,1340.45,20180600
2018-04-03 13:10:47,1351.2,20180800,1351.2,20180800,1341.85,20180600
2018-04-03 16:05:59,1351.2,20180800,1351.2,20180800,1333.05,20180600
2018-04-03 17:06:26,1351.2,20180800,1351.2,20180800,1336.05,20180600
2018-04-03 18:07:24,1351.2,20180800,1351.2,20180800,1337.85,20180600
2018-04-03 19:08:08,1351.2,20180800,1351.2,20180800,1336.15,20180600
2018-04-03 23:00:00,1342.5,20180800,1342.5,20180800,1336.4,20180600
2018-04-04 12:06:41,1342.5,20180800,1342.5,20180800,1346.95,20180600
2018-04-04 13:07:19,1342.5,20180800,1342.5,20180800,1350.85,20180600
2018-04-04 14:10:25,1342.5,20180800,1342.5,20180800,1350.95,20180600
2018-04-04 17:18:37,1342.5,20180800,1342.5,20180800,1339.05,20180600
2018-04-04 18:19:31,1342.5,20180800,1342.5,20180800,1340.85,20180600
2018-04-04 19:20:57,1342.5,20180800,1342.5,20180800,1338.55,20180600
2018-04-04 23:00:00,1343.4,20180800,1343.4,20180800,1337.0,20180600
2018-04-05 14:58:12,1343.4,20180800,1343.4,20180800,1331.35,20180600
2018-04-05 15:58:33,1343.4,20180800,1343.4,20180800,1327.05,20180600
2018-04-05 16:58:50,1343.4,20180800,1343.4,20180800,1328.55,20180600
2018-04-05 17:59:07,1343.4,20180800,1343.4,20180800,1328.45,20180600
2018-04-05 23:00:00,1335.7,20180800,1335.7,20180800,1329.5,20180600
2018-04-06 12:07:34,1335.7,20180800,1335.7,20180800,1327.65,20180600
2018-04-06 13:08:11,1335.7,20180800,1335.7,20180800,1326.05,20180600
2018-04-06 14:11:39,1335.7,20180800,1335.7,20180800,1333.65,20180600
2018-04-06 15:12:06,1335.7,20180800,1335.7,20180800,1336.05,20180600
2018-04-06 18:14:41,1335.7,20180800,1335.7,20180800,1334.25,20180600
2018-04-06 19:15:29,1335.7,20180800,1335.7,20180800,1335.95,20180600
2018-04-06 23:00:00,1343.3,20180800,1343.3,20180800,1337.2,20180600
2018-04-09 12:09:01,1343.3,20180800,1343.3,20180800,1332.05,20180600
2018-04-09 13:09:37,1343.3,20180800,1343.3,20180800,1333.95,20180600
2018-04-09 16:07:55,1343.3,20180800,1343.3,20180800,1335.95,20180600
2018-04-09 17:08:31,1343.3,20180800,1343.3,20180800,1336.65,20180600
2018-04-09 18:09:11,1343.3,20180800,1343.3,20180800,1339.35,20180600
2018-04-09 19:09:52,1343.3,20180800,1343.3,20180800,1339.45,20180600
2018-04-09 23:00:00,1345.9,20180800,1345.9,20180800,1339.6,20180600
2018-04-10 12:08:00,1345.9,20180800,1345.9,20180800,1339.45,20180600
2018-04-10 13:08:33,1345.9,20180800,1345.9,20180800,1340.65,20180600
2018-04-10 14:22:18,1345.9,20180800,1345.9,20180800,1342.85,20180600
2018-04-10 17:20:43,1345.9,20180800,1345.9,20180800,1342.25,20180600
2018-04-10 18:21:30,1345.9,20180800,1345.9,20180800,1345.15,20180600
2018-04-10 19:22:19,1345.9,20180800,1345.9,20180800,1342.95,20180600
2018-04-10 23:00:00,1349.7,20180800,1349.7,20180800,1343.6,20180600
2018-04-11 12:20:11,1349.7,20180800,1349.7,20180800,1353.75,20180600
2018-04-11 13:20:51,1349.7,20180800,1349.7,20180800,1353.45,20180600
2018-04-11 14:30:32,1349.7,20180800,1349.7,20180800,1354.45,20180600
2018-04-11 15:31:13,1349.7,20180800,1349.7,20180800,1356.55,20180600
2018-04-11 18:41:35,1349.7,20180800,1349.7,20180800,1360.55,20180600
2018-04-11 19:42:24,1349.7,20180800,1349.7,20180800,1353.15,20180600
2018-04-11 23:00:00,1362.7,20180800,1362.7,20180800,1356.4,20180600
2018-04-12 13:01:07,1362.7,20180800,1362.7,20180800,1348.45,20180600
2018-04-12 14:14:49,1362.7,20180800,1362.7,20180800,1347.45,20180600
2018-04-12 15:15:21,1362.7,20180800,1362.7,20180800,1342.35,20180600
2018-04-12 16:17:12,1362.7,20180800,1362.7,20180800,1341.45,20180600
2018-04-12 19:39:20,1362.7,20180800,1362.7,20180800,1340.05,20180600
2018-04-12 23:00:00,1343.8,20180800,1343.8,20180800,1337.8,20180600
2018-04-13 12:40:18,1343.8,20180800,1343.8,20180800,1340.35,20180600
2018-04-13 13:41:00,1343.8,20180800,1343.8,20180800,1341.55,20180600
2018-04-13 14:46:05,1343.8,20180800,1343.8,20180800,1345.75,20180600
2018-04-13 15:48:12,1343.8,20180800,1343.8,20180800,1347.05,20180600
2018-04-13 19:16:03,1343.8,20180800,1343.8,20180800,1347.75,20180600
2018-04-13 23:00:00,1354.3,20180800,1354.3,20180800,1348.1,20180600
2018-04-16 12:06:04,1354.3,20180800,1354.3,20180800,1346.15,20180600
2018-04-16 13:07:05,1354.3,20180800,1354.3,20180800,1347.35,20180600
2018-04-16 14:10:31,1354.3,20180800,1354.3,20180800,1349.55,20180600
2018-04-16 17:01:13,1354.3,20180800,1354.3,20180800,1350.05,20180600
2018-04-16 18:01:50,1354.3,20180800,1354.3,20180800,1350.65,20180600
2018-04-16 19:02:46,1354.3,20180800,1354.3,20180800,1350.55,20180600
2018-04-16 23:00:00,1355.0,20180800,1355.0,20180800,1348.6,20180600
2018-04-17 12:07:32,1355.0,20180800,1355.0,20180800,1345.35,20180600
2018-04-17 13:08:07,1355.0,20180800,1355.0,20180800,1345.45,20180600
2018-04-17 14:28:38,1355.0,20180800,1355.0,20180800,1342.95,20180600
2018-04-17 18:03:06,1355.0,20180800,1355.0,20180800,1349.65,20180600
2018-04-17 19:03:44,1355.0,20180800,1355.0,20180800,1349.15,20180600
2018-04-17 23:00:00,1356.7,20180800,1356.7,20180800,1350.3,20180600
2018-04-18 12:19:53,1356.7,20180800,1356.7,20180800,1351.85,20180600
2018-04-18 13:20:27,1356.7,20180800,1356.7,20180800,1355.35,20180600
2018-04-18 14:25:03,1356.7,20180800,1356.7,20180800,1355.95,20180600
2018-04-18 15:25:32,1356.7,20180800,1356.7,20180800,1356.35,20180600
2018-04-18 19:15:02,1356.7,20180800,1356.7,20180800,1353.85,20180600
2018-04-18 23:00:00,1358.5,20180800,1358.5,20180800,1352.4,20180600
2018-04-19 12:43:25,1358.5,20180800,1358.5,20180800,1352.45,20180600
2018-04-19 13:44:09,1358.5,20180800,1358.5,20180800,1350.95,20180600
2018-04-19 14:49:53,1358.5,20180800,1358.5,20180800,1349.95,20180600
2018-04-19 15:52:01,1358.5,20180800,1358.5,20180800,1348.35,20180600
2018-04-19 19:36:43,1358.5,20180800,1358.5,20180800,1347.35,20180600
2018-04-19 23:00:00,1354.7,20180800,1354.7,20180800,1348.8,20180600
2018-04-20 12:11:38,1354.7,20180800,1354.7,20180800,1344.35,20180600
2018-04-20 13:12:10,1354.7,20180800,1354.7,20180800,1344.65,20180600
2018-04-20 14:16:04,1354.7,20180800,1354.7,20180800,1342.0,20180600
2018-04-20 15:16:32,1354.7,20180800,1354.7,20180800,1338.55,20180600
2018-04-20 19:17:57,1354.7,20180800,1354.7,20180800,1338.95,20180600
2018-04-20 23:00:00,1344.4,20180800,1344.4,20180800,1338.1,20180600
2018-04-23 12:10:52,1344.4,20180800,1344.4,20180800,1329.95,20180600
2018-04-23 13:11:33,1344.4,20180800,1344.4,20180800,1329.75,20180600
2018-04-23 16:04:50,1344.4,20180800,1344.4,20180800,1325.95,20180600
2018-04-23 17:05:43,1344.4,20180800,1344.4,20180800,1325.45,20180600
2018-04-23 18:06:30,1344.4,20180800,1344.4,20180800,1325.15,20180600
2018-04-23 19:07:04,1344.4,20180800,1344.4,20180800,1325.95,20180600
2018-04-23 23:00:00,1332.1,20180800,1332.1,20180800,1325.7,20180600
2018-04-24 12:02:58,1332.1,20180800,1332.1,20180800,1327.25,20180600
2018-04-24 13:03:33,1332.1,20180800,1332.1,20180800,1328.35,20180600
2018-04-24 14:04:07,1332.1,20180800,1332.1,20180800,1326.35,20180600
2018-04-24 17:15:54,1332.1,20180800,1332.1,20180800,1330.75,20180600
2018-04-24 18:16:45,1332.1,20180800,1332.1,20180800,1331.85,20180600
2018-04-24 19:17:43,1332.1,20180800,1332.1,20180800,1334.15,20180600
2018-04-24 23:00:00,1339.0,20180800,1339.0,20180800,1333.0,20180600
2018-04-25 12:07:25,1339.0,20180800,1339.0,20180800,1326.15,20180600
2018-04-25 13:07:58,1339.0,20180800,1339.0,20180800,1322.25,20180600
2018-04-25 14:21:31,1339.0,20180800,1339.0,20180800,1322.15,20180600
2018-04-25 18:18:28,1339.0,20180800,1339.0,20180800,1323.05,20180600
2018-04-25 19:19:10,1339.0,20180800,1339.0,20180800,1322.85,20180600
2018-04-25 23:00:00,1330.5,20180800,1330.5,20180800,1324.0,20180600
2018-04-26 12:12:21,1330.5,20180800,1330.5,20180800,1326.45,20180600
2018-04-26 13:12:57,1330.5,20180800,1330.5,20180800,1324.65,20180600
2018-04-26 14:26:34,1330.5,20180800,1330.5,20180800,1325.25,20180600
2018-04-26 15:27:08,1330.5,20180800,1330.5,20180800,1319.25,20180600
2018-04-26 19:06:41,1330.5,20180800,1330.5,20180800,1318.15,20180600
2018-04-26 23:00:00,1324.6,20180800,1324.6,20180800,1318.2,20180600
2018-04-27 12:11:55,1324.6,20180800,1324.6,20180800,1320.45,20180600
2018-04-27 13:12:28,1324.6,20180800,1324.6,20180800,1320.45,20180600
2018-04-27 14:16:23,1324.6,20180800,1324.6,20180800,1321.75,20180600
2018-04-27 15:17:50,1324.6,20180800,1324.6,20180800,1321.75,20180600
2018-04-27 18:59:15,1324.6,20180800,1324.6,20180800,1323.65,20180600
2018-04-27 23:00:00,1330.8,20180800,1330.8,20180800,1324.6,20180600
2018-04-30 12:07:26,1330.8,20180800,1330.8,20180800,1317.05,20180600
2018-04-30 13:08:00,1330.8,20180800,1330.8,20180800,1313.65,20180600
2018-04-30 16:39:26,1330.8,20180800,1330.8,20180800,1315.05,20180600
2018-04-30 17:40:23,1330.8,20180800,1330.8,20180800,1317.45,20180600
2018-04-30 18:41:02,1330.8,20180800,1330.8,20180800,1318.25,20180600
2018-04-30 19:41:50,1330.8,20180800,1330.8,20180800,1319.65,20180600
2018-04-30 23:00:00,1322.9,20180800,1322.9,20180800,1316.8,20180600
2018-05-01 12:10:05,1322.9,20180800,1322.9,20180800,1308.95,20180600
2018-05-01 13:18:05,1322.9,20180800,1322.9,20180800,1308.25,20180600
2018-05-01 16:59:55,1322.9,20180800,1322.9,20180800,1306.45,20180600
2018-05-01 18:00:38,1322.9,20180800,1322.9,20180800,1307.85,20180600
2018-05-01 19:01:09,1322.9,20180800,1322.9,20180800,1306.85,20180600
2018-05-01 23:00:00,1311.2,20180800,1311.2,20180800,1305.0,20180600
2018-05-02 23:00:00,1311.6,20180800,1311.6,20180800,1305.4,20180600
2018-05-03 12:07:24,1311.6,20180800,1311.6,20180800,1312.15,20180600
2018-05-03 13:07:57,1311.6,20180800,1311.6,20180800,1317.05,20180600
2018-05-03 17:41:02,1311.6,20180800,1311.6,20180800,1314.15,20180600
2018-05-03 18:41:34,1311.6,20180800,1311.6,20180800,1314.35,20180600
2018-05-03 19:42:04,1311.6,20180800,1311.6,20180800,1315.15,20180600
2018-05-03 23:00:00,1319.4,20180800,1319.4,20180800,1313.0,20180600
2018-05-04 23:00:00,1321.8,20180800,1321.8,20180800,1315.3,20180600
2018-05-07 12:06:19,1321.8,20180800,1321.8,20180800,1313.05,20180600
2018-05-07 14:21:32,1321.8,20180800,1321.8,20180800,1312.55,20180600
2018-05-07 15:22:12,1321.8,20180800,1321.8,20180800,1313.85,20180600
2018-05-07 16:23:16,1321.8,20180800,1321.8,20180800,1315.05,20180600
2018-05-07 17:23:47,1321.8,20180800,1321.8,20180800,1314.15,20180600
2018-05-07 23:00:00,1320.8,20180800,1320.8,20180800,1314.4,20180600
2018-05-08 12:30:25,1320.8,20180800,1320.8,20180800,1310.15,20180600
2018-05-08 14:43:15,1320.8,20180800,1320.8,20180800,1307.05,20180600
2018-05-08 15:45:02,1320.8,20180800,1320.8,20180800,1308.25,20180600
2018-05-08 16:46:14,1320.8,20180800,1320.8,20180800,1310.45,20180600
2018-05-08 23:00:00,1321.5,20180800,1321.5,20180800,1315.3,20180600
2018-05-09 12:09:01,1321.5,20180800,1321.5,20180800,1308.45,20180600
2018-05-09 13:09:38,1321.5,20180800,1321.5,20180800,1312.05,20180600
2018-05-09 16:11:27,1321.5,20180800,1321.5,20180800,1315.35,20180600
2018-05-09 17:12:47,1321.5,20180800,1321.5,20180800,1312.95,20180600
2018-05-09 18:13:38,1321.5,20180800,1321.5,20180800,1313.25,20180600
2018-05-09 23:00:00,1318.9,20180800,1318.9,20180800,1312.6,20180600
2018-05-10 12:09:42,1318.9,20180800,1318.9,20180800,1317.05,20180600
2018-05-10 13:11:11,1318.9,20180800,1318.9,20180800,1318.45,20180600
2018-05-10 14:11:44,1318.9,20180800,1318.9,20180800,1322.45,20180600
2018-05-10 15:12:29,1318.9,20180800,1318.9,20180800,1318.65,20180600
2018-05-10 18:07:31,1318.9,20180800,1318.9,20180800,1319.75,20180600
2018-05-10 19:08:02,1318.9,20180800,1318.9,20180800,1320.35,20180600
2018-05-10 23:00:00,1327.8,20180800,1327.8,20180800,1321.4,20180600
2018-05-11 12:03:07,1327.8,20180800,1327.8,20180800,1324.65,20180600
2018-05-11 13:03:40,1327.8,20180800,1327.8,20180800,1325.25,20180600
2018-05-11 14:06:03,1327.8,20180800,1327.8,20180800,1324.55,20180600
2018-05-11 17:14:59,1327.8,20180800,1327.8,20180800,1322.1999999999996,20180600
2018-05-11 18:15:29,1327.8,20180800,1327.8,20180800,1321.55,20180600
2018-05-11 19:16:03,1327.8,20180800,1327.8,20180800,1321.15,20180600
2018-05-11 23:00:00,1325.0,20180800,1325.0,20180800,1319.0,20180600
2018-05-14 12:14:11,1325.0,20180800,1325.0,20180800,1319.85,20180600
2018-05-14 13:14:52,1325.0,20180800,1325.0,20180800,1319.25,20180600
2018-05-14 16:02:05,1325.0,20180800,1325.0,20180800,1319.85,20180600
2018-05-14 17:03:11,1325.0,20180800,1325.0,20180800,1319.15,20180600
2018-05-14 18:04:17,1325.0,20180800,1325.0,20180800,1319.15,20180600
2018-05-14 19:04:50,1325.0,20180800,1325.0,20180800,1314.25,20180600
2018-05-14 23:00:00,1319.4,20180800,1319.4,20180800,1313.4,20180600
2018-05-15 23:00:00,1297.7,20180800,1297.7,20180800,1291.6,20180600
2018-05-16 13:01:51,1297.7,20180800,1297.7,20180800,1288.05,20180600
2018-05-16 14:02:46,1297.7,20180800,1297.7,20180800,1287.95,20180600
2018-05-16 15:03:44,1297.7,20180800,1297.7,20180800,1290.95,20180600
2018-05-16 16:05:51,1297.7,20180800,1297.7,20180800,1288.25,20180600
2018-05-16 19:30:33,1297.7,20180800,1297.7,20180800,1292.15,20180600
2018-05-16 23:00:00,1295.9,20180800,1295.9,20180800,1290.0,20180600
2018-05-17 12:24:45,1295.9,20180800,1295.9,20180800,1287.45,20180600
2018-05-17 13:25:25,1295.9,20180800,1295.9,20180800,1287.35,20180600
2018-05-17 14:27:24,1295.9,20180800,1295.9,20180800,1290.05,20180600
2018-05-17 15:28:47,1295.9,20180800,1295.9,20180800,1289.55,20180600
2018-05-17 19:13:45,1295.9,20180800,1295.9,20180800,1289.85,20180600
2018-05-17 23:00:00,1296.2,20180800,1296.2,20180800,1290.4,20180600
2018-05-18 12:44:57,1296.2,20180800,1296.2,20180800,1286.75,20180600
2018-05-18 13:45:40,1296.2,20180800,1296.2,20180800,1286.55,20180600
2018-05-18 14:50:38,1296.2,20180800,1296.2,20180800,1288.75,20180600
2018-05-18 15:52:30,1296.2,20180800,1296.2,20180800,1291.95,20180600
2018-05-18 19:20:24,1296.2,20180800,1296.2,20180800,1291.65,20180600
2018-05-18 23:00:00,1297.1,20180800,1297.1,20180800,1291.5,20180600
2018-05-21 12:10:50,1297.1,20180800,1297.1,20180800,1283.35,20180600
2018-05-21 13:12:01,1297.1,20180800,1297.1,20180800,1284.15,20180600
2018-05-21 15:42:21,1297.1,20180800,1297.1,20180800,1288.25,20180600
2018-05-21 16:43:29,1297.1,20180800,1297.1,20180800,1288.75,20180600
2018-05-21 17:44:01,1297.1,20180800,1297.1,20180800,1288.65,20180600
2018-05-21 18:44:45,1297.1,20180800,1297.1,20180800,1290.45,20180600
2018-05-21 23:00:00,1298.3,20180800,1298.3,20180800,1292.6,20180600
2018-05-22 12:09:29,1298.3,20180800,1298.3,20180800,1294.05,20180600
2018-05-22 13:10:04,1298.3,20180800,1298.3,20180800,1293.45,20180600
2018-05-22 14:10:41,1298.3,20180800,1298.3,20180800,1293.45,20180600
2018-05-22 17:12:38,1298.3,20180800,1298.3,20180800,1292.05,20180600
2018-05-22 18:13:11,1298.3,20180800,1298.3,20180800,1292.65,20180600
2018-05-22 19:13:59,1298.3,20180800,1298.3,20180800,1291.25,20180600
2018-05-22 23:00:00,1296.4,20180800,1296.4,20180800,1290.9,20180600
2018-05-23 12:16:39,1296.4,20180800,1296.4,20180800,1296.05,20180600
2018-05-23 13:17:26,1296.4,20180800,1296.4,20180800,1294.55,20180600
2018-05-23 14:30:05,1296.4,20180800,1296.4,20180800,1288.15,20180600
2018-05-23 17:39:38,1296.4,20180800,1296.4,20180800,1291.45,20180600
2018-05-23 18:40:25,1296.4,20180800,1296.4,20180800,1289.05,20180600
2018-05-23 19:40:57,1296.4,20180800,1296.4,20180800,1292.35,20180600
2018-05-23 23:00:00,1298.6,20180800,1298.6,20180800,1293.3,20180600
2018-05-24 12:16:41,1298.6,20180800,1298.6,20180800,1295.65,20180600
2018-05-24 13:17:13,1298.6,20180800,1298.6,20180800,1296.05,20180600
2018-05-24 14:27:26,1298.6,20180800,1298.6,20180800,1298.85,20180600
2018-05-24 15:28:15,1298.6,20180800,1298.6,20180800,1305.65,20180600
2018-05-24 18:32:32,1298.6,20180800,1298.6,20180800,1304.15,20180600
2018-05-24 19:33:05,1298.6,20180800,1298.6,20180800,1304.55,20180600
2018-05-24 23:00:00,1310.1,20180800,1310.1,20180800,1304.6,20180600
2018-05-25 14:49:23,1310.1,20180800,1310.1,20180800,1303.25,20180600
2018-05-25 15:50:59,1310.1,20180800,1310.1,20180800,1302.35,20180600
2018-05-25 16:51:28,1310.1,20180800,1310.1,20180800,1303.55,20180600
2018-05-25 17:51:56,1310.1,20180800,1310.1,20180800,1304.15,20180600
2018-05-25 23:00:00,1305.8,20180800,1305.8,20180800,1300.5,20180600
2018-05-28 12:08:35,1302.65,20180800,1302.65,20180800,1300.5,20180600
2018-05-28 13:09:23,1303.15,20180800,1303.15,20180800,1300.5,20180600
2018-05-28 14:23:49,1302.55,20180800,1302.55,20180800,1300.5,20180600
2018-05-28 17:12:34,1302.95,20180800,1302.95,20180800,1300.5,20180600
2018-05-28 18:14:34,1302.3,20180800,1302.3,20180800,1300.5,20180600
2018-05-28 19:16:37,1302.3,20180800,1302.3,20180800,1300.5,20180600
2018-05-29 23:00:00,1303.4,20180800,1303.4,20180800,1298.3,20180600
2018-05-30 12:08:07,1302.35,20180800,1302.35,20180800,1298.3,20180600
2018-05-30 13:09:32,1303.55,20180800,1303.55,20180800,1298.3,20180600
2018-05-30 14:20:46,1305.15,20180800,1305.15,20180800,1298.3,20180600
2018-05-30 17:51:27,1305.85,20180800,1305.85,20180800,1298.3,20180600
2018-05-30 18:52:05,1306.05,20180800,1306.05,20180800,1298.3,20180600
2018-05-30 23:00:00,1306.2,20180800,1306.2,20180800,1301.1,20180600
2018-05-31 12:17:29,1306.2,20181000,1306.2,20181000,1309.45,20180800
2018-05-31 13:18:01,1306.2,20181000,1306.2,20181000,1308.95,20180800
2018-05-31 14:28:35,1306.2,20181000,1306.2,20181000,1305.55,20180800
2018-05-31 15:29:16,1306.2,20181000,1306.2,20181000,1309.45,20180800
2018-05-31 18:35:36,1306.2,20181000,1306.2,20181000,1304.85,20180800
2018-05-31 19:36:21,1306.2,20181000,1306.2,20181000,1304.85,20180800
2018-05-31 23:00:00,1308.0,20181000,1308.0,20181000,1302.8,20180800
2018-06-01 12:13:44,1308.0,20181000,1308.0,20181000,1302.05,20180800
2018-06-01 13:14:29,1308.0,20181000,1308.0,20181000,1298.85,20180800
2018-06-01 14:28:47,1308.0,20181000,1308.0,20181000,1297.85,20180800
2018-06-01 15:29:43,1308.0,20181000,1308.0,20181000,1298.65,20180800
2018-06-01 18:49:36,1308.0,20181000,1308.0,20181000,1298.85,20180800
2018-06-01 23:00:00,1303.8,20181000,1303.8,20181000,1298.1,20180800
2018-06-04 12:05:23,1303.8,20181000,1303.8,20181000,1299.25,20180800
2018-06-04 13:05:55,1303.8,20181000,1303.8,20181000,1300.85,20180800
2018-06-04 14:50:20,1303.8,20181000,1303.8,20181000,1299.35,20180800
2018-06-04 23:00:00,1305.3,20181000,1305.3,20181000,1299.1,20180800
2018-06-05 12:05:33,1305.3,20181000,1305.3,20181000,1294.95,20180800
2018-06-05 13:06:19,1305.3,20181000,1305.3,20181000,1295.55,20180800
2018-06-05 16:08:39,1305.3,20181000,1305.3,20181000,1298.95,20180800
2018-06-05 17:09:22,1305.3,20181000,1305.3,20181000,1299.85,20180800
2018-06-05 18:10:05,1305.3,20181000,1305.3,20181000,1303.25,20180800
2018-06-05 19:10:51,1305.3,20181000,1305.3,20181000,1302.85,20180800
2018-06-05 23:00:00,1307.0,20181000,1307.0,20181000,1300.9,20180800
2018-06-06 12:07:01,1307.0,20181000,1307.0,20181000,1298.75,20180800
2018-06-06 13:07:39,1307.0,20181000,1307.0,20181000,1299.95,20180800
2018-06-06 14:11:28,1307.0,20181000,1307.0,20181000,1302.65,20180800
2018-06-06 23:00:00,1307.4,20181000,1307.4,20181000,1302.65,20180800
2018-06-07 23:00:00,1308.9,20181000,1308.9,20181000,1302.65,20180800
2018-06-08 12:06:51,1308.9,20181000,1308.9,20181000,1303.85,20180800
2018-06-08 13:07:33,1308.9,20181000,1308.9,20181000,1301.75,20180800
2018-06-08 14:17:47,1308.9,20181000,1308.9,20181000,1302.05,20180800
2018-06-08 17:18:19,1308.9,20181000,1308.9,20181000,1302.85,20180800
2018-06-08 18:18:47,1308.9,20181000,1308.9,20181000,1302.35,20180800
2018-06-08 19:19:17,1308.9,20181000,1308.9,20181000,1303.05,20180800
2018-06-08 23:00:00,1309.0,20181000,1309.0,20181000,1303.0,20180800
2018-06-11 12:09:16,1309.0,20181000,1309.0,20181000,1298.95,20180800
2018-06-11 13:09:51,1309.0,20181000,1309.0,20181000,1301.15,20180800
2018-06-11 15:55:47,1309.0,20181000,1309.0,20181000,1304.35,20180800
2018-06-11 16:56:50,1309.0,20181000,1309.0,20181000,1305.35,20180800
2018-06-11 17:57:46,1309.0,20181000,1309.0,20181000,1304.75,20180800
2018-06-11 23:00:00,1309.5,20181000,1309.5,20181000,1304.4,20180800
2018-06-12 13:48:05,1309.5,20181000,1309.5,20181000,1298.95,20180800
2018-06-12 14:48:29,1309.5,20181000,1309.5,20181000,1301.75,20180800
2018-06-12 15:49:19,1309.5,20181000,1309.5,20181000,1302.55,20180800
2018-06-12 16:49:36,1309.5,20181000,1309.5,20181000,1302.55,20180800
2018-06-12 19:07:20,1309.5,20181000,1309.5,20181000,1299.75,20180800
2018-06-12 23:00:00,1305.8,20181000,1305.8,20181000,1299.3,20180800
2018-06-13 12:07:09,1305.8,20181000,1305.8,20181000,1298.35,20180800
2018-06-13 13:07:43,1305.8,20181000,1305.8,20181000,1297.55,20180800
2018-06-13 23:00:00,1308.7,20181000,1308.7,20181000,1302.9,20180800
2018-06-14 12:16:13,1308.7,20181000,1308.7,20181000,1308.35,20180800
2018-06-14 13:16:50,1308.7,20181000,1308.7,20181000,1307.55,20180800
2018-06-14 14:20:18,1308.7,20181000,1308.7,20181000,1307.65,20180800
2018-06-14 15:20:54,1308.7,20181000,1308.7,20181000,1305.35,20180800
2018-06-14 18:12:37,1308.7,20181000,1308.7,20181000,1307.05,20180800
2018-06-14 19:13:40,1308.7,20181000,1308.7,20181000,1305.65,20180800
2018-06-14 23:00:00,1311.9,20181000,1311.9,20181000,1306.3,20180800
2018-06-15 12:19:57,1311.9,20181000,1311.9,20181000,1302.55,20180800
2018-06-15 13:20:38,1311.9,20181000,1311.9,20181000,1301.65,20180800
2018-06-15 14:21:45,1311.9,20181000,1311.9,20181000,1291.55,20180800
2018-06-15 15:24:13,1311.9,20181000,1311.9,20181000,1286.95,20180800
2018-06-15 18:19:38,1311.9,20181000,1311.9,20181000,1280.15,20180800
2018-06-15 19:20:26,1311.9,20181000,1311.9,20181000,1281.55,20180800
2018-06-15 23:00:00,1288.7,20181000,1288.7,20181000,1282.7,20180800
2018-06-18 12:07:12,1288.7,20181000,1288.7,20181000,1283.25,20180800
2018-06-18 13:08:07,1288.7,20181000,1288.7,20181000,1281.85,20180800
2018-06-18 14:12:09,1288.7,20181000,1288.7,20181000,1282.65,20180800
2018-06-18 16:54:29,1288.7,20181000,1288.7,20181000,1281.05,20180800
2018-06-18 17:55:02,1288.7,20181000,1288.7,20181000,1280.55,20180800
2018-06-18 18:55:48,1288.7,20181000,1288.7,20181000,1281.55,20180800
2018-06-18 23:00:00,1286.9,20181000,1286.9,20181000,1281.0,20180800
2018-06-19 12:10:22,1286.9,20181000,1286.9,20181000,1281.05,20180800
2018-06-19 13:10:57,1286.9,20181000,1286.9,20181000,1273.25,20180800
2018-06-19 14:14:32,1286.9,20181000,1286.9,20181000,1276.75,20180800
2018-06-19 17:02:29,1286.9,20181000,1286.9,20181000,1277.95,20180800
2018-06-19 18:03:12,1286.9,20181000,1286.9,20181000,1277.85,20180800
2018-06-19 19:03:54,1286.9,20181000,1286.9,20181000,1278.05,20180800
2018-06-19 23:00:00,1283.6,20181000,1283.6,20181000,1277.9,20180800
2018-06-20 12:05:10,1283.6,20181000,1283.6,20181000,1275.05,20180800
2018-06-20 13:05:45,1283.6,20181000,1283.6,20181000,1276.15,20180800
2018-06-20 14:06:16,1283.6,20181000,1283.6,20181000,1277.55,20180800
2018-06-20 15:08:13,1283.6,20181000,1283.6,20181000,1276.15,20180800
2018-06-20 18:29:47,1283.6,20181000,1283.6,20181000,1274.85,20180800
2018-06-20 19:30:26,1283.6,20181000,1283.6,20181000,1272.65,20180800
2018-06-20 23:00:00,1277.2,20181000,1277.2,20181000,1270.4,20180800
2018-06-21 12:53:58,1277.2,20181000,1277.2,20181000,1265.35,20180800
2018-06-21 13:54:50,1277.2,20181000,1277.2,20181000,1267.25,20180800
2018-06-21 14:58:30,1277.2,20181000,1277.2,20181000,1267.15,20180800
2018-06-21 16:00:28,1277.2,20181000,1277.2,20181000,1269.15,20180800
2018-06-21 23:00:00,1274.9,20181000,1274.9,20181000,1269.8,20180800
2018-06-22 12:51:41,1274.9,20181000,1274.9,20181000,1270.95,20180800
2018-06-22 13:52:32,1274.9,20181000,1274.9,20181000,1270.25,20180800
2018-06-22 14:55:02,1274.9,20181000,1274.9,20181000,1271.15,20180800
2018-06-22 15:56:43,1274.9,20181000,1274.9,20181000,1271.95,20180800
2018-06-22 19:23:49,1274.9,20181000,1274.9,20181000,1270.55,20180800
2018-06-22 23:00:00,1277.9,20181000,1277.9,20181000,1271.7,20180800
2018-06-25 12:07:29,1277.9,20181000,1277.9,20181000,1268.85,20180800
2018-06-25 18:03:00,1277.9,20181000,1277.9,20181000,1267.85,20180800
2018-06-25 19:03:33,1277.9,20181000,1277.9,20181000,1268.75,20180800
2018-06-25 23:00:00,1273.5,20181000,1273.5,20181000,1267.8,20180800
2018-06-26 12:23:26,1273.5,20181000,1273.5,20181000,1258.35,20180800
2018-06-26 13:24:45,1273.5,20181000,1273.5,20181000,1258.05,20180800
2018-06-26 14:38:04,1273.5,20181000,1273.5,20181000,1260.65,20180800
2018-06-26 17:43:04,1273.5,20181000,1273.5,20181000,1261.65,20180800
2018-06-26 18:44:00,1273.5,20181000,1273.5,20181000,1259.35,20180800
2018-06-26 19:44:38,1273.5,20181000,1273.5,20181000,1260.45,20180800
2018-06-26 23:00:00,1266.3,20181000,1266.3,20181000,1260.2,20180800
2018-06-27 12:07:13,1266.3,20181000,1266.3,20181000,1259.65,20180800
2018-06-27 13:08:41,1266.3,20181000,1266.3,20181000,1259.35,20180800
2018-06-27 14:22:01,1266.3,20181000,1266.3,20181000,1257.15,20180800
2018-06-27 15:23:34,1266.3,20181000,1266.3,20181000,1257.75,20180800
2018-06-27 18:28:17,1266.3,20181000,1266.3,20181000,1256.15,20180800
2018-06-27 19:28:51,1266.3,20181000,1266.3,20181000,1256.55,20180800
2018-06-27 23:00:00,1260.0,20181000,1260.0,20181000,1254.1,20180800
2018-06-28 12:27:31,1260.0,20181000,1260.0,20181000,1253.75,20180800
2018-06-28 13:28:06,1260.0,20181000,1260.0,20181000,1252.55,20180800
2018-06-28 14:38:02,1260.0,20181000,1260.0,20181000,1253.25,20180800
2018-06-28 15:39:13,1260.0,20181000,1260.0,20181000,1253.45,20180800
2018-06-28 18:45:59,1260.0,20181000,1260.0,20181000,1249.35,20180800
2018-06-28 23:00:00,1255.2,20181000,1255.2,20181000,1249.6,20180800
2018-06-29 12:26:39,1255.2,20181000,1255.2,20181000,1251.95,20180800
2018-06-29 13:27:34,1255.2,20181000,1255.2,20181000,1252.35,20180800
2018-06-29 14:40:45,1255.2,20181000,1255.2,20181000,1250.55,20180800
2018-06-29 15:42:54,1255.2,20181000,1255.2,20181000,1252.55,20180800
2018-06-29 19:04:54,1255.2,20181000,1255.2,20181000,1254.85,20180800
2018-06-29 23:00:00,1259.9,20181000,1259.9,20181000,1254.5,20180800
2018-07-02 12:18:14,1259.9,20181000,1259.9,20181000,1249.95,20180800
2018-07-02 13:18:58,1259.9,20181000,1259.9,20181000,1251.25,20180800
2018-07-02 16:38:10,1259.9,20181000,1259.9,20181000,1245.75,20180800
2018-07-02 17:38:53,1259.9,20181000,1259.9,20181000,1244.55,20180800
2018-07-02 18:39:32,1259.9,20181000,1259.9,20181000,1242.05,20180800
2018-07-02 19:40:26,1259.9,20181000,1259.9,20181000,1243.25,20180800
2018-07-02 23:00:00,1248.4,20181000,1248.4,20181000,1242.8,20180800
2018-07-03 12:07:11,1248.4,20181000,1248.4,20181000,1247.75,20180800
2018-07-03 13:07:46,1248.4,20181000,1248.4,20181000,1249.15,20180800
2018-07-03 14:12:51,1248.4,20181000,1248.4,20181000,1251.55,20180800
2018-07-03 17:21:06,1248.4,20181000,1248.4,20181000,1256.65,20180800
2018-07-03 18:21:40,1248.4,20181000,1248.4,20181000,1254.75,20180800
2018-07-03 19:22:32,1248.4,20181000,1248.4,20181000,1254.45,20180800
2018-07-03 23:00:00,1259.9,20181000,1259.9,20181000,1254.2,20180800
2018-07-04 12:14:53,1259.9,20181000,1259.9,20181000,1257.85,20180800
2018-07-04 13:15:36,1259.9,20181000,1259.9,20181000,1256.85,20180800
2018-07-04 14:28:32,1259.9,20181000,1259.9,20181000,1256.55,20180800
2018-07-04 15:29:58,1259.9,20181000,1259.9,20181000,1257.25,20180800
2018-07-04 18:26:11,1259.9,20181000,1259.9,20181000,1257.6,20180800
2018-07-04 19:27:51,1259.9,20181000,1259.9,20181000,1257.4,20180800
2018-07-05 12:37:05,1259.9,20181000,1259.9,20181000,1254.15,20180800
2018-07-05 13:37:58,1259.9,20181000,1259.9,20181000,1256.35,20180800
2018-07-05 14:38:39,1259.9,20181000,1259.9,20181000,1256.45,20180800
2018-07-05 15:39:10,1259.9,20181000,1259.9,20181000,1257.95,20180800
2018-07-05 19:30:12,1259.9,20181000,1259.9,20181000,1256.75,20180800
2018-07-05 23:00:00,1262.9,20181000,1262.9,20181000,1257.9,20180800
2018-07-06 12:44:07,1262.9,20181000,1262.9,20181000,1255.95,20180800
2018-07-06 13:44:52,1262.9,20181000,1262.9,20181000,1257.85,20180800
2018-07-06 14:51:01,1262.9,20181000,1262.9,20181000,1256.75,20180800
2018-07-06 15:53:36,1262.9,20181000,1262.9,20181000,1256.85,20180800
2018-07-06 19:36:02,1262.9,20181000,1262.9,20181000,1255.45,20180800
2018-07-06 23:00:00,1261.7,20181000,1261.7,20181000,1256.0,20180800
2018-07-09 12:05:41,1261.7,20181000,1261.7,20181000,1266.25,20180800
2018-07-09 13:06:16,1261.7,20181000,1261.7,20181000,1265.95,20180800
2018-07-09 14:07:00,1261.7,20181000,1261.7,20181000,1264.05,20180800
2018-07-09 16:56:25,1261.7,20181000,1261.7,20181000,1261.95,20180800
2018-07-09 17:57:01,1261.7,20181000,1261.7,20181000,1260.35,20180800
2018-07-09 18:57:28,1261.7,20181000,1261.7,20181000,1259.95,20180800
2018-07-09 23:00:00,1263.9,20181000,1263.9,20181000,1258.4,20180800
2018-07-10 12:15:11,1263.9,20181000,1263.9,20181000,1248.75,20180800
2018-07-10 13:15:52,1263.9,20181000,1263.9,20181000,1250.35,20180800
2018-07-10 14:30:00,1263.9,20181000,1263.9,20181000,1254.55,20180800
2018-07-10 17:36:51,1263.9,20181000,1263.9,20181000,1256.35,20180800
2018-07-10 18:37:21,1263.9,20181000,1263.9,20181000,1255.65,20180800
2018-07-10 19:37:58,1263.9,20181000,1263.9,20181000,1256.25,20180800
2018-07-10 23:00:00,1261.7,20181000,1261.7,20181000,1256.1,20180800
2018-07-11 12:07:26,1261.7,20181000,1261.7,20181000,1250.55,20180800
2018-07-11 13:08:06,1261.7,20181000,1261.7,20181000,1249.55,20180800
2018-07-11 14:11:52,1261.7,20181000,1261.7,20181000,1251.75,20180800
2018-07-11 15:12:51,1261.7,20181000,1261.7,20181000,1251.45,20180800
2018-07-11 18:36:46,1261.7,20181000,1261.7,20181000,1244.45,20180800
2018-07-11 19:37:33,1261.7,20181000,1261.7,20181000,1243.55,20180800
2018-07-11 23:00:00,1247.9,20181000,1247.9,20181000,1242.2,20180800
2018-07-12 12:39:27,1247.9,20181000,1247.9,20181000,1243.05,20180800
2018-07-12 13:40:06,1247.9,20181000,1247.9,20181000,1244.65,20180800
2018-07-12 14:43:57,1247.9,20181000,1247.9,20181000,1245.95,20180800
2018-07-12 15:49:27,1247.9,20181000,1247.9,20181000,1247.45,20180800
2018-07-12 19:13:47,1247.9,20181000,1247.9,20181000,1247.95,20180800
2018-07-12 23:00:00,1252.6,20181000,1252.6,20181000,1247.1,20180800
2018-07-13 12:04:29,1252.6,20181000,1252.6,20181000,1240.75,20180800
2018-07-13 13:04:49,1252.6,20181000,1252.6,20181000,1238.95,20180800
2018-07-13 16:13:44,1252.6,20181000,1252.6,20181000,1243.35,20180800
2018-07-13 17:14:18,1252.6,20181000,1252.6,20181000,1242.55,20180800
2018-07-13 18:14:42,1252.6,20181000,1252.6,20181000,1242.35,20180800
2018-07-13 19:15:02,1252.6,20181000,1252.6,20181000,1241.95,20180800
2018-07-13 23:00:00,1246.8,20181000,1246.8,20181000,1241.5,20180800
2018-07-16 12:18:38,1246.8,20181000,1246.8,20181000,1245.05,20180800
2018-07-16 23:00:00,1246.1,20181000,1246.1,20181000,1241.0,20180800
2018-07-17 13:06:23,1246.1,20181000,1246.1,20181000,1239.55,20180800
2018-07-17 14:23:20,1246.1,20181000,1246.1,20181000,1231.45,20180800
2018-07-17 15:33:15,1246.1,20181000,1246.1,20181000,1228.45,20180800
2018-07-17 16:43:12,1246.1,20181000,1246.1,20181000,1228.95,20180800
2018-07-17 18:40:56,1246.1,20181000,1246.1,20181000,1227.45,20180800
2018-07-17 19:41:26,1246.1,20181000,1246.1,20181000,1228.45,20180800
2018-07-17 23:00:00,1232.9,20181000,1232.9,20181000,1227.7,20180800
2018-07-18 12:10:50,1232.9,20181000,1232.9,20181000,1222.65,20180800
2018-07-18 14:30:35,1232.9,20181000,1232.9,20181000,1224.65,20180800
2018-07-18 15:42:12,1232.9,20181000,1232.9,20181000,1224.25,20180800
2018-07-18 16:52:46,1232.9,20181000,1232.9,20181000,1225.85,20180800
2018-07-18 19:20:21,1232.9,20181000,1232.9,20181000,1227.55,20180800
2018-07-18 23:00:00,1232.4,20181000,1232.4,20181000,1227.4,20180800
2018-07-19 12:04:18,1232.4,20181000,1232.4,20181000,1216.05,20180800
2018-07-19 14:47:44,1232.4,20181000,1232.4,20181000,1215.85,20180800
2018-07-19 16:01:25,1232.4,20181000,1232.4,20181000,1217.25,20180800
2018-07-19 17:10:14,1232.4,20181000,1232.4,20181000,1216.15,20180800
2018-07-19 18:11:04,1232.4,20181000,1232.4,20181000,1220.95,20180800
2018-07-19 23:00:00,1227.2,20181000,1227.2,20181000,1222.6,20180800
2018-07-20 12:04:32,1227.2,20181000,1227.2,20181000,1224.35,20180800
2018-07-20 14:42:52,1227.2,20181000,1227.2,20181000,1229.55,20180800
2018-07-20 15:55:27,1227.2,20181000,1227.2,20181000,1228.75,20180800
2018-07-20 17:06:12,1227.2,20181000,1227.2,20181000,1228.85,20180800
2018-07-20 18:06:55,1227.2,20181000,1227.2,20181000,1229.15,20180800
2018-07-20 23:00:00,1235.7,20181000,1235.7,20181000,1231.2,20180800
2018-07-23 13:24:18,1235.7,20181000,1235.7,20181000,1230.65,20180800
2018-07-23 14:36:45,1235.7,20181000,1235.7,20181000,1227.75,20180800
2018-07-23 15:48:33,1235.7,20181000,1235.7,20181000,1225.15,20180800
2018-07-23 16:59:00,1235.7,20181000,1235.7,20181000,1225.25,20180800
2018-07-23 18:58:29,1235.7,20181000,1235.7,20181000,1225.0,20180800
2018-07-23 23:00:00,1228.5,20181000,1228.5,20181000,1224.5,20180800
2018-07-24 13:26:58,1228.5,20181000,1228.5,20181000,1227.25,20180800
2018-07-24 14:28:46,1228.5,20181000,1228.5,20181000,1226.65,20180800
2018-07-24 15:41:57,1228.5,20181000,1228.5,20181000,1229.05,20180800
2018-07-24 16:53:59,1228.5,20181000,1228.5,20181000,1224.65,20180800
2018-07-24 19:15:45,1228.5,20181000,1228.5,20181000,1225.0,20180800
2018-07-24 23:00:00,1229.4,20181000,1229.4,20181000,1224.6,20180800
2018-07-25 12:08:07,1229.4,20181000,1229.4,20181000,1230.85,20180800
2018-07-25 14:26:23,1229.4,20181000,1229.4,20181000,1233.65,20180800
2018-07-25 15:40:09,1229.4,20181000,1229.4,20181000,1230.15,20180800
2018-07-25 16:51:17,1229.4,20181000,1229.4,20181000,1229.25,20180800
2018-07-25 17:52:11,1229.4,20181000,1229.4,20181000,1229.35,20180800
2018-07-25 23:00:00,1236.7,20181000,1236.7,20181000,1231.9,20180800
2018-07-26 12:10:34,1236.7,20181000,1236.7,20181000,1228.25,20180800
2018-07-26 15:31:37,1236.7,20181000,1236.7,20181000,1225.65,20180800
2018-07-26 16:43:47,1236.7,20181000,1236.7,20181000,1227.25,20180800
2018-07-26 17:44:32,1236.7,20181000,1236.7,20181000,1226.25,20180800
2018-07-26 23:00:00,1227.2,20181000,1227.2,20181000,1222.1,20180800
2018-07-27 23:00:00,1227.0,20181000,1227.0,20181000,1222.2,20180800
2018-07-30 23:00:00,1225.2,20181000,1225.2,20181000,1221.3,20180800
2018-07-31 23:00:00,1233.0,20181200,1233.0,20181200,1227.4,20181000
2018-08-01 23:00:00,1224.5,20181200,1224.5,20181200,1219.6,20181000
2018-08-02 23:00:00,1215.9,20181200,1215.9,20181200,1211.1,20181000
2018-08-03 23:00:00,1221.9,20181200,1221.9,20181200,1216.7,20181000
2018-08-06 23:00:00,1221.9,20181200,1221.9,20181200,1212.6,20181000
2018-08-07 23:00:00,1221.9,20181200,1221.9,20181200,1213.3,20181000
2018-08-08 23:00:00,1221.0,20181200,1221.0,20181200,1216.2,20181000
2018-08-09 23:00:00,1219.9,20181200,1219.9,20181200,1215.1,20181000
2018-08-10 23:00:00,1219.0,20181200,1219.0,20181200,1214.2,20181000
2018-08-13 23:00:00,1198.9,20181200,1198.9,20181200,1194.2,20181000
2018-08-14 23:00:00,1200.7,20181200,1200.7,20181200,1196.1,20181000
2018-08-15 23:00:00,1185.0,20181200,1185.0,20181200,1180.5,20181000
2018-08-16 23:00:00,1184.0,20181200,1184.0,20181200,1179.6,20181000
2018-08-17 23:00:00,1184.2,20181200,1184.2,20181200,1179.8,20181000
2018-08-20 23:00:00,1194.6,20181200,1194.6,20181200,1190.2,20181000
2018-08-21 23:00:00,1200.0,20181200,1200.0,20181200,1195.5,20181000
2018-08-22 23:00:00,1203.3,20181200,1203.3,20181200,1198.7,20181000
2018-08-23 23:00:00,1191.8,20181200,1191.8,20181200,1187.2,20181000
2018-08-24 23:00:00,1212.3,20181200,1212.3,20181200,1207.5,20181000
2018-08-27 23:00:00,1216.0,20181200,1216.0,20181200,1211.2,20181000
2018-08-28 23:00:00,1206.9,20181200,1206.9,20181200,1201.8,20181000
2018-08-29 23:00:00,1213.0,20181200,1213.0,20181200,1208.1,20181000
2018-08-30 23:00:00,1205.7,20181200,1205.7,20181200,1200.8,20181000
2018-08-31 23:00:00,1206.7,20181200,1206.7,20181200,1201.3,20181000
2018-09-04 23:00:00,1206.7,20181200,1206.7,20181200,1194.0,20181000
2018-09-05 23:00:00,1202.3,20181200,1202.3,20181200,1197.2,20181000
2018-09-06 23:00:00,1205.5,20181200,1205.5,20181200,1200.2,20181000
2018-09-07 23:00:00,1201.2,20181200,1201.2,20181200,1196.1,20181000
2018-09-10 23:00:00,1201.2,20181200,1201.2,20181200,1194.5,20181000
2018-09-11 23:00:00,1201.2,20181200,1201.2,20181200,1196.8,20181000
2018-09-12 23:00:00,1201.2,20181200,1201.2,20181200,1205.5,20181000
2018-09-13 23:00:00,1208.2,20181200,1208.2,20181200,1202.8,20181000
2018-09-14 23:00:00,1198.3,20181200,1198.3,20181200,1196.2,20181000
2018-09-17 23:00:00,1198.3,20181200,1198.3,20181200,1201.2,20181000
2018-09-18 23:00:00,1198.3,20181200,1198.3,20181200,1198.5,20181000
2018-09-19 23:00:00,1208.3,20181200,1208.3,20181200,1203.9,20181000
2018-09-20 23:00:00,1208.3,20181200,1208.3,20181200,1206.6,20181000
2018-09-21 23:00:00,1208.3,20181200,1208.3,20181200,1196.6,20181000
2018-09-24 23:00:00,1208.3,20181200,1208.3,20181200,1199.6,20181000
2018-09-25 23:00:00,1205.5,20181200,1205.5,20181200,1200.2,20181000
2018-09-26 23:00:00,1198.5,20181200,1198.5,20181200,1193.4,20181000
2018-09-27 23:00:00,1192.9,20190200,1192.9,20190200,1193.4,20181200
2018-09-28 23:00:00,1201.9,20190200,1201.9,20190200,1196.2,20181200
2018-10-01 06:15:00,1201.9,20190200,1201.9,20190200,1192.9,20181200
2018-10-01 06:30:00,1198.3,20190200,1198.3,20190200,1192.4,20181200
2018-10-01 06:45:00,1197.9,20190200,1197.9,20190200,1192.3,20181200
2018-10-01 07:00:00,1198.0,20190200,1198.0,20190200,1192.8,20181200
2018-10-01 07:15:00,1198.0,20190200,1198.0,20190200,1191.7,20181200
2018-10-01 07:30:00,1196.4,20190200,1196.4,20190200,1190.6,20181200
2018-10-01 07:45:00,1196.4,20190200,1196.4,20190200,1191.2,20181200
2018-10-01 08:00:00,1196.4,20190200,1196.4,20190200,1189.7,20181200
2018-10-01 08:15:00,1195.0,20190200,1195.0,20190200,1190.6,20181200
2018-10-01 08:30:00,1195.0,20190200,1195.0,20190200,1190.8,20181200
2018-10-01 08:45:00,1195.0,20190200,1195.0,20190200,1190.4,20181200
2018-10-01 09:00:00,1197.0,20190200,1197.0,20190200,1191.1,20181200
2018-10-01 09:15:00,1196.0,20190200,1196.0,20190200,1190.0,20181200
2018-10-01 09:30:00,1195.2,20190200,1195.2,20190200,1189.3,20181200
2018-10-01 09:45:00,1195.4,20190200,1195.4,20190200,1189.5,20181200
2018-10-01 10:00:00,1193.8,20190200,1193.8,20190200,1188.9,20181200
2018-10-01 10:15:00,1194.9,20190200,1194.9,20190200,1189.0,20181200
2018-10-01 10:30:00,1194.9,20190200,1194.9,20190200,1189.5,20181200
2018-10-01 10:45:00,1194.9,20190200,1194.9,20190200,1189.8,20181200
2018-10-01 11:00:00,1195.1,20190200,1195.1,20190200,1189.3,20181200
2018-10-01 11:15:00,1195.0,20190200,1195.0,20190200,1189.5,20181200
2018-10-01 11:30:00,1196.3,20190200,1196.3,20190200,1190.4,20181200
2018-10-01 11:45:00,1196.0,20190200,1196.0,20190200,1189.8,20181200
2018-10-01 12:00:00,1195.0,20190200,1195.0,20190200,1190.1,20181200
2018-10-01 12:15:00,1194.7,20190200,1194.7,20190200,1189.0,20181200
2018-10-01 12:30:00,1194.4,20190200,1194.4,20190200,1188.9,20181200
2018-10-01 12:45:00,1194.1,20190200,1194.1,20190200,1190.6,20181200
2018-10-01 13:00:00,1197.1,20190200,1197.1,20190200,1191.5,20181200
2018-10-01 13:15:00,1198.7,20190200,1198.7,20190200,1192.8,20181200
2018-10-01 13:30:00,1200.2,20190200,1200.2,20190200,1195.0,20181200
2018-10-01 13:45:00,1200.1,20190200,1200.1,20190200,1194.7,20181200
2018-10-01 14:00:00,1197.1,20190200,1197.1,20190200,1191.3,20181200
2018-10-01 14:15:00,1197.5,20190200,1197.5,20190200,1191.6,20181200
2018-10-01 14:30:00,1198.2,20190200,1198.2,20190200,1192.3,20181200
2018-10-01 14:45:00,1196.9,20190200,1196.9,20190200,1191.4,20181200
2018-10-01 15:00:00,1195.9,20190200,1195.9,20190200,1189.8,20181200
2018-10-01 15:15:00,1195.8,20190200,1195.8,20190200,1190.1,20181200
2018-10-01 15:30:00,1195.4,20190200,1195.4,20190200,1189.9,20181200
2018-10-01 15:45:00,1197.2,20190200,1197.2,20190200,1191.5,20181200
2018-10-01 16:00:00,1197.7,20190200,1197.7,20190200,1192.0,20181200
2018-10-01 16:15:00,1197.5,20190200,1197.5,20190200,1192.0,20181200
2018-10-01 16:30:00,1197.1,20190200,1197.1,20190200,1191.9,20181200
2018-10-01 16:45:00,1197.8,20190200,1197.8,20190200,1191.7,20181200
2018-10-01 17:00:00,1198.5,20190200,1198.5,20190200,1193.0,20181200
2018-10-01 17:15:00,1198.6,20190200,1198.6,20190200,1193.1,20181200
2018-10-01 17:30:00,1199.0,20190200,1199.0,20190200,1193.3,20181200
2018-10-01 17:45:00,1198.3,20190200,1198.3,20190200,1192.5,20181200
2018-10-01 18:00:00,1198.7,20190200,1198.7,20190200,1193.0,20181200
2018-10-01 18:15:00,1197.0,20190200,1197.0,20190200,1191.5,20181200
2018-10-01 18:30:00,1197.6,20190200,1197.6,20190200,1192.0,20181200
2018-10-01 18:45:00,1197.6,20190200,1197.6,20190200,1192.4,20181200
2018-10-01 19:00:00,1198.2,20190200,1198.2,20190200,1192.3,20181200
2018-10-01 19:15:00,1198.2,20190200,1198.2,20190200,1192.4,20181200
2018-10-01 19:30:00,1198.4,20190200,1198.4,20190200,1193.1,20181200
2018-10-01 19:45:00,1198.7,20190200,1198.7,20190200,1193.1,20181200
2018-10-01 20:00:00,1198.7,20190200,1198.7,20190200,1193.8,20181200
2018-10-01 20:15:00,1198.7,20190200,1198.7,20190200,1193.2,20181200
2018-10-01 20:30:00,1198.7,20190200,1198.7,20190200,1193.4,20181200
2018-10-01 20:45:00,1198.8,20190200,1198.8,20190200,1193.3,20181200
2018-10-01 21:00:00,1198.9,20190200,1198.9,20190200,1193.2,20181200
2018-10-01 21:15:00,1198.0,20190200,1198.0,20190200,1192.5,20181200
2018-10-01 21:30:00,1197.9,20190200,1197.9,20190200,1192.5,20181200
2018-10-01 21:45:00,1197.9,20190200,1197.9,20190200,1192.6,20181200
2018-10-01 23:00:00,1198.0,20190200,1198.0,20190200,1192.8,20181200
2018-10-01 23:15:00,1198.7,20190200,1198.7,20190200,1192.7,20181200
2018-10-01 23:30:00,1198.7,20190200,1198.7,20190200,1192.6,20181200
2018-10-01 23:45:00,1198.7,20190200,1198.7,20190200,1193.0,20181200
2018-10-02 00:00:00,1198.7,20190200,1198.7,20190200,1193.6,20181200
2018-10-02 00:15:00,1198.7,20190200,1198.7,20190200,1193.6,20181200
2018-10-02 00:30:00,1198.7,20190200,1198.7,20190200,1193.0,20181200
2018-10-02 00:45:00,1198.7,20190200,1198.7,20190200,1192.7,20181200
2018-10-02 01:00:00,1198.7,20190200,1198.7,20190200,1193.2,20181200
2018-10-02 01:15:00,1198.7,20190200,1198.7,20190200,1193.4,20181200
2018-10-02 01:30:00,1198.7,20190200,1198.7,20190200,1193.4,20181200
2018-10-02 01:45:00,1198.7,20190200,1198.7,20190200,1193.8,20181200
2018-10-02 02:00:00,1198.7,20190200,1198.7,20190200,1194.8,20181200
2018-10-02 02:15:00,1200.6,20190200,1200.6,20190200,1195.1,20181200
2018-10-02 02:30:00,1200.6,20190200,1200.6,20190200,1194.3,20181200
2018-10-02 02:45:00,1199.3,20190200,1199.3,20190200,1193.8,20181200
2018-10-02 03:00:00,1199.3,20190200,1199.3,20190200,1193.9,20181200
2018-10-02 03:15:00,1199.3,20190200,1199.3,20190200,1194.5,20181200
2018-10-02 03:30:00,1199.3,20190200,1199.3,20190200,1194.7,20181200
2018-10-02 03:45:00,1200.5,20190200,1200.5,20190200,1195.1,20181200
2018-10-02 04:00:00,1200.8,20190200,1200.8,20190200,1195.2,20181200
2018-10-02 04:15:00,1200.8,20190200,1200.8,20190200,1195.3,20181200
2018-10-02 04:30:00,1200.7,20190200,1200.7,20190200,1195.1,20181200
2018-10-02 04:45:00,1200.7,20190200,1200.7,20190200,1195.1,20181200
2018-10-02 05:15:00,1200.9,20190200,1200.9,20190200,1195.1,20181200
2018-10-02 05:30:00,1202.2,20190200,1202.2,20190200,1196.5,20181200
2018-10-02 05:45:00,1202.0,20190200,1202.0,20190200,1196.3,20181200
2018-10-02 06:15:00,1202.0,20190200,1202.0,20190200,1196.0,20181200
2018-10-02 06:30:00,1202.0,20190200,1202.0,20190200,1196.1,20181200
2018-10-02 06:45:00,1201.8,20190200,1201.8,20190200,1195.7,20181200
2018-10-02 07:00:00,1201.2,20190200,1201.2,20190200,1196.8,20181200
2018-10-02 07:15:00,1203.3,20190200,1203.3,20190200,1197.5,20181200
2018-10-02 07:30:00,1203.0,20190200,1203.0,20190200,1197.5,20181200
2018-10-02 07:45:00,1202.1,20190200,1202.1,20190200,1196.7,20181200
2018-10-02 08:00:00,1201.0,20190200,1201.0,20190200,1196.0,20181200
2018-10-02 08:15:00,1202.9,20190200,1202.9,20190200,1197.2,20181200
2018-10-02 08:30:00,1202.9,20190200,1202.9,20190200,1197.4,20181200
2018-10-02 08:45:00,1202.9,20190200,1202.9,20190200,1196.8,20181200
2018-10-02 09:00:00,1202.8,20190200,1202.8,20190200,1196.9,20181200
2018-10-02 09:15:00,1202.6,20190200,1202.6,20190200,1197.6,20181200
2018-10-02 09:30:00,1203.4,20190200,1203.4,20190200,1198.0,20181200
2018-10-02 09:45:00,1202.8,20190200,1202.8,20190200,1196.8,20181200
2018-10-02 10:00:00,1201.4,20190200,1201.4,20190200,1195.8,20181200
2018-10-02 10:15:00,1201.4,20190200,1201.4,20190200,1196.4,20181200
2018-10-02 10:30:00,1202.0,20190200,1202.0,20190200,1196.3,20181200
2018-10-02 10:45:00,1202.0,20190200,1202.0,20190200,1196.2,20181200
2018-10-02 11:00:00,1201.2,20190200,1201.2,20190200,1195.5,20181200
2018-10-02 11:15:00,1200.0,20190200,1200.0,20190200,1194.2,20181200
2018-10-02 11:30:00,1200.0,20190200,1200.0,20190200,1193.7,20181200
2018-10-02 11:45:00,1198.4,20190200,1198.4,20190200,1193.4,20181200
2018-10-02 12:00:00,1200.2,20190200,1200.2,20190200,1194.4,20181200
2018-10-02 12:15:00,1200.6,20190200,1200.6,20190200,1195.1,20181200
2018-10-02 12:30:00,1201.2,20190200,1201.2,20190200,1195.3,20181200
2018-10-02 12:45:00,1199.7,20190200,1199.7,20190200,1194.4,20181200
2018-10-02 13:00:00,1201.1,20190200,1201.1,20190200,1195.4,20181200
2018-10-02 13:15:00,1202.1,20190200,1202.1,20190200,1196.4,20181200
2018-10-02 13:30:00,1206.0,20190200,1206.0,20190200,1200.5,20181200
2018-10-02 13:45:00,1207.4,20190200,1207.4,20190200,1201.8,20181200
2018-10-02 14:00:00,1209.5,20190200,1209.5,20190200,1203.9,20181200
2018-10-02 14:15:00,1211.3,20190200,1211.3,20190200,1205.8,20181200
2018-10-02 14:30:00,1211.5,20190200,1211.5,20190200,1206.1,20181200
2018-10-02 14:45:00,1213.3,20190200,1213.3,20190200,1207.6,20181200
2018-10-02 15:00:00,1215.4,20190200,1215.4,20190200,1209.6,20181200
2018-10-02 15:15:00,1215.3,20190200,1215.3,20190200,1209.6,20181200
2018-10-02 15:30:00,1214.1,20190200,1214.1,20190200,1208.4,20181200
2018-10-02 15:45:00,1217.0,20190200,1217.0,20190200,1211.2,20181200
2018-10-02 16:00:00,1216.6,20190200,1216.6,20190200,1211.1,20181200
2018-10-02 16:15:00,1216.5,20190200,1216.5,20190200,1210.7,20181200
2018-10-02 16:30:00,1215.3,20190200,1215.3,20190200,1209.9,20181200
2018-10-02 16:45:00,1214.7,20190200,1214.7,20190200,1208.8,20181200
2018-10-02 17:00:00,1214.2,20190200,1214.2,20190200,1208.3,20181200
2018-10-02 17:15:00,1215.0,20190200,1215.0,20190200,1209.2,20181200
2018-10-02 17:30:00,1215.0,20190200,1215.0,20190200,1208.6,20181200
2018-10-02 17:45:00,1213.9,20190200,1213.9,20190200,1207.9,20181200
2018-10-02 18:00:00,1213.2,20190200,1213.2,20190200,1207.2,20181200
2018-10-02 18:15:00,1212.6,20190200,1212.6,20190200,1206.7,20181200
2018-10-02 18:30:00,1211.5,20190200,1211.5,20190200,1206.0,20181200
2018-10-02 18:45:00,1211.3,20190200,1211.3,20190200,1205.7,20181200
2018-10-02 19:00:00,1211.5,20190200,1211.5,20190200,1206.3,20181200
2018-10-02 19:15:00,1213.0,20190200,1213.0,20190200,1207.1,20181200
2018-10-02 19:30:00,1212.6,20190200,1212.6,20190200,1207.0,20181200
2018-10-02 19:45:00,1212.5,20190200,1212.5,20190200,1206.7,20181200
2018-10-02 20:00:00,1212.0,20190200,1212.0,20190200,1206.5,20181200
2018-10-02 20:15:00,1212.0,20190200,1212.0,20190200,1206.8,20181200
2018-10-02 20:30:00,1213.0,20190200,1213.0,20190200,1207.3,20181200
2018-10-02 20:45:00,1212.8,20190200,1212.8,20190200,1207.3,20181200
2018-10-02 21:00:00,1212.8,20190200,1212.8,20190200,1207.1,20181200
2018-10-02 21:15:00,1213.1,20190200,1213.1,20190200,1207.2,20181200
2018-10-02 21:30:00,1212.8,20190200,1212.8,20190200,1207.2,20181200
2018-10-02 21:45:00,1212.5,20190200,1212.5,20190200,1207.3,20181200
2018-10-02 23:00:00,1201.2,20190200,1201.2,20190200,1195.7,20181200
2018-10-02 23:15:00,1213.7,20190200,1213.7,20190200,1208.2,20181200
2018-10-02 23:30:00,1213.9,20190200,1213.9,20190200,1208.4,20181200
2018-10-02 23:45:00,1214.1,20190200,1214.1,20190200,1208.6,20181200
2018-10-03 00:00:00,1213.8,20190200,1213.8,20190200,1208.5,20181200
2018-10-03 00:15:00,1214.2,20190200,1214.2,20190200,1208.4,20181200
2018-10-03 00:30:00,1214.2,20190200,1214.2,20190200,1208.6,20181200
2018-10-03 00:45:00,1215.0,20190200,1215.0,20190200,1209.5,20181200
2018-10-03 01:00:00,1216.6,20190200,1216.6,20190200,1211.1,20181200
2018-10-03 01:15:00,1216.9,20190200,1216.9,20190200,1210.7,20181200
2018-10-03 01:30:00,1217.0,20190200,1217.0,20190200,1210.7,20181200
2018-10-03 01:45:00,1217.0,20190200,1217.0,20190200,1210.0,20181200
2018-10-03 02:00:00,1217.0,20190200,1217.0,20190200,1210.6,20181200
2018-10-03 02:15:00,1217.0,20190200,1217.0,20190200,1209.7,20181200
2018-10-03 02:30:00,1215.1,20190200,1215.1,20190200,1209.8,20181200
2018-10-03 02:45:00,1215.1,20190200,1215.1,20190200,1210.6,20181200
2018-10-03 03:00:00,1215.1,20190200,1215.1,20190200,1211.8,20181200
2018-10-03 03:15:00,1217.2,20190200,1217.2,20190200,1211.8,20181200
2018-10-03 03:30:00,1217.2,20190200,1217.2,20190200,1211.2,20181200
2018-10-03 03:45:00,1217.2,20190200,1217.2,20190200,1211.1,20181200
2018-10-03 04:00:00,1217.1,20190200,1217.1,20190200,1211.1,20181200
2018-10-03 04:15:00,1217.1,20190200,1217.1,20190200,1211.5,20181200
2018-10-03 04:30:00,1217.1,20190200,1217.1,20190200,1211.6,20181200
2018-10-03 04:45:00,1217.1,20190200,1217.1,20190200,1210.8,20181200
2018-10-03 05:15:00,1216.1,20190200,1216.1,20190200,1210.5,20181200
2018-10-03 05:30:00,1215.9,20190200,1215.9,20190200,1210.0,20181200
2018-10-03 05:45:00,1215.9,20190200,1215.9,20190200,1209.9,20181200
2018-10-03 06:15:00,1215.9,20190200,1215.9,20190200,1209.9,20181200
2018-10-03 06:30:00,1215.9,20190200,1215.9,20190200,1209.9,20181200
2018-10-03 06:45:00,1215.9,20190200,1215.9,20190200,1210.0,20181200
2018-10-03 07:00:00,1215.9,20190200,1215.9,20190200,1208.6,20181200
2018-10-03 07:15:00,1213.2,20190200,1213.2,20190200,1207.7,20181200
2018-10-03 07:30:00,1213.0,20190200,1213.0,20190200,1207.2,20181200
2018-10-03 07:45:00,1213.2,20190200,1213.2,20190200,1207.4,20181200
2018-10-03 08:00:00,1213.2,20190200,1213.2,20190200,1208.4,20181200
2018-10-03 08:15:00,1213.9,20190200,1213.9,20190200,1208.5,20181200
2018-10-03 08:30:00,1213.6,20190200,1213.6,20190200,1207.6,20181200
2018-10-03 08:45:00,1213.6,20190200,1213.6,20190200,1207.7,20181200
2018-10-03 09:00:00,1212.4,20190200,1212.4,20190200,1207.0,20181200
2018-10-03 09:15:00,1212.3,20190200,1212.3,20190200,1206.9,20181200
2018-10-03 09:30:00,1212.0,20190200,1212.0,20190200,1206.4,20181200
2018-10-03 09:45:00,1212.8,20190200,1212.8,20190200,1207.6,20181200
2018-10-03 10:00:00,1212.4,20190200,1212.4,20190200,1207.1,20181200
2018-10-03 10:15:00,1212.4,20190200,1212.4,20190200,1207.2,20181200
2018-10-03 10:30:00,1212.4,20190200,1212.4,20190200,1207.7,20181200
2018-10-03 10:45:00,1213.8,20190200,1213.8,20190200,1208.8,20181200
2018-10-03 11:00:00,1214.3,20190200,1214.3,20190200,1208.9,20181200
2018-10-03 11:15:00,1214.3,20190200,1214.3,20190200,1207.8,20181200
2018-10-03 11:30:00,1212.9,20190200,1212.9,20190200,1207.4,20181200
2018-10-03 11:45:00,1212.5,20190200,1212.5,20190200,1206.8,20181200
2018-10-03 12:00:00,1211.5,20190200,1211.5,20190200,1206.3,20181200
2018-10-03 12:15:00,1212.4,20190200,1212.4,20190200,1206.8,20181200
2018-10-03 12:30:00,1212.5,20190200,1212.5,20190200,1207.4,20181200
2018-10-03 12:45:00,1212.2,20190200,1212.2,20190200,1206.4,20181200
2018-10-03 13:00:00,1210.6,20190200,1210.6,20190200,1205.1,20181200
2018-10-03 13:15:00,1211.4,20190200,1211.4,20190200,1205.6,20181200
2018-10-03 13:30:00,1211.9,20190200,1211.9,20190200,1206.5,20181200
2018-10-03 13:45:00,1212.7,20190200,1212.7,20190200,1206.3,20181200
2018-10-03 14:00:00,1213.1,20190200,1213.1,20190200,1207.3,20181200
2018-10-03 14:15:00,1213.0,20190200,1213.0,20190200,1207.3,20181200
2018-10-03 14:30:00,1213.6,20190200,1213.6,20190200,1207.9,20181200
2018-10-03 14:45:00,1213.0,20190200,1213.0,20190200,1207.2,20181200
2018-10-03 15:00:00,1211.8,20190200,1211.8,20190200,1205.9,20181200
2018-10-03 15:15:00,1212.9,20190200,1212.9,20190200,1207.3,20181200
2018-10-03 15:30:00,1211.3,20190200,1211.3,20190200,1205.6,20181200
2018-10-03 15:45:00,1210.9,20190200,1210.9,20190200,1205.2,20181200
2018-10-03 16:00:00,1211.4,20190200,1211.4,20190200,1205.6,20181200
2018-10-03 16:15:00,1207.6,20190200,1207.6,20190200,1202.2,20181200
2018-10-03 16:30:00,1208.9,20190200,1208.9,20190200,1203.1,20181200
2018-10-03 16:45:00,1208.7,20190200,1208.7,20190200,1203.9,20181200
2018-10-03 17:00:00,1208.7,20190200,1208.7,20190200,1203.7,20181200
2018-10-03 17:15:00,1209.2,20190200,1209.2,20190200,1203.8,20181200
2018-10-03 17:30:00,1208.6,20190200,1208.6,20190200,1203.2,20181200
2018-10-03 17:45:00,1208.4,20190200,1208.4,20190200,1202.6,20181200
2018-10-03 18:00:00,1208.6,20190200,1208.6,20190200,1202.4,20181200
2018-10-03 18:15:00,1208.3,20190200,1208.3,20190200,1202.7,20181200
2018-10-03 18:30:00,1208.9,20190200,1208.9,20190200,1203.4,20181200
2018-10-03 18:45:00,1209.0,20190200,1209.0,20190200,1203.3,20181200
2018-10-03 19:00:00,1208.0,20190200,1208.0,20190200,1202.5,20181200
2018-10-03 19:15:00,1206.9,20190200,1206.9,20190200,1201.1,20181200
2018-10-03 19:30:00,1207.6,20190200,1207.6,20190200,1201.7,20181200
2018-10-03 19:45:00,1207.9,20190200,1207.9,20190200,1202.2,20181200
2018-10-03 20:00:00,1208.0,20190200,1208.0,20190200,1202.4,20181200
2018-10-03 20:15:00,1208.0,20190200,1208.0,20190200,1202.1,20181200
2018-10-03 20:30:00,1208.0,20190200,1208.0,20190200,1202.1,20181200
2018-10-03 20:45:00,1208.2,20190200,1208.2,20190200,1202.3,20181200
2018-10-03 21:00:00,1208.2,20190200,1208.2,20190200,1202.7,20181200
2018-10-03 21:15:00,1208.2,20190200,1208.2,20190200,1202.4,20181200
2018-10-03 21:30:00,1207.5,20190200,1207.5,20190200,1201.9,20181200
2018-10-03 21:45:00,1206.6,20190200,1206.6,20190200,1201.1,20181200
2018-10-03 23:00:00,1207.5,20190200,1207.5,20190200,1209.7,20181200
2018-10-03 23:15:00,1208.0,20190200,1208.0,20190200,1202.2,20181200
2018-10-03 23:30:00,1208.0,20190200,1208.0,20190200,1202.2,20181200
2018-10-03 23:45:00,1208.0,20190200,1208.0,20190200,1202.1,20181200
2018-10-04 00:00:00,1208.0,20190200,1208.0,20190200,1201.7,20181200
2018-10-04 00:15:00,1208.0,20190200,1208.0,20190200,1201.4,20181200
2018-10-04 00:30:00,1207.6,20190200,1207.6,20190200,1201.8,20181200
2018-10-04 00:45:00,1207.4,20190200,1207.4,20190200,1201.7,20181200
2018-10-04 01:00:00,1207.4,20190200,1207.4,20190200,1202.2,20181200
2018-10-04 01:15:00,1207.4,20190200,1207.4,20190200,1202.1,20181200
2018-10-04 01:30:00,1207.4,20190200,1207.4,20190200,1201.9,20181200
2018-10-04 01:45:00,1208.1,20190200,1208.1,20190200,1202.2,20181200
2018-10-04 02:00:00,1208.1,20190200,1208.1,20190200,1201.7,20181200
2018-10-04 02:15:00,1208.1,20190200,1208.1,20190200,1201.8,20181200
2018-10-04 02:30:00,1208.1,20190200,1208.1,20190200,1201.7,20181200
2018-10-04 02:45:00,1207.0,20190200,1207.0,20190200,1201.5,20181200
2018-10-04 03:00:00,1207.0,20190200,1207.0,20190200,1201.6,20181200
2018-10-04 03:15:00,1207.0,20190200,1207.0,20190200,1200.9,20181200
2018-10-04 03:30:00,1206.5,20190200,1206.5,20190200,1200.7,20181200
2018-10-04 03:45:00,1206.1,20190200,1206.1,20190200,1200.5,20181200
2018-10-04 04:00:00,1206.1,20190200,1206.1,20190200,1199.9,20181200
2018-10-04 04:15:00,1206.1,20190200,1206.1,20190200,1200.4,20181200
2018-10-04 04:30:00,1206.1,20190200,1206.1,20190200,1200.5,20181200
2018-10-04 04:45:00,1206.1,20190200,1206.1,20190200,1200.1,20181200
2018-10-04 05:15:00,1205.3,20190200,1205.3,20190200,1199.7,20181200
2018-10-04 05:30:00,1205.4,20190200,1205.4,20190200,1199.8,20181200
2018-10-04 05:45:00,1205.4,20190200,1205.4,20190200,1200.3,20181200
2018-10-04 06:15:00,1206.5,20190200,1206.5,20190200,1200.9,20181200
2018-10-04 06:30:00,1206.5,20190200,1206.5,20190200,1201.6,20181200
2018-10-04 06:45:00,1206.5,20190200,1206.5,20190200,1201.8,20181200
2018-10-04 07:00:00,1206.5,20190200,1206.5,20190200,1201.0,20181200
2018-10-04 07:15:00,1206.7,20190200,1206.7,20190200,1201.4,20181200
2018-10-04 07:30:00,1207.8,20190200,1207.8,20190200,1201.6,20181200
2018-10-04 07:45:00,1207.3,20190200,1207.3,20190200,1201.5,20181200
2018-10-04 08:00:00,1208.2,20190200,1208.2,20190200,1201.8,20181200
2018-10-04 08:15:00,1207.9,20190200,1207.9,20190200,1203.1,20181200
2018-10-04 08:30:00,1209.0,20190200,1209.0,20190200,1203.6,20181200
2018-10-04 08:45:00,1209.5,20190200,1209.5,20190200,1203.8,20181200
2018-10-04 09:00:00,1209.9,20190200,1209.9,20190200,1203.5,20181200
2018-10-04 09:15:00,1208.8,20190200,1208.8,20190200,1203.1,20181200
2018-10-04 09:30:00,1208.8,20190200,1208.8,20190200,1202.7,20181200
2018-10-04 09:45:00,1208.8,20190200,1208.8,20190200,1202.9,20181200
2018-10-04 10:00:00,1208.9,20190200,1208.9,20190200,1203.1,20181200
2018-10-04 10:15:00,1208.9,20190200,1208.9,20190200,1203.2,20181200
2018-10-04 10:30:00,1208.8,20190200,1208.8,20190200,1202.9,20181200
2018-10-04 10:45:00,1209.0,20190200,1209.0,20190200,1202.9,20181200
2018-10-04 11:00:00,1208.7,20190200,1208.7,20190200,1203.0,20181200
2018-10-04 11:15:00,1208.7,20190200,1208.7,20190200,1203.1,20181200
2018-10-04 11:30:00,1208.1,20190200,1208.1,20190200,1202.4,20181200
2018-10-04 11:45:00,1207.7,20190200,1207.7,20190200,1202.2,20181200
2018-10-04 12:00:00,1208.3,20190200,1208.3,20190200,1202.6,20181200
2018-10-04 12:15:00,1209.0,20190200,1209.0,20190200,1203.4,20181200
2018-10-04 12:30:00,1210.0,20190200,1210.0,20190200,1204.3,20181200
2018-10-04 12:45:00,1212.0,20190200,1212.0,20190200,1205.9,20181200
2018-10-04 13:00:00,1212.6,20190200,1212.6,20190200,1206.2,20181200
2018-10-04 13:15:00,1210.0,20190200,1210.0,20190200,1204.8,20181200
2018-10-04 13:30:00,1211.2,20190200,1211.2,20190200,1205.8,20181200
2018-10-04 13:45:00,1212.9,20190200,1212.9,20190200,1207.2,20181200
2018-10-04 14:00:00,1212.3,20190200,1212.3,20190200,1206.6,20181200
2018-10-04 14:15:00,1212.4,20190200,1212.4,20190200,1206.8,20181200
2018-10-04 14:30:00,1213.2,20190200,1213.2,20190200,1207.3,20181200
2018-10-04 14:45:00,1212.2,20190200,1212.2,20190200,1206.9,20181200
2018-10-04 15:00:00,1214.1,20190200,1214.1,20190200,1208.4,20181200
2018-10-04 15:15:00,1215.4,20190200,1215.4,20190200,1209.7,20181200
2018-10-04 15:30:00,1214.1,20190200,1214.1,20190200,1208.4,20181200
2018-10-04 15:45:00,1213.7,20190200,1213.7,20190200,1207.8,20181200
2018-10-04 16:00:00,1212.8,20190200,1212.8,20190200,1207.2,20181200
2018-10-04 16:15:00,1212.0,20190200,1212.0,20190200,1206.1,20181200
2018-10-04 16:30:00,1210.7,20190200,1210.7,20190200,1204.5,20181200
2018-10-04 16:45:00,1210.6,20190200,1210.6,20190200,1204.9,20181200
2018-10-04 17:00:00,1210.3,20190200,1210.3,20190200,1204.0,20181200
2018-10-04 17:15:00,1208.4,20190200,1208.4,20190200,1202.6,20181200
2018-10-04 17:30:00,1208.2,20190200,1208.2,20190200,1202.4,20181200
2018-10-04 17:45:00,1207.7,20190200,1207.7,20190200,1201.9,20181200
2018-10-04 18:00:00,1207.7,20190200,1207.7,20190200,1202.0,20181200
2018-10-04 18:15:00,1207.2,20190200,1207.2,20190200,1201.5,20181200
2018-10-04 18:30:00,1207.8,20190200,1207.8,20190200,1202.1,20181200
2018-10-04 18:45:00,1207.4,20190200,1207.4,20190200,1202.2,20181200
2018-10-04 19:00:00,1207.3,20190200,1207.3,20190200,1201.6,20181200
2018-10-04 19:15:00,1207.5,20190200,1207.5,20190200,1202.1,20181200
2018-10-04 19:30:00,1207.5,20190200,1207.5,20190200,1201.4,20181200
2018-10-04 19:45:00,1207.5,20190200,1207.5,20190200,1202.6,20181200
2018-10-04 20:00:00,1208.4,20190200,1208.4,20190200,1203.1,20181200
2018-10-04 20:15:00,1209.0,20190200,1209.0,20190200,1203.0,20181200
2018-10-04 20:30:00,1209.0,20190200,1209.0,20190200,1203.3,20181200
2018-10-04 20:45:00,1209.2,20190200,1209.2,20190200,1203.1,20181200
2018-10-04 21:00:00,1209.2,20190200,1209.2,20190200,1203.3,20181200
2018-10-04 21:15:00,1209.1,20190200,1209.1,20190200,1203.2,20181200
2018-10-04 21:30:00,1209.2,20190200,1209.2,20190200,1203.6,20181200
2018-10-04 21:45:00,1209.2,20190200,1209.2,20190200,1203.7,20181200
2018-10-04 23:00:00,1209.5,20190200,1209.5,20190200,1200.6,20181200
2018-10-04 23:15:00,1209.1,20190200,1209.1,20190200,1203.2,20181200
2018-10-04 23:30:00,1209.1,20190200,1209.1,20190200,1203.4,20181200
2018-10-04 23:45:00,1209.2,20190200,1209.2,20190200,1203.5,20181200
2018-10-05 00:00:00,1209.2,20190200,1209.2,20190200,1204.0,20181200
2018-10-05 00:15:00,1209.2,20190200,1209.2,20190200,1203.7,20181200
2018-10-05 00:30:00,1209.2,20190200,1209.2,20190200,1202.7,20181200
2018-10-05 00:45:00,1209.2,20190200,1209.2,20190200,1202.8,20181200
2018-10-05 01:00:00,1209.2,20190200,1209.2,20190200,1202.2,20181200
2018-10-05 01:15:00,1209.2,20190200,1209.2,20190200,1202.4,20181200
2018-10-05 01:30:00,1209.2,20190200,1209.2,20190200,1202.7,20181200
2018-10-05 01:45:00,1209.2,20190200,1209.2,20190200,1202.7,20181200
2018-10-05 02:00:00,1208.2,20190200,1208.2,20190200,1202.7,20181200
2018-10-05 02:15:00,1209.0,20190200,1209.0,20190200,1203.2,20181200
2018-10-05 02:30:00,1209.5,20190200,1209.5,20190200,1203.3,20181200
2018-10-05 02:45:00,1209.5,20190200,1209.5,20190200,1203.2,20181200
2018-10-05 03:00:00,1208.6,20190200,1208.6,20190200,1202.8,20181200
2018-10-05 03:15:00,1208.6,20190200,1208.6,20190200,1203.2,20181200
2018-10-05 03:30:00,1208.3,20190200,1208.3,20190200,1203.1,20181200
2018-10-05 03:45:00,1208.3,20190200,1208.3,20190200,1203.1,20181200
2018-10-05 04:00:00,1208.8,20190200,1208.8,20190200,1202.6,20181200
2018-10-05 04:15:00,1208.3,20190200,1208.3,20190200,1202.5,20181200
2018-10-05 04:30:00,1208.1,20190200,1208.1,20190200,1202.3,20181200
2018-10-05 04:45:00,1208.1,20190200,1208.1,20190200,1202.6,20181200
2018-10-05 05:15:00,1207.9,20190200,1207.9,20190200,1202.2,20181200
2018-10-05 05:30:00,1208.5,20190200,1208.5,20190200,1202.7,20181200
2018-10-05 05:45:00,1208.0,20190200,1208.0,20190200,1202.1,20181200
2018-10-05 06:15:00,1208.0,20190200,1208.0,20190200,1201.7,20181200
2018-10-05 06:30:00,1207.1,20190200,1207.1,20190200,1201.5,20181200
2018-10-05 06:45:00,1207.1,20190200,1207.1,20190200,1202.1,20181200
2018-10-05 07:00:00,1208.0,20190200,1208.0,20190200,1201.7,20181200
2018-10-05 07:15:00,1208.0,20190200,1208.0,20190200,1202.5,20181200
2018-10-05 07:30:00,1208.0,20190200,1208.0,20190200,1203.2,20181200
2018-10-05 07:45:00,1208.0,20190200,1208.0,20190200,1202.3,20181200
2018-10-05 08:00:00,1206.9,20190200,1206.9,20190200,1201.1,20181200
2018-10-05 08:15:00,1206.9,20190200,1206.9,20190200,1202.1,20181200
2018-10-05 08:30:00,1208.0,20190200,1208.0,20190200,1202.6,20181200
2018-10-05 08:45:00,1208.0,20190200,1208.0,20190200,1202.9,20181200
2018-10-05 09:00:00,1208.5,20190200,1208.5,20190200,1202.6,20181200
2018-10-05 09:15:00,1208.4,20190200,1208.4,20190200,1202.9,20181200
2018-10-05 09:30:00,1208.5,20190200,1208.5,20190200,1202.6,20181200
2018-10-05 09:45:00,1208.5,20190200,1208.5,20190200,1202.8,20181200
2018-10-05 10:00:00,1208.5,20190200,1208.5,20190200,1202.8,20181200
2018-10-05 10:15:00,1208.5,20190200,1208.5,20190200,1203.7,20181200
2018-10-05 10:30:00,1211.0,20190200,1211.0,20190200,1205.7,20181200
2018-10-05 10:45:00,1211.0,20190200,1211.0,20190200,1205.4,20181200
2018-10-05 11:00:00,1212.0,20190200,1212.0,20190200,1206.1,20181200
2018-10-05 11:15:00,1211.6,20190200,1211.6,20190200,1205.7,20181200
2018-10-05 11:30:00,1211.6,20190200,1211.6,20190200,1205.8,20181200
2018-10-05 11:45:00,1212.0,20190200,1212.0,20190200,1206.0,20181200
2018-10-05 12:00:00,1211.8,20190200,1211.8,20190200,1206.2,20181200
2018-10-05 12:15:00,1212.3,20190200,1212.3,20190200,1207.1,20181200
2018-10-05 12:30:00,1212.5,20190200,1212.5,20190200,1206.6,20181200
2018-10-05 12:45:00,1212.9,20190200,1212.9,20190200,1206.6,20181200
2018-10-05 13:00:00,1212.8,20190200,1212.8,20190200,1206.6,20181200
2018-10-05 13:15:00,1212.1,20190200,1212.1,20190200,1206.0,20181200
2018-10-05 13:30:00,1211.0,20190200,1211.0,20190200,1205.7,20181200
2018-10-05 13:45:00,1213.9,20190200,1213.9,20190200,1208.3,20181200
2018-10-05 14:00:00,1212.8,20190200,1212.8,20190200,1207.8,20181200
2018-10-05 14:15:00,1212.0,20190200,1212.0,20190200,1206.8,20181200
2018-10-05 14:30:00,1212.9,20190200,1212.9,20190200,1206.8,20181200
2018-10-05 14:45:00,1213.1,20190200,1213.1,20190200,1208.0,20181200
2018-10-05 15:00:00,1215.2,20190200,1215.2,20190200,1209.3,20181200
2018-10-05 15:15:00,1212.1,20190200,1212.1,20190200,1206.4,20181200
2018-10-05 15:30:00,1211.7,20190200,1211.7,20190200,1205.9,20181200
2018-10-05 15:45:00,1212.8,20190200,1212.8,20190200,1206.1,20181200
2018-10-05 16:00:00,1211.2,20190200,1211.2,20190200,1205.9,20181200
2018-10-05 16:15:00,1211.6,20190200,1211.6,20190200,1205.8,20181200
2018-10-05 16:30:00,1210.7,20190200,1210.7,20190200,1205.2,20181200
2018-10-05 16:45:00,1210.8,20190200,1210.8,20190200,1205.1,20181200
2018-10-05 17:00:00,1211.6,20190200,1211.6,20190200,1205.7,20181200
2018-10-05 17:15:00,1210.9,20190200,1210.9,20190200,1204.9,20181200
2018-10-05 17:30:00,1210.4,20190200,1210.4,20190200,1204.5,20181200
2018-10-05 17:45:00,1211.1,20190200,1211.1,20190200,1205.3,20181200
2018-10-05 18:00:00,1211.3,20190200,1211.3,20190200,1205.2,20181200
2018-10-05 18:15:00,1211.7,20190200,1211.7,20190200,1205.8,20181200
2018-10-05 18:30:00,1211.5,20190200,1211.5,20190200,1205.8,20181200
2018-10-05 18:45:00,1211.5,20190200,1211.5,20190200,1205.5,20181200
2018-10-05 19:00:00,1211.2,20190200,1211.2,20190200,1205.0,20181200
2018-10-05 19:15:00,1211.6,20190200,1211.6,20190200,1205.6,20181200
2018-10-05 19:30:00,1211.5,20190200,1211.5,20190200,1206.4,20181200
2018-10-05 19:45:00,1212.1,20190200,1212.1,20190200,1207.6,20181200
2018-10-05 20:00:00,1213.8,20190200,1213.8,20190200,1207.8,20181200
2018-10-05 20:15:00,1213.8,20190200,1213.8,20190200,1207.9,20181200
2018-10-05 20:30:00,1213.8,20190200,1213.8,20190200,1207.2,20181200
2018-10-05 20:45:00,1213.0,20190200,1213.0,20190200,1207.1,20181200
2018-10-05 21:00:00,1213.0,20190200,1213.0,20190200,1207.6,20181200
2018-10-05 21:15:00,1213.0,20190200,1213.0,20190200,1207.0,20181200
2018-10-05 21:30:00,1212.9,20190200,1212.9,20190200,1207.0,20181200
2018-10-05 21:45:00,1212.9,20190200,1212.9,20190200,1206.7,20181200
2018-10-05 23:00:00,1212.9,20190200,1212.9,20190200,1201.7,20181200
2018-10-07 23:00:00,1213.3,20190200,1213.3,20190200,1207.0,20181200
2018-10-07 23:15:00,1213.3,20190200,1213.3,20190200,1207.3,20181200
2018-10-07 23:30:00,1213.3,20190200,1213.3,20190200,1207.4,20181200
2018-10-07 23:45:00,1213.3,20190200,1213.3,20190200,1207.1,20181200
2018-10-08 00:00:00,1213.3,20190200,1213.3,20190200,1207.0,20181200
2018-10-08 00:15:00,1213.3,20190200,1213.3,20190200,1207.5,20181200
2018-10-08 00:30:00,1213.3,20190200,1213.3,20190200,1207.5,20181200
2018-10-08 00:45:00,1213.3,20190200,1213.3,20190200,1207.7,20181200
2018-10-08 01:00:00,1212.6,20190200,1212.6,20190200,1207.2,20181200
2018-10-08 01:15:00,1212.6,20190200,1212.6,20190200,1207.3,20181200
2018-10-08 01:30:00,1213.0,20190200,1213.0,20190200,1207.3,20181200
2018-10-08 01:45:00,1212.0,20190200,1212.0,20190200,1206.0,20181200
2018-10-08 02:00:00,1209.0,20190200,1209.0,20190200,1202.9,20181200
2018-10-08 02:15:00,1208.3,20190200,1208.3,20190200,1203.3,20181200
2018-10-08 02:30:00,1207.4,20190200,1207.4,20190200,1201.5,20181200
2018-10-08 02:45:00,1207.4,20190200,1207.4,20190200,1201.1,20181200
2018-10-08 03:00:00,1206.4,20190200,1206.4,20190200,1200.9,20181200
2018-10-08 03:15:00,1204.6,20190200,1204.6,20190200,1200.0,20181200
2018-10-08 03:30:00,1204.6,20190200,1204.6,20190200,1199.9,20181200
2018-10-08 03:45:00,1205.7,20190200,1205.7,20190200,1199.8,20181200
2018-10-08 04:00:00,1206.1,20190200,1206.1,20190200,1200.3,20181200
2018-10-08 04:15:00,1206.1,20190200,1206.1,20190200,1200.6,20181200
2018-10-08 04:30:00,1206.1,20190200,1206.1,20190200,1200.4,20181200
2018-10-08 04:45:00,1206.0,20190200,1206.0,20190200,1200.2,20181200
2018-10-08 05:15:00,1206.0,20190200,1206.0,20190200,1200.0,20181200
2018-10-08 05:30:00,1206.4,20190200,1206.4,20190200,1200.6,20181200
2018-10-08 05:45:00,1206.4,20190200,1206.4,20190200,1200.5,20181200
2018-10-08 06:15:00,1206.4,20190200,1206.4,20190200,1199.9,20181200
2018-10-08 06:30:00,1206.4,20190200,1206.4,20190200,1199.9,20181200
2018-10-08 06:45:00,1206.0,20190200,1206.0,20190200,1200.3,20181200
2018-10-08 07:00:00,1206.0,20190200,1206.0,20190200,1200.5,20181200
2018-10-08 07:15:00,1205.7,20190200,1205.7,20190200,1199.7,20181200
2018-10-08 07:30:00,1205.4,20190200,1205.4,20190200,1200.1,20181200
2018-10-08 07:45:00,1206.4,20190200,1206.4,20190200,1200.2,20181200
2018-10-08 08:00:00,1206.4,20190200,1206.4,20190200,1199.7,20181200
2018-10-08 08:15:00,1205.7,20190200,1205.7,20190200,1199.6,20181200
2018-10-08 08:30:00,1205.6,20190200,1205.6,20190200,1199.0,20181200
2018-10-08 08:45:00,1203.5,20190200,1203.5,20190200,1197.6,20181200
2018-10-08 09:00:00,1203.4,20190200,1203.4,20190200,1197.6,20181200
2018-10-08 09:15:00,1203.4,20190200,1203.4,20190200,1197.9,20181200
2018-10-08 09:30:00,1203.5,20190200,1203.5,20190200,1197.8,20181200
2018-10-08 09:45:00,1203.5,20190200,1203.5,20190200,1198.1,20181200
2018-10-08 10:00:00,1203.5,20190200,1203.5,20190200,1198.3,20181200
2018-10-08 10:15:00,1204.6,20190200,1204.6,20190200,1198.6,20181200
2018-10-08 10:30:00,1203.4,20190200,1203.4,20190200,1197.8,20181200
2018-10-08 10:45:00,1203.1,20190200,1203.1,20190200,1197.4,20181200
2018-10-08 11:00:00,1203.1,20190200,1203.1,20190200,1197.8,20181200
2018-10-08 11:15:00,1203.6,20190200,1203.6,20190200,1197.3,20181200
2018-10-08 11:30:00,1203.6,20190200,1203.6,20190200,1197.8,20181200
2018-10-08 11:45:00,1203.8,20190200,1203.8,20190200,1197.9,20181200
2018-10-08 12:00:00,1203.2,20190200,1203.2,20190200,1197.3,20181200
2018-10-08 12:15:00,1203.2,20190200,1203.2,20190200,1197.3,20181200
2018-10-08 12:30:00,1203.7,20190200,1203.7,20190200,1197.8,20181200
2018-10-08 12:45:00,1203.5,20190200,1203.5,20190200,1198.0,20181200
2018-10-08 13:00:00,1199.4,20190200,1199.4,20190200,1193.5,20181200
2018-10-08 13:15:00,1196.7,20190200,1196.7,20190200,1191.0,20181200
2018-10-08 13:30:00,1194.6,20190200,1194.6,20190200,1188.7,20181200
2018-10-08 13:45:00,1195.1,20190200,1195.1,20190200,1189.4,20181200
2018-10-08 14:00:00,1197.0,20190200,1197.0,20190200,1190.9,20181200
2018-10-08 14:15:00,1196.3,20190200,1196.3,20190200,1189.7,20181200
2018-10-08 14:30:00,1196.1,20190200,1196.1,20190200,1190.3,20181200
2018-10-08 14:45:00,1196.1,20190200,1196.1,20190200,1189.6,20181200
2018-10-08 15:00:00,1198.3,20190200,1198.3,20190200,1192.7,20181200
2018-10-08 15:15:00,1196.2,20190200,1196.2,20190200,1190.0,20181200
2018-10-08 15:30:00,1195.7,20190200,1195.7,20190200,1189.8,20181200
2018-10-08 15:45:00,1195.5,20190200,1195.5,20190200,1189.7,20181200
2018-10-08 16:00:00,1194.7,20190200,1194.7,20190200,1189.0,20181200
2018-10-08 16:15:00,1193.5,20190200,1193.5,20190200,1187.7,20181200
2018-10-08 16:30:00,1195.1,20190200,1195.1,20190200,1189.1,20181200
2018-10-08 16:45:00,1195.3,20190200,1195.3,20190200,1189.1,20181200
2018-10-08 17:00:00,1195.7,20190200,1195.7,20190200,1189.9,20181200
2018-10-08 17:15:00,1196.5,20190200,1196.5,20190200,1190.0,20181200
2018-10-08 17:30:00,1195.6,20190200,1195.6,20190200,1189.7,20181200
2018-10-08 17:45:00,1195.6,20190200,1195.6,20190200,1189.9,20181200
2018-10-08 18:00:00,1195.2,20190200,1195.2,20190200,1189.6,20181200
2018-10-08 18:15:00,1194.1,20190200,1194.1,20190200,1188.3,20181200
2018-10-08 18:30:00,1195.0,20190200,1195.0,20190200,1189.0,20181200
2018-10-08 18:45:00,1195.9,20190200,1195.9,20190200,1190.0,20181200
2018-10-08 19:00:00,1196.0,20190200,1196.0,20190200,1190.1,20181200
2018-10-08 19:15:00,1196.4,20190200,1196.4,20190200,1190.2,20181200
2018-10-08 19:30:00,1196.1,20190200,1196.1,20190200,1190.3,20181200
2018-10-08 19:45:00,1196.7,20190200,1196.7,20190200,1190.6,20181200
2018-10-08 20:00:00,1196.2,20190200,1196.2,20190200,1190.4,20181200
2018-10-08 20:15:00,1197.0,20190200,1197.0,20190200,1191.2,20181200
2018-10-08 20:30:00,1197.4,20190200,1197.4,20190200,1191.2,20181200
2018-10-08 20:45:00,1198.0,20190200,1198.0,20190200,1192.3,20181200
2018-10-08 21:00:00,1198.0,20190200,1198.0,20190200,1191.9,20181200
2018-10-08 21:15:00,1197.8,20190200,1197.8,20190200,1191.8,20181200
2018-10-08 21:30:00,1197.2,20190200,1197.2,20190200,1191.5,20181200
2018-10-08 21:45:00,1197.2,20190200,1197.2,20190200,1191.5,20181200
2018-10-08 23:00:00,1206.5,20190200,1206.5,20190200,1200.5,20181200
2018-10-08 23:15:00,1206.5,20190200,1206.5,20190200,1191.4,20181200
2018-10-08 23:30:00,1197.4,20190200,1197.4,20190200,1191.5,20181200
2018-10-08 23:45:00,1197.4,20190200,1197.4,20190200,1191.4,20181200
2018-10-09 00:00:00,1197.4,20190200,1197.4,20190200,1191.9,20181200
2018-10-09 00:15:00,1197.4,20190200,1197.4,20190200,1192.1,20181200
2018-10-09 00:30:00,1199.3,20190200,1199.3,20190200,1193.5,20181200
2018-10-09 00:45:00,1199.9,20190200,1199.9,20190200,1194.1,20181200
2018-10-09 01:00:00,1200.3,20190200,1200.3,20190200,1194.4,20181200
2018-10-09 01:15:00,1200.3,20190200,1200.3,20190200,1193.7,20181200
2018-10-09 01:30:00,1200.3,20190200,1200.3,20190200,1193.3,20181200
2018-10-09 01:45:00,1200.3,20190200,1200.3,20190200,1193.3,20181200
2018-10-09 02:00:00,1200.3,20190200,1200.3,20190200,1193.6,20181200
2018-10-09 02:15:00,1200.3,20190200,1200.3,20190200,1193.3,20181200
2018-10-09 02:30:00,1199.0,20190200,1199.0,20190200,1193.2,20181200
2018-10-09 02:45:00,1199.0,20190200,1199.0,20190200,1193.7,20181200
2018-10-09 03:00:00,1199.0,20190200,1199.0,20190200,1193.5,20181200
2018-10-09 03:15:00,1199.0,20190200,1199.0,20190200,1193.1,20181200
2018-10-09 03:30:00,1199.0,20190200,1199.0,20190200,1193.1,20181200
2018-10-09 03:45:00,1199.0,20190200,1199.0,20190200,1193.6,20181200
2018-10-09 04:00:00,1199.8,20190200,1199.8,20190200,1193.6,20181200
2018-10-09 04:15:00,1199.4,20190200,1199.4,20190200,1193.8,20181200
2018-10-09 04:30:00,1200.3,20190200,1200.3,20190200,1194.6,20181200
2018-10-09 04:45:00,1200.3,20190200,1200.3,20190200,1194.5,20181200
2018-10-09 05:15:00,1201.0,20190200,1201.0,20190200,1194.9,20181200
2018-10-09 05:30:00,1201.0,20190200,1201.0,20190200,1194.9,20181200
2018-10-09 05:45:00,1201.0,20190200,1201.0,20190200,1194.8,20181200
2018-10-09 06:15:00,1201.0,20190200,1201.0,20190200,1194.6,20181200
2018-10-09 06:30:00,1201.0,20190200,1201.0,20190200,1195.0,20181200
2018-10-09 06:45:00,1201.0,20190200,1201.0,20190200,1194.2,20181200
2018-10-09 07:00:00,1200.0,20190200,1200.0,20190200,1194.1,20181200
2018-10-09 07:15:00,1199.5,20190200,1199.5,20190200,1193.3,20181200
2018-10-09 07:30:00,1199.2,20190200,1199.2,20190200,1193.1,20181200
2018-10-09 07:45:00,1199.2,20190200,1199.2,20190200,1193.5,20181200
2018-10-09 08:00:00,1199.3,20190200,1199.3,20190200,1193.1,20181200
2018-10-09 08:15:00,1198.1,20190200,1198.1,20190200,1192.3,20181200
2018-10-09 08:30:00,1198.2,20190200,1198.2,20190200,1192.5,20181200
2018-10-09 08:45:00,1198.2,20190200,1198.2,20190200,1192.5,20181200
2018-10-09 09:00:00,1199.2,20190200,1199.2,20190200,1193.4,20181200
2018-10-09 09:15:00,1199.0,20190200,1199.0,20190200,1192.7,20181200
2018-10-09 09:30:00,1199.0,20190200,1199.0,20190200,1193.5,20181200
2018-10-09 09:45:00,1199.0,20190200,1199.0,20190200,1193.4,20181200
2018-10-09 10:00:00,1198.3,20190200,1198.3,20190200,1192.4,20181200
2018-10-09 10:15:00,1198.3,20190200,1198.3,20190200,1191.1,20181200
2018-10-09 10:30:00,1197.0,20190200,1197.0,20190200,1191.0,20181200
2018-10-09 10:45:00,1196.1,20190200,1196.1,20190200,1190.7,20181200
2018-10-09 11:00:00,1196.1,20190200,1196.1,20190200,1190.3,20181200
2018-10-09 11:15:00,1195.7,20190200,1195.7,20190200,1189.7,20181200
2018-10-09 11:30:00,1195.6,20190200,1195.6,20190200,1189.9,20181200
2018-10-09 11:45:00,1196.0,20190200,1196.0,20190200,1190.3,20181200
2018-10-09 12:00:00,1195.5,20190200,1195.5,20190200,1189.5,20181200
2018-10-09 12:15:00,1195.8,20190200,1195.8,20190200,1189.7,20181200
2018-10-09 12:30:00,1195.1,20190200,1195.1,20190200,1189.2,20181200
2018-10-09 12:45:00,1196.1,20190200,1196.1,20190200,1190.1,20181200
2018-10-09 13:00:00,1196.3,20190200,1196.3,20190200,1190.5,20181200
2018-10-09 13:15:00,1195.8,20190200,1195.8,20190200,1189.9,20181200
2018-10-09 13:30:00,1195.2,20190200,1195.2,20190200,1189.0,20181200
2018-10-09 13:45:00,1196.3,20190200,1196.3,20190200,1189.9,20181200
2018-10-09 14:00:00,1196.9,20190200,1196.9,20190200,1190.4,20181200
2018-10-09 14:15:00,1197.0,20190200,1197.0,20190200,1191.0,20181200
2018-10-09 14:30:00,1195.2,20190200,1195.2,20190200,1188.9,20181200
2018-10-09 14:45:00,1194.9,20190200,1194.9,20190200,1188.7,20181200
2018-10-09 15:00:00,1195.8,20190200,1195.8,20190200,1190.3,20181200
2018-10-09 15:15:00,1197.7,20190200,1197.7,20190200,1191.6,20181200
2018-10-09 15:30:00,1197.5,20190200,1197.5,20190200,1191.4,20181200
2018-10-09 15:45:00,1197.2,20190200,1197.2,20190200,1191.3,20181200
2018-10-09 16:00:00,1197.4,20190200,1197.4,20190200,1191.5,20181200
2018-10-09 16:15:00,1198.8,20190200,1198.8,20190200,1192.4,20181200
2018-10-09 16:30:00,1198.9,20190200,1198.9,20190200,1193.4,20181200
2018-10-09 16:45:00,1198.8,20190200,1198.8,20190200,1192.6,20181200
2018-10-09 17:00:00,1197.6,20190200,1197.6,20190200,1191.6,20181200
2018-10-09 17:15:00,1197.3,20190200,1197.3,20190200,1191.4,20181200
2018-10-09 17:30:00,1197.3,20190200,1197.3,20190200,1191.5,20181200
2018-10-09 17:45:00,1197.2,20190200,1197.2,20190200,1191.6,20181200
2018-10-09 18:00:00,1197.2,20190200,1197.2,20190200,1191.3,20181200
2018-10-09 18:15:00,1197.8,20190200,1197.8,20190200,1191.8,20181200
2018-10-09 18:30:00,1197.4,20190200,1197.4,20190200,1191.2,20181200
2018-10-09 18:45:00,1196.9,20190200,1196.9,20190200,1190.9,20181200
2018-10-09 19:00:00,1198.0,20190200,1198.0,20190200,1192.2,20181200
2018-10-09 19:15:00,1198.7,20190200,1198.7,20190200,1192.8,20181200
2018-10-09 19:30:00,1198.9,20190200,1198.9,20190200,1192.8,20181200
2018-10-09 19:45:00,1198.9,20190200,1198.9,20190200,1192.7,20181200
2018-10-09 20:00:00,1198.9,20190200,1198.9,20190200,1193.0,20181200
2018-10-09 20:15:00,1198.9,20190200,1198.9,20190200,1192.9,20181200
2018-10-09 20:30:00,1198.6,20190200,1198.6,20190200,1192.8,20181200
2018-10-09 20:45:00,1198.6,20190200,1198.6,20190200,1193.6,20181200
2018-10-09 21:00:00,1199.3,20190200,1199.3,20190200,1193.2,20181200
2018-10-09 21:15:00,1199.2,20190200,1199.2,20190200,1193.5,20181200
2018-10-09 21:30:00,1199.1,20190200,1199.1,20190200,1193.4,20181200
2018-10-09 21:45:00,1199.1,20190200,1199.1,20190200,1193.1,20181200
2018-10-09 23:00:00,1200.8,20190200,1200.8,20190200,1194.5,20181200
2018-10-09 23:15:00,1200.8,20190200,1200.8,20190200,1193.4,20181200
2018-10-09 23:30:00,1200.8,20190200,1200.8,20190200,1192.8,20181200
2018-10-09 23:45:00,1200.8,20190200,1200.8,20190200,1192.4,20181200
2018-10-10 00:00:00,1200.8,20190200,1200.8,20190200,1193.3,20181200
2018-10-10 00:15:00,1199.3,20190200,1199.3,20190200,1193.2,20181200
2018-10-10 00:30:00,1199.3,20190200,1199.3,20190200,1193.6,20181200
2018-10-10 00:45:00,1199.4,20190200,1199.4,20190200,1193.4,20181200
2018-10-10 01:00:00,1199.1,20190200,1199.1,20190200,1193.3,20181200
2018-10-10 01:15:00,1199.6,20190200,1199.6,20190200,1193.6,20181200
2018-10-10 01:30:00,1199.6,20190200,1199.6,20190200,1193.6,20181200
2018-10-10 01:45:00,1199.6,20190200,1199.6,20190200,1193.8,20181200
2018-10-10 02:00:00,1199.6,20190200,1199.6,20190200,1194.3,20181200
2018-10-10 02:15:00,1199.7,20190200,1199.7,20190200,1193.5,20181200
2018-10-10 02:30:00,1199.0,20190200,1199.0,20190200,1193.3,20181200
2018-10-10 02:45:00,1198.1,20190200,1198.1,20190200,1193.0,20181200
2018-10-10 03:00:00,1198.7,20190200,1198.7,20190200,1192.9,20181200
2018-10-10 03:15:00,1199.1,20190200,1199.1,20190200,1193.0,20181200
2018-10-10 03:30:00,1198.4,20190200,1198.4,20190200,1192.6,20181200
2018-10-10 03:45:00,1198.4,20190200,1198.4,20190200,1192.5,20181200
2018-10-10 04:00:00,1198.4,20190200,1198.4,20190200,1193.1,20181200
2018-10-10 04:15:00,1198.9,20190200,1198.9,20190200,1193.0,20181200
2018-10-10 04:30:00,1198.9,20190200,1198.9,20190200,1192.7,20181200
2018-10-10 04:45:00,1198.9,20190200,1198.9,20190200,1192.9,20181200
2018-10-10 05:15:00,1199.2,20190200,1199.2,20190200,1193.2,20181200
2018-10-10 05:30:00,1199.2,20190200,1199.2,20190200,1193.0,20181200
2018-10-10 05:45:00,1199.2,20190200,1199.2,20190200,1192.9,20181200
2018-10-10 06:15:00,1199.2,20190200,1199.2,20190200,1194.0,20181200
2018-10-10 06:30:00,1199.3,20190200,1199.3,20190200,1193.7,20181200
2018-10-10 06:45:00,1199.3,20190200,1199.3,20190200,1193.7,20181200
2018-10-10 07:00:00,1199.3,20190200,1199.3,20190200,1194.0,20181200
2018-10-10 07:15:00,1199.3,20190200,1199.3,20190200,1193.2,20181200
2018-10-10 07:30:00,1199.3,20190200,1199.3,20190200,1192.8,20181200
2018-10-10 07:45:00,1199.7,20190200,1199.7,20190200,1193.8,20181200
2018-10-10 08:00:00,1199.7,20190200,1199.7,20190200,1193.1,20181200
2018-10-10 08:15:00,1199.7,20190200,1199.7,20190200,1192.4,20181200
2018-10-10 08:30:00,1197.6,20190200,1197.6,20190200,1191.5,20181200
2018-10-10 08:45:00,1198.0,20190200,1198.0,20190200,1192.1,20181200
2018-10-10 09:00:00,1196.8,20190200,1196.8,20190200,1190.5,20181200
2018-10-10 09:15:00,1196.7,20190200,1196.7,20190200,1190.6,20181200
2018-10-10 09:30:00,1196.7,20190200,1196.7,20190200,1190.4,20181200
2018-10-10 09:45:00,1196.7,20190200,1196.7,20190200,1189.8,20181200
2018-10-10 10:00:00,1195.8,20190200,1195.8,20190200,1189.9,20181200
2018-10-10 10:15:00,1195.9,20190200,1195.9,20190200,1190.1,20181200
2018-10-10 10:30:00,1195.9,20190200,1195.9,20190200,1189.9,20181200
2018-10-10 10:45:00,1196.1,20190200,1196.1,20190200,1189.9,20181200
2018-10-10 11:00:00,1196.0,20190200,1196.0,20190200,1190.0,20181200
2018-10-10 11:15:00,1196.0,20190200,1196.0,20190200,1190.4,20181200
2018-10-10 11:30:00,1197.9,20190200,1197.9,20190200,1191.7,20181200
2018-10-10 11:45:00,1198.3,20190200,1198.3,20190200,1192.3,20181200
2018-10-10 12:00:00,1198.0,20190200,1198.0,20190200,1191.8,20181200
2018-10-10 12:15:00,1198.0,20190200,1198.0,20190200,1192.6,20181200
2018-10-10 12:30:00,1197.5,20190200,1197.5,20190200,1191.4,20181200
2018-10-10 12:45:00,1195.4,20190200,1195.4,20190200,1189.6,20181200
2018-10-10 13:00:00,1196.1,20190200,1196.1,20190200,1190.2,20181200
2018-10-10 13:15:00,1195.9,20190200,1195.9,20190200,1189.8,20181200
2018-10-10 13:30:00,1195.1,20190200,1195.1,20190200,1189.4,20181200
2018-10-10 13:45:00,1196.9,20190200,1196.9,20190200,1190.2,20181200
2018-10-10 14:00:00,1197.2,20190200,1197.2,20190200,1190.6,20181200
2018-10-10 14:15:00,1197.8,20190200,1197.8,20190200,1191.8,20181200
2018-10-10 14:30:00,1197.3,20190200,1197.3,20190200,1191.6,20181200
2018-10-10 14:45:00,1195.7,20190200,1195.7,20190200,1191.8,20181200
2018-10-10 15:00:00,1198.4,20190200,1198.4,20190200,1191.8,20181200
2018-10-10 15:15:00,1197.3,20190200,1197.3,20190200,1191.4,20181200
2018-10-10 15:30:00,1196.6,20190200,1196.6,20190200,1190.5,20181200
2018-10-10 15:45:00,1197.0,20190200,1197.0,20190200,1191.1,20181200
2018-10-10 16:00:00,1196.8,20190200,1196.8,20190200,1190.6,20181200
2018-10-10 16:15:00,1197.6,20190200,1197.6,20190200,1191.9,20181200
2018-10-10 16:30:00,1198.1,20190200,1198.1,20190200,1192.7,20181200
2018-10-10 16:45:00,1198.6,20190200,1198.6,20190200,1192.6,20181200
2018-10-10 17:00:00,1198.7,20190200,1198.7,20190200,1192.9,20181200
2018-10-10 17:15:00,1198.2,20190200,1198.2,20190200,1192.3,20181200
2018-10-10 17:30:00,1198.1,20190200,1198.1,20190200,1192.3,20181200
2018-10-10 17:45:00,1199.3,20190200,1199.3,20190200,1193.3,20181200
2018-10-10 18:00:00,1199.3,20190200,1199.3,20190200,1193.2,20181200
2018-10-10 18:15:00,1199.3,20190200,1199.3,20190200,1193.4,20181200
2018-10-10 18:30:00,1198.7,20190200,1198.7,20190200,1192.5,20181200
2018-10-10 18:45:00,1199.6,20190200,1199.6,20190200,1194.0,20181200
2018-10-10 19:00:00,1200.9,20190200,1200.9,20190200,1195.0,20181200
2018-10-10 19:15:00,1200.8,20190200,1200.8,20190200,1194.7,20181200
2018-10-10 19:30:00,1201.1,20190200,1201.1,20190200,1195.3,20181200
2018-10-10 19:45:00,1201.4,20190200,1201.4,20190200,1195.2,20181200
2018-10-10 20:00:00,1202.5,20190200,1202.5,20190200,1196.6,20181200
2018-10-10 20:15:00,1201.0,20190200,1201.0,20190200,1195.6,20181200
2018-10-10 20:30:00,1202.4,20190200,1202.4,20190200,1196.7,20181200
2018-10-10 20:45:00,1202.8,20190200,1202.8,20190200,1196.4,20181200
2018-10-10 21:00:00,1202.8,20190200,1202.8,20190200,1196.9,20181200
2018-10-10 21:15:00,1203.0,20190200,1203.0,20190200,1197.5,20181200
2018-10-10 21:30:00,1203.9,20190200,1203.9,20190200,1197.8,20181200
2018-10-10 21:45:00,1204.0,20190200,1204.0,20190200,1198.1,20181200
2018-10-10 23:00:00,1204.0,20190200,1204.0,20190200,1193.3,20181200
2018-10-10 23:15:00,1204.0,20190200,1204.0,20190200,1198.1,20181200
2018-10-10 23:30:00,1204.0,20190200,1204.0,20190200,1197.9,20181200
2018-10-10 23:45:00,1203.4,20190200,1203.4,20190200,1197.3,20181200
2018-10-11 00:00:00,1203.4,20190200,1203.4,20190200,1197.3,20181200
2018-10-11 00:15:00,1203.4,20190200,1203.4,20190200,1197.3,20181200
2018-10-11 00:30:00,1203.4,20190200,1203.4,20190200,1197.4,20181200
2018-10-11 00:45:00,1203.4,20190200,1203.4,20190200,1197.4,20181200
2018-10-11 01:00:00,1203.4,20190200,1203.4,20190200,1197.6,20181200
2018-10-11 01:15:00,1203.4,20190200,1203.4,20190200,1198.0,20181200
2018-10-11 01:30:00,1203.4,20190200,1203.4,20190200,1197.2,20181200
2018-10-11 01:45:00,1202.5,20190200,1202.5,20190200,1196.4,20181200
2018-10-11 02:00:00,1202.0,20190200,1202.0,20190200,1196.2,20181200
2018-10-11 02:15:00,1201.4,20190200,1201.4,20190200,1196.5,20181200
2018-10-11 02:30:00,1200.7,20190200,1200.7,20190200,1194.9,20181200
2018-10-11 02:45:00,1202.3,20190200,1202.3,20190200,1197.1,20181200
2018-10-11 03:00:00,1203.0,20190200,1203.0,20190200,1196.6,20181200
2018-10-11 03:15:00,1203.0,20190200,1203.0,20190200,1196.7,20181200
2018-10-11 03:30:00,1202.7,20190200,1202.7,20190200,1196.9,20181200
2018-10-11 03:45:00,1201.9,20190200,1201.9,20190200,1196.1,20181200
2018-10-11 04:00:00,1201.9,20190200,1201.9,20190200,1196.2,20181200
2018-10-11 04:15:00,1202.2,20190200,1202.2,20190200,1196.3,20181200
2018-10-11 04:30:00,1202.8,20190200,1202.8,20190200,1197.0,20181200
2018-10-11 04:45:00,1203.0,20190200,1203.0,20190200,1196.9,20181200
2018-10-11 05:15:00,1202.6,20190200,1202.6,20190200,1196.2,20181200
2018-10-11 05:30:00,1202.2,20190200,1202.2,20190200,1196.1,20181200
2018-10-11 05:45:00,1202.9,20190200,1202.9,20190200,1196.5,20181200
2018-10-11 06:15:00,1202.9,20190200,1202.9,20190200,1197.1,20181200
2018-10-11 06:30:00,1202.8,20190200,1202.8,20190200,1197.0,20181200
2018-10-11 06:45:00,1202.8,20190200,1202.8,20190200,1196.4,20181200
2018-10-11 07:00:00,1201.0,20190200,1201.0,20190200,1195.8,20181200
2018-10-11 07:15:00,1201.0,20190200,1201.0,20190200,1197.0,20181200
2018-10-11 07:30:00,1203.5,20190200,1203.5,20190200,1197.6,20181200
2018-10-11 07:45:00,1202.9,20190200,1202.9,20190200,1197.4,20181200
2018-10-11 08:00:00,1205.5,20190200,1205.5,20190200,1199.7,20181200
2018-10-11 08:15:00,1206.9,20190200,1206.9,20190200,1200.6,20181200
2018-10-11 08:30:00,1207.0,20190200,1207.0,20190200,1200.6,20181200
2018-10-11 08:45:00,1206.9,20190200,1206.9,20190200,1201.0,20181200
2018-10-11 09:00:00,1207.4,20190200,1207.4,20190200,1201.6,20181200
2018-10-11 09:15:00,1206.8,20190200,1206.8,20190200,1201.0,20181200
2018-10-11 09:30:00,1206.5,20190200,1206.5,20190200,1200.5,20181200
2018-10-11 09:45:00,1207.6,20190200,1207.6,20190200,1201.7,20181200
2018-10-11 10:00:00,1208.5,20190200,1208.5,20190200,1202.9,20181200
2018-10-11 10:15:00,1209.8,20190200,1209.8,20190200,1203.9,20181200
2018-10-11 10:30:00,1212.5,20190200,1212.5,20190200,1206.2,20181200
2018-10-11 10:45:00,1214.0,20190200,1214.0,20190200,1207.1,20181200
2018-10-11 11:00:00,1212.5,20190200,1212.5,20190200,1206.1,20181200
2018-10-11 11:15:00,1212.8,20190200,1212.8,20190200,1206.8,20181200
2018-10-11 11:30:00,1215.1,20190200,1215.1,20190200,1208.5,20181200
2018-10-11 11:45:00,1213.5,20190200,1213.5,20190200,1207.1,20181200
2018-10-11 12:00:00,1212.7,20190200,1212.7,20190200,1207.0,20181200
2018-10-11 12:15:00,1213.1,20190200,1213.1,20190200,1207.1,20181200
2018-10-11 12:30:00,1213.0,20190200,1213.0,20190200,1207.4,20181200
2018-10-11 12:45:00,1213.2,20190200,1213.2,20190200,1207.2,20181200
2018-10-11 13:00:00,1213.0,20190200,1213.0,20190200,1207.1,20181200
2018-10-11 13:15:00,1213.6,20190200,1213.6,20190200,1207.5,20181200
2018-10-11 13:30:00,1218.6,20190200,1218.6,20190200,1212.6,20181200
2018-10-11 13:45:00,1218.0,20190200,1218.0,20190200,1212.0,20181200
2018-10-11 14:00:00,1219.2,20190200,1219.2,20190200,1212.9,20181200
2018-10-11 14:15:00,1216.3,20190200,1216.3,20190200,1210.5,20181200
2018-10-11 14:30:00,1217.7,20190200,1217.7,20190200,1211.5,20181200
2018-10-11 14:45:00,1217.0,20190200,1217.0,20190200,1211.4,20181200
2018-10-11 15:00:00,1218.5,20190200,1218.5,20190200,1212.6,20181200
2018-10-11 15:15:00,1222.4,20190200,1222.4,20190200,1216.3,20181200
2018-10-11 15:30:00,1225.1,20190200,1225.1,20190200,1219.1,20181200
2018-10-11 15:45:00,1225.3,20190200,1225.3,20190200,1219.6,20181200
2018-10-11 16:00:00,1228.1,20190200,1228.1,20190200,1221.9,20181200
2018-10-11 16:15:00,1224.8,20190200,1224.8,20190200,1219.1,20181200
2018-10-11 16:30:00,1230.2,20190200,1230.2,20190200,1224.0,20181200
2018-10-11 16:45:00,1228.5,20190200,1228.5,20190200,1223.1,20181200
2018-10-11 17:00:00,1229.9,20190200,1229.9,20190200,1223.8,20181200
2018-10-11 17:15:00,1229.1,20190200,1229.1,20190200,1223.1,20181200
2018-10-11 17:30:00,1229.0,20190200,1229.0,20190200,1223.1,20181200
2018-10-11 17:45:00,1229.3,20190200,1229.3,20190200,1223.4,20181200
2018-10-11 18:00:00,1231.4,20190200,1231.4,20190200,1225.3,20181200
2018-10-11 18:15:00,1234.0,20190200,1234.0,20190200,1228.0,20181200
2018-10-11 18:30:00,1233.7,20190200,1233.7,20190200,1227.3,20181200
2018-10-11 18:45:00,1234.6,20190200,1234.6,20190200,1228.3,20181200
2018-10-11 19:00:00,1234.6,20190200,1234.6,20190200,1228.3,20181200
2018-10-11 19:15:00,1232.7,20190200,1232.7,20190200,1227.3,20181200
2018-10-11 19:30:00,1234.3,20190200,1234.3,20190200,1228.7,20181200
2018-10-11 19:45:00,1233.4,20190200,1233.4,20190200,1227.7,20181200
2018-10-11 20:00:00,1233.0,20190200,1233.0,20190200,1226.2,20181200
2018-10-11 20:15:00,1230.3,20190200,1230.3,20190200,1225.2,20181200
2018-10-11 20:30:00,1233.1,20190200,1233.1,20190200,1227.1,20181200
2018-10-11 20:45:00,1231.9,20190200,1231.9,20190200,1226.4,20181200
2018-10-11 21:00:00,1232.9,20190200,1232.9,20190200,1226.7,20181200
2018-10-11 21:15:00,1233.8,20190200,1233.8,20190200,1227.6,20181200
2018-10-11 21:30:00,1234.4,20190200,1234.4,20190200,1228.7,20181200
2018-10-11 21:45:00,1234.5,20190200,1234.5,20190200,1227.7,20181200
2018-10-11 23:00:00,1233.3,20190200,1233.3,20190200,1196.7,20181200
2018-10-11 23:15:00,1233.3,20190200,1233.3,20190200,1227.3,20181200
2018-10-11 23:30:00,1232.8,20190200,1232.8,20190200,1226.6,20181200
2018-10-11 23:45:00,1232.5,20190200,1232.5,20190200,1226.6,20181200
2018-10-12 00:00:00,1233.2,20190200,1233.2,20190200,1226.0,20181200
2018-10-12 00:15:00,1231.6,20190200,1231.6,20190200,1225.4,20181200
2018-10-12 00:30:00,1231.4,20190200,1231.4,20190200,1225.3,20181200
2018-10-12 00:45:00,1230.8,20190200,1230.8,20190200,1224.8,20181200
2018-10-12 01:00:00,1230.5,20190200,1230.5,20190200,1223.8,20181200
2018-10-12 01:15:00,1230.5,20190200,1230.5,20190200,1224.1,20181200
2018-10-12 01:30:00,1230.5,20190200,1230.5,20190200,1224.9,20181200
2018-10-12 01:45:00,1231.1,20190200,1231.1,20190200,1224.4,20181200
2018-10-12 02:00:00,1230.2,20190200,1230.2,20190200,1224.7,20181200
2018-10-12 02:15:00,1229.5,20190200,1229.5,20190200,1223.0,20181200
2018-10-12 02:30:00,1228.2,20190200,1228.2,20190200,1221.5,20181200
2018-10-12 02:45:00,1228.2,20190200,1228.2,20190200,1221.7,20181200
2018-10-12 03:00:00,1228.5,20190200,1228.5,20190200,1222.5,20181200
2018-10-12 03:15:00,1229.0,20190200,1229.0,20190200,1223.6,20181200
2018-10-12 03:30:00,1230.5,20190200,1230.5,20190200,1224.3,20181200
2018-10-12 03:45:00,1231.5,20190200,1231.5,20190200,1225.4,20181200
2018-10-12 04:00:00,1230.9,20190200,1230.9,20190200,1225.0,20181200
2018-10-12 04:15:00,1230.6,20190200,1230.6,20190200,1224.5,20181200
2018-10-12 04:30:00,1230.6,20190200,1230.6,20190200,1224.3,20181200
2018-10-12 04:45:00,1230.1,20190200,1230.1,20190200,1224.0,20181200
2018-10-12 05:15:00,1230.1,20190200,1230.1,20190200,1223.6,20181200
2018-10-12 05:30:00,1229.0,20190200,1229.0,20190200,1223.0,20181200
2018-10-12 05:45:00,1229.0,20190200,1229.0,20190200,1223.4,20181200
2018-10-12 06:15:00,1229.8,20190200,1229.8,20190200,1224.3,20181200
2018-10-12 06:30:00,1229.2,20190200,1229.2,20190200,1223.0,20181200
2018-10-12 06:45:00,1229.1,20190200,1229.1,20190200,1222.5,20181200
2018-10-12 07:00:00,1227.8,20190200,1227.8,20190200,1222.2,20181200
2018-10-12 07:15:00,1227.8,20190200,1227.8,20190200,1221.5,20181200
2018-10-12 07:30:00,1226.2,20190200,1226.2,20190200,1219.9,20181200
2018-10-12 07:45:00,1225.5,20190200,1225.5,20190200,1220.4,20181200
2018-10-12 08:00:00,1228.0,20190200,1228.0,20190200,1221.9,20181200
2018-10-12 08:15:00,1228.7,20190200,1228.7,20190200,1222.8,20181200
2018-10-12 08:30:00,1228.6,20190200,1228.6,20190200,1222.6,20181200
2018-10-12 08:45:00,1228.8,20190200,1228.8,20190200,1222.1,20181200
2018-10-12 09:00:00,1228.8,20190200,1228.8,20190200,1221.6,20181200
2018-10-12 09:15:00,1226.3,20190200,1226.3,20190200,1219.9,20181200
2018-10-12 09:30:00,1226.1,20190200,1226.1,20190200,1220.6,20181200
2018-10-12 09:45:00,1226.1,20190200,1226.1,20190200,1221.6,20181200
2018-10-12 10:00:00,1227.9,20190200,1227.9,20190200,1221.9,20181200
2018-10-12 10:15:00,1228.9,20190200,1228.9,20190200,1222.6,20181200
2018-10-12 10:30:00,1228.6,20190200,1228.6,20190200,1223.0,20181200
2018-10-12 10:45:00,1230.0,20190200,1230.0,20190200,1223.8,20181200
2018-10-12 11:00:00,1230.5,20190200,1230.5,20190200,1223.9,20181200
2018-10-12 11:15:00,1230.4,20190200,1230.4,20190200,1224.6,20181200
2018-10-12 11:30:00,1230.2,20190200,1230.2,20190200,1224.2,20181200
2018-10-12 11:45:00,1230.2,20190200,1230.2,20190200,1223.5,20181200
2018-10-12 12:00:00,1229.9,20190200,1229.9,20190200,1224.8,20181200
2018-10-12 12:15:00,1230.7,20190200,1230.7,20190200,1225.2,20181200
2018-10-12 12:30:00,1230.5,20190200,1230.5,20190200,1224.2,20181200
2018-10-12 12:45:00,1231.4,20190200,1231.4,20190200,1225.3,20181200
2018-10-12 13:00:00,1231.6,20190200,1231.6,20190200,1225.8,20181200
2018-10-12 13:15:00,1232.7,20190200,1232.7,20190200,1226.5,20181200
2018-10-12 13:30:00,1229.8,20190200,1229.8,20190200,1223.7,20181200
2018-10-12 13:45:00,1229.6,20190200,1229.6,20190200,1222.4,20181200
2018-10-12 14:00:00,1228.4,20190200,1228.4,20190200,1222.3,20181200
2018-10-12 14:15:00,1231.4,20190200,1231.4,20190200,1224.8,20181200
2018-10-12 14:30:00,1231.8,20190200,1231.8,20190200,1225.0,20181200
2018-10-12 14:45:00,1231.3,20190200,1231.3,20190200,1225.2,20181200
2018-10-12 15:00:00,1229.1,20190200,1229.1,20190200,1223.1,20181200
2018-10-12 15:15:00,1229.6,20190200,1229.6,20190200,1223.5,20181200
2018-10-12 15:30:00,1227.5,20190200,1227.5,20190200,1221.4,20181200
2018-10-12 15:45:00,1226.8,20190200,1226.8,20190200,1221.1,20181200
2018-10-12 16:00:00,1227.9,20190200,1227.9,20190200,1222.2,20181200
2018-10-12 16:15:00,1229.0,20190200,1229.0,20190200,1223.0,20181200
2018-10-12 16:30:00,1228.3,20190200,1228.3,20190200,1222.6,20181200
2018-10-12 16:45:00,1228.9,20190200,1228.9,20190200,1223.2,20181200
2018-10-12 17:00:00,1228.1,20190200,1228.1,20190200,1221.5,20181200
2018-10-12 17:15:00,1228.1,20190200,1228.1,20190200,1222.6,20181200
2018-10-12 17:30:00,1229.3,20190200,1229.3,20190200,1223.2,20181200
2018-10-12 17:45:00,1229.4,20190200,1229.4,20190200,1223.3,20181200
2018-10-12 18:00:00,1228.3,20190200,1228.3,20190200,1223.1,20181200
2018-10-12 18:15:00,1228.1,20190200,1228.1,20190200,1221.9,20181200
2018-10-12 18:30:00,1228.6,20190200,1228.6,20190200,1222.9,20181200
2018-10-12 18:45:00,1227.5,20190200,1227.5,20190200,1221.7,20181200
2018-10-12 19:00:00,1228.6,20190200,1228.6,20190200,1223.0,20181200
2018-10-12 19:15:00,1228.7,20190200,1228.7,20190200,1222.4,20181200
2018-10-12 19:30:00,1229.2,20190200,1229.2,20190200,1223.0,20181200
2018-10-12 19:45:00,1229.1,20190200,1229.1,20190200,1222.8,20181200
2018-10-12 20:00:00,1228.2,20190200,1228.2,20190200,1222.2,20181200
2018-10-12 20:15:00,1227.9,20190200,1227.9,20190200,1222.1,20181200
2018-10-12 20:30:00,1227.6,20190200,1227.6,20190200,1221.7,20181200
2018-10-12 20:45:00,1227.5,20190200,1227.5,20190200,1221.3,20181200
2018-10-12 21:00:00,1227.3,20190200,1227.3,20190200,1221.2,20181200
2018-10-12 21:15:00,1227.3,20190200,1227.3,20190200,1221.5,20181200
2018-10-12 21:30:00,1227.1,20190200,1227.1,20190200,1221.0,20181200
2018-10-12 21:45:00,1227.3,20190200,1227.3,20190200,1221.6,20181200
2018-10-12 23:00:00,1229.8,20190200,1229.8,20190200,1223.4,20181200
2018-10-14 23:00:00,1226.8,20190200,1226.8,20190200,1222.3,20181200
2018-10-14 23:15:00,1228.3,20190200,1228.3,20190200,1222.3,20181200
2018-10-14 23:30:00,1228.2,20190200,1228.2,20190200,1221.9,20181200
2018-10-14 23:45:00,1228.2,20190200,1228.2,20190200,1222.3,20181200
2018-10-15 00:00:00,1228.2,20190200,1228.2,20190200,1223.1,20181200
2018-10-15 00:15:00,1228.8,20190200,1228.8,20190200,1223.1,20181200
2018-10-15 00:30:00,1229.4,20190200,1229.4,20190200,1223.7,20181200
2018-10-15 00:45:00,1229.4,20190200,1229.4,20190200,1222.7,20181200
2018-10-15 01:00:00,1230.0,20190200,1230.0,20190200,1224.1,20181200
2018-10-15 01:15:00,1230.0,20190200,1230.0,20190200,1224.6,20181200
2018-10-15 01:30:00,1230.4,20190200,1230.4,20190200,1223.9,20181200
2018-10-15 01:45:00,1229.9,20190200,1229.9,20190200,1224.4,20181200
2018-10-15 02:00:00,1230.3,20190200,1230.3,20190200,1224.7,20181200
2018-10-15 02:15:00,1230.3,20190200,1230.3,20190200,1225.0,20181200
2018-10-15 02:30:00,1230.3,20190200,1230.3,20190200,1224.6,20181200
2018-10-15 02:45:00,1230.5,20190200,1230.5,20190200,1224.7,20181200
2018-10-15 03:00:00,1230.5,20190200,1230.5,20190200,1224.5,20181200
2018-10-15 03:15:00,1230.5,20190200,1230.5,20190200,1224.8,20181200
2018-10-15 03:30:00,1230.5,20190200,1230.5,20190200,1224.8,20181200
2018-10-15 03:45:00,1230.5,20190200,1230.5,20190200,1224.8,20181200
2018-10-15 04:00:00,1230.5,20190200,1230.5,20190200,1224.5,20181200
2018-10-15 04:15:00,1230.7,20190200,1230.7,20190200,1224.7,20181200
2018-10-15 04:30:00,1230.7,20190200,1230.7,20190200,1225.0,20181200
2018-10-15 04:45:00,1231.4,20190200,1231.4,20190200,1225.3,20181200
2018-10-15 05:15:00,1231.2,20190200,1231.2,20190200,1225.4,20181200
2018-10-15 05:30:00,1231.2,20190200,1231.2,20190200,1225.7,20181200
2018-10-15 05:45:00,1231.2,20190200,1231.2,20190200,1225.5,20181200
2018-10-15 06:15:00,1232.0,20190200,1232.0,20190200,1226.1,20181200
2018-10-15 06:30:00,1232.0,20190200,1232.0,20190200,1224.7,20181200
2018-10-15 06:45:00,1232.0,20190200,1232.0,20190200,1225.4,20181200
2018-10-15 07:00:00,1232.5,20190200,1232.5,20190200,1226.8,20181200
2018-10-15 07:15:00,1233.5,20190200,1233.5,20190200,1227.0,20181200
2018-10-15 07:30:00,1232.7,20190200,1232.7,20190200,1227.2,20181200
2018-10-15 07:45:00,1233.3,20190200,1233.3,20190200,1228.4,20181200
2018-10-15 08:00:00,1235.3,20190200,1235.3,20190200,1229.4,20181200
2018-10-15 08:15:00,1237.6,20190200,1237.6,20190200,1231.3,20181200
2018-10-15 08:30:00,1238.0,20190200,1238.0,20190200,1232.0,20181200
2018-10-15 08:45:00,1236.9,20190200,1236.9,20190200,1230.8,20181200
2018-10-15 09:00:00,1236.9,20190200,1236.9,20190200,1231.6,20181200
2018-10-15 09:15:00,1238.0,20190200,1238.0,20190200,1231.8,20181200
2018-10-15 09:30:00,1239.7,20190200,1239.7,20190200,1233.9,20181200
2018-10-15 09:45:00,1240.0,20190200,1240.0,20190200,1234.0,20181200
2018-10-15 10:00:00,1240.7,20190200,1240.7,20190200,1235.1,20181200
2018-10-15 10:15:00,1242.3,20190200,1242.3,20190200,1236.8,20181200
2018-10-15 10:30:00,1241.5,20190200,1241.5,20190200,1235.4,20181200
2018-10-15 10:45:00,1240.8,20190200,1240.8,20190200,1235.0,20181200
2018-10-15 11:00:00,1240.1,20190200,1240.1,20190200,1234.6,20181200
2018-10-15 11:15:00,1240.2,20190200,1240.2,20190200,1234.8,20181200
2018-10-15 11:30:00,1240.0,20190200,1240.0,20190200,1234.4,20181200
2018-10-15 11:45:00,1240.0,20190200,1240.0,20190200,1235.3,20181200
2018-10-15 12:00:00,1241.3,20190200,1241.3,20190200,1234.3,20181200
2018-10-15 12:15:00,1239.5,20190200,1239.5,20190200,1233.8,20181200
2018-10-15 12:30:00,1238.5,20190200,1238.5,20190200,1232.5,20181200
2018-10-15 12:45:00,1238.8,20190200,1238.8,20190200,1232.5,20181200
2018-10-15 13:00:00,1239.2,20190200,1239.2,20190200,1233.1,20181200
2018-10-15 13:15:00,1239.3,20190200,1239.3,20190200,1233.7,20181200
2018-10-15 13:30:00,1240.6,20190200,1240.6,20190200,1234.6,20181200
2018-10-15 13:45:00,1240.1,20190200,1240.1,20190200,1234.0,20181200
2018-10-15 14:00:00,1234.4,20190200,1234.4,20190200,1228.4,20181200
2018-10-15 14:15:00,1236.4,20190200,1236.4,20190200,1230.4,20181200
2018-10-15 14:30:00,1238.5,20190200,1238.5,20190200,1232.7,20181200
2018-10-15 14:45:00,1239.8,20190200,1239.8,20190200,1234.1,20181200
2018-10-15 15:00:00,1239.9,20190200,1239.9,20190200,1233.4,20181200
2018-10-15 15:15:00,1239.1,20190200,1239.1,20190200,1232.5,20181200
2018-10-15 15:30:00,1238.4,20190200,1238.4,20190200,1232.4,20181200
2018-10-15 15:45:00,1237.7,20190200,1237.7,20190200,1231.8,20181200
2018-10-15 16:00:00,1237.1,20190200,1237.1,20190200,1231.2,20181200
2018-10-15 16:15:00,1236.3,20190200,1236.3,20190200,1229.9,20181200
2018-10-15 16:30:00,1236.6,20190200,1236.6,20190200,1229.9,20181200
2018-10-15 16:45:00,1237.9,20190200,1237.9,20190200,1231.6,20181200
2018-10-15 17:00:00,1237.7,20190200,1237.7,20190200,1230.9,20181200
2018-10-15 17:15:00,1236.4,20190200,1236.4,20190200,1230.6,20181200
2018-10-15 17:30:00,1236.4,20190200,1236.4,20190200,1230.6,20181200
2018-10-15 17:45:00,1236.4,20190200,1236.4,20190200,1230.4,20181200
2018-10-15 18:00:00,1236.1,20190200,1236.1,20190200,1229.9,20181200
2018-10-15 18:15:00,1236.0,20190200,1236.0,20190200,1230.0,20181200
2018-10-15 18:30:00,1234.6,20190200,1234.6,20190200,1228.9,20181200
2018-10-15 18:45:00,1235.0,20190200,1235.0,20190200,1228.9,20181200
2018-10-15 19:00:00,1236.0,20190200,1236.0,20190200,1230.2,20181200
2018-10-15 19:15:00,1236.3,20190200,1236.3,20190200,1230.0,20181200
2018-10-15 19:30:00,1236.3,20190200,1236.3,20190200,1229.5,20181200
2018-10-15 19:45:00,1236.3,20190200,1236.3,20190200,1229.3,20181200
2018-10-15 20:00:00,1236.3,20190200,1236.3,20190200,1230.0,20181200
2018-10-15 20:15:00,1236.3,20190200,1236.3,20190200,1229.8,20181200
2018-10-15 20:30:00,1234.7,20190200,1234.7,20190200,1228.9,20181200
2018-10-15 20:45:00,1234.9,20190200,1234.9,20190200,1228.9,20181200
2018-10-15 21:00:00,1236.0,20190200,1236.0,20190200,1230.2,20181200
2018-10-15 21:15:00,1236.0,20190200,1236.0,20190200,1230.4,20181200
2018-10-15 21:30:00,1236.7,20190200,1236.7,20190200,1230.6,20181200
2018-10-15 21:45:00,1236.2,20190200,1236.2,20190200,1230.5,20181200
2018-10-15 23:00:00,1236.5,20190200,1236.5,20190200,1225.6,20181200
2018-10-15 23:15:00,1236.7,20190200,1236.7,20190200,1230.8,20181200
2018-10-15 23:30:00,1236.7,20190200,1236.7,20190200,1230.9,20181200
2018-10-15 23:45:00,1236.7,20190200,1236.7,20190200,1231.0,20181200
2018-10-16 00:00:00,1236.6,20190200,1236.6,20190200,1230.6,20181200
2018-10-16 00:15:00,1236.6,20190200,1236.6,20190200,1230.7,20181200
2018-10-16 00:30:00,1236.6,20190200,1236.6,20190200,1230.9,20181200
2018-10-16 00:45:00,1236.6,20190200,1236.6,20190200,1230.3,20181200
2018-10-16 01:00:00,1236.6,20190200,1236.6,20190200,1231.1,20181200
2018-10-16 01:15:00,1236.6,20190200,1236.6,20190200,1231.6,20181200
2018-10-16 01:30:00,1236.6,20190200,1236.6,20190200,1231.7,20181200
2018-10-16 01:45:00,1236.6,20190200,1236.6,20190200,1231.7,20181200
2018-10-16 02:00:00,1236.6,20190200,1236.6,20190200,1231.2,20181200
2018-10-16 02:15:00,1237.4,20190200,1237.4,20190200,1231.7,20181200
2018-10-16 02:30:00,1237.2,20190200,1237.2,20190200,1231.1,20181200
2018-10-16 02:45:00,1237.0,20190200,1237.0,20190200,1231.4,20181200
2018-10-16 03:00:00,1237.0,20190200,1237.0,20190200,1230.2,20181200
2018-10-16 03:15:00,1237.0,20190200,1237.0,20190200,1230.3,20181200
2018-10-16 03:30:00,1235.1,20190200,1235.1,20190200,1229.3,20181200
2018-10-16 03:45:00,1235.3,20190200,1235.3,20190200,1229.3,20181200
2018-10-16 04:00:00,1235.3,20190200,1235.3,20190200,1228.9,20181200
2018-10-16 04:15:00,1235.3,20190200,1235.3,20190200,1229.2,20181200
2018-10-16 04:30:00,1235.3,20190200,1235.3,20190200,1229.7,20181200
2018-10-16 04:45:00,1235.8,20190200,1235.8,20190200,1230.0,20181200
2018-10-16 05:15:00,1235.8,20190200,1235.8,20190200,1229.4,20181200
2018-10-16 05:30:00,1235.3,20190200,1235.3,20190200,1229.9,20181200
2018-10-16 05:45:00,1235.4,20190200,1235.4,20190200,1229.4,20181200
2018-10-16 06:15:00,1235.5,20190200,1235.5,20190200,1229.3,20181200
2018-10-16 06:30:00,1234.5,20190200,1234.5,20190200,1228.7,20181200
2018-10-16 06:45:00,1234.7,20190200,1234.7,20190200,1228.8,20181200
2018-10-16 07:00:00,1235.2,20190200,1235.2,20190200,1229.5,20181200
2018-10-16 07:15:00,1237.0,20190200,1237.0,20190200,1230.1,20181200
2018-10-16 07:30:00,1236.5,20190200,1236.5,20190200,1230.2,20181200
2018-10-16 07:45:00,1236.5,20190200,1236.5,20190200,1229.7,20181200
2018-10-16 08:00:00,1237.4,20190200,1237.4,20190200,1229.8,20181200
2018-10-16 08:15:00,1237.5,20190200,1237.5,20190200,1231.8,20181200
2018-10-16 08:30:00,1238.6,20190200,1238.6,20190200,1232.4,20181200
2018-10-16 08:45:00,1238.4,20190200,1238.4,20190200,1232.9,20181200
2018-10-16 09:00:00,1238.8,20190200,1238.8,20190200,1233.1,20181200
2018-10-16 09:15:00,1239.6,20190200,1239.6,20190200,1233.1,20181200
2018-10-16 09:30:00,1239.2,20190200,1239.2,20190200,1232.9,20181200
2018-10-16 09:45:00,1238.3,20190200,1238.3,20190200,1232.3,20181200
2018-10-16 10:00:00,1237.1,20190200,1237.1,20190200,1231.4,20181200
2018-10-16 10:15:00,1237.6,20190200,1237.6,20190200,1232.3,20181200
2018-10-16 10:30:00,1237.6,20190200,1237.6,20190200,1231.7,20181200
2018-10-16 10:45:00,1237.9,20190200,1237.9,20190200,1231.8,20181200
2018-10-16 11:00:00,1237.9,20190200,1237.9,20190200,1232.3,20181200
2018-10-16 11:15:00,1237.9,20190200,1237.9,20190200,1231.8,20181200
2018-10-16 11:30:00,1237.9,20190200,1237.9,20190200,1232.7,20181200
2018-10-16 11:45:00,1237.9,20190200,1237.9,20190200,1233.0,20181200
2018-10-16 12:00:00,1238.9,20190200,1238.9,20190200,1233.5,20181200
2018-10-16 12:15:00,1238.6,20190200,1238.6,20190200,1232.4,20181200
2018-10-16 12:30:00,1238.7,20190200,1238.7,20190200,1233.0,20181200
2018-10-16 12:45:00,1239.5,20190200,1239.5,20190200,1233.5,20181200
2018-10-16 13:00:00,1237.9,20190200,1237.9,20190200,1232.1,20181200
2018-10-16 13:15:00,1240.2,20190200,1240.2,20190200,1234.6,20181200
2018-10-16 13:30:00,1240.5,20190200,1240.5,20190200,1234.8,20181200
2018-10-16 13:45:00,1239.7,20190200,1239.7,20190200,1233.6,20181200
2018-10-16 14:00:00,1239.1,20190200,1239.1,20190200,1233.3,20181200
2018-10-16 14:15:00,1241.0,20190200,1241.0,20190200,1234.6,20181200
2018-10-16 14:30:00,1240.1,20190200,1240.1,20190200,1234.5,20181200
2018-10-16 14:45:00,1240.0,20190200,1240.0,20190200,1234.6,20181200
2018-10-16 15:00:00,1240.4,20190200,1240.4,20190200,1233.7,20181200
2018-10-16 15:15:00,1240.0,20190200,1240.0,20190200,1234.5,20181200
2018-10-16 15:30:00,1240.2,20190200,1240.2,20190200,1233.6,20181200
2018-10-16 15:45:00,1238.3,20190200,1238.3,20190200,1232.3,20181200
2018-10-16 16:00:00,1237.3,20190200,1237.3,20190200,1231.4,20181200
2018-10-16 16:15:00,1238.4,20190200,1238.4,20190200,1232.0,20181200
2018-10-16 16:30:00,1237.8,20190200,1237.8,20190200,1231.9,20181200
2018-10-16 16:45:00,1237.5,20190200,1237.5,20190200,1231.7,20181200
2018-10-16 17:00:00,1237.9,20190200,1237.9,20190200,1232.2,20181200
2018-10-16 17:15:00,1237.8,20190200,1237.8,20190200,1231.7,20181200
2018-10-16 17:30:00,1237.8,20190200,1237.8,20190200,1231.6,20181200
2018-10-16 17:45:00,1237.9,20190200,1237.9,20190200,1231.8,20181200
2018-10-16 18:00:00,1238.2,20190200,1238.2,20190200,1231.8,20181200
2018-10-16 18:15:00,1237.2,20190200,1237.2,20190200,1231.1,20181200
2018-10-16 18:30:00,1236.5,20190200,1236.5,20190200,1229.9,20181200
2018-10-16 18:45:00,1235.2,20190200,1235.2,20190200,1229.3,20181200
2018-10-16 19:00:00,1235.3,20190200,1235.3,20190200,1229.9,20181200
2018-10-16 19:15:00,1235.7,20190200,1235.7,20190200,1229.5,20181200
2018-10-16 19:30:00,1235.0,20190200,1235.0,20190200,1228.9,20181200
2018-10-16 19:45:00,1235.0,20190200,1235.0,20190200,1229.0,20181200
2018-10-16 20:00:00,1235.8,20190200,1235.8,20190200,1229.6,20181200
2018-10-16 20:15:00,1235.1,20190200,1235.1,20190200,1229.1,20181200
2018-10-16 20:30:00,1233.8,20190200,1233.8,20190200,1228.0,20181200
2018-10-16 20:45:00,1234.3,20190200,1234.3,20190200,1228.1,20181200
2018-10-16 21:00:00,1233.6,20190200,1233.6,20190200,1227.7,20181200
2018-10-16 21:15:00,1233.1,20190200,1233.1,20190200,1227.9,20181200
2018-10-16 21:30:00,1233.4,20190200,1233.4,20190200,1227.5,20181200
2018-10-16 21:45:00,1233.7,20190200,1233.7,20190200,1228.1,20181200
2018-10-16 23:00:00,1235.0,20190200,1235.0,20190200,1229.2,20181200
2018-10-16 23:15:00,1234.5,20190200,1234.5,20190200,1228.5,20181200
2018-10-16 23:30:00,1234.5,20190200,1234.5,20190200,1228.6,20181200
2018-10-16 23:45:00,1234.5,20190200,1234.5,20190200,1228.6,20181200
2018-10-17 00:00:00,1234.9,20190200,1234.9,20190200,1229.0,20181200
2018-10-17 00:15:00,1234.9,20190200,1234.9,20190200,1229.0,20181200
2018-10-17 00:30:00,1234.9,20190200,1234.9,20190200,1229.0,20181200
2018-10-17 00:45:00,1234.9,20190200,1234.9,20190200,1228.3,20181200
2018-10-17 01:00:00,1234.9,20190200,1234.9,20190200,1228.5,20181200
2018-10-17 01:15:00,1234.9,20190200,1234.9,20190200,1228.3,20181200
2018-10-17 01:30:00,1234.9,20190200,1234.9,20190200,1228.5,20181200
2018-10-17 01:45:00,1234.9,20190200,1234.9,20190200,1228.4,20181200
2018-10-17 02:00:00,1233.0,20190200,1233.0,20190200,1227.2,20181200
2018-10-17 02:15:00,1233.3,20190200,1233.3,20190200,1228.1,20181200
2018-10-17 02:30:00,1233.4,20190200,1233.4,20190200,1227.0,20181200
2018-10-17 02:45:00,1233.4,20190200,1233.4,20190200,1227.7,20181200
2018-10-17 03:00:00,1232.5,20190200,1232.5,20190200,1226.6,20181200
2018-10-17 03:15:00,1231.8,20190200,1231.8,20190200,1226.3,20181200
2018-10-17 03:30:00,1231.4,20190200,1231.4,20190200,1225.6,20181200
2018-10-17 03:45:00,1231.4,20190200,1231.4,20190200,1225.8,20181200
2018-10-17 04:00:00,1231.4,20190200,1231.4,20190200,1225.3,20181200
2018-10-17 04:15:00,1231.4,20190200,1231.4,20190200,1225.4,20181200
2018-10-17 04:30:00,1231.4,20190200,1231.4,20190200,1225.0,20181200
2018-10-17 04:45:00,1231.4,20190200,1231.4,20190200,1225.0,20181200
2018-10-17 05:15:00,1231.4,20190200,1231.4,20190200,1225.6,20181200
2018-10-17 05:30:00,1231.2,20190200,1231.2,20190200,1225.4,20181200
2018-10-17 05:45:00,1231.0,20190200,1231.0,20190200,1225.3,20181200
2018-10-17 06:15:00,1229.8,20190200,1229.8,20190200,1224.3,20181200
2018-10-17 06:30:00,1231.0,20190200,1231.0,20190200,1225.2,20181200
2018-10-17 06:45:00,1231.0,20190200,1231.0,20190200,1225.9,20181200
2018-10-17 07:00:00,1231.0,20190200,1231.0,20190200,1226.2,20181200
2018-10-17 07:15:00,1231.0,20190200,1231.0,20190200,1226.2,20181200
2018-10-17 07:30:00,1232.5,20190200,1232.5,20190200,1226.5,20181200
2018-10-17 07:45:00,1232.3,20190200,1232.3,20190200,1226.7,20181200
2018-10-17 08:00:00,1232.4,20190200,1232.4,20190200,1226.4,20181200
2018-10-17 08:15:00,1232.9,20190200,1232.9,20190200,1226.7,20181200
2018-10-17 08:30:00,1231.8,20190200,1231.8,20190200,1226.1,20181200
2018-10-17 08:45:00,1232.1,20190200,1232.1,20190200,1225.1,20181200
2018-10-17 09:00:00,1234.4,20190200,1234.4,20190200,1228.1,20181200
2018-10-17 09:15:00,1234.2,20190200,1234.2,20190200,1227.8,20181200
2018-10-17 09:30:00,1237.0,20190200,1237.0,20190200,1231.0,20181200
2018-10-17 09:45:00,1236.9,20190200,1236.9,20190200,1230.6,20181200
2018-10-17 10:00:00,1236.4,20190200,1236.4,20190200,1230.2,20181200
2018-10-17 10:15:00,1236.4,20190200,1236.4,20190200,1230.6,20181200
2018-10-17 10:30:00,1236.0,20190200,1236.0,20190200,1230.6,20181200
2018-10-17 10:45:00,1236.1,20190200,1236.1,20190200,1230.0,20181200
2018-10-17 11:00:00,1237.1,20190200,1237.1,20190200,1230.8,20181200
2018-10-17 11:15:00,1236.3,20190200,1236.3,20190200,1230.3,20181200
2018-10-17 11:30:00,1235.3,20190200,1235.3,20190200,1229.6,20181200
2018-10-17 11:45:00,1234.8,20190200,1234.8,20190200,1228.7,20181200
2018-10-17 12:00:00,1234.8,20190200,1234.8,20190200,1229.7,20181200
2018-10-17 12:15:00,1235.3,20190200,1235.3,20190200,1230.2,20181200
2018-10-17 12:30:00,1236.1,20190200,1236.1,20190200,1229.7,20181200
2018-10-17 12:45:00,1235.0,20190200,1235.0,20190200,1229.2,20181200
2018-10-17 13:00:00,1235.7,20190200,1235.7,20190200,1228.6,20181200
2018-10-17 13:15:00,1235.4,20190200,1235.4,20190200,1229.4,20181200
2018-10-17 13:30:00,1235.5,20190200,1235.5,20190200,1229.3,20181200
2018-10-17 13:45:00,1236.2,20190200,1236.2,20190200,1230.4,20181200
2018-10-17 14:00:00,1235.9,20190200,1235.9,20190200,1229.8,20181200
2018-10-17 14:15:00,1234.5,20190200,1234.5,20190200,1228.4,20181200
2018-10-17 14:30:00,1234.5,20190200,1234.5,20190200,1229.4,20181200
2018-10-17 14:45:00,1237.1,20190200,1237.1,20190200,1231.0,20181200
2018-10-17 15:00:00,1237.0,20190200,1237.0,20190200,1231.5,20181200
2018-10-17 15:15:00,1238.1,20190200,1238.1,20190200,1232.3,20181200
2018-10-17 15:30:00,1238.1,20190200,1238.1,20190200,1232.1,20181200
2018-10-17 15:45:00,1234.9,20190200,1234.9,20190200,1229.3,20181200
2018-10-17 16:00:00,1236.1,20190200,1236.1,20190200,1229.9,20181200
2018-10-17 16:15:00,1236.3,20190200,1236.3,20190200,1230.5,20181200
2018-10-17 16:30:00,1236.0,20190200,1236.0,20190200,1230.1,20181200
2018-10-17 16:45:00,1235.9,20190200,1235.9,20190200,1229.9,20181200
2018-10-17 17:00:00,1236.5,20190200,1236.5,20190200,1230.4,20181200
2018-10-17 17:15:00,1235.0,20190200,1235.0,20190200,1229.2,20181200
2018-10-17 17:30:00,1235.2,20190200,1235.2,20190200,1228.9,20181200
2018-10-17 17:45:00,1233.7,20190200,1233.7,20190200,1227.9,20181200
2018-10-17 18:00:00,1233.7,20190200,1233.7,20190200,1228.1,20181200
2018-10-17 18:15:00,1233.1,20190200,1233.1,20190200,1227.2,20181200
2018-10-17 18:30:00,1232.9,20190200,1232.9,20190200,1227.1,20181200
2018-10-17 18:45:00,1233.3,20190200,1233.3,20190200,1227.8,20181200
2018-10-17 19:00:00,1233.0,20190200,1233.0,20190200,1226.9,20181200
2018-10-17 19:15:00,1232.8,20190200,1232.8,20190200,1226.5,20181200
2018-10-17 19:30:00,1232.7,20190200,1232.7,20190200,1226.7,20181200
2018-10-17 19:45:00,1233.0,20190200,1233.0,20190200,1226.1,20181200
2018-10-17 20:00:00,1232.5,20190200,1232.5,20190200,1226.1,20181200
2018-10-17 20:15:00,1231.9,20190200,1231.9,20190200,1226.3,20181200
2018-10-17 20:30:00,1232.4,20190200,1232.4,20190200,1226.2,20181200
2018-10-17 20:45:00,1232.5,20190200,1232.5,20190200,1226.7,20181200
2018-10-17 21:00:00,1232.3,20190200,1232.3,20190200,1226.4,20181200
2018-10-17 21:15:00,1231.5,20190200,1231.5,20190200,1225.3,20181200
2018-10-17 21:30:00,1231.4,20190200,1231.4,20190200,1225.2,20181200
2018-10-17 21:45:00,1231.3,20190200,1231.3,20190200,1225.5,20181200
2018-10-17 23:00:00,1230.0,20190200,1230.0,20190200,1224.4,20181200
2018-10-17 23:15:00,1231.7,20190200,1231.7,20190200,1225.5,20181200
2018-10-17 23:30:00,1231.7,20190200,1231.7,20190200,1225.5,20181200
2018-10-17 23:45:00,1231.6,20190200,1231.6,20190200,1226.0,20181200
2018-10-18 00:00:00,1231.6,20190200,1231.6,20190200,1226.7,20181200
2018-10-18 00:15:00,1231.6,20190200,1231.6,20190200,1225.7,20181200
2018-10-18 00:30:00,1231.6,20190200,1231.6,20190200,1225.6,20181200
2018-10-18 00:45:00,1231.6,20190200,1231.6,20190200,1225.3,20181200
2018-10-18 01:00:00,1231.6,20190200,1231.6,20190200,1225.9,20181200
2018-10-18 01:15:00,1231.2,20190200,1231.2,20190200,1225.6,20181200
2018-10-18 01:30:00,1231.6,20190200,1231.6,20190200,1225.1,20181200
2018-10-18 01:45:00,1231.6,20190200,1231.6,20190200,1225.5,20181200
2018-10-18 02:00:00,1231.6,20190200,1231.6,20190200,1226.4,20181200
2018-10-18 02:15:00,1231.6,20190200,1231.6,20190200,1226.3,20181200
2018-10-18 02:30:00,1232.2,20190200,1232.2,20190200,1225.7,20181200
2018-10-18 02:45:00,1231.2,20190200,1231.2,20190200,1225.3,20181200
2018-10-18 03:00:00,1231.2,20190200,1231.2,20190200,1225.9,20181200
2018-10-18 03:15:00,1231.2,20190200,1231.2,20190200,1225.6,20181200
2018-10-18 03:30:00,1231.2,20190200,1231.2,20190200,1226.1,20181200
2018-10-18 03:45:00,1231.2,20190200,1231.2,20190200,1226.2,20181200
2018-10-18 04:00:00,1231.2,20190200,1231.2,20190200,1226.2,20181200
2018-10-18 04:15:00,1232.2,20190200,1232.2,20190200,1226.5,20181200
2018-10-18 04:30:00,1232.0,20190200,1232.0,20190200,1226.3,20181200
2018-10-18 04:45:00,1232.0,20190200,1232.0,20190200,1226.7,20181200
2018-10-18 05:15:00,1232.0,20190200,1232.0,20190200,1226.9,20181200
2018-10-18 05:30:00,1232.4,20190200,1232.4,20190200,1226.4,20181200
2018-10-18 05:45:00,1232.4,20190200,1232.4,20190200,1226.7,20181200
2018-10-18 06:15:00,1231.2,20190200,1231.2,20190200,1225.5,20181200
2018-10-18 06:30:00,1231.2,20190200,1231.2,20190200,1225.8,20181200
2018-10-18 06:45:00,1231.2,20190200,1231.2,20190200,1225.9,20181200
2018-10-18 07:00:00,1229.1,20190200,1229.1,20190200,1223.3,20181200
2018-10-18 07:15:00,1229.0,20190200,1229.0,20190200,1223.4,20181200
2018-10-18 07:30:00,1228.1,20190200,1228.1,20190200,1222.1,20181200
2018-10-18 07:45:00,1229.1,20190200,1229.1,20190200,1223.7,20181200
2018-10-18 08:00:00,1230.4,20190200,1230.4,20190200,1224.2,20181200
2018-10-18 08:15:00,1230.4,20190200,1230.4,20190200,1223.9,20181200
2018-10-18 08:30:00,1230.4,20190200,1230.4,20190200,1225.3,20181200
2018-10-18 08:45:00,1231.9,20190200,1231.9,20190200,1225.5,20181200
2018-10-18 09:00:00,1231.2,20190200,1231.2,20190200,1225.2,20181200
2018-10-18 09:15:00,1231.0,20190200,1231.0,20190200,1225.4,20181200
2018-10-18 09:30:00,1232.3,20190200,1232.3,20190200,1226.0,20181200
2018-10-18 09:45:00,1232.3,20190200,1232.3,20190200,1226.3,20181200
2018-10-18 10:00:00,1232.3,20190200,1232.3,20190200,1226.6,20181200
2018-10-18 10:15:00,1233.2,20190200,1233.2,20190200,1227.1,20181200
2018-10-18 10:30:00,1233.2,20190200,1233.2,20190200,1225.9,20181200
2018-10-18 10:45:00,1232.0,20190200,1232.0,20190200,1226.3,20181200
2018-10-18 11:00:00,1232.3,20190200,1232.3,20190200,1225.9,20181200
2018-10-18 11:15:00,1231.8,20190200,1231.8,20190200,1226.3,20181200
2018-10-18 11:30:00,1232.0,20190200,1232.0,20190200,1226.1,20181200
2018-10-18 11:45:00,1232.6,20190200,1232.6,20190200,1226.3,20181200
2018-10-18 12:00:00,1232.5,20190200,1232.5,20190200,1226.6,20181200
2018-10-18 12:15:00,1232.8,20190200,1232.8,20190200,1226.6,20181200
2018-10-18 12:30:00,1232.8,20190200,1232.8,20190200,1227.4,20181200
2018-10-18 12:45:00,1233.5,20190200,1233.5,20190200,1227.6,20181200
2018-10-18 13:00:00,1233.3,20190200,1233.3,20190200,1226.9,20181200
2018-10-18 13:15:00,1234.2,20190200,1234.2,20190200,1228.4,20181200
2018-10-18 13:30:00,1234.4,20190200,1234.4,20190200,1228.8,20181200
2018-10-18 13:45:00,1232.0,20190200,1232.0,20190200,1226.5,20181200
2018-10-18 14:00:00,1231.5,20190200,1231.5,20190200,1225.5,20181200
2018-10-18 14:15:00,1233.2,20190200,1233.2,20190200,1227.3,20181200
2018-10-18 14:30:00,1233.0,20190200,1233.0,20190200,1226.5,20181200
2018-10-18 14:45:00,1231.5,20190200,1231.5,20190200,1226.0,20181200
2018-10-18 15:00:00,1233.6,20190200,1233.6,20190200,1227.6,20181200
2018-10-18 15:15:00,1234.0,20190200,1234.0,20190200,1228.3,20181200
2018-10-18 15:30:00,1233.0,20190200,1233.0,20190200,1226.8,20181200
2018-10-18 15:45:00,1234.0,20190200,1234.0,20190200,1228.1,20181200
2018-10-18 16:00:00,1236.7,20190200,1236.7,20190200,1230.3,20181200
2018-10-18 16:15:00,1236.2,20190200,1236.2,20190200,1230.2,20181200
2018-10-18 16:30:00,1237.2,20190200,1237.2,20190200,1231.1,20181200
2018-10-18 16:45:00,1238.7,20190200,1238.7,20190200,1232.6,20181200
2018-10-18 17:00:00,1238.5,20190200,1238.5,20190200,1232.6,20181200
2018-10-18 17:15:00,1237.8,20190200,1237.8,20190200,1231.7,20181200
2018-10-18 17:30:00,1237.5,20190200,1237.5,20190200,1231.3,20181200
2018-10-18 17:45:00,1236.7,20190200,1236.7,20190200,1230.9,20181200
2018-10-18 18:00:00,1236.4,20190200,1236.4,20190200,1230.4,20181200
2018-10-18 18:15:00,1236.1,20190200,1236.1,20190200,1230.2,20181200
2018-10-18 18:30:00,1236.5,20190200,1236.5,20190200,1230.7,20181200
2018-10-18 18:45:00,1236.5,20190200,1236.5,20190200,1230.5,20181200
2018-10-18 19:00:00,1235.3,20190200,1235.3,20190200,1229.7,20181200
2018-10-18 19:15:00,1235.9,20190200,1235.9,20190200,1229.5,20181200
2018-10-18 19:30:00,1235.2,20190200,1235.2,20190200,1229.3,20181200
2018-10-18 19:45:00,1235.0,20190200,1235.0,20190200,1229.5,20181200
2018-10-18 20:00:00,1235.5,20190200,1235.5,20190200,1229.9,20181200
2018-10-18 20:15:00,1235.5,20190200,1235.5,20190200,1229.3,20181200
2018-10-18 20:30:00,1233.9,20190200,1233.9,20190200,1227.7,20181200
2018-10-18 20:45:00,1234.3,20190200,1234.3,20190200,1228.1,20181200
2018-10-18 21:00:00,1234.3,20190200,1234.3,20190200,1228.7,20181200
2018-10-18 21:15:00,1234.7,20190200,1234.7,20190200,1229.0,20181200
2018-10-18 21:30:00,1234.7,20190200,1234.7,20190200,1228.7,20181200
2018-10-18 21:45:00,1235.0,20190200,1235.0,20190200,1228.9,20181200
2018-10-18 23:00:00,1234.8,20190200,1234.8,20190200,1226.2,20181200
2018-10-18 23:15:00,1234.6,20190200,1234.6,20190200,1228.6,20181200
2018-10-18 23:30:00,1234.9,20190200,1234.9,20190200,1229.1,20181200
2018-10-18 23:45:00,1234.9,20190200,1234.9,20190200,1228.6,20181200
2018-10-19 00:00:00,1234.9,20190200,1234.9,20190200,1229.3,20181200
2018-10-19 00:15:00,1234.9,20190200,1234.9,20190200,1229.2,20181200
2018-10-19 00:30:00,1234.9,20190200,1234.9,20190200,1229.0,20181200
2018-10-19 00:45:00,1234.9,20190200,1234.9,20190200,1228.9,20181200
2018-10-19 01:00:00,1235.0,20190200,1235.0,20190200,1229.2,20181200
2018-10-19 01:15:00,1234.5,20190200,1234.5,20190200,1228.6,20181200
2018-10-19 01:30:00,1234.8,20190200,1234.8,20190200,1228.7,20181200
2018-10-19 01:45:00,1234.8,20190200,1234.8,20190200,1228.5,20181200
2018-10-19 02:00:00,1236.8,20190200,1236.8,20190200,1231.2,20181200
2018-10-19 02:15:00,1237.5,20190200,1237.5,20190200,1230.9,20181200
2018-10-19 02:30:00,1237.5,20190200,1237.5,20190200,1231.0,20181200
2018-10-19 02:45:00,1237.5,20190200,1237.5,20190200,1230.8,20181200
2018-10-19 03:00:00,1235.7,20190200,1235.7,20190200,1230.3,20181200
2018-10-19 03:15:00,1235.7,20190200,1235.7,20190200,1230.0,20181200
2018-10-19 03:30:00,1236.0,20190200,1236.0,20190200,1230.2,20181200
2018-10-19 03:45:00,1236.2,20190200,1236.2,20190200,1230.9,20181200
2018-10-19 04:00:00,1236.2,20190200,1236.2,20190200,1231.0,20181200
2018-10-19 04:15:00,1236.2,20190200,1236.2,20190200,1230.9,20181200
2018-10-19 04:30:00,1236.9,20190200,1236.9,20190200,1230.6,20181200
2018-10-19 04:45:00,1236.9,20190200,1236.9,20190200,1230.4,20181200
2018-10-19 05:15:00,1236.9,20190200,1236.9,20190200,1230.3,20181200
2018-10-19 05:30:00,1236.6,20190200,1236.6,20190200,1231.0,20181200
2018-10-19 05:45:00,1236.7,20190200,1236.7,20190200,1230.5,20181200
2018-10-19 06:15:00,1236.7,20190200,1236.7,20190200,1230.6,20181200
2018-10-19 06:30:00,1236.7,20190200,1236.7,20190200,1231.3,20181200
2018-10-19 06:45:00,1237.9,20190200,1237.9,20190200,1231.8,20181200
2018-10-19 07:00:00,1238.2,20190200,1238.2,20190200,1232.0,20181200
2018-10-19 07:15:00,1237.4,20190200,1237.4,20190200,1231.2,20181200
2018-10-19 07:30:00,1237.4,20190200,1237.4,20190200,1231.9,20181200
2018-10-19 07:45:00,1237.1,20190200,1237.1,20190200,1230.9,20181200
2018-10-19 08:00:00,1232.7,20190200,1232.7,20190200,1226.7,20181200
2018-10-19 08:15:00,1234.1,20190200,1234.1,20190200,1228.6,20181200
2018-10-19 08:30:00,1234.9,20190200,1234.9,20190200,1228.9,20181200
2018-10-19 08:45:00,1235.2,20190200,1235.2,20190200,1229.8,20181200
2018-10-19 09:00:00,1235.2,20190200,1235.2,20190200,1229.2,20181200
2018-10-19 09:15:00,1235.0,20190200,1235.0,20190200,1229.3,20181200
2018-10-19 09:30:00,1235.3,20190200,1235.3,20190200,1229.2,20181200
2018-10-19 09:45:00,1235.0,20190200,1235.0,20190200,1229.5,20181200
2018-10-19 10:00:00,1236.1,20190200,1236.1,20190200,1230.3,20181200
2018-10-19 10:15:00,1237.5,20190200,1237.5,20190200,1231.3,20181200
2018-10-19 10:30:00,1237.2,20190200,1237.2,20190200,1231.3,20181200
2018-10-19 10:45:00,1237.6,20190200,1237.6,20190200,1231.6,20181200
2018-10-19 11:00:00,1237.2,20190200,1237.2,20190200,1231.1,20181200
2018-10-19 11:15:00,1237.3,20190200,1237.3,20190200,1231.6,20181200
2018-10-19 11:30:00,1237.3,20190200,1237.3,20190200,1231.2,20181200
2018-10-19 11:45:00,1237.3,20190200,1237.3,20190200,1230.6,20181200
2018-10-19 12:00:00,1236.0,20190200,1236.0,20190200,1230.0,20181200
2018-10-19 12:15:00,1237.3,20190200,1237.3,20190200,1230.9,20181200
2018-10-19 12:30:00,1236.8,20190200,1236.8,20190200,1231.2,20181200
2018-10-19 12:45:00,1237.5,20190200,1237.5,20190200,1231.5,20181200
2018-10-19 13:00:00,1238.2,20190200,1238.2,20190200,1232.0,20181200
2018-10-19 13:15:00,1238.9,20190200,1238.9,20190200,1233.1,20181200
2018-10-19 13:30:00,1238.7,20190200,1238.7,20190200,1231.4,20181200
2018-10-19 13:45:00,1238.0,20190200,1238.0,20190200,1231.4,20181200
2018-10-19 14:00:00,1237.9,20190200,1237.9,20190200,1231.2,20181200
2018-10-19 14:15:00,1237.6,20190200,1237.6,20190200,1231.6,20181200
2018-10-19 14:30:00,1236.0,20190200,1236.0,20190200,1230.8,20181200
2018-10-19 14:45:00,1237.6,20190200,1237.6,20190200,1231.2,20181200
2018-10-19 15:00:00,1236.9,20190200,1236.9,20190200,1231.0,20181200
2018-10-19 15:15:00,1236.8,20190200,1236.8,20190200,1230.8,20181200
2018-10-19 15:30:00,1236.3,20190200,1236.3,20190200,1230.3,20181200
2018-10-19 15:45:00,1236.2,20190200,1236.2,20190200,1230.7,20181200
2018-10-19 16:00:00,1235.5,20190200,1235.5,20190200,1229.5,20181200
2018-10-19 16:15:00,1235.8,20190200,1235.8,20190200,1229.8,20181200
2018-10-19 16:30:00,1236.5,20190200,1236.5,20190200,1230.2,20181200
2018-10-19 16:45:00,1236.3,20190200,1236.3,20190200,1229.8,20181200
2018-10-19 17:00:00,1235.9,20190200,1235.9,20190200,1229.9,20181200
2018-10-19 17:15:00,1236.5,20190200,1236.5,20190200,1230.5,20181200
2018-10-19 17:30:00,1236.4,20190200,1236.4,20190200,1230.7,20181200
2018-10-19 17:45:00,1236.1,20190200,1236.1,20190200,1230.4,20181200
2018-10-19 18:00:00,1235.6,20190200,1235.6,20190200,1229.6,20181200
2018-10-19 18:15:00,1234.5,20190200,1234.5,20190200,1228.6,20181200
2018-10-19 18:30:00,1234.9,20190200,1234.9,20190200,1229.1,20181200
2018-10-19 18:45:00,1234.9,20190200,1234.9,20190200,1229.3,20181200
2018-10-19 19:00:00,1235.7,20190200,1235.7,20190200,1229.7,20181200
2018-10-19 19:15:00,1235.6,20190200,1235.6,20190200,1229.7,20181200
2018-10-19 19:30:00,1234.9,20190200,1234.9,20190200,1229.7,20181200
2018-10-19 19:45:00,1234.9,20190200,1234.9,20190200,1229.0,20181200
2018-10-19 20:00:00,1234.9,20190200,1234.9,20190200,1228.8,20181200
2018-10-19 20:15:00,1235.0,20190200,1235.0,20190200,1229.2,20181200
2018-10-19 20:30:00,1235.4,20190200,1235.4,20190200,1229.6,20181200
2018-10-19 20:45:00,1235.5,20190200,1235.5,20190200,1229.3,20181200
2018-10-19 21:00:00,1235.5,20190200,1235.5,20190200,1229.6,20181200
2018-10-19 21:15:00,1235.5,20190200,1235.5,20190200,1229.5,20181200
2018-10-19 21:30:00,1235.6,20190200,1235.6,20190200,1229.6,20181200
2018-10-19 21:45:00,1235.5,20190200,1235.5,20190200,1230.0,20181200
2018-10-19 23:00:00,1235.7,20190200,1235.7,20190200,1230.7,20181200
2018-10-21 23:00:00,1237.1,20190200,1237.1,20190200,1230.9,20181200
2018-10-21 23:15:00,1237.1,20190200,1237.1,20190200,1230.5,20181200
2018-10-21 23:30:00,1237.0,20190200,1237.0,20190200,1230.7,20181200
2018-10-21 23:45:00,1237.0,20190200,1237.0,20190200,1230.2,20181200
2018-10-22 00:00:00,1237.0,20190200,1237.0,20190200,1230.1,20181200
2018-10-22 00:15:00,1237.0,20190200,1237.0,20190200,1230.0,20181200
2018-10-22 00:30:00,1237.0,20190200,1237.0,20190200,1230.6,20181200
2018-10-22 00:45:00,1237.0,20190200,1237.0,20190200,1230.3,20181200
2018-10-22 01:00:00,1238.3,20190200,1238.3,20190200,1232.0,20181200
2018-10-22 01:15:00,1236.9,20190200,1236.9,20190200,1230.9,20181200
2018-10-22 01:30:00,1236.1,20190200,1236.1,20190200,1230.4,20181200
2018-10-22 01:45:00,1236.0,20190200,1236.0,20190200,1230.2,20181200
2018-10-22 02:00:00,1235.9,20190200,1235.9,20190200,1229.7,20181200
2018-10-22 02:15:00,1235.3,20190200,1235.3,20190200,1229.7,20181200
2018-10-22 02:30:00,1236.0,20190200,1236.0,20190200,1230.1,20181200
2018-10-22 02:45:00,1236.0,20190200,1236.0,20190200,1230.4,20181200
2018-10-22 03:00:00,1236.7,20190200,1236.7,20190200,1231.1,20181200
2018-10-22 03:15:00,1236.7,20190200,1236.7,20190200,1230.6,20181200
2018-10-22 03:30:00,1236.7,20190200,1236.7,20190200,1231.1,20181200
2018-10-22 03:45:00,1236.7,20190200,1236.7,20190200,1231.0,20181200
2018-10-22 04:00:00,1236.7,20190200,1236.7,20190200,1230.9,20181200
2018-10-22 04:15:00,1236.5,20190200,1236.5,20190200,1230.3,20181200
2018-10-22 04:30:00,1237.0,20190200,1237.0,20190200,1231.1,20181200
2018-10-22 04:45:00,1237.0,20190200,1237.0,20190200,1231.3,20181200
2018-10-22 05:15:00,1237.0,20190200,1237.0,20190200,1230.9,20181200
2018-10-22 05:30:00,1236.9,20190200,1236.9,20190200,1230.8,20181200
2018-10-22 05:45:00,1237.0,20190200,1237.0,20190200,1230.6,20181200
2018-10-22 06:15:00,1236.9,20190200,1236.9,20190200,1231.2,20181200
2018-10-22 06:30:00,1236.9,20190200,1236.9,20190200,1230.1,20181200
2018-10-22 06:45:00,1236.0,20190200,1236.0,20190200,1229.7,20181200
2018-10-22 07:00:00,1235.3,20190200,1235.3,20190200,1230.1,20181200
2018-10-22 07:15:00,1236.2,20190200,1236.2,20190200,1230.2,20181200
2018-10-22 07:30:00,1235.9,20190200,1235.9,20190200,1229.9,20181200
2018-10-22 07:45:00,1235.0,20190200,1235.0,20190200,1229.3,20181200
2018-10-22 08:00:00,1236.1,20190200,1236.1,20190200,1230.2,20181200
2018-10-22 08:15:00,1236.1,20190200,1236.1,20190200,1230.3,20181200
2018-10-22 08:30:00,1235.3,20190200,1235.3,20190200,1229.3,20181200
2018-10-22 08:45:00,1235.0,20190200,1235.0,20190200,1228.5,20181200
2018-10-22 09:00:00,1233.3,20190200,1233.3,20190200,1227.9,20181200
2018-10-22 09:15:00,1233.3,20190200,1233.3,20190200,1227.5,20181200
2018-10-22 09:30:00,1232.4,20190200,1232.4,20190200,1226.8,20181200
2018-10-22 09:45:00,1232.4,20190200,1232.4,20190200,1226.4,20181200
2018-10-22 10:00:00,1232.0,20190200,1232.0,20190200,1226.1,20181200
2018-10-22 10:15:00,1231.8,20190200,1231.8,20190200,1226.2,20181200
2018-10-22 10:30:00,1231.7,20190200,1231.7,20190200,1225.7,20181200
2018-10-22 10:45:00,1231.6,20190200,1231.6,20190200,1225.5,20181200
2018-10-22 11:00:00,1232.0,20190200,1232.0,20190200,1226.3,20181200
2018-10-22 11:15:00,1232.3,20190200,1232.3,20190200,1226.3,20181200
2018-10-22 11:30:00,1232.6,20190200,1232.6,20190200,1226.7,20181200
2018-10-22 11:45:00,1233.1,20190200,1233.1,20190200,1226.3,20181200
2018-10-22 12:00:00,1232.0,20190200,1232.0,20190200,1226.3,20181200
2018-10-22 12:15:00,1231.9,20190200,1231.9,20190200,1225.8,20181200
2018-10-22 12:30:00,1231.7,20190200,1231.7,20190200,1225.9,20181200
2018-10-22 12:45:00,1231.7,20190200,1231.7,20190200,1225.5,20181200
2018-10-22 13:00:00,1231.8,20190200,1231.8,20190200,1225.6,20181200
2018-10-22 13:15:00,1231.8,20190200,1231.8,20190200,1226.4,20181200
2018-10-22 13:30:00,1232.0,20190200,1232.0,20190200,1226.2,20181200
2018-10-22 13:45:00,1231.8,20190200,1231.8,20190200,1225.9,20181200
2018-10-22 14:00:00,1230.9,20190200,1230.9,20190200,1224.9,20181200
2018-10-22 14:15:00,1230.3,20190200,1230.3,20190200,1224.3,20181200
2018-10-22 14:30:00,1230.6,20190200,1230.6,20190200,1224.5,20181200
2018-10-22 14:45:00,1231.3,20190200,1231.3,20190200,1225.0,20181200
2018-10-22 15:00:00,1229.7,20190200,1229.7,20190200,1223.5,20181200
2018-10-22 15:15:00,1229.8,20190200,1229.8,20190200,1223.9,20181200
2018-10-22 15:30:00,1229.5,20190200,1229.5,20190200,1223.5,20181200
2018-10-22 15:45:00,1230.0,20190200,1230.0,20190200,1224.0,20181200
2018-10-22 16:00:00,1230.6,20190200,1230.6,20190200,1224.4,20181200
2018-10-22 16:15:00,1229.6,20190200,1229.6,20190200,1223.7,20181200
2018-10-22 16:30:00,1229.5,20190200,1229.5,20190200,1223.9,20181200
2018-10-22 16:45:00,1230.4,20190200,1230.4,20190200,1224.4,20181200
2018-10-22 17:00:00,1230.5,20190200,1230.5,20190200,1224.5,20181200
2018-10-22 17:15:00,1230.5,20190200,1230.5,20190200,1224.9,20181200
2018-10-22 17:30:00,1230.8,20190200,1230.8,20190200,1224.6,20181200
2018-10-22 17:45:00,1231.1,20190200,1231.1,20190200,1225.1,20181200
2018-10-22 18:00:00,1230.7,20190200,1230.7,20190200,1224.6,20181200
2018-10-22 18:15:00,1230.5,20190200,1230.5,20190200,1224.6,20181200
2018-10-22 18:30:00,1231.0,20190200,1231.0,20190200,1224.9,20181200
2018-10-22 18:45:00,1231.8,20190200,1231.8,20190200,1225.5,20181200
2018-10-22 19:00:00,1231.4,20190200,1231.4,20190200,1225.5,20181200
2018-10-22 19:15:00,1231.2,20190200,1231.2,20190200,1225.3,20181200
2018-10-22 19:30:00,1231.1,20190200,1231.1,20190200,1225.1,20181200
2018-10-22 19:45:00,1230.5,20190200,1230.5,20190200,1224.4,20181200
2018-10-22 20:00:00,1230.8,20190200,1230.8,20190200,1225.1,20181200
2018-10-22 20:15:00,1230.8,20190200,1230.8,20190200,1225.5,20181200
2018-10-22 20:30:00,1231.0,20190200,1231.0,20190200,1225.3,20181200
2018-10-22 20:45:00,1231.5,20190200,1231.5,20190200,1225.6,20181200
2018-10-22 21:00:00,1231.5,20190200,1231.5,20190200,1225.3,20181200
2018-10-22 21:15:00,1231.6,20190200,1231.6,20190200,1225.4,20181200
2018-10-22 21:30:00,1231.4,20190200,1231.4,20190200,1225.2,20181200
2018-10-22 21:45:00,1231.0,20190200,1231.0,20190200,1224.9,20181200
2018-10-22 23:00:00,1236.9,20190200,1236.9,20190200,1230.5,20181200
2018-10-22 23:15:00,1231.2,20190200,1231.2,20190200,1224.8,20181200
2018-10-22 23:30:00,1231.2,20190200,1231.2,20190200,1224.9,20181200
2018-10-22 23:45:00,1230.6,20190200,1230.6,20190200,1224.6,20181200
2018-10-23 00:00:00,1230.7,20190200,1230.7,20190200,1225.0,20181200
2018-10-23 00:15:00,1230.7,20190200,1230.7,20190200,1225.1,20181200
2018-10-23 00:30:00,1230.7,20190200,1230.7,20190200,1224.9,20181200
2018-10-23 00:45:00,1230.7,20190200,1230.7,20190200,1225.2,20181200
2018-10-23 01:00:00,1231.3,20190200,1231.3,20190200,1225.4,20181200
2018-10-23 01:15:00,1231.3,20190200,1231.3,20190200,1225.7,20181200
2018-10-23 01:30:00,1231.3,20190200,1231.3,20190200,1225.8,20181200
2018-10-23 01:45:00,1231.5,20190200,1231.5,20190200,1225.4,20181200
2018-10-23 02:00:00,1231.4,20190200,1231.4,20190200,1225.2,20181200
2018-10-23 02:15:00,1231.4,20190200,1231.4,20190200,1226.4,20181200
2018-10-23 02:30:00,1233.0,20190200,1233.0,20190200,1226.5,20181200
2018-10-23 02:45:00,1232.7,20190200,1232.7,20190200,1226.6,20181200
2018-10-23 03:00:00,1232.7,20190200,1232.7,20190200,1227.1,20181200
2018-10-23 03:15:00,1232.7,20190200,1232.7,20190200,1227.2,20181200
2018-10-23 03:30:00,1233.2,20190200,1233.2,20190200,1227.0,20181200
2018-10-23 03:45:00,1233.2,20190200,1233.2,20190200,1226.5,20181200
2018-10-23 04:00:00,1233.2,20190200,1233.2,20190200,1226.6,20181200
2018-10-23 04:15:00,1232.6,20190200,1232.6,20190200,1226.8,20181200
2018-10-23 04:30:00,1233.1,20190200,1233.1,20190200,1227.0,20181200
2018-10-23 04:45:00,1232.5,20190200,1232.5,20190200,1226.6,20181200
2018-10-23 05:15:00,1232.6,20190200,1232.6,20190200,1226.6,20181200
2018-10-23 05:30:00,1232.8,20190200,1232.8,20190200,1226.8,20181200
2018-10-23 05:45:00,1232.8,20190200,1232.8,20190200,1226.8,20181200
2018-10-23 06:15:00,1233.6,20190200,1233.6,20190200,1227.6,20181200
2018-10-23 06:30:00,1234.0,20190200,1234.0,20190200,1228.0,20181200
2018-10-23 06:45:00,1233.6,20190200,1233.6,20190200,1227.9,20181200
2018-10-23 07:00:00,1233.6,20190200,1233.6,20190200,1227.5,20181200
2018-10-23 07:15:00,1236.0,20190200,1236.0,20190200,1230.0,20181200
2018-10-23 07:30:00,1237.9,20190200,1237.9,20190200,1231.4,20181200
2018-10-23 07:45:00,1238.8,20190200,1238.8,20190200,1232.6,20181200
2018-10-23 08:00:00,1241.8,20190200,1241.8,20190200,1235.4,20181200
2018-10-23 08:15:00,1240.9,20190200,1240.9,20190200,1235.0,20181200
2018-10-23 08:30:00,1240.6,20190200,1240.6,20190200,1234.4,20181200
2018-10-23 08:45:00,1241.0,20190200,1241.0,20190200,1235.2,20181200
2018-10-23 09:00:00,1242.5,20190200,1242.5,20190200,1237.1,20181200
2018-10-23 09:15:00,1244.4,20190200,1244.4,20190200,1238.9,20181200
2018-10-23 09:30:00,1244.6,20190200,1244.6,20190200,1238.4,20181200
2018-10-23 09:45:00,1244.8,20190200,1244.8,20190200,1238.8,20181200
2018-10-23 10:00:00,1245.5,20190200,1245.5,20190200,1239.5,20181200
2018-10-23 10:15:00,1245.1,20190200,1245.1,20190200,1239.1,20181200
2018-10-23 10:30:00,1244.5,20190200,1244.5,20190200,1238.5,20181200
2018-10-23 10:45:00,1243.6,20190200,1243.6,20190200,1237.7,20181200
2018-10-23 11:00:00,1243.9,20190200,1243.9,20190200,1237.5,20181200
2018-10-23 11:15:00,1243.2,20190200,1243.2,20190200,1237.3,20181200
2018-10-23 11:30:00,1243.4,20190200,1243.4,20190200,1237.1,20181200
2018-10-23 11:45:00,1243.5,20190200,1243.5,20190200,1237.6,20181200
2018-10-23 12:00:00,1243.4,20190200,1243.4,20190200,1238.0,20181200
2018-10-23 12:15:00,1243.4,20190200,1243.4,20190200,1237.8,20181200
2018-10-23 12:30:00,1247.1,20190200,1247.1,20190200,1241.1,20181200
2018-10-23 12:45:00,1246.2,20190200,1246.2,20190200,1240.0,20181200
2018-10-23 13:00:00,1247.6,20190200,1247.6,20190200,1241.5,20181200
2018-10-23 13:15:00,1248.0,20190200,1248.0,20190200,1241.9,20181200
2018-10-23 13:30:00,1246.7,20190200,1246.7,20190200,1240.9,20181200
2018-10-23 13:45:00,1247.0,20190200,1247.0,20190200,1241.0,20181200
2018-10-23 14:00:00,1247.8,20190200,1247.8,20190200,1241.8,20181200
2018-10-23 14:15:00,1247.7,20190200,1247.7,20190200,1241.6,20181200
2018-10-23 14:30:00,1246.8,20190200,1246.8,20190200,1240.8,20181200
2018-10-23 14:45:00,1246.0,20190200,1246.0,20190200,1239.9,20181200
2018-10-23 15:00:00,1243.7,20190200,1243.7,20190200,1237.6,20181200
2018-10-23 15:15:00,1241.8,20190200,1241.8,20190200,1236.3,20181200
2018-10-23 15:30:00,1242.0,20190200,1242.0,20190200,1236.1,20181200
2018-10-23 15:45:00,1241.1,20190200,1241.1,20190200,1235.1,20181200
2018-10-23 16:00:00,1241.9,20190200,1241.9,20190200,1235.9,20181200
2018-10-23 16:15:00,1241.8,20190200,1241.8,20190200,1235.6,20181200
2018-10-23 16:30:00,1242.7,20190200,1242.7,20190200,1236.9,20181200
2018-10-23 16:45:00,1242.6,20190200,1242.6,20190200,1236.3,20181200
2018-10-23 17:00:00,1241.6,20190200,1241.6,20190200,1236.0,20181200
2018-10-23 17:15:00,1241.3,20190200,1241.3,20190200,1235.3,20181200
2018-10-23 17:30:00,1239.2,20190200,1239.2,20190200,1233.1,20181200
2018-10-23 17:45:00,1240.1,20190200,1240.1,20190200,1233.9,20181200
2018-10-23 18:00:00,1240.6,20190200,1240.6,20190200,1234.4,20181200
2018-10-23 18:15:00,1242.8,20190200,1242.8,20190200,1236.6,20181200
2018-10-23 18:30:00,1242.6,20190200,1242.6,20190200,1236.4,20181200
2018-10-23 18:45:00,1242.6,20190200,1242.6,20190200,1236.3,20181200
2018-10-23 19:00:00,1242.3,20190200,1242.3,20190200,1235.9,20181200
2018-10-23 19:15:00,1240.7,20190200,1240.7,20190200,1234.9,20181200
2018-10-23 19:30:00,1240.2,20190200,1240.2,20190200,1234.1,20181200
2018-10-23 19:45:00,1239.9,20190200,1239.9,20190200,1233.2,20181200
2018-10-23 20:00:00,1239.6,20190200,1239.6,20190200,1233.7,20181200
2018-10-23 20:15:00,1239.9,20190200,1239.9,20190200,1234.0,20181200
2018-10-23 20:30:00,1239.6,20190200,1239.6,20190200,1233.7,20181200
2018-10-23 20:45:00,1239.1,20190200,1239.1,20190200,1233.1,20181200
2018-10-23 21:00:00,1239.1,20190200,1239.1,20190200,1233.4,20181200
2018-10-23 21:15:00,1239.2,20190200,1239.2,20190200,1233.4,20181200
2018-10-23 21:30:00,1239.6,20190200,1239.6,20190200,1233.5,20181200
2018-10-23 21:45:00,1239.3,20190200,1239.3,20190200,1233.2,20181200
2018-10-23 23:00:00,1232.7,20190200,1232.7,20190200,1226.8,20181200
2018-10-23 23:15:00,1232.7,20190200,1232.7,20190200,1234.0,20181200
2018-10-23 23:30:00,1232.7,20190200,1232.7,20190200,1234.5,20181200
2018-10-23 23:45:00,1232.7,20190200,1232.7,20190200,1234.6,20181200
2018-10-24 00:00:00,1232.7,20190200,1232.7,20190200,1234.8,20181200
2018-10-24 00:15:00,1232.7,20190200,1232.7,20190200,1234.4,20181200
2018-10-24 00:30:00,1232.7,20190200,1232.7,20190200,1234.4,20181200
2018-10-24 00:45:00,1232.7,20190200,1232.7,20190200,1233.8,20181200
2018-10-24 01:00:00,1232.7,20190200,1232.7,20190200,1234.5,20181200
2018-10-24 01:15:00,1232.7,20190200,1232.7,20190200,1234.6,20181200
2018-10-24 01:30:00,1240.4,20190200,1240.4,20190200,1234.4,20181200
2018-10-24 01:45:00,1240.4,20190200,1240.4,20190200,1233.9,20181200
2018-10-24 02:00:00,1241.1,20190200,1241.1,20190200,1235.5,20181200
2018-10-24 02:15:00,1241.8,20190200,1241.8,20190200,1235.7,20181200
2018-10-24 02:30:00,1241.6,20190200,1241.6,20190200,1235.3,20181200
2018-10-24 02:45:00,1241.7,20190200,1241.7,20190200,1235.4,20181200
2018-10-24 03:00:00,1241.9,20190200,1241.9,20190200,1236.1,20181200
2018-10-24 03:15:00,1241.9,20190200,1241.9,20190200,1236.2,20181200
2018-10-24 03:30:00,1242.2,20190200,1242.2,20190200,1236.1,20181200
2018-10-24 03:45:00,1242.2,20190200,1242.2,20190200,1236.0,20181200
2018-10-24 04:00:00,1241.6,20190200,1241.6,20190200,1235.7,20181200
2018-10-24 04:15:00,1241.6,20190200,1241.6,20190200,1235.2,20181200
2018-10-24 04:30:00,1240.8,20190200,1240.8,20190200,1234.9,20181200
2018-10-24 04:45:00,1240.4,20190200,1240.4,20190200,1234.1,20181200
2018-10-24 05:15:00,1240.9,20190200,1240.9,20190200,1235.1,20181200
2018-10-24 05:30:00,1241.1,20190200,1241.1,20190200,1235.3,20181200
2018-10-24 05:45:00,1241.1,20190200,1241.1,20190200,1234.8,20181200
2018-10-24 06:15:00,1241.0,20190200,1241.0,20190200,1235.1,20181200
2018-10-24 06:30:00,1241.6,20190200,1241.6,20190200,1235.8,20181200
2018-10-24 06:45:00,1241.8,20190200,1241.8,20190200,1236.1,20181200
2018-10-24 07:00:00,1239.4,20190200,1239.4,20190200,1233.5,20181200
2018-10-24 07:15:00,1239.9,20190200,1239.9,20190200,1233.2,20181200
2018-10-24 07:30:00,1240.5,20190200,1240.5,20190200,1234.2,20181200
2018-10-24 07:45:00,1240.2,20190200,1240.2,20190200,1234.1,20181200
2018-10-24 08:00:00,1241.7,20190200,1241.7,20190200,1234.6,20181200
2018-10-24 08:15:00,1240.9,20190200,1240.9,20190200,1233.8,20181200
2018-10-24 08:30:00,1240.9,20190200,1240.9,20190200,1233.9,20181200
2018-10-24 08:45:00,1240.4,20190200,1240.4,20190200,1234.5,20181200
2018-10-24 09:00:00,1240.4,20190200,1240.4,20190200,1234.7,20181200
2018-10-24 09:15:00,1240.7,20190200,1240.7,20190200,1234.6,20181200
2018-10-24 09:30:00,1238.9,20190200,1238.9,20190200,1233.1,20181200
2018-10-24 09:45:00,1238.9,20190200,1238.9,20190200,1233.6,20181200
2018-10-24 10:00:00,1239.9,20190200,1239.9,20190200,1233.9,20181200
2018-10-24 10:15:00,1239.9,20190200,1239.9,20190200,1234.1,20181200
2018-10-24 10:30:00,1239.9,20190200,1239.9,20190200,1233.9,20181200
2018-10-24 10:45:00,1239.9,20190200,1239.9,20190200,1233.3,20181200
2018-10-24 11:00:00,1239.7,20190200,1239.7,20190200,1233.7,20181200
2018-10-24 11:15:00,1239.5,20190200,1239.5,20190200,1233.5,20181200
2018-10-24 11:30:00,1239.4,20190200,1239.4,20190200,1233.5,20181200
2018-10-24 11:45:00,1238.8,20190200,1238.8,20190200,1233.5,20181200
2018-10-24 12:00:00,1239.3,20190200,1239.3,20190200,1233.9,20181200
2018-10-24 12:15:00,1238.8,20190200,1238.8,20190200,1233.0,20181200
2018-10-24 12:30:00,1238.3,20190200,1238.3,20190200,1231.9,20181200
2018-10-24 12:45:00,1237.1,20190200,1237.1,20190200,1230.7,20181200
2018-10-24 13:00:00,1235.0,20190200,1235.0,20190200,1229.4,20181200
2018-10-24 13:15:00,1237.9,20190200,1237.9,20190200,1231.8,20181200
2018-10-24 13:30:00,1238.0,20190200,1238.0,20190200,1232.3,20181200
2018-10-24 13:45:00,1237.6,20190200,1237.6,20190200,1232.2,20181200
2018-10-24 14:00:00,1239.2,20190200,1239.2,20190200,1233.1,20181200
2018-10-24 14:15:00,1239.7,20190200,1239.7,20190200,1233.0,20181200
2018-10-24 14:30:00,1240.0,20190200,1240.0,20190200,1234.0,20181200
2018-10-24 14:45:00,1240.0,20190200,1240.0,20190200,1233.7,20181200
2018-10-24 15:00:00,1241.4,20190200,1241.4,20190200,1234.5,20181200
2018-10-24 15:15:00,1239.8,20190200,1239.8,20190200,1233.7,20181200
2018-10-24 15:30:00,1240.3,20190200,1240.3,20190200,1234.0,20181200
2018-10-24 15:45:00,1239.4,20190200,1239.4,20190200,1233.3,20181200
2018-10-24 16:00:00,1239.6,20190200,1239.6,20190200,1233.3,20181200
2018-10-24 16:15:00,1237.3,20190200,1237.3,20190200,1231.6,20181200
2018-10-24 16:30:00,1237.9,20190200,1237.9,20190200,1231.9,20181200
2018-10-24 16:45:00,1237.9,20190200,1237.9,20190200,1231.2,20181200
2018-10-24 17:00:00,1238.0,20190200,1238.0,20190200,1231.9,20181200
2018-10-24 17:15:00,1237.3,20190200,1237.3,20190200,1231.4,20181200
2018-10-24 17:30:00,1237.3,20190200,1237.3,20190200,1231.2,20181200
2018-10-24 17:45:00,1236.4,20190200,1236.4,20190200,1230.5,20181200
2018-10-24 18:00:00,1236.7,20190200,1236.7,20190200,1231.4,20181200
2018-10-24 18:15:00,1236.9,20190200,1236.9,20190200,1230.9,20181200
2018-10-24 18:30:00,1237.6,20190200,1237.6,20190200,1231.8,20181200
2018-10-24 18:45:00,1239.3,20190200,1239.3,20190200,1233.3,20181200
2018-10-24 19:00:00,1240.0,20190200,1240.0,20190200,1233.7,20181200
2018-10-24 19:15:00,1239.7,20190200,1239.7,20190200,1233.2,20181200
2018-10-24 19:30:00,1239.0,20190200,1239.0,20190200,1233.4,20181200
2018-10-24 19:45:00,1239.4,20190200,1239.4,20190200,1233.0,20181200
2018-10-24 20:00:00,1239.9,20190200,1239.9,20190200,1233.2,20181200
2018-10-24 20:15:00,1240.8,20190200,1240.8,20190200,1234.9,20181200
2018-10-24 20:30:00,1241.8,20190200,1241.8,20190200,1235.1,20181200
2018-10-24 20:45:00,1242.0,20190200,1242.0,20190200,1235.6,20181200
2018-10-24 21:00:00,1241.5,20190200,1241.5,20190200,1235.5,20181200
2018-10-24 21:15:00,1241.0,20190200,1241.0,20190200,1235.2,20181200
2018-10-24 21:30:00,1241.4,20190200,1241.4,20190200,1235.2,20181200
2018-10-24 21:45:00,1242.5,20190200,1242.5,20190200,1236.4,20181200
2018-10-24 23:00:00,1243.0,20190200,1243.0,20190200,1234.7,20181200
2018-10-24 23:15:00,1242.7,20190200,1242.7,20190200,1237.1,20181200
2018-10-24 23:30:00,1242.7,20190200,1242.7,20190200,1237.3,20181200
2018-10-24 23:45:00,1242.7,20190200,1242.7,20190200,1236.6,20181200
2018-10-25 00:00:00,1242.5,20190200,1242.5,20190200,1236.5,20181200
2018-10-25 00:15:00,1242.5,20190200,1242.5,20190200,1237.3,20181200
2018-10-25 00:30:00,1243.2,20190200,1243.2,20190200,1237.1,20181200
2018-10-25 00:45:00,1243.8,20190200,1243.8,20190200,1238.0,20181200
2018-10-25 01:00:00,1244.8,20190200,1244.8,20190200,1238.7,20181200
2018-10-25 01:15:00,1244.5,20190200,1244.5,20190200,1238.6,20181200
2018-10-25 01:30:00,1244.9,20190200,1244.9,20190200,1238.4,20181200
2018-10-25 01:45:00,1244.9,20190200,1244.9,20190200,1238.4,20181200
2018-10-25 02:00:00,1246.3,20190200,1246.3,20190200,1240.5,20181200
2018-10-25 02:15:00,1246.0,20190200,1246.0,20190200,1239.4,20181200
2018-10-25 02:30:00,1245.0,20190200,1245.0,20190200,1238.9,20181200
2018-10-25 02:45:00,1245.6,20190200,1245.6,20190200,1239.6,20181200
2018-10-25 03:00:00,1245.5,20190200,1245.5,20190200,1239.3,20181200
2018-10-25 03:15:00,1245.5,20190200,1245.5,20190200,1239.2,20181200
2018-10-25 03:30:00,1245.5,20190200,1245.5,20190200,1239.2,20181200
2018-10-25 03:45:00,1245.5,20190200,1245.5,20190200,1239.4,20181200
2018-10-25 04:00:00,1245.5,20190200,1245.5,20190200,1239.8,20181200
2018-10-25 04:15:00,1246.1,20190200,1246.1,20190200,1240.1,20181200
2018-10-25 04:30:00,1246.1,20190200,1246.1,20190200,1240.3,20181200
2018-10-25 04:45:00,1246.1,20190200,1246.1,20190200,1240.3,20181200
2018-10-25 05:15:00,1246.1,20190200,1246.1,20190200,1239.8,20181200
2018-10-25 05:30:00,1246.1,20190200,1246.1,20190200,1239.5,20181200
2018-10-25 05:45:00,1245.5,20190200,1245.5,20190200,1239.7,20181200
2018-10-25 06:15:00,1245.5,20190200,1245.5,20190200,1239.7,20181200
2018-10-25 06:30:00,1245.5,20190200,1245.5,20190200,1239.1,20181200
2018-10-25 06:45:00,1246.3,20190200,1246.3,20190200,1240.4,20181200
2018-10-25 07:00:00,1248.0,20190200,1248.0,20190200,1241.8,20181200
2018-10-25 07:15:00,1246.7,20190200,1246.7,20190200,1240.5,20181200
2018-10-25 07:30:00,1245.2,20190200,1245.2,20190200,1239.7,20181200
2018-10-25 07:45:00,1245.7,20190200,1245.7,20190200,1238.1,20181200
2018-10-25 08:00:00,1243.8,20190200,1243.8,20190200,1237.7,20181200
2018-10-25 08:15:00,1240.3,20190200,1240.3,20190200,1235.5,20181200
2018-10-25 08:30:00,1240.6,20190200,1240.6,20190200,1234.0,20181200
2018-10-25 08:45:00,1240.5,20190200,1240.5,20190200,1234.5,20181200
2018-10-25 09:00:00,1240.5,20190200,1240.5,20190200,1234.8,20181200
2018-10-25 09:15:00,1241.0,20190200,1241.0,20190200,1235.4,20181200
2018-10-25 09:30:00,1241.3,20190200,1241.3,20190200,1235.2,20181200
2018-10-25 09:45:00,1241.3,20190200,1241.3,20190200,1235.5,20181200
2018-10-25 10:00:00,1241.1,20190200,1241.1,20190200,1235.3,20181200
2018-10-25 10:15:00,1240.7,20190200,1240.7,20190200,1234.6,20181200
2018-10-25 10:30:00,1241.3,20190200,1241.3,20190200,1235.3,20181200
2018-10-25 10:45:00,1241.1,20190200,1241.1,20190200,1234.4,20181200
2018-10-25 11:00:00,1241.6,20190200,1241.6,20190200,1235.7,20181200
2018-10-25 11:15:00,1241.5,20190200,1241.5,20190200,1234.9,20181200
2018-10-25 11:30:00,1241.6,20190200,1241.6,20190200,1235.5,20181200
2018-10-25 11:45:00,1241.9,20190200,1241.9,20190200,1236.0,20181200
2018-10-25 12:00:00,1241.8,20190200,1241.8,20190200,1236.0,20181200
2018-10-25 12:15:00,1241.6,20190200,1241.6,20190200,1235.4,20181200
2018-10-25 12:30:00,1241.6,20190200,1241.6,20190200,1235.4,20181200
2018-10-25 12:45:00,1240.8,20190200,1240.8,20190200,1234.6,20181200
2018-10-25 13:00:00,1241.4,20190200,1241.4,20190200,1235.1,20181200
2018-10-25 13:15:00,1241.5,20190200,1241.5,20190200,1234.8,20181200
2018-10-25 13:30:00,1241.1,20190200,1241.1,20190200,1234.7,20181200
2018-10-25 13:45:00,1241.6,20190200,1241.6,20190200,1235.8,20181200
2018-10-25 14:00:00,1242.1,20190200,1242.1,20190200,1235.7,20181200
2018-10-25 14:15:00,1240.6,20190200,1240.6,20190200,1234.8,20181200
2018-10-25 14:30:00,1240.2,20190200,1240.2,20190200,1233.4,20181200
2018-10-25 14:45:00,1239.2,20190200,1239.2,20190200,1233.2,20181200
2018-10-25 15:00:00,1239.2,20190200,1239.2,20190200,1233.0,20181200
2018-10-25 15:15:00,1237.7,20190200,1237.7,20190200,1231.7,20181200
2018-10-25 15:30:00,1237.8,20190200,1237.8,20190200,1231.8,20181200
2018-10-25 15:45:00,1238.0,20190200,1238.0,20190200,1231.9,20181200
2018-10-25 16:00:00,1238.0,20190200,1238.0,20190200,1231.9,20181200
2018-10-25 16:15:00,1237.9,20190200,1237.9,20190200,1231.8,20181200
2018-10-25 16:30:00,1238.8,20190200,1238.8,20190200,1232.6,20181200
2018-10-25 16:45:00,1238.7,20190200,1238.7,20190200,1232.2,20181200
2018-10-25 17:00:00,1238.9,20190200,1238.9,20190200,1232.1,20181200
2018-10-25 17:15:00,1238.6,20190200,1238.6,20190200,1232.4,20181200
2018-10-25 17:30:00,1238.4,20190200,1238.4,20190200,1232.3,20181200
2018-10-25 17:45:00,1239.0,20190200,1239.0,20190200,1232.6,20181200
2018-10-25 18:00:00,1238.5,20190200,1238.5,20190200,1232.6,20181200
2018-10-25 18:15:00,1238.5,20190200,1238.5,20190200,1232.4,20181200
2018-10-25 18:30:00,1237.4,20190200,1237.4,20190200,1231.4,20181200
2018-10-25 18:45:00,1237.8,20190200,1237.8,20190200,1231.8,20181200
2018-10-25 19:00:00,1238.3,20190200,1238.3,20190200,1231.1,20181200
2018-10-25 19:15:00,1237.7,20190200,1237.7,20190200,1231.2,20181200
2018-10-25 19:30:00,1237.7,20190200,1237.7,20190200,1231.1,20181200
2018-10-25 19:45:00,1237.7,20190200,1237.7,20190200,1231.5,20181200
2018-10-25 20:00:00,1237.7,20190200,1237.7,20190200,1231.7,20181200
2018-10-25 20:15:00,1238.3,20190200,1238.3,20190200,1232.1,20181200
2018-10-25 20:30:00,1238.8,20190200,1238.8,20190200,1232.5,20181200
2018-10-25 20:45:00,1238.8,20190200,1238.8,20190200,1232.6,20181200
2018-10-25 21:00:00,1240.0,20190200,1240.0,20190200,1234.5,20181200
2018-10-25 21:15:00,1240.3,20190200,1240.3,20190200,1234.0,20181200
2018-10-25 21:30:00,1240.3,20190200,1240.3,20190200,1234.0,20181200
2018-10-25 21:45:00,1240.4,20190200,1240.4,20190200,1234.6,20181200
2018-10-25 23:00:00,1245.7,20190200,1245.7,20190200,1239.4,20181200
2018-10-25 23:15:00,1245.7,20190200,1245.7,20190200,1234.4,20181200
2018-10-25 23:30:00,1240.7,20190200,1240.7,20190200,1234.5,20181200
2018-10-25 23:45:00,1240.4,20190200,1240.4,20190200,1234.2,20181200
2018-10-26 00:00:00,1239.8,20190200,1239.8,20190200,1233.7,20181200
2018-10-26 00:15:00,1239.8,20190200,1239.8,20190200,1233.8,20181200
2018-10-26 00:30:00,1239.8,20190200,1239.8,20190200,1234.1,20181200
2018-10-26 00:45:00,1239.8,20190200,1239.8,20190200,1234.3,20181200
2018-10-26 01:00:00,1239.8,20190200,1239.8,20190200,1234.4,20181200
2018-10-26 01:15:00,1241.0,20190200,1241.0,20190200,1234.4,20181200
2018-10-26 01:30:00,1241.0,20190200,1241.0,20190200,1233.8,20181200
2018-10-26 01:45:00,1241.0,20190200,1241.0,20190200,1233.6,20181200
2018-10-26 02:00:00,1239.1,20190200,1239.1,20190200,1233.2,20181200
2018-10-26 02:15:00,1239.1,20190200,1239.1,20190200,1232.8,20181200
2018-10-26 02:30:00,1239.5,20190200,1239.5,20190200,1233.8,20181200
2018-10-26 02:45:00,1240.3,20190200,1240.3,20190200,1234.2,20181200
2018-10-26 03:00:00,1240.1,20190200,1240.1,20190200,1234.1,20181200
2018-10-26 03:15:00,1240.5,20190200,1240.5,20190200,1234.3,20181200
2018-10-26 03:30:00,1240.5,20190200,1240.5,20190200,1234.3,20181200
2018-10-26 03:45:00,1241.0,20190200,1241.0,20190200,1234.5,20181200
2018-10-26 04:00:00,1240.0,20190200,1240.0,20190200,1234.0,20181200
2018-10-26 04:15:00,1240.0,20190200,1240.0,20190200,1234.9,20181200
2018-10-26 04:30:00,1241.3,20190200,1241.3,20190200,1235.2,20181200
2018-10-26 04:45:00,1241.3,20190200,1241.3,20190200,1234.8,20181200
2018-10-26 05:15:00,1240.5,20190200,1240.5,20190200,1234.5,20181200
2018-10-26 05:30:00,1240.8,20190200,1240.8,20190200,1234.7,20181200
2018-10-26 05:45:00,1240.8,20190200,1240.8,20190200,1234.2,20181200
2018-10-26 06:15:00,1240.8,20190200,1240.8,20190200,1234.2,20181200
2018-10-26 06:30:00,1240.7,20190200,1240.7,20190200,1234.8,20181200
2018-10-26 06:45:00,1240.7,20190200,1240.7,20190200,1234.7,20181200
2018-10-26 07:00:00,1241.5,20190200,1241.5,20190200,1235.4,20181200
2018-10-26 07:15:00,1241.7,20190200,1241.7,20190200,1235.0,20181200
2018-10-26 07:30:00,1240.7,20190200,1240.7,20190200,1234.2,20181200
2018-10-26 07:45:00,1239.7,20190200,1239.7,20190200,1233.8,20181200
2018-10-26 08:00:00,1242.5,20190200,1242.5,20190200,1236.4,20181200
2018-10-26 08:15:00,1243.2,20190200,1243.2,20190200,1237.2,20181200
2018-10-26 08:30:00,1244.0,20190200,1244.0,20190200,1237.6,20181200
2018-10-26 08:45:00,1245.1,20190200,1245.1,20190200,1238.9,20181200
2018-10-26 09:00:00,1245.3,20190200,1245.3,20190200,1239.2,20181200
2018-10-26 09:15:00,1244.7,20190200,1244.7,20190200,1238.8,20181200
2018-10-26 09:30:00,1246.1,20190200,1246.1,20190200,1239.7,20181200
2018-10-26 09:45:00,1246.3,20190200,1246.3,20190200,1240.0,20181200
2018-10-26 10:00:00,1246.9,20190200,1246.9,20190200,1240.8,20181200
2018-10-26 10:15:00,1246.1,20190200,1246.1,20190200,1239.9,20181200
2018-10-26 10:30:00,1245.2,20190200,1245.2,20190200,1239.1,20181200
2018-10-26 10:45:00,1244.9,20190200,1244.9,20190200,1239.3,20181200
2018-10-26 11:00:00,1245.9,20190200,1245.9,20190200,1239.4,20181200
2018-10-26 11:15:00,1245.1,20190200,1245.1,20190200,1239.3,20181200
2018-10-26 11:30:00,1244.5,20190200,1244.5,20190200,1238.6,20181200
2018-10-26 11:45:00,1245.3,20190200,1245.3,20190200,1239.1,20181200
2018-10-26 12:00:00,1244.8,20190200,1244.8,20190200,1238.3,20181200
2018-10-26 12:15:00,1243.8,20190200,1243.8,20190200,1237.4,20181200
2018-10-26 12:30:00,1244.1,20190200,1244.1,20190200,1237.8,20181200
2018-10-26 12:45:00,1244.0,20190200,1244.0,20190200,1237.8,20181200
2018-10-26 13:00:00,1242.4,20190200,1242.4,20190200,1236.4,20181200
2018-10-26 13:15:00,1242.2,20190200,1242.2,20190200,1236.2,20181200
2018-10-26 13:30:00,1241.0,20190200,1241.0,20190200,1235.0,20181200
2018-10-26 13:45:00,1242.1,20190200,1242.1,20190200,1235.7,20181200
2018-10-26 14:00:00,1242.3,20190200,1242.3,20190200,1236.1,20181200
2018-10-26 14:15:00,1243.4,20190200,1243.4,20190200,1237.2,20181200
2018-10-26 14:30:00,1243.7,20190200,1243.7,20190200,1237.7,20181200
2018-10-26 14:45:00,1243.0,20190200,1243.0,20190200,1236.8,20181200
2018-10-26 15:00:00,1243.3,20190200,1243.3,20190200,1237.7,20181200
2018-10-26 15:15:00,1243.0,20190200,1243.0,20190200,1237.4,20181200
2018-10-26 15:30:00,1245.0,20190200,1245.0,20190200,1239.0,20181200
2018-10-26 15:45:00,1251.9,20190200,1251.9,20190200,1245.8,20181200
2018-10-26 16:00:00,1250.9,20190200,1250.9,20190200,1244.2,20181200
2018-10-26 16:15:00,1248.9,20190200,1248.9,20190200,1243.3,20181200
2018-10-26 16:30:00,1249.4,20190200,1249.4,20190200,1243.3,20181200
2018-10-26 16:45:00,1248.9,20190200,1248.9,20190200,1242.6,20181200
2018-10-26 17:00:00,1247.3,20190200,1247.3,20190200,1240.9,20181200
2018-10-26 17:15:00,1246.3,20190200,1246.3,20190200,1240.7,20181200
2018-10-26 17:30:00,1245.8,20190200,1245.8,20190200,1239.5,20181200
2018-10-26 17:45:00,1242.4,20190200,1242.4,20190200,1236.1,20181200
2018-10-26 18:00:00,1242.8,20190200,1242.8,20190200,1236.0,20181200
2018-10-26 18:15:00,1242.1,20190200,1242.1,20190200,1236.0,20181200
2018-10-26 18:30:00,1241.9,20190200,1241.9,20190200,1235.9,20181200
2018-10-26 18:45:00,1242.8,20190200,1242.8,20190200,1236.2,20181200
2018-10-26 19:00:00,1243.5,20190200,1243.5,20190200,1237.4,20181200
2018-10-26 19:15:00,1243.2,20190200,1243.2,20190200,1237.0,20181200
2018-10-26 19:30:00,1243.1,20190200,1243.1,20190200,1236.5,20181200
2018-10-26 19:45:00,1242.6,20190200,1242.6,20190200,1237.4,20181200
2018-10-26 20:00:00,1244.2,20190200,1244.2,20190200,1237.8,20181200
2018-10-26 20:15:00,1243.1,20190200,1243.1,20190200,1237.4,20181200
2018-10-26 20:30:00,1243.1,20190200,1243.1,20190200,1237.0,20181200
2018-10-26 20:45:00,1242.3,20190200,1242.3,20190200,1236.3,20181200
2018-10-26 21:00:00,1242.0,20190200,1242.0,20190200,1235.6,20181200
2018-10-26 21:15:00,1242.2,20190200,1242.2,20190200,1236.2,20181200
2018-10-26 21:30:00,1242.2,20190200,1242.2,20190200,1236.2,20181200
2018-10-26 21:45:00,1242.0,20190200,1242.0,20190200,1235.4,20181200
2018-10-26 23:00:00,1242.0,20190200,1242.0,20190200,1234.3,20181200
2018-10-28 23:00:00,1243.1,20190200,1243.1,20190200,1237.1,20181200
2018-10-28 23:15:00,1241.9,20190200,1241.9,20190200,1235.3,20181200
2018-10-28 23:30:00,1241.9,20190200,1241.9,20190200,1235.8,20181200
2018-10-28 23:45:00,1241.9,20190200,1241.9,20190200,1235.5,20181200
2018-10-29 00:00:00,1241.9,20190200,1241.9,20190200,1235.7,20181200
2018-10-29 00:15:00,1241.9,20190200,1241.9,20190200,1235.8,20181200
2018-10-29 00:30:00,1241.7,20190200,1241.7,20190200,1235.3,20181200
2018-10-29 00:45:00,1241.7,20190200,1241.7,20190200,1235.1,20181200
2018-10-29 01:00:00,1241.0,20190200,1241.0,20190200,1234.6,20181200
2018-10-29 01:15:00,1240.6,20190200,1240.6,20190200,1234.5,20181200
2018-10-29 01:30:00,1240.3,20190200,1240.3,20190200,1234.5,20181200
2018-10-29 01:45:00,1240.9,20190200,1240.9,20190200,1234.9,20181200
2018-10-29 02:00:00,1241.5,20190200,1241.5,20190200,1235.5,20181200
2018-10-29 02:15:00,1241.9,20190200,1241.9,20190200,1235.8,20181200
2018-10-29 02:30:00,1242.1,20190200,1242.1,20190200,1236.8,20181200
2018-10-29 02:45:00,1243.0,20190200,1243.0,20190200,1237.2,20181200
2018-10-29 03:00:00,1243.6,20190200,1243.6,20190200,1236.9,20181200
2018-10-29 03:15:00,1243.6,20190200,1243.6,20190200,1237.1,20181200
2018-10-29 03:30:00,1242.3,20190200,1242.3,20190200,1236.1,20181200
2018-10-29 03:45:00,1242.3,20190200,1242.3,20190200,1236.7,20181200
2018-10-29 04:00:00,1242.4,20190200,1242.4,20190200,1236.4,20181200
2018-10-29 04:15:00,1242.4,20190200,1242.4,20190200,1235.8,20181200
2018-10-29 04:30:00,1241.8,20190200,1241.8,20190200,1236.0,20181200
2018-10-29 04:45:00,1241.8,20190200,1241.8,20190200,1235.8,20181200
2018-10-29 05:15:00,1241.2,20190200,1241.2,20190200,1235.1,20181200
2018-10-29 05:30:00,1241.0,20190200,1241.0,20190200,1234.8,20181200
2018-10-29 05:45:00,1241.3,20190200,1241.3,20190200,1235.2,20181200
2018-10-29 06:15:00,1241.3,20190200,1241.3,20190200,1235.1,20181200
2018-10-29 06:30:00,1241.3,20190200,1241.3,20190200,1235.9,20181200
2018-10-29 06:45:00,1241.3,20190200,1241.3,20190200,1235.9,20181200
2018-10-29 07:00:00,1240.8,20190200,1240.8,20190200,1234.5,20181200
2018-10-29 07:15:00,1240.9,20190200,1240.9,20190200,1235.0,20181200
2018-10-29 07:30:00,1240.8,20190200,1240.8,20190200,1234.9,20181200
2018-10-29 07:45:00,1239.1,20190200,1239.1,20190200,1232.7,20181200
2018-10-29 08:00:00,1238.8,20190200,1238.8,20190200,1232.6,20181200
2018-10-29 08:15:00,1238.8,20190200,1238.8,20190200,1233.1,20181200
2018-10-29 08:30:00,1239.3,20190200,1239.3,20190200,1233.0,20181200
2018-10-29 08:45:00,1239.3,20190200,1239.3,20190200,1232.7,20181200
2018-10-29 09:00:00,1239.3,20190200,1239.3,20190200,1232.7,20181200
2018-10-29 09:15:00,1239.3,20190200,1239.3,20190200,1232.3,20181200
2018-10-29 09:30:00,1236.5,20190200,1236.5,20190200,1230.6,20181200
2018-10-29 09:45:00,1237.1,20190200,1237.1,20190200,1231.1,20181200
2018-10-29 10:00:00,1237.1,20190200,1237.1,20190200,1230.6,20181200
2018-10-29 10:15:00,1236.9,20190200,1236.9,20190200,1230.8,20181200
2018-10-29 10:30:00,1236.9,20190200,1236.9,20190200,1230.8,20181200
2018-10-29 10:45:00,1236.3,20190200,1236.3,20190200,1230.5,20181200
2018-10-29 11:00:00,1237.1,20190200,1237.1,20190200,1231.8,20181200
2018-10-29 11:15:00,1239.3,20190200,1239.3,20190200,1232.4,20181200
2018-10-29 11:30:00,1238.0,20190200,1238.0,20190200,1232.0,20181200
2018-10-29 11:45:00,1237.4,20190200,1237.4,20190200,1231.7,20181200
2018-10-29 12:00:00,1237.7,20190200,1237.7,20190200,1232.4,20181200
2018-10-29 12:15:00,1237.5,20190200,1237.5,20190200,1231.3,20181200
2018-10-29 12:30:00,1237.4,20190200,1237.4,20190200,1231.3,20181200
2018-10-29 12:45:00,1237.0,20190200,1237.0,20190200,1230.8,20181200
2018-10-29 13:00:00,1238.2,20190200,1238.2,20190200,1232.3,20181200
2018-10-29 13:15:00,1238.8,20190200,1238.8,20190200,1232.6,20181200
2018-10-29 13:30:00,1239.6,20190200,1239.6,20190200,1233.3,20181200
2018-10-29 13:45:00,1238.5,20190200,1238.5,20190200,1232.7,20181200
2018-10-29 14:00:00,1238.9,20190200,1238.9,20190200,1232.6,20181200
2018-10-29 14:15:00,1238.4,20190200,1238.4,20190200,1232.4,20181200
2018-10-29 14:30:00,1237.5,20190200,1237.5,20190200,1231.6,20181200
2018-10-29 14:45:00,1238.4,20190200,1238.4,20190200,1231.8,20181200
2018-10-29 15:00:00,1237.9,20190200,1237.9,20190200,1232.0,20181200
2018-10-29 15:15:00,1238.4,20190200,1238.4,20190200,1232.3,20181200
2018-10-29 15:30:00,1239.2,20190200,1239.2,20190200,1233.3,20181200
2018-10-29 15:45:00,1238.9,20190200,1238.9,20190200,1232.8,20181200
2018-10-29 16:00:00,1238.7,20190200,1238.7,20190200,1232.6,20181200
2018-10-29 16:15:00,1238.0,20190200,1238.0,20190200,1232.0,20181200
2018-10-29 16:30:00,1238.0,20190200,1238.0,20190200,1232.7,20181200
2018-10-29 16:45:00,1238.3,20190200,1238.3,20190200,1232.3,20181200
2018-10-29 17:00:00,1238.5,20190200,1238.5,20190200,1232.6,20181200
2018-10-29 17:15:00,1238.6,20190200,1238.6,20190200,1231.5,20181200
2018-10-29 17:30:00,1235.9,20190200,1235.9,20190200,1229.8,20181200
2018-10-29 17:45:00,1234.7,20190200,1234.7,20190200,1228.6,20181200
2018-10-29 18:00:00,1233.5,20190200,1233.5,20190200,1227.4,20181200
2018-10-29 18:15:00,1233.8,20190200,1233.8,20190200,1227.7,20181200
2018-10-29 18:30:00,1234.7,20190200,1234.7,20190200,1228.4,20181200
2018-10-29 18:45:00,1234.4,20190200,1234.4,20190200,1228.4,20181200
2018-10-29 19:00:00,1235.4,20190200,1235.4,20190200,1229.3,20181200
2018-10-29 19:15:00,1235.3,20190200,1235.3,20190200,1229.3,20181200
2018-10-29 19:30:00,1235.1,20190200,1235.1,20190200,1229.2,20181200
2018-10-29 19:45:00,1236.4,20190200,1236.4,20190200,1230.4,20181200
2018-10-29 20:00:00,1237.5,20190200,1237.5,20190200,1231.2,20181200
2018-10-29 20:15:00,1236.6,20190200,1236.6,20190200,1230.6,20181200
2018-10-29 20:30:00,1238.6,20190200,1238.6,20190200,1232.3,20181200
2018-10-29 20:45:00,1237.0,20190200,1237.0,20190200,1231.0,20181200
2018-10-29 21:00:00,1237.0,20190200,1237.0,20190200,1230.9,20181200
2018-10-29 21:15:00,1237.0,20190200,1237.0,20190200,1231.0,20181200
2018-10-29 21:30:00,1237.0,20190200,1237.0,20190200,1231.5,20181200
2018-10-29 21:45:00,1237.4,20190200,1237.4,20190200,1231.2,20181200
2018-10-29 23:00:00,1241.4,20190200,1241.4,20190200,1235.2,20181200
2018-10-29 23:15:00,1241.4,20190200,1241.4,20190200,1231.4,20181200
2018-10-29 23:30:00,1237.4,20190200,1237.4,20190200,1231.8,20181200
2018-10-29 23:45:00,1237.4,20190200,1237.4,20190200,1231.6,20181200
2018-10-30 00:00:00,1237.5,20190200,1237.5,20190200,1231.0,20181200
2018-10-30 00:15:00,1237.5,20190200,1237.5,20190200,1231.4,20181200
2018-10-30 00:30:00,1237.3,20190200,1237.3,20190200,1231.2,20181200
2018-10-30 00:45:00,1237.3,20190200,1237.3,20190200,1232.0,20181200
2018-10-30 01:00:00,1238.4,20190200,1238.4,20190200,1232.4,20181200
2018-10-30 01:15:00,1237.5,20190200,1237.5,20190200,1231.2,20181200
2018-10-30 01:30:00,1237.5,20190200,1237.5,20190200,1231.3,20181200
2018-10-30 01:45:00,1237.0,20190200,1237.0,20190200,1230.9,20181200
2018-10-30 02:00:00,1236.6,20190200,1236.6,20190200,1230.6,20181200
2018-10-30 02:15:00,1235.1,20190200,1235.1,20190200,1229.2,20181200
2018-10-30 02:30:00,1235.1,20190200,1235.1,20190200,1228.9,20181200
2018-10-30 02:45:00,1235.3,20190200,1235.3,20190200,1229.3,20181200
2018-10-30 03:00:00,1235.9,20190200,1235.9,20190200,1229.8,20181200
2018-10-30 03:15:00,1235.9,20190200,1235.9,20190200,1229.3,20181200
2018-10-30 03:30:00,1236.5,20190200,1236.5,20190200,1230.3,20181200
2018-10-30 03:45:00,1236.5,20190200,1236.5,20190200,1229.9,20181200
2018-10-30 04:00:00,1235.5,20190200,1235.5,20190200,1229.8,20181200
2018-10-30 04:15:00,1236.1,20190200,1236.1,20190200,1229.7,20181200
2018-10-30 04:30:00,1236.0,20190200,1236.0,20190200,1229.6,20181200
2018-10-30 04:45:00,1236.0,20190200,1236.0,20190200,1229.7,20181200
2018-10-30 05:15:00,1236.0,20190200,1236.0,20190200,1229.4,20181200
2018-10-30 05:30:00,1234.7,20190200,1234.7,20190200,1228.9,20181200
2018-10-30 05:45:00,1234.7,20190200,1234.7,20190200,1229.5,20181200
2018-10-30 06:15:00,1235.0,20190200,1235.0,20190200,1229.0,20181200
2018-10-30 06:30:00,1234.7,20190200,1234.7,20190200,1228.6,20181200
2018-10-30 06:45:00,1234.7,20190200,1234.7,20190200,1228.1,20181200
2018-10-30 07:00:00,1234.0,20190200,1234.0,20190200,1228.1,20181200
2018-10-30 07:15:00,1234.0,20190200,1234.0,20190200,1228.3,20181200
2018-10-30 07:30:00,1234.4,20190200,1234.4,20190200,1228.2,20181200
2018-10-30 07:45:00,1235.0,20190200,1235.0,20190200,1228.9,20181200
2018-10-30 08:00:00,1235.0,20190200,1235.0,20190200,1228.4,20181200
2018-10-30 08:15:00,1232.8,20190200,1232.8,20190200,1226.8,20181200
2018-10-30 08:30:00,1232.1,20190200,1232.1,20190200,1226.4,20181200
2018-10-30 08:45:00,1231.6,20190200,1231.6,20190200,1225.7,20181200
2018-10-30 09:00:00,1231.3,20190200,1231.3,20190200,1225.6,20181200
2018-10-30 09:15:00,1231.0,20190200,1231.0,20190200,1225.0,20181200
2018-10-30 09:30:00,1231.5,20190200,1231.5,20190200,1225.5,20181200
2018-10-30 09:45:00,1231.1,20190200,1231.1,20190200,1225.5,20181200
2018-10-30 10:00:00,1231.8,20190200,1231.8,20190200,1225.8,20181200
2018-10-30 10:15:00,1232.0,20190200,1232.0,20190200,1225.8,20181200
2018-10-30 10:30:00,1231.5,20190200,1231.5,20190200,1225.8,20181200
2018-10-30 10:45:00,1230.9,20190200,1230.9,20190200,1224.6,20181200
2018-10-30 11:00:00,1230.9,20190200,1230.9,20190200,1224.6,20181200
2018-10-30 11:15:00,1227.6,20190200,1227.6,20190200,1222.2,20181200
2018-10-30 11:30:00,1228.1,20190200,1228.1,20190200,1222.3,20181200
2018-10-30 11:45:00,1228.3,20190200,1228.3,20190200,1222.1,20181200
2018-10-30 12:00:00,1228.4,20190200,1228.4,20190200,1222.5,20181200
2018-10-30 12:15:00,1229.5,20190200,1229.5,20190200,1223.5,20181200
2018-10-30 12:30:00,1229.3,20190200,1229.3,20190200,1223.3,20181200
2018-10-30 12:45:00,1229.1,20190200,1229.1,20190200,1222.6,20181200
2018-10-30 13:00:00,1229.9,20190200,1229.9,20190200,1224.1,20181200
2018-10-30 13:15:00,1230.7,20190200,1230.7,20190200,1224.6,20181200
2018-10-30 13:30:00,1230.1,20190200,1230.1,20190200,1224.0,20181200
2018-10-30 13:45:00,1231.2,20190200,1231.2,20190200,1226.0,20181200
2018-10-30 14:00:00,1233.1,20190200,1233.1,20190200,1227.1,20181200
2018-10-30 14:15:00,1232.3,20190200,1232.3,20190200,1226.1,20181200
2018-10-30 14:30:00,1233.7,20190200,1233.7,20190200,1226.9,20181200
2018-10-30 14:45:00,1232.9,20190200,1232.9,20190200,1226.1,20181200
2018-10-30 15:00:00,1232.5,20190200,1232.5,20190200,1226.6,20181200
2018-10-30 15:15:00,1231.8,20190200,1231.8,20190200,1226.1,20181200
2018-10-30 15:30:00,1233.1,20190200,1233.1,20190200,1227.0,20181200
2018-10-30 15:45:00,1232.4,20190200,1232.4,20190200,1226.5,20181200
2018-10-30 16:00:00,1233.2,20190200,1233.2,20190200,1227.4,20181200
2018-10-30 16:15:00,1232.4,20190200,1232.4,20190200,1226.4,20181200
2018-10-30 16:30:00,1232.3,20190200,1232.3,20190200,1226.3,20181200
2018-10-30 16:45:00,1232.0,20190200,1232.0,20190200,1226.1,20181200
2018-10-30 17:00:00,1232.1,20190200,1232.1,20190200,1226.1,20181200
2018-10-30 17:15:00,1231.3,20190200,1231.3,20190200,1225.2,20181200
2018-10-30 17:30:00,1230.2,20190200,1230.2,20190200,1224.4,20181200
2018-10-30 17:45:00,1231.0,20190200,1231.0,20190200,1225.5,20181200
2018-10-30 18:00:00,1231.2,20190200,1231.2,20190200,1225.5,20181200
2018-10-30 18:15:00,1231.1,20190200,1231.1,20190200,1225.2,20181200
2018-10-30 18:30:00,1231.8,20190200,1231.8,20190200,1225.2,20181200
2018-10-30 18:45:00,1231.1,20190200,1231.1,20190200,1224.5,20181200
2018-10-30 19:00:00,1230.5,20190200,1230.5,20190200,1224.6,20181200
2018-10-30 19:15:00,1231.2,20190200,1231.2,20190200,1225.0,20181200
2018-10-30 19:30:00,1231.2,20190200,1231.2,20190200,1225.5,20181200
2018-10-30 19:45:00,1231.2,20190200,1231.2,20190200,1224.5,20181200
2018-10-30 20:00:00,1231.2,20190200,1231.2,20190200,1224.8,20181200
2018-10-30 20:15:00,1230.2,20190200,1230.2,20190200,1224.3,20181200
2018-10-30 20:30:00,1230.8,20190200,1230.8,20190200,1224.8,20181200
2018-10-30 20:45:00,1230.9,20190200,1230.9,20190200,1225.3,20181200
2018-10-30 21:00:00,1231.6,20190200,1231.6,20190200,1225.5,20181200
2018-10-30 21:15:00,1231.6,20190200,1231.6,20190200,1225.4,20181200
2018-10-30 21:30:00,1230.6,20190200,1230.6,20190200,1224.7,20181200
2018-10-30 21:45:00,1230.6,20190200,1230.6,20190200,1224.6,20181200
2018-10-30 23:00:00,1235.3,20190200,1235.3,20190200,1229.0,20181200
2018-10-30 23:15:00,1230.7,20190200,1230.7,20190200,1224.8,20181200
2018-10-30 23:30:00,1230.4,20190200,1230.4,20190200,1224.5,20181200
2018-10-30 23:45:00,1230.4,20190200,1230.4,20190200,1224.2,20181200
2018-10-31 00:00:00,1230.1,20190200,1230.1,20190200,1224.5,20181200
2018-10-31 00:15:00,1230.1,20190200,1230.1,20190200,1224.2,20181200
2018-10-31 00:30:00,1230.1,20190200,1230.1,20190200,1224.2,20181200
2018-10-31 00:45:00,1230.5,20190200,1230.5,20190200,1224.2,20181200
2018-10-31 01:00:00,1229.9,20190200,1229.9,20190200,1223.4,20181200
2018-10-31 01:15:00,1229.2,20190200,1229.2,20190200,1223.5,20181200
2018-10-31 01:30:00,1229.3,20190200,1229.3,20190200,1223.5,20181200
2018-10-31 01:45:00,1228.7,20190200,1228.7,20190200,1223.0,20181200
2018-10-31 02:00:00,1227.7,20190200,1227.7,20190200,1221.8,20181200
2018-10-31 02:15:00,1229.0,20190200,1229.0,20190200,1222.8,20181200
2018-10-31 02:30:00,1228.2,20190200,1228.2,20190200,1222.4,20181200
2018-10-31 02:45:00,1227.7,20190200,1227.7,20190200,1221.8,20181200
2018-10-31 03:00:00,1228.0,20190200,1228.0,20190200,1221.9,20181200
2018-10-31 03:15:00,1228.2,20190200,1228.2,20190200,1222.2,20181200
2018-10-31 03:30:00,1228.2,20190200,1228.2,20190200,1222.1,20181200
2018-10-31 03:45:00,1228.2,20190200,1228.2,20190200,1222.4,20181200
2018-10-31 04:00:00,1228.2,20190200,1228.2,20190200,1221.8,20181200
2018-10-31 04:15:00,1228.2,20190200,1228.2,20190200,1221.8,20181200
2018-10-31 04:30:00,1226.5,20190200,1226.5,20190200,1220.5,20181200
2018-10-31 04:45:00,1224.8,20190200,1224.8,20190200,1219.1,20181200
2018-10-31 05:15:00,1225.1,20190200,1225.1,20190200,1219.0,20181200
2018-10-31 05:30:00,1225.1,20190200,1225.1,20190200,1218.6,20181200
2018-10-31 05:45:00,1223.9,20190200,1223.9,20190200,1218.2,20181200
2018-10-31 06:15:00,1225.0,20190200,1225.0,20190200,1219.0,20181200
2018-10-31 06:30:00,1225.2,20190200,1225.2,20190200,1219.5,20181200
2018-10-31 06:45:00,1225.3,20190200,1225.3,20190200,1219.2,20181200
2018-10-31 07:00:00,1225.9,20190200,1225.9,20190200,1219.9,20181200
2018-10-31 07:15:00,1225.2,20190200,1225.2,20190200,1219.0,20181200
2018-10-31 07:30:00,1225.0,20190200,1225.0,20190200,1218.9,20181200
2018-10-31 07:45:00,1224.8,20190200,1224.8,20190200,1218.7,20181200
2018-10-31 08:00:00,1224.6,20190200,1224.6,20190200,1218.7,20181200
2018-10-31 08:15:00,1224.4,20190200,1224.4,20190200,1218.3,20181200
2018-10-31 08:30:00,1224.5,20190200,1224.5,20190200,1218.7,20181200
2018-10-31 08:45:00,1222.9,20190200,1222.9,20190200,1217.0,20181200
2018-10-31 09:00:00,1222.5,20190200,1222.5,20190200,1218.1,20181200
2018-10-31 09:15:00,1223.0,20190200,1223.0,20190200,1217.8,20181200
2018-10-31 09:30:00,1224.8,20190200,1224.8,20190200,1218.9,20181200
2018-10-31 09:45:00,1224.5,20190200,1224.5,20190200,1218.9,20181200
2018-10-31 10:00:00,1224.5,20190200,1224.5,20190200,1218.9,20181200
2018-10-31 10:15:00,1224.3,20190200,1224.3,20190200,1218.0,20181200
2018-10-31 10:30:00,1223.7,20190200,1223.7,20190200,1218.1,20181200
2018-10-31 10:45:00,1223.5,20190200,1223.5,20190200,1217.6,20181200
2018-10-31 11:00:00,1223.9,20190200,1223.9,20190200,1218.4,20181200
2018-10-31 11:15:00,1224.4,20190200,1224.4,20190200,1218.6,20181200
2018-10-31 11:30:00,1225.1,20190200,1225.1,20190200,1219.1,20181200
2018-10-31 11:45:00,1224.8,20190200,1224.8,20190200,1219.2,20181200
2018-10-31 12:00:00,1226.0,20190200,1226.0,20190200,1219.6,20181200
2018-10-31 12:15:00,1225.7,20190200,1225.7,20190200,1220.3,20181200
2018-10-31 12:30:00,1225.5,20190200,1225.5,20190200,1219.3,20181200
2018-10-31 12:45:00,1226.1,20190200,1226.1,20190200,1220.1,20181200
2018-10-31 13:00:00,1224.8,20190200,1224.8,20190200,1219.0,20181200
2018-10-31 13:15:00,1223.5,20190200,1223.5,20190200,1217.8,20181200
2018-10-31 13:30:00,1225.0,20190200,1225.0,20190200,1218.9,20181200
2018-10-31 13:45:00,1223.5,20190200,1223.5,20190200,1217.7,20181200
2018-10-31 14:00:00,1222.3,20190200,1222.3,20190200,1216.5,20181200
2018-10-31 14:15:00,1221.8,20190200,1221.8,20190200,1216.1,20181200
2018-10-31 14:30:00,1220.4,20190200,1220.4,20190200,1214.4,20181200
2018-10-31 14:45:00,1219.8,20190200,1219.8,20190200,1214.0,20181200
2018-10-31 15:00:00,1220.6,20190200,1220.6,20190200,1214.6,20181200
2018-10-31 15:15:00,1220.2,20190200,1220.2,20190200,1214.3,20181200
2018-10-31 15:30:00,1220.6,20190200,1220.6,20190200,1214.7,20181200
2018-10-31 15:45:00,1221.7,20190200,1221.7,20190200,1215.8,20181200
2018-10-31 16:00:00,1222.1,20190200,1222.1,20190200,1216.2,20181200
2018-10-31 16:15:00,1223.1,20190200,1223.1,20190200,1217.2,20181200
2018-10-31 16:30:00,1223.5,20190200,1223.5,20190200,1217.0,20181200
2018-10-31 16:45:00,1224.2,20190200,1224.2,20190200,1218.2,20181200
2018-10-31 17:00:00,1222.9,20190200,1222.9,20190200,1217.0,20181200
2018-10-31 17:15:00,1222.9,20190200,1222.9,20190200,1217.0,20181200
2018-10-31 17:30:00,1222.6,20190200,1222.6,20190200,1216.7,20181200
2018-10-31 17:45:00,1222.1,20190200,1222.1,20190200,1216.8,20181200
2018-10-31 18:00:00,1221.9,20190200,1221.9,20190200,1216.1,20181200
2018-10-31 18:15:00,1220.7,20190200,1220.7,20190200,1214.9,20181200
2018-10-31 18:30:00,1220.5,20190200,1220.5,20190200,1214.2,20181200
2018-10-31 18:45:00,1220.2,20190200,1220.2,20190200,1214.7,20181200
2018-10-31 19:00:00,1221.2,20190200,1221.2,20190200,1215.4,20181200
2018-10-31 19:15:00,1221.2,20190200,1221.2,20190200,1215.2,20181200
2018-10-31 19:30:00,1221.6,20190200,1221.6,20190200,1215.6,20181200
2018-10-31 19:45:00,1221.4,20190200,1221.4,20190200,1214.8,20181200
2018-10-31 20:00:00,1221.2,20190200,1221.2,20190200,1215.5,20181200
2018-10-31 20:15:00,1221.6,20190200,1221.6,20190200,1215.8,20181200
2018-10-31 20:30:00,1222.3,20190200,1222.3,20190200,1216.5,20181200
2018-10-31 20:45:00,1223.7,20190200,1223.7,20190200,1218.3,20181200
2018-10-31 21:00:00,1223.4,20190200,1223.4,20190200,1217.7,20181200
2018-10-31 21:15:00,1223.7,20190200,1223.7,20190200,1217.4,20181200
2018-10-31 21:30:00,1222.3,20190200,1222.3,20190200,1216.4,20181200
2018-10-31 21:45:00,1221.7,20190200,1221.7,20190200,1216.1,20181200
2018-10-31 23:00:00,1224.8,20190200,1224.8,20190200,1218.2,20181200
2018-10-31 23:15:00,1222.6,20190200,1222.6,20190200,1216.8,20181200
2018-10-31 23:30:00,1222.6,20190200,1222.6,20190200,1216.6,20181200
2018-10-31 23:45:00,1222.6,20190200,1222.6,20190200,1216.6,20181200
2018-11-01 00:00:00,1222.6,20190200,1222.6,20190200,1217.4,20181200
2018-11-01 00:15:00,1223.2,20190200,1223.2,20190200,1216.8,20181200
2018-11-01 00:30:00,1223.2,20190200,1223.2,20190200,1217.4,20181200
2018-11-01 00:45:00,1223.2,20190200,1223.2,20190200,1217.5,20181200
2018-11-01 01:00:00,1223.2,20190200,1223.2,20190200,1217.9,20181200
2018-11-01 01:15:00,1223.2,20190200,1223.2,20190200,1218.3,20181200
2018-11-01 01:30:00,1223.2,20190200,1223.2,20190200,1218.2,20181200
2018-11-01 01:45:00,1223.8,20190200,1223.8,20190200,1217.7,20181200
2018-11-01 02:00:00,1223.4,20190200,1223.4,20190200,1217.8,20181200
2018-11-01 02:15:00,1223.4,20190200,1223.4,20190200,1218.0,20181200
2018-11-01 02:30:00,1223.4,20190200,1223.4,20190200,1218.3,20181200
2018-11-01 02:45:00,1224.8,20190200,1224.8,20190200,1218.9,20181200
2018-11-01 03:00:00,1224.8,20190200,1224.8,20190200,1218.8,20181200
2018-11-01 03:15:00,1224.3,20190200,1224.3,20190200,1218.1,20181200
2018-11-01 03:30:00,1224.2,20190200,1224.2,20190200,1218.2,20181200
2018-11-01 03:45:00,1224.2,20190200,1224.2,20190200,1218.6,20181200
2018-11-01 04:00:00,1224.9,20190200,1224.9,20190200,1218.8,20181200
2018-11-01 04:15:00,1224.9,20190200,1224.9,20190200,1219.0,20181200
2018-11-01 04:30:00,1224.7,20190200,1224.7,20190200,1219.5,20181200
2018-11-01 04:45:00,1224.7,20190200,1224.7,20190200,1219.3,20181200
2018-11-01 05:15:00,1224.8,20190200,1224.8,20190200,1219.7,20181200
2018-11-01 05:30:00,1224.8,20190200,1224.8,20190200,1219.4,20181200
2018-11-01 05:45:00,1225.6,20190200,1225.6,20190200,1219.7,20181200
2018-11-01 06:15:00,1225.7,20190200,1225.7,20190200,1219.7,20181200
2018-11-01 06:30:00,1225.7,20190200,1225.7,20190200,1219.9,20181200
2018-11-01 06:45:00,1225.7,20190200,1225.7,20190200,1219.3,20181200
2018-11-01 07:00:00,1225.6,20190200,1225.6,20190200,1219.9,20181200
2018-11-01 07:15:00,1227.4,20190200,1227.4,20190200,1221.8,20181200
2018-11-01 07:30:00,1228.7,20190200,1228.7,20190200,1223.0,20181200
2018-11-01 07:45:00,1229.2,20190200,1229.2,20190200,1223.6,20181200
2018-11-01 08:00:00,1230.3,20190200,1230.3,20190200,1224.5,20181200
2018-11-01 08:15:00,1231.0,20190200,1231.0,20190200,1225.2,20181200
2018-11-01 08:30:00,1230.5,20190200,1230.5,20190200,1224.8,20181200
2018-11-01 08:45:00,1231.9,20190200,1231.9,20190200,1225.9,20181200
2018-11-01 09:00:00,1230.7,20190200,1230.7,20190200,1225.3,20181200
2018-11-01 09:15:00,1232.6,20190200,1232.6,20190200,1226.7,20181200
2018-11-01 09:30:00,1233.4,20190200,1233.4,20190200,1227.6,20181200
2018-11-01 09:45:00,1233.7,20190200,1233.7,20190200,1227.4,20181200
2018-11-01 10:00:00,1232.2,20190200,1232.2,20190200,1226.1,20181200
2018-11-01 10:15:00,1231.5,20190200,1231.5,20190200,1225.8,20181200
2018-11-01 10:30:00,1232.6,20190200,1232.6,20190200,1226.8,20181200
2018-11-01 10:45:00,1231.8,20190200,1231.8,20190200,1225.8,20181200
2018-11-01 11:00:00,1231.0,20190200,1231.0,20190200,1225.5,20181200
2018-11-01 11:15:00,1231.0,20190200,1231.0,20190200,1225.2,20181200
2018-11-01 11:30:00,1230.3,20190200,1230.3,20190200,1225.1,20181200
2018-11-01 11:45:00,1230.0,20190200,1230.0,20190200,1224.2,20181200
2018-11-01 12:00:00,1230.9,20190200,1230.9,20190200,1225.2,20181200
2018-11-01 12:15:00,1231.1,20190200,1231.1,20190200,1225.6,20181200
2018-11-01 12:30:00,1231.9,20190200,1231.9,20190200,1226.4,20181200
2018-11-01 12:45:00,1232.4,20190200,1232.4,20190200,1226.7,20181200
2018-11-01 13:00:00,1235.2,20190200,1235.2,20190200,1230.0,20181200
2018-11-01 13:15:00,1237.6,20190200,1237.6,20190200,1231.5,20181200
2018-11-01 13:30:00,1236.5,20190200,1236.5,20190200,1230.6,20181200
2018-11-01 13:45:00,1236.5,20190200,1236.5,20190200,1230.8,20181200
2018-11-01 14:00:00,1237.8,20190200,1237.8,20190200,1232.0,20181200
2018-11-01 14:15:00,1237.4,20190200,1237.4,20190200,1231.4,20181200
2018-11-01 14:30:00,1236.9,20190200,1236.9,20190200,1230.9,20181200
2018-11-01 14:45:00,1237.1,20190200,1237.1,20190200,1231.1,20181200
2018-11-01 15:00:00,1238.7,20190200,1238.7,20190200,1232.7,20181200
2018-11-01 15:15:00,1240.7,20190200,1240.7,20190200,1234.4,20181200
2018-11-01 15:30:00,1240.2,20190200,1240.2,20190200,1234.0,20181200
2018-11-01 15:45:00,1240.9,20190200,1240.9,20190200,1234.7,20181200
2018-11-01 16:00:00,1239.8,20190200,1239.8,20190200,1233.8,20181200
2018-11-01 16:15:00,1239.1,20190200,1239.1,20190200,1233.2,20181200
2018-11-01 16:30:00,1238.8,20190200,1238.8,20190200,1233.0,20181200
2018-11-01 16:45:00,1238.6,20190200,1238.6,20190200,1232.4,20181200
2018-11-01 17:00:00,1239.0,20190200,1239.0,20190200,1233.1,20181200
2018-11-01 17:15:00,1240.3,20190200,1240.3,20190200,1234.3,20181200
2018-11-01 17:30:00,1240.3,20190200,1240.3,20190200,1234.4,20181200
2018-11-01 17:45:00,1241.8,20190200,1241.8,20190200,1235.8,20181200
2018-11-01 18:00:00,1241.8,20190200,1241.8,20190200,1236.5,20181200
2018-11-01 18:15:00,1244.7,20190200,1244.7,20190200,1238.7,20181200
2018-11-01 18:30:00,1242.9,20190200,1242.9,20190200,1236.3,20181200
2018-11-01 18:45:00,1242.0,20190200,1242.0,20190200,1236.1,20181200
2018-11-01 19:00:00,1241.8,20190200,1241.8,20190200,1236.5,20181200
2018-11-01 19:15:00,1242.2,20190200,1242.2,20190200,1236.3,20181200
2018-11-01 19:30:00,1242.4,20190200,1242.4,20190200,1236.1,20181200
2018-11-01 19:45:00,1241.9,20190200,1241.9,20190200,1235.6,20181200
2018-11-01 20:00:00,1241.6,20190200,1241.6,20190200,1236.2,20181200
2018-11-01 20:15:00,1242.1,20190200,1242.1,20190200,1235.9,20181200
2018-11-01 20:30:00,1241.4,20190200,1241.4,20190200,1235.3,20181200
2018-11-01 20:45:00,1240.9,20190200,1240.9,20190200,1235.2,20181200
2018-11-01 21:00:00,1240.7,20190200,1240.7,20190200,1234.8,20181200
2018-11-01 21:15:00,1240.7,20190200,1240.7,20190200,1234.9,20181200
2018-11-01 21:30:00,1240.9,20190200,1240.9,20190200,1234.9,20181200
2018-11-01 21:45:00,1241.1,20190200,1241.1,20190200,1235.3,20181200
2018-11-01 23:00:00,1241.9,20190200,1241.9,20190200,1219.6,20181200
2018-11-01 23:15:00,1241.9,20190200,1241.9,20190200,1235.8,20181200
2018-11-01 23:30:00,1241.9,20190200,1241.9,20190200,1235.8,20181200
2018-11-01 23:45:00,1242.0,20190200,1242.0,20190200,1236.0,20181200
2018-11-02 00:00:00,1241.9,20190200,1241.9,20190200,1235.6,20181200
2018-11-02 00:15:00,1241.6,20190200,1241.6,20190200,1235.8,20181200
2018-11-02 00:30:00,1241.3,20190200,1241.3,20190200,1235.6,20181200
2018-11-02 00:45:00,1240.6,20190200,1240.6,20190200,1234.8,20181200
2018-11-02 01:00:00,1240.6,20190200,1240.6,20190200,1234.5,20181200
2018-11-02 01:15:00,1240.9,20190200,1240.9,20190200,1234.3,20181200
2018-11-02 01:30:00,1240.5,20190200,1240.5,20190200,1234.3,20181200
2018-11-02 01:45:00,1240.7,20190200,1240.7,20190200,1234.7,20181200
2018-11-02 02:00:00,1239.7,20190200,1239.7,20190200,1234.1,20181200
2018-11-02 02:15:00,1241.9,20190200,1241.9,20190200,1235.8,20181200
2018-11-02 02:30:00,1239.7,20190200,1239.7,20190200,1233.6,20181200
2018-11-02 02:45:00,1239.2,20190200,1239.2,20190200,1233.9,20181200
2018-11-02 03:00:00,1239.4,20190200,1239.4,20190200,1233.5,20181200
2018-11-02 03:15:00,1239.0,20190200,1239.0,20190200,1233.0,20181200
2018-11-02 03:30:00,1240.2,20190200,1240.2,20190200,1233.6,20181200
2018-11-02 03:45:00,1240.3,20190200,1240.3,20190200,1234.2,20181200
2018-11-02 04:00:00,1240.3,20190200,1240.3,20190200,1234.3,20181200
2018-11-02 04:15:00,1240.3,20190200,1240.3,20190200,1233.9,20181200
2018-11-02 04:30:00,1240.3,20190200,1240.3,20190200,1234.4,20181200
2018-11-02 04:45:00,1240.1,20190200,1240.1,20190200,1234.1,20181200
2018-11-02 05:15:00,1240.1,20190200,1240.1,20190200,1233.5,20181200
2018-11-02 05:30:00,1239.3,20190200,1239.3,20190200,1233.4,20181200
2018-11-02 05:45:00,1241.3,20190200,1241.3,20190200,1234.9,20181200
2018-11-02 06:15:00,1240.3,20190200,1240.3,20190200,1234.4,20181200
2018-11-02 06:30:00,1242.0,20190200,1242.0,20190200,1236.1,20181200
2018-11-02 06:45:00,1241.6,20190200,1241.6,20190200,1235.7,20181200
2018-11-02 07:00:00,1240.3,20190200,1240.3,20190200,1234.6,20181200
2018-11-02 07:15:00,1239.7,20190200,1239.7,20190200,1233.8,20181200
2018-11-02 07:30:00,1240.7,20190200,1240.7,20190200,1234.7,20181200
2018-11-02 07:45:00,1241.1,20190200,1241.1,20190200,1234.5,20181200
2018-11-02 08:00:00,1241.1,20190200,1241.1,20190200,1235.0,20181200
2018-11-02 08:15:00,1241.1,20190200,1241.1,20190200,1235.8,20181200
2018-11-02 08:30:00,1241.2,20190200,1241.2,20190200,1235.6,20181200
2018-11-02 08:45:00,1241.8,20190200,1241.8,20190200,1235.7,20181200
2018-11-02 09:00:00,1243.1,20190200,1243.1,20190200,1236.8,20181200
2018-11-02 09:15:00,1242.8,20190200,1242.8,20190200,1236.8,20181200
2018-11-02 09:30:00,1242.1,20190200,1242.1,20190200,1236.2,20181200
2018-11-02 09:45:00,1241.8,20190200,1241.8,20190200,1235.3,20181200
2018-11-02 10:00:00,1241.4,20190200,1241.4,20190200,1235.9,20181200
2018-11-02 10:15:00,1242.0,20190200,1242.0,20190200,1236.7,20181200
2018-11-02 10:30:00,1243.2,20190200,1243.2,20190200,1237.6,20181200
2018-11-02 10:45:00,1243.5,20190200,1243.5,20190200,1237.5,20181200
2018-11-02 11:00:00,1243.3,20190200,1243.3,20190200,1237.6,20181200
2018-11-02 11:15:00,1243.4,20190200,1243.4,20190200,1237.4,20181200
2018-11-02 11:30:00,1243.3,20190200,1243.3,20190200,1236.8,20181200
2018-11-02 11:45:00,1243.0,20190200,1243.0,20190200,1237.2,20181200
2018-11-02 12:00:00,1243.0,20190200,1243.0,20190200,1236.9,20181200
2018-11-02 12:15:00,1242.2,20190200,1242.2,20190200,1236.2,20181200
2018-11-02 12:30:00,1242.5,20190200,1242.5,20190200,1236.6,20181200
2018-11-02 12:45:00,1243.3,20190200,1243.3,20190200,1236.9,20181200
2018-11-02 13:00:00,1241.0,20190200,1241.0,20190200,1235.2,20181200
2018-11-02 13:15:00,1242.7,20190200,1242.7,20190200,1236.9,20181200
2018-11-02 13:30:00,1240.2,20190200,1240.2,20190200,1234.2,20181200
2018-11-02 13:45:00,1238.5,20190200,1238.5,20190200,1232.5,20181200
2018-11-02 14:00:00,1241.2,20190200,1241.2,20190200,1233.7,20181200
2018-11-02 14:15:00,1240.5,20190200,1240.5,20190200,1234.3,20181200
2018-11-02 14:30:00,1240.2,20190200,1240.2,20190200,1234.4,20181200
2018-11-02 14:45:00,1241.5,20190200,1241.5,20190200,1235.2,20181200
2018-11-02 15:00:00,1241.7,20190200,1241.7,20190200,1235.7,20181200
2018-11-02 15:15:00,1243.2,20190200,1243.2,20190200,1237.3,20181200
2018-11-02 15:30:00,1240.9,20190200,1240.9,20190200,1234.8,20181200
2018-11-02 15:45:00,1239.7,20190200,1239.7,20190200,1233.6,20181200
2018-11-02 16:00:00,1239.8,20190200,1239.8,20190200,1233.6,20181200
2018-11-02 16:15:00,1241.5,20190200,1241.5,20190200,1235.4,20181200
2018-11-02 16:30:00,1240.3,20190200,1240.3,20190200,1234.3,20181200
2018-11-02 16:45:00,1239.2,20190200,1239.2,20190200,1233.1,20181200
2018-11-02 17:00:00,1238.5,20190200,1238.5,20190200,1232.9,20181200
2018-11-02 17:15:00,1239.2,20190200,1239.2,20190200,1233.2,20181200
2018-11-02 17:30:00,1239.3,20190200,1239.3,20190200,1233.3,20181200
2018-11-02 17:45:00,1240.0,20190200,1240.0,20190200,1234.1,20181200
2018-11-02 18:00:00,1239.9,20190200,1239.9,20190200,1234.0,20181200
2018-11-02 18:15:00,1239.3,20190200,1239.3,20190200,1233.2,20181200
2018-11-02 18:30:00,1239.4,20190200,1239.4,20190200,1233.5,20181200
2018-11-02 18:45:00,1239.7,20190200,1239.7,20190200,1233.9,20181200
2018-11-02 19:00:00,1240.4,20190200,1240.4,20190200,1234.5,20181200
2018-11-02 19:15:00,1240.4,20190200,1240.4,20190200,1234.8,20181200
2018-11-02 19:30:00,1240.4,20190200,1240.4,20190200,1234.5,20181200
2018-11-02 19:45:00,1240.4,20190200,1240.4,20190200,1233.9,20181200
2018-11-02 20:00:00,1240.4,20190200,1240.4,20190200,1233.9,20181200
2018-11-02 20:15:00,1240.4,20190200,1240.4,20190200,1234.4,20181200
2018-11-02 20:30:00,1240.9,20190200,1240.9,20190200,1234.7,20181200
2018-11-02 20:45:00,1240.3,20190200,1240.3,20190200,1234.9,20181200
2018-11-02 21:00:00,1240.3,20190200,1240.3,20190200,1234.6,20181200
2018-11-02 21:15:00,1240.3,20190200,1240.3,20190200,1234.8,20181200
2018-11-02 21:30:00,1240.3,20190200,1240.3,20190200,1234.5,20181200
2018-11-02 21:45:00,1240.8,20190200,1240.8,20190200,1234.6,20181200
2018-11-02 23:00:00,1240.0,20190200,1240.0,20190200,1234.3,20181200
2018-11-04 23:00:00,1241.5,20190200,1241.5,20190200,1235.6,20181200
2018-11-04 23:15:00,1241.5,20190200,1241.5,20190200,1235.3,20181200
2018-11-04 23:30:00,1242.0,20190200,1242.0,20190200,1235.6,20181200
2018-11-04 23:45:00,1241.9,20190200,1241.9,20190200,1235.7,20181200
2018-11-05 00:00:00,1242.1,20190200,1242.1,20190200,1235.8,20181200
2018-11-05 00:15:00,1242.0,20190200,1242.0,20190200,1235.7,20181200
2018-11-05 00:30:00,1241.3,20190200,1241.3,20190200,1235.6,20181200
2018-11-05 00:45:00,1241.3,20190200,1241.3,20190200,1235.7,20181200
2018-11-05 01:00:00,1241.0,20190200,1241.0,20190200,1234.7,20181200
2018-11-05 01:15:00,1240.8,20190200,1240.8,20190200,1234.2,20181200
2018-11-05 01:30:00,1240.5,20190200,1240.5,20190200,1234.3,20181200
2018-11-05 01:45:00,1240.4,20190200,1240.4,20190200,1234.8,20181200
2018-11-05 02:00:00,1240.4,20190200,1240.4,20190200,1234.7,20181200
2018-11-05 02:15:00,1240.4,20190200,1240.4,20190200,1234.5,20181200
2018-11-05 02:30:00,1240.1,20190200,1240.1,20190200,1234.1,20181200
2018-11-05 02:45:00,1239.3,20190200,1239.3,20190200,1233.3,20181200
2018-11-05 03:00:00,1239.5,20190200,1239.5,20190200,1233.4,20181200
2018-11-05 03:15:00,1239.4,20190200,1239.4,20190200,1233.6,20181200
2018-11-05 03:30:00,1239.7,20190200,1239.7,20190200,1233.7,20181200
2018-11-05 03:45:00,1239.5,20190200,1239.5,20190200,1233.6,20181200
2018-11-05 04:00:00,1239.4,20190200,1239.4,20190200,1233.5,20181200
2018-11-05 04:15:00,1239.4,20190200,1239.4,20190200,1233.9,20181200
2018-11-05 04:30:00,1239.4,20190200,1239.4,20190200,1234.0,20181200
2018-11-05 04:45:00,1240.0,20190200,1240.0,20190200,1233.9,20181200
2018-11-05 05:15:00,1239.8,20190200,1239.8,20190200,1233.8,20181200
2018-11-05 05:30:00,1239.7,20190200,1239.7,20190200,1233.1,20181200
2018-11-05 05:45:00,1239.0,20190200,1239.0,20190200,1233.2,20181200
2018-11-05 06:15:00,1239.0,20190200,1239.0,20190200,1233.9,20181200
2018-11-05 06:30:00,1239.8,20190200,1239.8,20190200,1234.1,20181200
2018-11-05 06:45:00,1238.6,20190200,1238.6,20190200,1232.4,20181200
2018-11-05 07:00:00,1239.4,20190200,1239.4,20190200,1233.5,20181200
2018-11-05 07:15:00,1239.9,20190200,1239.9,20190200,1233.8,20181200
2018-11-05 07:30:00,1240.2,20190200,1240.2,20190200,1234.4,20181200
2018-11-05 07:45:00,1239.9,20190200,1239.9,20190200,1234.3,20181200
2018-11-05 08:00:00,1240.6,20190200,1240.6,20190200,1234.4,20181200
2018-11-05 08:15:00,1240.7,20190200,1240.7,20190200,1234.8,20181200
2018-11-05 08:30:00,1241.5,20190200,1241.5,20190200,1235.3,20181200
2018-11-05 08:45:00,1240.2,20190200,1240.2,20190200,1234.0,20181200
2018-11-05 09:00:00,1239.9,20190200,1239.9,20190200,1234.6,20181200
2018-11-05 09:15:00,1239.1,20190200,1239.1,20190200,1233.3,20181200
2018-11-05 09:30:00,1238.6,20190200,1238.6,20190200,1233.2,20181200
2018-11-05 09:45:00,1239.2,20190200,1239.2,20190200,1233.2,20181200
2018-11-05 10:00:00,1239.2,20190200,1239.2,20190200,1233.7,20181200
2018-11-05 10:15:00,1239.1,20190200,1239.1,20190200,1233.1,20181200
2018-11-05 10:30:00,1239.0,20190200,1239.0,20190200,1233.4,20181200
2018-11-05 10:45:00,1239.8,20190200,1239.8,20190200,1233.7,20181200
2018-11-05 11:00:00,1240.1,20190200,1240.1,20190200,1234.0,20181200
2018-11-05 11:15:00,1239.6,20190200,1239.6,20190200,1233.6,20181200
2018-11-05 11:30:00,1239.4,20190200,1239.4,20190200,1233.5,20181200
2018-11-05 11:45:00,1239.6,20190200,1239.6,20190200,1233.8,20181200
2018-11-05 12:00:00,1239.1,20190200,1239.1,20190200,1233.0,20181200
2018-11-05 12:15:00,1239.7,20190200,1239.7,20190200,1233.5,20181200
2018-11-05 12:30:00,1238.9,20190200,1238.9,20190200,1232.9,20181200
2018-11-05 12:45:00,1236.6,20190200,1236.6,20190200,1230.3,20181200
2018-11-05 13:00:00,1235.7,20190200,1235.7,20190200,1229.8,20181200
2018-11-05 13:15:00,1234.5,20190200,1234.5,20190200,1228.6,20181200
2018-11-05 13:30:00,1235.5,20190200,1235.5,20190200,1229.5,20181200
2018-11-05 13:45:00,1236.3,20190200,1236.3,20190200,1230.3,20181200
2018-11-05 14:00:00,1236.6,20190200,1236.6,20190200,1230.7,20181200
2018-11-05 14:15:00,1236.8,20190200,1236.8,20190200,1230.8,20181200
2018-11-05 14:30:00,1239.9,20190200,1239.9,20190200,1233.6,20181200
2018-11-05 14:45:00,1239.5,20190200,1239.5,20190200,1233.4,20181200
2018-11-05 15:00:00,1240.6,20190200,1240.6,20190200,1234.6,20181200
2018-11-05 15:15:00,1239.9,20190200,1239.9,20190200,1233.9,20181200
2018-11-05 15:30:00,1238.9,20190200,1238.9,20190200,1233.0,20181200
2018-11-05 15:45:00,1239.1,20190200,1239.1,20190200,1233.1,20181200
2018-11-05 16:00:00,1238.3,20190200,1238.3,20190200,1232.3,20181200
2018-11-05 16:15:00,1238.7,20190200,1238.7,20190200,1232.7,20181200
2018-11-05 16:30:00,1237.8,20190200,1237.8,20190200,1231.8,20181200
2018-11-05 16:45:00,1237.6,20190200,1237.6,20190200,1231.6,20181200
2018-11-05 17:00:00,1236.8,20190200,1236.8,20190200,1231.1,20181200
2018-11-05 17:15:00,1237.6,20190200,1237.6,20190200,1231.6,20181200
2018-11-05 17:30:00,1237.7,20190200,1237.7,20190200,1231.6,20181200
2018-11-05 17:45:00,1237.7,20190200,1237.7,20190200,1231.7,20181200
2018-11-05 18:00:00,1237.3,20190200,1237.3,20190200,1231.3,20181200
2018-11-05 18:15:00,1238.4,20190200,1238.4,20190200,1232.3,20181200
2018-11-05 18:30:00,1238.7,20190200,1238.7,20190200,1232.4,20181200
2018-11-05 18:45:00,1238.5,20190200,1238.5,20190200,1232.6,20181200
2018-11-05 19:00:00,1238.2,20190200,1238.2,20190200,1231.9,20181200
2018-11-05 19:15:00,1237.0,20190200,1237.0,20190200,1230.8,20181200
2018-11-05 19:30:00,1237.1,20190200,1237.1,20190200,1231.0,20181200
2018-11-05 19:45:00,1237.7,20190200,1237.7,20190200,1231.8,20181200
2018-11-05 20:00:00,1238.3,20190200,1238.3,20190200,1232.3,20181200
2018-11-05 20:15:00,1238.3,20190200,1238.3,20190200,1232.4,20181200
2018-11-05 20:30:00,1238.4,20190200,1238.4,20190200,1232.4,20181200
2018-11-05 20:45:00,1238.3,20190200,1238.3,20190200,1232.1,20181200
2018-11-05 21:00:00,1238.3,20190200,1238.3,20190200,1232.9,20181200
2018-11-05 21:15:00,1238.3,20190200,1238.3,20190200,1233.2,20181200
2018-11-05 21:30:00,1239.1,20190200,1239.1,20190200,1233.0,20181200
2018-11-05 21:45:00,1239.0,20190200,1239.0,20190200,1233.0,20181200
2018-11-05 23:00:00,1238.7,20190200,1238.7,20190200,1232.9,20181200
2018-11-05 23:15:00,1238.7,20190200,1238.7,20190200,1233.3,20181200
2018-11-05 23:30:00,1238.7,20190200,1238.7,20190200,1232.9,20181200
2018-11-05 23:45:00,1238.9,20190200,1238.9,20190200,1232.6,20181200
2018-11-06 00:00:00,1238.9,20190200,1238.9,20190200,1232.6,20181200
2018-11-06 00:15:00,1238.3,20190200,1238.3,20190200,1232.3,20181200
2018-11-06 00:30:00,1238.3,20190200,1238.3,20190200,1232.4,20181200
2018-11-06 00:45:00,1237.9,20190200,1237.9,20190200,1232.1,20181200
2018-11-06 01:00:00,1237.9,20190200,1237.9,20190200,1232.6,20181200
2018-11-06 01:15:00,1238.7,20190200,1238.7,20190200,1232.2,20181200
2018-11-06 01:30:00,1238.7,20190200,1238.7,20190200,1232.7,20181200
2018-11-06 01:45:00,1237.9,20190200,1237.9,20190200,1232.1,20181200
2018-11-06 02:00:00,1237.6,20190200,1237.6,20190200,1231.9,20181200
2018-11-06 02:15:00,1237.8,20190200,1237.8,20190200,1231.8,20181200
2018-11-06 02:30:00,1237.8,20190200,1237.8,20190200,1232.1,20181200
2018-11-06 02:45:00,1237.8,20190200,1237.8,20190200,1231.8,20181200
2018-11-06 03:00:00,1237.7,20190200,1237.7,20190200,1231.7,20181200
2018-11-06 03:15:00,1237.3,20190200,1237.3,20190200,1231.3,20181200
2018-11-06 03:30:00,1237.2,20190200,1237.2,20190200,1231.1,20181200
2018-11-06 03:45:00,1237.2,20190200,1237.2,20190200,1230.9,20181200
2018-11-06 04:00:00,1237.0,20190200,1237.0,20190200,1230.9,20181200
2018-11-06 04:15:00,1237.0,20190200,1237.0,20190200,1231.1,20181200
2018-11-06 04:30:00,1237.0,20190200,1237.0,20190200,1230.6,20181200
2018-11-06 04:45:00,1237.0,20190200,1237.0,20190200,1230.3,20181200
2018-11-06 05:15:00,1236.7,20190200,1236.7,20190200,1230.9,20181200
2018-11-06 05:30:00,1237.3,20190200,1237.3,20190200,1231.5,20181200
2018-11-06 05:45:00,1237.7,20190200,1237.7,20190200,1231.6,20181200
2018-11-06 06:15:00,1238.0,20190200,1238.0,20190200,1232.4,20181200
2018-11-06 06:30:00,1238.7,20190200,1238.7,20190200,1232.2,20181200
2018-11-06 06:45:00,1238.1,20190200,1238.1,20190200,1232.0,20181200
2018-11-06 07:00:00,1237.3,20190200,1237.3,20190200,1231.4,20181200
2018-11-06 07:15:00,1238.5,20190200,1238.5,20190200,1232.1,20181200
2018-11-06 07:30:00,1238.6,20190200,1238.6,20190200,1232.6,20181200
2018-11-06 07:45:00,1239.4,20190200,1239.4,20190200,1233.6,20181200
2018-11-06 08:00:00,1240.4,20190200,1240.4,20190200,1234.3,20181200
2018-11-06 08:15:00,1240.1,20190200,1240.1,20190200,1234.3,20181200
2018-11-06 08:30:00,1241.2,20190200,1241.2,20190200,1235.2,20181200
2018-11-06 08:45:00,1241.9,20190200,1241.9,20190200,1235.6,20181200
2018-11-06 09:00:00,1242.4,20190200,1242.4,20190200,1236.3,20181200
2018-11-06 09:15:00,1242.5,20190200,1242.5,20190200,1236.4,20181200
2018-11-06 09:30:00,1241.9,20190200,1241.9,20190200,1236.1,20181200
2018-11-06 09:45:00,1241.7,20190200,1241.7,20190200,1235.6,20181200
2018-11-06 10:00:00,1241.5,20190200,1241.5,20190200,1235.5,20181200
2018-11-06 10:15:00,1241.7,20190200,1241.7,20190200,1236.2,20181200
2018-11-06 10:30:00,1243.1,20190200,1243.1,20190200,1237.5,20181200
2018-11-06 10:45:00,1243.1,20190200,1243.1,20190200,1237.0,20181200
2018-11-06 11:00:00,1243.3,20190200,1243.3,20190200,1236.7,20181200
2018-11-06 11:15:00,1242.1,20190200,1242.1,20190200,1236.6,20181200
2018-11-06 11:30:00,1242.1,20190200,1242.1,20190200,1237.0,20181200
2018-11-06 11:45:00,1243.5,20190200,1243.5,20190200,1237.5,20181200
2018-11-06 12:00:00,1242.4,20190200,1242.4,20190200,1236.7,20181200
2018-11-06 12:15:00,1243.0,20190200,1243.0,20190200,1237.4,20181200
2018-11-06 12:30:00,1243.1,20190200,1243.1,20190200,1237.1,20181200
2018-11-06 12:45:00,1242.6,20190200,1242.6,20190200,1236.4,20181200
2018-11-06 13:00:00,1242.6,20190200,1242.6,20190200,1236.6,20181200
2018-11-06 13:15:00,1241.2,20190200,1241.2,20190200,1235.2,20181200
2018-11-06 13:30:00,1241.9,20190200,1241.9,20190200,1235.9,20181200
2018-11-06 13:45:00,1241.3,20190200,1241.3,20190200,1235.2,20181200
2018-11-06 14:00:00,1240.7,20190200,1240.7,20190200,1234.4,20181200
2018-11-06 14:15:00,1238.4,20190200,1238.4,20190200,1232.5,20181200
2018-11-06 14:30:00,1238.7,20190200,1238.7,20190200,1232.7,20181200
2018-11-06 14:45:00,1238.5,20190200,1238.5,20190200,1232.5,20181200
2018-11-06 15:00:00,1237.4,20190200,1237.4,20190200,1231.5,20181200
2018-11-06 15:15:00,1237.2,20190200,1237.2,20190200,1231.2,20181200
2018-11-06 15:30:00,1236.6,20190200,1236.6,20190200,1230.5,20181200
2018-11-06 15:45:00,1236.5,20190200,1236.5,20190200,1230.5,20181200
2018-11-06 16:00:00,1235.5,20190200,1235.5,20190200,1229.4,20181200
2018-11-06 16:15:00,1234.6,20190200,1234.6,20190200,1228.5,20181200
2018-11-06 16:30:00,1233.4,20190200,1233.4,20190200,1227.2,20181200
2018-11-06 16:45:00,1233.3,20190200,1233.3,20190200,1227.1,20181200
2018-11-06 17:00:00,1234.4,20190200,1234.4,20190200,1228.3,20181200
2018-11-06 17:15:00,1234.1,20190200,1234.1,20190200,1228.1,20181200
2018-11-06 17:30:00,1233.3,20190200,1233.3,20190200,1227.2,20181200
2018-11-06 17:45:00,1233.3,20190200,1233.3,20190200,1227.5,20181200
2018-11-06 18:00:00,1233.5,20190200,1233.5,20190200,1227.3,20181200
2018-11-06 18:15:00,1232.2,20190200,1232.2,20190200,1226.3,20181200
2018-11-06 18:30:00,1232.5,20190200,1232.5,20190200,1226.3,20181200
2018-11-06 18:45:00,1233.4,20190200,1233.4,20190200,1227.1,20181200
2018-11-06 19:00:00,1233.9,20190200,1233.9,20190200,1227.8,20181200
2018-11-06 19:15:00,1234.5,20190200,1234.5,20190200,1228.5,20181200
2018-11-06 19:30:00,1233.5,20190200,1233.5,20190200,1227.5,20181200
2018-11-06 19:45:00,1233.4,20190200,1233.4,20190200,1227.2,20181200
2018-11-06 20:00:00,1233.8,20190200,1233.8,20190200,1227.9,20181200
2018-11-06 20:15:00,1233.5,20190200,1233.5,20190200,1227.4,20181200
2018-11-06 20:30:00,1233.6,20190200,1233.6,20190200,1227.6,20181200
2018-11-06 20:45:00,1233.8,20190200,1233.8,20190200,1227.7,20181200
2018-11-06 21:00:00,1233.8,20190200,1233.8,20190200,1227.9,20181200
2018-11-06 21:15:00,1234.3,20190200,1234.3,20190200,1228.0,20181200
2018-11-06 21:30:00,1233.8,20190200,1233.8,20190200,1227.6,20181200
2018-11-06 21:45:00,1234.3,20190200,1234.3,20190200,1228.5,20181200
2018-11-06 23:00:00,1237.5,20190200,1237.5,20190200,1231.8,20181200
2018-11-06 23:15:00,1234.4,20190200,1234.4,20190200,1228.9,20181200
2018-11-06 23:30:00,1235.1,20190200,1235.1,20190200,1228.6,20181200
2018-11-06 23:45:00,1235.0,20190200,1235.0,20190200,1229.2,20181200
2018-11-07 00:00:00,1235.6,20190200,1235.6,20190200,1229.4,20181200
2018-11-07 00:15:00,1236.1,20190200,1236.1,20190200,1229.6,20181200
2018-11-07 00:30:00,1239.1,20190200,1239.1,20190200,1233.3,20181200
2018-11-07 00:45:00,1238.3,20190200,1238.3,20190200,1231.9,20181200
2018-11-07 01:00:00,1236.1,20190200,1236.1,20190200,1230.0,20181200
2018-11-07 01:15:00,1233.7,20190200,1233.7,20190200,1227.4,20181200
2018-11-07 01:30:00,1234.7,20190200,1234.7,20190200,1228.2,20181200
2018-11-07 01:45:00,1234.0,20190200,1234.0,20190200,1228.2,20181200
2018-11-07 02:00:00,1233.0,20190200,1233.0,20190200,1227.0,20181200
2018-11-07 02:15:00,1232.7,20190200,1232.7,20190200,1226.8,20181200
2018-11-07 02:30:00,1233.7,20190200,1233.7,20190200,1227.8,20181200
2018-11-07 02:45:00,1233.7,20190200,1233.7,20190200,1228.2,20181200
2018-11-07 03:00:00,1234.8,20190200,1234.8,20190200,1228.2,20181200
2018-11-07 03:15:00,1234.0,20190200,1234.0,20190200,1227.8,20181200
2018-11-07 03:30:00,1234.9,20190200,1234.9,20190200,1229.1,20181200
2018-11-07 03:45:00,1236.4,20190200,1236.4,20190200,1230.8,20181200
2018-11-07 04:00:00,1236.4,20190200,1236.4,20190200,1230.3,20181200
2018-11-07 04:15:00,1237.4,20190200,1237.4,20190200,1231.3,20181200
2018-11-07 04:30:00,1236.9,20190200,1236.9,20190200,1230.9,20181200
2018-11-07 04:45:00,1237.3,20190200,1237.3,20190200,1230.9,20181200
2018-11-07 05:15:00,1237.3,20190200,1237.3,20190200,1230.3,20181200
2018-11-07 05:30:00,1236.1,20190200,1236.1,20190200,1229.7,20181200
2018-11-07 05:45:00,1236.5,20190200,1236.5,20190200,1230.2,20181200
2018-11-07 06:15:00,1236.2,20190200,1236.2,20190200,1230.2,20181200
2018-11-07 06:30:00,1236.3,20190200,1236.3,20190200,1230.1,20181200
2018-11-07 06:45:00,1235.4,20190200,1235.4,20190200,1229.4,20181200
2018-11-07 07:00:00,1236.7,20190200,1236.7,20190200,1230.6,20181200
2018-11-07 07:15:00,1238.1,20190200,1238.1,20190200,1232.2,20181200
2018-11-07 07:30:00,1238.6,20190200,1238.6,20190200,1232.1,20181200
2018-11-07 07:45:00,1238.0,20190200,1238.0,20190200,1231.9,20181200
2018-11-07 08:00:00,1239.8,20190200,1239.8,20190200,1233.8,20181200
2018-11-07 08:15:00,1239.1,20190200,1239.1,20190200,1233.2,20181200
2018-11-07 08:30:00,1239.4,20190200,1239.4,20190200,1233.5,20181200
2018-11-07 08:45:00,1238.5,20190200,1238.5,20190200,1232.7,20181200
2018-11-07 09:00:00,1240.8,20190200,1240.8,20190200,1234.8,20181200
2018-11-07 09:15:00,1240.2,20190200,1240.2,20190200,1234.7,20181200
2018-11-07 09:30:00,1240.9,20190200,1240.9,20190200,1235.2,20181200
2018-11-07 09:45:00,1241.4,20190200,1241.4,20190200,1235.1,20181200
2018-11-07 10:00:00,1242.0,20190200,1242.0,20190200,1235.8,20181200
2018-11-07 10:15:00,1242.5,20190200,1242.5,20190200,1236.1,20181200
2018-11-07 10:30:00,1241.4,20190200,1241.4,20190200,1235.3,20181200
2018-11-07 10:45:00,1241.5,20190200,1241.5,20190200,1235.2,20181200
2018-11-07 11:00:00,1241.4,20190200,1241.4,20190200,1235.4,20181200
2018-11-07 11:15:00,1242.1,20190200,1242.1,20190200,1235.6,20181200
2018-11-07 11:30:00,1241.9,20190200,1241.9,20190200,1235.8,20181200
2018-11-07 11:45:00,1240.4,20190200,1240.4,20190200,1234.3,20181200
2018-11-07 12:00:00,1238.6,20190200,1238.6,20190200,1233.4,20181200
2018-11-07 12:15:00,1239.5,20190200,1239.5,20190200,1233.7,20181200
2018-11-07 12:30:00,1240.0,20190200,1240.0,20190200,1234.2,20181200
2018-11-07 12:45:00,1240.0,20190200,1240.0,20190200,1233.5,20181200
2018-11-07 13:00:00,1238.8,20190200,1238.8,20190200,1233.3,20181200
2018-11-07 13:15:00,1239.3,20190200,1239.3,20190200,1232.9,20181200
2018-11-07 13:30:00,1238.0,20190200,1238.0,20190200,1231.9,20181200
2018-11-07 13:45:00,1236.2,20190200,1236.2,20190200,1230.0,20181200
2018-11-07 14:00:00,1236.3,20190200,1236.3,20190200,1230.2,20181200
2018-11-07 14:15:00,1236.5,20190200,1236.5,20190200,1230.5,20181200
2018-11-07 14:30:00,1234.5,20190200,1234.5,20190200,1228.5,20181200
2018-11-07 14:45:00,1236.0,20190200,1236.0,20190200,1229.9,20181200
2018-11-07 15:00:00,1237.1,20190200,1237.1,20190200,1231.1,20181200
2018-11-07 15:15:00,1236.9,20190200,1236.9,20190200,1230.8,20181200
2018-11-07 15:30:00,1236.8,20190200,1236.8,20190200,1230.7,20181200
2018-11-07 15:45:00,1235.3,20190200,1235.3,20190200,1229.3,20181200
2018-11-07 16:00:00,1235.0,20190200,1235.0,20190200,1229.0,20181200
2018-11-07 16:15:00,1235.4,20190200,1235.4,20190200,1229.4,20181200
2018-11-07 16:30:00,1234.5,20190200,1234.5,20190200,1228.5,20181200
2018-11-07 16:45:00,1234.5,20190200,1234.5,20190200,1228.6,20181200
2018-11-07 17:00:00,1235.0,20190200,1235.0,20190200,1228.9,20181200
2018-11-07 17:15:00,1235.3,20190200,1235.3,20190200,1229.3,20181200
2018-11-07 17:30:00,1236.0,20190200,1236.0,20190200,1229.9,20181200
2018-11-07 17:45:00,1236.0,20190200,1236.0,20190200,1229.9,20181200
2018-11-07 18:00:00,1233.7,20190200,1233.7,20190200,1227.6,20181200
2018-11-07 18:15:00,1235.1,20190200,1235.1,20190200,1228.9,20181200
2018-11-07 18:30:00,1234.2,20190200,1234.2,20190200,1228.1,20181200
2018-11-07 18:45:00,1234.9,20190200,1234.9,20190200,1228.7,20181200
2018-11-07 19:00:00,1234.7,20190200,1234.7,20190200,1228.5,20181200
2018-11-07 19:15:00,1234.2,20190200,1234.2,20190200,1228.2,20181200
2018-11-07 19:30:00,1235.1,20190200,1235.1,20190200,1229.1,20181200
2018-11-07 19:45:00,1234.9,20190200,1234.9,20190200,1228.9,20181200
2018-11-07 20:00:00,1234.6,20190200,1234.6,20190200,1228.4,20181200
2018-11-07 20:15:00,1233.7,20190200,1233.7,20190200,1227.4,20181200
2018-11-07 20:30:00,1233.2,20190200,1233.2,20190200,1227.1,20181200
2018-11-07 20:45:00,1233.6,20190200,1233.6,20190200,1227.6,20181200
2018-11-07 21:00:00,1233.6,20190200,1233.6,20190200,1227.3,20181200
2018-11-07 21:15:00,1233.6,20190200,1233.6,20190200,1227.6,20181200
2018-11-07 21:30:00,1233.9,20190200,1233.9,20190200,1227.6,20181200
2018-11-07 21:45:00,1234.0,20190200,1234.0,20190200,1227.8,20181200
2018-11-07 23:00:00,1236.1,20190200,1236.1,20190200,1229.5,20181200
2018-11-07 23:15:00,1233.6,20190200,1233.6,20190200,1227.6,20181200
2018-11-07 23:30:00,1233.6,20190200,1233.6,20190200,1227.0,20181200
2018-11-07 23:45:00,1233.6,20190200,1233.6,20190200,1227.1,20181200
2018-11-08 00:00:00,1233.4,20190200,1233.4,20190200,1226.5,20181200
2018-11-08 00:15:00,1232.4,20190200,1232.4,20190200,1226.2,20181200
2018-11-08 00:30:00,1232.3,20190200,1232.3,20190200,1226.2,20181200
2018-11-08 00:45:00,1232.3,20190200,1232.3,20190200,1226.1,20181200
2018-11-08 01:00:00,1232.7,20190200,1232.7,20190200,1226.5,20181200
2018-11-08 01:15:00,1233.1,20190200,1233.1,20190200,1227.1,20181200
2018-11-08 01:30:00,1233.2,20190200,1233.2,20190200,1226.9,20181200
2018-11-08 01:45:00,1233.2,20190200,1233.2,20190200,1227.4,20181200
2018-11-08 02:00:00,1232.4,20190200,1232.4,20190200,1226.3,20181200
2018-11-08 02:15:00,1231.6,20190200,1231.6,20190200,1225.5,20181200
2018-11-08 02:30:00,1231.5,20190200,1231.5,20190200,1225.8,20181200
2018-11-08 02:45:00,1231.8,20190200,1231.8,20190200,1225.0,20181200
2018-11-08 03:00:00,1231.5,20190200,1231.5,20190200,1225.3,20181200
2018-11-08 03:15:00,1231.3,20190200,1231.3,20190200,1225.1,20181200
2018-11-08 03:30:00,1231.0,20190200,1231.0,20190200,1225.1,20181200
2018-11-08 03:45:00,1231.2,20190200,1231.2,20190200,1225.0,20181200
2018-11-08 04:00:00,1230.8,20190200,1230.8,20190200,1224.7,20181200
2018-11-08 04:15:00,1230.0,20190200,1230.0,20190200,1224.0,20181200
2018-11-08 04:30:00,1230.2,20190200,1230.2,20190200,1223.9,20181200
2018-11-08 04:45:00,1230.5,20190200,1230.5,20190200,1224.4,20181200
2018-11-08 05:15:00,1231.1,20190200,1231.1,20190200,1224.8,20181200
2018-11-08 05:30:00,1231.6,20190200,1231.6,20190200,1225.6,20181200
2018-11-08 05:45:00,1231.4,20190200,1231.4,20190200,1225.4,20181200
2018-11-08 06:15:00,1232.9,20190200,1232.9,20190200,1226.8,20181200
2018-11-08 06:30:00,1232.3,20190200,1232.3,20190200,1226.3,20181200
2018-11-08 06:45:00,1232.0,20190200,1232.0,20190200,1225.6,20181200
2018-11-08 07:00:00,1229.4,20190200,1229.4,20190200,1223.3,20181200
2018-11-08 07:15:00,1231.0,20190200,1231.0,20190200,1224.8,20181200
2018-11-08 07:30:00,1231.7,20190200,1231.7,20190200,1225.4,20181200
2018-11-08 07:45:00,1231.9,20190200,1231.9,20190200,1225.9,20181200
2018-11-08 08:00:00,1230.5,20190200,1230.5,20190200,1224.5,20181200
2018-11-08 08:15:00,1229.9,20190200,1229.9,20190200,1223.8,20181200
2018-11-08 08:30:00,1230.2,20190200,1230.2,20190200,1224.5,20181200
2018-11-08 08:45:00,1230.1,20190200,1230.1,20190200,1224.1,20181200
2018-11-08 09:00:00,1229.4,20190200,1229.4,20190200,1223.4,20181200
2018-11-08 09:15:00,1230.7,20190200,1230.7,20190200,1224.5,20181200
2018-11-08 09:30:00,1230.4,20190200,1230.4,20190200,1224.4,20181200
2018-11-08 09:45:00,1229.9,20190200,1229.9,20190200,1223.8,20181200
2018-11-08 10:00:00,1230.3,20190200,1230.3,20190200,1224.3,20181200
2018-11-08 10:15:00,1230.8,20190200,1230.8,20190200,1224.7,20181200
2018-11-08 10:30:00,1229.8,20190200,1229.8,20190200,1223.8,20181200
2018-11-08 10:45:00,1230.2,20190200,1230.2,20190200,1224.3,20181200
2018-11-08 11:00:00,1229.9,20190200,1229.9,20190200,1223.8,20181200
2018-11-08 11:15:00,1229.3,20190200,1229.3,20190200,1223.1,20181200
2018-11-08 11:30:00,1230.1,20190200,1230.1,20190200,1224.0,20181200
2018-11-08 11:45:00,1230.2,20190200,1230.2,20190200,1224.3,20181200
2018-11-08 12:00:00,1230.8,20190200,1230.8,20190200,1224.9,20181200
2018-11-08 12:15:00,1232.5,20190200,1232.5,20190200,1226.2,20181200
2018-11-08 12:30:00,1231.6,20190200,1231.6,20190200,1225.5,20181200
2018-11-08 12:45:00,1231.6,20190200,1231.6,20190200,1225.5,20181200
2018-11-08 13:00:00,1232.3,20190200,1232.3,20190200,1226.3,20181200
2018-11-08 13:15:00,1231.2,20190200,1231.2,20190200,1225.1,20181200
2018-11-08 13:30:00,1228.0,20190200,1228.0,20190200,1221.8,20181200
2018-11-08 13:45:00,1229.1,20190200,1229.1,20190200,1223.1,20181200
2018-11-08 14:00:00,1229.3,20190200,1229.3,20190200,1223.3,20181200
2018-11-08 14:15:00,1231.1,20190200,1231.1,20190200,1225.0,20181200
2018-11-08 14:30:00,1231.8,20190200,1231.8,20190200,1225.7,20181200
2018-11-08 14:45:00,1231.1,20190200,1231.1,20190200,1225.0,20181200
2018-11-08 15:00:00,1231.3,20190200,1231.3,20190200,1225.2,20181200
2018-11-08 15:15:00,1232.0,20190200,1232.0,20190200,1225.8,20181200
2018-11-08 15:30:00,1231.2,20190200,1231.2,20190200,1225.1,20181200
2018-11-08 15:45:00,1231.0,20190200,1231.0,20190200,1225.0,20181200
2018-11-08 16:00:00,1231.0,20190200,1231.0,20190200,1225.0,20181200
2018-11-08 16:15:00,1231.6,20190200,1231.6,20190200,1225.6,20181200
2018-11-08 16:30:00,1230.9,20190200,1230.9,20190200,1224.9,20181200
2018-11-08 16:45:00,1231.0,20190200,1231.0,20190200,1225.1,20181200
2018-11-08 17:00:00,1230.3,20190200,1230.3,20190200,1224.2,20181200
2018-11-08 17:15:00,1230.3,20190200,1230.3,20190200,1224.3,20181200
2018-11-08 17:30:00,1230.2,20190200,1230.2,20190200,1224.4,20181200
2018-11-08 17:45:00,1230.2,20190200,1230.2,20190200,1224.1,20181200
2018-11-08 18:00:00,1231.6,20190200,1231.6,20190200,1225.6,20181200
2018-11-08 18:15:00,1231.0,20190200,1231.0,20190200,1225.0,20181200
2018-11-08 18:30:00,1231.5,20190200,1231.5,20190200,1225.5,20181200
2018-11-08 18:45:00,1231.0,20190200,1231.0,20190200,1225.0,20181200
2018-11-08 19:00:00,1230.5,20190200,1230.5,20190200,1224.4,20181200
2018-11-08 19:15:00,1230.4,20190200,1230.4,20190200,1224.9,20181200
2018-11-08 19:30:00,1231.2,20190200,1231.2,20190200,1225.2,20181200
2018-11-08 19:45:00,1228.9,20190200,1228.9,20190200,1222.5,20181200
2018-11-08 20:00:00,1229.1,20190200,1229.1,20190200,1223.1,20181200
2018-11-08 20:15:00,1229.6,20190200,1229.6,20190200,1223.6,20181200
2018-11-08 20:30:00,1230.7,20190200,1230.7,20190200,1224.3,20181200
2018-11-08 20:45:00,1230.7,20190200,1230.7,20190200,1224.6,20181200
2018-11-08 21:00:00,1230.1,20190200,1230.1,20190200,1224.4,20181200
2018-11-08 21:15:00,1230.1,20190200,1230.1,20190200,1224.1,20181200
2018-11-08 21:30:00,1230.5,20190200,1230.5,20190200,1224.4,20181200
2018-11-08 21:45:00,1230.5,20190200,1230.5,20190200,1224.7,20181200
2018-11-08 23:00:00,1232.3,20190200,1232.3,20190200,1226.0,20181200
2018-11-08 23:15:00,1232.3,20190200,1232.3,20190200,1223.8,20181200
2018-11-08 23:30:00,1229.9,20190200,1229.9,20190200,1223.9,20181200
2018-11-08 23:45:00,1229.9,20190200,1229.9,20190200,1223.9,20181200
2018-11-09 00:00:00,1229.5,20190200,1229.5,20190200,1223.6,20181200
2018-11-09 00:15:00,1229.5,20190200,1229.5,20190200,1223.3,20181200
2018-11-09 00:30:00,1229.1,20190200,1229.1,20190200,1222.9,20181200
2018-11-09 00:45:00,1229.0,20190200,1229.0,20190200,1223.1,20181200
2018-11-09 01:00:00,1228.5,20190200,1228.5,20190200,1222.4,20181200
2018-11-09 01:15:00,1228.5,20190200,1228.5,20190200,1222.9,20181200
2018-11-09 01:30:00,1227.9,20190200,1227.9,20190200,1221.8,20181200
2018-11-09 01:45:00,1228.1,20190200,1228.1,20190200,1221.9,20181200
2018-11-09 02:00:00,1226.7,20190200,1226.7,20190200,1221.2,20181200
2018-11-09 02:15:00,1226.8,20190200,1226.8,20190200,1220.7,20181200
2018-11-09 02:30:00,1227.1,20190200,1227.1,20190200,1221.2,20181200
2018-11-09 02:45:00,1227.2,20190200,1227.2,20190200,1221.5,20181200
2018-11-09 03:00:00,1227.2,20190200,1227.2,20190200,1221.5,20181200
2018-11-09 03:15:00,1227.2,20190200,1227.2,20190200,1221.2,20181200
2018-11-09 03:30:00,1227.2,20190200,1227.2,20190200,1220.3,20181200
2018-11-09 03:45:00,1226.0,20190200,1226.0,20190200,1219.2,20181200
2018-11-09 04:00:00,1224.6,20190200,1224.6,20190200,1218.7,20181200
2018-11-09 04:15:00,1225.3,20190200,1225.3,20190200,1219.5,20181200
2018-11-09 04:30:00,1225.5,20190200,1225.5,20190200,1219.3,20181200
2018-11-09 04:45:00,1225.6,20190200,1225.6,20190200,1219.8,20181200
2018-11-09 05:15:00,1226.0,20190200,1226.0,20190200,1219.9,20181200
2018-11-09 05:30:00,1226.5,20190200,1226.5,20190200,1220.5,20181200
2018-11-09 05:45:00,1226.5,20190200,1226.5,20190200,1220.7,20181200
2018-11-09 06:15:00,1225.8,20190200,1225.8,20190200,1219.7,20181200
2018-11-09 06:30:00,1226.5,20190200,1226.5,20190200,1220.5,20181200
2018-11-09 06:45:00,1226.0,20190200,1226.0,20190200,1219.9,20181200
2018-11-09 07:00:00,1226.0,20190200,1226.0,20190200,1219.7,20181200
2018-11-09 07:15:00,1226.5,20190200,1226.5,20190200,1220.5,20181200
2018-11-09 07:30:00,1226.9,20190200,1226.9,20190200,1220.3,20181200
2018-11-09 07:45:00,1226.4,20190200,1226.4,20190200,1220.5,20181200
2018-11-09 08:00:00,1227.9,20190200,1227.9,20190200,1222.0,20181200
2018-11-09 08:15:00,1227.8,20190200,1227.8,20190200,1221.4,20181200
2018-11-09 08:30:00,1227.5,20190200,1227.5,20190200,1221.7,20181200
2018-11-09 08:45:00,1228.0,20190200,1228.0,20190200,1221.5,20181200
2018-11-09 09:00:00,1228.0,20190200,1228.0,20190200,1222.1,20181200
2018-11-09 09:15:00,1228.0,20190200,1228.0,20190200,1221.3,20181200
2018-11-09 09:30:00,1228.0,20190200,1228.0,20190200,1221.6,20181200
2018-11-09 09:45:00,1227.5,20190200,1227.5,20190200,1220.9,20181200
2018-11-09 10:00:00,1227.4,20190200,1227.4,20190200,1221.4,20181200
2018-11-09 10:15:00,1226.0,20190200,1226.0,20190200,1219.8,20181200
2018-11-09 10:30:00,1225.2,20190200,1225.2,20190200,1219.4,20181200
2018-11-09 10:45:00,1226.1,20190200,1226.1,20190200,1220.0,20181200
2018-11-09 11:00:00,1226.0,20190200,1226.0,20190200,1220.1,20181200
2018-11-09 11:15:00,1225.3,20190200,1225.3,20190200,1219.4,20181200
2018-11-09 11:30:00,1225.5,20190200,1225.5,20190200,1219.5,20181200
2018-11-09 11:45:00,1225.1,20190200,1225.1,20190200,1219.8,20181200
2018-11-09 12:00:00,1225.4,20190200,1225.4,20190200,1219.7,20181200
2018-11-09 12:15:00,1225.1,20190200,1225.1,20190200,1218.9,20181200
2018-11-09 12:30:00,1225.3,20190200,1225.3,20190200,1219.3,20181200
2018-11-09 12:45:00,1225.3,20190200,1225.3,20190200,1219.3,20181200
2018-11-09 13:00:00,1223.8,20190200,1223.8,20190200,1217.7,20181200
2018-11-09 13:15:00,1221.6,20190200,1221.6,20190200,1215.7,20181200
2018-11-09 13:30:00,1218.6,20190200,1218.6,20190200,1212.5,20181200
2018-11-09 13:45:00,1218.7,20190200,1218.7,20190200,1212.7,20181200
2018-11-09 14:00:00,1219.2,20190200,1219.2,20190200,1213.3,20181200
2018-11-09 14:15:00,1217.7,20190200,1217.7,20190200,1212.0,20181200
2018-11-09 14:30:00,1217.0,20190200,1217.0,20190200,1211.1,20181200
2018-11-09 14:45:00,1217.4,20190200,1217.4,20190200,1211.2,20181200
2018-11-09 15:00:00,1217.6,20190200,1217.6,20190200,1211.6,20181200
2018-11-09 15:15:00,1218.0,20190200,1218.0,20190200,1212.0,20181200
2018-11-09 15:30:00,1217.1,20190200,1217.1,20190200,1211.0,20181200
2018-11-09 15:45:00,1218.8,20190200,1218.8,20190200,1212.7,20181200
2018-11-09 16:00:00,1217.2,20190200,1217.2,20190200,1211.2,20181200
2018-11-09 16:15:00,1216.5,20190200,1216.5,20190200,1210.5,20181200
2018-11-09 16:30:00,1214.8,20190200,1214.8,20190200,1208.7,20181200
2018-11-09 16:45:00,1213.8,20190200,1213.8,20190200,1207.8,20181200
2018-11-09 17:00:00,1214.0,20190200,1214.0,20190200,1208.6,20181200
2018-11-09 17:15:00,1215.0,20190200,1215.0,20190200,1209.0,20181200
2018-11-09 17:30:00,1215.1,20190200,1215.1,20190200,1209.1,20181200
2018-11-09 17:45:00,1214.9,20190200,1214.9,20190200,1208.8,20181200
2018-11-09 18:00:00,1215.5,20190200,1215.5,20190200,1209.5,20181200
2018-11-09 18:15:00,1214.4,20190200,1214.4,20190200,1208.5,20181200
2018-11-09 18:30:00,1214.2,20190200,1214.2,20190200,1208.3,20181200
2018-11-09 18:45:00,1214.8,20190200,1214.8,20190200,1208.9,20181200
2018-11-09 19:00:00,1215.5,20190200,1215.5,20190200,1209.5,20181200
2018-11-09 19:15:00,1216.0,20190200,1216.0,20190200,1210.1,20181200
2018-11-09 19:30:00,1215.9,20190200,1215.9,20190200,1209.6,20181200
2018-11-09 19:45:00,1215.9,20190200,1215.9,20190200,1209.8,20181200
2018-11-09 20:00:00,1216.0,20190200,1216.0,20190200,1209.9,20181200
2018-11-09 20:15:00,1215.5,20190200,1215.5,20190200,1209.6,20181200
2018-11-09 20:30:00,1215.5,20190200,1215.5,20190200,1209.5,20181200
2018-11-09 20:45:00,1216.3,20190200,1216.3,20190200,1210.4,20181200
2018-11-09 21:00:00,1215.8,20190200,1215.8,20190200,1210.3,20181200
2018-11-09 21:15:00,1215.8,20190200,1215.8,20190200,1210.0,20181200
2018-11-09 21:30:00,1216.1,20190200,1216.1,20190200,1210.0,20181200
2018-11-09 21:45:00,1216.4,20190200,1216.4,20190200,1210.3,20181200
2018-11-09 23:00:00,1226.2,20190200,1226.2,20190200,1220.1,20181200
2018-11-11 23:00:00,1216.1,20190200,1216.1,20190200,1210.3,20181200
2018-11-11 23:15:00,1216.0,20190200,1216.0,20190200,1210.1,20181200
2018-11-11 23:30:00,1216.4,20190200,1216.4,20190200,1210.7,20181200
2018-11-11 23:45:00,1217.1,20190200,1217.1,20190200,1211.2,20181200
2018-11-12 00:00:00,1217.7,20190200,1217.7,20190200,1211.8,20181200
2018-11-12 00:15:00,1217.5,20190200,1217.5,20190200,1211.7,20181200
2018-11-12 00:30:00,1217.5,20190200,1217.5,20190200,1211.5,20181200
2018-11-12 00:45:00,1217.0,20190200,1217.0,20190200,1211.2,20181200
2018-11-12 01:00:00,1215.9,20190200,1215.9,20190200,1210.0,20181200
2018-11-12 01:15:00,1216.7,20190200,1216.7,20190200,1210.7,20181200
2018-11-12 01:30:00,1217.0,20190200,1217.0,20190200,1211.5,20181200
2018-11-12 01:45:00,1217.0,20190200,1217.0,20190200,1211.0,20181200
2018-11-12 02:00:00,1217.2,20190200,1217.2,20190200,1211.2,20181200
2018-11-12 02:15:00,1216.9,20190200,1216.9,20190200,1211.0,20181200
2018-11-12 02:30:00,1216.9,20190200,1216.9,20190200,1211.2,20181200
2018-11-12 02:45:00,1217.9,20190200,1217.9,20190200,1211.9,20181200
2018-11-12 03:00:00,1217.4,20190200,1217.4,20190200,1211.5,20181200
2018-11-12 03:15:00,1217.3,20190200,1217.3,20190200,1211.1,20181200
2018-11-12 03:30:00,1216.8,20190200,1216.8,20190200,1210.9,20181200
2018-11-12 03:45:00,1216.8,20190200,1216.8,20190200,1210.5,20181200
2018-11-12 04:00:00,1216.8,20190200,1216.8,20190200,1210.3,20181200
2018-11-12 04:15:00,1216.8,20190200,1216.8,20190200,1210.7,20181200
2018-11-12 04:30:00,1216.8,20190200,1216.8,20190200,1210.7,20181200
2018-11-12 04:45:00,1216.8,20190200,1216.8,20190200,1210.9,20181200
2018-11-12 05:15:00,1214.7,20190200,1214.7,20190200,1208.9,20181200
2018-11-12 05:30:00,1214.9,20190200,1214.9,20190200,1209.3,20181200
2018-11-12 05:45:00,1214.5,20190200,1214.5,20190200,1208.8,20181200
2018-11-12 06:15:00,1214.5,20190200,1214.5,20190200,1208.7,20181200
2018-11-12 06:30:00,1212.7,20190200,1212.7,20190200,1206.8,20181200
2018-11-12 06:45:00,1212.8,20190200,1212.8,20190200,1207.0,20181200
2018-11-12 07:00:00,1213.0,20190200,1213.0,20190200,1207.1,20181200
2018-11-12 07:15:00,1212.5,20190200,1212.5,20190200,1206.5,20181200
2018-11-12 07:30:00,1212.2,20190200,1212.2,20190200,1206.2,20181200
2018-11-12 07:45:00,1210.4,20190200,1210.4,20190200,1205.1,20181200
2018-11-12 08:00:00,1211.0,20190200,1211.0,20190200,1205.2,20181200
2018-11-12 08:15:00,1211.8,20190200,1211.8,20190200,1205.8,20181200
2018-11-12 08:30:00,1211.5,20190200,1211.5,20190200,1206.2,20181200
2018-11-12 08:45:00,1213.6,20190200,1213.6,20190200,1207.5,20181200
2018-11-12 09:00:00,1213.7,20190200,1213.7,20190200,1207.9,20181200
2018-11-12 09:15:00,1213.4,20190200,1213.4,20190200,1207.6,20181200
2018-11-12 09:30:00,1213.6,20190200,1213.6,20190200,1207.6,20181200
2018-11-12 09:45:00,1213.7,20190200,1213.7,20190200,1207.5,20181200
2018-11-12 10:00:00,1213.3,20190200,1213.3,20190200,1207.3,20181200
2018-11-12 10:15:00,1213.5,20190200,1213.5,20190200,1207.7,20181200
2018-11-12 10:30:00,1213.5,20190200,1213.5,20190200,1207.5,20181200
2018-11-12 10:45:00,1212.9,20190200,1212.9,20190200,1207.1,20181200
2018-11-12 11:00:00,1213.2,20190200,1213.2,20190200,1206.5,20181200
2018-11-12 11:15:00,1213.0,20190200,1213.0,20190200,1207.0,20181200
2018-11-12 11:30:00,1213.1,20190200,1213.1,20190200,1207.1,20181200
2018-11-12 11:45:00,1213.1,20190200,1213.1,20190200,1207.4,20181200
2018-11-12 12:00:00,1213.9,20190200,1213.9,20190200,1207.7,20181200
2018-11-12 12:15:00,1213.4,20190200,1213.4,20190200,1207.4,20181200
2018-11-12 12:30:00,1213.8,20190200,1213.8,20190200,1208.0,20181200
2018-11-12 12:45:00,1212.9,20190200,1212.9,20190200,1207.0,20181200
2018-11-12 13:00:00,1211.5,20190200,1211.5,20190200,1205.6,20181200
2018-11-12 13:15:00,1211.7,20190200,1211.7,20190200,1205.7,20181200
2018-11-12 13:30:00,1211.8,20190200,1211.8,20190200,1205.8,20181200
2018-11-12 13:45:00,1212.3,20190200,1212.3,20190200,1206.2,20181200
2018-11-12 14:00:00,1211.3,20190200,1211.3,20190200,1205.4,20181200
2018-11-12 14:15:00,1211.3,20190200,1211.3,20190200,1205.4,20181200
2018-11-12 14:30:00,1211.8,20190200,1211.8,20190200,1205.8,20181200
2018-11-12 14:45:00,1210.5,20190200,1210.5,20190200,1204.4,20181200
2018-11-12 15:00:00,1210.5,20190200,1210.5,20190200,1204.6,20181200
2018-11-12 15:15:00,1210.0,20190200,1210.0,20190200,1203.9,20181200
2018-11-12 15:30:00,1209.2,20190200,1209.2,20190200,1203.4,20181200
2018-11-12 15:45:00,1210.1,20190200,1210.1,20190200,1204.2,20181200
2018-11-12 16:00:00,1209.7,20190200,1209.7,20190200,1203.8,20181200
2018-11-12 16:15:00,1210.4,20190200,1210.4,20190200,1204.5,20181200
2018-11-12 16:30:00,1210.4,20190200,1210.4,20190200,1204.6,20181200
2018-11-12 16:45:00,1209.9,20190200,1209.9,20190200,1204.0,20181200
2018-11-12 17:00:00,1210.0,20190200,1210.0,20190200,1204.1,20181200
2018-11-12 17:15:00,1209.5,20190200,1209.5,20190200,1203.6,20181200
2018-11-12 17:30:00,1209.1,20190200,1209.1,20190200,1203.5,20181200
2018-11-12 17:45:00,1209.4,20190200,1209.4,20190200,1203.7,20181200
2018-11-12 18:00:00,1209.2,20190200,1209.2,20190200,1203.4,20181200
2018-11-12 18:15:00,1209.3,20190200,1209.3,20190200,1203.5,20181200
2018-11-12 18:30:00,1209.5,20190200,1209.5,20190200,1203.5,20181200
2018-11-12 18:45:00,1208.5,20190200,1208.5,20190200,1203.1,20181200
2018-11-12 19:00:00,1208.3,20190200,1208.3,20190200,1202.4,20181200
2018-11-12 19:15:00,1208.4,20190200,1208.4,20190200,1202.4,20181200
2018-11-12 19:30:00,1207.4,20190200,1207.4,20190200,1201.5,20181200
2018-11-12 19:45:00,1207.4,20190200,1207.4,20190200,1201.5,20181200
2018-11-12 20:00:00,1208.2,20190200,1208.2,20190200,1202.3,20181200
2018-11-12 20:15:00,1207.8,20190200,1207.8,20190200,1201.9,20181200
2018-11-12 20:30:00,1207.6,20190200,1207.6,20190200,1201.6,20181200
2018-11-12 20:45:00,1207.5,20190200,1207.5,20190200,1202.0,20181200
2018-11-12 21:00:00,1207.3,20190200,1207.3,20190200,1201.0,20181200
2018-11-12 21:15:00,1207.0,20190200,1207.0,20190200,1201.1,20181200
2018-11-12 21:30:00,1206.7,20190200,1206.7,20190200,1201.0,20181200
2018-11-12 21:45:00,1206.8,20190200,1206.8,20190200,1200.8,20181200
2018-11-12 23:00:00,1214.1,20190200,1214.1,20190200,1208.2,20181200
2018-11-12 23:15:00,1207.5,20190200,1207.5,20190200,1201.7,20181200
2018-11-12 23:30:00,1207.9,20190200,1207.9,20190200,1202.3,20181200
2018-11-12 23:45:00,1208.3,20190200,1208.3,20190200,1202.8,20181200
2018-11-13 00:00:00,1207.8,20190200,1207.8,20190200,1202.4,20181200
2018-11-13 00:15:00,1208.5,20190200,1208.5,20190200,1202.8,20181200
2018-11-13 00:30:00,1209.3,20190200,1209.3,20190200,1203.3,20181200
2018-11-13 00:45:00,1209.2,20190200,1209.2,20190200,1203.3,20181200
2018-11-13 01:00:00,1209.5,20190200,1209.5,20190200,1203.7,20181200
2018-11-13 01:15:00,1209.4,20190200,1209.4,20190200,1203.6,20181200
2018-11-13 01:30:00,1210.4,20190200,1210.4,20190200,1204.5,20181200
2018-11-13 01:45:00,1210.5,20190200,1210.5,20190200,1205.1,20181200
2018-11-13 02:00:00,1210.9,20190200,1210.9,20190200,1204.4,20181200
2018-11-13 02:15:00,1210.0,20190200,1210.0,20190200,1204.2,20181200
2018-11-13 02:30:00,1210.5,20190200,1210.5,20190200,1204.2,20181200
2018-11-13 02:45:00,1210.0,20190200,1210.0,20190200,1204.1,20181200
2018-11-13 03:00:00,1209.9,20190200,1209.9,20190200,1204.5,20181200
2018-11-13 03:15:00,1210.7,20190200,1210.7,20190200,1204.9,20181200
2018-11-13 03:30:00,1211.1,20190200,1211.1,20190200,1205.2,20181200
2018-11-13 03:45:00,1210.9,20190200,1210.9,20190200,1205.0,20181200
2018-11-13 04:00:00,1210.6,20190200,1210.6,20190200,1205.0,20181200
2018-11-13 04:15:00,1210.8,20190200,1210.8,20190200,1204.8,20181200
2018-11-13 04:30:00,1210.7,20190200,1210.7,20190200,1204.7,20181200
2018-11-13 04:45:00,1210.5,20190200,1210.5,20190200,1204.7,20181200
2018-11-13 05:15:00,1210.6,20190200,1210.6,20190200,1205.1,20181200
2018-11-13 05:30:00,1210.4,20190200,1210.4,20190200,1204.5,20181200
2018-11-13 05:45:00,1210.4,20190200,1210.4,20190200,1204.5,20181200
2018-11-13 06:15:00,1209.6,20190200,1209.6,20190200,1203.6,20181200
2018-11-13 06:30:00,1208.9,20190200,1208.9,20190200,1203.2,20181200
2018-11-13 06:45:00,1209.4,20190200,1209.4,20190200,1203.7,20181200
2018-11-13 07:00:00,1209.9,20190200,1209.9,20190200,1204.1,20181200
2018-11-13 07:15:00,1209.6,20190200,1209.6,20190200,1203.3,20181200
2018-11-13 07:30:00,1209.1,20190200,1209.1,20190200,1203.0,20181200
2018-11-13 07:45:00,1209.5,20190200,1209.5,20190200,1203.2,20181200
2018-11-13 08:00:00,1207.7,20190200,1207.7,20190200,1202.2,20181200
2018-11-13 08:15:00,1208.5,20190200,1208.5,20190200,1202.8,20181200
2018-11-13 08:30:00,1209.4,20190200,1209.4,20190200,1203.4,20181200
2018-11-13 08:45:00,1208.0,20190200,1208.0,20190200,1202.1,20181200
2018-11-13 09:00:00,1207.3,20190200,1207.3,20190200,1201.4,20181200
2018-11-13 09:15:00,1206.7,20190200,1206.7,20190200,1200.8,20181200
2018-11-13 09:30:00,1205.7,20190200,1205.7,20190200,1200.0,20181200
2018-11-13 09:45:00,1205.6,20190200,1205.6,20190200,1199.9,20181200
2018-11-13 10:00:00,1204.0,20190200,1204.0,20190200,1198.3,20181200
2018-11-13 10:15:00,1203.6,20190200,1203.6,20190200,1197.8,20181200
2018-11-13 10:30:00,1203.8,20190200,1203.8,20190200,1197.9,20181200
2018-11-13 10:45:00,1204.2,20190200,1204.2,20190200,1198.3,20181200
2018-11-13 11:00:00,1204.3,20190200,1204.3,20190200,1198.6,20181200
2018-11-13 11:15:00,1204.5,20190200,1204.5,20190200,1198.5,20181200
2018-11-13 11:30:00,1204.3,20190200,1204.3,20190200,1198.4,20181200
2018-11-13 11:45:00,1204.8,20190200,1204.8,20190200,1199.0,20181200
2018-11-13 12:00:00,1204.9,20190200,1204.9,20190200,1199.2,20181200
2018-11-13 12:15:00,1206.2,20190200,1206.2,20190200,1200.4,20181200
2018-11-13 12:30:00,1207.0,20190200,1207.0,20190200,1201.1,20181200
2018-11-13 12:45:00,1206.5,20190200,1206.5,20190200,1200.8,20181200
2018-11-13 13:00:00,1207.4,20190200,1207.4,20190200,1201.5,20181200
2018-11-13 13:15:00,1209.4,20190200,1209.4,20190200,1203.6,20181200
2018-11-13 13:30:00,1208.7,20190200,1208.7,20190200,1202.8,20181200
2018-11-13 13:45:00,1208.5,20190200,1208.5,20190200,1202.7,20181200
2018-11-13 14:00:00,1208.7,20190200,1208.7,20190200,1203.1,20181200
2018-11-13 14:15:00,1208.5,20190200,1208.5,20190200,1202.6,20181200
2018-11-13 14:30:00,1208.7,20190200,1208.7,20190200,1202.8,20181200
2018-11-13 14:45:00,1207.3,20190200,1207.3,20190200,1201.5,20181200
2018-11-13 15:00:00,1206.2,20190200,1206.2,20190200,1200.3,20181200
2018-11-13 15:15:00,1207.1,20190200,1207.1,20190200,1201.2,20181200
2018-11-13 15:30:00,1206.7,20190200,1206.7,20190200,1200.9,20181200
2018-11-13 15:45:00,1209.9,20190200,1209.9,20190200,1204.1,20181200
2018-11-13 16:00:00,1210.7,20190200,1210.7,20190200,1204.7,20181200
2018-11-13 16:15:00,1209.9,20190200,1209.9,20190200,1204.1,20181200
2018-11-13 16:30:00,1209.5,20190200,1209.5,20190200,1203.7,20181200
2018-11-13 16:45:00,1209.1,20190200,1209.1,20190200,1203.4,20181200
2018-11-13 17:00:00,1209.1,20190200,1209.1,20190200,1203.3,20181200
2018-11-13 17:15:00,1208.6,20190200,1208.6,20190200,1202.9,20181200
2018-11-13 17:30:00,1208.1,20190200,1208.1,20190200,1202.4,20181200
2018-11-13 17:45:00,1208.0,20190200,1208.0,20190200,1202.4,20181200
2018-11-13 18:00:00,1207.6,20190200,1207.6,20190200,1201.9,20181200
2018-11-13 18:15:00,1207.2,20190200,1207.2,20190200,1201.4,20181200
2018-11-13 18:30:00,1207.8,20190200,1207.8,20190200,1202.0,20181200
2018-11-13 18:45:00,1207.7,20190200,1207.7,20190200,1201.8,20181200
2018-11-13 19:00:00,1207.8,20190200,1207.8,20190200,1201.9,20181200
2018-11-13 19:15:00,1208.0,20190200,1208.0,20190200,1201.9,20181200
2018-11-13 19:30:00,1206.6,20190200,1206.6,20190200,1200.5,20181200
2018-11-13 19:45:00,1206.7,20190200,1206.7,20190200,1200.8,20181200
2018-11-13 20:00:00,1207.1,20190200,1207.1,20190200,1201.0,20181200
2018-11-13 20:15:00,1206.9,20190200,1206.9,20190200,1201.3,20181200
2018-11-13 20:30:00,1207.6,20190200,1207.6,20190200,1201.8,20181200
2018-11-13 20:45:00,1208.1,20190200,1208.1,20190200,1202.2,20181200
2018-11-13 21:00:00,1208.7,20190200,1208.7,20190200,1202.6,20181200
2018-11-13 21:15:00,1209.1,20190200,1209.1,20190200,1203.2,20181200
2018-11-13 21:30:00,1209.0,20190200,1209.0,20190200,1203.2,20181200
2018-11-13 21:45:00,1208.6,20190200,1208.6,20190200,1202.8,20181200
2018-11-13 23:00:00,1209.8,20190200,1209.8,20190200,1204.0,20181200
2018-11-13 23:15:00,1209.9,20190200,1209.9,20190200,1203.8,20181200
2018-11-13 23:30:00,1209.7,20190200,1209.7,20190200,1203.9,20181200
2018-11-13 23:45:00,1210.0,20190200,1210.0,20190200,1203.7,20181200
2018-11-14 00:00:00,1209.4,20190200,1209.4,20190200,1203.5,20181200
2018-11-14 00:15:00,1210.5,20190200,1210.5,20190200,1204.2,20181200
2018-11-14 00:30:00,1209.1,20190200,1209.1,20190200,1203.2,20181200
2018-11-14 00:45:00,1208.9,20190200,1208.9,20190200,1202.8,20181200
2018-11-14 01:00:00,1208.2,20190200,1208.2,20190200,1202.4,20181200
2018-11-14 01:15:00,1209.1,20190200,1209.1,20190200,1203.3,20181200
2018-11-14 01:30:00,1209.2,20190200,1209.2,20190200,1203.5,20181200
2018-11-14 01:45:00,1210.2,20190200,1210.2,20190200,1204.4,20181200
2018-11-14 02:00:00,1210.1,20190200,1210.1,20190200,1204.4,20181200
2018-11-14 02:15:00,1210.1,20190200,1210.1,20190200,1203.6,20181200
2018-11-14 02:30:00,1209.6,20190200,1209.6,20190200,1204.0,20181200
2018-11-14 02:45:00,1209.0,20190200,1209.0,20190200,1203.7,20181200
2018-11-14 03:00:00,1209.9,20190200,1209.9,20190200,1204.1,20181200
2018-11-14 03:15:00,1210.4,20190200,1210.4,20190200,1204.5,20181200
2018-11-14 03:30:00,1210.6,20190200,1210.6,20190200,1204.5,20181200
2018-11-14 03:45:00,1210.0,20190200,1210.0,20190200,1204.0,20181200
2018-11-14 04:00:00,1209.9,20190200,1209.9,20190200,1203.8,20181200
2018-11-14 04:15:00,1209.5,20190200,1209.5,20190200,1203.2,20181200
2018-11-14 04:30:00,1209.6,20190200,1209.6,20190200,1203.6,20181200
2018-11-14 04:45:00,1209.3,20190200,1209.3,20190200,1203.2,20181200
2018-11-14 05:15:00,1209.0,20190200,1209.0,20190200,1203.0,20181200
2018-11-14 05:30:00,1208.6,20190200,1208.6,20190200,1202.9,20181200
2018-11-14 05:45:00,1208.5,20190200,1208.5,20190200,1202.5,20181200
2018-11-14 06:15:00,1209.5,20190200,1209.5,20190200,1203.5,20181200
2018-11-14 06:30:00,1209.7,20190200,1209.7,20190200,1203.9,20181200
2018-11-14 06:45:00,1209.8,20190200,1209.8,20190200,1203.8,20181200
2018-11-14 07:00:00,1208.8,20190200,1208.8,20190200,1202.6,20181200
2018-11-14 07:15:00,1208.7,20190200,1208.7,20190200,1202.5,20181200
2018-11-14 07:30:00,1209.0,20190200,1209.0,20190200,1202.9,20181200
2018-11-14 07:45:00,1208.5,20190200,1208.5,20190200,1202.3,20181200
2018-11-14 08:00:00,1207.1,20190200,1207.1,20190200,1201.1,20181200
2018-11-14 08:15:00,1207.1,20190200,1207.1,20190200,1200.9,20181200
2018-11-14 08:30:00,1207.2,20190200,1207.2,20190200,1201.4,20181200
2018-11-14 08:45:00,1207.3,20190200,1207.3,20190200,1201.3,20181200
2018-11-14 09:00:00,1207.3,20190200,1207.3,20190200,1201.1,20181200
2018-11-14 09:15:00,1206.4,20190200,1206.4,20190200,1200.6,20181200
2018-11-14 09:30:00,1205.9,20190200,1205.9,20190200,1199.8,20181200
2018-11-14 09:45:00,1204.7,20190200,1204.7,20190200,1198.6,20181200
2018-11-14 10:00:00,1204.0,20190200,1204.0,20190200,1198.3,20181200
2018-11-14 10:15:00,1205.0,20190200,1205.0,20190200,1199.3,20181200
2018-11-14 10:30:00,1206.4,20190200,1206.4,20190200,1200.6,20181200
2018-11-14 10:45:00,1206.4,20190200,1206.4,20190200,1200.7,20181200
2018-11-14 11:00:00,1206.3,20190200,1206.3,20190200,1200.5,20181200
2018-11-14 11:15:00,1206.2,20190200,1206.2,20190200,1200.1,20181200
2018-11-14 11:30:00,1206.1,20190200,1206.1,20190200,1200.3,20181200
2018-11-14 11:45:00,1206.1,20190200,1206.1,20190200,1200.3,20181200
2018-11-14 12:00:00,1206.4,20190200,1206.4,20190200,1200.4,20181200
2018-11-14 12:15:00,1207.0,20190200,1207.0,20190200,1201.3,20181200
2018-11-14 14:45:00,1208.1,20190200,1208.1,20190200,1202.3,20181200
2018-11-14 15:00:00,1208.2,20190200,1208.2,20190200,1202.3,20181200
2018-11-14 15:15:00,1207.5,20190200,1207.5,20190200,1201.6,20181200
2018-11-14 15:30:00,1207.5,20190200,1207.5,20190200,1201.7,20181200
2018-11-14 15:45:00,1208.1,20190200,1208.1,20190200,1202.2,20181200
2018-11-14 16:00:00,1207.9,20190200,1207.9,20190200,1202.2,20181200
2018-11-14 16:15:00,1208.7,20190200,1208.7,20190200,1202.9,20181200
2018-11-14 16:30:00,1209.3,20190200,1209.3,20190200,1203.5,20181200
2018-11-14 16:45:00,1209.4,20190200,1209.4,20190200,1203.6,20181200
2018-11-14 17:00:00,1210.1,20190200,1210.1,20190200,1204.1,20181200
2018-11-14 17:15:00,1209.6,20190200,1209.6,20190200,1203.7,20181200
2018-11-14 17:30:00,1209.5,20190200,1209.5,20190200,1203.6,20181200
2018-11-14 17:45:00,1214.9,20190200,1214.9,20190200,1209.0,20181200
2018-11-14 18:00:00,1214.2,20190200,1214.2,20190200,1208.3,20181200
2018-11-14 18:15:00,1216.1,20190200,1216.1,20190200,1210.2,20181200
2018-11-14 18:30:00,1220.7,20190200,1220.7,20190200,1214.9,20181200
2018-11-14 18:45:00,1220.7,20190200,1220.7,20190200,1214.3,20181200
2018-11-14 19:00:00,1223.2,20190200,1223.2,20190200,1216.9,20181200
2018-11-14 19:15:00,1217.6,20190200,1217.6,20190200,1212.2,20181200
2018-11-14 19:30:00,1220.6,20190200,1220.6,20190200,1214.2,20181200
2018-11-14 19:45:00,1218.2,20190200,1218.2,20190200,1212.2,20181200
2018-11-14 20:00:00,1218.4,20190200,1218.4,20190200,1212.6,20181200
2018-11-14 20:15:00,1217.3,20190200,1217.3,20190200,1211.7,20181200
2018-11-14 20:30:00,1218.2,20190200,1218.2,20190200,1212.3,20181200
2018-11-14 20:45:00,1218.6,20190200,1218.6,20190200,1212.6,20181200
2018-11-14 21:00:00,1217.8,20190200,1217.8,20190200,1212.0,20181200
2018-11-14 21:15:00,1217.8,20190200,1217.8,20190200,1211.9,20181200
2018-11-14 21:30:00,1217.2,20190200,1217.2,20190200,1211.3,20181200
2018-11-14 21:45:00,1217.3,20190200,1217.3,20190200,1211.4,20181200
2018-11-14 23:00:00,1208.5,20190200,1208.5,20190200,1202.9,20181200
2018-11-14 23:15:00,1216.9,20190200,1216.9,20190200,1210.9,20181200
2018-11-14 23:30:00,1216.7,20190200,1216.7,20190200,1211.0,20181200
2018-11-14 23:45:00,1217.4,20190200,1217.4,20190200,1211.5,20181200
2018-11-15 00:00:00,1217.9,20190200,1217.9,20190200,1211.7,20181200
2018-11-15 00:15:00,1216.0,20190200,1216.0,20190200,1209.9,20181200
2018-11-15 00:30:00,1216.4,20190200,1216.4,20190200,1210.3,20181200
2018-11-15 00:45:00,1217.5,20190200,1217.5,20190200,1211.1,20181200
2018-11-15 01:00:00,1215.5,20190200,1215.5,20190200,1209.5,20181200
2018-11-15 01:15:00,1215.8,20190200,1215.8,20190200,1209.8,20181200
2018-11-15 01:30:00,1215.0,20190200,1215.0,20190200,1208.9,20181200
2018-11-15 01:45:00,1215.2,20190200,1215.2,20190200,1209.2,20181200
2018-11-15 02:00:00,1215.3,20190200,1215.3,20190200,1210.0,20181200
2018-11-15 02:15:00,1215.3,20190200,1215.3,20190200,1210.1,20181200
2018-11-15 02:30:00,1216.9,20190200,1216.9,20190200,1210.8,20181200
2018-11-15 02:45:00,1216.7,20190200,1216.7,20190200,1210.7,20181200
2018-11-15 03:00:00,1216.0,20190200,1216.0,20190200,1210.0,20181200
2018-11-15 03:15:00,1216.4,20190200,1216.4,20190200,1210.3,20181200
2018-11-15 03:30:00,1217.0,20190200,1217.0,20190200,1210.9,20181200
2018-11-15 03:45:00,1217.0,20190200,1217.0,20190200,1211.1,20181200
2018-11-15 04:00:00,1216.9,20190200,1216.9,20190200,1211.2,20181200
2018-11-15 04:15:00,1217.4,20190200,1217.4,20190200,1211.5,20181200
2018-11-15 04:30:00,1218.0,20190200,1218.0,20190200,1211.7,20181200
2018-11-15 04:45:00,1218.4,20190200,1218.4,20190200,1212.4,20181200
2018-11-15 05:15:00,1217.9,20190200,1217.9,20190200,1211.8,20181200
2018-11-15 05:30:00,1217.9,20190200,1217.9,20190200,1212.0,20181200
2018-11-15 05:45:00,1217.9,20190200,1217.9,20190200,1211.8,20181200
2018-11-15 06:15:00,1219.4,20190200,1219.4,20190200,1213.4,20181200
2018-11-15 06:30:00,1218.7,20190200,1218.7,20190200,1212.8,20181200
2018-11-15 06:45:00,1220.1,20190200,1220.1,20190200,1214.0,20181200
2018-11-15 07:00:00,1219.8,20190200,1219.8,20190200,1213.6,20181200
2018-11-15 07:15:00,1219.9,20190200,1219.9,20190200,1213.8,20181200
2018-11-15 07:30:00,1218.9,20190200,1218.9,20190200,1212.8,20181200
2018-11-15 07:45:00,1218.7,20190200,1218.7,20190200,1212.5,20181200
2018-11-15 08:00:00,1220.8,20190200,1220.8,20190200,1214.9,20181200
2018-11-15 08:15:00,1221.0,20190200,1221.0,20190200,1215.1,20181200
2018-11-15 08:30:00,1220.8,20190200,1220.8,20190200,1214.9,20181200
2018-11-15 08:45:00,1219.8,20190200,1219.8,20190200,1214.0,20181200
2018-11-15 09:00:00,1221.1,20190200,1221.1,20190200,1215.2,20181200
2018-11-15 09:15:00,1221.9,20190200,1221.9,20190200,1215.4,20181200
2018-11-15 09:30:00,1220.6,20190200,1220.6,20190200,1214.3,20181200
2018-11-15 09:45:00,1217.1,20190200,1217.1,20190200,1211.1,20181200
2018-11-15 10:00:00,1217.0,20190200,1217.0,20190200,1211.2,20181200
2018-11-15 10:15:00,1216.9,20190200,1216.9,20190200,1211.0,20181200
2018-11-15 10:30:00,1216.6,20190200,1216.6,20190200,1210.7,20181200
2018-11-15 10:45:00,1217.4,20190200,1217.4,20190200,1211.4,20181200
2018-11-15 11:00:00,1216.2,20190200,1216.2,20190200,1210.2,20181200
2018-11-15 11:15:00,1216.7,20190200,1216.7,20190200,1210.9,20181200
2018-11-15 11:30:00,1217.4,20190200,1217.4,20190200,1211.4,20181200
2018-11-15 11:45:00,1216.7,20190200,1216.7,20190200,1210.8,20181200
2018-11-15 12:00:00,1216.2,20190200,1216.2,20190200,1210.3,20181200
2018-11-15 12:15:00,1215.5,20190200,1215.5,20190200,1209.1,20181200
2018-11-15 12:30:00,1216.0,20190200,1216.0,20190200,1210.0,20181200
2018-11-15 12:45:00,1216.6,20190200,1216.6,20190200,1210.8,20181200
2018-11-15 13:00:00,1215.4,20190200,1215.4,20190200,1209.3,20181200
2018-11-15 13:15:00,1215.8,20190200,1215.8,20190200,1209.5,20181200
2018-11-15 13:30:00,1218.3,20190200,1218.3,20190200,1212.3,20181200
2018-11-15 13:45:00,1219.6,20190200,1219.6,20190200,1213.6,20181200
2018-11-15 14:00:00,1221.7,20190200,1221.7,20190200,1215.7,20181200
2018-11-15 14:15:00,1220.2,20190200,1220.2,20190200,1214.3,20181200
2018-11-15 14:30:00,1218.8,20190200,1218.8,20190200,1212.9,20181200
2018-11-15 14:45:00,1218.7,20190200,1218.7,20190200,1212.5,20181200
2018-11-15 15:00:00,1219.8,20190200,1219.8,20190200,1213.8,20181200
2018-11-15 15:15:00,1220.4,20190200,1220.4,20190200,1214.5,20181200
2018-11-15 15:30:00,1219.8,20190200,1219.8,20190200,1214.1,20181200
2018-11-15 15:45:00,1219.9,20190200,1219.9,20190200,1213.9,20181200
2018-11-15 16:00:00,1219.6,20190200,1219.6,20190200,1213.7,20181200
2018-11-15 16:15:00,1219.6,20190200,1219.6,20190200,1213.6,20181200
2018-11-15 16:30:00,1220.3,20190200,1220.3,20190200,1214.2,20181200
2018-11-15 16:45:00,1220.3,20190200,1220.3,20190200,1214.2,20181200
2018-11-15 17:00:00,1220.3,20190200,1220.3,20190200,1214.0,20181200
2018-11-15 17:15:00,1220.0,20190200,1220.0,20190200,1213.9,20181200
2018-11-15 17:30:00,1218.9,20190200,1218.9,20190200,1213.1,20181200
2018-11-15 17:45:00,1219.8,20190200,1219.8,20190200,1213.7,20181200
2018-11-15 18:00:00,1220.6,20190200,1220.6,20190200,1214.4,20181200
2018-11-15 18:15:00,1221.1,20190200,1221.1,20190200,1215.1,20181200
2018-11-15 18:30:00,1220.5,20190200,1220.5,20190200,1214.5,20181200
2018-11-15 18:45:00,1218.8,20190200,1218.8,20190200,1212.6,20181200
2018-11-15 19:00:00,1219.4,20190200,1219.4,20190200,1213.3,20181200
2018-11-15 19:15:00,1220.5,20190200,1220.5,20190200,1214.6,20181200
2018-11-15 19:30:00,1221.2,20190200,1221.2,20190200,1215.0,20181200
2018-11-15 19:45:00,1221.3,20190200,1221.3,20190200,1215.0,20181200
2018-11-15 20:00:00,1220.5,20190200,1220.5,20190200,1214.3,20181200
2018-11-15 20:15:00,1220.4,20190200,1220.4,20190200,1214.5,20181200
2018-11-15 20:30:00,1221.2,20190200,1221.2,20190200,1215.1,20181200
2018-11-15 20:45:00,1219.8,20190200,1219.8,20190200,1213.8,20181200
2018-11-15 21:00:00,1220.1,20190200,1220.1,20190200,1213.6,20181200
2018-11-15 21:15:00,1220.1,20190200,1220.1,20190200,1213.7,20181200
2018-11-15 21:30:00,1219.6,20190200,1219.6,20190200,1213.3,20181200
2018-11-15 21:45:00,1219.6,20190200,1219.6,20190200,1213.9,20181200
2018-11-15 23:00:00,1218.8,20190200,1218.8,20190200,1212.8,20181200
2018-11-15 23:15:00,1220.5,20190200,1220.5,20190200,1214.2,20181200
2018-11-15 23:30:00,1221.0,20190200,1221.0,20190200,1214.8,20181200
2018-11-15 23:45:00,1221.0,20190200,1221.0,20190200,1214.4,20181200
2018-11-16 00:00:00,1221.0,20190200,1221.0,20190200,1214.7,20181200
2018-11-16 00:15:00,1221.1,20190200,1221.1,20190200,1214.9,20181200
2018-11-16 00:30:00,1221.2,20190200,1221.2,20190200,1214.8,20181200
2018-11-16 00:45:00,1221.1,20190200,1221.1,20190200,1215.0,20181200
2018-11-16 01:00:00,1221.6,20190200,1221.6,20190200,1215.5,20181200
2018-11-16 01:15:00,1222.8,20190200,1222.8,20190200,1216.3,20181200
2018-11-16 01:30:00,1222.5,20190200,1222.5,20190200,1216.3,20181200
2018-11-16 01:45:00,1222.1,20190200,1222.1,20190200,1216.0,20181200
2018-11-16 02:00:00,1221.8,20190200,1221.8,20190200,1215.7,20181200
2018-11-16 02:15:00,1222.1,20190200,1222.1,20190200,1216.0,20181200
2018-11-16 02:30:00,1221.2,20190200,1221.2,20190200,1215.1,20181200
2018-11-16 02:45:00,1221.1,20190200,1221.1,20190200,1215.2,20181200
2018-11-16 03:00:00,1221.2,20190200,1221.2,20190200,1214.9,20181200
2018-11-16 03:15:00,1221.0,20190200,1221.0,20190200,1214.9,20181200
2018-11-16 03:30:00,1221.5,20190200,1221.5,20190200,1215.2,20181200
2018-11-16 03:45:00,1221.6,20190200,1221.6,20190200,1215.4,20181200
2018-11-16 04:00:00,1221.5,20190200,1221.5,20190200,1215.3,20181200
2018-11-16 04:15:00,1221.8,20190200,1221.8,20190200,1215.3,20181200
2018-11-16 04:30:00,1221.2,20190200,1221.2,20190200,1215.5,20181200
2018-11-16 04:45:00,1222.1,20190200,1222.1,20190200,1215.9,20181200
2018-11-16 05:15:00,1221.9,20190200,1221.9,20190200,1215.8,20181200
2018-11-16 05:30:00,1221.5,20190200,1221.5,20190200,1215.5,20181200
2018-11-16 05:45:00,1221.3,20190200,1221.3,20190200,1215.2,20181200
2018-11-16 06:15:00,1221.4,20190200,1221.4,20190200,1215.3,20181200
2018-11-16 06:30:00,1221.6,20190200,1221.6,20190200,1215.5,20181200
2018-11-16 06:45:00,1222.1,20190200,1222.1,20190200,1216.0,20181200
2018-11-16 07:00:00,1222.0,20190200,1222.0,20190200,1215.8,20181200
2018-11-16 07:15:00,1222.2,20190200,1222.2,20190200,1216.2,20181200
2018-11-16 07:30:00,1221.5,20190200,1221.5,20190200,1215.4,20181200
2018-11-16 07:45:00,1221.5,20190200,1221.5,20190200,1215.4,20181200
2018-11-16 08:00:00,1224.2,20190200,1224.2,20190200,1218.1,20181200
2018-11-16 08:15:00,1224.4,20190200,1224.4,20190200,1218.2,20181200
2018-11-16 08:30:00,1222.9,20190200,1222.9,20190200,1216.9,20181200
2018-11-16 08:45:00,1222.0,20190200,1222.0,20190200,1216.0,20181200
2018-11-16 09:00:00,1222.2,20190200,1222.2,20190200,1216.3,20181200
2018-11-16 09:15:00,1223.4,20190200,1223.4,20190200,1217.3,20181200
2018-11-16 09:30:00,1222.9,20190200,1222.9,20190200,1216.9,20181200
2018-11-16 09:45:00,1222.5,20190200,1222.5,20190200,1216.6,20181200
2018-11-16 10:00:00,1222.6,20190200,1222.6,20190200,1216.6,20181200
2018-11-16 10:15:00,1222.6,20190200,1222.6,20190200,1216.6,20181200
2018-11-16 10:30:00,1221.9,20190200,1221.9,20190200,1215.9,20181200
2018-11-16 10:45:00,1223.1,20190200,1223.1,20190200,1217.1,20181200
2018-11-16 11:00:00,1222.6,20190200,1222.6,20190200,1216.6,20181200
2018-11-16 11:15:00,1222.6,20190200,1222.6,20190200,1216.2,20181200
2018-11-16 11:30:00,1222.5,20190200,1222.5,20190200,1216.5,20181200
2018-11-16 11:45:00,1223.1,20190200,1223.1,20190200,1216.7,20181200
2018-11-16 12:00:00,1222.7,20190200,1222.7,20190200,1216.4,20181200
2018-11-16 12:15:00,1223.1,20190200,1223.1,20190200,1217.1,20181200
2018-11-16 12:30:00,1222.7,20190200,1222.7,20190200,1216.8,20181200
2018-11-16 12:45:00,1222.3,20190200,1222.3,20190200,1216.2,20181200
2018-11-16 13:00:00,1223.9,20190200,1223.9,20190200,1217.9,20181200
2018-11-16 13:15:00,1223.7,20190200,1223.7,20190200,1217.6,20181200
2018-11-16 13:30:00,1228.6,20190200,1228.6,20190200,1222.4,20181200
2018-11-16 13:45:00,1229.8,20190200,1229.8,20190200,1223.7,20181200
2018-11-16 14:00:00,1230.5,20190200,1230.5,20190200,1224.5,20181200
2018-11-16 14:15:00,1231.6,20190200,1231.6,20190200,1225.5,20181200
2018-11-16 14:30:00,1231.4,20190200,1231.4,20190200,1225.3,20181200
2018-11-16 14:45:00,1229.8,20190200,1229.8,20190200,1223.7,20181200
2018-11-16 15:00:00,1227.9,20190200,1227.9,20190200,1221.9,20181200
2018-11-16 15:15:00,1229.0,20190200,1229.0,20190200,1222.9,20181200
2018-11-16 15:30:00,1227.7,20190200,1227.7,20190200,1221.5,20181200
2018-11-16 15:45:00,1227.4,20190200,1227.4,20190200,1221.4,20181200
2018-11-16 16:00:00,1227.4,20190200,1227.4,20190200,1221.4,20181200
2018-11-16 16:15:00,1227.7,20190200,1227.7,20190200,1221.5,20181200
2018-11-16 16:30:00,1227.7,20190200,1227.7,20190200,1221.7,20181200
2018-11-16 16:45:00,1227.2,20190200,1227.2,20190200,1221.3,20181200
2018-11-16 17:00:00,1227.4,20190200,1227.4,20190200,1221.7,20181200
2018-11-16 17:15:00,1228.5,20190200,1228.5,20190200,1222.5,20181200
2018-11-16 17:30:00,1228.9,20190200,1228.9,20190200,1222.8,20181200
2018-11-16 17:45:00,1230.0,20190200,1230.0,20190200,1223.9,20181200
2018-11-16 18:00:00,1229.2,20190200,1229.2,20190200,1222.9,20181200
2018-11-16 18:15:00,1229.1,20190200,1229.1,20190200,1223.1,20181200
2018-11-16 18:30:00,1229.1,20190200,1229.1,20190200,1222.4,20181200
2018-11-16 18:45:00,1228.5,20190200,1228.5,20190200,1222.4,20181200
2018-11-16 19:00:00,1228.5,20190200,1228.5,20190200,1222.5,20181200
2018-11-16 19:15:00,1228.0,20190200,1228.0,20190200,1222.3,20181200
2018-11-16 19:30:00,1227.6,20190200,1227.6,20190200,1221.8,20181200
2018-11-16 19:45:00,1228.0,20190200,1228.0,20190200,1222.1,20181200
2018-11-16 20:00:00,1228.7,20190200,1228.7,20190200,1222.7,20181200
2018-11-16 20:15:00,1228.4,20190200,1228.4,20190200,1222.4,20181200
2018-11-16 20:30:00,1227.9,20190200,1227.9,20190200,1222.1,20181200
2018-11-16 20:45:00,1228.5,20190200,1228.5,20190200,1222.6,20181200
2018-11-16 21:00:00,1228.2,20190200,1228.2,20190200,1222.4,20181200
2018-11-16 21:15:00,1227.7,20190200,1227.7,20190200,1221.9,20181200
2018-11-16 21:30:00,1228.1,20190200,1228.1,20190200,1222.0,20181200
2018-11-16 21:45:00,1228.2,20190200,1228.2,20190200,1222.0,20181200
2018-11-16 23:00:00,1221.5,20190200,1221.5,20190200,1215.3,20181200
2018-11-18 23:00:00,1228.2,20190200,1228.2,20190200,1222.4,20181200
2018-11-18 23:15:00,1228.2,20190200,1228.2,20190200,1222.8,20181200
2018-11-18 23:30:00,1228.7,20190200,1228.7,20190200,1222.8,20181200
2018-11-18 23:45:00,1229.1,20190200,1229.1,20190200,1223.1,20181200
2018-11-19 00:00:00,1229.2,20190200,1229.2,20190200,1223.1,20181200
2018-11-19 00:15:00,1229.3,20190200,1229.3,20190200,1223.1,20181200
2018-11-19 00:30:00,1228.9,20190200,1228.9,20190200,1222.8,20181200
2018-11-19 00:45:00,1229.4,20190200,1229.4,20190200,1223.1,20181200
2018-11-19 01:00:00,1228.6,20190200,1228.6,20190200,1222.8,20181200
2018-11-19 01:15:00,1229.6,20190200,1229.6,20190200,1223.9,20181200
2018-11-19 01:30:00,1229.0,20190200,1229.0,20190200,1223.1,20181200
2018-11-19 01:45:00,1228.8,20190200,1228.8,20190200,1222.8,20181200
2018-11-19 02:00:00,1228.4,20190200,1228.4,20190200,1222.5,20181200
2018-11-19 02:15:00,1228.3,20190200,1228.3,20190200,1222.3,20181200
2018-11-19 02:30:00,1228.2,20190200,1228.2,20190200,1222.2,20181200
2018-11-19 02:45:00,1227.8,20190200,1227.8,20190200,1222.0,20181200
2018-11-19 03:00:00,1227.9,20190200,1227.9,20190200,1222.1,20181200
2018-11-19 03:15:00,1227.8,20190200,1227.8,20190200,1221.7,20181200
2018-11-19 03:30:00,1227.2,20190200,1227.2,20190200,1221.2,20181200
2018-11-19 03:45:00,1227.1,20190200,1227.1,20190200,1221.1,20181200
2018-11-19 04:00:00,1227.0,20190200,1227.0,20190200,1221.2,20181200
2018-11-19 04:15:00,1226.7,20190200,1226.7,20190200,1220.8,20181200
2018-11-19 04:30:00,1226.6,20190200,1226.6,20190200,1220.8,20181200
2018-11-19 04:45:00,1226.3,20190200,1226.3,20190200,1220.3,20181200
2018-11-19 05:15:00,1225.7,20190200,1225.7,20190200,1219.6,20181200
2018-11-19 05:30:00,1225.1,20190200,1225.1,20190200,1219.3,20181200
2018-11-19 05:45:00,1224.8,20190200,1224.8,20190200,1218.8,20181200
2018-11-19 06:15:00,1225.7,20190200,1225.7,20190200,1219.5,20181200
2018-11-19 06:30:00,1226.0,20190200,1226.0,20190200,1220.0,20181200
2018-11-19 06:45:00,1225.6,20190200,1225.6,20190200,1219.7,20181200
2018-11-19 07:00:00,1226.3,20190200,1226.3,20190200,1220.5,20181200
2018-11-19 07:15:00,1226.2,20190200,1226.2,20190200,1220.0,20181200
2018-11-19 07:30:00,1226.3,20190200,1226.3,20190200,1220.4,20181200
2018-11-19 07:45:00,1227.2,20190200,1227.2,20190200,1221.2,20181200
2018-11-19 08:00:00,1227.3,20190200,1227.3,20190200,1221.5,20181200
2018-11-19 08:15:00,1226.9,20190200,1226.9,20190200,1221.2,20181200
2018-11-19 08:30:00,1227.4,20190200,1227.4,20190200,1221.2,20181200
2018-11-19 08:45:00,1227.2,20190200,1227.2,20190200,1221.3,20181200
2018-11-19 09:00:00,1226.2,20190200,1226.2,20190200,1220.1,20181200
2018-11-19 09:15:00,1225.5,20190200,1225.5,20190200,1219.6,20181200
2018-11-19 09:30:00,1225.6,20190200,1225.6,20190200,1219.6,20181200
2018-11-19 09:45:00,1227.0,20190200,1227.0,20190200,1221.0,20181200
2018-11-19 10:00:00,1227.3,20190200,1227.3,20190200,1221.5,20181200
2018-11-19 10:15:00,1228.9,20190200,1228.9,20190200,1223.0,20181200
2018-11-19 10:30:00,1228.3,20190200,1228.3,20190200,1222.4,20181200
2018-11-19 10:45:00,1228.2,20190200,1228.2,20190200,1222.5,20181200
2018-11-19 11:00:00,1228.0,20190200,1228.0,20190200,1222.5,20181200
2018-11-19 11:15:00,1228.7,20190200,1228.7,20190200,1222.7,20181200
2018-11-19 11:30:00,1228.4,20190200,1228.4,20190200,1222.4,20181200
2018-11-19 11:45:00,1228.4,20190200,1228.4,20190200,1222.4,20181200
2018-11-19 12:00:00,1226.9,20190200,1226.9,20190200,1220.8,20181200
2018-11-19 12:15:00,1226.4,20190200,1226.4,20190200,1220.7,20181200
2018-11-19 12:30:00,1226.1,20190200,1226.1,20190200,1220.3,20181200
2018-11-19 12:45:00,1227.0,20190200,1227.0,20190200,1221.0,20181200
2018-11-19 13:00:00,1227.1,20190200,1227.1,20190200,1221.2,20181200
2018-11-19 13:15:00,1228.2,20190200,1228.2,20190200,1222.2,20181200
2018-11-19 13:30:00,1226.9,20190200,1226.9,20190200,1221.1,20181200
2018-11-19 13:45:00,1226.6,20190200,1226.6,20190200,1220.5,20181200
2018-11-19 14:00:00,1226.3,20190200,1226.3,20190200,1220.3,20181200
2018-11-19 14:15:00,1227.3,20190200,1227.3,20190200,1221.3,20181200
2018-11-19 14:30:00,1226.8,20190200,1226.8,20190200,1220.9,20181200
2018-11-19 14:45:00,1228.2,20190200,1228.2,20190200,1222.4,20181200
2018-11-19 15:00:00,1229.3,20190200,1229.3,20190200,1223.3,20181200
2018-11-19 15:15:00,1229.5,20190200,1229.5,20190200,1223.5,20181200
2018-11-19 15:30:00,1229.8,20190200,1229.8,20190200,1223.9,20181200
2018-11-19 15:45:00,1229.1,20190200,1229.1,20190200,1223.2,20181200
2018-11-19 16:00:00,1229.1,20190200,1229.1,20190200,1223.3,20181200
2018-11-19 16:15:00,1229.9,20190200,1229.9,20190200,1224.0,20181200
2018-11-19 16:30:00,1229.1,20190200,1229.1,20190200,1223.3,20181200
2018-11-19 16:45:00,1229.1,20190200,1229.1,20190200,1223.2,20181200
2018-11-19 17:00:00,1228.2,20190200,1228.2,20190200,1222.4,20181200
2018-11-19 17:15:00,1228.8,20190200,1228.8,20190200,1222.9,20181200
2018-11-19 17:30:00,1229.4,20190200,1229.4,20190200,1223.6,20181200
2018-11-19 17:45:00,1230.4,20190200,1230.4,20190200,1224.6,20181200
2018-11-19 18:00:00,1230.4,20190200,1230.4,20190200,1224.6,20181200
2018-11-19 18:15:00,1231.2,20190200,1231.2,20190200,1225.2,20181200
2018-11-19 18:30:00,1230.6,20190200,1230.6,20190200,1224.8,20181200
2018-11-19 18:45:00,1230.5,20190200,1230.5,20190200,1224.7,20181200
2018-11-19 19:00:00,1230.6,20190200,1230.6,20190200,1224.8,20181200
2018-11-19 19:15:00,1230.9,20190200,1230.9,20190200,1224.9,20181200
2018-11-19 19:30:00,1230.4,20190200,1230.4,20190200,1224.6,20181200
2018-11-19 19:45:00,1230.4,20190200,1230.4,20190200,1224.6,20181200
2018-11-19 20:00:00,1230.0,20190200,1230.0,20190200,1224.2,20181200
2018-11-19 20:15:00,1230.5,20190200,1230.5,20190200,1224.9,20181200
2018-11-19 20:30:00,1230.5,20190200,1230.5,20190200,1224.6,20181200
2018-11-19 20:45:00,1229.7,20190200,1229.7,20190200,1223.8,20181200
2018-11-19 21:00:00,1230.2,20190200,1230.2,20190200,1224.4,20181200
2018-11-19 21:15:00,1230.3,20190200,1230.3,20190200,1224.6,20181200
2018-11-19 21:30:00,1230.5,20190200,1230.5,20190200,1224.6,20181200
2018-11-19 21:45:00,1230.7,20190200,1230.7,20190200,1224.8,20181200
2018-11-19 23:00:00,1225.0,20190200,1225.0,20190200,1219.0,20181200
2018-11-19 23:15:00,1230.4,20190200,1230.4,20190200,1224.5,20181200
2018-11-19 23:30:00,1230.9,20190200,1230.9,20190200,1224.8,20181200
2018-11-19 23:45:00,1230.6,20190200,1230.6,20190200,1224.8,20181200
2018-11-20 00:00:00,1230.3,20190200,1230.3,20190200,1224.4,20181200
2018-11-20 00:15:00,1229.9,20190200,1229.9,20190200,1223.9,20181200
2018-11-20 00:30:00,1229.6,20190200,1229.6,20190200,1224.1,20181200
2018-11-20 00:45:00,1228.9,20190200,1228.9,20190200,1223.3,20181200
2018-11-20 01:00:00,1228.9,20190200,1228.9,20190200,1223.2,20181200
2018-11-20 01:15:00,1228.5,20190200,1228.5,20190200,1222.4,20181200
2018-11-20 01:30:00,1228.2,20190200,1228.2,20190200,1222.4,20181200
2018-11-20 01:45:00,1228.5,20190200,1228.5,20190200,1222.7,20181200
2018-11-20 02:00:00,1228.3,20190200,1228.3,20190200,1222.4,20181200
2018-11-20 02:15:00,1227.8,20190200,1227.8,20190200,1221.9,20181200
2018-11-20 02:30:00,1228.3,20190200,1228.3,20190200,1222.4,20181200
2018-11-20 02:45:00,1228.4,20190200,1228.4,20190200,1222.5,20181200
2018-11-20 03:00:00,1228.4,20190200,1228.4,20190200,1222.5,20181200
2018-11-20 03:15:00,1228.5,20190200,1228.5,20190200,1222.8,20181200
2018-11-20 03:30:00,1228.5,20190200,1228.5,20190200,1222.5,20181200
2018-11-20 03:45:00,1228.4,20190200,1228.4,20190200,1222.5,20181200
2018-11-20 04:00:00,1228.1,20190200,1228.1,20190200,1222.1,20181200
2018-11-20 04:15:00,1228.2,20190200,1228.2,20190200,1222.2,20181200
2018-11-20 04:30:00,1228.2,20190200,1228.2,20190200,1222.4,20181200
2018-11-20 04:45:00,1228.8,20190200,1228.8,20190200,1222.8,20181200
2018-11-20 05:15:00,1229.0,20190200,1229.0,20190200,1223.3,20181200
2018-11-20 05:30:00,1229.0,20190200,1229.0,20190200,1223.0,20181200
2018-11-20 05:45:00,1229.2,20190200,1229.2,20190200,1223.3,20181200
2018-11-20 06:15:00,1230.4,20190200,1230.4,20190200,1224.4,20181200
2018-11-20 06:30:00,1230.6,20190200,1230.6,20190200,1224.7,20181200
2018-11-20 06:45:00,1229.9,20190200,1229.9,20190200,1224.2,20181200
2018-11-20 07:00:00,1230.5,20190200,1230.5,20190200,1224.7,20181200
2018-11-20 07:15:00,1231.4,20190200,1231.4,20190200,1225.5,20181200
2018-11-20 07:30:00,1231.4,20190200,1231.4,20190200,1225.6,20181200
2018-11-20 07:45:00,1231.2,20190200,1231.2,20190200,1225.4,20181200
2018-11-20 08:00:00,1232.1,20190200,1232.1,20190200,1226.2,20181200
2018-11-20 08:15:00,1232.1,20190200,1232.1,20190200,1226.2,20181200
2018-11-20 08:30:00,1231.4,20190200,1231.4,20190200,1225.5,20181200
2018-11-20 08:45:00,1231.5,20190200,1231.5,20190200,1225.6,20181200
2018-11-20 09:00:00,1231.0,20190200,1231.0,20190200,1225.2,20181200
2018-11-20 09:15:00,1231.2,20190200,1231.2,20190200,1225.3,20181200
2018-11-20 09:30:00,1231.4,20190200,1231.4,20190200,1225.5,20181200
2018-11-20 09:45:00,1228.8,20190200,1228.8,20190200,1222.8,20181200
2018-11-20 10:00:00,1228.9,20190200,1228.9,20190200,1223.0,20181200
2018-11-20 10:15:00,1230.0,20190200,1230.0,20190200,1224.0,20181200
2018-11-20 10:30:00,1230.2,20190200,1230.2,20190200,1224.2,20181200
2018-11-20 10:45:00,1229.6,20190200,1229.6,20190200,1223.6,20181200
2018-11-20 11:00:00,1229.2,20190200,1229.2,20190200,1223.2,20181200
2018-11-20 11:15:00,1230.1,20190200,1230.1,20190200,1224.2,20181200
2018-11-20 11:30:00,1230.2,20190200,1230.2,20190200,1224.3,20181200
2018-11-20 11:45:00,1231.0,20190200,1231.0,20190200,1224.9,20181200
2018-11-20 12:00:00,1232.2,20190200,1232.2,20190200,1226.3,20181200
2018-11-20 12:15:00,1232.0,20190200,1232.0,20190200,1226.2,20181200
2018-11-20 12:30:00,1232.5,20190200,1232.5,20190200,1226.5,20181200
2018-11-20 12:45:00,1232.0,20190200,1232.0,20190200,1226.0,20181200
2018-11-20 13:00:00,1232.4,20190200,1232.4,20190200,1226.5,20181200
2018-11-20 13:15:00,1234.6,20190200,1234.6,20190200,1228.7,20181200
2018-11-20 13:30:00,1234.6,20190200,1234.6,20190200,1228.6,20181200
2018-11-20 13:45:00,1233.4,20190200,1233.4,20190200,1227.5,20181200
2018-11-20 14:00:00,1231.7,20190200,1231.7,20190200,1225.7,20181200
2018-11-20 14:15:00,1232.5,20190200,1232.5,20190200,1226.6,20181200
2018-11-20 14:30:00,1231.6,20190200,1231.6,20190200,1225.6,20181200
2018-11-20 14:45:00,1231.5,20190200,1231.5,20190200,1225.5,20181200
2018-11-20 15:00:00,1228.7,20190200,1228.7,20190200,1222.7,20181200
2018-11-20 15:15:00,1228.5,20190200,1228.5,20190200,1222.6,20181200
2018-11-20 15:30:00,1228.5,20190200,1228.5,20190200,1222.6,20181200
2018-11-20 15:45:00,1229.9,20190200,1229.9,20190200,1223.9,20181200
2018-11-20 16:00:00,1230.6,20190200,1230.6,20190200,1224.7,20181200
2018-11-20 16:15:00,1230.0,20190200,1230.0,20190200,1224.0,20181200
2018-11-20 16:30:00,1229.8,20190200,1229.8,20190200,1223.9,20181200
2018-11-20 16:45:00,1230.1,20190200,1230.1,20190200,1224.2,20181200
2018-11-20 17:00:00,1229.3,20190200,1229.3,20190200,1223.6,20181200
2018-11-20 17:15:00,1228.7,20190200,1228.7,20190200,1222.7,20181200
2018-11-20 17:30:00,1229.2,20190200,1229.2,20190200,1223.3,20181200
2018-11-20 17:45:00,1228.4,20190200,1228.4,20190200,1222.5,20181200
2018-11-20 18:00:00,1227.4,20190200,1227.4,20190200,1221.5,20181200
2018-11-20 18:15:00,1227.1,20190200,1227.1,20190200,1221.2,20181200
2018-11-20 18:30:00,1227.5,20190200,1227.5,20190200,1221.7,20181200
2018-11-20 18:45:00,1227.6,20190200,1227.6,20190200,1221.7,20181200
2018-11-20 19:00:00,1226.9,20190200,1226.9,20190200,1220.8,20181200
2018-11-20 19:15:00,1227.1,20190200,1227.1,20190200,1221.4,20181200
2018-11-20 19:30:00,1227.0,20190200,1227.0,20190200,1221.4,20181200
2018-11-20 19:45:00,1227.7,20190200,1227.7,20190200,1221.7,20181200
2018-11-20 20:00:00,1227.9,20190200,1227.9,20190200,1222.0,20181200
2018-11-20 20:15:00,1227.6,20190200,1227.6,20190200,1221.7,20181200
2018-11-20 20:30:00,1227.4,20190200,1227.4,20190200,1221.5,20181200
2018-11-20 20:45:00,1228.8,20190200,1228.8,20190200,1222.8,20181200
2018-11-20 21:00:00,1228.3,20190200,1228.3,20190200,1222.5,20181200
2018-11-20 21:15:00,1228.1,20190200,1228.1,20190200,1222.1,20181200
2018-11-20 21:30:00,1228.0,20190200,1228.0,20190200,1222.0,20181200
2018-11-20 21:45:00,1227.9,20190200,1227.9,20190200,1222.0,20181200
2018-11-20 23:00:00,1229.4,20190200,1229.4,20190200,1224.1,20181200
2018-11-20 23:15:00,1228.2,20190200,1228.2,20190200,1222.3,20181200
2018-11-20 23:30:00,1228.6,20190200,1228.6,20190200,1222.6,20181200
2018-11-20 23:45:00,1228.2,20190200,1228.2,20190200,1222.1,20181200
2018-11-21 00:00:00,1227.2,20190200,1227.2,20190200,1221.2,20181200
2018-11-21 00:15:00,1227.0,20190200,1227.0,20190200,1221.0,20181200
2018-11-21 00:30:00,1226.6,20190200,1226.6,20190200,1221.0,20181200
2018-11-21 00:45:00,1226.8,20190200,1226.8,20190200,1220.8,20181200
2018-11-21 01:00:00,1226.3,20190200,1226.3,20190200,1220.6,20181200
2018-11-21 01:15:00,1227.0,20190200,1227.0,20190200,1221.0,20181200
2018-11-21 01:30:00,1227.5,20190200,1227.5,20190200,1221.4,20181200
2018-11-21 01:45:00,1227.8,20190200,1227.8,20190200,1221.9,20181200
2018-11-21 02:00:00,1228.2,20190200,1228.2,20190200,1222.2,20181200
2018-11-21 02:15:00,1227.7,20190200,1227.7,20190200,1221.9,20181200
2018-11-21 02:30:00,1228.0,20190200,1228.0,20190200,1222.0,20181200
2018-11-21 02:45:00,1227.8,20190200,1227.8,20190200,1221.7,20181200
2018-11-21 03:00:00,1227.6,20190200,1227.6,20190200,1221.6,20181200
2018-11-21 03:15:00,1227.0,20190200,1227.0,20190200,1221.0,20181200
2018-11-21 03:30:00,1227.4,20190200,1227.4,20190200,1221.5,20181200
2018-11-21 03:45:00,1227.2,20190200,1227.2,20190200,1221.2,20181200
2018-11-21 04:00:00,1227.2,20190200,1227.2,20190200,1221.1,20181200
2018-11-21 04:15:00,1226.7,20190200,1226.7,20190200,1220.7,20181200
2018-11-21 04:30:00,1227.4,20190200,1227.4,20190200,1221.4,20181200
2018-11-21 04:45:00,1227.3,20190200,1227.3,20190200,1221.4,20181200
2018-11-21 05:15:00,1227.8,20190200,1227.8,20190200,1221.8,20181200
2018-11-21 05:30:00,1228.1,20190200,1228.1,20190200,1222.0,20181200
2018-11-21 05:45:00,1227.8,20190200,1227.8,20190200,1221.9,20181200
2018-11-21 06:15:00,1228.2,20190200,1228.2,20190200,1222.4,20181200
2018-11-21 06:30:00,1228.5,20190200,1228.5,20190200,1222.6,20181200
2018-11-21 06:45:00,1228.9,20190200,1228.9,20190200,1223.0,20181200
2018-11-21 07:00:00,1229.0,20190200,1229.0,20190200,1223.0,20181200
2018-11-21 07:15:00,1229.9,20190200,1229.9,20190200,1223.9,20181200
2018-11-21 07:30:00,1230.0,20190200,1230.0,20190200,1224.0,20181200
2018-11-21 07:45:00,1229.2,20190200,1229.2,20190200,1223.5,20181200
2018-11-21 08:00:00,1230.9,20190200,1230.9,20190200,1225.0,20181200
2018-11-21 08:15:00,1230.3,20190200,1230.3,20190200,1224.6,20181200
2018-11-21 08:30:00,1231.3,20190200,1231.3,20190200,1225.4,20181200
2018-11-21 08:45:00,1230.6,20190200,1230.6,20190200,1224.9,20181200
2018-11-21 09:00:00,1231.4,20190200,1231.4,20190200,1225.3,20181200
2018-11-21 09:15:00,1230.9,20190200,1230.9,20190200,1225.0,20181200
2018-11-21 09:30:00,1232.0,20190200,1232.0,20190200,1226.0,20181200
2018-11-21 09:45:00,1231.4,20190200,1231.4,20190200,1225.4,20181200
2018-11-21 10:00:00,1230.9,20190200,1230.9,20190200,1224.7,20181200
2018-11-21 10:15:00,1230.5,20190200,1230.5,20190200,1224.5,20181200
2018-11-21 10:30:00,1229.2,20190200,1229.2,20190200,1223.3,20181200
2018-11-21 10:45:00,1229.4,20190200,1229.4,20190200,1223.3,20181200
2018-11-21 11:00:00,1229.5,20190200,1229.5,20190200,1223.6,20181200
2018-11-21 11:15:00,1230.9,20190200,1230.9,20190200,1224.9,20181200
2018-11-21 11:30:00,1230.4,20190200,1230.4,20190200,1224.5,20181200
2018-11-21 11:45:00,1230.0,20190200,1230.0,20190200,1224.0,20181200
2018-11-21 12:00:00,1229.3,20190200,1229.3,20190200,1223.3,20181200
2018-11-21 12:15:00,1229.8,20190200,1229.8,20190200,1223.7,20181200
2018-11-21 12:30:00,1230.5,20190200,1230.5,20190200,1224.6,20181200
2018-11-21 12:45:00,1230.7,20190200,1230.7,20190200,1224.8,20181200
2018-11-21 13:00:00,1230.0,20190200,1230.0,20190200,1224.0,20181200
2018-11-21 13:15:00,1231.8,20190200,1231.8,20190200,1226.1,20181200
2018-11-21 13:30:00,1233.2,20190200,1233.2,20190200,1227.4,20181200
2018-11-21 13:45:00,1232.9,20190200,1232.9,20190200,1227.0,20181200
2018-11-21 14:00:00,1232.1,20190200,1232.1,20190200,1226.2,20181200
2018-11-21 14:15:00,1232.2,20190200,1232.2,20190200,1226.5,20181200
2018-11-21 14:30:00,1233.4,20190200,1233.4,20190200,1227.5,20181200
2018-11-21 14:45:00,1232.4,20190200,1232.4,20190200,1226.5,20181200
2018-11-21 15:00:00,1233.8,20190200,1233.8,20190200,1227.9,20181200
2018-11-21 15:15:00,1236.1,20190200,1236.1,20190200,1230.3,20181200
2018-11-21 15:30:00,1234.6,20190200,1234.6,20190200,1228.7,20181200
2018-11-21 15:45:00,1233.6,20190200,1233.6,20190200,1227.7,20181200
2018-11-21 16:00:00,1233.1,20190200,1233.1,20190200,1227.2,20181200
2018-11-21 16:15:00,1233.8,20190200,1233.8,20190200,1227.9,20181200
2018-11-21 16:30:00,1234.0,20190200,1234.0,20190200,1228.1,20181200
2018-11-21 16:45:00,1232.1,20190200,1232.1,20190200,1226.2,20181200
2018-11-21 17:00:00,1232.6,20190200,1232.6,20190200,1226.9,20181200
2018-11-21 17:15:00,1233.0,20190200,1233.0,20190200,1227.2,20181200
2018-11-21 17:30:00,1233.6,20190200,1233.6,20190200,1227.7,20181200
2018-11-21 17:45:00,1234.2,20190200,1234.2,20190200,1228.3,20181200
2018-11-21 18:00:00,1233.1,20190200,1233.1,20190200,1227.3,20181200
2018-11-21 18:15:00,1234.0,20190200,1234.0,20190200,1228.2,20181200
2018-11-21 18:30:00,1233.3,20190200,1233.3,20190200,1227.4,20181200
2018-11-21 18:45:00,1233.6,20190200,1233.6,20190200,1227.7,20181200
2018-11-21 19:00:00,1233.7,20190200,1233.7,20190200,1227.9,20181200
2018-11-21 19:15:00,1233.6,20190200,1233.6,20190200,1227.7,20181200
2018-11-21 19:30:00,1233.2,20190200,1233.2,20190200,1227.3,20181200
2018-11-21 19:45:00,1233.3,20190200,1233.3,20190200,1227.5,20181200
2018-11-21 20:00:00,1233.4,20190200,1233.4,20190200,1227.5,20181200
2018-11-21 20:15:00,1233.2,20190200,1233.2,20190200,1227.4,20181200
2018-11-21 20:30:00,1232.6,20190200,1232.6,20190200,1226.9,20181200
2018-11-21 20:45:00,1231.8,20190200,1231.8,20190200,1225.9,20181200
2018-11-21 21:00:00,1232.0,20190200,1232.0,20190200,1226.5,20181200
2018-11-21 21:15:00,1232.2,20190200,1232.2,20190200,1226.3,20181200
2018-11-21 21:30:00,1232.4,20190200,1232.4,20190200,1226.6,20181200
2018-11-21 21:45:00,1232.5,20190200,1232.5,20190200,1226.7,20181200
2018-11-21 23:00:00,1228.5,20190200,1228.5,20190200,1222.6,20181200
2018-11-21 23:15:00,1232.2,20190200,1232.2,20190200,1226.4,20181200
2018-11-21 23:30:00,1232.0,20190200,1232.0,20190200,1226.2,20181200
2018-11-21 23:45:00,1232.1,20190200,1232.1,20190200,1226.4,20181200
2018-11-22 00:00:00,1232.0,20190200,1232.0,20190200,1226.2,20181200
2018-11-22 00:15:00,1232.4,20190200,1232.4,20190200,1226.5,20181200
2018-11-22 00:30:00,1232.2,20190200,1232.2,20190200,1226.3,20181200
2018-11-22 00:45:00,1231.8,20190200,1231.8,20190200,1226.0,20181200
2018-11-22 01:00:00,1232.0,20190200,1232.0,20190200,1226.2,20181200
2018-11-22 01:15:00,1232.6,20190200,1232.6,20190200,1226.7,20181200
2018-11-22 01:30:00,1232.8,20190200,1232.8,20190200,1226.9,20181200
2018-11-22 01:45:00,1232.3,20190200,1232.3,20190200,1226.6,20181200
2018-11-22 02:00:00,1233.6,20190200,1233.6,20190200,1227.6,20181200
2018-11-22 02:15:00,1233.4,20190200,1233.4,20190200,1227.4,20181200
2018-11-22 02:30:00,1233.4,20190200,1233.4,20190200,1227.6,20181200
2018-11-22 02:45:00,1233.7,20190200,1233.7,20190200,1227.8,20181200
2018-11-22 03:00:00,1234.0,20190200,1234.0,20190200,1228.2,20181200
2018-11-22 03:15:00,1233.7,20190200,1233.7,20190200,1227.9,20181200
2018-11-22 03:30:00,1233.7,20190200,1233.7,20190200,1227.8,20181200
2018-11-22 03:45:00,1233.5,20190200,1233.5,20190200,1227.6,20181200
2018-11-22 04:00:00,1233.7,20190200,1233.7,20190200,1227.8,20181200
2018-11-22 04:15:00,1233.5,20190200,1233.5,20190200,1227.6,20181200
2018-11-22 04:30:00,1233.3,20190200,1233.3,20190200,1227.3,20181200
2018-11-22 04:45:00,1233.1,20190200,1233.1,20190200,1227.1,20181200
2018-11-22 05:15:00,1233.5,20190200,1233.5,20190200,1227.7,20181200
2018-11-22 05:30:00,1233.9,20190200,1233.9,20190200,1228.1,20181200
2018-11-22 05:45:00,1233.7,20190200,1233.7,20190200,1227.9,20181200
2018-11-22 06:15:00,1234.5,20190200,1234.5,20190200,1228.7,20181200
2018-11-22 06:30:00,1233.9,20190200,1233.9,20190200,1227.9,20181200
2018-11-22 06:45:00,1233.7,20190200,1233.7,20190200,1228.0,20181200
2018-11-22 07:00:00,1233.1,20190200,1233.1,20190200,1227.3,20181200
2018-11-22 07:15:00,1234.0,20190200,1234.0,20190200,1228.3,20181200
2018-11-22 07:30:00,1233.6,20190200,1233.6,20190200,1227.8,20181200
2018-11-22 07:45:00,1233.5,20190200,1233.5,20190200,1227.8,20181200
2018-11-22 08:00:00,1233.4,20190200,1233.4,20190200,1227.7,20181200
2018-11-22 08:15:00,1234.0,20190200,1234.0,20190200,1228.1,20181200
2018-11-22 08:30:00,1233.8,20190200,1233.8,20190200,1227.9,20181200
2018-11-22 08:45:00,1234.4,20190200,1234.4,20190200,1228.4,20181200
2018-11-22 09:00:00,1234.1,20190200,1234.1,20190200,1228.2,20181200
2018-11-22 09:15:00,1233.9,20190200,1233.9,20190200,1228.0,20181200
2018-11-22 09:30:00,1234.1,20190200,1234.1,20190200,1228.3,20181200
2018-11-22 09:45:00,1234.1,20190200,1234.1,20190200,1228.3,20181200
2018-11-22 10:00:00,1235.1,20190200,1235.1,20190200,1229.0,20181200
2018-11-22 10:15:00,1235.2,20190200,1235.2,20190200,1229.3,20181200
2018-11-22 10:30:00,1234.1,20190200,1234.1,20190200,1228.3,20181200
2018-11-22 10:45:00,1234.6,20190200,1234.6,20190200,1228.8,20181200
2018-11-22 11:00:00,1234.4,20190200,1234.4,20190200,1228.6,20181200
2018-11-22 11:15:00,1234.9,20190200,1234.9,20190200,1229.1,20181200
2018-11-22 11:30:00,1235.3,20190200,1235.3,20190200,1229.4,20181200
2018-11-22 11:45:00,1235.1,20190200,1235.1,20190200,1229.1,20181200
2018-11-22 12:00:00,1234.5,20190200,1234.5,20190200,1228.6,20181200
2018-11-22 12:15:00,1234.7,20190200,1234.7,20190200,1228.6,20181200
2018-11-22 12:30:00,1234.6,20190200,1234.6,20190200,1228.8,20181200
2018-11-22 12:45:00,1234.8,20190200,1234.8,20190200,1229.0,20181200
2018-11-22 13:00:00,1234.7,20190200,1234.7,20190200,1228.8,20181200
2018-11-22 13:15:00,1234.4,20190200,1234.4,20190200,1228.5,20181200
2018-11-22 13:30:00,1234.2,20190200,1234.2,20190200,1228.3,20181200
2018-11-22 13:45:00,1234.2,20190200,1234.2,20190200,1228.4,20181200
2018-11-22 14:00:00,1233.6,20190200,1233.6,20190200,1227.7,20181200
2018-11-22 14:15:00,1234.5,20190200,1234.5,20190200,1228.6,20181200
2018-11-22 14:30:00,1234.8,20190200,1234.8,20190200,1229.1,20181200
2018-11-22 14:45:00,1234.3,20190200,1234.3,20190200,1228.4,20181200
2018-11-22 15:00:00,1234.0,20190200,1234.0,20190200,1228.1,20181200
2018-11-22 15:15:00,1233.7,20190200,1233.7,20190200,1227.9,20181200
2018-11-22 15:30:00,1233.9,20190200,1233.9,20190200,1228.0,20181200
2018-11-22 15:45:00,1234.0,20190200,1234.0,20190200,1228.1,20181200
2018-11-22 16:00:00,1234.2,20190200,1234.2,20190200,1228.3,20181200
2018-11-22 16:15:00,1234.0,20190200,1234.0,20190200,1228.1,20181200
2018-11-22 16:30:00,1234.0,20190200,1234.0,20190200,1228.1,20181200
2018-11-22 16:45:00,1234.3,20190200,1234.3,20190200,1228.4,20181200
2018-11-22 17:00:00,1233.9,20190200,1233.9,20190200,1228.0,20181200
2018-11-22 17:15:00,1233.8,20190200,1233.8,20190200,1228.0,20181200
2018-11-22 17:30:00,1233.9,20190200,1233.9,20190200,1227.9,20181200
2018-11-22 17:45:00,1233.6,20190200,1233.6,20190200,1227.9,20181200
2018-11-22 23:00:00,1234.0,20190200,1234.0,20190200,1228.2,20181200
2018-11-22 23:15:00,1233.7,20190200,1233.7,20190200,1227.9,20181200
2018-11-22 23:30:00,1233.6,20190200,1233.6,20190200,1227.7,20181200
2018-11-22 23:45:00,1233.8,20190200,1233.8,20190200,1228.0,20181200
2018-11-23 00:00:00,1233.9,20190200,1233.9,20190200,1228.1,20181200
2018-11-23 00:15:00,1233.4,20190200,1233.4,20190200,1227.6,20181200
2018-11-23 00:30:00,1233.7,20190200,1233.7,20190200,1227.8,20181200
2018-11-23 00:45:00,1233.1,20190200,1233.1,20190200,1227.4,20181200
2018-11-23 01:00:00,1233.2,20190200,1233.2,20190200,1227.5,20181200
2018-11-23 01:15:00,1234.0,20190200,1234.0,20190200,1228.0,20181200
2018-11-23 01:30:00,1234.3,20190200,1234.3,20190200,1228.4,20181200
2018-11-23 01:45:00,1234.1,20190200,1234.1,20190200,1228.2,20181200
2018-11-23 02:00:00,1233.7,20190200,1233.7,20190200,1227.8,20181200
2018-11-23 02:15:00,1234.5,20190200,1234.5,20190200,1228.6,20181200
2018-11-23 02:30:00,1234.3,20190200,1234.3,20190200,1228.3,20181200
2018-11-23 02:45:00,1234.2,20190200,1234.2,20190200,1228.3,20181200
2018-11-23 03:00:00,1234.0,20190200,1234.0,20190200,1228.1,20181200
2018-11-23 03:15:00,1233.7,20190200,1233.7,20190200,1227.9,20181200
2018-11-23 03:30:00,1234.4,20190200,1234.4,20190200,1228.4,20181200
2018-11-23 03:45:00,1234.5,20190200,1234.5,20190200,1228.6,20181200
2018-11-23 04:00:00,1234.2,20190200,1234.2,20190200,1228.3,20181200
2018-11-23 04:15:00,1234.6,20190200,1234.6,20190200,1228.7,20181200
2018-11-23 04:30:00,1234.9,20190200,1234.9,20190200,1229.1,20181200
2018-11-23 04:45:00,1234.7,20190200,1234.7,20190200,1228.8,20181200
2018-11-23 05:15:00,1234.7,20190200,1234.7,20190200,1228.8,20181200
2018-11-23 05:30:00,1234.0,20190200,1234.0,20190200,1228.2,20181200
2018-11-23 05:45:00,1233.8,20190200,1233.8,20190200,1228.1,20181200
2018-11-23 06:15:00,1233.8,20190200,1233.8,20190200,1227.9,20181200
2018-11-23 06:30:00,1233.3,20190200,1233.3,20190200,1227.6,20181200
2018-11-23 06:45:00,1232.4,20190200,1232.4,20190200,1226.5,20181200
2018-11-23 07:00:00,1231.1,20190200,1231.1,20190200,1225.4,20181200
2018-11-23 07:15:00,1230.1,20190200,1230.1,20190200,1224.2,20181200
2018-11-23 07:30:00,1229.7,20190200,1229.7,20190200,1223.9,20181200
2018-11-23 07:45:00,1230.4,20190200,1230.4,20190200,1224.7,20181200
2018-11-23 08:00:00,1230.2,20190200,1230.2,20190200,1224.4,20181200
2018-11-23 08:15:00,1230.1,20190200,1230.1,20190200,1224.2,20181200
2018-11-23 08:30:00,1228.7,20190200,1228.7,20190200,1222.8,20181200
2018-11-23 08:45:00,1228.1,20190200,1228.1,20190200,1222.3,20181200
2018-11-23 09:00:00,1229.6,20190200,1229.6,20190200,1223.8,20181200
2018-11-23 09:15:00,1229.2,20190200,1229.2,20190200,1223.3,20181200
2018-11-23 09:30:00,1228.8,20190200,1228.8,20190200,1222.9,20181200
2018-11-23 09:45:00,1228.7,20190200,1228.7,20190200,1222.9,20181200
2018-11-23 10:00:00,1228.8,20190200,1228.8,20190200,1223.0,20181200
2018-11-23 10:15:00,1228.2,20190200,1228.2,20190200,1222.5,20181200
2018-11-23 10:30:00,1228.3,20190200,1228.3,20190200,1222.4,20181200
2018-11-23 10:45:00,1228.3,20190200,1228.3,20190200,1222.5,20181200
2018-11-23 11:00:00,1228.7,20190200,1228.7,20190200,1222.8,20181200
2018-11-23 11:15:00,1228.0,20190200,1228.0,20190200,1222.2,20181200
2018-11-23 11:30:00,1228.5,20190200,1228.5,20190200,1222.6,20181200
2018-11-23 11:45:00,1227.6,20190200,1227.6,20190200,1221.8,20181200
2018-11-23 12:00:00,1228.0,20190200,1228.0,20190200,1222.2,20181200
2018-11-23 12:15:00,1229.2,20190200,1229.2,20190200,1223.4,20181200
2018-11-23 12:30:00,1229.0,20190200,1229.0,20190200,1223.2,20181200
2018-11-23 12:45:00,1229.1,20190200,1229.1,20190200,1223.3,20181200
2018-11-23 13:00:00,1227.8,20190200,1227.8,20190200,1221.9,20181200
2018-11-23 13:15:00,1227.8,20190200,1227.8,20190200,1221.9,20181200
2018-11-23 13:30:00,1227.3,20190200,1227.3,20190200,1221.6,20181200
2018-11-23 13:45:00,1228.9,20190200,1228.9,20190200,1223.2,20181200
2018-11-23 14:00:00,1230.3,20190200,1230.3,20190200,1224.6,20181200
2018-11-23 14:15:00,1230.4,20190200,1230.4,20190200,1224.5,20181200
2018-11-23 14:30:00,1230.6,20190200,1230.6,20190200,1224.8,20181200
2018-11-23 14:45:00,1230.2,20190200,1230.2,20190200,1224.3,20181200
2018-11-23 15:00:00,1229.8,20190200,1229.8,20190200,1223.9,20181200
2018-11-23 15:15:00,1229.7,20190200,1229.7,20190200,1223.9,20181200
2018-11-23 15:30:00,1229.3,20190200,1229.3,20190200,1223.5,20181200
2018-11-23 15:45:00,1229.2,20190200,1229.2,20190200,1223.3,20181200
2018-11-23 16:00:00,1229.5,20190200,1229.5,20190200,1223.7,20181200
2018-11-23 16:15:00,1229.8,20190200,1229.8,20190200,1223.9,20181200
2018-11-23 16:30:00,1229.4,20190200,1229.4,20190200,1223.6,20181200
2018-11-23 16:45:00,1228.5,20190200,1228.5,20190200,1222.7,20181200
2018-11-23 17:00:00,1229.3,20190200,1229.3,20190200,1223.5,20181200
2018-11-23 17:15:00,1228.9,20190200,1228.9,20190200,1223.1,20181200
2018-11-23 17:30:00,1229.1,20190200,1229.1,20190200,1223.4,20181200
2018-11-23 17:45:00,1229.9,20190200,1229.9,20190200,1224.0,20181200
2018-11-23 18:00:00,1228.9,20190200,1228.9,20190200,1222.9,20181200
2018-11-23 18:15:00,1229.2,20190200,1229.2,20190200,1223.3,20181200
2018-11-23 18:30:00,1229.6,20190200,1229.6,20190200,1223.4,20181200
2018-11-23 23:00:00,1233.9,20190200,1233.9,20190200,1228.0,20181200
2018-11-25 23:00:00,1229.7,20190200,1229.7,20190200,1223.9,20181200
2018-11-25 23:15:00,1230.0,20190200,1230.0,20190200,1224.2,20181200
2018-11-25 23:30:00,1230.2,20190200,1230.2,20190200,1224.4,20181200
2018-11-25 23:45:00,1230.6,20190200,1230.6,20190200,1224.7,20181200
2018-11-26 00:00:00,1230.6,20190200,1230.6,20190200,1224.7,20181200
2018-11-26 00:15:00,1230.2,20190200,1230.2,20190200,1224.4,20181200
2018-11-26 00:30:00,1229.9,20190200,1229.9,20190200,1224.0,20181200
2018-11-26 00:45:00,1229.3,20190200,1229.3,20190200,1223.4,20181200
2018-11-26 01:00:00,1229.0,20190200,1229.0,20190200,1223.1,20181200
2018-11-26 01:15:00,1228.8,20190200,1228.8,20190200,1223.0,20181200
2018-11-26 01:30:00,1228.5,20190200,1228.5,20190200,1222.8,20181200
2018-11-26 01:45:00,1229.6,20190200,1229.6,20190200,1223.9,20181200
2018-11-26 02:00:00,1230.3,20190200,1230.3,20190200,1224.5,20181200
2018-11-26 02:15:00,1230.3,20190200,1230.3,20190200,1224.4,20181200
2018-11-26 02:30:00,1229.7,20190200,1229.7,20190200,1223.6,20181200
2018-11-26 02:45:00,1229.2,20190200,1229.2,20190200,1223.2,20181200
2018-11-26 03:00:00,1229.7,20190200,1229.7,20190200,1223.8,20181200
2018-11-26 03:15:00,1229.6,20190200,1229.6,20190200,1223.6,20181200
2018-11-26 03:30:00,1229.8,20190200,1229.8,20190200,1223.9,20181200
2018-11-26 03:45:00,1230.1,20190200,1230.1,20190200,1224.4,20181200
2018-11-26 04:00:00,1230.0,20190200,1230.0,20190200,1224.2,20181200
2018-11-26 04:15:00,1229.9,20190200,1229.9,20190200,1224.0,20181200
2018-11-26 04:30:00,1230.4,20190200,1230.4,20190200,1224.4,20181200
2018-11-26 04:45:00,1230.9,20190200,1230.9,20190200,1225.0,20181200
2018-11-26 05:15:00,1231.3,20190200,1231.3,20190200,1225.6,20181200
2018-11-26 05:30:00,1231.8,20190200,1231.8,20190200,1225.8,20181200
2018-11-26 05:45:00,1232.0,20190200,1232.0,20190200,1226.1,20181200
2018-11-26 06:15:00,1231.2,20190200,1231.2,20190200,1225.3,20181200
2018-11-26 06:30:00,1231.2,20190200,1231.2,20190200,1225.3,20181200
2018-11-26 06:45:00,1231.4,20190200,1231.4,20190200,1225.6,20181200
2018-11-26 07:00:00,1232.7,20190200,1232.7,20190200,1226.9,20181200
2018-11-26 07:15:00,1233.3,20190200,1233.3,20190200,1227.5,20181200
2018-11-26 07:30:00,1232.7,20190200,1232.7,20190200,1226.9,20181200
2018-11-26 07:45:00,1233.7,20190200,1233.7,20190200,1227.8,20181200
2018-11-26 08:00:00,1232.6,20190200,1232.6,20190200,1226.6,20181200
2018-11-26 08:15:00,1232.9,20190200,1232.9,20190200,1226.9,20181200
2018-11-26 08:30:00,1232.3,20190200,1232.3,20190200,1226.4,20181200
2018-11-26 08:45:00,1232.2,20190200,1232.2,20190200,1226.2,20181200
2018-11-26 09:00:00,1233.2,20190200,1233.2,20190200,1227.3,20181200
2018-11-26 09:15:00,1233.1,20190200,1233.1,20190200,1227.2,20181200
2018-11-26 09:30:00,1232.9,20190200,1232.9,20190200,1226.8,20181200
2018-11-26 09:45:00,1232.7,20190200,1232.7,20190200,1226.6,20181200
2018-11-26 10:00:00,1231.9,20190200,1231.9,20190200,1226.1,20181200
2018-11-26 10:15:00,1232.2,20190200,1232.2,20190200,1226.2,20181200
2018-11-26 10:30:00,1233.2,20190200,1233.2,20190200,1227.1,20181200
2018-11-26 10:45:00,1232.5,20190200,1232.5,20190200,1226.6,20181200
2018-11-26 11:00:00,1231.9,20190200,1231.9,20190200,1226.1,20181200
2018-11-26 11:15:00,1232.0,20190200,1232.0,20190200,1226.1,20181200
2018-11-26 11:30:00,1232.0,20190200,1232.0,20190200,1226.1,20181200
2018-11-26 11:45:00,1232.6,20190200,1232.6,20190200,1226.7,20181200
2018-11-26 12:00:00,1231.4,20190200,1231.4,20190200,1225.5,20181200
2018-11-26 12:15:00,1230.9,20190200,1230.9,20190200,1225.0,20181200
2018-11-26 12:30:00,1231.9,20190200,1231.9,20190200,1226.0,20181200
2018-11-26 12:45:00,1231.4,20190200,1231.4,20190200,1225.5,20181200
2018-11-26 13:00:00,1231.2,20190200,1231.2,20190200,1225.2,20181200
2018-11-26 13:15:00,1232.1,20190200,1232.1,20190200,1226.1,20181200
2018-11-26 13:30:00,1232.3,20190200,1232.3,20190200,1226.3,20181200
2018-11-26 13:45:00,1231.4,20190200,1231.4,20190200,1225.4,20181200
2018-11-26 14:00:00,1231.0,20190200,1231.0,20190200,1225.1,20181200
2018-11-26 14:15:00,1231.4,20190200,1231.4,20190200,1225.2,20181200
2018-11-26 14:30:00,1231.4,20190200,1231.4,20190200,1225.1,20181200
2018-11-26 14:45:00,1229.9,20190200,1229.9,20190200,1223.4,20181200
2018-11-26 15:00:00,1230.3,20190200,1230.3,20190200,1223.9,20181200
2018-11-26 15:15:00,1230.0,20190200,1230.0,20190200,1223.6,20181200
2018-11-26 15:30:00,1230.0,20190200,1230.0,20190200,1223.6,20181200
2018-11-26 15:45:00,1229.3,20190200,1229.3,20190200,1223.0,20181200
2018-11-26 16:00:00,1229.6,20190200,1229.6,20190200,1223.3,20181200
2018-11-26 16:15:00,1229.5,20190200,1229.5,20190200,1223.3,20181200
2018-11-26 16:30:00,1229.0,20190200,1229.0,20190200,1222.8,20181200
2018-11-26 16:45:00,1228.5,20190200,1228.5,20190200,1222.2,20181200
2018-11-26 17:00:00,1228.8,20190200,1228.8,20190200,1222.6,20181200
2018-11-26 17:15:00,1229.2,20190200,1229.2,20190200,1222.9,20181200
2018-11-26 17:30:00,1228.4,20190200,1228.4,20190200,1222.2,20181200
2018-11-26 17:45:00,1228.8,20190200,1228.8,20190200,1222.5,20181200
2018-11-26 18:00:00,1228.3,20190200,1228.3,20190200,1222.0,20181200
2018-11-26 18:15:00,1228.8,20190200,1228.8,20190200,1222.5,20181200
2018-11-26 18:30:00,1229.3,20190200,1229.3,20190200,1223.0,20181200
2018-11-26 18:45:00,1229.2,20190200,1229.2,20190200,1223.0,20181200
2018-11-26 19:00:00,1229.3,20190200,1229.3,20190200,1223.0,20181200
2018-11-26 19:15:00,1228.5,20190200,1228.5,20190200,1222.3,20181200
2018-11-26 19:30:00,1228.4,20190200,1228.4,20190200,1222.1,20181200
2018-11-26 19:45:00,1228.3,20190200,1228.3,20190200,1222.0,20181200
2018-11-26 20:00:00,1228.2,20190200,1228.2,20190200,1221.8,20181200
2018-11-26 20:15:00,1228.5,20190200,1228.5,20190200,1222.2,20181200
2018-11-26 20:30:00,1229.0,20190200,1229.0,20190200,1222.8,20181200
2018-11-26 20:45:00,1228.8,20190200,1228.8,20190200,1222.5,20181200
2018-11-26 21:00:00,1228.9,20190200,1228.9,20190200,1222.6,20181200
2018-11-26 21:15:00,1228.7,20190200,1228.7,20190200,1222.4,20181200
2018-11-26 21:30:00,1228.5,20190200,1228.5,20190200,1222.2,20181200
2018-11-26 21:45:00,1228.8,20190200,1228.8,20190200,1222.3,20181200
2018-11-26 23:00:00,1231.3,20190200,1231.3,20190200,1225.4,20181200
2018-11-26 23:15:00,1228.9,20190200,1228.9,20190200,1222.6,20181200
2018-11-26 23:30:00,1228.8,20190200,1228.8,20190200,1222.6,20181200
2018-11-26 23:45:00,1228.8,20190200,1228.8,20190200,1222.6,20181200
2018-11-27 00:00:00,1228.6,20190200,1228.6,20190200,1222.3,20181200
2018-11-27 00:15:00,1228.6,20190200,1228.6,20190200,1222.4,20181200
2018-11-27 00:30:00,1228.6,20190400,1228.6,20190400,1228.9,20190200
2018-11-27 00:45:00,1228.6,20190400,1228.6,20190400,1229.3,20190200
2018-11-27 01:00:00,1228.6,20190400,1228.6,20190400,1228.8,20190200
2018-11-27 01:15:00,1233.2,20190400,1233.2,20190400,1227.5,20190200
2018-11-27 01:30:00,1233.2,20190400,1233.2,20190400,1228.0,20190200
2018-11-27 01:45:00,1233.7,20190400,1233.7,20190400,1228.0,20190200
2018-11-27 02:00:00,1233.7,20190400,1233.7,20190400,1228.6,20190200
2018-11-27 02:15:00,1233.7,20190400,1233.7,20190400,1228.6,20190200
2018-11-27 02:30:00,1234.2,20190400,1234.2,20190400,1228.1,20190200
2018-11-27 02:45:00,1234.2,20190400,1234.2,20190400,1228.1,20190200
2018-11-27 03:00:00,1234.2,20190400,1234.2,20190400,1228.1,20190200
2018-11-27 03:15:00,1234.2,20190400,1234.2,20190400,1228.4,20190200
2018-11-27 03:30:00,1234.2,20190400,1234.2,20190400,1228.4,20190200
2018-11-27 03:45:00,1234.2,20190400,1234.2,20190400,1227.8,20190200
2018-11-27 04:00:00,1234.2,20190400,1234.2,20190400,1227.8,20190200
2018-11-27 04:15:00,1234.2,20190400,1234.2,20190400,1228.2,20190200
2018-11-27 04:30:00,1234.2,20190400,1234.2,20190400,1228.3,20190200
2018-11-27 04:45:00,1234.2,20190400,1234.2,20190400,1228.3,20190200
2018-11-27 05:15:00,1234.2,20190400,1234.2,20190400,1228.8,20190200
2018-11-27 05:30:00,1234.2,20190400,1234.2,20190400,1228.3,20190200
2018-11-27 05:45:00,1233.8,20190400,1233.8,20190400,1228.4,20190200
2018-11-27 06:15:00,1233.7,20190400,1233.7,20190400,1227.5,20190200
2018-11-27 06:30:00,1233.5,20190400,1233.5,20190400,1226.6,20190200
2018-11-27 06:45:00,1233.5,20190400,1233.5,20190400,1227.0,20190200
2018-11-27 07:00:00,1233.5,20190400,1233.5,20190400,1227.2,20190200
2018-11-27 07:15:00,1232.6,20190400,1232.6,20190400,1226.6,20190200
2018-11-27 07:30:00,1235.0,20190400,1235.0,20190400,1226.8,20190200
2018-11-27 07:45:00,1235.0,20190400,1235.0,20190400,1226.5,20190200
2018-11-27 08:00:00,1232.7,20190400,1232.7,20190400,1226.8,20190200
2018-11-27 08:15:00,1232.5,20190400,1232.5,20190400,1226.3,20190200
2018-11-27 08:30:00,1232.3,20190400,1232.3,20190400,1227.1,20190200
2018-11-27 08:45:00,1233.6,20190400,1233.6,20190400,1227.6,20190200
2018-11-27 09:00:00,1233.8,20190400,1233.8,20190400,1227.8,20190200
2018-11-27 09:15:00,1233.5,20190400,1233.5,20190400,1228.4,20190200
2018-11-27 09:30:00,1233.8,20190400,1233.8,20190400,1228.9,20190200
2018-11-27 09:45:00,1235.5,20190400,1235.5,20190400,1228.3,20190200
2018-11-27 10:00:00,1235.5,20190400,1235.5,20190400,1229.3,20190200
2018-11-27 10:15:00,1236.5,20190400,1236.5,20190400,1231.2,20190200
2018-11-27 10:30:00,1236.5,20190400,1236.5,20190400,1230.9,20190200
2018-11-27 10:45:00,1236.5,20190400,1236.5,20190400,1230.6,20190200
2018-11-27 11:00:00,1236.5,20190400,1236.5,20190400,1230.2,20190200
2018-11-27 11:15:00,1236.0,20190400,1236.0,20190400,1230.3,20190200
2018-11-27 11:30:00,1236.0,20190400,1236.0,20190400,1230.3,20190200
2018-11-27 11:45:00,1236.1,20190400,1236.1,20190400,1229.9,20190200
2018-11-27 12:00:00,1235.5,20190400,1235.5,20190400,1230.3,20190200
2018-11-27 12:15:00,1235.8,20190400,1235.8,20190400,1229.6,20190200
2018-11-27 12:30:00,1235.8,20190400,1235.8,20190400,1230.2,20190200
2018-11-27 12:45:00,1236.6,20190400,1236.6,20190400,1230.4,20190200
2018-11-27 13:00:00,1235.7,20190400,1235.7,20190400,1230.1,20190200
2018-11-27 13:15:00,1236.4,20190400,1236.4,20190400,1230.3,20190200
2018-11-27 13:30:00,1235.1,20190400,1235.1,20190400,1229.3,20190200
2018-11-27 13:45:00,1234.0,20190400,1234.0,20190400,1228.4,20190200
2018-11-27 14:00:00,1234.7,20190400,1234.7,20190400,1227.7,20190200
2018-11-27 14:15:00,1233.9,20190400,1233.9,20190400,1228.0,20190200
2018-11-27 14:30:00,1233.1,20190400,1233.1,20190400,1228.1,20190200
2018-11-27 14:45:00,1232.8,20190400,1232.8,20190400,1226.9,20190200
2018-11-27 15:00:00,1229.0,20190400,1229.0,20190400,1222.9,20190200
2018-11-27 15:15:00,1230.5,20190400,1230.5,20190400,1223.9,20190200
2018-11-27 15:30:00,1228.0,20190400,1228.0,20190400,1221.8,20190200
2018-11-27 15:45:00,1226.8,20190400,1226.8,20190400,1220.9,20190200
2018-11-27 16:00:00,1225.4,20190400,1225.4,20190400,1219.1,20190200
2018-11-27 16:15:00,1225.4,20190400,1225.4,20190400,1219.5,20190200
2018-11-27 16:30:00,1225.2,20190400,1225.2,20190400,1219.3,20190200
2018-11-27 16:45:00,1225.2,20190400,1225.2,20190400,1218.4,20190200
2018-11-27 17:00:00,1224.4,20190400,1224.4,20190400,1218.1,20190200
2018-11-27 17:15:00,1224.4,20190400,1224.4,20190400,1219.1,20190200
2018-11-27 17:30:00,1224.2,20190400,1224.2,20190400,1219.1,20190200
2018-11-27 17:45:00,1225.1,20190400,1225.1,20190400,1219.1,20190200
2018-11-27 18:00:00,1225.3,20190400,1225.3,20190400,1220.5,20190200
2018-11-27 18:15:00,1225.5,20190400,1225.5,20190400,1219.8,20190200
2018-11-27 18:30:00,1225.5,20190400,1225.5,20190400,1220.7,20190200
2018-11-27 18:45:00,1225.5,20190400,1225.5,20190400,1219.9,20190200
2018-11-27 19:00:00,1225.5,20190400,1225.5,20190400,1219.3,20190200
2018-11-27 19:15:00,1224.9,20190400,1224.9,20190400,1219.3,20190200
2018-11-27 19:30:00,1224.9,20190400,1224.9,20190400,1219.4,20190200
2018-11-27 19:45:00,1224.9,20190400,1224.9,20190400,1219.4,20190200
2018-11-27 20:00:00,1224.9,20190400,1224.9,20190400,1219.2,20190200
2018-11-27 20:15:00,1224.9,20190400,1224.9,20190400,1219.2,20190200
2018-11-27 20:30:00,1224.9,20190400,1224.9,20190400,1220.1,20190200
2018-11-27 20:45:00,1224.9,20190400,1224.9,20190400,1220.8,20190200
2018-11-27 21:00:00,1224.9,20190400,1224.9,20190400,1220.6,20190200
2018-11-27 21:15:00,1226.6,20190400,1226.6,20190400,1220.7,20190200
2018-11-27 21:30:00,1226.6,20190400,1226.6,20190400,1220.8,20190200
2018-11-27 21:45:00,1226.6,20190400,1226.6,20190400,1220.8,20190200
2018-11-27 23:00:00,1226.3,20190400,1226.3,20190400,1228.3,20190200
2018-11-27 23:15:00,1226.3,20190400,1226.3,20190400,1220.5,20190200
2018-11-27 23:30:00,1226.3,20190400,1226.3,20190400,1220.5,20190200
2018-11-27 23:45:00,1226.6,20190400,1226.6,20190400,1220.4,20190200
2018-11-28 00:00:00,1226.3,20190400,1226.3,20190400,1220.5,20190200
2018-11-28 00:15:00,1225.9,20190400,1225.9,20190400,1220.0,20190200
2018-11-28 00:30:00,1225.9,20190400,1225.9,20190400,1220.1,20190200
2018-11-28 00:45:00,1225.9,20190400,1225.9,20190400,1220.6,20190200
2018-11-28 01:00:00,1225.5,20190400,1225.5,20190400,1220.2,20190200
2018-11-28 01:15:00,1225.5,20190400,1225.5,20190400,1220.5,20190200
2018-11-28 01:30:00,1225.5,20190400,1225.5,20190400,1220.3,20190200
2018-11-28 01:45:00,1226.5,20190400,1226.5,20190400,1220.7,20190200
2018-11-28 02:00:00,1226.6,20190400,1226.6,20190400,1220.9,20190200
2018-11-28 02:15:00,1226.5,20190400,1226.5,20190400,1220.8,20190200
2018-11-28 02:30:00,1226.3,20190400,1226.3,20190400,1220.7,20190200
2018-11-28 02:45:00,1226.3,20190400,1226.3,20190400,1221.1,20190200
2018-11-28 03:00:00,1226.8,20190400,1226.8,20190400,1221.1,20190200
2018-11-28 03:15:00,1226.8,20190400,1226.8,20190400,1221.0,20190200
2018-11-28 03:30:00,1226.8,20190400,1226.8,20190400,1220.4,20190200
2018-11-28 03:45:00,1226.8,20190400,1226.8,20190400,1220.4,20190200
2018-11-28 04:00:00,1226.1,20190400,1226.1,20190400,1220.5,20190200
2018-11-28 04:15:00,1226.1,20190400,1226.1,20190400,1220.1,20190200
2018-11-28 04:30:00,1226.1,20190400,1226.1,20190400,1220.2,20190200
2018-11-28 04:45:00,1226.3,20190400,1226.3,20190400,1220.4,20190200
2018-11-28 05:15:00,1226.1,20190400,1226.1,20190400,1220.3,20190200
2018-11-28 05:30:00,1226.0,20190400,1226.0,20190400,1219.8,20190200
2018-11-28 05:45:00,1224.3,20190400,1224.3,20190400,1218.6,20190200
2018-11-28 06:15:00,1226.4,20190400,1226.4,20190400,1220.6,20190200
2018-11-28 06:30:00,1226.1,20190400,1226.1,20190400,1220.3,20190200
2018-11-28 06:45:00,1225.8,20190400,1225.8,20190400,1220.1,20190200
2018-11-28 07:00:00,1225.6,20190400,1225.6,20190400,1219.9,20190200
2018-11-28 07:15:00,1225.2,20190400,1225.2,20190400,1218.9,20190200
2018-11-28 07:30:00,1225.3,20190400,1225.3,20190400,1219.4,20190200
2018-11-28 07:45:00,1224.6,20190400,1224.6,20190400,1218.9,20190200
2018-11-28 08:00:00,1224.9,20190400,1224.9,20190400,1218.7,20190200
2018-11-28 08:15:00,1224.7,20190400,1224.7,20190400,1219.4,20190200
2018-11-28 08:30:00,1224.7,20190400,1224.7,20190400,1219.2,20190200
2018-11-28 08:45:00,1224.4,20190400,1224.4,20190400,1219.4,20190200
2018-11-28 09:00:00,1225.5,20190400,1225.5,20190400,1219.8,20190200
2018-11-28 09:15:00,1225.0,20190400,1225.0,20190400,1219.2,20190200
2018-11-28 09:30:00,1225.0,20190400,1225.0,20190400,1219.0,20190200
2018-11-28 09:45:00,1225.0,20190400,1225.0,20190400,1218.8,20190200
2018-11-28 10:00:00,1225.0,20190400,1225.0,20190400,1219.2,20190200
2018-11-28 10:15:00,1224.8,20190400,1224.8,20190400,1218.9,20190200
2018-11-28 10:30:00,1224.9,20190400,1224.9,20190400,1219.2,20190200
2018-11-28 10:45:00,1224.9,20190400,1224.9,20190400,1219.4,20190200
2018-11-28 11:00:00,1225.3,20190400,1225.3,20190400,1219.7,20190200
2018-11-28 11:15:00,1225.3,20190400,1225.3,20190400,1220.2,20190200
2018-11-28 11:30:00,1226.3,20190400,1226.3,20190400,1220.4,20190200
2018-11-28 11:45:00,1226.5,20190400,1226.5,20190400,1220.7,20190200
2018-11-28 12:00:00,1225.7,20190400,1225.7,20190400,1219.8,20190200
2018-11-28 12:15:00,1225.7,20190400,1225.7,20190400,1219.6,20190200
2018-11-28 12:30:00,1224.8,20190400,1224.8,20190400,1219.3,20190200
2018-11-28 12:45:00,1225.7,20190400,1225.7,20190400,1219.8,20190200
2018-11-28 13:00:00,1224.7,20190400,1224.7,20190400,1218.9,20190200
2018-11-28 13:15:00,1225.2,20190400,1225.2,20190400,1219.4,20190200
2018-11-28 13:30:00,1225.6,20190400,1225.6,20190400,1219.8,20190200
2018-11-28 13:45:00,1225.8,20190400,1225.8,20190400,1220.1,20190200
2018-11-28 14:00:00,1223.3,20190400,1223.3,20190400,1217.7,20190200
2018-11-28 14:15:00,1224.7,20190400,1224.7,20190400,1219.0,20190200
2018-11-28 14:30:00,1224.2,20190400,1224.2,20190400,1218.7,20190200
2018-11-28 14:45:00,1223.6,20190400,1223.6,20190400,1218.1,20190200
2018-11-28 15:00:00,1224.1,20190400,1224.1,20190400,1218.4,20190200
2018-11-28 15:15:00,1224.5,20190400,1224.5,20190400,1218.7,20190200
2018-11-28 15:30:00,1224.1,20190400,1224.1,20190400,1218.6,20190200
2018-11-28 15:45:00,1224.4,20190400,1224.4,20190400,1218.6,20190200
2018-11-28 16:00:00,1224.8,20190400,1224.8,20190400,1219.2,20190200
2018-11-28 16:15:00,1224.9,20190400,1224.9,20190400,1219.6,20190200
2018-11-28 16:30:00,1225.5,20190400,1225.5,20190400,1219.7,20190200
2018-11-28 16:45:00,1225.4,20190400,1225.4,20190400,1219.5,20190200
2018-11-28 17:00:00,1236.3,20190400,1236.3,20190400,1230.3,20190200
2018-11-28 17:15:00,1232.5,20190400,1232.5,20190400,1226.5,20190200
2018-11-28 17:30:00,1231.5,20190400,1231.5,20190400,1225.8,20190200
2018-11-28 17:45:00,1233.3,20190400,1233.3,20190400,1227.4,20190200
2018-11-28 18:00:00,1234.6,20190400,1234.6,20190400,1228.7,20190200
2018-11-28 18:15:00,1235.6,20190400,1235.6,20190400,1229.6,20190200
2018-11-28 18:30:00,1234.7,20190400,1234.7,20190400,1228.2,20190200
2018-11-28 18:45:00,1233.7,20190400,1233.7,20190400,1227.5,20190200
2018-11-28 19:00:00,1233.9,20190400,1233.9,20190400,1228.3,20190200
2018-11-28 19:15:00,1233.9,20190400,1233.9,20190400,1228.3,20190200
2018-11-28 19:30:00,1233.9,20190400,1233.9,20190400,1228.7,20190200
2018-11-28 19:45:00,1234.6,20190400,1234.6,20190400,1228.6,20190200
2018-11-28 20:00:00,1233.6,20190400,1233.6,20190400,1227.7,20190200
2018-11-28 20:15:00,1233.6,20190400,1233.6,20190400,1227.6,20190200
2018-11-28 20:30:00,1232.7,20190400,1232.7,20190400,1226.9,20190200
2018-11-28 20:45:00,1232.3,20190400,1232.3,20190400,1226.4,20190200
2018-11-28 21:00:00,1232.7,20190400,1232.7,20190400,1227.1,20190200
2018-11-28 21:15:00,1233.5,20190400,1233.5,20190400,1227.6,20190200
2018-11-28 21:30:00,1233.2,20190400,1233.2,20190400,1226.9,20190200
2018-11-28 21:45:00,1233.2,20190400,1233.2,20190400,1227.4,20190200
2018-11-28 23:00:00,1225.8,20190400,1225.8,20190400,1220.0,20190200
2018-11-28 23:15:00,1225.8,20190400,1225.8,20190400,1226.9,20190200
2018-11-28 23:30:00,1233.1,20190400,1233.1,20190400,1227.2,20190200
2018-11-28 23:45:00,1233.1,20190400,1233.1,20190400,1227.0,20190200
2018-11-29 00:00:00,1233.1,20190400,1233.1,20190400,1227.0,20190200
2018-11-29 00:15:00,1233.1,20190400,1233.1,20190400,1226.8,20190200
2018-11-29 00:30:00,1233.5,20190400,1233.5,20190400,1227.7,20190200
2018-11-29 00:45:00,1233.5,20190400,1233.5,20190400,1228.0,20190200
2018-11-29 01:00:00,1234.0,20190400,1234.0,20190400,1228.0,20190200
2018-11-29 01:15:00,1234.0,20190400,1234.0,20190400,1227.6,20190200
2018-11-29 01:30:00,1233.6,20190400,1233.6,20190400,1227.6,20190200
2018-11-29 01:45:00,1233.9,20190400,1233.9,20190400,1227.8,20190200
2018-11-29 02:00:00,1233.9,20190400,1233.9,20190400,1228.5,20190200
2018-11-29 02:15:00,1234.3,20190400,1234.3,20190400,1228.5,20190200
2018-11-29 02:30:00,1234.3,20190400,1234.3,20190400,1229.1,20190200
2018-11-29 02:45:00,1234.3,20190400,1234.3,20190400,1229.5,20190200
2018-11-29 03:00:00,1235.8,20190400,1235.8,20190400,1229.7,20190200
2018-11-29 03:15:00,1235.6,20190400,1235.6,20190400,1229.8,20190200
2018-11-29 03:30:00,1235.6,20190400,1235.6,20190400,1229.6,20190200
2018-11-29 03:45:00,1235.2,20190400,1235.2,20190400,1229.5,20190200
2018-11-29 04:00:00,1235.9,20190400,1235.9,20190400,1229.9,20190200
2018-11-29 04:15:00,1236.2,20190400,1236.2,20190400,1230.8,20190200
2018-11-29 04:30:00,1236.9,20190400,1236.9,20190400,1231.0,20190200
2018-11-29 04:45:00,1236.9,20190400,1236.9,20190400,1231.1,20190200
2018-11-29 05:15:00,1236.6,20190400,1236.6,20190400,1230.6,20190200
2018-11-29 05:30:00,1237.0,20190400,1237.0,20190400,1231.0,20190200
2018-11-29 05:45:00,1237.1,20190400,1237.1,20190400,1231.7,20190200
2018-11-29 06:15:00,1236.8,20190400,1236.8,20190400,1231.2,20190200
2018-11-29 06:30:00,1236.8,20190400,1236.8,20190400,1231.3,20190200
2018-11-29 06:45:00,1237.6,20190400,1237.6,20190400,1231.4,20190200
2018-11-29 07:00:00,1237.4,20190400,1237.4,20190400,1231.5,20190200
2018-11-29 07:15:00,1237.2,20190400,1237.2,20190400,1231.4,20190200
2018-11-29 07:30:00,1238.8,20190400,1238.8,20190400,1232.5,20190200
2018-11-29 07:45:00,1238.5,20190400,1238.5,20190400,1232.1,20190200
2018-11-29 08:00:00,1238.1,20190400,1238.1,20190400,1232.3,20190200
2018-11-29 08:15:00,1237.8,20190400,1237.8,20190400,1232.2,20190200
2018-11-29 08:30:00,1236.9,20190400,1236.9,20190400,1230.9,20190200
2018-11-29 08:45:00,1237.5,20190400,1237.5,20190400,1231.4,20190200
2018-11-29 09:00:00,1237.3,20190400,1237.3,20190400,1231.6,20190200
2018-11-29 09:15:00,1237.3,20190400,1237.3,20190400,1231.9,20190200
2018-11-29 09:30:00,1237.0,20190400,1237.0,20190400,1231.7,20190200
2018-11-29 09:45:00,1237.0,20190400,1237.0,20190400,1231.7,20190200
2018-11-29 10:00:00,1237.0,20190400,1237.0,20190400,1232.0,20190200
2018-11-29 10:15:00,1238.4,20190400,1238.4,20190400,1231.9,20190200
2018-11-29 10:30:00,1237.5,20190400,1237.5,20190400,1231.8,20190200
2018-11-29 10:45:00,1237.1,20190400,1237.1,20190400,1230.9,20190200
2018-11-29 11:00:00,1236.6,20190400,1236.6,20190400,1230.8,20190200
2018-11-29 11:15:00,1236.8,20190400,1236.8,20190400,1230.4,20190200
2018-11-29 11:30:00,1237.0,20190400,1237.0,20190400,1231.1,20190200
2018-11-29 11:45:00,1237.0,20190400,1237.0,20190400,1230.7,20190200
2018-11-29 12:00:00,1236.5,20190400,1236.5,20190400,1231.5,20190200
2018-11-29 12:15:00,1238.5,20190400,1238.5,20190400,1233.1,20190200
2018-11-29 12:30:00,1238.6,20190400,1238.6,20190400,1232.8,20190200
2018-11-29 12:45:00,1237.9,20190400,1237.9,20190400,1232.3,20190200
2018-11-29 13:00:00,1237.9,20190400,1237.9,20190400,1231.5,20190200
2018-11-29 13:15:00,1237.9,20190400,1237.9,20190400,1231.8,20190200
2018-11-29 13:30:00,1237.9,20190400,1237.9,20190400,1232.3,20190200
2018-11-29 13:45:00,1236.9,20190400,1236.9,20190400,1230.9,20190200
2018-11-29 14:00:00,1237.2,20190400,1237.2,20190400,1231.4,20190200
2018-11-29 14:15:00,1237.7,20190400,1237.7,20190400,1231.9,20190200
2018-11-29 14:30:00,1238.4,20190400,1238.4,20190400,1232.5,20190200
2018-11-29 14:45:00,1238.5,20190400,1238.5,20190400,1232.7,20190200
2018-11-29 15:00:00,1237.2,20190400,1237.2,20190400,1231.3,20190200
2018-11-29 15:15:00,1238.8,20190400,1238.8,20190400,1233.0,20190200
2018-11-29 15:30:00,1238.8,20190400,1238.8,20190400,1233.1,20190200
2018-11-29 15:45:00,1239.1,20190400,1239.1,20190400,1233.4,20190200
2018-11-29 16:00:00,1238.8,20190400,1238.8,20190400,1233.0,20190200
2018-11-29 16:15:00,1236.5,20190400,1236.5,20190400,1230.6,20190200
2018-11-29 16:30:00,1237.9,20190400,1237.9,20190400,1232.2,20190200
2018-11-29 16:45:00,1237.9,20190400,1237.9,20190400,1232.5,20190200
2018-11-29 17:00:00,1237.5,20190400,1237.5,20190400,1231.5,20190200
2018-11-29 17:15:00,1237.6,20190400,1237.6,20190400,1231.4,20190200
2018-11-29 17:30:00,1236.2,20190400,1236.2,20190400,1230.3,20190200
2018-11-29 17:45:00,1236.8,20190400,1236.8,20190400,1231.4,20190200
2018-11-29 18:00:00,1234.1,20190400,1234.1,20190400,1229.2,20190200
2018-11-29 18:15:00,1236.2,20190400,1236.2,20190400,1230.1,20190200
2018-11-29 18:30:00,1235.5,20190400,1235.5,20190400,1229.7,20190200
2018-11-29 18:45:00,1234.8,20190400,1234.8,20190400,1229.1,20190200
2018-11-29 19:00:00,1235.0,20190400,1235.0,20190400,1229.2,20190200
2018-11-29 19:15:00,1234.2,20190400,1234.2,20190400,1228.5,20190200
2018-11-29 19:30:00,1234.9,20190400,1234.9,20190400,1229.8,20190200
2018-11-29 19:45:00,1235.1,20190400,1235.1,20190400,1229.7,20190200
2018-11-29 20:00:00,1235.1,20190400,1235.1,20190400,1229.4,20190200
2018-11-29 20:15:00,1235.1,20190400,1235.1,20190400,1229.7,20190200
2018-11-29 20:30:00,1235.8,20190400,1235.8,20190400,1230.3,20190200
2018-11-29 20:45:00,1235.7,20190400,1235.7,20190400,1229.6,20190200
2018-11-29 21:00:00,1234.9,20190400,1234.9,20190400,1228.9,20190200
2018-11-29 21:15:00,1234.8,20190400,1234.8,20190400,1229.3,20190200
2018-11-29 21:30:00,1234.8,20190400,1234.8,20190400,1229.5,20190200
2018-11-29 21:45:00,1234.8,20190400,1234.8,20190400,1229.8,20190200
2018-11-29 23:00:00,1237.7,20190400,1237.7,20190400,1231.6,20190200
2018-11-29 23:15:00,1237.7,20190400,1237.7,20190400,1229.6,20190200
2018-11-29 23:30:00,1237.7,20190400,1237.7,20190400,1229.1,20190200
2018-11-29 23:45:00,1235.5,20190400,1235.5,20190400,1229.9,20190200
2018-11-30 00:00:00,1235.5,20190400,1235.5,20190400,1229.9,20190200
2018-11-30 00:15:00,1235.5,20190400,1235.5,20190400,1230.1,20190200
2018-11-30 00:30:00,1235.5,20190400,1235.5,20190400,1229.8,20190200
2018-11-30 00:45:00,1235.9,20190400,1235.9,20190400,1229.9,20190200
2018-11-30 01:00:00,1235.9,20190400,1235.9,20190400,1229.5,20190200
2018-11-30 01:15:00,1235.9,20190400,1235.9,20190400,1229.4,20190200
2018-11-30 01:30:00,1235.3,20190400,1235.3,20190400,1229.4,20190200
2018-11-30 01:45:00,1235.1,20190400,1235.1,20190400,1229.9,20190200
2018-11-30 02:00:00,1235.1,20190400,1235.1,20190400,1229.9,20190200
2018-11-30 02:15:00,1235.1,20190400,1235.1,20190400,1230.2,20190200
2018-11-30 02:30:00,1235.1,20190400,1235.1,20190400,1230.4,20190200
2018-11-30 02:45:00,1235.1,20190400,1235.1,20190400,1230.6,20190200
2018-11-30 03:00:00,1236.7,20190400,1236.7,20190400,1230.2,20190200
2018-11-30 03:15:00,1236.7,20190400,1236.7,20190400,1230.6,20190200
2018-11-30 03:30:00,1236.7,20190400,1236.7,20190400,1230.6,20190200
2018-11-30 03:45:00,1236.7,20190400,1236.7,20190400,1230.4,20190200
2018-11-30 04:00:00,1236.7,20190400,1236.7,20190400,1230.3,20190200
2018-11-30 04:15:00,1235.8,20190400,1235.8,20190400,1229.9,20190200
2018-11-30 04:30:00,1235.8,20190400,1235.8,20190400,1229.8,20190200
2018-11-30 04:45:00,1235.8,20190400,1235.8,20190400,1230.5,20190200
2018-11-30 05:15:00,1235.8,20190400,1235.8,20190400,1230.3,20190200
2018-11-30 05:30:00,1235.8,20190400,1235.8,20190400,1230.3,20190200
2018-11-30 05:45:00,1235.8,20190400,1235.8,20190400,1229.9,20190200
2018-11-30 06:15:00,1235.8,20190400,1235.8,20190400,1229.9,20190200
2018-11-30 06:30:00,1235.8,20190400,1235.8,20190400,1229.9,20190200
2018-11-30 06:45:00,1236.1,20190400,1236.1,20190400,1229.7,20190200
2018-11-30 07:00:00,1235.6,20190400,1235.6,20190400,1229.3,20190200
2018-11-30 07:15:00,1235.2,20190400,1235.2,20190400,1229.6,20190200
2018-11-30 07:30:00,1235.8,20190400,1235.8,20190400,1230.0,20190200
2018-11-30 07:45:00,1235.8,20190400,1235.8,20190400,1229.7,20190200
2018-11-30 08:00:00,1234.4,20190400,1234.4,20190400,1228.8,20190200
2018-11-30 08:15:00,1234.9,20190400,1234.9,20190400,1229.3,20190200
2018-11-30 08:30:00,1235.4,20190400,1235.4,20190400,1229.4,20190200
2018-11-30 08:45:00,1234.6,20190400,1234.6,20190400,1229.8,20190200
2018-11-30 09:00:00,1235.3,20190400,1235.3,20190400,1229.3,20190200
2018-11-30 09:15:00,1234.9,20190400,1234.9,20190400,1228.9,20190200
2018-11-30 09:30:00,1234.9,20190400,1234.9,20190400,1228.7,20190200
2018-11-30 09:45:00,1234.9,20190400,1234.9,20190400,1228.2,20190200
2018-11-30 10:00:00,1232.2,20190400,1232.2,20190400,1226.9,20190200
2018-11-30 10:15:00,1233.0,20190400,1233.0,20190400,1226.8,20190200
2018-11-30 10:30:00,1233.4,20190400,1233.4,20190400,1227.2,20190200
2018-11-30 10:45:00,1233.0,20190400,1233.0,20190400,1227.4,20190200
2018-11-30 11:00:00,1233.3,20190400,1233.3,20190400,1227.9,20190200
2018-11-30 11:15:00,1233.6,20190400,1233.6,20190400,1227.6,20190200
2018-11-30 11:30:00,1233.7,20190400,1233.7,20190400,1228.1,20190200
2018-11-30 11:45:00,1234.0,20190400,1234.0,20190400,1227.7,20190200
2018-11-30 12:00:00,1232.9,20190400,1232.9,20190400,1227.2,20190200
2018-11-30 12:15:00,1233.7,20190400,1233.7,20190400,1227.9,20190200
2018-11-30 12:30:00,1233.9,20190400,1233.9,20190400,1228.1,20190200
2018-11-30 12:45:00,1233.1,20190400,1233.1,20190400,1227.2,20190200
2018-11-30 13:00:00,1232.0,20190400,1232.0,20190400,1225.8,20190200
2018-11-30 13:15:00,1232.9,20190400,1232.9,20190400,1226.6,20190200
2018-11-30 13:30:00,1232.9,20190400,1232.9,20190400,1226.5,20190200
2018-11-30 13:45:00,1231.3,20190400,1231.3,20190400,1225.5,20190200
2018-11-30 14:00:00,1231.1,20190400,1231.1,20190400,1226.4,20190200
2018-11-30 14:15:00,1231.4,20190400,1231.4,20190400,1225.7,20190200
2018-11-30 14:30:00,1228.8,20190400,1228.8,20190400,1222.9,20190200
2018-11-30 14:45:00,1228.7,20190400,1228.7,20190400,1222.3,20190200
2018-11-30 15:00:00,1228.6,20190400,1228.6,20190400,1222.9,20190200
2018-11-30 15:15:00,1229.0,20190400,1229.0,20190400,1223.1,20190200
2018-11-30 15:30:00,1229.3,20190400,1229.3,20190400,1223.6,20190200
2018-11-30 15:45:00,1230.1,20190400,1230.1,20190400,1224.1,20190200
2018-11-30 16:00:00,1230.1,20190400,1230.1,20190400,1224.3,20190200
2018-11-30 16:15:00,1230.6,20190400,1230.6,20190400,1224.9,20190200
2018-11-30 16:30:00,1231.5,20190400,1231.5,20190400,1225.7,20190200
2018-11-30 16:45:00,1232.2,20190400,1232.2,20190400,1226.8,20190200
2018-11-30 17:00:00,1233.0,20190400,1233.0,20190400,1227.3,20190200
2018-11-30 17:15:00,1232.6,20190400,1232.6,20190400,1227.2,20190200
2018-11-30 17:30:00,1233.1,20190400,1233.1,20190400,1226.6,20190200
2018-11-30 17:45:00,1231.5,20190400,1231.5,20190400,1226.0,20190200
2018-11-30 18:00:00,1231.6,20190400,1231.6,20190400,1225.6,20190200
2018-11-30 18:15:00,1231.9,20190400,1231.9,20190400,1226.0,20190200
2018-11-30 18:30:00,1232.0,20190400,1232.0,20190400,1226.0,20190200
2018-11-30 18:45:00,1232.0,20190400,1232.0,20190400,1226.1,20190200
2018-11-30 19:00:00,1231.9,20190400,1231.9,20190400,1226.1,20190200
2018-11-30 19:15:00,1232.1,20190400,1232.1,20190400,1226.1,20190200
2018-11-30 19:30:00,1232.0,20190400,1232.0,20190400,1226.4,20190200
2018-11-30 19:45:00,1232.0,20190400,1232.0,20190400,1226.3,20190200
2018-11-30 20:00:00,1232.6,20190400,1232.6,20190400,1227.0,20190200
2018-11-30 20:15:00,1232.6,20190400,1232.6,20190400,1227.0,20190200
2018-11-30 20:30:00,1233.1,20190400,1233.1,20190400,1227.5,20190200
2018-11-30 20:45:00,1233.0,20190400,1233.0,20190400,1227.1,20190200
2018-11-30 21:00:00,1232.9,20190400,1232.9,20190400,1227.4,20190200
2018-11-30 21:15:00,1233.0,20190400,1233.0,20190400,1227.2,20190200
2018-11-30 21:30:00,1233.0,20190400,1233.0,20190400,1227.1,20190200
2018-11-30 21:45:00,1233.9,20190400,1233.9,20190400,1227.8,20190200
2018-11-30 23:00:00,1235.5,20190400,1235.5,20190400,1229.9,20190200
2018-12-02 23:00:00,1233.8,20190400,1233.8,20190400,1228.1,20190200
2018-12-02 23:15:00,1233.2,20190400,1233.2,20190400,1228.0,20190200
2018-12-02 23:30:00,1234.0,20190400,1234.0,20190400,1228.1,20190200
2018-12-02 23:45:00,1233.6,20190400,1233.6,20190400,1227.4,20190200
2018-12-03 00:00:00,1233.0,20190400,1233.0,20190400,1227.0,20190200
2018-12-03 00:15:00,1233.0,20190400,1233.0,20190400,1227.2,20190200
2018-12-03 00:30:00,1233.0,20190400,1233.0,20190400,1227.0,20190200
2018-12-03 00:45:00,1233.0,20190400,1233.0,20190400,1228.1,20190200
2018-12-03 01:00:00,1234.6,20190400,1234.6,20190400,1228.9,20190200
2018-12-03 01:15:00,1234.1,20190400,1234.1,20190400,1228.3,20190200
2018-12-03 01:30:00,1234.1,20190400,1234.1,20190400,1228.1,20190200
2018-12-03 01:45:00,1234.1,20190400,1234.1,20190400,1228.7,20190200
2018-12-03 02:00:00,1235.5,20190400,1235.5,20190400,1229.8,20190200
2018-12-03 02:15:00,1235.3,20190400,1235.3,20190400,1229.7,20190200
2018-12-03 02:30:00,1235.3,20190400,1235.3,20190400,1229.9,20190200
2018-12-03 02:45:00,1235.3,20190400,1235.3,20190400,1229.4,20190200
2018-12-03 03:00:00,1235.5,20190400,1235.5,20190400,1229.5,20190200
2018-12-03 03:15:00,1235.0,20190400,1235.0,20190400,1229.6,20190200
2018-12-03 03:30:00,1235.5,20190400,1235.5,20190400,1229.6,20190200
2018-12-03 03:45:00,1236.0,20190400,1236.0,20190400,1230.1,20190200
2018-12-03 04:00:00,1236.8,20190400,1236.8,20190400,1230.8,20190200
2018-12-03 04:15:00,1236.5,20190400,1236.5,20190400,1230.7,20190200
2018-12-03 04:30:00,1236.6,20190400,1236.6,20190400,1230.4,20190200
2018-12-03 04:45:00,1236.6,20190400,1236.6,20190400,1230.5,20190200
2018-12-03 05:15:00,1236.6,20190400,1236.6,20190400,1230.6,20190200
2018-12-03 05:30:00,1236.6,20190400,1236.6,20190400,1231.1,20190200
2018-12-03 05:45:00,1237.9,20190400,1237.9,20190400,1232.1,20190200
2018-12-03 06:15:00,1237.9,20190400,1237.9,20190400,1232.5,20190200
2018-12-03 06:30:00,1238.0,20190400,1238.0,20190400,1232.5,20190200
2018-12-03 06:45:00,1238.7,20190400,1238.7,20190400,1232.3,20190200
2018-12-03 07:00:00,1241.1,20190400,1241.1,20190400,1235.3,20190200
2018-12-03 07:15:00,1242.1,20190400,1242.1,20190400,1236.1,20190200
2018-12-03 07:30:00,1242.9,20190400,1242.9,20190400,1237.1,20190200
2018-12-03 07:45:00,1243.2,20190400,1243.2,20190400,1237.1,20190200
2018-12-03 08:00:00,1242.0,20190400,1242.0,20190400,1236.3,20190200
2018-12-03 08:15:00,1242.2,20190400,1242.2,20190400,1236.6,20190200
2018-12-03 08:30:00,1242.1,20190400,1242.1,20190400,1236.1,20190200
2018-12-03 08:45:00,1242.8,20190400,1242.8,20190400,1237.0,20190200
2018-12-03 09:00:00,1242.7,20190400,1242.7,20190400,1237.1,20190200
2018-12-03 09:15:00,1241.6,20190400,1241.6,20190400,1235.5,20190200
2018-12-03 09:30:00,1242.4,20190400,1242.4,20190400,1236.5,20190200
2018-12-03 09:45:00,1242.5,20190400,1242.5,20190400,1237.0,20190200
2018-12-03 10:00:00,1242.5,20190400,1242.5,20190400,1236.4,20190200
2018-12-03 10:15:00,1242.3,20190400,1242.3,20190400,1236.3,20190200
2018-12-03 10:30:00,1241.7,20190400,1241.7,20190400,1236.0,20190200
2018-12-03 10:45:00,1241.2,20190400,1241.2,20190400,1235.5,20190200
2018-12-03 11:00:00,1240.7,20190400,1240.7,20190400,1235.0,20190200
2018-12-03 11:15:00,1240.0,20190400,1240.0,20190400,1233.7,20190200
2018-12-03 11:30:00,1239.5,20190400,1239.5,20190400,1233.7,20190200
2018-12-03 11:45:00,1240.1,20190400,1240.1,20190400,1234.3,20190200
2018-12-03 12:00:00,1239.9,20190400,1239.9,20190400,1234.7,20190200
2018-12-03 12:15:00,1239.9,20190400,1239.9,20190400,1234.2,20190200
2018-12-03 12:30:00,1239.9,20190400,1239.9,20190400,1234.2,20190200
2018-12-03 12:45:00,1240.0,20190400,1240.0,20190400,1234.4,20190200
2018-12-03 13:00:00,1240.7,20190400,1240.7,20190400,1234.6,20190200
2018-12-03 13:15:00,1243.0,20190400,1243.0,20190400,1237.3,20190200
2018-12-03 13:30:00,1243.5,20190400,1243.5,20190400,1237.5,20190200
2018-12-03 13:45:00,1243.5,20190400,1243.5,20190400,1237.6,20190200
2018-12-03 14:00:00,1244.2,20190400,1244.2,20190400,1238.4,20190200
2018-12-03 14:15:00,1244.4,20190400,1244.4,20190400,1238.7,20190200
2018-12-03 14:30:00,1244.8,20190400,1244.8,20190400,1239.3,20190200
2018-12-03 14:45:00,1244.6,20190400,1244.6,20190400,1238.9,20190200
2018-12-03 15:00:00,1245.4,20190400,1245.4,20190400,1239.0,20190200
2018-12-03 15:15:00,1244.8,20190400,1244.8,20190400,1238.7,20190200
2018-12-03 15:30:00,1245.4,20190400,1245.4,20190400,1239.6,20190200
2018-12-03 15:45:00,1244.9,20190400,1244.9,20190400,1238.4,20190200
2018-12-03 16:00:00,1245.3,20190400,1245.3,20190400,1239.5,20190200
2018-12-03 16:15:00,1246.1,20190400,1246.1,20190400,1240.1,20190200
2018-12-03 16:30:00,1245.3,20190400,1245.3,20190400,1239.6,20190200
2018-12-03 16:45:00,1245.0,20190400,1245.0,20190400,1239.4,20190200
2018-12-03 17:00:00,1245.5,20190400,1245.5,20190400,1239.6,20190200
2018-12-03 17:15:00,1245.1,20190400,1245.1,20190400,1239.2,20190200
2018-12-03 17:30:00,1244.4,20190400,1244.4,20190400,1238.4,20190200
2018-12-03 17:45:00,1244.2,20190400,1244.2,20190400,1238.5,20190200
2018-12-03 18:00:00,1243.7,20190400,1243.7,20190400,1238.0,20190200
2018-12-03 18:15:00,1245.1,20190400,1245.1,20190400,1239.3,20190200
2018-12-03 18:30:00,1244.0,20190400,1244.0,20190400,1237.6,20190200
2018-12-03 18:45:00,1243.9,20190400,1243.9,20190400,1237.6,20190200
2018-12-03 19:00:00,1242.4,20190400,1242.4,20190400,1236.4,20190200
2018-12-03 19:15:00,1242.0,20190400,1242.0,20190400,1236.8,20190200
2018-12-03 19:30:00,1242.8,20190400,1242.8,20190400,1237.2,20190200
2018-12-03 19:45:00,1242.8,20190400,1242.8,20190400,1236.4,20190200
2018-12-03 20:00:00,1242.8,20190400,1242.8,20190400,1236.6,20190200
2018-12-03 20:15:00,1242.4,20190400,1242.4,20190400,1236.6,20190200
2018-12-03 20:30:00,1242.4,20190400,1242.4,20190400,1235.9,20190200
2018-12-03 20:45:00,1242.4,20190400,1242.4,20190400,1236.2,20190200
2018-12-03 21:00:00,1242.4,20190400,1242.4,20190400,1236.3,20190200
2018-12-03 21:15:00,1242.4,20190400,1242.4,20190400,1236.3,20190200
2018-12-03 21:30:00,1242.2,20190400,1242.2,20190400,1236.5,20190200
2018-12-03 21:45:00,1241.9,20190400,1241.9,20190400,1236.0,20190200
2018-12-03 23:00:00,1237.7,20190400,1237.7,20190400,1231.7,20190200
2018-12-03 23:15:00,1237.7,20190400,1237.7,20190400,1236.7,20190200
2018-12-03 23:30:00,1242.6,20190400,1242.6,20190400,1236.6,20190200
2018-12-03 23:45:00,1242.6,20190400,1242.6,20190400,1236.6,20190200
2018-12-04 00:00:00,1242.6,20190400,1242.6,20190400,1236.0,20190200
2018-12-04 00:15:00,1242.7,20190400,1242.7,20190400,1236.7,20190200
2018-12-04 00:30:00,1242.7,20190400,1242.7,20190400,1236.8,20190200
2018-12-04 00:45:00,1242.7,20190400,1242.7,20190400,1236.8,20190200
2018-12-04 01:00:00,1242.7,20190400,1242.7,20190400,1238.0,20190200
2018-12-04 01:15:00,1243.8,20190400,1243.8,20190400,1238.1,20190200
2018-12-04 01:30:00,1243.8,20190400,1243.8,20190400,1239.5,20190200
2018-12-04 01:45:00,1246.0,20190400,1246.0,20190400,1240.3,20190200
2018-12-04 02:00:00,1246.0,20190400,1246.0,20190400,1240.4,20190200
2018-12-04 02:15:00,1245.4,20190400,1245.4,20190400,1240.1,20190200
2018-12-04 02:30:00,1246.0,20190400,1246.0,20190400,1240.2,20190200
2018-12-04 02:45:00,1246.5,20190400,1246.5,20190400,1240.6,20190200
2018-12-04 03:00:00,1246.5,20190400,1246.5,20190400,1240.6,20190200
2018-12-04 03:15:00,1246.4,20190400,1246.4,20190400,1240.9,20190200
2018-12-04 03:30:00,1247.1,20190400,1247.1,20190400,1241.3,20190200
2018-12-04 03:45:00,1246.6,20190400,1246.6,20190400,1240.9,20190200
2018-12-04 04:00:00,1246.6,20190400,1246.6,20190400,1241.3,20190200
2018-12-04 04:15:00,1247.9,20190400,1247.9,20190400,1241.9,20190200
2018-12-04 04:30:00,1248.0,20190400,1248.0,20190400,1242.0,20190200
2018-12-04 04:45:00,1248.0,20190400,1248.0,20190400,1242.5,20190200
2018-12-04 05:15:00,1248.0,20190400,1248.0,20190400,1241.8,20190200
2018-12-04 05:30:00,1248.6,20190400,1248.6,20190400,1242.7,20190200
2018-12-04 05:45:00,1248.8,20190400,1248.8,20190400,1242.8,20190200
2018-12-04 06:15:00,1249.2,20190400,1249.2,20190400,1243.2,20190200
2018-12-04 06:30:00,1248.6,20190400,1248.6,20190400,1243.2,20190200
2018-12-04 06:45:00,1248.6,20190400,1248.6,20190400,1242.8,20190200
2018-12-04 07:00:00,1248.7,20190400,1248.7,20190400,1243.3,20190200
2018-12-04 07:15:00,1248.9,20190400,1248.9,20190400,1243.0,20190200
2018-12-04 07:30:00,1248.4,20190400,1248.4,20190400,1242.6,20190200
2018-12-04 07:45:00,1248.0,20190400,1248.0,20190400,1242.2,20190200
2018-12-04 08:00:00,1248.9,20190400,1248.9,20190400,1243.3,20190200
2018-12-04 08:15:00,1249.7,20190400,1249.7,20190400,1243.5,20190200
2018-12-04 08:30:00,1250.0,20190400,1250.0,20190400,1244.4,20190200
2018-12-04 08:45:00,1250.3,20190400,1250.3,20190400,1244.2,20190200
2018-12-04 09:00:00,1250.3,20190400,1250.3,20190400,1244.3,20190200
2018-12-04 09:15:00,1249.9,20190400,1249.9,20190400,1244.2,20190200
2018-12-04 09:30:00,1252.0,20190400,1252.0,20190400,1245.8,20190200
2018-12-04 09:45:00,1252.2,20190400,1252.2,20190400,1246.2,20190200
2018-12-04 10:00:00,1251.9,20190400,1251.9,20190400,1245.2,20190200
2018-12-04 10:15:00,1251.2,20190400,1251.2,20190400,1245.3,20190200
2018-12-04 10:30:00,1251.2,20190400,1251.2,20190400,1244.9,20190200
2018-12-04 10:45:00,1250.8,20190400,1250.8,20190400,1245.0,20190200
2018-12-04 11:00:00,1251.2,20190400,1251.2,20190400,1245.5,20190200
2018-12-04 11:15:00,1251.2,20190400,1251.2,20190400,1244.3,20190200
2018-12-04 11:30:00,1251.2,20190400,1251.2,20190400,1244.6,20190200
2018-12-04 11:45:00,1251.2,20190400,1251.2,20190400,1244.7,20190200
2018-12-04 12:00:00,1250.0,20190400,1250.0,20190400,1244.2,20190200
2018-12-04 12:15:00,1250.5,20190400,1250.5,20190400,1244.4,20190200
2018-12-04 12:30:00,1250.6,20190400,1250.6,20190400,1244.6,20190200
2018-12-04 12:45:00,1251.1,20190400,1251.1,20190400,1244.9,20190200
2018-12-04 13:00:00,1250.4,20190400,1250.4,20190400,1244.7,20190200
2018-12-04 13:15:00,1251.6,20190400,1251.6,20190400,1245.5,20190200
2018-12-04 13:30:00,1249.3,20190400,1249.3,20190400,1243.4,20190200
2018-12-04 13:45:00,1250.5,20190400,1250.5,20190400,1244.8,20190200
2018-12-04 14:00:00,1252.5,20190400,1252.5,20190400,1246.6,20190200
2018-12-04 14:15:00,1252.8,20190400,1252.8,20190400,1246.9,20190200
2018-12-04 14:30:00,1251.9,20190400,1251.9,20190400,1246.0,20190200
2018-12-04 14:45:00,1252.6,20190400,1252.6,20190400,1246.4,20190200
2018-12-04 15:00:00,1252.0,20190400,1252.0,20190400,1246.0,20190200
2018-12-04 15:15:00,1250.0,20190400,1250.0,20190400,1244.4,20190200
2018-12-04 15:30:00,1250.2,20190400,1250.2,20190400,1244.8,20190200
2018-12-04 15:45:00,1249.6,20190400,1249.6,20190400,1243.8,20190200
2018-12-04 16:00:00,1249.8,20190400,1249.8,20190400,1243.9,20190200
2018-12-04 16:15:00,1250.5,20190400,1250.5,20190400,1244.5,20190200
2018-12-04 16:30:00,1250.7,20190400,1250.7,20190400,1243.8,20190200
2018-12-04 16:45:00,1250.1,20190400,1250.1,20190400,1244.0,20190200
2018-12-04 17:00:00,1248.7,20190400,1248.7,20190400,1243.1,20190200
2018-12-04 17:15:00,1249.3,20190400,1249.3,20190400,1243.3,20190200
2018-12-04 17:30:00,1250.1,20190400,1250.1,20190400,1244.2,20190200
2018-12-04 17:45:00,1251.3,20190400,1251.3,20190400,1245.6,20190200
2018-12-04 18:00:00,1251.7,20190400,1251.7,20190400,1245.9,20190200
2018-12-04 18:15:00,1252.6,20190400,1252.6,20190400,1246.8,20190200
2018-12-04 18:30:00,1251.1,20190400,1251.1,20190400,1245.3,20190200
2018-12-04 18:45:00,1250.1,20190400,1250.1,20190400,1244.2,20190200
2018-12-04 19:00:00,1249.6,20190400,1249.6,20190400,1243.6,20190200
2018-12-04 19:15:00,1249.8,20190400,1249.8,20190400,1243.9,20190200
2018-12-04 19:30:00,1249.5,20190400,1249.5,20190400,1243.4,20190200
2018-12-04 19:45:00,1248.9,20190400,1248.9,20190400,1243.3,20190200
2018-12-04 20:00:00,1249.4,20190400,1249.4,20190400,1243.5,20190200
2018-12-04 20:15:00,1250.0,20190400,1250.0,20190400,1243.7,20190200
2018-12-04 20:30:00,1250.0,20190400,1250.0,20190400,1244.3,20190200
2018-12-04 20:45:00,1250.0,20190400,1250.0,20190400,1243.5,20190200
2018-12-04 21:00:00,1249.7,20190400,1249.7,20190400,1243.6,20190200
2018-12-04 21:15:00,1249.6,20190400,1249.6,20190400,1243.7,20190200
2018-12-04 21:30:00,1249.6,20190400,1249.6,20190400,1244.2,20190200
2018-12-04 21:45:00,1249.8,20190400,1249.8,20190400,1243.9,20190200
2018-12-04 23:00:00,1248.8,20190400,1248.8,20190400,1243.3,20190200
2018-12-04 23:15:00,1248.8,20190400,1248.8,20190400,1244.6,20190200
2018-12-04 23:30:00,1249.3,20190400,1249.3,20190400,1243.8,20190200
2018-12-04 23:45:00,1249.3,20190400,1249.3,20190400,1244.2,20190200
2018-12-05 00:00:00,1248.9,20190400,1248.9,20190400,1243.0,20190200
2018-12-05 00:15:00,1248.7,20190400,1248.7,20190400,1242.6,20190200
2018-12-05 00:30:00,1247.7,20190400,1247.7,20190400,1241.6,20190200
2018-12-05 00:45:00,1247.8,20190400,1247.8,20190400,1242.1,20190200
2018-12-05 01:00:00,1247.4,20190400,1247.4,20190400,1241.8,20190200
2018-12-05 01:15:00,1247.4,20190400,1247.4,20190400,1241.9,20190200
2018-12-05 01:30:00,1247.8,20190400,1247.8,20190400,1241.5,20190200
2018-12-05 01:45:00,1247.8,20190400,1247.8,20190400,1241.5,20190200
2018-12-05 02:00:00,1247.3,20190400,1247.3,20190400,1241.5,20190200
2018-12-05 02:15:00,1247.2,20190400,1247.2,20190400,1241.5,20190200
2018-12-05 02:30:00,1247.3,20190400,1247.3,20190400,1241.5,20190200
2018-12-05 02:45:00,1246.6,20190400,1246.6,20190400,1240.3,20190200
2018-12-05 03:00:00,1246.0,20190400,1246.0,20190400,1240.0,20190200
2018-12-05 03:15:00,1246.1,20190400,1246.1,20190400,1240.6,20190200
2018-12-05 03:30:00,1246.6,20190400,1246.6,20190400,1240.5,20190200
2018-12-05 03:45:00,1246.6,20190400,1246.6,20190400,1240.8,20190200
2018-12-05 04:00:00,1246.6,20190400,1246.6,20190400,1240.1,20190200
2018-12-05 04:15:00,1246.3,20190400,1246.3,20190400,1240.4,20190200
2018-12-05 04:30:00,1246.3,20190400,1246.3,20190400,1240.0,20190200
2018-12-05 04:45:00,1246.3,20190400,1246.3,20190400,1240.1,20190200
2018-12-05 05:15:00,1246.3,20190400,1246.3,20190400,1240.6,20190200
2018-12-05 05:30:00,1246.3,20190400,1246.3,20190400,1240.5,20190200
2018-12-05 05:45:00,1246.3,20190400,1246.3,20190400,1240.5,20190200
2018-12-05 06:15:00,1245.7,20190400,1245.7,20190400,1240.2,20190200
2018-12-05 06:30:00,1247.0,20190400,1247.0,20190400,1241.2,20190200
2018-12-05 06:45:00,1247.2,20190400,1247.2,20190400,1241.3,20190200
2018-12-05 07:00:00,1246.2,20190400,1246.2,20190400,1239.9,20190200
2018-12-05 07:15:00,1246.2,20190400,1246.2,20190400,1240.0,20190200
2018-12-05 07:30:00,1245.5,20190400,1245.5,20190400,1239.6,20190200
2018-12-05 07:45:00,1244.8,20190400,1244.8,20190400,1239.5,20190200
2018-12-05 08:00:00,1246.0,20190400,1246.0,20190400,1239.5,20190200
2018-12-05 08:15:00,1245.8,20190400,1245.8,20190400,1240.4,20190200
2018-12-05 08:30:00,1245.8,20190400,1245.8,20190400,1241.0,20190200
2018-12-05 08:45:00,1247.1,20190400,1247.1,20190400,1241.1,20190200
2018-12-05 09:00:00,1247.1,20190400,1247.1,20190400,1240.9,20190200
2018-12-05 09:15:00,1247.1,20190400,1247.1,20190400,1241.0,20190200
2018-12-05 09:30:00,1247.2,20190400,1247.2,20190400,1241.1,20190200
2018-12-05 09:45:00,1246.6,20190400,1246.6,20190400,1241.1,20190200
2018-12-05 10:00:00,1246.6,20190400,1246.6,20190400,1241.7,20190200
2018-12-05 10:15:00,1246.6,20190400,1246.6,20190400,1241.4,20190200
2018-12-05 10:30:00,1247.0,20190400,1247.0,20190400,1241.4,20190200
2018-12-05 10:45:00,1247.5,20190400,1247.5,20190400,1241.5,20190200
2018-12-05 11:00:00,1248.7,20190400,1248.7,20190400,1242.7,20190200
2018-12-05 11:15:00,1248.6,20190400,1248.6,20190400,1242.8,20190200
2018-12-05 11:30:00,1248.7,20190400,1248.7,20190400,1242.8,20190200
2018-12-05 11:45:00,1248.8,20190400,1248.8,20190400,1242.7,20190200
2018-12-05 12:00:00,1248.8,20190400,1248.8,20190400,1242.7,20190200
2018-12-05 12:15:00,1248.8,20190400,1248.8,20190400,1242.7,20190200
2018-12-05 12:30:00,1248.6,20190400,1248.6,20190400,1243.0,20190200
2018-12-05 12:45:00,1249.6,20190400,1249.6,20190400,1243.3,20190200
2018-12-05 13:00:00,1249.0,20190400,1249.0,20190400,1242.9,20190200
2018-12-05 13:15:00,1249.6,20190400,1249.6,20190400,1243.5,20190200
2018-12-05 13:30:00,1249.3,20190400,1249.3,20190400,1243.0,20190200
2018-12-05 13:45:00,1249.4,20190400,1249.4,20190400,1243.5,20190200
2018-12-05 14:00:00,1249.7,20190400,1249.7,20190400,1243.5,20190200
2018-12-05 14:15:00,1249.1,20190400,1249.1,20190400,1243.9,20190200
2018-12-05 14:30:00,1249.2,20190400,1249.2,20190400,1243.1,20190200
2018-12-05 14:45:00,1248.3,20190400,1248.3,20190400,1242.4,20190200
2018-12-05 15:00:00,1248.6,20190400,1248.6,20190400,1242.5,20190200
2018-12-05 15:15:00,1248.3,20190400,1248.3,20190400,1242.1,20190200
2018-12-05 15:30:00,1247.7,20190400,1247.7,20190400,1241.8,20190200
2018-12-05 15:45:00,1248.4,20190400,1248.4,20190400,1242.8,20190200
2018-12-05 16:00:00,1249.2,20190400,1249.2,20190400,1243.2,20190200
2018-12-05 16:15:00,1249.0,20190400,1249.0,20190400,1242.7,20190200
2018-12-05 16:30:00,1248.4,20190400,1248.4,20190400,1242.7,20190200
2018-12-05 16:45:00,1249.0,20190400,1249.0,20190400,1243.2,20190200
2018-12-05 17:00:00,1248.7,20190400,1248.7,20190400,1243.1,20190200
2018-12-05 17:15:00,1249.6,20190400,1249.6,20190400,1243.7,20190200
2018-12-05 17:30:00,1249.6,20190400,1249.6,20190400,1243.6,20190200
2018-12-05 17:45:00,1249.9,20190400,1249.9,20190400,1243.9,20190200
2018-12-05 18:00:00,1250.2,20190400,1250.2,20190400,1244.2,20190200
2018-12-05 18:15:00,1248.3,20190400,1248.3,20190400,1242.4,20190200
2018-12-05 18:30:00,1248.1,20190400,1248.1,20190400,1241.9,20190200
2018-12-05 18:45:00,1248.1,20190400,1248.1,20190400,1242.0,20190200
2018-12-05 19:00:00,1247.9,20190400,1247.9,20190400,1241.9,20190200
2018-12-05 19:15:00,1247.9,20190400,1247.9,20190400,1241.7,20190200
2018-12-05 19:30:00,1248.0,20190400,1248.0,20190400,1241.8,20190200
2018-12-05 19:45:00,1248.0,20190400,1248.0,20190400,1242.0,20190200
2018-12-05 20:00:00,1248.0,20190400,1248.0,20190400,1242.4,20190200
2018-12-05 20:15:00,1248.0,20190400,1248.0,20190400,1242.3,20190200
2018-12-05 20:30:00,1248.5,20190400,1248.5,20190400,1242.6,20190200
2018-12-05 20:45:00,1248.5,20190400,1248.5,20190400,1242.6,20190200
2018-12-05 21:00:00,1249.0,20190400,1249.0,20190400,1243.2,20190200
2018-12-05 21:15:00,1248.9,20190400,1248.9,20190400,1242.9,20190200
2018-12-05 21:30:00,1248.8,20190400,1248.8,20190400,1242.8,20190200
2018-12-05 21:45:00,1248.7,20190400,1248.7,20190400,1242.6,20190200
2018-12-05 23:00:00,1249.3,20190400,1249.3,20190400,1239.8,20190200
2018-12-05 23:15:00,1249.3,20190400,1249.3,20190400,1243.1,20190200
2018-12-05 23:30:00,1249.3,20190400,1249.3,20190400,1243.3,20190200
2018-12-05 23:45:00,1249.3,20190400,1249.3,20190400,1243.6,20190200
2018-12-06 00:00:00,1249.3,20190400,1249.3,20190400,1243.2,20190200
2018-12-06 00:15:00,1249.3,20190400,1249.3,20190400,1243.6,20190200
2018-12-06 00:30:00,1250.0,20190400,1250.0,20190400,1244.1,20190200
2018-12-06 00:45:00,1251.0,20190400,1251.0,20190400,1244.7,20190200
2018-12-06 01:00:00,1251.0,20190400,1251.0,20190400,1245.0,20190200
2018-12-06 01:15:00,1251.5,20190400,1251.5,20190400,1245.7,20190200
2018-12-06 01:30:00,1251.5,20190400,1251.5,20190400,1245.3,20190200
2018-12-06 01:45:00,1251.8,20190400,1251.8,20190400,1245.6,20190200
2018-12-06 02:00:00,1251.8,20190400,1251.8,20190400,1245.8,20190200
2018-12-06 02:15:00,1251.7,20190400,1251.7,20190400,1245.5,20190200
2018-12-06 02:30:00,1251.7,20190400,1251.7,20190400,1244.3,20190200
2018-12-06 02:45:00,1250.2,20190400,1250.2,20190400,1244.7,20190200
2018-12-06 03:00:00,1251.0,20190400,1251.0,20190400,1245.0,20190200
2018-12-06 03:15:00,1250.9,20190400,1250.9,20190400,1245.0,20190200
2018-12-06 03:30:00,1250.9,20190400,1250.9,20190400,1244.5,20190200
2018-12-06 03:45:00,1250.9,20190400,1250.9,20190400,1244.8,20190200
2018-12-06 04:00:00,1250.8,20190400,1250.8,20190400,1245.0,20190200
2018-12-06 04:15:00,1251.2,20190400,1251.2,20190400,1245.3,20190200
2018-12-06 04:30:00,1251.2,20190400,1251.2,20190400,1245.4,20190200
2018-12-06 04:45:00,1251.2,20190400,1251.2,20190400,1245.4,20190200
2018-12-06 05:15:00,1251.2,20190400,1251.2,20190400,1244.9,20190200
2018-12-06 05:30:00,1250.7,20190400,1250.7,20190400,1244.9,20190200
2018-12-06 05:45:00,1251.1,20190400,1251.1,20190400,1245.3,20190200
2018-12-06 06:15:00,1251.1,20190400,1251.1,20190400,1243.5,20190200
2018-12-06 06:30:00,1248.5,20190400,1248.5,20190400,1242.2,20190200
2018-12-06 06:45:00,1247.4,20190400,1247.4,20190400,1241.4,20190200
2018-12-06 07:00:00,1246.4,20190400,1246.4,20190400,1240.8,20190200
2018-12-06 07:15:00,1248.0,20190400,1248.0,20190400,1241.0,20190200
2018-12-06 07:30:00,1246.4,20190400,1246.4,20190400,1240.6,20190200
2018-12-06 07:45:00,1246.0,20190400,1246.0,20190400,1240.4,20190200
2018-12-06 08:00:00,1246.9,20190400,1246.9,20190400,1241.0,20190200
2018-12-06 08:15:00,1247.0,20190400,1247.0,20190400,1241.0,20190200
2018-12-06 08:30:00,1247.1,20190400,1247.1,20190400,1241.4,20190200
2018-12-06 08:45:00,1248.1,20190400,1248.1,20190400,1241.9,20190200
2018-12-06 09:00:00,1248.3,20190400,1248.3,20190400,1242.5,20190200
2018-12-06 09:15:00,1248.5,20190400,1248.5,20190400,1241.9,20190200
2018-12-06 09:30:00,1248.6,20190400,1248.6,20190400,1242.5,20190200
2018-12-06 09:45:00,1248.6,20190400,1248.6,20190400,1243.0,20190200
2018-12-06 10:00:00,1248.6,20190400,1248.6,20190400,1242.5,20190200
2018-12-06 10:15:00,1247.8,20190400,1247.8,20190400,1241.9,20190200
2018-12-06 10:30:00,1247.8,20190400,1247.8,20190400,1241.8,20190200
2018-12-06 10:45:00,1247.8,20190400,1247.8,20190400,1241.5,20190200
2018-12-06 11:00:00,1247.8,20190400,1247.8,20190400,1241.9,20190200
2018-12-06 11:15:00,1247.1,20190400,1247.1,20190400,1241.4,20190200
2018-12-06 11:30:00,1247.2,20190400,1247.2,20190400,1242.2,20190200
2018-12-06 11:45:00,1247.2,20190400,1247.2,20190400,1241.7,20190200
2018-12-06 12:00:00,1247.2,20190400,1247.2,20190400,1241.5,20190200
2018-12-06 12:15:00,1247.4,20190400,1247.4,20190400,1241.8,20190200
2018-12-06 12:30:00,1247.6,20190400,1247.6,20190400,1241.6,20190200
2018-12-06 12:45:00,1247.3,20190400,1247.3,20190400,1241.7,20190200
2018-12-06 13:00:00,1247.4,20190400,1247.4,20190400,1241.5,20190200
2018-12-06 13:15:00,1248.8,20190400,1248.8,20190400,1243.4,20190200
2018-12-06 13:30:00,1248.8,20190400,1248.8,20190400,1243.0,20190200
2018-12-06 13:45:00,1249.5,20190400,1249.5,20190400,1242.4,20190200
2018-12-06 14:00:00,1252.5,20190400,1252.5,20190400,1246.4,20190200
2018-12-06 14:15:00,1252.4,20190400,1252.4,20190400,1246.9,20190200
2018-12-06 14:30:00,1254.9,20190400,1254.9,20190400,1249.0,20190200
2018-12-06 14:45:00,1255.1,20190400,1255.1,20190400,1249.6,20190200
2018-12-06 15:00:00,1253.6,20190400,1253.6,20190400,1247.5,20190200
2018-12-06 15:15:00,1254.6,20190400,1254.6,20190400,1248.6,20190200
2018-12-06 15:30:00,1253.9,20190400,1253.9,20190400,1247.9,20190200
2018-12-06 15:45:00,1253.0,20190400,1253.0,20190400,1247.1,20190200
2018-12-06 16:00:00,1254.5,20190400,1254.5,20190400,1248.3,20190200
2018-12-06 16:15:00,1254.2,20190400,1254.2,20190400,1247.0,20190200
2018-12-06 16:30:00,1253.7,20190400,1253.7,20190400,1247.5,20190200
2018-12-06 16:45:00,1253.0,20190400,1253.0,20190400,1246.5,20190200
2018-12-06 17:00:00,1252.6,20190400,1252.6,20190400,1246.9,20190200
2018-12-06 17:15:00,1252.3,20190400,1252.3,20190400,1246.1,20190200
2018-12-06 17:30:00,1252.4,20190400,1252.4,20190400,1245.9,20190200
2018-12-06 17:45:00,1251.3,20190400,1251.3,20190400,1245.0,20190200
2018-12-06 18:00:00,1250.2,20190400,1250.2,20190400,1244.3,20190200
2018-12-06 18:15:00,1249.7,20190400,1249.7,20190400,1243.8,20190200
2018-12-06 18:30:00,1249.3,20190400,1249.3,20190400,1243.5,20190200
2018-12-06 18:45:00,1248.9,20190400,1248.9,20190400,1243.1,20190200
2018-12-06 19:00:00,1249.7,20190400,1249.7,20190400,1243.8,20190200
2018-12-06 19:15:00,1250.1,20190400,1250.1,20190400,1244.0,20190200
2018-12-06 19:30:00,1249.7,20190400,1249.7,20190400,1243.9,20190200
2018-12-06 19:45:00,1248.7,20190400,1248.7,20190400,1242.3,20190200
2018-12-06 20:00:00,1249.0,20190400,1249.0,20190400,1243.0,20190200
2018-12-06 20:15:00,1249.3,20190400,1249.3,20190400,1243.4,20190200
2018-12-06 20:30:00,1248.9,20190400,1248.9,20190400,1243.1,20190200
2018-12-06 20:45:00,1249.6,20190400,1249.6,20190400,1243.7,20190200
2018-12-06 21:00:00,1249.1,20190400,1249.1,20190400,1243.2,20190200
2018-12-06 21:15:00,1249.4,20190400,1249.4,20190400,1243.4,20190200
2018-12-06 21:30:00,1249.2,20190400,1249.2,20190400,1243.4,20190200
2018-12-06 21:45:00,1249.0,20190400,1249.0,20190400,1243.1,20190200
2018-12-06 23:00:00,1250.0,20190400,1250.0,20190400,1244.2,20190200
2018-12-06 23:15:00,1250.0,20190400,1250.0,20190400,1243.2,20190200
2018-12-06 23:30:00,1250.0,20190400,1250.0,20190400,1243.4,20190200
2018-12-06 23:45:00,1250.0,20190400,1250.0,20190400,1242.8,20190200
2018-12-07 00:00:00,1250.0,20190400,1250.0,20190400,1243.7,20190200
2018-12-07 00:15:00,1250.0,20190400,1250.0,20190400,1243.7,20190200
2018-12-07 00:30:00,1249.7,20190400,1249.7,20190400,1243.8,20190200
2018-12-07 00:45:00,1249.7,20190400,1249.7,20190400,1243.7,20190200
2018-12-07 01:00:00,1249.7,20190400,1249.7,20190400,1244.4,20190200
2018-12-07 01:15:00,1249.7,20190400,1249.7,20190400,1244.8,20190200
2018-12-07 01:30:00,1250.5,20190400,1250.5,20190400,1244.5,20190200
2018-12-07 01:45:00,1250.5,20190400,1250.5,20190400,1244.3,20190200
2018-12-07 02:00:00,1250.0,20190400,1250.0,20190400,1244.0,20190200
2018-12-07 02:15:00,1250.0,20190400,1250.0,20190400,1243.8,20190200
2018-12-07 02:30:00,1250.0,20190400,1250.0,20190400,1244.1,20190200
2018-12-07 02:45:00,1250.0,20190400,1250.0,20190400,1244.3,20190200
2018-12-07 03:00:00,1250.0,20190400,1250.0,20190400,1244.2,20190200
2018-12-07 03:15:00,1251.0,20190400,1251.0,20190400,1245.3,20190200
2018-12-07 03:30:00,1251.0,20190400,1251.0,20190400,1245.5,20190200
2018-12-07 03:45:00,1251.6,20190400,1251.6,20190400,1245.4,20190200
2018-12-07 04:00:00,1251.3,20190400,1251.3,20190400,1245.1,20190200
2018-12-07 04:15:00,1251.3,20190400,1251.3,20190400,1245.3,20190200
2018-12-07 04:30:00,1251.5,20190400,1251.5,20190400,1245.7,20190200
2018-12-07 04:45:00,1251.5,20190400,1251.5,20190400,1245.3,20190200
2018-12-07 05:15:00,1251.5,20190400,1251.5,20190400,1244.9,20190200
2018-12-07 05:30:00,1250.9,20190400,1250.9,20190400,1245.0,20190200
2018-12-07 05:45:00,1250.9,20190400,1250.9,20190400,1244.7,20190200
2018-12-07 06:15:00,1250.5,20190400,1250.5,20190400,1244.4,20190200
2018-12-07 06:30:00,1250.5,20190400,1250.5,20190400,1244.4,20190200
2018-12-07 06:45:00,1250.5,20190400,1250.5,20190400,1244.9,20190200
2018-12-07 07:00:00,1249.5,20190400,1249.5,20190400,1243.5,20190200
2018-12-07 07:15:00,1249.5,20190400,1249.5,20190400,1244.1,20190200
2018-12-07 07:30:00,1251.0,20190400,1251.0,20190400,1245.2,20190200
2018-12-07 07:45:00,1251.4,20190400,1251.4,20190400,1245.4,20190200
2018-12-07 08:00:00,1252.4,20190400,1252.4,20190400,1246.1,20190200
2018-12-07 08:15:00,1251.8,20190400,1251.8,20190400,1246.0,20190200
2018-12-07 08:30:00,1251.9,20190400,1251.9,20190400,1245.8,20190200
2018-12-07 08:45:00,1251.8,20190400,1251.8,20190400,1245.4,20190200
2018-12-07 09:00:00,1251.8,20190400,1251.8,20190400,1245.0,20190200
2018-12-07 09:15:00,1251.8,20190400,1251.8,20190400,1244.9,20190200
2018-12-07 09:30:00,1251.8,20190400,1251.8,20190400,1244.9,20190200
2018-12-07 09:45:00,1251.8,20190400,1251.8,20190400,1245.4,20190200
2018-12-07 10:00:00,1251.7,20190400,1251.7,20190400,1245.9,20190200
2018-12-07 10:15:00,1251.7,20190400,1251.7,20190400,1245.8,20190200
2018-12-07 10:30:00,1252.2,20190400,1252.2,20190400,1246.3,20190200
2018-12-07 10:45:00,1252.2,20190400,1252.2,20190400,1246.4,20190200
2018-12-07 11:00:00,1253.4,20190400,1253.4,20190400,1247.4,20190200
2018-12-07 11:15:00,1253.5,20190400,1253.5,20190400,1247.9,20190200
2018-12-07 11:30:00,1253.3,20190400,1253.3,20190400,1247.3,20190200
2018-12-07 11:45:00,1253.0,20190400,1253.0,20190400,1246.8,20190200
2018-12-07 12:00:00,1252.7,20190400,1252.7,20190400,1246.2,20190200
2018-12-07 12:15:00,1251.9,20190400,1251.9,20190400,1246.4,20190200
2018-12-07 12:30:00,1252.3,20190400,1252.3,20190400,1246.2,20190200
2018-12-07 12:45:00,1252.1,20190400,1252.1,20190400,1246.2,20190200
2018-12-07 13:00:00,1251.5,20190400,1251.5,20190400,1245.6,20190200
2018-12-07 13:15:00,1251.7,20190400,1251.7,20190400,1245.9,20190200
2018-12-07 13:30:00,1252.8,20190400,1252.8,20190400,1246.8,20190200
2018-12-07 13:45:00,1254.8,20190400,1254.8,20190400,1249.6,20190200
2018-12-07 14:00:00,1254.2,20190400,1254.2,20190400,1249.1,20190200
2018-12-07 14:15:00,1255.0,20190400,1255.0,20190400,1249.2,20190200
2018-12-07 14:30:00,1256.3,20190400,1256.3,20190400,1250.4,20190200
2018-12-07 14:45:00,1255.9,20190400,1255.9,20190400,1249.1,20190200
2018-12-07 15:00:00,1256.1,20190400,1256.1,20190400,1250.1,20190200
2018-12-07 15:15:00,1256.5,20190400,1256.5,20190400,1251.1,20190200
2018-12-07 15:30:00,1257.1,20190400,1257.1,20190400,1251.1,20190200
2018-12-07 15:45:00,1256.6,20190400,1256.6,20190400,1250.8,20190200
2018-12-07 16:00:00,1257.3,20190400,1257.3,20190400,1251.3,20190200
2018-12-07 16:15:00,1257.5,20190400,1257.5,20190400,1251.7,20190200
2018-12-07 16:30:00,1257.6,20190400,1257.6,20190400,1251.7,20190200
2018-12-07 16:45:00,1257.3,20190400,1257.3,20190400,1251.4,20190200
2018-12-07 17:00:00,1256.1,20190400,1256.1,20190400,1250.4,20190200
2018-12-07 17:15:00,1256.1,20190400,1256.1,20190400,1250.2,20190200
2018-12-07 17:30:00,1257.5,20190400,1257.5,20190400,1251.2,20190200
2018-12-07 17:45:00,1258.4,20190400,1258.4,20190400,1252.3,20190200
2018-12-07 18:00:00,1258.9,20190400,1258.9,20190400,1252.7,20190200
2018-12-07 18:15:00,1258.7,20190400,1258.7,20190400,1252.5,20190200
2018-12-07 18:30:00,1259.1,20190400,1259.1,20190400,1253.2,20190200
2018-12-07 18:45:00,1260.3,20190400,1260.3,20190400,1254.1,20190200
2018-12-07 19:00:00,1261.7,20190400,1261.7,20190400,1255.7,20190200
2018-12-07 19:15:00,1261.5,20190400,1261.5,20190400,1254.6,20190200
2018-12-07 19:30:00,1261.1,20190400,1261.1,20190400,1254.9,20190200
2018-12-07 19:45:00,1261.9,20190400,1261.9,20190400,1255.6,20190200
2018-12-07 20:00:00,1261.8,20190400,1261.8,20190400,1255.3,20190200
2018-12-07 20:15:00,1261.6,20190400,1261.6,20190400,1255.5,20190200
2018-12-07 20:30:00,1261.2,20190400,1261.2,20190400,1254.8,20190200
2018-12-07 20:45:00,1260.0,20190400,1260.0,20190400,1254.3,20190200
2018-12-07 21:00:00,1259.9,20190400,1259.9,20190400,1253.8,20190200
2018-12-07 21:15:00,1259.9,20190400,1259.9,20190400,1253.8,20190200
2018-12-07 21:30:00,1259.9,20190400,1259.9,20190400,1253.6,20190200
2018-12-07 21:45:00,1260.4,20190400,1260.4,20190400,1254.0,20190200
2018-12-07 23:00:00,1260.5,20190400,1260.5,20190400,1244.7,20190200
2018-12-09 23:00:00,1261.8,20190400,1261.8,20190400,1255.3,20190200
2018-12-09 23:15:00,1262.3,20190400,1262.3,20190400,1255.3,20190200
2018-12-09 23:30:00,1260.7,20190400,1260.7,20190400,1255.0,20190200
2018-12-09 23:45:00,1260.9,20190400,1260.9,20190400,1254.7,20190200
2018-12-10 00:00:00,1260.9,20190400,1260.9,20190400,1254.0,20190200
2018-12-10 00:15:00,1260.4,20190400,1260.4,20190400,1254.3,20190200
2018-12-10 00:30:00,1260.9,20190400,1260.9,20190400,1254.6,20190200
2018-12-10 00:45:00,1260.9,20190400,1260.9,20190400,1254.4,20190200
2018-12-10 01:00:00,1259.4,20190400,1259.4,20190400,1253.8,20190200
2018-12-10 01:15:00,1261.2,20190400,1261.2,20190400,1255.8,20190200
2018-12-10 01:30:00,1261.6,20190400,1261.6,20190400,1254.9,20190200
2018-12-10 01:45:00,1261.6,20190400,1261.6,20190400,1255.1,20190200
2018-12-10 02:00:00,1261.6,20190400,1261.6,20190400,1255.2,20190200
2018-12-10 02:15:00,1261.6,20190400,1261.6,20190400,1255.2,20190200
2018-12-10 02:30:00,1261.5,20190400,1261.5,20190400,1255.7,20190200
2018-12-10 02:45:00,1261.2,20190400,1261.2,20190400,1255.1,20190200
2018-12-10 03:00:00,1261.2,20190400,1261.2,20190400,1254.5,20190200
2018-12-10 03:15:00,1260.5,20190400,1260.5,20190400,1254.3,20190200
2018-12-10 03:30:00,1260.5,20190400,1260.5,20190400,1254.3,20190200
2018-12-10 03:45:00,1260.5,20190400,1260.5,20190400,1254.6,20190200
2018-12-10 04:00:00,1260.6,20190400,1260.6,20190400,1254.2,20190200
2018-12-10 04:15:00,1260.6,20190400,1260.6,20190400,1254.6,20190200
2018-12-10 04:30:00,1260.6,20190400,1260.6,20190400,1254.6,20190200
2018-12-10 04:45:00,1260.6,20190400,1260.6,20190400,1254.8,20190200
2018-12-10 05:15:00,1260.6,20190400,1260.6,20190400,1254.8,20190200
2018-12-10 05:30:00,1260.9,20190400,1260.9,20190400,1254.9,20190200
2018-12-10 05:45:00,1261.0,20190400,1261.0,20190400,1254.7,20190200
2018-12-10 06:15:00,1261.7,20190400,1261.7,20190400,1255.5,20190200
2018-12-10 06:30:00,1261.5,20190400,1261.5,20190400,1254.7,20190200
2018-12-10 06:45:00,1259.9,20190400,1259.9,20190400,1253.9,20190200
2018-12-10 07:00:00,1260.4,20190400,1260.4,20190400,1253.8,20190200
2018-12-10 07:15:00,1259.5,20190400,1259.5,20190400,1253.1,20190200
2018-12-10 07:30:00,1259.5,20190400,1259.5,20190400,1253.4,20190200
2018-12-10 07:45:00,1260.0,20190400,1260.0,20190400,1253.1,20190200
2018-12-10 08:00:00,1260.3,20190400,1260.3,20190400,1253.9,20190200
2018-12-10 08:15:00,1259.7,20190400,1259.7,20190400,1253.8,20190200
2018-12-10 08:30:00,1258.6,20190400,1258.6,20190400,1252.3,20190200
2018-12-10 08:45:00,1258.6,20190400,1258.6,20190400,1251.8,20190200
2018-12-10 09:00:00,1258.1,20190400,1258.1,20190400,1252.1,20190200
2018-12-10 09:15:00,1258.2,20190400,1258.2,20190400,1252.0,20190200
2018-12-10 09:30:00,1257.9,20190400,1257.9,20190400,1251.9,20190200
2018-12-10 09:45:00,1258.1,20190400,1258.1,20190400,1252.3,20190200
2018-12-10 10:00:00,1258.7,20190400,1258.7,20190400,1252.5,20190200
2018-12-10 10:15:00,1259.0,20190400,1259.0,20190400,1253.0,20190200
2018-12-10 10:30:00,1258.3,20190400,1258.3,20190400,1252.4,20190200
2018-12-10 10:45:00,1258.3,20190400,1258.3,20190400,1252.0,20190200
2018-12-10 11:00:00,1258.8,20190400,1258.8,20190400,1252.6,20190200
2018-12-10 11:15:00,1258.8,20190400,1258.8,20190400,1252.9,20190200
2018-12-10 11:30:00,1259.1,20190400,1259.1,20190400,1252.6,20190200
2018-12-10 11:45:00,1257.9,20190400,1257.9,20190400,1251.2,20190200
2018-12-10 12:00:00,1258.3,20190400,1258.3,20190400,1252.4,20190200
2018-12-10 12:15:00,1258.6,20190400,1258.6,20190400,1252.6,20190200
2018-12-10 12:30:00,1258.1,20190400,1258.1,20190400,1252.1,20190200
2018-12-10 12:45:00,1258.6,20190400,1258.6,20190400,1252.5,20190200
2018-12-10 13:00:00,1257.3,20190400,1257.3,20190400,1251.2,20190200
2018-12-10 13:15:00,1255.1,20190400,1255.1,20190400,1249.6,20190200
2018-12-10 13:30:00,1256.0,20190400,1256.0,20190400,1249.9,20190200
2018-12-10 13:45:00,1256.8,20190400,1256.8,20190400,1250.6,20190200
2018-12-10 14:00:00,1256.6,20190400,1256.6,20190400,1250.1,20190200
2018-12-10 14:15:00,1255.6,20190400,1255.6,20190400,1249.9,20190200
2018-12-10 14:30:00,1256.9,20190400,1256.9,20190400,1250.3,20190200
2018-12-10 14:45:00,1258.0,20190400,1258.0,20190400,1252.0,20190200
2018-12-10 15:00:00,1255.9,20190400,1255.9,20190400,1249.9,20190200
2018-12-10 15:15:00,1257.8,20190400,1257.8,20190400,1251.7,20190200
2018-12-10 15:30:00,1258.3,20190400,1258.3,20190400,1252.0,20190200
2018-12-10 15:45:00,1256.5,20190400,1256.5,20190400,1250.7,20190200
2018-12-10 16:00:00,1258.4,20190400,1258.4,20190400,1252.2,20190200
2018-12-10 16:15:00,1258.3,20190400,1258.3,20190400,1252.1,20190200
2018-12-10 16:30:00,1257.4,20190400,1257.4,20190400,1251.3,20190200
2018-12-10 16:45:00,1257.4,20190400,1257.4,20190400,1251.5,20190200
2018-12-10 17:00:00,1256.7,20190400,1256.7,20190400,1250.4,20190200
2018-12-10 17:15:00,1256.7,20190400,1256.7,20190400,1250.4,20190200
2018-12-10 17:30:00,1255.4,20190400,1255.4,20190400,1249.2,20190200
2018-12-10 17:45:00,1254.7,20190400,1254.7,20190400,1248.7,20190200
2018-12-10 18:00:00,1255.2,20190400,1255.2,20190400,1249.2,20190200
2018-12-10 18:15:00,1255.3,20190400,1255.3,20190400,1249.3,20190200
2018-12-10 18:30:00,1254.4,20190400,1254.4,20190400,1248.5,20190200
2018-12-10 18:45:00,1254.6,20190400,1254.6,20190400,1248.3,20190200
2018-12-10 19:00:00,1254.0,20190400,1254.0,20190400,1247.7,20190200
2018-12-10 19:15:00,1254.2,20190400,1254.2,20190400,1248.4,20190200
2018-12-10 19:30:00,1253.9,20190400,1253.9,20190400,1247.7,20190200
2018-12-10 19:45:00,1254.3,20190400,1254.3,20190400,1248.4,20190200
2018-12-10 20:00:00,1254.9,20190400,1254.9,20190400,1249.0,20190200
2018-12-10 20:15:00,1255.3,20190400,1255.3,20190400,1249.3,20190200
2018-12-10 20:30:00,1255.4,20190400,1255.4,20190400,1249.3,20190200
2018-12-10 20:45:00,1255.7,20190400,1255.7,20190400,1249.6,20190200
2018-12-10 21:00:00,1255.8,20190400,1255.8,20190400,1249.9,20190200
2018-12-10 21:15:00,1256.1,20190400,1256.1,20190400,1249.9,20190200
2018-12-10 21:30:00,1255.7,20190400,1255.7,20190400,1249.6,20190200
2018-12-10 21:45:00,1256.0,20190400,1256.0,20190400,1249.8,20190200
2018-12-10 23:00:00,1256.2,20190400,1256.2,20190400,1255.1,20190200
2018-12-10 23:15:00,1256.2,20190400,1256.2,20190400,1250.1,20190200
2018-12-10 23:30:00,1256.2,20190400,1256.2,20190400,1249.8,20190200
2018-12-10 23:45:00,1256.2,20190400,1256.2,20190400,1249.4,20190200
2018-12-11 00:00:00,1255.5,20190400,1255.5,20190400,1249.6,20190200
2018-12-11 00:15:00,1255.5,20190400,1255.5,20190400,1249.3,20190200
2018-12-11 00:30:00,1255.5,20190400,1255.5,20190400,1249.4,20190200
2018-12-11 00:45:00,1256.0,20190400,1256.0,20190400,1249.8,20190200
2018-12-11 01:00:00,1256.4,20190400,1256.4,20190400,1250.4,20190200
2018-12-11 01:15:00,1257.2,20190400,1257.2,20190400,1251.2,20190200
2018-12-11 01:30:00,1257.2,20190400,1257.2,20190400,1251.0,20190200
2018-12-11 01:45:00,1257.4,20190400,1257.4,20190400,1250.9,20190200
2018-12-11 02:00:00,1257.4,20190400,1257.4,20190400,1250.8,20190200
2018-12-11 02:15:00,1257.4,20190400,1257.4,20190400,1250.7,20190200
2018-12-11 02:30:00,1257.1,20190400,1257.1,20190400,1251.0,20190200
2018-12-11 02:45:00,1257.1,20190400,1257.1,20190400,1250.8,20190200
2018-12-11 03:00:00,1257.1,20190400,1257.1,20190400,1251.0,20190200
2018-12-11 03:15:00,1257.1,20190400,1257.1,20190400,1251.1,20190200
2018-12-11 03:30:00,1257.6,20190400,1257.6,20190400,1251.3,20190200
2018-12-11 03:45:00,1257.6,20190400,1257.6,20190400,1251.3,20190200
2018-12-11 04:00:00,1257.6,20190400,1257.6,20190400,1251.2,20190200
2018-12-11 04:15:00,1258.3,20190400,1258.3,20190400,1251.9,20190200
2018-12-11 04:30:00,1258.4,20190400,1258.4,20190400,1252.3,20190200
2018-12-11 04:45:00,1258.4,20190400,1258.4,20190400,1252.0,20190200
2018-12-11 05:15:00,1258.4,20190400,1258.4,20190400,1252.1,20190200
2018-12-11 05:30:00,1258.4,20190400,1258.4,20190400,1252.0,20190200
2018-12-11 05:45:00,1258.8,20190400,1258.8,20190400,1252.5,20190200
2018-12-11 06:15:00,1258.5,20190400,1258.5,20190400,1252.4,20190200
2018-12-11 06:30:00,1258.5,20190400,1258.5,20190400,1251.6,20190200
2018-12-11 06:45:00,1257.7,20190400,1257.7,20190400,1251.5,20190200
2018-12-11 07:00:00,1258.3,20190400,1258.3,20190400,1252.4,20190200
2018-12-11 07:15:00,1258.9,20190400,1258.9,20190400,1252.7,20190200
2018-12-11 07:30:00,1259.1,20190400,1259.1,20190400,1252.5,20190200
2018-12-11 07:45:00,1259.0,20190400,1259.0,20190400,1252.8,20190200
2018-12-11 08:00:00,1259.6,20190400,1259.6,20190400,1252.7,20190200
2018-12-11 08:15:00,1259.0,20190400,1259.0,20190400,1253.3,20190200
2018-12-11 08:30:00,1260.0,20190400,1260.0,20190400,1253.9,20190200
2018-12-11 08:45:00,1260.0,20190400,1260.0,20190400,1254.0,20190200
2018-12-11 09:00:00,1260.4,20190400,1260.4,20190400,1254.2,20190200
2018-12-11 09:15:00,1260.3,20190400,1260.3,20190400,1253.8,20190200
2018-12-11 09:30:00,1260.0,20190400,1260.0,20190400,1253.6,20190200
2018-12-11 09:45:00,1260.1,20190400,1260.1,20190400,1254.3,20190200
2018-12-11 10:00:00,1261.0,20190400,1261.0,20190400,1254.5,20190200
2018-12-11 10:15:00,1259.8,20190400,1259.8,20190400,1253.6,20190200
2018-12-11 10:30:00,1259.4,20190400,1259.4,20190400,1253.0,20190200
2018-12-11 10:45:00,1259.6,20190400,1259.6,20190400,1253.3,20190200
2018-12-11 11:00:00,1258.4,20190400,1258.4,20190400,1252.2,20190200
2018-12-11 11:15:00,1258.4,20190400,1258.4,20190400,1253.1,20190200
2018-12-11 11:30:00,1259.8,20190400,1259.8,20190400,1253.4,20190200
2018-12-11 11:45:00,1259.2,20190400,1259.2,20190400,1252.8,20190200
2018-12-11 12:00:00,1260.0,20190400,1260.0,20190400,1253.9,20190200
2018-12-11 12:15:00,1260.1,20190400,1260.1,20190400,1253.3,20190200
2018-12-11 12:30:00,1258.5,20190400,1258.5,20190400,1252.1,20190200
2018-12-11 12:45:00,1257.7,20190400,1257.7,20190400,1251.8,20190200
2018-12-11 13:00:00,1258.1,20190400,1258.1,20190400,1251.8,20190200
2018-12-11 13:15:00,1258.4,20190400,1258.4,20190400,1252.0,20190200
2018-12-11 13:30:00,1258.6,20190400,1258.6,20190400,1252.3,20190200
2018-12-11 13:45:00,1258.7,20190400,1258.7,20190400,1252.2,20190200
2018-12-11 14:00:00,1258.8,20190400,1258.8,20190400,1252.7,20190200
2018-12-11 14:15:00,1256.4,20190400,1256.4,20190400,1249.7,20190200
2018-12-11 14:30:00,1257.5,20190400,1257.5,20190400,1251.3,20190200
2018-12-11 14:45:00,1257.0,20190400,1257.0,20190400,1250.8,20190200
2018-12-11 15:00:00,1256.8,20190400,1256.8,20190400,1250.5,20190200
2018-12-11 15:15:00,1255.1,20190400,1255.1,20190400,1249.3,20190200
2018-12-11 15:30:00,1256.0,20190400,1256.0,20190400,1250.1,20190200
2018-12-11 15:45:00,1255.6,20190400,1255.6,20190400,1249.0,20190200
2018-12-11 16:00:00,1255.6,20190400,1255.6,20190400,1249.3,20190200
2018-12-11 16:15:00,1254.9,20190400,1254.9,20190400,1248.7,20190200
2018-12-11 16:30:00,1254.5,20190400,1254.5,20190400,1248.3,20190200
2018-12-11 16:45:00,1254.8,20190400,1254.8,20190400,1249.0,20190200
2018-12-11 17:00:00,1255.5,20190400,1255.5,20190400,1249.3,20190200
2018-12-11 17:15:00,1255.2,20190400,1255.2,20190400,1249.3,20190200
2018-12-11 17:30:00,1255.5,20190400,1255.5,20190400,1249.3,20190200
2018-12-11 17:45:00,1255.7,20190400,1255.7,20190400,1249.6,20190200
2018-12-11 18:00:00,1254.9,20190400,1254.9,20190400,1248.7,20190200
2018-12-11 18:15:00,1253.3,20190400,1253.3,20190400,1247.2,20190200
2018-12-11 18:30:00,1253.4,20190400,1253.4,20190400,1247.8,20190200
2018-12-11 18:45:00,1254.5,20190400,1254.5,20190400,1248.3,20190200
2018-12-11 19:00:00,1254.2,20190400,1254.2,20190400,1248.1,20190200
2018-12-11 19:15:00,1253.2,20190400,1253.2,20190400,1246.7,20190200
2018-12-11 19:30:00,1252.6,20190400,1252.6,20190400,1246.6,20190200
2018-12-11 19:45:00,1252.6,20190400,1252.6,20190400,1247.5,20190200
2018-12-11 20:00:00,1254.0,20190400,1254.0,20190400,1247.7,20190200
2018-12-11 20:15:00,1254.0,20190400,1254.0,20190400,1248.1,20190200
2018-12-11 20:30:00,1254.0,20190400,1254.0,20190400,1247.7,20190200
2018-12-11 20:45:00,1254.3,20190400,1254.3,20190400,1248.1,20190200
2018-12-11 21:00:00,1254.3,20190400,1254.3,20190400,1247.9,20190200
2018-12-11 21:15:00,1254.3,20190400,1254.3,20190400,1247.9,20190200
2018-12-11 21:30:00,1254.2,20190400,1254.2,20190400,1248.1,20190200
2018-12-11 21:45:00,1254.4,20190400,1254.4,20190400,1248.4,20190200
2018-12-11 23:00:00,1258.5,20190400,1258.5,20190400,1252.3,20190200
2018-12-11 23:15:00,1258.5,20190400,1258.5,20190400,1248.2,20190200
2018-12-11 23:30:00,1258.5,20190400,1258.5,20190400,1248.5,20190200
2018-12-11 23:45:00,1254.1,20190400,1254.1,20190400,1248.2,20190200
2018-12-12 00:00:00,1255.2,20190400,1255.2,20190400,1249.0,20190200
2018-12-12 00:15:00,1255.1,20190400,1255.1,20190400,1249.3,20190200
2018-12-12 00:30:00,1254.9,20190400,1254.9,20190400,1248.6,20190200
2018-12-12 00:45:00,1255.4,20190400,1255.4,20190400,1249.1,20190200
2018-12-12 01:00:00,1256.3,20190400,1256.3,20190400,1250.3,20190200
2018-12-12 01:15:00,1256.3,20190400,1256.3,20190400,1249.9,20190200
2018-12-12 01:30:00,1257.0,20190400,1257.0,20190400,1250.9,20190200
2018-12-12 01:45:00,1256.8,20190400,1256.8,20190400,1250.5,20190200
2018-12-12 02:00:00,1256.5,20190400,1256.5,20190400,1250.8,20190200
2018-12-12 02:15:00,1256.5,20190400,1256.5,20190400,1250.9,20190200
2018-12-12 02:30:00,1256.5,20190400,1256.5,20190400,1250.6,20190200
2018-12-12 02:45:00,1256.5,20190400,1256.5,20190400,1250.1,20190200
2018-12-12 03:00:00,1256.3,20190400,1256.3,20190400,1250.2,20190200
2018-12-12 03:15:00,1256.3,20190400,1256.3,20190400,1250.4,20190200
2018-12-12 03:30:00,1256.3,20190400,1256.3,20190400,1250.3,20190200
2018-12-12 03:45:00,1256.1,20190400,1256.1,20190400,1250.0,20190200
2018-12-12 04:00:00,1256.1,20190400,1256.1,20190400,1249.9,20190200
2018-12-12 04:15:00,1256.1,20190400,1256.1,20190400,1249.7,20190200
2018-12-12 04:30:00,1256.1,20190400,1256.1,20190400,1249.4,20190200
2018-12-12 04:45:00,1255.5,20190400,1255.5,20190400,1249.5,20190200
2018-12-12 05:15:00,1255.5,20190400,1255.5,20190400,1249.7,20190200
2018-12-12 05:30:00,1255.5,20190400,1255.5,20190400,1249.1,20190200
2018-12-12 05:45:00,1255.5,20190400,1255.5,20190400,1249.1,20190200
2018-12-12 06:15:00,1254.8,20190400,1254.8,20190400,1248.3,20190200
2018-12-12 06:30:00,1254.3,20190400,1254.3,20190400,1248.3,20190200
2018-12-12 06:45:00,1254.7,20190400,1254.7,20190400,1248.3,20190200
2018-12-12 07:00:00,1253.8,20190400,1253.8,20190400,1247.8,20190200
2018-12-12 07:15:00,1253.8,20190400,1253.8,20190400,1247.9,20190200
2018-12-12 07:30:00,1254.0,20190400,1254.0,20190400,1247.7,20190200
2018-12-12 07:45:00,1253.6,20190400,1253.6,20190400,1247.4,20190200
2018-12-12 08:00:00,1254.8,20190400,1254.8,20190400,1248.6,20190200
2018-12-12 08:15:00,1254.8,20190400,1254.8,20190400,1249.2,20190200
2018-12-12 08:30:00,1255.6,20190400,1255.6,20190400,1249.5,20190200
2018-12-12 08:45:00,1255.5,20190400,1255.5,20190400,1249.2,20190200
2018-12-12 09:00:00,1255.2,20190400,1255.2,20190400,1248.8,20190200
2018-12-12 09:15:00,1254.7,20190400,1254.7,20190400,1248.6,20190200
2018-12-12 09:30:00,1254.9,20190400,1254.9,20190400,1249.4,20190200
2018-12-12 09:45:00,1255.4,20190400,1255.4,20190400,1249.0,20190200
2018-12-12 10:00:00,1255.8,20190400,1255.8,20190400,1249.8,20190200
2018-12-12 10:15:00,1256.0,20190400,1256.0,20190400,1250.1,20190200
2018-12-12 10:30:00,1256.2,20190400,1256.2,20190400,1250.0,20190200
2018-12-12 10:45:00,1256.1,20190400,1256.1,20190400,1249.7,20190200
2018-12-12 11:00:00,1255.9,20190400,1255.9,20190400,1249.6,20190200
2018-12-12 11:15:00,1255.9,20190400,1255.9,20190400,1248.8,20190200
2018-12-12 11:30:00,1255.0,20190400,1255.0,20190400,1248.9,20190200
2018-12-12 11:45:00,1255.0,20190400,1255.0,20190400,1249.6,20190200
2018-12-12 12:00:00,1254.9,20190400,1254.9,20190400,1248.6,20190200
2018-12-12 12:15:00,1254.6,20190400,1254.6,20190400,1248.5,20190200
2018-12-12 12:30:00,1256.2,20190400,1256.2,20190400,1250.0,20190200
2018-12-12 12:45:00,1255.9,20190400,1255.9,20190400,1249.8,20190200
2018-12-12 13:00:00,1256.4,20190400,1256.4,20190400,1250.3,20190200
2018-12-12 13:15:00,1256.7,20190400,1256.7,20190400,1249.8,20190200
2018-12-12 13:30:00,1256.7,20190400,1256.7,20190400,1250.6,20190200
2018-12-12 13:45:00,1255.5,20190400,1255.5,20190400,1250.0,20190200
2018-12-12 14:00:00,1254.9,20190400,1254.9,20190400,1249.7,20190200
2018-12-12 14:15:00,1256.1,20190400,1256.1,20190400,1249.9,20190200
2018-12-12 14:30:00,1256.7,20190400,1256.7,20190400,1250.7,20190200
2018-12-12 14:45:00,1257.3,20190400,1257.3,20190400,1251.0,20190200
2018-12-12 15:00:00,1257.4,20190400,1257.4,20190400,1251.3,20190200
2018-12-12 15:15:00,1257.7,20190400,1257.7,20190400,1251.8,20190200
2018-12-12 15:30:00,1257.7,20190400,1257.7,20190400,1251.5,20190200
2018-12-12 15:45:00,1257.3,20190400,1257.3,20190400,1251.1,20190200
2018-12-12 16:00:00,1257.3,20190400,1257.3,20190400,1251.3,20190200
2018-12-12 16:15:00,1257.0,20190400,1257.0,20190400,1250.6,20190200
2018-12-12 16:30:00,1257.2,20190400,1257.2,20190400,1250.8,20190200
2018-12-12 16:45:00,1256.4,20190400,1256.4,20190400,1250.3,20190200
2018-12-12 17:00:00,1256.8,20190400,1256.8,20190400,1250.6,20190200
2018-12-12 17:15:00,1256.3,20190400,1256.3,20190400,1250.0,20190200
2018-12-12 17:30:00,1255.8,20190400,1255.8,20190400,1249.6,20190200
2018-12-12 17:45:00,1256.4,20190400,1256.4,20190400,1251.1,20190200
2018-12-12 18:00:00,1257.0,20190400,1257.0,20190400,1250.8,20190200
2018-12-12 18:15:00,1256.0,20190400,1256.0,20190400,1249.9,20190200
2018-12-12 18:30:00,1255.8,20190400,1255.8,20190400,1249.6,20190200
2018-12-12 18:45:00,1255.8,20190400,1255.8,20190400,1249.7,20190200
2018-12-12 19:00:00,1255.2,20190400,1255.2,20190400,1249.3,20190200
2018-12-12 19:15:00,1255.3,20190400,1255.3,20190400,1249.8,20190200
2018-12-12 19:30:00,1256.8,20190400,1256.8,20190400,1250.2,20190200
2018-12-12 19:45:00,1256.5,20190400,1256.5,20190400,1250.3,20190200
2018-12-12 20:00:00,1256.3,20190400,1256.3,20190400,1250.8,20190200
2018-12-12 20:15:00,1256.9,20190400,1256.9,20190400,1250.8,20190200
2018-12-12 20:30:00,1257.0,20190400,1257.0,20190400,1250.9,20190200
2018-12-12 20:45:00,1257.0,20190400,1257.0,20190400,1250.9,20190200
2018-12-12 21:00:00,1256.5,20190400,1256.5,20190400,1250.3,20190200
2018-12-12 21:15:00,1256.5,20190400,1256.5,20190400,1250.5,20190200
2018-12-12 21:30:00,1256.7,20190400,1256.7,20190400,1250.8,20190200
2018-12-12 21:45:00,1256.7,20190400,1256.7,20190400,1250.5,20190200
2018-12-12 23:00:00,1257.0,20190400,1257.0,20190400,1248.7,20190200
2018-12-12 23:15:00,1257.0,20190400,1257.0,20190400,1251.1,20190200
2018-12-12 23:30:00,1257.2,20190400,1257.2,20190400,1251.4,20190200
2018-12-12 23:45:00,1257.2,20190400,1257.2,20190400,1251.1,20190200
2018-12-13 00:00:00,1257.2,20190400,1257.2,20190400,1250.6,20190200
2018-12-13 00:15:00,1256.4,20190400,1256.4,20190400,1250.1,20190200
2018-12-13 00:30:00,1256.4,20190400,1256.4,20190400,1250.1,20190200
2018-12-13 00:45:00,1256.4,20190400,1256.4,20190400,1250.3,20190200
2018-12-13 01:00:00,1255.9,20190400,1255.9,20190400,1249.4,20190200
2018-12-13 01:15:00,1255.5,20190400,1255.5,20190400,1249.3,20190200
2018-12-13 01:30:00,1255.2,20190400,1255.2,20190400,1249.4,20190200
2018-12-13 01:45:00,1255.7,20190400,1255.7,20190400,1249.9,20190200
2018-12-13 02:00:00,1255.7,20190400,1255.7,20190400,1249.5,20190200
2018-12-13 02:15:00,1255.1,20190400,1255.1,20190400,1248.9,20190200
2018-12-13 02:30:00,1255.0,20190400,1255.0,20190400,1249.1,20190200
2018-12-13 02:45:00,1255.3,20190400,1255.3,20190400,1249.3,20190200
2018-12-13 03:00:00,1255.3,20190400,1255.3,20190400,1249.2,20190200
2018-12-13 03:15:00,1255.1,20190400,1255.1,20190400,1249.4,20190200
2018-12-13 03:30:00,1255.1,20190400,1255.1,20190400,1249.3,20190200
2018-12-13 03:45:00,1255.1,20190400,1255.1,20190400,1249.3,20190200
2018-12-13 04:00:00,1255.3,20190400,1255.3,20190400,1249.0,20190200
2018-12-13 04:15:00,1255.3,20190400,1255.3,20190400,1249.2,20190200
2018-12-13 04:30:00,1255.4,20190400,1255.4,20190400,1249.5,20190200
2018-12-13 04:45:00,1255.3,20190400,1255.3,20190400,1249.1,20190200
2018-12-13 05:15:00,1255.3,20190400,1255.3,20190400,1249.4,20190200
2018-12-13 05:30:00,1255.3,20190400,1255.3,20190400,1249.7,20190200
2018-12-13 05:45:00,1256.0,20190400,1256.0,20190400,1249.6,20190200
2018-12-13 06:15:00,1256.6,20190400,1256.6,20190400,1250.4,20190200
2018-12-13 06:30:00,1256.6,20190400,1256.6,20190400,1250.2,20190200
2018-12-13 06:45:00,1256.6,20190400,1256.6,20190400,1250.6,20190200
2018-12-13 07:00:00,1257.4,20190400,1257.4,20190400,1250.9,20190200
2018-12-13 07:15:00,1257.0,20190400,1257.0,20190400,1250.9,20190200
2018-12-13 07:30:00,1257.0,20190400,1257.0,20190400,1251.0,20190200
2018-12-13 07:45:00,1257.4,20190400,1257.4,20190400,1250.9,20190200
2018-12-13 08:00:00,1256.8,20190400,1256.8,20190400,1250.8,20190200
2018-12-13 08:15:00,1256.7,20190400,1256.7,20190400,1249.7,20190200
2018-12-13 08:30:00,1256.7,20190400,1256.7,20190400,1250.6,20190200
2018-12-13 08:45:00,1257.0,20190400,1257.0,20190400,1250.5,20190200
2018-12-13 09:00:00,1256.8,20190400,1256.8,20190400,1250.1,20190200
2018-12-13 09:15:00,1256.8,20190400,1256.8,20190400,1249.3,20190200
2018-12-13 09:30:00,1255.6,20190400,1255.6,20190400,1249.4,20190200
2018-12-13 09:45:00,1255.1,20190400,1255.1,20190400,1249.4,20190200
2018-12-13 10:00:00,1255.3,20190400,1255.3,20190400,1249.3,20190200
2018-12-13 10:15:00,1255.5,20190400,1255.5,20190400,1249.1,20190200
2018-12-13 10:30:00,1255.0,20190400,1255.0,20190400,1248.2,20190200
2018-12-13 10:45:00,1252.0,20190400,1252.0,20190400,1246.0,20190200
2018-12-13 11:00:00,1253.2,20190400,1253.2,20190400,1246.8,20190200
2018-12-13 11:15:00,1252.8,20190400,1252.8,20190400,1246.7,20190200
2018-12-13 11:30:00,1252.6,20190400,1252.6,20190400,1246.4,20190200
2018-12-13 11:45:00,1252.6,20190400,1252.6,20190400,1246.2,20190200
2018-12-13 12:00:00,1252.6,20190400,1252.6,20190400,1246.5,20190200
2018-12-13 12:15:00,1253.1,20190400,1253.1,20190400,1247.0,20190200
2018-12-13 12:30:00,1253.6,20190400,1253.6,20190400,1247.4,20190200
2018-12-13 12:45:00,1252.6,20190400,1252.6,20190400,1246.4,20190200
2018-12-13 13:00:00,1253.2,20190400,1253.2,20190400,1247.3,20190200
2018-12-13 13:15:00,1253.9,20190400,1253.9,20190400,1247.6,20190200
2018-12-13 13:30:00,1252.5,20190400,1252.5,20190400,1246.6,20190200
2018-12-13 13:45:00,1252.9,20190400,1252.9,20190400,1246.9,20190200
2018-12-13 14:00:00,1254.1,20190400,1254.1,20190400,1247.7,20190200
2018-12-13 14:15:00,1253.4,20190400,1253.4,20190400,1247.4,20190200
2018-12-13 14:30:00,1252.8,20190400,1252.8,20190400,1246.9,20190200
2018-12-13 14:45:00,1253.0,20190400,1253.0,20190400,1247.0,20190200
2018-12-13 15:00:00,1253.7,20190400,1253.7,20190400,1247.2,20190200
2018-12-13 15:15:00,1252.6,20190400,1252.6,20190400,1246.2,20190200
2018-12-13 15:30:00,1251.5,20190400,1251.5,20190400,1245.4,20190200
2018-12-13 15:45:00,1252.5,20190400,1252.5,20190400,1246.5,20190200
2018-12-13 16:00:00,1253.1,20190400,1253.1,20190400,1246.8,20190200
2018-12-13 16:15:00,1253.3,20190400,1253.3,20190400,1246.9,20190200
2018-12-13 16:30:00,1253.2,20190400,1253.2,20190400,1247.0,20190200
2018-12-13 16:45:00,1253.2,20190400,1253.2,20190400,1247.2,20190200
2018-12-13 17:00:00,1253.8,20190400,1253.8,20190400,1247.8,20190200
2018-12-13 17:15:00,1253.1,20190400,1253.1,20190400,1247.1,20190200
2018-12-13 17:30:00,1253.4,20190400,1253.4,20190400,1247.1,20190200
2018-12-13 17:45:00,1253.1,20190400,1253.1,20190400,1246.9,20190200
2018-12-13 18:00:00,1253.9,20190400,1253.9,20190400,1247.9,20190200
2018-12-13 18:15:00,1253.6,20190400,1253.6,20190400,1247.5,20190200
2018-12-13 18:30:00,1253.4,20190400,1253.4,20190400,1247.2,20190200
2018-12-13 18:45:00,1253.6,20190400,1253.6,20190400,1247.4,20190200
2018-12-13 19:00:00,1253.0,20190400,1253.0,20190400,1246.9,20190200
2018-12-13 19:15:00,1253.3,20190400,1253.3,20190400,1247.1,20190200
2018-12-13 19:30:00,1253.3,20190400,1253.3,20190400,1246.8,20190200
2018-12-13 19:45:00,1252.4,20190400,1252.4,20190400,1246.3,20190200
2018-12-13 20:00:00,1252.3,20190400,1252.3,20190400,1246.2,20190200
2018-12-13 20:15:00,1252.9,20190400,1252.9,20190400,1246.9,20190200
2018-12-13 20:30:00,1252.5,20190400,1252.5,20190400,1246.5,20190200
2018-12-13 20:45:00,1253.0,20190400,1253.0,20190400,1247.2,20190200
2018-12-13 21:00:00,1253.0,20190400,1253.0,20190400,1247.2,20190200
2018-12-13 21:15:00,1253.0,20190400,1253.0,20190400,1246.9,20190200
2018-12-13 21:30:00,1253.5,20190400,1253.5,20190400,1246.8,20190200
2018-12-13 21:45:00,1252.5,20190400,1252.5,20190400,1246.3,20190200
2018-12-13 23:00:00,1256.6,20190400,1256.6,20190400,1250.8,20190200
2018-12-13 23:15:00,1256.6,20190400,1256.6,20190400,1246.8,20190200
2018-12-13 23:30:00,1256.6,20190400,1256.6,20190400,1246.5,20190200
2018-12-13 23:45:00,1256.6,20190400,1256.6,20190400,1246.7,20190200
2018-12-14 00:00:00,1256.6,20190400,1256.6,20190400,1246.1,20190200
2018-12-14 00:15:00,1256.6,20190400,1256.6,20190400,1246.3,20190200
2018-12-14 00:30:00,1256.6,20190400,1256.6,20190400,1246.7,20190200
2018-12-14 00:45:00,1256.6,20190400,1256.6,20190400,1246.5,20190200
2018-12-14 01:00:00,1253.3,20190400,1253.3,20190400,1246.4,20190200
2018-12-14 01:15:00,1253.3,20190400,1253.3,20190400,1246.6,20190200
2018-12-14 01:30:00,1252.4,20190400,1252.4,20190400,1246.4,20190200
2018-12-14 01:45:00,1252.4,20190400,1252.4,20190400,1246.7,20190200
2018-12-14 02:00:00,1252.4,20190400,1252.4,20190400,1246.5,20190200
2018-12-14 02:15:00,1252.4,20190400,1252.4,20190400,1246.1,20190200
2018-12-14 02:30:00,1252.4,20190400,1252.4,20190400,1246.4,20190200
2018-12-14 02:45:00,1252.4,20190400,1252.4,20190400,1246.4,20190200
2018-12-14 03:00:00,1252.4,20190400,1252.4,20190400,1246.3,20190200
2018-12-14 03:15:00,1252.4,20190400,1252.4,20190400,1245.9,20190200
2018-12-14 03:30:00,1252.4,20190400,1252.4,20190400,1245.8,20190200
2018-12-14 03:45:00,1252.4,20190400,1252.4,20190400,1246.1,20190200
2018-12-14 04:00:00,1252.0,20190400,1252.0,20190400,1245.8,20190200
2018-12-14 04:15:00,1252.0,20190400,1252.0,20190400,1245.6,20190200
2018-12-14 04:30:00,1252.0,20190400,1252.0,20190400,1245.8,20190200
2018-12-14 04:45:00,1252.0,20190400,1252.0,20190400,1245.6,20190200
2018-12-14 05:15:00,1252.0,20190400,1252.0,20190400,1245.3,20190200
2018-12-14 05:30:00,1252.0,20190400,1252.0,20190400,1245.1,20190200
2018-12-14 05:45:00,1252.0,20190400,1252.0,20190400,1245.3,20190200
2018-12-14 06:15:00,1250.4,20190400,1250.4,20190400,1244.4,20190200
2018-12-14 06:30:00,1250.0,20190400,1250.0,20190400,1243.5,20190200
2018-12-14 06:45:00,1250.3,20190400,1250.3,20190400,1244.0,20190200
2018-12-14 07:00:00,1250.2,20190400,1250.2,20190400,1244.0,20190200
2018-12-14 07:15:00,1250.8,20190400,1250.8,20190400,1243.8,20190200
2018-12-14 07:30:00,1247.8,20190400,1247.8,20190400,1241.7,20190200
2018-12-14 07:45:00,1248.6,20190400,1248.6,20190400,1242.4,20190200
2018-12-14 08:00:00,1248.3,20190400,1248.3,20190400,1242.1,20190200
2018-12-14 08:15:00,1248.8,20190400,1248.8,20190400,1242.7,20190200
2018-12-14 08:30:00,1247.8,20190400,1247.8,20190400,1242.4,20190200
2018-12-14 08:45:00,1247.8,20190400,1247.8,20190400,1242.1,20190200
2018-12-14 09:00:00,1247.8,20190400,1247.8,20190400,1242.3,20190200
2018-12-14 09:15:00,1248.8,20190400,1248.8,20190400,1242.9,20190200
2018-12-14 09:30:00,1248.6,20190400,1248.6,20190400,1242.5,20190200
2018-12-14 09:45:00,1248.9,20190400,1248.9,20190400,1242.9,20190200
2018-12-14 10:00:00,1249.1,20190400,1249.1,20190400,1243.3,20190200
2018-12-14 10:15:00,1249.1,20190400,1249.1,20190400,1243.5,20190200
2018-12-14 10:30:00,1249.0,20190400,1249.0,20190400,1242.8,20190200
2018-12-14 10:45:00,1248.6,20190400,1248.6,20190400,1242.8,20190200
2018-12-14 11:00:00,1248.9,20190400,1248.9,20190400,1243.0,20190200
2018-12-14 11:15:00,1248.9,20190400,1248.9,20190400,1242.4,20190200
2018-12-14 11:30:00,1247.8,20190400,1247.8,20190400,1241.8,20190200
2018-12-14 11:45:00,1248.5,20190400,1248.5,20190400,1242.1,20190200
2018-12-14 12:00:00,1247.8,20190400,1247.8,20190400,1241.9,20190200
2018-12-14 12:15:00,1247.7,20190400,1247.7,20190400,1242.0,20190200
2018-12-14 12:30:00,1248.5,20190400,1248.5,20190400,1242.5,20190200
2018-12-14 12:45:00,1248.0,20190400,1248.0,20190400,1241.8,20190200
2018-12-14 13:00:00,1247.9,20190400,1247.9,20190400,1241.7,20190200
2018-12-14 13:15:00,1247.7,20190400,1247.7,20190400,1241.7,20190200
2018-12-14 13:30:00,1244.6,20190400,1244.6,20190400,1238.6,20190200
2018-12-14 13:45:00,1244.7,20190400,1244.7,20190400,1238.2,20190200
2018-12-14 14:00:00,1244.8,20190400,1244.8,20190400,1238.8,20190200
2018-12-14 14:15:00,1243.7,20190400,1243.7,20190400,1237.2,20190200
2018-12-14 14:30:00,1244.2,20190400,1244.2,20190400,1238.0,20190200
2018-12-14 14:45:00,1244.2,20190400,1244.2,20190400,1238.5,20190200
2018-12-14 15:00:00,1244.5,20190400,1244.5,20190400,1238.5,20190200
2018-12-14 15:15:00,1246.0,20190400,1246.0,20190400,1239.9,20190200
2018-12-14 15:30:00,1245.6,20190400,1245.6,20190400,1239.6,20190200
2018-12-14 15:45:00,1245.3,20190400,1245.3,20190400,1239.7,20190200
2018-12-14 16:00:00,1248.2,20190400,1248.2,20190400,1242.4,20190200
2018-12-14 16:15:00,1249.1,20190400,1249.1,20190400,1243.0,20190200
2018-12-14 16:30:00,1249.7,20190400,1249.7,20190400,1243.8,20190200
2018-12-14 16:45:00,1250.0,20190400,1250.0,20190400,1243.8,20190200
2018-12-14 17:00:00,1250.1,20190400,1250.1,20190400,1243.9,20190200
2018-12-14 17:15:00,1249.5,20190400,1249.5,20190400,1243.4,20190200
2018-12-14 17:30:00,1250.0,20190400,1250.0,20190400,1243.9,20190200
2018-12-14 17:45:00,1249.8,20190400,1249.8,20190400,1243.7,20190200
2018-12-14 18:00:00,1248.8,20190400,1248.8,20190400,1242.7,20190200
2018-12-14 18:15:00,1247.2,20190400,1247.2,20190400,1241.1,20190200
2018-12-14 18:30:00,1247.1,20190400,1247.1,20190400,1241.7,20190200
2018-12-14 18:45:00,1248.9,20190400,1248.9,20190400,1242.6,20190200
2018-12-14 19:00:00,1248.6,20190400,1248.6,20190400,1242.5,20190200
2018-12-14 19:15:00,1248.6,20190400,1248.6,20190400,1242.6,20190200
2018-12-14 19:30:00,1248.6,20190400,1248.6,20190400,1243.0,20190200
2018-12-14 19:45:00,1248.6,20190400,1248.6,20190400,1242.5,20190200
2018-12-14 20:00:00,1248.1,20190400,1248.1,20190400,1242.0,20190200
2018-12-14 20:15:00,1248.1,20190400,1248.1,20190400,1241.8,20190200
2018-12-14 20:30:00,1247.9,20190400,1247.9,20190400,1241.9,20190200
2018-12-14 20:45:00,1247.9,20190400,1247.9,20190400,1242.1,20190200
2018-12-14 21:00:00,1247.9,20190400,1247.9,20190400,1242.2,20190200
2018-12-14 21:15:00,1247.9,20190400,1247.9,20190400,1242.0,20190200
2018-12-14 21:30:00,1248.2,20190400,1248.2,20190400,1242.0,20190200
2018-12-14 21:45:00,1248.2,20190400,1248.2,20190400,1242.3,20190200
2018-12-14 23:00:00,1250.7,20190400,1250.7,20190400,1244.5,20190200
2018-12-16 23:00:00,1247.4,20190400,1247.4,20190400,1241.0,20190200
2018-12-16 23:15:00,1247.4,20190400,1247.4,20190400,1241.2,20190200
2018-12-16 23:30:00,1247.4,20190400,1247.4,20190400,1241.0,20190200
2018-12-16 23:45:00,1247.4,20190400,1247.4,20190400,1240.9,20190200
2018-12-17 00:00:00,1247.4,20190400,1247.4,20190400,1241.4,20190200
2018-12-17 00:15:00,1247.4,20190400,1247.4,20190400,1240.5,20190200
2018-12-17 00:30:00,1247.4,20190400,1247.4,20190400,1240.3,20190200
2018-12-17 00:45:00,1245.9,20190400,1245.9,20190400,1240.1,20190200
2018-12-17 01:00:00,1246.4,20190400,1246.4,20190400,1240.5,20190200
2018-12-17 01:15:00,1246.4,20190400,1246.4,20190400,1241.3,20190200
2018-12-17 01:30:00,1246.4,20190400,1246.4,20190400,1241.4,20190200
2018-12-17 01:45:00,1246.4,20190400,1246.4,20190400,1241.4,20190200
2018-12-17 02:00:00,1246.4,20190400,1246.4,20190400,1240.9,20190200
2018-12-17 02:15:00,1247.7,20190400,1247.7,20190400,1241.2,20190200
2018-12-17 02:30:00,1247.7,20190400,1247.7,20190400,1241.0,20190200
2018-12-17 02:45:00,1247.7,20190400,1247.7,20190400,1241.5,20190200
2018-12-17 03:00:00,1247.7,20190400,1247.7,20190400,1241.4,20190200
2018-12-17 03:15:00,1247.5,20190400,1247.5,20190400,1241.2,20190200
2018-12-17 03:30:00,1247.5,20190400,1247.5,20190400,1241.4,20190200
2018-12-17 03:45:00,1247.5,20190400,1247.5,20190400,1241.4,20190200
2018-12-17 04:00:00,1247.5,20190400,1247.5,20190400,1241.3,20190200
2018-12-17 04:15:00,1247.3,20190400,1247.3,20190400,1241.3,20190200
2018-12-17 04:30:00,1247.6,20190400,1247.6,20190400,1241.2,20190200
2018-12-17 04:45:00,1247.2,20190400,1247.2,20190400,1240.6,20190200
2018-12-17 05:15:00,1247.2,20190400,1247.2,20190400,1240.5,20190200
2018-12-17 05:30:00,1247.2,20190400,1247.2,20190400,1240.2,20190200
2018-12-17 05:45:00,1247.2,20190400,1247.2,20190400,1240.5,20190200
2018-12-17 06:15:00,1247.3,20190400,1247.3,20190400,1241.2,20190200
2018-12-17 06:30:00,1247.4,20190400,1247.4,20190400,1241.5,20190200
2018-12-17 06:45:00,1247.5,20190400,1247.5,20190400,1241.1,20190200
2018-12-17 07:00:00,1247.7,20190400,1247.7,20190400,1241.5,20190200
2018-12-17 07:15:00,1248.0,20190400,1248.0,20190400,1242.0,20190200
2018-12-17 07:30:00,1248.7,20190400,1248.7,20190400,1242.4,20190200
2018-12-17 07:45:00,1248.5,20190400,1248.5,20190400,1242.5,20190200
2018-12-17 08:00:00,1248.2,20190400,1248.2,20190400,1241.9,20190200
2018-12-17 08:15:00,1247.4,20190400,1247.4,20190400,1241.4,20190200
2018-12-17 08:30:00,1247.4,20190400,1247.4,20190400,1242.1,20190200
2018-12-17 08:45:00,1248.0,20190400,1248.0,20190400,1241.7,20190200
2018-12-17 09:00:00,1248.1,20190400,1248.1,20190400,1241.7,20190200
2018-12-17 09:15:00,1248.2,20190400,1248.2,20190400,1241.8,20190200
2018-12-17 09:30:00,1247.8,20190400,1247.8,20190400,1241.7,20190200
2018-12-17 09:45:00,1248.1,20190400,1248.1,20190400,1242.1,20190200
2018-12-17 10:00:00,1249.0,20190400,1249.0,20190400,1243.3,20190200
2018-12-17 10:15:00,1249.3,20190400,1249.3,20190400,1243.2,20190200
2018-12-17 10:30:00,1249.6,20190400,1249.6,20190400,1243.6,20190200
2018-12-17 10:45:00,1249.5,20190400,1249.5,20190400,1243.4,20190200
2018-12-17 11:00:00,1249.6,20190400,1249.6,20190400,1243.7,20190200
2018-12-17 11:15:00,1250.0,20190400,1250.0,20190400,1243.6,20190200
2018-12-17 11:30:00,1249.9,20190400,1249.9,20190400,1243.5,20190200
2018-12-17 11:45:00,1249.7,20190400,1249.7,20190400,1243.7,20190200
2018-12-17 12:00:00,1249.5,20190400,1249.5,20190400,1243.4,20190200
2018-12-17 12:15:00,1249.5,20190400,1249.5,20190400,1243.4,20190200
2018-12-17 12:30:00,1249.9,20190400,1249.9,20190400,1243.8,20190200
2018-12-17 12:45:00,1249.8,20190400,1249.8,20190400,1243.7,20190200
2018-12-17 13:00:00,1249.8,20190400,1249.8,20190400,1243.5,20190200
2018-12-17 13:15:00,1249.6,20190400,1249.6,20190400,1243.5,20190200
2018-12-17 13:30:00,1251.5,20190400,1251.5,20190400,1245.7,20190200
2018-12-17 13:45:00,1252.0,20190400,1252.0,20190400,1245.4,20190200
2018-12-17 14:00:00,1250.7,20190400,1250.7,20190400,1244.6,20190200
2018-12-17 14:15:00,1251.2,20190400,1251.2,20190400,1245.1,20190200
2018-12-17 14:30:00,1251.9,20190400,1251.9,20190400,1245.8,20190200
2018-12-17 14:45:00,1252.0,20190400,1252.0,20190400,1245.7,20190200
2018-12-17 15:00:00,1251.5,20190400,1251.5,20190400,1245.7,20190200
2018-12-17 15:15:00,1252.2,20190400,1252.2,20190400,1246.0,20190200
2018-12-17 15:30:00,1251.8,20190400,1251.8,20190400,1245.9,20190200
2018-12-17 15:45:00,1252.5,20190400,1252.5,20190400,1246.4,20190200
2018-12-17 16:00:00,1252.4,20190400,1252.4,20190400,1246.4,20190200
2018-12-17 16:15:00,1253.1,20190400,1253.1,20190400,1246.9,20190200
2018-12-17 16:30:00,1252.4,20190400,1252.4,20190400,1246.7,20190200
2018-12-17 16:45:00,1253.1,20190400,1253.1,20190400,1246.7,20190200
2018-12-17 17:00:00,1253.2,20190400,1253.2,20190400,1247.0,20190200
2018-12-17 17:15:00,1254.1,20190400,1254.1,20190400,1247.8,20190200
2018-12-17 17:30:00,1255.5,20190400,1255.5,20190400,1249.3,20190200
2018-12-17 17:45:00,1256.7,20190400,1256.7,20190400,1250.7,20190200
2018-12-17 18:00:00,1257.2,20190400,1257.2,20190400,1251.4,20190200
2018-12-17 18:15:00,1258.1,20190400,1258.1,20190400,1251.9,20190200
2018-12-17 18:30:00,1256.8,20190400,1256.8,20190400,1250.6,20190200
2018-12-17 18:45:00,1256.3,20190400,1256.3,20190400,1250.2,20190200
2018-12-17 19:00:00,1255.9,20190400,1255.9,20190400,1250.4,20190200
2018-12-17 19:15:00,1255.9,20190400,1255.9,20190400,1250.0,20190200
2018-12-17 19:30:00,1255.7,20190400,1255.7,20190400,1249.7,20190200
2018-12-17 19:45:00,1255.7,20190400,1255.7,20190400,1249.6,20190200
2018-12-17 20:00:00,1256.0,20190400,1256.0,20190400,1249.9,20190200
2018-12-17 20:15:00,1256.6,20190400,1256.6,20190400,1250.2,20190200
2018-12-17 20:30:00,1256.2,20190400,1256.2,20190400,1249.9,20190200
2018-12-17 20:45:00,1256.3,20190400,1256.3,20190400,1250.2,20190200
2018-12-17 21:00:00,1256.1,20190400,1256.1,20190400,1249.8,20190200
2018-12-17 21:15:00,1256.0,20190400,1256.0,20190400,1249.9,20190200
2018-12-17 21:30:00,1255.9,20190400,1255.9,20190400,1249.8,20190200
2018-12-17 21:45:00,1255.9,20190400,1255.9,20190400,1249.7,20190200
2018-12-17 23:00:00,1255.5,20190400,1255.5,20190400,1241.2,20190200
2018-12-17 23:15:00,1255.5,20190400,1255.5,20190400,1249.7,20190200
2018-12-17 23:30:00,1256.5,20190400,1256.5,20190400,1250.3,20190200
2018-12-17 23:45:00,1256.1,20190400,1256.1,20190400,1249.8,20190200
2018-12-18 00:00:00,1256.1,20190400,1256.1,20190400,1249.9,20190200
2018-12-18 00:15:00,1255.6,20190400,1255.6,20190400,1250.2,20190200
2018-12-18 00:30:00,1255.6,20190400,1255.6,20190400,1250.3,20190200
2018-12-18 00:45:00,1256.3,20190400,1256.3,20190400,1250.1,20190200
2018-12-18 01:00:00,1255.6,20190400,1255.6,20190400,1249.9,20190200
2018-12-18 01:15:00,1256.7,20190400,1256.7,20190400,1250.7,20190200
2018-12-18 01:30:00,1256.6,20190400,1256.6,20190400,1251.2,20190200
2018-12-18 01:45:00,1257.6,20190400,1257.6,20190400,1251.2,20190200
2018-12-18 02:00:00,1258.0,20190400,1258.0,20190400,1251.9,20190200
2018-12-18 02:15:00,1258.0,20190400,1258.0,20190400,1252.1,20190200
2018-12-18 02:30:00,1258.0,20190400,1258.0,20190400,1251.7,20190200
2018-12-18 02:45:00,1258.0,20190400,1258.0,20190400,1251.9,20190200
2018-12-18 03:00:00,1258.0,20190400,1258.0,20190400,1252.1,20190200
2018-12-18 03:15:00,1258.4,20190400,1258.4,20190400,1252.1,20190200
2018-12-18 03:30:00,1258.6,20190400,1258.6,20190400,1252.7,20190200
2018-12-18 03:45:00,1258.7,20190400,1258.7,20190400,1252.4,20190200
2018-12-18 04:00:00,1259.0,20190400,1259.0,20190400,1252.9,20190200
2018-12-18 04:15:00,1259.0,20190400,1259.0,20190400,1252.8,20190200
2018-12-18 04:30:00,1259.0,20190400,1259.0,20190400,1252.9,20190200
2018-12-18 04:45:00,1258.4,20190400,1258.4,20190400,1252.3,20190200
2018-12-18 05:15:00,1258.4,20190400,1258.4,20190400,1252.1,20190200
2018-12-18 05:30:00,1257.9,20190400,1257.9,20190400,1251.6,20190200
2018-12-18 05:45:00,1257.9,20190400,1257.9,20190400,1251.5,20190200
2018-12-18 06:15:00,1257.9,20190400,1257.9,20190400,1250.4,20190200
2018-12-18 06:30:00,1256.0,20190400,1256.0,20190400,1250.1,20190200
2018-12-18 06:45:00,1256.0,20190400,1256.0,20190400,1249.3,20190200
2018-12-18 07:00:00,1255.5,20190400,1255.5,20190400,1250.1,20190200
2018-12-18 07:15:00,1256.5,20190400,1256.5,20190400,1250.3,20190200
2018-12-18 07:30:00,1257.1,20190400,1257.1,20190400,1251.2,20190200
2018-12-18 07:45:00,1257.9,20190400,1257.9,20190400,1251.8,20190200
2018-12-18 08:00:00,1257.9,20190400,1257.9,20190400,1252.8,20190200
2018-12-18 08:15:00,1259.0,20190400,1259.0,20190400,1252.5,20190200
2018-12-18 08:30:00,1257.9,20190400,1257.9,20190400,1251.7,20190200
2018-12-18 08:45:00,1258.1,20190400,1258.1,20190400,1252.4,20190200
2018-12-18 09:00:00,1258.3,20190400,1258.3,20190400,1252.0,20190200
2018-12-18 09:15:00,1258.0,20190400,1258.0,20190400,1252.2,20190200
2018-12-18 09:30:00,1258.0,20190400,1258.0,20190400,1253.0,20190200
2018-12-18 09:45:00,1259.2,20190400,1259.2,20190400,1253.2,20190200
2018-12-18 10:00:00,1259.4,20190400,1259.4,20190400,1252.9,20190200
2018-12-18 10:15:00,1259.4,20190400,1259.4,20190400,1253.3,20190200
2018-12-18 10:30:00,1259.4,20190400,1259.4,20190400,1252.9,20190200
2018-12-18 10:45:00,1259.6,20190400,1259.6,20190400,1253.4,20190200
2018-12-18 11:00:00,1260.0,20190400,1260.0,20190400,1254.0,20190200
2018-12-18 11:15:00,1260.0,20190400,1260.0,20190400,1253.7,20190200
2018-12-18 11:30:00,1259.9,20190400,1259.9,20190400,1253.5,20190200
2018-12-18 11:45:00,1259.2,20190400,1259.2,20190400,1252.9,20190200
2018-12-18 12:00:00,1258.5,20190400,1258.5,20190400,1252.3,20190200
2018-12-18 12:15:00,1258.2,20190400,1258.2,20190400,1252.6,20190200
2018-12-18 12:30:00,1258.1,20190400,1258.1,20190400,1251.8,20190200
2018-12-18 12:45:00,1257.3,20190400,1257.3,20190400,1251.1,20190200
2018-12-18 13:00:00,1257.3,20190400,1257.3,20190400,1251.2,20190200
2018-12-18 13:15:00,1258.0,20190400,1258.0,20190400,1251.8,20190200
2018-12-18 13:30:00,1257.1,20190400,1257.1,20190400,1251.5,20190200
2018-12-18 13:45:00,1257.9,20190400,1257.9,20190400,1251.6,20190200
2018-12-18 14:00:00,1256.5,20190400,1256.5,20190400,1250.8,20190200
2018-12-18 14:15:00,1256.3,20190400,1256.3,20190400,1250.1,20190200
2018-12-18 14:30:00,1256.8,20190400,1256.8,20190400,1250.7,20190200
2018-12-18 14:45:00,1257.3,20190400,1257.3,20190400,1250.8,20190200
2018-12-18 15:00:00,1257.4,20190400,1257.4,20190400,1251.0,20190200
2018-12-18 15:15:00,1257.3,20190400,1257.3,20190400,1251.0,20190200
2018-12-18 15:30:00,1257.4,20190400,1257.4,20190400,1251.4,20190200
2018-12-18 15:45:00,1256.4,20190400,1256.4,20190400,1250.4,20190200
2018-12-18 16:00:00,1256.3,20190400,1256.3,20190400,1250.2,20190200
2018-12-18 16:15:00,1258.4,20190400,1258.4,20190400,1252.2,20190200
2018-12-18 16:30:00,1258.4,20190400,1258.4,20190400,1252.2,20190200
2018-12-18 16:45:00,1258.2,20190400,1258.2,20190400,1252.2,20190200
2018-12-18 17:00:00,1258.6,20190400,1258.6,20190400,1252.5,20190200
2018-12-18 17:15:00,1258.9,20190400,1258.9,20190400,1252.3,20190200
2018-12-18 17:30:00,1259.3,20190400,1259.3,20190400,1253.2,20190200
2018-12-18 17:45:00,1259.1,20190400,1259.1,20190400,1253.1,20190200
2018-12-18 18:00:00,1258.7,20190400,1258.7,20190400,1253.0,20190200
2018-12-18 18:15:00,1259.4,20190400,1259.4,20190400,1253.4,20190200
2018-12-18 18:30:00,1259.2,20190400,1259.2,20190400,1253.2,20190200
2018-12-18 18:45:00,1258.9,20190400,1258.9,20190400,1253.4,20190200
2018-12-18 19:00:00,1258.9,20190400,1258.9,20190400,1253.6,20190200
2018-12-18 19:15:00,1258.9,20190400,1258.9,20190400,1253.4,20190200
2018-12-18 19:30:00,1259.7,20190400,1259.7,20190400,1253.4,20190200
2018-12-18 19:45:00,1258.9,20190400,1258.9,20190400,1252.8,20190200
2018-12-18 20:00:00,1259.4,20190400,1259.4,20190400,1253.3,20190200
2018-12-18 20:15:00,1259.4,20190400,1259.4,20190400,1252.9,20190200
2018-12-18 20:30:00,1259.4,20190400,1259.4,20190400,1252.9,20190200
2018-12-18 20:45:00,1259.1,20190400,1259.1,20190400,1253.3,20190200
2018-12-18 21:00:00,1259.1,20190400,1259.1,20190400,1253.4,20190200
2018-12-18 21:15:00,1259.6,20190400,1259.6,20190400,1253.3,20190200
2018-12-18 21:30:00,1259.5,20190400,1259.5,20190400,1253.3,20190200
2018-12-18 21:45:00,1259.8,20190400,1259.8,20190400,1253.3,20190200
2018-12-18 23:00:00,1256.8,20190400,1256.8,20190400,1250.6,20190200
2018-12-18 23:15:00,1260.0,20190400,1260.0,20190400,1253.6,20190200
2018-12-18 23:30:00,1260.0,20190400,1260.0,20190400,1253.8,20190200
2018-12-18 23:45:00,1259.7,20190400,1259.7,20190400,1253.4,20190200
2018-12-19 00:00:00,1261.1,20190400,1261.1,20190400,1254.6,20190200
2018-12-19 00:15:00,1261.1,20190400,1261.1,20190400,1254.1,20190200
2018-12-19 00:30:00,1261.1,20190400,1261.1,20190400,1253.0,20190200
2018-12-19 00:45:00,1259.2,20190400,1259.2,20190400,1253.3,20190200
2018-12-19 01:00:00,1259.2,20190400,1259.2,20190400,1253.7,20190200
2018-12-19 01:15:00,1259.2,20190400,1259.2,20190400,1253.3,20190200
2018-12-19 01:30:00,1259.1,20190400,1259.1,20190400,1253.0,20190200
2018-12-19 01:45:00,1259.3,20190400,1259.3,20190400,1253.0,20190200
2018-12-19 02:00:00,1259.3,20190400,1259.3,20190400,1253.8,20190200
2018-12-19 02:15:00,1259.3,20190400,1259.3,20190400,1254.3,20190200
2018-12-19 02:30:00,1259.3,20190400,1259.3,20190400,1254.2,20190200
2018-12-19 02:45:00,1259.3,20190400,1259.3,20190400,1254.7,20190200
2018-12-19 03:00:00,1259.3,20190400,1259.3,20190400,1254.7,20190200
2018-12-19 03:15:00,1259.3,20190400,1259.3,20190400,1254.6,20190200
2018-12-19 03:30:00,1259.3,20190400,1259.3,20190400,1254.5,20190200
2018-12-19 03:45:00,1260.8,20190400,1260.8,20190400,1254.4,20190200
2018-12-19 04:00:00,1260.8,20190400,1260.8,20190400,1254.7,20190200
2018-12-19 04:15:00,1260.8,20190400,1260.8,20190400,1255.2,20190200
2018-12-19 04:30:00,1261.1,20190400,1261.1,20190400,1254.9,20190200
2018-12-19 04:45:00,1261.1,20190400,1261.1,20190400,1255.0,20190200
2018-12-19 05:15:00,1261.1,20190400,1261.1,20190400,1255.0,20190200
2018-12-19 05:30:00,1261.1,20190400,1261.1,20190400,1254.7,20190200
2018-12-19 05:45:00,1261.1,20190400,1261.1,20190400,1254.4,20190200
2018-12-19 06:15:00,1259.7,20190400,1259.7,20190400,1253.5,20190200
2018-12-19 06:30:00,1260.4,20190400,1260.4,20190400,1254.2,20190200
2018-12-19 06:45:00,1260.5,20190400,1260.5,20190400,1253.6,20190200
2018-12-19 07:00:00,1260.5,20190400,1260.5,20190400,1254.1,20190200
2018-12-19 07:15:00,1260.5,20190400,1260.5,20190400,1254.3,20190200
2018-12-19 07:30:00,1260.6,20190400,1260.6,20190400,1254.2,20190200
2018-12-19 07:45:00,1260.3,20190400,1260.3,20190400,1253.7,20190200
2018-12-19 08:00:00,1260.3,20190400,1260.3,20190400,1254.4,20190200
2018-12-19 08:15:00,1260.9,20190400,1260.9,20190400,1254.9,20190200
2018-12-19 08:30:00,1261.3,20190400,1261.3,20190400,1255.0,20190200
2018-12-19 08:45:00,1261.3,20190400,1261.3,20190400,1254.5,20190200
2018-12-19 09:00:00,1260.8,20190400,1260.8,20190400,1254.7,20190200
2018-12-19 09:15:00,1260.0,20190400,1260.0,20190400,1253.8,20190200
2018-12-19 09:30:00,1260.2,20190400,1260.2,20190400,1253.9,20190200
2018-12-19 09:45:00,1258.1,20190400,1258.1,20190400,1251.9,20190200
2018-12-19 10:00:00,1257.4,20190400,1257.4,20190400,1251.7,20190200
2018-12-19 10:15:00,1258.9,20190400,1258.9,20190400,1252.7,20190200
2018-12-19 10:30:00,1258.9,20190400,1258.9,20190400,1252.0,20190200
2018-12-19 10:45:00,1257.9,20190400,1257.9,20190400,1251.7,20190200
2018-12-19 11:00:00,1258.4,20190400,1258.4,20190400,1252.2,20190200
2018-12-19 11:15:00,1258.3,20190400,1258.3,20190400,1251.9,20190200
2018-12-19 11:30:00,1258.0,20190400,1258.0,20190400,1252.3,20190200
2018-12-19 11:45:00,1258.0,20190400,1258.0,20190400,1252.1,20190200
2018-12-19 12:00:00,1258.3,20190400,1258.3,20190400,1252.0,20190200
2018-12-19 12:15:00,1258.3,20190400,1258.3,20190400,1251.9,20190200
2018-12-19 12:30:00,1258.1,20190400,1258.1,20190400,1251.7,20190200
2018-12-19 12:45:00,1257.5,20190400,1257.5,20190400,1251.7,20190200
2018-12-19 13:00:00,1257.7,20190400,1257.7,20190400,1251.7,20190200
2018-12-19 13:15:00,1258.3,20190400,1258.3,20190400,1252.3,20190200
2018-12-19 13:30:00,1258.2,20190400,1258.2,20190400,1252.0,20190200
2018-12-19 13:45:00,1258.3,20190400,1258.3,20190400,1252.3,20190200
2018-12-19 14:00:00,1259.3,20190400,1259.3,20190400,1253.4,20190200
2018-12-19 14:15:00,1260.7,20190400,1260.7,20190400,1254.6,20190200
2018-12-19 14:30:00,1264.8,20190400,1264.8,20190400,1258.5,20190200
2018-12-19 14:45:00,1266.1,20190400,1266.1,20190400,1259.8,20190200
2018-12-19 15:00:00,1266.9,20190400,1266.9,20190400,1260.5,20190200
2018-12-19 15:15:00,1267.9,20190400,1267.9,20190400,1261.5,20190200
2018-12-19 15:30:00,1265.3,20190400,1265.3,20190400,1259.5,20190200
2018-12-19 15:45:00,1264.6,20190400,1264.6,20190400,1258.4,20190200
2018-12-19 16:00:00,1266.0,20190400,1266.0,20190400,1259.7,20190200
2018-12-19 16:15:00,1265.9,20190400,1265.9,20190400,1259.8,20190200
2018-12-19 16:30:00,1265.3,20190400,1265.3,20190400,1259.0,20190200
2018-12-19 16:45:00,1265.4,20190400,1265.4,20190400,1259.2,20190200
2018-12-19 17:00:00,1265.2,20190400,1265.2,20190400,1258.7,20190200
2018-12-19 17:15:00,1263.9,20190400,1263.9,20190400,1257.6,20190200
2018-12-19 17:30:00,1263.0,20190400,1263.0,20190400,1256.4,20190200
2018-12-19 17:45:00,1263.2,20190400,1263.2,20190400,1256.6,20190200
2018-12-19 18:00:00,1262.8,20190400,1262.8,20190400,1256.5,20190200
2018-12-19 18:15:00,1262.5,20190400,1262.5,20190400,1256.3,20190200
2018-12-19 18:30:00,1261.1,20190400,1261.1,20190400,1255.1,20190200
2018-12-19 18:45:00,1262.2,20190400,1262.2,20190400,1255.4,20190200
2018-12-19 19:00:00,1255.0,20190400,1255.0,20190400,1248.4,20190200
2018-12-19 19:15:00,1255.8,20190400,1255.8,20190400,1249.4,20190200
2018-12-19 19:30:00,1254.1,20190400,1254.1,20190400,1248.2,20190200
2018-12-19 19:45:00,1254.0,20190400,1254.0,20190400,1247.7,20190200
2018-12-19 20:00:00,1252.7,20190400,1252.7,20190400,1247.0,20190200
2018-12-19 20:15:00,1253.7,20190400,1253.7,20190400,1247.3,20190200
2018-12-19 20:30:00,1253.4,20190400,1253.4,20190400,1247.5,20190200
2018-12-19 20:45:00,1252.1,20190400,1252.1,20190400,1245.7,20190200
2018-12-19 21:00:00,1251.9,20190400,1251.9,20190400,1245.7,20190200
2018-12-19 21:15:00,1252.4,20190400,1252.4,20190400,1246.5,20190200
2018-12-19 21:30:00,1253.3,20190400,1253.3,20190400,1247.2,20190200
2018-12-19 21:45:00,1252.7,20190400,1252.7,20190400,1246.7,20190200
2018-12-19 23:00:00,1260.3,20190400,1260.3,20190400,1254.0,20190200
2018-12-19 23:15:00,1260.3,20190400,1260.3,20190400,1247.1,20190200
2018-12-19 23:30:00,1260.3,20190400,1260.3,20190400,1248.0,20190200
2018-12-19 23:45:00,1253.7,20190400,1253.7,20190400,1247.6,20190200
2018-12-20 00:00:00,1253.7,20190400,1253.7,20190400,1247.3,20190200
2018-12-20 00:15:00,1253.5,20190400,1253.5,20190400,1247.2,20190200
2018-12-20 00:30:00,1252.8,20190400,1252.8,20190400,1247.9,20190200
2018-12-20 00:45:00,1254.0,20190400,1254.0,20190400,1248.1,20190200
2018-12-20 01:00:00,1252.5,20190400,1252.5,20190400,1246.9,20190200
2018-12-20 01:15:00,1253.4,20190400,1253.4,20190400,1247.3,20190200
2018-12-20 01:30:00,1253.6,20190400,1253.6,20190400,1248.2,20190200
2018-12-20 01:45:00,1254.7,20190400,1254.7,20190400,1248.5,20190200
2018-12-20 02:00:00,1254.6,20190400,1254.6,20190400,1248.9,20190200
2018-12-20 02:15:00,1254.5,20190400,1254.5,20190400,1248.2,20190200
2018-12-20 02:30:00,1253.9,20190400,1253.9,20190400,1247.5,20190200
2018-12-20 02:45:00,1253.4,20190400,1253.4,20190400,1247.6,20190200
2018-12-20 03:00:00,1253.6,20190400,1253.6,20190400,1247.5,20190200
2018-12-20 03:15:00,1253.5,20190400,1253.5,20190400,1247.8,20190200
2018-12-20 03:30:00,1253.7,20190400,1253.7,20190400,1247.5,20190200
2018-12-20 03:45:00,1253.4,20190400,1253.4,20190400,1247.9,20190200
2018-12-20 04:00:00,1253.4,20190400,1253.4,20190400,1248.1,20190200
2018-12-20 04:15:00,1253.4,20190400,1253.4,20190400,1247.7,20190200
2018-12-20 04:30:00,1253.4,20190400,1253.4,20190400,1248.6,20190200
2018-12-20 04:45:00,1253.4,20190400,1253.4,20190400,1248.6,20190200
2018-12-20 05:15:00,1253.4,20190400,1253.4,20190400,1248.2,20190200
2018-12-20 05:30:00,1254.5,20190400,1254.5,20190400,1248.9,20190200
2018-12-20 05:45:00,1254.9,20190400,1254.9,20190400,1248.4,20190200
2018-12-20 06:15:00,1255.5,20190400,1255.5,20190400,1249.5,20190200
2018-12-20 06:30:00,1256.2,20190400,1256.2,20190400,1250.3,20190200
2018-12-20 06:45:00,1256.2,20190400,1256.2,20190400,1250.3,20190200
2018-12-20 07:00:00,1256.8,20190400,1256.8,20190400,1250.4,20190200
2018-12-20 07:15:00,1257.7,20190400,1257.7,20190400,1251.1,20190200
2018-12-20 07:30:00,1257.0,20190400,1257.0,20190400,1251.7,20190200
2018-12-20 07:45:00,1257.8,20190400,1257.8,20190400,1251.8,20190200
2018-12-20 08:00:00,1259.0,20190400,1259.0,20190400,1252.5,20190200
2018-12-20 08:15:00,1258.8,20190400,1258.8,20190400,1253.1,20190200
2018-12-20 08:30:00,1259.8,20190400,1259.8,20190400,1253.6,20190200
2018-12-20 08:45:00,1259.1,20190400,1259.1,20190400,1252.8,20190200
2018-12-20 09:00:00,1259.1,20190400,1259.1,20190400,1254.3,20190200
2018-12-20 09:15:00,1263.4,20190400,1263.4,20190400,1256.5,20190200
2018-12-20 09:30:00,1263.6,20190400,1263.6,20190400,1257.8,20190200
2018-12-20 09:45:00,1266.3,20190400,1266.3,20190400,1260.4,20190200
2018-12-20 10:00:00,1265.1,20190400,1265.1,20190400,1259.0,20190200
2018-12-20 10:15:00,1265.4,20190400,1265.4,20190400,1258.9,20190200
2018-12-20 10:30:00,1264.3,20190400,1264.3,20190400,1258.5,20190200
2018-12-20 10:45:00,1265.4,20190400,1265.4,20190400,1259.4,20190200
2018-12-20 11:00:00,1265.2,20190400,1265.2,20190400,1259.2,20190200
2018-12-20 11:15:00,1264.8,20190400,1264.8,20190400,1258.8,20190200
2018-12-20 11:30:00,1265.9,20190400,1265.9,20190400,1260.0,20190200
2018-12-20 11:45:00,1265.4,20190400,1265.4,20190400,1259.5,20190200
2018-12-20 12:00:00,1266.1,20190400,1266.1,20190400,1260.0,20190200
2018-12-20 12:15:00,1266.1,20190400,1266.1,20190400,1258.5,20190200
2018-12-20 12:30:00,1264.6,20190400,1264.6,20190400,1257.9,20190200
2018-12-20 12:45:00,1264.0,20190400,1264.0,20190400,1258.0,20190200
2018-12-20 13:00:00,1265.0,20190400,1265.0,20190400,1258.9,20190200
2018-12-20 13:15:00,1264.8,20190400,1264.8,20190400,1258.7,20190200
2018-12-20 13:30:00,1266.3,20190400,1266.3,20190400,1260.3,20190200
2018-12-20 13:45:00,1266.3,20190400,1266.3,20190400,1260.5,20190200
2018-12-20 14:00:00,1268.8,20190400,1268.8,20190400,1262.9,20190200
2018-12-20 14:15:00,1269.7,20190400,1269.7,20190400,1263.6,20190200
2018-12-20 14:30:00,1268.5,20190400,1268.5,20190400,1261.9,20190200
2018-12-20 14:45:00,1269.5,20190400,1269.5,20190400,1263.0,20190200
2018-12-20 15:00:00,1270.1,20190400,1270.1,20190400,1264.2,20190200
2018-12-20 15:15:00,1270.3,20190400,1270.3,20190400,1264.3,20190200
2018-12-20 15:30:00,1266.5,20190400,1266.5,20190400,1260.9,20190200
2018-12-20 15:45:00,1266.4,20190400,1266.4,20190400,1259.8,20190200
2018-12-20 16:00:00,1267.8,20190400,1267.8,20190400,1261.5,20190200
2018-12-20 16:15:00,1268.0,20190400,1268.0,20190400,1261.9,20190200
2018-12-20 16:30:00,1269.0,20190400,1269.0,20190400,1262.3,20190200
2018-12-20 16:45:00,1269.0,20190400,1269.0,20190400,1263.6,20190200
2018-12-20 17:00:00,1270.6,20190400,1270.6,20190400,1264.0,20190200
2018-12-20 17:15:00,1271.1,20190400,1271.1,20190400,1264.8,20190200
2018-12-20 17:30:00,1272.7,20190400,1272.7,20190400,1266.5,20190200
2018-12-20 17:45:00,1272.5,20190400,1272.5,20190400,1266.3,20190200
2018-12-20 18:00:00,1273.1,20190400,1273.1,20190400,1266.9,20190200
2018-12-20 18:15:00,1274.0,20190400,1274.0,20190400,1267.7,20190200
2018-12-20 18:30:00,1273.8,20190400,1273.8,20190400,1267.5,20190200
2018-12-20 18:45:00,1274.2,20190400,1274.2,20190400,1268.2,20190200
2018-12-20 19:00:00,1276.3,20190400,1276.3,20190400,1269.6,20190200
2018-12-20 19:15:00,1274.9,20190400,1274.9,20190400,1268.1,20190200
2018-12-20 19:30:00,1271.6,20190400,1271.6,20190400,1265.2,20190200
2018-12-20 19:45:00,1272.5,20190400,1272.5,20190400,1266.3,20190200
2018-12-20 20:00:00,1273.3,20190400,1273.3,20190400,1266.9,20190200
2018-12-20 20:15:00,1273.7,20190400,1273.7,20190400,1266.9,20190200
2018-12-20 20:30:00,1269.9,20190400,1269.9,20190400,1264.2,20190200
2018-12-20 20:45:00,1270.8,20190400,1270.8,20190400,1264.6,20190200
2018-12-20 21:00:00,1270.1,20190400,1270.1,20190400,1263.4,20190200
2018-12-20 21:15:00,1270.1,20190400,1270.1,20190400,1264.2,20190200
2018-12-20 21:30:00,1270.1,20190400,1270.1,20190400,1264.0,20190200
2018-12-20 21:45:00,1269.7,20190400,1269.7,20190400,1263.4,20190200
2018-12-20 23:00:00,1255.0,20190400,1255.0,20190400,1249.1,20190200
2018-12-20 23:15:00,1255.0,20190400,1255.0,20190400,1264.6,20190200
2018-12-20 23:30:00,1255.0,20190400,1255.0,20190400,1265.0,20190200
2018-12-20 23:45:00,1271.5,20190400,1271.5,20190400,1265.5,20190200
2018-12-21 00:00:00,1271.6,20190400,1271.6,20190400,1265.1,20190200
2018-12-21 00:15:00,1271.9,20190400,1271.9,20190400,1265.7,20190200
2018-12-21 00:30:00,1271.5,20190400,1271.5,20190400,1265.2,20190200
2018-12-21 00:45:00,1271.1,20190400,1271.1,20190400,1265.2,20190200
2018-12-21 01:00:00,1270.1,20190400,1270.1,20190400,1263.7,20190200
2018-12-21 01:15:00,1270.2,20190400,1270.2,20190400,1264.1,20190200
2018-12-21 01:30:00,1270.5,20190400,1270.5,20190400,1264.5,20190200
2018-12-21 01:45:00,1270.5,20190400,1270.5,20190400,1264.6,20190200
2018-12-21 02:00:00,1270.3,20190400,1270.3,20190400,1264.1,20190200
2018-12-21 02:15:00,1270.3,20190400,1270.3,20190400,1264.1,20190200
2018-12-21 02:30:00,1269.9,20190400,1269.9,20190400,1263.8,20190200
2018-12-21 02:45:00,1269.9,20190400,1269.9,20190400,1264.1,20190200
2018-12-21 03:00:00,1269.9,20190400,1269.9,20190400,1263.7,20190200
2018-12-21 03:15:00,1269.8,20190400,1269.8,20190400,1263.8,20190200
2018-12-21 03:30:00,1269.8,20190400,1269.8,20190400,1263.5,20190200
2018-12-21 03:45:00,1270.0,20190400,1270.0,20190400,1263.8,20190200
2018-12-21 04:00:00,1270.0,20190400,1270.0,20190400,1263.1,20190200
2018-12-21 04:15:00,1269.1,20190400,1269.1,20190400,1262.8,20190200
2018-12-21 04:30:00,1269.1,20190400,1269.1,20190400,1263.1,20190200
2018-12-21 04:45:00,1269.1,20190400,1269.1,20190400,1262.6,20190200
2018-12-21 05:15:00,1269.1,20190400,1269.1,20190400,1262.7,20190200
2018-12-21 05:30:00,1268.6,20190400,1268.6,20190400,1262.7,20190200
2018-12-21 05:45:00,1269.1,20190400,1269.1,20190400,1262.7,20190200
2018-12-21 06:15:00,1268.6,20190400,1268.6,20190400,1262.4,20190200
2018-12-21 06:30:00,1268.3,20190400,1268.3,20190400,1262.5,20190200
2018-12-21 06:45:00,1268.8,20190400,1268.8,20190400,1263.0,20190200
2018-12-21 07:00:00,1270.4,20190400,1270.4,20190400,1264.0,20190200
2018-12-21 07:15:00,1270.6,20190400,1270.6,20190400,1264.4,20190200
2018-12-21 07:30:00,1271.1,20190400,1271.1,20190400,1265.0,20190200
2018-12-21 07:45:00,1271.0,20190400,1271.0,20190400,1264.9,20190200
2018-12-21 08:00:00,1271.2,20190400,1271.2,20190400,1265.1,20190200
2018-12-21 08:15:00,1271.5,20190400,1271.5,20190400,1265.2,20190200
2018-12-21 08:30:00,1269.9,20190400,1269.9,20190400,1263.5,20190200
2018-12-21 08:45:00,1268.9,20190400,1268.9,20190400,1262.6,20190200
2018-12-21 09:00:00,1268.9,20190400,1268.9,20190400,1262.7,20190200
2018-12-21 09:15:00,1266.4,20190400,1266.4,20190400,1262.0,20190200
2018-12-21 09:30:00,1268.0,20190400,1268.0,20190400,1261.6,20190200
2018-12-21 09:45:00,1267.8,20190400,1267.8,20190400,1260.7,20190200
2018-12-21 10:00:00,1265.5,20190400,1265.5,20190400,1259.4,20190200
2018-12-21 10:15:00,1267.3,20190400,1267.3,20190400,1261.1,20190200
2018-12-21 10:30:00,1267.3,20190400,1267.3,20190400,1261.2,20190200
2018-12-21 10:45:00,1267.3,20190400,1267.3,20190400,1261.0,20190200
2018-12-21 11:00:00,1269.5,20190400,1269.5,20190400,1263.0,20190200
2018-12-21 11:15:00,1268.9,20190400,1268.9,20190400,1263.1,20190200
2018-12-21 11:30:00,1268.9,20190400,1268.9,20190400,1262.7,20190200
2018-12-21 11:45:00,1268.9,20190400,1268.9,20190400,1263.5,20190200
2018-12-21 12:00:00,1269.3,20190400,1269.3,20190400,1263.1,20190200
2018-12-21 12:15:00,1268.7,20190400,1268.7,20190400,1262.6,20190200
2018-12-21 12:30:00,1268.9,20190400,1268.9,20190400,1262.8,20190200
2018-12-21 12:45:00,1269.3,20190400,1269.3,20190400,1263.1,20190200
2018-12-21 13:00:00,1269.4,20190400,1269.4,20190400,1263.2,20190200
2018-12-21 13:15:00,1270.6,20190400,1270.6,20190400,1264.5,20190200
2018-12-21 13:30:00,1270.6,20190400,1270.6,20190400,1264.4,20190200
2018-12-21 13:45:00,1270.2,20190400,1270.2,20190400,1264.3,20190200
2018-12-21 14:00:00,1269.7,20190400,1269.7,20190400,1263.1,20190200
2018-12-21 14:15:00,1269.8,20190400,1269.8,20190400,1264.0,20190200
2018-12-21 14:30:00,1269.2,20190400,1269.2,20190400,1263.3,20190200
2018-12-21 14:45:00,1267.4,20190400,1267.4,20190400,1261.3,20190200
2018-12-21 15:00:00,1266.3,20190400,1266.3,20190400,1260.3,20190200
2018-12-21 15:15:00,1268.3,20190400,1268.3,20190400,1262.2,20190200
2018-12-21 15:30:00,1268.0,20190400,1268.0,20190400,1261.7,20190200
2018-12-21 15:45:00,1268.4,20190400,1268.4,20190400,1262.4,20190200
2018-12-21 16:00:00,1269.0,20190400,1269.0,20190400,1263.1,20190200
2018-12-21 16:15:00,1268.5,20190400,1268.5,20190400,1262.2,20190200
2018-12-21 16:30:00,1267.1,20190400,1267.1,20190400,1260.9,20190200
2018-12-21 16:45:00,1267.2,20190400,1267.2,20190400,1260.9,20190200
2018-12-21 17:00:00,1267.1,20190400,1267.1,20190400,1260.8,20190200
2018-12-21 17:15:00,1266.7,20190400,1266.7,20190400,1260.6,20190200
2018-12-21 17:30:00,1266.8,20190400,1266.8,20190400,1260.7,20190200
2018-12-21 17:45:00,1266.4,20190400,1266.4,20190400,1260.3,20190200
2018-12-21 18:00:00,1263.9,20190400,1263.9,20190400,1257.8,20190200
2018-12-21 18:15:00,1264.1,20190400,1264.1,20190400,1258.0,20190200
2018-12-21 18:30:00,1263.6,20190400,1263.6,20190400,1257.4,20190200
2018-12-21 18:45:00,1264.6,20190400,1264.6,20190400,1258.5,20190200
2018-12-21 19:00:00,1264.5,20190400,1264.5,20190400,1258.7,20190200
2018-12-21 19:15:00,1265.1,20190400,1265.1,20190400,1259.1,20190200
2018-12-21 19:30:00,1265.3,20190400,1265.3,20190400,1259.1,20190200
2018-12-21 19:45:00,1264.9,20190400,1264.9,20190400,1258.5,20190200
2018-12-21 20:00:00,1264.7,20190400,1264.7,20190400,1258.8,20190200
2018-12-21 20:15:00,1264.5,20190400,1264.5,20190400,1258.2,20190200
2018-12-21 20:30:00,1264.8,20190400,1264.8,20190400,1258.4,20190200
2018-12-21 20:45:00,1264.6,20190400,1264.6,20190400,1258.6,20190200
2018-12-21 21:00:00,1264.9,20190400,1264.9,20190400,1258.7,20190200
2018-12-21 21:15:00,1264.9,20190400,1264.9,20190400,1258.3,20190200
2018-12-21 21:30:00,1264.8,20190400,1264.8,20190400,1258.9,20190200
2018-12-21 21:45:00,1265.0,20190400,1265.0,20190400,1259.1,20190200
2018-12-21 23:00:00,1268.9,20190400,1268.9,20190400,1262.4,20190200
2018-12-23 23:00:00,1267.9,20190400,1267.9,20190400,1262.1,20190200
2018-12-23 23:15:00,1267.6,20190400,1267.6,20190400,1261.6,20190200
2018-12-23 23:30:00,1267.6,20190400,1267.6,20190400,1261.5,20190200
2018-12-23 23:45:00,1267.6,20190400,1267.6,20190400,1262.2,20190200
2018-12-24 00:00:00,1269.9,20190400,1269.9,20190400,1263.7,20190200
2018-12-24 00:15:00,1269.9,20190400,1269.9,20190400,1264.1,20190200
2018-12-24 00:30:00,1269.9,20190400,1269.9,20190400,1263.6,20190200
2018-12-24 00:45:00,1270.0,20190400,1270.0,20190400,1263.7,20190200
2018-12-24 01:00:00,1269.9,20190400,1269.9,20190400,1263.9,20190200
2018-12-24 01:15:00,1269.9,20190400,1269.9,20190400,1263.7,20190200
2018-12-24 01:30:00,1270.0,20190400,1270.0,20190400,1263.6,20190200
2018-12-24 01:45:00,1270.3,20190400,1270.3,20190400,1264.2,20190200
2018-12-24 02:00:00,1270.3,20190400,1270.3,20190400,1264.5,20190200
2018-12-24 02:15:00,1270.3,20190400,1270.3,20190400,1265.4,20190200
2018-12-24 02:30:00,1272.0,20190400,1272.0,20190400,1265.8,20190200
2018-12-24 02:45:00,1273.1,20190400,1273.1,20190400,1267.1,20190200
2018-12-24 03:00:00,1272.9,20190400,1272.9,20190400,1266.6,20190200
2018-12-24 03:15:00,1273.0,20190400,1273.0,20190400,1266.8,20190200
2018-12-24 03:30:00,1273.0,20190400,1273.0,20190400,1266.7,20190200
2018-12-24 03:45:00,1273.2,20190400,1273.2,20190400,1267.2,20190200
2018-12-24 04:00:00,1273.2,20190400,1273.2,20190400,1266.9,20190200
2018-12-24 04:15:00,1273.2,20190400,1273.2,20190400,1267.2,20190200
2018-12-24 04:30:00,1273.4,20190400,1273.4,20190400,1267.4,20190200
2018-12-24 04:45:00,1273.4,20190400,1273.4,20190400,1267.2,20190200
2018-12-24 05:15:00,1273.4,20190400,1273.4,20190400,1267.1,20190200
2018-12-24 05:30:00,1273.3,20190400,1273.3,20190400,1266.6,20190200
2018-12-24 05:45:00,1272.6,20190400,1272.6,20190400,1266.7,20190200
2018-12-24 06:15:00,1272.5,20190400,1272.5,20190400,1266.1,20190200
2018-12-24 06:30:00,1271.6,20190400,1271.6,20190400,1265.3,20190200
2018-12-24 06:45:00,1272.2,20190400,1272.2,20190400,1266.2,20190200
2018-12-24 07:00:00,1273.0,20190400,1273.0,20190400,1266.8,20190200
2018-12-24 07:15:00,1272.9,20190400,1272.9,20190400,1266.4,20190200
2018-12-24 07:30:00,1272.9,20190400,1272.9,20190400,1266.0,20190200
2018-12-24 07:45:00,1272.9,20190400,1272.9,20190400,1265.8,20190200
2018-12-24 08:00:00,1273.5,20190400,1273.5,20190400,1267.7,20190200
2018-12-24 08:15:00,1274.3,20190400,1274.3,20190400,1267.5,20190200
2018-12-24 08:30:00,1273.4,20190400,1273.4,20190400,1266.4,20190200
2018-12-24 08:45:00,1271.8,20190400,1271.8,20190400,1266.6,20190200
2018-12-24 09:00:00,1273.0,20190400,1273.0,20190400,1266.4,20190200
2018-12-24 09:15:00,1272.6,20190400,1272.6,20190400,1265.7,20190200
2018-12-24 09:30:00,1271.8,20190400,1271.8,20190400,1265.4,20190200
2018-12-24 09:45:00,1271.4,20190400,1271.4,20190400,1265.2,20190200
2018-12-24 10:00:00,1271.4,20190400,1271.4,20190400,1265.1,20190200
2018-12-24 10:15:00,1271.4,20190400,1271.4,20190400,1265.3,20190200
2018-12-24 10:30:00,1271.1,20190400,1271.1,20190400,1264.6,20190200
2018-12-24 10:45:00,1268.8,20190400,1268.8,20190400,1263.2,20190200
2018-12-24 11:00:00,1270.3,20190400,1270.3,20190400,1263.9,20190200
2018-12-24 11:15:00,1270.3,20190400,1270.3,20190400,1263.8,20190200
2018-12-24 11:30:00,1269.7,20190400,1269.7,20190400,1263.4,20190200
2018-12-24 11:45:00,1270.1,20190400,1270.1,20190400,1264.0,20190200
2018-12-24 12:00:00,1270.7,20190400,1270.7,20190400,1265.0,20190200
2018-12-24 12:15:00,1271.7,20190400,1271.7,20190400,1265.8,20190200
2018-12-24 12:30:00,1270.9,20190400,1270.9,20190400,1264.8,20190200
2018-12-24 12:45:00,1271.7,20190400,1271.7,20190400,1265.4,20190200
2018-12-24 13:00:00,1272.5,20190400,1272.5,20190400,1266.2,20190200
2018-12-24 13:15:00,1270.9,20190400,1270.9,20190400,1265.0,20190200
2018-12-24 13:30:00,1270.9,20190400,1270.9,20190400,1265.1,20190200
2018-12-24 13:45:00,1271.6,20190400,1271.6,20190400,1266.2,20190200
2018-12-24 14:00:00,1272.0,20190400,1272.0,20190400,1266.3,20190200
2018-12-24 14:15:00,1273.6,20190400,1273.6,20190400,1267.6,20190200
2018-12-24 14:30:00,1274.4,20190400,1274.4,20190400,1268.4,20190200
2018-12-24 14:45:00,1275.8,20190400,1275.8,20190400,1269.6,20190200
2018-12-24 15:00:00,1276.0,20190400,1276.0,20190400,1269.5,20190200
2018-12-24 15:15:00,1275.7,20190400,1275.7,20190400,1269.9,20190200
2018-12-24 15:30:00,1275.0,20190400,1275.0,20190400,1268.8,20190200
2018-12-24 15:45:00,1275.1,20190400,1275.1,20190400,1269.2,20190200
2018-12-24 16:00:00,1275.1,20190400,1275.1,20190400,1268.8,20190200
2018-12-24 16:15:00,1277.0,20190400,1277.0,20190400,1270.7,20190200
2018-12-24 16:30:00,1277.2,20190400,1277.2,20190400,1271.2,20190200
2018-12-24 16:45:00,1277.6,20190400,1277.6,20190400,1271.3,20190200
2018-12-24 17:00:00,1278.6,20190400,1278.6,20190400,1272.4,20190200
2018-12-24 17:15:00,1278.0,20190400,1278.0,20190400,1271.7,20190200
2018-12-24 17:30:00,1278.6,20190400,1278.6,20190400,1272.3,20190200
2018-12-24 17:45:00,1277.9,20190400,1277.9,20190400,1271.8,20190200
2018-12-24 18:00:00,1278.8,20190400,1278.8,20190400,1272.4,20190200
2018-12-24 18:15:00,1279.4,20190400,1279.4,20190400,1273.1,20190200
2018-12-24 18:30:00,1278.7,20190400,1278.7,20190400,1272.5,20190200
2018-12-24 23:00:00,1272.7,20190400,1272.7,20190400,1266.6,20190200
2018-12-25 23:00:00,1280.7,20190400,1280.7,20190400,1274.5,20190200
2018-12-25 23:15:00,1280.0,20190400,1280.0,20190400,1272.8,20190200
2018-12-25 23:30:00,1277.5,20190400,1277.5,20190400,1270.8,20190200
2018-12-25 23:45:00,1277.5,20190400,1277.5,20190400,1270.8,20190200
2018-12-26 00:00:00,1276.7,20190400,1276.7,20190400,1269.8,20190200
2018-12-26 00:15:00,1274.9,20190400,1274.9,20190400,1268.9,20190200
2018-12-26 00:30:00,1274.3,20190400,1274.3,20190400,1268.5,20190200
2018-12-26 00:45:00,1274.3,20190400,1274.3,20190400,1269.1,20190200
2018-12-26 01:00:00,1277.9,20190400,1277.9,20190400,1271.4,20190200
2018-12-26 01:15:00,1278.8,20190400,1278.8,20190400,1272.8,20190200
2018-12-26 01:30:00,1280.4,20190400,1280.4,20190400,1274.2,20190200
2018-12-26 01:45:00,1280.8,20190400,1280.8,20190400,1274.3,20190200
2018-12-26 02:00:00,1281.4,20190400,1281.4,20190400,1275.3,20190200
2018-12-26 02:15:00,1281.8,20190400,1281.8,20190400,1275.6,20190200
2018-12-26 02:30:00,1282.0,20190400,1282.0,20190400,1275.4,20190200
2018-12-26 02:45:00,1282.0,20190400,1282.0,20190400,1275.7,20190200
2018-12-26 03:00:00,1281.7,20190400,1281.7,20190400,1275.4,20190200
2018-12-26 03:15:00,1282.4,20190400,1282.4,20190400,1276.2,20190200
2018-12-26 03:30:00,1282.2,20190400,1282.2,20190400,1276.0,20190200
2018-12-26 03:45:00,1282.2,20190400,1282.2,20190400,1275.7,20190200
2018-12-26 04:00:00,1282.2,20190400,1282.2,20190400,1276.0,20190200
2018-12-26 04:15:00,1282.0,20190400,1282.0,20190400,1275.6,20190200
2018-12-26 04:30:00,1282.0,20190400,1282.0,20190400,1275.9,20190200
2018-12-26 04:45:00,1281.8,20190400,1281.8,20190400,1275.9,20190200
2018-12-26 05:15:00,1281.8,20190400,1281.8,20190400,1275.6,20190200
2018-12-26 05:30:00,1281.4,20190400,1281.4,20190400,1275.4,20190200
2018-12-26 05:45:00,1282.5,20190400,1282.5,20190400,1276.2,20190200
2018-12-26 06:15:00,1284.0,20190400,1284.0,20190400,1277.8,20190200
2018-12-26 06:30:00,1284.0,20190400,1284.0,20190400,1277.3,20190200
2018-12-26 06:45:00,1282.8,20190400,1282.8,20190400,1277.2,20190200
2018-12-26 07:00:00,1282.7,20190400,1282.7,20190400,1276.6,20190200
2018-12-26 07:15:00,1282.7,20190400,1282.7,20190400,1276.5,20190200
2018-12-26 07:30:00,1281.7,20190400,1281.7,20190400,1276.1,20190200
2018-12-26 07:45:00,1281.7,20190400,1281.7,20190400,1276.1,20190200
2018-12-26 08:00:00,1282.6,20190400,1282.6,20190400,1276.8,20190200
2018-12-26 08:15:00,1282.8,20190400,1282.8,20190400,1276.4,20190200
2018-12-26 08:30:00,1281.4,20190400,1281.4,20190400,1275.2,20190200
2018-12-26 08:45:00,1281.5,20190400,1281.5,20190400,1275.6,20190200
2018-12-26 09:00:00,1282.1,20190400,1282.1,20190400,1276.0,20190200
2018-12-26 09:15:00,1282.1,20190400,1282.1,20190400,1276.1,20190200
2018-12-26 09:30:00,1282.1,20190400,1282.1,20190400,1276.2,20190200
2018-12-26 09:45:00,1281.9,20190400,1281.9,20190400,1275.9,20190200
2018-12-26 10:00:00,1281.6,20190400,1281.6,20190400,1275.5,20190200
2018-12-26 10:15:00,1281.6,20190400,1281.6,20190400,1275.8,20190200
2018-12-26 10:30:00,1281.6,20190400,1281.6,20190400,1275.9,20190200
2018-12-26 10:45:00,1282.0,20190400,1282.0,20190400,1276.5,20190200
2018-12-26 11:00:00,1283.3,20190400,1283.3,20190400,1277.3,20190200
2018-12-26 11:15:00,1283.3,20190400,1283.3,20190400,1276.6,20190200
2018-12-26 11:30:00,1283.3,20190400,1283.3,20190400,1276.5,20190200
2018-12-26 11:45:00,1282.6,20190400,1282.6,20190400,1276.4,20190200
2018-12-26 12:00:00,1282.4,20190400,1282.4,20190400,1275.2,20190200
2018-12-26 12:15:00,1280.5,20190400,1280.5,20190400,1274.6,20190200
2018-12-26 12:30:00,1281.6,20190400,1281.6,20190400,1275.2,20190200
2018-12-26 12:45:00,1281.4,20190400,1281.4,20190400,1275.2,20190200
2018-12-26 13:00:00,1286.0,20190400,1286.0,20190400,1278.7,20190200
2018-12-26 13:15:00,1284.6,20190400,1284.6,20190400,1278.5,20190200
2018-12-26 13:30:00,1283.9,20190400,1283.9,20190400,1278.1,20190200
2018-12-26 13:45:00,1283.6,20190400,1283.6,20190400,1277.8,20190200
2018-12-26 14:00:00,1285.4,20190400,1285.4,20190400,1278.4,20190200
2018-12-26 14:15:00,1285.6,20190400,1285.6,20190400,1279.0,20190200
2018-12-26 14:30:00,1283.7,20190400,1283.7,20190400,1277.5,20190200
2018-12-26 14:45:00,1283.8,20190400,1283.8,20190400,1277.7,20190200
2018-12-26 15:00:00,1286.0,20190400,1286.0,20190400,1279.9,20190200
2018-12-26 15:15:00,1286.4,20190400,1286.4,20190400,1280.2,20190200
2018-12-26 15:30:00,1287.4,20190400,1287.4,20190400,1281.3,20190200
2018-12-26 15:45:00,1287.6,20190400,1287.6,20190400,1281.5,20190200
2018-12-26 16:00:00,1288.0,20190400,1288.0,20190400,1281.7,20190200
2018-12-26 16:15:00,1286.4,20190400,1286.4,20190400,1280.8,20190200
2018-12-26 16:30:00,1287.5,20190400,1287.5,20190400,1280.9,20190200
2018-12-26 16:45:00,1286.0,20190400,1286.0,20190400,1279.3,20190200
2018-12-26 17:00:00,1281.6,20190400,1281.6,20190400,1275.4,20190200
2018-12-26 17:15:00,1281.3,20190400,1281.3,20190400,1275.3,20190200
2018-12-26 17:30:00,1279.7,20190400,1279.7,20190400,1274.2,20190200
2018-12-26 17:45:00,1279.0,20190400,1279.0,20190400,1272.9,20190200
2018-12-26 18:00:00,1278.3,20190400,1278.3,20190400,1272.4,20190200
2018-12-26 18:15:00,1279.2,20190400,1279.2,20190400,1273.1,20190200
2018-12-26 18:30:00,1277.3,20190400,1277.3,20190400,1271.2,20190200
2018-12-26 18:45:00,1276.1,20190400,1276.1,20190400,1269.8,20190200
2018-12-26 19:00:00,1277.1,20190400,1277.1,20190400,1269.6,20190200
2018-12-26 19:15:00,1275.6,20190400,1275.6,20190400,1269.9,20190200
2018-12-26 19:30:00,1275.5,20190400,1275.5,20190400,1269.4,20190200
2018-12-26 19:45:00,1275.0,20190400,1275.0,20190400,1269.3,20190200
2018-12-26 20:00:00,1274.2,20190400,1274.2,20190400,1268.4,20190200
2018-12-26 20:15:00,1275.0,20190400,1275.0,20190400,1268.7,20190200
2018-12-26 20:30:00,1275.5,20190400,1275.5,20190400,1269.3,20190200
2018-12-26 20:45:00,1275.5,20190400,1275.5,20190400,1268.9,20190200
2018-12-26 21:00:00,1274.9,20190400,1274.9,20190400,1268.9,20190200
2018-12-26 21:15:00,1274.9,20190400,1274.9,20190400,1269.5,20190200
2018-12-26 21:30:00,1276.0,20190400,1276.0,20190400,1269.8,20190200
2018-12-26 21:45:00,1275.9,20190400,1275.9,20190400,1269.8,20190200
2018-12-26 23:00:00,1283.4,20190400,1283.4,20190400,1277.2,20190200
2018-12-26 23:15:00,1278.0,20190400,1278.0,20190400,1271.9,20190200
2018-12-26 23:30:00,1277.7,20190400,1277.7,20190400,1271.8,20190200
2018-12-26 23:45:00,1278.0,20190400,1278.0,20190400,1271.6,20190200
2018-12-27 00:00:00,1278.0,20190400,1278.0,20190400,1271.9,20190200
2018-12-27 00:15:00,1278.0,20190400,1278.0,20190400,1271.9,20190200
2018-12-27 00:30:00,1278.0,20190400,1278.0,20190400,1271.7,20190200
2018-12-27 00:45:00,1279.1,20190400,1279.1,20190400,1272.9,20190200
2018-12-27 01:00:00,1280.5,20190400,1280.5,20190400,1274.3,20190200
2018-12-27 01:15:00,1280.0,20190400,1280.0,20190400,1273.3,20190200
2018-12-27 01:30:00,1280.2,20190400,1280.2,20190400,1273.8,20190200
2018-12-27 01:45:00,1280.2,20190400,1280.2,20190400,1273.1,20190200
2018-12-27 02:00:00,1279.6,20190400,1279.6,20190400,1273.4,20190200
2018-12-27 02:15:00,1279.6,20190400,1279.6,20190400,1272.8,20190200
2018-12-27 02:30:00,1278.1,20190400,1278.1,20190400,1272.1,20190200
2018-12-27 02:45:00,1278.1,20190400,1278.1,20190400,1272.6,20190200
2018-12-27 03:00:00,1278.1,20190400,1278.1,20190400,1272.2,20190200
2018-12-27 03:15:00,1278.1,20190400,1278.1,20190400,1272.6,20190200
2018-12-27 03:30:00,1278.1,20190400,1278.1,20190400,1272.3,20190200
2018-12-27 03:45:00,1278.1,20190400,1278.1,20190400,1271.9,20190200
2018-12-27 04:00:00,1278.2,20190400,1278.2,20190400,1272.0,20190200
2018-12-27 04:15:00,1278.2,20190400,1278.2,20190400,1272.3,20190200
2018-12-27 04:30:00,1278.7,20190400,1278.7,20190400,1272.3,20190200
2018-12-27 04:45:00,1278.7,20190400,1278.7,20190400,1272.1,20190200
2018-12-27 05:15:00,1277.6,20190400,1277.6,20190400,1271.4,20190200
2018-12-27 05:30:00,1277.6,20190400,1277.6,20190400,1271.9,20190200
2018-12-27 05:45:00,1277.7,20190400,1277.7,20190400,1271.3,20190200
2018-12-27 06:15:00,1277.7,20190400,1277.7,20190400,1271.4,20190200
2018-12-27 06:30:00,1277.7,20190400,1277.7,20190400,1270.9,20190200
2018-12-27 06:45:00,1277.7,20190400,1277.7,20190400,1271.3,20190200
2018-12-27 07:00:00,1277.0,20190400,1277.0,20190400,1271.4,20190200
2018-12-27 07:15:00,1277.3,20190400,1277.3,20190400,1270.8,20190200
2018-12-27 07:30:00,1276.1,20190400,1276.1,20190400,1269.8,20190200
2018-12-27 07:45:00,1276.3,20190400,1276.3,20190400,1269.3,20190200
2018-12-27 08:00:00,1277.0,20190400,1277.0,20190400,1271.1,20190200
2018-12-27 08:15:00,1277.6,20190400,1277.6,20190400,1271.8,20190200
2018-12-27 08:30:00,1280.3,20190400,1280.3,20190400,1274.1,20190200
2018-12-27 08:45:00,1280.3,20190400,1280.3,20190400,1274.3,20190200
2018-12-27 09:00:00,1280.8,20190400,1280.8,20190400,1274.8,20190200
2018-12-27 09:15:00,1280.9,20190400,1280.9,20190400,1274.9,20190200
2018-12-27 09:30:00,1282.1,20190400,1282.1,20190400,1275.6,20190200
2018-12-27 09:45:00,1281.5,20190400,1281.5,20190400,1275.2,20190200
2018-12-27 10:00:00,1282.3,20190400,1282.3,20190400,1275.3,20190200
2018-12-27 10:15:00,1280.6,20190400,1280.6,20190400,1274.2,20190200
2018-12-27 10:30:00,1280.7,20190400,1280.7,20190400,1274.3,20190200
2018-12-27 10:45:00,1281.2,20190400,1281.2,20190400,1275.0,20190200
2018-12-27 11:00:00,1281.2,20190400,1281.2,20190400,1275.0,20190200
2018-12-27 11:15:00,1280.1,20190400,1280.1,20190400,1273.9,20190200
2018-12-27 11:30:00,1279.8,20190400,1279.8,20190400,1273.7,20190200
2018-12-27 11:45:00,1279.8,20190400,1279.8,20190400,1273.5,20190200
2018-12-27 12:00:00,1279.8,20190400,1279.8,20190400,1274.3,20190200
2018-12-27 12:15:00,1281.7,20190400,1281.7,20190400,1275.9,20190200
2018-12-27 12:30:00,1282.4,20190400,1282.4,20190400,1275.9,20190200
2018-12-27 12:45:00,1282.5,20190400,1282.5,20190400,1276.0,20190200
2018-12-27 13:00:00,1282.0,20190400,1282.0,20190400,1276.1,20190200
2018-12-27 13:15:00,1283.5,20190400,1283.5,20190400,1277.6,20190200
2018-12-27 13:30:00,1284.3,20190400,1284.3,20190400,1278.1,20190200
2018-12-27 13:45:00,1284.7,20190400,1284.7,20190400,1278.4,20190200
2018-12-27 14:00:00,1284.0,20190400,1284.0,20190400,1277.6,20190200
2018-12-27 14:15:00,1284.3,20190400,1284.3,20190400,1278.0,20190200
2018-12-27 14:30:00,1284.1,20190400,1284.1,20190400,1278.2,20190200
2018-12-27 14:45:00,1284.8,20190400,1284.8,20190400,1278.5,20190200
2018-12-27 15:00:00,1280.2,20190400,1280.2,20190400,1273.9,20190200
2018-12-27 15:15:00,1282.1,20190400,1282.1,20190400,1275.6,20190200
2018-12-27 15:30:00,1282.1,20190400,1282.1,20190400,1276.1,20190200
2018-12-27 15:45:00,1283.2,20190400,1283.2,20190400,1277.1,20190200
2018-12-27 16:00:00,1284.0,20190400,1284.0,20190400,1277.7,20190200
2018-12-27 16:15:00,1282.8,20190400,1282.8,20190400,1276.7,20190200
2018-12-27 16:30:00,1283.5,20190400,1283.5,20190400,1277.1,20190200
2018-12-27 16:45:00,1284.1,20190400,1284.1,20190400,1277.8,20190200
2018-12-27 17:00:00,1286.2,20190400,1286.2,20190400,1280.0,20190200
2018-12-27 17:15:00,1285.3,20190400,1285.3,20190400,1279.1,20190200
2018-12-27 17:30:00,1286.9,20190400,1286.9,20190400,1280.3,20190200
2018-12-27 17:45:00,1286.5,20190400,1286.5,20190400,1280.1,20190200
2018-12-27 18:00:00,1286.8,20190400,1286.8,20190400,1280.3,20190200
2018-12-27 18:15:00,1287.0,20190400,1287.0,20190400,1280.8,20190200
2018-12-27 18:30:00,1286.8,20190400,1286.8,20190400,1280.3,20190200
2018-12-27 18:45:00,1287.2,20190400,1287.2,20190400,1280.9,20190200
2018-12-27 19:00:00,1287.2,20190400,1287.2,20190400,1281.0,20190200
2018-12-27 19:15:00,1287.1,20190400,1287.1,20190400,1280.8,20190200
2018-12-27 19:30:00,1287.5,20190400,1287.5,20190400,1279.9,20190200
2018-12-27 19:45:00,1284.4,20190400,1284.4,20190400,1278.6,20190200
2018-12-27 20:00:00,1284.5,20190400,1284.5,20190400,1277.9,20190200
2018-12-27 20:15:00,1283.8,20190400,1283.8,20190400,1277.6,20190200
2018-12-27 20:30:00,1283.0,20190400,1283.0,20190400,1276.7,20190200
2018-12-27 20:45:00,1283.7,20190400,1283.7,20190400,1277.6,20190200
2018-12-27 21:00:00,1284.0,20190400,1284.0,20190400,1277.6,20190200
2018-12-27 21:15:00,1283.7,20190400,1283.7,20190400,1277.7,20190200
2018-12-27 21:30:00,1284.2,20190400,1284.2,20190400,1277.8,20190200
2018-12-27 21:45:00,1284.5,20190400,1284.5,20190400,1278.1,20190200
2018-12-27 23:00:00,1283.8,20190400,1283.8,20190400,1271.4,20190200
2018-12-27 23:15:00,1283.8,20190400,1283.8,20190400,1277.4,20190200
2018-12-27 23:30:00,1283.8,20190400,1283.8,20190400,1277.3,20190200
2018-12-27 23:45:00,1283.1,20190400,1283.1,20190400,1277.0,20190200
2018-12-28 00:00:00,1283.4,20190400,1283.4,20190400,1276.9,20190200
2018-12-28 00:15:00,1283.3,20190400,1283.3,20190400,1277.0,20190200
2018-12-28 00:30:00,1283.7,20190400,1283.7,20190400,1277.4,20190200
2018-12-28 00:45:00,1283.4,20190400,1283.4,20190400,1277.9,20190200
2018-12-28 01:00:00,1284.3,20190400,1284.3,20190400,1278.1,20190200
2018-12-28 01:15:00,1284.5,20190400,1284.5,20190400,1278.4,20190200
2018-12-28 01:30:00,1285.2,20190400,1285.2,20190400,1279.0,20190200
2018-12-28 01:45:00,1286.4,20190400,1286.4,20190400,1280.0,20190200
2018-12-28 02:00:00,1286.7,20190400,1286.7,20190400,1280.6,20190200
2018-12-28 02:15:00,1286.7,20190400,1286.7,20190400,1280.3,20190200
2018-12-28 02:30:00,1286.8,20190400,1286.8,20190400,1280.8,20190200
2018-12-28 02:45:00,1287.1,20190400,1287.1,20190400,1280.7,20190200
2018-12-28 03:00:00,1286.3,20190400,1286.3,20190400,1280.1,20190200
2018-12-28 03:15:00,1286.3,20190400,1286.3,20190400,1279.8,20190200
2018-12-28 03:30:00,1286.0,20190400,1286.0,20190400,1279.9,20190200
2018-12-28 03:45:00,1286.0,20190400,1286.0,20190400,1280.3,20190200
2018-12-28 04:00:00,1286.0,20190400,1286.0,20190400,1280.5,20190200
2018-12-28 04:15:00,1286.6,20190400,1286.6,20190400,1280.4,20190200
2018-12-28 04:30:00,1286.6,20190400,1286.6,20190400,1280.1,20190200
2018-12-28 04:45:00,1286.4,20190400,1286.4,20190400,1280.0,20190200
2018-12-28 05:15:00,1286.4,20190400,1286.4,20190400,1279.6,20190200
2018-12-28 05:30:00,1286.4,20190400,1286.4,20190400,1280.3,20190200
2018-12-28 05:45:00,1287.3,20190400,1287.3,20190400,1280.8,20190200
2018-12-28 06:15:00,1288.9,20190400,1288.9,20190400,1282.7,20190200
2018-12-28 06:30:00,1289.0,20190400,1289.0,20190400,1282.7,20190200
2018-12-28 06:45:00,1289.5,20190400,1289.5,20190400,1283.3,20190200
2018-12-28 07:00:00,1289.4,20190400,1289.4,20190400,1283.5,20190200
2018-12-28 07:15:00,1289.4,20190400,1289.4,20190400,1283.1,20190200
2018-12-28 07:30:00,1288.9,20190400,1288.9,20190400,1283.1,20190200
2018-12-28 07:45:00,1289.5,20190400,1289.5,20190400,1283.4,20190200
2018-12-28 08:00:00,1288.0,20190400,1288.0,20190400,1281.8,20190200
2018-12-28 08:15:00,1286.0,20190400,1286.0,20190400,1279.6,20190200
2018-12-28 08:30:00,1286.7,20190400,1286.7,20190400,1280.2,20190200
2018-12-28 08:45:00,1286.2,20190400,1286.2,20190400,1279.7,20190200
2018-12-28 09:00:00,1285.2,20190400,1285.2,20190400,1278.8,20190200
2018-12-28 09:15:00,1285.7,20190400,1285.7,20190400,1279.5,20190200
2018-12-28 09:30:00,1285.4,20190400,1285.4,20190400,1278.9,20190200
2018-12-28 09:45:00,1285.3,20190400,1285.3,20190400,1279.1,20190200
2018-12-28 10:00:00,1285.3,20190400,1285.3,20190400,1279.5,20190200
2018-12-28 10:15:00,1286.3,20190400,1286.3,20190400,1279.7,20190200
2018-12-28 10:30:00,1287.3,20190400,1287.3,20190400,1281.5,20190200
2018-12-28 10:45:00,1287.8,20190400,1287.8,20190400,1281.3,20190200
2018-12-28 11:00:00,1288.4,20190400,1288.4,20190400,1282.1,20190200
2018-12-28 11:15:00,1287.3,20190400,1287.3,20190400,1280.8,20190200
2018-12-28 11:30:00,1286.7,20190400,1286.7,20190400,1281.3,20190200
2018-12-28 11:45:00,1286.7,20190400,1286.7,20190400,1281.0,20190200
2018-12-28 12:00:00,1286.7,20190400,1286.7,20190400,1280.9,20190200
2018-12-28 12:15:00,1287.8,20190400,1287.8,20190400,1281.4,20190200
2018-12-28 12:30:00,1287.9,20190400,1287.9,20190400,1281.7,20190200
2018-12-28 12:45:00,1285.8,20190400,1285.8,20190400,1279.7,20190200
2018-12-28 13:00:00,1287.0,20190400,1287.0,20190400,1280.6,20190200
2018-12-28 13:15:00,1285.3,20190400,1285.3,20190400,1279.1,20190200
2018-12-28 13:30:00,1285.3,20190400,1285.3,20190400,1279.2,20190200
2018-12-28 13:45:00,1286.4,20190400,1286.4,20190400,1280.3,20190200
2018-12-28 14:00:00,1285.6,20190400,1285.6,20190400,1278.5,20190200
2018-12-28 14:15:00,1286.3,20190400,1286.3,20190400,1280.1,20190200
2018-12-28 14:30:00,1286.3,20190400,1286.3,20190400,1280.0,20190200
2018-12-28 14:45:00,1286.6,20190400,1286.6,20190400,1280.7,20190200
2018-12-28 15:00:00,1287.0,20190400,1287.0,20190400,1280.9,20190200
2018-12-28 15:15:00,1287.2,20190400,1287.2,20190400,1281.2,20190200
2018-12-28 15:30:00,1286.5,20190400,1286.5,20190400,1280.3,20190200
2018-12-28 15:45:00,1286.8,20190400,1286.8,20190400,1280.7,20190200
2018-12-28 16:00:00,1286.0,20190400,1286.0,20190400,1279.9,20190200
2018-12-28 16:15:00,1286.8,20190400,1286.8,20190400,1280.4,20190200
2018-12-28 16:30:00,1287.1,20190400,1287.1,20190400,1281.0,20190200
2018-12-28 16:45:00,1287.9,20190400,1287.9,20190400,1281.8,20190200
2018-12-28 17:00:00,1287.9,20190400,1287.9,20190400,1281.6,20190200
2018-12-28 17:15:00,1287.8,20190400,1287.8,20190400,1281.6,20190200
2018-12-28 17:30:00,1286.7,20190400,1286.7,20190400,1280.8,20190200
2018-12-28 17:45:00,1287.1,20190400,1287.1,20190400,1281.2,20190200
2018-12-28 18:00:00,1287.9,20190400,1287.9,20190400,1281.8,20190200
2018-12-28 18:15:00,1288.9,20190400,1288.9,20190400,1282.6,20190200
2018-12-28 18:30:00,1288.3,20190400,1288.3,20190400,1281.4,20190200
2018-12-28 18:45:00,1287.6,20190400,1287.6,20190400,1281.2,20190200
2018-12-28 19:00:00,1287.6,20190400,1287.6,20190400,1280.9,20190200
2018-12-28 19:15:00,1287.5,20190400,1287.5,20190400,1281.3,20190200
2018-12-28 19:30:00,1288.0,20190400,1288.0,20190400,1281.6,20190200
2018-12-28 19:45:00,1287.5,20190400,1287.5,20190400,1281.8,20190200
2018-12-28 20:00:00,1287.5,20190400,1287.5,20190400,1282.5,20190200
2018-12-28 20:15:00,1288.3,20190400,1288.3,20190400,1282.1,20190200
2018-12-28 20:30:00,1288.3,20190400,1288.3,20190400,1281.9,20190200
2018-12-28 20:45:00,1289.0,20190400,1289.0,20190400,1282.3,20190200
2018-12-28 21:00:00,1289.0,20190400,1289.0,20190400,1282.8,20190200
2018-12-28 21:15:00,1289.0,20190400,1289.0,20190400,1283.0,20190200
2018-12-28 21:30:00,1289.5,20190400,1289.5,20190400,1283.0,20190200
2018-12-28 21:45:00,1289.4,20190400,1289.4,20190400,1283.4,20190200
2018-12-28 23:00:00,1287.5,20190400,1287.5,20190400,1281.0,20190200
2018-12-30 23:00:00,1288.3,20190400,1288.3,20190400,1282.1,20190200
2018-12-30 23:15:00,1287.7,20190400,1287.7,20190400,1281.4,20190200
2018-12-30 23:30:00,1288.0,20190400,1288.0,20190400,1281.7,20190200
2018-12-30 23:45:00,1288.0,20190400,1288.0,20190400,1282.1,20190200
2018-12-31 00:00:00,1288.3,20190400,1288.3,20190400,1282.3,20190200
2018-12-31 00:15:00,1288.4,20190400,1288.4,20190400,1281.8,20190200
2018-12-31 00:30:00,1288.8,20190400,1288.8,20190400,1282.4,20190200
2018-12-31 00:45:00,1288.2,20190400,1288.2,20190400,1281.5,20190200
2018-12-31 01:00:00,1288.0,20190400,1288.0,20190400,1281.5,20190200
2018-12-31 01:15:00,1287.2,20190400,1287.2,20190400,1281.4,20190200
2018-12-31 01:30:00,1287.2,20190400,1287.2,20190400,1281.1,20190200
2018-12-31 01:45:00,1287.2,20190400,1287.2,20190400,1280.9,20190200
2018-12-31 02:00:00,1287.6,20190400,1287.6,20190400,1281.2,20190200
2018-12-31 02:15:00,1287.6,20190400,1287.6,20190400,1281.2,20190200
2018-12-31 02:30:00,1287.3,20190400,1287.3,20190400,1280.9,20190200
2018-12-31 02:45:00,1287.3,20190400,1287.3,20190400,1280.4,20190200
2018-12-31 03:00:00,1286.7,20190400,1286.7,20190400,1280.4,20190200
2018-12-31 03:15:00,1286.8,20190400,1286.8,20190400,1280.4,20190200
2018-12-31 03:30:00,1286.8,20190400,1286.8,20190400,1279.9,20190200
2018-12-31 03:45:00,1286.1,20190400,1286.1,20190400,1279.8,20190200
2018-12-31 04:00:00,1286.1,20190400,1286.1,20190400,1279.9,20190200
2018-12-31 04:15:00,1286.6,20190400,1286.6,20190400,1280.2,20190200
2018-12-31 04:30:00,1286.7,20190400,1286.7,20190400,1280.5,20190200
2018-12-31 04:45:00,1286.7,20190400,1286.7,20190400,1280.4,20190200
2018-12-31 05:15:00,1287.1,20190400,1287.1,20190400,1280.9,20190200
2018-12-31 05:30:00,1287.2,20190400,1287.2,20190400,1281.0,20190200
2018-12-31 05:45:00,1287.1,20190400,1287.1,20190400,1281.3,20190200
2018-12-31 06:15:00,1287.9,20190400,1287.9,20190400,1281.7,20190200
2018-12-31 06:30:00,1288.2,20190400,1288.2,20190400,1282.0,20190200
2018-12-31 06:45:00,1288.2,20190400,1288.2,20190400,1281.9,20190200
2018-12-31 07:00:00,1288.9,20190400,1288.9,20190400,1282.6,20190200
2018-12-31 07:15:00,1289.4,20190400,1289.4,20190400,1282.2,20190200
2018-12-31 07:30:00,1289.4,20190400,1289.4,20190400,1283.2,20190200
2018-12-31 07:45:00,1289.0,20190400,1289.0,20190400,1283.5,20190200
2018-12-31 08:00:00,1290.8,20190400,1290.8,20190400,1284.5,20190200
2018-12-31 08:15:00,1290.3,20190400,1290.3,20190400,1283.5,20190200
2018-12-31 08:30:00,1289.8,20190400,1289.8,20190400,1283.5,20190200
2018-12-31 08:45:00,1289.4,20190400,1289.4,20190400,1283.0,20190200
2018-12-31 09:00:00,1290.3,20190400,1290.3,20190400,1284.2,20190200
2018-12-31 09:15:00,1290.1,20190400,1290.1,20190400,1283.7,20190200
2018-12-31 09:30:00,1290.2,20190400,1290.2,20190400,1283.9,20190200
2018-12-31 09:45:00,1290.7,20190400,1290.7,20190400,1284.4,20190200
2018-12-31 10:00:00,1291.1,20190400,1291.1,20190400,1284.9,20190200
2018-12-31 10:15:00,1291.5,20190400,1291.5,20190400,1285.0,20190200
2018-12-31 10:30:00,1291.8,20190400,1291.8,20190400,1285.5,20190200
2018-12-31 10:45:00,1291.2,20190400,1291.2,20190400,1284.8,20190200
2018-12-31 11:00:00,1292.4,20190400,1292.4,20190400,1286.1,20190200
2018-12-31 11:15:00,1292.5,20190400,1292.5,20190400,1286.2,20190200
2018-12-31 11:30:00,1292.1,20190400,1292.1,20190400,1285.7,20190200
2018-12-31 11:45:00,1292.1,20190400,1292.1,20190400,1285.9,20190200
2018-12-31 12:00:00,1292.1,20190400,1292.1,20190400,1285.9,20190200
2018-12-31 12:15:00,1291.4,20190400,1291.4,20190400,1285.4,20190200
2018-12-31 12:30:00,1292.0,20190400,1292.0,20190400,1285.8,20190200
2018-12-31 12:45:00,1292.6,20190400,1292.6,20190400,1286.3,20190200
2018-12-31 13:00:00,1292.1,20190400,1292.1,20190400,1285.8,20190200
2018-12-31 13:15:00,1290.7,20190400,1290.7,20190400,1284.6,20190200
2018-12-31 13:30:00,1289.2,20190400,1289.2,20190400,1282.7,20190200
2018-12-31 13:45:00,1288.4,20190400,1288.4,20190400,1282.4,20190200
2018-12-31 14:00:00,1288.9,20190400,1288.9,20190400,1282.4,20190200
2018-12-31 14:15:00,1289.0,20190400,1289.0,20190400,1282.0,20190200
2018-12-31 14:30:00,1288.4,20190400,1288.4,20190400,1282.3,20190200
2018-12-31 14:45:00,1289.0,20190400,1289.0,20190400,1282.7,20190200
2018-12-31 15:00:00,1289.1,20190400,1289.1,20190400,1282.1,20190200
2018-12-31 15:15:00,1288.1,20190400,1288.1,20190400,1281.9,20190200
2018-12-31 15:30:00,1287.4,20190400,1287.4,20190400,1281.6,20190200
2018-12-31 15:45:00,1289.5,20190400,1289.5,20190400,1282.7,20190200
2018-12-31 16:00:00,1289.7,20190400,1289.7,20190400,1283.6,20190200
2018-12-31 16:15:00,1290.5,20190400,1290.5,20190400,1283.8,20190200
2018-12-31 16:30:00,1290.1,20190400,1290.1,20190400,1284.1,20190200
2018-12-31 16:45:00,1290.7,20190400,1290.7,20190400,1284.4,20190200
2018-12-31 17:00:00,1290.1,20190400,1290.1,20190400,1283.8,20190200
2018-12-31 17:15:00,1289.2,20190400,1289.2,20190400,1283.0,20190200
2018-12-31 17:30:00,1289.2,20190400,1289.2,20190400,1283.1,20190200
2018-12-31 17:45:00,1290.1,20190400,1290.1,20190400,1283.8,20190200
2018-12-31 18:00:00,1290.2,20190400,1290.2,20190400,1284.2,20190200
2018-12-31 18:15:00,1287.2,20190400,1287.2,20190400,1281.1,20190200
2018-12-31 18:30:00,1288.0,20190400,1288.0,20190400,1281.7,20190200
2018-12-31 18:45:00,1288.4,20190400,1288.4,20190400,1282.5,20190200
2018-12-31 19:00:00,1288.6,20190400,1288.6,20190400,1282.2,20190200
2018-12-31 19:15:00,1289.5,20190400,1289.5,20190400,1283.3,20190200
2018-12-31 19:30:00,1290.2,20190400,1290.2,20190400,1283.8,20190200
2018-12-31 19:45:00,1290.2,20190400,1290.2,20190400,1283.6,20190200
2018-12-31 20:00:00,1290.2,20190400,1290.2,20190400,1284.4,20190200
2018-12-31 20:15:00,1290.2,20190400,1290.2,20190400,1284.4,20190200
2018-12-31 20:30:00,1290.7,20190400,1290.7,20190400,1284.3,20190200
2018-12-31 20:45:00,1290.4,20190400,1290.4,20190400,1284.2,20190200
2018-12-31 21:00:00,1291.2,20190400,1291.2,20190400,1284.8,20190200
2018-12-31 21:15:00,1290.7,20190400,1290.7,20190400,1284.4,20190200
2018-12-31 21:30:00,1290.5,20190400,1290.5,20190400,1284.6,20190200
2018-12-31 21:45:00,1291.1,20190400,1291.1,20190400,1284.7,20190200
2018-12-31 23:00:00,1287.4,20190400,1287.4,20190400,1281.5,20190200
2019-01-01 23:00:00,1290.0,20190400,1290.0,20190400,1283.5,20190200
2019-01-01 23:15:00,1289.4,20190400,1289.4,20190400,1283.0,20190200
2019-01-01 23:30:00,1289.8,20190400,1289.8,20190400,1283.4,20190200
2019-01-01 23:45:00,1289.5,20190400,1289.5,20190400,1283.3,20190200
2019-01-02 00:00:00,1290.1,20190400,1290.1,20190400,1283.9,20190200
2019-01-02 00:15:00,1290.0,20190400,1290.0,20190400,1283.6,20190200
2019-01-02 00:30:00,1289.4,20190400,1289.4,20190400,1282.7,20190200
2019-01-02 00:45:00,1288.6,20190400,1288.6,20190400,1282.2,20190200
2019-01-02 01:00:00,1287.4,20190400,1287.4,20190400,1281.1,20190200
2019-01-02 01:15:00,1288.0,20190400,1288.0,20190400,1281.5,20190200
2019-01-02 01:30:00,1288.1,20190400,1288.1,20190400,1281.9,20190200
2019-01-02 01:45:00,1288.2,20190400,1288.2,20190400,1281.9,20190200
2019-01-02 02:00:00,1289.1,20190400,1289.1,20190400,1283.0,20190200
2019-01-02 02:15:00,1289.0,20190400,1289.0,20190400,1283.2,20190200
2019-01-02 02:30:00,1290.9,20190400,1290.9,20190400,1284.1,20190200
2019-01-02 02:45:00,1291.0,20190400,1291.0,20190400,1284.8,20190200
2019-01-02 03:00:00,1291.4,20190400,1291.4,20190400,1284.4,20190200
2019-01-02 03:15:00,1291.5,20190400,1291.5,20190400,1285.4,20190200
2019-01-02 03:30:00,1291.3,20190400,1291.3,20190400,1284.8,20190200
2019-01-02 03:45:00,1291.1,20190400,1291.1,20190400,1284.4,20190200
2019-01-02 04:00:00,1290.9,20190400,1290.9,20190400,1284.9,20190200
2019-01-02 04:15:00,1291.4,20190400,1291.4,20190400,1285.0,20190200
2019-01-02 04:30:00,1292.0,20190400,1292.0,20190400,1285.8,20190200
2019-01-02 04:45:00,1292.0,20190400,1292.0,20190400,1286.0,20190200
2019-01-02 05:15:00,1293.5,20190400,1293.5,20190400,1286.9,20190200
2019-01-02 05:30:00,1294.5,20190400,1294.5,20190400,1288.1,20190200
2019-01-02 05:45:00,1294.9,20190400,1294.9,20190400,1288.4,20190200
2019-01-02 06:15:00,1295.0,20190400,1295.0,20190400,1288.7,20190200
2019-01-02 06:30:00,1295.0,20190400,1295.0,20190400,1289.0,20190200
2019-01-02 06:45:00,1294.4,20190400,1294.4,20190400,1288.0,20190200
2019-01-02 07:00:00,1294.0,20190400,1294.0,20190400,1287.6,20190200
2019-01-02 07:15:00,1294.0,20190400,1294.0,20190400,1287.3,20190200
2019-01-02 07:30:00,1293.8,20190400,1293.8,20190400,1287.5,20190200
2019-01-02 07:45:00,1293.7,20190400,1293.7,20190400,1287.5,20190200
2019-01-02 08:00:00,1294.3,20190400,1294.3,20190400,1287.6,20190200
2019-01-02 08:15:00,1294.3,20190400,1294.3,20190400,1288.0,20190200
2019-01-02 08:30:00,1296.8,20190400,1296.8,20190400,1290.0,20190200
2019-01-02 08:45:00,1296.2,20190400,1296.2,20190400,1290.2,20190200
2019-01-02 09:00:00,1296.2,20190400,1296.2,20190400,1290.0,20190200
2019-01-02 09:15:00,1296.4,20190400,1296.4,20190400,1289.9,20190200
2019-01-02 09:30:00,1296.3,20190400,1296.3,20190400,1290.0,20190200
2019-01-02 09:45:00,1295.8,20190400,1295.8,20190400,1289.1,20190200
2019-01-02 10:00:00,1295.4,20190400,1295.4,20190400,1289.2,20190200
2019-01-02 10:15:00,1296.0,20190400,1296.0,20190400,1289.2,20190200
2019-01-02 10:30:00,1295.6,20190400,1295.6,20190400,1289.6,20190200
2019-01-02 10:45:00,1295.8,20190400,1295.8,20190400,1289.4,20190200
2019-01-02 11:00:00,1296.0,20190400,1296.0,20190400,1289.1,20190200
2019-01-02 11:15:00,1295.4,20190400,1295.4,20190400,1288.9,20190200
2019-01-02 11:30:00,1295.0,20190400,1295.0,20190400,1288.6,20190200
2019-01-02 11:45:00,1295.0,20190400,1295.0,20190400,1288.5,20190200
2019-01-02 12:00:00,1294.4,20190400,1294.4,20190400,1288.1,20190200
2019-01-02 12:15:00,1293.0,20190400,1293.0,20190400,1286.3,20190200
2019-01-02 12:30:00,1292.9,20190400,1292.9,20190400,1286.6,20190200
2019-01-02 12:45:00,1293.9,20190400,1293.9,20190400,1287.5,20190200
2019-01-02 13:00:00,1293.5,20190400,1293.5,20190400,1287.1,20190200
2019-01-02 13:15:00,1295.4,20190400,1295.4,20190400,1288.8,20190200
2019-01-02 13:30:00,1292.9,20190400,1292.9,20190400,1286.6,20190200
2019-01-02 13:45:00,1293.1,20190400,1293.1,20190400,1286.3,20190200
2019-01-02 14:00:00,1293.0,20190400,1293.0,20190400,1286.8,20190200
2019-01-02 14:15:00,1291.5,20190400,1291.5,20190400,1285.3,20190200
2019-01-02 14:30:00,1292.5,20190400,1292.5,20190400,1286.1,20190200
2019-01-02 14:45:00,1291.6,20190400,1291.6,20190400,1285.6,20190200
2019-01-02 15:00:00,1294.0,20190400,1294.0,20190400,1287.7,20190200
2019-01-02 15:15:00,1293.4,20190400,1293.4,20190400,1287.6,20190200
2019-01-02 15:30:00,1295.2,20190400,1295.2,20190400,1288.9,20190200
2019-01-02 15:45:00,1294.2,20190400,1294.2,20190400,1287.8,20190200
2019-01-02 16:00:00,1295.4,20190400,1295.4,20190400,1289.0,20190200
2019-01-02 16:15:00,1295.4,20190400,1295.4,20190400,1288.9,20190200
2019-01-02 16:30:00,1292.3,20190400,1292.3,20190400,1285.8,20190200
2019-01-02 16:45:00,1293.2,20190400,1293.2,20190400,1287.3,20190200
2019-01-02 17:00:00,1294.0,20190400,1294.0,20190400,1287.7,20190200
2019-01-02 17:15:00,1293.7,20190400,1293.7,20190400,1287.3,20190200
2019-01-02 17:30:00,1293.2,20190400,1293.2,20190400,1286.8,20190200
2019-01-02 17:45:00,1292.6,20190400,1292.6,20190400,1286.1,20190200
2019-01-02 18:00:00,1290.7,20190400,1290.7,20190400,1284.3,20190200
2019-01-02 18:15:00,1290.5,20190400,1290.5,20190400,1284.1,20190200
2019-01-02 18:30:00,1289.2,20190400,1289.2,20190400,1282.8,20190200
2019-01-02 18:45:00,1287.2,20190400,1287.2,20190400,1281.3,20190200
2019-01-02 19:00:00,1288.7,20190400,1288.7,20190400,1282.3,20190200
2019-01-02 19:15:00,1288.4,20190400,1288.4,20190400,1282.5,20190200
2019-01-02 19:30:00,1288.9,20190400,1288.9,20190400,1282.6,20190200
2019-01-02 19:45:00,1289.6,20190400,1289.6,20190400,1283.5,20190200
2019-01-02 20:00:00,1289.3,20190400,1289.3,20190400,1282.8,20190200
2019-01-02 20:15:00,1289.6,20190400,1289.6,20190400,1283.2,20190200
2019-01-02 20:30:00,1289.9,20190400,1289.9,20190400,1283.8,20190200
2019-01-02 20:45:00,1291.1,20190400,1291.1,20190400,1285.0,20190200
2019-01-02 21:00:00,1290.6,20190400,1290.6,20190400,1285.3,20190200
2019-01-02 21:15:00,1291.5,20190400,1291.5,20190400,1285.2,20190200
2019-01-02 21:30:00,1292.2,20190400,1292.2,20190400,1286.5,20190200
2019-01-02 21:45:00,1292.7,20190400,1292.7,20190400,1286.5,20190200
2019-01-02 23:00:00,1295.6,20190400,1295.6,20190400,1289.0,20190200
2019-01-02 23:15:00,1297.0,20190400,1297.0,20190400,1290.1,20190200
2019-01-02 23:30:00,1294.9,20190400,1294.9,20190400,1288.2,20190200
2019-01-02 23:45:00,1293.9,20190400,1293.9,20190400,1287.8,20190200
2019-01-03 00:00:00,1293.6,20190400,1293.6,20190400,1287.8,20190200
2019-01-03 00:15:00,1294.8,20190400,1294.8,20190400,1288.8,20190200
2019-01-03 00:30:00,1295.0,20190400,1295.0,20190400,1288.4,20190200
2019-01-03 00:45:00,1295.0,20190400,1295.0,20190400,1288.6,20190200
2019-01-03 01:00:00,1294.5,20190400,1294.5,20190400,1288.3,20190200
2019-01-03 01:15:00,1293.5,20190400,1293.5,20190400,1288.5,20190200
2019-01-03 01:30:00,1296.1,20190400,1296.1,20190400,1289.3,20190200
2019-01-03 01:45:00,1296.1,20190400,1296.1,20190400,1290.2,20190200
2019-01-03 02:00:00,1296.8,20190400,1296.8,20190400,1290.7,20190200
2019-01-03 02:15:00,1297.1,20190400,1297.1,20190400,1290.9,20190200
2019-01-03 02:30:00,1297.3,20190400,1297.3,20190400,1291.0,20190200
2019-01-03 02:45:00,1296.8,20190400,1296.8,20190400,1290.5,20190200
2019-01-03 03:00:00,1297.1,20190400,1297.1,20190400,1290.4,20190200
2019-01-03 03:15:00,1296.1,20190400,1296.1,20190400,1289.8,20190200
2019-01-03 03:30:00,1296.1,20190400,1296.1,20190400,1289.6,20190200
2019-01-03 03:45:00,1295.9,20190400,1295.9,20190400,1289.9,20190200
2019-01-03 04:00:00,1296.4,20190400,1296.4,20190400,1290.1,20190200
2019-01-03 04:15:00,1296.5,20190400,1296.5,20190400,1290.1,20190200
2019-01-03 04:30:00,1296.5,20190400,1296.5,20190400,1290.4,20190200
2019-01-03 04:45:00,1296.7,20190400,1296.7,20190400,1290.3,20190200
2019-01-03 05:15:00,1296.7,20190400,1296.7,20190400,1289.7,20190200
2019-01-03 05:30:00,1297.5,20190400,1297.5,20190400,1291.4,20190200
2019-01-03 05:45:00,1298.1,20190400,1298.1,20190400,1291.9,20190200
2019-01-03 06:15:00,1299.6,20190400,1299.6,20190400,1292.9,20190200
2019-01-03 06:30:00,1299.8,20190400,1299.8,20190400,1293.5,20190200
2019-01-03 06:45:00,1300.4,20190400,1300.4,20190400,1294.1,20190200
2019-01-03 07:00:00,1299.7,20190400,1299.7,20190400,1293.1,20190200
2019-01-03 07:15:00,1298.2,20190400,1298.2,20190400,1291.9,20190200
2019-01-03 07:30:00,1298.0,20190400,1298.0,20190400,1291.8,20190200
2019-01-03 07:45:00,1297.0,20190400,1297.0,20190400,1291.6,20190200
2019-01-03 08:00:00,1297.0,20190400,1297.0,20190400,1290.4,20190200
2019-01-03 08:15:00,1297.5,20190400,1297.5,20190400,1291.6,20190200
2019-01-03 08:30:00,1297.4,20190400,1297.4,20190400,1291.2,20190200
2019-01-03 08:45:00,1298.1,20190400,1298.1,20190400,1291.7,20190200
2019-01-03 09:00:00,1296.8,20190400,1296.8,20190400,1290.2,20190200
2019-01-03 09:15:00,1296.2,20190400,1296.2,20190400,1290.0,20190200
2019-01-03 09:30:00,1296.4,20190400,1296.4,20190400,1290.1,20190200
2019-01-03 09:45:00,1296.6,20190400,1296.6,20190400,1290.0,20190200
2019-01-03 10:00:00,1296.3,20190400,1296.3,20190400,1290.6,20190200
2019-01-03 10:15:00,1296.0,20190400,1296.0,20190400,1290.0,20190200
2019-01-03 10:30:00,1296.1,20190400,1296.1,20190400,1289.6,20190200
2019-01-03 10:45:00,1296.2,20190400,1296.2,20190400,1290.1,20190200
2019-01-03 11:00:00,1295.7,20190400,1295.7,20190400,1289.5,20190200
2019-01-03 11:15:00,1294.0,20190400,1294.0,20190400,1289.1,20190200
2019-01-03 11:30:00,1295.9,20190400,1295.9,20190400,1289.6,20190200
2019-01-03 11:45:00,1294.8,20190400,1294.8,20190400,1289.1,20190200
2019-01-03 12:00:00,1295.9,20190400,1295.9,20190400,1290.0,20190200
2019-01-03 12:15:00,1296.3,20190400,1296.3,20190400,1290.1,20190200
2019-01-03 12:30:00,1296.9,20190400,1296.9,20190400,1290.2,20190200
2019-01-03 12:45:00,1296.5,20190400,1296.5,20190400,1289.9,20190200
2019-01-03 13:00:00,1296.5,20190400,1296.5,20190400,1290.2,20190200
2019-01-03 13:15:00,1295.4,20190400,1295.4,20190400,1289.1,20190200
2019-01-03 13:30:00,1297.1,20190400,1297.1,20190400,1291.0,20190200
2019-01-03 13:45:00,1295.9,20190400,1295.9,20190400,1289.7,20190200
2019-01-03 14:00:00,1295.5,20190400,1295.5,20190400,1289.1,20190200
2019-01-03 14:15:00,1296.0,20190400,1296.0,20190400,1290.0,20190200
2019-01-03 14:30:00,1296.8,20190400,1296.8,20190400,1290.5,20190200
2019-01-03 14:45:00,1296.5,20190400,1296.5,20190400,1289.7,20190200
2019-01-03 15:00:00,1298.1,20190400,1298.1,20190400,1291.5,20190200
2019-01-03 15:15:00,1296.1,20190400,1296.1,20190400,1289.7,20190200
2019-01-03 15:30:00,1297.6,20190400,1297.6,20190400,1291.4,20190200
2019-01-03 15:45:00,1298.0,20190400,1298.0,20190400,1291.7,20190200
2019-01-03 16:00:00,1297.3,20190400,1297.3,20190400,1291.0,20190200
2019-01-03 16:15:00,1299.0,20190400,1299.0,20190400,1292.6,20190200
2019-01-03 16:30:00,1297.4,20190400,1297.4,20190400,1290.9,20190200
2019-01-03 16:45:00,1297.0,20190400,1297.0,20190400,1291.2,20190200
2019-01-03 17:00:00,1298.1,20190400,1298.1,20190400,1291.8,20190200
2019-01-03 17:15:00,1298.3,20190400,1298.3,20190400,1291.8,20190200
2019-01-03 17:30:00,1298.8,20190400,1298.8,20190400,1292.6,20190200
2019-01-03 17:45:00,1298.6,20190400,1298.6,20190400,1292.3,20190200
2019-01-03 18:00:00,1299.8,20190400,1299.8,20190400,1293.1,20190200
2019-01-03 18:15:00,1301.1,20190400,1301.1,20190400,1294.8,20190200
2019-01-03 18:30:00,1299.0,20190400,1299.0,20190400,1292.7,20190200
2019-01-03 18:45:00,1299.4,20190400,1299.4,20190400,1293.0,20190200
2019-01-03 19:00:00,1299.5,20190400,1299.5,20190400,1293.4,20190200
2019-01-03 19:15:00,1300.3,20190400,1300.3,20190400,1293.9,20190200
2019-01-03 19:30:00,1300.5,20190400,1300.5,20190400,1294.0,20190200
2019-01-03 19:45:00,1301.6,20190400,1301.6,20190400,1295.4,20190200
2019-01-03 20:00:00,1301.7,20190400,1301.7,20190400,1295.7,20190200
2019-01-03 20:15:00,1302.0,20190400,1302.0,20190400,1295.6,20190200
2019-01-03 20:30:00,1301.4,20190400,1301.4,20190400,1295.1,20190200
2019-01-03 20:45:00,1302.8,20190400,1302.8,20190400,1296.9,20190200
2019-01-03 21:00:00,1302.3,20190400,1302.3,20190400,1296.1,20190200
2019-01-03 21:15:00,1302.2,20190400,1302.2,20190400,1295.8,20190200
2019-01-03 21:30:00,1302.3,20190400,1302.3,20190400,1296.0,20190200
2019-01-03 21:45:00,1302.4,20190400,1302.4,20190400,1296.2,20190200
2019-01-03 23:00:00,1297.8,20190400,1297.8,20190400,1291.5,20190200
2019-01-03 23:15:00,1301.5,20190400,1301.5,20190400,1295.0,20190200
2019-01-03 23:30:00,1301.5,20190400,1301.5,20190400,1296.6,20190200
2019-01-03 23:45:00,1303.2,20190400,1303.2,20190400,1297.1,20190200
2019-01-04 00:00:00,1303.4,20190400,1303.4,20190400,1297.4,20190200
2019-01-04 00:15:00,1303.4,20190400,1303.4,20190400,1297.0,20190200
2019-01-04 00:30:00,1303.9,20190400,1303.9,20190400,1297.8,20190200
2019-01-04 00:45:00,1305.0,20190400,1305.0,20190400,1298.7,20190200
2019-01-04 01:00:00,1305.3,20190400,1305.3,20190400,1298.8,20190200
2019-01-04 01:15:00,1305.8,20190400,1305.8,20190400,1299.9,20190200
2019-01-04 01:30:00,1305.7,20190400,1305.7,20190400,1299.6,20190200
2019-01-04 01:45:00,1305.1,20190400,1305.1,20190400,1298.8,20190200
2019-01-04 02:00:00,1306.2,20190400,1306.2,20190400,1299.8,20190200
2019-01-04 02:15:00,1306.0,20190400,1306.0,20190400,1299.3,20190200
2019-01-04 02:30:00,1306.1,20190400,1306.1,20190400,1299.9,20190200
2019-01-04 02:45:00,1305.2,20190400,1305.2,20190400,1298.7,20190200
2019-01-04 03:00:00,1304.0,20190400,1304.0,20190400,1297.6,20190200
2019-01-04 03:15:00,1303.7,20190400,1303.7,20190400,1297.4,20190200
2019-01-04 03:30:00,1302.7,20190400,1302.7,20190400,1297.0,20190200
2019-01-04 03:45:00,1303.6,20190400,1303.6,20190400,1297.4,20190200
2019-01-04 04:00:00,1303.2,20190400,1303.2,20190400,1296.8,20190200
2019-01-04 04:15:00,1302.9,20190400,1302.9,20190400,1296.6,20190200
2019-01-04 04:30:00,1302.9,20190400,1302.9,20190400,1296.4,20190200
2019-01-04 04:45:00,1302.9,20190400,1302.9,20190400,1296.2,20190200
2019-01-04 05:15:00,1303.0,20190400,1303.0,20190400,1296.8,20190200
2019-01-04 05:30:00,1303.4,20190400,1303.4,20190400,1297.9,20190200
2019-01-04 05:45:00,1303.8,20190400,1303.8,20190400,1297.2,20190200
2019-01-04 06:15:00,1303.8,20190400,1303.8,20190400,1296.7,20190200
2019-01-04 06:30:00,1302.9,20190400,1302.9,20190400,1296.1,20190200
2019-01-04 06:45:00,1302.6,20190400,1302.6,20190400,1296.1,20190200
2019-01-04 07:00:00,1301.9,20190400,1301.9,20190400,1295.4,20190200
2019-01-04 07:15:00,1301.9,20190400,1301.9,20190400,1295.6,20190200
2019-01-04 07:30:00,1302.0,20190400,1302.0,20190400,1296.2,20190200
2019-01-04 07:45:00,1303.0,20190400,1303.0,20190400,1296.4,20190200
2019-01-04 08:00:00,1303.4,20190400,1303.4,20190400,1297.0,20190200
2019-01-04 08:15:00,1301.8,20190400,1301.8,20190400,1295.4,20190200
2019-01-04 08:30:00,1300.7,20190400,1300.7,20190400,1294.2,20190200
2019-01-04 08:45:00,1299.9,20190400,1299.9,20190400,1293.5,20190200
2019-01-04 09:00:00,1299.9,20190400,1299.9,20190400,1293.4,20190200
2019-01-04 09:15:00,1298.2,20190400,1298.2,20190400,1291.8,20190200
2019-01-04 09:30:00,1298.2,20190400,1298.2,20190400,1291.9,20190200
2019-01-04 09:45:00,1298.4,20190400,1298.4,20190400,1291.8,20190200
2019-01-04 10:00:00,1299.0,20190400,1299.0,20190400,1292.7,20190200
2019-01-04 10:15:00,1298.5,20190400,1298.5,20190400,1292.5,20190200
2019-01-04 10:30:00,1298.9,20190400,1298.9,20190400,1292.2,20190200
2019-01-04 10:45:00,1299.2,20190400,1299.2,20190400,1292.9,20190200
2019-01-04 11:00:00,1299.2,20190400,1299.2,20190400,1293.0,20190200
2019-01-04 11:15:00,1299.9,20190400,1299.9,20190400,1293.4,20190200
2019-01-04 11:30:00,1299.7,20190400,1299.7,20190400,1293.4,20190200
2019-01-04 11:45:00,1299.9,20190400,1299.9,20190400,1293.0,20190200
2019-01-04 12:00:00,1299.9,20190400,1299.9,20190400,1293.1,20190200
2019-01-04 12:15:00,1298.8,20190400,1298.8,20190400,1292.7,20190200
2019-01-04 12:30:00,1299.7,20190400,1299.7,20190400,1293.3,20190200
2019-01-04 12:45:00,1299.4,20190400,1299.4,20190400,1292.9,20190200
2019-01-04 13:00:00,1298.9,20190400,1298.9,20190400,1292.5,20190200
2019-01-04 13:15:00,1298.5,20190400,1298.5,20190400,1291.9,20190200
2019-01-04 13:30:00,1296.4,20190400,1296.4,20190400,1289.4,20190200
2019-01-04 13:45:00,1295.4,20190400,1295.4,20190400,1289.3,20190200
2019-01-04 14:00:00,1293.4,20190400,1293.4,20190400,1286.6,20190200
2019-01-04 14:15:00,1291.3,20190400,1291.3,20190400,1284.8,20190200
2019-01-04 14:30:00,1288.3,20190400,1288.3,20190400,1281.7,20190200
2019-01-04 14:45:00,1285.7,20190400,1285.7,20190400,1279.4,20190200
2019-01-04 15:00:00,1289.5,20190400,1289.5,20190400,1283.2,20190200
2019-01-04 15:15:00,1289.6,20190400,1289.6,20190400,1283.2,20190200
2019-01-04 15:30:00,1290.6,20190400,1290.6,20190400,1284.2,20190200
2019-01-04 15:45:00,1291.5,20190400,1291.5,20190400,1285.0,20190200
2019-01-04 16:00:00,1290.5,20190400,1290.5,20190400,1284.5,20190200
2019-01-04 16:15:00,1291.4,20190400,1291.4,20190400,1285.0,20190200
2019-01-04 16:30:00,1292.7,20190400,1292.7,20190400,1286.3,20190200
2019-01-04 16:45:00,1293.4,20190400,1293.4,20190400,1287.1,20190200
2019-01-04 17:00:00,1293.1,20190400,1293.1,20190400,1286.6,20190200
2019-01-04 17:15:00,1293.0,20190400,1293.0,20190400,1286.7,20190200
2019-01-04 17:30:00,1292.4,20190400,1292.4,20190400,1285.9,20190200
2019-01-04 17:45:00,1292.1,20190400,1292.1,20190400,1286.0,20190200
2019-01-04 18:00:00,1292.3,20190400,1292.3,20190400,1286.0,20190200
2019-01-04 18:15:00,1292.2,20190400,1292.2,20190400,1285.8,20190200
2019-01-04 18:30:00,1292.4,20190400,1292.4,20190400,1286.4,20190200
2019-01-04 18:45:00,1291.5,20190400,1291.5,20190400,1285.1,20190200
2019-01-04 19:00:00,1291.6,20190400,1291.6,20190400,1285.5,20190200
2019-01-04 19:15:00,1292.1,20190400,1292.1,20190400,1285.6,20190200
2019-01-04 19:30:00,1292.1,20190400,1292.1,20190400,1285.3,20190200
2019-01-04 19:45:00,1292.2,20190400,1292.2,20190400,1285.8,20190200
2019-01-04 20:00:00,1292.9,20190400,1292.9,20190400,1286.5,20190200
2019-01-04 20:15:00,1293.5,20190400,1293.5,20190400,1287.2,20190200
2019-01-04 20:30:00,1293.3,20190400,1293.3,20190400,1286.8,20190200
2019-01-04 20:45:00,1293.1,20190400,1293.1,20190400,1286.6,20190200
2019-01-04 21:00:00,1292.8,20190400,1292.8,20190400,1286.4,20190200
2019-01-04 21:15:00,1292.8,20190400,1292.8,20190400,1286.8,20190200
2019-01-04 21:30:00,1292.9,20190400,1292.9,20190400,1286.6,20190200
2019-01-04 21:45:00,1292.7,20190400,1292.7,20190400,1286.2,20190200
2019-01-04 23:00:00,1303.8,20190400,1303.8,20190400,1297.3,20190200
2019-01-06 23:00:00,1293.6,20190400,1293.6,20190400,1286.7,20190200
2019-01-06 23:15:00,1292.5,20190400,1292.5,20190400,1286.1,20190200
2019-01-06 23:30:00,1292.6,20190400,1292.6,20190400,1286.1,20190200
2019-01-06 23:45:00,1292.6,20190400,1292.6,20190400,1285.8,20190200
2019-01-07 00:00:00,1292.0,20190400,1292.0,20190400,1285.4,20190200
2019-01-07 00:15:00,1290.8,20190400,1290.8,20190400,1284.5,20190200
2019-01-07 00:30:00,1291.9,20190400,1291.9,20190400,1285.7,20190200
2019-01-07 00:45:00,1292.7,20190400,1292.7,20190400,1286.4,20190200
2019-01-07 01:00:00,1293.9,20190400,1293.9,20190400,1287.4,20190200
2019-01-07 01:15:00,1295.4,20190400,1295.4,20190400,1289.1,20190200
2019-01-07 01:30:00,1296.6,20190400,1296.6,20190400,1290.3,20190200
2019-01-07 01:45:00,1296.7,20190400,1296.7,20190400,1290.3,20190200
2019-01-07 02:00:00,1296.9,20190400,1296.9,20190400,1290.3,20190200
2019-01-07 02:15:00,1296.1,20190400,1296.1,20190400,1289.8,20190200
2019-01-07 02:30:00,1296.5,20190400,1296.5,20190400,1290.3,20190200
2019-01-07 02:45:00,1297.1,20190400,1297.1,20190400,1290.6,20190200
2019-01-07 03:00:00,1297.1,20190400,1297.1,20190400,1290.7,20190200
2019-01-07 03:15:00,1296.9,20190400,1296.9,20190400,1290.6,20190200
2019-01-07 03:30:00,1296.9,20190400,1296.9,20190400,1290.3,20190200
2019-01-07 03:45:00,1296.9,20190400,1296.9,20190400,1290.2,20190200
2019-01-07 04:00:00,1296.9,20190400,1296.9,20190400,1290.1,20190200
2019-01-07 04:15:00,1297.1,20190400,1297.1,20190400,1290.6,20190200
2019-01-07 04:30:00,1297.0,20190400,1297.0,20190400,1290.5,20190200
2019-01-07 04:45:00,1296.6,20190400,1296.6,20190400,1290.2,20190200
2019-01-07 05:15:00,1297.1,20190400,1297.1,20190400,1290.8,20190200
2019-01-07 05:30:00,1298.8,20190400,1298.8,20190400,1292.2,20190200
2019-01-07 05:45:00,1298.9,20190400,1298.9,20190400,1292.8,20190200
2019-01-07 06:15:00,1299.1,20190400,1299.1,20190400,1292.0,20190200
2019-01-07 06:30:00,1297.5,20190400,1297.5,20190400,1291.0,20190200
2019-01-07 06:45:00,1297.5,20190400,1297.5,20190400,1291.2,20190200
2019-01-07 07:00:00,1298.5,20190400,1298.5,20190400,1292.1,20190200
2019-01-07 07:15:00,1297.9,20190400,1297.9,20190400,1291.3,20190200
2019-01-07 07:30:00,1298.2,20190400,1298.2,20190400,1291.9,20190200
2019-01-07 07:45:00,1299.5,20190400,1299.5,20190400,1292.8,20190200
2019-01-07 08:00:00,1300.0,20190400,1300.0,20190400,1293.2,20190200
2019-01-07 08:15:00,1299.5,20190400,1299.5,20190400,1293.5,20190200
2019-01-07 08:30:00,1300.0,20190400,1300.0,20190400,1292.3,20190200
2019-01-07 08:45:00,1298.1,20190400,1298.1,20190400,1292.4,20190200
2019-01-07 09:00:00,1299.5,20190400,1299.5,20190400,1292.9,20190200
2019-01-07 09:15:00,1298.3,20190400,1298.3,20190400,1292.3,20190200
2019-01-07 09:30:00,1299.2,20190400,1299.2,20190400,1292.6,20190200
2019-01-07 09:45:00,1299.1,20190400,1299.1,20190400,1292.9,20190200
2019-01-07 10:00:00,1299.0,20190400,1299.0,20190400,1292.5,20190200
2019-01-07 10:15:00,1298.9,20190400,1298.9,20190400,1292.5,20190200
2019-01-07 10:30:00,1299.2,20190400,1299.2,20190400,1292.2,20190200
2019-01-07 10:45:00,1298.5,20190400,1298.5,20190400,1292.4,20190200
2019-01-07 11:00:00,1298.9,20190400,1298.9,20190400,1292.5,20190200
2019-01-07 11:15:00,1298.9,20190400,1298.9,20190400,1292.8,20190200
2019-01-07 11:30:00,1298.5,20190400,1298.5,20190400,1292.2,20190200
2019-01-07 11:45:00,1299.0,20190400,1299.0,20190400,1292.3,20190200
2019-01-07 12:00:00,1299.6,20190400,1299.6,20190400,1293.1,20190200
2019-01-07 12:15:00,1299.1,20190400,1299.1,20190400,1293.1,20190200
2019-01-07 12:30:00,1299.4,20190400,1299.4,20190400,1293.0,20190200
2019-01-07 12:45:00,1300.0,20190400,1300.0,20190400,1293.7,20190200
2019-01-07 13:00:00,1300.5,20190400,1300.5,20190400,1294.4,20190200
2019-01-07 13:15:00,1301.7,20190400,1301.7,20190400,1295.6,20190200
2019-01-07 13:30:00,1300.8,20190400,1300.8,20190400,1294.4,20190200
2019-01-07 13:45:00,1300.3,20190400,1300.3,20190400,1293.9,20190200
2019-01-07 14:00:00,1298.5,20190400,1298.5,20190400,1292.2,20190200
2019-01-07 14:15:00,1299.9,20190400,1299.9,20190400,1293.5,20190200
2019-01-07 14:30:00,1299.5,20190400,1299.5,20190400,1293.2,20190200
2019-01-07 14:45:00,1299.4,20190400,1299.4,20190400,1292.6,20190200
2019-01-07 15:00:00,1298.8,20190400,1298.8,20190400,1292.3,20190200
2019-01-07 15:15:00,1297.5,20190400,1297.5,20190400,1291.2,20190200
2019-01-07 15:30:00,1295.8,20190400,1295.8,20190400,1289.4,20190200
2019-01-07 15:45:00,1296.7,20190400,1296.7,20190400,1290.2,20190200
2019-01-07 16:00:00,1296.2,20190400,1296.2,20190400,1289.5,20190200
2019-01-07 16:15:00,1295.8,20190400,1295.8,20190400,1289.5,20190200
2019-01-07 16:30:00,1295.1,20190400,1295.1,20190400,1288.6,20190200
2019-01-07 16:45:00,1295.2,20190400,1295.2,20190400,1289.1,20190200
2019-01-07 17:00:00,1295.7,20190400,1295.7,20190400,1289.5,20190200
2019-01-07 17:15:00,1295.3,20190400,1295.3,20190400,1288.7,20190200
2019-01-07 17:30:00,1296.0,20190400,1296.0,20190400,1289.4,20190200
2019-01-07 17:45:00,1295.8,20190400,1295.8,20190400,1289.6,20190200
2019-01-07 18:00:00,1296.0,20190400,1296.0,20190400,1289.7,20190200
2019-01-07 18:15:00,1296.5,20190400,1296.5,20190400,1289.9,20190200
2019-01-07 18:30:00,1295.6,20190400,1295.6,20190400,1289.2,20190200
2019-01-07 18:45:00,1295.9,20190400,1295.9,20190400,1289.5,20190200
2019-01-07 19:00:00,1295.9,20190400,1295.9,20190400,1289.5,20190200
2019-01-07 19:15:00,1295.9,20190400,1295.9,20190400,1289.2,20190200
2019-01-07 19:30:00,1295.9,20190400,1295.9,20190400,1289.6,20190200
2019-01-07 19:45:00,1295.8,20190400,1295.8,20190400,1289.6,20190200
2019-01-07 20:00:00,1296.1,20190400,1296.1,20190400,1289.1,20190200
2019-01-07 20:15:00,1295.3,20190400,1295.3,20190400,1288.1,20190200
2019-01-07 20:30:00,1295.3,20190400,1295.3,20190400,1289.6,20190200
2019-01-07 20:45:00,1296.5,20190400,1296.5,20190400,1290.0,20190200
2019-01-07 21:00:00,1296.5,20190400,1296.5,20190400,1290.0,20190200
2019-01-07 21:15:00,1296.5,20190400,1296.5,20190400,1289.7,20190200
2019-01-07 21:30:00,1296.5,20190400,1296.5,20190400,1289.8,20190200
2019-01-07 21:45:00,1297.0,20190400,1297.0,20190400,1290.3,20190200
2019-01-07 23:00:00,1298.5,20190400,1298.5,20190400,1292.1,20190200
2019-01-07 23:15:00,1297.0,20190400,1297.0,20190400,1290.7,20190200
2019-01-07 23:30:00,1296.7,20190400,1296.7,20190400,1290.2,20190200
2019-01-07 23:45:00,1296.6,20190400,1296.6,20190400,1290.0,20190200
2019-01-08 00:00:00,1295.8,20190400,1295.8,20190400,1289.2,20190200
2019-01-08 00:15:00,1295.4,20190400,1295.4,20190400,1289.0,20190200
2019-01-08 00:30:00,1295.4,20190400,1295.4,20190400,1289.2,20190200
2019-01-08 00:45:00,1295.4,20190400,1295.4,20190400,1290.1,20190200
2019-01-08 01:00:00,1295.4,20190400,1295.4,20190400,1290.5,20190200
2019-01-08 01:15:00,1296.5,20190400,1296.5,20190400,1290.1,20190200
2019-01-08 01:30:00,1294.5,20190400,1294.5,20190400,1287.7,20190200
2019-01-08 01:45:00,1294.1,20190400,1294.1,20190400,1287.3,20190200
2019-01-08 02:00:00,1293.0,20190400,1293.0,20190400,1286.9,20190200
2019-01-08 02:15:00,1294.0,20190400,1294.0,20190400,1287.5,20190200
2019-01-08 02:30:00,1293.6,20190400,1293.6,20190400,1287.2,20190200
2019-01-08 02:45:00,1292.5,20190400,1292.5,20190400,1286.2,20190200
2019-01-08 03:00:00,1292.7,20190400,1292.7,20190400,1285.9,20190200
2019-01-08 03:15:00,1292.5,20190400,1292.5,20190400,1285.9,20190200
2019-01-08 03:30:00,1291.9,20190400,1291.9,20190400,1285.3,20190200
2019-01-08 03:45:00,1290.7,20190400,1290.7,20190400,1284.8,20190200
2019-01-08 04:00:00,1290.5,20190400,1290.5,20190400,1284.1,20190200
2019-01-08 04:15:00,1291.1,20190400,1291.1,20190400,1284.4,20190200
2019-01-08 04:30:00,1291.1,20190400,1291.1,20190400,1284.4,20190200
2019-01-08 04:45:00,1291.1,20190400,1291.1,20190400,1284.0,20190200
2019-01-08 05:15:00,1289.8,20190400,1289.8,20190400,1283.4,20190200
2019-01-08 05:30:00,1290.0,20190400,1290.0,20190400,1283.5,20190200
2019-01-08 05:45:00,1289.8,20190400,1289.8,20190400,1284.1,20190200
2019-01-08 06:15:00,1291.9,20190400,1291.9,20190400,1285.0,20190200
2019-01-08 06:30:00,1291.1,20190400,1291.1,20190400,1284.4,20190200
2019-01-08 06:45:00,1291.2,20190400,1291.2,20190400,1284.4,20190200
2019-01-08 07:00:00,1290.2,20190400,1290.2,20190400,1283.7,20190200
2019-01-08 07:15:00,1289.2,20190400,1289.2,20190400,1283.4,20190200
2019-01-08 07:30:00,1289.9,20190400,1289.9,20190400,1283.5,20190200
2019-01-08 07:45:00,1289.6,20190400,1289.6,20190400,1283.8,20190200
2019-01-08 08:00:00,1290.9,20190400,1290.9,20190400,1283.9,20190200
2019-01-08 08:15:00,1290.3,20190400,1290.3,20190400,1284.1,20190200
2019-01-08 08:30:00,1290.2,20190400,1290.2,20190400,1284.1,20190200
2019-01-08 08:45:00,1290.7,20190400,1290.7,20190400,1284.2,20190200
2019-01-08 09:00:00,1291.2,20190400,1291.2,20190400,1284.9,20190200
2019-01-08 09:15:00,1291.0,20190400,1291.0,20190400,1284.8,20190200
2019-01-08 09:30:00,1290.7,20190400,1290.7,20190400,1284.4,20190200
2019-01-08 09:45:00,1291.3,20190400,1291.3,20190400,1284.6,20190200
2019-01-08 10:00:00,1289.9,20190400,1289.9,20190400,1283.8,20190200
2019-01-08 10:15:00,1290.6,20190400,1290.6,20190400,1284.1,20190200
2019-01-08 10:30:00,1290.6,20190400,1290.6,20190400,1284.0,20190200
2019-01-08 10:45:00,1290.9,20190400,1290.9,20190400,1284.5,20190200
2019-01-08 11:00:00,1290.3,20190400,1290.3,20190400,1283.9,20190200
2019-01-08 11:15:00,1290.9,20190400,1290.9,20190400,1284.3,20190200
2019-01-08 11:30:00,1290.4,20190400,1290.4,20190400,1284.1,20190200
2019-01-08 11:45:00,1290.6,20190400,1290.6,20190400,1284.4,20190200
2019-01-08 12:00:00,1291.2,20190400,1291.2,20190400,1284.6,20190200
2019-01-08 12:15:00,1291.2,20190400,1291.2,20190400,1284.6,20190200
2019-01-08 12:30:00,1289.8,20190400,1289.8,20190400,1283.6,20190200
2019-01-08 12:45:00,1289.7,20190400,1289.7,20190400,1283.4,20190200
2019-01-08 13:00:00,1288.2,20190400,1288.2,20190400,1281.7,20190200
2019-01-08 13:15:00,1288.2,20190400,1288.2,20190400,1281.7,20190200
2019-01-08 13:30:00,1288.0,20190400,1288.0,20190400,1281.8,20190200
2019-01-08 13:45:00,1287.9,20190400,1287.9,20190400,1281.7,20190200
2019-01-08 14:00:00,1288.6,20190400,1288.6,20190400,1282.5,20190200
2019-01-08 14:15:00,1288.8,20190400,1288.8,20190400,1282.4,20190200
2019-01-08 14:30:00,1288.0,20190400,1288.0,20190400,1281.8,20190200
2019-01-08 14:45:00,1292.4,20190400,1292.4,20190400,1285.9,20190200
2019-01-08 15:00:00,1290.8,20190400,1290.8,20190400,1284.5,20190200
2019-01-08 15:15:00,1291.3,20190400,1291.3,20190400,1285.1,20190200
2019-01-08 15:30:00,1292.3,20190400,1292.3,20190400,1286.0,20190200
2019-01-08 15:45:00,1292.6,20190400,1292.6,20190400,1286.1,20190200
2019-01-08 16:00:00,1291.9,20190400,1291.9,20190400,1285.4,20190200
2019-01-08 16:15:00,1291.8,20190400,1291.8,20190400,1285.4,20190200
2019-01-08 16:30:00,1291.9,20190400,1291.9,20190400,1285.5,20190200
2019-01-08 16:45:00,1291.8,20190400,1291.8,20190400,1285.5,20190200
2019-01-08 17:00:00,1291.7,20190400,1291.7,20190400,1285.4,20190200
2019-01-08 17:15:00,1291.9,20190400,1291.9,20190400,1285.7,20190200
2019-01-08 17:30:00,1293.6,20190400,1293.6,20190400,1287.4,20190200
2019-01-08 17:45:00,1294.0,20190400,1294.0,20190400,1287.5,20190200
2019-01-08 18:00:00,1293.3,20190400,1293.3,20190400,1286.9,20190200
2019-01-08 18:15:00,1292.3,20190400,1292.3,20190400,1285.9,20190200
2019-01-08 18:30:00,1293.0,20190400,1293.0,20190400,1286.6,20190200
2019-01-08 18:45:00,1292.4,20190400,1292.4,20190400,1286.0,20190200
2019-01-08 19:00:00,1292.1,20190400,1292.1,20190400,1285.6,20190200
2019-01-08 19:15:00,1292.1,20190400,1292.1,20190400,1285.4,20190200
2019-01-08 19:30:00,1292.1,20190400,1292.1,20190400,1286.2,20190200
2019-01-08 19:45:00,1292.1,20190400,1292.1,20190400,1286.2,20190200
2019-01-08 20:00:00,1292.1,20190400,1292.1,20190400,1285.4,20190200
2019-01-08 20:15:00,1291.8,20190400,1291.8,20190400,1285.5,20190200
2019-01-08 20:30:00,1292.0,20190400,1292.0,20190400,1285.4,20190200
2019-01-08 20:45:00,1292.7,20190400,1292.7,20190400,1286.3,20190200
2019-01-08 21:00:00,1292.8,20190400,1292.8,20190400,1286.3,20190200
2019-01-08 21:15:00,1292.5,20190400,1292.5,20190400,1286.2,20190200
2019-01-08 21:30:00,1292.6,20190400,1292.6,20190400,1286.1,20190200
2019-01-08 21:45:00,1292.8,20190400,1292.8,20190400,1286.1,20190200
2019-01-08 23:00:00,1291.3,20190400,1291.3,20190400,1284.8,20190200
2019-01-08 23:15:00,1291.3,20190400,1291.3,20190400,1285.9,20190200
2019-01-08 23:30:00,1292.4,20190400,1292.4,20190400,1285.9,20190200
2019-01-08 23:45:00,1292.3,20190400,1292.3,20190400,1286.2,20190200
2019-01-09 00:00:00,1292.3,20190400,1292.3,20190400,1286.5,20190200
2019-01-09 00:15:00,1293.2,20190400,1293.2,20190400,1286.7,20190200
2019-01-09 00:30:00,1293.4,20190400,1293.4,20190400,1286.4,20190200
2019-01-09 00:45:00,1293.4,20190400,1293.4,20190400,1286.4,20190200
2019-01-09 01:00:00,1293.4,20190400,1293.4,20190400,1286.5,20190200
2019-01-09 01:15:00,1293.2,20190400,1293.2,20190400,1287.1,20190200
2019-01-09 01:30:00,1294.4,20190400,1294.4,20190400,1287.7,20190200
2019-01-09 01:45:00,1293.2,20190400,1293.2,20190400,1286.8,20190200
2019-01-09 02:00:00,1292.0,20190400,1292.0,20190400,1285.4,20190200
2019-01-09 02:15:00,1292.0,20190400,1292.0,20190400,1285.6,20190200
2019-01-09 02:30:00,1291.9,20190400,1291.9,20190400,1285.8,20190200
2019-01-09 02:45:00,1291.9,20190400,1291.9,20190400,1285.1,20190200
2019-01-09 03:00:00,1291.1,20190400,1291.1,20190400,1284.6,20190200
2019-01-09 03:15:00,1290.8,20190400,1290.8,20190400,1284.5,20190200
2019-01-09 03:30:00,1290.8,20190400,1290.8,20190400,1285.0,20190200
2019-01-09 03:45:00,1290.7,20190400,1290.7,20190400,1284.2,20190200
2019-01-09 04:00:00,1290.1,20190400,1290.1,20190400,1283.4,20190200
2019-01-09 04:15:00,1289.1,20190400,1289.1,20190400,1282.8,20190200
2019-01-09 04:30:00,1289.4,20190400,1289.4,20190400,1282.7,20190200
2019-01-09 04:45:00,1288.9,20190400,1288.9,20190400,1283.0,20190200
2019-01-09 05:15:00,1289.5,20190400,1289.5,20190400,1283.1,20190200
2019-01-09 05:30:00,1290.2,20190400,1290.2,20190400,1283.8,20190200
2019-01-09 05:45:00,1290.3,20190400,1290.3,20190400,1283.4,20190200
2019-01-09 06:15:00,1289.9,20190400,1289.9,20190400,1283.2,20190200
2019-01-09 06:30:00,1290.1,20190400,1290.1,20190400,1283.7,20190200
2019-01-09 06:45:00,1289.5,20190400,1289.5,20190400,1283.1,20190200
2019-01-09 07:00:00,1289.5,20190400,1289.5,20190400,1283.6,20190200
2019-01-09 07:15:00,1290.1,20190400,1290.1,20190400,1283.5,20190200
2019-01-09 07:30:00,1289.8,20190400,1289.8,20190400,1283.6,20190200
2019-01-09 07:45:00,1289.8,20190400,1289.8,20190400,1283.4,20190200
2019-01-09 08:00:00,1290.1,20190400,1290.1,20190400,1283.8,20190200
2019-01-09 08:15:00,1290.0,20190400,1290.0,20190400,1283.8,20190200
2019-01-09 08:30:00,1290.5,20190400,1290.5,20190400,1284.2,20190200
2019-01-09 08:45:00,1290.1,20190400,1290.1,20190400,1283.7,20190200
2019-01-09 09:00:00,1289.6,20190400,1289.6,20190400,1283.3,20190200
2019-01-09 09:15:00,1288.7,20190400,1288.7,20190400,1282.9,20190200
2019-01-09 09:30:00,1288.9,20190400,1288.9,20190400,1282.4,20190200
2019-01-09 09:45:00,1288.5,20190400,1288.5,20190400,1282.0,20190200
2019-01-09 10:00:00,1288.3,20190400,1288.3,20190400,1281.9,20190200
2019-01-09 10:15:00,1288.6,20190400,1288.6,20190400,1282.1,20190200
2019-01-09 10:30:00,1287.7,20190400,1287.7,20190400,1281.4,20190200
2019-01-09 10:45:00,1287.7,20190400,1287.7,20190400,1281.7,20190200
2019-01-09 11:00:00,1287.7,20190400,1287.7,20190400,1281.7,20190200
2019-01-09 11:15:00,1288.0,20190400,1288.0,20190400,1281.8,20190200
2019-01-09 11:30:00,1287.9,20190400,1287.9,20190400,1281.6,20190200
2019-01-09 11:45:00,1288.3,20190400,1288.3,20190400,1282.4,20190200
2019-01-09 12:00:00,1288.4,20190400,1288.4,20190400,1282.0,20190200
2019-01-09 12:15:00,1287.7,20190400,1287.7,20190400,1281.4,20190200
2019-01-09 12:30:00,1288.3,20190400,1288.3,20190400,1281.8,20190200
2019-01-09 12:45:00,1288.8,20190400,1288.8,20190400,1282.4,20190200
2019-01-09 13:00:00,1289.8,20190400,1289.8,20190400,1283.6,20190200
2019-01-09 13:15:00,1291.7,20190400,1291.7,20190400,1285.2,20190200
2019-01-09 13:30:00,1292.3,20190400,1292.3,20190400,1286.0,20190200
2019-01-09 13:45:00,1292.0,20190400,1292.0,20190400,1285.7,20190200
2019-01-09 14:00:00,1292.6,20190400,1292.6,20190400,1286.3,20190200
2019-01-09 14:15:00,1291.7,20190400,1291.7,20190400,1285.8,20190200
2019-01-09 14:30:00,1296.6,20190400,1296.6,20190400,1290.2,20190200
2019-01-09 14:45:00,1295.9,20190400,1295.9,20190400,1289.4,20190200
2019-01-09 15:00:00,1298.4,20190400,1298.4,20190400,1291.9,20190200
2019-01-09 15:15:00,1299.0,20190400,1299.0,20190400,1292.6,20190200
2019-01-09 15:30:00,1298.1,20190400,1298.1,20190400,1291.7,20190200
2019-01-09 15:45:00,1297.7,20190400,1297.7,20190400,1291.2,20190200
2019-01-09 16:00:00,1297.2,20190400,1297.2,20190400,1290.7,20190200
2019-01-09 16:15:00,1297.7,20190400,1297.7,20190400,1291.2,20190200
2019-01-09 16:30:00,1298.2,20190400,1298.2,20190400,1291.5,20190200
2019-01-09 16:45:00,1296.1,20190400,1296.1,20190400,1289.6,20190200
2019-01-09 17:00:00,1296.1,20190400,1296.1,20190400,1289.7,20190200
2019-01-09 17:15:00,1296.1,20190400,1296.1,20190400,1289.7,20190200
2019-01-09 17:30:00,1296.6,20190400,1296.6,20190400,1290.2,20190200
2019-01-09 17:45:00,1297.3,20190400,1297.3,20190400,1291.0,20190200
2019-01-09 18:00:00,1298.4,20190400,1298.4,20190400,1291.9,20190200
2019-01-09 18:15:00,1298.5,20190400,1298.5,20190400,1292.0,20190200
2019-01-09 18:30:00,1299.2,20190400,1299.2,20190400,1292.2,20190200
2019-01-09 18:45:00,1298.6,20190400,1298.6,20190400,1292.1,20190200
2019-01-09 19:00:00,1297.9,20190400,1297.9,20190400,1291.5,20190200
2019-01-09 19:15:00,1300.3,20190400,1300.3,20190400,1293.9,20190200
2019-01-09 19:30:00,1299.2,20190400,1299.2,20190400,1292.4,20190200
2019-01-09 19:45:00,1299.4,20190400,1299.4,20190400,1292.8,20190200
2019-01-09 20:00:00,1299.4,20190400,1299.4,20190400,1293.2,20190200
2019-01-09 20:15:00,1299.9,20190400,1299.9,20190400,1293.6,20190200
2019-01-09 20:30:00,1300.6,20190400,1300.6,20190400,1294.6,20190200
2019-01-09 20:45:00,1301.3,20190400,1301.3,20190400,1294.8,20190200
2019-01-09 21:00:00,1301.2,20190400,1301.2,20190400,1294.7,20190200
2019-01-09 21:15:00,1300.8,20190400,1300.8,20190400,1294.3,20190200
2019-01-09 21:30:00,1301.1,20190400,1301.1,20190400,1294.2,20190200
2019-01-09 21:45:00,1300.6,20190400,1300.6,20190400,1294.7,20190200
2019-01-09 23:00:00,1288.5,20190400,1288.5,20190400,1282.2,20190200
2019-01-09 23:15:00,1300.3,20190400,1300.3,20190400,1293.6,20190200
2019-01-09 23:30:00,1300.8,20190400,1300.8,20190400,1294.0,20190200
2019-01-09 23:45:00,1300.2,20190400,1300.2,20190400,1293.8,20190200
2019-01-10 00:00:00,1299.8,20190400,1299.8,20190400,1293.4,20190200
2019-01-10 00:15:00,1300.3,20190400,1300.3,20190400,1293.8,20190200
2019-01-10 00:30:00,1300.3,20190400,1300.3,20190400,1294.1,20190200
2019-01-10 00:45:00,1300.6,20190400,1300.6,20190400,1294.1,20190200
2019-01-10 01:00:00,1300.2,20190400,1300.2,20190400,1293.7,20190200
2019-01-10 01:15:00,1299.5,20190400,1299.5,20190400,1293.2,20190200
2019-01-10 01:30:00,1299.7,20190400,1299.7,20190400,1293.2,20190200
2019-01-10 01:45:00,1300.0,20190400,1300.0,20190400,1293.4,20190200
2019-01-10 02:00:00,1301.0,20190400,1301.0,20190400,1294.7,20190200
2019-01-10 02:15:00,1301.2,20190400,1301.2,20190400,1294.8,20190200
2019-01-10 02:30:00,1302.0,20190400,1302.0,20190400,1295.5,20190200
2019-01-10 02:45:00,1301.9,20190400,1301.9,20190400,1295.6,20190200
2019-01-10 03:00:00,1303.4,20190400,1303.4,20190400,1296.9,20190200
2019-01-10 03:15:00,1303.6,20190400,1303.6,20190400,1297.0,20190200
2019-01-10 03:30:00,1304.2,20190400,1304.2,20190400,1297.9,20190200
2019-01-10 03:45:00,1304.3,20190400,1304.3,20190400,1297.8,20190200
2019-01-10 04:00:00,1303.9,20190400,1303.9,20190400,1297.2,20190200
2019-01-10 04:15:00,1303.4,20190400,1303.4,20190400,1297.0,20190200
2019-01-10 04:30:00,1303.4,20190400,1303.4,20190400,1297.0,20190200
2019-01-10 04:45:00,1303.0,20190400,1303.0,20190400,1296.6,20190200
2019-01-10 05:15:00,1303.5,20190400,1303.5,20190400,1297.2,20190200
2019-01-10 05:30:00,1303.5,20190400,1303.5,20190400,1297.2,20190200
2019-01-10 05:45:00,1303.5,20190400,1303.5,20190400,1297.1,20190200
2019-01-10 06:15:00,1302.3,20190400,1302.3,20190400,1296.0,20190200
2019-01-10 06:30:00,1302.7,20190400,1302.7,20190400,1296.2,20190200
2019-01-10 06:45:00,1303.0,20190400,1303.0,20190400,1296.0,20190200
2019-01-10 07:00:00,1302.8,20190400,1302.8,20190400,1296.5,20190200
2019-01-10 07:15:00,1303.0,20190400,1303.0,20190400,1296.7,20190200
2019-01-10 07:30:00,1303.5,20190400,1303.5,20190400,1297.2,20190200
2019-01-10 07:45:00,1302.6,20190400,1302.6,20190400,1296.3,20190200
2019-01-10 08:00:00,1303.6,20190400,1303.6,20190400,1297.2,20190200
2019-01-10 08:15:00,1303.4,20190400,1303.4,20190400,1296.7,20190200
2019-01-10 08:30:00,1303.6,20190400,1303.6,20190400,1297.3,20190200
2019-01-10 08:45:00,1302.1,20190400,1302.1,20190400,1295.3,20190200
2019-01-10 09:00:00,1300.6,20190400,1300.6,20190400,1294.2,20190200
2019-01-10 09:15:00,1300.4,20190400,1300.4,20190400,1293.6,20190200
2019-01-10 09:30:00,1300.5,20190400,1300.5,20190400,1293.9,20190200
2019-01-10 09:45:00,1300.3,20190400,1300.3,20190400,1293.9,20190200
2019-01-10 10:00:00,1300.2,20190400,1300.2,20190400,1293.7,20190200
2019-01-10 10:15:00,1299.0,20190400,1299.0,20190400,1292.5,20190200
2019-01-10 10:30:00,1299.4,20190400,1299.4,20190400,1293.2,20190200
2019-01-10 10:45:00,1300.3,20190400,1300.3,20190400,1293.8,20190200
2019-01-10 11:00:00,1300.6,20190400,1300.6,20190400,1294.2,20190200
2019-01-10 11:15:00,1301.0,20190400,1301.0,20190400,1294.6,20190200
2019-01-10 11:30:00,1300.6,20190400,1300.6,20190400,1294.1,20190200
2019-01-10 11:45:00,1300.4,20190400,1300.4,20190400,1293.9,20190200
2019-01-10 12:00:00,1301.1,20190400,1301.1,20190400,1294.6,20190200
2019-01-10 12:15:00,1300.4,20190400,1300.4,20190400,1293.9,20190200
2019-01-10 12:30:00,1300.7,20190400,1300.7,20190400,1294.3,20190200
2019-01-10 12:45:00,1301.1,20190400,1301.1,20190400,1294.7,20190200
2019-01-10 13:00:00,1301.2,20190400,1301.2,20190400,1294.7,20190200
2019-01-10 13:15:00,1299.8,20190400,1299.8,20190400,1293.4,20190200
2019-01-10 13:30:00,1299.2,20190400,1299.2,20190400,1292.5,20190200
2019-01-10 13:45:00,1297.1,20190400,1297.1,20190400,1290.7,20190200
2019-01-10 14:00:00,1298.1,20190400,1298.1,20190400,1291.7,20190200
2019-01-10 14:15:00,1297.8,20190400,1297.8,20190400,1291.1,20190200
2019-01-10 14:30:00,1299.2,20190400,1299.2,20190400,1292.5,20190200
2019-01-10 14:45:00,1299.3,20190400,1299.3,20190400,1292.6,20190200
2019-01-10 15:00:00,1298.1,20190400,1298.1,20190400,1291.6,20190200
2019-01-10 15:15:00,1297.7,20190400,1297.7,20190400,1291.2,20190200
2019-01-10 15:30:00,1298.0,20190400,1298.0,20190400,1291.4,20190200
2019-01-10 15:45:00,1297.3,20190400,1297.3,20190400,1290.8,20190200
2019-01-10 16:00:00,1296.5,20190400,1296.5,20190400,1290.0,20190200
2019-01-10 16:15:00,1295.5,20190400,1295.5,20190400,1289.0,20190200
2019-01-10 16:30:00,1296.1,20190400,1296.1,20190400,1289.4,20190200
2019-01-10 16:45:00,1296.2,20190400,1296.2,20190400,1289.8,20190200
2019-01-10 17:00:00,1295.7,20190400,1295.7,20190400,1289.2,20190200
2019-01-10 17:15:00,1296.2,20190400,1296.2,20190400,1289.6,20190200
2019-01-10 17:30:00,1296.1,20190400,1296.1,20190400,1289.2,20190200
2019-01-10 17:45:00,1295.3,20190400,1295.3,20190400,1288.7,20190200
2019-01-10 18:00:00,1296.0,20190400,1296.0,20190400,1289.2,20190200
2019-01-10 18:15:00,1294.2,20190400,1294.2,20190400,1287.6,20190200
2019-01-10 18:30:00,1295.3,20190400,1295.3,20190400,1288.7,20190200
2019-01-10 18:45:00,1295.2,20190400,1295.2,20190400,1288.4,20190200
2019-01-10 19:00:00,1294.4,20190400,1294.4,20190400,1287.6,20190200
2019-01-10 19:15:00,1294.2,20190400,1294.2,20190400,1287.6,20190200
2019-01-10 19:30:00,1294.2,20190400,1294.2,20190400,1287.8,20190200
2019-01-10 19:45:00,1294.7,20190400,1294.7,20190400,1288.2,20190200
2019-01-10 20:00:00,1294.0,20190400,1294.0,20190400,1287.4,20190200
2019-01-10 20:15:00,1294.2,20190400,1294.2,20190400,1287.8,20190200
2019-01-10 20:30:00,1294.0,20190400,1294.0,20190400,1287.4,20190200
2019-01-10 20:45:00,1293.4,20190400,1293.4,20190400,1287.0,20190200
2019-01-10 21:00:00,1293.4,20190400,1293.4,20190400,1287.2,20190200
2019-01-10 21:15:00,1293.4,20190400,1293.4,20190400,1287.0,20190200
2019-01-10 21:30:00,1293.6,20190400,1293.6,20190400,1286.8,20190200
2019-01-10 21:45:00,1293.6,20190400,1293.6,20190400,1287.1,20190200
2019-01-10 23:00:00,1303.4,20190400,1303.4,20190400,1296.7,20190200
2019-01-10 23:15:00,1294.7,20190400,1294.7,20190400,1287.9,20190200
2019-01-10 23:30:00,1294.8,20190400,1294.8,20190400,1288.2,20190200
2019-01-10 23:45:00,1294.8,20190400,1294.8,20190400,1288.4,20190200
2019-01-11 00:00:00,1295.3,20190400,1295.3,20190400,1288.1,20190200
2019-01-11 00:15:00,1295.6,20190400,1295.6,20190400,1288.9,20190200
2019-01-11 00:30:00,1295.6,20190400,1295.6,20190400,1288.9,20190200
2019-01-11 00:45:00,1295.6,20190400,1295.6,20190400,1288.5,20190200
2019-01-11 01:00:00,1295.5,20190400,1295.5,20190400,1288.9,20190200
2019-01-11 01:15:00,1295.4,20190400,1295.4,20190400,1288.9,20190200
2019-01-11 01:30:00,1296.9,20190400,1296.9,20190400,1290.4,20190200
2019-01-11 01:45:00,1296.5,20190400,1296.5,20190400,1290.3,20190200
2019-01-11 02:00:00,1297.1,20190400,1297.1,20190400,1290.5,20190200
2019-01-11 02:15:00,1297.1,20190400,1297.1,20190400,1290.6,20190200
2019-01-11 02:30:00,1298.1,20190400,1298.1,20190400,1291.5,20190200
2019-01-11 02:45:00,1298.1,20190400,1298.1,20190400,1291.5,20190200
2019-01-11 03:00:00,1297.8,20190400,1297.8,20190400,1291.3,20190200
2019-01-11 03:15:00,1298.7,20190400,1298.7,20190400,1291.9,20190200
2019-01-11 03:30:00,1298.2,20190400,1298.2,20190400,1291.6,20190200
2019-01-11 03:45:00,1298.2,20190400,1298.2,20190400,1291.8,20190200
2019-01-11 04:00:00,1298.2,20190400,1298.2,20190400,1292.2,20190200
2019-01-11 04:15:00,1299.4,20190400,1299.4,20190400,1292.8,20190200
2019-01-11 04:30:00,1299.4,20190400,1299.4,20190400,1292.7,20190200
2019-01-11 04:45:00,1299.9,20190400,1299.9,20190400,1293.2,20190200
2019-01-11 05:15:00,1300.1,20190400,1300.1,20190400,1293.7,20190200
2019-01-11 05:30:00,1301.0,20190400,1301.0,20190400,1294.7,20190200
2019-01-11 05:45:00,1300.8,20190400,1300.8,20190400,1294.4,20190200
2019-01-11 06:15:00,1300.4,20190400,1300.4,20190400,1293.7,20190200
2019-01-11 06:30:00,1298.9,20190400,1298.9,20190400,1292.3,20190200
2019-01-11 06:45:00,1299.9,20190400,1299.9,20190400,1293.6,20190200
2019-01-11 07:00:00,1300.8,20190400,1300.8,20190400,1294.1,20190200
2019-01-11 07:15:00,1301.5,20190400,1301.5,20190400,1294.8,20190200
2019-01-11 07:30:00,1300.2,20190400,1300.2,20190400,1294.0,20190200
2019-01-11 07:45:00,1301.3,20190400,1301.3,20190400,1294.1,20190200
2019-01-11 08:00:00,1302.1,20190400,1302.1,20190400,1295.6,20190200
2019-01-11 08:15:00,1299.6,20190400,1299.6,20190400,1293.1,20190200
2019-01-11 08:30:00,1300.5,20190400,1300.5,20190400,1293.9,20190200
2019-01-11 08:45:00,1300.2,20190400,1300.2,20190400,1293.4,20190200
2019-01-11 09:00:00,1300.0,20190400,1300.0,20190400,1293.2,20190200
2019-01-11 09:15:00,1300.3,20190400,1300.3,20190400,1293.4,20190200
2019-01-11 09:30:00,1300.2,20190400,1300.2,20190400,1293.5,20190200
2019-01-11 09:45:00,1299.3,20190400,1299.3,20190400,1292.8,20190200
2019-01-11 10:00:00,1299.2,20190400,1299.2,20190400,1292.9,20190200
2019-01-11 10:15:00,1299.3,20190400,1299.3,20190400,1292.9,20190200
2019-01-11 10:30:00,1300.0,20190400,1300.0,20190400,1293.5,20190200
2019-01-11 10:45:00,1300.2,20190400,1300.2,20190400,1293.6,20190200
2019-01-11 11:00:00,1299.5,20190400,1299.5,20190400,1292.9,20190200
2019-01-11 11:15:00,1298.8,20190400,1298.8,20190400,1292.4,20190200
2019-01-11 11:30:00,1299.1,20190400,1299.1,20190400,1292.6,20190200
2019-01-11 11:45:00,1298.5,20190400,1298.5,20190400,1292.0,20190200
2019-01-11 12:00:00,1299.8,20190400,1299.8,20190400,1293.4,20190200
2019-01-11 12:15:00,1300.0,20190400,1300.0,20190400,1293.5,20190200
2019-01-11 12:30:00,1300.0,20190400,1300.0,20190400,1293.5,20190200
2019-01-11 12:45:00,1299.0,20190400,1299.0,20190400,1292.6,20190200
2019-01-11 13:00:00,1299.6,20190400,1299.6,20190400,1293.3,20190200
2019-01-11 13:15:00,1299.1,20190400,1299.1,20190400,1292.8,20190200
2019-01-11 13:30:00,1299.1,20190400,1299.1,20190400,1292.6,20190200
2019-01-11 13:45:00,1299.5,20190400,1299.5,20190400,1292.9,20190200
2019-01-11 14:00:00,1296.8,20190400,1296.8,20190400,1290.1,20190200
2019-01-11 14:15:00,1295.0,20190400,1295.0,20190400,1288.4,20190200
2019-01-11 14:30:00,1295.7,20190400,1295.7,20190400,1289.3,20190200
2019-01-11 14:45:00,1295.4,20190400,1295.4,20190400,1288.9,20190200
2019-01-11 15:00:00,1295.7,20190400,1295.7,20190400,1289.2,20190200
2019-01-11 15:15:00,1297.7,20190400,1297.7,20190400,1291.3,20190200
2019-01-11 15:30:00,1297.2,20190400,1297.2,20190400,1290.8,20190200
2019-01-11 15:45:00,1297.3,20190400,1297.3,20190400,1290.7,20190200
2019-01-11 16:00:00,1297.2,20190400,1297.2,20190400,1290.7,20190200
2019-01-11 16:15:00,1296.7,20190400,1296.7,20190400,1290.1,20190200
2019-01-11 16:30:00,1296.3,20190400,1296.3,20190400,1289.8,20190200
2019-01-11 16:45:00,1296.4,20190400,1296.4,20190400,1289.8,20190200
2019-01-11 17:00:00,1297.1,20190400,1297.1,20190400,1290.3,20190200
2019-01-11 17:15:00,1297.5,20190400,1297.5,20190400,1290.9,20190200
2019-01-11 17:30:00,1297.2,20190400,1297.2,20190400,1290.7,20190200
2019-01-11 17:45:00,1297.1,20190400,1297.1,20190400,1290.6,20190200
2019-01-11 18:00:00,1296.7,20190400,1296.7,20190400,1290.2,20190200
2019-01-11 18:15:00,1296.3,20190400,1296.3,20190400,1289.6,20190200
2019-01-11 18:30:00,1295.3,20190400,1295.3,20190400,1288.7,20190200
2019-01-11 18:45:00,1295.6,20190400,1295.6,20190400,1288.9,20190200
2019-01-11 19:00:00,1295.6,20190400,1295.6,20190400,1289.1,20190200
2019-01-11 19:15:00,1295.5,20190400,1295.5,20190400,1289.0,20190200
2019-01-11 19:30:00,1295.5,20190400,1295.5,20190400,1288.7,20190200
2019-01-11 19:45:00,1295.0,20190400,1295.0,20190400,1288.4,20190200
2019-01-11 20:00:00,1294.7,20190400,1294.7,20190400,1287.8,20190200
2019-01-11 20:15:00,1294.4,20190400,1294.4,20190400,1287.9,20190200
2019-01-11 20:30:00,1294.7,20190400,1294.7,20190400,1288.0,20190200
2019-01-11 20:45:00,1295.4,20190400,1295.4,20190400,1288.7,20190200
2019-01-11 21:00:00,1295.1,20190400,1295.1,20190400,1288.5,20190200
2019-01-11 21:15:00,1295.1,20190400,1295.1,20190400,1288.3,20190200
2019-01-11 21:30:00,1294.9,20190400,1294.9,20190400,1288.0,20190200
2019-01-11 21:45:00,1294.5,20190400,1294.5,20190400,1287.9,20190200
2019-01-11 23:00:00,1300.4,20190400,1300.4,20190400,1294.0,20190200
2019-01-13 23:00:00,1295.1,20190400,1295.1,20190400,1288.8,20190200
2019-01-13 23:15:00,1295.3,20190400,1295.3,20190400,1288.7,20190200
2019-01-13 23:30:00,1295.0,20190400,1295.0,20190400,1288.3,20190200
2019-01-13 23:45:00,1295.0,20190400,1295.0,20190400,1288.5,20190200
2019-01-14 00:00:00,1295.3,20190400,1295.3,20190400,1288.6,20190200
2019-01-14 00:15:00,1295.8,20190400,1295.8,20190400,1289.2,20190200
2019-01-14 00:30:00,1296.4,20190400,1296.4,20190400,1289.7,20190200
2019-01-14 00:45:00,1295.9,20190400,1295.9,20190400,1289.4,20190200
2019-01-14 01:00:00,1296.6,20190400,1296.6,20190400,1290.0,20190200
2019-01-14 01:15:00,1297.6,20190400,1297.6,20190400,1290.9,20190200
2019-01-14 01:30:00,1299.2,20190400,1299.2,20190400,1292.6,20190200
2019-01-14 01:45:00,1299.2,20190400,1299.2,20190400,1292.5,20190200
2019-01-14 02:00:00,1298.6,20190400,1298.6,20190400,1291.9,20190200
2019-01-14 02:15:00,1299.1,20190400,1299.1,20190400,1292.4,20190200
2019-01-14 02:30:00,1298.9,20190400,1298.9,20190400,1292.1,20190200
2019-01-14 02:45:00,1297.2,20190400,1297.2,20190400,1290.5,20190200
2019-01-14 03:00:00,1298.1,20190400,1298.1,20190400,1291.5,20190200
2019-01-14 03:15:00,1298.2,20190400,1298.2,20190400,1291.3,20190200
2019-01-14 03:30:00,1298.2,20190400,1298.2,20190400,1291.4,20190200
2019-01-14 03:45:00,1298.0,20190400,1298.0,20190400,1291.2,20190200
2019-01-14 04:00:00,1298.1,20190400,1298.1,20190400,1291.3,20190200
2019-01-14 04:15:00,1298.1,20190400,1298.1,20190400,1291.4,20190200
2019-01-14 04:30:00,1297.5,20190400,1297.5,20190400,1290.9,20190200
2019-01-14 04:45:00,1297.3,20190400,1297.3,20190400,1290.7,20190200
2019-01-14 05:15:00,1297.8,20190400,1297.8,20190400,1291.2,20190200
2019-01-14 05:30:00,1298.6,20190400,1298.6,20190400,1292.1,20190200
2019-01-14 05:45:00,1298.8,20190400,1298.8,20190400,1291.9,20190200
2019-01-14 06:15:00,1298.5,20190400,1298.5,20190400,1291.8,20190200
2019-01-14 06:30:00,1297.7,20190400,1297.7,20190400,1290.8,20190200
2019-01-14 06:45:00,1298.0,20190400,1298.0,20190400,1291.6,20190200
2019-01-14 07:00:00,1298.0,20190400,1298.0,20190400,1291.3,20190200
2019-01-14 07:15:00,1297.8,20190400,1297.8,20190400,1291.2,20190200
2019-01-14 07:30:00,1298.7,20190400,1298.7,20190400,1292.2,20190200
2019-01-14 07:45:00,1299.6,20190400,1299.6,20190400,1293.3,20190200
2019-01-14 08:00:00,1300.0,20190400,1300.0,20190400,1293.3,20190200
2019-01-14 08:15:00,1300.2,20190400,1300.2,20190400,1293.6,20190200
2019-01-14 08:30:00,1299.9,20190400,1299.9,20190400,1293.5,20190200
2019-01-14 08:45:00,1300.7,20190400,1300.7,20190400,1294.0,20190200
2019-01-14 09:00:00,1300.3,20190400,1300.3,20190400,1293.9,20190200
2019-01-14 09:15:00,1300.5,20190400,1300.5,20190400,1293.9,20190200
2019-01-14 09:30:00,1300.7,20190400,1300.7,20190400,1294.0,20190200
2019-01-14 09:45:00,1301.0,20190400,1301.0,20190400,1294.1,20190200
2019-01-14 10:00:00,1301.4,20190400,1301.4,20190400,1294.9,20190200
2019-01-14 10:15:00,1301.2,20190400,1301.2,20190400,1294.4,20190200
2019-01-14 10:30:00,1301.2,20190400,1301.2,20190400,1294.6,20190200
2019-01-14 10:45:00,1302.3,20190400,1302.3,20190400,1295.6,20190200
2019-01-14 11:00:00,1301.7,20190400,1301.7,20190400,1295.0,20190200
2019-01-14 11:15:00,1301.9,20190400,1301.9,20190400,1295.4,20190200
2019-01-14 11:30:00,1302.5,20190400,1302.5,20190400,1295.9,20190200
2019-01-14 11:45:00,1302.7,20190400,1302.7,20190400,1296.0,20190200
2019-01-14 12:00:00,1302.3,20190400,1302.3,20190400,1295.7,20190200
2019-01-14 12:15:00,1301.2,20190400,1301.2,20190400,1294.5,20190200
2019-01-14 12:30:00,1301.0,20190400,1301.0,20190400,1294.2,20190200
2019-01-14 12:45:00,1302.3,20190400,1302.3,20190400,1295.6,20190200
2019-01-14 13:00:00,1302.4,20190400,1302.4,20190400,1295.2,20190200
2019-01-14 13:15:00,1300.9,20190400,1300.9,20190400,1294.3,20190200
2019-01-14 13:30:00,1296.4,20190400,1296.4,20190400,1289.8,20190200
2019-01-14 13:45:00,1296.7,20190400,1296.7,20190400,1290.1,20190200
2019-01-14 14:00:00,1297.9,20190400,1297.9,20190400,1291.4,20190200
2019-01-14 14:15:00,1299.1,20190400,1299.1,20190400,1292.3,20190200
2019-01-14 14:30:00,1299.3,20190400,1299.3,20190400,1292.7,20190200
2019-01-14 14:45:00,1299.5,20190400,1299.5,20190400,1292.5,20190200
2019-01-14 15:00:00,1298.9,20190400,1298.9,20190400,1292.4,20190200
2019-01-14 15:15:00,1298.0,20190400,1298.0,20190400,1291.4,20190200
2019-01-14 15:30:00,1297.2,20190400,1297.2,20190400,1290.5,20190200
2019-01-14 15:45:00,1297.3,20190400,1297.3,20190400,1290.7,20190200
2019-01-14 16:00:00,1296.6,20190400,1296.6,20190400,1290.0,20190200
2019-01-14 16:15:00,1297.7,20190400,1297.7,20190400,1290.9,20190200
2019-01-14 16:30:00,1297.2,20190400,1297.2,20190400,1290.9,20190200
2019-01-14 16:45:00,1297.6,20190400,1297.6,20190400,1290.9,20190200
2019-01-14 17:00:00,1297.6,20190400,1297.6,20190400,1290.9,20190200
2019-01-14 17:15:00,1297.4,20190400,1297.4,20190400,1290.8,20190200
2019-01-14 17:30:00,1298.2,20190400,1298.2,20190400,1291.6,20190200
2019-01-14 17:45:00,1298.9,20190400,1298.9,20190400,1291.9,20190200
2019-01-14 18:00:00,1298.5,20190400,1298.5,20190400,1292.0,20190200
2019-01-14 18:15:00,1297.8,20190400,1297.8,20190400,1291.2,20190200
2019-01-14 18:30:00,1298.1,20190400,1298.1,20190400,1291.5,20190200
2019-01-14 18:45:00,1298.4,20190400,1298.4,20190400,1291.9,20190200
2019-01-14 19:00:00,1298.7,20190400,1298.7,20190400,1291.9,20190200
2019-01-14 19:15:00,1298.6,20190400,1298.6,20190400,1291.8,20190200
2019-01-14 19:30:00,1298.6,20190400,1298.6,20190400,1292.0,20190200
2019-01-14 19:45:00,1298.6,20190400,1298.6,20190400,1292.1,20190200
2019-01-14 20:00:00,1298.1,20190400,1298.1,20190400,1291.6,20190200
2019-01-14 20:15:00,1298.2,20190400,1298.2,20190400,1291.6,20190200
2019-01-14 20:30:00,1298.2,20190400,1298.2,20190400,1291.5,20190200
2019-01-14 20:45:00,1298.4,20190400,1298.4,20190400,1291.7,20190200
2019-01-14 21:00:00,1298.7,20190400,1298.7,20190400,1292.1,20190200
2019-01-14 21:15:00,1298.6,20190400,1298.6,20190400,1292.0,20190200
2019-01-14 21:30:00,1298.7,20190400,1298.7,20190400,1292.1,20190200
2019-01-14 21:45:00,1298.5,20190400,1298.5,20190400,1291.8,20190200
2019-01-14 23:00:00,1299.1,20190400,1299.1,20190400,1291.9,20190200
2019-01-14 23:15:00,1299.2,20190400,1299.2,20190400,1292.3,20190200
2019-01-14 23:30:00,1298.6,20190400,1298.6,20190400,1292.3,20190200
2019-01-14 23:45:00,1298.8,20190400,1298.8,20190400,1291.7,20190200
2019-01-15 00:00:00,1297.7,20190400,1297.7,20190400,1291.3,20190200
2019-01-15 00:15:00,1297.6,20190400,1297.6,20190400,1290.9,20190200
2019-01-15 00:30:00,1297.0,20190400,1297.0,20190400,1290.6,20190200
2019-01-15 00:45:00,1297.9,20190400,1297.9,20190400,1291.3,20190200
2019-01-15 01:00:00,1297.9,20190400,1297.9,20190400,1291.3,20190200
2019-01-15 01:15:00,1299.1,20190400,1299.1,20190400,1292.4,20190200
2019-01-15 01:30:00,1299.0,20190400,1299.0,20190400,1292.7,20190200
2019-01-15 01:45:00,1299.8,20190400,1299.8,20190400,1293.0,20190200
2019-01-15 02:00:00,1299.3,20190400,1299.3,20190400,1292.4,20190200
2019-01-15 02:15:00,1299.0,20190400,1299.0,20190400,1292.7,20190200
2019-01-15 02:30:00,1298.8,20190400,1298.8,20190400,1292.2,20190200
2019-01-15 02:45:00,1299.1,20190400,1299.1,20190400,1292.5,20190200
2019-01-15 03:00:00,1298.5,20190400,1298.5,20190400,1291.8,20190200
2019-01-15 03:15:00,1298.0,20190400,1298.0,20190400,1291.7,20190200
2019-01-15 03:30:00,1297.9,20190400,1297.9,20190400,1291.5,20190200
2019-01-15 03:45:00,1297.8,20190400,1297.8,20190400,1291.3,20190200
2019-01-15 04:00:00,1297.8,20190400,1297.8,20190400,1291.3,20190200
2019-01-15 04:15:00,1297.8,20190400,1297.8,20190400,1291.1,20190200
2019-01-15 04:30:00,1297.7,20190400,1297.7,20190400,1291.1,20190200
2019-01-15 04:45:00,1297.7,20190400,1297.7,20190400,1291.2,20190200
2019-01-15 05:15:00,1296.8,20190400,1296.8,20190400,1290.3,20190200
2019-01-15 05:30:00,1297.1,20190400,1297.1,20190400,1290.8,20190200
2019-01-15 05:45:00,1297.7,20190400,1297.7,20190400,1291.1,20190200
2019-01-15 06:15:00,1296.8,20190400,1296.8,20190400,1290.1,20190200
2019-01-15 06:30:00,1297.0,20190400,1297.0,20190400,1290.4,20190200
2019-01-15 06:45:00,1297.0,20190400,1297.0,20190400,1290.6,20190200
2019-01-15 07:00:00,1297.2,20190400,1297.2,20190400,1290.6,20190200
2019-01-15 07:15:00,1296.8,20190400,1296.8,20190400,1290.5,20190200
2019-01-15 07:30:00,1297.0,20190400,1297.0,20190400,1290.4,20190200
2019-01-15 07:45:00,1295.8,20190400,1295.8,20190400,1289.4,20190200
2019-01-15 08:00:00,1294.8,20190400,1294.8,20190400,1288.1,20190200
2019-01-15 08:15:00,1294.5,20190400,1294.5,20190400,1287.8,20190200
2019-01-15 08:30:00,1294.9,20190400,1294.9,20190400,1288.5,20190200
2019-01-15 08:45:00,1295.4,20190400,1295.4,20190400,1288.7,20190200
2019-01-15 09:00:00,1294.6,20190400,1294.6,20190400,1288.0,20190200
2019-01-15 09:15:00,1294.5,20190400,1294.5,20190400,1287.9,20190200
2019-01-15 09:30:00,1294.4,20190400,1294.4,20190400,1287.8,20190200
2019-01-15 09:45:00,1295.2,20190400,1295.2,20190400,1288.6,20190200
2019-01-15 10:00:00,1295.3,20190400,1295.3,20190400,1288.6,20190200
2019-01-15 10:15:00,1295.3,20190400,1295.3,20190400,1288.7,20190200
2019-01-15 10:30:00,1295.4,20190400,1295.4,20190400,1288.8,20190200
2019-01-15 10:45:00,1295.5,20190400,1295.5,20190400,1289.0,20190200
2019-01-15 11:00:00,1295.8,20190400,1295.8,20190400,1289.3,20190200
2019-01-15 11:15:00,1295.9,20190400,1295.9,20190400,1289.3,20190200
2019-01-15 11:30:00,1295.8,20190400,1295.8,20190400,1289.4,20190200
2019-01-15 11:45:00,1297.7,20190400,1297.7,20190400,1291.2,20190200
2019-01-15 12:00:00,1297.4,20190400,1297.4,20190400,1290.9,20190200
2019-01-15 12:15:00,1297.9,20190400,1297.9,20190400,1291.3,20190200
2019-01-15 12:30:00,1297.5,20190400,1297.5,20190400,1290.8,20190200
2019-01-15 12:45:00,1297.3,20190400,1297.3,20190400,1290.9,20190200
2019-01-15 13:00:00,1296.4,20190400,1296.4,20190400,1289.9,20190200
2019-01-15 13:15:00,1295.0,20190400,1295.0,20190400,1288.3,20190200
2019-01-15 13:30:00,1297.8,20190400,1297.8,20190400,1291.3,20190200
2019-01-15 13:45:00,1299.7,20190400,1299.7,20190400,1293.1,20190200
2019-01-15 14:00:00,1299.3,20190400,1299.3,20190400,1292.7,20190200
2019-01-15 14:15:00,1300.3,20190400,1300.3,20190400,1293.9,20190200
2019-01-15 14:30:00,1300.4,20190400,1300.4,20190400,1293.8,20190200
2019-01-15 14:45:00,1301.0,20190400,1301.0,20190400,1294.5,20190200
2019-01-15 15:00:00,1299.1,20190400,1299.1,20190400,1292.4,20190200
2019-01-15 15:15:00,1298.1,20190400,1298.1,20190400,1291.5,20190200
2019-01-15 15:30:00,1298.6,20190400,1298.6,20190400,1292.2,20190200
2019-01-15 15:45:00,1297.8,20190400,1297.8,20190400,1291.2,20190200
2019-01-15 16:00:00,1295.9,20190400,1295.9,20190400,1289.3,20190200
2019-01-15 16:15:00,1295.1,20190400,1295.1,20190400,1288.6,20190200
2019-01-15 16:30:00,1294.6,20190400,1294.6,20190400,1288.1,20190200
2019-01-15 16:45:00,1294.3,20190400,1294.3,20190400,1287.8,20190200
2019-01-15 17:00:00,1295.1,20190400,1295.1,20190400,1288.7,20190200
2019-01-15 17:15:00,1294.6,20190400,1294.6,20190400,1288.1,20190200
2019-01-15 17:30:00,1293.8,20190400,1293.8,20190400,1287.3,20190200
2019-01-15 17:45:00,1294.5,20190400,1294.5,20190400,1288.0,20190200
2019-01-15 18:00:00,1293.9,20190400,1293.9,20190400,1287.4,20190200
2019-01-15 18:15:00,1294.9,20190400,1294.9,20190400,1288.4,20190200
2019-01-15 18:30:00,1294.5,20190400,1294.5,20190400,1288.1,20190200
2019-01-15 18:45:00,1295.0,20190400,1295.0,20190400,1288.7,20190200
2019-01-15 19:00:00,1295.3,20190400,1295.3,20190400,1288.6,20190200
2019-01-15 19:15:00,1296.3,20190400,1296.3,20190400,1290.1,20190200
2019-01-15 19:30:00,1296.2,20190400,1296.2,20190400,1289.8,20190200
2019-01-15 19:45:00,1296.3,20190400,1296.3,20190400,1290.2,20190200
2019-01-15 20:00:00,1296.8,20190400,1296.8,20190400,1290.3,20190200
2019-01-15 20:15:00,1296.1,20190400,1296.1,20190400,1289.6,20190200
2019-01-15 20:30:00,1295.9,20190400,1295.9,20190400,1289.5,20190200
2019-01-15 20:45:00,1295.4,20190400,1295.4,20190400,1288.9,20190200
2019-01-15 21:00:00,1295.4,20190400,1295.4,20190400,1289.1,20190200
2019-01-15 21:15:00,1295.6,20190400,1295.6,20190400,1289.2,20190200
2019-01-15 21:30:00,1295.7,20190400,1295.7,20190400,1289.1,20190200
2019-01-15 21:45:00,1295.6,20190400,1295.6,20190400,1289.4,20190200
2019-01-15 23:00:00,1297.3,20190400,1297.3,20190400,1290.6,20190200
2019-01-15 23:15:00,1297.3,20190400,1297.3,20190400,1289.4,20190200
2019-01-15 23:30:00,1296.0,20190400,1296.0,20190400,1289.2,20190200
2019-01-15 23:45:00,1295.6,20190400,1295.6,20190400,1289.5,20190200
2019-01-16 00:00:00,1295.6,20190400,1295.6,20190400,1289.6,20190200
2019-01-16 00:15:00,1296.7,20190400,1296.7,20190400,1290.4,20190200
2019-01-16 00:30:00,1297.0,20190400,1297.0,20190400,1290.6,20190200
2019-01-16 00:45:00,1296.8,20190400,1296.8,20190400,1290.4,20190200
2019-01-16 01:00:00,1296.5,20190400,1296.5,20190400,1290.0,20190200
2019-01-16 01:15:00,1296.5,20190400,1296.5,20190400,1290.0,20190200
2019-01-16 01:30:00,1296.8,20190400,1296.8,20190400,1290.6,20190200
2019-01-16 01:45:00,1295.4,20190400,1295.4,20190400,1288.9,20190200
2019-01-16 02:00:00,1295.8,20190400,1295.8,20190400,1289.2,20190200
2019-01-16 02:15:00,1295.4,20190400,1295.4,20190400,1288.9,20190200
2019-01-16 02:30:00,1295.7,20190400,1295.7,20190400,1289.7,20190200
2019-01-16 02:45:00,1295.7,20190400,1295.7,20190400,1289.3,20190200
2019-01-16 03:00:00,1294.9,20190400,1294.9,20190400,1288.4,20190200
2019-01-16 03:15:00,1295.1,20190400,1295.1,20190400,1288.8,20190200
2019-01-16 03:30:00,1295.1,20190400,1295.1,20190400,1288.6,20190200
2019-01-16 03:45:00,1295.0,20190400,1295.0,20190400,1288.6,20190200
2019-01-16 04:00:00,1295.1,20190400,1295.1,20190400,1289.0,20190200
2019-01-16 04:15:00,1295.8,20190400,1295.8,20190400,1289.5,20190200
2019-01-16 04:30:00,1295.6,20190400,1295.6,20190400,1289.3,20190200
2019-01-16 04:45:00,1295.6,20190400,1295.6,20190400,1289.4,20190200
2019-01-16 05:15:00,1296.6,20190400,1296.6,20190400,1290.2,20190200
2019-01-16 05:30:00,1296.7,20190400,1296.7,20190400,1290.3,20190200
2019-01-16 05:45:00,1297.8,20190400,1297.8,20190400,1291.4,20190200
2019-01-16 06:15:00,1298.0,20190400,1298.0,20190400,1291.2,20190200
2019-01-16 06:30:00,1297.6,20190400,1297.6,20190400,1290.9,20190200
2019-01-16 06:45:00,1297.3,20190400,1297.3,20190400,1290.8,20190200
2019-01-16 07:00:00,1297.8,20190400,1297.8,20190400,1291.4,20190200
2019-01-16 07:15:00,1297.6,20190400,1297.6,20190400,1291.2,20190200
2019-01-16 07:30:00,1297.1,20190400,1297.1,20190400,1290.7,20190200
2019-01-16 07:45:00,1295.9,20190400,1295.9,20190400,1289.6,20190200
2019-01-16 08:00:00,1296.1,20190400,1296.1,20190400,1289.8,20190200
2019-01-16 08:15:00,1297.9,20190400,1297.9,20190400,1291.5,20190200
2019-01-16 08:30:00,1297.6,20190400,1297.6,20190400,1291.4,20190200
2019-01-16 08:45:00,1296.9,20190400,1296.9,20190400,1290.7,20190200
2019-01-16 09:00:00,1296.5,20190400,1296.5,20190400,1290.0,20190200
2019-01-16 09:15:00,1296.6,20190400,1296.6,20190400,1290.1,20190200
2019-01-16 09:30:00,1295.9,20190400,1295.9,20190400,1289.7,20190200
2019-01-16 09:45:00,1296.2,20190400,1296.2,20190400,1289.8,20190200
2019-01-16 10:00:00,1295.6,20190400,1295.6,20190400,1289.3,20190200
2019-01-16 10:15:00,1295.7,20190400,1295.7,20190400,1289.4,20190200
2019-01-16 10:30:00,1296.2,20190400,1296.2,20190400,1289.7,20190200
2019-01-16 10:45:00,1295.7,20190400,1295.7,20190400,1289.2,20190200
2019-01-16 11:00:00,1295.3,20190400,1295.3,20190400,1288.7,20190200
2019-01-16 11:15:00,1295.3,20190400,1295.3,20190400,1289.1,20190200
2019-01-16 11:30:00,1295.3,20190400,1295.3,20190400,1288.9,20190200
2019-01-16 11:45:00,1295.1,20190400,1295.1,20190400,1288.5,20190200
2019-01-16 12:00:00,1295.6,20190400,1295.6,20190400,1289.1,20190200
2019-01-16 12:15:00,1294.5,20190400,1294.5,20190400,1288.1,20190200
2019-01-16 12:30:00,1295.2,20190400,1295.2,20190400,1288.8,20190200
2019-01-16 12:45:00,1295.1,20190400,1295.1,20190400,1288.6,20190200
2019-01-16 13:00:00,1295.8,20190400,1295.8,20190400,1289.4,20190200
2019-01-16 13:15:00,1297.1,20190400,1297.1,20190400,1290.6,20190200
2019-01-16 13:30:00,1296.6,20190400,1296.6,20190400,1290.0,20190200
2019-01-16 13:45:00,1296.7,20190400,1296.7,20190400,1290.1,20190200
2019-01-16 14:00:00,1297.4,20190400,1297.4,20190400,1290.9,20190200
2019-01-16 14:15:00,1297.7,20190400,1297.7,20190400,1291.1,20190200
2019-01-16 14:30:00,1298.2,20190400,1298.2,20190400,1291.8,20190200
2019-01-16 14:45:00,1299.0,20190400,1299.0,20190400,1292.5,20190200
2019-01-16 15:00:00,1299.0,20190400,1299.0,20190400,1292.6,20190200
2019-01-16 15:15:00,1300.0,20190400,1300.0,20190400,1293.7,20190200
2019-01-16 15:30:00,1300.4,20190400,1300.4,20190400,1294.2,20190200
2019-01-16 15:45:00,1299.6,20190400,1299.6,20190400,1293.0,20190200
2019-01-16 16:00:00,1301.0,20190400,1301.0,20190400,1294.4,20190200
2019-01-16 16:15:00,1300.7,20190400,1300.7,20190400,1294.3,20190200
2019-01-16 16:30:00,1300.7,20190400,1300.7,20190400,1294.4,20190200
2019-01-16 16:45:00,1301.4,20190400,1301.4,20190400,1294.8,20190200
2019-01-16 17:00:00,1301.2,20190400,1301.2,20190400,1294.8,20190200
2019-01-16 17:15:00,1301.4,20190400,1301.4,20190400,1294.7,20190200
2019-01-16 17:30:00,1300.4,20190400,1300.4,20190400,1293.9,20190200
2019-01-16 17:45:00,1300.3,20190400,1300.3,20190400,1293.9,20190200
2019-01-16 18:00:00,1300.5,20190400,1300.5,20190400,1294.1,20190200
2019-01-16 18:15:00,1300.3,20190400,1300.3,20190400,1293.8,20190200
2019-01-16 18:30:00,1299.5,20190400,1299.5,20190400,1293.1,20190200
2019-01-16 18:45:00,1299.9,20190400,1299.9,20190400,1293.5,20190200
2019-01-16 19:00:00,1300.3,20190400,1300.3,20190400,1293.8,20190200
2019-01-16 19:15:00,1298.8,20190400,1298.8,20190400,1292.3,20190200
2019-01-16 19:30:00,1299.1,20190400,1299.1,20190400,1292.9,20190200
2019-01-16 19:45:00,1299.7,20190400,1299.7,20190400,1293.2,20190200
2019-01-16 20:00:00,1300.1,20190400,1300.1,20190400,1293.6,20190200
2019-01-16 20:15:00,1299.1,20190400,1299.1,20190400,1292.8,20190200
2019-01-16 20:30:00,1299.3,20190400,1299.3,20190400,1292.8,20190200
2019-01-16 20:45:00,1299.6,20190400,1299.6,20190400,1293.2,20190200
2019-01-16 21:00:00,1300.1,20190400,1300.1,20190400,1293.3,20190200
2019-01-16 21:15:00,1299.9,20190400,1299.9,20190400,1293.3,20190200
2019-01-16 21:30:00,1299.9,20190400,1299.9,20190400,1293.5,20190200
2019-01-16 21:45:00,1299.9,20190400,1299.9,20190400,1293.5,20190200
2019-01-16 23:00:00,1298.1,20190400,1298.1,20190400,1291.8,20190200
2019-01-16 23:15:00,1300.3,20190400,1300.3,20190400,1293.4,20190200
2019-01-16 23:30:00,1299.7,20190400,1299.7,20190400,1293.3,20190200
2019-01-16 23:45:00,1299.3,20190400,1299.3,20190400,1292.7,20190200
2019-01-17 00:00:00,1299.8,20190400,1299.8,20190400,1293.5,20190200
2019-01-17 00:15:00,1299.8,20190400,1299.8,20190400,1293.3,20190200
2019-01-17 00:30:00,1299.3,20190400,1299.3,20190400,1292.8,20190200
2019-01-17 00:45:00,1299.9,20190400,1299.9,20190400,1293.7,20190200
2019-01-17 01:00:00,1300.6,20190400,1300.6,20190400,1294.1,20190200
2019-01-17 01:15:00,1301.0,20190400,1301.0,20190400,1294.6,20190200
2019-01-17 01:30:00,1300.7,20190400,1300.7,20190400,1294.4,20190200
2019-01-17 01:45:00,1300.9,20190400,1300.9,20190400,1294.4,20190200
2019-01-17 02:00:00,1301.1,20190400,1301.1,20190400,1294.5,20190200
2019-01-17 02:15:00,1300.5,20190400,1300.5,20190400,1294.0,20190200
2019-01-17 02:30:00,1299.8,20190400,1299.8,20190400,1293.3,20190200
2019-01-17 02:45:00,1299.5,20190400,1299.5,20190400,1293.1,20190200
2019-01-17 03:00:00,1299.1,20190400,1299.1,20190400,1292.8,20190200
2019-01-17 03:15:00,1298.2,20190400,1298.2,20190400,1291.9,20190200
2019-01-17 03:30:00,1298.7,20190400,1298.7,20190400,1292.2,20190200
2019-01-17 03:45:00,1298.7,20190400,1298.7,20190400,1292.2,20190200
2019-01-17 04:00:00,1297.8,20190400,1297.8,20190400,1291.5,20190200
2019-01-17 04:15:00,1297.5,20190400,1297.5,20190400,1291.3,20190200
2019-01-17 04:30:00,1297.7,20190400,1297.7,20190400,1291.2,20190200
2019-01-17 04:45:00,1297.5,20190400,1297.5,20190400,1291.1,20190200
2019-01-17 05:15:00,1298.1,20190400,1298.1,20190400,1291.6,20190200
2019-01-17 05:30:00,1298.0,20190400,1298.0,20190400,1291.5,20190200
2019-01-17 05:45:00,1298.4,20190400,1298.4,20190400,1292.2,20190200
2019-01-17 06:15:00,1299.1,20190400,1299.1,20190400,1292.4,20190200
2019-01-17 06:30:00,1298.5,20190400,1298.5,20190400,1292.2,20190200
2019-01-17 06:45:00,1298.6,20190400,1298.6,20190400,1292.2,20190200
2019-01-17 07:00:00,1297.5,20190400,1297.5,20190400,1291.3,20190200
2019-01-17 07:15:00,1297.9,20190400,1297.9,20190400,1291.5,20190200
2019-01-17 07:30:00,1298.5,20190400,1298.5,20190400,1292.1,20190200
2019-01-17 07:45:00,1299.0,20190400,1299.0,20190400,1292.6,20190200
2019-01-17 08:00:00,1298.9,20190400,1298.9,20190400,1291.9,20190200
2019-01-17 08:15:00,1300.2,20190400,1300.2,20190400,1293.7,20190200
2019-01-17 08:30:00,1300.5,20190400,1300.5,20190400,1294.0,20190200
2019-01-17 08:45:00,1299.9,20190400,1299.9,20190400,1293.7,20190200
2019-01-17 09:00:00,1300.0,20190400,1300.0,20190400,1293.6,20190200
2019-01-17 09:15:00,1300.3,20190400,1300.3,20190400,1294.1,20190200
2019-01-17 09:30:00,1300.5,20190400,1300.5,20190400,1294.1,20190200
2019-01-17 09:45:00,1300.3,20190400,1300.3,20190400,1293.9,20190200
2019-01-17 10:00:00,1300.1,20190400,1300.1,20190400,1293.7,20190200
2019-01-17 10:15:00,1299.9,20190400,1299.9,20190400,1293.6,20190200
2019-01-17 10:30:00,1300.5,20190400,1300.5,20190400,1294.0,20190200
2019-01-17 10:45:00,1300.4,20190400,1300.4,20190400,1293.9,20190200
2019-01-17 11:00:00,1300.5,20190400,1300.5,20190400,1294.1,20190200
2019-01-17 11:15:00,1300.9,20190400,1300.9,20190400,1294.3,20190200
2019-01-17 11:30:00,1300.8,20190400,1300.8,20190400,1294.0,20190200
2019-01-17 11:45:00,1300.5,20190400,1300.5,20190400,1293.7,20190200
2019-01-17 12:00:00,1300.1,20190400,1300.1,20190400,1293.7,20190200
2019-01-17 12:15:00,1300.3,20190400,1300.3,20190400,1293.8,20190200
2019-01-17 12:30:00,1300.3,20190400,1300.3,20190400,1293.8,20190200
2019-01-17 12:45:00,1300.1,20190400,1300.1,20190400,1293.6,20190200
2019-01-17 13:00:00,1298.5,20190400,1298.5,20190400,1292.1,20190200
2019-01-17 13:15:00,1299.8,20190400,1299.8,20190400,1293.3,20190200
2019-01-17 13:30:00,1296.8,20190400,1296.8,20190400,1290.6,20190200
2019-01-17 13:45:00,1297.6,20190400,1297.6,20190400,1291.2,20190200
2019-01-17 14:00:00,1296.3,20190400,1296.3,20190400,1289.8,20190200
2019-01-17 14:15:00,1297.0,20190400,1297.0,20190400,1290.5,20190200
2019-01-17 14:30:00,1297.2,20190400,1297.2,20190400,1290.9,20190200
2019-01-17 14:45:00,1296.7,20190400,1296.7,20190400,1290.3,20190200
2019-01-17 15:00:00,1296.2,20190400,1296.2,20190400,1289.9,20190200
2019-01-17 15:15:00,1296.6,20190400,1296.6,20190400,1290.3,20190200
2019-01-17 15:30:00,1296.3,20190400,1296.3,20190400,1289.9,20190200
2019-01-17 15:45:00,1296.4,20190400,1296.4,20190400,1290.0,20190200
2019-01-17 16:00:00,1297.7,20190400,1297.7,20190400,1291.3,20190200
2019-01-17 16:15:00,1297.6,20190400,1297.6,20190400,1291.1,20190200
2019-01-17 16:30:00,1297.1,20190400,1297.1,20190400,1290.8,20190200
2019-01-17 16:45:00,1297.4,20190400,1297.4,20190400,1291.2,20190200
2019-01-17 17:00:00,1297.6,20190400,1297.6,20190400,1291.3,20190200
2019-01-17 17:15:00,1297.5,20190400,1297.5,20190400,1291.1,20190200
2019-01-17 17:30:00,1297.4,20190400,1297.4,20190400,1291.2,20190200
2019-01-17 17:45:00,1298.0,20190400,1298.0,20190400,1291.6,20190200
2019-01-17 18:00:00,1299.0,20190400,1299.0,20190400,1292.5,20190200
2019-01-17 18:15:00,1298.7,20190400,1298.7,20190400,1292.3,20190200
2019-01-17 18:30:00,1298.8,20190400,1298.8,20190400,1292.4,20190200
2019-01-17 18:45:00,1298.4,20190400,1298.4,20190400,1292.0,20190200
2019-01-17 19:00:00,1297.9,20190400,1297.9,20190400,1291.6,20190200
2019-01-17 19:15:00,1298.6,20190400,1298.6,20190400,1292.2,20190200
2019-01-17 19:30:00,1297.5,20190400,1297.5,20190400,1291.1,20190200
2019-01-17 19:45:00,1296.5,20190400,1296.5,20190400,1290.4,20190200
2019-01-17 20:00:00,1297.2,20190400,1297.2,20190400,1290.8,20190200
2019-01-17 20:15:00,1297.6,20190400,1297.6,20190400,1291.3,20190200
2019-01-17 20:30:00,1298.0,20190400,1298.0,20190400,1291.8,20190200
2019-01-17 20:45:00,1297.9,20190400,1297.9,20190400,1291.5,20190200
2019-01-17 21:00:00,1298.1,20190400,1298.1,20190400,1291.6,20190200
2019-01-17 21:15:00,1297.9,20190400,1297.9,20190400,1291.3,20190200
2019-01-17 21:30:00,1297.8,20190400,1297.8,20190400,1291.4,20190200
2019-01-17 21:45:00,1297.9,20190400,1297.9,20190400,1291.6,20190200
2019-01-17 23:00:00,1298.5,20190400,1298.5,20190400,1292.1,20190200
2019-01-17 23:15:00,1298.3,20190400,1298.3,20190400,1291.8,20190200
2019-01-17 23:30:00,1298.0,20190400,1298.0,20190400,1291.8,20190200
2019-01-17 23:45:00,1298.2,20190400,1298.2,20190400,1292.0,20190200
2019-01-18 00:00:00,1297.2,20190400,1297.2,20190400,1290.7,20190200
2019-01-18 00:15:00,1297.2,20190400,1297.2,20190400,1290.4,20190200
2019-01-18 00:30:00,1296.9,20190400,1296.9,20190400,1290.5,20190200
2019-01-18 00:45:00,1297.1,20190400,1297.1,20190400,1290.8,20190200
2019-01-18 01:00:00,1297.5,20190400,1297.5,20190400,1291.2,20190200
2019-01-18 01:15:00,1297.9,20190400,1297.9,20190400,1291.3,20190200
2019-01-18 01:30:00,1297.0,20190400,1297.0,20190400,1290.5,20190200
2019-01-18 01:45:00,1296.7,20190400,1296.7,20190400,1290.5,20190200
2019-01-18 02:00:00,1296.8,20190400,1296.8,20190400,1290.7,20190200
2019-01-18 02:15:00,1297.3,20190400,1297.3,20190400,1290.8,20190200
2019-01-18 02:30:00,1297.1,20190400,1297.1,20190400,1290.8,20190200
2019-01-18 02:45:00,1297.1,20190400,1297.1,20190400,1291.0,20190200
2019-01-18 03:00:00,1298.0,20190400,1298.0,20190400,1291.7,20190200
2019-01-18 03:15:00,1298.0,20190400,1298.0,20190400,1291.6,20190200
2019-01-18 03:30:00,1297.9,20190400,1297.9,20190400,1291.5,20190200
2019-01-18 03:45:00,1297.7,20190400,1297.7,20190400,1291.3,20190200
2019-01-18 04:00:00,1298.0,20190400,1298.0,20190400,1291.7,20190200
2019-01-18 04:15:00,1297.7,20190400,1297.7,20190400,1291.4,20190200
2019-01-18 04:30:00,1297.6,20190400,1297.6,20190400,1291.3,20190200
2019-01-18 04:45:00,1297.9,20190400,1297.9,20190400,1291.6,20190200
2019-01-18 05:15:00,1297.5,20190400,1297.5,20190400,1291.1,20190200
2019-01-18 05:30:00,1296.9,20190400,1296.9,20190400,1290.7,20190200
2019-01-18 05:45:00,1297.2,20190400,1297.2,20190400,1290.7,20190200
2019-01-18 06:15:00,1297.4,20190400,1297.4,20190400,1291.6,20190200
2019-01-18 06:30:00,1297.6,20190400,1297.6,20190400,1291.2,20190200
2019-01-18 06:45:00,1297.9,20190400,1297.9,20190400,1291.6,20190200
2019-01-18 07:00:00,1297.3,20190400,1297.3,20190400,1290.8,20190200
2019-01-18 07:15:00,1296.5,20190400,1296.5,20190400,1290.2,20190200
2019-01-18 07:30:00,1296.5,20190400,1296.5,20190400,1290.1,20190200
2019-01-18 07:45:00,1296.1,20190400,1296.1,20190400,1289.6,20190200
2019-01-18 08:00:00,1295.6,20190400,1295.6,20190400,1289.3,20190200
2019-01-18 08:15:00,1295.0,20190400,1295.0,20190400,1288.7,20190200
2019-01-18 08:30:00,1293.6,20190400,1293.6,20190400,1287.2,20190200
2019-01-18 08:45:00,1294.4,20190400,1294.4,20190400,1288.1,20190200
2019-01-18 09:00:00,1293.8,20190400,1293.8,20190400,1287.6,20190200
2019-01-18 09:15:00,1290.3,20190400,1290.3,20190400,1284.0,20190200
2019-01-18 09:30:00,1290.9,20190400,1290.9,20190400,1284.6,20190200
2019-01-18 09:45:00,1290.9,20190400,1290.9,20190400,1284.6,20190200
2019-01-18 10:00:00,1290.9,20190400,1290.9,20190400,1284.6,20190200
2019-01-18 10:15:00,1291.4,20190400,1291.4,20190400,1285.2,20190200
2019-01-18 10:30:00,1291.0,20190400,1291.0,20190400,1284.8,20190200
2019-01-18 10:45:00,1291.7,20190400,1291.7,20190400,1285.4,20190200
2019-01-18 11:00:00,1291.5,20190400,1291.5,20190400,1285.3,20190200
2019-01-18 11:15:00,1291.2,20190400,1291.2,20190400,1285.0,20190200
2019-01-18 11:30:00,1291.3,20190400,1291.3,20190400,1285.2,20190200
2019-01-18 11:45:00,1290.6,20190400,1290.6,20190400,1284.3,20190200
2019-01-18 12:00:00,1290.6,20190400,1290.6,20190400,1284.4,20190200
2019-01-18 12:15:00,1291.9,20190400,1291.9,20190400,1285.7,20190200
2019-01-18 12:30:00,1291.2,20190400,1291.2,20190400,1285.0,20190200
2019-01-18 12:45:00,1291.5,20190400,1291.5,20190400,1285.3,20190200
2019-01-18 13:00:00,1288.3,20190400,1288.3,20190400,1282.1,20190200
2019-01-18 13:15:00,1288.0,20190400,1288.0,20190400,1281.7,20190200
2019-01-18 13:30:00,1288.8,20190400,1288.8,20190400,1282.5,20190200
2019-01-18 13:45:00,1288.8,20190400,1288.8,20190400,1282.7,20190200
2019-01-18 14:00:00,1288.7,20190400,1288.7,20190400,1282.7,20190200
2019-01-18 14:15:00,1288.2,20190400,1288.2,20190400,1282.0,20190200
2019-01-18 14:30:00,1288.0,20190400,1288.0,20190400,1281.7,20190200
2019-01-18 14:45:00,1289.0,20190400,1289.0,20190400,1282.7,20190200
2019-01-18 15:00:00,1289.8,20190400,1289.8,20190400,1283.6,20190200
2019-01-18 15:15:00,1288.6,20190400,1288.6,20190400,1282.4,20190200
2019-01-18 15:30:00,1288.4,20190400,1288.4,20190400,1282.2,20190200
2019-01-18 15:45:00,1289.0,20190400,1289.0,20190400,1282.8,20190200
2019-01-18 16:00:00,1289.1,20190400,1289.1,20190400,1282.9,20190200
2019-01-18 16:15:00,1288.3,20190400,1288.3,20190400,1281.8,20190200
2019-01-18 16:30:00,1288.8,20190400,1288.8,20190400,1282.6,20190200
2019-01-18 16:45:00,1288.2,20190400,1288.2,20190400,1282.0,20190200
2019-01-18 17:00:00,1288.6,20190400,1288.6,20190400,1282.3,20190200
2019-01-18 17:15:00,1288.7,20190400,1288.7,20190400,1282.4,20190200
2019-01-18 17:30:00,1288.5,20190400,1288.5,20190400,1282.5,20190200
2019-01-18 17:45:00,1288.3,20190400,1288.3,20190400,1282.1,20190200
2019-01-18 18:00:00,1289.1,20190400,1289.1,20190400,1282.9,20190200
2019-01-18 18:15:00,1288.8,20190400,1288.8,20190400,1282.6,20190200
2019-01-18 18:30:00,1288.4,20190400,1288.4,20190400,1282.2,20190200
2019-01-18 18:45:00,1288.1,20190400,1288.1,20190400,1281.9,20190200
2019-01-18 19:00:00,1288.3,20190400,1288.3,20190400,1282.0,20190200
2019-01-18 19:15:00,1288.3,20190400,1288.3,20190400,1282.0,20190200
2019-01-18 19:30:00,1288.6,20190400,1288.6,20190400,1282.5,20190200
2019-01-18 19:45:00,1287.9,20190400,1287.9,20190400,1281.5,20190200
2019-01-18 20:00:00,1287.2,20190400,1287.2,20190400,1280.9,20190200
2019-01-18 20:15:00,1287.5,20190400,1287.5,20190400,1281.2,20190200
2019-01-18 20:30:00,1287.1,20190400,1287.1,20190400,1280.9,20190200
2019-01-18 20:45:00,1286.4,20190400,1286.4,20190400,1280.2,20190200
2019-01-18 21:00:00,1286.6,20190400,1286.6,20190400,1280.2,20190200
2019-01-18 21:15:00,1286.5,20190400,1286.5,20190400,1280.3,20190200
2019-01-18 21:30:00,1287.2,20190400,1287.2,20190400,1280.8,20190200
2019-01-18 21:45:00,1287.5,20190400,1287.5,20190400,1281.3,20190200
2019-01-18 23:00:00,1298.0,20190400,1298.0,20190400,1291.6,20190200
2019-01-20 23:00:00,1288.7,20190400,1288.7,20190400,1282.5,20190200
2019-01-20 23:15:00,1288.8,20190400,1288.8,20190400,1282.4,20190200
2019-01-20 23:30:00,1288.5,20190400,1288.5,20190400,1282.4,20190200
2019-01-20 23:45:00,1288.3,20190400,1288.3,20190400,1282.0,20190200
2019-01-21 00:00:00,1288.8,20190400,1288.8,20190400,1282.6,20190200
2019-01-21 00:15:00,1288.6,20190400,1288.6,20190400,1282.3,20190200
2019-01-21 00:30:00,1288.9,20190400,1288.9,20190400,1282.7,20190200
2019-01-21 00:45:00,1289.1,20190400,1289.1,20190400,1282.9,20190200
2019-01-21 01:00:00,1288.6,20190400,1288.6,20190400,1282.3,20190200
2019-01-21 01:15:00,1288.2,20190400,1288.2,20190400,1281.9,20190200
2019-01-21 01:30:00,1289.0,20190400,1289.0,20190400,1282.7,20190200
2019-01-21 01:45:00,1288.7,20190400,1288.7,20190400,1282.4,20190200
2019-01-21 02:00:00,1288.4,20190400,1288.4,20190400,1282.3,20190200
2019-01-21 02:15:00,1288.4,20190400,1288.4,20190400,1282.4,20190200
2019-01-21 02:30:00,1288.6,20190400,1288.6,20190400,1282.5,20190200
2019-01-21 02:45:00,1288.2,20190400,1288.2,20190400,1282.0,20190200
2019-01-21 03:00:00,1288.2,20190400,1288.2,20190400,1282.0,20190200
2019-01-21 03:15:00,1287.4,20190400,1287.4,20190400,1281.1,20190200
2019-01-21 03:30:00,1287.3,20190400,1287.3,20190400,1281.2,20190200
2019-01-21 03:45:00,1287.2,20190400,1287.2,20190400,1281.1,20190200
2019-01-21 04:00:00,1287.4,20190400,1287.4,20190400,1281.3,20190200
2019-01-21 04:15:00,1287.4,20190400,1287.4,20190400,1281.2,20190200
2019-01-21 04:30:00,1286.9,20190400,1286.9,20190400,1280.9,20190200
2019-01-21 04:45:00,1286.9,20190400,1286.9,20190400,1280.8,20190200
2019-01-21 05:15:00,1286.8,20190400,1286.8,20190400,1280.8,20190200
2019-01-21 05:30:00,1286.6,20190400,1286.6,20190400,1280.6,20190200
2019-01-21 05:45:00,1287.0,20190400,1287.0,20190400,1280.8,20190200
2019-01-21 06:15:00,1287.8,20190400,1287.8,20190400,1281.6,20190200
2019-01-21 06:30:00,1288.4,20190400,1288.4,20190400,1282.3,20190200
2019-01-21 06:45:00,1288.5,20190400,1288.5,20190400,1282.3,20190200
2019-01-21 07:00:00,1288.2,20190400,1288.2,20190400,1282.1,20190200
2019-01-21 07:15:00,1288.5,20190400,1288.5,20190400,1282.4,20190200
2019-01-21 07:30:00,1288.5,20190400,1288.5,20190400,1282.2,20190200
2019-01-21 07:45:00,1287.9,20190400,1287.9,20190400,1281.8,20190200
2019-01-21 08:00:00,1287.7,20190400,1287.7,20190400,1281.7,20190200
2019-01-21 08:15:00,1287.5,20190400,1287.5,20190400,1281.2,20190200
2019-01-21 08:30:00,1285.6,20190400,1285.6,20190400,1279.5,20190200
2019-01-21 08:45:00,1284.5,20190400,1284.5,20190400,1278.4,20190200
2019-01-21 09:00:00,1284.1,20190400,1284.1,20190400,1277.8,20190200
2019-01-21 09:15:00,1283.5,20190400,1283.5,20190400,1277.5,20190200
2019-01-21 09:30:00,1284.2,20190400,1284.2,20190400,1278.1,20190200
2019-01-21 09:45:00,1283.8,20190400,1283.8,20190400,1277.8,20190200
2019-01-21 10:00:00,1283.4,20190400,1283.4,20190400,1277.6,20190200
2019-01-21 10:15:00,1284.2,20190400,1284.2,20190400,1277.9,20190200
2019-01-21 10:30:00,1284.3,20190400,1284.3,20190400,1278.1,20190200
2019-01-21 10:45:00,1284.4,20190400,1284.4,20190400,1278.3,20190200
2019-01-21 11:00:00,1284.3,20190400,1284.3,20190400,1278.1,20190200
2019-01-21 11:15:00,1284.0,20190400,1284.0,20190400,1277.8,20190200
2019-01-21 11:30:00,1284.3,20190400,1284.3,20190400,1277.9,20190200
2019-01-21 11:45:00,1284.0,20190400,1284.0,20190400,1277.7,20190200
2019-01-21 12:00:00,1282.9,20190400,1282.9,20190400,1276.8,20190200
2019-01-21 12:15:00,1283.3,20190400,1283.3,20190400,1277.2,20190200
2019-01-21 12:30:00,1282.7,20190400,1282.7,20190400,1276.6,20190200
2019-01-21 12:45:00,1282.9,20190400,1282.9,20190400,1277.0,20190200
2019-01-21 13:00:00,1283.3,20190400,1283.3,20190400,1277.2,20190200
2019-01-21 13:15:00,1282.8,20190400,1282.8,20190400,1276.6,20190200
2019-01-21 13:30:00,1283.3,20190400,1283.3,20190400,1277.2,20190200
2019-01-21 13:45:00,1284.6,20190400,1284.6,20190400,1278.4,20190200
2019-01-21 14:00:00,1284.1,20190400,1284.1,20190400,1277.9,20190200
2019-01-21 14:15:00,1285.0,20190400,1285.0,20190400,1278.9,20190200
2019-01-21 14:30:00,1286.4,20190400,1286.4,20190400,1280.1,20190200
2019-01-21 14:45:00,1285.3,20190400,1285.3,20190400,1279.2,20190200
2019-01-21 15:00:00,1285.8,20190400,1285.8,20190400,1279.7,20190200
2019-01-21 15:15:00,1285.5,20190400,1285.5,20190400,1279.1,20190200
2019-01-21 15:30:00,1285.6,20190400,1285.6,20190400,1279.4,20190200
2019-01-21 15:45:00,1285.8,20190400,1285.8,20190400,1279.7,20190200
2019-01-21 16:00:00,1286.2,20190400,1286.2,20190400,1280.1,20190200
2019-01-21 16:15:00,1285.7,20190400,1285.7,20190400,1279.5,20190200
2019-01-21 16:30:00,1286.1,20190400,1286.1,20190400,1280.0,20190200
2019-01-21 16:45:00,1285.9,20190400,1285.9,20190400,1279.9,20190200
2019-01-21 17:00:00,1285.9,20190400,1285.9,20190400,1279.7,20190200
2019-01-21 17:15:00,1285.4,20190400,1285.4,20190400,1279.4,20190200
2019-01-21 17:30:00,1285.8,20190400,1285.8,20190400,1279.7,20190200
2019-01-21 17:45:00,1285.5,20190400,1285.5,20190400,1279.6,20190200
2019-01-21 23:00:00,1287.5,20190400,1287.5,20190400,1281.3,20190200
2019-01-21 23:15:00,1285.9,20190400,1285.9,20190400,1279.8,20190200
2019-01-21 23:30:00,1285.8,20190400,1285.8,20190400,1279.7,20190200
2019-01-21 23:45:00,1285.2,20190400,1285.2,20190400,1279.0,20190200
2019-01-22 00:00:00,1285.5,20190400,1285.5,20190400,1279.4,20190200
2019-01-22 00:15:00,1285.4,20190400,1285.4,20190400,1279.4,20190200
2019-01-22 00:30:00,1285.1,20190400,1285.1,20190400,1279.1,20190200
2019-01-22 00:45:00,1284.9,20190400,1284.9,20190400,1278.7,20190200
2019-01-22 01:00:00,1284.6,20190400,1284.6,20190400,1278.5,20190200
2019-01-22 01:15:00,1285.2,20190400,1285.2,20190400,1279.0,20190200
2019-01-22 01:30:00,1285.0,20190400,1285.0,20190400,1278.7,20190200
2019-01-22 01:45:00,1284.9,20190400,1284.9,20190400,1278.2,20190200
2019-01-22 02:00:00,1284.4,20190400,1284.4,20190400,1278.2,20190200
2019-01-22 02:15:00,1284.2,20190400,1284.2,20190400,1278.1,20190200
2019-01-22 02:30:00,1283.8,20190400,1283.8,20190400,1277.6,20190200
2019-01-22 02:45:00,1283.6,20190400,1283.6,20190400,1277.3,20190200
2019-01-22 03:00:00,1283.3,20190400,1283.3,20190400,1277.5,20190200
2019-01-22 03:15:00,1283.5,20190400,1283.5,20190400,1277.3,20190200
2019-01-22 03:30:00,1283.7,20190400,1283.7,20190400,1277.4,20190200
2019-01-22 03:45:00,1284.3,20190400,1284.3,20190400,1278.2,20190200
2019-01-22 04:00:00,1284.1,20190400,1284.1,20190400,1277.9,20190200
2019-01-22 04:15:00,1284.0,20190400,1284.0,20190400,1278.0,20190200
2019-01-22 04:30:00,1283.5,20190400,1283.5,20190400,1277.5,20190200
2019-01-22 04:45:00,1283.1,20190400,1283.1,20190400,1276.9,20190200
2019-01-22 05:15:00,1283.4,20190400,1283.4,20190400,1277.1,20190200
2019-01-22 05:30:00,1284.6,20190400,1284.6,20190400,1278.4,20190200
2019-01-22 05:45:00,1284.9,20190400,1284.9,20190400,1278.5,20190200
2019-01-22 06:15:00,1284.2,20190400,1284.2,20190400,1278.1,20190200
2019-01-22 06:30:00,1284.5,20190400,1284.5,20190400,1278.7,20190200
2019-01-22 06:45:00,1284.3,20190400,1284.3,20190400,1278.0,20190200
2019-01-22 07:00:00,1285.3,20190400,1285.3,20190400,1279.0,20190200
2019-01-22 07:15:00,1286.7,20190400,1286.7,20190400,1280.4,20190200
2019-01-22 07:30:00,1286.1,20190400,1286.1,20190400,1279.7,20190200
2019-01-22 07:45:00,1286.7,20190400,1286.7,20190400,1280.7,20190200
2019-01-22 08:00:00,1288.8,20190400,1288.8,20190400,1282.8,20190200
2019-01-22 08:15:00,1288.9,20190400,1288.9,20190400,1282.7,20190200
2019-01-22 08:30:00,1289.8,20190400,1289.8,20190400,1283.6,20190200
2019-01-22 08:45:00,1290.1,20190400,1290.1,20190400,1283.9,20190200
2019-01-22 09:00:00,1290.2,20190400,1290.2,20190400,1284.0,20190200
2019-01-22 09:15:00,1290.0,20190400,1290.0,20190400,1283.7,20190200
2019-01-22 09:30:00,1290.1,20190400,1290.1,20190400,1283.6,20190200
2019-01-22 09:45:00,1289.8,20190400,1289.8,20190400,1283.5,20190200
2019-01-22 10:00:00,1290.1,20190400,1290.1,20190400,1283.9,20190200
2019-01-22 10:15:00,1290.0,20190400,1290.0,20190400,1283.9,20190200
2019-01-22 10:30:00,1289.8,20190400,1289.8,20190400,1283.6,20190200
2019-01-22 10:45:00,1289.3,20190400,1289.3,20190400,1283.3,20190200
2019-01-22 11:00:00,1289.2,20190400,1289.2,20190400,1282.9,20190200
2019-01-22 11:15:00,1289.1,20190400,1289.1,20190400,1282.8,20190200
2019-01-22 11:30:00,1289.2,20190400,1289.2,20190400,1282.9,20190200
2019-01-22 11:45:00,1288.2,20190400,1288.2,20190400,1282.1,20190200
2019-01-22 12:00:00,1288.3,20190400,1288.3,20190400,1282.1,20190200
2019-01-22 12:15:00,1288.4,20190400,1288.4,20190400,1282.1,20190200
2019-01-22 12:30:00,1289.1,20190400,1289.1,20190400,1282.8,20190200
2019-01-22 12:45:00,1288.7,20190400,1288.7,20190400,1282.6,20190200
2019-01-22 13:00:00,1288.4,20190400,1288.4,20190400,1282.2,20190200
2019-01-22 13:15:00,1287.7,20190400,1287.7,20190400,1281.6,20190200
2019-01-22 13:30:00,1288.0,20190400,1288.0,20190400,1282.0,20190200
2019-01-22 13:45:00,1288.4,20190400,1288.4,20190400,1282.2,20190200
2019-01-22 14:00:00,1289.7,20190400,1289.7,20190400,1283.5,20190200
2019-01-22 14:15:00,1287.8,20190400,1287.8,20190400,1281.6,20190200
2019-01-22 14:30:00,1288.0,20190400,1288.0,20190400,1281.8,20190200
2019-01-22 14:45:00,1287.3,20190400,1287.3,20190400,1281.0,20190200
2019-01-22 15:00:00,1287.7,20190400,1287.7,20190400,1281.5,20190200
2019-01-22 15:15:00,1285.5,20190400,1285.5,20190400,1279.3,20190200
2019-01-22 15:30:00,1285.8,20190400,1285.8,20190400,1279.7,20190200
2019-01-22 15:45:00,1285.7,20190400,1285.7,20190400,1279.6,20190200
2019-01-22 16:00:00,1286.5,20190400,1286.5,20190400,1280.3,20190200
2019-01-22 16:15:00,1286.7,20190400,1286.7,20190400,1280.6,20190200
2019-01-22 16:30:00,1287.9,20190400,1287.9,20190400,1281.7,20190200
2019-01-22 16:45:00,1288.8,20190400,1288.8,20190400,1282.5,20190200
2019-01-22 17:00:00,1288.9,20190400,1288.9,20190400,1282.8,20190200
2019-01-22 17:15:00,1288.5,20190400,1288.5,20190400,1282.5,20190200
2019-01-22 17:30:00,1288.8,20190400,1288.8,20190400,1282.6,20190200
2019-01-22 17:45:00,1289.1,20190400,1289.1,20190400,1283.0,20190200
2019-01-22 18:00:00,1290.6,20190400,1290.6,20190400,1284.3,20190200
2019-01-22 18:15:00,1289.6,20190400,1289.6,20190400,1283.4,20190200
2019-01-22 18:30:00,1290.0,20190400,1290.0,20190400,1284.0,20190200
2019-01-22 18:45:00,1290.0,20190400,1290.0,20190400,1283.9,20190200
2019-01-22 19:00:00,1290.1,20190400,1290.1,20190400,1284.0,20190200
2019-01-22 19:15:00,1290.1,20190400,1290.1,20190400,1284.2,20190200
2019-01-22 19:30:00,1290.9,20190400,1290.9,20190400,1284.8,20190200
2019-01-22 19:45:00,1290.9,20190400,1290.9,20190400,1284.7,20190200
2019-01-22 20:00:00,1290.4,20190400,1290.4,20190400,1284.2,20190200
2019-01-22 20:15:00,1289.4,20190400,1289.4,20190400,1283.2,20190200
2019-01-22 20:30:00,1289.5,20190400,1289.5,20190400,1283.3,20190200
2019-01-22 20:45:00,1290.2,20190400,1290.2,20190400,1284.0,20190200
2019-01-22 21:00:00,1290.6,20190400,1290.6,20190400,1284.6,20190200
2019-01-22 21:15:00,1290.5,20190400,1290.5,20190400,1284.4,20190200
2019-01-22 21:30:00,1290.8,20190400,1290.8,20190400,1284.5,20190200
2019-01-22 21:45:00,1290.7,20190400,1290.7,20190400,1284.7,20190200
2019-01-22 23:00:00,1284.6,20190400,1284.6,20190400,1278.5,20190200
2019-01-22 23:15:00,1290.5,20190400,1290.5,20190400,1284.3,20190200
2019-01-22 23:30:00,1290.2,20190400,1290.2,20190400,1284.1,20190200
2019-01-22 23:45:00,1290.2,20190400,1290.2,20190400,1284.0,20190200
2019-01-23 00:00:00,1289.6,20190400,1289.6,20190400,1283.5,20190200
2019-01-23 00:15:00,1289.7,20190400,1289.7,20190400,1283.5,20190200
2019-01-23 00:30:00,1289.7,20190400,1289.7,20190400,1283.5,20190200
2019-01-23 00:45:00,1290.0,20190400,1290.0,20190400,1283.9,20190200
2019-01-23 01:00:00,1288.7,20190400,1288.7,20190400,1282.5,20190200
2019-01-23 01:15:00,1289.9,20190400,1289.9,20190400,1283.8,20190200
2019-01-23 01:30:00,1290.7,20190400,1290.7,20190400,1284.6,20190200
2019-01-23 01:45:00,1290.7,20190400,1290.7,20190400,1284.5,20190200
2019-01-23 02:00:00,1290.5,20190400,1290.5,20190400,1284.3,20190200
2019-01-23 02:15:00,1290.3,20190400,1290.3,20190400,1284.2,20190200
2019-01-23 02:30:00,1290.0,20190400,1290.0,20190400,1283.9,20190200
2019-01-23 02:45:00,1290.1,20190400,1290.1,20190400,1283.9,20190200
2019-01-23 03:00:00,1290.0,20190400,1290.0,20190400,1283.9,20190200
2019-01-23 03:15:00,1290.4,20190400,1290.4,20190400,1284.2,20190200
2019-01-23 03:30:00,1289.9,20190400,1289.9,20190400,1283.7,20190200
2019-01-23 03:45:00,1289.6,20190400,1289.6,20190400,1283.5,20190200
2019-01-23 04:00:00,1289.7,20190400,1289.7,20190400,1283.6,20190200
2019-01-23 04:15:00,1289.5,20190400,1289.5,20190400,1283.3,20190200
2019-01-23 04:30:00,1289.4,20190400,1289.4,20190400,1283.3,20190200
2019-01-23 04:45:00,1289.0,20190400,1289.0,20190400,1282.9,20190200
2019-01-23 05:15:00,1289.2,20190400,1289.2,20190400,1283.0,20190200
2019-01-23 05:30:00,1290.1,20190400,1290.1,20190400,1283.9,20190200
2019-01-23 05:45:00,1289.7,20190400,1289.7,20190400,1283.5,20190200
2019-01-23 06:15:00,1289.9,20190400,1289.9,20190400,1283.9,20190200
2019-01-23 06:30:00,1289.5,20190400,1289.5,20190400,1283.2,20190200
2019-01-23 06:45:00,1289.8,20190400,1289.8,20190400,1283.7,20190200
2019-01-23 07:00:00,1289.6,20190400,1289.6,20190400,1283.3,20190200
2019-01-23 07:15:00,1290.3,20190400,1290.3,20190400,1284.1,20190200
2019-01-23 07:30:00,1290.7,20190400,1290.7,20190400,1284.5,20190200
2019-01-23 07:45:00,1290.2,20190400,1290.2,20190400,1284.0,20190200
2019-01-23 08:00:00,1290.7,20190400,1290.7,20190400,1284.6,20190200
2019-01-23 08:15:00,1291.5,20190400,1291.5,20190400,1285.3,20190200
2019-01-23 08:30:00,1291.4,20190400,1291.4,20190400,1285.2,20190200
2019-01-23 08:45:00,1291.9,20190400,1291.9,20190400,1285.7,20190200
2019-01-23 09:00:00,1290.9,20190400,1290.9,20190400,1284.7,20190200
2019-01-23 09:15:00,1291.1,20190400,1291.1,20190400,1284.9,20190200
2019-01-23 09:30:00,1290.5,20190400,1290.5,20190400,1284.4,20190200
2019-01-23 09:45:00,1290.6,20190400,1290.6,20190400,1284.4,20190200
2019-01-23 10:00:00,1290.4,20190400,1290.4,20190400,1284.3,20190200
2019-01-23 10:15:00,1290.5,20190400,1290.5,20190400,1284.4,20190200
2019-01-23 10:30:00,1290.3,20190400,1290.3,20190400,1284.1,20190200
2019-01-23 10:45:00,1290.4,20190400,1290.4,20190400,1284.2,20190200
2019-01-23 11:00:00,1291.1,20190400,1291.1,20190400,1285.0,20190200
2019-01-23 11:15:00,1290.9,20190400,1290.9,20190400,1284.8,20190200
2019-01-23 11:30:00,1290.8,20190400,1290.8,20190400,1284.6,20190200
2019-01-23 11:45:00,1291.0,20190400,1291.0,20190400,1284.7,20190200
2019-01-23 12:00:00,1290.5,20190400,1290.5,20190400,1284.3,20190200
2019-01-23 12:15:00,1290.7,20190400,1290.7,20190400,1284.4,20190200
2019-01-23 12:30:00,1290.5,20190400,1290.5,20190400,1284.4,20190200
2019-01-23 12:45:00,1290.5,20190400,1290.5,20190400,1284.2,20190200
2019-01-23 13:00:00,1290.5,20190400,1290.5,20190400,1284.3,20190200
2019-01-23 13:15:00,1287.5,20190400,1287.5,20190400,1281.3,20190200
2019-01-23 13:30:00,1286.7,20190400,1286.7,20190400,1280.5,20190200
2019-01-23 13:45:00,1286.0,20190400,1286.0,20190400,1279.9,20190200
2019-01-23 14:00:00,1284.6,20190400,1284.6,20190400,1278.3,20190200
2019-01-23 14:15:00,1285.2,20190400,1285.2,20190400,1279.1,20190200
2019-01-23 14:30:00,1285.3,20190400,1285.3,20190400,1279.1,20190200
2019-01-23 14:45:00,1285.1,20190400,1285.1,20190400,1278.9,20190200
2019-01-23 15:00:00,1285.0,20190400,1285.0,20190400,1278.7,20190200
2019-01-23 15:15:00,1285.8,20190400,1285.8,20190400,1279.5,20190200
2019-01-23 15:30:00,1288.0,20190400,1288.0,20190400,1281.8,20190200
2019-01-23 15:45:00,1287.5,20190400,1287.5,20190400,1281.3,20190200
2019-01-23 16:00:00,1287.9,20190400,1287.9,20190400,1281.7,20190200
2019-01-23 16:15:00,1289.9,20190400,1289.9,20190400,1283.8,20190200
2019-01-23 16:30:00,1290.6,20190400,1290.6,20190400,1284.4,20190200
2019-01-23 16:45:00,1290.5,20190400,1290.5,20190400,1284.3,20190200
2019-01-23 17:00:00,1290.5,20190400,1290.5,20190400,1284.3,20190200
2019-01-23 17:15:00,1290.7,20190400,1290.7,20190400,1284.6,20190200
2019-01-23 17:30:00,1290.3,20190400,1290.3,20190400,1284.2,20190200
2019-01-23 17:45:00,1290.1,20190400,1290.1,20190400,1284.0,20190200
2019-01-23 18:00:00,1289.7,20190400,1289.7,20190400,1283.6,20190200
2019-01-23 18:15:00,1290.1,20190400,1290.1,20190400,1283.8,20190200
2019-01-23 18:30:00,1289.3,20190400,1289.3,20190400,1283.2,20190200
2019-01-23 18:45:00,1289.0,20190400,1289.0,20190400,1282.8,20190200
2019-01-23 19:00:00,1289.2,20190400,1289.2,20190400,1283.1,20190200
2019-01-23 19:15:00,1288.8,20190400,1288.8,20190400,1282.6,20190200
2019-01-23 19:30:00,1289.2,20190400,1289.2,20190400,1283.0,20190200
2019-01-23 19:45:00,1288.8,20190400,1288.8,20190400,1282.7,20190200
2019-01-23 20:00:00,1288.7,20190400,1288.7,20190400,1282.7,20190200
2019-01-23 20:15:00,1288.6,20190400,1288.6,20190400,1282.5,20190200
2019-01-23 20:30:00,1288.6,20190400,1288.6,20190400,1282.5,20190200
2019-01-23 20:45:00,1288.4,20190400,1288.4,20190400,1282.3,20190200
2019-01-23 21:00:00,1288.4,20190400,1288.4,20190400,1282.3,20190200
2019-01-23 21:15:00,1288.2,20190400,1288.2,20190400,1282.1,20190200
2019-01-23 21:30:00,1287.7,20190400,1287.7,20190400,1281.6,20190200
2019-01-23 21:45:00,1288.2,20190400,1288.2,20190400,1281.9,20190200
2019-01-23 23:00:00,1289.6,20190400,1289.6,20190400,1283.4,20190200
2019-01-23 23:15:00,1288.2,20190400,1288.2,20190400,1281.8,20190200
2019-01-23 23:30:00,1288.3,20190400,1288.3,20190400,1282.2,20190200
2019-01-23 23:45:00,1289.1,20190400,1289.1,20190400,1282.8,20190200
2019-01-24 00:00:00,1288.6,20190400,1288.6,20190400,1282.4,20190200
2019-01-24 00:15:00,1288.4,20190400,1288.4,20190400,1282.1,20190200
2019-01-24 00:30:00,1288.5,20190400,1288.5,20190400,1282.4,20190200
2019-01-24 00:45:00,1289.7,20190400,1289.7,20190400,1283.5,20190200
2019-01-24 01:00:00,1289.5,20190400,1289.5,20190400,1283.4,20190200
2019-01-24 01:15:00,1289.4,20190400,1289.4,20190400,1283.2,20190200
2019-01-24 01:30:00,1289.6,20190400,1289.6,20190400,1283.4,20190200
2019-01-24 01:45:00,1289.8,20190400,1289.8,20190400,1283.6,20190200
2019-01-24 02:00:00,1289.0,20190400,1289.0,20190400,1282.8,20190200
2019-01-24 02:15:00,1288.4,20190400,1288.4,20190400,1282.2,20190200
2019-01-24 02:30:00,1288.4,20190400,1288.4,20190400,1282.3,20190200
2019-01-24 02:45:00,1288.6,20190400,1288.6,20190400,1282.4,20190200
2019-01-24 03:00:00,1288.7,20190400,1288.7,20190400,1282.6,20190200
2019-01-24 03:15:00,1288.5,20190400,1288.5,20190400,1282.3,20190200
2019-01-24 03:30:00,1287.9,20190400,1287.9,20190400,1281.8,20190200
2019-01-24 03:45:00,1288.1,20190400,1288.1,20190400,1282.0,20190200
2019-01-24 04:00:00,1288.2,20190400,1288.2,20190400,1282.1,20190200
2019-01-24 04:15:00,1287.7,20190400,1287.7,20190400,1281.6,20190200
2019-01-24 04:30:00,1287.3,20190400,1287.3,20190400,1281.1,20190200
2019-01-24 04:45:00,1286.8,20190400,1286.8,20190400,1280.6,20190200
2019-01-24 05:15:00,1286.4,20190400,1286.4,20190400,1280.3,20190200
2019-01-24 05:30:00,1286.7,20190400,1286.7,20190400,1280.6,20190200
2019-01-24 05:45:00,1286.8,20190400,1286.8,20190400,1280.7,20190200
2019-01-24 06:15:00,1287.1,20190400,1287.1,20190400,1280.9,20190200
2019-01-24 06:30:00,1286.2,20190400,1286.2,20190400,1280.0,20190200
2019-01-24 06:45:00,1286.4,20190400,1286.4,20190400,1280.2,20190200
2019-01-24 07:00:00,1286.6,20190400,1286.6,20190400,1280.4,20190200
2019-01-24 07:15:00,1285.8,20190400,1285.8,20190400,1279.6,20190200
2019-01-24 07:30:00,1285.4,20190400,1285.4,20190400,1279.3,20190200
2019-01-24 07:45:00,1285.0,20190400,1285.0,20190400,1279.0,20190200
2019-01-24 08:00:00,1284.8,20190400,1284.8,20190400,1278.7,20190200
2019-01-24 08:15:00,1285.0,20190400,1285.0,20190400,1278.9,20190200
2019-01-24 08:30:00,1285.2,20190400,1285.2,20190400,1279.0,20190200
2019-01-24 08:45:00,1284.0,20190400,1284.0,20190400,1277.7,20190200
2019-01-24 09:00:00,1284.1,20190400,1284.1,20190400,1278.2,20190200
2019-01-24 09:15:00,1284.0,20190400,1284.0,20190400,1277.9,20190200
2019-01-24 09:30:00,1284.5,20190400,1284.5,20190400,1278.3,20190200
2019-01-24 09:45:00,1284.6,20190400,1284.6,20190400,1278.6,20190200
2019-01-24 10:00:00,1285.1,20190400,1285.1,20190400,1278.9,20190200
2019-01-24 10:15:00,1284.3,20190400,1284.3,20190400,1278.2,20190200
2019-01-24 10:30:00,1285.0,20190400,1285.0,20190400,1278.8,20190200
2019-01-24 10:45:00,1284.8,20190400,1284.8,20190400,1278.6,20190200
2019-01-24 11:00:00,1284.4,20190400,1284.4,20190400,1278.2,20190200
2019-01-24 11:15:00,1284.3,20190400,1284.3,20190400,1278.2,20190200
2019-01-24 11:30:00,1284.7,20190400,1284.7,20190400,1278.6,20190200
2019-01-24 11:45:00,1284.8,20190400,1284.8,20190400,1278.7,20190200
2019-01-24 12:00:00,1284.3,20190400,1284.3,20190400,1278.1,20190200
2019-01-24 12:15:00,1284.0,20190400,1284.0,20190400,1277.8,20190200
2019-01-24 12:30:00,1284.2,20190400,1284.2,20190400,1278.0,20190200
2019-01-24 12:45:00,1284.1,20190400,1284.1,20190400,1278.0,20190200
2019-01-24 13:00:00,1284.8,20190400,1284.8,20190400,1278.6,20190200
2019-01-24 13:15:00,1283.4,20190400,1283.4,20190400,1277.4,20190200
2019-01-24 13:30:00,1283.5,20190400,1283.5,20190400,1277.4,20190200
2019-01-24 13:45:00,1285.5,20190400,1285.5,20190400,1279.5,20190200
2019-01-24 14:00:00,1286.3,20190400,1286.3,20190400,1280.3,20190200
2019-01-24 14:15:00,1287.0,20190400,1287.0,20190400,1280.9,20190200
2019-01-24 14:30:00,1288.5,20190400,1288.5,20190400,1282.4,20190200
2019-01-24 14:45:00,1288.6,20190400,1288.6,20190400,1282.6,20190200
2019-01-24 15:00:00,1287.7,20190400,1287.7,20190400,1281.7,20190200
2019-01-24 15:15:00,1287.2,20190400,1287.2,20190400,1281.1,20190200
2019-01-24 15:30:00,1286.9,20190400,1286.9,20190400,1280.9,20190200
2019-01-24 15:45:00,1287.4,20190400,1287.4,20190400,1281.4,20190200
2019-01-24 16:00:00,1287.7,20190400,1287.7,20190400,1281.7,20190200
2019-01-24 16:15:00,1287.9,20190400,1287.9,20190400,1281.9,20190200
2019-01-24 16:30:00,1287.9,20190400,1287.9,20190400,1281.9,20190200
2019-01-24 16:45:00,1287.2,20190400,1287.2,20190400,1281.2,20190200
2019-01-24 17:00:00,1285.9,20190400,1285.9,20190400,1279.9,20190200
2019-01-24 17:15:00,1285.5,20190400,1285.5,20190400,1279.6,20190200
2019-01-24 17:30:00,1285.3,20190400,1285.3,20190400,1279.3,20190200
2019-01-24 17:45:00,1285.4,20190400,1285.4,20190400,1279.4,20190200
2019-01-24 18:00:00,1285.9,20190400,1285.9,20190400,1279.8,20190200
2019-01-24 18:15:00,1285.8,20190400,1285.8,20190400,1279.8,20190200
2019-01-24 18:30:00,1285.6,20190400,1285.6,20190400,1279.7,20190200
2019-01-24 18:45:00,1284.9,20190400,1284.9,20190400,1278.9,20190200
2019-01-24 19:00:00,1284.9,20190400,1284.9,20190400,1278.8,20190200
2019-01-24 19:15:00,1284.7,20190400,1284.7,20190400,1278.8,20190200
2019-01-24 19:30:00,1285.0,20190400,1285.0,20190400,1278.9,20190200
2019-01-24 19:45:00,1285.0,20190400,1285.0,20190400,1279.0,20190200
2019-01-24 20:00:00,1285.1,20190400,1285.1,20190400,1279.1,20190200
2019-01-24 20:15:00,1285.1,20190400,1285.1,20190400,1279.1,20190200
2019-01-24 20:30:00,1285.7,20190400,1285.7,20190400,1279.6,20190200
2019-01-24 20:45:00,1286.0,20190400,1286.0,20190400,1280.0,20190200
2019-01-24 21:00:00,1285.9,20190400,1285.9,20190400,1279.9,20190200
2019-01-24 21:15:00,1285.9,20190400,1285.9,20190400,1279.9,20190200
2019-01-24 21:30:00,1285.9,20190400,1285.9,20190400,1279.8,20190200
2019-01-24 21:45:00,1286.1,20190400,1286.1,20190400,1280.0,20190200
2019-01-24 23:00:00,1287.0,20190400,1287.0,20190400,1281.0,20190200
2019-01-24 23:15:00,1286.0,20190400,1286.0,20190400,1280.1,20190200
2019-01-24 23:30:00,1286.5,20190400,1286.5,20190400,1280.6,20190200
2019-01-24 23:45:00,1286.4,20190400,1286.4,20190400,1280.4,20190200
2019-01-25 00:00:00,1285.9,20190400,1285.9,20190400,1279.8,20190200
2019-01-25 00:15:00,1286.4,20190400,1286.4,20190400,1280.3,20190200
2019-01-25 00:30:00,1286.2,20190400,1286.2,20190400,1280.2,20190200
2019-01-25 00:45:00,1286.0,20190400,1286.0,20190400,1279.9,20190200
2019-01-25 01:00:00,1286.7,20190400,1286.7,20190400,1280.7,20190200
2019-01-25 01:15:00,1285.6,20190400,1285.6,20190400,1279.6,20190200
2019-01-25 01:30:00,1286.1,20190400,1286.1,20190400,1280.1,20190200
2019-01-25 01:45:00,1284.9,20190400,1284.9,20190400,1279.0,20190200
2019-01-25 02:00:00,1285.2,20190400,1285.2,20190400,1279.3,20190200
2019-01-25 02:15:00,1285.7,20190400,1285.7,20190400,1279.8,20190200
2019-01-25 02:30:00,1286.7,20190400,1286.7,20190400,1280.8,20190200
2019-01-25 02:45:00,1286.7,20190400,1286.7,20190400,1280.7,20190200
2019-01-25 03:00:00,1287.4,20190400,1287.4,20190400,1281.5,20190200
2019-01-25 03:15:00,1287.6,20190400,1287.6,20190400,1281.6,20190200
2019-01-25 03:30:00,1287.2,20190400,1287.2,20190400,1281.2,20190200
2019-01-25 03:45:00,1286.8,20190400,1286.8,20190400,1280.7,20190200
2019-01-25 04:00:00,1286.9,20190400,1286.9,20190400,1281.0,20190200
2019-01-25 04:15:00,1287.1,20190400,1287.1,20190400,1281.2,20190200
2019-01-25 04:30:00,1286.9,20190400,1286.9,20190400,1281.0,20190200
2019-01-25 04:45:00,1286.9,20190400,1286.9,20190400,1280.9,20190200
2019-01-25 05:15:00,1287.1,20190400,1287.1,20190400,1281.2,20190200
2019-01-25 05:30:00,1287.4,20190400,1287.4,20190400,1281.5,20190200
2019-01-25 05:45:00,1287.2,20190400,1287.2,20190400,1281.2,20190200
2019-01-25 06:15:00,1287.5,20190400,1287.5,20190400,1281.6,20190200
2019-01-25 06:30:00,1288.4,20190400,1288.4,20190400,1282.4,20190200
2019-01-25 06:45:00,1288.5,20190400,1288.5,20190400,1282.6,20190200
2019-01-25 07:00:00,1289.2,20190400,1289.2,20190400,1283.2,20190200
2019-01-25 07:15:00,1288.7,20190400,1288.7,20190400,1282.7,20190200
2019-01-25 07:30:00,1289.3,20190400,1289.3,20190400,1283.3,20190200
2019-01-25 07:45:00,1289.6,20190400,1289.6,20190400,1283.5,20190200
2019-01-25 08:00:00,1289.5,20190400,1289.5,20190400,1283.5,20190200
2019-01-25 08:15:00,1289.5,20190400,1289.5,20190400,1283.5,20190200
2019-01-25 08:30:00,1289.0,20190400,1289.0,20190400,1283.0,20190200
2019-01-25 08:45:00,1288.6,20190400,1288.6,20190400,1282.7,20190200
2019-01-25 09:00:00,1288.8,20190400,1288.8,20190400,1282.8,20190200
2019-01-25 09:15:00,1288.8,20190400,1288.8,20190400,1282.8,20190200
2019-01-25 09:30:00,1287.8,20190400,1287.8,20190400,1281.9,20190200
2019-01-25 09:45:00,1288.3,20190400,1288.3,20190400,1282.4,20190200
2019-01-25 10:00:00,1288.4,20190400,1288.4,20190400,1282.3,20190200
2019-01-25 10:15:00,1288.0,20190400,1288.0,20190400,1282.1,20190200
2019-01-25 10:30:00,1288.1,20190400,1288.1,20190400,1282.1,20190200
2019-01-25 10:45:00,1288.8,20190400,1288.8,20190400,1282.8,20190200
2019-01-25 11:00:00,1289.3,20190400,1289.3,20190400,1283.2,20190200
2019-01-25 11:15:00,1289.6,20190400,1289.6,20190400,1283.7,20190200
2019-01-25 11:30:00,1289.7,20190400,1289.7,20190400,1283.8,20190200
2019-01-25 11:45:00,1289.6,20190400,1289.6,20190400,1283.6,20190200
2019-01-25 12:00:00,1289.6,20190400,1289.6,20190400,1283.6,20190200
2019-01-25 12:15:00,1289.9,20190400,1289.9,20190400,1284.0,20190200
2019-01-25 12:30:00,1289.7,20190400,1289.7,20190400,1283.6,20190200
2019-01-25 12:45:00,1289.2,20190400,1289.2,20190400,1283.2,20190200
2019-01-25 13:00:00,1289.3,20190400,1289.3,20190400,1283.3,20190200
2019-01-25 13:15:00,1290.0,20190400,1290.0,20190400,1284.0,20190200
2019-01-25 13:30:00,1294.1,20190400,1294.1,20190400,1288.2,20190200
2019-01-25 13:45:00,1293.8,20190400,1293.8,20190400,1287.8,20190200
2019-01-25 14:00:00,1296.8,20190400,1296.8,20190400,1290.8,20190200
2019-01-25 14:15:00,1296.4,20190400,1296.4,20190400,1290.4,20190200
2019-01-25 14:30:00,1299.8,20190400,1299.8,20190400,1293.9,20190200
2019-01-25 14:45:00,1298.9,20190400,1298.9,20190400,1292.9,20190200
2019-01-25 15:00:00,1300.0,20190400,1300.0,20190400,1294.0,20190200
2019-01-25 15:15:00,1302.1,20190400,1302.1,20190400,1296.1,20190200
2019-01-25 15:30:00,1302.8,20190400,1302.8,20190400,1296.8,20190200
2019-01-25 15:45:00,1302.9,20190400,1302.9,20190400,1296.9,20190200
2019-01-25 16:00:00,1304.1,20190400,1304.1,20190400,1298.0,20190200
2019-01-25 16:15:00,1305.4,20190400,1305.4,20190400,1299.2,20190200
2019-01-25 16:30:00,1304.4,20190400,1304.4,20190400,1298.3,20190200
2019-01-25 16:45:00,1304.5,20190400,1304.5,20190400,1298.3,20190200
2019-01-25 17:00:00,1303.7,20190400,1303.7,20190400,1297.7,20190200
2019-01-25 17:15:00,1303.0,20190400,1303.0,20190400,1297.0,20190200
2019-01-25 17:30:00,1303.1,20190400,1303.1,20190400,1297.0,20190200
2019-01-25 17:45:00,1303.0,20190400,1303.0,20190400,1296.9,20190200
2019-01-25 18:00:00,1303.5,20190400,1303.5,20190400,1297.4,20190200
2019-01-25 18:15:00,1304.0,20190400,1304.0,20190400,1297.9,20190200
2019-01-25 18:30:00,1303.7,20190400,1303.7,20190400,1297.7,20190200
2019-01-25 18:45:00,1302.6,20190400,1302.6,20190400,1296.6,20190200
2019-01-25 19:00:00,1303.3,20190400,1303.3,20190400,1297.1,20190200
2019-01-25 19:15:00,1303.9,20190400,1303.9,20190400,1297.9,20190200
2019-01-25 19:30:00,1303.4,20190400,1303.4,20190400,1297.4,20190200
2019-01-25 19:45:00,1303.8,20190400,1303.8,20190400,1297.8,20190200
2019-01-25 20:00:00,1303.9,20190400,1303.9,20190400,1297.8,20190200
2019-01-25 20:15:00,1304.4,20190400,1304.4,20190400,1298.3,20190200
2019-01-25 20:30:00,1304.3,20190400,1304.3,20190400,1298.3,20190200
2019-01-25 20:45:00,1304.8,20190400,1304.8,20190400,1298.9,20190200
2019-01-25 21:00:00,1308.3,20190400,1308.3,20190400,1302.3,20190200
2019-01-25 21:15:00,1308.0,20190400,1308.0,20190400,1302.1,20190200
2019-01-25 21:30:00,1308.3,20190400,1308.3,20190400,1302.3,20190200
2019-01-25 21:45:00,1308.7,20190400,1308.7,20190400,1302.5,20190200
2019-01-25 23:00:00,1286.9,20190400,1286.9,20190400,1280.9,20190200
2019-01-27 23:00:00,1306.9,20190400,1306.9,20190400,1300.8,20190200
2019-01-27 23:15:00,1306.6,20190400,1306.6,20190400,1300.5,20190200
2019-01-27 23:30:00,1306.1,20190400,1306.1,20190400,1299.8,20190200
2019-01-27 23:45:00,1305.6,20190400,1305.6,20190400,1299.4,20190200
2019-01-28 00:00:00,1305.0,20190400,1305.0,20190400,1298.9,20190200
2019-01-28 00:15:00,1305.8,20190400,1305.8,20190400,1299.8,20190200
2019-01-28 00:30:00,1305.8,20190600,1305.8,20190600,1306.9,20190400
2019-01-28 00:45:00,1313.4,20190600,1313.4,20190600,1306.6,20190400
2019-01-28 01:00:00,1313.8,20190600,1313.8,20190600,1307.4,20190400
2019-01-28 01:15:00,1312.7,20190600,1312.7,20190600,1306.7,20190400
2019-01-28 01:30:00,1312.7,20190600,1312.7,20190600,1307.8,20190400
2019-01-28 01:45:00,1313.6,20190600,1313.6,20190600,1307.0,20190400
2019-01-28 02:00:00,1313.5,20190600,1313.5,20190600,1307.1,20190400
2019-01-28 02:15:00,1314.0,20190600,1314.0,20190600,1307.8,20190400
2019-01-28 02:30:00,1314.0,20190600,1314.0,20190600,1307.8,20190400
2019-01-28 02:45:00,1314.0,20190600,1314.0,20190600,1308.4,20190400
2019-01-28 03:00:00,1314.1,20190600,1314.1,20190600,1307.7,20190400
2019-01-28 03:15:00,1314.1,20190600,1314.1,20190600,1308.2,20190400
2019-01-28 03:30:00,1314.5,20190600,1314.5,20190600,1308.3,20190400
2019-01-28 03:45:00,1314.3,20190600,1314.3,20190600,1308.1,20190400
2019-01-28 04:00:00,1314.2,20190600,1314.2,20190600,1307.9,20190400
2019-01-28 04:15:00,1314.2,20190600,1314.2,20190600,1308.1,20190400
2019-01-28 04:30:00,1314.2,20190600,1314.2,20190600,1308.4,20190400
2019-01-28 04:45:00,1314.8,20190600,1314.8,20190600,1308.5,20190400
2019-01-28 05:15:00,1315.8,20190600,1315.8,20190600,1309.6,20190400
2019-01-28 05:30:00,1314.5,20190600,1314.5,20190600,1308.0,20190400
2019-01-28 05:45:00,1314.6,20190600,1314.6,20190600,1307.7,20190400
2019-01-28 06:15:00,1313.2,20190600,1313.2,20190600,1306.6,20190400
2019-01-28 06:30:00,1313.2,20190600,1313.2,20190600,1306.6,20190400
2019-01-28 06:45:00,1313.4,20190600,1313.4,20190600,1307.0,20190400
2019-01-28 07:00:00,1313.0,20190600,1313.0,20190600,1306.5,20190400
2019-01-28 07:15:00,1313.8,20190600,1313.8,20190600,1307.6,20190400
2019-01-28 07:30:00,1313.2,20190600,1313.2,20190600,1306.9,20190400
2019-01-28 07:45:00,1313.3,20190600,1313.3,20190600,1307.1,20190400
2019-01-28 08:00:00,1312.3,20190600,1312.3,20190600,1306.2,20190400
2019-01-28 08:15:00,1312.2,20190600,1312.2,20190600,1305.8,20190400
2019-01-28 08:30:00,1312.3,20190600,1312.3,20190600,1305.9,20190400
2019-01-28 08:45:00,1312.2,20190600,1312.2,20190600,1305.7,20190400
2019-01-28 09:00:00,1312.7,20190600,1312.7,20190600,1306.5,20190400
2019-01-28 09:15:00,1312.5,20190600,1312.5,20190600,1305.8,20190400
2019-01-28 09:30:00,1312.5,20190600,1312.5,20190600,1305.8,20190400
2019-01-28 09:45:00,1312.2,20190600,1312.2,20190600,1305.9,20190400
2019-01-28 10:00:00,1312.8,20190600,1312.8,20190600,1307.1,20190400
2019-01-28 10:15:00,1313.8,20190600,1313.8,20190600,1307.4,20190400
2019-01-28 10:30:00,1313.4,20190600,1313.4,20190600,1307.1,20190400
2019-01-28 10:45:00,1314.1,20190600,1314.1,20190600,1306.6,20190400
2019-01-28 11:00:00,1313.0,20190600,1313.0,20190600,1306.5,20190400
2019-01-28 11:15:00,1312.6,20190600,1312.6,20190600,1306.3,20190400
2019-01-28 11:30:00,1312.1,20190600,1312.1,20190600,1305.6,20190400
2019-01-28 11:45:00,1311.5,20190600,1311.5,20190600,1304.9,20190400
2019-01-28 12:00:00,1311.5,20190600,1311.5,20190600,1305.5,20190400
2019-01-28 12:15:00,1312.1,20190600,1312.1,20190600,1305.1,20190400
2019-01-28 12:30:00,1311.9,20190600,1311.9,20190600,1305.4,20190400
2019-01-28 12:45:00,1312.0,20190600,1312.0,20190600,1305.5,20190400
2019-01-28 13:00:00,1310.8,20190600,1310.8,20190600,1305.6,20190400
2019-01-28 13:15:00,1311.5,20190600,1311.5,20190600,1305.0,20190400
2019-01-28 13:30:00,1311.2,20190600,1311.2,20190600,1304.7,20190400
2019-01-28 13:45:00,1311.3,20190600,1311.3,20190600,1304.8,20190400
2019-01-28 14:00:00,1310.6,20190600,1310.6,20190600,1303.8,20190400
2019-01-28 14:15:00,1310.4,20190600,1310.4,20190600,1303.8,20190400
2019-01-28 14:30:00,1310.7,20190600,1310.7,20190600,1305.5,20190400
2019-01-28 14:45:00,1313.6,20190600,1313.6,20190600,1307.3,20190400
2019-01-28 15:00:00,1315.5,20190600,1315.5,20190600,1309.0,20190400
2019-01-28 15:15:00,1314.0,20190600,1314.0,20190600,1307.4,20190400
2019-01-28 15:30:00,1314.5,20190600,1314.5,20190600,1307.7,20190400
2019-01-28 15:45:00,1314.2,20190600,1314.2,20190600,1307.9,20190400
2019-01-28 16:00:00,1314.5,20190600,1314.5,20190600,1307.8,20190400
2019-01-28 16:15:00,1314.2,20190600,1314.2,20190600,1307.8,20190400
2019-01-28 16:30:00,1315.3,20190600,1315.3,20190600,1308.5,20190400
2019-01-28 16:45:00,1315.0,20190600,1315.0,20190600,1308.7,20190400
2019-01-28 17:00:00,1315.3,20190600,1315.3,20190600,1308.6,20190400
2019-01-28 17:15:00,1314.5,20190600,1314.5,20190600,1308.0,20190400
2019-01-28 17:30:00,1314.9,20190600,1314.9,20190600,1308.4,20190400
2019-01-28 17:45:00,1315.4,20190600,1315.4,20190600,1308.6,20190400
2019-01-28 18:00:00,1315.4,20190600,1315.4,20190600,1309.0,20190400
2019-01-28 18:15:00,1315.8,20190600,1315.8,20190600,1309.3,20190400
2019-01-28 18:30:00,1314.5,20190600,1314.5,20190600,1308.2,20190400
2019-01-28 18:45:00,1314.5,20190600,1314.5,20190600,1308.0,20190400
2019-01-28 19:00:00,1314.5,20190600,1314.5,20190600,1308.4,20190400
2019-01-28 19:15:00,1314.7,20190600,1314.7,20190600,1307.9,20190400
2019-01-28 19:30:00,1314.7,20190600,1314.7,20190600,1307.9,20190400
2019-01-28 19:45:00,1314.2,20190600,1314.2,20190600,1307.9,20190400
2019-01-28 20:00:00,1314.2,20190600,1314.2,20190600,1308.2,20190400
2019-01-28 20:15:00,1314.2,20190600,1314.2,20190600,1308.3,20190400
2019-01-28 20:30:00,1314.7,20190600,1314.7,20190600,1308.7,20190400
2019-01-28 20:45:00,1315.2,20190600,1315.2,20190600,1309.3,20190400
2019-01-28 21:00:00,1315.2,20190600,1315.2,20190600,1309.6,20190400
2019-01-28 21:15:00,1315.2,20190600,1315.2,20190600,1308.9,20190400
2019-01-28 21:30:00,1315.2,20190600,1315.2,20190600,1308.9,20190400
2019-01-28 21:45:00,1315.2,20190600,1315.2,20190600,1308.7,20190400
2019-01-28 23:00:00,1314.0,20190600,1314.0,20190600,1307.3,20190400
2019-01-28 23:15:00,1314.0,20190600,1314.0,20190600,1308.8,20190400
2019-01-28 23:30:00,1314.0,20190600,1314.0,20190600,1309.0,20190400
2019-01-28 23:45:00,1314.0,20190600,1314.0,20190600,1309.0,20190400
2019-01-29 00:00:00,1314.0,20190600,1314.0,20190600,1308.9,20190400
2019-01-29 00:15:00,1314.0,20190600,1314.0,20190600,1308.7,20190400
2019-01-29 00:30:00,1314.0,20190600,1314.0,20190600,1309.2,20190400
2019-01-29 00:45:00,1316.0,20190600,1316.0,20190600,1309.6,20190400
2019-01-29 01:00:00,1315.4,20190600,1315.4,20190600,1308.9,20190400
2019-01-29 01:15:00,1315.4,20190600,1315.4,20190600,1308.3,20190400
2019-01-29 01:30:00,1314.7,20190600,1314.7,20190600,1307.9,20190400
2019-01-29 01:45:00,1314.7,20190600,1314.7,20190600,1308.3,20190400
2019-01-29 02:00:00,1314.7,20190600,1314.7,20190600,1308.9,20190400
2019-01-29 02:15:00,1316.0,20190600,1316.0,20190600,1309.3,20190400
2019-01-29 02:30:00,1316.0,20190600,1316.0,20190600,1309.0,20190400
2019-01-29 02:45:00,1316.0,20190600,1316.0,20190600,1309.5,20190400
2019-01-29 03:00:00,1316.1,20190600,1316.1,20190600,1308.9,20190400
2019-01-29 03:15:00,1316.1,20190600,1316.1,20190600,1308.6,20190400
2019-01-29 03:30:00,1315.2,20190600,1315.2,20190600,1308.7,20190400
2019-01-29 03:45:00,1315.2,20190600,1315.2,20190600,1309.0,20190400
2019-01-29 04:00:00,1315.6,20190600,1315.6,20190600,1309.2,20190400
2019-01-29 04:15:00,1315.6,20190600,1315.6,20190600,1309.2,20190400
2019-01-29 04:30:00,1315.8,20190600,1315.8,20190600,1309.4,20190400
2019-01-29 04:45:00,1315.7,20190600,1315.7,20190600,1309.0,20190400
2019-01-29 05:15:00,1315.7,20190600,1315.7,20190600,1309.2,20190400
2019-01-29 05:30:00,1315.0,20190600,1315.0,20190600,1308.4,20190400
2019-01-29 05:45:00,1315.1,20190600,1315.1,20190600,1309.3,20190400
2019-01-29 06:15:00,1317.9,20190600,1317.9,20190600,1310.8,20190400
2019-01-29 06:30:00,1317.1,20190600,1317.1,20190600,1311.3,20190400
2019-01-29 06:45:00,1316.7,20190600,1316.7,20190600,1310.3,20190400
2019-01-29 07:00:00,1317.7,20190600,1317.7,20190600,1311.3,20190400
2019-01-29 07:15:00,1318.8,20190600,1318.8,20190600,1312.2,20190400
2019-01-29 07:30:00,1318.9,20190600,1318.9,20190600,1312.1,20190400
2019-01-29 07:45:00,1319.2,20190600,1319.2,20190600,1312.7,20190400
2019-01-29 08:00:00,1319.4,20190600,1319.4,20190600,1313.2,20190400
2019-01-29 08:15:00,1320.0,20190600,1320.0,20190600,1313.5,20190400
2019-01-29 08:30:00,1320.9,20190600,1320.9,20190600,1314.4,20190400
2019-01-29 08:45:00,1320.4,20190600,1320.4,20190600,1313.7,20190400
2019-01-29 09:00:00,1319.3,20190600,1319.3,20190600,1312.8,20190400
2019-01-29 09:15:00,1320.1,20190600,1320.1,20190600,1313.8,20190400
2019-01-29 09:30:00,1320.2,20190600,1320.2,20190600,1313.8,20190400
2019-01-29 09:45:00,1319.7,20190600,1319.7,20190600,1313.5,20190400
2019-01-29 10:00:00,1320.1,20190600,1320.1,20190600,1313.7,20190400
2019-01-29 10:15:00,1320.0,20190600,1320.0,20190600,1313.8,20190400
2019-01-29 10:30:00,1319.9,20190600,1319.9,20190600,1313.7,20190400
2019-01-29 10:45:00,1320.0,20190600,1320.0,20190600,1312.9,20190400
2019-01-29 11:00:00,1319.6,20190600,1319.6,20190600,1313.1,20190400
2019-01-29 11:15:00,1319.0,20190600,1319.0,20190600,1312.5,20190400
2019-01-29 11:30:00,1319.1,20190600,1319.1,20190600,1312.7,20190400
2019-01-29 11:45:00,1319.1,20190600,1319.1,20190600,1313.0,20190400
2019-01-29 12:00:00,1319.1,20190600,1319.1,20190600,1312.7,20190400
2019-01-29 12:15:00,1319.3,20190600,1319.3,20190600,1312.9,20190400
2019-01-29 12:30:00,1320.5,20190600,1320.5,20190600,1314.2,20190400
2019-01-29 12:45:00,1320.2,20190600,1320.2,20190600,1313.8,20190400
2019-01-29 13:00:00,1322.4,20190600,1322.4,20190600,1316.0,20190400
2019-01-29 13:15:00,1320.5,20190600,1320.5,20190600,1314.0,20190400
2019-01-29 13:30:00,1320.4,20190600,1320.4,20190600,1313.8,20190400
2019-01-29 13:45:00,1320.0,20190600,1320.0,20190600,1313.3,20190400
2019-01-29 14:00:00,1320.3,20190600,1320.3,20190600,1313.9,20190400
2019-01-29 14:15:00,1320.0,20190600,1320.0,20190600,1314.0,20190400
2019-01-29 14:30:00,1319.2,20190600,1319.2,20190600,1312.2,20190400
2019-01-29 14:45:00,1319.0,20190600,1319.0,20190600,1312.6,20190400
2019-01-29 15:00:00,1321.4,20190600,1321.4,20190600,1314.7,20190400
2019-01-29 15:15:00,1323.2,20190600,1323.2,20190600,1316.8,20190400
2019-01-29 15:30:00,1322.2,20190600,1322.2,20190600,1315.7,20190400
2019-01-29 15:45:00,1322.5,20190600,1322.5,20190600,1316.1,20190400
2019-01-29 16:00:00,1322.0,20190600,1322.0,20190600,1315.8,20190400
2019-01-29 16:15:00,1321.3,20190600,1321.3,20190600,1315.1,20190400
2019-01-29 16:30:00,1321.5,20190600,1321.5,20190600,1315.4,20190400
2019-01-29 16:45:00,1321.3,20190600,1321.3,20190600,1314.4,20190400
2019-01-29 17:00:00,1320.9,20190600,1320.9,20190600,1314.4,20190400
2019-01-29 17:15:00,1320.4,20190600,1320.4,20190600,1314.2,20190400
2019-01-29 17:30:00,1320.6,20190600,1320.6,20190600,1314.3,20190400
2019-01-29 17:45:00,1321.1,20190600,1321.1,20190600,1314.9,20190400
2019-01-29 18:00:00,1321.0,20190600,1321.0,20190600,1314.7,20190400
2019-01-29 18:15:00,1321.6,20190600,1321.6,20190600,1315.1,20190400
2019-01-29 18:30:00,1322.0,20190600,1322.0,20190600,1315.6,20190400
2019-01-29 18:45:00,1322.0,20190600,1322.0,20190600,1315.5,20190400
2019-01-29 19:00:00,1322.7,20190600,1322.7,20190600,1316.6,20190400
2019-01-29 19:15:00,1323.4,20190600,1323.4,20190600,1316.9,20190400
2019-01-29 19:30:00,1323.4,20190600,1323.4,20190600,1316.2,20190400
2019-01-29 19:45:00,1323.4,20190600,1323.4,20190600,1316.0,20190400
2019-01-29 20:00:00,1322.7,20190600,1322.7,20190600,1316.2,20190400
2019-01-29 20:15:00,1322.7,20190600,1322.7,20190600,1316.4,20190400
2019-01-29 20:30:00,1322.6,20190600,1322.6,20190600,1315.9,20190400
2019-01-29 20:45:00,1322.6,20190600,1322.6,20190600,1316.3,20190400
2019-01-29 21:00:00,1323.1,20190600,1323.1,20190600,1316.6,20190400
2019-01-29 21:15:00,1323.2,20190600,1323.2,20190600,1316.4,20190400
2019-01-29 21:30:00,1323.2,20190600,1323.2,20190600,1316.9,20190400
2019-01-29 21:45:00,1322.9,20190600,1322.9,20190600,1316.7,20190400
2019-01-29 23:00:00,1316.8,20190600,1316.8,20190600,1310.6,20190400
2019-01-29 23:15:00,1322.2,20190600,1322.2,20190600,1315.7,20190400
2019-01-29 23:30:00,1322.2,20190600,1322.2,20190600,1316.3,20190400
2019-01-29 23:45:00,1322.2,20190600,1322.2,20190600,1315.7,20190400
2019-01-30 00:00:00,1322.4,20190600,1322.4,20190600,1315.8,20190400
2019-01-30 00:15:00,1322.5,20190600,1322.5,20190600,1316.0,20190400
2019-01-30 00:30:00,1322.6,20190600,1322.6,20190600,1316.3,20190400
2019-01-30 00:45:00,1322.6,20190600,1322.6,20190600,1316.2,20190400
2019-01-30 01:00:00,1322.0,20190600,1322.0,20190600,1315.7,20190400
2019-01-30 01:15:00,1322.8,20190600,1322.8,20190600,1316.7,20190400
2019-01-30 01:30:00,1324.3,20190600,1324.3,20190600,1317.8,20190400
2019-01-30 01:45:00,1324.7,20190600,1324.7,20190600,1318.7,20190400
2019-01-30 02:00:00,1325.1,20190600,1325.1,20190600,1318.6,20190400
2019-01-30 02:15:00,1325.2,20190600,1325.2,20190600,1318.2,20190400
2019-01-30 02:30:00,1325.2,20190600,1325.2,20190600,1318.7,20190400
2019-01-30 02:45:00,1325.3,20190600,1325.3,20190600,1318.6,20190400
2019-01-30 03:00:00,1324.3,20190600,1324.3,20190600,1318.1,20190400
2019-01-30 03:15:00,1324.5,20190600,1324.5,20190600,1317.9,20190400
2019-01-30 03:30:00,1324.3,20190600,1324.3,20190600,1317.9,20190400
2019-01-30 03:45:00,1324.3,20190600,1324.3,20190600,1318.1,20190400
2019-01-30 04:00:00,1325.1,20190600,1325.1,20190600,1318.8,20190400
2019-01-30 04:15:00,1325.2,20190600,1325.2,20190600,1318.7,20190400
2019-01-30 04:30:00,1325.9,20190600,1325.9,20190600,1319.3,20190400
2019-01-30 04:45:00,1325.6,20190600,1325.6,20190600,1318.8,20190400
2019-01-30 05:15:00,1325.2,20190600,1325.2,20190600,1318.8,20190400
2019-01-30 05:30:00,1325.8,20190600,1325.8,20190600,1319.2,20190400
2019-01-30 05:45:00,1326.6,20190600,1326.6,20190600,1320.1,20190400
2019-01-30 06:15:00,1326.0,20190600,1326.0,20190600,1319.7,20190400
2019-01-30 06:30:00,1326.3,20190600,1326.3,20190600,1320.3,20190400
2019-01-30 06:45:00,1325.7,20190600,1325.7,20190600,1319.3,20190400
2019-01-30 07:00:00,1325.5,20190600,1325.5,20190600,1319.0,20190400
2019-01-30 07:15:00,1326.3,20190600,1326.3,20190600,1319.3,20190400
2019-01-30 07:30:00,1326.3,20190600,1326.3,20190600,1320.0,20190400
2019-01-30 07:45:00,1325.7,20190600,1325.7,20190600,1319.4,20190400
2019-01-30 08:00:00,1325.8,20190600,1325.8,20190600,1319.6,20190400
2019-01-30 08:15:00,1326.5,20190600,1326.5,20190600,1319.9,20190400
2019-01-30 08:30:00,1326.3,20190600,1326.3,20190600,1319.8,20190400
2019-01-30 08:45:00,1325.3,20190600,1325.3,20190600,1318.8,20190400
2019-01-30 09:00:00,1325.1,20190600,1325.1,20190600,1318.6,20190400
2019-01-30 09:15:00,1325.1,20190600,1325.1,20190600,1318.6,20190400
2019-01-30 09:30:00,1324.6,20190600,1324.6,20190600,1318.3,20190400
2019-01-30 09:45:00,1325.1,20190600,1325.1,20190600,1318.7,20190400
2019-01-30 10:00:00,1324.7,20190600,1324.7,20190600,1318.3,20190400
2019-01-30 10:15:00,1324.6,20190600,1324.6,20190600,1318.3,20190400
2019-01-30 10:30:00,1324.4,20190600,1324.4,20190600,1317.9,20190400
2019-01-30 10:45:00,1324.3,20190600,1324.3,20190600,1317.7,20190400
2019-01-30 11:00:00,1324.4,20190600,1324.4,20190600,1317.7,20190400
2019-01-30 11:15:00,1324.6,20190600,1324.6,20190600,1318.2,20190400
2019-01-30 11:30:00,1325.0,20190600,1325.0,20190600,1318.5,20190400
2019-01-30 11:45:00,1324.6,20190600,1324.6,20190600,1318.3,20190400
2019-01-30 12:00:00,1325.3,20190600,1325.3,20190600,1318.8,20190400
2019-01-30 12:15:00,1325.3,20190600,1325.3,20190600,1318.8,20190400
2019-01-30 12:30:00,1324.9,20190600,1324.9,20190600,1318.5,20190400
2019-01-30 12:45:00,1323.9,20190600,1323.9,20190600,1317.0,20190400
2019-01-30 13:00:00,1323.0,20190600,1323.0,20190600,1316.6,20190400
2019-01-30 13:15:00,1321.9,20190600,1321.9,20190600,1315.3,20190400
2019-01-30 13:30:00,1323.1,20190600,1323.1,20190600,1316.6,20190400
2019-01-30 13:45:00,1322.6,20190600,1322.6,20190600,1316.2,20190400
2019-01-30 14:00:00,1321.5,20190600,1321.5,20190600,1315.0,20190400
2019-01-30 14:15:00,1321.6,20190600,1321.6,20190600,1315.6,20190400
2019-01-30 14:30:00,1322.5,20190600,1322.5,20190600,1316.0,20190400
2019-01-30 14:45:00,1322.2,20190600,1322.2,20190600,1315.6,20190400
2019-01-30 15:00:00,1322.3,20190600,1322.3,20190600,1316.0,20190400
2019-01-30 15:15:00,1322.5,20190600,1322.5,20190600,1315.8,20190400
2019-01-30 15:30:00,1322.9,20190600,1322.9,20190600,1316.5,20190400
2019-01-30 15:45:00,1323.1,20190600,1323.1,20190600,1317.0,20190400
2019-01-30 16:00:00,1322.5,20190600,1322.5,20190600,1316.5,20190400
2019-01-30 16:15:00,1322.5,20190600,1322.5,20190600,1316.2,20190400
2019-01-30 16:30:00,1322.6,20190600,1322.6,20190600,1316.2,20190400
2019-01-30 16:45:00,1322.6,20190600,1322.6,20190600,1316.3,20190400
2019-01-30 17:00:00,1322.3,20190600,1322.3,20190600,1315.8,20190400
2019-01-30 17:15:00,1322.3,20190600,1322.3,20190600,1315.9,20190400
2019-01-30 17:30:00,1322.0,20190600,1322.0,20190600,1315.9,20190400
2019-01-30 17:45:00,1322.4,20190600,1322.4,20190600,1316.0,20190400
2019-01-30 18:00:00,1322.7,20190600,1322.7,20190600,1316.3,20190400
2019-01-30 18:15:00,1322.0,20190600,1322.0,20190600,1315.6,20190400
2019-01-30 18:30:00,1321.7,20190600,1321.7,20190600,1314.7,20190400
2019-01-30 18:45:00,1321.9,20190600,1321.9,20190600,1315.3,20190400
2019-01-30 19:00:00,1328.0,20190600,1328.0,20190600,1322.1,20190400
2019-01-30 19:15:00,1328.5,20190600,1328.5,20190600,1322.2,20190400
2019-01-30 19:30:00,1334.2,20190600,1334.2,20190600,1327.8,20190400
2019-01-30 19:45:00,1331.1,20190600,1331.1,20190600,1325.1,20190400
2019-01-30 20:00:00,1329.2,20190600,1329.2,20190600,1323.0,20190400
2019-01-30 20:15:00,1330.2,20190600,1330.2,20190600,1323.9,20190400
2019-01-30 20:30:00,1331.0,20190600,1331.0,20190600,1324.5,20190400
2019-01-30 20:45:00,1331.0,20190600,1331.0,20190600,1324.1,20190400
2019-01-30 21:00:00,1330.6,20190600,1330.6,20190600,1324.3,20190400
2019-01-30 21:15:00,1330.7,20190600,1330.7,20190600,1324.6,20190400
2019-01-30 21:30:00,1331.1,20190600,1331.1,20190600,1324.9,20190400
2019-01-30 21:45:00,1331.2,20190600,1331.2,20190600,1325.0,20190400
2019-01-30 23:00:00,1326.3,20190600,1326.3,20190600,1320.1,20190400
2019-01-30 23:15:00,1326.3,20190600,1326.3,20190600,1325.0,20190400
2019-01-30 23:30:00,1331.4,20190600,1331.4,20190600,1324.7,20190400
2019-01-30 23:45:00,1330.6,20190600,1330.6,20190600,1324.2,20190400
2019-01-31 00:00:00,1330.6,20190600,1330.6,20190600,1325.0,20190400
2019-01-31 00:15:00,1331.0,20190600,1331.0,20190600,1324.1,20190400
2019-01-31 00:30:00,1330.3,20190600,1330.3,20190600,1323.5,20190400
2019-01-31 00:45:00,1330.3,20190600,1330.3,20190600,1322.9,20190400
2019-01-31 01:00:00,1329.6,20190600,1329.6,20190600,1323.6,20190400
2019-01-31 01:15:00,1330.0,20190600,1330.0,20190600,1323.6,20190400
2019-01-31 01:30:00,1330.0,20190600,1330.0,20190600,1323.9,20190400
2019-01-31 01:45:00,1330.0,20190600,1330.0,20190600,1323.0,20190400
2019-01-31 02:00:00,1329.6,20190600,1329.6,20190600,1323.4,20190400
2019-01-31 02:15:00,1329.6,20190600,1329.6,20190600,1323.1,20190400
2019-01-31 02:30:00,1329.6,20190600,1329.6,20190600,1323.0,20190400
2019-01-31 02:45:00,1329.6,20190600,1329.6,20190600,1323.3,20190400
2019-01-31 03:00:00,1330.1,20190600,1330.1,20190600,1324.4,20190400
2019-01-31 03:15:00,1330.1,20190600,1330.1,20190600,1324.1,20190400
2019-01-31 03:30:00,1330.1,20190600,1330.1,20190600,1324.0,20190400
2019-01-31 03:45:00,1330.1,20190600,1330.1,20190600,1323.9,20190400
2019-01-31 04:00:00,1330.1,20190600,1330.1,20190600,1324.2,20190400
2019-01-31 04:15:00,1330.7,20190600,1330.7,20190600,1324.4,20190400
2019-01-31 04:30:00,1330.7,20190600,1330.7,20190600,1324.5,20190400
2019-01-31 04:45:00,1330.7,20190600,1330.7,20190600,1324.2,20190400
2019-01-31 05:15:00,1331.1,20190600,1331.1,20190600,1324.7,20190400
2019-01-31 05:30:00,1332.0,20190600,1332.0,20190600,1325.6,20190400
2019-01-31 05:45:00,1330.8,20190600,1330.8,20190600,1324.6,20190400
2019-01-31 06:15:00,1330.3,20190600,1330.3,20190600,1323.8,20190400
2019-01-31 06:30:00,1330.3,20190600,1330.3,20190600,1324.3,20190400
2019-01-31 06:45:00,1330.4,20190600,1330.4,20190600,1324.1,20190400
2019-01-31 07:00:00,1330.7,20190600,1330.7,20190600,1324.4,20190400
2019-01-31 07:15:00,1332.8,20190600,1332.8,20190600,1326.1,20190400
2019-01-31 07:30:00,1332.2,20190600,1332.2,20190600,1325.7,20190400
2019-01-31 07:45:00,1331.5,20190600,1331.5,20190600,1325.1,20190400
2019-01-31 08:00:00,1331.6,20190600,1331.6,20190600,1326.2,20190400
2019-01-31 08:15:00,1332.3,20190600,1332.3,20190600,1326.1,20190400
2019-01-31 08:30:00,1332.2,20190600,1332.2,20190600,1325.6,20190400
2019-01-31 08:45:00,1331.9,20190600,1331.9,20190600,1325.3,20190400
2019-01-31 09:00:00,1331.1,20190600,1331.1,20190600,1325.2,20190400
2019-01-31 09:15:00,1331.5,20190600,1331.5,20190600,1325.4,20190400
2019-01-31 09:30:00,1332.0,20190600,1332.0,20190600,1325.7,20190400
2019-01-31 09:45:00,1332.3,20190600,1332.3,20190600,1325.5,20190400
2019-01-31 10:00:00,1332.3,20190600,1332.3,20190600,1326.4,20190400
2019-01-31 10:15:00,1333.0,20190600,1333.0,20190600,1326.7,20190400
2019-01-31 10:30:00,1333.2,20190600,1333.2,20190600,1327.3,20190400
2019-01-31 10:45:00,1333.5,20190600,1333.5,20190600,1327.3,20190400
2019-01-31 11:00:00,1333.8,20190600,1333.8,20190600,1327.6,20190400
2019-01-31 11:15:00,1333.8,20190600,1333.8,20190600,1327.4,20190400
2019-01-31 11:30:00,1334.4,20190600,1334.4,20190600,1328.0,20190400
2019-01-31 11:45:00,1334.4,20190600,1334.4,20190600,1328.1,20190400
2019-01-31 12:00:00,1334.1,20190600,1334.1,20190600,1327.8,20190400
2019-01-31 12:15:00,1335.0,20190600,1335.0,20190600,1329.0,20190400
2019-01-31 12:30:00,1334.8,20190600,1334.8,20190600,1328.4,20190400
2019-01-31 12:45:00,1334.2,20190600,1334.2,20190600,1327.8,20190400
2019-01-31 13:00:00,1334.3,20190600,1334.3,20190600,1328.1,20190400
2019-01-31 13:15:00,1334.2,20190600,1334.2,20190600,1327.9,20190400
2019-01-31 13:30:00,1337.2,20190600,1337.2,20190600,1330.3,20190400
2019-01-31 13:45:00,1336.4,20190600,1336.4,20190600,1330.1,20190400
2019-01-31 14:00:00,1335.1,20190600,1335.1,20190600,1328.7,20190400
2019-01-31 14:15:00,1335.8,20190600,1335.8,20190600,1329.3,20190400
2019-01-31 14:30:00,1335.0,20190600,1335.0,20190600,1328.8,20190400
2019-01-31 14:45:00,1334.2,20190600,1334.2,20190600,1327.8,20190400
2019-01-31 15:00:00,1334.7,20190600,1334.7,20190600,1328.1,20190400
2019-01-31 15:15:00,1335.5,20190600,1335.5,20190600,1329.0,20190400
2019-01-31 15:30:00,1335.6,20190600,1335.6,20190600,1329.0,20190400
2019-01-31 15:45:00,1333.5,20190600,1333.5,20190600,1327.0,20190400
2019-01-31 16:00:00,1333.9,20190600,1333.9,20190600,1327.3,20190400
2019-01-31 16:15:00,1332.6,20190600,1332.6,20190600,1326.3,20190400
2019-01-31 16:30:00,1331.6,20190600,1331.6,20190600,1325.5,20190400
2019-01-31 16:45:00,1332.5,20190600,1332.5,20190600,1326.2,20190400
2019-01-31 17:00:00,1331.8,20190600,1331.8,20190600,1325.4,20190400
2019-01-31 17:15:00,1331.3,20190600,1331.3,20190600,1324.9,20190400
2019-01-31 17:30:00,1332.4,20190600,1332.4,20190600,1325.9,20190400
2019-01-31 17:45:00,1333.1,20190600,1333.1,20190600,1326.6,20190400
2019-01-31 18:00:00,1333.0,20190600,1333.0,20190600,1326.6,20190400
2019-01-31 18:15:00,1331.7,20190600,1331.7,20190600,1325.1,20190400
2019-01-31 18:30:00,1330.8,20190600,1330.8,20190600,1324.6,20190400
2019-01-31 18:45:00,1330.8,20190600,1330.8,20190600,1324.3,20190400
2019-01-31 19:00:00,1330.7,20190600,1330.7,20190600,1324.6,20190400
2019-01-31 19:15:00,1331.4,20190600,1331.4,20190600,1325.1,20190400
2019-01-31 19:30:00,1331.5,20190600,1331.5,20190600,1325.2,20190400
2019-01-31 19:45:00,1332.0,20190600,1332.0,20190600,1325.5,20190400
2019-01-31 20:00:00,1332.5,20190600,1332.5,20190600,1326.0,20190400
2019-01-31 20:15:00,1332.5,20190600,1332.5,20190600,1325.3,20190400
2019-01-31 20:30:00,1332.5,20190600,1332.5,20190600,1325.4,20190400
2019-01-31 20:45:00,1331.0,20190600,1331.0,20190600,1324.7,20190400
2019-01-31 21:00:00,1331.6,20190600,1331.6,20190600,1325.0,20190400
2019-01-31 21:15:00,1331.5,20190600,1331.5,20190600,1325.2,20190400
2019-01-31 21:30:00,1331.7,20190600,1331.7,20190600,1325.4,20190400
2019-01-31 21:45:00,1332.3,20190600,1332.3,20190600,1325.7,20190400
2019-01-31 23:00:00,1330.8,20190600,1330.8,20190600,1323.5,20190400
2019-01-31 23:15:00,1331.7,20190600,1331.7,20190600,1325.0,20190400
2019-01-31 23:30:00,1331.7,20190600,1331.7,20190600,1325.6,20190400
2019-01-31 23:45:00,1331.7,20190600,1331.7,20190600,1325.8,20190400
2019-02-01 00:00:00,1332.3,20190600,1332.3,20190600,1325.7,20190400
2019-02-01 00:15:00,1332.3,20190600,1332.3,20190600,1325.5,20190400
2019-02-01 00:30:00,1331.9,20190600,1331.9,20190600,1325.4,20190400
2019-02-01 00:45:00,1331.9,20190600,1331.9,20190600,1326.0,20190400
2019-02-01 01:00:00,1331.1,20190600,1331.1,20190600,1324.6,20190400
2019-02-01 01:15:00,1331.0,20190600,1331.0,20190600,1324.7,20190400
2019-02-01 01:30:00,1331.0,20190600,1331.0,20190600,1323.7,20190400
2019-02-01 01:45:00,1330.0,20190600,1330.0,20190600,1323.0,20190400
2019-02-01 02:00:00,1328.9,20190600,1328.9,20190600,1322.6,20190400
2019-02-01 02:15:00,1328.9,20190600,1328.9,20190600,1322.8,20190400
2019-02-01 02:30:00,1329.2,20190600,1329.2,20190600,1322.9,20190400
2019-02-01 02:45:00,1329.4,20190600,1329.4,20190600,1322.7,20190400
2019-02-01 03:00:00,1329.0,20190600,1329.0,20190600,1323.1,20190400
2019-02-01 03:15:00,1329.9,20190600,1329.9,20190600,1323.3,20190400
2019-02-01 03:30:00,1329.8,20190600,1329.8,20190600,1323.5,20190400
2019-02-01 03:45:00,1329.6,20190600,1329.6,20190600,1323.3,20190400
2019-02-01 04:00:00,1330.0,20190600,1330.0,20190600,1323.7,20190400
2019-02-01 04:15:00,1330.0,20190600,1330.0,20190600,1323.2,20190400
2019-02-01 04:30:00,1329.6,20190600,1329.6,20190600,1323.2,20190400
2019-02-01 04:45:00,1329.4,20190600,1329.4,20190600,1323.1,20190400
2019-02-01 05:15:00,1329.2,20190600,1329.2,20190600,1322.8,20190400
2019-02-01 05:30:00,1328.7,20190600,1328.7,20190600,1322.8,20190400
2019-02-01 05:45:00,1328.9,20190600,1328.9,20190600,1322.6,20190400
2019-02-01 06:15:00,1329.0,20190600,1329.0,20190600,1322.7,20190400
2019-02-01 06:30:00,1329.0,20190600,1329.0,20190600,1322.7,20190400
2019-02-01 06:45:00,1328.6,20190600,1328.6,20190600,1322.5,20190400
2019-02-01 07:00:00,1328.7,20190600,1328.7,20190600,1322.7,20190400
2019-02-01 07:15:00,1327.8,20190600,1327.8,20190600,1321.5,20190400
2019-02-01 07:30:00,1327.7,20190600,1327.7,20190600,1321.4,20190400
2019-02-01 07:45:00,1328.9,20190600,1328.9,20190600,1322.9,20190400
2019-02-01 08:00:00,1329.7,20190600,1329.7,20190600,1323.3,20190400
2019-02-01 08:15:00,1329.7,20190600,1329.7,20190600,1323.2,20190400
2019-02-01 08:30:00,1329.4,20190600,1329.4,20190600,1323.0,20190400
2019-02-01 08:45:00,1329.6,20190600,1329.6,20190600,1323.3,20190400
2019-02-01 09:00:00,1329.8,20190600,1329.8,20190600,1323.5,20190400
2019-02-01 09:15:00,1330.2,20190600,1330.2,20190600,1323.9,20190400
2019-02-01 09:30:00,1330.3,20190600,1330.3,20190600,1323.9,20190400
2019-02-01 09:45:00,1330.3,20190600,1330.3,20190600,1324.0,20190400
2019-02-01 10:00:00,1330.3,20190600,1330.3,20190600,1324.0,20190400
2019-02-01 10:15:00,1330.9,20190600,1330.9,20190600,1325.2,20190400
2019-02-01 10:30:00,1330.9,20190600,1330.9,20190600,1325.5,20190400
2019-02-01 10:45:00,1332.3,20190600,1332.3,20190600,1326.0,20190400
2019-02-01 11:00:00,1331.9,20190600,1331.9,20190600,1325.6,20190400
2019-02-01 11:15:00,1332.7,20190600,1332.7,20190600,1326.3,20190400
2019-02-01 11:30:00,1332.3,20190600,1332.3,20190600,1326.0,20190400
2019-02-01 11:45:00,1332.6,20190600,1332.6,20190600,1326.1,20190400
2019-02-01 12:00:00,1332.6,20190600,1332.6,20190600,1326.2,20190400
2019-02-01 12:15:00,1332.7,20190600,1332.7,20190600,1326.0,20190400
2019-02-01 12:30:00,1331.9,20190600,1331.9,20190600,1325.6,20190400
2019-02-01 12:45:00,1332.0,20190600,1332.0,20190600,1325.7,20190400
2019-02-01 13:00:00,1332.4,20190600,1332.4,20190600,1325.9,20190400
2019-02-01 13:15:00,1332.6,20190600,1332.6,20190600,1326.1,20190400
2019-02-01 13:30:00,1332.2,20190600,1332.2,20190600,1326.5,20190400
2019-02-01 13:45:00,1330.3,20190600,1330.3,20190600,1324.6,20190400
2019-02-01 14:00:00,1331.9,20190600,1331.9,20190600,1325.9,20190400
2019-02-01 14:15:00,1331.8,20190600,1331.8,20190600,1326.1,20190400
2019-02-01 14:30:00,1332.9,20190600,1332.9,20190600,1326.5,20190400
2019-02-01 14:45:00,1333.0,20190600,1333.0,20190600,1326.2,20190400
2019-02-01 15:00:00,1329.0,20190600,1329.0,20190600,1323.0,20190400
2019-02-01 15:15:00,1328.6,20190600,1328.6,20190600,1322.6,20190400
2019-02-01 15:30:00,1328.2,20190600,1328.2,20190600,1321.9,20190400
2019-02-01 15:45:00,1329.1,20190600,1329.1,20190600,1322.9,20190400
2019-02-01 16:00:00,1328.8,20190600,1328.8,20190600,1322.5,20190400
2019-02-01 16:15:00,1329.1,20190600,1329.1,20190600,1322.7,20190400
2019-02-01 16:30:00,1328.4,20190600,1328.4,20190600,1322.0,20190400
2019-02-01 16:45:00,1327.5,20190600,1327.5,20190600,1321.3,20190400
2019-02-01 17:00:00,1327.3,20190600,1327.3,20190600,1321.0,20190400
2019-02-01 17:15:00,1328.4,20190600,1328.4,20190600,1322.1,20190400
2019-02-01 17:30:00,1328.6,20190600,1328.6,20190600,1322.1,20190400
2019-02-01 17:45:00,1328.6,20190600,1328.6,20190600,1322.2,20190400
2019-02-01 18:00:00,1328.9,20190600,1328.9,20190600,1322.3,20190400
2019-02-01 18:15:00,1328.7,20190600,1328.7,20190600,1322.2,20190400
2019-02-01 18:30:00,1328.9,20190600,1328.9,20190600,1322.5,20190400
2019-02-01 18:45:00,1328.8,20190600,1328.8,20190600,1322.3,20190400
2019-02-01 19:00:00,1328.6,20190600,1328.6,20190600,1322.0,20190400
2019-02-01 19:15:00,1328.8,20190600,1328.8,20190600,1322.2,20190400
2019-02-01 19:30:00,1328.8,20190600,1328.8,20190600,1322.3,20190400
2019-02-01 19:45:00,1328.9,20190600,1328.9,20190600,1322.2,20190400
2019-02-01 20:00:00,1328.9,20190600,1328.9,20190600,1322.2,20190400
2019-02-01 20:15:00,1329.3,20190600,1329.3,20190600,1322.9,20190400
2019-02-01 20:30:00,1329.7,20190600,1329.7,20190600,1323.9,20190400
2019-02-01 20:45:00,1328.9,20190600,1328.9,20190600,1322.5,20190400
2019-02-01 21:00:00,1328.9,20190600,1328.9,20190600,1322.6,20190400
2019-02-01 21:15:00,1329.0,20190600,1329.0,20190600,1322.6,20190400
2019-02-01 21:30:00,1329.1,20190600,1329.1,20190600,1322.6,20190400
2019-02-01 21:45:00,1328.8,20190600,1328.8,20190600,1322.0,20190400
2019-02-01 23:00:00,1328.7,20190600,1328.7,20190600,1322.2,20190400
2019-02-03 23:00:00,1329.5,20190600,1329.5,20190600,1322.1,20190400
2019-02-03 23:15:00,1329.5,20190600,1329.5,20190600,1321.6,20190400
2019-02-03 23:30:00,1329.5,20190600,1329.5,20190600,1321.9,20190400
2019-02-03 23:45:00,1329.5,20190600,1329.5,20190600,1321.8,20190400
2019-02-04 00:00:00,1329.5,20190600,1329.5,20190600,1322.1,20190400
2019-02-04 00:15:00,1327.9,20190600,1327.9,20190600,1322.0,20190400
2019-02-04 00:30:00,1327.8,20190600,1327.8,20190600,1321.3,20190400
2019-02-04 00:45:00,1327.8,20190600,1327.8,20190600,1320.1,20190400
2019-02-04 01:00:00,1327.8,20190600,1327.8,20190600,1320.0,20190400
2019-02-04 01:15:00,1327.8,20190600,1327.8,20190600,1319.3,20190400
2019-02-04 01:30:00,1327.8,20190600,1327.8,20190600,1319.7,20190400
2019-02-04 01:45:00,1327.8,20190600,1327.8,20190600,1319.5,20190400
2019-02-04 02:00:00,1326.3,20190600,1326.3,20190600,1319.7,20190400
2019-02-04 02:15:00,1326.3,20190600,1326.3,20190600,1319.7,20190400
2019-02-04 02:30:00,1326.3,20190600,1326.3,20190600,1319.5,20190400
2019-02-04 02:45:00,1326.3,20190600,1326.3,20190600,1319.7,20190400
2019-02-04 03:00:00,1325.1,20190600,1325.1,20190600,1318.9,20190400
2019-02-04 03:15:00,1324.5,20190600,1324.5,20190600,1318.0,20190400
2019-02-04 03:30:00,1324.6,20190600,1324.6,20190600,1318.2,20190400
2019-02-04 03:45:00,1324.6,20190600,1324.6,20190600,1318.3,20190400
2019-02-04 04:00:00,1324.6,20190600,1324.6,20190600,1318.0,20190400
2019-02-04 04:15:00,1324.0,20190600,1324.0,20190600,1317.0,20190400
2019-02-04 04:30:00,1323.5,20190600,1323.5,20190600,1317.1,20190400
2019-02-04 04:45:00,1323.2,20190600,1323.2,20190600,1316.9,20190400
2019-02-04 05:15:00,1323.3,20190600,1323.3,20190600,1317.0,20190400
2019-02-04 05:30:00,1323.5,20190600,1323.5,20190600,1317.4,20190400
2019-02-04 05:45:00,1323.5,20190600,1323.5,20190600,1317.1,20190400
2019-02-04 06:15:00,1323.0,20190600,1323.0,20190600,1316.8,20190400
2019-02-04 06:30:00,1323.0,20190600,1323.0,20190600,1316.5,20190400
2019-02-04 06:45:00,1323.5,20190600,1323.5,20190600,1317.1,20190400
2019-02-04 07:00:00,1323.6,20190600,1323.6,20190600,1317.3,20190400
2019-02-04 07:15:00,1323.8,20190600,1323.8,20190600,1317.6,20190400
2019-02-04 07:30:00,1323.3,20190600,1323.3,20190600,1317.2,20190400
2019-02-04 07:45:00,1323.6,20190600,1323.6,20190600,1317.9,20190400
2019-02-04 08:00:00,1324.1,20190600,1324.1,20190600,1317.8,20190400
2019-02-04 08:15:00,1321.7,20190600,1321.7,20190600,1315.4,20190400
2019-02-04 08:30:00,1322.4,20190600,1322.4,20190600,1316.2,20190400
2019-02-04 08:45:00,1322.7,20190600,1322.7,20190600,1316.2,20190400
2019-02-04 09:00:00,1322.7,20190600,1322.7,20190600,1315.6,20190400
2019-02-04 09:15:00,1321.4,20190600,1321.4,20190600,1314.9,20190400
2019-02-04 09:30:00,1321.4,20190600,1321.4,20190600,1315.2,20190400
2019-02-04 09:45:00,1321.3,20190600,1321.3,20190600,1315.3,20190400
2019-02-04 10:00:00,1321.3,20190600,1321.3,20190600,1315.4,20190400
2019-02-04 10:15:00,1321.8,20190600,1321.8,20190600,1315.4,20190400
2019-02-04 10:30:00,1321.6,20190600,1321.6,20190600,1315.2,20190400
2019-02-04 10:45:00,1321.2,20190600,1321.2,20190600,1314.9,20190400
2019-02-04 11:00:00,1321.0,20190600,1321.0,20190600,1314.7,20190400
2019-02-04 11:15:00,1321.7,20190600,1321.7,20190600,1315.3,20190400
2019-02-04 11:30:00,1321.4,20190600,1321.4,20190600,1315.0,20190400
2019-02-04 11:45:00,1321.6,20190600,1321.6,20190600,1315.1,20190400
2019-02-04 12:00:00,1321.6,20190600,1321.6,20190600,1314.9,20190400
2019-02-04 12:15:00,1320.5,20190600,1320.5,20190600,1314.3,20190400
2019-02-04 12:30:00,1320.9,20190600,1320.9,20190600,1314.6,20190400
2019-02-04 12:45:00,1321.7,20190600,1321.7,20190600,1315.4,20190400
2019-02-04 13:00:00,1321.3,20190600,1321.3,20190600,1315.2,20190400
2019-02-04 13:15:00,1322.4,20190600,1322.4,20190600,1316.1,20190400
2019-02-04 13:30:00,1322.6,20190600,1322.6,20190600,1316.4,20190400
2019-02-04 13:45:00,1322.2,20190600,1322.2,20190600,1316.0,20190400
2019-02-04 14:00:00,1321.1,20190600,1321.1,20190600,1314.6,20190400
2019-02-04 14:15:00,1322.3,20190600,1322.3,20190600,1316.2,20190400
2019-02-04 14:30:00,1323.4,20190600,1323.4,20190600,1316.8,20190400
2019-02-04 14:45:00,1321.3,20190600,1321.3,20190600,1314.8,20190400
2019-02-04 15:00:00,1323.0,20190600,1323.0,20190600,1317.0,20190400
2019-02-04 15:15:00,1324.5,20190600,1324.5,20190600,1318.0,20190400
2019-02-04 15:30:00,1324.8,20190600,1324.8,20190600,1318.7,20190400
2019-02-04 15:45:00,1324.6,20190600,1324.6,20190600,1318.2,20190400
2019-02-04 16:00:00,1325.2,20190600,1325.2,20190600,1318.7,20190400
2019-02-04 16:15:00,1325.0,20190600,1325.0,20190600,1318.6,20190400
2019-02-04 16:30:00,1325.3,20190600,1325.3,20190600,1318.6,20190400
2019-02-04 16:45:00,1325.4,20190600,1325.4,20190600,1319.1,20190400
2019-02-04 17:00:00,1324.9,20190600,1324.9,20190600,1318.5,20190400
2019-02-04 17:15:00,1324.4,20190600,1324.4,20190600,1318.1,20190400
2019-02-04 17:30:00,1325.2,20190600,1325.2,20190600,1319.0,20190400
2019-02-04 17:45:00,1325.3,20190600,1325.3,20190600,1318.7,20190400
2019-02-04 18:00:00,1325.5,20190600,1325.5,20190600,1319.1,20190400
2019-02-04 18:15:00,1325.6,20190600,1325.6,20190600,1319.0,20190400
2019-02-04 18:30:00,1324.0,20190600,1324.0,20190600,1317.9,20190400
2019-02-04 18:45:00,1324.3,20190600,1324.3,20190600,1317.9,20190400
2019-02-04 19:00:00,1324.9,20190600,1324.9,20190600,1318.4,20190400
2019-02-04 19:15:00,1324.9,20190600,1324.9,20190600,1318.3,20190400
2019-02-04 19:30:00,1324.8,20190600,1324.8,20190600,1318.1,20190400
2019-02-04 19:45:00,1324.8,20190600,1324.8,20190600,1317.9,20190400
2019-02-04 20:00:00,1324.1,20190600,1324.1,20190600,1317.7,20190400
2019-02-04 20:15:00,1323.9,20190600,1323.9,20190600,1317.4,20190400
2019-02-04 20:30:00,1323.9,20190600,1323.9,20190600,1317.8,20190400
2019-02-04 20:45:00,1323.0,20190600,1323.0,20190600,1316.3,20190400
2019-02-04 21:00:00,1323.0,20190600,1323.0,20190600,1316.6,20190400
2019-02-04 21:15:00,1323.0,20190600,1323.0,20190600,1316.3,20190400
2019-02-04 21:30:00,1322.5,20190600,1322.5,20190600,1316.0,20190400
2019-02-04 21:45:00,1322.7,20190600,1322.7,20190600,1316.5,20190400
2019-02-04 23:00:00,1325.8,20190600,1325.8,20190600,1317.0,20190400
2019-02-04 23:15:00,1325.8,20190600,1325.8,20190600,1315.8,20190400
2019-02-04 23:30:00,1325.8,20190600,1325.8,20190600,1316.2,20190400
2019-02-04 23:45:00,1325.8,20190600,1325.8,20190600,1316.0,20190400
2019-02-05 00:00:00,1322.4,20190600,1322.4,20190600,1315.9,20190400
2019-02-05 00:15:00,1322.1,20190600,1322.1,20190600,1315.7,20190400
2019-02-05 00:30:00,1322.7,20190600,1322.7,20190600,1316.4,20190400
2019-02-05 00:45:00,1322.7,20190600,1322.7,20190600,1316.5,20190400
2019-02-05 01:00:00,1322.7,20190600,1322.7,20190600,1316.7,20190400
2019-02-05 01:15:00,1322.7,20190600,1322.7,20190600,1316.9,20190400
2019-02-05 01:30:00,1322.7,20190600,1322.7,20190600,1317.2,20190400
2019-02-05 01:45:00,1322.7,20190600,1322.7,20190600,1317.1,20190400
2019-02-05 02:00:00,1322.7,20190600,1322.7,20190600,1317.5,20190400
2019-02-05 02:15:00,1322.7,20190600,1322.7,20190600,1317.8,20190400
2019-02-05 02:30:00,1322.7,20190600,1322.7,20190600,1318.2,20190400
2019-02-05 02:45:00,1322.7,20190600,1322.7,20190600,1318.6,20190400
2019-02-05 03:00:00,1322.7,20190600,1322.7,20190600,1318.5,20190400
2019-02-05 03:15:00,1322.7,20190600,1322.7,20190600,1318.5,20190400
2019-02-05 03:30:00,1322.7,20190600,1322.7,20190600,1318.3,20190400
2019-02-05 03:45:00,1322.7,20190600,1322.7,20190600,1318.9,20190400
2019-02-05 04:00:00,1325.4,20190600,1325.4,20190600,1318.9,20190400
2019-02-05 04:15:00,1325.2,20190600,1325.2,20190600,1318.6,20190400
2019-02-05 04:30:00,1325.2,20190600,1325.2,20190600,1318.8,20190400
2019-02-05 04:45:00,1325.2,20190600,1325.2,20190600,1318.7,20190400
2019-02-05 05:15:00,1325.6,20190600,1325.6,20190600,1319.2,20190400
2019-02-05 05:30:00,1325.7,20190600,1325.7,20190600,1319.4,20190400
2019-02-05 05:45:00,1325.6,20190600,1325.6,20190600,1319.4,20190400
2019-02-05 06:15:00,1325.6,20190600,1325.6,20190600,1318.4,20190400
2019-02-05 06:30:00,1325.6,20190600,1325.6,20190600,1318.0,20190400
2019-02-05 06:45:00,1324.5,20190600,1324.5,20190600,1318.2,20190400
2019-02-05 07:00:00,1324.7,20190600,1324.7,20190600,1318.1,20190400
2019-02-05 07:15:00,1324.3,20190600,1324.3,20190600,1318.2,20190400
2019-02-05 07:30:00,1324.2,20190600,1324.2,20190600,1317.4,20190400
2019-02-05 07:45:00,1324.2,20190600,1324.2,20190600,1317.1,20190400
2019-02-05 08:00:00,1323.5,20190600,1323.5,20190600,1317.5,20190400
2019-02-05 08:15:00,1322.7,20190600,1322.7,20190600,1316.6,20190400
2019-02-05 08:30:00,1322.8,20190600,1322.8,20190600,1316.2,20190400
2019-02-05 08:45:00,1322.9,20190600,1322.9,20190600,1316.4,20190400
2019-02-05 09:00:00,1323.2,20190600,1323.2,20190600,1316.2,20190400
2019-02-05 09:15:00,1321.7,20190600,1321.7,20190600,1315.1,20190400
2019-02-05 09:30:00,1322.2,20190600,1322.2,20190600,1315.5,20190400
2019-02-05 09:45:00,1321.5,20190600,1321.5,20190600,1315.4,20190400
2019-02-05 10:00:00,1321.6,20190600,1321.6,20190600,1315.6,20190400
2019-02-05 10:15:00,1322.5,20190600,1322.5,20190600,1316.7,20190400
2019-02-05 10:30:00,1323.9,20190600,1323.9,20190600,1317.6,20190400
2019-02-05 10:45:00,1324.4,20190600,1324.4,20190600,1317.8,20190400
2019-02-05 11:00:00,1324.4,20190600,1324.4,20190600,1317.5,20190400
2019-02-05 11:15:00,1324.7,20190600,1324.7,20190600,1318.0,20190400
2019-02-05 11:30:00,1324.7,20190600,1324.7,20190600,1318.2,20190400
2019-02-05 11:45:00,1324.7,20190600,1324.7,20190600,1318.6,20190400
2019-02-05 12:00:00,1324.1,20190600,1324.1,20190600,1318.0,20190400
2019-02-05 12:15:00,1324.2,20190600,1324.2,20190600,1318.0,20190400
2019-02-05 12:30:00,1324.4,20190600,1324.4,20190600,1317.9,20190400
2019-02-05 12:45:00,1324.0,20190600,1324.0,20190600,1317.7,20190400
2019-02-05 13:00:00,1324.0,20190600,1324.0,20190600,1317.6,20190400
2019-02-05 13:15:00,1325.0,20190600,1325.0,20190600,1319.3,20190400
2019-02-05 13:30:00,1326.9,20190600,1326.9,20190600,1320.6,20190400
2019-02-05 13:45:00,1326.1,20190600,1326.1,20190600,1318.6,20190400
2019-02-05 14:00:00,1325.8,20190600,1325.8,20190600,1319.1,20190400
2019-02-05 14:15:00,1325.8,20190600,1325.8,20190600,1319.2,20190400
2019-02-05 14:30:00,1325.2,20190600,1325.2,20190600,1318.5,20190400
2019-02-05 14:45:00,1324.8,20190600,1324.8,20190600,1318.1,20190400
2019-02-05 15:00:00,1326.7,20190600,1326.7,20190600,1320.4,20190400
2019-02-05 15:15:00,1326.6,20190600,1326.6,20190600,1319.6,20190400
2019-02-05 15:30:00,1325.5,20190600,1325.5,20190600,1319.1,20190400
2019-02-05 15:45:00,1325.3,20190600,1325.3,20190600,1318.7,20190400
2019-02-05 16:00:00,1324.2,20190600,1324.2,20190600,1317.6,20190400
2019-02-05 16:15:00,1325.1,20190600,1325.1,20190600,1318.4,20190400
2019-02-05 16:30:00,1324.9,20190600,1324.9,20190600,1318.4,20190400
2019-02-05 16:45:00,1324.0,20190600,1324.0,20190600,1317.5,20190400
2019-02-05 17:00:00,1324.4,20190600,1324.4,20190600,1317.9,20190400
2019-02-05 17:15:00,1325.1,20190600,1325.1,20190600,1318.6,20190400
2019-02-05 17:30:00,1325.3,20190600,1325.3,20190600,1318.8,20190400
2019-02-05 17:45:00,1325.4,20190600,1325.4,20190600,1319.0,20190400
2019-02-05 18:00:00,1326.0,20190600,1326.0,20190600,1319.2,20190400
2019-02-05 18:15:00,1325.8,20190600,1325.8,20190600,1319.3,20190400
2019-02-05 18:30:00,1325.5,20190600,1325.5,20190600,1318.9,20190400
2019-02-05 18:45:00,1325.0,20190600,1325.0,20190600,1318.5,20190400
2019-02-05 19:00:00,1324.7,20190600,1324.7,20190600,1318.6,20190400
2019-02-05 19:15:00,1324.9,20190600,1324.9,20190600,1318.4,20190400
2019-02-05 19:30:00,1325.0,20190600,1325.0,20190600,1318.5,20190400
2019-02-05 19:45:00,1325.0,20190600,1325.0,20190600,1318.4,20190400
2019-02-05 20:00:00,1325.0,20190600,1325.0,20190600,1318.5,20190400
2019-02-05 20:15:00,1325.1,20190600,1325.1,20190600,1318.5,20190400
2019-02-05 20:30:00,1325.1,20190600,1325.1,20190600,1318.9,20190400
2019-02-05 20:45:00,1325.7,20190600,1325.7,20190600,1319.4,20190400
2019-02-05 21:00:00,1325.7,20190600,1325.7,20190600,1319.3,20190400
2019-02-05 21:15:00,1325.7,20190600,1325.7,20190600,1319.1,20190400
2019-02-05 21:30:00,1325.7,20190600,1325.7,20190600,1319.1,20190400
2019-02-05 21:45:00,1325.7,20190600,1325.7,20190600,1319.3,20190400
2019-02-05 23:00:00,1324.4,20190600,1324.4,20190600,1319.1,20190400
2019-02-05 23:15:00,1324.4,20190600,1324.4,20190600,1318.7,20190400
2019-02-05 23:30:00,1324.4,20190600,1324.4,20190600,1319.0,20190400
2019-02-05 23:45:00,1324.4,20190600,1324.4,20190600,1319.0,20190400
2019-02-06 00:00:00,1325.7,20190600,1325.7,20190600,1319.5,20190400
2019-02-06 00:15:00,1325.7,20190600,1325.7,20190600,1319.6,20190400
2019-02-06 00:30:00,1325.7,20190600,1325.7,20190600,1319.2,20190400
2019-02-06 00:45:00,1325.7,20190600,1325.7,20190600,1319.3,20190400
2019-02-06 01:00:00,1325.7,20190600,1325.7,20190600,1318.5,20190400
2019-02-06 01:15:00,1325.7,20190600,1325.7,20190600,1318.5,20190400
2019-02-06 01:30:00,1324.6,20190600,1324.6,20190600,1318.0,20190400
2019-02-06 01:45:00,1324.6,20190600,1324.6,20190600,1317.4,20190400
2019-02-06 02:00:00,1324.6,20190600,1324.6,20190600,1317.6,20190400
2019-02-06 02:15:00,1326.0,20190600,1326.0,20190600,1319.6,20190400
2019-02-06 02:30:00,1326.0,20190600,1326.0,20190600,1318.7,20190400
2019-02-06 02:45:00,1325.3,20190600,1325.3,20190600,1319.0,20190400
2019-02-06 03:00:00,1325.3,20190600,1325.3,20190600,1318.4,20190400
2019-02-06 03:15:00,1325.3,20190600,1325.3,20190600,1318.7,20190400
2019-02-06 03:30:00,1325.3,20190600,1325.3,20190600,1318.6,20190400
2019-02-06 03:45:00,1325.3,20190600,1325.3,20190600,1318.3,20190400
2019-02-06 04:00:00,1324.3,20190600,1324.3,20190600,1317.8,20190400
2019-02-06 04:15:00,1324.3,20190600,1324.3,20190600,1317.6,20190400
2019-02-06 04:30:00,1323.9,20190600,1323.9,20190600,1317.4,20190400
2019-02-06 04:45:00,1324.5,20190600,1324.5,20190600,1318.0,20190400
2019-02-06 05:15:00,1324.2,20190600,1324.2,20190600,1317.8,20190400
2019-02-06 05:30:00,1324.4,20190600,1324.4,20190600,1318.2,20190400
2019-02-06 05:45:00,1324.4,20190600,1324.4,20190600,1318.0,20190400
2019-02-06 06:15:00,1324.4,20190600,1324.4,20190600,1317.7,20190400
2019-02-06 06:30:00,1324.3,20190600,1324.3,20190600,1317.6,20190400
2019-02-06 06:45:00,1324.3,20190600,1324.3,20190600,1317.4,20190400
2019-02-06 07:00:00,1324.0,20190600,1324.0,20190600,1317.7,20190400
2019-02-06 07:15:00,1324.1,20190600,1324.1,20190600,1317.6,20190400
2019-02-06 07:30:00,1324.0,20190600,1324.0,20190600,1317.5,20190400
2019-02-06 07:45:00,1325.1,20190600,1325.1,20190600,1319.0,20190400
2019-02-06 08:00:00,1325.7,20190600,1325.7,20190600,1319.4,20190400
2019-02-06 08:15:00,1325.7,20190600,1325.7,20190600,1319.2,20190400
2019-02-06 08:30:00,1325.8,20190600,1325.8,20190600,1319.2,20190400
2019-02-06 08:45:00,1326.1,20190600,1326.1,20190600,1319.0,20190400
2019-02-06 09:00:00,1325.5,20190600,1325.5,20190600,1318.4,20190400
2019-02-06 09:15:00,1324.5,20190600,1324.5,20190600,1317.7,20190400
2019-02-06 09:30:00,1324.5,20190600,1324.5,20190600,1317.8,20190400
2019-02-06 09:45:00,1324.5,20190600,1324.5,20190600,1317.8,20190400
2019-02-06 10:00:00,1324.5,20190600,1324.5,20190600,1317.9,20190400
2019-02-06 10:15:00,1324.3,20190600,1324.3,20190600,1317.5,20190400
2019-02-06 10:30:00,1324.3,20190600,1324.3,20190600,1317.3,20190400
2019-02-06 10:45:00,1324.0,20190600,1324.0,20190600,1317.4,20190400
2019-02-06 11:00:00,1323.0,20190600,1323.0,20190600,1316.5,20190400
2019-02-06 11:15:00,1323.0,20190600,1323.0,20190600,1316.9,20190400
2019-02-06 11:30:00,1323.0,20190600,1323.0,20190600,1316.4,20190400
2019-02-06 11:45:00,1322.8,20190600,1322.8,20190600,1316.2,20190400
2019-02-06 12:00:00,1322.2,20190600,1322.2,20190600,1315.9,20190400
2019-02-06 12:15:00,1324.2,20190600,1324.2,20190600,1317.1,20190400
2019-02-06 12:30:00,1323.7,20190600,1323.7,20190600,1317.2,20190400
2019-02-06 12:45:00,1324.0,20190600,1324.0,20190600,1317.3,20190400
2019-02-06 13:00:00,1324.9,20190600,1324.9,20190600,1317.9,20190400
2019-02-06 13:15:00,1324.6,20190600,1324.6,20190600,1317.8,20190400
2019-02-06 13:30:00,1324.1,20190600,1324.1,20190600,1317.9,20190400
2019-02-06 13:45:00,1325.0,20190600,1325.0,20190600,1317.6,20190400
2019-02-06 14:00:00,1325.6,20190600,1325.6,20190600,1318.8,20190400
2019-02-06 14:15:00,1324.4,20190600,1324.4,20190600,1317.9,20190400
2019-02-06 14:30:00,1324.1,20190600,1324.1,20190600,1317.5,20190400
2019-02-06 14:45:00,1323.0,20190600,1323.0,20190600,1316.4,20190400
2019-02-06 15:00:00,1323.6,20190600,1323.6,20190600,1317.6,20190400
2019-02-06 15:15:00,1323.1,20190600,1323.1,20190600,1316.6,20190400
2019-02-06 15:30:00,1322.8,20190600,1322.8,20190600,1316.2,20190400
2019-02-06 15:45:00,1322.6,20190600,1322.6,20190600,1316.2,20190400
2019-02-06 16:00:00,1322.3,20190600,1322.3,20190600,1316.1,20190400
2019-02-06 16:15:00,1322.6,20190600,1322.6,20190600,1315.8,20190400
2019-02-06 16:30:00,1322.3,20190600,1322.3,20190600,1315.8,20190400
2019-02-06 16:45:00,1322.8,20190600,1322.8,20190600,1316.0,20190400
2019-02-06 17:00:00,1323.3,20190600,1323.3,20190600,1316.8,20190400
2019-02-06 17:15:00,1323.0,20190600,1323.0,20190600,1316.4,20190400
2019-02-06 17:30:00,1322.6,20190600,1322.6,20190600,1316.0,20190400
2019-02-06 17:45:00,1323.0,20190600,1323.0,20190600,1316.5,20190400
2019-02-06 18:00:00,1320.9,20190600,1320.9,20190600,1314.2,20190400
2019-02-06 18:15:00,1320.8,20190600,1320.8,20190600,1314.4,20190400
2019-02-06 18:30:00,1320.2,20190600,1320.2,20190600,1313.7,20190400
2019-02-06 18:45:00,1320.3,20190600,1320.3,20190600,1313.6,20190400
2019-02-06 19:00:00,1319.7,20190600,1319.7,20190600,1312.3,20190400
2019-02-06 19:15:00,1317.6,20190600,1317.6,20190600,1311.3,20190400
2019-02-06 19:30:00,1317.7,20190600,1317.7,20190600,1311.3,20190400
2019-02-06 19:45:00,1317.7,20190600,1317.7,20190600,1310.9,20190400
2019-02-06 20:00:00,1316.7,20190600,1316.7,20190600,1310.5,20190400
2019-02-06 20:15:00,1316.6,20190600,1316.6,20190600,1311.0,20190400
2019-02-06 20:30:00,1316.6,20190600,1316.6,20190600,1310.9,20190400
2019-02-06 20:45:00,1317.4,20190600,1317.4,20190600,1310.7,20190400
2019-02-06 21:00:00,1316.7,20190600,1316.7,20190600,1310.5,20190400
2019-02-06 21:15:00,1317.0,20190600,1317.0,20190600,1310.7,20190400
2019-02-06 21:30:00,1316.8,20190600,1316.8,20190600,1310.7,20190400
2019-02-06 21:45:00,1316.8,20190600,1316.8,20190600,1310.5,20190400
2019-02-06 23:00:00,1324.1,20190600,1324.1,20190600,1317.6,20190400
2019-02-06 23:15:00,1324.1,20190600,1324.1,20190600,1311.3,20190400
2019-02-06 23:30:00,1324.1,20190600,1324.1,20190600,1311.0,20190400
2019-02-06 23:45:00,1317.2,20190600,1317.2,20190600,1310.4,20190400
2019-02-07 00:00:00,1317.3,20190600,1317.3,20190600,1311.3,20190400
2019-02-07 00:15:00,1317.3,20190600,1317.3,20190600,1310.7,20190400
2019-02-07 00:30:00,1317.3,20190600,1317.3,20190600,1310.6,20190400
2019-02-07 00:45:00,1317.3,20190600,1317.3,20190600,1310.4,20190400
2019-02-07 01:00:00,1316.4,20190600,1316.4,20190600,1310.8,20190400
2019-02-07 01:15:00,1316.4,20190600,1316.4,20190600,1310.7,20190400
2019-02-07 01:30:00,1316.3,20190600,1316.3,20190600,1309.9,20190400
2019-02-07 01:45:00,1314.4,20190600,1314.4,20190600,1307.7,20190400
2019-02-07 02:00:00,1314.4,20190600,1314.4,20190600,1307.9,20190400
2019-02-07 02:15:00,1314.8,20190600,1314.8,20190600,1308.3,20190400
2019-02-07 02:30:00,1314.8,20190600,1314.8,20190600,1308.5,20190400
2019-02-07 02:45:00,1314.8,20190600,1314.8,20190600,1308.2,20190400
2019-02-07 03:00:00,1314.4,20190600,1314.4,20190600,1307.7,20190400
2019-02-07 03:15:00,1314.0,20190600,1314.0,20190600,1307.3,20190400
2019-02-07 03:30:00,1314.0,20190600,1314.0,20190600,1307.8,20190400
2019-02-07 03:45:00,1314.0,20190600,1314.0,20190600,1307.7,20190400
2019-02-07 04:00:00,1314.0,20190600,1314.0,20190600,1307.4,20190400
2019-02-07 04:15:00,1314.0,20190600,1314.0,20190600,1307.4,20190400
2019-02-07 04:30:00,1313.7,20190600,1313.7,20190600,1306.8,20190400
2019-02-07 04:45:00,1313.2,20190600,1313.2,20190600,1306.9,20190400
2019-02-07 05:15:00,1313.2,20190600,1313.2,20190600,1307.3,20190400
2019-02-07 05:30:00,1314.1,20190600,1314.1,20190600,1307.6,20190400
2019-02-07 05:45:00,1314.1,20190600,1314.1,20190600,1307.8,20190400
2019-02-07 06:15:00,1314.9,20190600,1314.9,20190600,1308.2,20190400
2019-02-07 06:30:00,1314.9,20190600,1314.9,20190600,1308.7,20190400
2019-02-07 06:45:00,1314.9,20190600,1314.9,20190600,1308.8,20190400
2019-02-07 07:00:00,1314.9,20190600,1314.9,20190600,1308.7,20190400
2019-02-07 07:15:00,1315.3,20190600,1315.3,20190600,1308.8,20190400
2019-02-07 07:30:00,1315.3,20190600,1315.3,20190600,1308.7,20190400
2019-02-07 07:45:00,1314.6,20190600,1314.6,20190600,1308.2,20190400
2019-02-07 08:00:00,1313.8,20190600,1313.8,20190600,1307.4,20190400
2019-02-07 08:15:00,1313.9,20190600,1313.9,20190600,1307.5,20190400
2019-02-07 08:30:00,1314.8,20190600,1314.8,20190600,1308.2,20190400
2019-02-07 08:45:00,1314.8,20190600,1314.8,20190600,1308.2,20190400
2019-02-07 09:00:00,1314.5,20190600,1314.5,20190600,1307.9,20190400
2019-02-07 09:15:00,1315.4,20190600,1315.4,20190600,1309.3,20190400
2019-02-07 09:30:00,1316.1,20190600,1316.1,20190600,1310.3,20190400
2019-02-07 09:45:00,1316.8,20190600,1316.8,20190600,1309.8,20190400
2019-02-07 10:00:00,1316.8,20190600,1316.8,20190600,1310.5,20190400
2019-02-07 10:15:00,1316.9,20190600,1316.9,20190600,1310.4,20190400
2019-02-07 10:30:00,1316.9,20190600,1316.9,20190600,1310.8,20190400
2019-02-07 10:45:00,1316.9,20190600,1316.9,20190600,1310.6,20190400
2019-02-07 11:00:00,1316.6,20190600,1316.6,20190600,1310.5,20190400
2019-02-07 11:15:00,1316.6,20190600,1316.6,20190600,1311.1,20190400
2019-02-07 11:30:00,1317.0,20190600,1317.0,20190600,1310.7,20190400
2019-02-07 11:45:00,1316.9,20190600,1316.9,20190600,1310.5,20190400
2019-02-07 12:00:00,1315.7,20190600,1315.7,20190600,1310.0,20190400
2019-02-07 12:15:00,1316.5,20190600,1316.5,20190600,1310.1,20190400
2019-02-07 12:30:00,1317.4,20190600,1317.4,20190600,1311.3,20190400
2019-02-07 12:45:00,1319.3,20190600,1319.3,20190600,1312.9,20190400
2019-02-07 13:00:00,1320.0,20190600,1320.0,20190600,1313.9,20190400
2019-02-07 13:15:00,1319.5,20190600,1319.5,20190600,1313.1,20190400
2019-02-07 13:30:00,1319.5,20190600,1319.5,20190600,1312.9,20190400
2019-02-07 13:45:00,1320.1,20190600,1320.1,20190600,1312.9,20190400
2019-02-07 14:00:00,1321.8,20190600,1321.8,20190600,1315.3,20190400
2019-02-07 14:15:00,1320.6,20190600,1320.6,20190600,1314.1,20190400
2019-02-07 14:30:00,1320.1,20190600,1320.1,20190600,1313.5,20190400
2019-02-07 14:45:00,1319.9,20190600,1319.9,20190600,1313.3,20190400
2019-02-07 15:00:00,1319.8,20190600,1319.8,20190600,1313.2,20190400
2019-02-07 15:15:00,1317.3,20190600,1317.3,20190600,1311.0,20190400
2019-02-07 15:30:00,1316.6,20190600,1316.6,20190600,1310.1,20190400
2019-02-07 15:45:00,1319.1,20190600,1319.1,20190600,1312.7,20190400
2019-02-07 16:00:00,1320.5,20190600,1320.5,20190600,1314.2,20190400
2019-02-07 16:15:00,1319.6,20190600,1319.6,20190600,1313.2,20190400
2019-02-07 16:30:00,1320.1,20190600,1320.1,20190600,1313.8,20190400
2019-02-07 16:45:00,1320.7,20190600,1320.7,20190600,1314.0,20190400
2019-02-07 17:00:00,1321.1,20190600,1321.1,20190600,1314.3,20190400
2019-02-07 17:15:00,1321.5,20190600,1321.5,20190600,1315.1,20190400
2019-02-07 17:30:00,1321.4,20190600,1321.4,20190600,1314.7,20190400
2019-02-07 17:45:00,1321.3,20190600,1321.3,20190600,1314.6,20190400
2019-02-07 18:00:00,1320.5,20190600,1320.5,20190600,1314.2,20190400
2019-02-07 18:15:00,1320.8,20190600,1320.8,20190600,1314.2,20190400
2019-02-07 18:30:00,1320.9,20190600,1320.9,20190600,1314.6,20190400
2019-02-07 18:45:00,1321.3,20190600,1321.3,20190600,1314.4,20190400
2019-02-07 19:00:00,1321.0,20190600,1321.0,20190600,1314.4,20190400
2019-02-07 19:15:00,1321.0,20190600,1321.0,20190600,1314.7,20190400
2019-02-07 19:30:00,1320.4,20190600,1320.4,20190600,1314.2,20190400
2019-02-07 19:45:00,1321.1,20190600,1321.1,20190600,1314.3,20190400
2019-02-07 20:00:00,1321.1,20190600,1321.1,20190600,1315.0,20190400
2019-02-07 20:15:00,1321.1,20190600,1321.1,20190600,1314.6,20190400
2019-02-07 20:30:00,1320.4,20190600,1320.4,20190600,1313.7,20190400
2019-02-07 20:45:00,1320.0,20190600,1320.0,20190600,1313.4,20190400
2019-02-07 21:00:00,1320.0,20190600,1320.0,20190600,1313.6,20190400
2019-02-07 21:15:00,1320.3,20190600,1320.3,20190600,1313.8,20190400
2019-02-07 21:30:00,1320.5,20190600,1320.5,20190600,1313.7,20190400
2019-02-07 21:45:00,1320.2,20190600,1320.2,20190600,1313.8,20190400
2019-02-07 23:00:00,1320.3,20190600,1320.3,20190600,1308.3,20190400
2019-02-07 23:15:00,1320.9,20190600,1320.9,20190600,1314.5,20190400
2019-02-07 23:30:00,1320.9,20190600,1320.9,20190600,1314.6,20190400
2019-02-07 23:45:00,1320.4,20190600,1320.4,20190600,1314.1,20190400
2019-02-08 00:00:00,1320.5,20190600,1320.5,20190600,1314.2,20190400
2019-02-08 00:15:00,1320.5,20190600,1320.5,20190600,1313.4,20190400
2019-02-08 00:30:00,1319.8,20190600,1319.8,20190600,1313.3,20190400
2019-02-08 00:45:00,1319.8,20190600,1319.8,20190600,1314.2,20190400
2019-02-08 01:00:00,1320.7,20190600,1320.7,20190600,1313.9,20190400
2019-02-08 01:15:00,1320.2,20190600,1320.2,20190600,1313.9,20190400
2019-02-08 01:30:00,1320.4,20190600,1320.4,20190600,1313.7,20190400
2019-02-08 01:45:00,1319.9,20190600,1319.9,20190600,1313.6,20190400
2019-02-08 02:00:00,1319.9,20190600,1319.9,20190600,1313.3,20190400
2019-02-08 02:15:00,1319.4,20190600,1319.4,20190600,1313.1,20190400
2019-02-08 02:30:00,1319.4,20190600,1319.4,20190600,1313.6,20190400
2019-02-08 02:45:00,1319.4,20190600,1319.4,20190600,1313.5,20190400
2019-02-08 03:00:00,1319.4,20190600,1319.4,20190600,1313.1,20190400
2019-02-08 03:15:00,1319.4,20190600,1319.4,20190600,1312.5,20190400
2019-02-08 03:30:00,1319.0,20190600,1319.0,20190600,1312.3,20190400
2019-02-08 03:45:00,1319.0,20190600,1319.0,20190600,1312.4,20190400
2019-02-08 04:00:00,1319.0,20190600,1319.0,20190600,1312.6,20190400
2019-02-08 04:15:00,1319.0,20190600,1319.0,20190600,1312.8,20190400
2019-02-08 04:30:00,1319.6,20190600,1319.6,20190600,1313.1,20190400
2019-02-08 04:45:00,1319.6,20190600,1319.6,20190600,1313.0,20190400
2019-02-08 05:15:00,1319.6,20190600,1319.6,20190600,1312.8,20190400
2019-02-08 05:30:00,1319.4,20190600,1319.4,20190600,1312.9,20190400
2019-02-08 05:45:00,1319.4,20190600,1319.4,20190600,1313.4,20190400
2019-02-08 06:15:00,1319.4,20190600,1319.4,20190600,1312.8,20190400
2019-02-08 06:30:00,1319.2,20190600,1319.2,20190600,1312.7,20190400
2019-02-08 06:45:00,1319.2,20190600,1319.2,20190600,1312.4,20190400
2019-02-08 07:00:00,1318.8,20190600,1318.8,20190600,1311.6,20190400
2019-02-08 07:15:00,1318.3,20190600,1318.3,20190600,1312.0,20190400
2019-02-08 07:30:00,1318.3,20190600,1318.3,20190600,1312.3,20190400
2019-02-08 07:45:00,1318.9,20190600,1318.9,20190600,1312.7,20190400
2019-02-08 08:00:00,1319.6,20190600,1319.6,20190600,1313.1,20190400
2019-02-08 08:15:00,1319.3,20190600,1319.3,20190600,1312.6,20190400
2019-02-08 08:30:00,1319.3,20190600,1319.3,20190600,1312.5,20190400
2019-02-08 08:45:00,1320.0,20190600,1320.0,20190600,1313.5,20190400
2019-02-08 09:00:00,1319.2,20190600,1319.2,20190600,1312.6,20190400
2019-02-08 09:15:00,1319.2,20190600,1319.2,20190600,1313.0,20190400
2019-02-08 09:30:00,1319.2,20190600,1319.2,20190600,1312.5,20190400
2019-02-08 09:45:00,1319.3,20190600,1319.3,20190600,1312.9,20190400
2019-02-08 10:00:00,1320.0,20190600,1320.0,20190600,1313.8,20190400
2019-02-08 10:15:00,1320.9,20190600,1320.9,20190600,1314.6,20190400
2019-02-08 10:30:00,1321.3,20190600,1321.3,20190600,1314.9,20190400
2019-02-08 10:45:00,1320.9,20190600,1320.9,20190600,1314.9,20190400
2019-02-08 11:00:00,1321.4,20190600,1321.4,20190600,1315.1,20190400
2019-02-08 11:15:00,1321.7,20190600,1321.7,20190600,1315.2,20190400
2019-02-08 11:30:00,1321.3,20190600,1321.3,20190600,1314.8,20190400
2019-02-08 11:45:00,1322.6,20190600,1322.6,20190600,1315.9,20190400
2019-02-08 12:00:00,1322.6,20190600,1322.6,20190600,1315.8,20190400
2019-02-08 12:15:00,1322.5,20190600,1322.5,20190600,1316.0,20190400
2019-02-08 12:30:00,1323.0,20190600,1323.0,20190600,1316.7,20190400
2019-02-08 12:45:00,1323.4,20190600,1323.4,20190600,1317.2,20190400
2019-02-08 13:00:00,1324.0,20190600,1324.0,20190600,1317.8,20190400
2019-02-08 13:15:00,1324.6,20190600,1324.6,20190600,1318.0,20190400
2019-02-08 13:30:00,1324.8,20190600,1324.8,20190600,1318.4,20190400
2019-02-08 13:45:00,1325.0,20190600,1325.0,20190600,1318.5,20190400
2019-02-08 14:00:00,1324.0,20190600,1324.0,20190600,1317.5,20190400
2019-02-08 14:15:00,1323.1,20190600,1323.1,20190600,1316.7,20190400
2019-02-08 14:30:00,1322.4,20190600,1322.4,20190600,1316.5,20190400
2019-02-08 14:45:00,1324.5,20190600,1324.5,20190600,1318.2,20190400
2019-02-08 15:00:00,1324.6,20190600,1324.6,20190600,1318.3,20190400
2019-02-08 15:15:00,1323.4,20190600,1323.4,20190600,1317.1,20190400
2019-02-08 15:30:00,1323.4,20190600,1323.4,20190600,1317.0,20190400
2019-02-08 15:45:00,1324.2,20190600,1324.2,20190600,1317.5,20190400
2019-02-08 16:00:00,1324.5,20190600,1324.5,20190600,1317.9,20190400
2019-02-08 16:15:00,1324.3,20190600,1324.3,20190600,1317.9,20190400
2019-02-08 16:30:00,1324.0,20190600,1324.0,20190600,1317.9,20190400
2019-02-08 16:45:00,1324.5,20190600,1324.5,20190600,1317.7,20190400
2019-02-08 17:00:00,1324.6,20190600,1324.6,20190600,1318.6,20190400
2019-02-08 17:15:00,1324.4,20190600,1324.4,20190600,1318.4,20190400
2019-02-08 17:30:00,1325.3,20190600,1325.3,20190600,1318.7,20190400
2019-02-08 17:45:00,1325.3,20190600,1325.3,20190600,1318.7,20190400
2019-02-08 18:00:00,1325.6,20190600,1325.6,20190600,1318.9,20190400
2019-02-08 18:15:00,1324.8,20190600,1324.8,20190600,1318.3,20190400
2019-02-08 18:30:00,1324.6,20190600,1324.6,20190600,1318.0,20190400
2019-02-08 18:45:00,1324.4,20190600,1324.4,20190600,1317.8,20190400
2019-02-08 19:00:00,1324.7,20190600,1324.7,20190600,1318.1,20190400
2019-02-08 19:15:00,1324.4,20190600,1324.4,20190600,1317.9,20190400
2019-02-08 19:30:00,1324.4,20190600,1324.4,20190600,1318.2,20190400
2019-02-08 19:45:00,1325.0,20190600,1325.0,20190600,1319.0,20190400
2019-02-08 20:00:00,1325.2,20190600,1325.2,20190600,1318.7,20190400
2019-02-08 20:15:00,1325.4,20190600,1325.4,20190600,1318.9,20190400
2019-02-08 20:30:00,1325.3,20190600,1325.3,20190600,1318.3,20190400
2019-02-08 20:45:00,1324.8,20190600,1324.8,20190600,1318.3,20190400
2019-02-08 21:00:00,1324.8,20190600,1324.8,20190600,1317.9,20190400
2019-02-08 21:15:00,1324.8,20190600,1324.8,20190600,1317.9,20190400
2019-02-08 21:30:00,1324.2,20190600,1324.2,20190600,1317.7,20190400
2019-02-08 21:45:00,1324.6,20190600,1324.6,20190600,1318.2,20190400
2019-02-08 23:00:00,1319.3,20190600,1319.3,20190600,1313.0,20190400
2019-02-10 23:00:00,1323.8,20190600,1323.8,20190600,1317.4,20190400
2019-02-10 23:15:00,1324.0,20190600,1324.0,20190600,1317.3,20190400
2019-02-10 23:30:00,1323.7,20190600,1323.7,20190600,1317.6,20190400
2019-02-10 23:45:00,1323.7,20190600,1323.7,20190600,1317.4,20190400
2019-02-11 00:00:00,1323.7,20190600,1323.7,20190600,1317.5,20190400
2019-02-11 00:15:00,1323.8,20190600,1323.8,20190600,1317.2,20190400
2019-02-11 00:30:00,1323.8,20190600,1323.8,20190600,1317.1,20190400
2019-02-11 00:45:00,1323.8,20190600,1323.8,20190600,1316.7,20190400
2019-02-11 01:00:00,1324.7,20190600,1324.7,20190600,1318.1,20190400
2019-02-11 01:15:00,1324.5,20190600,1324.5,20190600,1318.1,20190400
2019-02-11 01:30:00,1324.0,20190600,1324.0,20190600,1317.3,20190400
2019-02-11 01:45:00,1324.2,20190600,1324.2,20190600,1317.7,20190400
2019-02-11 02:00:00,1324.2,20190600,1324.2,20190600,1317.0,20190400
2019-02-11 02:15:00,1324.2,20190600,1324.2,20190600,1317.0,20190400
2019-02-11 02:30:00,1323.3,20190600,1323.3,20190600,1316.9,20190400
2019-02-11 02:45:00,1323.0,20190600,1323.0,20190600,1315.9,20190400
2019-02-11 03:00:00,1322.0,20190600,1322.0,20190600,1315.6,20190400
2019-02-11 03:15:00,1321.9,20190600,1321.9,20190600,1315.6,20190400
2019-02-11 03:30:00,1321.9,20190600,1321.9,20190600,1315.6,20190400
2019-02-11 03:45:00,1321.9,20190600,1321.9,20190600,1315.6,20190400
2019-02-11 04:00:00,1322.4,20190600,1322.4,20190600,1315.3,20190400
2019-02-11 04:15:00,1321.2,20190600,1321.2,20190600,1314.7,20190400
2019-02-11 04:30:00,1321.4,20190600,1321.4,20190600,1314.9,20190400
2019-02-11 04:45:00,1321.3,20190600,1321.3,20190600,1314.8,20190400
2019-02-11 05:15:00,1321.6,20190600,1321.6,20190600,1315.5,20190400
2019-02-11 05:30:00,1322.1,20190600,1322.1,20190600,1315.2,20190400
2019-02-11 05:45:00,1321.5,20190600,1321.5,20190600,1314.6,20190400
2019-02-11 06:15:00,1321.7,20190600,1321.7,20190600,1315.6,20190400
2019-02-11 06:30:00,1322.2,20190600,1322.2,20190600,1315.5,20190400
2019-02-11 06:45:00,1321.7,20190600,1321.7,20190600,1315.4,20190400
2019-02-11 07:00:00,1321.7,20190600,1321.7,20190600,1315.0,20190400
2019-02-11 07:15:00,1321.3,20190600,1321.3,20190600,1315.1,20190400
2019-02-11 07:30:00,1321.3,20190600,1321.3,20190600,1315.1,20190400
2019-02-11 07:45:00,1321.3,20190600,1321.3,20190600,1315.0,20190400
2019-02-11 08:00:00,1321.1,20190600,1321.1,20190600,1314.8,20190400
2019-02-11 08:15:00,1321.1,20190600,1321.1,20190600,1314.5,20190400
2019-02-11 08:30:00,1320.4,20190600,1320.4,20190600,1314.0,20190400
2019-02-11 08:45:00,1319.7,20190600,1319.7,20190600,1313.2,20190400
2019-02-11 09:00:00,1319.1,20190600,1319.1,20190600,1312.7,20190400
2019-02-11 09:15:00,1318.9,20190600,1318.9,20190600,1312.0,20190400
2019-02-11 09:30:00,1317.9,20190600,1317.9,20190600,1311.3,20190400
2019-02-11 09:45:00,1317.0,20190600,1317.0,20190600,1310.4,20190400
2019-02-11 10:00:00,1317.4,20190600,1317.4,20190600,1310.9,20190400
2019-02-11 10:15:00,1316.8,20190600,1316.8,20190600,1310.4,20190400
2019-02-11 10:30:00,1316.8,20190600,1316.8,20190600,1310.4,20190400
2019-02-11 10:45:00,1316.6,20190600,1316.6,20190600,1310.0,20190400
2019-02-11 11:00:00,1316.8,20190600,1316.8,20190600,1310.8,20190400
2019-02-11 11:15:00,1317.8,20190600,1317.8,20190600,1311.2,20190400
2019-02-11 11:30:00,1317.9,20190600,1317.9,20190600,1311.1,20190400
2019-02-11 11:45:00,1317.4,20190600,1317.4,20190600,1311.1,20190400
2019-02-11 12:00:00,1317.4,20190600,1317.4,20190600,1310.4,20190400
2019-02-11 12:15:00,1317.0,20190600,1317.0,20190600,1310.5,20190400
2019-02-11 12:30:00,1316.1,20190600,1316.1,20190600,1309.8,20190400
2019-02-11 12:45:00,1316.2,20190600,1316.2,20190600,1309.8,20190400
2019-02-11 13:00:00,1316.8,20190600,1316.8,20190600,1310.4,20190400
2019-02-11 13:15:00,1316.7,20190600,1316.7,20190600,1309.2,20190400
2019-02-11 13:30:00,1315.0,20190600,1315.0,20190600,1308.7,20190400
2019-02-11 13:45:00,1314.8,20190600,1314.8,20190600,1308.4,20190400
2019-02-11 14:00:00,1315.7,20190600,1315.7,20190600,1309.2,20190400
2019-02-11 14:15:00,1313.9,20190600,1313.9,20190600,1307.3,20190400
2019-02-11 14:30:00,1315.8,20190600,1315.8,20190600,1309.5,20190400
2019-02-11 14:45:00,1316.2,20190600,1316.2,20190600,1309.8,20190400
2019-02-11 15:00:00,1316.5,20190600,1316.5,20190600,1310.3,20190400
2019-02-11 15:15:00,1318.3,20190600,1318.3,20190600,1311.6,20190400
2019-02-11 15:30:00,1318.1,20190600,1318.1,20190600,1311.6,20190400
2019-02-11 15:45:00,1318.2,20190600,1318.2,20190600,1311.9,20190400
2019-02-11 16:00:00,1318.9,20190600,1318.9,20190600,1312.7,20190400
2019-02-11 16:15:00,1318.9,20190600,1318.9,20190600,1312.5,20190400
2019-02-11 16:30:00,1318.9,20190600,1318.9,20190600,1313.2,20190400
2019-02-11 16:45:00,1319.3,20190600,1319.3,20190600,1312.8,20190400
2019-02-11 17:00:00,1318.7,20190600,1318.7,20190600,1312.4,20190400
2019-02-11 17:15:00,1319.0,20190600,1319.0,20190600,1312.5,20190400
2019-02-11 17:30:00,1318.1,20190600,1318.1,20190600,1311.9,20190400
2019-02-11 17:45:00,1317.3,20190600,1317.3,20190600,1310.8,20190400
2019-02-11 18:00:00,1317.5,20190600,1317.5,20190600,1310.9,20190400
2019-02-11 18:15:00,1318.4,20190600,1318.4,20190600,1311.9,20190400
2019-02-11 18:30:00,1317.7,20190600,1317.7,20190600,1311.7,20190400
2019-02-11 18:45:00,1318.0,20190600,1318.0,20190600,1311.4,20190400
2019-02-11 19:00:00,1318.0,20190600,1318.0,20190600,1311.6,20190400
2019-02-11 19:15:00,1318.4,20190600,1318.4,20190600,1312.0,20190400
2019-02-11 19:30:00,1318.4,20190600,1318.4,20190600,1311.5,20190400
2019-02-11 19:45:00,1318.5,20190600,1318.5,20190600,1311.9,20190400
2019-02-11 20:00:00,1318.5,20190600,1318.5,20190600,1312.3,20190400
2019-02-11 20:15:00,1318.6,20190600,1318.6,20190600,1312.1,20190400
2019-02-11 20:30:00,1318.5,20190600,1318.5,20190600,1312.3,20190400
2019-02-11 20:45:00,1318.5,20190600,1318.5,20190600,1311.7,20190400
2019-02-11 21:00:00,1318.2,20190600,1318.2,20190600,1311.8,20190400
2019-02-11 21:15:00,1318.1,20190600,1318.1,20190600,1311.6,20190400
2019-02-11 21:30:00,1318.2,20190600,1318.2,20190600,1311.8,20190400
2019-02-11 21:45:00,1318.2,20190600,1318.2,20190600,1311.6,20190400
2019-02-11 23:00:00,1321.4,20190600,1321.4,20190600,1315.1,20190400
2019-02-11 23:15:00,1321.4,20190600,1321.4,20190600,1311.5,20190400
2019-02-11 23:30:00,1321.4,20190600,1321.4,20190600,1311.4,20190400
2019-02-11 23:45:00,1321.4,20190600,1321.4,20190600,1311.2,20190400
2019-02-12 00:00:00,1321.4,20190600,1321.4,20190600,1310.8,20190400
2019-02-12 00:15:00,1321.4,20190600,1321.4,20190600,1310.6,20190400
2019-02-12 00:30:00,1317.1,20190600,1317.1,20190600,1310.7,20190400
2019-02-12 00:45:00,1317.1,20190600,1317.1,20190600,1310.6,20190400
2019-02-12 01:00:00,1317.8,20190600,1317.8,20190600,1311.4,20190400
2019-02-12 01:15:00,1318.7,20190600,1318.7,20190600,1312.3,20190400
2019-02-12 01:30:00,1317.9,20190600,1317.9,20190600,1311.8,20190400
2019-02-12 01:45:00,1317.9,20190600,1317.9,20190600,1311.4,20190400
2019-02-12 02:00:00,1317.9,20190600,1317.9,20190600,1311.6,20190400
2019-02-12 02:15:00,1317.9,20190600,1317.9,20190600,1312.0,20190400
2019-02-12 02:30:00,1318.3,20190600,1318.3,20190600,1312.1,20190400
2019-02-12 02:45:00,1318.3,20190600,1318.3,20190600,1312.2,20190400
2019-02-12 03:00:00,1318.3,20190600,1318.3,20190600,1312.2,20190400
2019-02-12 03:15:00,1318.3,20190600,1318.3,20190600,1311.9,20190400
2019-02-12 03:30:00,1318.3,20190600,1318.3,20190600,1311.2,20190400
2019-02-12 03:45:00,1317.4,20190600,1317.4,20190600,1311.1,20190400
2019-02-12 04:00:00,1317.4,20190600,1317.4,20190600,1311.5,20190400
2019-02-12 04:15:00,1317.4,20190600,1317.4,20190600,1311.6,20190400
2019-02-12 04:30:00,1317.4,20190600,1317.4,20190600,1312.1,20190400
2019-02-12 04:45:00,1317.4,20190600,1317.4,20190600,1311.7,20190400
2019-02-12 05:15:00,1318.5,20190600,1318.5,20190600,1312.0,20190400
2019-02-12 05:30:00,1318.4,20190600,1318.4,20190600,1311.8,20190400
2019-02-12 05:45:00,1318.8,20190600,1318.8,20190600,1312.3,20190400
2019-02-12 06:15:00,1320.4,20190600,1320.4,20190600,1313.8,20190400
2019-02-12 06:30:00,1321.3,20190600,1321.3,20190600,1314.9,20190400
2019-02-12 06:45:00,1321.3,20190600,1321.3,20190600,1314.8,20190400
2019-02-12 07:00:00,1321.9,20190600,1321.9,20190600,1315.6,20190400
2019-02-12 07:15:00,1321.9,20190600,1321.9,20190600,1315.4,20190400
2019-02-12 07:30:00,1321.2,20190600,1321.2,20190600,1314.5,20190400
2019-02-12 07:45:00,1322.1,20190600,1322.1,20190600,1315.2,20190400
2019-02-12 08:00:00,1322.1,20190600,1322.1,20190600,1315.5,20190400
2019-02-12 08:15:00,1323.7,20190600,1323.7,20190600,1315.9,20190400
2019-02-12 08:30:00,1320.8,20190600,1320.8,20190600,1314.6,20190400
2019-02-12 08:45:00,1321.4,20190600,1321.4,20190600,1315.3,20190400
2019-02-12 09:00:00,1321.4,20190600,1321.4,20190600,1316.2,20190400
2019-02-12 09:15:00,1321.4,20190600,1321.4,20190600,1316.2,20190400
2019-02-12 09:30:00,1322.8,20190600,1322.8,20190600,1316.1,20190400
2019-02-12 09:45:00,1322.0,20190600,1322.0,20190600,1316.0,20190400
2019-02-12 10:00:00,1322.0,20190600,1322.0,20190600,1315.8,20190400
2019-02-12 10:15:00,1322.0,20190600,1322.0,20190600,1315.5,20190400
2019-02-12 10:30:00,1322.2,20190600,1322.2,20190600,1316.6,20190400
2019-02-12 10:45:00,1323.0,20190600,1323.0,20190600,1316.9,20190400
2019-02-12 11:00:00,1323.4,20190600,1323.4,20190600,1317.0,20190400
2019-02-12 11:15:00,1323.4,20190600,1323.4,20190600,1316.7,20190400
2019-02-12 11:30:00,1323.0,20190600,1323.0,20190600,1316.8,20190400
2019-02-12 11:45:00,1323.5,20190600,1323.5,20190600,1317.1,20190400
2019-02-12 12:00:00,1323.2,20190600,1323.2,20190600,1316.7,20190400
2019-02-12 12:15:00,1323.1,20190600,1323.1,20190600,1316.6,20190400
2019-02-12 12:30:00,1323.8,20190600,1323.8,20190600,1317.5,20190400
2019-02-12 12:45:00,1323.4,20190600,1323.4,20190600,1316.8,20190400
2019-02-12 13:00:00,1324.6,20190600,1324.6,20190600,1318.1,20190400
2019-02-12 13:15:00,1322.8,20190600,1322.8,20190600,1316.4,20190400
2019-02-12 13:30:00,1322.7,20190600,1322.7,20190600,1316.1,20190400
2019-02-12 13:45:00,1321.9,20190600,1321.9,20190600,1315.4,20190400
2019-02-12 14:00:00,1321.3,20190600,1321.3,20190600,1314.9,20190400
2019-02-12 14:15:00,1321.9,20190600,1321.9,20190600,1315.4,20190400
2019-02-12 14:30:00,1320.9,20190600,1320.9,20190600,1314.5,20190400
2019-02-12 14:45:00,1320.0,20190600,1320.0,20190600,1313.9,20190400
2019-02-12 15:00:00,1319.5,20190600,1319.5,20190600,1313.2,20190400
2019-02-12 15:15:00,1319.0,20190600,1319.0,20190600,1312.6,20190400
2019-02-12 15:30:00,1318.6,20190600,1318.6,20190600,1312.2,20190400
2019-02-12 15:45:00,1319.6,20190600,1319.6,20190600,1313.3,20190400
2019-02-12 16:00:00,1319.3,20190600,1319.3,20190600,1312.9,20190400
2019-02-12 16:15:00,1319.6,20190600,1319.6,20190600,1313.2,20190400
2019-02-12 16:30:00,1320.7,20190600,1320.7,20190600,1314.3,20190400
2019-02-12 16:45:00,1319.5,20190600,1319.5,20190600,1312.7,20190400
2019-02-12 17:00:00,1319.1,20190600,1319.1,20190600,1312.7,20190400
2019-02-12 17:15:00,1319.8,20190600,1319.8,20190600,1313.2,20190400
2019-02-12 17:30:00,1319.2,20190600,1319.2,20190600,1313.2,20190400
2019-02-12 17:45:00,1320.3,20190600,1320.3,20190600,1313.9,20190400
2019-02-12 18:00:00,1322.4,20190600,1322.4,20190600,1315.3,20190400
2019-02-12 18:15:00,1320.4,20190600,1320.4,20190600,1314.2,20190400
2019-02-12 18:30:00,1320.9,20190600,1320.9,20190600,1314.4,20190400
2019-02-12 18:45:00,1320.4,20190600,1320.4,20190600,1313.9,20190400
2019-02-12 19:00:00,1320.9,20190600,1320.9,20190600,1314.1,20190400
2019-02-12 19:15:00,1320.9,20190600,1320.9,20190600,1314.4,20190400
2019-02-12 19:30:00,1320.9,20190600,1320.9,20190600,1314.8,20190400
2019-02-12 19:45:00,1320.9,20190600,1320.9,20190600,1314.3,20190400
2019-02-12 20:00:00,1321.0,20190600,1321.0,20190600,1314.4,20190400
2019-02-12 20:15:00,1320.4,20190600,1320.4,20190600,1314.1,20190400
2019-02-12 20:30:00,1321.0,20190600,1321.0,20190600,1314.6,20190400
2019-02-12 20:45:00,1320.9,20190600,1320.9,20190600,1314.5,20190400
2019-02-12 21:00:00,1320.9,20190600,1320.9,20190600,1314.4,20190400
2019-02-12 21:15:00,1320.9,20190600,1320.9,20190600,1314.4,20190400
2019-02-12 21:30:00,1320.5,20190600,1320.5,20190600,1314.2,20190400
2019-02-12 21:45:00,1320.8,20190600,1320.8,20190600,1314.2,20190400
2019-02-12 23:00:00,1319.3,20190600,1319.3,20190600,1313.4,20190400
2019-02-12 23:15:00,1321.2,20190600,1321.2,20190600,1314.9,20190400
2019-02-12 23:30:00,1321.3,20190600,1321.3,20190600,1314.6,20190400
2019-02-12 23:45:00,1320.2,20190600,1320.2,20190600,1313.7,20190400
2019-02-13 00:00:00,1320.0,20190600,1320.0,20190600,1313.3,20190400
2019-02-13 00:15:00,1319.9,20190600,1319.9,20190600,1313.2,20190400
2019-02-13 00:30:00,1319.9,20190600,1319.9,20190600,1313.1,20190400
2019-02-13 00:45:00,1319.9,20190600,1319.9,20190600,1313.2,20190400
2019-02-13 01:00:00,1320.7,20190600,1320.7,20190600,1314.2,20190400
2019-02-13 01:15:00,1321.0,20190600,1321.0,20190600,1314.6,20190400
2019-02-13 01:30:00,1320.0,20190600,1320.0,20190600,1314.1,20190400
2019-02-13 01:45:00,1320.9,20190600,1320.9,20190600,1315.2,20190400
2019-02-13 02:00:00,1320.9,20190600,1320.9,20190600,1315.4,20190400
2019-02-13 02:15:00,1322.3,20190600,1322.3,20190600,1315.5,20190400
2019-02-13 02:30:00,1321.6,20190600,1321.6,20190600,1315.4,20190400
2019-02-13 02:45:00,1321.5,20190600,1321.5,20190600,1315.5,20190400
2019-02-13 03:00:00,1322.1,20190600,1322.1,20190600,1315.6,20190400
2019-02-13 03:15:00,1322.4,20190600,1322.4,20190600,1315.8,20190400
2019-02-13 03:30:00,1322.6,20190600,1322.6,20190600,1316.3,20190400
2019-02-13 03:45:00,1322.6,20190600,1322.6,20190600,1316.3,20190400
2019-02-13 04:00:00,1322.7,20190600,1322.7,20190600,1316.2,20190400
2019-02-13 04:15:00,1322.6,20190600,1322.6,20190600,1316.3,20190400
2019-02-13 04:30:00,1323.0,20190600,1323.0,20190600,1316.5,20190400
2019-02-13 04:45:00,1323.0,20190600,1323.0,20190600,1316.5,20190400
2019-02-13 05:15:00,1323.0,20190600,1323.0,20190600,1315.8,20190400
2019-02-13 05:30:00,1322.6,20190600,1322.6,20190600,1316.2,20190400
2019-02-13 05:45:00,1323.3,20190600,1323.3,20190600,1316.8,20190400
2019-02-13 06:15:00,1323.5,20190600,1323.5,20190600,1317.0,20190400
2019-02-13 06:30:00,1323.5,20190600,1323.5,20190600,1316.7,20190400
2019-02-13 06:45:00,1323.3,20190600,1323.3,20190600,1316.6,20190400
2019-02-13 07:00:00,1323.4,20190600,1323.4,20190600,1315.9,20190400
2019-02-13 07:15:00,1322.1,20190600,1322.1,20190600,1315.7,20190400
2019-02-13 07:30:00,1322.1,20190600,1322.1,20190600,1315.6,20190400
2019-02-13 07:45:00,1321.7,20190600,1321.7,20190600,1315.1,20190400
2019-02-13 08:00:00,1321.4,20190600,1321.4,20190600,1315.2,20190400
2019-02-13 08:15:00,1322.1,20190600,1322.1,20190600,1315.5,20190400
2019-02-13 08:30:00,1322.1,20190600,1322.1,20190600,1315.6,20190400
2019-02-13 08:45:00,1322.2,20190600,1322.2,20190600,1315.9,20190400
2019-02-13 09:00:00,1322.2,20190600,1322.2,20190600,1316.0,20190400
2019-02-13 09:15:00,1322.2,20190600,1322.2,20190600,1315.7,20190400
2019-02-13 09:30:00,1323.0,20190600,1323.0,20190600,1316.6,20190400
2019-02-13 09:45:00,1323.0,20190600,1323.0,20190600,1316.0,20190400
2019-02-13 10:00:00,1321.8,20190600,1321.8,20190600,1315.6,20190400
2019-02-13 10:15:00,1321.5,20190600,1321.5,20190600,1315.0,20190400
2019-02-13 10:30:00,1321.1,20190600,1321.1,20190600,1314.8,20190400
2019-02-13 10:45:00,1320.9,20190600,1320.9,20190600,1314.5,20190400
2019-02-13 11:00:00,1320.4,20190600,1320.4,20190600,1314.1,20190400
2019-02-13 11:15:00,1320.3,20190600,1320.3,20190600,1314.0,20190400
2019-02-13 11:30:00,1319.7,20190600,1319.7,20190600,1313.3,20190400
2019-02-13 11:45:00,1321.0,20190600,1321.0,20190600,1314.3,20190400
2019-02-13 12:00:00,1320.4,20190600,1320.4,20190600,1314.1,20190400
2019-02-13 12:15:00,1319.9,20190600,1319.9,20190600,1313.4,20190400
2019-02-13 12:30:00,1319.5,20190600,1319.5,20190600,1312.9,20190400
2019-02-13 12:45:00,1318.8,20190600,1318.8,20190600,1312.4,20190400
2019-02-13 13:00:00,1318.9,20190600,1318.9,20190600,1312.3,20190400
2019-02-13 13:15:00,1319.2,20190600,1319.2,20190600,1312.9,20190400
2019-02-13 13:30:00,1320.2,20190600,1320.2,20190600,1313.7,20190400
2019-02-13 13:45:00,1320.6,20190600,1320.6,20190600,1313.8,20190400
2019-02-13 14:00:00,1319.8,20190600,1319.8,20190600,1313.5,20190400
2019-02-13 14:15:00,1320.4,20190600,1320.4,20190600,1314.0,20190400
2019-02-13 14:30:00,1323.6,20190600,1323.6,20190600,1317.2,20190400
2019-02-13 14:45:00,1323.1,20190600,1323.1,20190600,1316.6,20190400
2019-02-13 15:00:00,1326.5,20190600,1326.5,20190600,1320.0,20190400
2019-02-13 15:15:00,1326.3,20190600,1326.3,20190600,1319.8,20190400
2019-02-13 15:30:00,1326.7,20190600,1326.7,20190600,1320.0,20190400
2019-02-13 15:45:00,1324.4,20190600,1324.4,20190600,1317.8,20190400
2019-02-13 16:00:00,1323.2,20190600,1323.2,20190600,1316.8,20190400
2019-02-13 16:15:00,1323.6,20190600,1323.6,20190600,1317.2,20190400
2019-02-13 16:30:00,1322.7,20190600,1322.7,20190600,1316.4,20190400
2019-02-13 16:45:00,1322.7,20190600,1322.7,20190600,1316.3,20190400
2019-02-13 17:00:00,1322.6,20190600,1322.6,20190600,1315.8,20190400
2019-02-13 17:15:00,1321.0,20190600,1321.0,20190600,1314.4,20190400
2019-02-13 17:30:00,1321.2,20190600,1321.2,20190600,1314.9,20190400
2019-02-13 17:45:00,1321.9,20190600,1321.9,20190600,1315.1,20190400
2019-02-13 18:00:00,1321.0,20190600,1321.0,20190600,1314.5,20190400
2019-02-13 18:15:00,1321.7,20190600,1321.7,20190600,1315.2,20190400
2019-02-13 18:30:00,1321.0,20190600,1321.0,20190600,1314.5,20190400
2019-02-13 18:45:00,1320.3,20190600,1320.3,20190600,1313.9,20190400
2019-02-13 19:00:00,1318.7,20190600,1318.7,20190600,1312.4,20190400
2019-02-13 19:15:00,1318.5,20190600,1318.5,20190600,1311.6,20190400
2019-02-13 19:30:00,1317.6,20190600,1317.6,20190600,1310.5,20190400
2019-02-13 19:45:00,1315.5,20190600,1315.5,20190600,1309.7,20190400
2019-02-13 20:00:00,1315.8,20190600,1315.8,20190600,1308.9,20190400
2019-02-13 20:15:00,1315.4,20190600,1315.4,20190600,1309.1,20190400
2019-02-13 20:30:00,1315.5,20190600,1315.5,20190600,1309.4,20190400
2019-02-13 20:45:00,1315.7,20190600,1315.7,20190600,1308.9,20190400
2019-02-13 21:00:00,1315.1,20190600,1315.1,20190600,1308.8,20190400
2019-02-13 21:15:00,1315.1,20190600,1315.1,20190600,1308.7,20190400
2019-02-13 21:30:00,1315.3,20190600,1315.3,20190600,1309.1,20190400
2019-02-13 21:45:00,1315.3,20190600,1315.3,20190600,1309.3,20190400
2019-02-13 23:00:00,1323.3,20190600,1323.3,20190600,1316.9,20190400
2019-02-13 23:15:00,1316.8,20190600,1316.8,20190600,1310.2,20190400
2019-02-13 23:30:00,1316.8,20190600,1316.8,20190600,1310.6,20190400
2019-02-13 23:45:00,1316.8,20190600,1316.8,20190600,1310.5,20190400
2019-02-14 00:00:00,1316.6,20190600,1316.6,20190600,1310.0,20190400
2019-02-14 00:15:00,1316.6,20190600,1316.6,20190600,1310.8,20190400
2019-02-14 00:30:00,1317.1,20190600,1317.1,20190600,1310.9,20190400
2019-02-14 00:45:00,1317.1,20190600,1317.1,20190600,1310.7,20190400
2019-02-14 01:00:00,1316.5,20190600,1316.5,20190600,1311.1,20190400
2019-02-14 01:15:00,1317.9,20190600,1317.9,20190600,1311.9,20190400
2019-02-14 01:30:00,1317.7,20190600,1317.7,20190600,1311.6,20190400
2019-02-14 01:45:00,1318.3,20190600,1318.3,20190600,1311.7,20190400
2019-02-14 02:00:00,1318.0,20190600,1318.0,20190600,1311.2,20190400
2019-02-14 02:15:00,1318.0,20190600,1318.0,20190600,1311.0,20190400
2019-02-14 02:30:00,1317.6,20190600,1317.6,20190600,1311.3,20190400
2019-02-14 02:45:00,1317.6,20190600,1317.6,20190600,1311.0,20190400
2019-02-14 03:00:00,1318.1,20190600,1318.1,20190600,1311.4,20190400
2019-02-14 03:15:00,1318.1,20190600,1318.1,20190600,1311.4,20190400
2019-02-14 03:30:00,1317.5,20190600,1317.5,20190600,1311.2,20190400
2019-02-14 03:45:00,1317.5,20190600,1317.5,20190600,1311.1,20190400
2019-02-14 04:00:00,1317.5,20190600,1317.5,20190600,1311.3,20190400
2019-02-14 04:15:00,1317.6,20190600,1317.6,20190600,1311.3,20190400
2019-02-14 04:30:00,1317.6,20190600,1317.6,20190600,1311.3,20190400
2019-02-14 04:45:00,1317.6,20190600,1317.6,20190600,1311.5,20190400
2019-02-14 05:15:00,1317.6,20190600,1317.6,20190600,1311.3,20190400
2019-02-14 05:30:00,1317.6,20190600,1317.6,20190600,1311.7,20190400
2019-02-14 05:45:00,1318.5,20190600,1318.5,20190600,1312.0,20190400
2019-02-14 06:15:00,1317.8,20190600,1317.8,20190600,1311.3,20190400
2019-02-14 06:30:00,1317.8,20190600,1317.8,20190600,1311.1,20190400
2019-02-14 06:45:00,1317.8,20190600,1317.8,20190600,1310.8,20190400
2019-02-14 07:00:00,1317.2,20190600,1317.2,20190600,1311.0,20190400
2019-02-14 07:15:00,1317.0,20190600,1317.0,20190600,1311.3,20190400
2019-02-14 07:30:00,1318.2,20190600,1318.2,20190600,1311.9,20190400
2019-02-14 07:45:00,1318.6,20190600,1318.6,20190600,1312.1,20190400
2019-02-14 08:00:00,1318.3,20190600,1318.3,20190600,1311.2,20190400
2019-02-14 08:15:00,1317.1,20190600,1317.1,20190600,1310.7,20190400
2019-02-14 08:30:00,1315.2,20190600,1315.2,20190600,1309.4,20190400
2019-02-14 08:45:00,1314.8,20190600,1314.8,20190600,1308.5,20190400
2019-02-14 09:00:00,1315.5,20190600,1315.5,20190600,1309.6,20190400
2019-02-14 09:15:00,1316.2,20190600,1316.2,20190600,1309.2,20190400
2019-02-14 09:30:00,1315.8,20190600,1315.8,20190600,1309.3,20190400
2019-02-14 09:45:00,1315.4,20190600,1315.4,20190600,1308.7,20190400
2019-02-14 10:00:00,1315.4,20190600,1315.4,20190600,1308.9,20190400
2019-02-14 10:15:00,1315.4,20190600,1315.4,20190600,1308.9,20190400
2019-02-14 10:30:00,1315.1,20190600,1315.1,20190600,1308.7,20190400
2019-02-14 10:45:00,1315.6,20190600,1315.6,20190600,1309.1,20190400
2019-02-14 11:00:00,1315.0,20190600,1315.0,20190600,1308.7,20190400
2019-02-14 11:15:00,1315.0,20190600,1315.0,20190600,1308.6,20190400
2019-02-14 11:30:00,1315.0,20190600,1315.0,20190600,1309.2,20190400
2019-02-14 11:45:00,1315.2,20190600,1315.2,20190600,1308.8,20190400
2019-02-14 12:00:00,1314.7,20190600,1314.7,20190600,1308.5,20190400
2019-02-14 12:15:00,1315.5,20190600,1315.5,20190600,1308.8,20190400
2019-02-14 12:30:00,1313.9,20190600,1313.9,20190600,1307.5,20190400
2019-02-14 12:45:00,1313.4,20190600,1313.4,20190600,1307.0,20190400
2019-02-14 13:00:00,1314.0,20190600,1314.0,20190600,1307.8,20190400
2019-02-14 13:15:00,1313.9,20190600,1313.9,20190600,1308.1,20190400
2019-02-14 13:30:00,1321.8,20190600,1321.8,20190600,1315.5,20190400
2019-02-14 13:45:00,1320.7,20190600,1320.7,20190600,1314.2,20190400
2019-02-14 14:00:00,1319.9,20190600,1319.9,20190600,1312.7,20190400
2019-02-14 14:15:00,1320.0,20190600,1320.0,20190600,1313.5,20190400
2019-02-14 14:30:00,1321.1,20190600,1321.1,20190600,1314.4,20190400
2019-02-14 14:45:00,1320.5,20190600,1320.5,20190600,1313.7,20190400
2019-02-14 15:00:00,1317.6,20190600,1317.6,20190600,1311.7,20190400
2019-02-14 15:15:00,1318.5,20190600,1318.5,20190600,1311.3,20190400
2019-02-14 15:30:00,1316.7,20190600,1316.7,20190600,1310.7,20190400
2019-02-14 15:45:00,1318.5,20190600,1318.5,20190600,1312.3,20190400
2019-02-14 16:00:00,1320.1,20190600,1320.1,20190600,1313.5,20190400
2019-02-14 16:15:00,1320.5,20190600,1320.5,20190600,1313.9,20190400
2019-02-14 16:30:00,1320.2,20190600,1320.2,20190600,1313.7,20190400
2019-02-14 16:45:00,1320.7,20190600,1320.7,20190600,1314.2,20190400
2019-02-14 17:00:00,1320.6,20190600,1320.6,20190600,1314.5,20190400
2019-02-14 17:15:00,1320.8,20190600,1320.8,20190600,1314.3,20190400
2019-02-14 17:30:00,1321.4,20190600,1321.4,20190600,1314.9,20190400
2019-02-14 17:45:00,1323.6,20190600,1323.6,20190600,1317.1,20190400
2019-02-14 18:00:00,1322.1,20190600,1322.1,20190600,1315.3,20190400
2019-02-14 18:15:00,1320.3,20190600,1320.3,20190600,1313.9,20190400
2019-02-14 18:30:00,1320.2,20190600,1320.2,20190600,1313.9,20190400
2019-02-14 18:45:00,1320.9,20190600,1320.9,20190600,1314.5,20190400
2019-02-14 19:00:00,1321.4,20190600,1321.4,20190600,1315.2,20190400
2019-02-14 19:15:00,1321.9,20190600,1321.9,20190600,1315.6,20190400
2019-02-14 19:30:00,1322.5,20190600,1322.5,20190600,1316.1,20190400
2019-02-14 19:45:00,1322.5,20190600,1322.5,20190600,1315.9,20190400
2019-02-14 20:00:00,1321.8,20190600,1321.8,20190600,1315.4,20190400
2019-02-14 20:15:00,1321.7,20190600,1321.7,20190600,1315.5,20190400
2019-02-14 20:30:00,1321.8,20190600,1321.8,20190600,1315.2,20190400
2019-02-14 20:45:00,1321.8,20190600,1321.8,20190600,1315.8,20190400
2019-02-14 21:00:00,1321.9,20190600,1321.9,20190600,1315.2,20190400
2019-02-14 21:15:00,1322.1,20190600,1322.1,20190600,1315.7,20190400
2019-02-14 21:30:00,1321.9,20190600,1321.9,20190600,1315.5,20190400
2019-02-14 21:45:00,1321.9,20190600,1321.9,20190600,1315.7,20190400
2019-02-14 23:00:00,1318.1,20190600,1318.1,20190600,1311.0,20190400
2019-02-14 23:15:00,1318.1,20190600,1318.1,20190600,1314.9,20190400
2019-02-14 23:30:00,1318.1,20190600,1318.1,20190600,1315.3,20190400
2019-02-14 23:45:00,1318.1,20190600,1318.1,20190600,1314.9,20190400
2019-02-15 00:00:00,1322.6,20190600,1322.6,20190600,1316.1,20190400
2019-02-15 00:15:00,1322.5,20190600,1322.5,20190600,1316.0,20190400
2019-02-15 00:30:00,1322.5,20190600,1322.5,20190600,1315.7,20190400
2019-02-15 00:45:00,1321.9,20190600,1321.9,20190600,1315.4,20190400
2019-02-15 01:00:00,1321.4,20190600,1321.4,20190600,1314.9,20190400
2019-02-15 01:15:00,1321.5,20190600,1321.5,20190600,1315.6,20190400
2019-02-15 01:30:00,1321.1,20190600,1321.1,20190600,1314.7,20190400
2019-02-15 01:45:00,1321.1,20190600,1321.1,20190600,1314.6,20190400
2019-02-15 02:00:00,1321.1,20190600,1321.1,20190600,1314.9,20190400
2019-02-15 02:15:00,1321.6,20190600,1321.6,20190600,1314.9,20190400
2019-02-15 02:30:00,1321.3,20190600,1321.3,20190600,1315.0,20190400
2019-02-15 02:45:00,1321.3,20190600,1321.3,20190600,1314.8,20190400
2019-02-15 03:00:00,1321.9,20190600,1321.9,20190600,1315.7,20190400
2019-02-15 03:15:00,1321.9,20190600,1321.9,20190600,1315.5,20190400
2019-02-15 03:30:00,1322.2,20190600,1322.2,20190600,1315.4,20190400
2019-02-15 03:45:00,1321.8,20190600,1321.8,20190600,1315.5,20190400
2019-02-15 04:00:00,1321.7,20190600,1321.7,20190600,1315.5,20190400
2019-02-15 04:15:00,1322.0,20190600,1322.0,20190600,1315.9,20190400
2019-02-15 04:30:00,1322.0,20190600,1322.0,20190600,1315.7,20190400
2019-02-15 04:45:00,1322.0,20190600,1322.0,20190600,1315.6,20190400
2019-02-15 05:15:00,1322.0,20190600,1322.0,20190600,1315.9,20190400
2019-02-15 05:30:00,1322.0,20190600,1322.0,20190600,1315.2,20190400
2019-02-15 05:45:00,1322.0,20190600,1322.0,20190600,1315.3,20190400
2019-02-15 06:15:00,1322.0,20190600,1322.0,20190600,1316.7,20190400
2019-02-15 06:30:00,1323.6,20190600,1323.6,20190600,1317.1,20190400
2019-02-15 06:45:00,1323.8,20190600,1323.8,20190600,1317.5,20190400
2019-02-15 07:00:00,1323.7,20190600,1323.7,20190600,1317.0,20190400
2019-02-15 07:15:00,1323.5,20190600,1323.5,20190600,1316.9,20190400
2019-02-15 07:30:00,1324.1,20190600,1324.1,20190600,1317.6,20190400
2019-02-15 07:45:00,1324.0,20190600,1324.0,20190600,1317.5,20190400
2019-02-15 08:00:00,1324.8,20190600,1324.8,20190600,1318.4,20190400
2019-02-15 08:15:00,1325.0,20190600,1325.0,20190600,1318.4,20190400
2019-02-15 08:30:00,1324.6,20190600,1324.6,20190600,1318.2,20190400
2019-02-15 08:45:00,1324.6,20190600,1324.6,20190600,1317.8,20190400
2019-02-15 09:00:00,1324.3,20190600,1324.3,20190600,1317.4,20190400
2019-02-15 09:15:00,1324.7,20190600,1324.7,20190600,1317.9,20190400
2019-02-15 09:30:00,1324.7,20190600,1324.7,20190600,1318.2,20190400
2019-02-15 09:45:00,1325.4,20190600,1325.4,20190600,1318.8,20190400
2019-02-15 10:00:00,1325.5,20190600,1325.5,20190600,1319.3,20190400
2019-02-15 10:15:00,1325.9,20190600,1325.9,20190600,1319.6,20190400
2019-02-15 10:30:00,1326.5,20190600,1326.5,20190600,1320.2,20190400
2019-02-15 10:45:00,1326.6,20190600,1326.6,20190600,1320.1,20190400
2019-02-15 11:00:00,1328.6,20190600,1328.6,20190600,1321.8,20190400
2019-02-15 11:15:00,1328.2,20190600,1328.2,20190600,1321.8,20190400
2019-02-15 11:30:00,1328.6,20190600,1328.6,20190600,1322.0,20190400
2019-02-15 11:45:00,1328.1,20190600,1328.1,20190600,1321.5,20190400
2019-02-15 12:00:00,1328.1,20190600,1328.1,20190600,1321.1,20190400
2019-02-15 12:15:00,1327.0,20190600,1327.0,20190600,1320.5,20190400
2019-02-15 12:30:00,1326.2,20190600,1326.2,20190600,1320.3,20190400
2019-02-15 12:45:00,1327.5,20190600,1327.5,20190600,1320.9,20190400
2019-02-15 13:00:00,1327.8,20190600,1327.8,20190600,1320.5,20190400
2019-02-15 13:15:00,1327.4,20190600,1327.4,20190600,1320.7,20190400
2019-02-15 13:30:00,1326.6,20190600,1326.6,20190600,1320.1,20190400
2019-02-15 13:45:00,1327.3,20190600,1327.3,20190600,1320.5,20190400
2019-02-15 14:00:00,1327.6,20190600,1327.6,20190600,1320.8,20190400
2019-02-15 14:15:00,1328.1,20190600,1328.1,20190600,1321.7,20190400
2019-02-15 14:30:00,1327.0,20190600,1327.0,20190600,1320.5,20190400
2019-02-15 14:45:00,1326.4,20190600,1326.4,20190600,1320.0,20190400
2019-02-15 15:00:00,1325.9,20190600,1325.9,20190600,1319.3,20190400
2019-02-15 15:15:00,1324.9,20190600,1324.9,20190600,1318.7,20190400
2019-02-15 15:30:00,1325.0,20190600,1325.0,20190600,1318.4,20190400
2019-02-15 15:45:00,1323.9,20190600,1323.9,20190600,1317.5,20190400
2019-02-15 16:00:00,1324.4,20190600,1324.4,20190600,1318.3,20190400
2019-02-15 16:15:00,1325.5,20190600,1325.5,20190600,1319.1,20190400
2019-02-15 16:30:00,1325.0,20190600,1325.0,20190600,1319.1,20190400
2019-02-15 16:45:00,1325.7,20190600,1325.7,20190600,1319.2,20190400
2019-02-15 17:00:00,1326.6,20190600,1326.6,20190600,1320.0,20190400
2019-02-15 17:15:00,1326.8,20190600,1326.8,20190600,1320.3,20190400
2019-02-15 17:30:00,1326.9,20190600,1326.9,20190600,1320.4,20190400
2019-02-15 17:45:00,1327.4,20190600,1327.4,20190600,1320.7,20190400
2019-02-15 18:00:00,1327.5,20190600,1327.5,20190600,1321.1,20190400
2019-02-15 18:15:00,1328.4,20190600,1328.4,20190600,1322.0,20190400
2019-02-15 18:30:00,1330.0,20190600,1330.0,20190600,1323.6,20190400
2019-02-15 18:45:00,1330.8,20190600,1330.8,20190600,1323.9,20190400
2019-02-15 19:00:00,1330.8,20190600,1330.8,20190600,1324.9,20190400
2019-02-15 19:15:00,1330.8,20190600,1330.8,20190600,1324.9,20190400
2019-02-15 19:30:00,1330.9,20190600,1330.9,20190600,1324.6,20190400
2019-02-15 19:45:00,1331.0,20190600,1331.0,20190600,1324.6,20190400
2019-02-15 20:00:00,1331.1,20190600,1331.1,20190600,1325.1,20190400
2019-02-15 20:15:00,1331.1,20190600,1331.1,20190600,1325.3,20190400
2019-02-15 20:30:00,1330.9,20190600,1330.9,20190600,1324.6,20190400
2019-02-15 20:45:00,1331.2,20190600,1331.2,20190600,1324.3,20190400
2019-02-15 21:00:00,1331.3,20190600,1331.3,20190600,1324.7,20190400
2019-02-15 21:15:00,1331.0,20190600,1331.0,20190600,1324.6,20190400
2019-02-15 21:30:00,1331.1,20190600,1331.1,20190600,1324.6,20190400
2019-02-15 21:45:00,1330.8,20190600,1330.8,20190600,1325.0,20190400
2019-02-15 23:00:00,1330.8,20190600,1330.8,20190600,1316.0,20190400
2019-02-17 23:00:00,1331.0,20190600,1331.0,20190600,1323.9,20190400
2019-02-17 23:15:00,1331.0,20190600,1331.0,20190600,1323.9,20190400
2019-02-17 23:30:00,1331.0,20190600,1331.0,20190600,1324.4,20190400
2019-02-17 23:45:00,1330.5,20190600,1330.5,20190600,1324.3,20190400
2019-02-18 00:00:00,1330.5,20190600,1330.5,20190600,1324.4,20190400
2019-02-18 00:15:00,1331.3,20190600,1331.3,20190600,1325.0,20190400
2019-02-18 00:30:00,1331.3,20190600,1331.3,20190600,1324.7,20190400
2019-02-18 00:45:00,1331.4,20190600,1331.4,20190600,1324.8,20190400
2019-02-18 01:00:00,1333.4,20190600,1333.4,20190600,1326.9,20190400
2019-02-18 01:15:00,1333.5,20190600,1333.5,20190600,1327.0,20190400
2019-02-18 01:30:00,1334.5,20190600,1334.5,20190600,1327.9,20190400
2019-02-18 01:45:00,1334.3,20190600,1334.3,20190600,1328.0,20190400
2019-02-18 02:00:00,1334.6,20190600,1334.6,20190600,1327.8,20190400
2019-02-18 02:15:00,1334.3,20190600,1334.3,20190600,1327.7,20190400
2019-02-18 02:30:00,1333.7,20190600,1333.7,20190600,1327.8,20190400
2019-02-18 02:45:00,1334.2,20190600,1334.2,20190600,1327.8,20190400
2019-02-18 03:00:00,1334.2,20190600,1334.2,20190600,1327.8,20190400
2019-02-18 03:15:00,1334.6,20190600,1334.6,20190600,1328.3,20190400
2019-02-18 03:30:00,1334.4,20190600,1334.4,20190600,1328.1,20190400
2019-02-18 03:45:00,1334.5,20190600,1334.5,20190600,1327.7,20190400
2019-02-18 04:00:00,1333.8,20190600,1333.8,20190600,1327.3,20190400
2019-02-18 04:15:00,1333.8,20190600,1333.8,20190600,1327.2,20190400
2019-02-18 04:30:00,1333.6,20190600,1333.6,20190600,1326.6,20190400
2019-02-18 04:45:00,1333.1,20190600,1333.1,20190600,1326.7,20190400
2019-02-18 05:15:00,1333.0,20190600,1333.0,20190600,1326.5,20190400
2019-02-18 05:30:00,1332.7,20190600,1332.7,20190600,1326.3,20190400
2019-02-18 05:45:00,1332.3,20190600,1332.3,20190600,1325.8,20190400
2019-02-18 06:15:00,1332.6,20190600,1332.6,20190600,1326.3,20190400
2019-02-18 06:30:00,1332.6,20190600,1332.6,20190600,1326.2,20190400
2019-02-18 06:45:00,1332.6,20190600,1332.6,20190600,1326.5,20190400
2019-02-18 07:00:00,1332.7,20190600,1332.7,20190600,1326.5,20190400
2019-02-18 07:15:00,1332.7,20190600,1332.7,20190600,1326.4,20190400
2019-02-18 07:30:00,1332.6,20190600,1332.6,20190600,1326.0,20190400
2019-02-18 07:45:00,1332.3,20190600,1332.3,20190600,1325.0,20190400
2019-02-18 08:00:00,1331.0,20190600,1331.0,20190600,1325.3,20190400
2019-02-18 08:15:00,1331.9,20190600,1331.9,20190600,1325.3,20190400
2019-02-18 08:30:00,1332.3,20190600,1332.3,20190600,1325.6,20190400
2019-02-18 08:45:00,1332.3,20190600,1332.3,20190600,1325.9,20190400
2019-02-18 09:00:00,1333.0,20190600,1333.0,20190600,1326.5,20190400
2019-02-18 09:15:00,1333.0,20190600,1333.0,20190600,1327.0,20190400
2019-02-18 09:30:00,1334.2,20190600,1334.2,20190600,1327.9,20190400
2019-02-18 09:45:00,1334.3,20190600,1334.3,20190600,1327.7,20190400
2019-02-18 10:00:00,1334.0,20190600,1334.0,20190600,1327.4,20190400
2019-02-18 10:15:00,1334.0,20190600,1334.0,20190600,1327.7,20190400
2019-02-18 10:30:00,1333.7,20190600,1333.7,20190600,1327.5,20190400
2019-02-18 10:45:00,1333.7,20190600,1333.7,20190600,1327.7,20190400
2019-02-18 11:00:00,1334.0,20190600,1334.0,20190600,1327.2,20190400
2019-02-18 11:15:00,1333.4,20190600,1333.4,20190600,1327.3,20190400
2019-02-18 11:30:00,1334.3,20190600,1334.3,20190600,1327.7,20190400
2019-02-18 11:45:00,1334.0,20190600,1334.0,20190600,1328.0,20190400
2019-02-18 12:00:00,1334.6,20190600,1334.6,20190600,1327.9,20190400
2019-02-18 12:15:00,1335.5,20190600,1335.5,20190600,1328.9,20190400
2019-02-18 12:30:00,1334.8,20190600,1334.8,20190600,1328.5,20190400
2019-02-18 12:45:00,1334.8,20190600,1334.8,20190600,1329.1,20190400
2019-02-18 13:00:00,1335.3,20190600,1335.3,20190600,1328.3,20190400
2019-02-18 13:15:00,1335.0,20190600,1335.0,20190600,1328.8,20190400
2019-02-18 13:30:00,1336.3,20190600,1336.3,20190600,1330.0,20190400
2019-02-18 13:45:00,1336.3,20190600,1336.3,20190600,1330.1,20190400
2019-02-18 14:00:00,1336.7,20190600,1336.7,20190600,1329.8,20190400
2019-02-18 14:15:00,1335.5,20190600,1335.5,20190600,1329.1,20190400
2019-02-18 14:30:00,1335.9,20190600,1335.9,20190600,1329.4,20190400
2019-02-18 14:45:00,1335.8,20190600,1335.8,20190600,1329.3,20190400
2019-02-18 15:00:00,1335.5,20190600,1335.5,20190600,1329.2,20190400
2019-02-18 15:15:00,1335.8,20190600,1335.8,20190600,1329.2,20190400
2019-02-18 15:30:00,1336.0,20190600,1336.0,20190600,1329.3,20190400
2019-02-18 15:45:00,1335.8,20190600,1335.8,20190600,1329.2,20190400
2019-02-18 16:00:00,1335.7,20190600,1335.7,20190600,1329.3,20190400
2019-02-18 16:15:00,1336.0,20190600,1336.0,20190600,1329.6,20190400
2019-02-18 16:30:00,1336.0,20190600,1336.0,20190600,1329.6,20190400
2019-02-18 16:45:00,1335.5,20190600,1335.5,20190600,1329.2,20190400
2019-02-18 17:00:00,1335.8,20190600,1335.8,20190600,1329.3,20190400
2019-02-18 17:15:00,1335.7,20190600,1335.7,20190600,1329.3,20190400
2019-02-18 17:30:00,1335.7,20190600,1335.7,20190600,1329.4,20190400
2019-02-18 17:45:00,1336.3,20190600,1336.3,20190600,1329.7,20190400
2019-02-18 23:00:00,1333.1,20190600,1333.1,20190600,1326.8,20190400
2019-02-18 23:15:00,1335.9,20190600,1335.9,20190600,1329.5,20190400
2019-02-18 23:30:00,1335.9,20190600,1335.9,20190600,1329.8,20190400
2019-02-18 23:45:00,1335.9,20190600,1335.9,20190600,1329.6,20190400
2019-02-19 00:00:00,1335.9,20190600,1335.9,20190600,1329.6,20190400
2019-02-19 00:15:00,1336.0,20190600,1336.0,20190600,1329.3,20190400
2019-02-19 00:30:00,1336.0,20190600,1336.0,20190600,1329.0,20190400
2019-02-19 00:45:00,1335.0,20190600,1335.0,20190600,1328.5,20190400
2019-02-19 01:00:00,1334.8,20190600,1334.8,20190600,1328.7,20190400
2019-02-19 01:15:00,1334.5,20190600,1334.5,20190600,1328.2,20190400
2019-02-19 01:30:00,1333.8,20190600,1333.8,20190600,1327.5,20190400
2019-02-19 01:45:00,1334.3,20190600,1334.3,20190600,1327.9,20190400
2019-02-19 02:00:00,1334.5,20190600,1334.5,20190600,1328.3,20190400
2019-02-19 02:15:00,1334.8,20190600,1334.8,20190600,1328.3,20190400
2019-02-19 02:30:00,1334.5,20190600,1334.5,20190600,1327.8,20190400
2019-02-19 02:45:00,1334.5,20190600,1334.5,20190600,1328.0,20190400
2019-02-19 03:00:00,1334.5,20190600,1334.5,20190600,1328.0,20190400
2019-02-19 03:15:00,1334.9,20190600,1334.9,20190600,1328.5,20190400
2019-02-19 03:30:00,1334.9,20190600,1334.9,20190600,1328.2,20190400
2019-02-19 03:45:00,1334.1,20190600,1334.1,20190600,1327.9,20190400
2019-02-19 04:00:00,1334.4,20190600,1334.4,20190600,1327.9,20190400
2019-02-19 04:15:00,1334.4,20190600,1334.4,20190600,1326.8,20190400
2019-02-19 04:30:00,1332.9,20190600,1332.9,20190600,1326.8,20190400
2019-02-19 04:45:00,1333.5,20190600,1333.5,20190600,1327.1,20190400
2019-02-19 05:15:00,1333.5,20190600,1333.5,20190600,1326.9,20190400
2019-02-19 05:30:00,1333.8,20190600,1333.8,20190600,1327.5,20190400
2019-02-19 05:45:00,1333.6,20190600,1333.6,20190600,1327.1,20190400
2019-02-19 06:15:00,1333.6,20190600,1333.6,20190600,1326.9,20190400
2019-02-19 06:30:00,1332.9,20190600,1332.9,20190600,1326.4,20190400
2019-02-19 06:45:00,1332.5,20190600,1332.5,20190600,1326.0,20190400
2019-02-19 07:00:00,1333.2,20190600,1333.2,20190600,1327.0,20190400
2019-02-19 07:15:00,1334.5,20190600,1334.5,20190600,1328.1,20190400
2019-02-19 07:30:00,1334.6,20190600,1334.6,20190600,1328.1,20190400
2019-02-19 07:45:00,1335.3,20190600,1335.3,20190600,1328.9,20190400
2019-02-19 08:00:00,1335.8,20190600,1335.8,20190600,1329.3,20190400
2019-02-19 08:15:00,1338.3,20190600,1338.3,20190600,1331.7,20190400
2019-02-19 08:30:00,1336.8,20190600,1336.8,20190600,1330.3,20190400
2019-02-19 08:45:00,1337.8,20190600,1337.8,20190600,1331.5,20190400
2019-02-19 09:00:00,1338.5,20190600,1338.5,20190600,1332.0,20190400
2019-02-19 09:15:00,1339.0,20190600,1339.0,20190600,1332.5,20190400
2019-02-19 09:30:00,1338.9,20190600,1338.9,20190600,1332.4,20190400
2019-02-19 09:45:00,1338.7,20190600,1338.7,20190600,1332.2,20190400
2019-02-19 10:00:00,1338.6,20190600,1338.6,20190600,1331.7,20190400
2019-02-19 10:15:00,1338.2,20190600,1338.2,20190600,1332.5,20190400
2019-02-19 10:30:00,1338.9,20190600,1338.9,20190600,1332.2,20190400
2019-02-19 10:45:00,1338.8,20190600,1338.8,20190600,1332.2,20190400
2019-02-19 11:00:00,1339.7,20190600,1339.7,20190600,1333.1,20190400
2019-02-19 11:15:00,1338.3,20190600,1338.3,20190600,1332.0,20190400
2019-02-19 11:30:00,1338.1,20190600,1338.1,20190600,1331.9,20190400
2019-02-19 11:45:00,1338.7,20190600,1338.7,20190600,1331.9,20190400
2019-02-19 12:00:00,1339.3,20190600,1339.3,20190600,1332.7,20190400
2019-02-19 12:15:00,1339.2,20190600,1339.2,20190600,1332.8,20190400
2019-02-19 12:30:00,1339.4,20190600,1339.4,20190600,1332.9,20190400
2019-02-19 12:45:00,1340.1,20190600,1340.1,20190600,1333.5,20190400
2019-02-19 13:00:00,1341.3,20190600,1341.3,20190600,1334.8,20190400
2019-02-19 13:15:00,1341.4,20190600,1341.4,20190600,1335.0,20190400
2019-02-19 13:30:00,1341.6,20190600,1341.6,20190600,1335.0,20190400
2019-02-19 13:45:00,1341.3,20190600,1341.3,20190600,1335.0,20190400
2019-02-19 14:00:00,1342.6,20190600,1342.6,20190600,1336.1,20190400
2019-02-19 14:15:00,1342.8,20190600,1342.8,20190600,1336.5,20190400
2019-02-19 14:30:00,1342.6,20190600,1342.6,20190600,1336.6,20190400
2019-02-19 14:45:00,1344.4,20190600,1344.4,20190600,1338.0,20190400
2019-02-19 15:00:00,1344.6,20190600,1344.6,20190600,1338.3,20190400
2019-02-19 15:15:00,1346.0,20190600,1346.0,20190600,1339.6,20190400
2019-02-19 15:30:00,1346.4,20190600,1346.4,20190600,1339.9,20190400
2019-02-19 15:45:00,1347.6,20190600,1347.6,20190600,1341.3,20190400
2019-02-19 16:00:00,1347.6,20190600,1347.6,20190600,1340.8,20190400
2019-02-19 16:15:00,1347.2,20190600,1347.2,20190600,1340.6,20190400
2019-02-19 16:30:00,1346.9,20190600,1346.9,20190600,1340.3,20190400
2019-02-19 16:45:00,1347.1,20190600,1347.1,20190600,1340.6,20190400
2019-02-19 17:00:00,1348.1,20190600,1348.1,20190600,1341.2,20190400
2019-02-19 17:15:00,1349.0,20190600,1349.0,20190600,1342.5,20190400
2019-02-19 17:30:00,1349.5,20190600,1349.5,20190600,1343.2,20190400
2019-02-19 17:45:00,1349.9,20190600,1349.9,20190600,1343.6,20190400
2019-02-19 18:00:00,1350.3,20190600,1350.3,20190600,1343.8,20190400
2019-02-19 18:15:00,1351.2,20190600,1351.2,20190600,1344.7,20190400
2019-02-19 18:30:00,1349.8,20190600,1349.8,20190600,1343.2,20190400
2019-02-19 18:45:00,1349.7,20190600,1349.7,20190600,1343.3,20190400
2019-02-19 19:00:00,1349.0,20190600,1349.0,20190600,1342.5,20190400
2019-02-19 19:15:00,1349.4,20190600,1349.4,20190600,1343.2,20190400
2019-02-19 19:30:00,1349.0,20190600,1349.0,20190600,1342.6,20190400
2019-02-19 19:45:00,1349.3,20190600,1349.3,20190600,1343.1,20190400
2019-02-19 20:00:00,1350.6,20190600,1350.6,20190600,1344.0,20190400
2019-02-19 20:15:00,1349.5,20190600,1349.5,20190600,1343.0,20190400
2019-02-19 20:30:00,1349.5,20190600,1349.5,20190600,1343.4,20190400
2019-02-19 20:45:00,1350.4,20190600,1350.4,20190600,1343.8,20190400
2019-02-19 21:00:00,1350.6,20190600,1350.6,20190600,1344.3,20190400
2019-02-19 21:15:00,1350.3,20190600,1350.3,20190600,1344.1,20190400
2019-02-19 21:30:00,1350.9,20190600,1350.9,20190600,1344.3,20190400
2019-02-19 21:45:00,1350.9,20190600,1350.9,20190600,1344.1,20190400
2019-02-19 23:00:00,1333.5,20190600,1333.5,20190600,1326.8,20190400
2019-02-19 23:15:00,1349.5,20190600,1349.5,20190600,1343.0,20190400
2019-02-19 23:30:00,1349.6,20190600,1349.6,20190600,1342.6,20190400
2019-02-19 23:45:00,1349.6,20190600,1349.6,20190600,1342.6,20190400
2019-02-20 00:00:00,1349.6,20190600,1349.6,20190600,1342.5,20190400
2019-02-20 00:15:00,1349.6,20190600,1349.6,20190600,1342.6,20190400
2019-02-20 00:30:00,1349.5,20190600,1349.5,20190600,1343.1,20190400
2019-02-20 00:45:00,1350.0,20190600,1350.0,20190600,1343.6,20190400
2019-02-20 01:00:00,1350.8,20190600,1350.8,20190600,1344.4,20190400
2019-02-20 01:15:00,1353.3,20190600,1353.3,20190600,1346.8,20190400
2019-02-20 01:30:00,1352.8,20190600,1352.8,20190600,1346.2,20190400
2019-02-20 01:45:00,1354.3,20190600,1354.3,20190600,1347.8,20190400
2019-02-20 02:00:00,1355.2,20190600,1355.2,20190600,1348.6,20190400
2019-02-20 02:15:00,1355.0,20190600,1355.0,20190600,1348.8,20190400
2019-02-20 02:30:00,1356.0,20190600,1356.0,20190600,1349.6,20190400
2019-02-20 02:45:00,1356.0,20190600,1356.0,20190600,1349.5,20190400
2019-02-20 03:00:00,1355.0,20190600,1355.0,20190600,1348.6,20190400
2019-02-20 03:15:00,1354.4,20190600,1354.4,20190600,1347.6,20190400
2019-02-20 03:30:00,1353.2,20190600,1353.2,20190600,1347.1,20190400
2019-02-20 03:45:00,1353.4,20190600,1353.4,20190600,1347.2,20190400
2019-02-20 04:00:00,1353.0,20190600,1353.0,20190600,1346.2,20190400
2019-02-20 04:15:00,1352.4,20190600,1352.4,20190600,1346.0,20190400
2019-02-20 04:30:00,1352.3,20190600,1352.3,20190600,1345.9,20190400
2019-02-20 04:45:00,1352.3,20190600,1352.3,20190600,1346.2,20190400
2019-02-20 05:15:00,1352.2,20190600,1352.2,20190600,1345.8,20190400
2019-02-20 05:30:00,1351.7,20190600,1351.7,20190600,1345.4,20190400
2019-02-20 05:45:00,1352.1,20190600,1352.1,20190600,1345.5,20190400
2019-02-20 06:15:00,1351.7,20190600,1351.7,20190600,1344.6,20190400
2019-02-20 06:30:00,1350.9,20190600,1350.9,20190600,1344.5,20190400
2019-02-20 06:45:00,1351.2,20190600,1351.2,20190600,1344.7,20190400
2019-02-20 07:00:00,1352.1,20190600,1352.1,20190600,1345.7,20190400
2019-02-20 07:15:00,1352.2,20190600,1352.2,20190600,1345.6,20190400
2019-02-20 07:30:00,1351.8,20190600,1351.8,20190600,1345.4,20190400
2019-02-20 07:45:00,1351.9,20190600,1351.9,20190600,1345.5,20190400
2019-02-20 08:00:00,1352.9,20190600,1352.9,20190600,1346.5,20190400
2019-02-20 08:15:00,1352.7,20190600,1352.7,20190600,1346.1,20190400
2019-02-20 08:30:00,1352.5,20190600,1352.5,20190600,1345.2,20190400
2019-02-20 08:45:00,1351.6,20190600,1351.6,20190600,1344.8,20190400
2019-02-20 09:00:00,1351.7,20190600,1351.7,20190600,1345.3,20190400
2019-02-20 09:15:00,1353.9,20190600,1353.9,20190600,1347.2,20190400
2019-02-20 09:30:00,1353.2,20190600,1353.2,20190600,1346.8,20190400
2019-02-20 09:45:00,1352.9,20190600,1352.9,20190600,1346.7,20190400
2019-02-20 10:00:00,1353.0,20190600,1353.0,20190600,1346.7,20190400
2019-02-20 10:15:00,1353.9,20190600,1353.9,20190600,1347.1,20190400
2019-02-20 10:30:00,1354.2,20190600,1354.2,20190600,1347.7,20190400
2019-02-20 10:45:00,1354.0,20190600,1354.0,20190600,1347.7,20190400
2019-02-20 11:00:00,1353.8,20190600,1353.8,20190600,1347.8,20190400
2019-02-20 11:15:00,1353.3,20190600,1353.3,20190600,1346.6,20190400
2019-02-20 11:30:00,1353.1,20190600,1353.1,20190600,1346.6,20190400
2019-02-20 11:45:00,1353.0,20190600,1353.0,20190600,1346.6,20190400
2019-02-20 12:00:00,1352.0,20190600,1352.0,20190600,1346.3,20190400
2019-02-20 12:15:00,1353.1,20190600,1353.1,20190600,1346.6,20190400
2019-02-20 12:30:00,1352.9,20190600,1352.9,20190600,1346.6,20190400
2019-02-20 12:45:00,1353.4,20190600,1353.4,20190600,1346.8,20190400
2019-02-20 13:00:00,1354.3,20190600,1354.3,20190600,1347.7,20190400
2019-02-20 13:15:00,1352.9,20190600,1352.9,20190600,1346.2,20190400
2019-02-20 13:30:00,1353.0,20190600,1353.0,20190600,1346.6,20190400
2019-02-20 13:45:00,1352.1,20190600,1352.1,20190600,1345.6,20190400
2019-02-20 14:00:00,1353.5,20190600,1353.5,20190600,1347.1,20190400
2019-02-20 14:15:00,1353.5,20190600,1353.5,20190600,1346.9,20190400
2019-02-20 14:30:00,1353.7,20190600,1353.7,20190600,1347.0,20190400
2019-02-20 14:45:00,1353.5,20190600,1353.5,20190600,1347.1,20190400
2019-02-20 15:00:00,1353.8,20190600,1353.8,20190600,1347.2,20190400
2019-02-20 15:15:00,1352.9,20190600,1352.9,20190600,1346.7,20190400
2019-02-20 15:30:00,1353.4,20190600,1353.4,20190600,1346.8,20190400
2019-02-20 15:45:00,1354.3,20190600,1354.3,20190600,1347.8,20190400
2019-02-20 16:00:00,1354.8,20190600,1354.8,20190600,1348.4,20190400
2019-02-20 16:15:00,1354.3,20190600,1354.3,20190600,1348.0,20190400
2019-02-20 16:30:00,1353.9,20190600,1353.9,20190600,1347.5,20190400
2019-02-20 16:45:00,1354.6,20190600,1354.6,20190600,1347.8,20190400
2019-02-20 17:00:00,1354.6,20190600,1354.6,20190600,1348.0,20190400
2019-02-20 17:15:00,1354.5,20190600,1354.5,20190600,1348.1,20190400
2019-02-20 17:30:00,1354.8,20190600,1354.8,20190600,1348.2,20190400
2019-02-20 17:45:00,1355.3,20190600,1355.3,20190600,1348.1,20190400
2019-02-20 18:00:00,1355.3,20190600,1355.3,20190600,1348.8,20190400
2019-02-20 18:15:00,1354.3,20190600,1354.3,20190600,1347.7,20190400
2019-02-20 18:30:00,1353.8,20190600,1353.8,20190600,1347.3,20190400
2019-02-20 18:45:00,1352.4,20190600,1352.4,20190600,1346.5,20190400
2019-02-20 19:00:00,1348.7,20190600,1348.7,20190600,1342.1,20190400
2019-02-20 19:15:00,1348.1,20190600,1348.1,20190600,1341.7,20190400
2019-02-20 19:30:00,1350.0,20190600,1350.0,20190600,1344.1,20190400
2019-02-20 19:45:00,1350.6,20190600,1350.6,20190600,1344.0,20190400
2019-02-20 20:00:00,1350.0,20190600,1350.0,20190600,1343.9,20190400
2019-02-20 20:15:00,1350.9,20190600,1350.9,20190600,1343.7,20190400
2019-02-20 20:30:00,1349.9,20190600,1349.9,20190600,1342.6,20190400
2019-02-20 20:45:00,1348.1,20190600,1348.1,20190600,1341.5,20190400
2019-02-20 21:00:00,1348.3,20190600,1348.3,20190600,1341.9,20190400
2019-02-20 21:15:00,1348.1,20190600,1348.1,20190600,1340.5,20190400
2019-02-20 21:30:00,1347.8,20190600,1347.8,20190600,1341.2,20190400
2019-02-20 21:45:00,1347.6,20190600,1347.6,20190600,1341.2,20190400
2019-02-20 23:00:00,1351.4,20190600,1351.4,20190600,1345.0,20190400
2019-02-20 23:15:00,1351.4,20190600,1351.4,20190600,1342.4,20190400
2019-02-20 23:30:00,1349.1,20190600,1349.1,20190600,1343.0,20190400
2019-02-20 23:45:00,1349.7,20190600,1349.7,20190600,1343.3,20190400
2019-02-21 00:00:00,1349.6,20190600,1349.6,20190600,1343.6,20190400
2019-02-21 00:15:00,1349.6,20190600,1349.6,20190600,1343.4,20190400
2019-02-21 00:30:00,1349.2,20190600,1349.2,20190600,1342.7,20190400
2019-02-21 00:45:00,1349.2,20190600,1349.2,20190600,1343.1,20190400
2019-02-21 01:00:00,1349.0,20190600,1349.0,20190600,1342.2,20190400
2019-02-21 01:15:00,1347.6,20190600,1347.6,20190600,1341.4,20190400
2019-02-21 01:30:00,1347.2,20190600,1347.2,20190600,1340.7,20190400
2019-02-21 01:45:00,1346.9,20190600,1346.9,20190600,1340.2,20190400
2019-02-21 02:00:00,1347.5,20190600,1347.5,20190600,1340.9,20190400
2019-02-21 02:15:00,1347.7,20190600,1347.7,20190600,1341.3,20190400
2019-02-21 02:30:00,1347.7,20190600,1347.7,20190600,1341.3,20190400
2019-02-21 02:45:00,1348.2,20190600,1348.2,20190600,1341.8,20190400
2019-02-21 03:00:00,1348.7,20190600,1348.7,20190600,1342.2,20190400
2019-02-21 03:15:00,1349.1,20190600,1349.1,20190600,1342.2,20190400
2019-02-21 03:30:00,1349.1,20190600,1349.1,20190600,1342.6,20190400
2019-02-21 03:45:00,1349.3,20190600,1349.3,20190600,1342.7,20190400
2019-02-21 04:00:00,1349.5,20190600,1349.5,20190600,1343.0,20190400
2019-02-21 04:15:00,1349.5,20190600,1349.5,20190600,1342.7,20190400
2019-02-21 04:30:00,1349.2,20190600,1349.2,20190600,1342.7,20190400
2019-02-21 04:45:00,1349.3,20190600,1349.3,20190600,1342.8,20190400
2019-02-21 05:15:00,1349.3,20190600,1349.3,20190600,1342.5,20190400
2019-02-21 05:30:00,1349.2,20190600,1349.2,20190600,1342.7,20190400
2019-02-21 05:45:00,1349.2,20190600,1349.2,20190600,1341.6,20190400
2019-02-21 06:15:00,1347.4,20190600,1347.4,20190600,1341.8,20190400
2019-02-21 06:30:00,1347.6,20190600,1347.6,20190600,1341.1,20190400
2019-02-21 06:45:00,1346.8,20190600,1346.8,20190600,1340.3,20190400
2019-02-21 07:00:00,1347.3,20190600,1347.3,20190600,1341.3,20190400
2019-02-21 07:15:00,1347.6,20190600,1347.6,20190600,1341.4,20190400
2019-02-21 07:30:00,1348.1,20190600,1348.1,20190600,1341.4,20190400
2019-02-21 07:45:00,1348.1,20190600,1348.1,20190600,1341.7,20190400
2019-02-21 08:00:00,1349.0,20190600,1349.0,20190600,1342.7,20190400
2019-02-21 08:15:00,1347.2,20190600,1347.2,20190600,1340.6,20190400
2019-02-21 08:30:00,1345.5,20190600,1345.5,20190600,1339.2,20190400
2019-02-21 08:45:00,1345.2,20190600,1345.2,20190600,1338.7,20190400
2019-02-21 09:00:00,1343.4,20190600,1343.4,20190600,1336.9,20190400
2019-02-21 09:15:00,1342.6,20190600,1342.6,20190600,1336.3,20190400
2019-02-21 09:30:00,1342.7,20190600,1342.7,20190600,1336.0,20190400
2019-02-21 09:45:00,1342.2,20190600,1342.2,20190600,1335.9,20190400
2019-02-21 10:00:00,1342.8,20190600,1342.8,20190600,1336.5,20190400
2019-02-21 10:15:00,1342.9,20190600,1342.9,20190600,1336.6,20190400
2019-02-21 10:30:00,1344.3,20190600,1344.3,20190600,1337.9,20190400
2019-02-21 10:45:00,1344.3,20190600,1344.3,20190600,1338.5,20190400
2019-02-21 11:00:00,1344.3,20190600,1344.3,20190600,1337.9,20190400
2019-02-21 11:15:00,1344.4,20190600,1344.4,20190600,1337.7,20190400
2019-02-21 11:30:00,1344.1,20190600,1344.1,20190600,1337.7,20190400
2019-02-21 11:45:00,1343.5,20190600,1343.5,20190600,1336.6,20190400
2019-02-21 12:00:00,1343.9,20190600,1343.9,20190600,1337.8,20190400
2019-02-21 12:15:00,1344.7,20190600,1344.7,20190600,1338.1,20190400
2019-02-21 12:30:00,1344.6,20190600,1344.6,20190600,1338.0,20190400
2019-02-21 12:45:00,1344.0,20190600,1344.0,20190600,1337.6,20190400
2019-02-21 13:00:00,1344.4,20190600,1344.4,20190600,1338.1,20190400
2019-02-21 13:15:00,1345.2,20190600,1345.2,20190600,1338.7,20190400
2019-02-21 13:30:00,1345.6,20190600,1345.6,20190600,1338.9,20190400
2019-02-21 13:45:00,1344.5,20190600,1344.5,20190600,1338.0,20190400
2019-02-21 14:00:00,1343.6,20190600,1343.6,20190600,1336.9,20190400
2019-02-21 14:15:00,1344.0,20190600,1344.0,20190600,1337.7,20190400
2019-02-21 14:30:00,1343.4,20190600,1343.4,20190600,1336.9,20190400
2019-02-21 14:45:00,1340.5,20190600,1340.5,20190600,1334.1,20190400
2019-02-21 15:00:00,1340.7,20190600,1340.7,20190600,1334.5,20190400
2019-02-21 15:15:00,1341.9,20190600,1341.9,20190600,1335.6,20190400
2019-02-21 15:30:00,1341.4,20190600,1341.4,20190600,1335.0,20190400
2019-02-21 15:45:00,1341.4,20190600,1341.4,20190600,1334.7,20190400
2019-02-21 16:00:00,1340.2,20190600,1340.2,20190600,1333.9,20190400
2019-02-21 16:15:00,1340.7,20190600,1340.7,20190600,1334.2,20190400
2019-02-21 16:30:00,1339.6,20190600,1339.6,20190600,1333.3,20190400
2019-02-21 16:45:00,1339.7,20190600,1339.7,20190600,1333.5,20190400
2019-02-21 17:00:00,1338.7,20190600,1338.7,20190600,1332.3,20190400
2019-02-21 17:15:00,1337.6,20190600,1337.6,20190600,1331.5,20190400
2019-02-21 17:30:00,1336.9,20190600,1336.9,20190600,1330.5,20190400
2019-02-21 17:45:00,1336.4,20190600,1336.4,20190600,1330.0,20190400
2019-02-21 18:00:00,1335.1,20190600,1335.1,20190600,1328.5,20190400
2019-02-21 18:15:00,1334.5,20190600,1334.5,20190600,1328.1,20190400
2019-02-21 18:30:00,1334.7,20190600,1334.7,20190600,1328.2,20190400
2019-02-21 18:45:00,1333.5,20190600,1333.5,20190600,1327.4,20190400
2019-02-21 19:00:00,1333.5,20190600,1333.5,20190600,1327.2,20190400
2019-02-21 19:15:00,1335.8,20190600,1335.8,20190600,1329.1,20190400
2019-02-21 19:30:00,1336.0,20190600,1336.0,20190600,1329.1,20190400
2019-02-21 19:45:00,1335.4,20190600,1335.4,20190600,1329.1,20190400
2019-02-21 20:00:00,1335.4,20190600,1335.4,20190600,1328.4,20190400
2019-02-21 20:15:00,1334.8,20190600,1334.8,20190600,1328.3,20190400
2019-02-21 20:30:00,1334.4,20190600,1334.4,20190600,1327.7,20190400
2019-02-21 20:45:00,1332.6,20190600,1332.6,20190600,1326.2,20190400
2019-02-21 21:00:00,1331.7,20190600,1331.7,20190600,1325.5,20190400
2019-02-21 21:15:00,1331.9,20190600,1331.9,20190600,1325.4,20190400
2019-02-21 21:30:00,1332.0,20190600,1332.0,20190600,1325.6,20190400
2019-02-21 21:45:00,1332.4,20190600,1332.4,20190600,1326.0,20190400
2019-02-21 23:00:00,1347.7,20190600,1347.7,20190600,1341.3,20190400
2019-02-21 23:15:00,1334.0,20190600,1334.0,20190600,1327.4,20190400
2019-02-21 23:30:00,1333.9,20190600,1333.9,20190600,1327.6,20190400
2019-02-21 23:45:00,1333.9,20190600,1333.9,20190600,1328.1,20190400
2019-02-22 00:00:00,1334.3,20190600,1334.3,20190600,1328.0,20190400
2019-02-22 00:15:00,1333.6,20190600,1333.6,20190600,1327.4,20190400
2019-02-22 00:30:00,1333.3,20190600,1333.3,20190600,1326.8,20190400
2019-02-22 00:45:00,1334.2,20190600,1334.2,20190600,1327.7,20190400
2019-02-22 01:00:00,1334.5,20190600,1334.5,20190600,1328.4,20190400
2019-02-22 01:15:00,1334.5,20190600,1334.5,20190600,1327.5,20190400
2019-02-22 01:30:00,1333.4,20190600,1333.4,20190600,1326.9,20190400
2019-02-22 01:45:00,1333.4,20190600,1333.4,20190600,1327.5,20190400
2019-02-22 02:00:00,1334.0,20190600,1334.0,20190600,1327.4,20190400
2019-02-22 02:15:00,1334.8,20190600,1334.8,20190600,1328.2,20190400
2019-02-22 02:30:00,1334.8,20190600,1334.8,20190600,1328.3,20190400
2019-02-22 02:45:00,1334.8,20190600,1334.8,20190600,1328.5,20190400
2019-02-22 03:00:00,1334.8,20190600,1334.8,20190600,1328.3,20190400
2019-02-22 03:15:00,1334.8,20190600,1334.8,20190600,1328.5,20190400
2019-02-22 03:30:00,1334.8,20190600,1334.8,20190600,1328.0,20190400
2019-02-22 03:45:00,1334.2,20190600,1334.2,20190600,1327.7,20190400
2019-02-22 04:00:00,1333.9,20190600,1333.9,20190600,1328.0,20190400
2019-02-22 04:15:00,1333.6,20190600,1333.6,20190600,1327.3,20190400
2019-02-22 04:30:00,1333.6,20190600,1333.6,20190600,1327.0,20190400
2019-02-22 04:45:00,1333.5,20190600,1333.5,20190600,1326.9,20190400
2019-02-22 05:15:00,1333.9,20190600,1333.9,20190600,1326.9,20190400
2019-02-22 05:30:00,1333.9,20190600,1333.9,20190600,1327.7,20190400
2019-02-22 05:45:00,1334.7,20190600,1334.7,20190600,1328.1,20190400
2019-02-22 06:15:00,1334.7,20190600,1334.7,20190600,1327.5,20190400
2019-02-22 06:30:00,1334.0,20190600,1334.0,20190600,1327.6,20190400
2019-02-22 06:45:00,1334.0,20190600,1334.0,20190600,1327.9,20190400
2019-02-22 07:00:00,1334.0,20190600,1334.0,20190600,1328.2,20190400
2019-02-22 07:15:00,1335.1,20190600,1335.1,20190600,1328.3,20190400
2019-02-22 07:30:00,1334.5,20190600,1334.5,20190600,1327.8,20190400
2019-02-22 07:45:00,1335.3,20190600,1335.3,20190600,1328.8,20190400
2019-02-22 08:00:00,1335.5,20190600,1335.5,20190600,1329.1,20190400
2019-02-22 08:15:00,1335.7,20190600,1335.7,20190600,1328.9,20190400
2019-02-22 08:30:00,1334.9,20190600,1334.9,20190600,1328.6,20190400
2019-02-22 08:45:00,1335.3,20190600,1335.3,20190600,1328.8,20190400
2019-02-22 09:00:00,1335.4,20190600,1335.4,20190600,1328.9,20190400
2019-02-22 09:15:00,1333.4,20190600,1333.4,20190600,1326.4,20190400
2019-02-22 09:30:00,1331.8,20190600,1331.8,20190600,1325.5,20190400
2019-02-22 09:45:00,1332.3,20190600,1332.3,20190600,1325.6,20190400
2019-02-22 10:00:00,1330.8,20190600,1330.8,20190600,1324.5,20190400
2019-02-22 10:15:00,1330.6,20190600,1330.6,20190600,1325.3,20190400
2019-02-22 10:30:00,1331.0,20190600,1331.0,20190600,1324.9,20190400
2019-02-22 10:45:00,1331.4,20190600,1331.4,20190600,1325.1,20190400
2019-02-22 11:00:00,1331.9,20190600,1331.9,20190600,1325.5,20190400
2019-02-22 11:15:00,1331.4,20190600,1331.4,20190600,1325.1,20190400
2019-02-22 11:30:00,1331.3,20190600,1331.3,20190600,1325.2,20190400
2019-02-22 11:45:00,1331.9,20190600,1331.9,20190600,1325.5,20190400
2019-02-22 12:00:00,1332.5,20190600,1332.5,20190600,1326.2,20190400
2019-02-22 12:15:00,1332.9,20190600,1332.9,20190600,1326.4,20190400
2019-02-22 12:30:00,1332.0,20190600,1332.0,20190600,1325.7,20190400
2019-02-22 12:45:00,1332.3,20190600,1332.3,20190600,1325.4,20190400
2019-02-22 13:00:00,1331.0,20190600,1331.0,20190600,1324.5,20190400
2019-02-22 13:15:00,1335.0,20190600,1335.0,20190600,1328.6,20190400
2019-02-22 13:30:00,1335.0,20190600,1335.0,20190600,1328.6,20190400
2019-02-22 13:45:00,1337.9,20190600,1337.9,20190600,1331.2,20190400
2019-02-22 14:00:00,1337.1,20190600,1337.1,20190600,1330.6,20190400
2019-02-22 14:15:00,1337.6,20190600,1337.6,20190600,1331.1,20190400
2019-02-22 14:30:00,1337.6,20190600,1337.6,20190600,1331.2,20190400
2019-02-22 14:45:00,1338.1,20190600,1338.1,20190600,1331.6,20190400
2019-02-22 15:00:00,1339.1,20190600,1339.1,20190600,1332.6,20190400
2019-02-22 15:15:00,1338.8,20190600,1338.8,20190600,1332.5,20190400
2019-02-22 15:30:00,1339.0,20190600,1339.0,20190600,1332.7,20190400
2019-02-22 15:45:00,1338.2,20190600,1338.2,20190600,1331.8,20190400
2019-02-22 16:00:00,1339.0,20190600,1339.0,20190600,1332.4,20190400
2019-02-22 16:15:00,1339.1,20190600,1339.1,20190600,1332.5,20190400
2019-02-22 16:30:00,1340.2,20190600,1340.2,20190600,1333.7,20190400
2019-02-22 16:45:00,1339.8,20190600,1339.8,20190600,1333.2,20190400
2019-02-22 17:00:00,1340.5,20190600,1340.5,20190600,1334.2,20190400
2019-02-22 17:15:00,1340.0,20190600,1340.0,20190600,1333.3,20190400
2019-02-22 17:30:00,1340.9,20190600,1340.9,20190600,1334.3,20190400
2019-02-22 17:45:00,1341.9,20190600,1341.9,20190600,1335.3,20190400
2019-02-22 18:00:00,1340.3,20190600,1340.3,20190600,1333.8,20190400
2019-02-22 18:15:00,1339.2,20190600,1339.2,20190600,1332.9,20190400
2019-02-22 18:30:00,1339.5,20190600,1339.5,20190600,1332.9,20190400
2019-02-22 18:45:00,1339.1,20190600,1339.1,20190600,1332.5,20190400
2019-02-22 19:00:00,1339.7,20190600,1339.7,20190600,1332.9,20190400
2019-02-22 19:15:00,1339.4,20190600,1339.4,20190600,1332.8,20190400
2019-02-22 19:30:00,1338.2,20190600,1338.2,20190600,1331.6,20190400
2019-02-22 19:45:00,1336.9,20190600,1336.9,20190600,1330.1,20190400
2019-02-22 20:00:00,1336.2,20190600,1336.2,20190600,1329.7,20190400
2019-02-22 20:15:00,1336.7,20190600,1336.7,20190600,1330.1,20190400
2019-02-22 20:30:00,1337.2,20190600,1337.2,20190600,1330.7,20190400
2019-02-22 20:45:00,1337.7,20190600,1337.7,20190600,1330.8,20190400
2019-02-22 21:00:00,1337.2,20190600,1337.2,20190600,1330.9,20190400
2019-02-22 21:15:00,1337.2,20190600,1337.2,20190600,1330.7,20190400
2019-02-22 21:30:00,1337.2,20190600,1337.2,20190600,1330.1,20190400
2019-02-22 21:45:00,1336.9,20190600,1336.9,20190600,1330.7,20190400
2019-02-22 23:00:00,1336.9,20190600,1336.9,20190600,1328.0,20190400
2019-02-24 23:00:00,1336.9,20190600,1336.9,20190600,1330.1,20190400
2019-02-24 23:15:00,1337.2,20190600,1337.2,20190600,1330.9,20190400
2019-02-24 23:30:00,1337.1,20190600,1337.1,20190600,1330.3,20190400
2019-02-24 23:45:00,1337.1,20190600,1337.1,20190600,1330.0,20190400
2019-02-25 00:00:00,1337.1,20190600,1337.1,20190600,1330.8,20190400
2019-02-25 00:15:00,1337.6,20190600,1337.6,20190600,1330.9,20190400
2019-02-25 00:30:00,1337.0,20190600,1337.0,20190600,1331.0,20190400
2019-02-25 00:45:00,1338.0,20190600,1338.0,20190600,1331.9,20190400
2019-02-25 01:00:00,1338.4,20190600,1338.4,20190600,1331.3,20190400
2019-02-25 01:15:00,1338.2,20190600,1338.2,20190600,1331.7,20190400
2019-02-25 01:30:00,1339.5,20190600,1339.5,20190600,1332.8,20190400
2019-02-25 01:45:00,1339.6,20190600,1339.6,20190600,1332.7,20190400
2019-02-25 02:00:00,1339.8,20190600,1339.8,20190600,1333.2,20190400
2019-02-25 02:15:00,1339.7,20190600,1339.7,20190600,1333.0,20190400
2019-02-25 02:30:00,1339.6,20190600,1339.6,20190600,1332.6,20190400
2019-02-25 02:45:00,1340.0,20190600,1340.0,20190600,1333.6,20190400
2019-02-25 03:00:00,1340.3,20190600,1340.3,20190600,1333.8,20190400
2019-02-25 03:15:00,1340.3,20190600,1340.3,20190600,1333.9,20190400
2019-02-25 03:30:00,1340.2,20190600,1340.2,20190600,1333.6,20190400
2019-02-25 03:45:00,1339.9,20190600,1339.9,20190600,1333.5,20190400
2019-02-25 04:00:00,1339.5,20190600,1339.5,20190600,1333.1,20190400
2019-02-25 04:15:00,1339.5,20190600,1339.5,20190600,1333.4,20190400
2019-02-25 04:30:00,1339.9,20190600,1339.9,20190600,1333.5,20190400
2019-02-25 04:45:00,1339.9,20190600,1339.9,20190600,1333.2,20190400
2019-02-25 05:15:00,1339.5,20190600,1339.5,20190600,1333.1,20190400
2019-02-25 05:30:00,1339.0,20190600,1339.0,20190600,1332.4,20190400
2019-02-25 05:45:00,1339.3,20190600,1339.3,20190600,1332.8,20190400
2019-02-25 06:15:00,1339.3,20190600,1339.3,20190600,1333.7,20190400
2019-02-25 06:30:00,1340.2,20190600,1340.2,20190600,1333.8,20190400
2019-02-25 06:45:00,1339.2,20190600,1339.2,20190600,1332.8,20190400
2019-02-25 07:00:00,1338.3,20190600,1338.3,20190600,1331.7,20190400
2019-02-25 07:15:00,1338.0,20190600,1338.0,20190600,1331.5,20190400
2019-02-25 07:30:00,1338.1,20190600,1338.1,20190600,1331.7,20190400
2019-02-25 07:45:00,1338.9,20190600,1338.9,20190600,1332.5,20190400
2019-02-25 08:00:00,1338.3,20190600,1338.3,20190600,1331.9,20190400
2019-02-25 08:15:00,1337.8,20190600,1337.8,20190600,1331.2,20190400
2019-02-25 08:30:00,1337.8,20190600,1337.8,20190600,1330.7,20190400
2019-02-25 08:45:00,1337.0,20190600,1337.0,20190600,1330.6,20190400
2019-02-25 09:00:00,1337.1,20190600,1337.1,20190600,1330.5,20190400
2019-02-25 09:15:00,1337.1,20190600,1337.1,20190600,1330.4,20190400
2019-02-25 09:30:00,1337.1,20190600,1337.1,20190600,1330.9,20190400
2019-02-25 09:45:00,1338.2,20190600,1338.2,20190600,1331.7,20190400
2019-02-25 10:00:00,1338.8,20190600,1338.8,20190600,1332.4,20190400
2019-02-25 10:15:00,1338.4,20190600,1338.4,20190600,1331.9,20190400
2019-02-25 10:30:00,1338.4,20190600,1338.4,20190600,1331.7,20190400
2019-02-25 10:45:00,1338.6,20190600,1338.6,20190600,1332.0,20190400
2019-02-25 11:00:00,1338.6,20190600,1338.6,20190600,1332.3,20190400
2019-02-25 11:15:00,1338.9,20190600,1338.9,20190600,1332.5,20190400
2019-02-25 11:30:00,1339.5,20190600,1339.5,20190600,1333.0,20190400
2019-02-25 11:45:00,1339.7,20190600,1339.7,20190600,1332.7,20190400
2019-02-25 12:00:00,1338.9,20190600,1338.9,20190600,1332.5,20190400
2019-02-25 12:15:00,1338.4,20190600,1338.4,20190600,1331.7,20190400
2019-02-25 12:30:00,1338.5,20190600,1338.5,20190600,1332.1,20190400
2019-02-25 12:45:00,1339.0,20190600,1339.0,20190600,1332.4,20190400
2019-02-25 13:00:00,1337.5,20190600,1337.5,20190600,1331.3,20190400
2019-02-25 13:15:00,1335.6,20190600,1335.6,20190600,1329.2,20190400
2019-02-25 13:30:00,1339.0,20190600,1339.0,20190600,1332.7,20190400
2019-02-25 13:45:00,1339.8,20190600,1339.8,20190600,1333.2,20190400
2019-02-25 14:00:00,1339.2,20190600,1339.2,20190600,1332.7,20190400
2019-02-25 14:15:00,1340.5,20190600,1340.5,20190600,1333.6,20190400
2019-02-25 14:30:00,1340.4,20190600,1340.4,20190600,1333.8,20190400
2019-02-25 14:45:00,1339.4,20190600,1339.4,20190600,1333.4,20190400
2019-02-25 15:00:00,1339.9,20190600,1339.9,20190600,1333.5,20190400
2019-02-25 15:15:00,1339.7,20190600,1339.7,20190600,1333.4,20190400
2019-02-25 15:30:00,1338.8,20190600,1338.8,20190600,1332.3,20190400
2019-02-25 15:45:00,1338.4,20190600,1338.4,20190600,1331.6,20190400
2019-02-25 16:00:00,1337.1,20190600,1337.1,20190600,1330.4,20190400
2019-02-25 16:15:00,1335.9,20190600,1335.9,20190600,1329.8,20190400
2019-02-25 16:30:00,1335.9,20190600,1335.9,20190600,1329.2,20190400
2019-02-25 16:45:00,1336.7,20190600,1336.7,20190600,1329.6,20190400
2019-02-25 17:00:00,1335.5,20190600,1335.5,20190600,1329.1,20190400
2019-02-25 17:15:00,1334.9,20190600,1334.9,20190600,1328.5,20190400
2019-02-25 17:30:00,1334.4,20190600,1334.4,20190600,1327.9,20190400
2019-02-25 17:45:00,1335.0,20190600,1335.0,20190600,1328.5,20190400
2019-02-25 18:00:00,1334.9,20190600,1334.9,20190600,1328.8,20190400
2019-02-25 18:15:00,1336.0,20190600,1336.0,20190600,1329.6,20190400
2019-02-25 18:30:00,1336.5,20190600,1336.5,20190600,1329.7,20190400
2019-02-25 18:45:00,1336.0,20190600,1336.0,20190600,1329.5,20190400
2019-02-25 19:00:00,1336.0,20190600,1336.0,20190600,1329.5,20190400
2019-02-25 19:15:00,1336.2,20190600,1336.2,20190600,1329.9,20190400
2019-02-25 19:30:00,1336.5,20190600,1336.5,20190600,1330.3,20190400
2019-02-25 19:45:00,1336.9,20190600,1336.9,20190600,1330.3,20190400
2019-02-25 20:00:00,1336.9,20190600,1336.9,20190600,1330.4,20190400
2019-02-25 20:15:00,1336.9,20190600,1336.9,20190600,1330.6,20190400
2019-02-25 20:30:00,1336.6,20190600,1336.6,20190600,1330.1,20190400
2019-02-25 20:45:00,1336.6,20190600,1336.6,20190600,1329.3,20190400
2019-02-25 21:00:00,1335.5,20190600,1335.5,20190600,1328.8,20190400
2019-02-25 21:15:00,1335.5,20190600,1335.5,20190600,1329.0,20190400
2019-02-25 21:30:00,1335.5,20190600,1335.5,20190600,1329.2,20190400
2019-02-25 21:45:00,1336.4,20190600,1336.4,20190600,1329.7,20190400
2019-02-25 23:00:00,1340.0,20190600,1340.0,20190600,1333.8,20190400
2019-02-25 23:15:00,1340.0,20190600,1340.0,20190600,1329.6,20190400
2019-02-25 23:30:00,1336.5,20190600,1336.5,20190600,1330.1,20190400
2019-02-25 23:45:00,1336.5,20190600,1336.5,20190600,1329.7,20190400
2019-02-26 00:00:00,1336.5,20190600,1336.5,20190600,1329.9,20190400
2019-02-26 00:15:00,1336.5,20190600,1336.5,20190600,1329.6,20190400
2019-02-26 00:30:00,1336.5,20190600,1336.5,20190600,1329.3,20190400
2019-02-26 00:45:00,1336.5,20190600,1336.5,20190600,1329.4,20190400
2019-02-26 01:00:00,1336.3,20190600,1336.3,20190600,1329.7,20190400
2019-02-26 01:15:00,1336.3,20190600,1336.3,20190600,1329.8,20190400
2019-02-26 01:30:00,1336.3,20190600,1336.3,20190600,1329.9,20190400
2019-02-26 01:45:00,1336.3,20190600,1336.3,20190600,1329.9,20190400
2019-02-26 02:00:00,1336.8,20190600,1336.8,20190600,1330.2,20190400
2019-02-26 02:15:00,1336.8,20190600,1336.8,20190600,1330.4,20190400
2019-02-26 02:30:00,1338.0,20190600,1338.0,20190600,1331.2,20190400
2019-02-26 02:45:00,1338.0,20190600,1338.0,20190600,1331.8,20190400
2019-02-26 03:00:00,1338.8,20190600,1338.8,20190600,1331.9,20190400
2019-02-26 03:15:00,1338.2,20190600,1338.2,20190600,1331.3,20190400
2019-02-26 03:30:00,1338.2,20190600,1338.2,20190600,1330.9,20190400
2019-02-26 03:45:00,1337.7,20190600,1337.7,20190600,1331.3,20190400
2019-02-26 04:00:00,1337.8,20190600,1337.8,20190600,1331.3,20190400
2019-02-26 04:15:00,1337.8,20190600,1337.8,20190600,1331.5,20190400
2019-02-26 04:30:00,1337.8,20190600,1337.8,20190600,1331.5,20190400
2019-02-26 04:45:00,1337.8,20190600,1337.8,20190600,1331.2,20190400
2019-02-26 05:15:00,1337.8,20190600,1337.8,20190600,1331.7,20190400
2019-02-26 05:30:00,1337.8,20190600,1337.8,20190600,1331.1,20190400
2019-02-26 05:45:00,1337.1,20190600,1337.1,20190600,1330.7,20190400
2019-02-26 06:15:00,1337.1,20190600,1337.1,20190600,1330.5,20190400
2019-02-26 06:30:00,1336.1,20190600,1336.1,20190600,1329.8,20190400
2019-02-26 06:45:00,1336.3,20190600,1336.3,20190600,1329.7,20190400
2019-02-26 07:00:00,1336.2,20190600,1336.2,20190600,1329.5,20190400
2019-02-26 07:15:00,1335.0,20190600,1335.0,20190600,1328.6,20190400
2019-02-26 07:30:00,1333.5,20190600,1333.5,20190600,1327.2,20190400
2019-02-26 07:45:00,1333.3,20190600,1333.3,20190600,1327.0,20190400
2019-02-26 08:00:00,1333.8,20190600,1333.8,20190600,1327.3,20190400
2019-02-26 08:15:00,1333.8,20190600,1333.8,20190600,1326.9,20190400
2019-02-26 08:30:00,1333.4,20190600,1333.4,20190600,1326.7,20190400
2019-02-26 08:45:00,1333.4,20190600,1333.4,20190600,1327.1,20190400
2019-02-26 09:00:00,1333.4,20190600,1333.4,20190600,1327.0,20190400
2019-02-26 09:15:00,1333.8,20190600,1333.8,20190600,1327.0,20190400
2019-02-26 09:30:00,1333.8,20190600,1333.8,20190600,1327.6,20190400
2019-02-26 09:45:00,1335.0,20190600,1335.0,20190600,1328.5,20190400
2019-02-26 10:00:00,1335.0,20190600,1335.0,20190600,1328.6,20190400
2019-02-26 10:15:00,1335.0,20190600,1335.0,20190600,1328.9,20190400
2019-02-26 10:30:00,1334.5,20190600,1334.5,20190600,1327.9,20190400
2019-02-26 10:45:00,1334.4,20190600,1334.4,20190600,1327.9,20190400
2019-02-26 11:00:00,1334.5,20190600,1334.5,20190600,1328.0,20190400
2019-02-26 11:15:00,1334.1,20190600,1334.1,20190600,1327.5,20190400
2019-02-26 11:30:00,1334.0,20190600,1334.0,20190600,1327.6,20190400
2019-02-26 11:45:00,1333.9,20190600,1333.9,20190600,1327.2,20190400
2019-02-26 12:00:00,1334.4,20190600,1334.4,20190600,1327.8,20190400
2019-02-26 12:15:00,1333.2,20190600,1333.2,20190600,1326.6,20190400
2019-02-26 12:30:00,1333.0,20190600,1333.0,20190600,1326.3,20190400
2019-02-26 12:45:00,1332.5,20190600,1332.5,20190600,1326.0,20190400
2019-02-26 13:00:00,1334.4,20190600,1334.4,20190600,1327.9,20190400
2019-02-26 13:15:00,1333.3,20190600,1333.3,20190600,1326.6,20190400
2019-02-26 13:30:00,1335.1,20190600,1335.1,20190600,1328.4,20190400
2019-02-26 13:45:00,1336.0,20190600,1336.0,20190600,1328.9,20190400
2019-02-26 14:00:00,1334.4,20190600,1334.4,20190600,1327.7,20190400
2019-02-26 14:15:00,1335.3,20190600,1335.3,20190600,1328.8,20190400
2019-02-26 14:30:00,1334.5,20190600,1334.5,20190600,1328.0,20190400
2019-02-26 14:45:00,1334.2,20190600,1334.2,20190600,1327.7,20190400
2019-02-26 15:00:00,1332.9,20190600,1332.9,20190600,1326.7,20190400
2019-02-26 15:15:00,1333.8,20190600,1333.8,20190600,1327.3,20190400
2019-02-26 15:30:00,1335.0,20190600,1335.0,20190600,1328.4,20190400
2019-02-26 15:45:00,1335.6,20190600,1335.6,20190600,1329.4,20190400
2019-02-26 16:00:00,1336.8,20190600,1336.8,20190600,1330.4,20190400
2019-02-26 16:15:00,1335.4,20190600,1335.4,20190600,1328.9,20190400
2019-02-26 16:30:00,1336.1,20190600,1336.1,20190600,1329.5,20190400
2019-02-26 16:45:00,1334.8,20190600,1334.8,20190600,1328.6,20190400
2019-02-26 17:00:00,1334.8,20190600,1334.8,20190600,1328.0,20190400
2019-02-26 17:15:00,1333.9,20190600,1333.9,20190600,1327.6,20190400
2019-02-26 17:30:00,1334.5,20190600,1334.5,20190600,1327.9,20190400
2019-02-26 17:45:00,1334.0,20190600,1334.0,20190600,1327.7,20190400
2019-02-26 18:00:00,1335.1,20190600,1335.1,20190600,1328.4,20190400
2019-02-26 18:15:00,1335.2,20190600,1335.2,20190600,1328.5,20190400
2019-02-26 18:30:00,1334.5,20190600,1334.5,20190600,1327.9,20190400
2019-02-26 18:45:00,1335.2,20190600,1335.2,20190600,1328.8,20190400
2019-02-26 19:00:00,1335.7,20190600,1335.7,20190600,1329.2,20190400
2019-02-26 19:15:00,1335.7,20190600,1335.7,20190600,1330.3,20190400
2019-02-26 19:30:00,1338.1,20190600,1338.1,20190600,1331.0,20190400
2019-02-26 19:45:00,1337.5,20190600,1337.5,20190600,1331.5,20190400
2019-02-26 20:00:00,1337.6,20190600,1337.6,20190600,1330.8,20190400
2019-02-26 20:15:00,1337.6,20190600,1337.6,20190600,1330.7,20190400
2019-02-26 20:30:00,1337.5,20190600,1337.5,20190600,1331.0,20190400
2019-02-26 20:45:00,1337.5,20190600,1337.5,20190600,1331.2,20190400
2019-02-26 21:00:00,1337.5,20190600,1337.5,20190600,1330.9,20190400
2019-02-26 21:15:00,1337.5,20190600,1337.5,20190600,1330.8,20190400
2019-02-26 21:30:00,1337.7,20190600,1337.7,20190600,1331.1,20190400
2019-02-26 21:45:00,1337.7,20190600,1337.7,20190600,1331.0,20190400
2019-02-26 23:00:00,1336.8,20190600,1336.8,20190600,1330.6,20190400
2019-02-26 23:15:00,1336.8,20190600,1336.8,20190600,1330.8,20190400
2019-02-26 23:30:00,1336.8,20190600,1336.8,20190600,1331.3,20190400
2019-02-26 23:45:00,1337.9,20190600,1337.9,20190600,1331.3,20190400
2019-02-27 00:00:00,1337.9,20190600,1337.9,20190600,1331.6,20190400
2019-02-27 00:15:00,1337.9,20190600,1337.9,20190600,1332.0,20190400
2019-02-27 00:30:00,1338.0,20190600,1338.0,20190600,1331.2,20190400
2019-02-27 03:45:00,1336.2,20190600,1336.2,20190600,1329.3,20190400
2019-02-27 04:00:00,1336.7,20190600,1336.7,20190600,1329.9,20190400
2019-02-27 04:15:00,1336.6,20190600,1336.6,20190600,1329.8,20190400
2019-02-27 04:30:00,1336.6,20190600,1336.6,20190600,1329.6,20190400
2019-02-27 04:45:00,1336.5,20190600,1336.5,20190600,1329.8,20190400
2019-02-27 05:15:00,1336.5,20190600,1336.5,20190600,1330.0,20190400
2019-02-27 05:30:00,1336.4,20190600,1336.4,20190600,1329.8,20190400
2019-02-27 05:45:00,1336.1,20190600,1336.1,20190600,1329.5,20190400
2019-02-27 06:15:00,1335.9,20190600,1335.9,20190600,1329.3,20190400
2019-02-27 06:30:00,1335.5,20190600,1335.5,20190600,1328.6,20190400
2019-02-27 06:45:00,1335.0,20190600,1335.0,20190600,1328.4,20190400
2019-02-27 07:00:00,1335.8,20190600,1335.8,20190600,1329.1,20190400
2019-02-27 07:15:00,1335.8,20190600,1335.8,20190600,1329.4,20190400
2019-02-27 07:30:00,1336.0,20190600,1336.0,20190600,1329.1,20190400
2019-02-27 07:45:00,1335.2,20190600,1335.2,20190600,1328.6,20190400
2019-02-27 08:00:00,1334.5,20190600,1334.5,20190600,1327.7,20190400
2019-02-27 08:15:00,1334.5,20190600,1334.5,20190600,1327.9,20190400
2019-02-27 08:30:00,1335.0,20190600,1335.0,20190600,1328.9,20190400
2019-02-27 08:45:00,1335.5,20190600,1335.5,20190600,1328.5,20190400
2019-02-27 09:00:00,1334.8,20190600,1334.8,20190600,1328.1,20190400
2019-02-27 09:15:00,1334.5,20190600,1334.5,20190600,1327.9,20190400
2019-02-27 09:30:00,1335.1,20190600,1335.1,20190600,1328.5,20190400
2019-02-27 09:45:00,1335.3,20190600,1335.3,20190600,1328.7,20190400
2019-02-27 10:00:00,1335.2,20190600,1335.2,20190600,1328.7,20190400
2019-02-27 10:15:00,1335.2,20190600,1335.2,20190600,1328.8,20190400
2019-02-27 10:30:00,1335.2,20190600,1335.2,20190600,1328.6,20190400
2019-02-27 10:45:00,1335.2,20190600,1335.2,20190600,1328.5,20190400
2019-02-27 11:00:00,1336.0,20190600,1336.0,20190600,1329.4,20190400
2019-02-27 11:15:00,1336.0,20190600,1336.0,20190600,1329.4,20190400
2019-02-27 11:30:00,1336.0,20190600,1336.0,20190600,1329.6,20190400
2019-02-27 11:45:00,1335.8,20190600,1335.8,20190600,1329.0,20190400
2019-02-27 12:00:00,1335.9,20190600,1335.9,20190600,1329.4,20190400
2019-02-27 12:15:00,1335.7,20190600,1335.7,20190600,1329.2,20190400
2019-02-27 12:30:00,1335.3,20190600,1335.3,20190600,1328.5,20190400
2019-02-27 12:45:00,1334.5,20190600,1334.5,20190600,1328.2,20190400
2019-02-27 13:00:00,1337.1,20190600,1337.1,20190600,1330.1,20190400
2019-02-27 13:15:00,1335.2,20190600,1335.2,20190600,1328.5,20190400
2019-02-27 13:30:00,1334.6,20190600,1334.6,20190600,1328.0,20190400
2019-02-27 13:45:00,1334.5,20190600,1334.5,20190600,1328.2,20190400
2019-02-27 14:00:00,1333.6,20190600,1333.6,20190600,1326.8,20190400
2019-02-27 14:15:00,1333.5,20190600,1333.5,20190600,1326.8,20190400
2019-02-27 14:30:00,1332.3,20190600,1332.3,20190600,1325.7,20190400
2019-02-27 14:45:00,1331.6,20190600,1331.6,20190600,1324.9,20190400
2019-02-27 15:00:00,1330.9,20190600,1330.9,20190600,1324.6,20190400
2019-02-27 15:15:00,1332.0,20190600,1332.0,20190600,1325.5,20190400
2019-02-27 15:30:00,1332.9,20190600,1332.9,20190600,1326.3,20190400
2019-02-27 15:45:00,1332.2,20190600,1332.2,20190600,1325.4,20190400
2019-02-27 16:00:00,1331.0,20190600,1331.0,20190600,1324.1,20190400
2019-02-27 16:15:00,1329.7,20190600,1329.7,20190600,1323.2,20190400
2019-02-27 16:30:00,1328.1,20190600,1328.1,20190600,1321.6,20190400
2019-02-27 16:45:00,1329.1,20190600,1329.1,20190600,1322.6,20190400
2019-02-27 17:00:00,1328.8,20190600,1328.8,20190600,1322.3,20190400
2019-02-27 17:15:00,1327.7,20190600,1327.7,20190600,1321.3,20190400
2019-02-27 17:30:00,1326.2,20190600,1326.2,20190600,1320.0,20190400
2019-02-27 17:45:00,1327.7,20190600,1327.7,20190600,1321.1,20190400
2019-02-27 18:00:00,1328.1,20190600,1328.1,20190600,1321.3,20190400
2019-02-27 18:15:00,1328.0,20190600,1328.0,20190600,1321.3,20190400
2019-02-27 18:30:00,1327.8,20190600,1327.8,20190600,1321.7,20190400
2019-02-27 18:45:00,1327.9,20190600,1327.9,20190600,1321.3,20190400
2019-02-27 19:00:00,1327.3,20190600,1327.3,20190600,1320.6,20190400
2019-02-27 19:15:00,1327.2,20190600,1327.2,20190600,1320.3,20190400
2019-02-27 19:30:00,1327.4,20190600,1327.4,20190600,1320.6,20190400
2019-02-27 19:45:00,1327.2,20190600,1327.2,20190600,1320.9,20190400
2019-02-27 20:00:00,1328.1,20190600,1328.1,20190600,1322.0,20190400
2019-02-27 20:15:00,1328.9,20190600,1328.9,20190600,1322.0,20190400
2019-02-27 20:30:00,1328.5,20190600,1328.5,20190600,1322.2,20190400
2019-02-27 20:45:00,1328.6,20190600,1328.6,20190600,1321.8,20190400
2019-02-27 21:00:00,1328.6,20190600,1328.6,20190600,1321.5,20190400
2019-02-27 21:15:00,1328.6,20190600,1328.6,20190600,1321.4,20190400
2019-02-27 21:30:00,1327.9,20190600,1327.9,20190600,1321.6,20190400
2019-02-27 21:45:00,1328.4,20190600,1328.4,20190600,1321.7,20190400
2019-02-27 23:00:00,1336.0,20190600,1336.0,20190600,1329.4,20190400
2019-02-27 23:15:00,1329.0,20190600,1329.0,20190600,1322.3,20190400
2019-02-27 23:30:00,1329.0,20190600,1329.0,20190600,1322.3,20190400
2019-02-27 23:45:00,1329.4,20190600,1329.4,20190600,1322.6,20190400
2019-02-28 00:00:00,1329.2,20190600,1329.2,20190600,1322.2,20190400
2019-02-28 00:15:00,1328.6,20190600,1328.6,20190600,1321.9,20190400
2019-02-28 00:30:00,1328.8,20190600,1328.8,20190600,1322.3,20190400
2019-02-28 00:45:00,1329.0,20190600,1329.0,20190600,1322.2,20190400
2019-02-28 01:00:00,1328.8,20190600,1328.8,20190600,1322.0,20190400
2019-02-28 01:15:00,1327.0,20190600,1327.0,20190600,1320.4,20190400
2019-02-28 01:30:00,1325.7,20190600,1325.7,20190600,1318.9,20190400
2019-02-28 01:45:00,1326.2,20190600,1326.2,20190600,1319.8,20190400
2019-02-28 02:00:00,1326.4,20190600,1326.4,20190600,1320.0,20190400
2019-02-28 02:15:00,1326.9,20190600,1326.9,20190600,1319.9,20190400
2019-02-28 02:30:00,1326.8,20190600,1326.8,20190600,1320.0,20190400
2019-02-28 02:45:00,1327.3,20190600,1327.3,20190600,1320.7,20190400
2019-02-28 03:00:00,1327.2,20190600,1327.2,20190600,1320.4,20190400
2019-02-28 03:15:00,1326.8,20190600,1326.8,20190600,1320.1,20190400
2019-02-28 03:30:00,1326.6,20190600,1326.6,20190600,1320.1,20190400
2019-02-28 03:45:00,1326.9,20190600,1326.9,20190600,1320.2,20190400
2019-02-28 04:00:00,1326.9,20190600,1326.9,20190600,1320.3,20190400
2019-02-28 04:15:00,1326.9,20190600,1326.9,20190600,1320.0,20190400
2019-02-28 04:30:00,1326.7,20190600,1326.7,20190600,1320.2,20190400
2019-02-28 04:45:00,1326.8,20190600,1326.8,20190600,1320.2,20190400
2019-02-28 05:15:00,1326.9,20190600,1326.9,20190600,1320.2,20190400
2019-02-28 05:30:00,1326.9,20190600,1326.9,20190600,1320.0,20190400
2019-02-28 05:45:00,1326.4,20190600,1326.4,20190600,1319.8,20190400
2019-02-28 06:15:00,1326.7,20190600,1326.7,20190600,1320.2,20190400
2019-02-28 06:30:00,1327.7,20190600,1327.7,20190600,1321.1,20190400
2019-02-28 06:45:00,1328.0,20190600,1328.0,20190600,1321.3,20190400
2019-02-28 07:00:00,1328.1,20190600,1328.1,20190600,1321.8,20190400
2019-02-28 07:15:00,1330.1,20190600,1330.1,20190600,1323.2,20190400
2019-02-28 07:30:00,1330.6,20190600,1330.6,20190600,1323.9,20190400
2019-02-28 07:45:00,1330.0,20190600,1330.0,20190600,1323.3,20190400
2019-02-28 08:00:00,1331.2,20190600,1331.2,20190600,1324.4,20190400
2019-02-28 08:15:00,1330.7,20190600,1330.7,20190600,1324.7,20190400
2019-02-28 08:30:00,1332.0,20190600,1332.0,20190600,1325.4,20190400
2019-02-28 08:45:00,1331.5,20190600,1331.5,20190600,1325.1,20190400
2019-02-28 09:00:00,1332.1,20190600,1332.1,20190600,1325.6,20190400
2019-02-28 09:15:00,1332.9,20190600,1332.9,20190600,1326.3,20190400
2019-02-28 09:30:00,1333.3,20190600,1333.3,20190600,1326.6,20190400
2019-02-28 09:45:00,1333.0,20190600,1333.0,20190600,1326.3,20190400
2019-02-28 10:00:00,1333.4,20190600,1333.4,20190600,1326.4,20190400
2019-02-28 10:15:00,1332.9,20190600,1332.9,20190600,1326.5,20190400
2019-02-28 10:30:00,1333.5,20190600,1333.5,20190600,1326.8,20190400
2019-02-28 10:45:00,1333.0,20190600,1333.0,20190600,1326.2,20190400
2019-02-28 11:00:00,1333.4,20190600,1333.4,20190600,1326.9,20190400
2019-02-28 11:15:00,1335.0,20190600,1335.0,20190600,1328.4,20190400
2019-02-28 11:30:00,1334.5,20190600,1334.5,20190600,1328.0,20190400
2019-02-28 11:45:00,1334.3,20190600,1334.3,20190600,1327.5,20190400
2019-02-28 12:00:00,1334.8,20190600,1334.8,20190600,1328.2,20190400
2019-02-28 12:15:00,1333.2,20190600,1333.2,20190600,1326.7,20190400
2019-02-28 12:30:00,1333.2,20190600,1333.2,20190600,1326.7,20190400
2019-02-28 12:45:00,1332.7,20190600,1332.7,20190600,1326.2,20190400
2019-02-28 13:00:00,1333.5,20190600,1333.5,20190600,1327.0,20190400
2019-02-28 13:15:00,1331.8,20190600,1331.8,20190600,1325.4,20190400
2019-02-28 13:30:00,1329.2,20190600,1329.2,20190600,1322.7,20190400
2019-02-28 13:45:00,1329.0,20190600,1329.0,20190600,1322.4,20190400
2019-02-28 14:00:00,1328.0,20190600,1328.0,20190600,1321.5,20190400
2019-02-28 14:15:00,1327.8,20190600,1327.8,20190600,1321.6,20190400
2019-02-28 14:30:00,1326.1,20190600,1326.1,20190600,1319.4,20190400
2019-02-28 14:45:00,1325.5,20190600,1325.5,20190600,1318.7,20190400
2019-02-28 15:00:00,1324.8,20190600,1324.8,20190600,1318.2,20190400
2019-02-28 15:15:00,1322.1,20190600,1322.1,20190600,1315.5,20190400
2019-02-28 15:30:00,1323.1,20190600,1323.1,20190600,1316.5,20190400
2019-02-28 15:45:00,1323.2,20190600,1323.2,20190600,1316.8,20190400
2019-02-28 16:00:00,1324.0,20190600,1324.0,20190600,1317.1,20190400
2019-02-28 16:15:00,1323.0,20190600,1323.0,20190600,1316.4,20190400
2019-02-28 16:30:00,1323.5,20190600,1323.5,20190600,1316.8,20190400
2019-02-28 16:45:00,1323.4,20190600,1323.4,20190600,1316.8,20190400
2019-02-28 17:00:00,1322.8,20190600,1322.8,20190600,1316.3,20190400
2019-02-28 17:15:00,1322.8,20190600,1322.8,20190600,1316.2,20190400
2019-02-28 17:30:00,1322.8,20190600,1322.8,20190600,1316.2,20190400
2019-02-28 17:45:00,1323.2,20190600,1323.2,20190600,1316.7,20190400
2019-02-28 18:00:00,1323.1,20190600,1323.1,20190600,1316.6,20190400
2019-02-28 18:15:00,1322.8,20190600,1322.8,20190600,1316.1,20190400
2019-02-28 18:30:00,1321.6,20190600,1321.6,20190600,1315.2,20190400
2019-02-28 18:45:00,1322.4,20190600,1322.4,20190600,1316.0,20190400
2019-02-28 19:00:00,1322.6,20190600,1322.6,20190600,1316.2,20190400
2019-02-28 19:15:00,1323.0,20190600,1323.0,20190600,1316.7,20190400
2019-02-28 19:30:00,1322.7,20190600,1322.7,20190600,1315.9,20190400
2019-02-28 19:45:00,1321.8,20190600,1321.8,20190600,1315.1,20190400
2019-02-28 20:00:00,1321.4,20190600,1321.4,20190600,1314.9,20190400
2019-02-28 20:15:00,1321.4,20190600,1321.4,20190600,1314.4,20190400
2019-02-28 20:30:00,1321.8,20190600,1321.8,20190600,1315.5,20190400
2019-02-28 20:45:00,1320.6,20190600,1320.6,20190600,1314.2,20190400
2019-02-28 21:00:00,1321.0,20190600,1321.0,20190600,1314.2,20190400
2019-02-28 21:15:00,1321.2,20190600,1321.2,20190600,1314.5,20190400
2019-02-28 21:30:00,1320.8,20190600,1320.8,20190600,1314.4,20190400
2019-02-28 21:45:00,1321.2,20190600,1321.2,20190600,1314.7,20190400
2019-02-28 23:00:00,1326.7,20190600,1326.7,20190600,1320.3,20190400
2019-02-28 23:15:00,1322.2,20190600,1322.2,20190600,1315.6,20190400
2019-02-28 23:30:00,1321.8,20190600,1321.8,20190600,1315.1,20190400
2019-02-28 23:45:00,1322.3,20190600,1322.3,20190600,1315.6,20190400
2019-03-01 00:00:00,1321.7,20190600,1321.7,20190600,1314.5,20190400
2019-03-01 00:15:00,1321.7,20190600,1321.7,20190600,1314.6,20190400
2019-03-01 00:30:00,1321.7,20190600,1321.7,20190600,1315.0,20190400
2019-03-01 00:45:00,1321.7,20190600,1321.7,20190600,1314.6,20190400
2019-03-01 01:00:00,1322.2,20190600,1322.2,20190600,1315.4,20190400
2019-03-01 01:15:00,1322.4,20190600,1322.4,20190600,1315.8,20190400
2019-03-01 01:30:00,1322.5,20190600,1322.5,20190600,1315.9,20190400
2019-03-01 01:45:00,1323.2,20190600,1323.2,20190600,1315.6,20190400
2019-03-01 02:00:00,1321.8,20190600,1321.8,20190600,1315.1,20190400
2019-03-01 02:15:00,1321.4,20190600,1321.4,20190600,1314.5,20190400
2019-03-01 02:30:00,1320.2,20190600,1320.2,20190600,1313.8,20190400
2019-03-01 02:45:00,1321.3,20190600,1321.3,20190600,1314.6,20190400
2019-03-01 03:00:00,1321.1,20190600,1321.1,20190600,1314.8,20190400
2019-03-01 03:15:00,1321.4,20190600,1321.4,20190600,1314.4,20190400
2019-03-01 03:30:00,1321.4,20190600,1321.4,20190600,1314.5,20190400
2019-03-01 03:45:00,1321.4,20190600,1321.4,20190600,1314.5,20190400
2019-03-01 04:00:00,1321.4,20190600,1321.4,20190600,1314.7,20190400
2019-03-01 04:15:00,1321.4,20190600,1321.4,20190600,1314.6,20190400
2019-03-01 04:30:00,1321.0,20190600,1321.0,20190600,1314.7,20190400
2019-03-01 04:45:00,1321.0,20190600,1321.0,20190600,1314.5,20190400
2019-03-01 05:15:00,1320.9,20190600,1320.9,20190600,1314.1,20190400
2019-03-01 05:30:00,1320.5,20190600,1320.5,20190600,1314.0,20190400
2019-03-01 05:45:00,1319.2,20190600,1319.2,20190600,1312.9,20190400
2019-03-01 06:15:00,1319.3,20190600,1319.3,20190600,1313.0,20190400
2019-03-01 06:30:00,1319.6,20190600,1319.6,20190600,1313.1,20190400
2019-03-01 06:45:00,1318.4,20190600,1318.4,20190600,1311.7,20190400
2019-03-01 07:00:00,1317.7,20190600,1317.7,20190600,1311.3,20190400
2019-03-01 07:15:00,1317.9,20190600,1317.9,20190600,1311.0,20190400
2019-03-01 07:30:00,1317.7,20190600,1317.7,20190600,1310.5,20190400
2019-03-01 07:45:00,1316.9,20190600,1316.9,20190600,1310.3,20190400
2019-03-01 08:00:00,1315.0,20190600,1315.0,20190600,1308.4,20190400
2019-03-01 08:15:00,1315.8,20190600,1315.8,20190600,1309.2,20190400
2019-03-01 08:30:00,1315.6,20190600,1315.6,20190600,1309.1,20190400
2019-03-01 08:45:00,1315.1,20190600,1315.1,20190600,1308.6,20190400
2019-03-01 09:00:00,1314.4,20190600,1314.4,20190600,1307.8,20190400
2019-03-01 09:15:00,1314.3,20190600,1314.3,20190600,1307.7,20190400
2019-03-01 09:30:00,1314.2,20190600,1314.2,20190600,1307.9,20190400
2019-03-01 09:45:00,1315.6,20190600,1315.6,20190600,1309.1,20190400
2019-03-01 10:00:00,1316.0,20190600,1316.0,20190600,1310.2,20190400
2019-03-01 10:15:00,1318.0,20190600,1318.0,20190600,1311.4,20190400
2019-03-01 10:30:00,1318.1,20190600,1318.1,20190600,1311.3,20190400
2019-03-01 10:45:00,1316.3,20190600,1316.3,20190600,1310.2,20190400
2019-03-01 11:00:00,1317.1,20190600,1317.1,20190600,1310.2,20190400
2019-03-01 11:15:00,1316.8,20190600,1316.8,20190600,1310.2,20190400
2019-03-01 11:30:00,1317.1,20190600,1317.1,20190600,1310.2,20190400
2019-03-01 11:45:00,1316.5,20190600,1316.5,20190600,1310.1,20190400
2019-03-01 12:00:00,1316.8,20190600,1316.8,20190600,1309.4,20190400
2019-03-01 12:15:00,1316.0,20190600,1316.0,20190600,1309.1,20190400
2019-03-01 12:30:00,1314.9,20190600,1314.9,20190600,1308.2,20190400
2019-03-01 12:45:00,1314.0,20190600,1314.0,20190600,1307.3,20190400
2019-03-01 13:00:00,1313.8,20190600,1313.8,20190600,1307.9,20190400
2019-03-01 13:15:00,1313.3,20190600,1313.3,20190600,1307.1,20190400
2019-03-01 13:30:00,1312.3,20190600,1312.3,20190600,1305.6,20190400
2019-03-01 13:45:00,1313.3,20190600,1313.3,20190600,1307.0,20190400
2019-03-01 14:00:00,1313.2,20190600,1313.2,20190600,1306.8,20190400
2019-03-01 14:15:00,1314.8,20190600,1314.8,20190600,1308.3,20190400
2019-03-01 14:30:00,1316.1,20190600,1316.1,20190600,1309.5,20190400
2019-03-01 14:45:00,1316.4,20190600,1316.4,20190600,1309.9,20190400
2019-03-01 15:00:00,1317.3,20190600,1317.3,20190600,1310.7,20190400
2019-03-01 15:15:00,1315.3,20190600,1315.3,20190600,1309.3,20190400
2019-03-01 15:30:00,1314.6,20190600,1314.6,20190600,1308.1,20190400
2019-03-01 15:45:00,1313.4,20190600,1313.4,20190600,1306.8,20190400
2019-03-01 16:00:00,1311.2,20190600,1311.2,20190600,1304.6,20190400
2019-03-01 16:15:00,1311.3,20190600,1311.3,20190600,1304.8,20190400
2019-03-01 16:30:00,1310.9,20190600,1310.9,20190600,1304.6,20190400
2019-03-01 16:45:00,1309.0,20190600,1309.0,20190600,1302.6,20190400
2019-03-01 17:00:00,1307.2,20190600,1307.2,20190600,1300.5,20190400
2019-03-01 17:15:00,1308.2,20190600,1308.2,20190600,1301.6,20190400
2019-03-01 17:30:00,1307.6,20190600,1307.6,20190600,1301.0,20190400
2019-03-01 17:45:00,1306.1,20190600,1306.1,20190600,1299.6,20190400
2019-03-01 18:00:00,1307.2,20190600,1307.2,20190600,1300.5,20190400
2019-03-01 18:15:00,1305.6,20190600,1305.6,20190600,1299.1,20190400
2019-03-01 18:30:00,1303.7,20190600,1303.7,20190600,1297.3,20190400
2019-03-01 18:45:00,1304.4,20190600,1304.4,20190600,1297.6,20190400
2019-03-01 19:00:00,1301.3,20190600,1301.3,20190600,1294.8,20190400
2019-03-01 19:15:00,1300.8,20190600,1300.8,20190600,1294.1,20190400
2019-03-01 19:30:00,1302.3,20190600,1302.3,20190600,1295.5,20190400
2019-03-01 19:45:00,1300.7,20190600,1300.7,20190600,1294.5,20190400
2019-03-01 20:00:00,1300.1,20190600,1300.1,20190600,1294.1,20190400
2019-03-01 20:15:00,1300.8,20190600,1300.8,20190600,1294.1,20190400
2019-03-01 20:30:00,1300.8,20190600,1300.8,20190600,1293.6,20190400
2019-03-01 20:45:00,1297.8,20190600,1297.8,20190600,1291.4,20190400
2019-03-01 21:00:00,1299.1,20190600,1299.1,20190600,1292.7,20190400
2019-03-01 21:15:00,1300.5,20190600,1300.5,20190600,1294.1,20190400
2019-03-01 21:30:00,1300.8,20190600,1300.8,20190600,1294.4,20190400
2019-03-01 21:45:00,1301.0,20190600,1301.0,20190600,1294.5,20190400
2019-03-01 23:00:00,1319.7,20190600,1319.7,20190600,1313.1,20190400
2019-03-03 23:00:00,1303.7,20190600,1303.7,20190600,1297.3,20190400
2019-03-03 23:15:00,1303.4,20190600,1303.4,20190600,1296.7,20190400
2019-03-03 23:30:00,1302.9,20190600,1302.9,20190600,1296.3,20190400
2019-03-03 23:45:00,1302.7,20190600,1302.7,20190600,1296.3,20190400
2019-03-04 00:00:00,1301.9,20190600,1301.9,20190600,1295.3,20190400
2019-03-04 00:15:00,1301.8,20190600,1301.8,20190600,1295.2,20190400
2019-03-04 00:30:00,1301.1,20190600,1301.1,20190600,1294.8,20190400
2019-03-04 00:45:00,1302.2,20190600,1302.2,20190600,1295.8,20190400
2019-03-04 01:00:00,1303.5,20190600,1303.5,20190600,1297.1,20190400
2019-03-04 01:15:00,1304.1,20190600,1304.1,20190600,1297.6,20190400
2019-03-04 01:30:00,1303.2,20190600,1303.2,20190600,1297.5,20190400
2019-03-04 01:45:00,1303.8,20190600,1303.8,20190600,1297.4,20190400
2019-03-04 02:00:00,1304.0,20190600,1304.0,20190600,1297.5,20190400
2019-03-04 02:15:00,1303.7,20190600,1303.7,20190600,1297.3,20190400
2019-03-04 02:30:00,1304.5,20190600,1304.5,20190600,1298.1,20190400
2019-03-04 02:45:00,1304.6,20190600,1304.6,20190600,1297.9,20190400
2019-03-04 03:00:00,1303.5,20190600,1303.5,20190600,1297.0,20190400
2019-03-04 03:15:00,1303.4,20190600,1303.4,20190600,1296.9,20190400
2019-03-04 03:30:00,1303.5,20190600,1303.5,20190600,1297.6,20190400
2019-03-04 03:45:00,1304.2,20190600,1304.2,20190600,1297.7,20190400
2019-03-04 04:00:00,1304.2,20190600,1304.2,20190600,1297.6,20190400
2019-03-04 04:15:00,1304.0,20190600,1304.0,20190600,1297.5,20190400
2019-03-04 04:30:00,1304.0,20190600,1304.0,20190600,1297.1,20190400
2019-03-04 04:45:00,1303.6,20190600,1303.6,20190600,1297.1,20190400
2019-03-04 05:15:00,1303.6,20190600,1303.6,20190600,1297.0,20190400
2019-03-04 05:30:00,1302.6,20190600,1302.6,20190600,1296.0,20190400
2019-03-04 05:45:00,1301.6,20190600,1301.6,20190600,1295.2,20190400
2019-03-04 06:15:00,1301.1,20190600,1301.1,20190600,1294.8,20190400
2019-03-04 06:30:00,1301.7,20190600,1301.7,20190600,1295.6,20190400
2019-03-04 06:45:00,1301.9,20190600,1301.9,20190600,1295.5,20190400
2019-03-04 07:00:00,1301.0,20190600,1301.0,20190600,1294.6,20190400
2019-03-04 07:15:00,1300.1,20190600,1300.1,20190600,1293.7,20190400
2019-03-04 07:30:00,1299.2,20190600,1299.2,20190600,1292.6,20190400
2019-03-04 07:45:00,1298.7,20190600,1298.7,20190600,1292.2,20190400
2019-03-04 08:00:00,1298.6,20190600,1298.6,20190600,1292.3,20190400
2019-03-04 08:15:00,1297.9,20190600,1297.9,20190600,1291.4,20190400
2019-03-04 08:30:00,1295.6,20190600,1295.6,20190600,1289.2,20190400
2019-03-04 08:45:00,1294.9,20190600,1294.9,20190600,1288.5,20190400
2019-03-04 09:00:00,1295.1,20190600,1295.1,20190600,1288.6,20190400
2019-03-04 09:15:00,1294.3,20190600,1294.3,20190600,1288.1,20190400
2019-03-04 09:30:00,1294.9,20190600,1294.9,20190600,1288.5,20190400
2019-03-04 09:45:00,1295.5,20190600,1295.5,20190600,1289.0,20190400
2019-03-04 10:00:00,1295.3,20190600,1295.3,20190600,1288.8,20190400
2019-03-04 10:15:00,1295.3,20190600,1295.3,20190600,1289.0,20190400
2019-03-04 10:30:00,1294.8,20190600,1294.8,20190600,1288.3,20190400
2019-03-04 10:45:00,1294.2,20190600,1294.2,20190600,1288.1,20190400
2019-03-04 11:00:00,1294.9,20190600,1294.9,20190600,1288.6,20190400
2019-03-04 11:15:00,1294.8,20190600,1294.8,20190600,1288.3,20190400
2019-03-04 11:30:00,1295.1,20190600,1295.1,20190600,1288.6,20190400
2019-03-04 11:45:00,1293.5,20190600,1293.5,20190600,1287.2,20190400
2019-03-04 12:00:00,1294.1,20190600,1294.1,20190600,1287.6,20190400
2019-03-04 12:15:00,1295.9,20190600,1295.9,20190600,1289.6,20190400
2019-03-04 12:30:00,1293.4,20190600,1293.4,20190600,1286.9,20190400
2019-03-04 12:45:00,1292.8,20190600,1292.8,20190600,1286.3,20190400
2019-03-04 13:00:00,1292.8,20190600,1292.8,20190600,1286.4,20190400
2019-03-04 13:15:00,1295.5,20190600,1295.5,20190600,1289.5,20190400
2019-03-04 13:30:00,1296.2,20190600,1296.2,20190600,1289.8,20190400
2019-03-04 13:45:00,1294.4,20190600,1294.4,20190600,1287.8,20190400
2019-03-04 14:00:00,1295.0,20190600,1295.0,20190600,1288.3,20190400
2019-03-04 14:15:00,1294.1,20190600,1294.1,20190600,1287.7,20190400
2019-03-04 14:30:00,1292.0,20190600,1292.0,20190600,1285.5,20190400
2019-03-04 14:45:00,1293.5,20190600,1293.5,20190600,1287.2,20190400
2019-03-04 15:00:00,1292.9,20190600,1292.9,20190600,1286.5,20190400
2019-03-04 15:15:00,1291.9,20190600,1291.9,20190600,1285.2,20190400
2019-03-04 15:30:00,1292.6,20190600,1292.6,20190600,1286.1,20190400
2019-03-04 15:45:00,1292.9,20190600,1292.9,20190600,1286.6,20190400
2019-03-04 16:00:00,1293.5,20190600,1293.5,20190600,1287.1,20190400
2019-03-04 16:15:00,1294.3,20190600,1294.3,20190600,1287.8,20190400
2019-03-04 16:30:00,1294.9,20190600,1294.9,20190600,1288.5,20190400
2019-03-04 16:45:00,1296.9,20190600,1296.9,20190600,1290.6,20190400
2019-03-04 17:00:00,1296.1,20190600,1296.1,20190600,1289.7,20190400
2019-03-04 17:15:00,1295.8,20190600,1295.8,20190600,1289.5,20190400
2019-03-04 17:30:00,1295.5,20190600,1295.5,20190600,1288.7,20190400
2019-03-04 17:45:00,1294.2,20190600,1294.2,20190600,1287.6,20190400
2019-03-04 18:00:00,1295.0,20190600,1295.0,20190600,1288.5,20190400
2019-03-04 18:15:00,1294.0,20190600,1294.0,20190600,1287.8,20190400
2019-03-04 18:30:00,1295.0,20190600,1295.0,20190600,1288.7,20190400
2019-03-04 18:45:00,1295.4,20190600,1295.4,20190600,1289.2,20190400
2019-03-04 19:00:00,1294.7,20190600,1294.7,20190600,1288.2,20190400
2019-03-04 19:15:00,1294.9,20190600,1294.9,20190600,1288.4,20190400
2019-03-04 19:30:00,1295.4,20190600,1295.4,20190600,1288.4,20190400
2019-03-04 19:45:00,1295.0,20190600,1295.0,20190600,1288.2,20190400
2019-03-04 20:00:00,1294.8,20190600,1294.8,20190600,1287.8,20190400
2019-03-04 20:15:00,1293.8,20190600,1293.8,20190600,1287.5,20190400
2019-03-04 20:30:00,1294.5,20190600,1294.5,20190600,1287.7,20190400
2019-03-04 20:45:00,1294.5,20190600,1294.5,20190600,1287.8,20190400
2019-03-04 21:00:00,1293.8,20190600,1293.8,20190600,1287.3,20190400
2019-03-04 21:15:00,1293.9,20190600,1293.9,20190600,1287.5,20190400
2019-03-04 21:30:00,1293.9,20190600,1293.9,20190600,1287.6,20190400
2019-03-04 21:45:00,1294.2,20190600,1294.2,20190600,1287.7,20190400
2019-03-04 23:00:00,1301.2,20190600,1301.2,20190600,1294.7,20190400
2019-03-04 23:15:00,1294.8,20190600,1294.8,20190600,1288.7,20190400
2019-03-04 23:30:00,1294.7,20190600,1294.7,20190600,1288.3,20190400
2019-03-04 23:45:00,1294.7,20190600,1294.7,20190600,1288.2,20190400
2019-03-05 00:00:00,1293.6,20190600,1293.6,20190600,1287.1,20190400
2019-03-05 00:15:00,1293.1,20190600,1293.1,20190600,1286.9,20190400
2019-03-05 00:30:00,1293.3,20190600,1293.3,20190600,1286.7,20190400
2019-03-05 00:45:00,1293.8,20190600,1293.8,20190600,1287.5,20190400
2019-03-05 01:00:00,1294.3,20190600,1294.3,20190600,1287.6,20190400
2019-03-05 01:15:00,1293.7,20190600,1293.7,20190600,1287.4,20190400
2019-03-05 01:30:00,1293.9,20190600,1293.9,20190600,1288.0,20190400
2019-03-05 01:45:00,1295.0,20190600,1295.0,20190600,1288.6,20190400
2019-03-05 02:00:00,1295.0,20190600,1295.0,20190600,1288.2,20190400
2019-03-05 02:15:00,1294.8,20190600,1294.8,20190600,1288.3,20190400
2019-03-05 02:30:00,1295.1,20190600,1295.1,20190600,1289.0,20190400
2019-03-05 02:45:00,1295.4,20190600,1295.4,20190600,1288.9,20190400
2019-03-05 03:00:00,1295.9,20190600,1295.9,20190600,1289.4,20190400
2019-03-05 03:15:00,1296.3,20190600,1296.3,20190600,1289.9,20190400
2019-03-05 03:30:00,1296.2,20190600,1296.2,20190600,1289.7,20190400
2019-03-05 03:45:00,1296.4,20190600,1296.4,20190600,1289.3,20190400
2019-03-05 04:00:00,1295.5,20190600,1295.5,20190600,1289.2,20190400
2019-03-05 04:15:00,1295.8,20190600,1295.8,20190600,1289.4,20190400
2019-03-05 04:30:00,1295.8,20190600,1295.8,20190600,1289.5,20190400
2019-03-05 04:45:00,1296.1,20190600,1296.1,20190600,1289.9,20190400
2019-03-05 05:15:00,1296.0,20190600,1296.0,20190600,1289.6,20190400
2019-03-05 05:30:00,1296.1,20190600,1296.1,20190600,1289.7,20190400
2019-03-05 05:45:00,1295.6,20190600,1295.6,20190600,1289.2,20190400
2019-03-05 06:15:00,1295.7,20190600,1295.7,20190600,1289.4,20190400
2019-03-05 06:30:00,1295.6,20190600,1295.6,20190600,1288.9,20190400
2019-03-05 06:45:00,1294.6,20190600,1294.6,20190600,1288.0,20190400
2019-03-05 07:00:00,1294.1,20190600,1294.1,20190600,1287.2,20190400
2019-03-05 07:15:00,1292.2,20190600,1292.2,20190600,1286.0,20190400
2019-03-05 07:30:00,1292.9,20190600,1292.9,20190600,1286.3,20190400
2019-03-05 07:45:00,1292.3,20190600,1292.3,20190600,1286.0,20190400
2019-03-05 08:00:00,1292.0,20190600,1292.0,20190600,1285.7,20190400
2019-03-05 08:15:00,1293.8,20190600,1293.8,20190600,1287.3,20190400
2019-03-05 08:30:00,1293.2,20190600,1293.2,20190600,1286.5,20190400
2019-03-05 08:45:00,1292.5,20190600,1292.5,20190600,1285.8,20190400
2019-03-05 09:00:00,1292.0,20190600,1292.0,20190600,1285.3,20190400
2019-03-05 09:15:00,1291.3,20190600,1291.3,20190600,1284.9,20190400
2019-03-05 09:30:00,1292.0,20190600,1292.0,20190600,1285.7,20190400
2019-03-05 09:45:00,1292.0,20190600,1292.0,20190600,1285.5,20190400
2019-03-05 10:00:00,1291.3,20190600,1291.3,20190600,1285.1,20190400
2019-03-05 10:15:00,1291.6,20190600,1291.6,20190600,1285.4,20190400
2019-03-05 10:30:00,1292.2,20190600,1292.2,20190600,1285.7,20190400
2019-03-05 10:45:00,1292.0,20190600,1292.0,20190600,1285.5,20190400
2019-03-05 11:00:00,1292.3,20190600,1292.3,20190600,1285.8,20190400
2019-03-05 11:15:00,1292.1,20190600,1292.1,20190600,1285.5,20190400
2019-03-05 11:30:00,1293.0,20190600,1293.0,20190600,1286.7,20190400
2019-03-05 11:45:00,1293.4,20190600,1293.4,20190600,1286.7,20190400
2019-03-05 12:00:00,1294.0,20190600,1294.0,20190600,1287.3,20190400
2019-03-05 12:15:00,1293.2,20190600,1293.2,20190600,1286.8,20190400
2019-03-05 12:30:00,1292.4,20190600,1292.4,20190600,1285.9,20190400
2019-03-05 12:45:00,1293.5,20190600,1293.5,20190600,1287.1,20190400
2019-03-05 13:00:00,1294.6,20190600,1294.6,20190600,1288.3,20190400
2019-03-05 13:15:00,1294.3,20190600,1294.3,20190600,1287.8,20190400
2019-03-05 13:30:00,1293.0,20190600,1293.0,20190600,1286.7,20190400
2019-03-05 13:45:00,1293.0,20190600,1293.0,20190600,1286.7,20190400
2019-03-05 14:00:00,1293.6,20190600,1293.6,20190600,1286.8,20190400
2019-03-05 14:15:00,1292.4,20190600,1292.4,20190600,1285.8,20190400
2019-03-05 14:30:00,1292.9,20190600,1292.9,20190600,1286.3,20190400
2019-03-05 14:45:00,1293.4,20190600,1293.4,20190600,1286.7,20190400
2019-03-05 15:00:00,1290.3,20190600,1290.3,20190600,1284.1,20190400
2019-03-05 15:15:00,1290.1,20190600,1290.1,20190600,1283.7,20190400
2019-03-05 15:30:00,1291.1,20190600,1291.1,20190600,1284.7,20190400
2019-03-05 15:45:00,1291.7,20190600,1291.7,20190600,1285.1,20190400
2019-03-05 16:00:00,1292.4,20190600,1292.4,20190600,1285.9,20190400
2019-03-05 16:15:00,1291.7,20190600,1291.7,20190600,1285.2,20190400
2019-03-05 16:30:00,1290.9,20190600,1290.9,20190600,1284.5,20190400
2019-03-05 16:45:00,1290.9,20190600,1290.9,20190600,1284.4,20190400
2019-03-05 17:00:00,1290.4,20190600,1290.4,20190600,1284.0,20190400
2019-03-05 17:15:00,1290.5,20190600,1290.5,20190600,1284.0,20190400
2019-03-05 17:30:00,1290.3,20190600,1290.3,20190600,1283.8,20190400
2019-03-05 17:45:00,1290.4,20190600,1290.4,20190600,1284.0,20190400
2019-03-05 18:00:00,1290.3,20190600,1290.3,20190600,1284.0,20190400
2019-03-05 18:15:00,1291.3,20190600,1291.3,20190600,1284.8,20190400
2019-03-05 18:30:00,1293.6,20190600,1293.6,20190600,1286.8,20190400
2019-03-05 18:45:00,1293.5,20190600,1293.5,20190600,1287.0,20190400
2019-03-05 19:00:00,1293.0,20190600,1293.0,20190600,1286.6,20190400
2019-03-05 19:15:00,1293.3,20190600,1293.3,20190600,1286.7,20190400
2019-03-05 19:30:00,1293.5,20190600,1293.5,20190600,1287.0,20190400
2019-03-05 19:45:00,1294.4,20190600,1294.4,20190600,1287.6,20190400
2019-03-05 20:00:00,1294.4,20190600,1294.4,20190600,1287.9,20190400
2019-03-05 20:15:00,1295.3,20190600,1295.3,20190600,1288.9,20190400
2019-03-05 20:30:00,1295.0,20190600,1295.0,20190600,1288.4,20190400
2019-03-05 20:45:00,1295.5,20190600,1295.5,20190600,1289.2,20190400
2019-03-05 21:00:00,1295.1,20190600,1295.1,20190600,1288.4,20190400
2019-03-05 21:15:00,1295.2,20190600,1295.2,20190600,1288.8,20190400
2019-03-05 21:30:00,1294.8,20190600,1294.8,20190600,1288.3,20190400
2019-03-05 21:45:00,1295.4,20190600,1295.4,20190600,1288.6,20190400
2019-03-05 23:00:00,1295.4,20190600,1295.4,20190600,1289.2,20190400
2019-03-05 23:15:00,1295.0,20190600,1295.0,20190600,1288.6,20190400
2019-03-05 23:30:00,1295.2,20190600,1295.2,20190600,1288.6,20190400
2019-03-05 23:45:00,1295.2,20190600,1295.2,20190600,1288.7,20190400
2019-03-06 00:00:00,1296.4,20190600,1296.4,20190600,1289.7,20190400
2019-03-06 00:15:00,1296.8,20190600,1296.8,20190600,1289.7,20190400
2019-03-06 00:30:00,1295.9,20190600,1295.9,20190600,1289.4,20190400
2019-03-06 00:45:00,1295.9,20190600,1295.9,20190600,1289.1,20190400
2019-03-06 01:00:00,1294.5,20190600,1294.5,20190600,1288.1,20190400
2019-03-06 01:15:00,1294.8,20190600,1294.8,20190600,1288.2,20190400
2019-03-06 01:30:00,1295.4,20190600,1295.4,20190600,1289.0,20190400
2019-03-06 01:45:00,1295.0,20190600,1295.0,20190600,1288.7,20190400
2019-03-06 02:00:00,1294.6,20190600,1294.6,20190600,1288.1,20190400
2019-03-06 02:15:00,1294.4,20190600,1294.4,20190600,1287.7,20190400
2019-03-06 02:30:00,1294.4,20190600,1294.4,20190600,1287.6,20190400
2019-03-06 02:45:00,1294.1,20190600,1294.1,20190600,1287.4,20190400
2019-03-06 03:00:00,1294.6,20190600,1294.6,20190600,1288.2,20190400
2019-03-06 03:15:00,1294.5,20190600,1294.5,20190600,1288.1,20190400
2019-03-06 03:30:00,1294.1,20190600,1294.1,20190600,1287.6,20190400
2019-03-06 03:45:00,1294.5,20190600,1294.5,20190600,1287.9,20190400
2019-03-06 04:00:00,1294.6,20190600,1294.6,20190600,1288.1,20190400
2019-03-06 04:15:00,1294.7,20190600,1294.7,20190600,1288.1,20190400
2019-03-06 04:30:00,1294.7,20190600,1294.7,20190600,1288.4,20190400
2019-03-06 04:45:00,1294.7,20190600,1294.7,20190600,1288.0,20190400
2019-03-06 05:15:00,1293.9,20190600,1293.9,20190600,1287.9,20190400
2019-03-06 05:30:00,1294.4,20190600,1294.4,20190600,1288.3,20190400
2019-03-06 05:45:00,1295.8,20190600,1295.8,20190600,1289.2,20190400
2019-03-06 06:15:00,1295.8,20190600,1295.8,20190600,1289.6,20190400
2019-03-06 06:30:00,1296.4,20190600,1296.4,20190600,1289.6,20190400
2019-03-06 06:45:00,1297.9,20190600,1297.9,20190600,1291.2,20190400
2019-03-06 07:00:00,1297.9,20190600,1297.9,20190600,1291.3,20190400
2019-03-06 07:15:00,1297.5,20190600,1297.5,20190600,1291.0,20190400
2019-03-06 07:30:00,1297.4,20190600,1297.4,20190600,1290.7,20190400
2019-03-06 07:45:00,1296.6,20190600,1296.6,20190600,1289.9,20190400
2019-03-06 08:00:00,1296.6,20190600,1296.6,20190600,1289.8,20190400
2019-03-06 08:15:00,1295.3,20190600,1295.3,20190600,1288.8,20190400
2019-03-06 08:30:00,1295.1,20190600,1295.1,20190600,1288.4,20190400
2019-03-06 08:45:00,1294.5,20190600,1294.5,20190600,1288.4,20190400
2019-03-06 09:00:00,1293.5,20190600,1293.5,20190600,1287.0,20190400
2019-03-06 09:15:00,1293.2,20190600,1293.2,20190600,1286.7,20190400
2019-03-06 09:30:00,1294.2,20190600,1294.2,20190600,1287.6,20190400
2019-03-06 09:45:00,1294.0,20190600,1294.0,20190600,1286.8,20190400
2019-03-06 10:00:00,1293.9,20190600,1293.9,20190600,1287.0,20190400
2019-03-06 10:15:00,1293.3,20190600,1293.3,20190600,1287.0,20190400
2019-03-06 10:30:00,1293.0,20190600,1293.0,20190600,1286.3,20190400
2019-03-06 10:45:00,1292.6,20190600,1292.6,20190600,1286.1,20190400
2019-03-06 11:00:00,1293.1,20190600,1293.1,20190600,1286.7,20190400
2019-03-06 11:15:00,1293.5,20190600,1293.5,20190600,1286.8,20190400
2019-03-06 11:30:00,1292.6,20190600,1292.6,20190600,1286.3,20190400
2019-03-06 11:45:00,1293.2,20190600,1293.2,20190600,1286.3,20190400
2019-03-06 12:00:00,1293.7,20190600,1293.7,20190600,1287.2,20190400
2019-03-06 12:15:00,1293.9,20190600,1293.9,20190600,1287.3,20190400
2019-03-06 12:30:00,1293.9,20190600,1293.9,20190600,1287.7,20190400
2019-03-06 12:45:00,1294.0,20190600,1294.0,20190600,1287.6,20190400
2019-03-06 13:00:00,1294.8,20190600,1294.8,20190600,1288.1,20190400
2019-03-06 13:15:00,1293.1,20190600,1293.1,20190600,1286.7,20190400
2019-03-06 13:30:00,1293.1,20190600,1293.1,20190600,1286.1,20190400
2019-03-06 13:45:00,1292.0,20190600,1292.0,20190600,1285.4,20190400
2019-03-06 14:00:00,1292.3,20190600,1292.3,20190600,1285.9,20190400
2019-03-06 14:15:00,1292.9,20190600,1292.9,20190600,1285.9,20190400
2019-03-06 14:30:00,1292.8,20190600,1292.8,20190600,1286.3,20190400
2019-03-06 14:45:00,1293.1,20190600,1293.1,20190600,1286.6,20190400
2019-03-06 15:00:00,1291.5,20190600,1291.5,20190600,1285.1,20190400
2019-03-06 15:15:00,1291.9,20190600,1291.9,20190600,1285.4,20190400
2019-03-06 15:30:00,1294.2,20190600,1294.2,20190600,1287.6,20190400
2019-03-06 15:45:00,1293.5,20190600,1293.5,20190600,1287.0,20190400
2019-03-06 16:00:00,1294.0,20190600,1294.0,20190600,1287.4,20190400
2019-03-06 16:15:00,1293.3,20190600,1293.3,20190600,1286.7,20190400
2019-03-06 16:30:00,1293.6,20190600,1293.6,20190600,1287.0,20190400
2019-03-06 16:45:00,1294.2,20190600,1294.2,20190600,1287.5,20190400
2019-03-06 17:00:00,1294.0,20190600,1294.0,20190600,1287.4,20190400
2019-03-06 17:15:00,1294.4,20190600,1294.4,20190600,1288.0,20190400
2019-03-06 17:30:00,1293.9,20190600,1293.9,20190600,1287.4,20190400
2019-03-06 17:45:00,1293.7,20190600,1293.7,20190600,1287.0,20190400
2019-03-06 18:00:00,1293.5,20190600,1293.5,20190600,1287.0,20190400
2019-03-06 18:15:00,1294.3,20190600,1294.3,20190600,1287.8,20190400
2019-03-06 18:30:00,1293.1,20190600,1293.1,20190600,1286.6,20190400
2019-03-06 18:45:00,1293.3,20190600,1293.3,20190600,1286.6,20190400
2019-03-06 19:00:00,1293.2,20190600,1293.2,20190600,1286.8,20190400
2019-03-06 19:15:00,1293.0,20190600,1293.0,20190600,1286.5,20190400
2019-03-06 19:30:00,1293.4,20190600,1293.4,20190600,1286.8,20190400
2019-03-06 19:45:00,1293.2,20190600,1293.2,20190600,1286.7,20190400
2019-03-06 20:00:00,1293.2,20190600,1293.2,20190600,1287.0,20190400
2019-03-06 20:15:00,1293.8,20190600,1293.8,20190600,1287.6,20190400
2019-03-06 20:30:00,1294.4,20190600,1294.4,20190600,1287.7,20190400
2019-03-06 20:45:00,1294.8,20190600,1294.8,20190600,1288.3,20190400
2019-03-06 21:00:00,1294.6,20190600,1294.6,20190600,1287.9,20190400
2019-03-06 21:15:00,1294.6,20190600,1294.6,20190600,1287.6,20190400
2019-03-06 21:30:00,1294.4,20190600,1294.4,20190600,1287.6,20190400
2019-03-06 21:45:00,1293.8,20190600,1293.8,20190600,1287.1,20190400
2019-03-06 23:00:00,1295.1,20190600,1295.1,20190600,1289.1,20190400
2019-03-06 23:15:00,1294.2,20190600,1294.2,20190600,1288.0,20190400
2019-03-06 23:30:00,1294.2,20190600,1294.2,20190600,1287.8,20190400
2019-03-06 23:45:00,1294.2,20190600,1294.2,20190600,1287.8,20190400
2019-03-07 00:00:00,1295.0,20190600,1295.0,20190600,1288.3,20190400
2019-03-07 00:15:00,1295.0,20190600,1295.0,20190600,1288.6,20190400
2019-03-07 00:30:00,1295.0,20190600,1295.0,20190600,1288.2,20190400
2019-03-07 00:45:00,1294.9,20190600,1294.9,20190600,1288.3,20190400
2019-03-07 01:00:00,1294.3,20190600,1294.3,20190600,1287.8,20190400
2019-03-07 01:15:00,1294.6,20190600,1294.6,20190600,1287.9,20190400
2019-03-07 01:30:00,1294.9,20190600,1294.9,20190600,1288.6,20190400
2019-03-07 01:45:00,1295.1,20190600,1295.1,20190600,1288.6,20190400
2019-03-07 02:00:00,1294.7,20190600,1294.7,20190600,1288.0,20190400
2019-03-07 02:15:00,1294.0,20190600,1294.0,20190600,1287.6,20190400
2019-03-07 02:30:00,1294.0,20190600,1294.0,20190600,1287.6,20190400
2019-03-07 02:45:00,1294.2,20190600,1294.2,20190600,1287.4,20190400
2019-03-07 03:00:00,1294.2,20190600,1294.2,20190600,1287.6,20190400
2019-03-07 03:15:00,1293.9,20190600,1293.9,20190600,1287.0,20190400
2019-03-07 03:30:00,1293.6,20190600,1293.6,20190600,1287.1,20190400
2019-03-07 03:45:00,1293.7,20190600,1293.7,20190600,1287.1,20190400
2019-03-07 04:00:00,1293.7,20190600,1293.7,20190600,1287.2,20190400
2019-03-07 04:15:00,1293.3,20190600,1293.3,20190600,1286.7,20190400
2019-03-07 04:30:00,1293.2,20190600,1293.2,20190600,1286.8,20190400
2019-03-07 04:45:00,1293.1,20190600,1293.1,20190600,1286.6,20190400
2019-03-07 05:15:00,1293.3,20190600,1293.3,20190600,1286.7,20190400
2019-03-07 05:30:00,1291.8,20190600,1291.8,20190600,1285.3,20190400
2019-03-07 05:45:00,1291.6,20190600,1291.6,20190600,1284.9,20190400
2019-03-07 06:15:00,1291.6,20190600,1291.6,20190600,1285.0,20190400
2019-03-07 06:30:00,1291.9,20190600,1291.9,20190600,1285.3,20190400
2019-03-07 06:45:00,1291.7,20190600,1291.7,20190600,1285.1,20190400
2019-03-07 07:00:00,1291.6,20190600,1291.6,20190600,1285.0,20190400
2019-03-07 07:15:00,1291.6,20190600,1291.6,20190600,1284.9,20190400
2019-03-07 07:30:00,1292.6,20190600,1292.6,20190600,1285.5,20190400
2019-03-07 07:45:00,1291.5,20190600,1291.5,20190600,1284.9,20190400
2019-03-07 08:00:00,1290.3,20190600,1290.3,20190600,1283.8,20190400
2019-03-07 08:15:00,1292.5,20190600,1292.5,20190600,1285.9,20190400
2019-03-07 08:30:00,1293.2,20190600,1293.2,20190600,1286.8,20190400
2019-03-07 08:45:00,1293.5,20190600,1293.5,20190600,1287.0,20190400
2019-03-07 09:00:00,1293.3,20190600,1293.3,20190600,1286.8,20190400
2019-03-07 09:15:00,1293.8,20190600,1293.8,20190600,1287.4,20190400
2019-03-07 09:30:00,1293.5,20190600,1293.5,20190600,1286.9,20190400
2019-03-07 09:45:00,1293.2,20190600,1293.2,20190600,1286.6,20190400
2019-03-07 10:00:00,1292.8,20190600,1292.8,20190600,1286.3,20190400
2019-03-07 10:15:00,1292.9,20190600,1292.9,20190600,1286.1,20190400
2019-03-07 10:30:00,1293.4,20190600,1293.4,20190600,1286.9,20190400
2019-03-07 10:45:00,1293.4,20190600,1293.4,20190600,1286.8,20190400
2019-03-07 11:00:00,1293.9,20190600,1293.9,20190600,1287.4,20190400
2019-03-07 11:15:00,1294.2,20190600,1294.2,20190600,1287.1,20190400
2019-03-07 11:30:00,1293.8,20190600,1293.8,20190600,1287.5,20190400
2019-03-07 11:45:00,1293.7,20190600,1293.7,20190600,1287.1,20190400
2019-03-07 12:00:00,1293.0,20190600,1293.0,20190600,1286.3,20190400
2019-03-07 12:15:00,1293.1,20190600,1293.1,20190600,1286.6,20190400
2019-03-07 12:30:00,1293.4,20190600,1293.4,20190600,1286.7,20190400
2019-03-07 12:45:00,1294.7,20190600,1294.7,20190600,1288.2,20190400
2019-03-07 13:00:00,1293.5,20190600,1293.5,20190600,1286.8,20190400
2019-03-07 13:15:00,1292.3,20190600,1292.3,20190600,1285.9,20190400
2019-03-07 13:30:00,1290.9,20190600,1290.9,20190600,1284.4,20190400
2019-03-07 13:45:00,1291.8,20190600,1291.8,20190600,1285.3,20190400
2019-03-07 14:00:00,1291.0,20190600,1291.0,20190600,1284.5,20190400
2019-03-07 14:15:00,1290.8,20190600,1290.8,20190600,1284.4,20190400
2019-03-07 14:30:00,1290.8,20190600,1290.8,20190600,1284.4,20190400
2019-03-07 14:45:00,1292.2,20190600,1292.2,20190600,1285.6,20190400
2019-03-07 15:00:00,1292.5,20190600,1292.5,20190600,1285.8,20190400
2019-03-07 15:15:00,1292.1,20190600,1292.1,20190600,1285.6,20190400
2019-03-07 15:30:00,1294.9,20190600,1294.9,20190600,1288.3,20190400
2019-03-07 15:45:00,1293.7,20190600,1293.7,20190600,1287.2,20190400
2019-03-07 16:00:00,1292.9,20190600,1292.9,20190600,1286.4,20190400
2019-03-07 16:15:00,1292.6,20190600,1292.6,20190600,1286.0,20190400
2019-03-07 16:30:00,1292.2,20190600,1292.2,20190600,1285.6,20190400
2019-03-07 16:45:00,1291.7,20190600,1291.7,20190600,1285.5,20190400
2019-03-07 17:00:00,1292.0,20190600,1292.0,20190600,1285.5,20190400
2019-03-07 17:15:00,1292.5,20190600,1292.5,20190600,1285.8,20190400
2019-03-07 17:30:00,1292.7,20190600,1292.7,20190600,1286.2,20190400
2019-03-07 17:45:00,1292.5,20190600,1292.5,20190600,1286.0,20190400
2019-03-07 18:00:00,1292.6,20190600,1292.6,20190600,1286.1,20190400
2019-03-07 18:15:00,1292.6,20190600,1292.6,20190600,1285.9,20190400
2019-03-07 18:30:00,1292.6,20190600,1292.6,20190600,1285.9,20190400
2019-03-07 18:45:00,1293.2,20190600,1293.2,20190600,1286.6,20190400
2019-03-07 19:00:00,1293.3,20190600,1293.3,20190600,1286.8,20190400
2019-03-07 19:15:00,1293.3,20190600,1293.3,20190600,1286.2,20190400
2019-03-07 19:30:00,1292.3,20190600,1292.3,20190600,1285.9,20190400
2019-03-07 19:45:00,1292.6,20190600,1292.6,20190600,1286.1,20190400
2019-03-07 20:00:00,1292.4,20190600,1292.4,20190600,1286.0,20190400
2019-03-07 20:15:00,1292.1,20190600,1292.1,20190600,1285.7,20190400
2019-03-07 20:30:00,1292.4,20190600,1292.4,20190600,1285.8,20190400
2019-03-07 20:45:00,1292.7,20190600,1292.7,20190600,1286.3,20190400
2019-03-07 21:00:00,1292.6,20190600,1292.6,20190600,1286.1,20190400
2019-03-07 21:15:00,1292.7,20190600,1292.7,20190600,1286.4,20190400
2019-03-07 21:30:00,1292.1,20190600,1292.1,20190600,1285.9,20190400
2019-03-07 21:45:00,1292.7,20190600,1292.7,20190600,1286.1,20190400
2019-03-07 23:00:00,1291.5,20190600,1291.5,20190600,1285.4,20190400
2019-03-07 23:15:00,1292.6,20190600,1292.6,20190600,1286.6,20190400
2019-03-07 23:30:00,1293.5,20190600,1293.5,20190600,1286.6,20190400
2019-03-07 23:45:00,1293.5,20190600,1293.5,20190600,1286.5,20190400
2019-03-08 00:00:00,1292.7,20190600,1292.7,20190600,1286.4,20190400
2019-03-08 00:15:00,1292.9,20190600,1292.9,20190600,1286.1,20190400
2019-03-08 00:30:00,1293.0,20190600,1293.0,20190600,1286.5,20190400
2019-03-08 00:45:00,1293.5,20190600,1293.5,20190600,1286.9,20190400
2019-03-08 01:00:00,1292.5,20190600,1292.5,20190600,1285.9,20190400
2019-03-08 01:15:00,1293.1,20190600,1293.1,20190600,1286.7,20190400
2019-03-08 01:30:00,1293.6,20190600,1293.6,20190600,1287.1,20190400
2019-03-08 01:45:00,1293.4,20190600,1293.4,20190600,1286.8,20190400
2019-03-08 02:00:00,1293.2,20190600,1293.2,20190600,1286.7,20190400
2019-03-08 02:15:00,1293.9,20190600,1293.9,20190600,1287.3,20190400
2019-03-08 02:30:00,1293.9,20190600,1293.9,20190600,1287.3,20190400
2019-03-08 02:45:00,1294.0,20190600,1294.0,20190600,1287.6,20190400
2019-03-08 03:00:00,1294.3,20190600,1294.3,20190600,1287.8,20190400
2019-03-08 03:15:00,1294.4,20190600,1294.4,20190600,1287.8,20190400
2019-03-08 03:30:00,1294.3,20190600,1294.3,20190600,1287.5,20190400
2019-03-08 03:45:00,1294.3,20190600,1294.3,20190600,1287.6,20190400
2019-03-08 04:00:00,1293.9,20190600,1293.9,20190600,1287.4,20190400
2019-03-08 04:15:00,1294.2,20190600,1294.2,20190600,1287.7,20190400
2019-03-08 04:30:00,1294.5,20190600,1294.5,20190600,1288.1,20190400
2019-03-08 04:45:00,1294.9,20190600,1294.9,20190600,1288.4,20190400
2019-03-08 05:15:00,1295.8,20190600,1295.8,20190600,1289.2,20190400
2019-03-08 05:30:00,1296.5,20190600,1296.5,20190600,1289.8,20190400
2019-03-08 05:45:00,1297.5,20190600,1297.5,20190600,1291.0,20190400
2019-03-08 06:15:00,1299.8,20190600,1299.8,20190600,1293.2,20190400
2019-03-08 06:30:00,1299.4,20190600,1299.4,20190600,1292.8,20190400
2019-03-08 06:45:00,1299.2,20190600,1299.2,20190600,1292.7,20190400
2019-03-08 07:00:00,1300.0,20190600,1300.0,20190600,1293.3,20190400
2019-03-08 07:15:00,1299.8,20190600,1299.8,20190600,1293.3,20190400
2019-03-08 07:30:00,1301.2,20190600,1301.2,20190600,1294.7,20190400
2019-03-08 07:45:00,1300.5,20190600,1300.5,20190600,1294.2,20190400
2019-03-08 08:00:00,1300.0,20190600,1300.0,20190600,1293.5,20190400
2019-03-08 08:15:00,1300.3,20190600,1300.3,20190600,1293.8,20190400
2019-03-08 08:30:00,1300.5,20190600,1300.5,20190600,1293.9,20190400
2019-03-08 08:45:00,1301.2,20190600,1301.2,20190600,1294.7,20190400
2019-03-08 09:00:00,1301.7,20190600,1301.7,20190600,1295.1,20190400
2019-03-08 09:15:00,1301.9,20190600,1301.9,20190600,1295.3,20190400
2019-03-08 09:30:00,1301.1,20190600,1301.1,20190600,1294.5,20190400
2019-03-08 09:45:00,1301.1,20190600,1301.1,20190600,1294.6,20190400
2019-03-08 10:00:00,1301.4,20190600,1301.4,20190600,1294.7,20190400
2019-03-08 10:15:00,1301.6,20190600,1301.6,20190600,1295.0,20190400
2019-03-08 10:30:00,1300.9,20190600,1300.9,20190600,1294.3,20190400
2019-03-08 10:45:00,1300.3,20190600,1300.3,20190600,1293.7,20190400
2019-03-08 11:00:00,1299.7,20190600,1299.7,20190600,1293.1,20190400
2019-03-08 11:15:00,1300.4,20190600,1300.4,20190600,1293.9,20190400
2019-03-08 11:30:00,1300.7,20190600,1300.7,20190600,1294.1,20190400
2019-03-08 11:45:00,1300.3,20190600,1300.3,20190600,1293.6,20190400
2019-03-08 12:00:00,1299.7,20190600,1299.7,20190600,1293.2,20190400
2019-03-08 12:15:00,1299.9,20190600,1299.9,20190600,1293.3,20190400
2019-03-08 12:30:00,1300.8,20190600,1300.8,20190600,1294.4,20190400
2019-03-08 12:45:00,1300.3,20190600,1300.3,20190600,1293.7,20190400
2019-03-08 13:00:00,1299.4,20190600,1299.4,20190600,1292.9,20190400
2019-03-08 13:15:00,1299.7,20190600,1299.7,20190600,1293.0,20190400
2019-03-08 13:30:00,1304.2,20190600,1304.2,20190600,1298.0,20190400
2019-03-08 13:45:00,1305.4,20190600,1305.4,20190600,1298.5,20190400
2019-03-08 14:00:00,1305.6,20190600,1305.6,20190600,1298.8,20190400
2019-03-08 14:15:00,1305.5,20190600,1305.5,20190600,1299.0,20190400
2019-03-08 14:30:00,1304.2,20190600,1304.2,20190600,1297.6,20190400
2019-03-08 14:45:00,1302.7,20190600,1302.7,20190600,1296.2,20190400
2019-03-08 15:00:00,1304.3,20190600,1304.3,20190600,1297.9,20190400
2019-03-08 15:15:00,1304.5,20190600,1304.5,20190600,1298.0,20190400
2019-03-08 15:30:00,1304.1,20190600,1304.1,20190600,1297.6,20190400
2019-03-08 15:45:00,1304.0,20190600,1304.0,20190600,1297.4,20190400
2019-03-08 16:00:00,1305.2,20190600,1305.2,20190600,1298.6,20190400
2019-03-08 16:15:00,1306.2,20190600,1306.2,20190600,1299.7,20190400
2019-03-08 16:30:00,1305.8,20190600,1305.8,20190600,1299.1,20190400
2019-03-08 16:45:00,1306.1,20190600,1306.1,20190600,1299.3,20190400
2019-03-08 17:00:00,1305.6,20190600,1305.6,20190600,1298.9,20190400
2019-03-08 17:15:00,1305.5,20190600,1305.5,20190600,1298.7,20190400
2019-03-08 17:30:00,1305.0,20190600,1305.0,20190600,1298.7,20190400
2019-03-08 17:45:00,1305.0,20190600,1305.0,20190600,1298.5,20190400
2019-03-08 18:00:00,1304.7,20190600,1304.7,20190600,1298.1,20190400
2019-03-08 18:15:00,1305.9,20190600,1305.9,20190600,1299.2,20190400
2019-03-08 18:30:00,1305.9,20190600,1305.9,20190600,1299.3,20190400
2019-03-08 18:45:00,1306.1,20190600,1306.1,20190600,1299.6,20190400
2019-03-08 19:00:00,1306.1,20190600,1306.1,20190600,1299.6,20190400
2019-03-08 19:15:00,1305.9,20190600,1305.9,20190600,1299.3,20190400
2019-03-08 19:30:00,1306.2,20190600,1306.2,20190600,1299.8,20190400
2019-03-08 19:45:00,1306.1,20190600,1306.1,20190600,1299.7,20190400
2019-03-08 20:00:00,1306.5,20190600,1306.5,20190600,1299.9,20190400
2019-03-08 20:15:00,1306.9,20190600,1306.9,20190600,1300.4,20190400
2019-03-08 20:30:00,1306.8,20190600,1306.8,20190600,1300.3,20190400
2019-03-08 20:45:00,1307.1,20190600,1307.1,20190600,1300.5,20190400
2019-03-08 21:00:00,1306.4,20190600,1306.4,20190600,1299.8,20190400
2019-03-08 21:15:00,1306.1,20190600,1306.1,20190600,1299.4,20190400
2019-03-08 21:30:00,1305.3,20190600,1305.3,20190600,1298.6,20190400
2019-03-08 21:45:00,1305.4,20190600,1305.4,20190600,1298.6,20190400
2019-03-08 23:00:00,1297.9,20190600,1297.9,20190600,1291.2,20190400
2019-03-10 23:00:00,1304.6,20190600,1304.6,20190600,1298.2,20190400
2019-03-10 23:15:00,1304.9,20190600,1304.9,20190600,1298.4,20190400
2019-03-10 23:30:00,1303.5,20190600,1303.5,20190600,1296.7,20190400
2019-03-10 23:45:00,1303.4,20190600,1303.4,20190600,1297.0,20190400
2019-03-11 00:00:00,1303.4,20190600,1303.4,20190600,1297.0,20190400
2019-03-11 00:15:00,1304.3,20190600,1304.3,20190600,1297.7,20190400
2019-03-11 00:30:00,1304.1,20190600,1304.1,20190600,1297.5,20190400
2019-03-11 00:45:00,1304.2,20190600,1304.2,20190600,1297.6,20190400
2019-03-11 01:00:00,1304.2,20190600,1304.2,20190600,1297.4,20190400
2019-03-11 01:15:00,1304.2,20190600,1304.2,20190600,1297.6,20190400
2019-03-11 01:30:00,1303.9,20190600,1303.9,20190600,1297.7,20190400
2019-03-11 01:45:00,1305.0,20190600,1305.0,20190600,1298.6,20190400
2019-03-11 02:00:00,1303.6,20190600,1303.6,20190600,1297.0,20190400
2019-03-11 02:15:00,1303.7,20190600,1303.7,20190600,1296.8,20190400
2019-03-11 02:30:00,1303.0,20190600,1303.0,20190600,1296.3,20190400
2019-03-11 02:45:00,1303.1,20190600,1303.1,20190600,1296.4,20190400
2019-03-11 03:00:00,1302.5,20190600,1302.5,20190600,1296.1,20190400
2019-03-11 03:15:00,1303.1,20190600,1303.1,20190600,1296.9,20190400
2019-03-11 03:30:00,1303.7,20190600,1303.7,20190600,1297.1,20190400
2019-03-11 03:45:00,1303.6,20190600,1303.6,20190600,1296.9,20190400
2019-03-11 04:00:00,1303.7,20190600,1303.7,20190600,1297.0,20190400
2019-03-11 04:15:00,1303.8,20190600,1303.8,20190600,1296.9,20190400
2019-03-11 04:30:00,1303.8,20190600,1303.8,20190600,1296.9,20190400
2019-03-11 04:45:00,1303.8,20190600,1303.8,20190600,1297.4,20190400
2019-03-11 05:15:00,1304.2,20190600,1304.2,20190600,1297.6,20190400
2019-03-11 05:30:00,1304.0,20190600,1304.0,20190600,1297.4,20190400
2019-03-11 05:45:00,1303.8,20190600,1303.8,20190600,1297.6,20190400
2019-03-11 06:15:00,1303.8,20190600,1303.8,20190600,1297.3,20190400
2019-03-11 06:30:00,1304.6,20190600,1304.6,20190600,1298.3,20190400
2019-03-11 06:45:00,1304.7,20190600,1304.7,20190600,1298.2,20190400
2019-03-11 07:00:00,1304.9,20190600,1304.9,20190600,1298.4,20190400
2019-03-11 07:15:00,1305.5,20190600,1305.5,20190600,1298.8,20190400
2019-03-11 07:30:00,1304.9,20190600,1304.9,20190600,1298.3,20190400
2019-03-11 07:45:00,1304.1,20190600,1304.1,20190600,1297.5,20190400
2019-03-11 08:00:00,1303.3,20190600,1303.3,20190600,1296.8,20190400
2019-03-11 08:15:00,1303.7,20190600,1303.7,20190600,1297.1,20190400
2019-03-11 08:30:00,1303.7,20190600,1303.7,20190600,1297.1,20190400
2019-03-11 08:45:00,1302.7,20190600,1302.7,20190600,1296.4,20190400
2019-03-11 09:00:00,1302.8,20190600,1302.8,20190600,1296.3,20190400
2019-03-11 09:15:00,1303.3,20190600,1303.3,20190600,1296.8,20190400
2019-03-11 09:30:00,1303.1,20190600,1303.1,20190600,1296.5,20190400
2019-03-11 09:45:00,1302.7,20190600,1302.7,20190600,1296.1,20190400
2019-03-11 10:00:00,1302.9,20190600,1302.9,20190600,1296.5,20190400
2019-03-11 10:15:00,1303.7,20190600,1303.7,20190600,1297.3,20190400
2019-03-11 10:30:00,1303.7,20190600,1303.7,20190600,1297.3,20190400
2019-03-11 10:45:00,1303.1,20190600,1303.1,20190600,1296.7,20190400
2019-03-11 11:00:00,1302.6,20190600,1302.6,20190600,1296.2,20190400
2019-03-11 11:15:00,1302.4,20190600,1302.4,20190600,1296.1,20190400
2019-03-11 11:30:00,1302.7,20190600,1302.7,20190600,1296.3,20190400
2019-03-11 11:45:00,1302.4,20190600,1302.4,20190600,1296.0,20190400
2019-03-11 12:00:00,1302.6,20190600,1302.6,20190600,1296.1,20190400
2019-03-11 12:15:00,1301.4,20190600,1301.4,20190600,1295.0,20190400
2019-03-11 12:30:00,1300.9,20190600,1300.9,20190600,1294.6,20190400
2019-03-11 12:45:00,1301.5,20190600,1301.5,20190600,1295.1,20190400
2019-03-11 13:00:00,1301.5,20190600,1301.5,20190600,1295.1,20190400
2019-03-11 13:15:00,1301.9,20190600,1301.9,20190600,1295.3,20190400
2019-03-11 13:30:00,1302.2,20190600,1302.2,20190600,1295.5,20190400
2019-03-11 13:45:00,1301.8,20190600,1301.8,20190600,1295.4,20190400
2019-03-11 14:00:00,1303.2,20190600,1303.2,20190600,1296.5,20190400
2019-03-11 14:15:00,1303.5,20190600,1303.5,20190600,1297.0,20190400
2019-03-11 14:30:00,1301.9,20190600,1301.9,20190600,1295.6,20190400
2019-03-11 14:45:00,1300.4,20190600,1300.4,20190600,1294.2,20190400
2019-03-11 15:00:00,1300.3,20190600,1300.3,20190600,1293.9,20190400
2019-03-11 15:15:00,1299.9,20190600,1299.9,20190600,1293.4,20190400
2019-03-11 15:30:00,1298.4,20190600,1298.4,20190600,1291.9,20190400
2019-03-11 15:45:00,1298.9,20190600,1298.9,20190600,1292.3,20190400
2019-03-11 16:00:00,1299.4,20190600,1299.4,20190600,1293.0,20190400
2019-03-11 16:15:00,1299.8,20190600,1299.8,20190600,1293.4,20190400
2019-03-11 16:30:00,1299.7,20190600,1299.7,20190600,1293.2,20190400
2019-03-11 16:45:00,1299.0,20190600,1299.0,20190600,1293.0,20190400
2019-03-11 17:00:00,1298.7,20190600,1298.7,20190600,1292.6,20190400
2019-03-11 17:15:00,1298.6,20190600,1298.6,20190600,1292.3,20190400
2019-03-11 17:30:00,1299.1,20190600,1299.1,20190600,1292.3,20190400
2019-03-11 17:45:00,1297.8,20190600,1297.8,20190600,1291.3,20190400
2019-03-11 18:00:00,1298.5,20190600,1298.5,20190600,1292.3,20190400
2019-03-11 18:15:00,1297.3,20190600,1297.3,20190600,1290.9,20190400
2019-03-11 18:30:00,1297.6,20190600,1297.6,20190600,1291.0,20190400
2019-03-11 18:45:00,1297.5,20190600,1297.5,20190600,1291.1,20190400
2019-03-11 19:00:00,1298.2,20190600,1298.2,20190600,1291.8,20190400
2019-03-11 19:15:00,1299.0,20190600,1299.0,20190600,1292.4,20190400
2019-03-11 19:30:00,1299.2,20190600,1299.2,20190600,1292.7,20190400
2019-03-11 19:45:00,1299.0,20190600,1299.0,20190600,1292.5,20190400
2019-03-11 20:00:00,1299.5,20190600,1299.5,20190600,1293.1,20190400
2019-03-11 20:15:00,1299.5,20190600,1299.5,20190600,1293.0,20190400
2019-03-11 20:30:00,1299.7,20190600,1299.7,20190600,1293.3,20190400
2019-03-11 20:45:00,1300.3,20190600,1300.3,20190600,1293.8,20190400
2019-03-11 21:00:00,1299.8,20190600,1299.8,20190600,1293.3,20190400
2019-03-11 21:15:00,1299.7,20190600,1299.7,20190600,1293.6,20190400
2019-03-11 21:30:00,1299.7,20190600,1299.7,20190600,1293.4,20190400
2019-03-11 21:45:00,1299.9,20190600,1299.9,20190600,1293.3,20190400
2019-03-11 23:00:00,1304.4,20190600,1304.4,20190600,1297.8,20190400
2019-03-11 23:15:00,1304.4,20190600,1304.4,20190600,1293.5,20190400
2019-03-11 23:30:00,1300.2,20190600,1300.2,20190600,1293.6,20190400
2019-03-11 23:45:00,1300.2,20190600,1300.2,20190600,1293.0,20190400
2019-03-12 00:00:00,1299.5,20190600,1299.5,20190600,1293.3,20190400
2019-03-12 00:15:00,1299.5,20190600,1299.5,20190600,1293.2,20190400
2019-03-12 00:30:00,1299.5,20190600,1299.5,20190600,1292.6,20190400
2019-03-12 00:45:00,1298.6,20190600,1298.6,20190600,1292.7,20190400
2019-03-12 01:00:00,1299.4,20190600,1299.4,20190600,1293.0,20190400
2019-03-12 01:15:00,1299.5,20190600,1299.5,20190600,1292.8,20190400
2019-03-12 01:30:00,1299.3,20190600,1299.3,20190600,1292.8,20190400
2019-03-12 01:45:00,1299.8,20190600,1299.8,20190600,1293.3,20190400
2019-03-12 02:00:00,1300.5,20190600,1300.5,20190600,1294.3,20190400
2019-03-12 02:15:00,1300.8,20190600,1300.8,20190600,1294.6,20190400
2019-03-12 02:30:00,1301.3,20190600,1301.3,20190600,1294.8,20190400
2019-03-12 02:45:00,1301.3,20190600,1301.3,20190600,1294.8,20190400
2019-03-12 03:00:00,1301.0,20190600,1301.0,20190600,1294.6,20190400
2019-03-12 03:15:00,1301.3,20190600,1301.3,20190600,1294.8,20190400
2019-03-12 03:30:00,1301.9,20190600,1301.9,20190600,1295.3,20190400
2019-03-12 03:45:00,1302.3,20190600,1302.3,20190600,1296.0,20190400
2019-03-12 04:00:00,1302.9,20190600,1302.9,20190600,1296.5,20190400
2019-03-12 04:15:00,1302.8,20190600,1302.8,20190600,1296.3,20190400
2019-03-12 04:30:00,1302.7,20190600,1302.7,20190600,1296.1,20190400
2019-03-12 04:45:00,1302.6,20190600,1302.6,20190600,1296.3,20190400
2019-03-12 05:15:00,1302.3,20190600,1302.3,20190600,1295.9,20190400
2019-03-12 05:30:00,1302.7,20190600,1302.7,20190600,1296.4,20190400
2019-03-12 05:45:00,1303.1,20190600,1303.1,20190600,1296.7,20190400
2019-03-12 06:15:00,1303.0,20190600,1303.0,20190600,1296.7,20190400
2019-03-12 06:30:00,1303.8,20190600,1303.8,20190600,1297.3,20190400
2019-03-12 06:45:00,1303.6,20190600,1303.6,20190600,1297.1,20190400
2019-03-12 07:00:00,1302.9,20190600,1302.9,20190600,1296.6,20190400
2019-03-12 07:15:00,1303.0,20190600,1303.0,20190600,1296.4,20190400
2019-03-12 07:30:00,1302.9,20190600,1302.9,20190600,1296.3,20190400
2019-03-12 07:45:00,1303.0,20190600,1303.0,20190600,1296.3,20190400
2019-03-12 08:00:00,1302.0,20190600,1302.0,20190600,1296.0,20190400
2019-03-12 08:15:00,1301.6,20190600,1301.6,20190600,1295.1,20190400
2019-03-12 08:30:00,1301.2,20190600,1301.2,20190600,1294.6,20190400
2019-03-12 08:45:00,1301.0,20190600,1301.0,20190600,1294.6,20190400
2019-03-12 09:00:00,1302.2,20190600,1302.2,20190600,1295.8,20190400
2019-03-12 09:15:00,1302.6,20190600,1302.6,20190600,1296.2,20190400
2019-03-12 09:30:00,1301.9,20190600,1301.9,20190600,1295.4,20190400
2019-03-12 09:45:00,1301.9,20190600,1301.9,20190600,1295.6,20190400
2019-03-12 10:00:00,1302.0,20190600,1302.0,20190600,1295.6,20190400
2019-03-12 10:15:00,1302.8,20190600,1302.8,20190600,1296.6,20190400
2019-03-12 10:30:00,1303.2,20190600,1303.2,20190600,1296.7,20190400
2019-03-12 10:45:00,1303.2,20190600,1303.2,20190600,1296.7,20190400
2019-03-12 11:00:00,1303.9,20190600,1303.9,20190600,1297.5,20190400
2019-03-12 11:15:00,1303.2,20190600,1303.2,20190600,1296.6,20190400
2019-03-12 11:30:00,1302.7,20190600,1302.7,20190600,1296.2,20190400
2019-03-12 11:45:00,1302.5,20190600,1302.5,20190600,1296.1,20190400
2019-03-12 12:00:00,1302.8,20190600,1302.8,20190600,1296.5,20190400
2019-03-12 12:15:00,1302.6,20190600,1302.6,20190600,1296.1,20190400
2019-03-12 12:30:00,1302.6,20190600,1302.6,20190600,1296.3,20190400
2019-03-12 12:45:00,1302.9,20190600,1302.9,20190600,1296.3,20190400
2019-03-12 13:00:00,1303.9,20190600,1303.9,20190600,1297.5,20190400
2019-03-12 13:15:00,1303.1,20190600,1303.1,20190600,1296.8,20190400
2019-03-12 13:30:00,1305.7,20190600,1305.7,20190600,1299.3,20190400
2019-03-12 13:45:00,1305.0,20190600,1305.0,20190600,1298.5,20190400
2019-03-12 14:00:00,1304.4,20190600,1304.4,20190600,1298.1,20190400
2019-03-12 14:15:00,1303.7,20190600,1303.7,20190600,1297.4,20190400
2019-03-12 14:30:00,1303.6,20190600,1303.6,20190600,1297.3,20190400
2019-03-12 14:45:00,1304.3,20190600,1304.3,20190600,1297.9,20190400
2019-03-12 15:00:00,1304.1,20190600,1304.1,20190600,1297.8,20190400
2019-03-12 15:15:00,1304.1,20190600,1304.1,20190600,1297.8,20190400
2019-03-12 15:30:00,1304.9,20190600,1304.9,20190600,1298.5,20190400
2019-03-12 15:45:00,1303.2,20190600,1303.2,20190600,1296.9,20190400
2019-03-12 16:00:00,1303.4,20190600,1303.4,20190600,1297.1,20190400
2019-03-12 16:15:00,1304.1,20190600,1304.1,20190600,1297.7,20190400
2019-03-12 16:30:00,1304.1,20190600,1304.1,20190600,1297.7,20190400
2019-03-12 16:45:00,1303.4,20190600,1303.4,20190600,1297.2,20190400
2019-03-12 17:00:00,1303.8,20190600,1303.8,20190600,1297.5,20190400
2019-03-12 17:15:00,1303.9,20190600,1303.9,20190600,1297.7,20190400
2019-03-12 17:30:00,1304.4,20190600,1304.4,20190600,1297.7,20190400
2019-03-12 17:45:00,1304.5,20190600,1304.5,20190600,1298.1,20190400
2019-03-12 18:00:00,1304.3,20190600,1304.3,20190600,1298.1,20190400
2019-03-12 18:15:00,1304.6,20190600,1304.6,20190600,1298.1,20190400
2019-03-12 18:30:00,1305.2,20190600,1305.2,20190600,1298.8,20190400
2019-03-12 18:45:00,1304.9,20190600,1304.9,20190600,1298.6,20190400
2019-03-12 19:00:00,1305.6,20190600,1305.6,20190600,1299.0,20190400
2019-03-12 19:15:00,1306.6,20190600,1306.6,20190600,1300.2,20190400
2019-03-12 19:30:00,1306.8,20190600,1306.8,20190600,1300.5,20190400
2019-03-12 19:45:00,1308.3,20190600,1308.3,20190600,1302.1,20190400
2019-03-12 20:00:00,1308.3,20190600,1308.3,20190600,1302.0,20190400
2019-03-12 20:15:00,1307.4,20190600,1307.4,20190600,1301.0,20190400
2019-03-12 20:30:00,1307.9,20190600,1307.9,20190600,1301.5,20190400
2019-03-12 20:45:00,1308.2,20190600,1308.2,20190600,1301.9,20190400
2019-03-12 21:00:00,1308.3,20190600,1308.3,20190600,1302.0,20190400
2019-03-12 21:15:00,1308.4,20190600,1308.4,20190600,1301.8,20190400
2019-03-12 21:30:00,1308.0,20190600,1308.0,20190600,1301.5,20190400
2019-03-12 21:45:00,1308.2,20190600,1308.2,20190600,1301.8,20190400
2019-03-12 23:00:00,1303.2,20190600,1303.2,20190600,1296.6,20190400
2019-03-12 23:15:00,1303.2,20190600,1303.2,20190600,1300.8,20190400
2019-03-12 23:30:00,1307.4,20190600,1307.4,20190600,1301.0,20190400
2019-03-12 23:45:00,1307.4,20190600,1307.4,20190600,1300.9,20190400
2019-03-13 00:00:00,1307.4,20190600,1307.4,20190600,1301.5,20190400
2019-03-13 00:15:00,1308.2,20190600,1308.2,20190600,1301.6,20190400
2019-03-13 00:30:00,1308.0,20190600,1308.0,20190600,1301.5,20190400
2019-03-13 00:45:00,1308.2,20190600,1308.2,20190600,1302.0,20190400
2019-03-13 01:00:00,1308.5,20190600,1308.5,20190600,1302.0,20190400
2019-03-13 01:15:00,1309.8,20190600,1309.8,20190600,1303.2,20190400
2019-03-13 01:30:00,1310.4,20190600,1310.4,20190600,1304.1,20190400
2019-03-13 01:45:00,1310.1,20190600,1310.1,20190600,1304.1,20190400
2019-03-13 02:00:00,1310.5,20190600,1310.5,20190600,1304.1,20190400
2019-03-13 02:15:00,1311.0,20190600,1311.0,20190600,1304.1,20190400
2019-03-13 02:30:00,1310.5,20190600,1310.5,20190600,1303.9,20190400
2019-03-13 02:45:00,1310.3,20190600,1310.3,20190600,1303.9,20190400
2019-03-13 03:00:00,1311.1,20190600,1311.1,20190600,1304.8,20190400
2019-03-13 03:15:00,1311.0,20190600,1311.0,20190600,1304.7,20190400
2019-03-13 03:30:00,1311.9,20190600,1311.9,20190600,1305.5,20190400
2019-03-13 03:45:00,1311.5,20190600,1311.5,20190600,1305.3,20190400
2019-03-13 04:00:00,1311.3,20190600,1311.3,20190600,1305.1,20190400
2019-03-13 04:15:00,1311.7,20190600,1311.7,20190600,1305.3,20190400
2019-03-13 04:30:00,1311.0,20190600,1311.0,20190600,1304.7,20190400
2019-03-13 04:45:00,1311.0,20190600,1311.0,20190600,1304.8,20190400
2019-03-13 05:15:00,1311.0,20190600,1311.0,20190600,1304.9,20190400
2019-03-13 05:30:00,1311.3,20190600,1311.3,20190600,1305.0,20190400
2019-03-13 05:45:00,1311.4,20190600,1311.4,20190600,1304.8,20190400
2019-03-13 06:15:00,1310.8,20190600,1310.8,20190600,1304.4,20190400
2019-03-13 06:30:00,1311.2,20190600,1311.2,20190600,1304.9,20190400
2019-03-13 06:45:00,1310.9,20190600,1310.9,20190600,1304.6,20190400
2019-03-13 07:00:00,1310.4,20190600,1310.4,20190600,1304.1,20190400
2019-03-13 07:15:00,1310.6,20190600,1310.6,20190600,1304.5,20190400
2019-03-13 07:30:00,1310.9,20190600,1310.9,20190600,1304.6,20190400
2019-03-13 07:45:00,1311.2,20190600,1311.2,20190600,1304.9,20190400
2019-03-13 08:00:00,1311.3,20190600,1311.3,20190600,1304.9,20190400
2019-03-13 08:15:00,1311.3,20190600,1311.3,20190600,1304.8,20190400
2019-03-13 08:30:00,1311.0,20190600,1311.0,20190600,1304.5,20190400
2019-03-13 08:45:00,1310.7,20190600,1310.7,20190600,1304.3,20190400
2019-03-13 09:00:00,1311.3,20190600,1311.3,20190600,1304.8,20190400
2019-03-13 09:15:00,1312.5,20190600,1312.5,20190600,1306.1,20190400
2019-03-13 09:30:00,1312.5,20190600,1312.5,20190600,1306.2,20190400
2019-03-13 09:45:00,1313.0,20190600,1313.0,20190600,1306.7,20190400
2019-03-13 10:00:00,1314.0,20190600,1314.0,20190600,1307.7,20190400
2019-03-13 10:15:00,1314.5,20190600,1314.5,20190600,1308.2,20190400
2019-03-13 10:30:00,1314.5,20190600,1314.5,20190600,1308.3,20190400
2019-03-13 10:45:00,1314.4,20190600,1314.4,20190600,1307.9,20190400
2019-03-13 11:00:00,1315.1,20190600,1315.1,20190600,1308.8,20190400
2019-03-13 11:15:00,1315.4,20190600,1315.4,20190600,1309.1,20190400
2019-03-13 11:30:00,1314.7,20190600,1314.7,20190600,1308.3,20190400
2019-03-13 11:45:00,1314.9,20190600,1314.9,20190600,1308.4,20190400
2019-03-13 12:00:00,1315.3,20190600,1315.3,20190600,1309.0,20190400
2019-03-13 12:15:00,1314.5,20190600,1314.5,20190600,1308.1,20190400
2019-03-13 12:30:00,1314.1,20190600,1314.1,20190600,1307.7,20190400
2019-03-13 12:45:00,1314.2,20190600,1314.2,20190600,1307.8,20190400
2019-03-13 13:00:00,1313.8,20190600,1313.8,20190600,1307.3,20190400
2019-03-13 13:15:00,1313.7,20190600,1313.7,20190600,1307.2,20190400
2019-03-13 13:30:00,1312.8,20190600,1312.8,20190600,1306.4,20190400
2019-03-13 13:45:00,1313.9,20190600,1313.9,20190600,1307.3,20190400
2019-03-13 14:00:00,1314.4,20190600,1314.4,20190600,1307.9,20190400
2019-03-13 14:15:00,1314.4,20190600,1314.4,20190600,1308.2,20190400
2019-03-13 14:30:00,1314.5,20190600,1314.5,20190600,1308.2,20190400
2019-03-13 14:45:00,1315.3,20190600,1315.3,20190600,1308.9,20190400
2019-03-13 15:00:00,1314.5,20190600,1314.5,20190600,1308.2,20190400
2019-03-13 15:15:00,1314.5,20190600,1314.5,20190600,1308.3,20190400
2019-03-13 15:30:00,1314.0,20190600,1314.0,20190600,1307.7,20190400
2019-03-13 15:45:00,1313.3,20190600,1313.3,20190600,1306.9,20190400
2019-03-13 16:00:00,1314.0,20190600,1314.0,20190600,1307.7,20190400
2019-03-13 16:15:00,1314.4,20190600,1314.4,20190600,1307.8,20190400
2019-03-13 16:30:00,1314.0,20190600,1314.0,20190600,1307.7,20190400
2019-03-13 16:45:00,1314.4,20190600,1314.4,20190600,1308.1,20190400
2019-03-13 17:00:00,1314.6,20190600,1314.6,20190600,1308.4,20190400
2019-03-13 17:15:00,1314.3,20190600,1314.3,20190600,1308.0,20190400
2019-03-13 17:30:00,1314.7,20190600,1314.7,20190600,1308.4,20190400
2019-03-13 17:45:00,1314.7,20190600,1314.7,20190600,1308.4,20190400
2019-03-13 18:00:00,1314.9,20190600,1314.9,20190600,1308.5,20190400
2019-03-13 18:15:00,1315.8,20190600,1315.8,20190600,1309.4,20190400
2019-03-13 18:30:00,1315.8,20190600,1315.8,20190600,1309.3,20190400
2019-03-13 18:45:00,1315.6,20190600,1315.6,20190600,1308.8,20190400
2019-03-13 19:00:00,1315.6,20190600,1315.6,20190600,1309.0,20190400
2019-03-13 19:15:00,1316.2,20190600,1316.2,20190600,1309.7,20190400
2019-03-13 19:30:00,1316.4,20190600,1316.4,20190600,1309.8,20190400
2019-03-13 19:45:00,1317.8,20190600,1317.8,20190600,1311.3,20190400
2019-03-13 20:00:00,1317.9,20190600,1317.9,20190600,1311.3,20190400
2019-03-13 20:15:00,1317.9,20190600,1317.9,20190600,1311.3,20190400
2019-03-13 20:30:00,1317.7,20190600,1317.7,20190600,1311.4,20190400
2019-03-13 20:45:00,1317.5,20190600,1317.5,20190600,1311.0,20190400
2019-03-13 21:00:00,1317.2,20190600,1317.2,20190600,1310.8,20190400
2019-03-13 21:15:00,1316.5,20190600,1316.5,20190600,1310.5,20190400
2019-03-13 21:30:00,1316.2,20190600,1316.2,20190600,1309.7,20190400
2019-03-13 21:45:00,1315.6,20190600,1315.6,20190600,1309.5,20190400
2019-03-13 23:00:00,1310.5,20190600,1310.5,20190600,1304.4,20190400
2019-03-13 23:15:00,1315.5,20190600,1315.5,20190600,1309.3,20190400
2019-03-13 23:30:00,1315.6,20190600,1315.6,20190600,1309.7,20190400
2019-03-13 23:45:00,1316.3,20190600,1316.3,20190600,1309.8,20190400
2019-03-14 00:00:00,1316.5,20190600,1316.5,20190600,1310.0,20190400
2019-03-14 00:15:00,1316.6,20190600,1316.6,20190600,1310.2,20190400
2019-03-14 00:30:00,1316.6,20190600,1316.6,20190600,1309.7,20190400
2019-03-14 00:45:00,1315.8,20190600,1315.8,20190600,1309.3,20190400
2019-03-14 01:00:00,1315.9,20190600,1315.9,20190600,1309.4,20190400
2019-03-14 01:15:00,1315.7,20190600,1315.7,20190600,1309.1,20190400
2019-03-14 01:30:00,1315.8,20190600,1315.8,20190600,1309.0,20190400
2019-03-14 01:45:00,1314.5,20190600,1314.5,20190600,1308.2,20190400
2019-03-14 02:00:00,1313.6,20190600,1313.6,20190600,1307.2,20190400
2019-03-14 02:15:00,1314.2,20190600,1314.2,20190600,1307.7,20190400
2019-03-14 02:30:00,1313.9,20190600,1313.9,20190600,1307.3,20190400
2019-03-14 02:45:00,1312.5,20190600,1312.5,20190600,1306.0,20190400
2019-03-14 03:00:00,1312.9,20190600,1312.9,20190600,1306.3,20190400
2019-03-14 03:15:00,1312.5,20190600,1312.5,20190600,1306.1,20190400
2019-03-14 03:30:00,1311.6,20190600,1311.6,20190600,1305.3,20190400
2019-03-14 03:45:00,1311.7,20190600,1311.7,20190600,1305.2,20190400
2019-03-14 04:00:00,1311.8,20190600,1311.8,20190600,1305.4,20190400
2019-03-14 04:15:00,1311.0,20190600,1311.0,20190600,1304.6,20190400
2019-03-14 04:30:00,1311.0,20190600,1311.0,20190600,1304.7,20190400
2019-03-14 04:45:00,1310.6,20190600,1310.6,20190600,1304.1,20190400
2019-03-14 05:15:00,1310.3,20190600,1310.3,20190600,1303.8,20190400
2019-03-14 05:30:00,1309.5,20190600,1309.5,20190600,1303.1,20190400
2019-03-14 05:45:00,1309.4,20190600,1309.4,20190600,1303.0,20190400
2019-03-14 06:15:00,1309.5,20190600,1309.5,20190600,1303.1,20190400
2019-03-14 06:30:00,1310.7,20190600,1310.7,20190600,1304.1,20190400
2019-03-14 06:45:00,1310.9,20190600,1310.9,20190600,1304.5,20190400
2019-03-14 07:00:00,1310.1,20190600,1310.1,20190600,1303.8,20190400
2019-03-14 07:15:00,1310.1,20190600,1310.1,20190600,1303.7,20190400
2019-03-14 07:30:00,1309.9,20190600,1309.9,20190600,1303.4,20190400
2019-03-14 07:45:00,1309.0,20190600,1309.0,20190600,1302.6,20190400
2019-03-14 08:00:00,1308.6,20190600,1308.6,20190600,1302.0,20190400
2019-03-14 08:15:00,1309.3,20190600,1309.3,20190600,1302.8,20190400
2019-03-14 08:30:00,1308.7,20190600,1308.7,20190600,1302.3,20190400
2019-03-14 08:45:00,1308.8,20190600,1308.8,20190600,1302.2,20190400
2019-03-14 09:00:00,1309.1,20190600,1309.1,20190600,1302.7,20190400
2019-03-14 09:15:00,1308.5,20190600,1308.5,20190600,1302.1,20190400
2019-03-14 09:30:00,1308.8,20190600,1308.8,20190600,1302.2,20190400
2019-03-14 09:45:00,1308.2,20190600,1308.2,20190600,1301.8,20190400
2019-03-14 10:00:00,1307.7,20190600,1307.7,20190600,1301.3,20190400
2019-03-14 10:15:00,1306.6,20190600,1306.6,20190600,1300.2,20190400
2019-03-14 10:30:00,1305.4,20190600,1305.4,20190600,1299.0,20190400
2019-03-14 10:45:00,1303.4,20190600,1303.4,20190600,1297.0,20190400
2019-03-14 11:00:00,1304.7,20190600,1304.7,20190600,1297.8,20190400
2019-03-14 11:15:00,1305.2,20190600,1305.2,20190600,1298.6,20190400
2019-03-14 11:30:00,1305.0,20190600,1305.0,20190600,1298.5,20190400
2019-03-14 11:45:00,1304.4,20190600,1304.4,20190600,1298.0,20190400
2019-03-14 12:00:00,1304.3,20190600,1304.3,20190600,1298.0,20190400
2019-03-14 12:15:00,1303.7,20190600,1303.7,20190600,1297.2,20190400
2019-03-14 12:30:00,1303.4,20190600,1303.4,20190600,1297.0,20190400
2019-03-14 12:45:00,1303.5,20190600,1303.5,20190600,1297.2,20190400
2019-03-14 13:00:00,1303.8,20190600,1303.8,20190600,1297.6,20190400
2019-03-14 13:15:00,1304.0,20190600,1304.0,20190600,1297.7,20190400
2019-03-14 13:30:00,1304.8,20190600,1304.8,20190600,1298.5,20190400
2019-03-14 13:45:00,1302.4,20190600,1302.4,20190600,1296.1,20190400
2019-03-14 14:00:00,1300.1,20190600,1300.1,20190600,1293.3,20190400
2019-03-14 14:15:00,1300.9,20190600,1300.9,20190600,1294.6,20190400
2019-03-14 14:30:00,1300.1,20190600,1300.1,20190600,1293.8,20190400
2019-03-14 14:45:00,1300.9,20190600,1300.9,20190600,1294.5,20190400
2019-03-14 15:00:00,1301.9,20190600,1301.9,20190600,1295.4,20190400
2019-03-14 15:15:00,1301.0,20190600,1301.0,20190600,1294.6,20190400
2019-03-14 15:30:00,1301.5,20190600,1301.5,20190600,1295.2,20190400
2019-03-14 15:45:00,1301.1,20190600,1301.1,20190600,1294.7,20190400
2019-03-14 16:00:00,1301.7,20190600,1301.7,20190600,1295.4,20190400
2019-03-14 16:15:00,1301.3,20190600,1301.3,20190600,1295.0,20190400
2019-03-14 16:30:00,1301.7,20190600,1301.7,20190600,1295.3,20190400
2019-03-14 16:45:00,1301.7,20190600,1301.7,20190600,1295.4,20190400
2019-03-14 17:00:00,1300.4,20190600,1300.4,20190600,1293.9,20190400
2019-03-14 17:15:00,1301.6,20190600,1301.6,20190600,1295.2,20190400
2019-03-14 17:30:00,1301.1,20190600,1301.1,20190600,1294.7,20190400
2019-03-14 17:45:00,1301.8,20190600,1301.8,20190600,1295.5,20190400
2019-03-14 18:00:00,1302.2,20190600,1302.2,20190600,1295.8,20190400
2019-03-14 18:15:00,1301.6,20190600,1301.6,20190600,1295.1,20190400
2019-03-14 18:30:00,1301.9,20190600,1301.9,20190600,1295.5,20190400
2019-03-14 18:45:00,1301.9,20190600,1301.9,20190600,1295.6,20190400
2019-03-14 19:00:00,1302.5,20190600,1302.5,20190600,1296.2,20190400
2019-03-14 19:15:00,1302.6,20190600,1302.6,20190600,1296.4,20190400
2019-03-14 19:30:00,1303.0,20190600,1303.0,20190600,1296.5,20190400
2019-03-14 19:45:00,1302.6,20190600,1302.6,20190600,1296.3,20190400
2019-03-14 20:00:00,1302.6,20190600,1302.6,20190600,1296.4,20190400
2019-03-14 20:15:00,1302.5,20190600,1302.5,20190600,1295.9,20190400
2019-03-14 20:30:00,1301.9,20190600,1301.9,20190600,1295.4,20190400
2019-03-14 20:45:00,1302.0,20190600,1302.0,20190600,1295.7,20190400
2019-03-14 21:00:00,1302.2,20190600,1302.2,20190600,1295.7,20190400
2019-03-14 21:15:00,1302.2,20190600,1302.2,20190600,1295.6,20190400
2019-03-14 21:30:00,1302.0,20190600,1302.0,20190600,1295.8,20190400
2019-03-14 21:45:00,1302.1,20190600,1302.1,20190600,1295.8,20190400
2019-03-14 23:00:00,1309.9,20190600,1309.9,20190600,1303.5,20190400
2019-03-14 23:15:00,1302.4,20190600,1302.4,20190600,1296.3,20190400
2019-03-14 23:30:00,1302.8,20190600,1302.8,20190600,1296.3,20190400
2019-03-14 23:45:00,1302.5,20190600,1302.5,20190600,1296.2,20190400
2019-03-15 00:00:00,1302.3,20190600,1302.3,20190600,1295.9,20190400
2019-03-15 00:15:00,1301.9,20190600,1301.9,20190600,1295.9,20190400
2019-03-15 00:30:00,1301.9,20190600,1301.9,20190600,1295.9,20190400
2019-03-15 00:45:00,1302.3,20190600,1302.3,20190600,1295.8,20190400
2019-03-15 01:00:00,1301.8,20190600,1301.8,20190600,1295.6,20190400
2019-03-15 01:15:00,1301.8,20190600,1301.8,20190600,1295.6,20190400
2019-03-15 01:30:00,1300.6,20190600,1300.6,20190600,1294.5,20190400
2019-03-15 01:45:00,1301.6,20190600,1301.6,20190600,1295.3,20190400
2019-03-15 02:00:00,1302.1,20190600,1302.1,20190600,1295.0,20190400
2019-03-15 02:15:00,1301.6,20190600,1301.6,20190600,1295.3,20190400
2019-03-15 02:30:00,1300.6,20190600,1300.6,20190600,1294.3,20190400
2019-03-15 02:45:00,1300.9,20190600,1300.9,20190600,1294.5,20190400
2019-03-15 03:00:00,1300.2,20190600,1300.2,20190600,1293.7,20190400
2019-03-15 03:15:00,1300.8,20190600,1300.8,20190600,1294.4,20190400
2019-03-15 03:30:00,1301.5,20190600,1301.5,20190600,1295.0,20190400
2019-03-15 03:45:00,1305.0,20190600,1305.0,20190600,1298.7,20190400
2019-03-15 04:00:00,1305.6,20190600,1305.6,20190600,1299.0,20190400
2019-03-15 04:15:00,1305.1,20190600,1305.1,20190600,1299.1,20190400
2019-03-15 04:30:00,1304.5,20190600,1304.5,20190600,1298.3,20190400
2019-03-15 04:45:00,1304.0,20190600,1304.0,20190600,1297.9,20190400
2019-03-15 05:15:00,1304.0,20190600,1304.0,20190600,1297.8,20190400
2019-03-15 05:30:00,1304.0,20190600,1304.0,20190600,1297.7,20190400
2019-03-15 05:45:00,1304.2,20190600,1304.2,20190600,1297.7,20190400
2019-03-15 06:15:00,1304.7,20190600,1304.7,20190600,1298.5,20190400
2019-03-15 06:30:00,1304.8,20190600,1304.8,20190600,1298.5,20190400
2019-03-15 06:45:00,1305.0,20190600,1305.0,20190600,1298.8,20190400
2019-03-15 07:00:00,1306.9,20190600,1306.9,20190600,1300.7,20190400
2019-03-15 07:15:00,1307.4,20190600,1307.4,20190600,1301.1,20190400
2019-03-15 07:30:00,1307.2,20190600,1307.2,20190600,1300.8,20190400
2019-03-15 07:45:00,1306.4,20190600,1306.4,20190600,1300.3,20190400
2019-03-15 08:00:00,1307.0,20190600,1307.0,20190600,1301.0,20190400
2019-03-15 08:15:00,1309.0,20190600,1309.0,20190600,1302.6,20190400
2019-03-15 08:30:00,1309.0,20190600,1309.0,20190600,1302.8,20190400
2019-03-15 08:45:00,1309.5,20190600,1309.5,20190600,1303.4,20190400
2019-03-15 09:00:00,1309.3,20190600,1309.3,20190600,1303.3,20190400
2019-03-15 09:15:00,1310.2,20190600,1310.2,20190600,1303.9,20190400
2019-03-15 09:30:00,1308.9,20190600,1308.9,20190600,1302.8,20190400
2019-03-15 09:45:00,1309.0,20190600,1309.0,20190600,1302.5,20190400
2019-03-15 10:00:00,1307.7,20190600,1307.7,20190600,1301.4,20190400
2019-03-15 10:15:00,1308.5,20190600,1308.5,20190600,1302.4,20190400
2019-03-15 10:30:00,1308.9,20190600,1308.9,20190600,1302.7,20190400
2019-03-15 10:45:00,1308.4,20190600,1308.4,20190600,1302.1,20190400
2019-03-15 11:00:00,1308.3,20190600,1308.3,20190600,1302.0,20190400
2019-03-15 11:15:00,1308.7,20190600,1308.7,20190600,1302.5,20190400
2019-03-15 11:30:00,1308.9,20190600,1308.9,20190600,1302.6,20190400
2019-03-15 11:45:00,1309.1,20190600,1309.1,20190600,1302.8,20190400
2019-03-15 12:00:00,1308.9,20190600,1308.9,20190600,1303.0,20190400
2019-03-15 12:15:00,1309.7,20190600,1309.7,20190600,1303.3,20190400
2019-03-15 12:30:00,1309.8,20190600,1309.8,20190600,1303.6,20190400
2019-03-15 12:45:00,1310.3,20190600,1310.3,20190600,1304.0,20190400
2019-03-15 13:00:00,1309.1,20190600,1309.1,20190600,1303.2,20190400
2019-03-15 13:15:00,1308.2,20190600,1308.2,20190600,1302.2,20190400
2019-03-15 13:30:00,1308.1,20190600,1308.1,20190600,1302.1,20190400
2019-03-15 13:45:00,1308.1,20190600,1308.1,20190600,1301.9,20190400
2019-03-15 14:00:00,1307.6,20190600,1307.6,20190600,1301.4,20190400
2019-03-15 14:15:00,1309.0,20190600,1309.0,20190600,1302.6,20190400
2019-03-15 14:30:00,1309.6,20190600,1309.6,20190600,1303.4,20190400
2019-03-15 14:45:00,1310.7,20190600,1310.7,20190600,1304.5,20190400
2019-03-15 15:00:00,1311.3,20190600,1311.3,20190600,1305.0,20190400
2019-03-15 15:15:00,1310.6,20190600,1310.6,20190600,1304.4,20190400
2019-03-15 15:30:00,1310.2,20190600,1310.2,20190600,1304.0,20190400
2019-03-15 15:45:00,1309.8,20190600,1309.8,20190600,1303.6,20190400
2019-03-15 16:00:00,1309.3,20190600,1309.3,20190600,1303.3,20190400
2019-03-15 16:15:00,1308.8,20190600,1308.8,20190600,1302.6,20190400
2019-03-15 16:30:00,1309.5,20190600,1309.5,20190600,1303.2,20190400
2019-03-15 16:45:00,1307.9,20190600,1307.9,20190600,1301.9,20190400
2019-03-15 17:00:00,1308.1,20190600,1308.1,20190600,1302.0,20190400
2019-03-15 17:15:00,1308.0,20190600,1308.0,20190600,1301.9,20190400
2019-03-15 17:30:00,1307.9,20190600,1307.9,20190600,1301.9,20190400
2019-03-15 17:45:00,1308.6,20190600,1308.6,20190600,1302.5,20190400
2019-03-15 18:00:00,1308.4,20190600,1308.4,20190600,1302.4,20190400
2019-03-15 18:15:00,1309.0,20190600,1309.0,20190600,1303.1,20190400
2019-03-15 18:30:00,1308.8,20190600,1308.8,20190600,1302.5,20190400
2019-03-15 18:45:00,1308.7,20190600,1308.7,20190600,1302.6,20190400
2019-03-15 19:00:00,1308.2,20190600,1308.2,20190600,1301.8,20190400
2019-03-15 19:15:00,1308.2,20190600,1308.2,20190600,1302.0,20190400
2019-03-15 19:30:00,1308.2,20190600,1308.2,20190600,1302.0,20190400
2019-03-15 19:45:00,1308.0,20190600,1308.0,20190600,1301.8,20190400
2019-03-15 20:00:00,1308.0,20190600,1308.0,20190600,1301.8,20190400
2019-03-15 20:15:00,1308.0,20190600,1308.0,20190600,1301.9,20190400
2019-03-15 20:30:00,1308.1,20190600,1308.1,20190600,1301.8,20190400
2019-03-15 20:45:00,1308.1,20190600,1308.1,20190600,1301.9,20190400
2019-03-15 21:00:00,1307.6,20190600,1307.6,20190600,1301.5,20190400
2019-03-15 21:15:00,1307.8,20190600,1307.8,20190600,1301.8,20190400
2019-03-15 21:30:00,1308.6,20190600,1308.6,20190600,1302.2,20190400
2019-03-15 21:45:00,1308.5,20190600,1308.5,20190600,1302.3,20190400
2019-03-15 23:00:00,1303.9,20190600,1303.9,20190600,1297.7,20190400
2019-03-17 23:00:00,1308.1,20190600,1308.1,20190600,1301.9,20190400
2019-03-17 23:15:00,1308.1,20190600,1308.1,20190600,1302.0,20190400
2019-03-17 23:30:00,1308.1,20190600,1308.1,20190600,1302.0,20190400
2019-03-17 23:45:00,1308.3,20190600,1308.3,20190600,1302.2,20190400
2019-03-18 00:00:00,1307.7,20190600,1307.7,20190600,1301.2,20190400
2019-03-18 00:15:00,1307.4,20190600,1307.4,20190600,1301.2,20190400
2019-03-18 00:30:00,1307.4,20190600,1307.4,20190600,1301.2,20190400
2019-03-18 00:45:00,1306.8,20190600,1306.8,20190600,1300.4,20190400
2019-03-18 01:00:00,1306.9,20190600,1306.9,20190600,1300.6,20190400
2019-03-18 01:15:00,1306.3,20190600,1306.3,20190600,1300.0,20190400
2019-03-18 01:30:00,1306.1,20190600,1306.1,20190600,1299.5,20190400
2019-03-18 01:45:00,1305.6,20190600,1305.6,20190600,1299.2,20190400
2019-03-18 02:00:00,1305.2,20190600,1305.2,20190600,1299.1,20190400
2019-03-18 02:15:00,1304.8,20190600,1304.8,20190600,1298.7,20190400
2019-03-18 02:30:00,1305.1,20190600,1305.1,20190600,1299.0,20190400
2019-03-18 02:45:00,1305.3,20190600,1305.3,20190600,1299.3,20190400
2019-03-18 03:00:00,1305.1,20190600,1305.1,20190600,1298.8,20190400
2019-03-18 03:15:00,1304.8,20190600,1304.8,20190600,1298.7,20190400
2019-03-18 03:30:00,1304.7,20190600,1304.7,20190600,1298.6,20190400
2019-03-18 03:45:00,1304.9,20190600,1304.9,20190600,1298.9,20190400
2019-03-18 04:00:00,1305.2,20190600,1305.2,20190600,1299.6,20190400
2019-03-18 04:15:00,1305.3,20190600,1305.3,20190600,1299.1,20190400
2019-03-18 04:30:00,1305.0,20190600,1305.0,20190600,1298.8,20190400
2019-03-18 04:45:00,1305.0,20190600,1305.0,20190600,1298.8,20190400
2019-03-18 05:15:00,1304.8,20190600,1304.8,20190600,1298.8,20190400
2019-03-18 05:30:00,1305.1,20190600,1305.1,20190600,1299.1,20190400
2019-03-18 05:45:00,1305.5,20190600,1305.5,20190600,1299.5,20190400
2019-03-18 06:15:00,1305.1,20190600,1305.1,20190600,1298.9,20190400
2019-03-18 06:30:00,1305.2,20190600,1305.2,20190600,1299.1,20190400
2019-03-18 06:45:00,1304.6,20190600,1304.6,20190600,1298.3,20190400
2019-03-18 07:00:00,1304.9,20190600,1304.9,20190600,1298.7,20190400
2019-03-18 07:15:00,1305.5,20190600,1305.5,20190600,1299.3,20190400
2019-03-18 07:30:00,1307.5,20190600,1307.5,20190600,1301.2,20190400
2019-03-18 07:45:00,1309.8,20190600,1309.8,20190600,1303.3,20190400
2019-03-18 08:00:00,1309.7,20190600,1309.7,20190600,1303.6,20190400
2019-03-18 08:15:00,1308.8,20190600,1308.8,20190600,1302.6,20190400
2019-03-18 08:30:00,1309.9,20190600,1309.9,20190600,1303.8,20190400
2019-03-18 08:45:00,1310.0,20190600,1310.0,20190600,1303.8,20190400
2019-03-18 09:00:00,1309.8,20190600,1309.8,20190600,1303.7,20190400
2019-03-18 09:15:00,1309.5,20190600,1309.5,20190600,1303.4,20190400
2019-03-18 09:30:00,1309.5,20190600,1309.5,20190600,1303.5,20190400
2019-03-18 09:45:00,1309.8,20190600,1309.8,20190600,1303.8,20190400
2019-03-18 10:00:00,1310.4,20190600,1310.4,20190600,1304.3,20190400
2019-03-18 10:15:00,1310.8,20190600,1310.8,20190600,1304.7,20190400
2019-03-18 10:30:00,1310.8,20190600,1310.8,20190600,1304.7,20190400
2019-03-18 10:45:00,1311.4,20190600,1311.4,20190600,1305.3,20190400
2019-03-18 11:00:00,1311.8,20190600,1311.8,20190600,1305.6,20190400
2019-03-18 11:15:00,1311.5,20190600,1311.5,20190600,1305.1,20190400
2019-03-18 11:30:00,1311.3,20190600,1311.3,20190600,1305.1,20190400
2019-03-18 11:45:00,1311.3,20190600,1311.3,20190600,1305.1,20190400
2019-03-18 12:00:00,1311.8,20190600,1311.8,20190600,1305.8,20190400
2019-03-18 12:15:00,1311.9,20190600,1311.9,20190600,1305.7,20190400
2019-03-18 12:30:00,1311.2,20190600,1311.2,20190600,1305.1,20190400
2019-03-18 12:45:00,1310.3,20190600,1310.3,20190600,1304.3,20190400
2019-03-18 13:00:00,1310.4,20190600,1310.4,20190600,1304.5,20190400
2019-03-18 13:15:00,1311.4,20190600,1311.4,20190600,1305.0,20190400
2019-03-18 13:30:00,1311.5,20190600,1311.5,20190600,1305.4,20190400
2019-03-18 13:45:00,1311.5,20190600,1311.5,20190600,1305.5,20190400
2019-03-18 14:00:00,1311.7,20190600,1311.7,20190600,1305.7,20190400
2019-03-18 14:15:00,1311.4,20190600,1311.4,20190600,1305.3,20190400
2019-03-18 14:30:00,1311.0,20190600,1311.0,20190600,1305.0,20190400
2019-03-18 14:45:00,1311.5,20190600,1311.5,20190600,1305.3,20190400
2019-03-18 15:00:00,1311.4,20190600,1311.4,20190600,1305.3,20190400
2019-03-18 15:15:00,1310.5,20190600,1310.5,20190600,1304.6,20190400
2019-03-18 15:30:00,1310.8,20190600,1310.8,20190600,1304.9,20190400
2019-03-18 15:45:00,1311.8,20190600,1311.8,20190600,1305.7,20190400
2019-03-18 16:00:00,1310.7,20190600,1310.7,20190600,1304.6,20190400
2019-03-18 16:15:00,1310.9,20190600,1310.9,20190600,1304.8,20190400
2019-03-18 16:30:00,1309.9,20190600,1309.9,20190600,1303.9,20190400
2019-03-18 16:45:00,1310.0,20190600,1310.0,20190600,1304.0,20190400
2019-03-18 17:00:00,1310.8,20190600,1310.8,20190600,1304.4,20190400
2019-03-18 17:15:00,1310.1,20190600,1310.1,20190600,1304.1,20190400
2019-03-18 17:30:00,1309.0,20190600,1309.0,20190600,1302.9,20190400
2019-03-18 17:45:00,1309.2,20190600,1309.2,20190600,1302.9,20190400
2019-03-18 18:00:00,1307.7,20190600,1307.7,20190600,1301.5,20190400
2019-03-18 18:15:00,1307.8,20190600,1307.8,20190600,1301.6,20190400
2019-03-18 18:30:00,1308.2,20190600,1308.2,20190600,1302.1,20190400
2019-03-18 18:45:00,1309.4,20190600,1309.4,20190600,1303.1,20190400
2019-03-18 19:00:00,1308.6,20190600,1308.6,20190600,1302.3,20190400
2019-03-18 19:15:00,1308.7,20190600,1308.7,20190600,1302.5,20190400
2019-03-18 19:30:00,1308.4,20190600,1308.4,20190600,1302.2,20190400
2019-03-18 19:45:00,1308.4,20190600,1308.4,20190600,1302.7,20190400
2019-03-18 20:00:00,1308.8,20190600,1308.8,20190600,1302.6,20190400
2019-03-18 20:15:00,1308.8,20190600,1308.8,20190600,1302.8,20190400
2019-03-18 20:30:00,1309.2,20190600,1309.2,20190600,1302.9,20190400
2019-03-18 20:45:00,1308.6,20190600,1308.6,20190600,1302.6,20190400
2019-03-18 21:00:00,1308.6,20190600,1308.6,20190600,1302.7,20190400
2019-03-18 21:15:00,1309.7,20190600,1309.7,20190600,1303.6,20190400
2019-03-18 21:30:00,1309.6,20190600,1309.6,20190600,1303.4,20190400
2019-03-18 21:45:00,1309.7,20190600,1309.7,20190600,1303.5,20190400
2019-03-18 23:00:00,1305.0,20190600,1305.0,20190600,1298.8,20190400
2019-03-18 23:15:00,1309.5,20190600,1309.5,20190600,1303.0,20190400
2019-03-18 23:30:00,1309.4,20190600,1309.4,20190600,1303.2,20190400
2019-03-18 23:45:00,1309.4,20190600,1309.4,20190600,1303.2,20190400
2019-03-19 00:00:00,1309.0,20190600,1309.0,20190600,1303.1,20190400
2019-03-19 00:15:00,1309.2,20190600,1309.2,20190600,1303.0,20190400
2019-03-19 00:30:00,1308.7,20190600,1308.7,20190600,1302.5,20190400
2019-03-19 00:45:00,1309.4,20190600,1309.4,20190600,1303.2,20190400
2019-03-19 01:00:00,1310.0,20190600,1310.0,20190600,1303.8,20190400
2019-03-19 01:15:00,1311.2,20190600,1311.2,20190600,1305.1,20190400
2019-03-19 01:30:00,1311.0,20190600,1311.0,20190600,1304.7,20190400
2019-03-19 01:45:00,1310.9,20190600,1310.9,20190600,1304.6,20190400
2019-03-19 02:00:00,1311.2,20190600,1311.2,20190600,1305.1,20190400
2019-03-19 02:15:00,1311.8,20190600,1311.8,20190600,1305.6,20190400
2019-03-19 02:30:00,1311.5,20190600,1311.5,20190600,1305.3,20190400
2019-03-19 02:45:00,1311.7,20190600,1311.7,20190600,1305.5,20190400
2019-03-19 03:00:00,1312.0,20190600,1312.0,20190600,1306.0,20190400
2019-03-19 03:15:00,1313.3,20190600,1313.3,20190600,1307.1,20190400
2019-03-19 03:30:00,1313.2,20190600,1313.2,20190600,1307.0,20190400
2019-03-19 03:45:00,1313.3,20190600,1313.3,20190600,1307.1,20190400
2019-03-19 04:00:00,1313.2,20190600,1313.2,20190600,1307.1,20190400
2019-03-19 04:15:00,1313.1,20190600,1313.1,20190600,1306.9,20190400
2019-03-19 04:30:00,1313.4,20190600,1313.4,20190600,1307.2,20190400
2019-03-19 04:45:00,1313.6,20190600,1313.6,20190600,1307.3,20190400
2019-03-19 05:15:00,1313.5,20190600,1313.5,20190600,1307.5,20190400
2019-03-19 05:30:00,1313.6,20190600,1313.6,20190600,1307.5,20190400
2019-03-19 05:45:00,1313.7,20190600,1313.7,20190600,1307.6,20190400
2019-03-19 06:15:00,1313.1,20190600,1313.1,20190600,1307.0,20190400
2019-03-19 06:30:00,1312.7,20190600,1312.7,20190600,1306.6,20190400
2019-03-19 06:45:00,1312.3,20190600,1312.3,20190600,1306.1,20190400
2019-03-19 07:00:00,1312.2,20190600,1312.2,20190600,1306.0,20190400
2019-03-19 07:15:00,1312.2,20190600,1312.2,20190600,1306.0,20190400
2019-03-19 07:30:00,1312.9,20190600,1312.9,20190600,1306.8,20190400
2019-03-19 07:45:00,1311.6,20190600,1311.6,20190600,1305.3,20190400
2019-03-19 08:00:00,1311.5,20190600,1311.5,20190600,1305.2,20190400
2019-03-19 08:15:00,1311.6,20190600,1311.6,20190600,1305.4,20190400
2019-03-19 08:30:00,1311.3,20190600,1311.3,20190600,1305.1,20190400
2019-03-19 08:45:00,1310.2,20190600,1310.2,20190600,1304.3,20190400
2019-03-19 09:00:00,1311.3,20190600,1311.3,20190600,1304.9,20190400
2019-03-19 09:15:00,1311.6,20190600,1311.6,20190600,1305.5,20190400
2019-03-19 09:30:00,1311.7,20190600,1311.7,20190600,1305.6,20190400
2019-03-19 09:45:00,1311.8,20190600,1311.8,20190600,1305.7,20190400
2019-03-19 10:00:00,1311.9,20190600,1311.9,20190600,1305.8,20190400
2019-03-19 10:15:00,1311.9,20190600,1311.9,20190600,1305.7,20190400
2019-03-19 10:30:00,1312.0,20190600,1312.0,20190600,1305.9,20190400
2019-03-19 10:45:00,1312.2,20190600,1312.2,20190600,1305.9,20190400
2019-03-19 11:00:00,1312.8,20190600,1312.8,20190600,1306.7,20190400
2019-03-19 11:15:00,1312.8,20190600,1312.8,20190600,1306.5,20190400
2019-03-19 11:30:00,1314.2,20190600,1314.2,20190600,1308.0,20190400
2019-03-19 11:45:00,1313.9,20190600,1313.9,20190600,1307.7,20190400
2019-03-19 12:00:00,1314.1,20190600,1314.1,20190600,1307.8,20190400
2019-03-19 12:15:00,1313.6,20190600,1313.6,20190600,1307.3,20190400
2019-03-19 12:30:00,1314.4,20190600,1314.4,20190600,1308.2,20190400
2019-03-19 12:45:00,1314.2,20190600,1314.2,20190600,1308.0,20190400
2019-03-19 13:00:00,1314.5,20190600,1314.5,20190600,1308.5,20190400
2019-03-19 13:15:00,1315.5,20190600,1315.5,20190600,1309.2,20190400
2019-03-19 13:30:00,1314.2,20190600,1314.2,20190600,1308.1,20190400
2019-03-19 13:45:00,1314.4,20190600,1314.4,20190600,1308.3,20190400
2019-03-19 14:00:00,1316.1,20190600,1316.1,20190600,1309.8,20190400
2019-03-19 14:15:00,1316.0,20190600,1316.0,20190600,1309.8,20190400
2019-03-19 14:30:00,1315.6,20190600,1315.6,20190600,1309.3,20190400
2019-03-19 14:45:00,1315.9,20190600,1315.9,20190600,1309.9,20190400
2019-03-19 15:00:00,1315.4,20190600,1315.4,20190600,1309.0,20190400
2019-03-19 15:15:00,1314.5,20190600,1314.5,20190600,1308.3,20190400
2019-03-19 15:30:00,1313.4,20190600,1313.4,20190600,1307.2,20190400
2019-03-19 15:45:00,1313.7,20190600,1313.7,20190600,1307.4,20190400
2019-03-19 16:00:00,1313.3,20190600,1313.3,20190600,1306.9,20190400
2019-03-19 16:15:00,1314.0,20190600,1314.0,20190600,1307.9,20190400
2019-03-19 16:30:00,1315.1,20190600,1315.1,20190600,1308.9,20190400
2019-03-19 16:45:00,1313.7,20190600,1313.7,20190600,1307.5,20190400
2019-03-19 17:00:00,1313.3,20190600,1313.3,20190600,1307.1,20190400
2019-03-19 17:15:00,1313.4,20190600,1313.4,20190600,1307.3,20190400
2019-03-19 17:30:00,1312.3,20190600,1312.3,20190600,1306.2,20190400
2019-03-19 17:45:00,1312.6,20190600,1312.6,20190600,1306.1,20190400
2019-03-19 18:00:00,1312.3,20190600,1312.3,20190600,1306.3,20190400
2019-03-19 18:15:00,1313.0,20190600,1313.0,20190600,1306.6,20190400
2019-03-19 18:30:00,1313.4,20190600,1313.4,20190600,1307.1,20190400
2019-03-19 18:45:00,1313.6,20190600,1313.6,20190600,1307.3,20190400
2019-03-19 19:00:00,1313.5,20190600,1313.5,20190600,1307.3,20190400
2019-03-19 19:15:00,1312.7,20190600,1312.7,20190600,1306.4,20190400
2019-03-19 19:30:00,1313.2,20190600,1313.2,20190600,1306.9,20190400
2019-03-19 19:45:00,1313.2,20190600,1313.2,20190600,1306.9,20190400
2019-03-19 20:00:00,1313.2,20190600,1313.2,20190600,1306.9,20190400
2019-03-19 20:15:00,1313.6,20190600,1313.6,20190600,1307.4,20190400
2019-03-19 20:30:00,1313.1,20190600,1313.1,20190600,1306.7,20190400
2019-03-19 20:45:00,1312.5,20190600,1312.5,20190600,1306.2,20190400
2019-03-19 21:00:00,1312.8,20190600,1312.8,20190600,1306.5,20190400
2019-03-19 21:15:00,1312.7,20190600,1312.7,20190600,1306.4,20190400
2019-03-19 21:30:00,1312.5,20190600,1312.5,20190600,1306.4,20190400
2019-03-19 21:45:00,1312.4,20190600,1312.4,20190600,1306.3,20190400
2019-03-19 23:00:00,1313.4,20190600,1313.4,20190600,1307.2,20190400
2019-03-19 23:15:00,1312.8,20190600,1312.8,20190600,1306.6,20190400
2019-03-19 23:30:00,1312.9,20190600,1312.9,20190600,1306.4,20190400
2019-03-19 23:45:00,1312.8,20190600,1312.8,20190600,1306.5,20190400
2019-03-20 00:00:00,1311.5,20190600,1311.5,20190600,1305.1,20190400
2019-03-20 00:15:00,1312.4,20190600,1312.4,20190600,1306.1,20190400
2019-03-20 00:30:00,1312.0,20190600,1312.0,20190600,1306.0,20190400
2019-03-20 00:45:00,1312.1,20190600,1312.1,20190600,1306.0,20190400
2019-03-20 01:00:00,1312.4,20190600,1312.4,20190600,1306.0,20190400
2019-03-20 01:15:00,1312.1,20190600,1312.1,20190600,1305.9,20190400
2019-03-20 01:30:00,1311.3,20190600,1311.3,20190600,1304.9,20190400
2019-03-20 01:45:00,1310.6,20190600,1310.6,20190600,1304.5,20190400
2019-03-20 02:00:00,1310.2,20190600,1310.2,20190600,1303.9,20190400
2019-03-20 02:15:00,1310.5,20190600,1310.5,20190600,1304.3,20190400
2019-03-20 02:30:00,1310.4,20190600,1310.4,20190600,1304.3,20190400
2019-03-20 02:45:00,1310.9,20190600,1310.9,20190600,1304.7,20190400
2019-03-20 03:00:00,1311.2,20190600,1311.2,20190600,1304.8,20190400
2019-03-20 03:15:00,1310.6,20190600,1310.6,20190600,1304.2,20190400
2019-03-20 03:30:00,1310.7,20190600,1310.7,20190600,1304.4,20190400
2019-03-20 03:45:00,1311.1,20190600,1311.1,20190600,1304.8,20190400
2019-03-20 04:00:00,1311.0,20190600,1311.0,20190600,1304.7,20190400
2019-03-20 04:15:00,1310.9,20190600,1310.9,20190600,1304.6,20190400
2019-03-20 04:30:00,1310.6,20190600,1310.6,20190600,1304.2,20190400
2019-03-20 04:45:00,1310.8,20190600,1310.8,20190600,1304.6,20190400
2019-03-20 05:15:00,1311.0,20190600,1311.0,20190600,1304.6,20190400
2019-03-20 05:30:00,1310.8,20190600,1310.8,20190600,1304.5,20190400
2019-03-20 05:45:00,1310.9,20190600,1310.9,20190600,1304.6,20190400
2019-03-20 06:15:00,1310.8,20190600,1310.8,20190600,1304.5,20190400
2019-03-20 06:30:00,1311.3,20190600,1311.3,20190600,1305.1,20190400
2019-03-20 06:45:00,1311.7,20190600,1311.7,20190600,1305.5,20190400
2019-03-20 07:00:00,1312.2,20190600,1312.2,20190600,1305.9,20190400
2019-03-20 07:15:00,1312.0,20190600,1312.0,20190600,1305.6,20190400
2019-03-20 07:30:00,1311.5,20190600,1311.5,20190600,1305.3,20190400
2019-03-20 07:45:00,1311.2,20190600,1311.2,20190600,1304.8,20190400
2019-03-20 08:00:00,1310.1,20190600,1310.1,20190600,1303.9,20190400
2019-03-20 08:15:00,1310.3,20190600,1310.3,20190600,1304.0,20190400
2019-03-20 08:30:00,1308.8,20190600,1308.8,20190600,1302.5,20190400
2019-03-20 08:45:00,1309.2,20190600,1309.2,20190600,1303.0,20190400
2019-03-20 09:00:00,1309.1,20190600,1309.1,20190600,1303.0,20190400
2019-03-20 09:15:00,1308.8,20190600,1308.8,20190600,1302.6,20190400
2019-03-20 09:30:00,1307.9,20190600,1307.9,20190600,1301.7,20190400
2019-03-20 09:45:00,1307.9,20190600,1307.9,20190600,1301.8,20190400
2019-03-20 10:00:00,1308.0,20190600,1308.0,20190600,1301.7,20190400
2019-03-20 10:15:00,1308.1,20190600,1308.1,20190600,1302.0,20190400
2019-03-20 10:30:00,1308.6,20190600,1308.6,20190600,1302.4,20190400
2019-03-20 10:45:00,1308.9,20190600,1308.9,20190600,1302.8,20190400
2019-03-20 11:00:00,1308.9,20190600,1308.9,20190600,1302.8,20190400
2019-03-20 11:15:00,1309.0,20190600,1309.0,20190600,1302.8,20190400
2019-03-20 11:30:00,1309.4,20190600,1309.4,20190600,1303.3,20190400
2019-03-20 11:45:00,1310.5,20190600,1310.5,20190600,1304.4,20190400
2019-03-20 12:00:00,1310.2,20190600,1310.2,20190600,1304.0,20190400
2019-03-20 12:15:00,1310.0,20190600,1310.0,20190600,1303.8,20190400
2019-03-20 12:30:00,1310.1,20190600,1310.1,20190600,1304.0,20190400
2019-03-20 12:45:00,1310.7,20190600,1310.7,20190600,1304.6,20190400
2019-03-20 13:00:00,1311.4,20190600,1311.4,20190600,1305.2,20190400
2019-03-20 13:15:00,1312.5,20190600,1312.5,20190600,1306.3,20190400
2019-03-20 13:30:00,1314.0,20190600,1314.0,20190600,1307.9,20190400
2019-03-20 13:45:00,1313.5,20190600,1313.5,20190600,1307.5,20190400
2019-03-20 14:00:00,1314.2,20190600,1314.2,20190600,1308.0,20190400
2019-03-20 14:15:00,1315.1,20190600,1315.1,20190600,1308.9,20190400
2019-03-20 14:30:00,1313.2,20190600,1313.2,20190600,1307.1,20190400
2019-03-20 14:45:00,1312.1,20190600,1312.1,20190600,1305.9,20190400
2019-03-20 15:00:00,1311.9,20190600,1311.9,20190600,1305.8,20190400
2019-03-20 15:15:00,1311.4,20190600,1311.4,20190600,1305.3,20190400
2019-03-20 15:30:00,1309.2,20190600,1309.2,20190600,1303.0,20190400
2019-03-20 15:45:00,1309.3,20190600,1309.3,20190600,1303.2,20190400
2019-03-20 16:00:00,1309.3,20190600,1309.3,20190600,1303.3,20190400
2019-03-20 16:15:00,1309.1,20190600,1309.1,20190600,1302.9,20190400
2019-03-20 16:30:00,1306.9,20190600,1306.9,20190600,1300.9,20190400
2019-03-20 16:45:00,1306.4,20190600,1306.4,20190600,1300.3,20190400
2019-03-20 17:00:00,1307.1,20190600,1307.1,20190600,1301.0,20190400
2019-03-20 17:15:00,1306.5,20190600,1306.5,20190600,1300.4,20190400
2019-03-20 17:30:00,1306.1,20190600,1306.1,20190600,1300.1,20190400
2019-03-20 17:45:00,1306.6,20190600,1306.6,20190600,1300.6,20190400
2019-03-20 18:00:00,1307.1,20190600,1307.1,20190600,1301.0,20190400
2019-03-20 18:15:00,1307.5,20190600,1307.5,20190600,1301.4,20190400
2019-03-20 18:30:00,1307.4,20190600,1307.4,20190600,1301.4,20190400
2019-03-20 18:45:00,1308.1,20190600,1308.1,20190600,1301.9,20190400
2019-03-20 19:00:00,1320.4,20190600,1320.4,20190600,1314.2,20190400
2019-03-20 19:15:00,1321.6,20190600,1321.6,20190600,1315.3,20190400
2019-03-20 19:30:00,1319.1,20190600,1319.1,20190600,1312.9,20190400
2019-03-20 19:45:00,1320.8,20190600,1320.8,20190600,1314.6,20190400
2019-03-20 20:00:00,1321.0,20190600,1321.0,20190600,1315.0,20190400
2019-03-20 20:15:00,1320.3,20190600,1320.3,20190600,1314.0,20190400
2019-03-20 20:30:00,1320.5,20190600,1320.5,20190600,1314.3,20190400
2019-03-20 20:45:00,1320.5,20190600,1320.5,20190600,1314.4,20190400
2019-03-20 21:00:00,1319.8,20190600,1319.8,20190600,1313.6,20190400
2019-03-20 21:15:00,1319.3,20190600,1319.3,20190600,1313.0,20190400
2019-03-20 21:30:00,1318.9,20190600,1318.9,20190600,1312.9,20190400
2019-03-20 21:45:00,1318.8,20190600,1318.8,20190600,1312.5,20190400
2019-03-20 23:00:00,1310.7,20190600,1310.7,20190600,1304.4,20190400
2019-03-20 23:15:00,1320.2,20190600,1320.2,20190600,1314.1,20190400
2019-03-20 23:30:00,1320.1,20190600,1320.1,20190600,1314.0,20190400
2019-03-20 23:45:00,1320.2,20190600,1320.2,20190600,1314.0,20190400
2019-03-21 00:00:00,1320.7,20190600,1320.7,20190600,1314.5,20190400
2019-03-21 00:15:00,1320.8,20190600,1320.8,20190600,1314.7,20190400
2019-03-21 00:30:00,1321.8,20190600,1321.8,20190600,1315.6,20190400
2019-03-21 00:45:00,1321.6,20190600,1321.6,20190600,1315.3,20190400
2019-03-21 01:00:00,1321.0,20190600,1321.0,20190600,1314.8,20190400
2019-03-21 01:15:00,1321.2,20190600,1321.2,20190600,1315.0,20190400
2019-03-21 01:30:00,1322.1,20190600,1322.1,20190600,1316.0,20190400
2019-03-21 01:45:00,1322.2,20190600,1322.2,20190600,1316.0,20190400
2019-03-21 02:00:00,1322.0,20190600,1322.0,20190600,1315.8,20190400
2019-03-21 02:15:00,1322.9,20190600,1322.9,20190600,1316.7,20190400
2019-03-21 02:30:00,1324.2,20190600,1324.2,20190600,1318.0,20190400
2019-03-21 02:45:00,1324.0,20190600,1324.0,20190600,1317.8,20190400
2019-03-21 03:00:00,1324.6,20190600,1324.6,20190600,1318.4,20190400
2019-03-21 03:15:00,1324.9,20190600,1324.9,20190600,1318.7,20190400
2019-03-21 03:30:00,1325.1,20190600,1325.1,20190600,1318.9,20190400
2019-03-21 03:45:00,1324.4,20190600,1324.4,20190600,1318.2,20190400
2019-03-21 04:00:00,1324.5,20190600,1324.5,20190600,1318.3,20190400
2019-03-21 04:15:00,1323.9,20190600,1323.9,20190600,1317.8,20190400
2019-03-21 04:30:00,1324.2,20190600,1324.2,20190600,1318.0,20190400
2019-03-21 04:45:00,1324.7,20190600,1324.7,20190600,1318.6,20190400
2019-03-21 05:15:00,1324.7,20190600,1324.7,20190600,1318.7,20190400
2019-03-21 05:30:00,1325.0,20190600,1325.0,20190600,1318.8,20190400
2019-03-21 05:45:00,1324.9,20190600,1324.9,20190600,1318.7,20190400
2019-03-21 06:15:00,1324.2,20190600,1324.2,20190600,1318.0,20190400
2019-03-21 06:30:00,1324.2,20190600,1324.2,20190600,1318.1,20190400
2019-03-21 06:45:00,1323.4,20190600,1323.4,20190600,1317.3,20190400
2019-03-21 07:00:00,1324.0,20190600,1324.0,20190600,1317.8,20190400
2019-03-21 07:15:00,1324.5,20190600,1324.5,20190600,1318.2,20190400
2019-03-21 07:30:00,1324.9,20190600,1324.9,20190600,1318.8,20190400
2019-03-21 07:45:00,1325.0,20190600,1325.0,20190600,1318.9,20190400
2019-03-21 08:00:00,1324.8,20190600,1324.8,20190600,1318.6,20190400
2019-03-21 08:15:00,1325.3,20190600,1325.3,20190600,1319.2,20190400
2019-03-21 08:30:00,1325.8,20190600,1325.8,20190600,1319.6,20190400
2019-03-21 08:45:00,1325.0,20190600,1325.0,20190600,1318.7,20190400
2019-03-21 09:00:00,1325.2,20190600,1325.2,20190600,1319.1,20190400
2019-03-21 09:15:00,1324.9,20190600,1324.9,20190600,1318.7,20190400
2019-03-21 09:30:00,1324.1,20190600,1324.1,20190600,1317.8,20190400
2019-03-21 09:45:00,1324.1,20190600,1324.1,20190600,1317.7,20190400
2019-03-21 10:00:00,1324.4,20190600,1324.4,20190600,1318.1,20190400
2019-03-21 10:15:00,1324.0,20190600,1324.0,20190600,1317.7,20190400
2019-03-21 10:30:00,1324.1,20190600,1324.1,20190600,1317.8,20190400
2019-03-21 10:45:00,1323.6,20190600,1323.6,20190600,1317.3,20190400
2019-03-21 11:00:00,1324.4,20190600,1324.4,20190600,1318.1,20190400
2019-03-21 11:15:00,1323.6,20190600,1323.6,20190600,1317.4,20190400
2019-03-21 11:30:00,1322.3,20190600,1322.3,20190600,1316.1,20190400
2019-03-21 11:45:00,1320.3,20190600,1320.3,20190600,1314.0,20190400
2019-03-21 12:00:00,1321.4,20190600,1321.4,20190600,1315.1,20190400
2019-03-21 12:15:00,1322.2,20190600,1322.2,20190600,1315.9,20190400
2019-03-21 12:30:00,1321.3,20190600,1321.3,20190600,1315.1,20190400
2019-03-21 12:45:00,1321.4,20190600,1321.4,20190600,1315.2,20190400
2019-03-21 13:00:00,1321.2,20190600,1321.2,20190600,1315.0,20190400
2019-03-21 13:15:00,1323.4,20190600,1323.4,20190600,1317.1,20190400
2019-03-21 13:30:00,1324.2,20190600,1324.2,20190600,1317.9,20190400
2019-03-21 13:45:00,1324.0,20190600,1324.0,20190600,1317.7,20190400
2019-03-21 14:00:00,1321.8,20190600,1321.8,20190600,1315.7,20190400
2019-03-21 14:15:00,1322.5,20190600,1322.5,20190600,1316.1,20190400
2019-03-21 14:30:00,1321.0,20190600,1321.0,20190600,1314.7,20190400
2019-03-21 14:45:00,1318.9,20190600,1318.9,20190600,1312.8,20190400
2019-03-21 15:00:00,1318.0,20190600,1318.0,20190600,1311.8,20190400
2019-03-21 15:15:00,1318.1,20190600,1318.1,20190600,1311.8,20190400
2019-03-21 15:30:00,1317.7,20190600,1317.7,20190600,1311.5,20190400
2019-03-21 15:45:00,1315.5,20190600,1315.5,20190600,1309.2,20190400
2019-03-21 16:00:00,1315.6,20190600,1315.6,20190600,1309.4,20190400
2019-03-21 16:15:00,1317.0,20190600,1317.0,20190600,1310.9,20190400
2019-03-21 16:30:00,1316.7,20190600,1316.7,20190600,1310.4,20190400
2019-03-21 16:45:00,1316.6,20190600,1316.6,20190600,1310.3,20190400
2019-03-21 17:00:00,1315.4,20190600,1315.4,20190600,1309.1,20190400
2019-03-21 17:15:00,1310.2,20190600,1310.2,20190600,1303.9,20190400
2019-03-21 17:30:00,1311.1,20190600,1311.1,20190600,1304.8,20190400
2019-03-21 17:45:00,1311.8,20190600,1311.8,20190600,1305.7,20190400
2019-03-21 18:00:00,1312.2,20190600,1312.2,20190600,1306.0,20190400
2019-03-21 18:15:00,1313.7,20190600,1313.7,20190600,1307.4,20190400
2019-03-21 18:30:00,1312.6,20190600,1312.6,20190600,1306.3,20190400
2019-03-21 18:45:00,1313.9,20190600,1313.9,20190600,1307.6,20190400
2019-03-21 19:00:00,1314.1,20190600,1314.1,20190600,1307.9,20190400
2019-03-21 19:15:00,1314.8,20190600,1314.8,20190600,1308.6,20190400
2019-03-21 19:30:00,1314.2,20190600,1314.2,20190600,1307.9,20190400
2019-03-21 19:45:00,1314.9,20190600,1314.9,20190600,1308.6,20190400
2019-03-21 20:00:00,1314.7,20190600,1314.7,20190600,1308.4,20190400
2019-03-21 20:15:00,1314.8,20190600,1314.8,20190600,1308.5,20190400
2019-03-21 20:30:00,1314.2,20190600,1314.2,20190600,1308.0,20190400
2019-03-21 20:45:00,1315.3,20190600,1315.3,20190600,1309.0,20190400
2019-03-21 21:00:00,1314.9,20190600,1314.9,20190600,1308.6,20190400
2019-03-21 21:15:00,1315.1,20190600,1315.1,20190600,1308.7,20190400
2019-03-21 21:30:00,1315.1,20190600,1315.1,20190600,1308.9,20190400
2019-03-21 21:45:00,1315.2,20190600,1315.2,20190600,1309.0,20190400
2019-03-21 23:00:00,1324.5,20190600,1324.5,20190600,1318.2,20190400
2019-03-21 23:15:00,1315.2,20190600,1315.2,20190600,1309.0,20190400
2019-03-21 23:30:00,1315.3,20190600,1315.3,20190600,1309.1,20190400
2019-03-21 23:45:00,1315.1,20190600,1315.1,20190600,1308.8,20190400
2019-03-22 00:00:00,1314.9,20190600,1314.9,20190600,1308.8,20190400
2019-03-22 00:15:00,1315.0,20190600,1315.0,20190600,1308.8,20190400
2019-03-22 00:30:00,1315.3,20190600,1315.3,20190600,1309.2,20190400
2019-03-22 00:45:00,1314.5,20190600,1314.5,20190600,1308.3,20190400
2019-03-22 01:00:00,1313.8,20190600,1313.8,20190600,1307.5,20190400
2019-03-22 01:15:00,1313.1,20190600,1313.1,20190600,1306.8,20190400
2019-03-22 01:30:00,1313.9,20190600,1313.9,20190600,1307.8,20190400
2019-03-22 01:45:00,1314.6,20190600,1314.6,20190600,1308.3,20190400
2019-03-22 02:00:00,1313.9,20190600,1313.9,20190600,1307.6,20190400
2019-03-22 02:15:00,1314.0,20190600,1314.0,20190600,1307.9,20190400
2019-03-22 02:30:00,1316.0,20190600,1316.0,20190600,1309.9,20190400
2019-03-22 02:45:00,1316.0,20190600,1316.0,20190600,1309.8,20190400
2019-03-22 03:00:00,1315.8,20190600,1315.8,20190600,1309.6,20190400
2019-03-22 03:15:00,1315.7,20190600,1315.7,20190600,1309.5,20190400
2019-03-22 03:30:00,1314.7,20190600,1314.7,20190600,1308.5,20190400
2019-03-22 03:45:00,1315.3,20190600,1315.3,20190600,1309.1,20190400
2019-03-22 04:00:00,1315.0,20190600,1315.0,20190600,1308.8,20190400
2019-03-22 04:15:00,1315.2,20190600,1315.2,20190600,1309.0,20190400
2019-03-22 04:30:00,1314.9,20190600,1314.9,20190600,1308.7,20190400
2019-03-22 04:45:00,1315.0,20190600,1315.0,20190600,1308.7,20190400
2019-03-22 05:15:00,1314.7,20190600,1314.7,20190600,1308.5,20190400
2019-03-22 05:30:00,1314.6,20190600,1314.6,20190600,1308.2,20190400
2019-03-22 05:45:00,1314.1,20190600,1314.1,20190600,1307.9,20190400
2019-03-22 06:15:00,1314.1,20190600,1314.1,20190600,1308.0,20190400
2019-03-22 06:30:00,1314.8,20190600,1314.8,20190600,1308.6,20190400
2019-03-22 06:45:00,1315.1,20190600,1315.1,20190600,1308.8,20190400
2019-03-22 07:00:00,1315.8,20190600,1315.8,20190600,1309.7,20190400
2019-03-22 07:15:00,1316.6,20190600,1316.6,20190600,1310.4,20190400
2019-03-22 07:30:00,1317.1,20190600,1317.1,20190600,1310.9,20190400
2019-03-22 07:45:00,1316.9,20190600,1316.9,20190600,1310.8,20190400
2019-03-22 08:00:00,1317.9,20190600,1317.9,20190600,1311.8,20190400
2019-03-22 08:15:00,1318.0,20190600,1318.0,20190600,1311.7,20190400
2019-03-22 08:30:00,1317.6,20190600,1317.6,20190600,1311.3,20190400
2019-03-22 08:45:00,1318.5,20190600,1318.5,20190600,1312.2,20190400
2019-03-22 09:00:00,1318.3,20190600,1318.3,20190600,1312.0,20190400
2019-03-22 09:15:00,1317.7,20190600,1317.7,20190600,1311.5,20190400
2019-03-22 09:30:00,1316.4,20190600,1316.4,20190600,1310.1,20190400
2019-03-22 09:45:00,1317.6,20190600,1317.6,20190600,1311.3,20190400
2019-03-22 10:00:00,1317.9,20190600,1317.9,20190600,1311.7,20190400
2019-03-22 10:15:00,1317.4,20190600,1317.4,20190600,1311.1,20190400
2019-03-22 10:30:00,1319.4,20190600,1319.4,20190600,1313.2,20190400
2019-03-22 10:45:00,1319.5,20190600,1319.5,20190600,1313.1,20190400
2019-03-22 11:00:00,1318.8,20190600,1318.8,20190600,1312.5,20190400
2019-03-22 11:15:00,1317.5,20190600,1317.5,20190600,1311.3,20190400
2019-03-22 11:30:00,1318.7,20190600,1318.7,20190600,1312.5,20190400
2019-03-22 11:45:00,1318.4,20190600,1318.4,20190600,1312.2,20190400
2019-03-22 12:00:00,1319.4,20190600,1319.4,20190600,1313.1,20190400
2019-03-22 12:15:00,1318.6,20190600,1318.6,20190600,1312.4,20190400
2019-03-22 12:30:00,1318.5,20190600,1318.5,20190600,1312.2,20190400
2019-03-22 12:45:00,1318.6,20190600,1318.6,20190600,1312.3,20190400
2019-03-22 13:00:00,1319.3,20190600,1319.3,20190600,1313.1,20190400
2019-03-22 13:15:00,1316.8,20190600,1316.8,20190600,1310.4,20190400
2019-03-22 13:30:00,1317.4,20190600,1317.4,20190600,1311.2,20190400
2019-03-22 13:45:00,1317.8,20190600,1317.8,20190600,1311.5,20190400
2019-03-22 14:00:00,1317.6,20190600,1317.6,20190600,1311.3,20190400
2019-03-22 14:15:00,1317.7,20190600,1317.7,20190600,1311.5,20190400
2019-03-22 14:30:00,1317.3,20190600,1317.3,20190600,1311.2,20190400
2019-03-22 14:45:00,1320.3,20190600,1320.3,20190600,1314.1,20190400
2019-03-22 15:00:00,1318.0,20190600,1318.0,20190600,1311.7,20190400
2019-03-22 15:15:00,1319.1,20190600,1319.1,20190600,1312.8,20190400
2019-03-22 15:30:00,1318.6,20190600,1318.6,20190600,1312.3,20190400
2019-03-22 15:45:00,1318.9,20190600,1318.9,20190600,1312.6,20190400
2019-03-22 16:00:00,1317.4,20190600,1317.4,20190600,1311.1,20190400
2019-03-22 16:15:00,1317.6,20190600,1317.6,20190600,1311.3,20190400
2019-03-22 16:30:00,1317.9,20190600,1317.9,20190600,1311.7,20190400
2019-03-22 16:45:00,1319.3,20190600,1319.3,20190600,1312.9,20190400
2019-03-22 17:00:00,1318.3,20190600,1318.3,20190600,1312.1,20190400
2019-03-22 17:15:00,1319.1,20190600,1319.1,20190600,1312.8,20190400
2019-03-22 17:30:00,1319.0,20190600,1319.0,20190600,1312.6,20190400
2019-03-22 17:45:00,1318.2,20190600,1318.2,20190600,1311.8,20190400
2019-03-22 18:00:00,1318.5,20190600,1318.5,20190600,1312.2,20190400
2019-03-22 18:15:00,1318.7,20190600,1318.7,20190600,1312.3,20190400
2019-03-22 18:30:00,1318.7,20190600,1318.7,20190600,1312.3,20190400
2019-03-22 18:45:00,1319.0,20190600,1319.0,20190600,1312.6,20190400
2019-03-22 19:00:00,1317.4,20190600,1317.4,20190600,1311.1,20190400
2019-03-22 19:15:00,1317.7,20190600,1317.7,20190600,1311.4,20190400
2019-03-22 19:30:00,1318.1,20190600,1318.1,20190600,1311.9,20190400
2019-03-22 19:45:00,1318.4,20190600,1318.4,20190600,1312.0,20190400
2019-03-22 20:00:00,1318.7,20190600,1318.7,20190600,1312.2,20190400
2019-03-22 20:15:00,1318.9,20190600,1318.9,20190600,1312.4,20190400
2019-03-22 20:30:00,1319.5,20190600,1319.5,20190600,1313.1,20190400
2019-03-22 20:45:00,1318.5,20190600,1318.5,20190600,1312.2,20190400
2019-03-22 21:00:00,1319.4,20190600,1319.4,20190600,1313.0,20190400
2019-03-22 21:15:00,1319.5,20190600,1319.5,20190600,1313.2,20190400
2019-03-22 21:30:00,1319.3,20190600,1319.3,20190600,1312.8,20190400
2019-03-22 21:45:00,1319.7,20190600,1319.7,20190600,1313.4,20190400
2019-03-22 23:00:00,1313.9,20190600,1313.9,20190600,1307.6,20190400
2019-03-24 23:00:00,1319.7,20190600,1319.7,20190600,1313.3,20190400
2019-03-24 23:15:00,1319.4,20190600,1319.4,20190600,1312.9,20190400
2019-03-24 23:30:00,1319.1,20190600,1319.1,20190600,1312.7,20190400
2019-03-24 23:45:00,1318.6,20190600,1318.6,20190600,1312.1,20190400
2019-03-25 00:00:00,1318.2,20190600,1318.2,20190600,1311.9,20190400
2019-03-25 00:15:00,1317.8,20190600,1317.8,20190600,1311.4,20190400
2019-03-25 00:30:00,1318.1,20190600,1318.1,20190600,1311.7,20190400
2019-03-25 00:45:00,1317.6,20190600,1317.6,20190600,1311.3,20190400
2019-03-25 01:00:00,1317.8,20190600,1317.8,20190600,1311.4,20190400
2019-03-25 01:15:00,1317.8,20190600,1317.8,20190600,1311.5,20190400
2019-03-25 01:30:00,1319.3,20190600,1319.3,20190600,1312.9,20190400
2019-03-25 01:45:00,1319.6,20190600,1319.6,20190600,1313.2,20190400
2019-03-25 02:00:00,1321.2,20190600,1321.2,20190600,1314.9,20190400
2019-03-25 02:15:00,1320.7,20190600,1320.7,20190600,1314.3,20190400
2019-03-25 02:30:00,1320.3,20190600,1320.3,20190600,1314.1,20190400
2019-03-25 02:45:00,1320.6,20190600,1320.6,20190600,1314.3,20190400
2019-03-25 03:00:00,1321.0,20190600,1321.0,20190600,1314.7,20190400
2019-03-25 03:15:00,1321.6,20190600,1321.6,20190600,1315.2,20190400
2019-03-25 03:30:00,1321.2,20190600,1321.2,20190600,1314.9,20190400
2019-03-25 03:45:00,1321.0,20190600,1321.0,20190600,1314.6,20190400
2019-03-25 04:00:00,1321.2,20190600,1321.2,20190600,1314.9,20190400
2019-03-25 04:15:00,1321.3,20190600,1321.3,20190600,1315.0,20190400
2019-03-25 04:30:00,1321.4,20190600,1321.4,20190600,1315.1,20190400
2019-03-25 04:45:00,1321.4,20190600,1321.4,20190600,1315.1,20190400
2019-03-25 05:15:00,1322.2,20190600,1322.2,20190600,1315.9,20190400
2019-03-25 05:30:00,1322.2,20190600,1322.2,20190600,1315.7,20190400
2019-03-25 05:45:00,1321.8,20190600,1321.8,20190600,1315.4,20190400
2019-03-25 06:15:00,1322.1,20190600,1322.1,20190600,1315.8,20190400
2019-03-25 06:30:00,1322.2,20190600,1322.2,20190600,1315.8,20190400
2019-03-25 06:45:00,1322.5,20190600,1322.5,20190600,1316.1,20190400
2019-03-25 07:00:00,1321.6,20190600,1321.6,20190600,1315.3,20190400
2019-03-25 07:15:00,1321.8,20190600,1321.8,20190600,1315.5,20190400
2019-03-25 07:30:00,1321.6,20190600,1321.6,20190600,1315.3,20190400
2019-03-25 07:45:00,1321.7,20190600,1321.7,20190600,1315.5,20190400
2019-03-25 08:00:00,1322.9,20190600,1322.9,20190600,1316.6,20190400
2019-03-25 08:15:00,1323.1,20190600,1323.1,20190600,1316.8,20190400
2019-03-25 08:30:00,1322.6,20190600,1322.6,20190600,1316.3,20190400
2019-03-25 08:45:00,1323.1,20190600,1323.1,20190600,1316.8,20190400
2019-03-25 09:00:00,1322.5,20190600,1322.5,20190600,1316.2,20190400
2019-03-25 09:15:00,1323.0,20190600,1323.0,20190600,1316.8,20190400
2019-03-25 09:30:00,1322.9,20190600,1322.9,20190600,1316.6,20190400
2019-03-25 09:45:00,1323.5,20190600,1323.5,20190600,1317.2,20190400
2019-03-25 10:00:00,1323.1,20190600,1323.1,20190600,1316.9,20190400
2019-03-25 10:15:00,1323.0,20190600,1323.0,20190600,1316.8,20190400
2019-03-25 10:30:00,1323.6,20190600,1323.6,20190600,1317.3,20190400
2019-03-25 10:45:00,1323.4,20190600,1323.4,20190600,1317.1,20190400
2019-03-25 11:00:00,1323.6,20190600,1323.6,20190600,1317.4,20190400
2019-03-25 11:15:00,1324.2,20190600,1324.2,20190600,1318.0,20190400
2019-03-25 11:30:00,1323.2,20190600,1323.2,20190600,1317.0,20190400
2019-03-25 11:45:00,1322.9,20190600,1322.9,20190600,1316.6,20190400
2019-03-25 12:00:00,1322.6,20190600,1322.6,20190600,1316.3,20190400
2019-03-25 12:15:00,1323.4,20190600,1323.4,20190600,1317.2,20190400
2019-03-25 12:30:00,1323.8,20190600,1323.8,20190600,1317.5,20190400
2019-03-25 12:45:00,1323.8,20190600,1323.8,20190600,1317.6,20190400
2019-03-25 13:00:00,1324.4,20190600,1324.4,20190600,1318.3,20190400
2019-03-25 13:15:00,1324.9,20190600,1324.9,20190600,1318.6,20190400
2019-03-25 13:30:00,1325.1,20190600,1325.1,20190600,1318.6,20190400
2019-03-25 13:45:00,1325.5,20190600,1325.5,20190600,1319.1,20190400
2019-03-25 14:00:00,1324.9,20190600,1324.9,20190600,1318.6,20190400
2019-03-25 14:15:00,1324.7,20190600,1324.7,20190600,1318.4,20190400
2019-03-25 14:30:00,1324.6,20190600,1324.6,20190600,1318.3,20190400
2019-03-25 14:45:00,1326.1,20190600,1326.1,20190600,1319.8,20190400
2019-03-25 15:00:00,1327.3,20190600,1327.3,20190600,1321.0,20190400
2019-03-25 15:15:00,1327.9,20190600,1327.9,20190600,1321.6,20190400
2019-03-25 15:30:00,1327.3,20190600,1327.3,20190600,1320.8,20190400
2019-03-25 15:45:00,1326.0,20190600,1326.0,20190600,1319.6,20190400
2019-03-25 16:00:00,1327.5,20190600,1327.5,20190600,1321.1,20190400
2019-03-25 16:15:00,1328.0,20190600,1328.0,20190600,1321.6,20190400
2019-03-25 16:30:00,1328.8,20190600,1328.8,20190600,1322.4,20190400
2019-03-25 16:45:00,1327.8,20190600,1327.8,20190600,1321.3,20190400
2019-03-25 17:00:00,1327.6,20190600,1327.6,20190600,1321.2,20190400
2019-03-25 17:15:00,1327.4,20190600,1327.4,20190600,1320.9,20190400
2019-03-25 17:30:00,1328.5,20190600,1328.5,20190600,1322.1,20190400
2019-03-25 17:45:00,1327.8,20190600,1327.8,20190600,1321.4,20190400
2019-03-25 18:00:00,1328.3,20190600,1328.3,20190600,1321.9,20190400
2019-03-25 18:15:00,1328.9,20190600,1328.9,20190600,1322.5,20190400
2019-03-25 18:30:00,1327.8,20190600,1327.8,20190600,1321.5,20190400
2019-03-25 18:45:00,1329.0,20190600,1329.0,20190600,1322.5,20190400
2019-03-25 19:00:00,1329.8,20190600,1329.8,20190600,1323.5,20190400
2019-03-25 19:15:00,1329.7,20190600,1329.7,20190600,1323.4,20190400
2019-03-25 19:30:00,1328.7,20190600,1328.7,20190600,1322.2,20190400
2019-03-25 19:45:00,1327.5,20190600,1327.5,20190600,1321.1,20190400
2019-03-25 20:00:00,1327.6,20190600,1327.6,20190600,1321.1,20190400
2019-03-25 20:15:00,1327.8,20190600,1327.8,20190600,1321.4,20190400
2019-03-25 20:30:00,1328.2,20190600,1328.2,20190600,1321.9,20190400
2019-03-25 20:45:00,1328.6,20190600,1328.6,20190600,1322.1,20190400
2019-03-25 21:00:00,1328.6,20190600,1328.6,20190600,1322.3,20190400
2019-03-25 21:15:00,1328.5,20190600,1328.5,20190600,1322.1,20190400
2019-03-25 21:30:00,1328.3,20190600,1328.3,20190600,1321.8,20190400
2019-03-25 21:45:00,1328.0,20190600,1328.0,20190600,1321.6,20190400
2019-03-25 23:00:00,1322.4,20190600,1322.4,20190600,1316.1,20190400
2019-03-25 23:15:00,1327.6,20190600,1327.6,20190600,1321.1,20190400
2019-03-25 23:30:00,1328.3,20190600,1328.3,20190600,1321.9,20190400
2019-03-25 23:45:00,1328.1,20190600,1328.1,20190600,1321.7,20190400
2019-03-26 00:00:00,1328.2,20190600,1328.2,20190600,1321.9,20190400
2019-03-26 00:15:00,1328.2,20190600,1328.2,20190600,1321.9,20190400
2019-03-26 00:30:00,1329.2,20190600,1329.2,20190600,1322.8,20190400
2019-03-26 00:45:00,1327.4,20190600,1327.4,20190600,1321.0,20190400
2019-03-26 01:00:00,1327.5,20190600,1327.5,20190600,1321.1,20190400
2019-03-26 01:15:00,1326.6,20190600,1326.6,20190600,1320.3,20190400
2019-03-26 01:30:00,1326.8,20190600,1326.8,20190600,1320.4,20190400
2019-03-26 01:45:00,1326.9,20190600,1326.9,20190600,1320.5,20190400
2019-03-26 02:00:00,1327.5,20190600,1327.5,20190600,1321.1,20190400
2019-03-26 02:15:00,1326.9,20190600,1326.9,20190600,1320.5,20190400
2019-03-26 02:30:00,1327.8,20190600,1327.8,20190600,1321.5,20190400
2019-03-26 02:45:00,1327.7,20190600,1327.7,20190600,1321.3,20190400
2019-03-26 03:00:00,1326.9,20190600,1326.9,20190600,1320.6,20190400
2019-03-26 03:15:00,1326.8,20190600,1326.8,20190600,1320.3,20190400
2019-03-26 03:30:00,1326.6,20190600,1326.6,20190600,1320.2,20190400
2019-03-26 03:45:00,1326.7,20190600,1326.7,20190600,1320.3,20190400
2019-03-26 04:00:00,1326.5,20190600,1326.5,20190600,1320.1,20190400
2019-03-26 04:15:00,1326.7,20190600,1326.7,20190600,1320.4,20190400
2019-03-26 04:30:00,1326.7,20190600,1326.7,20190600,1320.3,20190400
2019-03-26 04:45:00,1326.4,20190600,1326.4,20190600,1320.0,20190400
2019-03-26 05:15:00,1326.1,20190600,1326.1,20190600,1319.8,20190400
2019-03-26 05:30:00,1326.0,20190600,1326.0,20190600,1319.6,20190400
2019-03-26 05:45:00,1325.8,20190600,1325.8,20190600,1319.4,20190400
2019-03-26 06:15:00,1324.9,20190600,1324.9,20190600,1318.6,20190400
2019-03-26 06:30:00,1324.2,20190600,1324.2,20190600,1317.9,20190400
2019-03-26 06:45:00,1324.0,20190600,1324.0,20190600,1317.6,20190400
2019-03-26 07:00:00,1325.0,20190600,1325.0,20190600,1318.5,20190400
2019-03-26 07:15:00,1325.3,20190600,1325.3,20190600,1319.0,20190400
2019-03-26 07:30:00,1325.2,20190600,1325.2,20190600,1318.9,20190400
2019-03-26 07:45:00,1324.2,20190600,1324.2,20190600,1317.9,20190400
2019-03-26 08:00:00,1323.7,20190600,1323.7,20190600,1317.3,20190400
2019-03-26 08:15:00,1322.7,20190600,1322.7,20190600,1316.3,20190400
2019-03-26 08:30:00,1322.4,20190600,1322.4,20190600,1316.0,20190400
2019-03-26 08:45:00,1321.7,20190600,1321.7,20190600,1315.3,20190400
2019-03-26 09:00:00,1323.7,20190600,1323.7,20190600,1317.3,20190400
2019-03-26 09:15:00,1323.1,20190600,1323.1,20190600,1316.8,20190400
2019-03-26 09:30:00,1323.0,20190600,1323.0,20190600,1316.7,20190400
2019-03-26 09:45:00,1322.6,20190600,1322.6,20190600,1316.2,20190400
2019-03-26 10:00:00,1322.6,20190600,1322.6,20190600,1316.3,20190400
2019-03-26 10:15:00,1322.3,20190600,1322.3,20190600,1316.0,20190400
2019-03-26 10:30:00,1321.7,20190600,1321.7,20190600,1315.4,20190400
2019-03-26 10:45:00,1320.8,20190600,1320.8,20190600,1314.4,20190400
2019-03-26 11:00:00,1320.3,20190600,1320.3,20190600,1314.0,20190400
2019-03-26 11:15:00,1320.9,20190600,1320.9,20190600,1314.5,20190400
2019-03-26 11:30:00,1320.3,20190600,1320.3,20190600,1313.9,20190400
2019-03-26 11:45:00,1320.5,20190600,1320.5,20190600,1314.2,20190400
2019-03-26 12:00:00,1320.3,20190600,1320.3,20190600,1314.0,20190400
2019-03-26 12:15:00,1320.5,20190600,1320.5,20190600,1314.2,20190400
2019-03-26 12:30:00,1318.5,20190600,1318.5,20190600,1312.2,20190400
2019-03-26 12:45:00,1319.6,20190600,1319.6,20190600,1313.2,20190400
2019-03-26 13:00:00,1320.2,20190600,1320.2,20190600,1313.8,20190400
2019-03-26 13:15:00,1320.6,20190600,1320.6,20190600,1314.3,20190400
2019-03-26 13:30:00,1321.5,20190600,1321.5,20190600,1315.2,20190400
2019-03-26 13:45:00,1322.5,20190600,1322.5,20190600,1316.1,20190400
2019-03-26 14:00:00,1323.6,20190600,1323.6,20190600,1317.3,20190400
2019-03-26 14:15:00,1323.7,20190600,1323.7,20190600,1317.4,20190400
2019-03-26 14:30:00,1322.0,20190600,1322.0,20190600,1315.7,20190400
2019-03-26 14:45:00,1320.1,20190600,1320.1,20190600,1313.7,20190400
2019-03-26 15:00:00,1321.8,20190600,1321.8,20190600,1315.5,20190400
2019-03-26 15:15:00,1320.8,20190600,1320.8,20190600,1314.5,20190400
2019-03-26 15:30:00,1321.9,20190600,1321.9,20190600,1315.5,20190400
2019-03-26 15:45:00,1321.7,20190600,1321.7,20190600,1315.2,20190400
2019-03-26 16:00:00,1320.8,20190600,1320.8,20190600,1314.5,20190400
2019-03-26 16:15:00,1321.5,20190600,1321.5,20190600,1315.1,20190400
2019-03-26 16:30:00,1320.3,20190600,1320.3,20190600,1313.9,20190400
2019-03-26 16:45:00,1320.6,20190600,1320.6,20190600,1314.2,20190400
2019-03-26 17:00:00,1319.9,20190600,1319.9,20190600,1313.4,20190400
2019-03-26 17:15:00,1320.1,20190600,1320.1,20190600,1313.8,20190400
2019-03-26 17:30:00,1321.1,20190600,1321.1,20190600,1314.7,20190400
2019-03-26 17:45:00,1322.1,20190600,1322.1,20190600,1315.6,20190400
2019-03-26 18:00:00,1321.0,20190600,1321.0,20190600,1314.6,20190400
2019-03-26 18:15:00,1321.4,20190600,1321.4,20190600,1315.0,20190400
2019-03-26 18:30:00,1321.0,20190600,1321.0,20190600,1314.7,20190400
2019-03-26 18:45:00,1321.5,20190600,1321.5,20190600,1315.2,20190400
2019-03-26 19:00:00,1322.7,20190600,1322.7,20190600,1316.3,20190400
2019-03-26 19:15:00,1322.8,20190600,1322.8,20190600,1316.4,20190400
2019-03-26 19:30:00,1322.3,20190600,1322.3,20190600,1315.9,20190400
2019-03-26 19:45:00,1322.4,20190600,1322.4,20190600,1316.0,20190400
2019-03-26 20:00:00,1322.7,20190600,1322.7,20190600,1316.3,20190400
2019-03-26 20:15:00,1322.7,20190600,1322.7,20190600,1316.2,20190400
2019-03-26 20:30:00,1322.0,20190600,1322.0,20190600,1315.6,20190400
2019-03-26 20:45:00,1321.6,20190600,1321.6,20190600,1315.3,20190400
2019-03-26 21:00:00,1321.9,20190600,1321.9,20190600,1315.7,20190400
2019-03-26 21:15:00,1321.5,20190600,1321.5,20190600,1315.2,20190400
2019-03-26 21:30:00,1321.4,20190600,1321.4,20190600,1315.0,20190400
2019-03-26 21:45:00,1321.5,20190600,1321.5,20190600,1315.2,20190400
2019-03-26 23:00:00,1325.0,20190600,1325.0,20190600,1318.7,20190400
2019-03-26 23:15:00,1322.3,20190600,1322.3,20190600,1316.0,20190400
2019-03-26 23:30:00,1322.1,20190600,1322.1,20190600,1315.6,20190400
2019-03-26 23:45:00,1322.3,20190600,1322.3,20190600,1315.9,20190400
2019-03-27 00:00:00,1322.6,20190600,1322.6,20190600,1316.1,20190400
2019-03-27 00:15:00,1323.0,20190600,1323.0,20190600,1316.5,20190400
2019-03-27 00:30:00,1323.0,20190600,1323.0,20190600,1316.7,20190400
2019-03-27 00:45:00,1322.3,20190600,1322.3,20190600,1316.0,20190400
2019-03-27 01:00:00,1323.2,20190600,1323.2,20190600,1316.8,20190400
2019-03-27 01:15:00,1323.3,20190600,1323.3,20190600,1317.0,20190400
2019-03-27 01:30:00,1322.8,20190600,1322.8,20190600,1316.4,20190400
2019-03-27 01:45:00,1323.3,20190600,1323.3,20190600,1316.9,20190400
2019-03-27 02:00:00,1323.0,20190600,1323.0,20190600,1316.6,20190400
2019-03-27 02:15:00,1324.0,20190600,1324.0,20190600,1317.6,20190400
2019-03-27 02:30:00,1323.8,20190600,1323.8,20190600,1317.4,20190400
2019-03-27 02:45:00,1323.4,20190600,1323.4,20190600,1317.0,20190400
2019-03-27 03:00:00,1323.6,20190600,1323.6,20190600,1317.3,20190400
2019-03-27 03:15:00,1323.5,20190600,1323.5,20190600,1317.2,20190400
2019-03-27 03:30:00,1323.0,20190600,1323.0,20190600,1316.6,20190400
2019-03-27 03:45:00,1322.6,20190600,1322.6,20190600,1316.3,20190400
2019-03-27 04:00:00,1322.1,20190600,1322.1,20190600,1315.8,20190400
2019-03-27 04:15:00,1322.3,20190600,1322.3,20190600,1316.0,20190400
2019-03-27 04:30:00,1322.0,20190600,1322.0,20190600,1315.7,20190400
2019-03-27 04:45:00,1322.3,20190600,1322.3,20190600,1315.9,20190400
2019-03-27 05:15:00,1321.6,20190600,1321.6,20190600,1315.1,20190400
2019-03-27 05:30:00,1321.3,20190600,1321.3,20190600,1315.1,20190400
2019-03-27 05:45:00,1320.8,20190600,1320.8,20190600,1314.4,20190400
2019-03-27 06:15:00,1321.2,20190600,1321.2,20190600,1314.9,20190400
2019-03-27 06:30:00,1320.6,20190600,1320.6,20190600,1314.2,20190400
2019-03-27 06:45:00,1321.2,20190600,1321.2,20190600,1314.8,20190400
2019-03-27 07:00:00,1322.2,20190600,1322.2,20190600,1315.8,20190400
2019-03-27 07:15:00,1322.6,20190600,1322.6,20190600,1316.2,20190400
2019-03-27 07:30:00,1322.3,20190600,1322.3,20190600,1316.0,20190400
2019-03-27 07:45:00,1322.5,20190600,1322.5,20190600,1316.1,20190400
2019-03-27 08:00:00,1321.6,20190600,1321.6,20190600,1315.3,20190400
2019-03-27 08:15:00,1321.2,20190600,1321.2,20190600,1314.8,20190400
2019-03-27 08:30:00,1320.3,20190600,1320.3,20190600,1313.9,20190400
2019-03-27 08:45:00,1319.7,20190600,1319.7,20190600,1313.4,20190400
2019-03-27 09:00:00,1320.6,20190600,1320.6,20190600,1314.3,20190400
2019-03-27 09:15:00,1320.4,20190600,1320.4,20190600,1314.0,20190400
2019-03-27 09:30:00,1321.8,20190600,1321.8,20190600,1315.4,20190400
2019-03-27 09:45:00,1322.1,20190600,1322.1,20190600,1315.6,20190400
2019-03-27 10:00:00,1322.2,20190600,1322.2,20190600,1315.8,20190400
2019-03-27 10:15:00,1322.2,20190600,1322.2,20190600,1315.8,20190400
2019-03-27 10:30:00,1323.7,20190600,1323.7,20190600,1317.3,20190400
2019-03-27 10:45:00,1323.7,20190600,1323.7,20190600,1317.3,20190400
2019-03-27 11:00:00,1324.1,20190600,1324.1,20190600,1317.8,20190400
2019-03-27 11:15:00,1324.3,20190600,1324.3,20190600,1318.0,20190400
2019-03-27 11:30:00,1323.6,20190600,1323.6,20190600,1317.1,20190400
2019-03-27 11:45:00,1324.2,20190600,1324.2,20190600,1317.9,20190400
2019-03-27 12:00:00,1324.1,20190600,1324.1,20190600,1317.8,20190400
2019-03-27 12:15:00,1324.4,20190600,1324.4,20190600,1318.0,20190400
2019-03-27 12:30:00,1324.2,20190600,1324.2,20190600,1317.9,20190400
2019-03-27 12:45:00,1323.1,20190600,1323.1,20190600,1316.7,20190400
2019-03-27 13:00:00,1323.0,20190600,1323.0,20190600,1316.7,20190400
2019-03-27 13:15:00,1322.3,20190600,1322.3,20190600,1315.9,20190400
2019-03-27 13:30:00,1321.3,20190600,1321.3,20190600,1314.9,20190400
2019-03-27 13:45:00,1321.0,20190600,1321.0,20190600,1314.6,20190400
2019-03-27 14:00:00,1321.7,20190600,1321.7,20190600,1315.4,20190400
2019-03-27 14:15:00,1322.3,20190600,1322.3,20190600,1315.9,20190400
2019-03-27 14:30:00,1317.3,20190600,1317.3,20190600,1311.0,20190400
2019-03-27 14:45:00,1318.2,20190600,1318.2,20190600,1311.9,20190400
2019-03-27 15:00:00,1317.5,20190600,1317.5,20190600,1311.1,20190400
2019-03-27 15:15:00,1316.9,20190600,1316.9,20190600,1310.5,20190400
2019-03-27 15:30:00,1317.7,20190600,1317.7,20190600,1311.2,20190400
2019-03-27 15:45:00,1317.7,20190600,1317.7,20190600,1311.3,20190400
2019-03-27 16:00:00,1316.6,20190600,1316.6,20190600,1310.1,20190400
2019-03-27 16:15:00,1318.5,20190600,1318.5,20190600,1312.0,20190400
2019-03-27 16:30:00,1318.4,20190600,1318.4,20190600,1311.9,20190400
2019-03-27 16:45:00,1317.3,20190600,1317.3,20190600,1310.9,20190400
2019-03-27 17:00:00,1316.2,20190600,1316.2,20190600,1309.8,20190400
2019-03-27 17:15:00,1315.9,20190600,1315.9,20190600,1309.4,20190400
2019-03-27 17:30:00,1316.5,20190600,1316.5,20190600,1309.9,20190400
2019-03-27 17:45:00,1317.8,20190600,1317.8,20190600,1311.2,20190400
2019-03-27 18:00:00,1317.6,20190600,1317.6,20190600,1311.1,20190400
2019-03-27 18:15:00,1317.0,20190600,1317.0,20190600,1310.5,20190400
2019-03-27 18:30:00,1315.6,20190600,1315.6,20190600,1309.3,20190400
2019-03-27 18:45:00,1315.6,20190600,1315.6,20190600,1309.2,20190400
2019-03-27 19:00:00,1315.8,20190600,1315.8,20190600,1309.4,20190400
2019-03-27 19:15:00,1316.6,20190600,1316.6,20190600,1310.2,20190400
2019-03-27 19:30:00,1316.2,20190600,1316.2,20190600,1309.7,20190400
2019-03-27 19:45:00,1315.7,20190600,1315.7,20190600,1309.3,20190400
2019-03-27 20:00:00,1314.5,20190600,1314.5,20190600,1308.1,20190400
2019-03-27 20:15:00,1314.3,20190600,1314.3,20190600,1307.9,20190400
2019-03-27 20:30:00,1314.8,20190600,1314.8,20190600,1308.4,20190400
2019-03-27 20:45:00,1314.9,20190600,1314.9,20190600,1308.4,20190400
2019-03-27 21:00:00,1315.0,20190600,1315.0,20190600,1308.6,20190400
2019-03-27 21:15:00,1315.0,20190600,1315.0,20190600,1308.7,20190400
2019-03-27 21:30:00,1315.3,20190600,1315.3,20190600,1308.7,20190400
2019-03-27 21:45:00,1315.2,20190600,1315.2,20190600,1308.5,20190400
2019-03-27 23:00:00,1321.1,20190600,1321.1,20190600,1314.7,20190400
2019-03-27 23:15:00,1315.4,20190600,1315.4,20190600,1309.1,20190400
2019-03-27 23:30:00,1315.4,20190600,1315.4,20190600,1309.1,20190400
2019-03-27 23:45:00,1315.1,20190600,1315.1,20190600,1308.7,20190400
2019-03-28 00:00:00,1314.6,20190600,1314.6,20190600,1308.2,20190400
2019-03-28 00:15:00,1314.9,20190600,1314.9,20190600,1308.5,20190400
2019-03-28 00:30:00,1314.9,20190800,1314.9,20190800,1315.0,20190600
2019-03-28 00:45:00,1320.7,20190800,1320.7,20190800,1314.8,20190600
2019-03-28 01:00:00,1321.8,20190800,1321.8,20190800,1315.7,20190600
2019-03-28 01:15:00,1321.8,20190800,1321.8,20190800,1316.0,20190600
2019-03-28 01:30:00,1322.3,20190800,1322.3,20190800,1316.1,20190600
2019-03-28 01:45:00,1322.4,20190800,1322.4,20190800,1315.9,20190600
2019-03-28 02:00:00,1321.7,20190800,1321.7,20190800,1315.9,20190600
2019-03-28 02:15:00,1321.0,20190800,1321.0,20190800,1315.2,20190600
2019-03-28 02:30:00,1321.0,20190800,1321.0,20190800,1314.6,20190600
2019-03-28 02:45:00,1319.4,20190800,1319.4,20190800,1313.2,20190600
2019-03-28 03:00:00,1319.9,20190800,1319.9,20190800,1313.8,20190600
2019-03-28 03:15:00,1321.2,20190800,1321.2,20190800,1315.3,20190600
2019-03-28 03:30:00,1321.2,20190800,1321.2,20190800,1315.4,20190600
2019-03-28 03:45:00,1321.2,20190800,1321.2,20190800,1315.6,20190600
2019-03-28 04:00:00,1321.2,20190800,1321.2,20190800,1315.8,20190600
2019-03-28 04:15:00,1322.1,20190800,1322.1,20190800,1316.1,20190600
2019-03-28 04:30:00,1321.5,20190800,1321.5,20190800,1315.3,20190600
2019-03-28 04:45:00,1321.3,20190800,1321.3,20190800,1315.2,20190600
2019-03-28 05:15:00,1321.8,20190800,1321.8,20190800,1315.8,20190600
2019-03-28 05:30:00,1322.0,20190800,1322.0,20190800,1316.0,20190600
2019-03-28 05:45:00,1322.0,20190800,1322.0,20190800,1316.1,20190600
2019-03-28 06:15:00,1322.4,20190800,1322.4,20190800,1316.6,20190600
2019-03-28 06:30:00,1322.8,20190800,1322.8,20190800,1316.5,20190600
2019-03-28 06:45:00,1322.4,20190800,1322.4,20190800,1316.8,20190600
2019-03-28 07:00:00,1323.2,20190800,1323.2,20190800,1317.0,20190600
2019-03-28 07:15:00,1323.1,20190800,1323.1,20190800,1316.6,20190600
2019-03-28 07:30:00,1322.8,20190800,1322.8,20190800,1316.8,20190600
2019-03-28 07:45:00,1321.6,20190800,1321.6,20190800,1315.6,20190600
2019-03-28 08:00:00,1321.9,20190800,1321.9,20190800,1315.9,20190600
2019-03-28 08:15:00,1321.9,20190800,1321.9,20190800,1316.2,20190600
2019-03-28 08:30:00,1322.4,20190800,1322.4,20190800,1316.1,20190600
2019-03-28 08:45:00,1320.4,20190800,1320.4,20190800,1314.2,20190600
2019-03-28 09:00:00,1320.6,20190800,1320.6,20190800,1314.4,20190600
2019-03-28 09:15:00,1319.9,20190800,1319.9,20190800,1313.5,20190600
2019-03-28 09:30:00,1319.6,20190800,1319.6,20190800,1313.4,20190600
2019-03-28 09:45:00,1319.0,20190800,1319.0,20190800,1313.2,20190600
2019-03-28 10:00:00,1319.0,20190800,1319.0,20190800,1313.5,20190600
2019-03-28 10:15:00,1319.3,20190800,1319.3,20190800,1312.9,20190600
2019-03-28 10:30:00,1318.9,20190800,1318.9,20190800,1312.5,20190600
2019-03-28 10:45:00,1318.3,20190800,1318.3,20190800,1312.4,20190600
2019-03-28 11:00:00,1318.5,20190800,1318.5,20190800,1312.4,20190600
2019-03-28 11:15:00,1318.1,20190800,1318.1,20190800,1311.8,20190600
2019-03-28 11:30:00,1317.7,20190800,1317.7,20190800,1311.5,20190600
2019-03-28 11:45:00,1317.6,20190800,1317.6,20190800,1311.3,20190600
2019-03-28 12:00:00,1316.7,20190800,1316.7,20190800,1310.8,20190600
2019-03-28 12:15:00,1316.0,20190800,1316.0,20190800,1309.9,20190600
2019-03-28 12:30:00,1316.0,20190800,1316.0,20190800,1309.6,20190600
2019-03-28 12:45:00,1314.1,20190800,1314.1,20190800,1308.2,20190600
2019-03-28 13:00:00,1314.5,20190800,1314.5,20190800,1308.0,20190600
2019-03-28 13:15:00,1314.9,20190800,1314.9,20190800,1308.8,20190600
2019-03-28 13:30:00,1312.7,20190800,1312.7,20190800,1306.8,20190600
2019-03-28 13:45:00,1311.7,20190800,1311.7,20190800,1305.2,20190600
2019-03-28 14:00:00,1306.0,20190800,1306.0,20190800,1299.4,20190600
2019-03-28 14:15:00,1305.0,20190800,1305.0,20190800,1299.2,20190600
2019-03-28 14:30:00,1302.6,20190800,1302.6,20190800,1296.1,20190600
2019-03-28 14:45:00,1302.4,20190800,1302.4,20190800,1296.7,20190600
2019-03-28 15:00:00,1304.5,20190800,1304.5,20190800,1298.8,20190600
2019-03-28 15:15:00,1305.8,20190800,1305.8,20190800,1299.4,20190600
2019-03-28 15:30:00,1304.0,20190800,1304.0,20190800,1298.0,20190600
2019-03-28 15:45:00,1305.4,20190800,1305.4,20190800,1299.3,20190600
2019-03-28 16:00:00,1305.3,20190800,1305.3,20190800,1299.2,20190600
2019-03-28 16:15:00,1303.5,20190800,1303.5,20190800,1297.7,20190600
2019-03-28 16:30:00,1301.9,20190800,1301.9,20190800,1295.6,20190600
2019-03-28 16:45:00,1303.1,20190800,1303.1,20190800,1297.1,20190600
2019-03-28 17:00:00,1300.8,20190800,1300.8,20190800,1295.1,20190600
2019-03-28 17:15:00,1300.6,20190800,1300.6,20190800,1294.6,20190600
2019-03-28 17:30:00,1300.1,20190800,1300.1,20190800,1294.1,20190600
2019-03-28 17:45:00,1301.4,20190800,1301.4,20190800,1295.5,20190600
2019-03-28 18:00:00,1302.4,20190800,1302.4,20190800,1296.8,20190600
2019-03-28 18:15:00,1301.4,20190800,1301.4,20190800,1295.3,20190600
2019-03-28 18:30:00,1301.7,20190800,1301.7,20190800,1295.6,20190600
2019-03-28 18:45:00,1301.3,20190800,1301.3,20190800,1295.7,20190600
2019-03-28 19:00:00,1301.3,20190800,1301.3,20190800,1296.3,20190600
2019-03-28 19:15:00,1302.2,20190800,1302.2,20190800,1296.0,20190600
2019-03-28 19:30:00,1302.3,20190800,1302.3,20190800,1295.7,20190600
2019-03-28 19:45:00,1302.3,20190800,1302.3,20190800,1296.3,20190600
2019-03-28 20:00:00,1302.3,20190800,1302.3,20190800,1296.5,20190600
2019-03-28 20:15:00,1302.3,20190800,1302.3,20190800,1295.9,20190600
2019-03-28 20:30:00,1301.8,20190800,1301.8,20190800,1296.2,20190600
2019-03-28 20:45:00,1301.3,20190800,1301.3,20190800,1295.3,20190600
2019-03-28 21:00:00,1301.5,20190800,1301.5,20190800,1295.6,20190600
2019-03-28 21:15:00,1301.7,20190800,1301.7,20190800,1295.7,20190600
2019-03-28 21:30:00,1301.6,20190800,1301.6,20190800,1295.4,20190600
2019-03-28 21:45:00,1301.0,20190800,1301.0,20190800,1295.0,20190600
2019-03-28 23:00:00,1322.2,20190800,1322.2,20190800,1316.5,20190600
2019-03-28 23:15:00,1322.2,20190800,1322.2,20190800,1295.5,20190600
2019-03-28 23:30:00,1301.6,20190800,1301.6,20190800,1295.7,20190600
2019-03-28 23:45:00,1302.1,20190800,1302.1,20190800,1295.8,20190600
2019-03-29 00:00:00,1301.9,20190800,1301.9,20190800,1296.1,20190600
2019-03-29 00:15:00,1301.9,20190800,1301.9,20190800,1296.0,20190600
2019-03-29 00:30:00,1302.1,20190800,1302.1,20190800,1296.1,20190600
2019-03-29 00:45:00,1302.1,20190800,1302.1,20190800,1296.2,20190600
2019-03-29 01:00:00,1302.1,20190800,1302.1,20190800,1296.4,20190600
2019-03-29 01:15:00,1302.1,20190800,1302.1,20190800,1297.1,20190600
2019-03-29 01:30:00,1303.2,20190800,1303.2,20190800,1296.8,20190600
2019-03-29 01:45:00,1302.5,20190800,1302.5,20190800,1296.6,20190600
2019-03-29 02:00:00,1302.5,20190800,1302.5,20190800,1296.5,20190600
2019-03-29 02:15:00,1302.7,20190800,1302.7,20190800,1296.0,20190600
2019-03-29 02:30:00,1302.6,20190800,1302.6,20190800,1296.5,20190600
2019-03-29 02:45:00,1302.1,20190800,1302.1,20190800,1295.5,20190600
2019-03-29 03:00:00,1300.9,20190800,1300.9,20190800,1295.0,20190600
2019-03-29 03:15:00,1301.6,20190800,1301.6,20190800,1295.8,20190600
2019-03-29 03:30:00,1301.8,20190800,1301.8,20190800,1295.7,20190600
2019-03-29 03:45:00,1301.7,20190800,1301.7,20190800,1295.7,20190600
2019-03-29 04:00:00,1302.0,20190800,1302.0,20190800,1295.6,20190600
2019-03-29 04:15:00,1300.6,20190800,1300.6,20190800,1293.9,20190600
2019-03-29 04:30:00,1299.8,20190800,1299.8,20190800,1293.7,20190600
2019-03-29 04:45:00,1299.7,20190800,1299.7,20190800,1293.9,20190600
2019-03-29 05:15:00,1299.7,20190800,1299.7,20190800,1294.4,20190600
2019-03-29 05:30:00,1300.4,20190800,1300.4,20190800,1294.4,20190600
2019-03-29 05:45:00,1299.7,20190800,1299.7,20190800,1293.5,20190600
2019-03-29 06:15:00,1299.7,20190800,1299.7,20190800,1294.2,20190600
2019-03-29 06:30:00,1299.7,20190800,1299.7,20190800,1293.8,20190600
2019-03-29 06:45:00,1300.6,20190800,1300.6,20190800,1294.5,20190600
2019-03-29 07:00:00,1300.6,20190800,1300.6,20190800,1294.7,20190600
2019-03-29 07:15:00,1300.4,20190800,1300.4,20190800,1294.2,20190600
2019-03-29 07:30:00,1297.6,20190800,1297.6,20190800,1292.1,20190600
2019-03-29 07:45:00,1297.8,20190800,1297.8,20190800,1291.9,20190600
2019-03-29 08:00:00,1297.8,20190800,1297.8,20190800,1292.5,20190600
2019-03-29 08:15:00,1298.6,20190800,1298.6,20190800,1292.6,20190600
2019-03-29 08:30:00,1298.1,20190800,1298.1,20190800,1292.3,20190600
2019-03-29 08:45:00,1298.9,20190800,1298.9,20190800,1292.6,20190600
2019-03-29 09:00:00,1298.4,20190800,1298.4,20190800,1292.3,20190600
2019-03-29 09:15:00,1298.4,20190800,1298.4,20190800,1292.9,20190600
2019-03-29 09:30:00,1299.4,20190800,1299.4,20190800,1293.4,20190600
2019-03-29 09:45:00,1300.6,20190800,1300.6,20190800,1294.7,20190600
2019-03-29 10:00:00,1302.1,20190800,1302.1,20190800,1295.4,20190600
2019-03-29 10:15:00,1302.1,20190800,1302.1,20190800,1296.4,20190600
2019-03-29 10:30:00,1301.8,20190800,1301.8,20190800,1295.7,20190600
2019-03-29 10:45:00,1301.6,20190800,1301.6,20190800,1295.5,20190600
2019-03-29 11:00:00,1301.5,20190800,1301.5,20190800,1295.2,20190600
2019-03-29 11:15:00,1302.3,20190800,1302.3,20190800,1296.1,20190600
2019-03-29 11:30:00,1302.0,20190800,1302.0,20190800,1295.8,20190600
2019-03-29 11:45:00,1301.9,20190800,1301.9,20190800,1296.0,20190600
2019-03-29 12:00:00,1302.3,20190800,1302.3,20190800,1296.6,20190600
2019-03-29 12:15:00,1302.7,20190800,1302.7,20190800,1296.2,20190600
2019-03-29 12:30:00,1303.0,20190800,1303.0,20190800,1296.9,20190600
2019-03-29 12:45:00,1304.0,20190800,1304.0,20190800,1297.8,20190600
2019-03-29 13:00:00,1305.0,20190800,1305.0,20190800,1298.9,20190600
2019-03-29 13:15:00,1306.0,20190800,1306.0,20190800,1300.5,20190600
2019-03-29 13:30:00,1307.8,20190800,1307.8,20190800,1302.2,20190600
2019-03-29 13:45:00,1308.4,20190800,1308.4,20190800,1302.3,20190600
2019-03-29 14:00:00,1309.7,20190800,1309.7,20190800,1304.2,20190600
2019-03-29 14:15:00,1310.1,20190800,1310.1,20190800,1303.3,20190600
2019-03-29 14:30:00,1309.8,20190800,1309.8,20190800,1304.3,20190600
2019-03-29 14:45:00,1310.4,20190800,1310.4,20190800,1304.2,20190600
2019-03-29 15:00:00,1309.1,20190800,1309.1,20190800,1303.0,20190600
2019-03-29 15:15:00,1307.0,20190800,1307.0,20190800,1300.4,20190600
2019-03-29 15:30:00,1305.8,20190800,1305.8,20190800,1299.7,20190600
2019-03-29 15:45:00,1306.2,20190800,1306.2,20190800,1300.1,20190600
2019-03-29 16:00:00,1304.6,20190800,1304.6,20190800,1298.5,20190600
2019-03-29 16:15:00,1304.6,20190800,1304.6,20190800,1298.5,20190600
2019-03-29 16:30:00,1305.7,20190800,1305.7,20190800,1299.7,20190600
2019-03-29 16:45:00,1306.4,20190800,1306.4,20190800,1300.2,20190600
2019-03-29 17:00:00,1306.4,20190800,1306.4,20190800,1300.4,20190600
2019-03-29 17:15:00,1306.0,20190800,1306.0,20190800,1299.9,20190600
2019-03-29 17:30:00,1306.4,20190800,1306.4,20190800,1300.5,20190600
2019-03-29 17:45:00,1306.2,20190800,1306.2,20190800,1300.1,20190600
2019-03-29 18:00:00,1305.0,20190800,1305.0,20190800,1299.1,20190600
2019-03-29 18:15:00,1304.0,20190800,1304.0,20190800,1298.1,20190600
2019-03-29 18:30:00,1304.4,20190800,1304.4,20190800,1298.5,20190600
2019-03-29 18:45:00,1304.2,20190800,1304.2,20190800,1298.1,20190600
2019-03-29 19:00:00,1304.5,20190800,1304.5,20190800,1298.5,20190600
2019-03-29 19:15:00,1304.5,20190800,1304.5,20190800,1297.8,20190600
2019-03-29 19:30:00,1304.2,20190800,1304.2,20190800,1298.2,20190600
2019-03-29 19:45:00,1303.1,20190800,1303.1,20190800,1297.0,20190600
2019-03-29 20:00:00,1303.7,20190800,1303.7,20190800,1297.4,20190600
2019-03-29 20:15:00,1303.0,20190800,1303.0,20190800,1297.1,20190600
2019-03-29 20:30:00,1303.0,20190800,1303.0,20190800,1297.2,20190600
2019-03-29 20:45:00,1303.1,20190800,1303.1,20190800,1296.9,20190600
2019-03-29 21:00:00,1303.1,20190800,1303.1,20190800,1296.9,20190600
2019-03-29 21:15:00,1303.1,20190800,1303.1,20190800,1297.1,20190600
2019-03-29 21:30:00,1303.2,20190800,1303.2,20190800,1296.9,20190600
2019-03-29 21:45:00,1303.0,20190800,1303.0,20190800,1297.0,20190600
2019-03-29 23:00:00,1303.0,20190800,1303.0,20190800,1293.8,20190600
2019-03-31 23:00:00,1302.9,20190800,1302.9,20190800,1297.6,20190600
2019-03-31 23:15:00,1302.9,20190800,1302.9,20190800,1297.6,20190600
2019-03-31 23:30:00,1302.9,20190800,1302.9,20190800,1297.4,20190600
2019-03-31 23:45:00,1302.9,20190800,1302.9,20190800,1296.9,20190600
2019-04-01 00:00:00,1302.5,20190800,1302.5,20190800,1296.7,20190600
2019-04-01 00:15:00,1302.5,20190800,1302.5,20190800,1296.2,20190600
2019-04-01 00:30:00,1302.5,20190800,1302.5,20190800,1296.3,20190600
2019-04-01 00:45:00,1302.5,20190800,1302.5,20190800,1296.4,20190600
2019-04-01 01:00:00,1302.5,20190800,1302.5,20190800,1296.2,20190600
2019-04-01 01:15:00,1301.8,20190800,1301.8,20190800,1295.4,20190600
2019-04-01 01:30:00,1301.6,20190800,1301.6,20190800,1295.0,20190600
2019-04-01 01:45:00,1301.9,20190800,1301.9,20190800,1296.2,20190600
2019-04-01 02:00:00,1303.2,20190800,1303.2,20190800,1297.5,20190600
2019-04-01 02:15:00,1302.8,20190800,1302.8,20190800,1297.3,20190600
2019-04-01 02:30:00,1302.8,20190800,1302.8,20190800,1297.7,20190600
2019-04-01 02:45:00,1302.8,20190800,1302.8,20190800,1296.7,20190600
2019-04-01 03:00:00,1303.0,20190800,1303.0,20190800,1297.2,20190600
2019-04-01 03:15:00,1303.0,20190800,1303.0,20190800,1297.1,20190600
2019-04-01 03:30:00,1303.8,20190800,1303.8,20190800,1297.8,20190600
2019-04-01 03:45:00,1303.6,20190800,1303.6,20190800,1297.6,20190600
2019-04-01 04:00:00,1303.6,20190800,1303.6,20190800,1297.5,20190600
2019-04-01 04:15:00,1303.6,20190800,1303.6,20190800,1298.1,20190600
2019-04-01 04:30:00,1304.1,20190800,1304.1,20190800,1298.0,20190600
2019-04-01 04:45:00,1304.1,20190800,1304.1,20190800,1298.0,20190600
2019-04-01 05:15:00,1304.1,20190800,1304.1,20190800,1298.3,20190600
2019-04-01 05:30:00,1304.2,20190800,1304.2,20190800,1297.5,20190600
2019-04-01 05:45:00,1303.7,20190800,1303.7,20190800,1297.6,20190600
2019-04-01 06:15:00,1304.3,20190800,1304.3,20190800,1298.2,20190600
2019-04-01 06:30:00,1304.3,20190800,1304.3,20190800,1297.7,20190600
2019-04-01 06:45:00,1303.3,20190800,1303.3,20190800,1297.5,20190600
2019-04-01 07:00:00,1301.8,20190800,1301.8,20190800,1295.0,20190600
2019-04-01 07:15:00,1300.7,20190800,1300.7,20190800,1294.7,20190600
2019-04-01 07:30:00,1301.0,20190800,1301.0,20190800,1294.4,20190600
2019-04-01 07:45:00,1299.5,20190800,1299.5,20190800,1293.7,20190600
2019-04-01 08:00:00,1299.0,20190800,1299.0,20190800,1293.4,20190600
2019-04-01 08:15:00,1299.7,20190800,1299.7,20190800,1293.8,20190600
2019-04-01 08:30:00,1299.7,20190800,1299.7,20190800,1295.3,20190600
2019-04-01 08:45:00,1300.4,20190800,1300.4,20190800,1294.2,20190600
2019-04-01 09:00:00,1301.6,20190800,1301.6,20190800,1295.5,20190600
2019-04-01 09:15:00,1301.0,20190800,1301.0,20190800,1294.8,20190600
2019-04-01 09:30:00,1301.0,20190800,1301.0,20190800,1295.0,20190600
2019-04-01 09:45:00,1300.6,20190800,1300.6,20190800,1295.3,20190600
2019-04-01 10:00:00,1300.6,20190800,1300.6,20190800,1295.6,20190600
2019-04-01 10:15:00,1301.8,20190800,1301.8,20190800,1295.3,20190600
2019-04-01 10:30:00,1302.3,20190800,1302.3,20190800,1295.8,20190600
2019-04-01 10:45:00,1301.8,20190800,1301.8,20190800,1295.8,20190600
2019-04-01 11:00:00,1301.7,20190800,1301.7,20190800,1295.1,20190600
2019-04-01 11:15:00,1300.9,20190800,1300.9,20190800,1294.7,20190600
2019-04-01 11:30:00,1300.7,20190800,1300.7,20190800,1294.3,20190600
2019-04-01 11:45:00,1300.7,20190800,1300.7,20190800,1294.7,20190600
2019-04-01 12:00:00,1300.3,20190800,1300.3,20190800,1295.0,20190600
2019-04-01 12:15:00,1301.3,20190800,1301.3,20190800,1295.3,20190600
2019-04-01 12:30:00,1301.6,20190800,1301.6,20190800,1295.5,20190600
2019-04-01 12:45:00,1300.8,20190800,1300.8,20190800,1294.6,20190600
2019-04-01 13:00:00,1302.3,20190800,1302.3,20190800,1296.4,20190600
2019-04-01 13:15:00,1303.2,20190800,1303.2,20190800,1297.6,20190600
2019-04-01 13:30:00,1305.3,20190800,1305.3,20190800,1299.3,20190600
2019-04-01 13:45:00,1305.8,20190800,1305.8,20190800,1299.4,20190600
2019-04-01 14:00:00,1307.5,20190800,1307.5,20190800,1301.4,20190600
2019-04-01 14:15:00,1306.9,20190800,1306.9,20190800,1300.9,20190600
2019-04-01 14:30:00,1306.6,20190800,1306.6,20190800,1300.0,20190600
2019-04-01 14:45:00,1306.4,20190800,1306.4,20190800,1300.0,20190600
2019-04-01 15:00:00,1303.6,20190800,1303.6,20190800,1297.6,20190600
2019-04-01 15:15:00,1302.3,20190800,1302.3,20190800,1296.2,20190600
2019-04-01 15:30:00,1302.3,20190800,1302.3,20190800,1296.2,20190600
2019-04-01 15:45:00,1302.8,20190800,1302.8,20190800,1296.8,20190600
2019-04-01 16:00:00,1302.3,20190800,1302.3,20190800,1296.4,20190600
2019-04-01 16:15:00,1302.6,20190800,1302.6,20190800,1296.4,20190600
2019-04-01 16:30:00,1302.9,20190800,1302.9,20190800,1296.7,20190600
2019-04-01 16:45:00,1301.8,20190800,1301.8,20190800,1295.4,20190600
2019-04-01 17:00:00,1301.0,20190800,1301.0,20190800,1295.0,20190600
2019-04-01 17:15:00,1301.2,20190800,1301.2,20190800,1295.2,20190600
2019-04-01 17:30:00,1300.4,20190800,1300.4,20190800,1294.7,20190600
2019-04-01 17:45:00,1299.8,20190800,1299.8,20190800,1294.1,20190600
2019-04-01 18:00:00,1301.2,20190800,1301.2,20190800,1295.3,20190600
2019-04-01 18:15:00,1300.0,20190800,1300.0,20190800,1293.9,20190600
2019-04-01 18:30:00,1299.6,20190800,1299.6,20190800,1293.2,20190600
2019-04-01 18:45:00,1300.0,20190800,1300.0,20190800,1293.9,20190600
2019-04-01 19:00:00,1299.5,20190800,1299.5,20190800,1293.3,20190600
2019-04-01 19:15:00,1299.4,20190800,1299.4,20190800,1292.9,20190600
2019-04-01 19:30:00,1298.3,20190800,1298.3,20190800,1292.6,20190600
2019-04-01 19:45:00,1299.0,20190800,1299.0,20190800,1292.7,20190600
2019-04-01 20:00:00,1298.5,20190800,1298.5,20190800,1293.0,20190600
2019-04-01 20:15:00,1299.0,20190800,1299.0,20190800,1292.7,20190600
2019-04-01 20:30:00,1299.0,20190800,1299.0,20190800,1293.2,20190600
2019-04-01 20:45:00,1297.2,20190800,1297.2,20190800,1291.7,20190600
2019-04-01 21:00:00,1297.4,20190800,1297.4,20190800,1291.7,20190600
2019-04-01 21:15:00,1298.0,20190800,1298.0,20190800,1292.0,20190600
2019-04-01 21:30:00,1298.0,20190800,1298.0,20190800,1292.2,20190600
2019-04-01 21:45:00,1298.2,20190800,1298.2,20190800,1292.3,20190600
2019-04-01 23:00:00,1304.3,20190800,1304.3,20190800,1298.1,20190600
2019-04-01 23:15:00,1304.3,20190800,1304.3,20190800,1292.4,20190600
2019-04-01 23:30:00,1304.3,20190800,1304.3,20190800,1292.6,20190600
2019-04-01 23:45:00,1304.3,20190800,1304.3,20190800,1292.4,20190600
2019-04-02 00:00:00,1298.3,20190800,1298.3,20190800,1292.5,20190600
2019-04-02 00:15:00,1298.1,20190800,1298.1,20190800,1291.9,20190600
2019-04-02 00:30:00,1297.4,20190800,1297.4,20190800,1291.6,20190600
2019-04-02 00:45:00,1297.4,20190800,1297.4,20190800,1291.9,20190600
2019-04-02 01:00:00,1297.4,20190800,1297.4,20190800,1292.8,20190600
2019-04-02 01:15:00,1297.4,20190800,1297.4,20190800,1292.8,20190600
2019-04-02 01:30:00,1297.4,20190800,1297.4,20190800,1293.5,20190600
2019-04-02 01:45:00,1298.8,20190800,1298.8,20190800,1292.7,20190600
2019-04-02 02:00:00,1298.7,20190800,1298.7,20190800,1292.4,20190600
2019-04-02 02:15:00,1298.0,20190800,1298.0,20190800,1291.8,20190600
2019-04-02 02:30:00,1298.0,20190800,1298.0,20190800,1292.7,20190600
2019-04-02 02:45:00,1299.2,20190800,1299.2,20190800,1293.2,20190600
2019-04-02 03:00:00,1298.9,20190800,1298.9,20190800,1292.8,20190600
2019-04-02 03:15:00,1298.9,20190800,1298.9,20190800,1292.6,20190600
2019-04-02 03:30:00,1298.8,20190800,1298.8,20190800,1292.4,20190600
2019-04-02 03:45:00,1297.7,20190800,1297.7,20190800,1291.6,20190600
2019-04-02 04:00:00,1297.7,20190800,1297.7,20190800,1292.1,20190600
2019-04-02 04:15:00,1297.8,20190800,1297.8,20190800,1291.9,20190600
2019-04-02 04:30:00,1297.8,20190800,1297.8,20190800,1291.2,20190600
2019-04-02 04:45:00,1297.8,20190800,1297.8,20190800,1291.8,20190600
2019-04-02 05:15:00,1297.8,20190800,1297.8,20190800,1290.3,20190600
2019-04-02 05:30:00,1297.8,20190800,1297.8,20190800,1289.9,20190600
2019-04-02 05:45:00,1296.1,20190800,1296.1,20190800,1290.4,20190600
2019-04-02 06:15:00,1296.1,20190800,1296.1,20190800,1291.6,20190600
2019-04-02 06:30:00,1299.0,20190800,1299.0,20190800,1293.1,20190600
2019-04-02 06:45:00,1298.7,20190800,1298.7,20190800,1292.3,20190600
2019-04-02 07:00:00,1298.4,20190800,1298.4,20190800,1293.8,20190600
2019-04-02 07:15:00,1298.4,20190800,1298.4,20190800,1292.3,20190600
2019-04-02 07:30:00,1298.1,20190800,1298.1,20190800,1291.4,20190600
2019-04-02 07:45:00,1297.1,20190800,1297.1,20190800,1291.1,20190600
2019-04-02 08:00:00,1297.1,20190800,1297.1,20190800,1290.7,20190600
2019-04-02 08:15:00,1297.1,20190800,1297.1,20190800,1291.0,20190600
2019-04-02 08:30:00,1296.4,20190800,1296.4,20190800,1290.7,20190600
2019-04-02 08:45:00,1296.5,20190800,1296.5,20190800,1290.5,20190600
2019-04-02 09:00:00,1297.1,20190800,1297.1,20190800,1291.2,20190600
2019-04-02 09:15:00,1297.2,20190800,1297.2,20190800,1291.2,20190600
2019-04-02 09:30:00,1297.7,20190800,1297.7,20190800,1291.0,20190600
2019-04-02 09:45:00,1296.6,20190800,1296.6,20190800,1290.9,20190600
2019-04-02 10:00:00,1297.6,20190800,1297.6,20190800,1291.6,20190600
2019-04-02 10:15:00,1297.5,20190800,1297.5,20190800,1291.2,20190600
2019-04-02 10:30:00,1298.5,20190800,1298.5,20190800,1292.4,20190600
2019-04-02 10:45:00,1298.8,20190800,1298.8,20190800,1292.7,20190600
2019-04-02 11:00:00,1298.5,20190800,1298.5,20190800,1292.4,20190600
2019-04-02 11:15:00,1298.2,20190800,1298.2,20190800,1292.1,20190600
2019-04-02 11:30:00,1297.1,20190800,1297.1,20190800,1291.8,20190600
2019-04-02 11:45:00,1297.6,20190800,1297.6,20190800,1291.5,20190600
2019-04-02 12:00:00,1298.2,20190800,1298.2,20190800,1292.3,20190600
2019-04-02 12:15:00,1300.5,20190800,1300.5,20190800,1294.3,20190600
2019-04-02 12:30:00,1300.0,20190800,1300.0,20190800,1293.7,20190600
2019-04-02 12:45:00,1299.7,20190800,1299.7,20190800,1293.2,20190600
2019-04-02 13:00:00,1300.0,20190800,1300.0,20190800,1294.2,20190600
2019-04-02 13:15:00,1300.3,20190800,1300.3,20190800,1293.9,20190600
2019-04-02 13:30:00,1299.2,20190800,1299.2,20190800,1293.6,20190600
2019-04-02 13:45:00,1300.1,20190800,1300.1,20190800,1293.5,20190600
2019-04-02 14:00:00,1299.4,20190800,1299.4,20190800,1293.4,20190600
2019-04-02 14:15:00,1299.3,20190800,1299.3,20190800,1293.4,20190600
2019-04-02 14:30:00,1299.7,20190800,1299.7,20190800,1293.9,20190600
2019-04-02 14:45:00,1299.6,20190800,1299.6,20190800,1293.7,20190600
2019-04-02 15:00:00,1300.3,20190800,1300.3,20190800,1294.9,20190600
2019-04-02 15:15:00,1300.9,20190800,1300.9,20190800,1294.7,20190600
2019-04-02 15:30:00,1300.6,20190800,1300.6,20190800,1294.7,20190600
2019-04-02 15:45:00,1300.9,20190800,1300.9,20190800,1295.0,20190600
2019-04-02 16:00:00,1300.9,20190800,1300.9,20190800,1295.1,20190600
2019-04-02 16:15:00,1301.6,20190800,1301.6,20190800,1295.5,20190600
2019-04-02 16:30:00,1300.9,20190800,1300.9,20190800,1294.7,20190600
2019-04-02 16:45:00,1300.9,20190800,1300.9,20190800,1294.3,20190600
2019-04-02 17:00:00,1300.4,20190800,1300.4,20190800,1294.4,20190600
2019-04-02 17:15:00,1300.8,20190800,1300.8,20190800,1294.8,20190600
2019-04-02 17:30:00,1299.6,20190800,1299.6,20190800,1294.0,20190600
2019-04-02 17:45:00,1300.1,20190800,1300.1,20190800,1294.0,20190600
2019-04-02 18:00:00,1301.0,20190800,1301.0,20190800,1295.3,20190600
2019-04-02 18:15:00,1301.2,20190800,1301.2,20190800,1295.3,20190600
2019-04-02 18:30:00,1301.4,20190800,1301.4,20190800,1295.3,20190600
2019-04-02 18:45:00,1301.3,20190800,1301.3,20190800,1295.2,20190600
2019-04-02 19:00:00,1301.3,20190800,1301.3,20190800,1295.6,20190600
2019-04-02 19:15:00,1301.4,20190800,1301.4,20190800,1295.4,20190600
2019-04-02 19:30:00,1302.0,20190800,1302.0,20190800,1296.1,20190600
2019-04-02 19:45:00,1302.0,20190800,1302.0,20190800,1295.7,20190600
2019-04-02 20:00:00,1301.7,20190800,1301.7,20190800,1295.6,20190600
2019-04-02 20:15:00,1301.7,20190800,1301.7,20190800,1295.5,20190600
2019-04-02 20:30:00,1301.7,20190800,1301.7,20190800,1295.7,20190600
2019-04-02 20:45:00,1301.8,20190800,1301.8,20190800,1295.9,20190600
2019-04-02 21:00:00,1302.0,20190800,1302.0,20190800,1296.0,20190600
2019-04-02 21:15:00,1302.1,20190800,1302.1,20190800,1296.2,20190600
2019-04-02 21:30:00,1302.2,20190800,1302.2,20190800,1296.3,20190600
2019-04-02 21:45:00,1303.0,20190800,1303.0,20190800,1296.7,20190600
2019-04-02 23:00:00,1296.5,20190800,1296.5,20190800,1291.0,20190600
2019-04-02 23:15:00,1296.5,20190800,1296.5,20190800,1296.7,20190600
2019-04-02 23:30:00,1296.5,20190800,1296.5,20190800,1296.9,20190600
2019-04-02 23:45:00,1296.5,20190800,1296.5,20190800,1296.5,20190600
2019-04-03 00:00:00,1296.5,20190800,1296.5,20190800,1296.3,20190600
2019-04-03 00:15:00,1296.5,20190800,1296.5,20190800,1296.3,20190600
2019-04-03 00:30:00,1296.5,20190800,1296.5,20190800,1296.7,20190600
2019-04-03 00:45:00,1296.5,20190800,1296.5,20190800,1296.1,20190600
2019-04-03 01:00:00,1296.5,20190800,1296.5,20190800,1296.1,20190600
2019-04-03 01:15:00,1296.5,20190800,1296.5,20190800,1295.7,20190600
2019-04-03 01:30:00,1301.6,20190800,1301.6,20190800,1295.3,20190600
2019-04-03 01:45:00,1301.6,20190800,1301.6,20190800,1295.8,20190600
2019-04-03 02:00:00,1302.3,20190800,1302.3,20190800,1296.5,20190600
2019-04-03 02:15:00,1302.5,20190800,1302.5,20190800,1296.5,20190600
2019-04-03 02:30:00,1302.5,20190800,1302.5,20190800,1296.2,20190600
2019-04-03 02:45:00,1303.3,20190800,1303.3,20190800,1297.4,20190600
2019-04-03 03:00:00,1302.6,20190800,1302.6,20190800,1296.7,20190600
2019-04-03 03:15:00,1303.2,20190800,1303.2,20190800,1296.3,20190600
2019-04-03 03:30:00,1303.2,20190800,1303.2,20190800,1296.2,20190600
2019-04-03 03:45:00,1303.2,20190800,1303.2,20190800,1296.8,20190600
2019-04-03 04:00:00,1303.2,20190800,1303.2,20190800,1297.0,20190600
2019-04-03 04:15:00,1303.2,20190800,1303.2,20190800,1297.3,20190600
2019-04-03 04:30:00,1303.2,20190800,1303.2,20190800,1296.8,20190600
2019-04-03 04:45:00,1303.2,20190800,1303.2,20190800,1297.0,20190600
2019-04-03 05:15:00,1302.4,20190800,1302.4,20190800,1296.7,20190600
2019-04-03 05:30:00,1303.2,20190800,1303.2,20190800,1297.1,20190600
2019-04-03 05:45:00,1303.2,20190800,1303.2,20190800,1297.4,20190600
2019-04-03 06:15:00,1303.2,20190800,1303.2,20190800,1297.8,20190600
2019-04-03 06:30:00,1303.2,20190800,1303.2,20190800,1297.7,20190600
2019-04-03 06:45:00,1303.2,20190800,1303.2,20190800,1297.5,20190600
2019-04-03 07:00:00,1303.2,20190800,1303.2,20190800,1297.4,20190600
2019-04-03 07:15:00,1303.3,20190800,1303.3,20190800,1296.7,20190600
2019-04-03 07:30:00,1303.7,20190800,1303.7,20190800,1297.6,20190600
2019-04-03 07:45:00,1302.5,20190800,1302.5,20190800,1296.7,20190600
2019-04-03 08:00:00,1301.3,20190800,1301.3,20190800,1295.3,20190600
2019-04-03 08:15:00,1301.5,20190800,1301.5,20190800,1295.4,20190600
2019-04-03 08:30:00,1301.5,20190800,1301.5,20190800,1295.6,20190600
2019-04-03 08:45:00,1301.5,20190800,1301.5,20190800,1295.8,20190600
2019-04-03 09:00:00,1301.7,20190800,1301.7,20190800,1296.0,20190600
2019-04-03 09:15:00,1302.1,20190800,1302.1,20190800,1295.9,20190600
2019-04-03 09:30:00,1302.0,20190800,1302.0,20190800,1296.3,20190600
2019-04-03 09:45:00,1302.6,20190800,1302.6,20190800,1296.7,20190600
2019-04-03 10:00:00,1302.6,20190800,1302.6,20190800,1297.0,20190600
2019-04-03 10:15:00,1302.6,20190800,1302.6,20190800,1296.6,20190600
2019-04-03 10:30:00,1302.4,20190800,1302.4,20190800,1296.6,20190600
2019-04-03 10:45:00,1302.1,20190800,1302.1,20190800,1296.2,20190600
2019-04-03 11:00:00,1302.1,20190800,1302.1,20190800,1296.2,20190600
2019-04-03 11:15:00,1303.0,20190800,1303.0,20190800,1297.2,20190600
2019-04-03 11:30:00,1303.0,20190800,1303.0,20190800,1297.0,20190600
2019-04-03 11:45:00,1303.3,20190800,1303.3,20190800,1297.2,20190600
2019-04-03 12:00:00,1304.4,20190800,1304.4,20190800,1298.2,20190600
2019-04-03 12:15:00,1304.3,20190800,1304.3,20190800,1298.0,20190600
2019-04-03 12:30:00,1303.7,20190800,1303.7,20190800,1297.5,20190600
2019-04-03 12:45:00,1303.4,20190800,1303.4,20190800,1297.4,20190600
2019-04-03 13:00:00,1301.8,20190800,1301.8,20190800,1296.3,20190600
2019-04-03 13:15:00,1303.2,20190800,1303.2,20190800,1297.2,20190600
2019-04-03 13:30:00,1303.2,20190800,1303.2,20190800,1297.1,20190600
2019-04-03 13:45:00,1301.9,20190800,1301.9,20190800,1296.0,20190600
2019-04-03 14:00:00,1299.9,20190800,1299.9,20190800,1293.9,20190600
2019-04-03 14:15:00,1298.8,20190800,1298.8,20190800,1293.4,20190600
2019-04-03 14:30:00,1299.2,20190800,1299.2,20190800,1293.2,20190600
2019-04-03 14:45:00,1299.8,20190800,1299.8,20190800,1293.7,20190600
2019-04-03 15:00:00,1299.8,20190800,1299.8,20190800,1293.8,20190600
2019-04-03 15:15:00,1299.4,20190800,1299.4,20190800,1293.5,20190600
2019-04-03 15:30:00,1300.4,20190800,1300.4,20190800,1294.1,20190600
2019-04-03 15:45:00,1300.6,20190800,1300.6,20190800,1294.8,20190600
2019-04-03 16:00:00,1301.4,20190800,1301.4,20190800,1295.5,20190600
2019-04-03 16:15:00,1300.7,20190800,1300.7,20190800,1294.9,20190600
2019-04-03 16:30:00,1300.4,20190800,1300.4,20190800,1294.5,20190600
2019-04-03 16:45:00,1300.4,20190800,1300.4,20190800,1294.6,20190600
2019-04-03 17:00:00,1300.7,20190800,1300.7,20190800,1294.7,20190600
2019-04-03 17:15:00,1301.6,20190800,1301.6,20190800,1295.7,20190600
2019-04-03 17:30:00,1301.5,20190800,1301.5,20190800,1295.6,20190600
2019-04-03 17:45:00,1301.4,20190800,1301.4,20190800,1295.3,20190600
2019-04-03 18:00:00,1301.3,20190800,1301.3,20190800,1295.3,20190600
2019-04-03 18:15:00,1301.2,20190800,1301.2,20190800,1295.2,20190600
2019-04-03 18:30:00,1301.3,20190800,1301.3,20190800,1295.2,20190600
2019-04-03 18:45:00,1301.3,20190800,1301.3,20190800,1295.2,20190600
2019-04-03 19:00:00,1301.4,20190800,1301.4,20190800,1294.7,20190600
2019-04-03 19:15:00,1300.6,20190800,1300.6,20190800,1294.7,20190600
2019-04-03 19:30:00,1301.0,20190800,1301.0,20190800,1295.2,20190600
2019-04-03 19:45:00,1300.9,20190800,1300.9,20190800,1294.7,20190600
2019-04-03 20:00:00,1301.0,20190800,1301.0,20190800,1294.7,20190600
2019-04-03 20:15:00,1300.7,20190800,1300.7,20190800,1294.7,20190600
2019-04-03 20:30:00,1300.8,20190800,1300.8,20190800,1295.0,20190600
2019-04-03 20:45:00,1300.4,20190800,1300.4,20190800,1294.4,20190600
2019-04-03 21:00:00,1300.6,20190800,1300.6,20190800,1294.6,20190600
2019-04-03 21:15:00,1300.9,20190800,1300.9,20190800,1294.6,20190600
2019-04-03 21:30:00,1300.4,20190800,1300.4,20190800,1294.2,20190600
2019-04-03 21:45:00,1300.4,20190800,1300.4,20190800,1294.3,20190600
2019-04-03 23:00:00,1303.2,20190800,1303.2,20190800,1297.5,20190600
2019-04-03 23:15:00,1303.2,20190800,1303.2,20190800,1294.9,20190600
2019-04-03 23:30:00,1301.4,20190800,1301.4,20190800,1295.2,20190600
2019-04-03 23:45:00,1301.4,20190800,1301.4,20190800,1295.3,20190600
2019-04-04 00:00:00,1301.6,20190800,1301.6,20190800,1295.5,20190600
2019-04-04 00:15:00,1302.0,20190800,1302.0,20190800,1295.8,20190600
2019-04-04 00:30:00,1302.1,20190800,1302.1,20190800,1296.0,20190600
2019-04-04 00:45:00,1302.1,20190800,1302.1,20190800,1296.1,20190600
2019-04-04 01:00:00,1302.1,20190800,1302.1,20190800,1296.8,20190600
2019-04-04 01:15:00,1302.1,20190800,1302.1,20190800,1296.1,20190600
2019-04-04 01:30:00,1302.1,20190800,1302.1,20190800,1296.3,20190600
2019-04-04 01:45:00,1302.1,20190800,1302.1,20190800,1296.2,20190600
2019-04-04 02:00:00,1301.8,20190800,1301.8,20190800,1296.0,20190600
2019-04-04 02:15:00,1301.8,20190800,1301.8,20190800,1295.8,20190600
2019-04-04 02:30:00,1301.8,20190800,1301.8,20190800,1295.4,20190600
2019-04-04 02:45:00,1300.8,20190800,1300.8,20190800,1295.3,20190600
2019-04-04 03:00:00,1300.8,20190800,1300.8,20190800,1295.1,20190600
2019-04-04 03:15:00,1300.8,20190800,1300.8,20190800,1295.3,20190600
2019-04-04 03:30:00,1300.8,20190800,1300.8,20190800,1295.4,20190600
2019-04-04 03:45:00,1300.8,20190800,1300.8,20190800,1294.9,20190600
2019-04-04 04:00:00,1301.0,20190800,1301.0,20190800,1295.6,20190600
2019-04-04 04:15:00,1302.0,20190800,1302.0,20190800,1296.2,20190600
2019-04-04 04:30:00,1302.2,20190800,1302.2,20190800,1296.3,20190600
2019-04-04 04:45:00,1302.6,20190800,1302.6,20190800,1296.6,20190600
2019-04-04 05:15:00,1302.8,20190800,1302.8,20190800,1296.9,20190600
2019-04-04 05:30:00,1302.9,20190800,1302.9,20190800,1296.9,20190600
2019-04-04 05:45:00,1302.9,20190800,1302.9,20190800,1297.0,20190600
2019-04-04 06:15:00,1302.9,20190800,1302.9,20190800,1296.9,20190600
2019-04-04 06:30:00,1302.7,20190800,1302.7,20190800,1296.5,20190600
2019-04-04 06:45:00,1303.1,20190800,1303.1,20190800,1297.3,20190600
2019-04-04 07:00:00,1302.5,20190800,1302.5,20190800,1296.5,20190600
2019-04-04 07:15:00,1302.8,20190800,1302.8,20190800,1297.2,20190600
2019-04-04 07:30:00,1302.8,20190800,1302.8,20190800,1297.7,20190600
2019-04-04 07:45:00,1303.2,20190800,1303.2,20190800,1297.4,20190600
2019-04-04 08:00:00,1303.2,20190800,1303.2,20190800,1296.6,20190600
2019-04-04 08:15:00,1303.1,20190800,1303.1,20190800,1297.0,20190600
2019-04-04 08:30:00,1303.1,20190800,1303.1,20190800,1296.8,20190600
2019-04-04 08:45:00,1302.8,20190800,1302.8,20190800,1297.0,20190600
2019-04-04 09:00:00,1302.2,20190800,1302.2,20190800,1296.3,20190600
2019-04-04 09:15:00,1302.5,20190800,1302.5,20190800,1296.1,20190600
2019-04-04 09:30:00,1301.8,20190800,1301.8,20190800,1295.7,20190600
2019-04-04 09:45:00,1301.4,20190800,1301.4,20190800,1295.4,20190600
2019-04-04 10:00:00,1301.4,20190800,1301.4,20190800,1295.6,20190600
2019-04-04 10:15:00,1301.4,20190800,1301.4,20190800,1295.8,20190600
2019-04-04 10:30:00,1301.5,20190800,1301.5,20190800,1295.6,20190600
2019-04-04 10:45:00,1301.3,20190800,1301.3,20190800,1295.3,20190600
2019-04-04 11:00:00,1301.6,20190800,1301.6,20190800,1295.6,20190600
2019-04-04 11:15:00,1301.5,20190800,1301.5,20190800,1295.3,20190600
2019-04-04 11:30:00,1301.8,20190800,1301.8,20190800,1295.7,20190600
2019-04-04 11:45:00,1301.8,20190800,1301.8,20190800,1295.4,20190600
2019-04-04 12:00:00,1301.1,20190800,1301.1,20190800,1295.0,20190600
2019-04-04 12:15:00,1300.0,20190800,1300.0,20190800,1294.2,20190600
2019-04-04 12:30:00,1300.3,20190800,1300.3,20190800,1293.9,20190600
2019-04-04 12:45:00,1299.2,20190800,1299.2,20190800,1293.3,20190600
2019-04-04 13:00:00,1298.4,20190800,1298.4,20190800,1292.1,20190600
2019-04-04 13:15:00,1296.7,20190800,1296.7,20190800,1290.9,20190600
2019-04-04 13:30:00,1294.2,20190800,1294.2,20190800,1288.3,20190600
2019-04-04 13:45:00,1294.3,20190800,1294.3,20190800,1288.9,20190600
2019-04-04 14:00:00,1292.7,20190800,1292.7,20190800,1286.8,20190600
2019-04-04 14:15:00,1292.8,20190800,1292.8,20190800,1286.6,20190600
2019-04-04 14:30:00,1291.3,20190800,1291.3,20190800,1285.7,20190600
2019-04-04 14:45:00,1293.1,20190800,1293.1,20190800,1286.7,20190600
2019-04-04 15:00:00,1293.6,20190800,1293.6,20190800,1287.7,20190600
2019-04-04 15:15:00,1294.1,20190800,1294.1,20190800,1288.1,20190600
2019-04-04 15:30:00,1297.7,20190800,1297.7,20190800,1291.5,20190600
2019-04-04 15:45:00,1297.2,20190800,1297.2,20190800,1291.5,20190600
2019-04-04 16:00:00,1298.2,20190800,1298.2,20190800,1292.3,20190600
2019-04-04 16:15:00,1298.4,20190800,1298.4,20190800,1292.4,20190600
2019-04-04 16:30:00,1297.8,20190800,1297.8,20190800,1291.7,20190600
2019-04-04 16:45:00,1298.7,20190800,1298.7,20190800,1291.9,20190600
2019-04-04 17:00:00,1298.7,20190800,1298.7,20190800,1292.6,20190600
2019-04-04 17:15:00,1298.2,20190800,1298.2,20190800,1292.2,20190600
2019-04-04 17:30:00,1299.2,20190800,1299.2,20190800,1293.3,20190600
2019-04-04 17:45:00,1299.1,20190800,1299.1,20190800,1293.1,20190600
2019-04-04 18:00:00,1299.5,20190800,1299.5,20190800,1293.5,20190600
2019-04-04 18:15:00,1300.3,20190800,1300.3,20190800,1294.3,20190600
2019-04-04 18:30:00,1301.1,20190800,1301.1,20190800,1295.4,20190600
2019-04-04 18:45:00,1301.2,20190800,1301.2,20190800,1295.0,20190600
2019-04-04 19:00:00,1302.8,20190800,1302.8,20190800,1296.8,20190600
2019-04-04 19:15:00,1303.2,20190800,1303.2,20190800,1297.1,20190600
2019-04-04 19:30:00,1302.9,20190800,1302.9,20190800,1297.0,20190600
2019-04-04 19:45:00,1302.5,20190800,1302.5,20190800,1296.6,20190600
2019-04-04 20:00:00,1303.0,20190800,1303.0,20190800,1297.0,20190600
2019-04-04 20:15:00,1304.5,20190800,1304.5,20190800,1298.6,20190600
2019-04-04 20:30:00,1304.3,20190800,1304.3,20190800,1297.4,20190600
2019-04-04 20:45:00,1303.6,20190800,1303.6,20190800,1297.4,20190600
2019-04-04 21:00:00,1303.7,20190800,1303.7,20190800,1297.4,20190600
2019-04-04 21:15:00,1303.5,20190800,1303.5,20190800,1297.3,20190600
2019-04-04 21:30:00,1303.4,20190800,1303.4,20190800,1296.9,20190600
2019-04-04 21:45:00,1303.4,20190800,1303.4,20190800,1296.4,20190600
2019-04-04 23:00:00,1302.8,20190800,1302.8,20190800,1296.7,20190600
2019-04-04 23:15:00,1303.6,20190800,1303.6,20190800,1296.9,20190600
2019-04-04 23:30:00,1303.6,20190800,1303.6,20190800,1297.5,20190600
2019-04-04 23:45:00,1303.6,20190800,1303.6,20190800,1297.1,20190600
2019-04-05 00:00:00,1302.7,20190800,1302.7,20190800,1296.6,20190600
2019-04-05 00:15:00,1302.7,20190800,1302.7,20190800,1297.0,20190600
2019-04-05 00:30:00,1302.7,20190800,1302.7,20190800,1296.9,20190600
2019-04-05 00:45:00,1302.7,20190800,1302.7,20190800,1296.3,20190600
2019-04-05 01:00:00,1301.5,20190800,1301.5,20190800,1296.0,20190600
2019-04-05 01:15:00,1301.5,20190800,1301.5,20190800,1295.8,20190600
2019-04-05 01:30:00,1301.5,20190800,1301.5,20190800,1295.7,20190600
2019-04-05 01:45:00,1301.5,20190800,1301.5,20190800,1295.8,20190600
2019-04-05 02:00:00,1301.5,20190800,1301.5,20190800,1295.6,20190600
2019-04-05 02:15:00,1301.5,20190800,1301.5,20190800,1295.3,20190600
2019-04-05 02:30:00,1301.6,20190800,1301.6,20190800,1295.2,20190600
2019-04-05 02:45:00,1301.3,20190800,1301.3,20190800,1294.8,20190600
2019-04-05 03:00:00,1300.8,20190800,1300.8,20190800,1295.0,20190600
2019-04-05 03:15:00,1301.0,20190800,1301.0,20190800,1294.6,20190600
2019-04-05 03:30:00,1301.0,20190800,1301.0,20190800,1294.9,20190600
2019-04-05 03:45:00,1300.2,20190800,1300.2,20190800,1294.1,20190600
2019-04-05 04:00:00,1300.1,20190800,1300.1,20190800,1293.7,20190600
2019-04-05 04:15:00,1299.8,20190800,1299.8,20190800,1293.4,20190600
2019-04-05 04:30:00,1299.4,20190800,1299.4,20190800,1293.0,20190600
2019-04-05 04:45:00,1297.9,20190800,1297.9,20190800,1292.1,20190600
2019-04-05 05:15:00,1297.9,20190800,1297.9,20190800,1292.8,20190600
2019-04-05 05:30:00,1297.9,20190800,1297.9,20190800,1293.0,20190600
2019-04-05 05:45:00,1299.6,20190800,1299.6,20190800,1293.6,20190600
2019-04-05 06:15:00,1299.6,20190800,1299.6,20190800,1293.7,20190600
2019-04-05 06:30:00,1299.2,20190800,1299.2,20190800,1293.1,20190600
2019-04-05 06:45:00,1299.1,20190800,1299.1,20190800,1293.0,20190600
2019-04-05 07:00:00,1297.5,20190800,1297.5,20190800,1291.4,20190600
2019-04-05 07:15:00,1297.7,20190800,1297.7,20190800,1292.0,20190600
2019-04-05 07:30:00,1297.5,20190800,1297.5,20190800,1292.2,20190600
2019-04-05 07:45:00,1298.4,20190800,1298.4,20190800,1292.7,20190600
2019-04-05 08:00:00,1298.4,20190800,1298.4,20190800,1293.8,20190600
2019-04-05 08:15:00,1298.4,20190800,1298.4,20190800,1294.2,20190600
2019-04-05 08:30:00,1298.4,20190800,1298.4,20190800,1294.2,20190600
2019-04-05 08:45:00,1300.3,20190800,1300.3,20190800,1294.4,20190600
2019-04-05 09:00:00,1300.3,20190800,1300.3,20190800,1294.0,20190600
2019-04-05 09:15:00,1299.3,20190800,1299.3,20190800,1293.3,20190600
2019-04-05 09:30:00,1299.7,20190800,1299.7,20190800,1293.8,20190600
2019-04-05 09:45:00,1299.7,20190800,1299.7,20190800,1292.9,20190600
2019-04-05 10:00:00,1299.7,20190800,1299.7,20190800,1292.7,20190600
2019-04-05 10:15:00,1299.7,20190800,1299.7,20190800,1293.1,20190600
2019-04-05 10:30:00,1299.7,20190800,1299.7,20190800,1293.5,20190600
2019-04-05 10:45:00,1299.9,20190800,1299.9,20190800,1294.0,20190600
2019-04-05 11:00:00,1300.0,20190800,1300.0,20190800,1293.9,20190600
2019-04-05 11:15:00,1299.8,20190800,1299.8,20190800,1294.1,20190600
2019-04-05 11:30:00,1300.4,20190800,1300.4,20190800,1294.6,20190600
2019-04-05 11:45:00,1300.4,20190800,1300.4,20190800,1294.0,20190600
2019-04-05 12:00:00,1300.4,20190800,1300.4,20190800,1293.7,20190600
2019-04-05 12:15:00,1299.3,20190800,1299.3,20190800,1293.1,20190600
2019-04-05 12:30:00,1298.3,20190800,1298.3,20190800,1292.0,20190600
2019-04-05 12:45:00,1298.0,20190800,1298.0,20190800,1291.7,20190600
2019-04-05 13:00:00,1298.0,20190800,1298.0,20190800,1292.1,20190600
2019-04-05 13:15:00,1301.4,20190800,1301.4,20190800,1294.6,20190600
2019-04-05 13:30:00,1295.1,20190800,1295.1,20190800,1289.1,20190600
2019-04-05 13:45:00,1300.4,20190800,1300.4,20190800,1294.7,20190600
2019-04-05 14:00:00,1302.5,20190800,1302.5,20190800,1296.5,20190600
2019-04-05 14:15:00,1301.0,20190800,1301.0,20190800,1294.9,20190600
2019-04-05 14:30:00,1300.3,20190800,1300.3,20190800,1294.5,20190600
2019-04-05 14:45:00,1298.6,20190800,1298.6,20190800,1292.9,20190600
2019-04-05 15:00:00,1300.8,20190800,1300.8,20190800,1295.1,20190600
2019-04-05 15:15:00,1301.2,20190800,1301.2,20190800,1295.1,20190600
2019-04-05 15:30:00,1301.9,20190800,1301.9,20190800,1296.2,20190600
2019-04-05 15:45:00,1303.0,20190800,1303.0,20190800,1296.3,20190600
2019-04-05 16:00:00,1301.5,20190800,1301.5,20190800,1296.3,20190600
2019-04-05 16:15:00,1302.0,20190800,1302.0,20190800,1296.0,20190600
2019-04-05 16:30:00,1301.8,20190800,1301.8,20190800,1295.8,20190600
2019-04-05 16:45:00,1302.2,20190800,1302.2,20190800,1296.1,20190600
2019-04-05 17:00:00,1302.7,20190800,1302.7,20190800,1296.7,20190600
2019-04-05 17:15:00,1301.9,20190800,1301.9,20190800,1296.0,20190600
2019-04-05 17:30:00,1302.6,20190800,1302.6,20190800,1296.5,20190600
2019-04-05 17:45:00,1302.0,20190800,1302.0,20190800,1295.8,20190600
2019-04-05 18:00:00,1302.1,20190800,1302.1,20190800,1296.0,20190600
2019-04-05 18:15:00,1301.5,20190800,1301.5,20190800,1295.4,20190600
2019-04-05 18:30:00,1301.4,20190800,1301.4,20190800,1295.5,20190600
2019-04-05 18:45:00,1301.7,20190800,1301.7,20190800,1295.9,20190600
2019-04-05 19:00:00,1302.1,20190800,1302.1,20190800,1296.0,20190600
2019-04-05 19:15:00,1302.3,20190800,1302.3,20190800,1296.2,20190600
2019-04-05 19:30:00,1302.3,20190800,1302.3,20190800,1296.2,20190600
2019-04-05 19:45:00,1301.8,20190800,1301.8,20190800,1295.9,20190600
2019-04-05 20:00:00,1301.8,20190800,1301.8,20190800,1295.7,20190600
2019-04-05 20:15:00,1301.7,20190800,1301.7,20190800,1295.7,20190600
2019-04-05 20:30:00,1301.7,20190800,1301.7,20190800,1295.8,20190600
2019-04-05 20:45:00,1301.7,20190800,1301.7,20190800,1296.0,20190600
2019-04-05 21:00:00,1301.9,20190800,1301.9,20190800,1295.7,20190600
2019-04-05 21:15:00,1301.5,20190800,1301.5,20190800,1295.5,20190600
2019-04-05 21:30:00,1301.4,20190800,1301.4,20190800,1295.7,20190600
2019-04-05 21:45:00,1301.7,20190800,1301.7,20190800,1295.9,20190600
2019-04-05 23:00:00,1299.8,20190800,1299.8,20190800,1293.8,20190600
2019-04-07 23:00:00,1302.5,20190800,1302.5,20190800,1296.5,20190600
2019-04-07 23:15:00,1302.5,20190800,1302.5,20190800,1296.8,20190600
2019-04-07 23:30:00,1303.4,20190800,1303.4,20190800,1297.0,20190600
2019-04-07 23:45:00,1303.4,20190800,1303.4,20190800,1297.2,20190600
2019-04-08 00:00:00,1303.4,20190800,1303.4,20190800,1297.3,20190600
2019-04-08 00:15:00,1303.4,20190800,1303.4,20190800,1296.6,20190600
2019-04-08 00:30:00,1302.5,20190800,1302.5,20190800,1296.0,20190600
2019-04-08 00:45:00,1301.8,20190800,1301.8,20190800,1295.9,20190600
2019-04-08 01:00:00,1301.8,20190800,1301.8,20190800,1296.6,20190600
2019-04-08 01:15:00,1302.5,20190800,1302.5,20190800,1296.5,20190600
2019-04-08 01:30:00,1302.1,20190800,1302.1,20190800,1296.5,20190600
2019-04-08 01:45:00,1303.8,20190800,1303.8,20190800,1297.8,20190600
2019-04-08 02:00:00,1303.2,20190800,1303.2,20190800,1297.1,20190600
2019-04-08 02:15:00,1303.2,20190800,1303.2,20190800,1297.7,20190600
2019-04-08 02:30:00,1305.2,20190800,1305.2,20190800,1299.5,20190600
2019-04-08 02:45:00,1306.2,20190800,1306.2,20190800,1300.2,20190600
2019-04-08 03:00:00,1306.2,20190800,1306.2,20190800,1300.1,20190600
2019-04-08 03:15:00,1306.7,20190800,1306.7,20190800,1300.5,20190600
2019-04-08 03:30:00,1306.1,20190800,1306.1,20190800,1299.9,20190600
2019-04-08 03:45:00,1305.9,20190800,1305.9,20190800,1299.9,20190600
2019-04-08 04:00:00,1306.6,20190800,1306.6,20190800,1300.3,20190600
2019-04-08 04:15:00,1306.4,20190800,1306.4,20190800,1300.0,20190600
2019-04-08 04:30:00,1306.4,20190800,1306.4,20190800,1300.3,20190600
2019-04-08 04:45:00,1306.0,20190800,1306.0,20190800,1300.0,20190600
2019-04-08 05:15:00,1306.9,20190800,1306.9,20190800,1300.7,20190600
2019-04-08 05:30:00,1306.5,20190800,1306.5,20190800,1300.6,20190600
2019-04-08 05:45:00,1306.5,20190800,1306.5,20190800,1300.4,20190600
2019-04-08 06:15:00,1306.5,20190800,1306.5,20190800,1300.2,20190600
2019-04-08 06:30:00,1306.2,20190800,1306.2,20190800,1300.7,20190600
2019-04-08 06:45:00,1306.5,20190800,1306.5,20190800,1300.4,20190600
2019-04-08 07:00:00,1306.6,20190800,1306.6,20190800,1300.5,20190600
2019-04-08 07:15:00,1306.3,20190800,1306.3,20190800,1300.0,20190600
2019-04-08 07:30:00,1307.7,20190800,1307.7,20190800,1301.9,20190600
2019-04-08 07:45:00,1307.4,20190800,1307.4,20190800,1301.1,20190600
2019-04-08 08:00:00,1307.4,20190800,1307.4,20190800,1301.3,20190600
2019-04-08 08:15:00,1307.1,20190800,1307.1,20190800,1300.9,20190600
2019-04-08 08:30:00,1307.1,20190800,1307.1,20190800,1301.0,20190600
2019-04-08 08:45:00,1307.3,20190800,1307.3,20190800,1301.2,20190600
2019-04-08 09:00:00,1307.2,20190800,1307.2,20190800,1301.0,20190600
2019-04-08 09:15:00,1307.1,20190800,1307.1,20190800,1301.1,20190600
2019-04-08 09:30:00,1307.6,20190800,1307.6,20190800,1301.6,20190600
2019-04-08 09:45:00,1307.5,20190800,1307.5,20190800,1301.4,20190600
2019-04-08 10:00:00,1307.8,20190800,1307.8,20190800,1301.7,20190600
2019-04-08 10:15:00,1307.7,20190800,1307.7,20190800,1301.4,20190600
2019-04-08 10:30:00,1307.3,20190800,1307.3,20190800,1301.2,20190600
2019-04-08 10:45:00,1307.4,20190800,1307.4,20190800,1301.0,20190600
2019-04-08 11:00:00,1307.2,20190800,1307.2,20190800,1301.0,20190600
2019-04-08 11:15:00,1307.6,20190800,1307.6,20190800,1301.3,20190600
2019-04-08 11:30:00,1307.6,20190800,1307.6,20190800,1301.5,20190600
2019-04-08 11:45:00,1307.6,20190800,1307.6,20190800,1301.4,20190600
2019-04-08 12:00:00,1307.6,20190800,1307.6,20190800,1301.6,20190600
2019-04-08 12:15:00,1307.5,20190800,1307.5,20190800,1301.5,20190600
2019-04-08 12:30:00,1307.6,20190800,1307.6,20190800,1301.5,20190600
2019-04-08 12:45:00,1308.2,20190800,1308.2,20190800,1302.3,20190600
2019-04-08 13:00:00,1309.2,20190800,1309.2,20190800,1303.1,20190600
2019-04-08 13:15:00,1309.8,20190800,1309.8,20190800,1303.6,20190600
2019-04-08 13:30:00,1311.3,20190800,1311.3,20190800,1305.7,20190600
2019-04-08 13:45:00,1313.5,20190800,1313.5,20190800,1307.5,20190600
2019-04-08 14:00:00,1313.0,20190800,1313.0,20190800,1307.2,20190600
2019-04-08 14:15:00,1312.7,20190800,1312.7,20190800,1306.5,20190600
2019-04-08 14:30:00,1311.8,20190800,1311.8,20190800,1306.1,20190600
2019-04-08 14:45:00,1311.2,20190800,1311.2,20190800,1305.1,20190600
2019-04-08 15:00:00,1309.9,20190800,1309.9,20190800,1303.9,20190600
2019-04-08 15:15:00,1311.0,20190800,1311.0,20190800,1305.0,20190600
2019-04-08 15:30:00,1310.4,20190800,1310.4,20190800,1304.3,20190600
2019-04-08 15:45:00,1309.7,20190800,1309.7,20190800,1303.7,20190600
2019-04-08 16:00:00,1309.5,20190800,1309.5,20190800,1303.3,20190600
2019-04-08 16:15:00,1308.1,20190800,1308.1,20190800,1302.0,20190600
2019-04-08 16:30:00,1307.7,20190800,1307.7,20190800,1301.6,20190600
2019-04-08 16:45:00,1307.7,20190800,1307.7,20190800,1301.6,20190600
2019-04-08 17:00:00,1307.8,20190800,1307.8,20190800,1301.5,20190600
2019-04-08 17:15:00,1307.8,20190800,1307.8,20190800,1301.5,20190600
2019-04-08 17:30:00,1308.2,20190800,1308.2,20190800,1302.0,20190600
2019-04-08 17:45:00,1307.8,20190800,1307.8,20190800,1301.8,20190600
2019-04-08 18:00:00,1307.9,20190800,1307.9,20190800,1301.7,20190600
2019-04-08 18:15:00,1308.0,20190800,1308.0,20190800,1301.8,20190600
2019-04-08 18:30:00,1307.9,20190800,1307.9,20190800,1301.6,20190600
2019-04-08 18:45:00,1308.0,20190800,1308.0,20190800,1302.0,20190600
2019-04-08 19:00:00,1308.0,20190800,1308.0,20190800,1302.1,20190600
2019-04-08 19:15:00,1308.0,20190800,1308.0,20190800,1301.9,20190600
2019-04-08 19:30:00,1308.1,20190800,1308.1,20190800,1302.1,20190600
2019-04-08 19:45:00,1308.1,20190800,1308.1,20190800,1301.8,20190600
2019-04-08 20:00:00,1308.1,20190800,1308.1,20190800,1302.0,20190600
2019-04-08 20:15:00,1308.1,20190800,1308.1,20190800,1301.8,20190600
2019-04-08 20:30:00,1308.1,20190800,1308.1,20190800,1301.6,20190600
2019-04-08 20:45:00,1308.1,20190800,1308.1,20190800,1302.1,20190600
2019-04-08 21:00:00,1308.1,20190800,1308.1,20190800,1302.0,20190600
2019-04-08 21:15:00,1307.6,20190800,1307.6,20190800,1302.0,20190600
2019-04-08 21:30:00,1307.6,20190800,1307.6,20190800,1301.6,20190600
2019-04-08 21:45:00,1307.5,20190800,1307.5,20190800,1301.6,20190600
2019-04-08 23:00:00,1306.3,20190800,1306.3,20190800,1300.4,20190600
2019-04-08 23:15:00,1306.3,20190800,1306.3,20190800,1302.4,20190600
2019-04-08 23:30:00,1306.3,20190800,1306.3,20190800,1302.5,20190600
2019-04-08 23:45:00,1306.3,20190800,1306.3,20190800,1302.5,20190600
2019-04-09 00:00:00,1306.3,20190800,1306.3,20190800,1302.4,20190600
2019-04-09 00:15:00,1306.3,20190800,1306.3,20190800,1302.4,20190600
2019-04-09 00:30:00,1308.3,20190800,1308.3,20190800,1302.3,20190600
2019-04-09 00:45:00,1308.3,20190800,1308.3,20190800,1302.0,20190600
2019-04-09 01:00:00,1308.3,20190800,1308.3,20190800,1301.9,20190600
2019-04-09 01:15:00,1308.3,20190800,1308.3,20190800,1300.9,20190600
2019-04-09 01:30:00,1308.3,20190800,1308.3,20190800,1302.2,20190600
2019-04-09 01:45:00,1308.7,20190800,1308.7,20190800,1303.1,20190600
2019-04-09 02:00:00,1308.7,20190800,1308.7,20190800,1303.3,20190600
2019-04-09 02:15:00,1310.1,20190800,1310.1,20190800,1303.6,20190600
2019-04-09 02:30:00,1309.6,20190800,1309.6,20190800,1303.4,20190600
2019-04-09 02:45:00,1308.8,20190800,1308.8,20190800,1302.9,20190600
2019-04-09 03:00:00,1308.1,20190800,1308.1,20190800,1301.9,20190600
2019-04-09 03:15:00,1308.1,20190800,1308.1,20190800,1302.3,20190600
2019-04-09 03:30:00,1309.3,20190800,1309.3,20190800,1303.4,20190600
2019-04-09 03:45:00,1309.3,20190800,1309.3,20190800,1303.1,20190600
2019-04-09 04:00:00,1309.3,20190800,1309.3,20190800,1303.4,20190600
2019-04-09 04:15:00,1309.3,20190800,1309.3,20190800,1303.2,20190600
2019-04-09 04:30:00,1309.4,20190800,1309.4,20190800,1303.3,20190600
2019-04-09 04:45:00,1309.1,20190800,1309.1,20190800,1303.6,20190600
2019-04-09 05:15:00,1309.4,20190800,1309.4,20190800,1303.3,20190600
2019-04-09 05:30:00,1309.6,20190800,1309.6,20190800,1303.3,20190600
2019-04-09 05:45:00,1309.4,20190800,1309.4,20190800,1303.3,20190600
2019-04-09 06:15:00,1309.4,20190800,1309.4,20190800,1303.3,20190600
2019-04-09 06:30:00,1309.4,20190800,1309.4,20190800,1303.7,20190600
2019-04-09 06:45:00,1309.4,20190800,1309.4,20190800,1303.2,20190600
2019-04-09 07:00:00,1308.0,20190800,1308.0,20190800,1302.2,20190600
2019-04-09 07:15:00,1307.9,20190800,1307.9,20190800,1302.3,20190600
2019-04-09 07:30:00,1307.6,20190800,1307.6,20190800,1301.9,20190600
2019-04-09 07:45:00,1308.1,20190800,1308.1,20190800,1302.0,20190600
2019-04-09 08:00:00,1308.5,20190800,1308.5,20190800,1302.4,20190600
2019-04-09 08:15:00,1309.0,20190800,1309.0,20190800,1303.1,20190600
2019-04-09 08:30:00,1309.0,20190800,1309.0,20190800,1303.4,20190600
2019-04-09 08:45:00,1310.9,20190800,1310.9,20190800,1304.3,20190600
2019-04-09 09:00:00,1310.9,20190800,1310.9,20190800,1305.3,20190600
2019-04-09 09:15:00,1310.9,20190800,1310.9,20190800,1305.6,20190600
2019-04-09 09:30:00,1312.1,20190800,1312.1,20190800,1305.2,20190600
2019-04-09 09:45:00,1311.0,20190800,1311.0,20190800,1305.4,20190600
2019-04-09 10:00:00,1311.3,20190800,1311.3,20190800,1305.2,20190600
2019-04-09 10:15:00,1311.3,20190800,1311.3,20190800,1305.7,20190600
2019-04-09 10:30:00,1311.7,20190800,1311.7,20190800,1305.8,20190600
2019-04-09 10:45:00,1311.6,20190800,1311.6,20190800,1305.6,20190600
2019-04-09 11:00:00,1312.6,20190800,1312.6,20190800,1306.6,20190600
2019-04-09 11:15:00,1312.1,20190800,1312.1,20190800,1306.0,20190600
2019-04-09 11:30:00,1311.1,20190800,1311.1,20190800,1305.5,20190600
2019-04-09 11:45:00,1311.2,20190800,1311.2,20190800,1305.4,20190600
2019-04-09 12:00:00,1312.6,20190800,1312.6,20190800,1306.8,20190600
2019-04-09 12:15:00,1312.0,20190800,1312.0,20190800,1305.9,20190600
2019-04-09 12:30:00,1311.3,20190800,1311.3,20190800,1305.7,20190600
2019-04-09 12:45:00,1311.8,20190800,1311.8,20190800,1305.7,20190600
2019-04-09 13:00:00,1312.2,20190800,1312.2,20190800,1306.3,20190600
2019-04-09 13:15:00,1314.9,20190800,1314.9,20190800,1308.6,20190600
2019-04-09 13:30:00,1316.0,20190800,1316.0,20190800,1309.7,20190600
2019-04-09 13:45:00,1314.9,20190800,1314.9,20190800,1308.9,20190600
2019-04-09 14:00:00,1315.0,20190800,1315.0,20190800,1309.0,20190600
2019-04-09 14:15:00,1315.5,20190800,1315.5,20190800,1309.5,20190600
2019-04-09 14:30:00,1315.5,20190800,1315.5,20190800,1309.0,20190600
2019-04-09 14:45:00,1314.2,20190800,1314.2,20190800,1308.1,20190600
2019-04-09 15:00:00,1313.9,20190800,1313.9,20190800,1308.0,20190600
2019-04-09 15:15:00,1314.8,20190800,1314.8,20190800,1308.8,20190600
2019-04-09 15:30:00,1314.4,20190800,1314.4,20190800,1308.4,20190600
2019-04-09 15:45:00,1313.8,20190800,1313.8,20190800,1307.8,20190600
2019-04-09 16:00:00,1314.7,20190800,1314.7,20190800,1308.9,20190600
2019-04-09 16:15:00,1314.9,20190800,1314.9,20190800,1308.7,20190600
2019-04-09 16:30:00,1314.9,20190800,1314.9,20190800,1309.3,20190600
2019-04-09 16:45:00,1316.0,20190800,1316.0,20190800,1309.9,20190600
2019-04-09 17:00:00,1315.1,20190800,1315.1,20190800,1309.1,20190600
2019-04-09 17:15:00,1315.3,20190800,1315.3,20190800,1309.2,20190600
2019-04-09 17:30:00,1314.8,20190800,1314.8,20190800,1308.8,20190600
2019-04-09 17:45:00,1314.4,20190800,1314.4,20190800,1308.3,20190600
2019-04-09 18:00:00,1314.6,20190800,1314.6,20190800,1308.7,20190600
2019-04-09 18:15:00,1314.3,20190800,1314.3,20190800,1308.3,20190600
2019-04-09 18:30:00,1314.4,20190800,1314.4,20190800,1308.3,20190600
2019-04-09 18:45:00,1314.4,20190800,1314.4,20190800,1308.1,20190600
2019-04-09 19:00:00,1314.8,20190800,1314.8,20190800,1308.8,20190600
2019-04-09 19:15:00,1314.8,20190800,1314.8,20190800,1308.5,20190600
2019-04-09 19:30:00,1314.5,20190800,1314.5,20190800,1308.2,20190600
2019-04-09 19:45:00,1314.5,20190800,1314.5,20190800,1308.4,20190600
2019-04-09 20:00:00,1313.5,20190800,1313.5,20190800,1307.5,20190600
2019-04-09 20:15:00,1313.7,20190800,1313.7,20190800,1307.9,20190600
2019-04-09 20:30:00,1314.2,20190800,1314.2,20190800,1308.0,20190600
2019-04-09 20:45:00,1314.2,20190800,1314.2,20190800,1308.4,20190600
2019-04-09 21:00:00,1314.7,20190800,1314.7,20190800,1308.6,20190600
2019-04-09 21:15:00,1314.3,20190800,1314.3,20190800,1308.2,20190600
2019-04-09 21:30:00,1314.5,20190800,1314.5,20190800,1308.3,20190600
2019-04-09 21:45:00,1314.2,20190800,1314.2,20190800,1308.2,20190600
2019-04-09 23:00:00,1314.5,20190800,1314.5,20190800,1303.8,20190600
2019-04-09 23:15:00,1314.5,20190800,1314.5,20190800,1308.4,20190600
2019-04-09 23:30:00,1314.5,20190800,1314.5,20190800,1308.5,20190600
2019-04-09 23:45:00,1314.5,20190800,1314.5,20190800,1308.6,20190600
2019-04-10 00:00:00,1314.5,20190800,1314.5,20190800,1308.0,20190600
2019-04-10 00:15:00,1314.5,20190800,1314.5,20190800,1308.8,20190600
2019-04-10 00:30:00,1315.1,20190800,1315.1,20190800,1308.9,20190600
2019-04-10 00:45:00,1314.5,20190800,1314.5,20190800,1308.6,20190600
2019-04-10 01:00:00,1314.0,20190800,1314.0,20190800,1307.9,20190600
2019-04-10 01:15:00,1314.1,20190800,1314.1,20190800,1307.9,20190600
2019-04-10 01:30:00,1313.8,20190800,1313.8,20190800,1307.8,20190600
2019-04-10 01:45:00,1314.0,20190800,1314.0,20190800,1307.5,20190600
2019-04-10 02:00:00,1312.9,20190800,1312.9,20190800,1307.0,20190600
2019-04-10 02:15:00,1313.2,20190800,1313.2,20190800,1307.1,20190600
2019-04-10 02:30:00,1312.7,20190800,1312.7,20190800,1306.3,20190600
2019-04-10 02:45:00,1312.7,20190800,1312.7,20190800,1306.6,20190600
2019-04-10 03:00:00,1311.8,20190800,1311.8,20190800,1305.8,20190600
2019-04-10 03:15:00,1311.6,20190800,1311.6,20190800,1305.6,20190600
2019-04-10 03:30:00,1311.7,20190800,1311.7,20190800,1305.4,20190600
2019-04-10 03:45:00,1312.3,20190800,1312.3,20190800,1306.1,20190600
2019-04-10 04:00:00,1312.0,20190800,1312.0,20190800,1306.0,20190600
2019-04-10 04:15:00,1312.2,20190800,1312.2,20190800,1306.2,20190600
2019-04-10 04:30:00,1312.4,20190800,1312.4,20190800,1306.7,20190600
2019-04-10 04:45:00,1312.8,20190800,1312.8,20190800,1306.6,20190600
2019-04-10 05:15:00,1312.8,20190800,1312.8,20190800,1306.6,20190600
2019-04-10 05:30:00,1312.6,20190800,1312.6,20190800,1306.0,20190600
2019-04-10 05:45:00,1312.6,20190800,1312.6,20190800,1306.4,20190600
2019-04-10 06:15:00,1312.6,20190800,1312.6,20190800,1306.7,20190600
2019-04-10 06:30:00,1312.6,20190800,1312.6,20190800,1307.1,20190600
2019-04-10 06:45:00,1312.6,20190800,1312.6,20190800,1306.8,20190600
2019-04-10 07:00:00,1313.7,20190800,1313.7,20190800,1307.5,20190600
2019-04-10 07:15:00,1314.5,20190800,1314.5,20190800,1308.2,20190600
2019-04-10 07:30:00,1314.1,20190800,1314.1,20190800,1308.2,20190600
2019-04-10 07:45:00,1315.1,20190800,1315.1,20190800,1309.0,20190600
2019-04-10 08:00:00,1314.2,20190800,1314.2,20190800,1308.6,20190600
2019-04-10 08:15:00,1314.5,20190800,1314.5,20190800,1307.9,20190600
2019-04-10 08:30:00,1313.4,20190800,1313.4,20190800,1307.2,20190600
2019-04-10 08:45:00,1313.4,20190800,1313.4,20190800,1307.3,20190600
2019-04-10 09:00:00,1313.4,20190800,1313.4,20190800,1307.7,20190600
2019-04-10 09:15:00,1313.4,20190800,1313.4,20190800,1308.3,20190600
2019-04-10 09:30:00,1314.7,20190800,1314.7,20190800,1308.4,20190600
2019-04-10 09:45:00,1314.4,20190800,1314.4,20190800,1308.3,20190600
2019-04-10 10:00:00,1314.7,20190800,1314.7,20190800,1308.5,20190600
2019-04-10 10:15:00,1314.5,20190800,1314.5,20190800,1308.5,20190600
2019-04-10 10:30:00,1314.8,20190800,1314.8,20190800,1308.8,20190600
2019-04-10 10:45:00,1314.5,20190800,1314.5,20190800,1308.5,20190600
2019-04-10 11:00:00,1314.4,20190800,1314.4,20190800,1308.3,20190600
2019-04-10 11:15:00,1314.2,20190800,1314.2,20190800,1308.1,20190600
2019-04-10 11:30:00,1313.5,20190800,1313.5,20190800,1307.7,20190600
2019-04-10 11:45:00,1313.6,20190800,1313.6,20190800,1307.4,20190600
2019-04-10 12:00:00,1312.9,20190800,1312.9,20190800,1306.8,20190600
2019-04-10 12:15:00,1313.4,20190800,1313.4,20190800,1307.9,20190600
2019-04-10 12:30:00,1314.0,20190800,1314.0,20190800,1307.8,20190600
2019-04-10 12:45:00,1313.8,20190800,1313.8,20190800,1307.6,20190600
2019-04-10 13:00:00,1313.6,20190800,1313.6,20190800,1308.1,20190600
2019-04-10 13:15:00,1313.1,20190800,1313.1,20190800,1306.9,20190600
2019-04-10 13:30:00,1312.8,20190800,1312.8,20190800,1306.6,20190600
2019-04-10 13:45:00,1313.0,20190800,1313.0,20190800,1306.3,20190600
2019-04-10 14:00:00,1312.7,20190800,1312.7,20190800,1306.5,20190600
2019-04-10 14:15:00,1314.7,20190800,1314.7,20190800,1308.6,20190600
2019-04-10 14:30:00,1315.9,20190800,1315.9,20190800,1309.7,20190600
2019-04-10 14:45:00,1315.9,20190800,1315.9,20190800,1309.7,20190600
2019-04-10 15:00:00,1316.9,20190800,1316.9,20190800,1310.3,20190600
2019-04-10 15:15:00,1316.8,20190800,1316.8,20190800,1310.9,20190600
2019-04-10 15:30:00,1316.0,20190800,1316.0,20190800,1310.0,20190600
2019-04-10 15:45:00,1317.1,20190800,1317.1,20190800,1310.9,20190600
2019-04-10 16:00:00,1318.0,20190800,1318.0,20190800,1312.1,20190600
2019-04-10 16:15:00,1318.7,20190800,1318.7,20190800,1312.7,20190600
2019-04-10 16:30:00,1318.6,20190800,1318.6,20190800,1312.4,20190600
2019-04-10 16:45:00,1318.4,20190800,1318.4,20190800,1312.2,20190600
2019-04-10 17:00:00,1318.8,20190800,1318.8,20190800,1312.4,20190600
2019-04-10 17:15:00,1318.9,20190800,1318.9,20190800,1313.1,20190600
2019-04-10 17:30:00,1319.9,20190800,1319.9,20190800,1313.7,20190600
2019-04-10 17:45:00,1319.8,20190800,1319.8,20190800,1314.1,20190600
2019-04-10 18:00:00,1320.5,20190800,1320.5,20190800,1314.1,20190600
2019-04-10 18:15:00,1319.7,20190800,1319.7,20190800,1313.7,20190600
2019-04-10 18:30:00,1319.6,20190800,1319.6,20190800,1313.4,20190600
2019-04-10 18:45:00,1319.3,20190800,1319.3,20190800,1313.3,20190600
2019-04-10 19:00:00,1317.6,20190800,1317.6,20190800,1311.6,20190600
2019-04-10 19:15:00,1318.0,20190800,1318.0,20190800,1311.5,20190600
2019-04-10 19:30:00,1318.3,20190800,1318.3,20190800,1312.3,20190600
2019-04-10 19:45:00,1318.1,20190800,1318.1,20190800,1311.9,20190600
2019-04-10 20:00:00,1318.5,20190800,1318.5,20190800,1312.3,20190600
2019-04-10 20:15:00,1318.6,20190800,1318.6,20190800,1312.8,20190600
2019-04-10 20:30:00,1318.9,20190800,1318.9,20190800,1312.7,20190600
2019-04-10 20:45:00,1318.5,20190800,1318.5,20190800,1312.2,20190600
2019-04-10 21:00:00,1318.3,20190800,1318.3,20190800,1312.2,20190600
2019-04-10 21:15:00,1318.3,20190800,1318.3,20190800,1312.1,20190600
2019-04-10 21:30:00,1318.1,20190800,1318.1,20190800,1312.1,20190600
2019-04-10 21:45:00,1318.1,20190800,1318.1,20190800,1312.0,20190600
2019-04-10 23:00:00,1312.1,20190800,1312.1,20190800,1306.3,20190600
2019-04-10 23:15:00,1318.1,20190800,1318.1,20190800,1311.9,20190600
2019-04-10 23:30:00,1318.1,20190800,1318.1,20190800,1312.0,20190600
2019-04-10 23:45:00,1318.0,20190800,1318.0,20190800,1312.0,20190600
2019-04-11 00:00:00,1318.0,20190800,1318.0,20190800,1312.1,20190600
2019-04-11 00:15:00,1318.6,20190800,1318.6,20190800,1312.5,20190600
2019-04-11 00:30:00,1318.6,20190800,1318.6,20190800,1312.8,20190600
2019-04-11 00:45:00,1318.6,20190800,1318.6,20190800,1312.0,20190600
2019-04-11 01:00:00,1317.6,20190800,1317.6,20190800,1311.9,20190600
2019-04-11 01:15:00,1317.6,20190800,1317.6,20190800,1311.2,20190600
2019-04-11 01:30:00,1317.2,20190800,1317.2,20190800,1311.2,20190600
2019-04-11 01:45:00,1317.2,20190800,1317.2,20190800,1311.5,20190600
2019-04-11 02:00:00,1317.6,20190800,1317.6,20190800,1311.9,20190600
2019-04-11 02:15:00,1317.6,20190800,1317.6,20190800,1311.9,20190600
2019-04-11 02:30:00,1316.5,20190800,1316.5,20190800,1310.7,20190600
2019-04-11 02:45:00,1316.5,20190800,1316.5,20190800,1310.7,20190600
2019-04-11 03:00:00,1316.5,20190800,1316.5,20190800,1310.4,20190600
2019-04-11 03:15:00,1316.5,20190800,1316.5,20190800,1310.8,20190600
2019-04-11 03:30:00,1316.5,20190800,1316.5,20190800,1310.3,20190600
2019-04-11 03:45:00,1316.5,20190800,1316.5,20190800,1310.4,20190600
2019-04-11 04:00:00,1316.2,20190800,1316.2,20190800,1310.3,20190600
2019-04-11 04:15:00,1316.1,20190800,1316.1,20190800,1310.1,20190600
2019-04-11 04:30:00,1316.1,20190800,1316.1,20190800,1310.3,20190600
2019-04-11 04:45:00,1316.1,20190800,1316.1,20190800,1310.3,20190600
2019-04-11 05:15:00,1316.1,20190800,1316.1,20190800,1309.8,20190600
2019-04-11 05:30:00,1316.1,20190800,1316.1,20190800,1310.2,20190600
2019-04-11 05:45:00,1316.3,20190800,1316.3,20190800,1310.9,20190600
2019-04-11 06:15:00,1317.2,20190800,1317.2,20190800,1310.8,20190600
2019-04-11 06:30:00,1317.2,20190800,1317.2,20190800,1311.6,20190600
2019-04-11 06:45:00,1317.2,20190800,1317.2,20190800,1311.6,20190600
2019-04-11 07:00:00,1317.5,20190800,1317.5,20190800,1311.9,20190600
2019-04-11 07:15:00,1316.7,20190800,1316.7,20190800,1310.8,20190600
2019-04-11 07:30:00,1317.0,20190800,1317.0,20190800,1311.0,20190600
2019-04-11 07:45:00,1316.5,20190800,1316.5,20190800,1310.4,20190600
2019-04-11 08:00:00,1316.2,20190800,1316.2,20190800,1310.3,20190600
2019-04-11 08:15:00,1316.2,20190800,1316.2,20190800,1309.2,20190600
2019-04-11 08:30:00,1314.8,20190800,1314.8,20190800,1308.9,20190600
2019-04-11 08:45:00,1314.8,20190800,1314.8,20190800,1308.9,20190600
2019-04-11 09:00:00,1314.5,20190800,1314.5,20190800,1308.3,20190600
2019-04-11 09:15:00,1313.5,20190800,1313.5,20190800,1307.5,20190600
2019-04-11 09:30:00,1313.5,20190800,1313.5,20190800,1308.1,20190600
2019-04-11 09:45:00,1314.5,20190800,1314.5,20190800,1308.3,20190600
2019-04-11 10:00:00,1313.9,20190800,1313.9,20190800,1308.1,20190600
2019-04-11 10:15:00,1313.6,20190800,1313.6,20190800,1307.6,20190600
2019-04-11 10:30:00,1313.9,20190800,1313.9,20190800,1307.9,20190600
2019-04-11 10:45:00,1314.3,20190800,1314.3,20190800,1308.2,20190600
2019-04-11 11:00:00,1314.6,20190800,1314.6,20190800,1308.5,20190600
2019-04-11 11:15:00,1313.9,20190800,1313.9,20190800,1307.8,20190600
2019-04-11 11:30:00,1314.0,20190800,1314.0,20190800,1308.3,20190600
2019-04-11 11:45:00,1314.6,20190800,1314.6,20190800,1308.5,20190600
2019-04-11 12:00:00,1312.1,20190800,1312.1,20190800,1306.3,20190600
2019-04-11 12:15:00,1310.5,20190800,1310.5,20190800,1304.4,20190600
2019-04-11 12:30:00,1310.7,20190800,1310.7,20190800,1304.6,20190600
2019-04-11 12:45:00,1310.6,20190800,1310.6,20190800,1304.5,20190600
2019-04-11 13:00:00,1308.4,20190800,1308.4,20190800,1302.5,20190600
2019-04-11 13:15:00,1308.8,20190800,1308.8,20190800,1302.6,20190600
2019-04-11 13:30:00,1306.2,20190800,1306.2,20190800,1300.5,20190600
2019-04-11 13:45:00,1304.5,20190800,1304.5,20190800,1298.8,20190600
2019-04-11 14:00:00,1305.1,20190800,1305.1,20190800,1299.0,20190600
2019-04-11 14:15:00,1307.0,20190800,1307.0,20190800,1301.2,20190600
2019-04-11 14:30:00,1307.7,20190800,1307.7,20190800,1301.8,20190600
2019-04-11 14:45:00,1307.9,20190800,1307.9,20190800,1302.2,20190600
2019-04-11 15:00:00,1308.6,20190800,1308.6,20190800,1302.6,20190600
2019-04-11 15:15:00,1307.8,20190800,1307.8,20190800,1301.6,20190600
2019-04-11 15:30:00,1306.5,20190800,1306.5,20190800,1300.4,20190600
2019-04-11 15:45:00,1306.2,20190800,1306.2,20190800,1299.9,20190600
2019-04-11 16:00:00,1305.2,20190800,1305.2,20190800,1299.1,20190600
2019-04-11 16:15:00,1304.1,20190800,1304.1,20190800,1298.2,20190600
2019-04-11 16:30:00,1303.6,20190800,1303.6,20190800,1297.6,20190600
2019-04-11 16:45:00,1304.0,20190800,1304.0,20190800,1298.4,20190600
2019-04-11 17:00:00,1302.3,20190800,1302.3,20190800,1296.2,20190600
2019-04-11 17:15:00,1302.9,20190800,1302.9,20190800,1296.9,20190600
2019-04-11 17:30:00,1303.3,20190800,1303.3,20190800,1297.2,20190600
2019-04-11 17:45:00,1302.3,20190800,1302.3,20190800,1296.3,20190600
2019-04-11 18:00:00,1303.1,20190800,1303.1,20190800,1296.8,20190600
2019-04-11 18:15:00,1299.5,20190800,1299.5,20190800,1293.6,20190600
2019-04-11 18:30:00,1299.8,20190800,1299.8,20190800,1293.4,20190600
2019-04-11 18:45:00,1300.1,20190800,1300.1,20190800,1294.2,20190600
2019-04-11 19:00:00,1300.2,20190800,1300.2,20190800,1294.5,20190600
2019-04-11 19:15:00,1300.5,20190800,1300.5,20190800,1294.8,20190600
2019-04-11 19:30:00,1299.8,20190800,1299.8,20190800,1294.0,20190600
2019-04-11 19:45:00,1299.8,20190800,1299.8,20190800,1293.7,20190600
2019-04-11 20:00:00,1300.0,20190800,1300.0,20190800,1294.1,20190600
2019-04-11 20:15:00,1300.2,20190800,1300.2,20190800,1294.9,20190600
2019-04-11 20:30:00,1301.1,20190800,1301.1,20190800,1295.2,20190600
2019-04-11 20:45:00,1301.0,20190800,1301.0,20190800,1294.9,20190600
2019-04-11 21:00:00,1301.0,20190800,1301.0,20190800,1295.3,20190600
2019-04-11 21:15:00,1301.6,20190800,1301.6,20190800,1295.6,20190600
2019-04-11 21:30:00,1301.7,20190800,1301.7,20190800,1296.0,20190600
2019-04-11 21:45:00,1301.9,20190800,1301.9,20190800,1295.8,20190600
2019-04-11 23:00:00,1302.2,20190800,1302.2,20190800,1311.2,20190600
2019-04-11 23:15:00,1302.0,20190800,1302.0,20190800,1296.2,20190600
2019-04-11 23:30:00,1302.0,20190800,1302.0,20190800,1296.2,20190600
2019-04-11 23:45:00,1302.0,20190800,1302.0,20190800,1295.6,20190600
2019-04-12 00:00:00,1302.0,20190800,1302.0,20190800,1295.8,20190600
2019-04-12 00:15:00,1301.7,20190800,1301.7,20190800,1295.8,20190600
2019-04-12 00:30:00,1301.7,20190800,1301.7,20190800,1296.0,20190600
2019-04-12 00:45:00,1301.7,20190800,1301.7,20190800,1295.6,20190600
2019-04-12 01:00:00,1301.7,20190800,1301.7,20190800,1295.9,20190600
2019-04-12 01:15:00,1302.0,20190800,1302.0,20190800,1296.3,20190600
2019-04-12 01:30:00,1302.7,20190800,1302.7,20190800,1297.0,20190600
2019-04-12 01:45:00,1302.5,20190800,1302.5,20190800,1296.8,20190600
2019-04-12 02:00:00,1302.4,20190800,1302.4,20190800,1296.9,20190600
2019-04-12 02:15:00,1302.4,20190800,1302.4,20190800,1296.7,20190600
2019-04-12 02:30:00,1303.0,20190800,1303.0,20190800,1296.7,20190600
2019-04-12 02:45:00,1303.0,20190800,1303.0,20190800,1296.7,20190600
2019-04-12 03:00:00,1303.0,20190800,1303.0,20190800,1297.3,20190600
2019-04-12 03:15:00,1302.9,20190800,1302.9,20190800,1296.9,20190600
2019-04-12 03:30:00,1302.9,20190800,1302.9,20190800,1296.7,20190600
2019-04-12 03:45:00,1302.5,20190800,1302.5,20190800,1296.6,20190600
2019-04-12 04:00:00,1302.1,20190800,1302.1,20190800,1296.4,20190600
2019-04-12 04:15:00,1302.1,20190800,1302.1,20190800,1296.0,20190600
2019-04-12 04:30:00,1301.2,20190800,1301.2,20190800,1295.1,20190600
2019-04-12 04:45:00,1300.6,20190800,1300.6,20190800,1295.1,20190600
2019-04-12 05:15:00,1301.6,20190800,1301.6,20190800,1295.6,20190600
2019-04-12 05:30:00,1301.5,20190800,1301.5,20190800,1295.8,20190600
2019-04-12 05:45:00,1301.9,20190800,1301.9,20190800,1296.0,20190600
2019-04-12 06:15:00,1302.0,20190800,1302.0,20190800,1296.2,20190600
2019-04-12 06:30:00,1302.0,20190800,1302.0,20190800,1296.3,20190600
2019-04-12 06:45:00,1302.0,20190800,1302.0,20190800,1296.7,20190600
2019-04-12 07:00:00,1302.0,20190800,1302.0,20190800,1296.9,20190600
2019-04-12 07:15:00,1303.0,20190800,1303.0,20190800,1297.2,20190600
2019-04-12 07:30:00,1302.9,20190800,1302.9,20190800,1297.1,20190600
2019-04-12 07:45:00,1302.7,20190800,1302.7,20190800,1296.4,20190600
2019-04-12 08:00:00,1301.7,20190800,1301.7,20190800,1295.4,20190600
2019-04-12 08:15:00,1301.0,20190800,1301.0,20190800,1295.0,20190600
2019-04-12 08:30:00,1301.3,20190800,1301.3,20190800,1295.5,20190600
2019-04-12 08:45:00,1301.3,20190800,1301.3,20190800,1295.5,20190600
2019-04-12 09:00:00,1302.3,20190800,1302.3,20190800,1296.2,20190600
2019-04-12 09:15:00,1302.3,20190800,1302.3,20190800,1296.4,20190600
2019-04-12 09:30:00,1302.3,20190800,1302.3,20190800,1296.3,20190600
2019-04-12 09:45:00,1302.6,20190800,1302.6,20190800,1296.8,20190600
2019-04-12 10:00:00,1303.2,20190800,1303.2,20190800,1296.6,20190600
2019-04-12 10:15:00,1303.5,20190800,1303.5,20190800,1297.7,20190600
2019-04-12 10:30:00,1304.2,20190800,1304.2,20190800,1298.4,20190600
2019-04-12 10:45:00,1304.0,20190800,1304.0,20190800,1298.0,20190600
2019-04-12 11:00:00,1303.6,20190800,1303.6,20190800,1297.1,20190600
2019-04-12 11:15:00,1303.6,20190800,1303.6,20190800,1297.7,20190600
2019-04-12 11:30:00,1303.8,20190800,1303.8,20190800,1297.3,20190600
2019-04-12 11:45:00,1304.2,20190800,1304.2,20190800,1297.7,20190600
2019-04-12 12:00:00,1303.7,20190800,1303.7,20190800,1297.1,20190600
2019-04-12 12:15:00,1303.2,20190800,1303.2,20190800,1297.3,20190600
2019-04-12 12:30:00,1302.2,20190800,1302.2,20190800,1296.2,20190600
2019-04-12 12:45:00,1301.7,20190800,1301.7,20190800,1295.7,20190600
2019-04-12 13:00:00,1302.8,20190800,1302.8,20190800,1297.0,20190600
2019-04-12 13:15:00,1303.2,20190800,1303.2,20190800,1297.0,20190600
2019-04-12 13:30:00,1301.2,20190800,1301.2,20190800,1295.4,20190600
2019-04-12 13:45:00,1301.5,20190800,1301.5,20190800,1295.0,20190600
2019-04-12 14:00:00,1300.8,20190800,1300.8,20190800,1294.8,20190600
2019-04-12 14:15:00,1301.1,20190800,1301.1,20190800,1295.0,20190600
2019-04-12 14:30:00,1301.4,20190800,1301.4,20190800,1295.8,20190600
2019-04-12 14:45:00,1302.1,20190800,1302.1,20190800,1296.1,20190600
2019-04-12 15:00:00,1303.8,20190800,1303.8,20190800,1297.6,20190600
2019-04-12 15:15:00,1303.9,20190800,1303.9,20190800,1297.4,20190600
2019-04-12 15:30:00,1302.8,20190800,1302.8,20190800,1296.7,20190600
2019-04-12 15:45:00,1301.8,20190800,1301.8,20190800,1296.1,20190600
2019-04-12 16:00:00,1301.5,20190800,1301.5,20190800,1295.4,20190600
2019-04-12 16:15:00,1302.2,20190800,1302.2,20190800,1295.9,20190600
2019-04-12 16:30:00,1301.5,20190800,1301.5,20190800,1295.3,20190600
2019-04-12 16:45:00,1300.7,20190800,1300.7,20190800,1294.6,20190600
2019-04-12 17:00:00,1300.3,20190800,1300.3,20190800,1294.5,20190600
2019-04-12 17:15:00,1300.4,20190800,1300.4,20190800,1294.6,20190600
2019-04-12 17:30:00,1300.9,20190800,1300.9,20190800,1294.4,20190600
2019-04-12 17:45:00,1301.0,20190800,1301.0,20190800,1295.2,20190600
2019-04-12 18:00:00,1301.3,20190800,1301.3,20190800,1294.9,20190600
2019-04-12 18:15:00,1301.1,20190800,1301.1,20190800,1295.1,20190600
2019-04-12 18:30:00,1301.0,20190800,1301.0,20190800,1294.8,20190600
2019-04-12 18:45:00,1301.0,20190800,1301.0,20190800,1294.6,20190600
2019-04-12 19:00:00,1301.0,20190800,1301.0,20190800,1294.7,20190600
2019-04-12 19:15:00,1300.9,20190800,1300.9,20190800,1294.7,20190600
2019-04-12 19:30:00,1300.8,20190800,1300.8,20190800,1294.7,20190600
2019-04-12 19:45:00,1300.3,20190800,1300.3,20190800,1294.3,20190600
2019-04-12 20:00:00,1300.2,20190800,1300.2,20190800,1294.1,20190600
2019-04-12 20:15:00,1300.3,20190800,1300.3,20190800,1294.3,20190600
2019-04-12 20:30:00,1300.2,20190800,1300.2,20190800,1294.2,20190600
2019-04-12 20:45:00,1299.8,20190800,1299.8,20190800,1293.5,20190600
2019-04-12 21:00:00,1300.5,20190800,1300.5,20190800,1294.2,20190600
2019-04-12 21:15:00,1300.9,20190800,1300.9,20190800,1294.5,20190600
2019-04-12 21:30:00,1300.0,20190800,1300.0,20190800,1294.0,20190600
2019-04-12 21:45:00,1299.9,20190800,1299.9,20190800,1293.5,20190600
2019-04-12 23:00:00,1300.0,20190800,1300.0,20190800,1295.8,20190600
2019-04-14 23:00:00,1300.5,20190800,1300.5,20190800,1294.9,20190600
2019-04-14 23:15:00,1301.0,20190800,1301.0,20190800,1295.0,20190600
2019-04-14 23:30:00,1301.0,20190800,1301.0,20190800,1294.3,20190600
2019-04-14 23:45:00,1301.0,20190800,1301.0,20190800,1294.5,20190600
2019-04-15 00:00:00,1300.0,20190800,1300.0,20190800,1294.5,20190600
2019-04-15 00:15:00,1300.0,20190800,1300.0,20190800,1294.1,20190600
2019-04-15 00:30:00,1300.0,20190800,1300.0,20190800,1293.7,20190600
2019-04-15 00:45:00,1299.3,20190800,1299.3,20190800,1292.9,20190600
2019-04-15 01:00:00,1298.9,20190800,1298.9,20190800,1292.8,20190600
2019-04-15 01:15:00,1298.0,20190800,1298.0,20190800,1292.0,20190600
2019-04-15 01:30:00,1298.8,20190800,1298.8,20190800,1293.1,20190600
2019-04-15 01:45:00,1298.8,20190800,1298.8,20190800,1293.4,20190600
2019-04-15 02:00:00,1298.2,20190800,1298.2,20190800,1291.7,20190600
2019-04-15 02:15:00,1297.0,20190800,1297.0,20190800,1290.8,20190600
2019-04-15 02:30:00,1296.7,20190800,1296.7,20190800,1291.3,20190600
2019-04-15 02:45:00,1296.7,20190800,1296.7,20190800,1290.7,20190600
2019-04-15 03:00:00,1297.0,20190800,1297.0,20190800,1290.3,20190600
2019-04-15 03:15:00,1296.4,20190800,1296.4,20190800,1290.7,20190600
2019-04-15 03:30:00,1296.3,20190800,1296.3,20190800,1290.7,20190600
2019-04-15 03:45:00,1297.1,20190800,1297.1,20190800,1291.4,20190600
2019-04-15 04:00:00,1297.0,20190800,1297.0,20190800,1290.6,20190600
2019-04-15 04:15:00,1297.0,20190800,1297.0,20190800,1291.0,20190600
2019-04-15 04:30:00,1297.0,20190800,1297.0,20190800,1291.2,20190600
2019-04-15 04:45:00,1297.8,20190800,1297.8,20190800,1292.0,20190600
2019-04-15 05:15:00,1297.8,20190800,1297.8,20190800,1292.0,20190600
2019-04-15 05:30:00,1297.8,20190800,1297.8,20190800,1292.1,20190600
2019-04-15 05:45:00,1298.0,20190800,1298.0,20190800,1292.0,20190600
2019-04-15 06:15:00,1298.0,20190800,1298.0,20190800,1291.2,20190600
2019-04-15 06:30:00,1297.6,20190800,1297.6,20190800,1291.9,20190600
2019-04-15 06:45:00,1296.9,20190800,1296.9,20190800,1290.9,20190600
2019-04-15 07:00:00,1297.2,20190800,1297.2,20190800,1290.7,20190600
2019-04-15 07:15:00,1296.5,20190800,1296.5,20190800,1290.4,20190600
2019-04-15 07:30:00,1296.7,20190800,1296.7,20190800,1290.5,20190600
2019-04-15 07:45:00,1296.7,20190800,1296.7,20190800,1289.8,20190600
2019-04-15 08:00:00,1296.1,20190800,1296.1,20190800,1290.2,20190600
2019-04-15 08:15:00,1296.1,20190800,1296.1,20190800,1290.0,20190600
2019-04-15 08:30:00,1295.7,20190800,1295.7,20190800,1289.8,20190600
2019-04-15 08:45:00,1296.0,20190800,1296.0,20190800,1289.9,20190600
2019-04-15 09:00:00,1295.0,20190800,1295.0,20190800,1289.4,20190600
2019-04-15 09:15:00,1295.5,20190800,1295.5,20190800,1289.9,20190600
2019-04-15 09:30:00,1296.0,20190800,1296.0,20190800,1290.2,20190600
2019-04-15 09:45:00,1295.2,20190800,1295.2,20190800,1289.3,20190600
2019-04-15 10:00:00,1295.5,20190800,1295.5,20190800,1289.9,20190600
2019-04-15 10:15:00,1296.0,20190800,1296.0,20190800,1289.9,20190600
2019-04-15 10:30:00,1296.0,20190800,1296.0,20190800,1289.9,20190600
2019-04-15 10:45:00,1295.0,20190800,1295.0,20190800,1288.7,20190600
2019-04-15 11:00:00,1295.2,20190800,1295.2,20190800,1289.1,20190600
2019-04-15 11:15:00,1294.5,20190800,1294.5,20190800,1288.5,20190600
2019-04-15 11:30:00,1295.4,20190800,1295.4,20190800,1289.9,20190600
2019-04-15 11:45:00,1295.8,20190800,1295.8,20190800,1289.4,20190600
2019-04-15 12:00:00,1295.4,20190800,1295.4,20190800,1289.5,20190600
2019-04-15 12:15:00,1295.1,20190800,1295.1,20190800,1289.1,20190600
2019-04-15 12:30:00,1295.1,20190800,1295.1,20190800,1289.1,20190600
2019-04-15 12:45:00,1294.6,20190800,1294.6,20190800,1288.7,20190600
2019-04-15 13:00:00,1297.0,20190800,1297.0,20190800,1291.1,20190600
2019-04-15 13:15:00,1294.0,20190800,1294.0,20190800,1288.0,20190600
2019-04-15 13:30:00,1293.0,20190800,1293.0,20190800,1286.6,20190600
2019-04-15 13:45:00,1293.5,20190800,1293.5,20190800,1288.0,20190600
2019-04-15 14:00:00,1293.6,20190800,1293.6,20190800,1286.7,20190600
2019-04-15 14:15:00,1292.4,20190800,1292.4,20190800,1286.3,20190600
2019-04-15 14:30:00,1292.2,20190800,1292.2,20190800,1286.4,20190600
2019-04-15 14:45:00,1293.8,20190800,1293.8,20190800,1287.7,20190600
2019-04-15 15:00:00,1294.1,20190800,1294.1,20190800,1288.3,20190600
2019-04-15 15:15:00,1293.6,20190800,1293.6,20190800,1287.8,20190600
2019-04-15 15:30:00,1296.4,20190800,1296.4,20190800,1290.0,20190600
2019-04-15 15:45:00,1296.3,20190800,1296.3,20190800,1290.2,20190600
2019-04-15 16:00:00,1296.4,20190800,1296.4,20190800,1290.2,20190600
2019-04-15 16:15:00,1296.9,20190800,1296.9,20190800,1290.8,20190600
2019-04-15 16:30:00,1297.5,20190800,1297.5,20190800,1292.3,20190600
2019-04-15 16:45:00,1297.7,20190800,1297.7,20190800,1291.6,20190600
2019-04-15 17:00:00,1298.4,20190800,1298.4,20190800,1292.2,20190600
2019-04-15 17:15:00,1298.0,20190800,1298.0,20190800,1292.0,20190600
2019-04-15 17:30:00,1298.2,20190800,1298.2,20190800,1292.5,20190600
2019-04-15 17:45:00,1298.4,20190800,1298.4,20190800,1292.4,20190600
2019-04-15 18:00:00,1298.0,20190800,1298.0,20190800,1292.2,20190600
2019-04-15 18:15:00,1297.4,20190800,1297.4,20190800,1291.3,20190600
2019-04-15 18:30:00,1297.2,20190800,1297.2,20190800,1291.0,20190600
2019-04-15 18:45:00,1297.5,20190800,1297.5,20190800,1291.3,20190600
2019-04-15 19:00:00,1297.3,20190800,1297.3,20190800,1291.2,20190600
2019-04-15 19:15:00,1297.3,20190800,1297.3,20190800,1291.3,20190600
2019-04-15 19:30:00,1297.1,20190800,1297.1,20190800,1291.1,20190600
2019-04-15 19:45:00,1297.1,20190800,1297.1,20190800,1290.8,20190600
2019-04-15 20:00:00,1297.0,20190800,1297.0,20190800,1291.1,20190600
2019-04-15 20:15:00,1296.7,20190800,1296.7,20190800,1290.9,20190600
2019-04-15 20:30:00,1297.0,20190800,1297.0,20190800,1290.9,20190600
2019-04-15 20:45:00,1296.9,20190800,1296.9,20190800,1290.8,20190600
2019-04-15 21:00:00,1296.8,20190800,1296.8,20190800,1290.9,20190600
2019-04-15 21:15:00,1296.8,20190800,1296.8,20190800,1290.9,20190600
2019-04-15 21:30:00,1296.7,20190800,1296.7,20190800,1290.9,20190600
2019-04-15 21:45:00,1296.9,20190800,1296.9,20190800,1290.8,20190600
2019-04-15 23:00:00,1297.8,20190800,1297.8,20190800,1291.9,20190600
2019-04-15 23:15:00,1297.8,20190800,1297.8,20190800,1290.9,20190600
2019-04-15 23:30:00,1297.0,20190800,1297.0,20190800,1291.1,20190600
2019-04-15 23:45:00,1297.0,20190800,1297.0,20190800,1290.9,20190600
2019-04-16 00:00:00,1297.0,20190800,1297.0,20190800,1291.4,20190600
2019-04-16 00:15:00,1297.4,20190800,1297.4,20190800,1291.2,20190600
2019-04-16 00:30:00,1297.4,20190800,1297.4,20190800,1291.5,20190600
2019-04-16 00:45:00,1297.4,20190800,1297.4,20190800,1291.3,20190600
2019-04-16 01:00:00,1296.2,20190800,1296.2,20190800,1290.2,20190600
2019-04-16 01:15:00,1296.4,20190800,1296.4,20190800,1289.9,20190600
2019-04-16 01:30:00,1296.1,20190800,1296.1,20190800,1289.5,20190600
2019-04-16 01:45:00,1296.1,20190800,1296.1,20190800,1290.1,20190600
2019-04-16 02:00:00,1295.6,20190800,1295.6,20190800,1289.4,20190600
2019-04-16 02:15:00,1294.7,20190800,1294.7,20190800,1288.8,20190600
2019-04-16 02:30:00,1295.6,20190800,1295.6,20190800,1289.0,20190600
2019-04-16 02:45:00,1294.8,20190800,1294.8,20190800,1288.5,20190600
2019-04-16 03:00:00,1294.8,20190800,1294.8,20190800,1289.2,20190600
2019-04-16 03:15:00,1294.8,20190800,1294.8,20190800,1288.9,20190600
2019-04-16 03:30:00,1294.5,20190800,1294.5,20190800,1288.8,20190600
2019-04-16 03:45:00,1294.6,20190800,1294.6,20190800,1288.3,20190600
2019-04-16 04:00:00,1294.0,20190800,1294.0,20190800,1288.1,20190600
2019-04-16 04:15:00,1293.7,20190800,1293.7,20190800,1287.8,20190600
2019-04-16 04:30:00,1293.7,20190800,1293.7,20190800,1288.3,20190600
2019-04-16 04:45:00,1293.7,20190800,1293.7,20190800,1288.1,20190600
2019-04-16 05:15:00,1293.7,20190800,1293.7,20190800,1288.1,20190600
2019-04-16 05:30:00,1293.7,20190800,1293.7,20190800,1288.1,20190600
2019-04-16 05:45:00,1293.7,20190800,1293.7,20190800,1287.6,20190600
2019-04-16 06:15:00,1293.4,20190800,1293.4,20190800,1287.5,20190600
2019-04-16 06:30:00,1293.3,20190800,1293.3,20190800,1287.2,20190600
2019-04-16 06:45:00,1292.9,20190800,1292.9,20190800,1287.1,20190600
2019-04-16 07:00:00,1293.1,20190800,1293.1,20190800,1287.4,20190600
2019-04-16 07:15:00,1293.5,20190800,1293.5,20190800,1287.8,20190600
2019-04-16 07:30:00,1295.4,20190800,1295.4,20190800,1289.3,20190600
2019-04-16 07:45:00,1295.2,20190800,1295.2,20190800,1289.3,20190600
2019-04-16 08:00:00,1296.1,20190800,1296.1,20190800,1288.9,20190600
2019-04-16 08:15:00,1294.5,20190800,1294.5,20190800,1288.0,20190600
2019-04-16 08:30:00,1294.8,20190800,1294.8,20190800,1288.6,20190600
2019-04-16 08:45:00,1293.8,20190800,1293.8,20190800,1287.7,20190600
2019-04-16 09:00:00,1294.0,20190800,1294.0,20190800,1287.9,20190600
2019-04-16 09:15:00,1294.0,20190800,1294.0,20190800,1287.2,20190600
2019-04-16 09:30:00,1293.9,20190800,1293.9,20190800,1287.6,20190600
2019-04-16 09:45:00,1293.2,20190800,1293.2,20190800,1287.3,20190600
2019-04-16 10:00:00,1292.2,20190800,1292.2,20190800,1286.3,20190600
2019-04-16 10:15:00,1292.7,20190800,1292.7,20190800,1286.6,20190600
2019-04-16 10:30:00,1291.7,20190800,1291.7,20190800,1285.7,20190600
2019-04-16 10:45:00,1292.1,20190800,1292.1,20190800,1286.3,20190600
2019-04-16 11:00:00,1292.6,20190800,1292.6,20190800,1286.6,20190600
2019-04-16 11:15:00,1292.6,20190800,1292.6,20190800,1285.9,20190600
2019-04-16 11:30:00,1292.4,20190800,1292.4,20190800,1286.3,20190600
2019-04-16 11:45:00,1292.6,20190800,1292.6,20190800,1286.7,20190600
2019-04-16 12:00:00,1293.3,20190800,1293.3,20190800,1287.2,20190600
2019-04-16 12:15:00,1292.6,20190800,1292.6,20190800,1286.3,20190600
2019-04-16 12:30:00,1292.5,20190800,1292.5,20190800,1286.4,20190600
2019-04-16 12:45:00,1293.3,20190800,1293.3,20190800,1287.4,20190600
2019-04-16 13:00:00,1293.2,20190800,1293.2,20190800,1287.4,20190600
2019-04-16 13:15:00,1290.1,20190800,1290.1,20190800,1284.0,20190600
2019-04-16 13:30:00,1288.5,20190800,1288.5,20190800,1282.4,20190600
2019-04-16 13:45:00,1287.9,20190800,1287.9,20190800,1281.8,20190600
2019-04-16 14:00:00,1284.7,20190800,1284.7,20190800,1278.7,20190600
2019-04-16 14:15:00,1283.1,20190800,1283.1,20190800,1277.5,20190600
2019-04-16 14:30:00,1283.8,20190800,1283.8,20190800,1277.4,20190600
2019-04-16 14:45:00,1284.8,20190800,1284.8,20190800,1279.0,20190600
2019-04-16 15:00:00,1283.6,20190800,1283.6,20190800,1277.5,20190600
2019-04-16 15:15:00,1283.2,20190800,1283.2,20190800,1277.4,20190600
2019-04-16 15:30:00,1283.9,20190800,1283.9,20190800,1278.0,20190600
2019-04-16 15:45:00,1285.2,20190800,1285.2,20190800,1279.4,20190600
2019-04-16 16:00:00,1284.6,20190800,1284.6,20190800,1278.8,20190600
2019-04-16 16:15:00,1283.6,20190800,1283.6,20190800,1277.4,20190600
2019-04-16 16:30:00,1283.6,20190800,1283.6,20190800,1277.7,20190600
2019-04-16 16:45:00,1284.4,20190800,1284.4,20190800,1278.4,20190600
2019-04-16 17:00:00,1282.8,20190800,1282.8,20190800,1277.2,20190600
2019-04-16 17:15:00,1282.8,20190800,1282.8,20190800,1276.7,20190600
2019-04-16 17:30:00,1282.8,20190800,1282.8,20190800,1276.8,20190600
2019-04-16 17:45:00,1282.8,20190800,1282.8,20190800,1276.7,20190600
2019-04-16 18:00:00,1283.4,20190800,1283.4,20190800,1277.0,20190600
2019-04-16 18:15:00,1283.3,20190800,1283.3,20190800,1277.4,20190600
2019-04-16 18:30:00,1282.8,20190800,1282.8,20190800,1276.8,20190600
2019-04-16 18:45:00,1283.8,20190800,1283.8,20190800,1277.8,20190600
2019-04-16 19:00:00,1284.0,20190800,1284.0,20190800,1278.2,20190600
2019-04-16 19:15:00,1284.2,20190800,1284.2,20190800,1278.2,20190600
2019-04-16 19:30:00,1285.0,20190800,1285.0,20190800,1279.2,20190600
2019-04-16 19:45:00,1285.0,20190800,1285.0,20190800,1279.0,20190600
2019-04-16 20:00:00,1284.9,20190800,1284.9,20190800,1279.1,20190600
2019-04-16 20:15:00,1284.9,20190800,1284.9,20190800,1279.0,20190600
2019-04-16 20:30:00,1285.0,20190800,1285.0,20190800,1279.1,20190600
2019-04-16 20:45:00,1285.4,20190800,1285.4,20190800,1279.1,20190600
2019-04-16 21:00:00,1285.0,20190800,1285.0,20190800,1279.1,20190600
2019-04-16 21:15:00,1285.0,20190800,1285.0,20190800,1279.2,20190600
2019-04-16 21:30:00,1285.6,20190800,1285.6,20190800,1279.6,20190600
2019-04-16 21:45:00,1285.4,20190800,1285.4,20190800,1279.5,20190600
2019-04-16 23:00:00,1285.7,20190800,1285.7,20190800,1287.5,20190600
2019-04-16 23:15:00,1285.7,20190800,1285.7,20190800,1279.5,20190600
2019-04-16 23:30:00,1285.6,20190800,1285.6,20190800,1279.6,20190600
2019-04-16 23:45:00,1285.0,20190800,1285.0,20190800,1279.0,20190600
2019-04-17 00:00:00,1284.9,20190800,1284.9,20190800,1279.0,20190600
2019-04-17 00:15:00,1285.6,20190800,1285.6,20190800,1279.6,20190600
2019-04-17 00:30:00,1285.1,20190800,1285.1,20190800,1279.2,20190600
2019-04-17 00:45:00,1284.9,20190800,1284.9,20190800,1279.0,20190600
2019-04-17 01:00:00,1284.9,20190800,1284.9,20190800,1277.7,20190600
2019-04-17 01:15:00,1284.9,20190800,1284.9,20190800,1277.5,20190600
2019-04-17 01:30:00,1284.5,20190800,1284.5,20190800,1278.5,20190600
2019-04-17 01:45:00,1284.6,20190800,1284.6,20190800,1278.7,20190600
2019-04-17 02:00:00,1284.1,20190800,1284.1,20190800,1278.1,20190600
2019-04-17 02:15:00,1285.3,20190800,1285.3,20190800,1279.3,20190600
2019-04-17 02:30:00,1285.0,20190800,1285.0,20190800,1279.4,20190600
2019-04-17 02:45:00,1285.6,20190800,1285.6,20190800,1280.0,20190600
2019-04-17 03:00:00,1286.0,20190800,1286.0,20190800,1279.3,20190600
2019-04-17 03:15:00,1285.3,20190800,1285.3,20190800,1279.8,20190600
2019-04-17 03:30:00,1285.3,20190800,1285.3,20190800,1279.6,20190600
2019-04-17 03:45:00,1285.7,20190800,1285.7,20190800,1279.5,20190600
2019-04-17 04:00:00,1285.1,20190800,1285.1,20190800,1279.1,20190600
2019-04-17 04:15:00,1285.1,20190800,1285.1,20190800,1278.8,20190600
2019-04-17 04:30:00,1285.0,20190800,1285.0,20190800,1278.6,20190600
2019-04-17 04:45:00,1285.0,20190800,1285.0,20190800,1279.1,20190600
2019-04-17 05:15:00,1285.8,20190800,1285.8,20190800,1279.9,20190600
2019-04-17 05:30:00,1285.9,20190800,1285.9,20190800,1279.9,20190600
2019-04-17 05:45:00,1285.9,20190800,1285.9,20190800,1279.8,20190600
2019-04-17 06:15:00,1285.9,20190800,1285.9,20190800,1279.9,20190600
2019-04-17 06:30:00,1286.4,20190800,1286.4,20190800,1280.5,20190600
2019-04-17 06:45:00,1286.4,20190800,1286.4,20190800,1281.0,20190600
2019-04-17 07:00:00,1287.7,20190800,1287.7,20190800,1281.4,20190600
2019-04-17 07:15:00,1287.9,20190800,1287.9,20190800,1281.6,20190600
2019-04-17 07:30:00,1287.2,20190800,1287.2,20190800,1280.3,20190600
2019-04-17 07:45:00,1286.8,20190800,1286.8,20190800,1280.9,20190600
2019-04-17 08:00:00,1287.1,20190800,1287.1,20190800,1281.0,20190600
2019-04-17 08:15:00,1287.2,20190800,1287.2,20190800,1281.4,20190600
2019-04-17 08:30:00,1287.2,20190800,1287.2,20190800,1281.3,20190600
2019-04-17 08:45:00,1287.4,20190800,1287.4,20190800,1281.2,20190600
2019-04-17 09:00:00,1286.9,20190800,1286.9,20190800,1280.8,20190600
2019-04-17 09:15:00,1286.7,20190800,1286.7,20190800,1280.7,20190600
2019-04-17 09:30:00,1285.2,20190800,1285.2,20190800,1278.9,20190600
2019-04-17 09:45:00,1284.9,20190800,1284.9,20190800,1278.7,20190600
2019-04-17 10:00:00,1284.9,20190800,1284.9,20190800,1278.9,20190600
2019-04-17 10:15:00,1284.4,20190800,1284.4,20190800,1278.3,20190600
2019-04-17 10:30:00,1283.5,20190800,1283.5,20190800,1277.7,20190600
2019-04-17 10:45:00,1283.4,20190800,1283.4,20190800,1277.6,20190600
2019-04-17 11:00:00,1284.6,20190800,1284.6,20190800,1278.6,20190600
2019-04-17 11:15:00,1284.6,20190800,1284.6,20190800,1278.9,20190600
2019-04-17 11:30:00,1284.5,20190800,1284.5,20190800,1278.4,20190600
2019-04-17 11:45:00,1284.9,20190800,1284.9,20190800,1278.9,20190600
2019-04-17 12:00:00,1284.0,20190800,1284.0,20190800,1278.2,20190600
2019-04-17 12:15:00,1284.4,20190800,1284.4,20190800,1278.4,20190600
2019-04-17 12:30:00,1284.0,20190800,1284.0,20190800,1278.1,20190600
2019-04-17 12:45:00,1283.7,20190800,1283.7,20190800,1277.9,20190600
2019-04-17 13:00:00,1284.6,20190800,1284.6,20190800,1278.9,20190600
2019-04-17 13:15:00,1284.4,20190800,1284.4,20190800,1278.5,20190600
2019-04-17 13:30:00,1284.0,20190800,1284.0,20190800,1278.1,20190600
2019-04-17 13:45:00,1284.6,20190800,1284.6,20190800,1278.5,20190600
2019-04-17 14:00:00,1283.9,20190800,1283.9,20190800,1278.1,20190600
2019-04-17 14:15:00,1284.1,20190800,1284.1,20190800,1278.0,20190600
2019-04-17 14:30:00,1284.1,20190800,1284.1,20190800,1278.2,20190600
2019-04-17 14:45:00,1284.5,20190800,1284.5,20190800,1278.4,20190600
2019-04-17 15:00:00,1282.7,20190800,1282.7,20190800,1276.3,20190600
2019-04-17 15:15:00,1283.1,20190800,1283.1,20190800,1276.9,20190600
2019-04-17 15:30:00,1281.6,20190800,1281.6,20190800,1275.5,20190600
2019-04-17 15:45:00,1282.0,20190800,1282.0,20190800,1275.9,20190600
2019-04-17 16:00:00,1281.7,20190800,1281.7,20190800,1275.8,20190600
2019-04-17 16:15:00,1282.5,20190800,1282.5,20190800,1276.6,20190600
2019-04-17 16:30:00,1282.7,20190800,1282.7,20190800,1276.7,20190600
2019-04-17 16:45:00,1282.3,20190800,1282.3,20190800,1276.4,20190600
2019-04-17 17:00:00,1282.4,20190800,1282.4,20190800,1276.3,20190600
2019-04-17 17:15:00,1282.1,20190800,1282.1,20190800,1276.1,20190600
2019-04-17 17:30:00,1282.4,20190800,1282.4,20190800,1276.3,20190600
2019-04-17 17:45:00,1281.4,20190800,1281.4,20190800,1275.5,20190600
2019-04-17 18:00:00,1282.1,20190800,1282.1,20190800,1276.3,20190600
2019-04-17 18:15:00,1282.8,20190800,1282.8,20190800,1276.7,20190600
2019-04-17 18:30:00,1282.5,20190800,1282.5,20190800,1276.6,20190600
2019-04-17 18:45:00,1282.6,20190800,1282.6,20190800,1276.7,20190600
2019-04-17 19:00:00,1282.6,20190800,1282.6,20190800,1276.7,20190600
2019-04-17 19:15:00,1282.6,20190800,1282.6,20190800,1276.5,20190600
2019-04-17 19:30:00,1282.5,20190800,1282.5,20190800,1276.4,20190600
2019-04-17 19:45:00,1282.5,20190800,1282.5,20190800,1276.3,20190600
2019-04-17 20:00:00,1282.3,20190800,1282.3,20190800,1276.1,20190600
2019-04-17 20:15:00,1282.0,20190800,1282.0,20190800,1276.0,20190600
2019-04-17 20:30:00,1282.0,20190800,1282.0,20190800,1276.2,20190600
2019-04-17 20:45:00,1282.1,20190800,1282.1,20190800,1276.4,20190600
2019-04-17 21:00:00,1282.6,20190800,1282.6,20190800,1276.6,20190600
2019-04-17 21:15:00,1282.3,20190800,1282.3,20190800,1276.4,20190600
2019-04-17 21:30:00,1282.3,20190800,1282.3,20190800,1276.2,20190600
2019-04-17 21:45:00,1282.3,20190800,1282.3,20190800,1276.2,20190600
2019-04-17 23:00:00,1282.1,20190800,1282.1,20190800,1279.8,20190600
2019-04-17 23:15:00,1282.6,20190800,1282.6,20190800,1276.8,20190600
2019-04-17 23:30:00,1282.7,20190800,1282.7,20190800,1276.6,20190600
2019-04-17 23:45:00,1282.7,20190800,1282.7,20190800,1276.5,20190600
2019-04-18 00:00:00,1282.7,20190800,1282.7,20190800,1276.8,20190600
2019-04-18 00:15:00,1282.7,20190800,1282.7,20190800,1276.0,20190600
2019-04-18 00:30:00,1282.3,20190800,1282.3,20190800,1276.1,20190600
2019-04-18 00:45:00,1282.3,20190800,1282.3,20190800,1276.4,20190600
2019-04-18 01:00:00,1282.7,20190800,1282.7,20190800,1276.5,20190600
2019-04-18 01:15:00,1282.5,20190800,1282.5,20190800,1276.5,20190600
2019-04-18 01:30:00,1282.5,20190800,1282.5,20190800,1276.9,20190600
2019-04-18 01:45:00,1282.6,20190800,1282.6,20190800,1276.6,20190600
2019-04-18 02:00:00,1281.7,20190800,1281.7,20190800,1276.0,20190600
2019-04-18 02:15:00,1281.4,20190800,1281.4,20190800,1275.4,20190600
2019-04-18 02:30:00,1280.6,20190800,1280.6,20190800,1274.6,20190600
2019-04-18 02:45:00,1280.4,20190800,1280.4,20190800,1274.3,20190600
2019-04-18 03:00:00,1280.0,20190800,1280.0,20190800,1273.9,20190600
2019-04-18 03:15:00,1280.2,20190800,1280.2,20190800,1274.3,20190600
2019-04-18 03:30:00,1280.2,20190800,1280.2,20190800,1273.9,20190600
2019-04-18 03:45:00,1280.1,20190800,1280.1,20190800,1274.3,20190600
2019-04-18 04:00:00,1280.3,20190800,1280.3,20190800,1274.3,20190600
2019-04-18 04:15:00,1279.9,20190800,1279.9,20190800,1274.0,20190600
2019-04-18 04:30:00,1280.0,20190800,1280.0,20190800,1274.1,20190600
2019-04-18 04:45:00,1280.0,20190800,1280.0,20190800,1274.6,20190600
2019-04-18 05:15:00,1280.0,20190800,1280.0,20190800,1274.1,20190600
2019-04-18 05:30:00,1279.9,20190800,1279.9,20190800,1273.9,20190600
2019-04-18 05:45:00,1280.0,20190800,1280.0,20190800,1274.1,20190600
2019-04-18 06:15:00,1280.2,20190800,1280.2,20190800,1273.8,20190600
2019-04-18 06:30:00,1280.2,20190800,1280.2,20190800,1274.3,20190600
2019-04-18 06:45:00,1280.4,20190800,1280.4,20190800,1274.2,20190600
2019-04-18 07:00:00,1280.3,20190800,1280.3,20190800,1274.3,20190600
2019-04-18 07:15:00,1280.1,20190800,1280.1,20190800,1274.0,20190600
2019-04-18 07:30:00,1278.9,20190800,1278.9,20190800,1273.1,20190600
2019-04-18 07:45:00,1279.7,20190800,1279.7,20190800,1273.6,20190600
2019-04-18 08:00:00,1280.6,20190800,1280.6,20190800,1274.5,20190600
2019-04-18 08:15:00,1281.9,20190800,1281.9,20190800,1276.0,20190600
2019-04-18 08:30:00,1282.1,20190800,1282.1,20190800,1276.3,20190600
2019-04-18 08:45:00,1283.7,20190800,1283.7,20190800,1277.1,20190600
2019-04-18 09:00:00,1283.3,20190800,1283.3,20190800,1276.8,20190600
2019-04-18 09:15:00,1282.7,20190800,1282.7,20190800,1276.8,20190600
2019-04-18 09:30:00,1283.7,20190800,1283.7,20190800,1277.9,20190600
2019-04-18 09:45:00,1283.8,20190800,1283.8,20190800,1277.9,20190600
2019-04-18 10:00:00,1285.4,20190800,1285.4,20190800,1279.5,20190600
2019-04-18 10:15:00,1284.8,20190800,1284.8,20190800,1278.5,20190600
2019-04-18 10:30:00,1284.0,20190800,1284.0,20190800,1278.1,20190600
2019-04-18 10:45:00,1284.0,20190800,1284.0,20190800,1277.6,20190600
2019-04-18 11:00:00,1283.7,20190800,1283.7,20190800,1277.6,20190600
2019-04-18 11:15:00,1283.1,20190800,1283.1,20190800,1277.5,20190600
2019-04-18 11:30:00,1283.2,20190800,1283.2,20190800,1276.9,20190600
2019-04-18 11:45:00,1283.4,20190800,1283.4,20190800,1277.5,20190600
2019-04-18 12:00:00,1283.4,20190800,1283.4,20190800,1277.0,20190600
2019-04-18 12:15:00,1283.4,20190800,1283.4,20190800,1277.3,20190600
2019-04-18 12:30:00,1284.6,20190800,1284.6,20190800,1278.5,20190600
2019-04-18 12:45:00,1284.6,20190800,1284.6,20190800,1278.3,20190600
2019-04-18 13:00:00,1284.5,20190800,1284.5,20190800,1278.9,20190600
2019-04-18 13:15:00,1284.0,20190800,1284.0,20190800,1278.0,20190600
2019-04-18 13:30:00,1282.4,20190800,1282.4,20190800,1276.5,20190600
2019-04-18 13:45:00,1282.3,20190800,1282.3,20190800,1275.7,20190600
2019-04-18 14:00:00,1281.4,20190800,1281.4,20190800,1275.5,20190600
2019-04-18 14:15:00,1281.0,20190800,1281.0,20190800,1275.5,20190600
2019-04-18 14:30:00,1282.6,20190800,1282.6,20190800,1276.5,20190600
2019-04-18 14:45:00,1283.8,20190800,1283.8,20190800,1277.7,20190600
2019-04-18 15:00:00,1283.6,20190800,1283.6,20190800,1277.6,20190600
2019-04-18 15:15:00,1283.5,20190800,1283.5,20190800,1277.6,20190600
2019-04-18 15:30:00,1283.6,20190800,1283.6,20190800,1277.6,20190600
2019-04-18 15:45:00,1283.7,20190800,1283.7,20190800,1277.8,20190600
2019-04-18 16:00:00,1283.6,20190800,1283.6,20190800,1277.3,20190600
2019-04-18 16:15:00,1283.2,20190800,1283.2,20190800,1277.1,20190600
2019-04-18 16:30:00,1282.1,20190800,1282.1,20190800,1276.0,20190600
2019-04-18 16:45:00,1281.6,20190800,1281.6,20190800,1275.8,20190600
2019-04-18 17:00:00,1281.2,20190800,1281.2,20190800,1275.1,20190600
2019-04-18 17:15:00,1280.9,20190800,1280.9,20190800,1274.9,20190600
2019-04-18 17:30:00,1281.0,20190800,1281.0,20190800,1275.1,20190600
2019-04-18 17:45:00,1281.4,20190800,1281.4,20190800,1275.5,20190600
2019-04-18 18:00:00,1281.2,20190800,1281.2,20190800,1275.0,20190600
2019-04-18 18:15:00,1282.0,20190800,1282.0,20190800,1276.1,20190600
2019-04-18 18:30:00,1282.1,20190800,1282.1,20190800,1276.5,20190600
2019-04-18 18:45:00,1282.7,20190800,1282.7,20190800,1276.5,20190600
2019-04-18 19:00:00,1282.4,20190800,1282.4,20190800,1276.1,20190600
2019-04-18 19:15:00,1282.2,20190800,1282.2,20190800,1276.0,20190600
2019-04-18 19:30:00,1282.4,20190800,1282.4,20190800,1276.4,20190600
2019-04-18 19:45:00,1282.0,20190800,1282.0,20190800,1276.0,20190600
2019-04-18 20:00:00,1282.1,20190800,1282.1,20190800,1276.2,20190600
2019-04-18 20:15:00,1282.8,20190800,1282.8,20190800,1276.7,20190600
2019-04-18 20:30:00,1282.6,20190800,1282.6,20190800,1276.6,20190600
2019-04-18 20:45:00,1283.2,20190800,1283.2,20190800,1277.2,20190600
2019-04-18 21:00:00,1283.1,20190800,1283.1,20190800,1277.3,20190600
2019-04-18 21:15:00,1283.3,20190800,1283.3,20190800,1277.4,20190600
2019-04-18 21:30:00,1283.8,20190800,1283.8,20190800,1277.6,20190600
2019-04-18 21:45:00,1283.8,20190800,1283.8,20190800,1277.9,20190600
2019-04-18 23:00:00,1283.8,20190800,1283.8,20190800,1274.2,20190600
2019-04-21 23:00:00,1283.7,20190800,1283.7,20190800,1278.0,20190600
2019-04-21 23:15:00,1284.1,20190800,1284.1,20190800,1278.2,20190600
2019-04-21 23:30:00,1284.1,20190800,1284.1,20190800,1278.1,20190600
2019-04-21 23:45:00,1284.1,20190800,1284.1,20190800,1278.4,20190600
2019-04-22 00:00:00,1284.4,20190800,1284.4,20190800,1278.0,20190600
2019-04-22 00:15:00,1284.3,20190800,1284.3,20190800,1278.4,20190600
2019-04-22 00:30:00,1284.3,20190800,1284.3,20190800,1278.7,20190600
2019-04-22 00:45:00,1284.9,20190800,1284.9,20190800,1278.9,20190600
2019-04-22 01:00:00,1285.1,20190800,1285.1,20190800,1279.1,20190600
2019-04-22 01:15:00,1285.5,20190800,1285.5,20190800,1278.9,20190600
2019-04-22 01:30:00,1284.4,20190800,1284.4,20190800,1277.9,20190600
2019-04-22 01:45:00,1283.7,20190800,1283.7,20190800,1278.0,20190600
2019-04-22 02:00:00,1284.1,20190800,1284.1,20190800,1278.3,20190600
2019-04-22 02:15:00,1284.7,20190800,1284.7,20190800,1278.4,20190600
2019-04-22 02:30:00,1285.3,20190800,1285.3,20190800,1279.2,20190600
2019-04-22 02:45:00,1286.2,20190800,1286.2,20190800,1280.3,20190600
2019-04-22 03:00:00,1286.2,20190800,1286.2,20190800,1280.5,20190600
2019-04-22 03:15:00,1286.9,20190800,1286.9,20190800,1280.6,20190600
2019-04-22 03:30:00,1286.7,20190800,1286.7,20190800,1280.8,20190600
2019-04-22 03:45:00,1286.8,20190800,1286.8,20190800,1280.6,20190600
2019-04-22 04:00:00,1286.8,20190800,1286.8,20190800,1281.4,20190600
2019-04-22 04:15:00,1287.6,20190800,1287.6,20190800,1281.5,20190600
2019-04-22 04:30:00,1286.7,20190800,1286.7,20190800,1280.6,20190600
2019-04-22 04:45:00,1286.7,20190800,1286.7,20190800,1280.4,20190600
2019-04-22 05:15:00,1287.3,20190800,1287.3,20190800,1281.3,20190600
2019-04-22 05:30:00,1287.1,20190800,1287.1,20190800,1281.2,20190600
2019-04-22 05:45:00,1287.3,20190800,1287.3,20190800,1281.2,20190600
2019-04-22 06:15:00,1287.3,20190800,1287.3,20190800,1281.3,20190600
2019-04-22 06:30:00,1287.3,20190800,1287.3,20190800,1280.6,20190600
2019-04-22 06:45:00,1286.7,20190800,1286.7,20190800,1280.7,20190600
2019-04-22 07:00:00,1287.1,20190800,1287.1,20190800,1281.0,20190600
2019-04-22 07:15:00,1287.1,20190800,1287.1,20190800,1280.4,20190600
2019-04-22 07:30:00,1285.2,20190800,1285.2,20190800,1279.3,20190600
2019-04-22 07:45:00,1285.5,20190800,1285.5,20190800,1279.4,20190600
2019-04-22 08:00:00,1285.5,20190800,1285.5,20190800,1279.1,20190600
2019-04-22 08:15:00,1285.5,20190800,1285.5,20190800,1279.5,20190600
2019-04-22 08:30:00,1285.8,20190800,1285.8,20190800,1279.8,20190600
2019-04-22 08:45:00,1286.8,20190800,1286.8,20190800,1280.5,20190600
2019-04-22 09:00:00,1286.6,20190800,1286.6,20190800,1280.4,20190600
2019-04-22 09:15:00,1286.3,20190800,1286.3,20190800,1280.3,20190600
2019-04-22 09:30:00,1286.9,20190800,1286.9,20190800,1280.6,20190600
2019-04-22 09:45:00,1286.8,20190800,1286.8,20190800,1280.9,20190600
2019-04-22 10:00:00,1286.8,20190800,1286.8,20190800,1281.2,20190600
2019-04-22 10:15:00,1287.2,20190800,1287.2,20190800,1281.1,20190600
2019-04-22 10:30:00,1287.2,20190800,1287.2,20190800,1280.8,20190600
2019-04-22 10:45:00,1287.1,20190800,1287.1,20190800,1281.2,20190600
2019-04-22 11:00:00,1287.2,20190800,1287.2,20190800,1280.8,20190600
2019-04-22 11:15:00,1287.2,20190800,1287.2,20190800,1281.2,20190600
2019-04-22 11:30:00,1287.4,20190800,1287.4,20190800,1281.5,20190600
2019-04-22 11:45:00,1287.5,20190800,1287.5,20190800,1281.5,20190600
2019-04-22 12:00:00,1286.9,20190800,1286.9,20190800,1281.3,20190600
2019-04-22 12:15:00,1287.1,20190800,1287.1,20190800,1281.0,20190600
2019-04-22 12:30:00,1286.2,20190800,1286.2,20190800,1280.1,20190600
2019-04-22 12:45:00,1286.1,20190800,1286.1,20190800,1280.1,20190600
2019-04-22 13:00:00,1286.9,20190800,1286.9,20190800,1280.9,20190600
2019-04-22 13:15:00,1285.7,20190800,1285.7,20190800,1279.6,20190600
2019-04-22 13:30:00,1285.0,20190800,1285.0,20190800,1279.1,20190600
2019-04-22 13:45:00,1284.8,20190800,1284.8,20190800,1278.8,20190600
2019-04-22 14:00:00,1284.3,20190800,1284.3,20190800,1278.3,20190600
2019-04-22 14:15:00,1284.3,20190800,1284.3,20190800,1277.9,20190600
2019-04-22 14:30:00,1283.6,20190800,1283.6,20190800,1277.3,20190600
2019-04-22 14:45:00,1282.9,20190800,1282.9,20190800,1277.0,20190600
2019-04-22 15:00:00,1284.3,20190800,1284.3,20190800,1277.2,20190600
2019-04-22 15:15:00,1283.5,20190800,1283.5,20190800,1277.4,20190600
2019-04-22 15:30:00,1283.1,20190800,1283.1,20190800,1276.8,20190600
2019-04-22 15:45:00,1283.3,20190800,1283.3,20190800,1277.3,20190600
2019-04-22 16:00:00,1282.9,20190800,1282.9,20190800,1277.0,20190600
2019-04-22 16:15:00,1283.6,20190800,1283.6,20190800,1277.4,20190600
2019-04-22 16:30:00,1282.7,20190800,1282.7,20190800,1276.9,20190600
2019-04-22 16:45:00,1282.0,20190800,1282.0,20190800,1276.3,20190600
2019-04-22 17:00:00,1282.3,20190800,1282.3,20190800,1276.1,20190600
2019-04-22 17:15:00,1282.5,20190800,1282.5,20190800,1276.3,20190600
2019-04-22 17:30:00,1282.8,20190800,1282.8,20190800,1276.7,20190600
2019-04-22 17:45:00,1282.2,20190800,1282.2,20190800,1276.2,20190600
2019-04-22 18:00:00,1282.9,20190800,1282.9,20190800,1276.8,20190600
2019-04-22 18:15:00,1283.7,20190800,1283.7,20190800,1277.5,20190600
2019-04-22 18:30:00,1283.8,20190800,1283.8,20190800,1277.6,20190600
2019-04-22 18:45:00,1283.8,20190800,1283.8,20190800,1277.5,20190600
2019-04-22 19:00:00,1283.2,20190800,1283.2,20190800,1277.0,20190600
2019-04-22 19:15:00,1283.2,20190800,1283.2,20190800,1276.8,20190600
2019-04-22 19:30:00,1283.4,20190800,1283.4,20190800,1277.3,20190600
2019-04-22 19:45:00,1283.4,20190800,1283.4,20190800,1277.2,20190600
2019-04-22 20:00:00,1283.4,20190800,1283.4,20190800,1277.1,20190600
2019-04-22 20:15:00,1282.9,20190800,1282.9,20190800,1276.8,20190600
2019-04-22 20:30:00,1282.9,20190800,1282.9,20190800,1276.8,20190600
2019-04-22 20:45:00,1283.3,20190800,1283.3,20190800,1276.8,20190600
2019-04-22 21:00:00,1283.1,20190800,1283.1,20190800,1277.0,20190600
2019-04-22 21:15:00,1283.1,20190800,1283.1,20190800,1277.0,20190600
2019-04-22 21:30:00,1283.0,20190800,1283.0,20190800,1276.9,20190600
2019-04-22 21:45:00,1282.8,20190800,1282.8,20190800,1276.8,20190600
2019-04-22 23:00:00,1287.4,20190800,1287.4,20190800,1281.0,20190600
2019-04-22 23:15:00,1287.4,20190800,1287.4,20190800,1277.1,20190600
2019-04-22 23:30:00,1287.4,20190800,1287.4,20190800,1277.2,20190600
2019-04-22 23:45:00,1287.4,20190800,1287.4,20190800,1276.9,20190600
2019-04-23 00:00:00,1287.4,20190800,1287.4,20190800,1276.5,20190600
2019-04-23 00:15:00,1287.4,20190800,1287.4,20190800,1276.7,20190600
2019-04-23 00:30:00,1282.3,20190800,1282.3,20190800,1276.4,20190600
2019-04-23 00:45:00,1282.6,20190800,1282.6,20190800,1276.6,20190600
2019-04-23 01:00:00,1282.6,20190800,1282.6,20190800,1275.8,20190600
2019-04-23 01:15:00,1281.8,20190800,1281.8,20190800,1275.6,20190600
2019-04-23 01:30:00,1281.7,20190800,1281.7,20190800,1276.5,20190600
2019-04-23 01:45:00,1281.7,20190800,1281.7,20190800,1277.7,20190600
2019-04-23 02:00:00,1283.1,20190800,1283.1,20190800,1277.7,20190600
2019-04-23 02:15:00,1283.8,20190800,1283.8,20190800,1277.9,20190600
2019-04-23 02:30:00,1284.2,20190800,1284.2,20190800,1278.0,20190600
2019-04-23 02:45:00,1284.0,20190800,1284.0,20190800,1277.4,20190600
2019-04-23 03:00:00,1283.6,20190800,1283.6,20190800,1277.3,20190600
2019-04-23 03:15:00,1283.6,20190800,1283.6,20190800,1276.7,20190600
2019-04-23 03:30:00,1282.6,20190800,1282.6,20190800,1277.0,20190600
2019-04-23 03:45:00,1283.1,20190800,1283.1,20190800,1276.8,20190600
2019-04-23 04:00:00,1283.2,20190800,1283.2,20190800,1277.5,20190600
2019-04-23 04:15:00,1283.2,20190800,1283.2,20190800,1277.5,20190600
2019-04-23 04:30:00,1283.3,20190800,1283.3,20190800,1277.2,20190600
2019-04-23 04:45:00,1283.0,20190800,1283.0,20190800,1277.0,20190600
2019-04-23 05:15:00,1282.8,20190800,1282.8,20190800,1276.7,20190600
2019-04-23 05:30:00,1282.4,20190800,1282.4,20190800,1276.2,20190600
2019-04-23 05:45:00,1282.4,20190800,1282.4,20190800,1276.3,20190600
2019-04-23 06:15:00,1282.4,20190800,1282.4,20190800,1276.0,20190600
2019-04-23 06:30:00,1281.6,20190800,1281.6,20190800,1275.3,20190600
2019-04-23 06:45:00,1280.8,20190800,1280.8,20190800,1274.8,20190600
2019-04-23 07:00:00,1280.1,20190800,1280.1,20190800,1274.2,20190600
2019-04-23 07:15:00,1280.4,20190800,1280.4,20190800,1274.3,20190600
2019-04-23 07:30:00,1280.4,20190800,1280.4,20190800,1274.7,20190600
2019-04-23 07:45:00,1280.4,20190800,1280.4,20190800,1274.3,20190600
2019-04-23 08:00:00,1281.2,20190800,1281.2,20190800,1275.5,20190600
2019-04-23 08:15:00,1281.7,20190800,1281.7,20190800,1275.6,20190600
2019-04-23 08:30:00,1281.9,20190800,1281.9,20190800,1275.1,20190600
2019-04-23 08:45:00,1281.0,20190800,1281.0,20190800,1275.4,20190600
2019-04-23 09:00:00,1281.0,20190800,1281.0,20190800,1275.3,20190600
2019-04-23 09:15:00,1281.0,20190800,1281.0,20190800,1275.5,20190600
2019-04-23 09:30:00,1281.2,20190800,1281.2,20190800,1275.5,20190600
2019-04-23 09:45:00,1281.5,20190800,1281.5,20190800,1275.0,20190600
2019-04-23 10:00:00,1281.4,20190800,1281.4,20190800,1275.5,20190600
2019-04-23 10:15:00,1281.4,20190800,1281.4,20190800,1275.2,20190600
2019-04-23 10:30:00,1281.4,20190800,1281.4,20190800,1275.5,20190600
2019-04-23 10:45:00,1281.0,20190800,1281.0,20190800,1275.1,20190600
2019-04-23 11:00:00,1280.8,20190800,1280.8,20190800,1274.8,20190600
2019-04-23 11:15:00,1281.2,20190800,1281.2,20190800,1274.5,20190600
2019-04-23 11:30:00,1280.7,20190800,1280.7,20190800,1274.7,20190600
2019-04-23 11:45:00,1281.0,20190800,1281.0,20190800,1275.0,20190600
2019-04-23 12:00:00,1280.2,20190800,1280.2,20190800,1274.0,20190600
2019-04-23 12:15:00,1280.5,20190800,1280.5,20190800,1274.8,20190600
2019-04-23 12:30:00,1280.5,20190800,1280.5,20190800,1274.1,20190600
2019-04-23 12:45:00,1279.8,20190800,1279.8,20190800,1273.9,20190600
2019-04-23 13:00:00,1279.6,20190800,1279.6,20190800,1273.8,20190600
2019-04-23 13:15:00,1281.0,20190800,1281.0,20190800,1275.0,20190600
2019-04-23 13:30:00,1275.6,20190800,1275.6,20190800,1269.9,20190600
2019-04-23 13:45:00,1275.0,20190800,1275.0,20190800,1269.4,20190600
2019-04-23 14:00:00,1276.0,20190800,1276.0,20190800,1270.0,20190600
2019-04-23 14:15:00,1275.0,20190800,1275.0,20190800,1269.3,20190600
2019-04-23 14:30:00,1277.0,20190800,1277.0,20190800,1271.5,20190600
2019-04-23 14:45:00,1277.2,20190800,1277.2,20190800,1271.7,20190600
2019-04-23 15:00:00,1275.3,20190800,1275.3,20190800,1269.6,20190600
2019-04-23 15:15:00,1276.2,20190800,1276.2,20190800,1270.3,20190600
2019-04-23 15:30:00,1274.9,20190800,1274.9,20190800,1269.0,20190600
2019-04-23 15:45:00,1276.7,20190800,1276.7,20190800,1270.9,20190600
2019-04-23 16:00:00,1276.4,20190800,1276.4,20190800,1270.5,20190600
2019-04-23 16:15:00,1276.5,20190800,1276.5,20190800,1270.6,20190600
2019-04-23 16:30:00,1277.6,20190800,1277.6,20190800,1271.7,20190600
2019-04-23 16:45:00,1279.0,20190800,1279.0,20190800,1273.4,20190600
2019-04-23 17:00:00,1278.7,20190800,1278.7,20190800,1272.8,20190600
2019-04-23 17:15:00,1280.2,20190800,1280.2,20190800,1274.1,20190600
2019-04-23 17:30:00,1279.9,20190800,1279.9,20190800,1274.0,20190600
2019-04-23 17:45:00,1280.5,20190800,1280.5,20190800,1274.5,20190600
2019-04-23 18:00:00,1280.4,20190800,1280.4,20190800,1274.4,20190600
2019-04-23 18:15:00,1279.2,20190800,1279.2,20190800,1273.3,20190600
2019-04-23 18:30:00,1279.4,20190800,1279.4,20190800,1273.6,20190600
2019-04-23 18:45:00,1279.4,20190800,1279.4,20190800,1273.6,20190600
2019-04-23 19:00:00,1278.8,20190800,1278.8,20190800,1272.9,20190600
2019-04-23 19:15:00,1278.8,20190800,1278.8,20190800,1273.2,20190600
2019-04-23 19:30:00,1279.0,20190800,1279.0,20190800,1272.2,20190600
2019-04-23 19:45:00,1278.4,20190800,1278.4,20190800,1272.6,20190600
2019-04-23 20:00:00,1278.5,20190800,1278.5,20190800,1272.8,20190600
2019-04-23 20:15:00,1278.5,20190800,1278.5,20190800,1273.0,20190600
2019-04-23 20:30:00,1278.5,20190800,1278.5,20190800,1273.2,20190600
2019-04-23 20:45:00,1279.8,20190800,1279.8,20190800,1274.0,20190600
2019-04-23 21:00:00,1280.2,20190800,1280.2,20190800,1274.3,20190600
2019-04-23 21:15:00,1280.0,20190800,1280.0,20190800,1274.0,20190600
2019-04-23 21:30:00,1279.9,20190800,1279.9,20190800,1273.9,20190600
2019-04-23 21:45:00,1280.2,20190800,1280.2,20190800,1274.3,20190600
2019-04-23 23:00:00,1282.4,20190800,1282.4,20190800,1276.4,20190600
2019-04-23 23:15:00,1282.4,20190800,1282.4,20190800,1273.8,20190600
2019-04-23 23:30:00,1282.4,20190800,1282.4,20190800,1273.5,20190600
2019-04-23 23:45:00,1282.4,20190800,1282.4,20190800,1273.4,20190600
2019-04-24 00:00:00,1279.2,20190800,1279.2,20190800,1273.1,20190600
2019-04-24 00:15:00,1279.2,20190800,1279.2,20190800,1273.8,20190600
2019-04-24 00:30:00,1279.2,20190800,1279.2,20190800,1273.7,20190600
2019-04-24 00:45:00,1279.2,20190800,1279.2,20190800,1273.3,20190600
2019-04-24 01:00:00,1279.2,20190800,1279.2,20190800,1273.7,20190600
2019-04-24 01:15:00,1279.0,20190800,1279.0,20190800,1273.3,20190600
2019-04-24 01:30:00,1278.9,20190800,1278.9,20190800,1272.8,20190600
2019-04-24 01:45:00,1278.6,20190800,1278.6,20190800,1272.4,20190600
2019-04-24 02:00:00,1278.5,20190800,1278.5,20190800,1272.1,20190600
2019-04-24 02:15:00,1278.2,20190800,1278.2,20190800,1272.0,20190600
2019-04-24 02:30:00,1278.1,20190800,1278.1,20190800,1272.8,20190600
2019-04-24 02:45:00,1278.9,20190800,1278.9,20190800,1272.4,20190600
2019-04-24 03:00:00,1278.0,20190800,1278.0,20190800,1271.9,20190600
2019-04-24 03:15:00,1278.0,20190800,1278.0,20190800,1272.5,20190600
2019-04-24 03:30:00,1278.0,20190800,1278.0,20190800,1271.8,20190600
2019-04-24 03:45:00,1277.7,20190800,1277.7,20190800,1271.5,20190600
2019-04-24 04:00:00,1276.8,20190800,1276.8,20190800,1271.0,20190600
2019-04-24 04:15:00,1276.6,20190800,1276.6,20190800,1270.9,20190600
2019-04-24 04:30:00,1277.4,20190800,1277.4,20190800,1271.3,20190600
2019-04-24 04:45:00,1277.4,20190800,1277.4,20190800,1271.5,20190600
2019-04-24 05:15:00,1277.4,20190800,1277.4,20190800,1271.3,20190600
2019-04-24 05:30:00,1277.0,20190800,1277.0,20190800,1271.5,20190600
2019-04-24 05:45:00,1277.8,20190800,1277.8,20190800,1271.8,20190600
2019-04-24 06:15:00,1277.8,20190800,1277.8,20190800,1271.8,20190600
2019-04-24 06:30:00,1277.8,20190800,1277.8,20190800,1271.8,20190600
2019-04-24 06:45:00,1277.8,20190800,1277.8,20190800,1271.5,20190600
2019-04-24 07:00:00,1277.3,20190800,1277.3,20190800,1271.4,20190600
2019-04-24 07:15:00,1277.3,20190800,1277.3,20190800,1271.6,20190600
2019-04-24 07:30:00,1278.0,20190800,1278.0,20190800,1272.5,20190600
2019-04-24 07:45:00,1278.0,20190800,1278.0,20190800,1272.1,20190600
2019-04-24 08:00:00,1277.5,20190800,1277.5,20190800,1271.6,20190600
2019-04-24 08:15:00,1277.5,20190800,1277.5,20190800,1272.2,20190600
2019-04-24 08:30:00,1277.5,20190800,1277.5,20190800,1272.2,20190600
2019-04-24 08:45:00,1279.8,20190800,1279.8,20190800,1274.1,20190600
2019-04-24 09:00:00,1280.5,20190800,1280.5,20190800,1274.6,20190600
2019-04-24 09:15:00,1281.0,20190800,1281.0,20190800,1275.0,20190600
2019-04-24 09:30:00,1281.4,20190800,1281.4,20190800,1275.6,20190600
2019-04-24 09:45:00,1281.0,20190800,1281.0,20190800,1275.4,20190600
2019-04-24 10:00:00,1280.9,20190800,1280.9,20190800,1275.7,20190600
2019-04-24 10:15:00,1281.1,20190800,1281.1,20190800,1275.6,20190600
2019-04-24 10:30:00,1281.4,20190800,1281.4,20190800,1275.4,20190600
2019-04-24 10:45:00,1280.9,20190800,1280.9,20190800,1275.0,20190600
2019-04-24 11:00:00,1280.3,20190800,1280.3,20190800,1274.5,20190600
2019-04-24 11:15:00,1279.9,20190800,1279.9,20190800,1273.7,20190600
2019-04-24 11:30:00,1279.6,20190800,1279.6,20190800,1273.6,20190600
2019-04-24 11:45:00,1279.4,20190800,1279.4,20190800,1273.1,20190600
2019-04-24 12:00:00,1279.0,20190800,1279.0,20190800,1273.6,20190600
2019-04-24 12:15:00,1279.7,20190800,1279.7,20190800,1274.1,20190600
2019-04-24 12:30:00,1280.7,20190800,1280.7,20190800,1275.1,20190600
2019-04-24 12:45:00,1281.4,20190800,1281.4,20190800,1275.8,20190600
2019-04-24 13:00:00,1280.6,20190800,1280.6,20190800,1275.0,20190600
2019-04-24 13:15:00,1278.6,20190800,1278.6,20190800,1272.8,20190600
2019-04-24 13:30:00,1279.6,20190800,1279.6,20190800,1274.0,20190600
2019-04-24 13:45:00,1279.9,20190800,1279.9,20190800,1272.8,20190600
2019-04-24 14:00:00,1278.1,20190800,1278.1,20190800,1272.5,20190600
2019-04-24 14:15:00,1279.8,20190800,1279.8,20190800,1273.4,20190600
2019-04-24 14:30:00,1279.5,20190800,1279.5,20190800,1273.9,20190600
2019-04-24 14:45:00,1280.3,20190800,1280.3,20190800,1274.5,20190600
2019-04-24 15:00:00,1280.9,20190800,1280.9,20190800,1274.8,20190600
2019-04-24 15:15:00,1281.9,20190800,1281.9,20190800,1275.9,20190600
2019-04-24 15:30:00,1281.5,20190800,1281.5,20190800,1275.6,20190600
2019-04-24 15:45:00,1281.7,20190800,1281.7,20190800,1276.1,20190600
2019-04-24 16:00:00,1282.7,20190800,1282.7,20190800,1276.9,20190600
2019-04-24 16:15:00,1283.5,20190800,1283.5,20190800,1277.5,20190600
2019-04-24 16:30:00,1286.6,20190800,1286.6,20190800,1280.4,20190600
2019-04-24 16:45:00,1285.2,20190800,1285.2,20190800,1279.4,20190600
2019-04-24 17:00:00,1284.8,20190800,1284.8,20190800,1279.1,20190600
2019-04-24 17:15:00,1284.6,20190800,1284.6,20190800,1278.6,20190600
2019-04-24 17:30:00,1283.9,20190800,1283.9,20190800,1277.9,20190600
2019-04-24 17:45:00,1283.8,20190800,1283.8,20190800,1277.9,20190600
2019-04-24 18:00:00,1284.3,20190800,1284.3,20190800,1278.1,20190600
2019-04-24 18:15:00,1285.4,20190800,1285.4,20190800,1279.4,20190600
2019-04-24 18:30:00,1284.7,20190800,1284.7,20190800,1278.5,20190600
2019-04-24 18:45:00,1284.8,20190800,1284.8,20190800,1279.2,20190600
2019-04-24 19:00:00,1285.0,20190800,1285.0,20190800,1278.9,20190600
2019-04-24 19:15:00,1283.9,20190800,1283.9,20190800,1278.0,20190600
2019-04-24 19:30:00,1283.4,20190800,1283.4,20190800,1277.6,20190600
2019-04-24 19:45:00,1283.5,20190800,1283.5,20190800,1277.3,20190600
2019-04-24 20:00:00,1283.2,20190800,1283.2,20190800,1277.5,20190600
2019-04-24 20:15:00,1283.2,20190800,1283.2,20190800,1277.4,20190600
2019-04-24 20:30:00,1284.0,20190800,1284.0,20190800,1278.2,20190600
2019-04-24 20:45:00,1283.8,20190800,1283.8,20190800,1278.0,20190600
2019-04-24 21:00:00,1283.8,20190800,1283.8,20190800,1277.5,20190600
2019-04-24 21:15:00,1283.8,20190800,1283.8,20190800,1277.5,20190600
2019-04-24 21:30:00,1283.7,20190800,1283.7,20190800,1277.8,20190600
2019-04-24 21:45:00,1283.7,20190800,1283.7,20190800,1277.9,20190600
2019-04-24 23:00:00,1277.8,20190800,1277.8,20190800,1272.1,20190600
2019-04-24 23:15:00,1277.8,20190800,1277.8,20190800,1276.6,20190600
2019-04-24 23:30:00,1282.8,20190800,1282.8,20190800,1276.8,20190600
2019-04-24 23:45:00,1282.8,20190800,1282.8,20190800,1276.9,20190600
2019-04-25 00:00:00,1282.8,20190800,1282.8,20190800,1276.8,20190600
2019-04-25 00:15:00,1282.8,20190800,1282.8,20190800,1276.4,20190600
2019-04-25 00:30:00,1282.0,20190800,1282.0,20190800,1276.0,20190600
2019-04-25 00:45:00,1282.3,20190800,1282.3,20190800,1276.6,20190600
2019-04-25 01:00:00,1281.7,20190800,1281.7,20190800,1275.5,20190600
2019-04-25 01:15:00,1281.7,20190800,1281.7,20190800,1275.3,20190600
2019-04-25 01:30:00,1281.7,20190800,1281.7,20190800,1276.0,20190600
2019-04-25 01:45:00,1281.7,20190800,1281.7,20190800,1276.3,20190600
2019-04-25 02:00:00,1281.7,20190800,1281.7,20190800,1275.9,20190600
2019-04-25 02:15:00,1281.8,20190800,1281.8,20190800,1275.9,20190600
2019-04-25 02:30:00,1282.3,20190800,1282.3,20190800,1276.6,20190600
2019-04-25 02:45:00,1282.2,20190800,1282.2,20190800,1276.5,20190600
2019-04-25 03:00:00,1283.2,20190800,1283.2,20190800,1277.2,20190600
2019-04-25 03:15:00,1283.1,20190800,1283.1,20190800,1277.9,20190600
2019-04-25 03:30:00,1283.9,20190800,1283.9,20190800,1278.1,20190600
2019-04-25 03:45:00,1284.0,20190800,1284.0,20190800,1278.1,20190600
2019-04-25 04:00:00,1284.5,20190800,1284.5,20190800,1277.9,20190600
2019-04-25 04:15:00,1283.7,20190800,1283.7,20190800,1278.0,20190600
2019-04-25 04:30:00,1283.7,20190800,1283.7,20190800,1278.0,20190600
2019-04-25 04:45:00,1284.0,20190800,1284.0,20190800,1278.1,20190600
2019-04-25 05:15:00,1283.7,20190800,1283.7,20190800,1277.7,20190600
2019-04-25 05:30:00,1283.7,20190800,1283.7,20190800,1277.5,20190600
2019-04-25 05:45:00,1283.7,20190800,1283.7,20190800,1277.5,20190600
2019-04-25 06:15:00,1283.7,20190800,1283.7,20190800,1276.8,20190600
2019-04-25 06:30:00,1283.5,20190800,1283.5,20190800,1277.7,20190600
2019-04-25 06:45:00,1284.1,20190800,1284.1,20190800,1278.1,20190600
2019-04-25 07:00:00,1284.1,20190800,1284.1,20190800,1277.7,20190600
2019-04-25 07:15:00,1283.3,20190800,1283.3,20190800,1278.1,20190600
2019-04-25 07:30:00,1283.3,20190800,1283.3,20190800,1278.7,20190600
2019-04-25 07:45:00,1283.3,20190800,1283.3,20190800,1278.3,20190600
2019-04-25 08:00:00,1284.5,20190800,1284.5,20190800,1279.8,20190600
2019-04-25 08:15:00,1285.3,20190800,1285.3,20190800,1279.2,20190600
2019-04-25 08:30:00,1285.6,20190800,1285.6,20190800,1279.5,20190600
2019-04-25 08:45:00,1285.6,20190800,1285.6,20190800,1279.6,20190600
2019-04-25 09:00:00,1285.6,20190800,1285.6,20190800,1279.6,20190600
2019-04-25 09:15:00,1285.6,20190800,1285.6,20190800,1278.8,20190600
2019-04-25 09:30:00,1285.6,20190800,1285.6,20190800,1279.1,20190600
2019-04-25 09:45:00,1285.6,20190800,1285.6,20190800,1278.9,20190600
2019-04-25 10:00:00,1285.6,20190800,1285.6,20190800,1279.8,20190600
2019-04-25 10:15:00,1285.6,20190800,1285.6,20190800,1279.9,20190600
2019-04-25 10:30:00,1285.6,20190800,1285.6,20190800,1278.7,20190600
2019-04-25 10:45:00,1284.8,20190800,1284.8,20190800,1278.8,20190600
2019-04-25 11:00:00,1285.0,20190800,1285.0,20190800,1279.6,20190600
2019-04-25 11:15:00,1285.5,20190800,1285.5,20190800,1279.4,20190600
2019-04-25 11:30:00,1285.6,20190800,1285.6,20190800,1279.3,20190600
2019-04-25 11:45:00,1285.6,20190800,1285.6,20190800,1278.8,20190600
2019-04-25 12:00:00,1284.6,20190800,1284.6,20190800,1279.1,20190600
2019-04-25 12:15:00,1284.8,20190800,1284.8,20190800,1278.2,20190600
2019-04-25 12:30:00,1284.3,20190800,1284.3,20190800,1278.4,20190600
2019-04-25 12:45:00,1283.9,20190800,1283.9,20190800,1278.0,20190600
2019-04-25 13:00:00,1283.7,20190800,1283.7,20190800,1277.4,20190600
2019-04-25 13:15:00,1284.6,20190800,1284.6,20190800,1279.3,20190600
2019-04-25 13:30:00,1284.9,20190800,1284.9,20190800,1278.8,20190600
2019-04-25 13:45:00,1285.0,20190800,1285.0,20190800,1279.2,20190600
2019-04-25 14:00:00,1287.1,20190800,1287.1,20190800,1281.1,20190600
2019-04-25 14:15:00,1286.6,20190800,1286.6,20190800,1280.9,20190600
2019-04-25 14:30:00,1290.2,20190800,1290.2,20190800,1284.6,20190600
2019-04-25 14:45:00,1289.5,20190800,1289.5,20190800,1284.0,20190600
2019-04-25 15:00:00,1289.6,20190800,1289.6,20190800,1283.5,20190600
2019-04-25 15:15:00,1289.6,20190800,1289.6,20190800,1283.3,20190600
2019-04-25 15:30:00,1288.8,20190800,1288.8,20190800,1283.1,20190600
2019-04-25 15:45:00,1287.9,20190800,1287.9,20190800,1281.8,20190600
2019-04-25 16:00:00,1288.0,20190800,1288.0,20190800,1282.1,20190600
2019-04-25 16:15:00,1287.2,20190800,1287.2,20190800,1281.4,20190600
2019-04-25 16:30:00,1286.0,20190800,1286.0,20190800,1280.2,20190600
2019-04-25 16:45:00,1285.9,20190800,1285.9,20190800,1280.1,20190600
2019-04-25 17:00:00,1285.5,20190800,1285.5,20190800,1279.7,20190600
2019-04-25 17:15:00,1285.6,20190800,1285.6,20190800,1279.5,20190600
2019-04-25 17:30:00,1284.8,20190800,1284.8,20190800,1278.9,20190600
2019-04-25 17:45:00,1285.2,20190800,1285.2,20190800,1279.9,20190600
2019-04-25 18:00:00,1285.6,20190800,1285.6,20190800,1279.6,20190600
2019-04-25 18:15:00,1285.5,20190800,1285.5,20190800,1279.5,20190600
2019-04-25 18:30:00,1285.6,20190800,1285.6,20190800,1279.2,20190600
2019-04-25 18:45:00,1285.6,20190800,1285.6,20190800,1279.5,20190600
2019-04-25 19:00:00,1285.3,20190800,1285.3,20190800,1279.3,20190600
2019-04-25 19:15:00,1285.3,20190800,1285.3,20190800,1279.4,20190600
2019-04-25 19:30:00,1285.0,20190800,1285.0,20190800,1278.8,20190600
2019-04-25 19:45:00,1285.0,20190800,1285.0,20190800,1279.2,20190600
2019-04-25 20:00:00,1285.0,20190800,1285.0,20190800,1279.4,20190600
2019-04-25 20:15:00,1285.2,20190800,1285.2,20190800,1278.8,20190600
2019-04-25 20:30:00,1284.7,20190800,1284.7,20190800,1279.5,20190600
2019-04-25 20:45:00,1285.5,20190800,1285.5,20190800,1279.2,20190600
2019-04-25 21:00:00,1285.4,20190800,1285.4,20190800,1279.5,20190600
2019-04-25 21:15:00,1285.3,20190800,1285.3,20190800,1279.2,20190600
2019-04-25 21:30:00,1285.0,20190800,1285.0,20190800,1278.9,20190600
2019-04-25 21:45:00,1285.0,20190800,1285.0,20190800,1279.0,20190600
2019-04-25 23:00:00,1282.9,20190800,1282.9,20190800,1276.8,20190600
2019-04-25 23:15:00,1285.6,20190800,1285.6,20190800,1279.6,20190600
2019-04-25 23:30:00,1285.5,20190800,1285.5,20190800,1279.6,20190600
2019-04-25 23:45:00,1285.5,20190800,1285.5,20190800,1280.0,20190600
2019-04-26 00:00:00,1286.2,20190800,1286.2,20190800,1280.2,20190600
2019-04-26 00:15:00,1286.3,20190800,1286.3,20190800,1280.5,20190600
2019-04-26 00:30:00,1286.3,20190800,1286.3,20190800,1280.7,20190600
2019-04-26 00:45:00,1286.3,20190800,1286.3,20190800,1280.6,20190600
2019-04-26 01:00:00,1286.3,20190800,1286.3,20190800,1280.1,20190600
2019-04-26 01:15:00,1286.0,20190800,1286.0,20190800,1280.1,20190600
2019-04-26 01:30:00,1286.0,20190800,1286.0,20190800,1280.3,20190600
2019-04-26 01:45:00,1285.7,20190800,1285.7,20190800,1280.1,20190600
2019-04-26 02:00:00,1286.5,20190800,1286.5,20190800,1280.8,20190600
2019-04-26 02:15:00,1287.7,20190800,1287.7,20190800,1281.6,20190600
2019-04-26 02:30:00,1287.7,20190800,1287.7,20190800,1281.0,20190600
2019-04-26 02:45:00,1287.7,20190800,1287.7,20190800,1281.8,20190600
2019-04-26 03:00:00,1288.1,20190800,1288.1,20190800,1282.1,20190600
2019-04-26 03:15:00,1288.7,20190800,1288.7,20190800,1282.6,20190600
2019-04-26 03:30:00,1288.8,20190800,1288.8,20190800,1283.0,20190600
2019-04-26 03:45:00,1289.0,20190800,1289.0,20190800,1282.8,20190600
2019-04-26 04:00:00,1288.2,20190800,1288.2,20190800,1282.3,20190600
2019-04-26 04:15:00,1288.2,20190800,1288.2,20190800,1281.9,20190600
2019-04-26 04:30:00,1287.8,20190800,1287.8,20190800,1281.9,20190600
2019-04-26 04:45:00,1287.6,20190800,1287.6,20190800,1281.7,20190600
2019-04-26 05:15:00,1287.6,20190800,1287.6,20190800,1281.6,20190600
2019-04-26 05:30:00,1287.6,20190800,1287.6,20190800,1281.6,20190600
2019-04-26 05:45:00,1287.8,20190800,1287.8,20190800,1282.1,20190600
2019-04-26 06:15:00,1287.8,20190800,1287.8,20190800,1282.4,20190600
2019-04-26 06:30:00,1288.0,20190800,1288.0,20190800,1281.9,20190600
2019-04-26 06:45:00,1288.0,20190800,1288.0,20190800,1282.1,20190600
2019-04-26 07:00:00,1288.0,20190800,1288.0,20190800,1282.5,20190600
2019-04-26 07:15:00,1289.2,20190800,1289.2,20190800,1283.4,20190600
2019-04-26 07:30:00,1289.7,20190800,1289.7,20190800,1283.8,20190600
2019-04-26 07:45:00,1289.6,20190800,1289.6,20190800,1283.8,20190600
2019-04-26 08:00:00,1289.6,20190800,1289.6,20190800,1284.3,20190600
2019-04-26 08:15:00,1289.6,20190800,1289.6,20190800,1283.6,20190600
2019-04-26 08:30:00,1291.0,20190800,1291.0,20190800,1285.0,20190600
2019-04-26 08:45:00,1290.0,20190800,1290.0,20190800,1284.0,20190600
2019-04-26 09:00:00,1289.9,20190800,1289.9,20190800,1283.9,20190600
2019-04-26 09:15:00,1290.0,20190800,1290.0,20190800,1284.2,20190600
2019-04-26 09:30:00,1290.0,20190800,1290.0,20190800,1284.2,20190600
2019-04-26 09:45:00,1290.1,20190800,1290.1,20190800,1284.2,20190600
2019-04-26 10:00:00,1289.5,20190800,1289.5,20190800,1283.4,20190600
2019-04-26 10:15:00,1289.5,20190800,1289.5,20190800,1283.5,20190600
2019-04-26 10:30:00,1289.4,20190800,1289.4,20190800,1283.5,20190600
2019-04-26 10:45:00,1289.1,20190800,1289.1,20190800,1282.6,20190600
2019-04-26 11:00:00,1288.4,20190800,1288.4,20190800,1282.5,20190600
2019-04-26 11:15:00,1288.0,20190800,1288.0,20190800,1282.1,20190600
2019-04-26 11:30:00,1288.3,20190800,1288.3,20190800,1282.8,20190600
2019-04-26 11:45:00,1288.7,20190800,1288.7,20190800,1283.1,20190600
2019-04-26 12:00:00,1288.3,20190800,1288.3,20190800,1282.6,20190600
2019-04-26 12:15:00,1289.1,20190800,1289.1,20190800,1283.1,20190600
2019-04-26 12:30:00,1288.9,20190800,1288.9,20190800,1282.9,20190600
2019-04-26 12:45:00,1289.0,20190800,1289.0,20190800,1283.1,20190600
2019-04-26 13:00:00,1287.8,20190800,1287.8,20190800,1282.1,20190600
2019-04-26 13:15:00,1287.1,20190800,1287.1,20190800,1281.2,20190600
2019-04-26 13:30:00,1290.3,20190800,1290.3,20190800,1284.5,20190600
2019-04-26 13:45:00,1290.5,20190800,1290.5,20190800,1284.5,20190600
2019-04-26 14:00:00,1290.3,20190800,1290.3,20190800,1284.3,20190600
2019-04-26 14:15:00,1292.2,20190800,1292.2,20190800,1286.4,20190600
2019-04-26 14:30:00,1293.8,20190800,1293.8,20190800,1287.9,20190600
2019-04-26 14:45:00,1294.4,20190800,1294.4,20190800,1287.7,20190600
2019-04-26 15:00:00,1294.8,20190800,1294.8,20190800,1288.7,20190600
2019-04-26 15:15:00,1294.4,20190800,1294.4,20190800,1288.3,20190600
2019-04-26 15:30:00,1295.6,20190800,1295.6,20190800,1289.8,20190600
2019-04-26 15:45:00,1294.6,20190800,1294.6,20190800,1288.7,20190600
2019-04-26 16:00:00,1295.7,20190800,1295.7,20190800,1289.6,20190600
2019-04-26 16:15:00,1295.2,20190800,1295.2,20190800,1289.3,20190600
2019-04-26 16:30:00,1295.6,20190800,1295.6,20190800,1289.8,20190600
2019-04-26 16:45:00,1295.7,20190800,1295.7,20190800,1289.7,20190600
2019-04-26 17:00:00,1295.4,20190800,1295.4,20190800,1289.4,20190600
2019-04-26 17:15:00,1296.4,20190800,1296.4,20190800,1290.3,20190600
2019-04-26 17:30:00,1296.3,20190800,1296.3,20190800,1290.4,20190600
2019-04-26 17:45:00,1296.2,20190800,1296.2,20190800,1290.1,20190600
2019-04-26 18:00:00,1296.0,20190800,1296.0,20190800,1290.1,20190600
2019-04-26 18:15:00,1294.6,20190800,1294.6,20190800,1288.6,20190600
2019-04-26 18:30:00,1294.4,20190800,1294.4,20190800,1288.3,20190600
2019-04-26 18:45:00,1294.3,20190800,1294.3,20190800,1288.3,20190600
2019-04-26 19:00:00,1294.5,20190800,1294.5,20190800,1288.6,20190600
2019-04-26 19:15:00,1294.7,20190800,1294.7,20190800,1288.5,20190600
2019-04-26 19:30:00,1295.0,20190800,1295.0,20190800,1288.8,20190600
2019-04-26 19:45:00,1294.7,20190800,1294.7,20190800,1288.7,20190600
2019-04-26 20:00:00,1294.7,20190800,1294.7,20190800,1288.7,20190600
2019-04-26 20:15:00,1294.4,20190800,1294.4,20190800,1288.5,20190600
2019-04-26 20:30:00,1294.2,20190800,1294.2,20190800,1288.2,20190600
2019-04-26 20:45:00,1293.9,20190800,1293.9,20190800,1287.7,20190600
2019-04-26 21:00:00,1293.9,20190800,1293.9,20190800,1288.0,20190600
2019-04-26 21:15:00,1294.3,20190800,1294.3,20190800,1288.3,20190600
2019-04-26 21:30:00,1293.8,20190800,1293.8,20190800,1288.0,20190600
2019-04-26 21:45:00,1293.8,20190800,1293.8,20190800,1288.4,20190600
2019-04-26 23:00:00,1288.0,20190800,1288.0,20190800,1281.7,20190600
2019-04-28 23:00:00,1294.2,20190800,1294.2,20190800,1288.3,20190600
2019-04-28 23:15:00,1294.1,20190800,1294.1,20190800,1288.0,20190600
2019-04-28 23:30:00,1294.1,20190800,1294.1,20190800,1288.3,20190600
2019-04-28 23:45:00,1294.1,20190800,1294.1,20190800,1288.2,20190600
2019-04-29 00:00:00,1294.7,20190800,1294.7,20190800,1288.7,20190600
2019-04-29 00:15:00,1294.7,20190800,1294.7,20190800,1288.1,20190600
2019-04-29 00:30:00,1294.0,20190800,1294.0,20190800,1288.1,20190600
2019-04-29 00:45:00,1294.0,20190800,1294.0,20190800,1288.0,20190600
2019-04-29 01:00:00,1293.7,20190800,1293.7,20190800,1287.9,20190600
2019-04-29 01:15:00,1293.5,20190800,1293.5,20190800,1287.3,20190600
2019-04-29 01:30:00,1293.4,20190800,1293.4,20190800,1287.2,20190600
2019-04-29 01:45:00,1293.1,20190800,1293.1,20190800,1287.2,20190600
2019-04-29 02:00:00,1293.4,20190800,1293.4,20190800,1287.7,20190600
2019-04-29 02:15:00,1293.5,20190800,1293.5,20190800,1287.3,20190600
2019-04-29 02:30:00,1293.5,20190800,1293.5,20190800,1287.5,20190600
2019-04-29 02:45:00,1293.3,20190800,1293.3,20190800,1287.6,20190600
2019-04-29 03:00:00,1293.5,20190800,1293.5,20190800,1287.7,20190600
2019-04-29 03:15:00,1293.6,20190800,1293.6,20190800,1287.8,20190600
2019-04-29 03:30:00,1293.6,20190800,1293.6,20190800,1288.2,20190600
2019-04-29 03:45:00,1294.2,20190800,1294.2,20190800,1288.5,20190600
2019-04-29 04:00:00,1294.2,20190800,1294.2,20190800,1288.1,20190600
2019-04-29 04:15:00,1293.7,20190800,1293.7,20190800,1287.8,20190600
2019-04-29 04:30:00,1293.7,20190800,1293.7,20190800,1287.9,20190600
2019-04-29 04:45:00,1293.7,20190800,1293.7,20190800,1287.9,20190600
2019-04-29 05:15:00,1293.6,20190800,1293.6,20190800,1287.7,20190600
2019-04-29 05:30:00,1293.6,20190800,1293.6,20190800,1287.7,20190600
2019-04-29 05:45:00,1293.3,20190800,1293.3,20190800,1287.4,20190600
2019-04-29 06:15:00,1293.0,20190800,1293.0,20190800,1286.9,20190600
2019-04-29 06:30:00,1293.1,20190800,1293.1,20190800,1287.4,20190600
2019-04-29 06:45:00,1293.2,20190800,1293.2,20190800,1286.7,20190600
2019-04-29 07:00:00,1293.2,20190800,1293.2,20190800,1286.8,20190600
2019-04-29 07:15:00,1292.7,20190800,1292.7,20190800,1286.1,20190600
2019-04-29 07:30:00,1291.8,20190800,1291.8,20190800,1285.7,20190600
2019-04-29 07:45:00,1291.4,20190800,1291.4,20190800,1285.5,20190600
2019-04-29 08:00:00,1290.7,20190800,1290.7,20190800,1285.2,20190600
2019-04-29 08:15:00,1291.0,20190800,1291.0,20190800,1285.5,20190600
2019-04-29 08:30:00,1290.0,20190800,1290.0,20190800,1284.0,20190600
2019-04-29 08:45:00,1289.3,20190800,1289.3,20190800,1283.3,20190600
2019-04-29 09:00:00,1289.5,20190800,1289.5,20190800,1283.1,20190600
2019-04-29 09:15:00,1289.0,20190800,1289.0,20190800,1283.4,20190600
2019-04-29 09:30:00,1289.7,20190800,1289.7,20190800,1283.6,20190600
2019-04-29 09:45:00,1290.3,20190800,1290.3,20190800,1284.4,20190600
2019-04-29 10:00:00,1289.8,20190800,1289.8,20190800,1284.4,20190600
2019-04-29 10:15:00,1290.8,20190800,1290.8,20190800,1284.5,20190600
2019-04-29 10:30:00,1290.2,20190800,1290.2,20190800,1284.3,20190600
2019-04-29 10:45:00,1290.1,20190800,1290.1,20190800,1284.3,20190600
2019-04-29 11:00:00,1290.0,20190800,1290.0,20190800,1284.1,20190600
2019-04-29 11:15:00,1290.8,20190800,1290.8,20190800,1284.8,20190600
2019-04-29 11:30:00,1289.7,20190800,1289.7,20190800,1283.8,20190600
2019-04-29 11:45:00,1289.2,20190800,1289.2,20190800,1283.2,20190600
2019-04-29 12:00:00,1288.1,20190800,1288.1,20190800,1282.3,20190600
2019-04-29 12:15:00,1288.8,20190800,1288.8,20190800,1282.7,20190600
2019-04-29 12:30:00,1288.8,20190800,1288.8,20190800,1282.8,20190600
2019-04-29 12:45:00,1288.9,20190800,1288.9,20190800,1283.2,20190600
2019-04-29 13:00:00,1289.4,20190800,1289.4,20190800,1283.6,20190600
2019-04-29 13:15:00,1291.2,20190800,1291.2,20190800,1285.1,20190600
2019-04-29 13:30:00,1290.6,20190800,1290.6,20190800,1284.4,20190600
2019-04-29 13:45:00,1289.3,20190800,1289.3,20190800,1283.6,20190600
2019-04-29 14:00:00,1288.1,20190800,1288.1,20190800,1282.0,20190600
2019-04-29 14:15:00,1288.5,20190800,1288.5,20190800,1282.2,20190600
2019-04-29 14:30:00,1287.9,20190800,1287.9,20190800,1281.5,20190600
2019-04-29 14:45:00,1286.6,20190800,1286.6,20190800,1280.6,20190600
2019-04-29 15:00:00,1286.5,20190800,1286.5,20190800,1280.6,20190600
2019-04-29 15:15:00,1286.4,20190800,1286.4,20190800,1280.2,20190600
2019-04-29 15:30:00,1286.8,20190800,1286.8,20190800,1280.5,20190600
2019-04-29 15:45:00,1287.7,20190800,1287.7,20190800,1281.6,20190600
2019-04-29 16:00:00,1287.3,20190800,1287.3,20190800,1281.4,20190600
2019-04-29 16:15:00,1287.7,20190800,1287.7,20190800,1281.6,20190600
2019-04-29 16:30:00,1286.8,20190800,1286.8,20190800,1280.7,20190600
2019-04-29 16:45:00,1286.2,20190800,1286.2,20190800,1280.3,20190600
2019-04-29 17:00:00,1286.6,20190800,1286.6,20190800,1280.5,20190600
2019-04-29 17:15:00,1287.0,20190800,1287.0,20190800,1281.0,20190600
2019-04-29 17:30:00,1286.8,20190800,1286.8,20190800,1280.8,20190600
2019-04-29 17:45:00,1286.8,20190800,1286.8,20190800,1280.8,20190600
2019-04-29 18:00:00,1286.9,20190800,1286.9,20190800,1281.3,20190600
2019-04-29 18:15:00,1287.4,20190800,1287.4,20190800,1281.5,20190600
2019-04-29 18:30:00,1287.0,20190800,1287.0,20190800,1281.2,20190600
2019-04-29 18:45:00,1287.0,20190800,1287.0,20190800,1280.9,20190600
2019-04-29 19:00:00,1286.7,20190800,1286.7,20190800,1281.0,20190600
2019-04-29 19:15:00,1287.2,20190800,1287.2,20190800,1280.9,20190600
2019-04-29 19:30:00,1287.3,20190800,1287.3,20190800,1281.4,20190600
2019-04-29 19:45:00,1287.7,20190800,1287.7,20190800,1281.8,20190600
2019-04-29 20:00:00,1287.9,20190800,1287.9,20190800,1282.0,20190600
2019-04-29 20:15:00,1287.9,20190800,1287.9,20190800,1282.0,20190600
2019-04-29 20:30:00,1288.4,20190800,1288.4,20190800,1282.1,20190600
2019-04-29 20:45:00,1288.1,20190800,1288.1,20190800,1281.8,20190600
2019-04-29 21:00:00,1287.6,20190800,1287.6,20190800,1281.6,20190600
2019-04-29 21:15:00,1287.6,20190800,1287.6,20190800,1281.4,20190600
2019-04-29 21:30:00,1287.2,20190800,1287.2,20190800,1281.5,20190600
2019-04-29 21:45:00,1287.7,20190800,1287.7,20190800,1281.7,20190600
2019-04-29 23:00:00,1293.1,20190800,1293.1,20190800,1287.2,20190600
2019-04-29 23:15:00,1288.0,20190800,1288.0,20190800,1282.1,20190600
2019-04-29 23:30:00,1288.1,20190800,1288.1,20190800,1282.0,20190600
2019-04-29 23:45:00,1287.9,20190800,1287.9,20190800,1282.2,20190600
2019-04-30 00:00:00,1288.2,20190800,1288.2,20190800,1282.3,20190600
2019-04-30 00:15:00,1288.2,20190800,1288.2,20190800,1281.9,20190600
2019-04-30 00:30:00,1288.2,20190800,1288.2,20190800,1282.1,20190600
2019-04-30 00:45:00,1288.3,20190800,1288.3,20190800,1282.3,20190600
2019-04-30 01:00:00,1288.6,20190800,1288.6,20190800,1282.6,20190600
2019-04-30 01:15:00,1288.7,20190800,1288.7,20190800,1282.8,20190600
2019-04-30 01:30:00,1289.0,20190800,1289.0,20190800,1283.2,20190600
2019-04-30 01:45:00,1289.0,20190800,1289.0,20190800,1283.7,20190600
2019-04-30 02:00:00,1289.7,20190800,1289.7,20190800,1283.8,20190600
2019-04-30 02:15:00,1289.8,20190800,1289.8,20190800,1283.9,20190600
2019-04-30 02:30:00,1289.8,20190800,1289.8,20190800,1283.9,20190600
2019-04-30 02:45:00,1290.0,20190800,1290.0,20190800,1284.1,20190600
2019-04-30 03:00:00,1289.7,20190800,1289.7,20190800,1283.7,20190600
2019-04-30 03:15:00,1289.7,20190800,1289.7,20190800,1284.0,20190600
2019-04-30 03:30:00,1289.7,20190800,1289.7,20190800,1283.6,20190600
2019-04-30 03:45:00,1289.7,20190800,1289.7,20190800,1283.6,20190600
2019-04-30 04:00:00,1289.7,20190800,1289.7,20190800,1283.8,20190600
2019-04-30 04:15:00,1289.7,20190800,1289.7,20190800,1284.5,20190600
2019-04-30 04:30:00,1290.6,20190800,1290.6,20190800,1284.9,20190600
2019-04-30 04:45:00,1290.6,20190800,1290.6,20190800,1284.7,20190600
2019-04-30 05:15:00,1291.0,20190800,1291.0,20190800,1284.9,20190600
2019-04-30 05:30:00,1291.3,20190800,1291.3,20190800,1285.5,20190600
2019-04-30 05:45:00,1291.3,20190800,1291.3,20190800,1285.4,20190600
2019-04-30 06:15:00,1291.5,20190800,1291.5,20190800,1285.7,20190600
2019-04-30 06:30:00,1291.4,20190800,1291.4,20190800,1285.3,20190600
2019-04-30 06:45:00,1290.8,20190800,1290.8,20190800,1284.8,20190600
2019-04-30 07:00:00,1290.9,20190800,1290.9,20190800,1284.7,20190600
2019-04-30 07:15:00,1290.9,20190800,1290.9,20190800,1284.8,20190600
2019-04-30 07:30:00,1289.7,20190800,1289.7,20190800,1283.9,20190600
2019-04-30 07:45:00,1290.4,20190800,1290.4,20190800,1284.6,20190600
2019-04-30 08:00:00,1290.8,20190800,1290.8,20190800,1284.9,20190600
2019-04-30 08:15:00,1291.3,20190800,1291.3,20190800,1285.3,20190600
2019-04-30 08:30:00,1291.6,20190800,1291.6,20190800,1285.6,20190600
2019-04-30 08:45:00,1291.4,20190800,1291.4,20190800,1285.5,20190600
2019-04-30 09:00:00,1291.2,20190800,1291.2,20190800,1285.2,20190600
2019-04-30 09:15:00,1292.2,20190800,1292.2,20190800,1286.2,20190600
2019-04-30 09:30:00,1291.8,20190800,1291.8,20190800,1286.0,20190600
2019-04-30 09:45:00,1291.4,20190800,1291.4,20190800,1285.6,20190600
2019-04-30 10:00:00,1292.5,20190800,1292.5,20190800,1286.6,20190600
2019-04-30 10:15:00,1292.0,20190800,1292.0,20190800,1286.2,20190600
2019-04-30 10:30:00,1293.1,20190800,1293.1,20190800,1286.9,20190600
2019-04-30 10:45:00,1292.6,20190800,1292.6,20190800,1286.7,20190600
2019-04-30 11:00:00,1292.6,20190800,1292.6,20190800,1286.7,20190600
2019-04-30 11:15:00,1292.7,20190800,1292.7,20190800,1286.9,20190600
2019-04-30 11:30:00,1292.5,20190800,1292.5,20190800,1286.6,20190600
2019-04-30 11:45:00,1292.6,20190800,1292.6,20190800,1286.8,20190600
2019-04-30 12:00:00,1293.5,20190800,1293.5,20190800,1287.6,20190600
2019-04-30 12:15:00,1293.6,20190800,1293.6,20190800,1287.8,20190600
2019-04-30 12:30:00,1294.0,20190800,1294.0,20190800,1288.0,20190600
2019-04-30 12:45:00,1293.9,20190800,1293.9,20190800,1287.8,20190600
2019-04-30 13:00:00,1292.6,20190800,1292.6,20190800,1287.0,20190600
2019-04-30 13:15:00,1291.4,20190800,1291.4,20190800,1285.3,20190600
2019-04-30 13:30:00,1289.8,20190800,1289.8,20190800,1283.5,20190600
2019-04-30 13:45:00,1289.3,20190800,1289.3,20190800,1283.2,20190600
2019-04-30 14:00:00,1288.2,20190800,1288.2,20190800,1282.4,20190600
2019-04-30 14:15:00,1288.7,20190800,1288.7,20190800,1282.5,20190600
2019-04-30 14:30:00,1291.1,20190800,1291.1,20190800,1285.3,20190600
2019-04-30 14:45:00,1290.0,20190800,1290.0,20190800,1284.1,20190600
2019-04-30 15:00:00,1289.6,20190800,1289.6,20190800,1283.9,20190600
2019-04-30 15:15:00,1289.2,20190800,1289.2,20190800,1283.1,20190600
2019-04-30 15:30:00,1289.2,20190800,1289.2,20190800,1283.3,20190600
2019-04-30 15:45:00,1289.5,20190800,1289.5,20190800,1283.7,20190600
2019-04-30 16:00:00,1290.6,20190800,1290.6,20190800,1284.7,20190600
2019-04-30 16:15:00,1291.5,20190800,1291.5,20190800,1285.6,20190600
2019-04-30 16:30:00,1292.0,20190800,1292.0,20190800,1286.1,20190600
2019-04-30 16:45:00,1291.1,20190800,1291.1,20190800,1285.4,20190600
2019-04-30 17:00:00,1291.0,20190800,1291.0,20190800,1285.3,20190600
2019-04-30 17:15:00,1291.4,20190800,1291.4,20190800,1285.3,20190600
2019-04-30 17:30:00,1290.7,20190800,1290.7,20190800,1285.0,20190600
2019-04-30 17:45:00,1291.3,20190800,1291.3,20190800,1285.4,20190600
2019-04-30 18:00:00,1290.6,20190800,1290.6,20190800,1285.0,20190600
2019-04-30 18:15:00,1291.6,20190800,1291.6,20190800,1285.7,20190600
2019-04-30 18:30:00,1291.8,20190800,1291.8,20190800,1286.0,20190600
2019-04-30 18:45:00,1292.0,20190800,1292.0,20190800,1286.0,20190600
2019-04-30 19:00:00,1291.6,20190800,1291.6,20190800,1285.7,20190600
2019-04-30 19:15:00,1291.5,20190800,1291.5,20190800,1285.4,20190600
2019-04-30 19:30:00,1291.5,20190800,1291.5,20190800,1285.8,20190600
2019-04-30 19:45:00,1291.4,20190800,1291.4,20190800,1285.8,20190600
2019-04-30 20:00:00,1291.6,20190800,1291.6,20190800,1285.8,20190600
2019-04-30 20:15:00,1291.8,20190800,1291.8,20190800,1285.9,20190600
2019-04-30 20:30:00,1291.6,20190800,1291.6,20190800,1285.9,20190600
2019-04-30 20:45:00,1291.6,20190800,1291.6,20190800,1285.6,20190600
2019-04-30 21:00:00,1291.1,20190800,1291.1,20190800,1285.5,20190600
2019-04-30 21:15:00,1291.6,20190800,1291.6,20190800,1285.7,20190600
2019-04-30 21:30:00,1291.2,20190800,1291.2,20190800,1285.4,20190600
2019-04-30 21:45:00,1291.2,20190800,1291.2,20190800,1285.4,20190600
2019-04-30 23:00:00,1291.4,20190800,1291.4,20190800,1285.9,20190600
2019-04-30 23:15:00,1291.4,20190800,1291.4,20190800,1284.7,20190600
2019-04-30 23:30:00,1291.4,20190800,1291.4,20190800,1284.6,20190600
2019-04-30 23:45:00,1290.2,20190800,1290.2,20190800,1284.5,20190600
2019-05-01 00:00:00,1290.7,20190800,1290.7,20190800,1284.6,20190600
2019-05-01 00:15:00,1290.6,20190800,1290.6,20190800,1284.8,20190600
2019-05-01 00:30:00,1290.6,20190800,1290.6,20190800,1284.5,20190600
2019-05-01 00:45:00,1290.6,20190800,1290.6,20190800,1284.9,20190600
2019-05-01 01:00:00,1291.1,20190800,1291.1,20190800,1285.3,20190600
2019-05-01 01:15:00,1290.5,20190800,1290.5,20190800,1284.5,20190600
2019-05-01 01:30:00,1290.3,20190800,1290.3,20190800,1284.3,20190600
2019-05-01 01:45:00,1290.3,20190800,1290.3,20190800,1284.2,20190600
2019-05-01 02:00:00,1290.0,20190800,1290.0,20190800,1283.8,20190600
2019-05-01 02:15:00,1290.0,20190800,1290.0,20190800,1283.6,20190600
2019-05-01 02:30:00,1290.0,20190800,1290.0,20190800,1283.6,20190600
2019-05-01 02:45:00,1289.7,20190800,1289.7,20190800,1283.1,20190600
2019-05-01 03:00:00,1289.2,20190800,1289.2,20190800,1283.0,20190600
2019-05-01 03:15:00,1288.8,20190800,1288.8,20190800,1282.3,20190600
2019-05-01 03:30:00,1287.1,20190800,1287.1,20190800,1281.3,20190600
2019-05-01 03:45:00,1287.3,20190800,1287.3,20190800,1281.4,20190600
2019-05-01 04:00:00,1287.7,20190800,1287.7,20190800,1281.9,20190600
2019-05-01 04:15:00,1287.7,20190800,1287.7,20190800,1281.7,20190600
2019-05-01 04:30:00,1288.0,20190800,1288.0,20190800,1281.9,20190600
2019-05-01 04:45:00,1288.0,20190800,1288.0,20190800,1282.1,20190600
2019-05-01 05:15:00,1287.2,20190800,1287.2,20190800,1281.7,20190600
2019-05-01 05:30:00,1287.1,20190800,1287.1,20190800,1281.2,20190600
2019-05-01 05:45:00,1287.1,20190800,1287.1,20190800,1281.6,20190600
2019-05-01 06:15:00,1287.3,20190800,1287.3,20190800,1281.2,20190600
2019-05-01 06:30:00,1287.3,20190800,1287.3,20190800,1281.3,20190600
2019-05-01 06:45:00,1287.0,20190800,1287.0,20190800,1281.2,20190600
2019-05-01 07:00:00,1286.8,20190800,1286.8,20190800,1280.9,20190600
2019-05-01 07:15:00,1286.5,20190800,1286.5,20190800,1280.4,20190600
2019-05-01 07:30:00,1286.5,20190800,1286.5,20190800,1280.6,20190600
2019-05-01 07:45:00,1285.7,20190800,1285.7,20190800,1279.4,20190600
2019-05-01 08:00:00,1287.0,20190800,1287.0,20190800,1281.2,20190600
2019-05-01 08:15:00,1287.8,20190800,1287.8,20190800,1281.8,20190600
2019-05-01 08:30:00,1287.9,20190800,1287.9,20190800,1282.4,20190600
2019-05-01 08:45:00,1288.2,20190800,1288.2,20190800,1282.3,20190600
2019-05-01 09:00:00,1288.8,20190800,1288.8,20190800,1282.5,20190600
2019-05-01 09:15:00,1288.8,20190800,1288.8,20190800,1282.5,20190600
2019-05-01 09:30:00,1288.8,20190800,1288.8,20190800,1282.6,20190600
2019-05-01 09:45:00,1288.6,20190800,1288.6,20190800,1282.6,20190600
2019-05-01 10:00:00,1289.3,20190800,1289.3,20190800,1283.2,20190600
2019-05-01 10:15:00,1289.7,20190800,1289.7,20190800,1283.8,20190600
2019-05-01 10:30:00,1290.0,20190800,1290.0,20190800,1284.0,20190600
2019-05-01 10:45:00,1290.2,20190800,1290.2,20190800,1284.2,20190600
2019-05-01 11:00:00,1290.1,20190800,1290.1,20190800,1284.4,20190600
2019-05-01 11:15:00,1290.2,20190800,1290.2,20190800,1284.1,20190600
2019-05-01 11:30:00,1290.3,20190800,1290.3,20190800,1284.3,20190600
2019-05-01 11:45:00,1290.1,20190800,1290.1,20190800,1284.2,20190600
2019-05-01 12:00:00,1289.8,20190800,1289.8,20190800,1283.7,20190600
2019-05-01 12:15:00,1289.4,20190800,1289.4,20190800,1283.5,20190600
2019-05-01 12:30:00,1289.6,20190800,1289.6,20190800,1283.6,20190600
2019-05-01 12:45:00,1290.2,20190800,1290.2,20190800,1284.3,20190600
2019-05-01 13:00:00,1289.4,20190800,1289.4,20190800,1283.6,20190600
2019-05-01 13:15:00,1289.6,20190800,1289.6,20190800,1283.9,20190600
2019-05-01 13:30:00,1288.6,20190800,1288.6,20190800,1282.3,20190600
2019-05-01 13:45:00,1288.3,20190800,1288.3,20190800,1282.3,20190600
2019-05-01 14:00:00,1289.1,20190800,1289.1,20190800,1283.3,20190600
2019-05-01 14:15:00,1289.3,20190800,1289.3,20190800,1283.5,20190600
2019-05-01 14:30:00,1290.0,20190800,1290.0,20190800,1283.8,20190600
2019-05-01 14:45:00,1288.5,20190800,1288.5,20190800,1282.4,20190600
2019-05-01 15:00:00,1291.3,20190800,1291.3,20190800,1285.9,20190600
2019-05-01 15:15:00,1291.7,20190800,1291.7,20190800,1285.8,20190600
2019-05-01 15:30:00,1290.7,20190800,1290.7,20190800,1284.6,20190600
2019-05-01 15:45:00,1289.5,20190800,1289.5,20190800,1283.6,20190600
2019-05-01 16:00:00,1289.6,20190800,1289.6,20190800,1283.5,20190600
2019-05-01 16:15:00,1289.6,20190800,1289.6,20190800,1283.7,20190600
2019-05-01 16:30:00,1290.1,20190800,1290.1,20190800,1284.1,20190600
2019-05-01 16:45:00,1289.7,20190800,1289.7,20190800,1283.7,20190600
2019-05-01 17:00:00,1288.3,20190800,1288.3,20190800,1282.3,20190600
2019-05-01 17:15:00,1288.1,20190800,1288.1,20190800,1282.1,20190600
2019-05-01 17:30:00,1288.6,20190800,1288.6,20190800,1282.8,20190600
2019-05-01 17:45:00,1288.0,20190800,1288.0,20190800,1282.7,20190600
2019-05-01 18:00:00,1289.2,20190800,1289.2,20190800,1283.1,20190600
2019-05-01 18:15:00,1290.4,20190800,1290.4,20190800,1284.4,20190600
2019-05-01 18:30:00,1290.6,20190800,1290.6,20190800,1284.6,20190600
2019-05-01 18:45:00,1289.5,20190800,1289.5,20190800,1285.0,20190600
2019-05-01 19:00:00,1293.0,20190800,1293.0,20190800,1287.6,20190600
2019-05-01 19:15:00,1294.1,20190800,1294.1,20190800,1288.1,20190600
2019-05-01 19:30:00,1282.4,20190800,1282.4,20190800,1276.7,20190600
2019-05-01 19:45:00,1284.7,20190800,1284.7,20190800,1278.0,20190600
2019-05-01 20:00:00,1284.3,20190800,1284.3,20190800,1278.4,20190600
2019-05-01 20:15:00,1283.0,20190800,1283.0,20190800,1277.5,20190600
2019-05-01 20:30:00,1283.8,20190800,1283.8,20190800,1277.9,20190600
2019-05-01 20:45:00,1283.5,20190800,1283.5,20190800,1277.1,20190600
2019-05-01 21:00:00,1283.7,20190800,1283.7,20190800,1277.8,20190600
2019-05-01 21:15:00,1283.6,20190800,1283.6,20190800,1277.7,20190600
2019-05-01 21:30:00,1283.7,20190800,1283.7,20190800,1277.6,20190600
2019-05-01 21:45:00,1284.1,20190800,1284.1,20190800,1278.3,20190600
2019-05-01 23:00:00,1287.6,20190800,1287.6,20190800,1281.6,20190600
2019-05-01 23:15:00,1287.6,20190800,1287.6,20190800,1278.9,20190600
2019-05-01 23:30:00,1287.6,20190800,1287.6,20190800,1279.0,20190600
2019-05-01 23:45:00,1285.0,20190800,1285.0,20190800,1278.9,20190600
2019-05-02 00:00:00,1284.7,20190800,1284.7,20190800,1278.3,20190600
2019-05-02 00:15:00,1284.3,20190800,1284.3,20190800,1278.4,20190600
2019-05-02 00:30:00,1284.3,20190800,1284.3,20190800,1278.2,20190600
2019-05-02 00:45:00,1284.2,20190800,1284.2,20190800,1278.3,20190600
2019-05-02 01:00:00,1283.5,20190800,1283.5,20190800,1277.7,20190600
2019-05-02 01:15:00,1283.3,20190800,1283.3,20190800,1277.9,20190600
2019-05-02 01:30:00,1284.6,20190800,1284.6,20190800,1278.3,20190600
2019-05-02 01:45:00,1284.1,20190800,1284.1,20190800,1278.3,20190600
2019-05-02 02:00:00,1282.4,20190800,1282.4,20190800,1276.5,20190600
2019-05-02 02:15:00,1282.5,20190800,1282.5,20190800,1276.7,20190600
2019-05-02 02:30:00,1282.1,20190800,1282.1,20190800,1276.0,20190600
2019-05-02 02:45:00,1281.8,20190800,1281.8,20190800,1275.8,20190600
2019-05-02 03:00:00,1281.0,20190800,1281.0,20190800,1275.1,20190600
2019-05-02 03:15:00,1281.8,20190800,1281.8,20190800,1275.9,20190600
2019-05-02 03:30:00,1281.0,20190800,1281.0,20190800,1275.1,20190600
2019-05-02 03:45:00,1280.7,20190800,1280.7,20190800,1274.8,20190600
2019-05-02 04:00:00,1280.7,20190800,1280.7,20190800,1274.6,20190600
2019-05-02 04:15:00,1280.8,20190800,1280.8,20190800,1275.0,20190600
2019-05-02 04:30:00,1281.3,20190800,1281.3,20190800,1275.3,20190600
2019-05-02 04:45:00,1281.7,20190800,1281.7,20190800,1275.8,20190600
2019-05-02 05:15:00,1281.7,20190800,1281.7,20190800,1275.6,20190600
2019-05-02 05:30:00,1281.7,20190800,1281.7,20190800,1275.3,20190600
2019-05-02 05:45:00,1281.5,20190800,1281.5,20190800,1275.8,20190600
2019-05-02 06:15:00,1281.1,20190800,1281.1,20190800,1275.1,20190600
2019-05-02 06:30:00,1280.6,20190800,1280.6,20190800,1274.7,20190600
2019-05-02 06:45:00,1280.6,20190800,1280.6,20190800,1274.2,20190600
2019-05-02 07:00:00,1278.5,20190800,1278.5,20190800,1272.8,20190600
2019-05-02 07:15:00,1279.2,20190800,1279.2,20190800,1273.1,20190600
2019-05-02 07:30:00,1278.5,20190800,1278.5,20190800,1272.6,20190600
2019-05-02 07:45:00,1278.8,20190800,1278.8,20190800,1272.9,20190600
2019-05-02 08:00:00,1278.5,20190800,1278.5,20190800,1272.7,20190600
2019-05-02 08:15:00,1279.1,20190800,1279.1,20190800,1272.9,20190600
2019-05-02 08:30:00,1278.8,20190800,1278.8,20190800,1273.0,20190600
2019-05-02 08:45:00,1278.5,20190800,1278.5,20190800,1272.6,20190600
2019-05-02 09:00:00,1277.9,20190800,1277.9,20190800,1272.4,20190600
2019-05-02 09:15:00,1277.5,20190800,1277.5,20190800,1271.7,20190600
2019-05-02 09:30:00,1277.6,20190800,1277.6,20190800,1271.7,20190600
2019-05-02 09:45:00,1277.8,20190800,1277.8,20190800,1271.8,20190600
2019-05-02 10:00:00,1277.7,20190800,1277.7,20190800,1271.5,20190600
2019-05-02 10:15:00,1277.9,20190800,1277.9,20190800,1272.0,20190600
2019-05-02 10:30:00,1278.5,20190800,1278.5,20190800,1272.6,20190600
2019-05-02 10:45:00,1278.6,20190800,1278.6,20190800,1273.0,20190600
2019-05-02 11:00:00,1278.2,20190800,1278.2,20190800,1272.3,20190600
2019-05-02 11:15:00,1278.1,20190800,1278.1,20190800,1272.2,20190600
2019-05-02 11:30:00,1278.5,20190800,1278.5,20190800,1272.4,20190600
2019-05-02 11:45:00,1278.3,20190800,1278.3,20190800,1272.2,20190600
2019-05-02 12:00:00,1279.0,20190800,1279.0,20190800,1272.8,20190600
2019-05-02 12:15:00,1279.0,20190800,1279.0,20190800,1273.0,20190600
2019-05-02 12:30:00,1279.4,20190800,1279.4,20190800,1273.5,20190600
2019-05-02 12:45:00,1279.0,20190800,1279.0,20190800,1273.0,20190600
2019-05-02 13:00:00,1279.2,20190800,1279.2,20190800,1273.4,20190600
2019-05-02 13:15:00,1277.0,20190800,1277.0,20190800,1270.9,20190600
2019-05-02 13:30:00,1276.7,20190800,1276.7,20190800,1270.9,20190600
2019-05-02 13:45:00,1276.3,20190800,1276.3,20190800,1270.3,20190600
2019-05-02 14:00:00,1275.1,20190800,1275.1,20190800,1269.1,20190600
2019-05-02 14:15:00,1274.1,20190800,1274.1,20190800,1268.8,20190600
2019-05-02 14:30:00,1274.1,20190800,1274.1,20190800,1268.3,20190600
2019-05-02 14:45:00,1276.4,20190800,1276.4,20190800,1270.7,20190600
2019-05-02 15:00:00,1275.2,20190800,1275.2,20190800,1269.5,20190600
2019-05-02 15:15:00,1275.0,20190800,1275.0,20190800,1269.4,20190600
2019-05-02 15:30:00,1275.1,20190800,1275.1,20190800,1269.6,20190600
2019-05-02 15:45:00,1276.9,20190800,1276.9,20190800,1270.6,20190600
2019-05-02 16:00:00,1275.1,20190800,1275.1,20190800,1269.7,20190600
2019-05-02 16:15:00,1276.8,20190800,1276.8,20190800,1271.2,20190600
2019-05-02 16:30:00,1277.5,20190800,1277.5,20190800,1271.5,20190600
2019-05-02 16:45:00,1278.5,20190800,1278.5,20190800,1272.7,20190600
2019-05-02 17:00:00,1278.7,20190800,1278.7,20190800,1272.8,20190600
2019-05-02 17:15:00,1278.7,20190800,1278.7,20190800,1272.7,20190600
2019-05-02 17:30:00,1277.8,20190800,1277.8,20190800,1272.0,20190600
2019-05-02 17:45:00,1277.6,20190800,1277.6,20190800,1271.4,20190600
2019-05-02 18:00:00,1277.9,20190800,1277.9,20190800,1271.8,20190600
2019-05-02 18:15:00,1277.9,20190800,1277.9,20190800,1272.1,20190600
2019-05-02 18:30:00,1277.6,20190800,1277.6,20190800,1271.5,20190600
2019-05-02 18:45:00,1277.8,20190800,1277.8,20190800,1272.2,20190600
2019-05-02 19:00:00,1278.4,20190800,1278.4,20190800,1272.5,20190600
2019-05-02 19:15:00,1278.9,20190800,1278.9,20190800,1273.1,20190600
2019-05-02 19:30:00,1278.3,20190800,1278.3,20190800,1272.6,20190600
2019-05-02 19:45:00,1278.5,20190800,1278.5,20190800,1272.4,20190600
2019-05-02 20:00:00,1278.8,20190800,1278.8,20190800,1272.9,20190600
2019-05-02 20:15:00,1278.6,20190800,1278.6,20190800,1272.6,20190600
2019-05-02 20:30:00,1278.7,20190800,1278.7,20190800,1272.5,20190600
2019-05-02 20:45:00,1278.0,20190800,1278.0,20190800,1271.8,20190600
2019-05-02 21:00:00,1278.0,20190800,1278.0,20190800,1272.1,20190600
2019-05-02 21:15:00,1278.0,20190800,1278.0,20190800,1272.1,20190600
2019-05-02 21:30:00,1277.8,20190800,1277.8,20190800,1272.1,20190600
2019-05-02 21:45:00,1277.8,20190800,1277.8,20190800,1271.7,20190600
2019-05-02 23:00:00,1281.2,20190800,1281.2,20190800,1275.2,20190600
2019-05-02 23:15:00,1277.9,20190800,1277.9,20190800,1271.8,20190600
2019-05-02 23:30:00,1277.6,20190800,1277.6,20190800,1271.7,20190600
2019-05-02 23:45:00,1277.4,20190800,1277.4,20190800,1271.8,20190600
2019-05-03 00:00:00,1277.4,20190800,1277.4,20190800,1272.0,20190600
2019-05-03 00:15:00,1277.4,20190800,1277.4,20190800,1271.7,20190600
2019-05-03 00:30:00,1277.4,20190800,1277.4,20190800,1271.5,20190600
2019-05-03 00:45:00,1277.4,20190800,1277.4,20190800,1271.9,20190600
2019-05-03 01:00:00,1277.7,20190800,1277.7,20190800,1272.4,20190600
2019-05-03 01:15:00,1278.6,20190800,1278.6,20190800,1272.5,20190600
2019-05-03 01:30:00,1278.6,20190800,1278.6,20190800,1272.5,20190600
2019-05-03 01:45:00,1278.5,20190800,1278.5,20190800,1272.9,20190600
2019-05-03 02:00:00,1278.5,20190800,1278.5,20190800,1272.4,20190600
2019-05-03 02:15:00,1278.1,20190800,1278.1,20190800,1272.3,20190600
2019-05-03 02:30:00,1277.7,20190800,1277.7,20190800,1271.5,20190600
2019-05-03 02:45:00,1277.7,20190800,1277.7,20190800,1272.4,20190600
2019-05-03 03:00:00,1278.4,20190800,1278.4,20190800,1272.5,20190600
2019-05-03 03:15:00,1278.3,20190800,1278.3,20190800,1272.6,20190600
2019-05-03 03:30:00,1278.1,20190800,1278.1,20190800,1272.5,20190600
2019-05-03 03:45:00,1278.0,20190800,1278.0,20190800,1272.1,20190600
2019-05-03 04:00:00,1278.0,20190800,1278.0,20190800,1272.2,20190600
2019-05-03 04:15:00,1278.2,20190800,1278.2,20190800,1272.4,20190600
2019-05-03 04:30:00,1279.0,20190800,1279.0,20190800,1273.1,20190600
2019-05-03 04:45:00,1279.0,20190800,1279.0,20190800,1273.4,20190600
2019-05-03 05:15:00,1279.2,20190800,1279.2,20190800,1273.3,20190600
2019-05-03 05:30:00,1279.1,20190800,1279.1,20190800,1273.1,20190600
2019-05-03 05:45:00,1278.6,20190800,1278.6,20190800,1272.9,20190600
2019-05-03 06:15:00,1279.5,20190800,1279.5,20190800,1273.5,20190600
2019-05-03 06:30:00,1279.4,20190800,1279.4,20190800,1273.4,20190600
2019-05-03 06:45:00,1279.0,20190800,1279.0,20190800,1273.0,20190600
2019-05-03 07:00:00,1279.0,20190800,1279.0,20190800,1273.0,20190600
2019-05-03 07:15:00,1278.8,20190800,1278.8,20190800,1273.1,20190600
2019-05-03 07:30:00,1278.6,20190800,1278.6,20190800,1272.7,20190600
2019-05-03 07:45:00,1278.1,20190800,1278.1,20190800,1272.2,20190600
2019-05-03 08:00:00,1276.6,20190800,1276.6,20190800,1271.0,20190600
2019-05-03 08:15:00,1277.5,20190800,1277.5,20190800,1271.3,20190600
2019-05-03 08:30:00,1277.0,20190800,1277.0,20190800,1271.3,20190600
2019-05-03 08:45:00,1277.0,20190800,1277.0,20190800,1271.5,20190600
2019-05-03 09:00:00,1276.3,20190800,1276.3,20190800,1270.5,20190600
2019-05-03 09:15:00,1276.8,20190800,1276.8,20190800,1270.9,20190600
2019-05-03 09:30:00,1277.0,20190800,1277.0,20190800,1270.9,20190600
2019-05-03 09:45:00,1277.0,20190800,1277.0,20190800,1271.3,20190600
2019-05-03 10:00:00,1277.0,20190800,1277.0,20190800,1270.8,20190600
2019-05-03 10:15:00,1276.5,20190800,1276.5,20190800,1270.7,20190600
2019-05-03 10:30:00,1276.5,20190800,1276.5,20190800,1270.5,20190600
2019-05-03 10:45:00,1277.1,20190800,1277.1,20190800,1271.2,20190600
2019-05-03 11:00:00,1277.0,20190800,1277.0,20190800,1271.7,20190600
2019-05-03 11:15:00,1277.6,20190800,1277.6,20190800,1271.6,20190600
2019-05-03 11:30:00,1277.3,20190800,1277.3,20190800,1271.6,20190600
2019-05-03 11:45:00,1277.4,20190800,1277.4,20190800,1271.2,20190600
2019-05-03 12:00:00,1276.8,20190800,1276.8,20190800,1270.7,20190600
2019-05-03 12:15:00,1277.0,20190800,1277.0,20190800,1271.3,20190600
2019-05-03 12:30:00,1277.4,20190800,1277.4,20190800,1271.6,20190600
2019-05-03 12:45:00,1277.7,20190800,1277.7,20190800,1271.9,20190600
2019-05-03 13:00:00,1278.5,20190800,1278.5,20190800,1272.4,20190600
2019-05-03 13:15:00,1279.0,20190800,1279.0,20190800,1273.2,20190600
2019-05-03 13:30:00,1281.5,20190800,1281.5,20190800,1275.7,20190600
2019-05-03 13:45:00,1283.0,20190800,1283.0,20190800,1277.0,20190600
2019-05-03 14:00:00,1284.5,20190800,1284.5,20190800,1278.4,20190600
2019-05-03 14:15:00,1284.4,20190800,1284.4,20190800,1278.2,20190600
2019-05-03 14:30:00,1285.7,20190800,1285.7,20190800,1279.6,20190600
2019-05-03 14:45:00,1285.1,20190800,1285.1,20190800,1279.5,20190600
2019-05-03 15:00:00,1287.9,20190800,1287.9,20190800,1281.8,20190600
2019-05-03 15:15:00,1288.6,20190800,1288.6,20190800,1282.5,20190600
2019-05-03 15:30:00,1287.7,20190800,1287.7,20190800,1281.8,20190600
2019-05-03 15:45:00,1287.8,20190800,1287.8,20190800,1281.9,20190600
2019-05-03 16:00:00,1288.1,20190800,1288.1,20190800,1282.2,20190600
2019-05-03 16:15:00,1288.7,20190800,1288.7,20190800,1282.8,20190600
2019-05-03 16:30:00,1287.1,20190800,1287.1,20190800,1281.5,20190600
2019-05-03 16:45:00,1286.5,20190800,1286.5,20190800,1280.7,20190600
2019-05-03 17:00:00,1287.1,20190800,1287.1,20190800,1280.9,20190600
2019-05-03 17:15:00,1286.9,20190800,1286.9,20190800,1281.3,20190600
2019-05-03 17:30:00,1287.6,20190800,1287.6,20190800,1281.6,20190600
2019-05-03 17:45:00,1288.0,20190800,1288.0,20190800,1282.3,20190600
2019-05-03 18:00:00,1286.7,20190800,1286.7,20190800,1281.2,20190600
2019-05-03 18:15:00,1287.2,20190800,1287.2,20190800,1281.3,20190600
2019-05-03 18:30:00,1286.5,20190800,1286.5,20190800,1280.7,20190600
2019-05-03 18:45:00,1287.3,20190800,1287.3,20190800,1281.5,20190600
2019-05-03 19:00:00,1287.4,20190800,1287.4,20190800,1280.9,20190600
2019-05-03 19:15:00,1286.8,20190800,1286.8,20190800,1280.7,20190600
2019-05-03 19:30:00,1287.2,20190800,1287.2,20190800,1281.2,20190600
2019-05-03 19:45:00,1286.8,20190800,1286.8,20190800,1280.5,20190600
2019-05-03 20:00:00,1286.3,20190800,1286.3,20190800,1280.8,20190600
2019-05-03 20:15:00,1286.7,20190800,1286.7,20190800,1280.8,20190600
2019-05-03 20:30:00,1286.3,20190800,1286.3,20190800,1280.3,20190600
2019-05-03 20:45:00,1285.3,20190800,1285.3,20190800,1279.5,20190600
2019-05-03 21:00:00,1285.5,20190800,1285.5,20190800,1279.8,20190600
2019-05-03 21:15:00,1286.0,20190800,1286.0,20190800,1280.0,20190600
2019-05-03 21:30:00,1286.0,20190800,1286.0,20190800,1280.1,20190600
2019-05-03 21:45:00,1286.2,20190800,1286.2,20190800,1280.2,20190600
2019-05-03 23:00:00,1279.0,20190800,1279.0,20190800,1273.2,20190600
2019-05-05 23:00:00,1291.5,20190800,1291.5,20190800,1285.5,20190600
2019-05-05 23:15:00,1292.8,20190800,1292.8,20190800,1286.5,20190600
2019-05-05 23:30:00,1292.2,20190800,1292.2,20190800,1286.2,20190600
2019-05-05 23:45:00,1291.5,20190800,1291.5,20190800,1284.7,20190600
2019-05-06 00:00:00,1290.4,20190800,1290.4,20190800,1284.3,20190600
2019-05-06 00:15:00,1290.4,20190800,1290.4,20190800,1284.6,20190600
2019-05-06 00:30:00,1289.9,20190800,1289.9,20190800,1284.3,20190600
2019-05-06 00:45:00,1291.0,20190800,1291.0,20190800,1285.7,20190600
2019-05-06 01:00:00,1290.4,20190800,1290.4,20190800,1284.5,20190600
2019-05-06 01:15:00,1290.6,20190800,1290.6,20190800,1285.0,20190600
2019-05-06 01:30:00,1291.4,20190800,1291.4,20190800,1285.4,20190600
2019-05-06 01:45:00,1292.5,20190800,1292.5,20190800,1285.7,20190600
2019-05-06 02:00:00,1289.7,20190800,1289.7,20190800,1283.9,20190600
2019-05-06 02:15:00,1291.2,20190800,1291.2,20190800,1285.4,20190600
2019-05-06 02:30:00,1290.6,20190800,1290.6,20190800,1284.8,20190600
2019-05-06 02:45:00,1289.9,20190800,1289.9,20190800,1284.0,20190600
2019-05-06 03:00:00,1289.4,20190800,1289.4,20190800,1283.5,20190600
2019-05-06 03:15:00,1289.5,20190800,1289.5,20190800,1283.5,20190600
2019-05-06 03:30:00,1289.7,20190800,1289.7,20190800,1284.1,20190600
2019-05-06 03:45:00,1289.5,20190800,1289.5,20190800,1284.0,20190600
2019-05-06 04:00:00,1289.7,20190800,1289.7,20190800,1284.3,20190600
2019-05-06 04:15:00,1290.6,20190800,1290.6,20190800,1284.5,20190600
2019-05-06 04:30:00,1290.1,20190800,1290.1,20190800,1284.3,20190600
2019-05-06 04:45:00,1290.7,20190800,1290.7,20190800,1285.0,20190600
2019-05-06 05:15:00,1290.5,20190800,1290.5,20190800,1284.5,20190600
2019-05-06 05:30:00,1290.3,20190800,1290.3,20190800,1284.4,20190600
2019-05-06 05:45:00,1290.2,20190800,1290.2,20190800,1283.7,20190600
2019-05-06 06:15:00,1289.5,20190800,1289.5,20190800,1283.7,20190600
2019-05-06 06:30:00,1289.6,20190800,1289.6,20190800,1283.8,20190600
2019-05-06 06:45:00,1289.6,20190800,1289.6,20190800,1284.0,20190600
2019-05-06 07:00:00,1288.8,20190800,1288.8,20190800,1283.1,20190600
2019-05-06 07:15:00,1288.8,20190800,1288.8,20190800,1282.8,20190600
2019-05-06 07:30:00,1289.6,20190800,1289.6,20190800,1283.6,20190600
2019-05-06 07:45:00,1289.3,20190800,1289.3,20190800,1283.6,20190600
2019-05-06 08:00:00,1290.6,20190800,1290.6,20190800,1284.9,20190600
2019-05-06 08:15:00,1288.1,20190800,1288.1,20190800,1282.3,20190600
2019-05-06 08:30:00,1288.5,20190800,1288.5,20190800,1282.6,20190600
2019-05-06 08:45:00,1289.2,20190800,1289.2,20190800,1283.4,20190600
2019-05-06 09:00:00,1289.4,20190800,1289.4,20190800,1283.9,20190600
2019-05-06 09:15:00,1289.8,20190800,1289.8,20190800,1284.1,20190600
2019-05-06 09:30:00,1290.1,20190800,1290.1,20190800,1284.1,20190600
2019-05-06 09:45:00,1290.1,20190800,1290.1,20190800,1283.7,20190600
2019-05-06 10:00:00,1289.3,20190800,1289.3,20190800,1283.5,20190600
2019-05-06 10:15:00,1289.2,20190800,1289.2,20190800,1283.2,20190600
2019-05-06 10:30:00,1288.9,20190800,1288.9,20190800,1283.5,20190600
2019-05-06 10:45:00,1289.1,20190800,1289.1,20190800,1283.1,20190600
2019-05-06 11:00:00,1288.8,20190800,1288.8,20190800,1282.8,20190600
2019-05-06 11:15:00,1288.6,20190800,1288.6,20190800,1282.7,20190600
2019-05-06 11:30:00,1288.7,20190800,1288.7,20190800,1283.1,20190600
2019-05-06 11:45:00,1288.9,20190800,1288.9,20190800,1283.1,20190600
2019-05-06 12:00:00,1289.3,20190800,1289.3,20190800,1283.1,20190600
2019-05-06 12:15:00,1288.8,20190800,1288.8,20190800,1283.0,20190600
2019-05-06 12:30:00,1288.0,20190800,1288.0,20190800,1282.1,20190600
2019-05-06 12:45:00,1288.0,20190800,1288.0,20190800,1282.0,20190600
2019-05-06 13:00:00,1287.5,20190800,1287.5,20190800,1281.8,20190600
2019-05-06 13:15:00,1285.7,20190800,1285.7,20190800,1279.9,20190600
2019-05-06 13:30:00,1285.6,20190800,1285.6,20190800,1279.6,20190600
2019-05-06 13:45:00,1285.2,20190800,1285.2,20190800,1278.9,20190600
2019-05-06 14:00:00,1284.8,20190800,1284.8,20190800,1278.8,20190600
2019-05-06 14:15:00,1284.7,20190800,1284.7,20190800,1278.6,20190600
2019-05-06 14:30:00,1284.8,20190800,1284.8,20190800,1278.6,20190600
2019-05-06 14:45:00,1285.4,20190800,1285.4,20190800,1279.5,20190600
2019-05-06 15:00:00,1285.9,20190800,1285.9,20190800,1280.0,20190600
2019-05-06 15:15:00,1286.1,20190800,1286.1,20190800,1280.3,20190600
2019-05-06 15:30:00,1285.7,20190800,1285.7,20190800,1279.9,20190600
2019-05-06 15:45:00,1286.6,20190800,1286.6,20190800,1280.8,20190600
2019-05-06 16:00:00,1286.0,20190800,1286.0,20190800,1280.1,20190600
2019-05-06 16:15:00,1286.9,20190800,1286.9,20190800,1281.0,20190600
2019-05-06 16:30:00,1286.8,20190800,1286.8,20190800,1281.2,20190600
2019-05-06 16:45:00,1287.6,20190800,1287.6,20190800,1281.8,20190600
2019-05-06 17:00:00,1287.9,20190800,1287.9,20190800,1281.9,20190600
2019-05-06 17:15:00,1288.0,20190800,1288.0,20190800,1282.1,20190600
2019-05-06 17:30:00,1288.4,20190800,1288.4,20190800,1282.5,20190600
2019-05-06 17:45:00,1289.0,20190800,1289.0,20190800,1282.9,20190600
2019-05-06 18:00:00,1289.5,20190800,1289.5,20190800,1283.6,20190600
2019-05-06 18:15:00,1289.6,20190800,1289.6,20190800,1283.8,20190600
2019-05-06 18:30:00,1288.3,20190800,1288.3,20190800,1282.6,20190600
2019-05-06 18:45:00,1288.7,20190800,1288.7,20190800,1282.6,20190600
2019-05-06 19:00:00,1288.8,20190800,1288.8,20190800,1283.1,20190600
2019-05-06 19:15:00,1289.1,20190800,1289.1,20190800,1283.3,20190600
2019-05-06 19:30:00,1289.1,20190800,1289.1,20190800,1283.3,20190600
2019-05-06 19:45:00,1288.6,20190800,1288.6,20190800,1282.5,20190600
2019-05-06 20:00:00,1288.6,20190800,1288.6,20190800,1282.6,20190600
2019-05-06 20:15:00,1288.5,20190800,1288.5,20190800,1282.3,20190600
2019-05-06 20:30:00,1287.8,20190800,1287.8,20190800,1281.8,20190600
2019-05-06 20:45:00,1287.2,20190800,1287.2,20190800,1281.4,20190600
2019-05-06 21:00:00,1287.6,20190800,1287.6,20190800,1281.6,20190600
2019-05-06 21:15:00,1287.6,20190800,1287.6,20190800,1281.6,20190600
2019-05-06 21:30:00,1287.6,20190800,1287.6,20190800,1281.6,20190600
2019-05-06 21:45:00,1288.1,20190800,1288.1,20190800,1282.3,20190600
2019-05-06 23:00:00,1289.4,20190800,1289.4,20190800,1283.7,20190600
2019-05-06 23:15:00,1288.8,20190800,1288.8,20190800,1282.8,20190600
2019-05-06 23:30:00,1288.8,20190800,1288.8,20190800,1282.5,20190600
2019-05-06 23:45:00,1288.8,20190800,1288.8,20190800,1282.6,20190600
2019-05-07 00:00:00,1289.0,20190800,1289.0,20190800,1283.1,20190600
2019-05-07 00:15:00,1289.2,20190800,1289.2,20190800,1283.2,20190600
2019-05-07 00:30:00,1289.3,20190800,1289.3,20190800,1283.6,20190600
2019-05-07 00:45:00,1290.0,20190800,1290.0,20190800,1284.1,20190600
2019-05-07 01:00:00,1290.3,20190800,1290.3,20190800,1284.3,20190600
2019-05-07 01:15:00,1290.4,20190800,1290.4,20190800,1284.2,20190600
2019-05-07 01:30:00,1290.4,20190800,1290.4,20190800,1283.6,20190600
2019-05-07 01:45:00,1289.5,20190800,1289.5,20190800,1284.1,20190600
2019-05-07 02:00:00,1288.9,20190800,1288.9,20190800,1283.4,20190600
2019-05-07 02:15:00,1288.8,20190800,1288.8,20190800,1282.9,20190600
2019-05-07 02:30:00,1289.7,20190800,1289.7,20190800,1283.7,20190600
2019-05-07 02:45:00,1289.9,20190800,1289.9,20190800,1283.9,20190600
2019-05-07 03:00:00,1289.9,20190800,1289.9,20190800,1283.5,20190600
2019-05-07 03:15:00,1289.8,20190800,1289.8,20190800,1283.9,20190600
2019-05-07 03:30:00,1289.8,20190800,1289.8,20190800,1284.1,20190600
2019-05-07 03:45:00,1289.9,20190800,1289.9,20190800,1284.0,20190600
2019-05-07 04:00:00,1289.9,20190800,1289.9,20190800,1283.9,20190600
2019-05-07 04:15:00,1289.8,20190800,1289.8,20190800,1284.0,20190600
2019-05-07 04:30:00,1290.0,20190800,1290.0,20190800,1284.0,20190600
2019-05-07 04:45:00,1290.3,20190800,1290.3,20190800,1284.2,20190600
2019-05-07 05:15:00,1290.7,20190800,1290.7,20190800,1284.7,20190600
2019-05-07 05:30:00,1290.0,20190800,1290.0,20190800,1284.2,20190600
2019-05-07 05:45:00,1290.0,20190800,1290.0,20190800,1283.9,20190600
2019-05-07 06:15:00,1289.6,20190800,1289.6,20190800,1283.4,20190600
2019-05-07 06:30:00,1289.0,20190800,1289.0,20190800,1282.8,20190600
2019-05-07 06:45:00,1288.6,20190800,1288.6,20190800,1283.5,20190600
2019-05-07 07:00:00,1290.1,20190800,1290.1,20190800,1284.1,20190600
2019-05-07 07:15:00,1289.8,20190800,1289.8,20190800,1284.1,20190600
2019-05-07 07:30:00,1287.9,20190800,1287.9,20190800,1281.8,20190600
2019-05-07 07:45:00,1289.1,20190800,1289.1,20190800,1283.0,20190600
2019-05-07 08:00:00,1289.0,20190800,1289.0,20190800,1282.8,20190600
2019-05-07 08:15:00,1290.7,20190800,1290.7,20190800,1284.6,20190600
2019-05-07 08:30:00,1290.4,20190800,1290.4,20190800,1283.9,20190600
2019-05-07 08:45:00,1289.1,20190800,1289.1,20190800,1283.2,20190600
2019-05-07 09:00:00,1289.0,20190800,1289.0,20190800,1282.5,20190600
2019-05-07 09:15:00,1288.3,20190800,1288.3,20190800,1282.3,20190600
2019-05-07 09:30:00,1288.4,20190800,1288.4,20190800,1282.5,20190600
2019-05-07 09:45:00,1289.0,20190800,1289.0,20190800,1283.1,20190600
2019-05-07 10:00:00,1289.0,20190800,1289.0,20190800,1282.8,20190600
2019-05-07 10:15:00,1288.5,20190800,1288.5,20190800,1282.5,20190600
2019-05-07 10:30:00,1288.4,20190800,1288.4,20190800,1282.3,20190600
2019-05-07 10:45:00,1288.6,20190800,1288.6,20190800,1282.9,20190600
2019-05-07 11:00:00,1288.6,20190800,1288.6,20190800,1282.7,20190600
2019-05-07 11:15:00,1288.6,20190800,1288.6,20190800,1282.9,20190600
2019-05-07 11:30:00,1288.6,20190800,1288.6,20190800,1282.4,20190600
2019-05-07 11:45:00,1288.4,20190800,1288.4,20190800,1282.3,20190600
2019-05-07 12:00:00,1288.3,20190800,1288.3,20190800,1282.0,20190600
2019-05-07 12:15:00,1287.8,20190800,1287.8,20190800,1281.8,20190600
2019-05-07 12:30:00,1287.3,20190800,1287.3,20190800,1281.2,20190600
2019-05-07 12:45:00,1287.1,20190800,1287.1,20190800,1281.2,20190600
2019-05-07 13:00:00,1286.3,20190800,1286.3,20190800,1280.5,20190600
2019-05-07 13:15:00,1285.7,20190800,1285.7,20190800,1279.8,20190600
2019-05-07 13:30:00,1286.9,20190800,1286.9,20190800,1281.1,20190600
2019-05-07 13:45:00,1286.8,20190800,1286.8,20190800,1280.4,20190600
2019-05-07 14:00:00,1288.0,20190800,1288.0,20190800,1282.1,20190600
2019-05-07 14:15:00,1288.8,20190800,1288.8,20190800,1282.9,20190600
2019-05-07 14:30:00,1288.6,20190800,1288.6,20190800,1282.4,20190600
2019-05-07 14:45:00,1288.1,20190800,1288.1,20190800,1282.2,20190600
2019-05-07 15:00:00,1289.2,20190800,1289.2,20190800,1283.1,20190600
2019-05-07 15:15:00,1289.3,20190800,1289.3,20190800,1283.4,20190600
2019-05-07 15:30:00,1289.8,20190800,1289.8,20190800,1283.8,20190600
2019-05-07 15:45:00,1291.4,20190800,1291.4,20190800,1285.5,20190600
2019-05-07 16:00:00,1290.7,20190800,1290.7,20190800,1285.0,20190600
2019-05-07 16:15:00,1290.7,20190800,1290.7,20190800,1284.6,20190600
2019-05-07 16:30:00,1290.9,20190800,1290.9,20190800,1284.8,20190600
2019-05-07 16:45:00,1291.2,20190800,1291.2,20190800,1285.1,20190600
2019-05-07 17:00:00,1292.0,20190800,1292.0,20190800,1286.1,20190600
2019-05-07 17:15:00,1291.1,20190800,1291.1,20190800,1285.1,20190600
2019-05-07 17:30:00,1291.6,20190800,1291.6,20190800,1285.5,20190600
2019-05-07 17:45:00,1291.4,20190800,1291.4,20190800,1285.3,20190600
2019-05-07 18:00:00,1292.0,20190800,1292.0,20190800,1285.9,20190600
2019-05-07 18:15:00,1291.3,20190800,1291.3,20190800,1285.4,20190600
2019-05-07 18:30:00,1291.7,20190800,1291.7,20190800,1285.7,20190600
2019-05-07 18:45:00,1291.9,20190800,1291.9,20190800,1286.0,20190600
2019-05-07 19:00:00,1290.9,20190800,1290.9,20190800,1285.0,20190600
2019-05-07 19:15:00,1291.4,20190800,1291.4,20190800,1285.3,20190600
2019-05-07 19:30:00,1291.4,20190800,1291.4,20190800,1285.8,20190600
2019-05-07 19:45:00,1292.1,20190800,1292.1,20190800,1286.4,20190600
2019-05-07 20:00:00,1292.2,20190800,1292.2,20190800,1286.0,20190600
2019-05-07 20:15:00,1292.5,20190800,1292.5,20190800,1286.6,20190600
2019-05-07 20:30:00,1291.9,20190800,1291.9,20190800,1286.1,20190600
2019-05-07 20:45:00,1291.4,20190800,1291.4,20190800,1285.6,20190600
2019-05-07 21:00:00,1291.6,20190800,1291.6,20190800,1285.5,20190600
2019-05-07 21:15:00,1291.6,20190800,1291.6,20190800,1285.6,20190600
2019-05-07 21:30:00,1291.7,20190800,1291.7,20190800,1285.6,20190600
2019-05-07 21:45:00,1291.7,20190800,1291.7,20190800,1285.7,20190600
2019-05-07 23:00:00,1289.8,20190800,1289.8,20190800,1283.8,20190600
2019-05-07 23:15:00,1289.8,20190800,1289.8,20190800,1285.5,20190600
2019-05-07 23:30:00,1289.8,20190800,1289.8,20190800,1285.9,20190600
2019-05-07 23:45:00,1291.5,20190800,1291.5,20190800,1285.7,20190600
2019-05-08 00:00:00,1291.5,20190800,1291.5,20190800,1285.4,20190600
2019-05-08 00:15:00,1291.5,20190800,1291.5,20190800,1285.6,20190600
2019-05-08 00:30:00,1291.5,20190800,1291.5,20190800,1285.8,20190600
2019-05-08 00:45:00,1291.9,20190800,1291.9,20190800,1286.1,20190600
2019-05-08 01:00:00,1292.4,20190800,1292.4,20190800,1286.3,20190600
2019-05-08 01:15:00,1292.4,20190800,1292.4,20190800,1286.3,20190600
2019-05-08 01:30:00,1292.4,20190800,1292.4,20190800,1286.3,20190600
2019-05-08 01:45:00,1293.4,20190800,1293.4,20190800,1287.3,20190600
2019-05-08 02:00:00,1292.8,20190800,1292.8,20190800,1287.0,20190600
2019-05-08 02:15:00,1292.3,20190800,1292.3,20190800,1287.3,20190600
2019-05-08 02:30:00,1293.1,20190800,1293.1,20190800,1287.2,20190600
2019-05-08 02:45:00,1293.3,20190800,1293.3,20190800,1287.4,20190600
2019-05-08 03:00:00,1293.8,20190800,1293.8,20190800,1287.8,20190600
2019-05-08 03:15:00,1293.8,20190800,1293.8,20190800,1287.8,20190600
2019-05-08 03:30:00,1293.9,20190800,1293.9,20190800,1287.7,20190600
2019-05-08 03:45:00,1293.0,20190800,1293.0,20190800,1287.0,20190600
2019-05-08 04:00:00,1292.7,20190800,1292.7,20190800,1286.7,20190600
2019-05-08 04:15:00,1293.2,20190800,1293.2,20190800,1287.2,20190600
2019-05-08 04:30:00,1293.3,20190800,1293.3,20190800,1287.5,20190600
2019-05-08 04:45:00,1293.6,20190800,1293.6,20190800,1287.9,20190600
2019-05-08 05:15:00,1294.0,20190800,1294.0,20190800,1288.0,20190600
2019-05-08 05:30:00,1294.0,20190800,1294.0,20190800,1287.7,20190600
2019-05-08 05:45:00,1294.2,20190800,1294.2,20190800,1288.3,20190600
2019-05-08 06:15:00,1294.0,20190800,1294.0,20190800,1288.0,20190600
2019-05-08 06:30:00,1294.1,20190800,1294.1,20190800,1288.2,20190600
2019-05-08 06:45:00,1294.1,20190800,1294.1,20190800,1288.3,20190600
2019-05-08 07:00:00,1295.0,20190800,1295.0,20190800,1288.7,20190600
2019-05-08 07:15:00,1294.7,20190800,1294.7,20190800,1288.7,20190600
2019-05-08 07:30:00,1294.7,20190800,1294.7,20190800,1288.5,20190600
2019-05-08 07:45:00,1294.5,20190800,1294.5,20190800,1288.5,20190600
2019-05-08 08:00:00,1294.2,20190800,1294.2,20190800,1288.3,20190600
2019-05-08 08:15:00,1293.1,20190800,1293.1,20190800,1287.3,20190600
2019-05-08 08:30:00,1292.6,20190800,1292.6,20190800,1286.8,20190600
2019-05-08 08:45:00,1293.3,20190800,1293.3,20190800,1287.5,20190600
2019-05-08 09:00:00,1294.0,20190800,1294.0,20190800,1288.1,20190600
2019-05-08 09:15:00,1294.2,20190800,1294.2,20190800,1288.2,20190600
2019-05-08 09:30:00,1293.8,20190800,1293.8,20190800,1287.8,20190600
2019-05-08 09:45:00,1294.2,20190800,1294.2,20190800,1288.3,20190600
2019-05-08 10:00:00,1294.7,20190800,1294.7,20190800,1288.8,20190600
2019-05-08 10:15:00,1295.2,20190800,1295.2,20190800,1289.0,20190600
2019-05-08 10:30:00,1295.0,20190800,1295.0,20190800,1289.1,20190600
2019-05-08 10:45:00,1296.4,20190800,1296.4,20190800,1290.4,20190600
2019-05-08 11:00:00,1295.9,20190800,1295.9,20190800,1289.9,20190600
2019-05-08 11:15:00,1295.5,20190800,1295.5,20190800,1289.5,20190600
2019-05-08 11:30:00,1295.7,20190800,1295.7,20190800,1289.8,20190600
2019-05-08 11:45:00,1297.0,20190800,1297.0,20190800,1291.1,20190600
2019-05-08 12:00:00,1296.4,20190800,1296.4,20190800,1290.7,20190600
2019-05-08 12:15:00,1296.4,20190800,1296.4,20190800,1290.4,20190600
2019-05-08 12:30:00,1296.3,20190800,1296.3,20190800,1290.5,20190600
2019-05-08 12:45:00,1295.9,20190800,1295.9,20190800,1289.9,20190600
2019-05-08 13:00:00,1296.8,20190800,1296.8,20190800,1290.9,20190600
2019-05-08 13:15:00,1298.2,20190800,1298.2,20190800,1292.4,20190600
2019-05-08 13:30:00,1297.9,20190800,1297.9,20190800,1292.1,20190600
2019-05-08 13:45:00,1297.1,20190800,1297.1,20190800,1291.0,20190600
2019-05-08 14:00:00,1294.8,20190800,1294.8,20190800,1289.0,20190600
2019-05-08 14:15:00,1294.5,20190800,1294.5,20190800,1288.7,20190600
2019-05-08 14:30:00,1293.8,20190800,1293.8,20190800,1287.8,20190600
2019-05-08 14:45:00,1292.7,20190800,1292.7,20190800,1286.9,20190600
2019-05-08 15:00:00,1291.7,20190800,1291.7,20190800,1286.0,20190600
2019-05-08 15:15:00,1291.0,20190800,1291.0,20190800,1285.2,20190600
2019-05-08 15:30:00,1289.4,20190800,1289.4,20190800,1283.5,20190600
2019-05-08 15:45:00,1290.1,20190800,1290.1,20190800,1283.8,20190600
2019-05-08 16:00:00,1289.6,20190800,1289.6,20190800,1283.6,20190600
2019-05-08 16:15:00,1289.1,20190800,1289.1,20190800,1283.0,20190600
2019-05-08 16:30:00,1289.5,20190800,1289.5,20190800,1283.3,20190600
2019-05-08 16:45:00,1288.1,20190800,1288.1,20190800,1282.1,20190600
2019-05-08 17:00:00,1287.3,20190800,1287.3,20190800,1281.4,20190600
2019-05-08 17:15:00,1287.3,20190800,1287.3,20190800,1281.3,20190600
2019-05-08 17:30:00,1286.9,20190800,1286.9,20190800,1281.1,20190600
2019-05-08 17:45:00,1287.1,20190800,1287.1,20190800,1281.1,20190600
2019-05-08 18:00:00,1287.6,20190800,1287.6,20190800,1281.6,20190600
2019-05-08 18:15:00,1287.4,20190800,1287.4,20190800,1281.6,20190600
2019-05-08 18:30:00,1287.9,20190800,1287.9,20190800,1282.0,20190600
2019-05-08 18:45:00,1287.6,20190800,1287.6,20190800,1281.7,20190600
2019-05-08 19:00:00,1287.3,20190800,1287.3,20190800,1281.3,20190600
2019-05-08 19:15:00,1287.2,20190800,1287.2,20190800,1281.5,20190600
2019-05-08 19:30:00,1287.6,20190800,1287.6,20190800,1281.4,20190600
2019-05-08 19:45:00,1287.4,20190800,1287.4,20190800,1281.7,20190600
2019-05-08 20:00:00,1287.4,20190800,1287.4,20190800,1281.6,20190600
2019-05-08 20:15:00,1287.8,20190800,1287.8,20190800,1281.9,20190600
2019-05-08 20:30:00,1288.0,20190800,1288.0,20190800,1282.1,20190600
2019-05-08 20:45:00,1287.8,20190800,1287.8,20190800,1282.0,20190600
2019-05-08 21:00:00,1287.6,20190800,1287.6,20190800,1281.5,20190600
2019-05-08 21:15:00,1287.4,20190800,1287.4,20190800,1281.4,20190600
2019-05-08 21:30:00,1287.3,20190800,1287.3,20190800,1281.6,20190600
2019-05-08 21:45:00,1287.3,20190800,1287.3,20190800,1281.7,20190600
2019-05-08 23:00:00,1294.1,20190800,1294.1,20190800,1288.2,20190600
2019-05-08 23:15:00,1288.3,20190800,1288.3,20190800,1282.6,20190600
2019-05-08 23:30:00,1288.2,20190800,1288.2,20190800,1282.3,20190600
2019-05-08 23:45:00,1288.0,20190800,1288.0,20190800,1282.1,20190600
2019-05-09 00:00:00,1288.0,20190800,1288.0,20190800,1282.1,20190600
2019-05-09 00:15:00,1288.0,20190800,1288.0,20190800,1282.3,20190600
2019-05-09 00:30:00,1288.0,20190800,1288.0,20190800,1282.3,20190600
2019-05-09 00:45:00,1288.0,20190800,1288.0,20190800,1282.3,20190600
2019-05-09 01:00:00,1288.0,20190800,1288.0,20190800,1282.1,20190600
2019-05-09 01:15:00,1289.4,20190800,1289.4,20190800,1283.4,20190600
2019-05-09 01:30:00,1288.6,20190800,1288.6,20190800,1283.3,20190600
2019-05-09 01:45:00,1288.4,20190800,1288.4,20190800,1282.9,20190600
2019-05-09 02:00:00,1288.4,20190800,1288.4,20190800,1282.6,20190600
2019-05-09 02:15:00,1288.2,20190800,1288.2,20190800,1282.1,20190600
2019-05-09 02:30:00,1287.6,20190800,1287.6,20190800,1281.5,20190600
2019-05-09 02:45:00,1287.3,20190800,1287.3,20190800,1281.6,20190600
2019-05-09 03:00:00,1286.5,20190800,1286.5,20190800,1280.7,20190600
2019-05-09 03:15:00,1287.6,20190800,1287.6,20190800,1281.5,20190600
2019-05-09 03:30:00,1287.7,20190800,1287.7,20190800,1281.5,20190600
2019-05-09 03:45:00,1287.9,20190800,1287.9,20190800,1281.8,20190600
2019-05-09 04:00:00,1287.0,20190800,1287.0,20190800,1281.2,20190600
2019-05-09 04:15:00,1287.3,20190800,1287.3,20190800,1281.3,20190600
2019-05-09 04:30:00,1287.6,20190800,1287.6,20190800,1281.7,20190600
2019-05-09 04:45:00,1287.7,20190800,1287.7,20190800,1282.0,20190600
2019-05-09 05:15:00,1287.7,20190800,1287.7,20190800,1282.5,20190600
2019-05-09 05:30:00,1288.5,20190800,1288.5,20190800,1282.7,20190600
2019-05-09 05:45:00,1288.7,20190800,1288.7,20190800,1283.0,20190600
2019-05-09 06:15:00,1289.0,20190800,1289.0,20190800,1282.6,20190600
2019-05-09 06:30:00,1287.9,20190800,1287.9,20190800,1282.0,20190600
2019-05-09 06:45:00,1288.1,20190800,1288.1,20190800,1282.8,20190600
2019-05-09 07:00:00,1289.9,20190800,1289.9,20190800,1283.8,20190600
2019-05-09 07:15:00,1290.0,20190800,1290.0,20190800,1284.1,20190600
2019-05-09 07:30:00,1289.3,20190800,1289.3,20190800,1283.0,20190600
2019-05-09 07:45:00,1289.2,20190800,1289.2,20190800,1283.3,20190600
2019-05-09 08:00:00,1290.2,20190800,1290.2,20190800,1284.1,20190600
2019-05-09 08:15:00,1290.1,20190800,1290.1,20190800,1283.9,20190600
2019-05-09 08:30:00,1290.6,20190800,1290.6,20190800,1284.8,20190600
2019-05-09 08:45:00,1291.7,20190800,1291.7,20190800,1285.5,20190600
2019-05-09 09:00:00,1291.7,20190800,1291.7,20190800,1285.9,20190600
2019-05-09 09:15:00,1291.8,20190800,1291.8,20190800,1285.7,20190600
2019-05-09 09:30:00,1291.5,20190800,1291.5,20190800,1285.4,20190600
2019-05-09 09:45:00,1291.6,20190800,1291.6,20190800,1285.7,20190600
2019-05-09 10:00:00,1291.1,20190800,1291.1,20190800,1285.0,20190600
2019-05-09 10:15:00,1291.2,20190800,1291.2,20190800,1285.0,20190600
2019-05-09 10:30:00,1290.7,20190800,1290.7,20190800,1284.7,20190600
2019-05-09 10:45:00,1291.2,20190800,1291.2,20190800,1285.1,20190600
2019-05-09 11:00:00,1291.5,20190800,1291.5,20190800,1285.6,20190600
2019-05-09 11:15:00,1291.5,20190800,1291.5,20190800,1285.6,20190600
2019-05-09 11:30:00,1290.2,20190800,1290.2,20190800,1284.2,20190600
2019-05-09 11:45:00,1290.0,20190800,1290.0,20190800,1283.7,20190600
2019-05-09 12:00:00,1290.2,20190800,1290.2,20190800,1284.3,20190600
2019-05-09 12:15:00,1290.2,20190800,1290.2,20190800,1284.3,20190600
2019-05-09 12:30:00,1289.5,20190800,1289.5,20190800,1283.7,20190600
2019-05-09 12:45:00,1289.0,20190800,1289.0,20190800,1283.2,20190600
2019-05-09 13:00:00,1288.0,20190800,1288.0,20190800,1281.6,20190600
2019-05-09 13:15:00,1288.6,20190800,1288.6,20190800,1282.7,20190600
2019-05-09 13:30:00,1289.0,20190800,1289.0,20190800,1283.2,20190600
2019-05-09 13:45:00,1289.2,20190800,1289.2,20190800,1283.3,20190600
2019-05-09 14:00:00,1287.8,20190800,1287.8,20190800,1282.0,20190600
2019-05-09 14:15:00,1287.7,20190800,1287.7,20190800,1281.8,20190600
2019-05-09 14:30:00,1289.5,20190800,1289.5,20190800,1283.5,20190600
2019-05-09 14:45:00,1292.9,20190800,1292.9,20190800,1286.9,20190600
2019-05-09 15:00:00,1293.2,20190800,1293.2,20190800,1287.2,20190600
2019-05-09 15:15:00,1294.2,20190800,1294.2,20190800,1288.3,20190600
2019-05-09 15:30:00,1291.5,20190800,1291.5,20190800,1285.6,20190600
2019-05-09 15:45:00,1291.8,20190800,1291.8,20190800,1285.9,20190600
2019-05-09 16:00:00,1290.6,20190800,1290.6,20190800,1284.5,20190600
2019-05-09 16:15:00,1292.6,20190800,1292.6,20190800,1286.7,20190600
2019-05-09 16:30:00,1292.0,20190800,1292.0,20190800,1286.1,20190600
2019-05-09 16:45:00,1292.2,20190800,1292.2,20190800,1286.2,20190600
2019-05-09 17:00:00,1292.4,20190800,1292.4,20190800,1286.4,20190600
2019-05-09 17:15:00,1291.6,20190800,1291.6,20190800,1285.6,20190600
2019-05-09 17:30:00,1290.4,20190800,1290.4,20190800,1284.3,20190600
2019-05-09 17:45:00,1290.4,20190800,1290.4,20190800,1284.5,20190600
2019-05-09 18:00:00,1290.3,20190800,1290.3,20190800,1284.5,20190600
2019-05-09 18:15:00,1291.1,20190800,1291.1,20190800,1285.1,20190600
2019-05-09 18:30:00,1291.4,20190800,1291.4,20190800,1285.5,20190600
2019-05-09 18:45:00,1291.6,20190800,1291.6,20190800,1285.9,20190600
2019-05-09 19:00:00,1291.9,20190800,1291.9,20190800,1286.0,20190600
2019-05-09 19:15:00,1291.3,20190800,1291.3,20190800,1285.3,20190600
2019-05-09 19:30:00,1291.2,20190800,1291.2,20190800,1285.5,20190600
2019-05-09 19:45:00,1291.4,20190800,1291.4,20190800,1285.8,20190600
2019-05-09 20:00:00,1291.7,20190800,1291.7,20190800,1285.8,20190600
2019-05-09 20:15:00,1291.0,20190800,1291.0,20190800,1285.2,20190600
2019-05-09 20:30:00,1291.0,20190800,1291.0,20190800,1285.1,20190600
2019-05-09 20:45:00,1290.5,20190800,1290.5,20190800,1284.8,20190600
2019-05-09 21:00:00,1290.8,20190800,1290.8,20190800,1285.0,20190600
2019-05-09 21:15:00,1290.8,20190800,1290.8,20190800,1284.7,20190600
2019-05-09 21:30:00,1290.7,20190800,1290.7,20190800,1284.3,20190600
2019-05-09 21:45:00,1290.2,20190800,1290.2,20190800,1284.8,20190600
2019-05-09 23:00:00,1288.9,20190800,1288.9,20190800,1282.9,20190600
2019-05-09 23:15:00,1291.1,20190800,1291.1,20190800,1285.2,20190600
2019-05-09 23:30:00,1291.2,20190800,1291.2,20190800,1285.3,20190600
2019-05-09 23:45:00,1291.2,20190800,1291.2,20190800,1285.3,20190600
2019-05-10 00:00:00,1290.9,20190800,1290.9,20190800,1284.9,20190600
2019-05-10 00:15:00,1290.9,20190800,1290.9,20190800,1284.9,20190600
2019-05-10 00:30:00,1290.3,20190800,1290.3,20190800,1284.4,20190600
2019-05-10 00:45:00,1290.6,20190800,1290.6,20190800,1284.6,20190600
2019-05-10 01:00:00,1290.8,20190800,1290.8,20190800,1285.0,20190600
2019-05-10 01:15:00,1291.0,20190800,1291.0,20190800,1285.1,20190600
2019-05-10 01:30:00,1290.3,20190800,1290.3,20190800,1284.4,20190600
2019-05-10 01:45:00,1290.6,20190800,1290.6,20190800,1285.3,20190600
2019-05-10 02:00:00,1291.7,20190800,1291.7,20190800,1285.8,20190600
2019-05-10 02:15:00,1291.4,20190800,1291.4,20190800,1285.6,20190600
2019-05-10 02:30:00,1291.4,20190800,1291.4,20190800,1285.8,20190600
2019-05-10 02:45:00,1291.8,20190800,1291.8,20190800,1285.8,20190600
2019-05-10 03:00:00,1291.8,20190800,1291.8,20190800,1285.0,20190600
2019-05-10 03:15:00,1290.9,20190800,1290.9,20190800,1285.1,20190600
2019-05-10 03:30:00,1290.4,20190800,1290.4,20190800,1284.6,20190600
2019-05-10 03:45:00,1290.8,20190800,1290.8,20190800,1284.9,20190600
2019-05-10 04:00:00,1290.4,20190800,1290.4,20190800,1284.5,20190600
2019-05-10 04:15:00,1290.9,20190800,1290.9,20190800,1285.2,20190600
2019-05-10 04:30:00,1291.1,20190800,1291.1,20190800,1285.2,20190600
2019-05-10 04:45:00,1291.4,20190800,1291.4,20190800,1285.8,20190600
2019-05-10 05:15:00,1292.6,20190800,1292.6,20190800,1286.7,20190600
2019-05-10 05:30:00,1293.0,20190800,1293.0,20190800,1287.2,20190600
2019-05-10 05:45:00,1293.1,20190800,1293.1,20190800,1287.4,20190600
2019-05-10 06:15:00,1293.1,20190800,1293.1,20190800,1286.6,20190600
2019-05-10 06:30:00,1293.4,20190800,1293.4,20190800,1287.1,20190600
2019-05-10 06:45:00,1292.8,20190800,1292.8,20190800,1287.0,20190600
2019-05-10 07:00:00,1292.0,20190800,1292.0,20190800,1286.2,20190600
2019-05-10 07:15:00,1291.0,20190800,1291.0,20190800,1285.2,20190600
2019-05-10 07:30:00,1291.2,20190800,1291.2,20190800,1285.3,20190600
2019-05-10 07:45:00,1290.8,20190800,1290.8,20190800,1284.8,20190600
2019-05-10 08:00:00,1291.2,20190800,1291.2,20190800,1285.7,20190600
2019-05-10 08:15:00,1291.8,20190800,1291.8,20190800,1285.9,20190600
2019-05-10 08:30:00,1292.1,20190800,1292.1,20190800,1286.1,20190600
2019-05-10 08:45:00,1292.5,20190800,1292.5,20190800,1285.5,20190600
2019-05-10 09:00:00,1291.1,20190800,1291.1,20190800,1285.3,20190600
2019-05-10 09:15:00,1291.3,20190800,1291.3,20190800,1285.4,20190600
2019-05-10 09:30:00,1291.4,20190800,1291.4,20190800,1285.5,20190600
2019-05-10 09:45:00,1291.7,20190800,1291.7,20190800,1285.9,20190600
2019-05-10 10:00:00,1292.2,20190800,1292.2,20190800,1286.3,20190600
2019-05-10 10:15:00,1292.0,20190800,1292.0,20190800,1286.1,20190600
2019-05-10 10:30:00,1291.7,20190800,1291.7,20190800,1285.9,20190600
2019-05-10 10:45:00,1291.9,20190800,1291.9,20190800,1286.0,20190600
2019-05-10 11:00:00,1291.7,20190800,1291.7,20190800,1286.0,20190600
2019-05-10 11:15:00,1292.2,20190800,1292.2,20190800,1286.5,20190600
2019-05-10 11:30:00,1292.1,20190800,1292.1,20190800,1286.3,20190600
2019-05-10 11:45:00,1292.5,20190800,1292.5,20190800,1286.6,20190600
2019-05-10 12:00:00,1292.2,20190800,1292.2,20190800,1286.1,20190600
2019-05-10 12:15:00,1292.3,20190800,1292.3,20190800,1286.3,20190600
2019-05-10 12:30:00,1292.4,20190800,1292.4,20190800,1286.6,20190600
2019-05-10 12:45:00,1292.3,20190800,1292.3,20190800,1286.4,20190600
2019-05-10 13:00:00,1291.0,20190800,1291.0,20190800,1285.3,20190600
2019-05-10 13:15:00,1292.5,20190800,1292.5,20190800,1286.7,20190600
2019-05-10 13:30:00,1295.1,20190800,1295.1,20190800,1289.1,20190600
2019-05-10 13:45:00,1295.0,20190800,1295.0,20190800,1289.1,20190600
2019-05-10 14:00:00,1293.2,20190800,1293.2,20190800,1287.6,20190600
2019-05-10 14:15:00,1292.6,20190800,1292.6,20190800,1286.8,20190600
2019-05-10 14:30:00,1293.1,20190800,1293.1,20190800,1287.1,20190600
2019-05-10 14:45:00,1292.9,20190800,1292.9,20190800,1287.1,20190600
2019-05-10 15:00:00,1293.0,20190800,1293.0,20190800,1286.9,20190600
2019-05-10 15:15:00,1292.7,20190800,1292.7,20190800,1286.8,20190600
2019-05-10 15:30:00,1295.2,20190800,1295.2,20190800,1289.4,20190600
2019-05-10 15:45:00,1294.3,20190800,1294.3,20190800,1288.5,20190600
2019-05-10 16:00:00,1294.0,20190800,1294.0,20190800,1288.0,20190600
2019-05-10 16:15:00,1294.0,20190800,1294.0,20190800,1288.3,20190600
2019-05-10 16:30:00,1295.0,20190800,1295.0,20190800,1289.1,20190600
2019-05-10 16:45:00,1295.4,20190800,1295.4,20190800,1289.5,20190600
2019-05-10 17:00:00,1294.4,20190800,1294.4,20190800,1288.7,20190600
2019-05-10 17:15:00,1293.7,20190800,1293.7,20190800,1287.8,20190600
2019-05-10 17:30:00,1294.2,20190800,1294.2,20190800,1288.4,20190600
2019-05-10 17:45:00,1294.1,20190800,1294.1,20190800,1288.8,20190600
2019-05-10 18:00:00,1294.6,20190800,1294.6,20190800,1288.8,20190600
2019-05-10 18:15:00,1293.2,20190800,1293.2,20190800,1287.4,20190600
2019-05-10 18:30:00,1293.8,20190800,1293.8,20190800,1287.8,20190600
2019-05-10 18:45:00,1293.5,20190800,1293.5,20190800,1287.6,20190600
2019-05-10 19:00:00,1293.5,20190800,1293.5,20190800,1287.3,20190600
2019-05-10 19:15:00,1293.5,20190800,1293.5,20190800,1287.4,20190600
2019-05-10 19:30:00,1292.7,20190800,1292.7,20190800,1286.8,20190600
2019-05-10 19:45:00,1292.7,20190800,1292.7,20190800,1286.8,20190600
2019-05-10 20:00:00,1292.8,20190800,1292.8,20190800,1286.9,20190600
2019-05-10 20:15:00,1292.1,20190800,1292.1,20190800,1286.3,20190600
2019-05-10 20:30:00,1292.8,20190800,1292.8,20190800,1287.0,20190600
2019-05-10 20:45:00,1293.0,20190800,1293.0,20190800,1286.8,20190600
2019-05-10 21:00:00,1292.3,20190800,1292.3,20190800,1286.5,20190600
2019-05-10 21:15:00,1292.3,20190800,1292.3,20190800,1286.7,20190600
2019-05-10 21:30:00,1292.6,20190800,1292.6,20190800,1286.7,20190600
2019-05-10 21:45:00,1292.3,20190800,1292.3,20190800,1286.8,20190600
2019-05-10 23:00:00,1292.5,20190800,1292.5,20190800,1286.9,20190600
2019-05-12 23:00:00,1293.7,20190800,1293.7,20190800,1288.1,20190600
2019-05-12 23:15:00,1294.5,20190800,1294.5,20190800,1288.6,20190600
2019-05-12 23:30:00,1294.2,20190800,1294.2,20190800,1288.5,20190600
2019-05-12 23:45:00,1294.2,20190800,1294.2,20190800,1288.3,20190600
2019-05-13 00:00:00,1294.2,20190800,1294.2,20190800,1288.6,20190600
2019-05-13 00:15:00,1294.3,20190800,1294.3,20190800,1288.1,20190600
2019-05-13 00:30:00,1294.4,20190800,1294.4,20190800,1288.7,20190600
2019-05-13 00:45:00,1294.0,20190800,1294.0,20190800,1288.0,20190600
2019-05-13 01:00:00,1294.0,20190800,1294.0,20190800,1288.3,20190600
2019-05-13 01:15:00,1294.4,20190800,1294.4,20190800,1288.8,20190600
2019-05-13 01:30:00,1294.9,20190800,1294.9,20190800,1288.6,20190600
2019-05-13 01:45:00,1294.8,20190800,1294.8,20190800,1288.1,20190600
2019-05-13 02:00:00,1293.2,20190800,1293.2,20190800,1287.4,20190600
2019-05-13 02:15:00,1293.1,20190800,1293.1,20190800,1287.4,20190600
2019-05-13 02:30:00,1292.4,20190800,1292.4,20190800,1286.7,20190600
2019-05-13 02:45:00,1291.6,20190800,1291.6,20190800,1285.7,20190600
2019-05-13 03:00:00,1290.7,20190800,1290.7,20190800,1284.9,20190600
2019-05-13 03:15:00,1290.9,20190800,1290.9,20190800,1285.2,20190600
2019-05-13 03:30:00,1290.7,20190800,1290.7,20190800,1285.3,20190600
2019-05-13 03:45:00,1291.0,20190800,1291.0,20190800,1285.1,20190600
2019-05-13 04:00:00,1290.7,20190800,1290.7,20190800,1284.8,20190600
2019-05-13 04:15:00,1290.0,20190800,1290.0,20190800,1284.4,20190600
2019-05-13 04:30:00,1290.0,20190800,1290.0,20190800,1284.6,20190600
2019-05-13 04:45:00,1290.0,20190800,1290.0,20190800,1284.4,20190600
2019-05-13 05:15:00,1289.7,20190800,1289.7,20190800,1284.2,20190600
2019-05-13 05:30:00,1290.5,20190800,1290.5,20190800,1284.6,20190600
2019-05-13 05:45:00,1290.4,20190800,1290.4,20190800,1284.8,20190600
2019-05-13 06:15:00,1290.5,20190800,1290.5,20190800,1285.0,20190600
2019-05-13 06:30:00,1290.9,20190800,1290.9,20190800,1285.4,20190600
2019-05-13 06:45:00,1290.9,20190800,1290.9,20190800,1285.0,20190600
2019-05-13 07:00:00,1290.4,20190800,1290.4,20190800,1284.6,20190600
2019-05-13 07:15:00,1289.9,20190800,1289.9,20190800,1284.0,20190600
2019-05-13 07:30:00,1289.3,20190800,1289.3,20190800,1283.6,20190600
2019-05-13 07:45:00,1288.8,20190800,1288.8,20190800,1283.0,20190600
2019-05-13 08:00:00,1288.8,20190800,1288.8,20190800,1283.4,20190600
2019-05-13 08:15:00,1289.0,20190800,1289.0,20190800,1283.4,20190600
2019-05-13 08:30:00,1290.0,20190800,1290.0,20190800,1284.3,20190600
2019-05-13 08:45:00,1290.0,20190800,1290.0,20190800,1284.3,20190600
2019-05-13 09:00:00,1289.9,20190800,1289.9,20190800,1284.2,20190600
2019-05-13 09:15:00,1289.4,20190800,1289.4,20190800,1283.7,20190600
2019-05-13 09:30:00,1289.6,20190800,1289.6,20190800,1283.9,20190600
2019-05-13 09:45:00,1290.0,20190800,1290.0,20190800,1284.2,20190600
2019-05-13 10:00:00,1289.6,20190800,1289.6,20190800,1283.5,20190600
2019-05-13 10:15:00,1289.3,20190800,1289.3,20190800,1283.5,20190600
2019-05-13 10:30:00,1289.5,20190800,1289.5,20190800,1283.7,20190600
2019-05-13 10:45:00,1289.7,20190800,1289.7,20190800,1284.1,20190600
2019-05-13 11:00:00,1289.6,20190800,1289.6,20190800,1283.9,20190600
2019-05-13 11:15:00,1290.1,20190800,1290.1,20190800,1284.3,20190600
2019-05-13 11:30:00,1289.9,20190800,1289.9,20190800,1284.3,20190600
2019-05-13 11:45:00,1289.6,20190800,1289.6,20190800,1284.1,20190600
2019-05-13 12:00:00,1290.0,20190800,1290.0,20190800,1284.3,20190600
2019-05-13 12:15:00,1289.9,20190800,1289.9,20190800,1283.8,20190600
2019-05-13 12:30:00,1290.1,20190800,1290.1,20190800,1284.3,20190600
2019-05-13 12:45:00,1290.6,20190800,1290.6,20190800,1284.8,20190600
2019-05-13 13:00:00,1292.5,20190800,1292.5,20190800,1286.7,20190600
2019-05-13 13:15:00,1293.4,20190800,1293.4,20190800,1287.6,20190600
2019-05-13 13:30:00,1295.5,20190800,1295.5,20190800,1289.6,20190600
2019-05-13 13:45:00,1298.0,20190800,1298.0,20190800,1292.3,20190600
2019-05-13 14:00:00,1303.0,20190800,1303.0,20190800,1297.1,20190600
2019-05-13 14:15:00,1305.5,20190800,1305.5,20190800,1299.6,20190600
2019-05-13 14:30:00,1305.1,20190800,1305.1,20190800,1299.4,20190600
2019-05-13 14:45:00,1304.3,20190800,1304.3,20190800,1298.4,20190600
2019-05-13 15:00:00,1303.3,20190800,1303.3,20190800,1297.6,20190600
2019-05-13 15:15:00,1303.7,20190800,1303.7,20190800,1297.7,20190600
2019-05-13 15:30:00,1304.0,20190800,1304.0,20190800,1298.2,20190600
2019-05-13 15:45:00,1304.6,20190800,1304.6,20190800,1298.7,20190600
2019-05-13 16:00:00,1303.9,20190800,1303.9,20190800,1298.0,20190600
2019-05-13 16:15:00,1305.6,20190800,1305.6,20190800,1299.7,20190600
2019-05-13 16:30:00,1304.8,20190800,1304.8,20190800,1299.0,20190600
2019-05-13 16:45:00,1304.6,20190800,1304.6,20190800,1298.7,20190600
2019-05-13 17:00:00,1306.4,20190800,1306.4,20190800,1300.5,20190600
2019-05-13 17:15:00,1305.9,20190800,1305.9,20190800,1300.3,20190600
2019-05-13 17:30:00,1306.8,20190800,1306.8,20190800,1301.2,20190600
2019-05-13 17:45:00,1307.1,20190800,1307.1,20190800,1301.2,20190600
2019-05-13 18:00:00,1306.7,20190800,1306.7,20190800,1301.0,20190600
2019-05-13 18:15:00,1307.6,20190800,1307.6,20190800,1301.7,20190600
2019-05-13 18:30:00,1306.4,20190800,1306.4,20190800,1300.6,20190600
2019-05-13 18:45:00,1306.1,20190800,1306.1,20190800,1300.2,20190600
2019-05-13 19:00:00,1306.1,20190800,1306.1,20190800,1300.4,20190600
2019-05-13 19:15:00,1306.2,20190800,1306.2,20190800,1300.4,20190600
2019-05-13 19:30:00,1307.1,20190800,1307.1,20190800,1301.2,20190600
2019-05-13 19:45:00,1306.3,20190800,1306.3,20190800,1300.5,20190600
2019-05-13 20:00:00,1306.3,20190800,1306.3,20190800,1300.4,20190600
2019-05-13 20:15:00,1306.6,20190800,1306.6,20190800,1300.5,20190600
2019-05-13 20:30:00,1306.3,20190800,1306.3,20190800,1300.4,20190600
2019-05-13 20:45:00,1306.1,20190800,1306.1,20190800,1300.4,20190600
2019-05-13 21:00:00,1306.6,20190800,1306.6,20190800,1300.7,20190600
2019-05-13 21:15:00,1306.4,20190800,1306.4,20190800,1300.5,20190600
2019-05-13 21:30:00,1306.4,20190800,1306.4,20190800,1300.5,20190600
2019-05-13 21:45:00,1306.6,20190800,1306.6,20190800,1300.9,20190600
2019-05-13 23:00:00,1290.2,20190800,1290.2,20190800,1284.4,20190600
2019-05-13 23:15:00,1307.2,20190800,1307.2,20190800,1301.4,20190600
2019-05-13 23:30:00,1307.3,20190800,1307.3,20190800,1301.5,20190600
2019-05-13 23:45:00,1307.2,20190800,1307.2,20190800,1301.3,20190600
2019-05-14 00:00:00,1307.2,20190800,1307.2,20190800,1301.1,20190600
2019-05-14 00:15:00,1307.0,20190800,1307.0,20190800,1301.2,20190600
2019-05-14 00:30:00,1307.0,20190800,1307.0,20190800,1301.7,20190600
2019-05-14 00:45:00,1308.4,20190800,1308.4,20190800,1302.6,20190600
2019-05-14 01:00:00,1309.2,20190800,1309.2,20190800,1303.3,20190600
2019-05-14 01:15:00,1309.8,20190800,1309.8,20190800,1303.9,20190600
2019-05-14 01:30:00,1309.1,20190800,1309.1,20190800,1302.9,20190600
2019-05-14 01:45:00,1307.8,20190800,1307.8,20190800,1301.9,20190600
2019-05-14 02:00:00,1308.2,20190800,1308.2,20190800,1302.3,20190600
2019-05-14 02:15:00,1306.5,20190800,1306.5,20190800,1300.5,20190600
2019-05-14 02:30:00,1306.6,20190800,1306.6,20190800,1300.7,20190600
2019-05-14 02:45:00,1305.7,20190800,1305.7,20190800,1299.9,20190600
2019-05-14 03:00:00,1305.2,20190800,1305.2,20190800,1299.2,20190600
2019-05-14 03:15:00,1305.7,20190800,1305.7,20190800,1300.0,20190600
2019-05-14 03:30:00,1305.8,20190800,1305.8,20190800,1300.0,20190600
2019-05-14 03:45:00,1305.2,20190800,1305.2,20190800,1299.2,20190600
2019-05-14 04:00:00,1305.3,20190800,1305.3,20190800,1299.6,20190600
2019-05-14 04:15:00,1305.1,20190800,1305.1,20190800,1299.6,20190600
2019-05-14 04:30:00,1305.6,20190800,1305.6,20190800,1299.6,20190600
2019-05-14 04:45:00,1305.7,20190800,1305.7,20190800,1300.1,20190600
2019-05-14 05:15:00,1306.1,20190800,1306.1,20190800,1300.0,20190600
2019-05-14 05:30:00,1305.7,20190800,1305.7,20190800,1300.0,20190600
2019-05-14 05:45:00,1306.0,20190800,1306.0,20190800,1300.2,20190600
2019-05-14 06:15:00,1305.9,20190800,1305.9,20190800,1300.3,20190600
2019-05-14 06:30:00,1306.1,20190800,1306.1,20190800,1300.4,20190600
2019-05-14 06:45:00,1305.9,20190800,1305.9,20190800,1300.1,20190600
2019-05-14 07:00:00,1304.9,20190800,1304.9,20190800,1299.1,20190600
2019-05-14 07:15:00,1305.2,20190800,1305.2,20190800,1299.3,20190600
2019-05-14 07:30:00,1304.6,20190800,1304.6,20190800,1298.7,20190600
2019-05-14 07:45:00,1304.1,20190800,1304.1,20190800,1298.3,20190600
2019-05-14 08:00:00,1303.9,20190800,1303.9,20190800,1298.1,20190600
2019-05-14 08:15:00,1304.2,20190800,1304.2,20190800,1298.2,20190600
2019-05-14 08:30:00,1305.0,20190800,1305.0,20190800,1299.2,20190600
2019-05-14 08:45:00,1304.9,20190800,1304.9,20190800,1299.3,20190600
2019-05-14 09:00:00,1304.8,20190800,1304.8,20190800,1299.1,20190600
2019-05-14 09:15:00,1304.4,20190800,1304.4,20190800,1298.6,20190600
2019-05-14 09:30:00,1303.6,20190800,1303.6,20190800,1297.9,20190600
2019-05-14 09:45:00,1303.9,20190800,1303.9,20190800,1298.1,20190600
2019-05-14 10:00:00,1303.9,20190800,1303.9,20190800,1298.1,20190600
2019-05-14 10:15:00,1304.2,20190800,1304.2,20190800,1298.3,20190600
2019-05-14 10:30:00,1304.3,20190800,1304.3,20190800,1298.6,20190600
2019-05-14 10:45:00,1304.8,20190800,1304.8,20190800,1298.9,20190600
2019-05-14 11:00:00,1304.3,20190800,1304.3,20190800,1298.5,20190600
2019-05-14 11:15:00,1304.4,20190800,1304.4,20190800,1298.5,20190600
2019-05-14 11:30:00,1303.9,20190800,1303.9,20190800,1298.2,20190600
2019-05-14 11:45:00,1303.9,20190800,1303.9,20190800,1298.6,20190600
2019-05-14 12:00:00,1302.7,20190800,1302.7,20190800,1296.8,20190600
2019-05-14 12:15:00,1303.3,20190800,1303.3,20190800,1297.5,20190600
2019-05-14 12:30:00,1304.0,20190800,1304.0,20190800,1298.2,20190600
2019-05-14 12:45:00,1305.5,20190800,1305.5,20190800,1299.7,20190600
2019-05-14 13:00:00,1305.4,20190800,1305.4,20190800,1299.8,20190600
2019-05-14 13:15:00,1305.6,20190800,1305.6,20190800,1299.8,20190600
2019-05-14 13:30:00,1305.9,20190800,1305.9,20190800,1300.1,20190600
2019-05-14 13:45:00,1306.2,20190800,1306.2,20190800,1300.3,20190600
2019-05-14 14:00:00,1304.3,20190800,1304.3,20190800,1298.6,20190600
2019-05-14 14:15:00,1305.2,20190800,1305.2,20190800,1299.4,20190600
2019-05-14 14:30:00,1305.1,20190800,1305.1,20190800,1299.2,20190600
2019-05-14 14:45:00,1304.8,20190800,1304.8,20190800,1298.9,20190600
2019-05-14 15:00:00,1304.1,20190800,1304.1,20190800,1298.2,20190600
2019-05-14 15:15:00,1303.1,20190800,1303.1,20190800,1297.3,20190600
2019-05-14 15:30:00,1303.0,20190800,1303.0,20190800,1297.2,20190600
2019-05-14 15:45:00,1302.4,20190800,1302.4,20190800,1296.5,20190600
2019-05-14 16:00:00,1303.3,20190800,1303.3,20190800,1297.5,20190600
2019-05-14 16:15:00,1301.9,20190800,1301.9,20190800,1296.1,20190600
2019-05-14 16:30:00,1300.4,20190800,1300.4,20190800,1294.5,20190600
2019-05-14 16:45:00,1300.9,20190800,1300.9,20190800,1295.0,20190600
2019-05-14 17:00:00,1301.1,20190800,1301.1,20190800,1295.2,20190600
2019-05-14 17:15:00,1301.9,20190800,1301.9,20190800,1296.0,20190600
2019-05-14 17:30:00,1302.3,20190800,1302.3,20190800,1296.4,20190600
2019-05-14 17:45:00,1302.3,20190800,1302.3,20190800,1296.5,20190600
2019-05-14 18:00:00,1302.5,20190800,1302.5,20190800,1296.5,20190600
2019-05-14 18:15:00,1302.0,20190800,1302.0,20190800,1296.2,20190600
2019-05-14 18:30:00,1301.5,20190800,1301.5,20190800,1295.8,20190600
2019-05-14 18:45:00,1301.4,20190800,1301.4,20190800,1295.6,20190600
2019-05-14 19:00:00,1302.5,20190800,1302.5,20190800,1296.3,20190600
2019-05-14 19:15:00,1302.4,20190800,1302.4,20190800,1296.6,20190600
2019-05-14 19:30:00,1302.3,20190800,1302.3,20190800,1296.5,20190600
2019-05-14 19:45:00,1302.4,20190800,1302.4,20190800,1296.6,20190600
2019-05-14 20:00:00,1302.4,20190800,1302.4,20190800,1296.6,20190600
2019-05-14 20:15:00,1302.6,20190800,1302.6,20190800,1296.9,20190600
2019-05-14 20:30:00,1303.1,20190800,1303.1,20190800,1297.3,20190600
2019-05-14 20:45:00,1303.5,20190800,1303.5,20190800,1297.8,20190600
2019-05-14 21:00:00,1303.8,20190800,1303.8,20190800,1297.8,20190600
2019-05-14 21:15:00,1303.6,20190800,1303.6,20190800,1297.7,20190600
2019-05-14 21:30:00,1303.3,20190800,1303.3,20190800,1297.6,20190600
2019-05-14 21:45:00,1303.4,20190800,1303.4,20190800,1297.5,20190600
2019-05-14 23:00:00,1305.6,20190800,1305.6,20190800,1299.8,20190600
2019-05-14 23:15:00,1303.6,20190800,1303.6,20190800,1297.7,20190600
2019-05-14 23:30:00,1303.5,20190800,1303.5,20190800,1297.4,20190600
2019-05-14 23:45:00,1303.2,20190800,1303.2,20190800,1297.6,20190600
2019-05-15 00:00:00,1303.6,20190800,1303.6,20190800,1297.6,20190600
2019-05-15 00:15:00,1303.5,20190800,1303.5,20190800,1297.4,20190600
2019-05-15 00:30:00,1303.5,20190800,1303.5,20190800,1297.9,20190600
2019-05-15 00:45:00,1303.9,20190800,1303.9,20190800,1297.7,20190600
2019-05-15 01:00:00,1304.4,20190800,1304.4,20190800,1298.2,20190600
2019-05-15 01:15:00,1304.4,20190800,1304.4,20190800,1298.4,20190600
2019-05-15 01:30:00,1304.6,20190800,1304.6,20190800,1298.6,20190600
2019-05-15 01:45:00,1304.5,20190800,1304.5,20190800,1298.0,20190600
2019-05-15 02:00:00,1303.8,20190800,1303.8,20190800,1298.5,20190600
2019-05-15 02:15:00,1303.6,20190800,1303.6,20190800,1297.7,20190600
2019-05-15 02:30:00,1304.1,20190800,1304.1,20190800,1298.0,20190600
2019-05-15 02:45:00,1303.4,20190800,1303.4,20190800,1297.6,20190600
2019-05-15 03:00:00,1302.6,20190800,1302.6,20190800,1296.6,20190600
2019-05-15 03:15:00,1302.5,20190800,1302.5,20190800,1296.8,20190600
2019-05-15 03:30:00,1302.7,20190800,1302.7,20190800,1296.9,20190600
2019-05-15 03:45:00,1302.2,20190800,1302.2,20190800,1296.8,20190600
2019-05-15 04:00:00,1302.0,20190800,1302.0,20190800,1296.2,20190600
2019-05-15 04:15:00,1302.2,20190800,1302.2,20190800,1296.2,20190600
2019-05-15 04:30:00,1301.7,20190800,1301.7,20190800,1296.3,20190600
2019-05-15 04:45:00,1302.1,20190800,1302.1,20190800,1296.4,20190600
2019-05-15 05:15:00,1301.9,20190800,1301.9,20190800,1296.2,20190600
2019-05-15 05:30:00,1301.6,20190800,1301.6,20190800,1296.0,20190600
2019-05-15 05:45:00,1301.2,20190800,1301.2,20190800,1295.7,20190600
2019-05-15 06:15:00,1301.4,20190800,1301.4,20190800,1295.7,20190600
2019-05-15 06:30:00,1301.4,20190800,1301.4,20190800,1295.8,20190600
2019-05-15 06:45:00,1301.9,20190800,1301.9,20190800,1296.2,20190600
2019-05-15 07:00:00,1301.5,20190800,1301.5,20190800,1295.7,20190600
2019-05-15 07:15:00,1301.0,20190800,1301.0,20190800,1295.3,20190600
2019-05-15 07:30:00,1299.5,20190800,1299.5,20190800,1293.7,20190600
2019-05-15 07:45:00,1299.9,20190800,1299.9,20190800,1294.2,20190600
2019-05-15 08:00:00,1300.5,20190800,1300.5,20190800,1294.9,20190600
2019-05-15 08:15:00,1301.4,20190800,1301.4,20190800,1295.5,20190600
2019-05-15 08:30:00,1302.4,20190800,1302.4,20190800,1296.6,20190600
2019-05-15 08:45:00,1303.1,20190800,1303.1,20190800,1297.3,20190600
2019-05-15 09:00:00,1303.4,20190800,1303.4,20190800,1297.6,20190600
2019-05-15 09:15:00,1303.8,20190800,1303.8,20190800,1298.2,20190600
2019-05-15 09:30:00,1304.1,20190800,1304.1,20190800,1298.4,20190600
2019-05-15 09:45:00,1305.4,20190800,1305.4,20190800,1299.5,20190600
2019-05-15 10:00:00,1305.2,20190800,1305.2,20190800,1299.5,20190600
2019-05-15 10:15:00,1305.0,20190800,1305.0,20190800,1299.4,20190600
2019-05-15 10:30:00,1305.5,20190800,1305.5,20190800,1299.7,20190600
2019-05-15 10:45:00,1304.8,20190800,1304.8,20190800,1299.0,20190600
2019-05-15 11:00:00,1304.5,20190800,1304.5,20190800,1298.9,20190600
2019-05-15 11:15:00,1304.8,20190800,1304.8,20190800,1298.9,20190600
2019-05-15 11:30:00,1304.4,20190800,1304.4,20190800,1298.7,20190600
2019-05-15 11:45:00,1304.8,20190800,1304.8,20190800,1298.8,20190600
2019-05-15 12:00:00,1304.9,20190800,1304.9,20190800,1299.0,20190600
2019-05-15 12:15:00,1304.4,20190800,1304.4,20190800,1298.4,20190600
2019-05-15 12:30:00,1304.0,20190800,1304.0,20190800,1298.4,20190600
2019-05-15 12:45:00,1305.5,20190800,1305.5,20190800,1299.8,20190600
2019-05-15 13:00:00,1305.5,20190800,1305.5,20190800,1299.9,20190600
2019-05-15 13:15:00,1305.4,20190800,1305.4,20190800,1299.8,20190600
2019-05-15 13:30:00,1306.1,20190800,1306.1,20190800,1300.6,20190600
2019-05-15 13:45:00,1305.7,20190800,1305.7,20190800,1299.9,20190600
2019-05-15 14:00:00,1304.9,20190800,1304.9,20190800,1299.0,20190600
2019-05-15 14:15:00,1306.4,20190800,1306.4,20190800,1300.6,20190600
2019-05-15 14:30:00,1306.2,20190800,1306.2,20190800,1300.4,20190600
2019-05-15 14:45:00,1305.8,20190800,1305.8,20190800,1299.7,20190600
2019-05-15 15:00:00,1304.2,20190800,1304.2,20190800,1298.3,20190600
2019-05-15 15:15:00,1303.3,20190800,1303.3,20190800,1297.4,20190600
2019-05-15 15:30:00,1303.0,20190800,1303.0,20190800,1297.2,20190600
2019-05-15 15:45:00,1302.9,20190800,1302.9,20190800,1297.2,20190600
2019-05-15 16:00:00,1302.7,20190800,1302.7,20190800,1296.9,20190600
2019-05-15 16:15:00,1302.0,20190800,1302.0,20190800,1296.2,20190600
2019-05-15 16:30:00,1302.7,20190800,1302.7,20190800,1296.7,20190600
2019-05-15 16:45:00,1302.8,20190800,1302.8,20190800,1296.9,20190600
2019-05-15 17:00:00,1303.4,20190800,1303.4,20190800,1297.6,20190600
2019-05-15 17:15:00,1304.1,20190800,1304.1,20190800,1298.2,20190600
2019-05-15 17:30:00,1303.9,20190800,1303.9,20190800,1298.1,20190600
2019-05-15 17:45:00,1304.5,20190800,1304.5,20190800,1298.7,20190600
2019-05-15 18:00:00,1304.2,20190800,1304.2,20190800,1298.3,20190600
2019-05-15 18:15:00,1303.5,20190800,1303.5,20190800,1297.7,20190600
2019-05-15 18:30:00,1303.5,20190800,1303.5,20190800,1297.6,20190600
2019-05-15 18:45:00,1303.5,20190800,1303.5,20190800,1297.6,20190600
2019-05-15 19:00:00,1303.2,20190800,1303.2,20190800,1297.3,20190600
2019-05-15 19:15:00,1303.0,20190800,1303.0,20190800,1297.1,20190600
2019-05-15 19:30:00,1302.7,20190800,1302.7,20190800,1296.9,20190600
2019-05-15 19:45:00,1302.7,20190800,1302.7,20190800,1296.9,20190600
2019-05-15 20:00:00,1302.4,20190800,1302.4,20190800,1296.6,20190600
2019-05-15 20:15:00,1302.7,20190800,1302.7,20190800,1296.9,20190600
2019-05-15 20:30:00,1302.9,20190800,1302.9,20190800,1296.9,20190600
2019-05-15 20:45:00,1302.8,20190800,1302.8,20190800,1297.2,20190600
2019-05-15 21:00:00,1302.7,20190800,1302.7,20190800,1296.9,20190600
2019-05-15 21:15:00,1302.9,20190800,1302.9,20190800,1296.9,20190600
2019-05-15 21:30:00,1303.0,20190800,1303.0,20190800,1297.0,20190600
2019-05-15 21:45:00,1302.9,20190800,1302.9,20190800,1297.2,20190600
2019-05-15 23:00:00,1301.2,20190800,1301.2,20190800,1295.4,20190600
2019-05-15 23:15:00,1301.2,20190800,1301.2,20190800,1297.2,20190600
2019-05-15 23:30:00,1303.5,20190800,1303.5,20190800,1297.8,20190600
2019-05-15 23:45:00,1303.5,20190800,1303.5,20190800,1297.4,20190600
2019-05-16 00:00:00,1303.5,20190800,1303.5,20190800,1297.2,20190600
2019-05-16 00:15:00,1302.9,20190800,1302.9,20190800,1297.1,20190600
2019-05-16 00:30:00,1302.9,20190800,1302.9,20190800,1297.2,20190600
2019-05-16 00:45:00,1302.9,20190800,1302.9,20190800,1297.1,20190600
2019-05-16 01:00:00,1302.7,20190800,1302.7,20190800,1296.9,20190600
2019-05-16 01:15:00,1302.6,20190800,1302.6,20190800,1296.8,20190600
2019-05-16 01:30:00,1302.8,20190800,1302.8,20190800,1296.9,20190600
2019-05-16 01:45:00,1302.7,20190800,1302.7,20190800,1296.9,20190600
2019-05-16 02:00:00,1303.6,20190800,1303.6,20190800,1297.8,20190600
2019-05-16 02:15:00,1302.7,20190800,1302.7,20190800,1296.8,20190600
2019-05-16 02:30:00,1302.3,20190800,1302.3,20190800,1296.3,20190600
2019-05-16 02:45:00,1302.3,20190800,1302.3,20190800,1296.7,20190600
2019-05-16 03:00:00,1302.5,20190800,1302.5,20190800,1296.4,20190600
2019-05-16 03:15:00,1301.6,20190800,1301.6,20190800,1295.9,20190600
2019-05-16 03:30:00,1302.0,20190800,1302.0,20190800,1296.2,20190600
2019-05-16 03:45:00,1301.8,20190800,1301.8,20190800,1296.0,20190600
2019-05-16 04:00:00,1302.1,20190800,1302.1,20190800,1296.2,20190600
2019-05-16 04:15:00,1302.5,20190800,1302.5,20190800,1296.6,20190600
2019-05-16 04:30:00,1302.5,20190800,1302.5,20190800,1296.5,20190600
2019-05-16 04:45:00,1302.7,20190800,1302.7,20190800,1296.7,20190600
2019-05-16 05:15:00,1302.5,20190800,1302.5,20190800,1296.7,20190600
2019-05-16 05:30:00,1302.5,20190800,1302.5,20190800,1296.8,20190600
2019-05-16 05:45:00,1302.7,20190800,1302.7,20190800,1296.9,20190600
2019-05-16 06:15:00,1303.2,20190800,1303.2,20190800,1297.3,20190600
2019-05-16 06:30:00,1303.3,20190800,1303.3,20190800,1297.4,20190600
2019-05-16 06:45:00,1303.3,20190800,1303.3,20190800,1297.0,20190600
2019-05-16 07:00:00,1302.7,20190800,1302.7,20190800,1296.8,20190600
2019-05-16 07:15:00,1303.3,20190800,1303.3,20190800,1297.4,20190600
2019-05-16 07:30:00,1303.6,20190800,1303.6,20190800,1297.6,20190600
2019-05-16 07:45:00,1303.0,20190800,1303.0,20190800,1297.2,20190600
2019-05-16 08:00:00,1304.0,20190800,1304.0,20190800,1298.2,20190600
2019-05-16 08:15:00,1304.1,20190800,1304.1,20190800,1298.3,20190600
2019-05-16 08:30:00,1304.5,20190800,1304.5,20190800,1298.8,20190600
2019-05-16 08:45:00,1305.1,20190800,1305.1,20190800,1299.2,20190600
2019-05-16 09:00:00,1303.6,20190800,1303.6,20190800,1298.1,20190600
2019-05-16 09:15:00,1303.2,20190800,1303.2,20190800,1297.3,20190600
2019-05-16 09:30:00,1301.2,20190800,1301.2,20190800,1295.3,20190600
2019-05-16 09:45:00,1302.3,20190800,1302.3,20190800,1296.3,20190600
2019-05-16 10:00:00,1301.3,20190800,1301.3,20190800,1295.4,20190600
2019-05-16 10:15:00,1301.5,20190800,1301.5,20190800,1295.6,20190600
2019-05-16 10:30:00,1301.7,20190800,1301.7,20190800,1295.8,20190600
2019-05-16 10:45:00,1301.4,20190800,1301.4,20190800,1295.6,20190600
2019-05-16 11:00:00,1300.2,20190800,1300.2,20190800,1294.4,20190600
2019-05-16 11:15:00,1300.9,20190800,1300.9,20190800,1295.1,20190600
2019-05-16 11:30:00,1300.5,20190800,1300.5,20190800,1294.6,20190600
2019-05-16 11:45:00,1300.4,20190800,1300.4,20190800,1294.3,20190600
2019-05-16 12:00:00,1300.3,20190800,1300.3,20190800,1294.6,20190600
2019-05-16 12:15:00,1300.0,20190800,1300.0,20190800,1294.4,20190600
2019-05-16 12:30:00,1300.7,20190800,1300.7,20190800,1294.8,20190600
2019-05-16 12:45:00,1299.9,20190800,1299.9,20190800,1294.1,20190600
2019-05-16 13:00:00,1300.6,20190800,1300.6,20190800,1295.0,20190600
2019-05-16 13:15:00,1301.0,20190800,1301.0,20190800,1294.4,20190600
2019-05-16 13:30:00,1296.8,20190800,1296.8,20190800,1291.0,20190600
2019-05-16 13:45:00,1297.2,20190800,1297.2,20190800,1291.2,20190600
2019-05-16 14:00:00,1298.8,20190800,1298.8,20190800,1292.9,20190600
2019-05-16 14:15:00,1299.0,20190800,1299.0,20190800,1293.0,20190600
2019-05-16 14:30:00,1297.5,20190800,1297.5,20190800,1291.6,20190600
2019-05-16 14:45:00,1297.2,20190800,1297.2,20190800,1291.4,20190600
2019-05-16 15:00:00,1297.0,20190800,1297.0,20190800,1291.2,20190600
2019-05-16 15:15:00,1297.0,20190800,1297.0,20190800,1290.9,20190600
2019-05-16 15:30:00,1296.2,20190800,1296.2,20190800,1290.4,20190600
2019-05-16 15:45:00,1293.3,20190800,1293.3,20190800,1287.5,20190600
2019-05-16 16:00:00,1292.9,20190800,1292.9,20190800,1287.1,20190600
2019-05-16 16:15:00,1291.9,20190800,1291.9,20190800,1285.9,20190600
2019-05-16 16:30:00,1290.8,20190800,1290.8,20190800,1285.2,20190600
2019-05-16 16:45:00,1290.6,20190800,1290.6,20190800,1285.0,20190600
2019-05-16 17:00:00,1291.5,20190800,1291.5,20190800,1285.7,20190600
2019-05-16 17:15:00,1292.0,20190800,1292.0,20190800,1286.1,20190600
2019-05-16 17:30:00,1292.3,20190800,1292.3,20190800,1286.4,20190600
2019-05-16 17:45:00,1292.0,20190800,1292.0,20190800,1286.1,20190600
2019-05-16 18:00:00,1292.3,20190800,1292.3,20190800,1286.5,20190600
2019-05-16 18:15:00,1291.9,20190800,1291.9,20190800,1286.1,20190600
2019-05-16 18:30:00,1292.4,20190800,1292.4,20190800,1286.8,20190600
2019-05-16 18:45:00,1292.3,20190800,1292.3,20190800,1286.5,20190600
2019-05-16 19:00:00,1292.0,20190800,1292.0,20190800,1286.1,20190600
2019-05-16 19:15:00,1291.9,20190800,1291.9,20190800,1286.0,20190600
2019-05-16 19:30:00,1292.2,20190800,1292.2,20190800,1286.4,20190600
2019-05-16 19:45:00,1292.1,20190800,1292.1,20190800,1286.4,20190600
2019-05-16 20:00:00,1292.7,20190800,1292.7,20190800,1286.9,20190600
2019-05-16 20:15:00,1292.6,20190800,1292.6,20190800,1286.8,20190600
2019-05-16 20:30:00,1293.0,20190800,1293.0,20190800,1287.3,20190600
2019-05-16 20:45:00,1293.0,20190800,1293.0,20190800,1287.3,20190600
2019-05-16 21:00:00,1292.7,20190800,1292.7,20190800,1286.9,20190600
2019-05-16 21:15:00,1292.4,20190800,1292.4,20190800,1286.6,20190600
2019-05-16 21:30:00,1292.4,20190800,1292.4,20190800,1286.8,20190600
2019-05-16 21:45:00,1292.8,20190800,1292.8,20190800,1287.0,20190600
2019-05-16 23:00:00,1303.0,20190800,1303.0,20190800,1297.5,20190600
2019-05-16 23:15:00,1303.0,20190800,1303.0,20190800,1286.9,20190600
2019-05-16 23:30:00,1292.3,20190800,1292.3,20190800,1286.5,20190600
2019-05-16 23:45:00,1292.0,20190800,1292.0,20190800,1286.4,20190600
2019-05-17 00:00:00,1292.2,20190800,1292.2,20190800,1286.4,20190600
2019-05-17 00:15:00,1292.2,20190800,1292.2,20190800,1286.4,20190600
2019-05-17 00:30:00,1292.2,20190800,1292.2,20190800,1286.6,20190600
2019-05-17 00:45:00,1292.0,20190800,1292.0,20190800,1286.0,20190600
2019-05-17 01:00:00,1292.0,20190800,1292.0,20190800,1286.3,20190600
2019-05-17 01:15:00,1291.4,20190800,1291.4,20190800,1285.5,20190600
2019-05-17 01:30:00,1291.4,20190800,1291.4,20190800,1285.7,20190600
2019-05-17 01:45:00,1291.4,20190800,1291.4,20190800,1286.0,20190600
2019-05-17 02:00:00,1291.3,20190800,1291.3,20190800,1285.6,20190600
2019-05-17 02:15:00,1291.7,20190800,1291.7,20190800,1286.0,20190600
2019-05-17 02:30:00,1292.1,20190800,1292.1,20190800,1286.2,20190600
2019-05-17 02:45:00,1291.5,20190800,1291.5,20190800,1285.8,20190600
2019-05-17 03:00:00,1291.2,20190800,1291.2,20190800,1285.4,20190600
2019-05-17 03:15:00,1291.5,20190800,1291.5,20190800,1285.6,20190600
2019-05-17 03:30:00,1291.1,20190800,1291.1,20190800,1285.2,20190600
2019-05-17 03:45:00,1291.3,20190800,1291.3,20190800,1285.6,20190600
2019-05-17 04:00:00,1291.3,20190800,1291.3,20190800,1285.6,20190600
2019-05-17 04:15:00,1292.1,20190800,1292.1,20190800,1286.3,20190600
2019-05-17 04:30:00,1292.0,20190800,1292.0,20190800,1286.4,20190600
2019-05-17 04:45:00,1291.9,20190800,1291.9,20190800,1286.3,20190600
2019-05-17 05:15:00,1291.8,20190800,1291.8,20190800,1286.0,20190600
2019-05-17 05:30:00,1292.6,20190800,1292.6,20190800,1286.7,20190600
2019-05-17 05:45:00,1292.3,20190800,1292.3,20190800,1286.6,20190600
2019-05-17 06:15:00,1292.7,20190800,1292.7,20190800,1286.9,20190600
2019-05-17 06:30:00,1293.5,20190800,1293.5,20190800,1287.7,20190600
2019-05-17 06:45:00,1293.5,20190800,1293.5,20190800,1287.8,20190600
2019-05-17 07:00:00,1293.1,20190800,1293.1,20190800,1287.4,20190600
2019-05-17 07:15:00,1293.9,20190800,1293.9,20190800,1288.4,20190600
2019-05-17 07:30:00,1293.7,20190800,1293.7,20190800,1287.9,20190600
2019-05-17 07:45:00,1294.0,20190800,1294.0,20190800,1288.2,20190600
2019-05-17 08:00:00,1293.4,20190800,1293.4,20190800,1287.9,20190600
2019-05-17 08:15:00,1292.7,20190800,1292.7,20190800,1286.9,20190600
2019-05-17 08:30:00,1292.1,20190800,1292.1,20190800,1286.1,20190600
2019-05-17 08:45:00,1291.9,20190800,1291.9,20190800,1286.0,20190600
2019-05-17 09:00:00,1291.7,20190800,1291.7,20190800,1286.0,20190600
2019-05-17 09:15:00,1292.2,20190800,1292.2,20190800,1286.6,20190600
2019-05-17 09:30:00,1292.7,20190800,1292.7,20190800,1286.9,20190600
2019-05-17 09:45:00,1292.9,20190800,1292.9,20190800,1286.9,20190600
2019-05-17 10:00:00,1292.7,20190800,1292.7,20190800,1286.9,20190600
2019-05-17 10:15:00,1292.4,20190800,1292.4,20190800,1286.4,20190600
2019-05-17 10:30:00,1291.0,20190800,1291.0,20190800,1285.3,20190600
2019-05-17 10:45:00,1291.2,20190800,1291.2,20190800,1285.4,20190600
2019-05-17 11:00:00,1290.9,20190800,1290.9,20190800,1285.1,20190600
2019-05-17 11:15:00,1290.3,20190800,1290.3,20190800,1284.6,20190600
2019-05-17 11:30:00,1291.2,20190800,1291.2,20190800,1285.3,20190600
2019-05-17 11:45:00,1291.2,20190800,1291.2,20190800,1285.5,20190600
2019-05-17 12:00:00,1291.3,20190800,1291.3,20190800,1285.6,20190600
2019-05-17 12:15:00,1291.7,20190800,1291.7,20190800,1286.5,20190600
2019-05-17 12:30:00,1292.3,20190800,1292.3,20190800,1286.6,20190600
2019-05-17 12:45:00,1291.6,20190800,1291.6,20190800,1285.9,20190600
2019-05-17 13:00:00,1291.7,20190800,1291.7,20190800,1286.4,20190600
2019-05-17 13:15:00,1291.4,20190800,1291.4,20190800,1285.7,20190600
2019-05-17 13:30:00,1289.3,20190800,1289.3,20190800,1283.8,20190600
2019-05-17 13:45:00,1289.8,20190800,1289.8,20190800,1284.1,20190600
2019-05-17 14:00:00,1289.5,20190800,1289.5,20190800,1283.8,20190600
2019-05-17 14:15:00,1288.1,20190800,1288.1,20190800,1282.5,20190600
2019-05-17 14:30:00,1286.8,20190800,1286.8,20190800,1281.0,20190600
2019-05-17 14:45:00,1286.9,20190800,1286.9,20190800,1281.3,20190600
2019-05-17 15:00:00,1284.4,20190800,1284.4,20190800,1278.6,20190600
2019-05-17 15:15:00,1284.6,20190800,1284.6,20190800,1278.9,20190600
2019-05-17 15:30:00,1282.9,20190800,1282.9,20190800,1277.2,20190600
2019-05-17 15:45:00,1281.6,20190800,1281.6,20190800,1275.8,20190600
2019-05-17 16:00:00,1282.0,20190800,1282.0,20190800,1276.3,20190600
2019-05-17 16:15:00,1281.3,20190800,1281.3,20190800,1275.4,20190600
2019-05-17 16:30:00,1282.0,20190800,1282.0,20190800,1276.2,20190600
2019-05-17 16:45:00,1282.5,20190800,1282.5,20190800,1276.8,20190600
2019-05-17 17:00:00,1282.3,20190800,1282.3,20190800,1276.6,20190600
2019-05-17 17:15:00,1282.3,20190800,1282.3,20190800,1276.6,20190600
2019-05-17 17:30:00,1281.6,20190800,1281.6,20190800,1276.0,20190600
2019-05-17 17:45:00,1281.3,20190800,1281.3,20190800,1275.6,20190600
2019-05-17 18:00:00,1281.2,20190800,1281.2,20190800,1275.5,20190600
2019-05-17 18:15:00,1281.7,20190800,1281.7,20190800,1276.0,20190600
2019-05-17 18:30:00,1281.9,20190800,1281.9,20190800,1276.2,20190600
2019-05-17 18:45:00,1282.4,20190800,1282.4,20190800,1276.6,20190600
2019-05-17 19:00:00,1282.0,20190800,1282.0,20190800,1276.0,20190600
2019-05-17 19:15:00,1281.6,20190800,1281.6,20190800,1275.9,20190600
2019-05-17 19:30:00,1281.8,20190800,1281.8,20190800,1276.2,20190600
2019-05-17 19:45:00,1281.7,20190800,1281.7,20190800,1276.1,20190600
2019-05-17 20:00:00,1282.8,20190800,1282.8,20190800,1277.1,20190600
2019-05-17 20:15:00,1282.6,20190800,1282.6,20190800,1276.7,20190600
2019-05-17 20:30:00,1283.7,20190800,1283.7,20190800,1277.9,20190600
2019-05-17 20:45:00,1283.6,20190800,1283.6,20190800,1277.8,20190600
2019-05-17 21:00:00,1283.5,20190800,1283.5,20190800,1277.6,20190600
2019-05-17 21:15:00,1283.2,20190800,1283.2,20190800,1277.5,20190600
2019-05-17 21:30:00,1283.5,20190800,1283.5,20190800,1277.5,20190600
2019-05-17 21:45:00,1283.0,20190800,1283.0,20190800,1277.4,20190600
2019-05-17 23:00:00,1292.8,20190800,1292.8,20190800,1287.0,20190600
2019-05-19 23:00:00,1284.3,20190800,1284.3,20190800,1278.7,20190600
2019-05-19 23:15:00,1284.1,20190800,1284.1,20190800,1278.3,20190600
2019-05-19 23:30:00,1283.6,20190800,1283.6,20190800,1277.9,20190600
2019-05-19 23:45:00,1283.8,20190800,1283.8,20190800,1278.0,20190600
2019-05-20 00:00:00,1283.2,20190800,1283.2,20190800,1277.4,20190600
2019-05-20 00:15:00,1283.1,20190800,1283.1,20190800,1277.3,20190600
2019-05-20 00:30:00,1283.2,20190800,1283.2,20190800,1277.4,20190600
2019-05-20 00:45:00,1282.6,20190800,1282.6,20190800,1277.5,20190600
2019-05-20 01:00:00,1282.8,20190800,1282.8,20190800,1276.9,20190600
2019-05-20 01:15:00,1283.0,20190800,1283.0,20190800,1277.0,20190600
2019-05-20 01:30:00,1282.7,20190800,1282.7,20190800,1277.0,20190600
2019-05-20 01:45:00,1283.4,20190800,1283.4,20190800,1277.8,20190600
2019-05-20 02:00:00,1284.1,20190800,1284.1,20190800,1278.1,20190600
2019-05-20 02:15:00,1283.7,20190800,1283.7,20190800,1277.9,20190600
2019-05-20 02:30:00,1282.4,20190800,1282.4,20190800,1276.7,20190600
2019-05-20 02:45:00,1282.5,20190800,1282.5,20190800,1276.8,20190600
2019-05-20 03:00:00,1282.3,20190800,1282.3,20190800,1276.7,20190600
2019-05-20 03:15:00,1282.5,20190800,1282.5,20190800,1276.7,20190600
2019-05-20 03:30:00,1282.3,20190800,1282.3,20190800,1276.3,20190600
2019-05-20 03:45:00,1281.6,20190800,1281.6,20190800,1276.0,20190600
2019-05-20 04:00:00,1281.8,20190800,1281.8,20190800,1275.9,20190600
2019-05-20 04:15:00,1282.4,20190800,1282.4,20190800,1276.6,20190600
2019-05-20 04:30:00,1282.7,20190800,1282.7,20190800,1277.1,20190600
2019-05-20 04:45:00,1282.2,20190800,1282.2,20190800,1276.5,20190600
2019-05-20 05:15:00,1282.1,20190800,1282.1,20190800,1276.3,20190600
2019-05-20 05:30:00,1281.7,20190800,1281.7,20190800,1276.0,20190600
2019-05-20 05:45:00,1282.0,20190800,1282.0,20190800,1276.2,20190600
2019-05-20 06:15:00,1282.1,20190800,1282.1,20190800,1276.1,20190600
2019-05-20 06:30:00,1281.3,20190800,1281.3,20190800,1275.5,20190600
2019-05-20 06:45:00,1280.8,20190800,1280.8,20190800,1275.2,20190600
2019-05-20 07:00:00,1281.0,20190800,1281.0,20190800,1275.4,20190600
2019-05-20 07:15:00,1281.6,20190800,1281.6,20190800,1276.0,20190600
2019-05-20 07:30:00,1281.1,20190800,1281.1,20190800,1275.4,20190600
2019-05-20 07:45:00,1281.3,20190800,1281.3,20190800,1275.5,20190600
2019-05-20 08:00:00,1281.0,20190800,1281.0,20190800,1275.3,20190600
2019-05-20 08:15:00,1282.4,20190800,1282.4,20190800,1276.7,20190600
2019-05-20 08:30:00,1281.9,20190800,1281.9,20190800,1276.3,20190600
2019-05-20 08:45:00,1281.3,20190800,1281.3,20190800,1275.9,20190600
2019-05-20 09:00:00,1281.3,20190800,1281.3,20190800,1275.5,20190600
2019-05-20 09:15:00,1281.3,20190800,1281.3,20190800,1275.4,20190600
2019-05-20 09:30:00,1280.2,20190800,1280.2,20190800,1274.5,20190600
2019-05-20 09:45:00,1280.5,20190800,1280.5,20190800,1274.7,20190600
2019-05-20 10:00:00,1280.5,20190800,1280.5,20190800,1274.8,20190600
2019-05-20 10:15:00,1280.6,20190800,1280.6,20190800,1274.9,20190600
2019-05-20 10:30:00,1279.2,20190800,1279.2,20190800,1273.6,20190600
2019-05-20 10:45:00,1280.5,20190800,1280.5,20190800,1274.6,20190600
2019-05-20 11:00:00,1281.9,20190800,1281.9,20190800,1276.0,20190600
2019-05-20 11:15:00,1280.2,20190800,1280.2,20190800,1274.6,20190600
2019-05-20 11:30:00,1281.0,20190800,1281.0,20190800,1275.4,20190600
2019-05-20 11:45:00,1281.9,20190800,1281.9,20190800,1276.1,20190600
2019-05-20 12:00:00,1282.4,20190800,1282.4,20190800,1276.7,20190600
2019-05-20 12:15:00,1281.7,20190800,1281.7,20190800,1275.9,20190600
2019-05-20 12:30:00,1281.5,20190800,1281.5,20190800,1275.5,20190600
2019-05-20 12:45:00,1281.7,20190800,1281.7,20190800,1276.0,20190600
2019-05-20 13:00:00,1283.6,20190800,1283.6,20190800,1277.9,20190600
2019-05-20 13:15:00,1282.1,20190800,1282.1,20190800,1276.4,20190600
2019-05-20 13:30:00,1282.1,20190800,1282.1,20190800,1276.4,20190600
2019-05-20 13:45:00,1281.8,20190800,1281.8,20190800,1276.2,20190600
2019-05-20 14:00:00,1281.1,20190800,1281.1,20190800,1275.3,20190600
2019-05-20 14:15:00,1282.1,20190800,1282.1,20190800,1276.1,20190600
2019-05-20 14:30:00,1282.1,20190800,1282.1,20190800,1276.4,20190600
2019-05-20 14:45:00,1282.0,20190800,1282.0,20190800,1276.2,20190600
2019-05-20 15:00:00,1282.5,20190800,1282.5,20190800,1276.8,20190600
2019-05-20 15:15:00,1282.5,20190800,1282.5,20190800,1276.9,20190600
2019-05-20 15:30:00,1283.0,20190800,1283.0,20190800,1277.3,20190600
2019-05-20 15:45:00,1283.2,20190800,1283.2,20190800,1277.5,20190600
2019-05-20 16:00:00,1283.5,20190800,1283.5,20190800,1277.7,20190600
2019-05-20 16:15:00,1282.7,20190800,1282.7,20190800,1277.1,20190600
2019-05-20 16:30:00,1283.2,20190800,1283.2,20190800,1277.5,20190600
2019-05-20 16:45:00,1282.2,20190800,1282.2,20190800,1276.6,20190600
2019-05-20 17:00:00,1281.4,20190800,1281.4,20190800,1275.7,20190600
2019-05-20 17:15:00,1281.5,20190800,1281.5,20190800,1275.9,20190600
2019-05-20 17:30:00,1281.5,20190800,1281.5,20190800,1276.0,20190600
2019-05-20 17:45:00,1281.2,20190800,1281.2,20190800,1275.8,20190600
2019-05-20 18:00:00,1282.1,20190800,1282.1,20190800,1276.5,20190600
2019-05-20 18:15:00,1282.8,20190800,1282.8,20190800,1277.2,20190600
2019-05-20 18:30:00,1282.3,20190800,1282.3,20190800,1276.8,20190600
2019-05-20 18:45:00,1282.5,20190800,1282.5,20190800,1276.9,20190600
2019-05-20 19:00:00,1282.8,20190800,1282.8,20190800,1277.1,20190600
2019-05-20 19:15:00,1282.6,20190800,1282.6,20190800,1277.0,20190600
2019-05-20 19:30:00,1282.8,20190800,1282.8,20190800,1277.1,20190600
2019-05-20 19:45:00,1283.0,20190800,1283.0,20190800,1277.4,20190600
2019-05-20 20:00:00,1283.1,20190800,1283.1,20190800,1277.6,20190600
2019-05-20 20:15:00,1283.5,20190800,1283.5,20190800,1277.8,20190600
2019-05-20 20:30:00,1283.4,20190800,1283.4,20190800,1277.7,20190600
2019-05-20 20:45:00,1283.3,20190800,1283.3,20190800,1277.6,20190600
2019-05-20 21:00:00,1283.4,20190800,1283.4,20190800,1277.7,20190600
2019-05-20 21:15:00,1283.2,20190800,1283.2,20190800,1277.6,20190600
2019-05-20 21:30:00,1283.3,20190800,1283.3,20190800,1277.7,20190600
2019-05-20 21:45:00,1283.0,20190800,1283.0,20190800,1277.5,20190600
2019-05-20 23:00:00,1281.7,20190800,1281.7,20190800,1276.0,20190600
2019-05-20 23:15:00,1281.7,20190800,1281.7,20190800,1277.4,20190600
2019-05-20 23:30:00,1281.7,20190800,1281.7,20190800,1277.4,20190600
2019-05-20 23:45:00,1283.1,20190800,1283.1,20190800,1277.3,20190600
2019-05-21 00:00:00,1282.6,20190800,1282.6,20190800,1277.1,20190600
2019-05-21 00:15:00,1282.9,20190800,1282.9,20190800,1277.4,20190600
2019-05-21 00:30:00,1282.9,20190800,1282.9,20190800,1277.5,20190600
2019-05-21 00:45:00,1283.1,20190800,1283.1,20190800,1277.1,20190600
2019-05-21 01:00:00,1282.1,20190800,1282.1,20190800,1276.6,20190600
2019-05-21 01:15:00,1281.8,20190800,1281.8,20190800,1276.3,20190600
2019-05-21 01:30:00,1281.8,20190800,1281.8,20190800,1276.2,20190600
2019-05-21 01:45:00,1281.4,20190800,1281.4,20190800,1275.9,20190600
2019-05-21 02:00:00,1281.1,20190800,1281.1,20190800,1275.5,20190600
2019-05-21 02:15:00,1281.3,20190800,1281.3,20190800,1275.7,20190600
2019-05-21 02:30:00,1281.4,20190800,1281.4,20190800,1275.6,20190600
2019-05-21 02:45:00,1282.1,20190800,1282.1,20190800,1276.5,20190600
2019-05-21 03:00:00,1281.8,20190800,1281.8,20190800,1276.0,20190600
2019-05-21 03:15:00,1281.8,20190800,1281.8,20190800,1276.0,20190600
2019-05-21 03:30:00,1281.9,20190800,1281.9,20190800,1276.2,20190600
2019-05-21 03:45:00,1281.4,20190800,1281.4,20190800,1275.8,20190600
2019-05-21 04:00:00,1281.0,20190800,1281.0,20190800,1275.5,20190600
2019-05-21 04:15:00,1280.8,20190800,1280.8,20190800,1275.3,20190600
2019-05-21 04:30:00,1280.8,20190800,1280.8,20190800,1275.3,20190600
2019-05-21 04:45:00,1280.8,20190800,1280.8,20190800,1275.2,20190600
2019-05-21 05:15:00,1281.1,20190800,1281.1,20190800,1275.4,20190600
2019-05-21 05:30:00,1281.0,20190800,1281.0,20190800,1275.4,20190600
2019-05-21 05:45:00,1280.9,20190800,1280.9,20190800,1275.2,20190600
2019-05-21 06:15:00,1280.8,20190800,1280.8,20190800,1275.3,20190600
2019-05-21 06:30:00,1280.7,20190800,1280.7,20190800,1275.6,20190600
2019-05-21 06:45:00,1281.0,20190800,1281.0,20190800,1275.4,20190600
2019-05-21 07:00:00,1280.5,20190800,1280.5,20190800,1275.0,20190600
2019-05-21 07:15:00,1280.3,20190800,1280.3,20190800,1274.6,20190600
2019-05-21 07:30:00,1279.5,20190800,1279.5,20190800,1273.9,20190600
2019-05-21 07:45:00,1280.1,20190800,1280.1,20190800,1274.4,20190600
2019-05-21 08:00:00,1280.8,20190800,1280.8,20190800,1275.3,20190600
2019-05-21 08:15:00,1281.5,20190800,1281.5,20190800,1275.7,20190600
2019-05-21 08:30:00,1280.9,20190800,1280.9,20190800,1275.2,20190600
2019-05-21 08:45:00,1281.0,20190800,1281.0,20190800,1275.4,20190600
2019-05-21 09:00:00,1281.3,20190800,1281.3,20190800,1275.7,20190600
2019-05-21 09:15:00,1280.4,20190800,1280.4,20190800,1274.9,20190600
2019-05-21 09:30:00,1280.7,20190800,1280.7,20190800,1275.2,20190600
2019-05-21 09:45:00,1280.3,20190800,1280.3,20190800,1274.8,20190600
2019-05-21 10:00:00,1280.6,20190800,1280.6,20190800,1275.1,20190600
2019-05-21 10:15:00,1281.0,20190800,1281.0,20190800,1275.2,20190600
2019-05-21 10:30:00,1280.9,20190800,1280.9,20190800,1275.4,20190600
2019-05-21 10:45:00,1280.9,20190800,1280.9,20190800,1275.2,20190600
2019-05-21 11:00:00,1281.1,20190800,1281.1,20190800,1275.6,20190600
2019-05-21 11:15:00,1281.2,20190800,1281.2,20190800,1275.6,20190600
2019-05-21 11:30:00,1280.8,20190800,1280.8,20190800,1275.4,20190600
2019-05-21 11:45:00,1280.3,20190800,1280.3,20190800,1274.8,20190600
2019-05-21 12:00:00,1280.2,20190800,1280.2,20190800,1274.6,20190600
2019-05-21 12:15:00,1277.9,20190800,1277.9,20190800,1272.4,20190600
2019-05-21 12:30:00,1277.7,20190800,1277.7,20190800,1272.1,20190600
2019-05-21 12:45:00,1277.1,20190800,1277.1,20190800,1271.6,20190600
2019-05-21 13:00:00,1277.3,20190800,1277.3,20190800,1271.7,20190600
2019-05-21 13:15:00,1277.1,20190800,1277.1,20190800,1271.1,20190600
2019-05-21 13:30:00,1277.1,20190800,1277.1,20190800,1271.5,20190600
2019-05-21 13:45:00,1276.9,20190800,1276.9,20190800,1271.5,20190600
2019-05-21 14:00:00,1277.7,20190800,1277.7,20190800,1272.2,20190600
2019-05-21 14:15:00,1276.8,20190800,1276.8,20190800,1271.4,20190600
2019-05-21 14:30:00,1275.5,20190800,1275.5,20190800,1270.0,20190600
2019-05-21 14:45:00,1275.9,20190800,1275.9,20190800,1270.4,20190600
2019-05-21 15:00:00,1276.3,20190800,1276.3,20190800,1270.8,20190600
2019-05-21 15:15:00,1277.9,20190800,1277.9,20190800,1272.3,20190600
2019-05-21 15:30:00,1277.4,20190800,1277.4,20190800,1271.9,20190600
2019-05-21 15:45:00,1278.9,20190800,1278.9,20190800,1273.4,20190600
2019-05-21 16:00:00,1279.3,20190800,1279.3,20190800,1273.6,20190600
2019-05-21 16:15:00,1278.9,20190800,1278.9,20190800,1273.3,20190600
2019-05-21 16:30:00,1279.4,20190800,1279.4,20190800,1273.9,20190600
2019-05-21 16:45:00,1278.7,20190800,1278.7,20190800,1273.2,20190600
2019-05-21 17:00:00,1278.8,20190800,1278.8,20190800,1273.2,20190600
2019-05-21 17:15:00,1278.8,20190800,1278.8,20190800,1273.3,20190600
2019-05-21 17:30:00,1279.3,20190800,1279.3,20190800,1273.8,20190600
2019-05-21 17:45:00,1278.5,20190800,1278.5,20190800,1272.9,20190600
2019-05-21 18:00:00,1278.2,20190800,1278.2,20190800,1272.7,20190600
2019-05-21 18:15:00,1278.9,20190800,1278.9,20190800,1273.4,20190600
2019-05-21 18:30:00,1279.3,20190800,1279.3,20190800,1273.8,20190600
2019-05-21 18:45:00,1279.6,20190800,1279.6,20190800,1274.1,20190600
2019-05-21 19:00:00,1279.2,20190800,1279.2,20190800,1273.6,20190600
2019-05-21 19:15:00,1279.1,20190800,1279.1,20190800,1273.5,20190600
2019-05-21 19:30:00,1279.5,20190800,1279.5,20190800,1274.1,20190600
2019-05-21 19:45:00,1279.8,20190800,1279.8,20190800,1274.3,20190600
2019-05-21 20:00:00,1279.8,20190800,1279.8,20190800,1274.2,20190600
2019-05-21 20:15:00,1279.6,20190800,1279.6,20190800,1274.2,20190600
2019-05-21 20:30:00,1279.9,20190800,1279.9,20190800,1274.5,20190600
2019-05-21 20:45:00,1280.1,20190800,1280.1,20190800,1274.5,20190600
2019-05-21 21:00:00,1279.9,20190800,1279.9,20190800,1274.3,20190600
2019-05-21 21:15:00,1279.9,20190800,1279.9,20190800,1274.4,20190600
2019-05-21 21:30:00,1280.0,20190800,1280.0,20190800,1274.7,20190600
2019-05-21 21:45:00,1280.1,20190800,1280.1,20190800,1274.5,20190600
2019-05-21 23:00:00,1280.9,20190800,1280.9,20190800,1275.3,20190600
2019-05-21 23:15:00,1279.6,20190800,1279.6,20190800,1274.1,20190600
2019-05-21 23:30:00,1279.4,20190800,1279.4,20190800,1273.9,20190600
2019-05-21 23:45:00,1280.0,20190800,1280.0,20190800,1274.3,20190600
2019-05-22 00:00:00,1279.8,20190800,1279.8,20190800,1274.1,20190600
2019-05-22 00:15:00,1280.2,20190800,1280.2,20190800,1274.6,20190600
2019-05-22 00:30:00,1280.0,20190800,1280.0,20190800,1274.3,20190600
2019-05-22 00:45:00,1280.0,20190800,1280.0,20190800,1274.3,20190600
2019-05-22 01:00:00,1280.3,20190800,1280.3,20190800,1274.8,20190600
2019-05-22 01:15:00,1280.4,20190800,1280.4,20190800,1274.9,20190600
2019-05-22 01:30:00,1280.2,20190800,1280.2,20190800,1274.5,20190600
2019-05-22 01:45:00,1279.5,20190800,1279.5,20190800,1273.8,20190600
2019-05-22 02:00:00,1279.2,20190800,1279.2,20190800,1273.7,20190600
2019-05-22 02:15:00,1279.4,20190800,1279.4,20190800,1273.8,20190600
2019-05-22 02:30:00,1279.8,20190800,1279.8,20190800,1274.2,20190600
2019-05-22 02:45:00,1278.8,20190800,1278.8,20190800,1273.3,20190600
2019-05-22 03:00:00,1279.0,20190800,1279.0,20190800,1273.3,20190600
2019-05-22 03:15:00,1279.2,20190800,1279.2,20190800,1273.6,20190600
2019-05-22 03:30:00,1278.7,20190800,1278.7,20190800,1273.2,20190600
2019-05-22 03:45:00,1278.7,20190800,1278.7,20190800,1273.1,20190600
2019-05-22 04:00:00,1279.1,20190800,1279.1,20190800,1273.6,20190600
2019-05-22 04:15:00,1279.1,20190800,1279.1,20190800,1273.6,20190600
2019-05-22 04:30:00,1279.1,20190800,1279.1,20190800,1273.6,20190600
2019-05-22 04:45:00,1279.2,20190800,1279.2,20190800,1273.7,20190600
2019-05-22 05:15:00,1279.0,20190800,1279.0,20190800,1273.6,20190600
2019-05-22 05:30:00,1279.2,20190800,1279.2,20190800,1273.7,20190600
2019-05-22 05:45:00,1278.8,20190800,1278.8,20190800,1273.3,20190600
2019-05-22 06:15:00,1278.9,20190800,1278.9,20190800,1273.3,20190600
2019-05-22 06:30:00,1278.6,20190800,1278.6,20190800,1273.0,20190600
2019-05-22 06:45:00,1278.4,20190800,1278.4,20190800,1272.8,20190600
2019-05-22 07:00:00,1278.8,20190800,1278.8,20190800,1273.2,20190600
2019-05-22 07:15:00,1278.2,20190800,1278.2,20190800,1272.7,20190600
2019-05-22 07:30:00,1278.7,20190800,1278.7,20190800,1273.4,20190600
2019-05-22 07:45:00,1278.7,20190800,1278.7,20190800,1273.1,20190600
2019-05-22 08:00:00,1278.4,20190800,1278.4,20190800,1272.9,20190600
2019-05-22 08:15:00,1278.0,20190800,1278.0,20190800,1272.4,20190600
2019-05-22 08:30:00,1278.0,20190800,1278.0,20190800,1272.4,20190600
2019-05-22 08:45:00,1278.2,20190800,1278.2,20190800,1272.7,20190600
2019-05-22 09:00:00,1278.4,20190800,1278.4,20190800,1273.0,20190600
2019-05-22 09:15:00,1279.2,20190800,1279.2,20190800,1273.6,20190600
2019-05-22 09:30:00,1279.3,20190800,1279.3,20190800,1273.8,20190600
2019-05-22 09:45:00,1279.5,20190800,1279.5,20190800,1274.0,20190600
2019-05-22 10:00:00,1279.7,20190800,1279.7,20190800,1274.3,20190600
2019-05-22 10:15:00,1279.0,20190800,1279.0,20190800,1273.5,20190600
2019-05-22 10:30:00,1279.0,20190800,1279.0,20190800,1273.6,20190600
2019-05-22 10:45:00,1279.0,20190800,1279.0,20190800,1273.4,20190600
2019-05-22 11:00:00,1279.0,20190800,1279.0,20190800,1273.5,20190600
2019-05-22 11:15:00,1279.1,20190800,1279.1,20190800,1273.6,20190600
2019-05-22 11:30:00,1279.1,20190800,1279.1,20190800,1273.6,20190600
2019-05-22 11:45:00,1279.2,20190800,1279.2,20190800,1273.6,20190600
2019-05-22 12:00:00,1279.3,20190800,1279.3,20190800,1273.9,20190600
2019-05-22 12:15:00,1279.7,20190800,1279.7,20190800,1274.3,20190600
2019-05-22 12:30:00,1280.7,20190800,1280.7,20190800,1275.1,20190600
2019-05-22 12:45:00,1281.1,20190800,1281.1,20190800,1275.7,20190600
2019-05-22 13:00:00,1282.1,20190800,1282.1,20190800,1276.8,20190600
2019-05-22 13:15:00,1282.0,20190800,1282.0,20190800,1276.6,20190600
2019-05-22 13:30:00,1282.2,20190800,1282.2,20190800,1276.9,20190600
2019-05-22 13:45:00,1280.8,20190800,1280.8,20190800,1275.5,20190600
2019-05-22 14:00:00,1280.2,20190800,1280.2,20190800,1274.8,20190600
2019-05-22 14:15:00,1280.2,20190800,1280.2,20190800,1274.9,20190600
2019-05-22 14:30:00,1279.9,20190800,1279.9,20190800,1274.4,20190600
2019-05-22 14:45:00,1279.4,20190800,1279.4,20190800,1274.0,20190600
2019-05-22 15:00:00,1278.8,20190800,1278.8,20190800,1273.4,20190600
2019-05-22 15:15:00,1279.3,20190800,1279.3,20190800,1274.0,20190600
2019-05-22 15:30:00,1280.1,20190800,1280.1,20190800,1274.8,20190600
2019-05-22 15:45:00,1280.6,20190800,1280.6,20190800,1275.1,20190600
2019-05-22 16:00:00,1280.4,20190800,1280.4,20190800,1275.0,20190600
2019-05-22 16:15:00,1280.5,20190800,1280.5,20190800,1275.1,20190600
2019-05-22 16:30:00,1281.1,20190800,1281.1,20190800,1275.7,20190600
2019-05-22 16:45:00,1281.0,20190800,1281.0,20190800,1275.6,20190600
2019-05-22 17:00:00,1280.6,20190800,1280.6,20190800,1275.2,20190600
2019-05-22 17:15:00,1279.9,20190800,1279.9,20190800,1274.6,20190600
2019-05-22 17:30:00,1279.5,20190800,1279.5,20190800,1274.3,20190600
2019-05-22 17:45:00,1279.9,20190800,1279.9,20190800,1274.5,20190600
2019-05-22 18:00:00,1279.7,20190800,1279.7,20190800,1274.4,20190600
2019-05-22 18:15:00,1279.8,20190800,1279.8,20190800,1274.4,20190600
2019-05-22 18:30:00,1279.5,20190800,1279.5,20190800,1274.2,20190600
2019-05-22 18:45:00,1279.5,20190800,1279.5,20190800,1274.2,20190600
2019-05-22 19:00:00,1279.5,20190800,1279.5,20190800,1274.0,20190600
2019-05-22 19:15:00,1279.4,20190800,1279.4,20190800,1274.0,20190600
2019-05-22 19:30:00,1278.8,20190800,1278.8,20190800,1273.5,20190600
2019-05-22 19:45:00,1278.8,20190800,1278.8,20190800,1273.5,20190600
2019-05-22 20:00:00,1278.9,20190800,1278.9,20190800,1273.5,20190600
2019-05-22 20:15:00,1278.6,20190800,1278.6,20190800,1273.3,20190600
2019-05-22 20:30:00,1279.1,20190800,1279.1,20190800,1273.6,20190600
2019-05-22 20:45:00,1278.9,20190800,1278.9,20190800,1273.6,20190600
2019-05-22 21:00:00,1278.7,20190800,1278.7,20190800,1273.4,20190600
2019-05-22 21:15:00,1278.9,20190800,1278.9,20190800,1273.5,20190600
2019-05-22 21:30:00,1278.8,20190800,1278.8,20190800,1273.4,20190600
2019-05-22 21:45:00,1278.5,20190800,1278.5,20190800,1272.9,20190600
2019-05-22 23:00:00,1278.8,20190800,1278.8,20190800,1273.3,20190600
2019-05-22 23:15:00,1278.8,20190800,1278.8,20190800,1273.3,20190600
2019-05-22 23:30:00,1278.6,20190800,1278.6,20190800,1273.3,20190600
2019-05-22 23:45:00,1278.7,20190800,1278.7,20190800,1273.5,20190600
2019-05-23 00:00:00,1278.7,20190800,1278.7,20190800,1273.4,20190600
2019-05-23 00:15:00,1279.2,20190800,1279.2,20190800,1273.5,20190600
2019-05-23 00:30:00,1279.3,20190800,1279.3,20190800,1273.9,20190600
2019-05-23 00:45:00,1279.1,20190800,1279.1,20190800,1273.8,20190600
2019-05-23 01:00:00,1278.7,20190800,1278.7,20190800,1273.3,20190600
2019-05-23 01:15:00,1278.6,20190800,1278.6,20190800,1273.1,20190600
2019-05-23 01:30:00,1278.7,20190800,1278.7,20190800,1273.3,20190600
2019-05-23 01:45:00,1278.9,20190800,1278.9,20190800,1273.6,20190600
2019-05-23 02:00:00,1278.8,20190800,1278.8,20190800,1273.4,20190600
2019-05-23 02:15:00,1278.8,20190800,1278.8,20190800,1273.4,20190600
2019-05-23 02:30:00,1278.7,20190800,1278.7,20190800,1273.3,20190600
2019-05-23 02:45:00,1279.0,20190800,1279.0,20190800,1273.8,20190600
2019-05-23 03:00:00,1278.9,20190800,1278.9,20190800,1273.5,20190600
2019-05-23 03:15:00,1278.6,20190800,1278.6,20190800,1273.3,20190600
2019-05-23 03:30:00,1278.4,20190800,1278.4,20190800,1273.0,20190600
2019-05-23 03:45:00,1278.3,20190800,1278.3,20190800,1273.0,20190600
2019-05-23 04:00:00,1278.3,20190800,1278.3,20190800,1272.9,20190600
2019-05-23 04:15:00,1277.9,20190800,1277.9,20190800,1272.5,20190600
2019-05-23 04:30:00,1277.8,20190800,1277.8,20190800,1272.5,20190600
2019-05-23 04:45:00,1277.8,20190800,1277.8,20190800,1272.5,20190600
2019-05-23 05:15:00,1277.8,20190800,1277.8,20190800,1272.4,20190600
2019-05-23 05:30:00,1277.8,20190800,1277.8,20190800,1272.5,20190600
2019-05-23 05:45:00,1277.7,20190800,1277.7,20190800,1272.5,20190600
2019-05-23 06:15:00,1278.2,20190800,1278.2,20190800,1272.9,20190600
2019-05-23 06:30:00,1278.6,20190800,1278.6,20190800,1273.2,20190600
2019-05-23 06:45:00,1279.3,20190800,1279.3,20190800,1273.9,20190600
2019-05-23 07:00:00,1278.9,20190800,1278.9,20190800,1273.6,20190600
2019-05-23 07:15:00,1278.9,20190800,1278.9,20190800,1273.6,20190600
2019-05-23 07:30:00,1279.8,20190800,1279.8,20190800,1274.5,20190600
2019-05-23 07:45:00,1278.8,20190800,1278.8,20190800,1273.4,20190600
2019-05-23 08:00:00,1279.6,20190800,1279.6,20190800,1274.1,20190600
2019-05-23 08:15:00,1278.8,20190800,1278.8,20190800,1273.5,20190600
2019-05-23 08:30:00,1279.5,20190800,1279.5,20190800,1274.2,20190600
2019-05-23 08:45:00,1279.4,20190800,1279.4,20190800,1273.9,20190600
2019-05-23 09:00:00,1280.1,20190800,1280.1,20190800,1274.8,20190600
2019-05-23 09:15:00,1280.0,20190800,1280.0,20190800,1274.6,20190600
2019-05-23 09:30:00,1280.9,20190800,1280.9,20190800,1275.4,20190600
2019-05-23 09:45:00,1280.7,20190800,1280.7,20190800,1275.3,20190600
2019-05-23 10:00:00,1280.3,20190800,1280.3,20190800,1274.8,20190600
2019-05-23 10:15:00,1281.0,20190800,1281.0,20190800,1275.5,20190600
2019-05-23 10:30:00,1280.8,20190800,1280.8,20190800,1275.4,20190600
2019-05-23 10:45:00,1280.9,20190800,1280.9,20190800,1275.4,20190600
2019-05-23 11:00:00,1281.8,20190800,1281.8,20190800,1276.3,20190600
2019-05-23 11:15:00,1281.7,20190800,1281.7,20190800,1276.3,20190600
2019-05-23 11:30:00,1281.8,20190800,1281.8,20190800,1276.3,20190600
2019-05-23 11:45:00,1282.6,20190800,1282.6,20190800,1277.2,20190600
2019-05-23 12:00:00,1282.2,20190800,1282.2,20190800,1276.7,20190600
2019-05-23 12:15:00,1282.3,20190800,1282.3,20190800,1276.8,20190600
2019-05-23 12:30:00,1282.0,20190800,1282.0,20190800,1276.6,20190600
2019-05-23 12:45:00,1282.3,20190800,1282.3,20190800,1276.8,20190600
2019-05-23 13:00:00,1283.6,20190800,1283.6,20190800,1278.2,20190600
2019-05-23 13:15:00,1287.9,20190800,1287.9,20190800,1282.7,20190600
2019-05-23 13:30:00,1287.6,20190800,1287.6,20190800,1282.2,20190600
2019-05-23 13:45:00,1287.9,20190800,1287.9,20190800,1282.5,20190600
2019-05-23 14:00:00,1286.7,20190800,1286.7,20190800,1281.2,20190600
2019-05-23 14:15:00,1285.0,20190800,1285.0,20190800,1279.6,20190600
2019-05-23 14:30:00,1286.6,20190800,1286.6,20190800,1281.1,20190600
2019-05-23 14:45:00,1288.7,20190800,1288.7,20190800,1283.2,20190600
2019-05-23 15:00:00,1289.3,20190800,1289.3,20190800,1283.8,20190600
2019-05-23 15:15:00,1289.0,20190800,1289.0,20190800,1283.6,20190600
2019-05-23 15:30:00,1290.2,20190800,1290.2,20190800,1284.8,20190600
2019-05-23 15:45:00,1290.7,20190800,1290.7,20190800,1285.2,20190600
2019-05-23 16:00:00,1291.8,20190800,1291.8,20190800,1286.4,20190600
2019-05-23 16:15:00,1291.2,20190800,1291.2,20190800,1285.8,20190600
2019-05-23 16:30:00,1290.8,20190800,1290.8,20190800,1285.3,20190600
2019-05-23 16:45:00,1291.4,20190800,1291.4,20190800,1286.0,20190600
2019-05-23 17:00:00,1290.6,20190800,1290.6,20190800,1285.2,20190600
2019-05-23 17:15:00,1290.7,20190800,1290.7,20190800,1285.2,20190600
2019-05-23 17:30:00,1290.5,20190800,1290.5,20190800,1285.0,20190600
2019-05-23 17:45:00,1290.9,20190800,1290.9,20190800,1285.4,20190600
2019-05-23 18:00:00,1291.5,20190800,1291.5,20190800,1285.9,20190600
2019-05-23 18:15:00,1291.0,20190800,1291.0,20190800,1285.3,20190600
2019-05-23 18:30:00,1290.3,20190800,1290.3,20190800,1284.7,20190600
2019-05-23 18:45:00,1289.8,20190800,1289.8,20190800,1284.3,20190600
2019-05-23 19:00:00,1290.2,20190800,1290.2,20190800,1284.6,20190600
2019-05-23 19:15:00,1290.6,20190800,1290.6,20190800,1285.0,20190600
2019-05-23 19:30:00,1290.5,20190800,1290.5,20190800,1284.9,20190600
2019-05-23 19:45:00,1290.1,20190800,1290.1,20190800,1284.7,20190600
2019-05-23 20:00:00,1290.1,20190800,1290.1,20190800,1284.6,20190600
2019-05-23 20:15:00,1288.9,20190800,1288.9,20190800,1283.4,20190600
2019-05-23 20:30:00,1289.3,20190800,1289.3,20190800,1283.8,20190600
2019-05-23 20:45:00,1288.9,20190800,1288.9,20190800,1283.3,20190600
2019-05-23 21:00:00,1288.6,20190800,1288.6,20190800,1283.2,20190600
2019-05-23 21:15:00,1288.7,20190800,1288.7,20190800,1283.1,20190600
2019-05-23 21:30:00,1288.7,20190800,1288.7,20190800,1283.1,20190600
2019-05-23 21:45:00,1288.6,20190800,1288.6,20190800,1283.0,20190600
2019-05-23 23:00:00,1277.9,20190800,1277.9,20190800,1272.6,20190600
2019-05-23 23:15:00,1288.4,20190800,1288.4,20190800,1283.1,20190600
2019-05-23 23:30:00,1288.7,20190800,1288.7,20190800,1283.1,20190600
2019-05-23 23:45:00,1289.1,20190800,1289.1,20190800,1283.6,20190600
2019-05-24 00:00:00,1289.0,20190800,1289.0,20190800,1283.5,20190600
2019-05-24 00:15:00,1289.2,20190800,1289.2,20190800,1283.8,20190600
2019-05-24 00:30:00,1289.3,20190800,1289.3,20190800,1283.7,20190600
2019-05-24 00:45:00,1289.2,20190800,1289.2,20190800,1283.7,20190600
2019-05-24 01:00:00,1288.9,20190800,1288.9,20190800,1283.3,20190600
2019-05-24 01:15:00,1288.7,20190800,1288.7,20190800,1283.2,20190600
2019-05-24 01:30:00,1288.1,20190800,1288.1,20190800,1282.5,20190600
2019-05-24 01:45:00,1288.5,20190800,1288.5,20190800,1283.1,20190600
2019-05-24 02:00:00,1288.9,20190800,1288.9,20190800,1283.4,20190600
2019-05-24 02:15:00,1288.1,20190800,1288.1,20190800,1282.6,20190600
2019-05-24 02:30:00,1288.2,20190800,1288.2,20190800,1282.6,20190600
2019-05-24 02:45:00,1287.7,20190800,1287.7,20190800,1282.1,20190600
2019-05-24 03:00:00,1287.8,20190800,1287.8,20190800,1282.2,20190600
2019-05-24 03:15:00,1287.8,20190800,1287.8,20190800,1282.3,20190600
2019-05-24 03:30:00,1288.7,20190800,1288.7,20190800,1283.1,20190600
2019-05-24 03:45:00,1288.8,20190800,1288.8,20190800,1283.2,20190600
2019-05-24 04:00:00,1289.1,20190800,1289.1,20190800,1283.5,20190600
2019-05-24 04:15:00,1289.3,20190800,1289.3,20190800,1283.6,20190600
2019-05-24 04:30:00,1288.7,20190800,1288.7,20190800,1283.4,20190600
2019-05-24 04:45:00,1288.9,20190800,1288.9,20190800,1283.4,20190600
2019-05-24 05:15:00,1288.6,20190800,1288.6,20190800,1283.0,20190600
2019-05-24 05:30:00,1288.4,20190800,1288.4,20190800,1282.9,20190600
2019-05-24 05:45:00,1288.7,20190800,1288.7,20190800,1283.2,20190600
2019-05-24 06:15:00,1288.7,20190800,1288.7,20190800,1283.2,20190600
2019-05-24 06:30:00,1289.0,20190800,1289.0,20190800,1283.5,20190600
2019-05-24 06:45:00,1288.3,20190800,1288.3,20190800,1282.7,20190600
2019-05-24 07:00:00,1289.4,20190800,1289.4,20190800,1283.9,20190600
2019-05-24 07:15:00,1289.9,20190800,1289.9,20190800,1284.4,20190600
2019-05-24 07:30:00,1288.9,20190800,1288.9,20190800,1283.4,20190600
2019-05-24 07:45:00,1288.2,20190800,1288.2,20190800,1282.6,20190600
2019-05-24 08:00:00,1289.5,20190800,1289.5,20190800,1284.0,20190600
2019-05-24 08:15:00,1288.9,20190800,1288.9,20190800,1283.5,20190600
2019-05-24 08:30:00,1288.5,20190800,1288.5,20190800,1282.9,20190600
2019-05-24 08:45:00,1288.3,20190800,1288.3,20190800,1282.8,20190600
2019-05-24 09:00:00,1287.5,20190800,1287.5,20190800,1282.0,20190600
2019-05-24 09:15:00,1287.8,20190800,1287.8,20190800,1282.2,20190600
2019-05-24 09:30:00,1287.0,20190800,1287.0,20190800,1281.4,20190600
2019-05-24 09:45:00,1287.1,20190800,1287.1,20190800,1281.7,20190600
2019-05-24 10:00:00,1286.8,20190800,1286.8,20190800,1281.2,20190600
2019-05-24 10:15:00,1286.7,20190800,1286.7,20190800,1281.2,20190600
2019-05-24 10:30:00,1286.8,20190800,1286.8,20190800,1281.3,20190600
2019-05-24 10:45:00,1286.6,20190800,1286.6,20190800,1281.1,20190600
2019-05-24 11:00:00,1286.4,20190800,1286.4,20190800,1280.8,20190600
2019-05-24 11:15:00,1285.9,20190800,1285.9,20190800,1280.4,20190600
2019-05-24 11:30:00,1286.3,20190800,1286.3,20190800,1280.8,20190600
2019-05-24 11:45:00,1286.6,20190800,1286.6,20190800,1281.1,20190600
2019-05-24 12:00:00,1286.7,20190800,1286.7,20190800,1281.2,20190600
2019-05-24 12:15:00,1286.4,20190800,1286.4,20190800,1280.9,20190600
2019-05-24 12:30:00,1287.8,20190800,1287.8,20190800,1282.3,20190600
2019-05-24 12:45:00,1287.2,20190800,1287.2,20190800,1281.7,20190600
2019-05-24 13:00:00,1288.0,20190800,1288.0,20190800,1282.5,20190600
2019-05-24 13:15:00,1287.8,20190800,1287.8,20190800,1282.3,20190600
2019-05-24 13:30:00,1288.8,20190800,1288.8,20190800,1283.2,20190600
2019-05-24 13:45:00,1288.3,20190800,1288.3,20190800,1282.7,20190600
2019-05-24 14:00:00,1288.6,20190800,1288.6,20190800,1282.9,20190600
2019-05-24 14:15:00,1288.7,20190800,1288.7,20190800,1282.9,20190600
2019-05-24 14:30:00,1286.1,20190800,1286.1,20190800,1280.4,20190600
2019-05-24 14:45:00,1287.0,20190800,1287.0,20190800,1281.3,20190600
2019-05-24 15:00:00,1287.3,20190800,1287.3,20190800,1281.7,20190600
2019-05-24 15:15:00,1288.2,20190800,1288.2,20190800,1282.5,20190600
2019-05-24 15:30:00,1288.4,20190800,1288.4,20190800,1282.5,20190600
2019-05-24 15:45:00,1289.0,20190800,1289.0,20190800,1283.3,20190600
2019-05-24 16:00:00,1288.8,20190800,1288.8,20190800,1283.1,20190600
2019-05-24 16:15:00,1289.5,20190800,1289.5,20190800,1283.9,20190600
2019-05-24 16:30:00,1289.1,20190800,1289.1,20190800,1283.4,20190600
2019-05-24 16:45:00,1288.8,20190800,1288.8,20190800,1283.2,20190600
2019-05-24 17:00:00,1289.3,20190800,1289.3,20190800,1283.7,20190600
2019-05-24 17:15:00,1289.3,20190800,1289.3,20190800,1283.7,20190600
2019-05-24 17:30:00,1289.4,20190800,1289.4,20190800,1283.7,20190600
2019-05-24 17:45:00,1289.5,20190800,1289.5,20190800,1283.9,20190600
2019-05-24 18:00:00,1289.8,20190800,1289.8,20190800,1284.2,20190600
2019-05-24 18:15:00,1289.2,20190800,1289.2,20190800,1283.6,20190600
2019-05-24 18:30:00,1289.3,20190800,1289.3,20190800,1283.7,20190600
2019-05-24 18:45:00,1289.6,20190800,1289.6,20190800,1283.9,20190600
2019-05-24 19:00:00,1289.5,20190800,1289.5,20190800,1283.7,20190600
2019-05-24 19:15:00,1289.4,20190800,1289.4,20190800,1283.7,20190600
2019-05-24 19:30:00,1289.5,20190800,1289.5,20190800,1283.7,20190600
2019-05-24 19:45:00,1289.6,20190800,1289.6,20190800,1283.9,20190600
2019-05-24 20:00:00,1289.5,20190800,1289.5,20190800,1283.8,20190600
2019-05-24 20:15:00,1289.7,20190800,1289.7,20190800,1284.0,20190600
2019-05-24 20:30:00,1289.7,20190800,1289.7,20190800,1284.0,20190600
2019-05-24 20:45:00,1289.8,20190800,1289.8,20190800,1284.2,20190600
2019-05-24 21:00:00,1289.7,20190800,1289.7,20190800,1284.1,20190600
2019-05-24 21:15:00,1289.8,20190800,1289.8,20190800,1284.0,20190600
2019-05-24 21:30:00,1290.0,20190800,1290.0,20190800,1284.3,20190600
2019-05-24 21:45:00,1289.7,20190800,1289.7,20190800,1284.3,20190600
2019-05-24 23:00:00,1288.9,20190800,1288.9,20190800,1283.3,20190600
2019-05-26 23:00:00,1290.5,20190800,1290.5,20190800,1284.8,20190600
2019-05-26 23:15:00,1290.5,20190800,1290.5,20190800,1284.8,20190600
2019-05-26 23:30:00,1290.3,20190800,1290.3,20190800,1284.6,20190600
2019-05-26 23:45:00,1289.9,20190800,1289.9,20190800,1284.3,20190600
2019-05-27 00:00:00,1289.9,20190800,1289.9,20190800,1284.3,20190600
2019-05-27 00:15:00,1289.6,20190800,1289.6,20190800,1283.9,20190600
2019-05-27 00:30:00,1289.9,20190800,1289.9,20190800,1284.1,20190600
2019-05-27 00:45:00,1289.9,20190800,1289.9,20190800,1284.1,20190600
2019-05-27 01:00:00,1289.5,20190800,1289.5,20190800,1283.8,20190600
2019-05-27 01:15:00,1289.5,20190800,1289.5,20190800,1283.8,20190600
2019-05-27 01:30:00,1289.1,20190800,1289.1,20190800,1283.5,20190600
2019-05-27 01:45:00,1289.7,20190800,1289.7,20190800,1284.1,20190600
2019-05-27 02:00:00,1290.8,20190800,1290.8,20190800,1285.2,20190600
2019-05-27 02:15:00,1291.9,20190800,1291.9,20190800,1286.2,20190600
2019-05-27 02:30:00,1292.1,20190800,1292.1,20190800,1286.5,20190600
2019-05-27 02:45:00,1292.3,20190800,1292.3,20190800,1286.8,20190600
2019-05-27 03:00:00,1292.2,20190800,1292.2,20190800,1286.4,20190600
2019-05-27 03:15:00,1291.8,20190800,1291.8,20190800,1286.2,20190600
2019-05-27 03:30:00,1291.5,20190800,1291.5,20190800,1285.9,20190600
2019-05-27 03:45:00,1291.8,20190800,1291.8,20190800,1286.1,20190600
2019-05-27 04:00:00,1291.8,20190800,1291.8,20190800,1286.2,20190600
2019-05-27 04:15:00,1291.9,20190800,1291.9,20190800,1286.2,20190600
2019-05-27 04:30:00,1292.1,20190800,1292.1,20190800,1286.3,20190600
2019-05-27 04:45:00,1292.0,20190800,1292.0,20190800,1286.3,20190600
2019-05-27 05:15:00,1292.4,20190800,1292.4,20190800,1286.6,20190600
2019-05-27 05:30:00,1292.1,20190800,1292.1,20190800,1286.5,20190600
2019-05-27 05:45:00,1291.9,20190800,1291.9,20190800,1286.2,20190600
2019-05-27 06:15:00,1292.1,20190800,1292.1,20190800,1286.5,20190600
2019-05-27 06:30:00,1292.0,20190800,1292.0,20190800,1286.3,20190600
2019-05-27 06:45:00,1291.3,20190800,1291.3,20190800,1285.7,20190600
2019-05-27 07:00:00,1291.2,20190800,1291.2,20190800,1285.7,20190600
2019-05-27 07:15:00,1291.3,20190800,1291.3,20190800,1285.6,20190600
2019-05-27 07:30:00,1290.9,20190800,1290.9,20190800,1285.3,20190600
2019-05-27 07:45:00,1290.9,20190800,1290.9,20190800,1285.4,20190600
2019-05-27 08:00:00,1291.2,20190800,1291.2,20190800,1285.7,20190600
2019-05-27 08:15:00,1290.7,20190800,1290.7,20190800,1285.1,20190600
2019-05-27 08:30:00,1290.3,20190800,1290.3,20190800,1284.8,20190600
2019-05-27 08:45:00,1290.5,20190800,1290.5,20190800,1284.9,20190600
2019-05-27 09:00:00,1291.6,20190800,1291.6,20190800,1286.0,20190600
2019-05-27 09:15:00,1291.6,20190800,1291.6,20190800,1286.0,20190600
2019-05-27 09:30:00,1291.0,20190800,1291.0,20190800,1285.5,20190600
2019-05-27 09:45:00,1291.0,20190800,1291.0,20190800,1285.4,20190600
2019-05-27 10:00:00,1291.2,20190800,1291.2,20190800,1285.7,20190600
2019-05-27 10:15:00,1290.8,20190800,1290.8,20190800,1285.3,20190600
2019-05-27 10:30:00,1291.1,20190800,1291.1,20190800,1285.5,20190600
2019-05-27 10:45:00,1291.0,20190800,1291.0,20190800,1285.5,20190600
2019-05-27 11:00:00,1290.9,20190800,1290.9,20190800,1285.3,20190600
2019-05-27 11:15:00,1290.9,20190800,1290.9,20190800,1285.3,20190600
2019-05-27 11:30:00,1290.9,20190800,1290.9,20190800,1285.2,20190600
2019-05-27 11:45:00,1290.8,20190800,1290.8,20190800,1285.2,20190600
2019-05-27 12:00:00,1291.1,20190800,1291.1,20190800,1285.7,20190600
2019-05-27 12:15:00,1291.2,20190800,1291.2,20190800,1285.6,20190600
2019-05-27 12:30:00,1291.0,20190800,1291.0,20190800,1285.4,20190600
2019-05-27 12:45:00,1290.5,20190800,1290.5,20190800,1285.0,20190600
2019-05-27 13:00:00,1290.5,20190800,1290.5,20190800,1285.0,20190600
2019-05-27 13:15:00,1290.3,20190800,1290.3,20190800,1284.6,20190600
2019-05-27 13:30:00,1290.4,20190800,1290.4,20190800,1284.9,20190600
2019-05-27 13:45:00,1290.5,20190800,1290.5,20190800,1284.9,20190600
2019-05-27 14:00:00,1290.7,20190800,1290.7,20190800,1285.2,20190600
2019-05-27 14:15:00,1290.9,20190800,1290.9,20190800,1285.3,20190600
2019-05-27 14:30:00,1291.0,20190800,1291.0,20190800,1285.4,20190600
2019-05-27 14:45:00,1290.5,20190800,1290.5,20190800,1285.0,20190600
2019-05-27 15:00:00,1290.4,20190800,1290.4,20190800,1284.9,20190600
2019-05-27 15:15:00,1290.2,20190800,1290.2,20190800,1284.8,20190600
2019-05-27 15:30:00,1290.5,20190800,1290.5,20190800,1285.0,20190600
2019-05-27 15:45:00,1290.0,20190800,1290.0,20190800,1284.6,20190600
2019-05-27 16:00:00,1290.2,20190800,1290.2,20190800,1284.7,20190600
2019-05-27 16:15:00,1290.2,20190800,1290.2,20190800,1284.6,20190600
2019-05-27 16:30:00,1289.8,20190800,1289.8,20190800,1284.3,20190600
2019-05-27 16:45:00,1289.8,20190800,1289.8,20190800,1284.3,20190600
2019-05-27 17:00:00,1289.9,20190800,1289.9,20190800,1284.4,20190600
2019-05-27 17:15:00,1289.9,20190800,1289.9,20190800,1284.3,20190600
2019-05-27 17:30:00,1290.1,20190800,1290.1,20190800,1284.5,20190600
2019-05-27 17:45:00,1289.9,20190800,1289.9,20190800,1284.4,20190600
2019-05-27 23:00:00,1292.2,20190800,1292.2,20190800,1286.5,20190600
2019-05-27 23:15:00,1290.1,20190800,1290.1,20190800,1284.6,20190600
2019-05-27 23:30:00,1290.2,20190800,1290.2,20190800,1284.7,20190600
2019-05-27 23:45:00,1290.0,20190800,1290.0,20190800,1284.5,20190600
2019-05-28 00:00:00,1289.9,20190800,1289.9,20190800,1284.4,20190600
2019-05-28 00:15:00,1289.9,20190800,1289.9,20190800,1284.4,20190600
2019-05-28 00:30:00,1289.9,20191000,1289.9,20191000,1290.5,20190800
2019-05-28 00:45:00,1289.9,20191000,1289.9,20191000,1290.4,20190800
2019-05-28 01:00:00,1289.9,20191000,1289.9,20191000,1290.8,20190800
2019-05-28 01:15:00,1289.9,20191000,1289.9,20191000,1290.1,20190800
2019-05-28 01:30:00,1289.9,20191000,1289.9,20191000,1289.7,20190800
2019-05-28 01:45:00,1289.9,20191000,1289.9,20191000,1289.2,20190800
2019-05-28 02:00:00,1289.9,20191000,1289.9,20191000,1289.5,20190800
2019-05-28 02:15:00,1289.9,20191000,1289.9,20191000,1288.3,20190800
2019-05-28 02:30:00,1293.5,20191000,1293.5,20191000,1287.7,20190800
2019-05-28 02:45:00,1293.5,20191000,1293.5,20191000,1287.5,20190800
2019-05-28 03:00:00,1293.6,20191000,1293.6,20191000,1288.0,20190800
2019-05-28 03:15:00,1293.6,20191000,1293.6,20191000,1287.9,20190800
2019-05-28 03:30:00,1293.6,20191000,1293.6,20191000,1288.1,20190800
2019-05-28 03:45:00,1293.6,20191000,1293.6,20191000,1287.6,20190800
2019-05-28 04:00:00,1293.6,20191000,1293.6,20191000,1288.1,20190800
2019-05-28 04:15:00,1293.6,20191000,1293.6,20191000,1287.9,20190800
2019-05-28 04:30:00,1293.6,20191000,1293.6,20191000,1287.8,20190800
2019-05-28 04:45:00,1293.6,20191000,1293.6,20191000,1287.7,20190800
2019-05-28 05:15:00,1293.6,20191000,1293.6,20191000,1287.9,20190800
2019-05-28 05:30:00,1293.6,20191000,1293.6,20191000,1287.4,20190800
2019-05-28 05:45:00,1293.6,20191000,1293.6,20191000,1287.4,20190800
2019-05-28 06:15:00,1294.0,20191000,1294.0,20191000,1288.1,20190800
2019-05-28 06:30:00,1293.9,20191000,1293.9,20191000,1288.1,20190800
2019-05-28 06:45:00,1293.9,20191000,1293.9,20191000,1287.6,20190800
2019-05-28 07:00:00,1293.9,20191000,1293.9,20191000,1288.0,20190800
2019-05-28 07:15:00,1294.2,20191000,1294.2,20191000,1288.1,20190800
2019-05-28 07:30:00,1294.2,20191000,1294.2,20191000,1288.4,20190800
2019-05-28 07:45:00,1293.7,20191000,1293.7,20191000,1287.7,20190800
2019-05-28 08:00:00,1294.4,20191000,1294.4,20191000,1288.6,20190800
2019-05-28 08:15:00,1294.4,20191000,1294.4,20191000,1288.1,20190800
2019-05-28 08:30:00,1293.5,20191000,1293.5,20191000,1288.4,20190800
2019-05-28 08:45:00,1294.5,20191000,1294.5,20191000,1288.1,20190800
2019-05-28 09:00:00,1293.5,20191000,1293.5,20191000,1287.7,20190800
2019-05-28 09:15:00,1293.5,20191000,1293.5,20191000,1288.3,20190800
2019-05-28 09:30:00,1294.9,20191000,1294.9,20191000,1289.3,20190800
2019-05-28 09:45:00,1295.5,20191000,1295.5,20191000,1289.6,20190800
2019-05-28 10:00:00,1295.0,20191000,1295.0,20191000,1289.3,20190800
2019-05-28 10:15:00,1295.0,20191000,1295.0,20191000,1289.1,20190800
2019-05-28 10:30:00,1294.4,20191000,1294.4,20191000,1288.5,20190800
2019-05-28 10:45:00,1294.4,20191000,1294.4,20191000,1288.3,20190800
2019-05-28 11:00:00,1294.4,20191000,1294.4,20191000,1288.6,20190800
2019-05-28 11:15:00,1294.4,20191000,1294.4,20191000,1288.5,20190800
2019-05-28 11:30:00,1294.4,20191000,1294.4,20191000,1289.0,20190800
2019-05-28 11:45:00,1294.4,20191000,1294.4,20191000,1288.8,20190800
2019-05-28 12:00:00,1294.4,20191000,1294.4,20191000,1288.4,20190800
2019-05-28 12:15:00,1294.4,20191000,1294.4,20191000,1288.8,20190800
2019-05-28 12:30:00,1294.6,20191000,1294.6,20191000,1289.1,20190800
2019-05-28 12:45:00,1293.6,20191000,1293.6,20191000,1287.5,20190800
2019-05-28 13:00:00,1292.6,20191000,1292.6,20191000,1285.5,20190800
2019-05-28 13:15:00,1288.0,20191000,1288.0,20191000,1282.1,20190800
2019-05-28 13:30:00,1289.1,20191000,1289.1,20191000,1283.2,20190800
2019-05-28 13:45:00,1289.6,20191000,1289.6,20191000,1284.0,20190800
2019-05-28 14:00:00,1289.0,20191000,1289.0,20191000,1283.2,20190800
2019-05-28 14:15:00,1290.1,20191000,1290.1,20191000,1284.3,20190800
2019-05-28 14:30:00,1288.4,20191000,1288.4,20191000,1282.4,20190800
2019-05-28 14:45:00,1288.9,20191000,1288.9,20191000,1283.2,20190800
2019-05-28 15:00:00,1287.7,20191000,1287.7,20191000,1281.8,20190800
2019-05-28 15:15:00,1288.5,20191000,1288.5,20191000,1283.1,20190800
2019-05-28 15:30:00,1288.6,20191000,1288.6,20191000,1282.5,20190800
2019-05-28 15:45:00,1288.5,20191000,1288.5,20191000,1283.6,20190800
2019-05-28 16:00:00,1289.4,20191000,1289.4,20191000,1283.4,20190800
2019-05-28 16:15:00,1288.6,20191000,1288.6,20191000,1283.4,20190800
2019-05-28 16:30:00,1290.4,20191000,1290.4,20191000,1284.2,20190800
2019-05-28 16:45:00,1290.3,20191000,1290.3,20191000,1284.2,20190800
2019-05-28 17:00:00,1289.1,20191000,1289.1,20191000,1283.2,20190800
2019-05-28 17:15:00,1288.6,20191000,1288.6,20191000,1283.1,20190800
2019-05-28 17:30:00,1288.6,20191000,1288.6,20191000,1282.7,20190800
2019-05-28 17:45:00,1288.6,20191000,1288.6,20191000,1282.5,20190800
2019-05-28 18:00:00,1288.6,20191000,1288.6,20191000,1282.9,20190800
2019-05-28 18:15:00,1288.4,20191000,1288.4,20191000,1282.5,20190800
2019-05-28 18:30:00,1288.4,20191000,1288.4,20191000,1282.8,20190800
2019-05-28 18:45:00,1288.7,20191000,1288.7,20191000,1282.8,20190800
2019-05-28 19:00:00,1288.7,20191000,1288.7,20191000,1283.0,20190800
2019-05-28 19:15:00,1288.7,20191000,1288.7,20191000,1283.4,20190800
2019-05-28 19:30:00,1288.7,20191000,1288.7,20191000,1283.1,20190800
2019-05-28 19:45:00,1288.7,20191000,1288.7,20191000,1283.1,20190800
2019-05-28 20:00:00,1289.5,20191000,1289.5,20191000,1283.3,20190800
2019-05-28 20:15:00,1289.5,20191000,1289.5,20191000,1283.7,20190800
2019-05-28 20:30:00,1289.9,20191000,1289.9,20191000,1284.1,20190800
2019-05-28 20:45:00,1289.9,20191000,1289.9,20191000,1284.2,20190800
2019-05-28 21:00:00,1289.9,20191000,1289.9,20191000,1284.3,20190800
2019-05-28 21:15:00,1289.9,20191000,1289.9,20191000,1284.5,20190800
2019-05-28 21:30:00,1289.9,20191000,1289.9,20191000,1284.9,20190800
2019-05-28 21:45:00,1290.6,20191000,1290.6,20191000,1284.1,20190800
2019-05-28 23:00:00,1288.4,20191000,1288.4,20191000,1287.6,20190800
2019-05-28 23:15:00,1288.4,20191000,1288.4,20191000,1284.4,20190800
2019-05-28 23:30:00,1288.4,20191000,1288.4,20191000,1284.4,20190800
2019-05-28 23:45:00,1288.4,20191000,1288.4,20191000,1284.0,20190800
2019-05-29 00:00:00,1288.4,20191000,1288.4,20191000,1284.2,20190800
2019-05-29 00:15:00,1290.6,20191000,1290.6,20191000,1284.7,20190800
2019-05-29 00:30:00,1290.6,20191000,1290.6,20191000,1284.8,20190800
2019-05-29 00:45:00,1290.6,20191000,1290.6,20191000,1284.8,20190800
2019-05-29 01:00:00,1290.6,20191000,1290.6,20191000,1286.0,20190800
2019-05-29 01:15:00,1291.9,20191000,1291.9,20191000,1285.9,20190800
2019-05-29 01:30:00,1292.4,20191000,1292.4,20191000,1286.4,20190800
2019-05-29 01:45:00,1292.4,20191000,1292.4,20191000,1285.7,20190800
2019-05-29 02:00:00,1291.2,20191000,1291.2,20191000,1285.0,20190800
2019-05-29 02:15:00,1290.5,20191000,1290.5,20191000,1284.5,20190800
2019-05-29 02:30:00,1290.5,20191000,1290.5,20191000,1285.0,20190800
2019-05-29 02:45:00,1290.6,20191000,1290.6,20191000,1284.7,20190800
2019-05-29 03:00:00,1289.8,20191000,1289.8,20191000,1284.5,20190800
2019-05-29 03:15:00,1289.8,20191000,1289.8,20191000,1285.0,20190800
2019-05-29 03:30:00,1289.8,20191000,1289.8,20191000,1285.1,20190800
2019-05-29 03:45:00,1289.8,20191000,1289.8,20191000,1284.8,20190800
2019-05-29 04:00:00,1289.8,20191000,1289.8,20191000,1284.7,20190800
2019-05-29 04:15:00,1289.8,20191000,1289.8,20191000,1284.6,20190800
2019-05-29 04:30:00,1289.8,20191000,1289.8,20191000,1284.3,20190800
2019-05-29 04:45:00,1289.8,20191000,1289.8,20191000,1284.3,20190800
2019-05-29 05:15:00,1289.8,20191000,1289.8,20191000,1285.4,20190800
2019-05-29 05:30:00,1291.3,20191000,1291.3,20191000,1285.9,20190800
2019-05-29 05:45:00,1291.3,20191000,1291.3,20191000,1286.1,20190800
2019-05-29 06:15:00,1292.0,20191000,1292.0,20191000,1286.2,20190800
2019-05-29 06:30:00,1291.4,20191000,1291.4,20191000,1285.7,20190800
2019-05-29 06:45:00,1291.4,20191000,1291.4,20191000,1285.9,20190800
2019-05-29 07:00:00,1291.4,20191000,1291.4,20191000,1286.1,20190800
2019-05-29 07:15:00,1291.4,20191000,1291.4,20191000,1287.7,20190800
2019-05-29 07:30:00,1291.4,20191000,1291.4,20191000,1288.7,20190800
2019-05-29 07:45:00,1291.4,20191000,1291.4,20191000,1288.7,20190800
2019-05-29 08:00:00,1293.7,20191000,1293.7,20191000,1289.4,20190800
2019-05-29 08:15:00,1294.6,20191000,1294.6,20191000,1288.4,20190800
2019-05-29 08:30:00,1294.6,20191000,1294.6,20191000,1289.8,20190800
2019-05-29 08:45:00,1295.6,20191000,1295.6,20191000,1289.7,20190800
2019-05-29 09:00:00,1295.6,20191000,1295.6,20191000,1289.5,20190800
2019-05-29 09:15:00,1295.6,20191000,1295.6,20191000,1289.6,20190800
2019-05-29 09:30:00,1295.6,20191000,1295.6,20191000,1289.4,20190800
2019-05-29 09:45:00,1295.6,20191000,1295.6,20191000,1288.7,20190800
2019-05-29 10:00:00,1295.6,20191000,1295.6,20191000,1289.0,20190800
2019-05-29 10:15:00,1295.6,20191000,1295.6,20191000,1288.7,20190800
2019-05-29 10:30:00,1293.5,20191000,1293.5,20191000,1287.5,20190800
2019-05-29 10:45:00,1293.5,20191000,1293.5,20191000,1287.8,20190800
2019-05-29 11:00:00,1293.5,20191000,1293.5,20191000,1287.3,20190800
2019-05-29 11:15:00,1293.5,20191000,1293.5,20191000,1288.2,20190800
2019-05-29 11:30:00,1293.5,20191000,1293.5,20191000,1288.4,20190800
2019-05-29 11:45:00,1293.5,20191000,1293.5,20191000,1287.9,20190800
2019-05-29 12:00:00,1293.5,20191000,1293.5,20191000,1288.1,20190800
2019-05-29 12:15:00,1294.4,20191000,1294.4,20191000,1289.1,20190800
2019-05-29 12:30:00,1294.4,20191000,1294.4,20191000,1288.9,20190800
2019-05-29 12:45:00,1294.4,20191000,1294.4,20191000,1288.7,20190800
2019-05-29 13:00:00,1295.3,20191000,1295.3,20191000,1289.2,20190800
2019-05-29 13:15:00,1293.9,20191000,1293.9,20191000,1288.3,20190800
2019-05-29 13:30:00,1294.8,20191000,1294.8,20191000,1288.7,20190800
2019-05-29 13:45:00,1292.9,20191000,1292.9,20191000,1287.5,20190800
2019-05-29 14:00:00,1292.9,20191000,1292.9,20191000,1287.1,20190800
2019-05-29 14:15:00,1292.9,20191000,1292.9,20191000,1287.7,20190800
2019-05-29 14:30:00,1293.3,20191000,1293.3,20191000,1286.8,20190800
2019-05-29 14:45:00,1292.6,20191000,1292.6,20191000,1287.1,20190800
2019-05-29 15:00:00,1292.5,20191000,1292.5,20191000,1286.9,20190800
2019-05-29 15:15:00,1291.1,20191000,1291.1,20191000,1285.4,20190800
2019-05-29 15:30:00,1291.4,20191000,1291.4,20191000,1286.9,20190800
2019-05-29 15:45:00,1291.4,20191000,1291.4,20191000,1286.9,20190800
2019-05-29 16:00:00,1292.8,20191000,1292.8,20191000,1286.7,20190800
2019-05-29 16:15:00,1290.8,20191000,1290.8,20191000,1285.7,20190800
2019-05-29 16:30:00,1292.8,20191000,1292.8,20191000,1287.4,20190800
2019-05-29 16:45:00,1294.1,20191000,1294.1,20191000,1288.0,20190800
2019-05-29 17:00:00,1293.1,20191000,1293.1,20191000,1287.3,20190800
2019-05-29 17:15:00,1292.0,20191000,1292.0,20191000,1286.3,20190800
2019-05-29 17:30:00,1292.0,20191000,1292.0,20191000,1286.5,20190800
2019-05-29 17:45:00,1292.0,20191000,1292.0,20191000,1287.1,20190800
2019-05-29 18:00:00,1291.6,20191000,1291.6,20191000,1285.7,20190800
2019-05-29 18:15:00,1292.1,20191000,1292.1,20191000,1286.4,20190800
2019-05-29 18:30:00,1292.1,20191000,1292.1,20191000,1286.4,20190800
2019-05-29 18:45:00,1292.1,20191000,1292.1,20191000,1286.3,20190800
2019-05-29 19:00:00,1292.3,20191000,1292.3,20191000,1286.6,20190800
2019-05-29 19:15:00,1292.3,20191000,1292.3,20191000,1286.3,20190800
2019-05-29 19:30:00,1292.8,20191000,1292.8,20191000,1287.2,20190800
2019-05-29 19:45:00,1292.8,20191000,1292.8,20191000,1287.0,20190800
2019-05-29 20:00:00,1292.8,20191000,1292.8,20191000,1286.5,20190800
2019-05-29 20:15:00,1291.7,20191000,1291.7,20191000,1285.2,20190800
2019-05-29 20:30:00,1290.2,20191000,1290.2,20191000,1284.9,20190800
2019-05-29 20:45:00,1290.4,20191000,1290.4,20191000,1285.2,20190800
2019-05-29 21:00:00,1290.4,20191000,1290.4,20191000,1284.8,20190800
2019-05-29 21:15:00,1290.4,20191000,1290.4,20191000,1284.7,20190800
2019-05-29 21:30:00,1290.4,20191000,1290.4,20191000,1284.8,20190800
2019-05-29 21:45:00,1290.4,20191000,1290.4,20191000,1284.5,20190800
2019-05-29 23:00:00,1290.4,20191000,1290.4,20191000,1285.8,20190800
2019-05-29 23:15:00,1290.4,20191000,1290.4,20191000,1284.4,20190800
2019-05-29 23:30:00,1290.4,20191000,1290.4,20191000,1284.5,20190800
2019-05-29 23:45:00,1290.1,20191000,1290.1,20191000,1284.4,20190800
2019-05-30 00:00:00,1290.7,20191000,1290.7,20191000,1284.8,20190800
2019-05-30 00:15:00,1290.7,20191000,1290.7,20191000,1284.6,20190800
2019-05-30 00:30:00,1290.3,20191000,1290.3,20191000,1284.5,20190800
2019-05-30 00:45:00,1290.3,20191000,1290.3,20191000,1284.3,20190800
2019-05-30 01:00:00,1290.3,20191000,1290.3,20191000,1283.8,20190800
2019-05-30 01:15:00,1290.3,20191000,1290.3,20191000,1283.7,20190800
2019-05-30 01:30:00,1290.3,20191000,1290.3,20191000,1284.0,20190800
2019-05-30 01:45:00,1290.3,20191000,1290.3,20191000,1284.2,20190800
2019-05-30 02:00:00,1290.3,20191000,1290.3,20191000,1283.0,20190800
2019-05-30 02:15:00,1290.3,20191000,1290.3,20191000,1283.3,20190800
2019-05-30 02:30:00,1290.3,20191000,1290.3,20191000,1283.1,20190800
2019-05-30 02:45:00,1290.3,20191000,1290.3,20191000,1282.7,20190800
2019-05-30 03:00:00,1290.3,20191000,1290.3,20191000,1282.7,20190800
2019-05-30 03:15:00,1290.3,20191000,1290.3,20191000,1282.6,20190800
2019-05-30 03:30:00,1290.3,20191000,1290.3,20191000,1282.4,20190800
2019-05-30 03:45:00,1288.3,20191000,1288.3,20191000,1282.8,20190800
2019-05-30 04:00:00,1288.0,20191000,1288.0,20191000,1282.1,20190800
2019-05-30 04:15:00,1287.8,20191000,1287.8,20191000,1281.9,20190800
2019-05-30 04:30:00,1287.8,20191000,1287.8,20191000,1282.0,20190800
2019-05-30 04:45:00,1287.8,20191000,1287.8,20191000,1282.2,20190800
2019-05-30 05:15:00,1287.8,20191000,1287.8,20191000,1282.0,20190800
2019-05-30 05:30:00,1287.8,20191000,1287.8,20191000,1281.9,20190800
2019-05-30 05:45:00,1287.8,20191000,1287.8,20191000,1282.1,20190800
2019-05-30 06:15:00,1287.8,20191000,1287.8,20191000,1281.8,20190800
2019-05-30 06:30:00,1287.8,20191000,1287.8,20191000,1281.6,20190800
2019-05-30 06:45:00,1287.8,20191000,1287.8,20191000,1281.4,20190800
2019-05-30 07:00:00,1287.8,20191000,1287.8,20191000,1281.7,20190800
2019-05-30 07:15:00,1287.9,20191000,1287.9,20191000,1282.0,20190800
2019-05-30 07:30:00,1287.9,20191000,1287.9,20191000,1282.7,20190800
2019-05-30 07:45:00,1287.9,20191000,1287.9,20191000,1281.9,20190800
2019-05-30 08:00:00,1287.4,20191000,1287.4,20191000,1280.0,20190800
2019-05-30 08:15:00,1287.4,20191000,1287.4,20191000,1280.0,20190800
2019-05-30 08:30:00,1286.1,20191000,1286.1,20191000,1280.4,20190800
2019-05-30 08:45:00,1286.1,20191000,1286.1,20191000,1280.5,20190800
2019-05-30 09:00:00,1286.1,20191000,1286.1,20191000,1280.3,20190800
2019-05-30 09:15:00,1286.7,20191000,1286.7,20191000,1280.4,20190800
2019-05-30 09:30:00,1286.7,20191000,1286.7,20191000,1280.7,20190800
2019-05-30 09:45:00,1287.8,20191000,1287.8,20191000,1281.3,20190800
2019-05-30 10:00:00,1286.9,20191000,1286.9,20191000,1280.6,20190800
2019-05-30 10:15:00,1286.9,20191000,1286.9,20191000,1280.5,20190800
2019-05-30 10:30:00,1286.9,20191000,1286.9,20191000,1281.3,20190800
2019-05-30 10:45:00,1286.9,20191000,1286.9,20191000,1280.9,20190800
2019-05-30 11:00:00,1286.9,20191000,1286.9,20191000,1280.8,20190800
2019-05-30 11:15:00,1286.5,20191000,1286.5,20191000,1280.6,20190800
2019-05-30 11:30:00,1286.1,20191000,1286.1,20191000,1280.8,20190800
2019-05-30 11:45:00,1287.2,20191000,1287.2,20191000,1281.1,20190800
2019-05-30 12:00:00,1287.2,20191000,1287.2,20191000,1281.2,20190800
2019-05-30 12:15:00,1287.2,20191000,1287.2,20191000,1281.9,20190800
2019-05-30 12:30:00,1287.2,20191000,1287.2,20191000,1282.2,20190800
2019-05-30 12:45:00,1287.9,20191000,1287.9,20191000,1282.1,20190800
2019-05-30 13:00:00,1290.0,20191000,1290.0,20191000,1284.3,20190800
2019-05-30 13:15:00,1290.0,20191000,1290.0,20191000,1284.6,20190800
2019-05-30 13:30:00,1290.5,20191000,1290.5,20191000,1285.0,20190800
2019-05-30 13:45:00,1291.4,20191000,1291.4,20191000,1285.8,20190800
2019-05-30 14:00:00,1291.4,20191000,1291.4,20191000,1285.9,20190800
2019-05-30 14:15:00,1292.1,20191000,1292.1,20191000,1286.3,20190800
2019-05-30 14:30:00,1290.4,20191000,1290.4,20191000,1284.5,20190800
2019-05-30 14:45:00,1290.8,20191000,1290.8,20191000,1285.3,20190800
2019-05-30 15:00:00,1291.9,20191000,1291.9,20191000,1286.8,20190800
2019-05-30 15:15:00,1292.5,20191000,1292.5,20191000,1286.5,20190800
2019-05-30 15:30:00,1292.5,20191000,1292.5,20191000,1287.8,20190800
2019-05-30 15:45:00,1294.0,20191000,1294.0,20191000,1288.3,20190800
2019-05-30 16:00:00,1299.1,20191000,1299.1,20191000,1292.8,20190800
2019-05-30 16:15:00,1297.6,20191000,1297.6,20191000,1292.2,20190800
2019-05-30 16:30:00,1297.6,20191000,1297.6,20191000,1291.7,20190800
2019-05-30 16:45:00,1297.6,20191000,1297.6,20191000,1291.8,20190800
2019-05-30 17:00:00,1296.6,20191000,1296.6,20191000,1291.0,20190800
2019-05-30 17:15:00,1296.6,20191000,1296.6,20191000,1291.0,20190800
2019-05-30 17:30:00,1296.9,20191000,1296.9,20191000,1291.0,20190800
2019-05-30 17:45:00,1296.9,20191000,1296.9,20191000,1291.6,20190800
2019-05-30 18:00:00,1296.9,20191000,1296.9,20191000,1291.4,20190800
2019-05-30 18:15:00,1298.3,20191000,1298.3,20191000,1292.4,20190800
2019-05-30 18:30:00,1298.8,20191000,1298.8,20191000,1292.4,20190800
2019-05-30 18:45:00,1298.8,20191000,1298.8,20191000,1292.6,20190800
2019-05-30 19:00:00,1298.2,20191000,1298.2,20191000,1292.5,20190800
2019-05-30 19:15:00,1298.2,20191000,1298.2,20191000,1292.9,20190800
2019-05-30 19:30:00,1299.0,20191000,1299.0,20191000,1293.3,20190800
2019-05-30 19:45:00,1299.0,20191000,1299.0,20191000,1292.8,20190800
2019-05-30 20:00:00,1299.0,20191000,1299.0,20191000,1292.8,20190800
2019-05-30 20:15:00,1299.0,20191000,1299.0,20191000,1292.6,20190800
2019-05-30 20:30:00,1298.1,20191000,1298.1,20191000,1292.5,20190800
2019-05-30 20:45:00,1298.1,20191000,1298.1,20191000,1293.5,20190800
2019-05-30 21:00:00,1298.1,20191000,1298.1,20191000,1293.2,20190800
2019-05-30 21:15:00,1298.1,20191000,1298.1,20191000,1293.3,20190800
2019-05-30 21:30:00,1298.1,20191000,1298.1,20191000,1293.1,20190800
2019-05-30 21:45:00,1299.1,20191000,1299.1,20191000,1293.2,20190800
2019-05-30 23:00:00,1298.1,20191000,1298.1,20191000,1281.8,20190800
2019-05-30 23:15:00,1298.1,20191000,1298.1,20191000,1292.7,20190800
2019-05-30 23:30:00,1298.1,20191000,1298.1,20191000,1292.7,20190800
2019-05-30 23:45:00,1298.1,20191000,1298.1,20191000,1292.8,20190800
2019-05-31 00:00:00,1298.1,20191000,1298.1,20191000,1292.9,20190800
2019-05-31 00:15:00,1298.1,20191000,1298.1,20191000,1293.3,20190800
2019-05-31 00:30:00,1299.1,20191000,1299.1,20191000,1294.0,20190800
2019-05-31 00:45:00,1300.7,20191000,1300.7,20191000,1295.2,20190800
2019-05-31 01:00:00,1300.7,20191000,1300.7,20191000,1295.6,20190800
2019-05-31 01:15:00,1300.7,20191000,1300.7,20191000,1295.4,20190800
2019-05-31 01:30:00,1301.6,20191000,1301.6,20191000,1296.7,20190800
2019-05-31 01:45:00,1301.9,20191000,1301.9,20191000,1296.3,20190800
2019-05-31 02:00:00,1302.7,20191000,1302.7,20191000,1297.7,20190800
2019-05-31 02:15:00,1302.6,20191000,1302.6,20191000,1297.0,20190800
2019-05-31 02:30:00,1302.9,20191000,1302.9,20191000,1296.6,20190800
2019-05-31 02:45:00,1302.9,20191000,1302.9,20191000,1296.5,20190800
2019-05-31 03:00:00,1302.9,20191000,1302.9,20191000,1295.7,20190800
2019-05-31 03:15:00,1301.8,20191000,1301.8,20191000,1295.8,20190800
2019-05-31 03:30:00,1301.8,20191000,1301.8,20191000,1295.9,20190800
2019-05-31 03:45:00,1301.8,20191000,1301.8,20191000,1295.4,20190800
2019-05-31 04:00:00,1301.4,20191000,1301.4,20191000,1295.5,20190800
2019-05-31 04:15:00,1301.1,20191000,1301.1,20191000,1295.8,20190800
2019-05-31 04:30:00,1301.1,20191000,1301.1,20191000,1296.1,20190800
2019-05-31 04:45:00,1302.2,20191000,1302.2,20191000,1296.2,20190800
2019-05-31 05:15:00,1302.2,20191000,1302.2,20191000,1296.6,20190800
2019-05-31 05:30:00,1302.3,20191000,1302.3,20191000,1297.0,20190800
2019-05-31 05:45:00,1302.3,20191000,1302.3,20191000,1297.3,20190800
2019-05-31 06:15:00,1303.7,20191000,1303.7,20191000,1297.3,20190800
2019-05-31 06:30:00,1302.8,20191000,1302.8,20191000,1297.4,20190800
2019-05-31 06:45:00,1303.5,20191000,1303.5,20191000,1297.2,20190800
2019-05-31 07:00:00,1302.8,20191000,1302.8,20191000,1297.1,20190800
2019-05-31 07:15:00,1302.9,20191000,1302.9,20191000,1297.7,20190800
2019-05-31 07:30:00,1302.9,20191000,1302.9,20191000,1298.6,20190800
2019-05-31 07:45:00,1302.9,20191000,1302.9,20191000,1299.3,20190800
2019-05-31 08:00:00,1304.8,20191000,1304.8,20191000,1300.5,20190800
2019-05-31 08:15:00,1305.7,20191000,1305.7,20191000,1299.2,20190800
2019-05-31 08:30:00,1305.7,20191000,1305.7,20191000,1299.0,20190800
2019-05-31 08:45:00,1305.7,20191000,1305.7,20191000,1300.0,20190800
2019-05-31 09:00:00,1305.6,20191000,1305.6,20191000,1300.0,20190800
2019-05-31 09:15:00,1306.0,20191000,1306.0,20191000,1299.6,20190800
2019-05-31 09:30:00,1304.7,20191000,1304.7,20191000,1299.1,20190800
2019-05-31 09:45:00,1304.7,20191000,1304.7,20191000,1299.6,20190800
2019-05-31 10:00:00,1305.6,20191000,1305.6,20191000,1300.1,20190800
2019-05-31 10:15:00,1306.5,20191000,1306.5,20191000,1300.9,20190800
2019-05-31 10:30:00,1307.5,20191000,1307.5,20191000,1302.2,20190800
2019-05-31 10:45:00,1309.2,20191000,1309.2,20191000,1303.7,20190800
2019-05-31 11:00:00,1309.7,20191000,1309.7,20191000,1303.4,20190800
2019-05-31 11:15:00,1309.7,20191000,1309.7,20191000,1303.3,20190800
2019-05-31 11:30:00,1308.1,20191000,1308.1,20191000,1302.3,20190800
2019-05-31 11:45:00,1308.1,20191000,1308.1,20191000,1302.2,20190800
2019-05-31 12:00:00,1306.7,20191000,1306.7,20191000,1301.4,20190800
2019-05-31 12:15:00,1306.7,20191000,1306.7,20191000,1301.6,20190800
2019-05-31 12:30:00,1306.7,20191000,1306.7,20191000,1301.8,20190800
2019-05-31 12:45:00,1306.7,20191000,1306.7,20191000,1302.4,20190800
2019-05-31 13:00:00,1308.6,20191000,1308.6,20191000,1303.2,20190800
2019-05-31 13:15:00,1308.6,20191000,1308.6,20191000,1302.7,20190800
2019-05-31 13:30:00,1307.0,20191000,1307.0,20191000,1301.3,20190800
2019-05-31 13:45:00,1307.5,20191000,1307.5,20191000,1302.1,20190800
2019-05-31 14:00:00,1308.5,20191000,1308.5,20191000,1302.7,20190800
2019-05-31 14:15:00,1309.0,20191000,1309.0,20191000,1303.1,20190800
2019-05-31 14:30:00,1309.4,20191000,1309.4,20191000,1302.4,20190800
2019-05-31 14:45:00,1309.4,20191000,1309.4,20191000,1301.4,20190800
2019-05-31 15:00:00,1309.4,20191000,1309.4,20191000,1303.5,20190800
2019-05-31 15:15:00,1310.5,20191000,1310.5,20191000,1304.7,20190800
2019-05-31 15:30:00,1314.6,20191000,1314.6,20191000,1309.0,20190800
2019-05-31 15:45:00,1313.1,20191000,1313.1,20191000,1307.4,20190800
2019-05-31 16:00:00,1311.0,20191000,1311.0,20191000,1305.0,20190800
2019-05-31 16:15:00,1311.0,20191000,1311.0,20191000,1305.5,20190800
2019-05-31 16:30:00,1312.2,20191000,1312.2,20191000,1306.4,20190800
2019-05-31 16:45:00,1312.2,20191000,1312.2,20191000,1306.6,20190800
2019-05-31 17:00:00,1313.0,20191000,1313.0,20191000,1307.3,20190800
2019-05-31 17:15:00,1314.1,20191000,1314.1,20191000,1308.4,20190800
2019-05-31 17:30:00,1315.2,20191000,1315.2,20191000,1308.8,20190800
2019-05-31 17:45:00,1315.0,20191000,1315.0,20191000,1309.4,20190800
2019-05-31 18:00:00,1314.3,20191000,1314.3,20191000,1308.6,20190800
2019-05-31 18:15:00,1316.6,20191000,1316.6,20191000,1310.7,20190800
2019-05-31 18:30:00,1316.1,20191000,1316.1,20191000,1311.3,20190800
2019-05-31 18:45:00,1315.8,20191000,1315.8,20191000,1309.6,20190800
2019-05-31 19:00:00,1316.2,20191000,1316.2,20191000,1310.5,20190800
2019-05-31 19:15:00,1316.2,20191000,1316.2,20191000,1309.6,20190800
2019-05-31 19:30:00,1315.5,20191000,1315.5,20191000,1309.7,20190800
2019-05-31 19:45:00,1317.3,20191000,1317.3,20191000,1311.2,20190800
2019-05-31 20:00:00,1316.6,20191000,1316.6,20191000,1310.8,20190800
2019-05-31 20:15:00,1316.2,20191000,1316.2,20191000,1310.4,20190800
2019-05-31 20:30:00,1316.9,20191000,1316.9,20191000,1311.3,20190800
2019-05-31 20:45:00,1316.9,20191000,1316.9,20191000,1311.2,20190800
2019-05-31 21:00:00,1316.4,20191000,1316.4,20191000,1310.5,20190800
2019-05-31 21:15:00,1316.1,20191000,1316.1,20191000,1310.2,20190800
2019-05-31 21:30:00,1316.1,20191000,1316.1,20191000,1310.1,20190800
2019-05-31 21:45:00,1316.1,20191000,1316.1,20191000,1310.2,20190800
2019-05-31 23:00:00,1303.9,20191000,1303.9,20191000,1298.1,20190800
2019-06-02 23:00:00,1317.4,20191000,1317.4,20191000,1312.2,20190800
2019-06-02 23:15:00,1317.4,20191000,1317.4,20191000,1312.8,20190800
2019-06-02 23:30:00,1317.4,20191000,1317.4,20191000,1313.3,20190800
2019-06-02 23:45:00,1318.8,20191000,1318.8,20191000,1313.3,20190800
2019-06-03 00:00:00,1317.8,20191000,1317.8,20191000,1312.1,20190800
2019-06-03 00:15:00,1318.7,20191000,1318.7,20191000,1312.4,20190800
2019-06-03 00:30:00,1318.7,20191000,1318.7,20191000,1313.4,20190800
2019-06-03 00:45:00,1319.9,20191000,1319.9,20191000,1314.3,20190800
2019-06-03 01:00:00,1319.9,20191000,1319.9,20191000,1314.1,20190800
2019-06-03 01:15:00,1319.9,20191000,1319.9,20191000,1314.4,20190800
2019-06-03 01:30:00,1319.9,20191000,1319.9,20191000,1313.9,20190800
2019-06-03 01:45:00,1319.4,20191000,1319.4,20191000,1313.5,20190800
2019-06-03 02:00:00,1319.9,20191000,1319.9,20191000,1314.1,20190800
2019-06-03 02:15:00,1320.4,20191000,1320.4,20191000,1314.9,20190800
2019-06-03 02:30:00,1321.9,20191000,1321.9,20191000,1316.1,20190800
2019-06-03 02:45:00,1321.9,20191000,1321.9,20191000,1316.6,20190800
2019-06-03 03:00:00,1321.7,20191000,1321.7,20191000,1316.8,20190800
2019-06-03 03:15:00,1323.0,20191000,1323.0,20191000,1317.1,20190800
2019-06-03 03:30:00,1323.0,20191000,1323.0,20191000,1316.9,20190800
2019-06-03 03:45:00,1322.4,20191000,1322.4,20191000,1317.5,20190800
2019-06-03 04:00:00,1322.4,20191000,1322.4,20191000,1317.4,20190800
2019-06-03 04:15:00,1322.4,20191000,1322.4,20191000,1316.8,20190800
2019-06-03 04:30:00,1322.4,20191000,1322.4,20191000,1317.0,20190800
2019-06-03 04:45:00,1322.7,20191000,1322.7,20191000,1316.9,20190800
2019-06-03 05:15:00,1322.7,20191000,1322.7,20191000,1316.6,20190800
2019-06-03 05:30:00,1322.1,20191000,1322.1,20191000,1316.6,20190800
2019-06-03 05:45:00,1322.1,20191000,1322.1,20191000,1317.5,20190800
2019-06-03 06:15:00,1322.1,20191000,1322.1,20191000,1316.8,20190800
2019-06-03 06:30:00,1322.7,20191000,1322.7,20191000,1316.6,20190800
2019-06-03 06:45:00,1322.0,20191000,1322.0,20191000,1316.2,20190800
2019-06-03 07:00:00,1322.0,20191000,1322.0,20191000,1316.6,20190800
2019-06-03 07:15:00,1321.8,20191000,1321.8,20191000,1316.0,20190800
2019-06-03 07:30:00,1321.2,20191000,1321.2,20191000,1315.2,20190800
2019-06-03 07:45:00,1320.4,20191000,1320.4,20191000,1314.6,20190800
2019-06-03 08:00:00,1324.1,20191000,1324.1,20191000,1318.3,20190800
2019-06-03 08:15:00,1323.9,20191000,1323.9,20191000,1318.5,20190800
2019-06-03 08:30:00,1324.7,20191000,1324.7,20191000,1319.3,20190800
2019-06-03 08:45:00,1326.0,20191000,1326.0,20191000,1320.1,20190800
2019-06-03 09:00:00,1325.7,20191000,1325.7,20191000,1320.1,20190800
2019-06-03 09:15:00,1325.7,20191000,1325.7,20191000,1319.9,20190800
2019-06-03 09:30:00,1326.0,20191000,1326.0,20191000,1319.9,20190800
2019-06-03 09:45:00,1326.0,20191000,1326.0,20191000,1319.2,20190800
2019-06-03 10:00:00,1324.7,20191000,1324.7,20191000,1318.5,20190800
2019-06-03 10:15:00,1324.3,20191000,1324.3,20191000,1319.3,20190800
2019-06-03 10:30:00,1324.3,20191000,1324.3,20191000,1319.0,20190800
2019-06-03 10:45:00,1324.3,20191000,1324.3,20191000,1319.3,20190800
2019-06-03 11:00:00,1325.6,20191000,1325.6,20191000,1319.9,20190800
2019-06-03 11:15:00,1325.6,20191000,1325.6,20191000,1322.0,20190800
2019-06-03 11:30:00,1327.7,20191000,1327.7,20191000,1322.0,20190800
2019-06-03 11:45:00,1327.5,20191000,1327.5,20191000,1321.5,20190800
2019-06-03 12:00:00,1327.6,20191000,1327.6,20191000,1321.5,20190800
2019-06-03 12:15:00,1327.6,20191000,1327.6,20191000,1323.1,20190800
2019-06-03 12:30:00,1328.8,20191000,1328.8,20191000,1322.1,20190800
2019-06-03 12:45:00,1327.8,20191000,1327.8,20191000,1321.9,20190800
2019-06-03 13:00:00,1328.4,20191000,1328.4,20191000,1322.4,20190800
2019-06-03 13:15:00,1328.3,20191000,1328.3,20191000,1322.8,20190800
2019-06-03 13:30:00,1328.4,20191000,1328.4,20191000,1323.0,20190800
2019-06-03 13:45:00,1327.3,20191000,1327.3,20191000,1321.0,20190800
2019-06-03 14:00:00,1324.7,20191000,1324.7,20191000,1320.1,20190800
2019-06-03 14:15:00,1324.7,20191000,1324.7,20191000,1319.5,20190800
2019-06-03 14:30:00,1324.1,20191000,1324.1,20191000,1319.7,20190800
2019-06-03 14:45:00,1327.1,20191000,1327.1,20191000,1321.5,20190800
2019-06-03 15:00:00,1327.9,20191000,1327.9,20191000,1322.8,20190800
2019-06-03 15:15:00,1329.4,20191000,1329.4,20191000,1323.1,20190800
2019-06-03 15:30:00,1328.7,20191000,1328.7,20191000,1323.6,20190800
2019-06-03 15:45:00,1330.0,20191000,1330.0,20191000,1324.9,20190800
2019-06-03 16:00:00,1330.1,20191000,1330.1,20191000,1324.7,20190800
2019-06-03 16:15:00,1330.1,20191000,1330.1,20191000,1324.2,20190800
2019-06-03 16:30:00,1329.3,20191000,1329.3,20191000,1323.6,20190800
2019-06-03 16:45:00,1329.3,20191000,1329.3,20191000,1324.3,20190800
2019-06-03 17:00:00,1331.1,20191000,1331.1,20191000,1325.5,20190800
2019-06-03 17:15:00,1331.5,20191000,1331.5,20191000,1325.8,20190800
2019-06-03 17:30:00,1331.6,20191000,1331.6,20191000,1326.2,20190800
2019-06-03 17:45:00,1331.1,20191000,1331.1,20191000,1325.5,20190800
2019-06-03 18:00:00,1331.6,20191000,1331.6,20191000,1326.1,20190800
2019-06-03 18:15:00,1334.0,20191000,1334.0,20191000,1328.1,20190800
2019-06-03 18:30:00,1335.5,20191000,1335.5,20191000,1328.8,20190800
2019-06-03 18:45:00,1335.5,20191000,1335.5,20191000,1330.7,20190800
2019-06-03 19:00:00,1334.3,20191000,1334.3,20191000,1329.3,20190800
2019-06-03 19:15:00,1334.3,20191000,1334.3,20191000,1329.2,20190800
2019-06-03 19:30:00,1335.5,20191000,1335.5,20191000,1329.7,20190800
2019-06-03 19:45:00,1336.1,20191000,1336.1,20191000,1331.2,20190800
2019-06-03 20:00:00,1337.4,20191000,1337.4,20191000,1332.5,20190800
2019-06-03 20:15:00,1338.3,20191000,1338.3,20191000,1332.4,20190800
2019-06-03 20:30:00,1338.3,20191000,1338.3,20191000,1331.0,20190800
2019-06-03 20:45:00,1338.3,20191000,1338.3,20191000,1330.4,20190800
2019-06-03 21:00:00,1335.5,20191000,1335.5,20191000,1329.7,20190800
2019-06-03 21:15:00,1335.7,20191000,1335.7,20191000,1330.0,20190800
2019-06-03 21:30:00,1335.7,20191000,1335.7,20191000,1330.0,20190800
2019-06-03 21:45:00,1335.7,20191000,1335.7,20191000,1330.2,20190800
2019-06-03 23:00:00,1333.0,20191000,1333.0,20191000,1317.7,20190800
2019-06-03 23:15:00,1335.4,20191000,1335.4,20191000,1329.7,20190800
2019-06-03 23:30:00,1335.4,20191000,1335.4,20191000,1329.6,20190800
2019-06-03 23:45:00,1335.4,20191000,1335.4,20191000,1329.8,20190800
2019-06-04 00:00:00,1336.0,20191000,1336.0,20191000,1330.8,20190800
2019-06-04 00:15:00,1336.6,20191000,1336.6,20191000,1330.7,20190800
2019-06-04 00:30:00,1336.6,20191000,1336.6,20191000,1330.7,20190800
2019-06-04 00:45:00,1336.6,20191000,1336.6,20191000,1330.1,20190800
2019-06-04 01:00:00,1335.9,20191000,1335.9,20191000,1331.0,20190800
2019-06-04 01:15:00,1337.2,20191000,1337.2,20191000,1331.5,20190800
2019-06-04 01:30:00,1337.0,20191000,1337.0,20191000,1331.4,20190800
2019-06-04 01:45:00,1337.0,20191000,1337.0,20191000,1332.0,20190800
2019-06-04 02:00:00,1337.0,20191000,1337.0,20191000,1331.8,20190800
2019-06-04 02:15:00,1338.0,20191000,1338.0,20191000,1332.1,20190800
2019-06-04 02:30:00,1336.4,20191000,1336.4,20191000,1330.8,20190800
2019-06-04 02:45:00,1336.4,20191000,1336.4,20191000,1330.0,20190800
2019-06-04 03:00:00,1335.0,20191000,1335.0,20191000,1329.1,20190800
2019-06-04 03:15:00,1335.0,20191000,1335.0,20191000,1328.6,20190800
2019-06-04 03:30:00,1335.0,20191000,1335.0,20191000,1328.7,20190800
2019-06-04 03:45:00,1335.0,20191000,1335.0,20191000,1328.9,20190800
2019-06-04 04:00:00,1334.2,20191000,1334.2,20191000,1328.5,20190800
2019-06-04 04:15:00,1333.0,20191000,1333.0,20191000,1326.8,20190800
2019-06-04 04:30:00,1333.0,20191000,1333.0,20191000,1327.0,20190800
2019-06-04 04:45:00,1333.0,20191000,1333.0,20191000,1327.6,20190800
2019-06-04 05:15:00,1333.0,20191000,1333.0,20191000,1327.9,20190800
2019-06-04 05:30:00,1333.6,20191000,1333.6,20191000,1327.6,20190800
2019-06-04 05:45:00,1333.8,20191000,1333.8,20191000,1327.9,20190800
2019-06-04 06:15:00,1333.8,20191000,1333.8,20191000,1328.6,20190800
2019-06-04 06:30:00,1334.8,20191000,1334.8,20191000,1329.5,20190800
2019-06-04 06:45:00,1334.8,20191000,1334.8,20191000,1329.5,20190800
2019-06-04 07:00:00,1334.8,20191000,1334.8,20191000,1330.6,20190800
2019-06-04 07:15:00,1334.8,20191000,1334.8,20191000,1330.7,20190800
2019-06-04 07:30:00,1334.8,20191000,1334.8,20191000,1330.9,20190800
2019-06-04 07:45:00,1334.8,20191000,1334.8,20191000,1331.2,20190800
2019-06-04 08:00:00,1334.8,20191000,1334.8,20191000,1333.4,20190800
2019-06-04 08:15:00,1334.8,20191000,1334.8,20191000,1333.1,20190800
2019-06-04 08:30:00,1334.8,20191000,1334.8,20191000,1333.2,20190800
2019-06-04 08:45:00,1339.2,20191000,1339.2,20191000,1333.4,20190800
2019-06-04 09:00:00,1339.2,20191000,1339.2,20191000,1333.9,20190800
2019-06-04 09:15:00,1339.3,20191000,1339.3,20191000,1333.7,20190800
2019-06-04 09:30:00,1334.7,20191000,1334.7,20191000,1329.4,20190800
2019-06-04 09:45:00,1335.2,20191000,1335.2,20191000,1329.3,20190800
2019-06-04 10:00:00,1334.4,20191000,1334.4,20191000,1328.6,20190800
2019-06-04 10:15:00,1334.4,20191000,1334.4,20191000,1328.2,20190800
2019-06-04 10:30:00,1335.0,20191000,1335.0,20191000,1329.8,20190800
2019-06-04 10:45:00,1335.0,20191000,1335.0,20191000,1329.7,20190800
2019-06-04 11:00:00,1335.6,20191000,1335.6,20191000,1330.3,20190800
2019-06-04 11:15:00,1335.6,20191000,1335.6,20191000,1330.9,20190800
2019-06-04 11:30:00,1335.6,20191000,1335.6,20191000,1331.0,20190800
2019-06-04 11:45:00,1337.4,20191000,1337.4,20191000,1331.7,20190800
2019-06-04 12:00:00,1337.5,20191000,1337.5,20191000,1331.2,20190800
2019-06-04 12:15:00,1337.5,20191000,1337.5,20191000,1330.5,20190800
2019-06-04 12:30:00,1336.0,20191000,1336.0,20191000,1330.3,20190800
2019-06-04 12:45:00,1334.0,20191000,1334.0,20191000,1328.3,20190800
2019-06-04 13:00:00,1332.3,20191000,1332.3,20191000,1326.5,20190800
2019-06-04 13:15:00,1333.0,20191000,1333.0,20191000,1326.5,20190800
2019-06-04 13:30:00,1332.1,20191000,1332.1,20191000,1326.2,20190800
2019-06-04 13:45:00,1334.1,20191000,1334.1,20191000,1328.0,20190800
2019-06-04 14:00:00,1331.5,20191000,1331.5,20191000,1325.9,20190800
2019-06-04 14:15:00,1333.2,20191000,1333.2,20191000,1327.7,20190800
2019-06-04 14:30:00,1332.4,20191000,1332.4,20191000,1327.8,20190800
2019-06-04 14:45:00,1337.6,20191000,1337.6,20191000,1329.1,20190800
2019-06-04 15:00:00,1333.3,20191000,1333.3,20191000,1330.8,20190800
2019-06-04 15:15:00,1333.3,20191000,1333.3,20191000,1329.8,20190800
2019-06-04 15:30:00,1332.0,20191000,1332.0,20191000,1325.7,20190800
2019-06-04 15:45:00,1331.4,20191000,1331.4,20191000,1325.9,20190800
2019-06-04 16:00:00,1331.0,20191000,1331.0,20191000,1326.0,20190800
2019-06-04 16:15:00,1331.3,20191000,1331.3,20191000,1325.4,20190800
2019-06-04 16:30:00,1331.3,20191000,1331.3,20191000,1326.2,20190800
2019-06-04 16:45:00,1331.3,20191000,1331.3,20191000,1327.3,20190800
2019-06-04 17:00:00,1333.0,20191000,1333.0,20191000,1327.2,20190800
2019-06-04 17:15:00,1333.0,20191000,1333.0,20191000,1328.2,20190800
2019-06-04 17:30:00,1333.0,20191000,1333.0,20191000,1328.2,20190800
2019-06-04 17:45:00,1333.8,20191000,1333.8,20191000,1328.3,20190800
2019-06-04 18:00:00,1333.8,20191000,1333.8,20191000,1328.0,20190800
2019-06-04 18:15:00,1334.3,20191000,1334.3,20191000,1329.2,20190800
2019-06-04 18:30:00,1335.5,20191000,1335.5,20191000,1329.6,20190800
2019-06-04 18:45:00,1335.5,20191000,1335.5,20191000,1330.3,20190800
2019-06-04 19:00:00,1336.7,20191000,1336.7,20191000,1331.4,20190800
2019-06-04 19:15:00,1336.6,20191000,1336.6,20191000,1331.0,20190800
2019-06-04 19:30:00,1336.8,20191000,1336.8,20191000,1331.1,20190800
2019-06-04 19:45:00,1336.8,20191000,1336.8,20191000,1330.9,20190800
2019-06-04 20:00:00,1336.5,20191000,1336.5,20191000,1330.8,20190800
2019-06-04 20:15:00,1336.5,20191000,1336.5,20191000,1331.0,20190800
2019-06-04 20:30:00,1338.6,20191000,1338.6,20191000,1331.8,20190800
2019-06-04 20:45:00,1338.6,20191000,1338.6,20191000,1331.3,20190800
2019-06-04 21:00:00,1336.0,20191000,1336.0,20191000,1330.3,20190800
2019-06-04 21:15:00,1336.0,20191000,1336.0,20191000,1330.1,20190800
2019-06-04 21:30:00,1336.3,20191000,1336.3,20191000,1331.4,20190800
2019-06-04 21:45:00,1337.2,20191000,1337.2,20191000,1330.2,20190800
2019-06-04 23:00:00,1335.5,20191000,1335.5,20191000,1328.2,20190800
2019-06-04 23:15:00,1335.5,20191000,1335.5,20191000,1329.4,20190800
2019-06-04 23:30:00,1335.5,20191000,1335.5,20191000,1329.9,20190800
2019-06-04 23:45:00,1335.5,20191000,1335.5,20191000,1330.2,20190800
2019-06-05 00:00:00,1335.5,20191000,1335.5,20191000,1330.1,20190800
2019-06-05 00:15:00,1335.5,20191000,1335.5,20191000,1330.2,20190800
2019-06-05 00:30:00,1335.5,20191000,1335.5,20191000,1329.8,20190800
2019-06-05 00:45:00,1335.5,20191000,1335.5,20191000,1330.0,20190800
2019-06-05 01:00:00,1337.5,20191000,1337.5,20191000,1331.6,20190800
2019-06-05 01:15:00,1337.0,20191000,1337.0,20191000,1331.1,20190800
2019-06-05 01:30:00,1337.0,20191000,1337.0,20191000,1331.7,20190800
2019-06-05 01:45:00,1337.3,20191000,1337.3,20191000,1331.6,20190800
2019-06-05 02:00:00,1337.3,20191000,1337.3,20191000,1330.6,20190800
2019-06-05 02:15:00,1337.3,20191000,1337.3,20191000,1331.4,20190800
2019-06-05 02:30:00,1337.3,20191000,1337.3,20191000,1331.4,20190800
2019-06-05 02:45:00,1337.3,20191000,1337.3,20191000,1331.5,20190800
2019-06-05 03:00:00,1337.3,20191000,1337.3,20191000,1331.6,20190800
2019-06-05 03:15:00,1337.3,20191000,1337.3,20191000,1331.4,20190800
2019-06-05 03:30:00,1336.9,20191000,1336.9,20191000,1331.2,20190800
2019-06-05 03:45:00,1336.2,20191000,1336.2,20191000,1330.5,20190800
2019-06-05 04:00:00,1336.0,20191000,1336.0,20191000,1330.8,20190800
2019-06-05 04:15:00,1335.9,20191000,1335.9,20191000,1330.6,20190800
2019-06-05 04:30:00,1336.5,20191000,1336.5,20191000,1331.0,20190800
2019-06-05 04:45:00,1336.5,20191000,1336.5,20191000,1331.4,20190800
2019-06-05 05:15:00,1336.5,20191000,1336.5,20191000,1330.8,20190800
2019-06-05 05:30:00,1336.5,20191000,1336.5,20191000,1330.6,20190800
2019-06-05 05:45:00,1336.5,20191000,1336.5,20191000,1330.4,20190800
2019-06-05 06:15:00,1336.5,20191000,1336.5,20191000,1331.4,20190800
2019-06-05 06:30:00,1336.5,20191000,1336.5,20191000,1331.8,20190800
2019-06-05 06:45:00,1336.5,20191000,1336.5,20191000,1332.1,20190800
2019-06-05 07:00:00,1336.5,20191000,1336.5,20191000,1333.4,20190800
2019-06-05 07:15:00,1342.1,20191000,1342.1,20191000,1336.0,20190800
2019-06-05 07:30:00,1344.5,20191000,1344.5,20191000,1337.2,20190800
2019-06-05 07:45:00,1343.9,20191000,1343.9,20191000,1338.4,20190800
2019-06-05 08:00:00,1345.8,20191000,1345.8,20191000,1340.0,20190800
2019-06-05 08:15:00,1345.0,20191000,1345.0,20191000,1338.7,20190800
2019-06-05 08:30:00,1344.0,20191000,1344.0,20191000,1337.9,20190800
2019-06-05 08:45:00,1344.0,20191000,1344.0,20191000,1338.1,20190800
2019-06-05 09:00:00,1344.5,20191000,1344.5,20191000,1338.5,20190800
2019-06-05 09:15:00,1344.5,20191000,1344.5,20191000,1338.6,20190800
2019-06-05 09:30:00,1343.6,20191000,1343.6,20191000,1337.6,20190800
2019-06-05 09:45:00,1343.9,20191000,1343.9,20191000,1337.4,20190800
2019-06-05 10:00:00,1343.2,20191000,1343.2,20191000,1339.2,20190800
2019-06-05 10:15:00,1345.9,20191000,1345.9,20191000,1340.9,20190800
2019-06-05 10:30:00,1348.2,20191000,1348.2,20191000,1340.6,20190800
2019-06-05 10:45:00,1348.0,20191000,1348.0,20191000,1342.6,20190800
2019-06-05 11:00:00,1348.4,20191000,1348.4,20191000,1342.6,20190800
2019-06-05 11:15:00,1347.0,20191000,1347.0,20191000,1341.7,20190800
2019-06-05 11:30:00,1348.1,20191000,1348.1,20191000,1343.3,20190800
2019-06-05 11:45:00,1349.0,20191000,1349.0,20191000,1343.4,20190800
2019-06-05 12:00:00,1348.0,20191000,1348.0,20191000,1342.1,20190800
2019-06-05 12:15:00,1347.5,20191000,1347.5,20191000,1342.2,20190800
2019-06-05 12:30:00,1344.8,20191000,1344.8,20191000,1339.1,20190800
2019-06-05 12:45:00,1344.7,20191000,1344.7,20191000,1339.6,20190800
2019-06-05 13:00:00,1345.7,20191000,1345.7,20191000,1339.3,20190800
2019-06-05 13:15:00,1353.5,20191000,1353.5,20191000,1346.8,20190800
2019-06-05 13:30:00,1354.0,20191000,1354.0,20191000,1347.6,20190800
2019-06-05 13:45:00,1351.0,20191000,1351.0,20191000,1345.6,20190800
2019-06-05 14:00:00,1353.0,20191000,1353.0,20191000,1346.8,20190800
2019-06-05 14:15:00,1347.9,20191000,1347.9,20191000,1341.8,20190800
2019-06-05 14:30:00,1347.8,20191000,1347.8,20191000,1342.3,20190800
2019-06-05 14:45:00,1347.3,20191000,1347.3,20191000,1342.0,20190800
2019-06-05 15:00:00,1345.6,20191000,1345.6,20191000,1338.7,20190800
2019-06-05 15:15:00,1343.8,20191000,1343.8,20191000,1338.0,20190800
2019-06-05 15:30:00,1343.8,20191000,1343.8,20191000,1339.0,20190800
2019-06-05 15:45:00,1343.0,20191000,1343.0,20191000,1337.0,20190800
2019-06-05 16:00:00,1340.3,20191000,1340.3,20191000,1335.0,20190800
2019-06-05 16:15:00,1339.7,20191000,1339.7,20191000,1333.5,20190800
2019-06-05 16:30:00,1338.7,20191000,1338.7,20191000,1332.9,20190800
2019-06-05 16:45:00,1338.2,20191000,1338.2,20191000,1333.4,20190800
2019-06-05 17:00:00,1339.6,20191000,1339.6,20191000,1334.1,20190800
2019-06-05 17:15:00,1339.6,20191000,1339.6,20191000,1334.8,20190800
2019-06-05 17:30:00,1339.8,20191000,1339.8,20191000,1333.2,20190800
2019-06-05 17:45:00,1338.5,20191000,1338.5,20191000,1333.1,20190800
2019-06-05 18:00:00,1338.5,20191000,1338.5,20191000,1333.5,20190800
2019-06-05 18:15:00,1339.3,20191000,1339.3,20191000,1333.5,20190800
2019-06-05 18:30:00,1339.3,20191000,1339.3,20191000,1334.1,20190800
2019-06-05 18:45:00,1339.3,20191000,1339.3,20191000,1333.8,20190800
2019-06-05 19:00:00,1339.3,20191000,1339.3,20191000,1333.7,20190800
2019-06-05 19:15:00,1339.3,20191000,1339.3,20191000,1333.4,20190800
2019-06-05 19:30:00,1338.0,20191000,1338.0,20191000,1332.7,20190800
2019-06-05 19:45:00,1338.8,20191000,1338.8,20191000,1333.1,20190800
2019-06-05 20:00:00,1338.8,20191000,1338.8,20191000,1334.2,20190800
2019-06-05 20:15:00,1338.8,20191000,1338.8,20191000,1333.6,20190800
2019-06-05 20:30:00,1339.9,20191000,1339.9,20191000,1334.2,20190800
2019-06-05 20:45:00,1339.9,20191000,1339.9,20191000,1333.7,20190800
2019-06-05 21:00:00,1340.8,20191000,1340.8,20191000,1335.3,20190800
2019-06-05 21:15:00,1341.5,20191000,1341.5,20191000,1335.4,20190800
2019-06-05 21:30:00,1341.0,20191000,1341.0,20191000,1335.2,20190800
2019-06-05 21:45:00,1340.2,20191000,1340.2,20191000,1334.7,20190800
2019-06-05 23:00:00,1342.0,20191000,1342.0,20191000,1331.0,20190800
2019-06-05 23:15:00,1342.3,20191000,1342.3,20191000,1336.6,20190800
2019-06-05 23:30:00,1343.2,20191000,1343.2,20191000,1337.5,20190800
2019-06-05 23:45:00,1343.0,20191000,1343.0,20191000,1336.9,20190800
2019-06-06 00:00:00,1342.5,20191000,1342.5,20191000,1336.8,20190800
2019-06-06 00:15:00,1342.5,20191000,1342.5,20191000,1336.8,20190800
2019-06-06 00:30:00,1342.5,20191000,1342.5,20191000,1336.0,20190800
2019-06-06 00:45:00,1342.5,20191000,1342.5,20191000,1335.2,20190800
2019-06-06 01:00:00,1339.8,20191000,1339.8,20191000,1333.7,20190800
2019-06-06 01:15:00,1339.3,20191000,1339.3,20191000,1333.0,20190800
2019-06-06 01:30:00,1339.0,20191000,1339.0,20191000,1333.2,20190800
2019-06-06 01:45:00,1338.8,20191000,1338.8,20191000,1333.3,20190800
2019-06-06 02:00:00,1337.7,20191000,1337.7,20191000,1332.0,20190800
2019-06-06 02:15:00,1337.7,20191000,1337.7,20191000,1333.3,20190800
2019-06-06 02:30:00,1339.0,20191000,1339.0,20191000,1333.9,20190800
2019-06-06 02:45:00,1339.2,20191000,1339.2,20191000,1333.1,20190800
2019-06-06 03:00:00,1339.2,20191000,1339.2,20191000,1333.4,20190800
2019-06-06 03:15:00,1339.2,20191000,1339.2,20191000,1333.3,20190800
2019-06-06 03:30:00,1339.2,20191000,1339.2,20191000,1333.8,20190800
2019-06-06 03:45:00,1339.2,20191000,1339.2,20191000,1334.7,20190800
2019-06-06 04:00:00,1339.2,20191000,1339.2,20191000,1335.6,20190800
2019-06-06 04:15:00,1339.2,20191000,1339.2,20191000,1335.6,20190800
2019-06-06 04:30:00,1340.7,20191000,1340.7,20191000,1335.1,20190800
2019-06-06 04:45:00,1340.7,20191000,1340.7,20191000,1335.5,20190800
2019-06-06 05:15:00,1340.7,20191000,1340.7,20191000,1335.3,20190800
2019-06-06 05:30:00,1340.7,20191000,1340.7,20191000,1334.6,20190800
2019-06-06 05:45:00,1340.7,20191000,1340.7,20191000,1335.0,20190800
2019-06-06 06:15:00,1340.7,20191000,1340.7,20191000,1335.5,20190800
2019-06-06 06:30:00,1341.5,20191000,1341.5,20191000,1335.6,20190800
2019-06-06 06:45:00,1341.5,20191000,1341.5,20191000,1336.6,20190800
2019-06-06 07:00:00,1342.0,20191000,1342.0,20191000,1336.4,20190800
2019-06-06 07:15:00,1342.0,20191000,1342.0,20191000,1336.0,20190800
2019-06-06 07:30:00,1342.2,20191000,1342.2,20191000,1336.5,20190800
2019-06-06 07:45:00,1342.2,20191000,1342.2,20191000,1336.8,20190800
2019-06-06 08:00:00,1342.8,20191000,1342.8,20191000,1337.2,20190800
2019-06-06 08:15:00,1343.6,20191000,1343.6,20191000,1337.8,20190800
2019-06-06 08:30:00,1344.2,20191000,1344.2,20191000,1338.8,20190800
2019-06-06 08:45:00,1344.7,20191000,1344.7,20191000,1339.0,20190800
2019-06-06 09:00:00,1344.7,20191000,1344.7,20191000,1340.0,20190800
2019-06-06 09:15:00,1346.3,20191000,1346.3,20191000,1340.7,20190800
2019-06-06 09:30:00,1346.7,20191000,1346.7,20191000,1341.1,20190800
2019-06-06 09:45:00,1346.9,20191000,1346.9,20191000,1340.9,20190800
2019-06-06 10:00:00,1346.6,20191000,1346.6,20191000,1341.2,20190800
2019-06-06 10:15:00,1346.0,20191000,1346.0,20191000,1341.0,20190800
2019-06-06 10:30:00,1346.0,20191000,1346.0,20191000,1341.1,20190800
2019-06-06 10:45:00,1346.0,20191000,1346.0,20191000,1340.6,20190800
2019-06-06 11:00:00,1346.3,20191000,1346.3,20191000,1340.5,20190800
2019-06-06 11:15:00,1346.3,20191000,1346.3,20191000,1340.7,20190800
2019-06-06 11:30:00,1346.6,20191000,1346.6,20191000,1341.1,20190800
2019-06-06 11:45:00,1347.0,20191000,1347.0,20191000,1341.3,20190800
2019-06-06 12:00:00,1347.0,20191000,1347.0,20191000,1341.1,20190800
2019-06-06 12:15:00,1347.0,20191000,1347.0,20191000,1339.4,20190800
2019-06-06 12:30:00,1345.2,20191000,1345.2,20191000,1339.7,20190800
2019-06-06 12:45:00,1345.2,20191000,1345.2,20191000,1341.0,20190800
2019-06-06 13:00:00,1347.5,20191000,1347.5,20191000,1341.7,20190800
2019-06-06 13:15:00,1346.4,20191000,1346.4,20191000,1340.9,20190800
2019-06-06 13:30:00,1346.4,20191000,1346.4,20191000,1341.0,20190800
2019-06-06 13:45:00,1346.6,20191000,1346.6,20191000,1341.6,20190800
2019-06-06 14:00:00,1347.4,20191000,1347.4,20191000,1340.6,20190800
2019-06-06 14:15:00,1344.1,20191000,1344.1,20191000,1338.6,20190800
2019-06-06 14:30:00,1344.1,20191000,1344.1,20191000,1337.6,20190800
2019-06-06 14:45:00,1345.3,20191000,1345.3,20191000,1340.2,20190800
2019-06-06 15:00:00,1346.3,20191000,1346.3,20191000,1341.5,20190800
2019-06-06 15:15:00,1347.5,20191000,1347.5,20191000,1342.0,20190800
2019-06-06 15:30:00,1348.1,20191000,1348.1,20191000,1341.2,20190800
2019-06-06 15:45:00,1348.1,20191000,1348.1,20191000,1340.1,20190800
2019-06-06 16:00:00,1346.1,20191000,1346.1,20191000,1339.7,20190800
2019-06-06 16:15:00,1346.1,20191000,1346.1,20191000,1340.9,20190800
2019-06-06 16:30:00,1346.8,20191000,1346.8,20191000,1342.0,20190800
2019-06-06 16:45:00,1348.3,20191000,1348.3,20191000,1342.8,20190800
2019-06-06 17:00:00,1347.9,20191000,1347.9,20191000,1342.5,20190800
2019-06-06 17:15:00,1347.9,20191000,1347.9,20191000,1343.2,20190800
2019-06-06 17:30:00,1347.9,20191000,1347.9,20191000,1343.9,20190800
2019-06-06 17:45:00,1349.0,20191000,1349.0,20191000,1343.5,20190800
2019-06-06 18:00:00,1348.8,20191000,1348.8,20191000,1342.4,20190800
2019-06-06 18:15:00,1348.5,20191000,1348.5,20191000,1342.7,20190800
2019-06-06 18:30:00,1348.5,20191000,1348.5,20191000,1342.9,20190800
2019-06-06 18:45:00,1348.5,20191000,1348.5,20191000,1342.3,20190800
2019-06-06 19:00:00,1348.5,20191000,1348.5,20191000,1341.4,20190800
2019-06-06 19:15:00,1347.2,20191000,1347.2,20191000,1341.1,20190800
2019-06-06 19:30:00,1344.2,20191000,1344.2,20191000,1337.8,20190800
2019-06-06 19:45:00,1344.0,20191000,1344.0,20191000,1338.6,20190800
2019-06-06 20:00:00,1344.0,20191000,1344.0,20191000,1338.4,20190800
2019-06-06 20:15:00,1344.2,20191000,1344.2,20191000,1339.3,20190800
2019-06-06 20:30:00,1344.0,20191000,1344.0,20191000,1338.2,20190800
2019-06-06 20:45:00,1343.0,20191000,1343.0,20191000,1338.1,20190800
2019-06-06 21:00:00,1343.5,20191000,1343.5,20191000,1338.2,20190800
2019-06-06 21:15:00,1343.8,20191000,1343.8,20191000,1338.3,20190800
2019-06-06 21:30:00,1343.8,20191000,1343.8,20191000,1339.3,20190800
2019-06-06 21:45:00,1345.2,20191000,1345.2,20191000,1339.5,20190800
2019-06-06 23:00:00,1346.4,20191000,1346.4,20191000,1335.4,20190800
2019-06-06 23:15:00,1346.4,20191000,1346.4,20191000,1339.9,20190800
2019-06-06 23:30:00,1345.0,20191000,1345.0,20191000,1339.4,20190800
2019-06-06 23:45:00,1345.0,20191000,1345.0,20191000,1339.4,20190800
2019-06-07 00:00:00,1345.0,20191000,1345.0,20191000,1338.6,20190800
2019-06-07 00:15:00,1345.0,20191000,1345.0,20191000,1337.9,20190800
2019-06-07 00:30:00,1342.7,20191000,1342.7,20191000,1337.7,20190800
2019-06-07 00:45:00,1342.7,20191000,1342.7,20191000,1337.6,20190800
2019-06-07 01:00:00,1342.7,20191000,1342.7,20191000,1338.0,20190800
2019-06-07 01:15:00,1342.7,20191000,1342.7,20191000,1337.5,20190800
2019-06-07 01:30:00,1342.7,20191000,1342.7,20191000,1337.2,20190800
2019-06-07 01:45:00,1342.3,20191000,1342.3,20191000,1337.4,20190800
2019-06-07 02:00:00,1342.3,20191000,1342.3,20191000,1337.8,20190800
2019-06-07 02:15:00,1342.3,20191000,1342.3,20191000,1337.7,20190800
2019-06-07 02:30:00,1342.3,20191000,1342.3,20191000,1337.1,20190800
2019-06-07 02:45:00,1342.3,20191000,1342.3,20191000,1337.5,20190800
2019-06-07 03:00:00,1343.0,20191000,1343.0,20191000,1337.4,20190800
2019-06-07 03:15:00,1343.0,20191000,1343.0,20191000,1337.4,20190800
2019-06-07 03:30:00,1343.0,20191000,1343.0,20191000,1338.0,20190800
2019-06-07 03:45:00,1343.0,20191000,1343.0,20191000,1337.6,20190800
2019-06-07 04:00:00,1343.0,20191000,1343.0,20191000,1337.9,20190800
2019-06-07 04:15:00,1343.0,20191000,1343.0,20191000,1336.7,20190800
2019-06-07 04:30:00,1343.0,20191000,1343.0,20191000,1336.8,20190800
2019-06-07 04:45:00,1343.0,20191000,1343.0,20191000,1337.2,20190800
2019-06-07 05:15:00,1343.0,20191000,1343.0,20191000,1337.3,20190800
2019-06-07 05:30:00,1343.0,20191000,1343.0,20191000,1336.9,20190800
2019-06-07 05:45:00,1343.0,20191000,1343.0,20191000,1337.1,20190800
2019-06-07 06:15:00,1343.0,20191000,1343.0,20191000,1337.0,20190800
2019-06-07 06:30:00,1342.6,20191000,1342.6,20191000,1336.7,20190800
2019-06-07 06:45:00,1342.0,20191000,1342.0,20191000,1336.2,20190800
2019-06-07 07:00:00,1341.9,20191000,1341.9,20191000,1335.9,20190800
2019-06-07 07:15:00,1341.4,20191000,1341.4,20191000,1335.3,20190800
2019-06-07 07:30:00,1341.4,20191000,1341.4,20191000,1334.7,20190800
2019-06-07 07:45:00,1341.4,20191000,1341.4,20191000,1335.4,20190800
2019-06-07 08:00:00,1342.6,20191000,1342.6,20191000,1337.7,20190800
2019-06-07 08:15:00,1342.6,20191000,1342.6,20191000,1338.3,20190800
2019-06-07 08:30:00,1342.6,20191000,1342.6,20191000,1339.4,20190800
2019-06-07 08:45:00,1344.9,20191000,1344.9,20191000,1339.6,20190800
2019-06-07 09:00:00,1345.1,20191000,1345.1,20191000,1339.6,20190800
2019-06-07 09:15:00,1345.1,20191000,1345.1,20191000,1340.2,20190800
2019-06-07 09:30:00,1345.1,20191000,1345.1,20191000,1339.9,20190800
2019-06-07 09:45:00,1345.1,20191000,1345.1,20191000,1340.2,20190800
2019-06-07 10:00:00,1345.1,20191000,1345.1,20191000,1338.9,20190800
2019-06-07 10:15:00,1344.1,20191000,1344.1,20191000,1338.7,20190800
2019-06-07 10:30:00,1344.1,20191000,1344.1,20191000,1338.2,20190800
2019-06-07 10:45:00,1344.1,20191000,1344.1,20191000,1337.2,20190800
2019-06-07 11:00:00,1344.1,20191000,1344.1,20191000,1337.7,20190800
2019-06-07 11:15:00,1343.0,20191000,1343.0,20191000,1337.4,20190800
2019-06-07 11:30:00,1343.4,20191000,1343.4,20191000,1338.1,20190800
2019-06-07 11:45:00,1343.1,20191000,1343.1,20191000,1337.3,20190800
2019-06-07 12:00:00,1344.0,20191000,1344.0,20191000,1338.6,20190800
2019-06-07 12:15:00,1344.0,20191000,1344.0,20191000,1339.4,20190800
2019-06-07 12:30:00,1344.0,20191000,1344.0,20191000,1339.2,20190800
2019-06-07 12:45:00,1344.0,20191000,1344.0,20191000,1339.8,20190800
2019-06-07 13:00:00,1344.0,20191000,1344.0,20191000,1340.9,20190800
2019-06-07 13:15:00,1347.7,20191000,1347.7,20191000,1341.5,20190800
2019-06-07 13:30:00,1353.2,20191000,1353.2,20191000,1347.5,20190800
2019-06-07 13:45:00,1351.3,20191000,1351.3,20191000,1345.5,20190800
2019-06-07 14:00:00,1352.8,20191000,1352.8,20191000,1346.8,20190800
2019-06-07 14:15:00,1353.4,20191000,1353.4,20191000,1348.1,20190800
2019-06-07 14:30:00,1352.5,20191000,1352.5,20191000,1346.9,20190800
2019-06-07 14:45:00,1351.7,20191000,1351.7,20191000,1345.0,20190800
2019-06-07 15:00:00,1352.5,20191000,1352.5,20191000,1348.4,20190800
2019-06-07 15:15:00,1356.0,20191000,1356.0,20191000,1350.6,20190800
2019-06-07 15:30:00,1354.5,20191000,1354.5,20191000,1350.2,20190800
2019-06-07 15:45:00,1354.4,20191000,1354.4,20191000,1349.4,20190800
2019-06-07 16:00:00,1355.5,20191000,1355.5,20191000,1350.1,20190800
2019-06-07 16:15:00,1353.6,20191000,1353.6,20191000,1347.4,20190800
2019-06-07 16:30:00,1352.9,20191000,1352.9,20191000,1346.9,20190800
2019-06-07 16:45:00,1350.0,20191000,1350.0,20191000,1344.4,20190800
2019-06-07 17:00:00,1352.4,20191000,1352.4,20191000,1347.1,20190800
2019-06-07 17:15:00,1353.0,20191000,1353.0,20191000,1347.3,20190800
2019-06-07 17:30:00,1353.0,20191000,1353.0,20191000,1348.1,20190800
2019-06-07 17:45:00,1353.7,20191000,1353.7,20191000,1347.5,20190800
2019-06-07 18:00:00,1353.6,20191000,1353.6,20191000,1347.5,20190800
2019-06-07 18:15:00,1352.0,20191000,1352.0,20191000,1346.1,20190800
2019-06-07 18:30:00,1350.7,20191000,1350.7,20191000,1345.2,20190800
2019-06-07 18:45:00,1351.4,20191000,1351.4,20191000,1346.0,20190800
2019-06-07 19:00:00,1351.2,20191000,1351.2,20191000,1345.4,20190800
2019-06-07 19:15:00,1350.0,20191000,1350.0,20191000,1344.3,20190800
2019-06-07 19:30:00,1349.0,20191000,1349.0,20191000,1343.2,20190800
2019-06-07 19:45:00,1350.1,20191000,1350.1,20191000,1344.5,20190800
2019-06-07 20:00:00,1350.1,20191000,1350.1,20191000,1344.5,20190800
2019-06-07 20:15:00,1350.1,20191000,1350.1,20191000,1345.0,20190800
2019-06-07 20:30:00,1350.1,20191000,1350.1,20191000,1345.4,20190800
2019-06-07 20:45:00,1351.2,20191000,1351.2,20191000,1345.6,20190800
2019-06-07 21:00:00,1351.1,20191000,1351.1,20191000,1345.4,20190800
2019-06-07 21:15:00,1351.1,20191000,1351.1,20191000,1345.2,20190800
2019-06-07 21:30:00,1350.8,20191000,1350.8,20191000,1345.1,20190800
2019-06-07 21:45:00,1350.8,20191000,1350.8,20191000,1344.9,20190800
2019-06-07 23:00:00,1342.8,20191000,1342.8,20191000,1336.7,20190800
2019-06-09 23:00:00,1344.2,20191000,1344.2,20191000,1338.4,20190800
2019-06-09 23:15:00,1343.8,20191000,1343.8,20191000,1337.6,20190800
2019-06-09 23:30:00,1344.6,20191000,1344.6,20191000,1338.8,20190800
2019-06-09 23:45:00,1344.5,20191000,1344.5,20191000,1338.8,20190800
2019-06-10 00:00:00,1344.5,20191000,1344.5,20191000,1339.0,20190800
2019-06-10 00:15:00,1344.5,20191000,1344.5,20191000,1339.1,20190800
2019-06-10 00:30:00,1344.5,20191000,1344.5,20191000,1339.5,20190800
2019-06-10 00:45:00,1344.5,20191000,1344.5,20191000,1338.9,20190800
2019-06-10 01:00:00,1344.5,20191000,1344.5,20191000,1339.6,20190800
2019-06-10 01:15:00,1344.5,20191000,1344.5,20191000,1341.5,20190800
2019-06-10 01:30:00,1344.5,20191000,1344.5,20191000,1340.4,20190800
2019-06-10 01:45:00,1344.5,20191000,1344.5,20191000,1339.4,20190800
2019-06-10 02:00:00,1342.2,20191000,1342.2,20191000,1335.7,20190800
2019-06-10 02:15:00,1339.9,20191000,1339.9,20191000,1335.1,20190800
2019-06-10 02:30:00,1339.0,20191000,1339.0,20191000,1333.9,20190800
2019-06-10 02:45:00,1339.0,20191000,1339.0,20191000,1334.1,20190800
2019-06-10 03:00:00,1338.8,20191000,1338.8,20191000,1333.2,20190800
2019-06-10 03:15:00,1339.1,20191000,1339.1,20191000,1333.4,20190800
2019-06-10 03:30:00,1339.1,20191000,1339.1,20191000,1334.1,20190800
2019-06-10 03:45:00,1339.1,20191000,1339.1,20191000,1333.8,20190800
2019-06-10 04:00:00,1339.1,20191000,1339.1,20191000,1333.7,20190800
2019-06-10 04:15:00,1339.1,20191000,1339.1,20191000,1333.2,20190800
2019-06-10 04:30:00,1339.2,20191000,1339.2,20191000,1333.3,20190800
2019-06-10 04:45:00,1338.9,20191000,1338.9,20191000,1333.5,20190800
2019-06-10 05:15:00,1338.4,20191000,1338.4,20191000,1332.4,20190800
2019-06-10 05:30:00,1338.2,20191000,1338.2,20191000,1332.0,20190800
2019-06-10 05:45:00,1337.6,20191000,1337.6,20191000,1332.1,20190800
2019-06-10 06:15:00,1338.0,20191000,1338.0,20191000,1332.3,20190800
2019-06-10 06:30:00,1337.6,20191000,1337.6,20191000,1332.1,20190800
2019-06-10 06:45:00,1336.6,20191000,1336.6,20191000,1330.9,20190800
2019-06-10 07:00:00,1336.2,20191000,1336.2,20191000,1331.1,20190800
2019-06-10 07:15:00,1336.8,20191000,1336.8,20191000,1330.8,20190800
2019-06-10 07:30:00,1337.0,20191000,1337.0,20191000,1330.7,20190800
2019-06-10 07:45:00,1336.3,20191000,1336.3,20191000,1330.9,20190800
2019-06-10 08:00:00,1337.5,20191000,1337.5,20191000,1331.9,20190800
2019-06-10 08:15:00,1337.5,20191000,1337.5,20191000,1331.2,20190800
2019-06-10 08:30:00,1337.5,20191000,1337.5,20191000,1331.0,20190800
2019-06-10 08:45:00,1336.2,20191000,1336.2,20191000,1330.0,20190800
2019-06-10 09:00:00,1335.1,20191000,1335.1,20191000,1329.4,20190800
2019-06-10 09:15:00,1335.9,20191000,1335.9,20191000,1330.6,20190800
2019-06-10 09:30:00,1335.9,20191000,1335.9,20191000,1330.9,20190800
2019-06-10 09:45:00,1336.8,20191000,1336.8,20191000,1331.0,20190800
2019-06-10 10:00:00,1336.8,20191000,1336.8,20191000,1332.0,20190800
2019-06-10 10:15:00,1336.8,20191000,1336.8,20191000,1332.3,20190800
2019-06-10 10:30:00,1336.8,20191000,1336.8,20191000,1332.1,20190800
2019-06-10 10:45:00,1336.8,20191000,1336.8,20191000,1332.1,20190800
2019-06-10 11:00:00,1338.2,20191000,1338.2,20191000,1332.2,20190800
2019-06-10 11:15:00,1338.2,20191000,1338.2,20191000,1332.7,20190800
2019-06-10 11:30:00,1338.2,20191000,1338.2,20191000,1332.1,20190800
2019-06-10 11:45:00,1338.2,20191000,1338.2,20191000,1332.1,20190800
2019-06-10 12:00:00,1338.2,20191000,1338.2,20191000,1330.7,20190800
2019-06-10 12:15:00,1338.2,20191000,1338.2,20191000,1330.5,20190800
2019-06-10 12:30:00,1335.9,20191000,1335.9,20191000,1330.2,20190800
2019-06-10 12:45:00,1334.7,20191000,1334.7,20191000,1329.0,20190800
2019-06-10 13:00:00,1335.2,20191000,1335.2,20191000,1330.0,20190800
2019-06-10 13:15:00,1336.3,20191000,1336.3,20191000,1331.5,20190800
2019-06-10 13:30:00,1337.4,20191000,1337.4,20191000,1332.3,20190800
2019-06-10 13:45:00,1339.5,20191000,1339.5,20191000,1333.1,20190800
2019-06-10 14:00:00,1338.4,20191000,1338.4,20191000,1332.9,20190800
2019-06-10 14:15:00,1338.4,20191000,1338.4,20191000,1333.3,20190800
2019-06-10 14:30:00,1338.1,20191000,1338.1,20191000,1332.1,20190800
2019-06-10 14:45:00,1338.7,20191000,1338.7,20191000,1333.0,20190800
2019-06-10 15:00:00,1338.8,20191000,1338.8,20191000,1333.5,20190800
2019-06-10 15:15:00,1338.8,20191000,1338.8,20191000,1333.9,20190800
2019-06-10 15:30:00,1339.0,20191000,1339.0,20191000,1333.8,20190800
2019-06-10 15:45:00,1339.0,20191000,1339.0,20191000,1333.1,20190800
2019-06-10 16:00:00,1338.4,20191000,1338.4,20191000,1332.9,20190800
2019-06-10 16:15:00,1338.5,20191000,1338.5,20191000,1332.4,20190800
2019-06-10 16:30:00,1338.5,20191000,1338.5,20191000,1332.8,20190800
2019-06-10 16:45:00,1338.3,20191000,1338.3,20191000,1332.0,20190800
2019-06-10 17:00:00,1338.3,20191000,1338.3,20191000,1332.2,20190800
2019-06-10 17:15:00,1337.3,20191000,1337.3,20191000,1331.6,20190800
2019-06-10 17:30:00,1337.3,20191000,1337.3,20191000,1331.5,20190800
2019-06-10 17:45:00,1337.3,20191000,1337.3,20191000,1331.2,20190800
2019-06-10 18:00:00,1336.5,20191000,1336.5,20191000,1330.9,20190800
2019-06-10 18:15:00,1334.9,20191000,1334.9,20191000,1329.6,20190800
2019-06-10 18:30:00,1335.3,20191000,1335.3,20191000,1330.5,20190800
2019-06-10 18:45:00,1335.3,20191000,1335.3,20191000,1331.1,20190800
2019-06-10 19:00:00,1338.7,20191000,1338.7,20191000,1332.4,20190800
2019-06-10 19:15:00,1336.9,20191000,1336.9,20191000,1331.5,20190800
2019-06-10 19:30:00,1336.9,20191000,1336.9,20191000,1331.7,20190800
2019-06-10 19:45:00,1337.4,20191000,1337.4,20191000,1331.8,20190800
2019-06-10 20:00:00,1337.4,20191000,1337.4,20191000,1332.1,20190800
2019-06-10 20:15:00,1337.9,20191000,1337.9,20191000,1332.2,20190800
2019-06-10 20:30:00,1337.9,20191000,1337.9,20191000,1332.3,20190800
2019-06-10 20:45:00,1338.1,20191000,1338.1,20191000,1332.1,20190800
2019-06-10 21:00:00,1338.1,20191000,1338.1,20191000,1332.2,20190800
2019-06-10 21:15:00,1338.1,20191000,1338.1,20191000,1332.1,20190800
2019-06-10 21:30:00,1338.1,20191000,1338.1,20191000,1331.7,20190800
2019-06-10 21:45:00,1338.1,20191000,1338.1,20191000,1331.8,20190800
2019-06-10 23:00:00,1337.9,20191000,1337.9,20191000,1332.0,20190800
2019-06-10 23:15:00,1338.0,20191000,1338.0,20191000,1332.2,20190800
2019-06-10 23:30:00,1338.0,20191000,1338.0,20191000,1332.2,20190800
2019-06-10 23:45:00,1338.0,20191000,1338.0,20191000,1332.4,20190800
2019-06-11 00:00:00,1338.0,20191000,1338.0,20191000,1332.7,20190800
2019-06-11 00:15:00,1338.0,20191000,1338.0,20191000,1332.9,20190800
2019-06-11 00:30:00,1338.0,20191000,1338.0,20191000,1332.8,20190800
2019-06-11 00:45:00,1338.0,20191000,1338.0,20191000,1333.2,20190800
2019-06-11 01:00:00,1338.0,20191000,1338.0,20191000,1332.4,20190800
2019-06-11 01:15:00,1338.0,20191000,1338.0,20191000,1332.6,20190800
2019-06-11 01:30:00,1338.0,20191000,1338.0,20191000,1332.8,20190800
2019-06-11 01:45:00,1338.0,20191000,1338.0,20191000,1332.6,20190800
2019-06-11 02:00:00,1338.0,20191000,1338.0,20191000,1332.5,20190800
2019-06-11 02:15:00,1339.0,20191000,1339.0,20191000,1333.1,20190800
2019-06-11 02:30:00,1339.0,20191000,1339.0,20191000,1333.5,20190800
2019-06-11 02:45:00,1339.0,20191000,1339.0,20191000,1333.0,20190800
2019-06-11 03:00:00,1339.0,20191000,1339.0,20191000,1332.4,20190800
2019-06-11 03:15:00,1339.0,20191000,1339.0,20191000,1332.8,20190800
2019-06-11 03:30:00,1339.0,20191000,1339.0,20191000,1333.0,20190800
2019-06-11 03:45:00,1338.4,20191000,1338.4,20191000,1332.9,20190800
2019-06-11 04:00:00,1337.8,20191000,1337.8,20191000,1332.0,20190800
2019-06-11 04:15:00,1337.8,20191000,1337.8,20191000,1332.1,20190800
2019-06-11 04:30:00,1337.8,20191000,1337.8,20191000,1331.8,20190800
2019-06-11 04:45:00,1337.8,20191000,1337.8,20191000,1332.6,20190800
2019-06-11 05:15:00,1337.8,20191000,1337.8,20191000,1332.5,20190800
2019-06-11 05:30:00,1337.8,20191000,1337.8,20191000,1332.4,20190800
2019-06-11 05:45:00,1337.8,20191000,1337.8,20191000,1332.7,20190800
2019-06-11 06:15:00,1337.8,20191000,1337.8,20191000,1332.1,20190800
2019-06-11 06:30:00,1338.2,20191000,1338.2,20191000,1332.7,20190800
2019-06-11 06:45:00,1338.4,20191000,1338.4,20191000,1332.6,20190800
2019-06-11 07:00:00,1338.4,20191000,1338.4,20191000,1332.4,20190800
2019-06-11 07:15:00,1337.6,20191000,1337.6,20191000,1330.9,20190800
2019-06-11 07:30:00,1335.9,20191000,1335.9,20191000,1329.9,20190800
2019-06-11 07:45:00,1334.1,20191000,1334.1,20191000,1329.0,20190800
2019-06-11 08:00:00,1334.7,20191000,1334.7,20191000,1329.1,20190800
2019-06-11 08:15:00,1335.3,20191000,1335.3,20191000,1329.4,20190800
2019-06-11 08:30:00,1333.2,20191000,1333.2,20191000,1327.5,20190800
2019-06-11 08:45:00,1333.2,20191000,1333.2,20191000,1326.8,20190800
2019-06-11 09:00:00,1333.0,20191000,1333.0,20191000,1327.1,20190800
2019-06-11 09:15:00,1332.3,20191000,1332.3,20191000,1326.5,20190800
2019-06-11 09:30:00,1332.0,20191000,1332.0,20191000,1326.6,20190800
2019-06-11 09:45:00,1332.0,20191000,1332.0,20191000,1325.7,20190800
2019-06-11 10:00:00,1331.5,20191000,1331.5,20191000,1326.3,20190800
2019-06-11 10:15:00,1331.5,20191000,1331.5,20191000,1326.0,20190800
2019-06-11 10:30:00,1331.5,20191000,1331.5,20191000,1326.2,20190800
2019-06-11 10:45:00,1331.5,20191000,1331.5,20191000,1326.3,20190800
2019-06-11 11:00:00,1332.2,20191000,1332.2,20191000,1326.1,20190800
2019-06-11 11:15:00,1332.2,20191000,1332.2,20191000,1326.3,20190800
2019-06-11 11:30:00,1332.1,20191000,1332.1,20191000,1326.3,20190800
2019-06-11 11:45:00,1331.9,20191000,1331.9,20191000,1326.2,20190800
2019-06-11 12:00:00,1332.0,20191000,1332.0,20191000,1326.3,20190800
2019-06-11 12:15:00,1331.3,20191000,1331.3,20191000,1325.9,20190800
2019-06-11 12:30:00,1331.3,20191000,1331.3,20191000,1325.4,20190800
2019-06-11 12:45:00,1329.6,20191000,1329.6,20191000,1324.3,20190800
2019-06-11 13:00:00,1331.1,20191000,1331.1,20191000,1325.0,20190800
2019-06-11 13:15:00,1330.0,20191000,1330.0,20191000,1325.4,20190800
2019-06-11 13:30:00,1330.0,20191000,1330.0,20191000,1326.7,20190800
2019-06-11 13:45:00,1333.5,20191000,1333.5,20191000,1327.6,20190800
2019-06-11 14:00:00,1332.4,20191000,1332.4,20191000,1327.2,20190800
2019-06-11 14:15:00,1333.6,20191000,1333.6,20191000,1327.9,20190800
2019-06-11 14:30:00,1333.4,20191000,1333.4,20191000,1328.6,20190800
2019-06-11 14:45:00,1333.4,20191000,1333.4,20191000,1328.2,20190800
2019-06-11 15:00:00,1333.6,20191000,1333.6,20191000,1328.0,20190800
2019-06-11 15:15:00,1334.0,20191000,1334.0,20191000,1328.1,20190800
2019-06-11 15:30:00,1333.9,20191000,1333.9,20191000,1328.7,20190800
2019-06-11 15:45:00,1335.9,20191000,1335.9,20191000,1329.9,20190800
2019-06-11 16:00:00,1335.3,20191000,1335.3,20191000,1330.1,20190800
2019-06-11 16:15:00,1335.3,20191000,1335.3,20191000,1329.9,20190800
2019-06-11 16:30:00,1335.8,20191000,1335.8,20191000,1329.6,20190800
2019-06-11 16:45:00,1335.8,20191000,1335.8,20191000,1329.7,20190800
2019-06-11 17:00:00,1336.2,20191000,1336.2,20191000,1330.5,20190800
2019-06-11 17:15:00,1336.3,20191000,1336.3,20191000,1330.9,20190800
2019-06-11 17:30:00,1336.3,20191000,1336.3,20191000,1331.8,20190800
2019-06-11 17:45:00,1336.3,20191000,1336.3,20191000,1332.4,20190800
2019-06-11 18:00:00,1338.2,20191000,1338.2,20191000,1331.0,20190800
2019-06-11 18:15:00,1337.2,20191000,1337.2,20191000,1331.1,20190800
2019-06-11 18:30:00,1337.2,20191000,1337.2,20191000,1332.1,20190800
2019-06-11 18:45:00,1337.4,20191000,1337.4,20191000,1331.7,20190800
2019-06-11 19:00:00,1337.4,20191000,1337.4,20191000,1331.6,20190800
2019-06-11 19:15:00,1337.4,20191000,1337.4,20191000,1331.6,20190800
2019-06-11 19:30:00,1337.6,20191000,1337.6,20191000,1331.8,20190800
2019-06-11 19:45:00,1337.6,20191000,1337.6,20191000,1331.2,20190800
2019-06-11 20:00:00,1337.6,20191000,1337.6,20191000,1330.6,20190800
2019-06-11 20:15:00,1337.6,20191000,1337.6,20191000,1330.8,20190800
2019-06-11 20:30:00,1337.6,20191000,1337.6,20191000,1330.6,20190800
2019-06-11 20:45:00,1336.2,20191000,1336.2,20191000,1330.6,20190800
2019-06-11 21:00:00,1336.2,20191000,1336.2,20191000,1330.6,20190800
2019-06-11 21:15:00,1336.2,20191000,1336.2,20191000,1330.8,20190800
2019-06-11 21:30:00,1336.2,20191000,1336.2,20191000,1330.6,20190800
2019-06-11 21:45:00,1336.4,20191000,1336.4,20191000,1330.7,20190800
2019-06-11 23:00:00,1338.4,20191000,1338.4,20191000,1332.3,20190800
2019-06-11 23:15:00,1338.4,20191000,1338.4,20191000,1331.0,20190800
2019-06-11 23:30:00,1338.4,20191000,1338.4,20191000,1330.9,20190800
2019-06-11 23:45:00,1338.4,20191000,1338.4,20191000,1330.8,20190800
2019-06-12 00:00:00,1338.4,20191000,1338.4,20191000,1330.8,20190800
2019-06-12 00:15:00,1338.4,20191000,1338.4,20191000,1330.5,20190800
2019-06-12 00:30:00,1338.4,20191000,1338.4,20191000,1331.0,20190800
2019-06-12 00:45:00,1336.7,20191000,1336.7,20191000,1331.6,20190800
2019-06-12 01:00:00,1336.7,20191000,1336.7,20191000,1331.8,20190800
2019-06-12 01:15:00,1336.7,20191000,1336.7,20191000,1331.0,20190800
2019-06-12 01:30:00,1336.7,20191000,1336.7,20191000,1330.1,20190800
2019-06-12 01:45:00,1336.7,20191000,1336.7,20191000,1330.4,20190800
2019-06-12 02:00:00,1336.7,20191000,1336.7,20191000,1331.1,20190800
2019-06-12 02:15:00,1336.7,20191000,1336.7,20191000,1331.7,20190800
2019-06-12 02:30:00,1336.7,20191000,1336.7,20191000,1332.5,20190800
2019-06-12 02:45:00,1338.1,20191000,1338.1,20191000,1332.7,20190800
2019-06-12 03:00:00,1338.1,20191000,1338.1,20191000,1334.0,20190800
2019-06-12 03:15:00,1339.5,20191000,1339.5,20191000,1333.9,20190800
2019-06-12 03:30:00,1341.3,20191000,1341.3,20191000,1335.6,20190800
2019-06-12 03:45:00,1342.0,20191000,1342.0,20191000,1336.0,20190800
2019-06-12 04:00:00,1343.0,20191000,1343.0,20191000,1336.6,20190800
2019-06-12 04:15:00,1343.0,20191000,1343.0,20191000,1337.0,20190800
2019-06-12 04:30:00,1342.3,20191000,1342.3,20191000,1336.7,20190800
2019-06-12 04:45:00,1342.3,20191000,1342.3,20191000,1336.3,20190800
2019-06-12 05:15:00,1342.3,20191000,1342.3,20191000,1335.9,20190800
2019-06-12 05:30:00,1342.3,20191000,1342.3,20191000,1335.8,20190800
2019-06-12 05:45:00,1342.3,20191000,1342.3,20191000,1336.2,20190800
2019-06-12 06:15:00,1342.3,20191000,1342.3,20191000,1336.8,20190800
2019-06-12 06:30:00,1342.9,20191000,1342.9,20191000,1337.3,20190800
2019-06-12 06:45:00,1344.5,20191000,1344.5,20191000,1338.8,20190800
2019-06-12 07:00:00,1345.6,20191000,1345.6,20191000,1340.1,20190800
2019-06-12 07:15:00,1345.6,20191000,1345.6,20191000,1339.3,20190800
2019-06-12 07:30:00,1346.0,20191000,1346.0,20191000,1339.7,20190800
2019-06-12 07:45:00,1344.0,20191000,1344.0,20191000,1338.8,20190800
2019-06-12 08:00:00,1344.5,20191000,1344.5,20191000,1338.9,20190800
2019-06-12 08:15:00,1344.5,20191000,1344.5,20191000,1339.0,20190800
2019-06-12 08:30:00,1344.5,20191000,1344.5,20191000,1339.4,20190800
2019-06-12 08:45:00,1346.6,20191000,1346.6,20191000,1341.2,20190800
2019-06-12 09:00:00,1346.5,20191000,1346.5,20191000,1341.4,20190800
2019-06-12 09:15:00,1347.0,20191000,1347.0,20191000,1341.4,20190800
2019-06-12 09:30:00,1346.4,20191000,1346.4,20191000,1341.5,20190800
2019-06-12 09:45:00,1347.5,20191000,1347.5,20191000,1341.5,20190800
2019-06-12 10:00:00,1346.8,20191000,1346.8,20191000,1340.2,20190800
2019-06-12 10:15:00,1346.8,20191000,1346.8,20191000,1340.4,20190800
2019-06-12 10:30:00,1346.8,20191000,1346.8,20191000,1341.3,20190800
2019-06-12 10:45:00,1346.5,20191000,1346.5,20191000,1340.1,20190800
2019-06-12 11:00:00,1346.5,20191000,1346.5,20191000,1339.5,20190800
2019-06-12 11:15:00,1345.0,20191000,1345.0,20191000,1339.2,20190800
2019-06-12 11:30:00,1344.3,20191000,1344.3,20191000,1338.8,20190800
2019-06-12 11:45:00,1344.3,20191000,1344.3,20191000,1338.7,20190800
2019-06-12 12:00:00,1344.3,20191000,1344.3,20191000,1339.6,20190800
2019-06-12 12:15:00,1344.3,20191000,1344.3,20191000,1339.6,20190800
2019-06-12 12:30:00,1344.0,20191000,1344.0,20191000,1338.9,20190800
2019-06-12 12:45:00,1344.6,20191000,1344.6,20191000,1338.9,20190800
2019-06-12 13:00:00,1344.6,20191000,1344.6,20191000,1338.6,20190800
2019-06-12 13:15:00,1342.3,20191000,1342.3,20191000,1337.3,20190800
2019-06-12 13:30:00,1345.6,20191000,1345.6,20191000,1339.2,20190800
2019-06-12 13:45:00,1344.5,20191000,1344.5,20191000,1337.9,20190800
2019-06-12 14:00:00,1342.0,20191000,1342.0,20191000,1337.4,20190800
2019-06-12 14:15:00,1339.9,20191000,1339.9,20191000,1334.5,20190800
2019-06-12 14:30:00,1339.9,20191000,1339.9,20191000,1336.1,20190800
2019-06-12 14:45:00,1341.5,20191000,1341.5,20191000,1336.2,20190800
2019-06-12 15:00:00,1341.7,20191000,1341.7,20191000,1336.9,20190800
2019-06-12 15:15:00,1343.0,20191000,1343.0,20191000,1337.6,20190800
2019-06-12 15:30:00,1343.4,20191000,1343.4,20191000,1338.2,20190800
2019-06-12 15:45:00,1343.4,20191000,1343.4,20191000,1338.0,20190800
2019-06-12 16:00:00,1344.9,20191000,1344.9,20191000,1339.0,20190800
2019-06-12 16:15:00,1344.0,20191000,1344.0,20191000,1338.7,20190800
2019-06-12 16:30:00,1344.0,20191000,1344.0,20191000,1338.6,20190800
2019-06-12 16:45:00,1344.0,20191000,1344.0,20191000,1339.2,20190800
2019-06-12 17:00:00,1346.3,20191000,1346.3,20191000,1340.4,20190800
2019-06-12 17:15:00,1345.9,20191000,1345.9,20191000,1339.7,20190800
2019-06-12 17:30:00,1345.9,20191000,1345.9,20191000,1337.3,20190800
2019-06-12 17:45:00,1342.3,20191000,1342.3,20191000,1336.4,20190800
2019-06-12 18:00:00,1341.9,20191000,1341.9,20191000,1336.7,20190800
2019-06-12 18:15:00,1342.6,20191000,1342.6,20191000,1336.8,20190800
2019-06-12 18:30:00,1342.6,20191000,1342.6,20191000,1336.8,20190800
2019-06-12 18:45:00,1342.6,20191000,1342.6,20191000,1337.0,20190800
2019-06-12 19:00:00,1342.4,20191000,1342.4,20191000,1336.7,20190800
2019-06-12 19:15:00,1342.4,20191000,1342.4,20191000,1336.7,20190800
2019-06-12 19:30:00,1342.4,20191000,1342.4,20191000,1336.6,20190800
2019-06-12 19:45:00,1342.4,20191000,1342.4,20191000,1336.4,20190800
2019-06-12 20:00:00,1342.4,20191000,1342.4,20191000,1336.2,20190800
2019-06-12 20:15:00,1342.4,20191000,1342.4,20191000,1336.4,20190800
2019-06-12 20:30:00,1342.4,20191000,1342.4,20191000,1336.5,20190800
2019-06-12 20:45:00,1342.4,20191000,1342.4,20191000,1336.8,20190800
2019-06-12 21:00:00,1342.5,20191000,1342.5,20191000,1336.8,20190800
2019-06-12 21:15:00,1342.5,20191000,1342.5,20191000,1336.8,20190800
2019-06-12 21:30:00,1342.5,20191000,1342.5,20191000,1336.7,20190800
2019-06-12 21:45:00,1342.5,20191000,1342.5,20191000,1337.2,20190800
2019-06-12 23:00:00,1343.5,20191000,1343.5,20191000,1335.9,20190800
2019-06-12 23:15:00,1343.5,20191000,1343.5,20191000,1337.1,20190800
2019-06-12 23:30:00,1343.0,20191000,1343.0,20191000,1336.7,20190800
2019-06-12 23:45:00,1343.0,20191000,1343.0,20191000,1336.7,20190800
2019-06-13 00:00:00,1342.5,20191000,1342.5,20191000,1336.5,20190800
2019-06-13 00:15:00,1342.4,20191000,1342.4,20191000,1336.5,20190800
2019-06-13 00:30:00,1342.4,20191000,1342.4,20191000,1336.9,20190800
2019-06-13 00:45:00,1342.4,20191000,1342.4,20191000,1337.2,20190800
2019-06-13 01:00:00,1342.4,20191000,1342.4,20191000,1337.9,20190800
2019-06-13 01:15:00,1343.8,20191000,1343.8,20191000,1337.9,20190800
2019-06-13 01:30:00,1343.8,20191000,1343.8,20191000,1338.3,20190800
2019-06-13 01:45:00,1343.8,20191000,1343.8,20191000,1337.6,20190800
2019-06-13 02:00:00,1344.0,20191000,1344.0,20191000,1337.0,20190800
2019-06-13 02:15:00,1342.4,20191000,1342.4,20191000,1336.2,20190800
2019-06-13 02:30:00,1342.3,20191000,1342.3,20191000,1338.4,20190800
2019-06-13 02:45:00,1345.1,20191000,1345.1,20191000,1339.7,20190800
2019-06-13 03:00:00,1345.9,20191000,1345.9,20191000,1341.1,20190800
2019-06-13 03:15:00,1346.6,20191000,1346.6,20191000,1340.7,20190800
2019-06-13 03:30:00,1346.2,20191000,1346.2,20191000,1340.1,20190800
2019-06-13 03:45:00,1346.2,20191000,1346.2,20191000,1340.4,20190800
2019-06-13 04:00:00,1346.2,20191000,1346.2,20191000,1339.6,20190800
2019-06-13 04:15:00,1345.0,20191000,1345.0,20191000,1338.0,20190800
2019-06-13 04:30:00,1345.0,20191000,1345.0,20191000,1338.0,20190800
2019-06-13 04:45:00,1345.0,20191000,1345.0,20191000,1337.8,20190800
2019-06-13 05:15:00,1344.0,20191000,1344.0,20191000,1338.4,20190800
2019-06-13 05:30:00,1344.0,20191000,1344.0,20191000,1338.1,20190800
2019-06-13 05:45:00,1344.0,20191000,1344.0,20191000,1338.3,20190800
2019-06-13 06:15:00,1344.0,20191000,1344.0,20191000,1339.3,20190800
2019-06-13 06:30:00,1344.0,20191000,1344.0,20191000,1339.9,20190800
2019-06-13 06:45:00,1344.0,20191000,1344.0,20191000,1339.5,20190800
2019-06-13 07:00:00,1345.9,20191000,1345.9,20191000,1340.7,20190800
2019-06-13 07:15:00,1346.7,20191000,1346.7,20191000,1341.3,20190800
2019-06-13 07:30:00,1345.7,20191000,1345.7,20191000,1340.8,20190800
2019-06-13 07:45:00,1346.8,20191000,1346.8,20191000,1341.6,20190800
2019-06-13 08:00:00,1347.1,20191000,1347.1,20191000,1341.3,20190800
2019-06-13 08:15:00,1347.4,20191000,1347.4,20191000,1341.0,20190800
2019-06-13 08:30:00,1345.9,20191000,1345.9,20191000,1340.3,20190800
2019-06-13 08:45:00,1345.9,20191000,1345.9,20191000,1340.6,20190800
2019-06-13 09:00:00,1346.6,20191000,1346.6,20191000,1341.2,20190800
2019-06-13 09:15:00,1346.9,20191000,1346.9,20191000,1341.2,20190800
2019-06-13 09:30:00,1346.6,20191000,1346.6,20191000,1341.0,20190800
2019-06-13 09:45:00,1346.0,20191000,1346.0,20191000,1340.3,20190800
2019-06-13 10:00:00,1346.0,20191000,1346.0,20191000,1339.8,20190800
2019-06-13 10:15:00,1345.0,20191000,1345.0,20191000,1339.5,20190800
2019-06-13 10:30:00,1345.0,20191000,1345.0,20191000,1340.3,20190800
2019-06-13 10:45:00,1345.0,20191000,1345.0,20191000,1340.8,20190800
2019-06-13 11:00:00,1345.0,20191000,1345.0,20191000,1340.6,20190800
2019-06-13 11:15:00,1345.0,20191000,1345.0,20191000,1339.9,20190800
2019-06-13 11:30:00,1345.0,20191000,1345.0,20191000,1339.6,20190800
2019-06-13 11:45:00,1345.1,20191000,1345.1,20191000,1340.0,20190800
2019-06-13 12:00:00,1345.1,20191000,1345.1,20191000,1340.6,20190800
2019-06-13 12:15:00,1346.3,20191000,1346.3,20191000,1340.7,20190800
2019-06-13 12:30:00,1346.3,20191000,1346.3,20191000,1340.0,20190800
2019-06-13 12:45:00,1346.5,20191000,1346.5,20191000,1340.9,20190800
2019-06-13 13:00:00,1345.1,20191000,1345.1,20191000,1339.9,20190800
2019-06-13 13:15:00,1345.1,20191000,1345.1,20191000,1340.2,20190800
2019-06-13 13:30:00,1345.1,20191000,1345.1,20191000,1339.3,20190800
2019-06-13 13:45:00,1345.0,20191000,1345.0,20191000,1339.0,20190800
2019-06-13 14:00:00,1344.7,20191000,1344.7,20191000,1337.9,20190800
2019-06-13 14:15:00,1344.7,20191000,1344.7,20191000,1338.8,20190800
2019-06-13 14:30:00,1344.4,20191000,1344.4,20191000,1339.2,20190800
2019-06-13 14:45:00,1345.1,20191000,1345.1,20191000,1339.8,20190800
2019-06-13 15:00:00,1346.4,20191000,1346.4,20191000,1340.7,20190800
2019-06-13 15:15:00,1346.4,20191000,1346.4,20191000,1339.8,20190800
2019-06-13 15:30:00,1344.8,20191000,1344.8,20191000,1339.9,20190800
2019-06-13 15:45:00,1346.4,20191000,1346.4,20191000,1340.5,20190800
2019-06-13 16:00:00,1346.4,20191000,1346.4,20191000,1341.9,20190800
2019-06-13 16:15:00,1348.3,20191000,1348.3,20191000,1342.9,20190800
2019-06-13 16:30:00,1349.7,20191000,1349.7,20191000,1343.2,20190800
2019-06-13 16:45:00,1348.6,20191000,1348.6,20191000,1342.8,20190800
2019-06-13 17:00:00,1348.6,20191000,1348.6,20191000,1343.7,20190800
2019-06-13 17:15:00,1348.6,20191000,1348.6,20191000,1344.0,20190800
2019-06-13 17:30:00,1350.0,20191000,1350.0,20191000,1344.1,20190800
2019-06-13 17:45:00,1349.2,20191000,1349.2,20191000,1343.2,20190800
2019-06-13 18:00:00,1349.2,20191000,1349.2,20191000,1343.6,20190800
2019-06-13 18:15:00,1349.6,20191000,1349.6,20191000,1343.7,20190800
2019-06-13 18:30:00,1349.7,20191000,1349.7,20191000,1344.8,20190800
2019-06-13 18:45:00,1351.0,20191000,1351.0,20191000,1345.1,20190800
2019-06-13 19:00:00,1351.8,20191000,1351.8,20191000,1346.1,20190800
2019-06-13 19:15:00,1352.0,20191000,1352.0,20191000,1345.9,20190800
2019-06-13 19:30:00,1352.0,20191000,1352.0,20191000,1345.6,20190800
2019-06-13 19:45:00,1350.5,20191000,1350.5,20191000,1345.1,20190800
2019-06-13 20:00:00,1350.5,20191000,1350.5,20191000,1345.0,20190800
2019-06-13 20:15:00,1350.5,20191000,1350.5,20191000,1344.2,20190800
2019-06-13 20:30:00,1350.0,20191000,1350.0,20191000,1344.6,20190800
2019-06-13 20:45:00,1350.0,20191000,1350.0,20191000,1345.0,20190800
2019-06-13 21:00:00,1351.0,20191000,1351.0,20191000,1345.7,20190800
2019-06-13 21:15:00,1351.0,20191000,1351.0,20191000,1346.0,20190800
2019-06-13 21:30:00,1351.0,20191000,1351.0,20191000,1346.0,20190800
2019-06-13 21:45:00,1351.5,20191000,1351.5,20191000,1346.0,20190800
2019-06-13 23:00:00,1355.0,20191000,1355.0,20191000,1339.0,20190800
2019-06-13 23:15:00,1353.7,20191000,1353.7,20191000,1347.8,20190800
2019-06-13 23:30:00,1353.5,20191000,1353.5,20191000,1347.3,20190800
2019-06-13 23:45:00,1353.2,20191000,1353.2,20191000,1347.5,20190800
2019-06-14 00:00:00,1353.1,20191000,1353.1,20191000,1347.3,20190800
2019-06-14 00:15:00,1353.1,20191000,1353.1,20191000,1347.7,20190800
2019-06-14 00:30:00,1353.5,20191000,1353.5,20191000,1348.2,20190800
2019-06-14 00:45:00,1353.5,20191000,1353.5,20191000,1348.4,20190800
2019-06-14 01:00:00,1353.5,20191000,1353.5,20191000,1348.6,20190800
2019-06-14 01:15:00,1353.5,20191000,1353.5,20191000,1347.8,20190800
2019-06-14 01:30:00,1353.2,20191000,1353.2,20191000,1347.8,20190800
2019-06-14 01:45:00,1353.5,20191000,1353.5,20191000,1347.9,20190800
2019-06-14 02:00:00,1352.2,20191000,1352.2,20191000,1346.9,20190800
2019-06-14 02:15:00,1352.4,20191000,1352.4,20191000,1346.6,20190800
2019-06-14 02:30:00,1352.4,20191000,1352.4,20191000,1347.1,20190800
2019-06-14 02:45:00,1352.4,20191000,1352.4,20191000,1347.5,20190800
2019-06-14 03:00:00,1355.4,20191000,1355.4,20191000,1349.9,20190800
2019-06-14 03:15:00,1355.5,20191000,1355.5,20191000,1349.7,20190800
2019-06-14 03:30:00,1356.7,20191000,1356.7,20191000,1351.0,20190800
2019-06-14 03:45:00,1356.7,20191000,1356.7,20191000,1350.6,20190800
2019-06-14 04:00:00,1356.5,20191000,1356.5,20191000,1350.2,20190800
2019-06-14 04:15:00,1356.7,20191000,1356.7,20191000,1350.4,20190800
2019-06-14 04:30:00,1356.7,20191000,1356.7,20191000,1349.7,20190800
2019-06-14 04:45:00,1356.7,20191000,1356.7,20191000,1349.3,20190800
2019-06-14 05:15:00,1355.1,20191000,1355.1,20191000,1349.4,20190800
2019-06-14 05:30:00,1355.1,20191000,1355.1,20191000,1349.1,20190800
2019-06-14 05:45:00,1354.4,20191000,1354.4,20191000,1348.8,20190800
2019-06-14 06:15:00,1354.4,20191000,1354.4,20191000,1348.9,20190800
2019-06-14 06:30:00,1354.4,20191000,1354.4,20191000,1349.3,20190800
2019-06-14 06:45:00,1356.0,20191000,1356.0,20191000,1350.2,20190800
2019-06-14 07:00:00,1356.7,20191000,1356.7,20191000,1351.1,20190800
2019-06-14 07:15:00,1362.7,20191000,1362.7,20191000,1356.4,20190800
2019-06-14 07:30:00,1363.4,20191000,1363.4,20191000,1357.8,20190800
2019-06-14 07:45:00,1364.7,20191000,1364.7,20191000,1359.1,20190800
2019-06-14 08:00:00,1365.8,20191000,1365.8,20191000,1360.1,20190800
2019-06-14 08:15:00,1365.5,20191000,1365.5,20191000,1359.9,20190800
2019-06-14 08:30:00,1365.7,20191000,1365.7,20191000,1359.6,20190800
2019-06-14 08:45:00,1365.2,20191000,1365.2,20191000,1358.8,20190800
2019-06-14 09:00:00,1365.2,20191000,1365.2,20191000,1359.4,20190800
2019-06-14 09:15:00,1365.3,20191000,1365.3,20191000,1359.5,20190800
2019-06-14 09:30:00,1365.3,20191000,1365.3,20191000,1359.1,20190800
2019-06-14 09:45:00,1363.7,20191000,1363.7,20191000,1357.9,20190800
2019-06-14 10:00:00,1362.6,20191000,1362.6,20191000,1356.8,20190800
2019-06-14 10:15:00,1362.2,20191000,1362.2,20191000,1357.0,20190800
2019-06-14 10:30:00,1363.0,20191000,1363.0,20191000,1357.7,20190800
2019-06-14 10:45:00,1363.8,20191000,1363.8,20191000,1358.1,20190800
2019-06-14 11:00:00,1363.8,20191000,1363.8,20191000,1357.9,20190800
2019-06-14 11:15:00,1364.9,20191000,1364.9,20191000,1359.4,20190800
2019-06-14 11:30:00,1363.8,20191000,1363.8,20191000,1358.1,20190800
2019-06-14 11:45:00,1363.6,20191000,1363.6,20191000,1357.8,20190800
2019-06-14 12:00:00,1363.3,20191000,1363.3,20191000,1357.4,20190800
2019-06-14 12:15:00,1363.5,20191000,1363.5,20191000,1357.6,20190800
2019-06-14 12:30:00,1364.1,20191000,1364.1,20191000,1358.4,20190800
2019-06-14 12:45:00,1364.1,20191000,1364.1,20191000,1358.4,20190800
2019-06-14 13:00:00,1364.6,20191000,1364.6,20191000,1358.9,20190800
2019-06-14 13:15:00,1364.9,20191000,1364.9,20191000,1359.1,20190800
2019-06-14 13:30:00,1360.1,20191000,1360.1,20191000,1354.3,20190800
2019-06-14 13:45:00,1357.9,20191000,1357.9,20191000,1352.7,20190800
2019-06-14 14:00:00,1359.5,20191000,1359.5,20191000,1352.7,20190800
2019-06-14 14:15:00,1358.1,20191000,1358.1,20191000,1351.7,20190800
2019-06-14 14:30:00,1358.3,20191000,1358.3,20191000,1353.8,20190800
2019-06-14 14:45:00,1360.6,20191000,1360.6,20191000,1354.8,20190800
2019-06-14 15:00:00,1358.4,20191000,1358.4,20191000,1352.0,20190800
2019-06-14 15:15:00,1357.4,20191000,1357.4,20191000,1350.8,20190800
2019-06-14 15:30:00,1358.5,20191000,1358.5,20191000,1351.9,20190800
2019-06-14 15:45:00,1357.0,20191000,1357.0,20191000,1352.2,20190800
2019-06-14 16:00:00,1359.8,20191000,1359.8,20191000,1353.6,20190800
2019-06-14 16:15:00,1359.8,20191000,1359.8,20191000,1353.4,20190800
2019-06-14 16:30:00,1360.3,20191000,1360.3,20191000,1354.2,20190800
2019-06-14 16:45:00,1359.4,20191000,1359.4,20191000,1353.5,20190800
2019-06-14 17:00:00,1358.9,20191000,1358.9,20191000,1352.2,20190800
2019-06-14 17:15:00,1357.2,20191000,1357.2,20191000,1350.9,20190800
2019-06-14 17:30:00,1357.0,20191000,1357.0,20191000,1350.7,20190800
2019-06-14 17:45:00,1356.7,20191000,1356.7,20191000,1350.9,20190800
2019-06-14 18:00:00,1351.6,20191000,1351.6,20191000,1346.5,20190800
2019-06-14 18:15:00,1350.4,20191000,1350.4,20191000,1344.7,20190800
2019-06-14 18:30:00,1348.7,20191000,1348.7,20191000,1342.9,20190800
2019-06-14 18:45:00,1349.9,20191000,1349.9,20191000,1343.6,20190800
2019-06-14 19:00:00,1350.1,20191000,1350.1,20191000,1343.7,20190800
2019-06-14 19:15:00,1349.5,20191000,1349.5,20191000,1343.3,20190800
2019-06-14 19:30:00,1349.3,20191000,1349.3,20191000,1344.5,20190800
2019-06-14 19:45:00,1350.5,20191000,1350.5,20191000,1344.7,20190800
2019-06-14 20:00:00,1350.6,20191000,1350.6,20191000,1345.1,20190800
2019-06-14 20:15:00,1350.6,20191000,1350.6,20191000,1344.5,20190800
2019-06-14 20:30:00,1350.6,20191000,1350.6,20191000,1344.3,20190800
2019-06-14 20:45:00,1350.3,20191000,1350.3,20191000,1344.7,20190800
2019-06-14 21:00:00,1350.7,20191000,1350.7,20191000,1345.0,20190800
2019-06-14 21:15:00,1351.1,20191000,1351.1,20191000,1345.3,20190800
2019-06-14 21:30:00,1350.6,20191000,1350.6,20191000,1344.9,20190800
2019-06-14 21:45:00,1351.0,20191000,1351.0,20191000,1345.3,20190800
2019-06-14 23:00:00,1355.0,20191000,1355.0,20191000,1349.3,20190800
2019-06-16 23:00:00,1350.4,20191000,1350.4,20191000,1345.6,20190800
2019-06-16 23:15:00,1350.4,20191000,1350.4,20191000,1345.3,20190800
2019-06-16 23:30:00,1350.4,20191000,1350.4,20191000,1345.2,20190800
2019-06-16 23:45:00,1350.6,20191000,1350.6,20191000,1344.8,20190800
2019-06-17 00:00:00,1350.7,20191000,1350.7,20191000,1344.7,20190800
2019-06-17 00:15:00,1350.4,20191000,1350.4,20191000,1344.3,20190800
2019-06-17 00:30:00,1350.4,20191000,1350.4,20191000,1343.9,20190800
2019-06-17 00:45:00,1350.4,20191000,1350.4,20191000,1342.3,20190800
2019-06-17 01:00:00,1348.0,20191000,1348.0,20191000,1342.4,20190800
2019-06-17 01:15:00,1348.1,20191000,1348.1,20191000,1343.0,20190800
2019-06-17 01:30:00,1348.5,20191000,1348.5,20191000,1342.5,20190800
2019-06-17 01:45:00,1347.8,20191000,1347.8,20191000,1342.6,20190800
2019-06-17 02:00:00,1348.4,20191000,1348.4,20191000,1344.0,20190800
2019-06-17 02:15:00,1349.9,20191000,1349.9,20191000,1344.7,20190800
2019-06-17 02:30:00,1349.2,20191000,1349.2,20191000,1344.3,20190800
2019-06-17 02:45:00,1349.9,20191000,1349.9,20191000,1344.5,20190800
2019-06-17 03:00:00,1349.9,20191000,1349.9,20191000,1343.6,20190800
2019-06-17 03:15:00,1349.9,20191000,1349.9,20191000,1343.9,20190800
2019-06-17 03:30:00,1350.5,20191000,1350.5,20191000,1344.8,20190800
2019-06-17 03:45:00,1350.5,20191000,1350.5,20191000,1344.9,20190800
2019-06-17 04:00:00,1350.5,20191000,1350.5,20191000,1345.5,20190800
2019-06-17 04:15:00,1350.5,20191000,1350.5,20191000,1345.8,20190800
2019-06-17 04:30:00,1352.4,20191000,1352.4,20191000,1345.6,20190800
2019-06-17 04:45:00,1352.4,20191000,1352.4,20191000,1345.8,20190800
2019-06-17 05:15:00,1352.4,20191000,1352.4,20191000,1345.3,20190800
2019-06-17 05:30:00,1352.4,20191000,1352.4,20191000,1345.0,20190800
2019-06-17 05:45:00,1352.4,20191000,1352.4,20191000,1344.8,20190800
2019-06-17 06:15:00,1348.6,20191000,1348.6,20191000,1343.6,20190800
2019-06-17 06:30:00,1350.0,20191000,1350.0,20191000,1342.6,20190800
2019-06-17 06:45:00,1348.5,20191000,1348.5,20191000,1342.5,20190800
2019-06-17 07:00:00,1348.5,20191000,1348.5,20191000,1343.3,20190800
2019-06-17 07:15:00,1348.5,20191000,1348.5,20191000,1342.4,20190800
2019-06-17 07:30:00,1347.9,20191000,1347.9,20191000,1342.4,20190800
2019-06-17 07:45:00,1346.9,20191000,1346.9,20191000,1341.6,20190800
2019-06-17 08:00:00,1345.9,20191000,1345.9,20191000,1340.0,20190800
2019-06-17 08:15:00,1346.6,20191000,1346.6,20191000,1340.6,20190800
2019-06-17 08:30:00,1346.2,20191000,1346.2,20191000,1340.4,20190800
2019-06-17 08:45:00,1344.4,20191000,1344.4,20191000,1338.6,20190800
2019-06-17 09:00:00,1344.5,20191000,1344.5,20191000,1338.1,20190800
2019-06-17 09:15:00,1344.5,20191000,1344.5,20191000,1338.6,20190800
2019-06-17 09:30:00,1345.0,20191000,1345.0,20191000,1339.2,20190800
2019-06-17 09:45:00,1345.0,20191000,1345.0,20191000,1337.9,20190800
2019-06-17 10:00:00,1343.6,20191000,1343.6,20191000,1337.4,20190800
2019-06-17 10:15:00,1343.6,20191000,1343.6,20191000,1337.2,20190800
2019-06-17 10:30:00,1343.2,20191000,1343.2,20191000,1337.6,20190800
2019-06-17 10:45:00,1343.2,20191000,1343.2,20191000,1337.6,20190800
2019-06-17 11:00:00,1343.2,20191000,1343.2,20191000,1337.7,20190800
2019-06-17 11:15:00,1344.4,20191000,1344.4,20191000,1338.3,20190800
2019-06-17 11:30:00,1343.1,20191000,1343.1,20191000,1337.4,20190800
2019-06-17 11:45:00,1342.8,20191000,1342.8,20191000,1337.3,20190800
2019-06-17 12:00:00,1342.8,20191000,1342.8,20191000,1337.8,20190800
2019-06-17 12:15:00,1342.8,20191000,1342.8,20191000,1338.2,20190800
2019-06-17 12:30:00,1344.9,20191000,1344.9,20191000,1340.1,20190800
2019-06-17 12:45:00,1345.1,20191000,1345.1,20191000,1339.3,20190800
2019-06-17 13:00:00,1345.7,20191000,1345.7,20191000,1340.4,20190800
2019-06-17 13:15:00,1347.1,20191000,1347.1,20191000,1341.0,20190800
2019-06-17 13:30:00,1348.8,20191000,1348.8,20191000,1343.4,20190800
2019-06-17 13:45:00,1348.8,20191000,1348.8,20191000,1343.5,20190800
2019-06-17 14:00:00,1350.9,20191000,1350.9,20191000,1344.7,20190800
2019-06-17 14:15:00,1351.4,20191000,1351.4,20191000,1346.1,20190800
2019-06-17 14:30:00,1351.0,20191000,1351.0,20191000,1346.3,20190800
2019-06-17 14:45:00,1350.2,20191000,1350.2,20191000,1344.3,20190800
2019-06-17 15:00:00,1350.2,20191000,1350.2,20191000,1343.4,20190800
2019-06-17 15:15:00,1346.6,20191000,1346.6,20191000,1340.9,20190800
2019-06-17 15:30:00,1347.0,20191000,1347.0,20191000,1342.6,20190800
2019-06-17 15:45:00,1348.1,20191000,1348.1,20191000,1341.7,20190800
2019-06-17 16:00:00,1348.3,20191000,1348.3,20191000,1342.6,20190800
2019-06-17 16:15:00,1349.3,20191000,1349.3,20191000,1344.0,20190800
2019-06-17 16:30:00,1349.7,20191000,1349.7,20191000,1343.9,20190800
2019-06-17 16:45:00,1350.5,20191000,1350.5,20191000,1344.4,20190800
2019-06-17 17:00:00,1351.0,20191000,1351.0,20191000,1344.7,20190800
2019-06-17 17:15:00,1351.0,20191000,1351.0,20191000,1344.5,20190800
2019-06-17 17:30:00,1350.6,20191000,1350.6,20191000,1344.6,20190800
2019-06-17 17:45:00,1350.6,20191000,1350.6,20191000,1343.3,20190800
2019-06-17 18:00:00,1349.5,20191000,1349.5,20191000,1344.1,20190800
2019-06-17 18:15:00,1348.8,20191000,1348.8,20191000,1342.8,20190800
2019-06-17 18:30:00,1348.6,20191000,1348.6,20191000,1342.3,20190800
2019-06-17 18:45:00,1348.4,20191000,1348.4,20191000,1342.5,20190800
2019-06-17 19:00:00,1348.2,20191000,1348.2,20191000,1342.0,20190800
2019-06-17 19:15:00,1348.2,20191000,1348.2,20191000,1342.7,20190800
2019-06-17 19:30:00,1348.2,20191000,1348.2,20191000,1342.4,20190800
2019-06-17 19:45:00,1348.7,20191000,1348.7,20191000,1342.7,20190800
2019-06-17 20:00:00,1348.7,20191000,1348.7,20191000,1342.4,20190800
2019-06-17 20:15:00,1348.7,20191000,1348.7,20191000,1343.0,20190800
2019-06-17 20:30:00,1348.5,20191000,1348.5,20191000,1342.8,20190800
2019-06-17 20:45:00,1348.5,20191000,1348.5,20191000,1343.6,20190800
2019-06-17 21:00:00,1349.4,20191000,1349.4,20191000,1343.4,20190800
2019-06-17 21:15:00,1349.4,20191000,1349.4,20191000,1343.3,20190800
2019-06-17 21:30:00,1349.2,20191000,1349.2,20191000,1343.5,20190800
2019-06-17 21:45:00,1349.1,20191000,1349.1,20191000,1343.1,20190800
2019-06-17 23:00:00,1349.1,20191000,1349.1,20191000,1344.3,20190800
2019-06-17 23:15:00,1349.1,20191000,1349.1,20191000,1343.5,20190800
2019-06-17 23:30:00,1349.1,20191000,1349.1,20191000,1343.3,20190800
2019-06-17 23:45:00,1348.8,20191000,1348.8,20191000,1342.8,20190800
2019-06-18 00:00:00,1348.8,20191000,1348.8,20191000,1343.0,20190800
2019-06-18 00:15:00,1348.6,20191000,1348.6,20191000,1342.8,20190800
2019-06-18 00:30:00,1348.9,20191000,1348.9,20191000,1342.8,20190800
2019-06-18 00:45:00,1349.2,20191000,1349.2,20191000,1343.2,20190800
2019-06-18 01:00:00,1349.2,20191000,1349.2,20191000,1342.2,20190800
2019-06-18 01:15:00,1348.6,20191000,1348.6,20191000,1343.0,20190800
2019-06-18 01:30:00,1348.6,20191000,1348.6,20191000,1342.9,20190800
2019-06-18 01:45:00,1348.6,20191000,1348.6,20191000,1343.1,20190800
2019-06-18 02:00:00,1348.3,20191000,1348.3,20191000,1342.8,20190800
2019-06-18 02:15:00,1348.3,20191000,1348.3,20191000,1344.2,20190800
2019-06-18 02:30:00,1348.3,20191000,1348.3,20191000,1344.1,20190800
2019-06-18 02:45:00,1351.1,20191000,1351.1,20191000,1345.5,20190800
2019-06-18 03:00:00,1351.1,20191000,1351.1,20191000,1344.6,20190800
2019-06-18 03:15:00,1350.6,20191000,1350.6,20191000,1344.9,20190800
2019-06-18 03:30:00,1351.2,20191000,1351.2,20191000,1345.4,20190800
2019-06-18 03:45:00,1350.8,20191000,1350.8,20191000,1344.8,20190800
2019-06-18 04:00:00,1350.5,20191000,1350.5,20191000,1344.6,20190800
2019-06-18 04:15:00,1350.5,20191000,1350.5,20191000,1344.2,20190800
2019-06-18 04:30:00,1350.5,20191000,1350.5,20191000,1344.9,20190800
2019-06-18 04:45:00,1350.5,20191000,1350.5,20191000,1344.4,20190800
2019-06-18 05:15:00,1350.8,20191000,1350.8,20191000,1345.1,20190800
2019-06-18 05:30:00,1350.8,20191000,1350.8,20191000,1345.4,20190800
2019-06-18 05:45:00,1351.2,20191000,1351.2,20191000,1345.4,20190800
2019-06-18 06:15:00,1351.6,20191000,1351.6,20191000,1345.5,20190800
2019-06-18 06:30:00,1352.1,20191000,1352.1,20191000,1346.2,20190800
2019-06-18 06:45:00,1355.1,20191000,1355.1,20191000,1349.4,20190800
2019-06-18 07:00:00,1355.7,20191000,1355.7,20191000,1349.8,20190800
2019-06-18 07:15:00,1356.2,20191000,1356.2,20191000,1350.4,20190800
2019-06-18 07:30:00,1355.4,20191000,1355.4,20191000,1349.6,20190800
2019-06-18 07:45:00,1356.0,20191000,1356.0,20191000,1349.8,20190800
2019-06-18 08:00:00,1355.0,20191000,1355.0,20191000,1349.8,20190800
2019-06-18 08:15:00,1355.0,20191000,1355.0,20191000,1348.4,20190800
2019-06-18 08:30:00,1355.0,20191000,1355.0,20191000,1348.7,20190800
2019-06-18 08:45:00,1354.6,20191000,1354.6,20191000,1348.1,20190800
2019-06-18 09:00:00,1355.3,20191000,1355.3,20191000,1349.5,20190800
2019-06-18 09:15:00,1355.2,20191000,1355.2,20191000,1349.2,20190800
2019-06-18 09:30:00,1355.7,20191000,1355.7,20191000,1349.6,20190800
2019-06-18 09:45:00,1355.6,20191000,1355.6,20191000,1349.2,20190800
2019-06-18 10:00:00,1354.8,20191000,1354.8,20191000,1348.4,20190800
2019-06-18 10:15:00,1354.0,20191000,1354.0,20191000,1348.5,20190800
2019-06-18 10:30:00,1354.0,20191000,1354.0,20191000,1348.0,20190800
2019-06-18 10:45:00,1355.0,20191000,1355.0,20191000,1349.7,20190800
2019-06-18 11:00:00,1355.0,20191000,1355.0,20191000,1349.1,20190800
2019-06-18 11:15:00,1355.0,20191000,1355.0,20191000,1349.1,20190800
2019-06-18 11:30:00,1354.9,20191000,1354.9,20191000,1349.4,20190800
2019-06-18 11:45:00,1356.5,20191000,1356.5,20191000,1351.1,20190800
2019-06-18 12:00:00,1356.5,20191000,1356.5,20191000,1351.1,20190800
2019-06-18 12:15:00,1358.0,20191000,1358.0,20191000,1353.5,20190800
2019-06-18 12:30:00,1358.9,20191000,1358.9,20191000,1352.8,20190800
2019-06-18 12:45:00,1358.9,20191000,1358.9,20191000,1354.5,20190800
2019-06-18 13:00:00,1359.6,20191000,1359.6,20191000,1353.9,20190800
2019-06-18 13:15:00,1361.0,20191000,1361.0,20191000,1355.9,20190800
2019-06-18 13:30:00,1362.2,20191000,1362.2,20191000,1356.7,20190800
2019-06-18 13:45:00,1361.6,20191000,1361.6,20191000,1355.4,20190800
2019-06-18 14:00:00,1363.0,20191000,1363.0,20191000,1355.3,20190800
2019-06-18 14:15:00,1361.4,20191000,1361.4,20191000,1355.8,20190800
2019-06-18 14:30:00,1354.2,20191000,1354.2,20191000,1348.0,20190800
2019-06-18 14:45:00,1351.7,20191000,1351.7,20191000,1345.4,20190800
2019-06-18 15:00:00,1353.1,20191000,1353.1,20191000,1347.3,20190800
2019-06-18 15:15:00,1351.0,20191000,1351.0,20191000,1346.1,20190800
2019-06-18 15:30:00,1351.4,20191000,1351.4,20191000,1345.6,20190800
2019-06-18 15:45:00,1354.8,20191000,1354.8,20191000,1349.6,20190800
2019-06-18 16:00:00,1356.2,20191000,1356.2,20191000,1352.1,20190800
2019-06-18 16:15:00,1358.5,20191000,1358.5,20191000,1352.7,20190800
2019-06-18 16:30:00,1355.1,20191000,1355.1,20191000,1349.1,20190800
2019-06-18 16:45:00,1355.5,20191000,1355.5,20191000,1349.7,20190800
2019-06-18 17:00:00,1356.5,20191000,1356.5,20191000,1350.9,20190800
2019-06-18 17:15:00,1357.3,20191000,1357.3,20191000,1351.6,20190800
2019-06-18 17:30:00,1357.3,20191000,1357.3,20191000,1350.9,20190800
2019-06-18 17:45:00,1357.3,20191000,1357.3,20191000,1351.6,20190800
2019-06-18 18:00:00,1357.0,20191000,1357.0,20191000,1351.3,20190800
2019-06-18 18:15:00,1356.5,20191000,1356.5,20191000,1350.5,20190800
2019-06-18 18:30:00,1355.3,20191000,1355.3,20191000,1350.0,20190800
2019-06-18 18:45:00,1355.6,20191000,1355.6,20191000,1349.9,20190800
2019-06-18 19:00:00,1355.6,20191000,1355.6,20191000,1349.6,20190800
2019-06-18 19:15:00,1355.6,20191000,1355.6,20191000,1350.3,20190800
2019-06-18 19:30:00,1356.4,20191000,1356.4,20191000,1350.4,20190800
2019-06-18 19:45:00,1356.4,20191000,1356.4,20191000,1350.2,20190800
2019-06-18 20:00:00,1356.4,20191000,1356.4,20191000,1350.0,20190800
2019-06-18 20:15:00,1355.9,20191000,1355.9,20191000,1350.1,20190800
2019-06-18 20:30:00,1355.9,20191000,1355.9,20191000,1349.9,20190800
2019-06-18 20:45:00,1355.6,20191000,1355.6,20191000,1349.7,20190800
2019-06-18 21:00:00,1355.4,20191000,1355.4,20191000,1349.8,20190800
2019-06-18 21:15:00,1355.4,20191000,1355.4,20191000,1349.7,20190800
2019-06-18 21:30:00,1355.8,20191000,1355.8,20191000,1350.1,20190800
2019-06-18 21:45:00,1355.8,20191000,1355.8,20191000,1350.1,20190800
2019-06-18 23:00:00,1351.3,20191000,1351.3,20191000,1345.8,20190800
2019-06-18 23:15:00,1351.3,20191000,1351.3,20191000,1350.2,20190800
2019-06-18 23:30:00,1351.3,20191000,1351.3,20191000,1350.0,20190800
2019-06-18 23:45:00,1355.3,20191000,1355.3,20191000,1349.3,20190800
2019-06-19 00:00:00,1355.3,20191000,1355.3,20191000,1349.2,20190800
2019-06-19 00:15:00,1355.3,20191000,1355.3,20191000,1349.1,20190800
2019-06-19 00:30:00,1354.8,20191000,1354.8,20191000,1348.9,20190800
2019-06-19 00:45:00,1355.1,20191000,1355.1,20191000,1349.1,20190800
2019-06-19 01:00:00,1355.1,20191000,1355.1,20191000,1349.9,20190800
2019-06-19 01:15:00,1355.1,20191000,1355.1,20191000,1349.4,20190800
2019-06-19 01:30:00,1355.1,20191000,1355.1,20191000,1348.9,20190800
2019-06-19 01:45:00,1355.1,20191000,1355.1,20191000,1348.8,20190800
2019-06-19 02:00:00,1354.7,20191000,1354.7,20191000,1349.8,20190800
2019-06-19 02:15:00,1354.7,20191000,1354.7,20191000,1349.0,20190800
2019-06-19 02:30:00,1352.5,20191000,1352.5,20191000,1346.4,20190800
2019-06-19 02:45:00,1352.5,20191000,1352.5,20191000,1346.7,20190800
2019-06-19 03:00:00,1352.8,20191000,1352.8,20191000,1346.8,20190800
2019-06-19 03:15:00,1352.8,20191000,1352.8,20191000,1347.1,20190800
2019-06-19 03:30:00,1353.8,20191000,1353.8,20191000,1348.1,20190800
2019-06-19 03:45:00,1353.8,20191000,1353.8,20191000,1347.7,20190800
2019-06-19 04:00:00,1353.6,20191000,1353.6,20191000,1347.9,20190800
2019-06-19 04:15:00,1353.6,20191000,1353.6,20191000,1348.7,20190800
2019-06-19 04:30:00,1354.5,20191000,1354.5,20191000,1347.9,20190800
2019-06-19 04:45:00,1354.5,20191000,1354.5,20191000,1347.9,20190800
2019-06-19 05:15:00,1354.5,20191000,1354.5,20191000,1348.7,20190800
2019-06-19 05:30:00,1354.5,20191000,1354.5,20191000,1348.8,20190800
2019-06-19 05:45:00,1354.5,20191000,1354.5,20191000,1349.1,20190800
2019-06-19 06:15:00,1355.5,20191000,1355.5,20191000,1349.8,20190800
2019-06-19 06:30:00,1355.5,20191000,1355.5,20191000,1349.0,20190800
2019-06-19 06:45:00,1355.5,20191000,1355.5,20191000,1349.4,20190800
2019-06-19 07:00:00,1355.5,20191000,1355.5,20191000,1348.7,20190800
2019-06-19 07:15:00,1352.9,20191000,1352.9,20191000,1347.5,20190800
2019-06-19 07:30:00,1352.9,20191000,1352.9,20191000,1348.2,20190800
2019-06-19 07:45:00,1354.8,20191000,1354.8,20191000,1349.2,20190800
2019-06-19 08:00:00,1354.8,20191000,1354.8,20191000,1348.7,20190800
2019-06-19 08:15:00,1353.5,20191000,1353.5,20191000,1347.4,20190800
2019-06-19 08:30:00,1352.7,20191000,1352.7,20191000,1346.8,20190800
2019-06-19 08:45:00,1352.7,20191000,1352.7,20191000,1347.2,20190800
2019-06-19 09:00:00,1352.3,20191000,1352.3,20191000,1346.6,20190800
2019-06-19 09:15:00,1352.2,20191000,1352.2,20191000,1346.1,20190800
2019-06-19 09:30:00,1351.5,20191000,1351.5,20191000,1346.1,20190800
2019-06-19 09:45:00,1351.9,20191000,1351.9,20191000,1345.5,20190800
2019-06-19 10:00:00,1351.9,20191000,1351.9,20191000,1346.0,20190800
2019-06-19 10:15:00,1351.9,20191000,1351.9,20191000,1346.8,20190800
2019-06-19 10:30:00,1351.9,20191000,1351.9,20191000,1345.9,20190800
2019-06-19 10:45:00,1351.9,20191000,1351.9,20191000,1345.8,20190800
2019-06-19 11:00:00,1352.4,20191000,1352.4,20191000,1346.4,20190800
2019-06-19 11:15:00,1352.4,20191000,1352.4,20191000,1346.2,20190800
2019-06-19 11:30:00,1352.4,20191000,1352.4,20191000,1346.4,20190800
2019-06-19 11:45:00,1352.4,20191000,1352.4,20191000,1346.6,20190800
2019-06-19 12:00:00,1352.4,20191000,1352.4,20191000,1346.8,20190800
2019-06-19 12:15:00,1352.4,20191000,1352.4,20191000,1346.5,20190800
2019-06-19 12:30:00,1351.0,20191000,1351.0,20191000,1345.7,20190800
2019-06-19 12:45:00,1351.0,20191000,1351.0,20191000,1345.6,20190800
2019-06-19 13:00:00,1353.0,20191000,1353.0,20191000,1348.0,20190800
2019-06-19 13:15:00,1353.6,20191000,1353.6,20191000,1347.0,20190800
2019-06-19 13:30:00,1354.8,20191000,1354.8,20191000,1347.4,20190800
2019-06-19 13:45:00,1352.1,20191000,1352.1,20191000,1346.7,20190800
2019-06-19 14:00:00,1353.2,20191000,1353.2,20191000,1346.7,20190800
2019-06-19 14:15:00,1353.6,20191000,1353.6,20191000,1347.0,20190800
2019-06-19 14:30:00,1353.6,20191000,1353.6,20191000,1346.8,20190800
2019-06-19 14:45:00,1353.4,20191000,1353.4,20191000,1347.3,20190800
2019-06-19 15:00:00,1354.0,20191000,1354.0,20191000,1348.5,20190800
2019-06-19 15:15:00,1354.5,20191000,1354.5,20191000,1348.8,20190800
2019-06-19 15:30:00,1354.0,20191000,1354.0,20191000,1348.0,20190800
2019-06-19 15:45:00,1353.4,20191000,1353.4,20191000,1347.6,20190800
2019-06-19 16:00:00,1353.4,20191000,1353.4,20191000,1347.7,20190800
2019-06-19 16:15:00,1353.8,20191000,1353.8,20191000,1348.1,20190800
2019-06-19 16:30:00,1354.4,20191000,1354.4,20191000,1348.7,20190800
2019-06-19 16:45:00,1354.6,20191000,1354.6,20191000,1348.6,20190800
2019-06-19 17:00:00,1354.6,20191000,1354.6,20191000,1348.8,20190800
2019-06-19 17:15:00,1355.1,20191000,1355.1,20191000,1349.5,20190800
2019-06-19 17:30:00,1355.8,20191000,1355.8,20191000,1349.8,20190800
2019-06-19 17:45:00,1355.8,20191000,1355.8,20191000,1349.7,20190800
2019-06-19 18:00:00,1355.8,20191000,1355.8,20191000,1349.6,20190800
2019-06-19 18:15:00,1354.5,20191000,1354.5,20191000,1348.6,20190800
2019-06-19 18:30:00,1354.7,20191000,1354.7,20191000,1349.2,20190800
2019-06-19 18:45:00,1355.3,20191000,1355.3,20191000,1349.1,20190800
2019-06-19 19:00:00,1364.0,20191000,1364.0,20191000,1357.2,20190800
2019-06-19 19:15:00,1362.5,20191000,1362.5,20191000,1355.5,20190800
2019-06-19 19:30:00,1359.2,20191000,1359.2,20191000,1353.8,20190800
2019-06-19 19:45:00,1361.6,20191000,1361.6,20191000,1355.9,20190800
2019-06-19 20:00:00,1362.7,20191000,1362.7,20191000,1357.0,20190800
2019-06-19 20:15:00,1361.9,20191000,1361.9,20191000,1355.6,20190800
2019-06-19 20:30:00,1361.5,20191000,1361.5,20191000,1356.1,20190800
2019-06-19 20:45:00,1364.6,20191000,1364.6,20191000,1359.1,20190800
2019-06-19 21:00:00,1367.8,20191000,1367.8,20191000,1361.8,20190800
2019-06-19 21:15:00,1370.0,20191000,1370.0,20191000,1364.2,20190800
2019-06-19 21:30:00,1370.3,20191000,1370.3,20191000,1364.7,20190800
2019-06-19 21:45:00,1370.2,20191000,1370.2,20191000,1364.3,20190800
2019-06-19 23:00:00,1356.0,20191000,1356.0,20191000,1350.2,20190800
2019-06-19 23:15:00,1369.0,20191000,1369.0,20191000,1363.4,20190800
2019-06-19 23:30:00,1369.0,20191000,1369.0,20191000,1363.3,20190800
2019-06-19 23:45:00,1368.7,20191000,1368.7,20191000,1362.8,20190800
2019-06-20 00:00:00,1368.8,20191000,1368.8,20191000,1363.2,20190800
2019-06-20 00:15:00,1368.6,20191000,1368.6,20191000,1362.8,20190800
2019-06-20 00:30:00,1368.0,20191000,1368.0,20191000,1361.8,20190800
2019-06-20 00:45:00,1367.3,20191000,1367.3,20191000,1361.6,20190800
2019-06-20 01:00:00,1367.3,20191000,1367.3,20191000,1363.7,20190800
2019-06-20 01:15:00,1372.8,20191000,1372.8,20191000,1366.9,20190800
2019-06-20 01:30:00,1375.0,20191000,1375.0,20191000,1368.2,20190800
2019-06-20 01:45:00,1380.8,20191000,1380.8,20191000,1375.2,20190800
2019-06-20 02:00:00,1391.2,20191000,1391.2,20191000,1384.8,20190800
2019-06-20 02:15:00,1389.5,20191000,1389.5,20191000,1383.8,20190800
2019-06-20 02:30:00,1387.3,20191000,1387.3,20191000,1381.1,20190800
2019-06-20 02:45:00,1387.2,20191000,1387.2,20191000,1381.2,20190800
2019-06-20 03:00:00,1389.4,20191000,1389.4,20191000,1383.5,20190800
2019-06-20 03:15:00,1387.5,20191000,1387.5,20191000,1382.0,20190800
2019-06-20 03:30:00,1388.4,20191000,1388.4,20191000,1382.8,20190800
2019-06-20 03:45:00,1389.0,20191000,1389.0,20191000,1383.5,20190800
2019-06-20 04:00:00,1391.0,20191000,1391.0,20191000,1384.9,20190800
2019-06-20 04:15:00,1391.0,20191000,1391.0,20191000,1384.9,20190800
2019-06-20 04:30:00,1389.8,20191000,1389.8,20191000,1383.7,20190800
2019-06-20 04:45:00,1390.3,20191000,1390.3,20191000,1384.5,20190800
2019-06-20 05:15:00,1388.0,20191000,1388.0,20191000,1382.2,20190800
2019-06-20 05:30:00,1387.9,20191000,1387.9,20191000,1382.2,20190800
2019-06-20 05:45:00,1387.9,20191000,1387.9,20191000,1382.3,20190800
2019-06-20 06:15:00,1390.0,20191000,1390.0,20191000,1384.3,20190800
2019-06-20 06:30:00,1390.4,20191000,1390.4,20191000,1384.9,20190800
2019-06-20 06:45:00,1392.7,20191000,1392.7,20191000,1386.3,20190800
2019-06-20 07:00:00,1395.4,20191000,1395.4,20191000,1389.5,20190800
2019-06-20 07:15:00,1394.9,20191000,1394.9,20191000,1389.0,20190800
2019-06-20 07:30:00,1393.1,20191000,1393.1,20191000,1386.4,20190800
2019-06-20 07:45:00,1392.3,20191000,1392.3,20191000,1386.5,20190800
2019-06-20 08:00:00,1391.7,20191000,1391.7,20191000,1386.4,20190800
2019-06-20 08:15:00,1393.2,20191000,1393.2,20191000,1384.3,20190800
2019-06-20 08:30:00,1391.3,20191000,1391.3,20191000,1386.1,20190800
2019-06-20 08:45:00,1392.8,20191000,1392.8,20191000,1385.6,20190800
2019-06-20 09:00:00,1390.2,20191000,1390.2,20191000,1384.3,20190800
2019-06-20 09:15:00,1390.7,20191000,1390.7,20191000,1384.9,20190800
2019-06-20 09:30:00,1389.0,20191000,1389.0,20191000,1383.2,20190800
2019-06-20 09:45:00,1389.7,20191000,1389.7,20191000,1384.1,20190800
2019-06-20 10:00:00,1389.4,20191000,1389.4,20191000,1383.6,20190800
2019-06-20 10:15:00,1389.7,20191000,1389.7,20191000,1384.0,20190800
2019-06-20 10:30:00,1390.9,20191000,1390.9,20191000,1385.5,20190800
2019-06-20 10:45:00,1392.4,20191000,1392.4,20191000,1386.9,20190800
2019-06-20 11:00:00,1391.9,20191000,1391.9,20191000,1385.9,20190800
2019-06-20 11:15:00,1391.0,20191000,1391.0,20191000,1385.0,20190800
2019-06-20 11:30:00,1390.4,20191000,1390.4,20191000,1384.9,20190800
2019-06-20 11:45:00,1389.7,20191000,1389.7,20191000,1384.5,20190800
2019-06-20 12:00:00,1391.0,20191000,1391.0,20191000,1384.8,20190800
2019-06-20 12:15:00,1391.6,20191000,1391.6,20191000,1385.4,20190800
2019-06-20 12:30:00,1391.0,20191000,1391.0,20191000,1385.9,20190800
2019-06-20 12:45:00,1390.9,20191000,1390.9,20191000,1385.0,20190800
2019-06-20 13:00:00,1390.7,20191000,1390.7,20191000,1385.1,20190800
2019-06-20 13:15:00,1395.2,20191000,1395.2,20191000,1389.6,20190800
2019-06-20 13:30:00,1390.4,20191000,1390.4,20191000,1384.6,20190800
2019-06-20 13:45:00,1392.7,20191000,1392.7,20191000,1386.9,20190800
2019-06-20 14:00:00,1394.5,20191000,1394.5,20191000,1388.2,20190800
2019-06-20 14:15:00,1391.5,20191000,1391.5,20191000,1385.5,20190800
2019-06-20 14:30:00,1392.9,20191000,1392.9,20191000,1387.1,20190800
2019-06-20 14:45:00,1391.8,20191000,1391.8,20191000,1385.9,20190800
2019-06-20 15:00:00,1390.9,20191000,1390.9,20191000,1386.3,20190800
2019-06-20 15:15:00,1391.1,20191000,1391.1,20191000,1386.0,20190800
2019-06-20 15:30:00,1392.8,20191000,1392.8,20191000,1386.4,20190800
2019-06-20 15:45:00,1393.2,20191000,1393.2,20191000,1386.8,20190800
2019-06-20 16:00:00,1393.4,20191000,1393.4,20191000,1388.7,20190800
2019-06-20 16:15:00,1394.8,20191000,1394.8,20191000,1389.2,20190800
2019-06-20 16:30:00,1394.5,20191000,1394.5,20191000,1388.8,20190800
2019-06-20 16:45:00,1395.3,20191000,1395.3,20191000,1389.2,20190800
2019-06-20 17:00:00,1399.9,20191000,1399.9,20191000,1393.9,20190800
2019-06-20 17:15:00,1396.0,20191000,1396.0,20191000,1389.5,20190800
2019-06-20 17:30:00,1396.0,20191000,1396.0,20191000,1390.2,20190800
2019-06-20 17:45:00,1397.0,20191000,1397.0,20191000,1391.7,20190800
2019-06-20 18:00:00,1398.0,20191000,1398.0,20191000,1392.1,20190800
2019-06-20 18:15:00,1402.8,20191000,1402.8,20191000,1396.8,20190800
2019-06-20 18:30:00,1400.3,20191000,1400.3,20191000,1394.4,20190800
2019-06-20 18:45:00,1400.5,20191000,1400.5,20191000,1394.1,20190800
2019-06-20 19:00:00,1398.8,20191000,1398.8,20191000,1393.0,20190800
2019-06-20 19:15:00,1398.5,20191000,1398.5,20191000,1393.4,20190800
2019-06-20 19:30:00,1401.6,20191000,1401.6,20191000,1395.8,20190800
2019-06-20 19:45:00,1400.0,20191000,1400.0,20191000,1394.0,20190800
2019-06-20 20:00:00,1400.2,20191000,1400.2,20191000,1393.8,20190800
2019-06-20 20:15:00,1399.5,20191000,1399.5,20191000,1393.1,20190800
2019-06-20 20:30:00,1400.0,20191000,1400.0,20191000,1394.0,20190800
2019-06-20 20:45:00,1399.3,20191000,1399.3,20191000,1393.3,20190800
2019-06-20 21:00:00,1399.5,20191000,1399.5,20191000,1393.6,20190800
2019-06-20 21:15:00,1397.9,20191000,1397.9,20191000,1391.4,20190800
2019-06-20 21:30:00,1397.3,20191000,1397.3,20191000,1391.6,20190800
2019-06-20 21:45:00,1397.9,20191000,1397.9,20191000,1392.3,20190800
2019-06-20 23:00:00,1388.6,20191000,1388.6,20191000,1382.8,20190800
2019-06-20 23:15:00,1388.6,20191000,1388.6,20191000,1392.7,20190800
2019-06-20 23:30:00,1398.6,20191000,1398.6,20191000,1393.0,20190800
2019-06-20 23:45:00,1398.6,20191000,1398.6,20191000,1392.7,20190800
2019-06-21 00:00:00,1397.8,20191000,1397.8,20191000,1392.0,20190800
2019-06-21 00:15:00,1397.8,20191000,1397.8,20191000,1392.7,20190800
2019-06-21 00:30:00,1399.9,20191000,1399.9,20191000,1393.8,20190800
2019-06-21 00:45:00,1400.4,20191000,1400.4,20191000,1394.5,20190800
2019-06-21 01:00:00,1403.5,20191000,1403.5,20191000,1397.4,20190800
2019-06-21 01:15:00,1404.6,20191000,1404.6,20191000,1397.7,20190800
2019-06-21 01:30:00,1403.6,20191000,1403.6,20191000,1396.8,20190800
2019-06-21 01:45:00,1402.6,20191000,1402.6,20191000,1396.8,20190800
2019-06-21 02:00:00,1402.1,20191000,1402.1,20191000,1397.1,20190800
2019-06-21 02:15:00,1402.7,20191000,1402.7,20191000,1396.9,20190800
2019-06-21 02:30:00,1406.2,20191000,1406.2,20191000,1400.3,20190800
2019-06-21 02:45:00,1412.8,20191000,1412.8,20191000,1408.1,20190800
2019-06-21 03:00:00,1414.1,20191000,1414.1,20191000,1407.8,20190800
2019-06-21 03:15:00,1417.7,20191000,1417.7,20191000,1410.9,20190800
2019-06-21 03:30:00,1416.4,20191000,1416.4,20191000,1410.3,20190800
2019-06-21 03:45:00,1415.8,20191000,1415.8,20191000,1409.7,20190800
2019-06-21 04:00:00,1416.5,20191000,1416.5,20191000,1410.1,20190800
2019-06-21 04:15:00,1415.3,20191000,1415.3,20191000,1409.3,20190800
2019-06-21 04:30:00,1414.6,20191000,1414.6,20191000,1409.0,20190800
2019-06-21 04:45:00,1414.4,20191000,1414.4,20191000,1408.7,20190800
2019-06-21 05:15:00,1415.7,20191000,1415.7,20191000,1409.1,20190800
2019-06-21 05:30:00,1414.3,20191000,1414.3,20191000,1408.6,20190800
2019-06-21 05:45:00,1413.4,20191000,1413.4,20191000,1407.5,20190800
2019-06-21 06:15:00,1413.4,20191000,1413.4,20191000,1409.0,20190800
2019-06-21 06:30:00,1410.6,20191000,1410.6,20191000,1405.7,20190800
2019-06-21 06:45:00,1406.6,20191000,1406.6,20191000,1400.9,20190800
2019-06-21 07:00:00,1404.9,20191000,1404.9,20191000,1399.8,20190800
2019-06-21 07:15:00,1404.8,20191000,1404.8,20191000,1398.2,20190800
2019-06-21 07:30:00,1401.1,20191000,1401.1,20191000,1395.1,20190800
2019-06-21 07:45:00,1402.7,20191000,1402.7,20191000,1396.1,20190800
2019-06-21 08:00:00,1401.9,20191000,1401.9,20191000,1395.9,20190800
2019-06-21 08:15:00,1401.2,20191000,1401.2,20191000,1395.1,20190800
2019-06-21 08:30:00,1397.9,20191000,1397.9,20191000,1391.7,20190800
2019-06-21 08:45:00,1393.4,20191000,1393.4,20191000,1388.1,20190800
2019-06-21 09:00:00,1395.7,20191000,1395.7,20191000,1389.5,20190800
2019-06-21 09:15:00,1397.9,20191000,1397.9,20191000,1392.2,20190800
2019-06-21 09:30:00,1398.1,20191000,1398.1,20191000,1392.7,20190800
2019-06-21 09:45:00,1398.3,20191000,1398.3,20191000,1393.2,20190800
2019-06-21 10:00:00,1396.8,20191000,1396.8,20191000,1390.9,20190800
2019-06-21 10:15:00,1397.8,20191000,1397.8,20191000,1392.4,20190800
2019-06-21 10:30:00,1396.3,20191000,1396.3,20191000,1390.7,20190800
2019-06-21 10:45:00,1396.3,20191000,1396.3,20191000,1392.5,20190800
2019-06-21 11:00:00,1396.3,20191000,1396.3,20191000,1391.7,20190800
2019-06-21 11:15:00,1399.8,20191000,1399.8,20191000,1394.4,20190800
2019-06-21 11:30:00,1408.8,20191000,1408.8,20191000,1401.8,20190800
2019-06-21 11:45:00,1404.3,20191000,1404.3,20191000,1398.4,20190800
2019-06-21 12:00:00,1404.5,20191000,1404.5,20191000,1399.2,20190800
2019-06-21 12:15:00,1403.4,20191000,1403.4,20191000,1397.7,20190800
2019-06-21 12:30:00,1407.4,20191000,1407.4,20191000,1400.5,20190800
2019-06-21 12:45:00,1404.7,20191000,1404.7,20191000,1398.9,20190800
2019-06-21 13:00:00,1406.7,20191000,1406.7,20191000,1400.4,20190800
2019-06-21 13:15:00,1405.2,20191000,1405.2,20191000,1399.4,20190800
2019-06-21 13:30:00,1403.4,20191000,1403.4,20191000,1398.6,20190800
2019-06-21 13:45:00,1406.5,20191000,1406.5,20191000,1400.6,20190800
2019-06-21 14:00:00,1406.5,20191000,1406.5,20191000,1400.3,20190800
2019-06-21 14:15:00,1406.2,20191000,1406.2,20191000,1400.1,20190800
2019-06-21 14:30:00,1408.2,20191000,1408.2,20191000,1401.5,20190800
2019-06-21 14:45:00,1407.3,20191000,1407.3,20191000,1401.7,20190800
2019-06-21 15:00:00,1402.6,20191000,1402.6,20191000,1395.6,20190800
2019-06-21 15:15:00,1400.7,20191000,1400.7,20191000,1395.7,20190800
2019-06-21 15:30:00,1401.2,20191000,1401.2,20191000,1395.4,20190800
2019-06-21 15:45:00,1402.4,20191000,1402.4,20191000,1396.3,20190800
2019-06-21 16:00:00,1402.6,20191000,1402.6,20191000,1396.9,20190800
2019-06-21 16:15:00,1404.4,20191000,1404.4,20191000,1399.6,20190800
2019-06-21 16:30:00,1405.3,20191000,1405.3,20191000,1399.4,20190800
2019-06-21 16:45:00,1407.0,20191000,1407.0,20191000,1402.1,20190800
2019-06-21 17:00:00,1407.1,20191000,1407.1,20191000,1401.2,20190800
2019-06-21 17:15:00,1405.2,20191000,1405.2,20191000,1399.5,20190800
2019-06-21 17:30:00,1405.8,20191000,1405.8,20191000,1397.5,20190800
2019-06-21 17:45:00,1403.8,20191000,1403.8,20191000,1397.9,20190800
2019-06-21 18:00:00,1406.2,20191000,1406.2,20191000,1400.2,20190800
2019-06-21 18:15:00,1405.4,20191000,1405.4,20191000,1399.2,20190800
2019-06-21 18:30:00,1406.1,20191000,1406.1,20191000,1400.3,20190800
2019-06-21 18:45:00,1405.9,20191000,1405.9,20191000,1399.8,20190800
2019-06-21 19:00:00,1405.9,20191000,1405.9,20191000,1401.0,20190800
2019-06-21 19:15:00,1407.2,20191000,1407.2,20191000,1401.1,20190800
2019-06-21 19:30:00,1407.0,20191000,1407.0,20191000,1401.8,20190800
2019-06-21 19:45:00,1407.6,20191000,1407.6,20191000,1401.8,20190800
2019-06-21 20:00:00,1408.0,20191000,1408.0,20191000,1402.2,20190800
2019-06-21 20:15:00,1409.5,20191000,1409.5,20191000,1403.5,20190800
2019-06-21 20:30:00,1409.8,20191000,1409.8,20191000,1403.8,20190800
2019-06-21 20:45:00,1409.3,20191000,1409.3,20191000,1402.6,20190800
2019-06-21 21:00:00,1408.7,20191000,1408.7,20191000,1402.5,20190800
2019-06-21 21:15:00,1408.7,20191000,1408.7,20191000,1403.0,20190800
2019-06-21 21:30:00,1408.8,20191000,1408.8,20191000,1402.7,20190800
2019-06-21 21:45:00,1408.8,20191000,1408.8,20191000,1403.0,20190800
2019-06-21 23:00:00,1415.6,20191000,1415.6,20191000,1409.1,20190800
2019-06-23 23:00:00,1412.8,20191000,1412.8,20191000,1408.0,20190800
2019-06-23 23:15:00,1414.1,20191000,1414.1,20191000,1408.8,20190800
2019-06-23 23:30:00,1412.1,20191000,1412.1,20191000,1408.1,20190800
2019-06-23 23:45:00,1414.5,20191000,1414.5,20191000,1409.0,20190800
2019-06-24 00:00:00,1412.4,20191000,1412.4,20191000,1406.4,20190800
2019-06-24 00:15:00,1413.8,20191000,1413.8,20191000,1408.1,20190800
2019-06-24 00:30:00,1415.6,20191000,1415.6,20191000,1408.4,20190800
2019-06-24 00:45:00,1416.5,20191000,1416.5,20191000,1410.4,20190800
2019-06-24 01:00:00,1417.4,20191000,1417.4,20191000,1412.0,20190800
2019-06-24 01:15:00,1416.1,20191000,1416.1,20191000,1410.2,20190800
2019-06-24 01:30:00,1415.3,20191000,1415.3,20191000,1409.3,20190800
2019-06-24 01:45:00,1415.4,20191000,1415.4,20191000,1409.3,20190800
2019-06-24 02:00:00,1416.0,20191000,1416.0,20191000,1410.3,20190800
2019-06-24 02:15:00,1416.2,20191000,1416.2,20191000,1409.6,20190800
2019-06-24 02:30:00,1416.0,20191000,1416.0,20191000,1411.1,20190800
2019-06-24 02:45:00,1416.0,20191000,1416.0,20191000,1410.2,20190800
2019-06-24 03:00:00,1414.4,20191000,1414.4,20191000,1409.0,20190800
2019-06-24 03:15:00,1415.0,20191000,1415.0,20191000,1409.3,20190800
2019-06-24 03:30:00,1414.0,20191000,1414.0,20191000,1407.8,20190800
2019-06-24 03:45:00,1415.9,20191000,1415.9,20191000,1409.9,20190800
2019-06-24 04:00:00,1414.9,20191000,1414.9,20191000,1409.0,20190800
2019-06-24 04:15:00,1413.7,20191000,1413.7,20191000,1407.8,20190800
2019-06-24 04:30:00,1413.2,20191000,1413.2,20191000,1407.3,20190800
2019-06-24 04:45:00,1413.2,20191000,1413.2,20191000,1406.7,20190800
2019-06-24 05:15:00,1411.8,20191000,1411.8,20191000,1406.2,20190800
2019-06-24 05:30:00,1412.4,20191000,1412.4,20191000,1406.7,20190800
2019-06-24 05:45:00,1412.4,20191000,1412.4,20191000,1406.0,20190800
2019-06-24 06:15:00,1412.9,20191000,1412.9,20191000,1407.0,20190800
2019-06-24 06:30:00,1413.5,20191000,1413.5,20191000,1407.4,20190800
2019-06-24 06:45:00,1414.1,20191000,1414.1,20191000,1407.5,20190800
2019-06-24 07:00:00,1415.3,20191000,1415.3,20191000,1409.7,20190800
2019-06-24 07:15:00,1414.1,20191000,1414.1,20191000,1408.6,20190800
2019-06-24 07:30:00,1412.8,20191000,1412.8,20191000,1406.8,20190800
2019-06-24 07:45:00,1412.1,20191000,1412.1,20191000,1406.4,20190800
2019-06-24 08:00:00,1410.4,20191000,1410.4,20191000,1405.3,20190800
2019-06-24 08:15:00,1411.7,20191000,1411.7,20191000,1406.1,20190800
2019-06-24 08:30:00,1411.7,20191000,1411.7,20191000,1406.9,20190800
2019-06-24 08:45:00,1411.7,20191000,1411.7,20191000,1406.1,20190800
2019-06-24 09:00:00,1411.9,20191000,1411.9,20191000,1405.9,20190800
2019-06-24 09:15:00,1411.9,20191000,1411.9,20191000,1407.9,20190800
2019-06-24 09:30:00,1414.5,20191000,1414.5,20191000,1409.0,20190800
2019-06-24 09:45:00,1415.7,20191000,1415.7,20191000,1409.1,20190800
2019-06-24 10:00:00,1414.2,20191000,1414.2,20191000,1408.5,20190800
2019-06-24 10:15:00,1414.2,20191000,1414.2,20191000,1409.4,20190800
2019-06-24 10:30:00,1414.6,20191000,1414.6,20191000,1408.7,20190800
2019-06-24 10:45:00,1416.7,20191000,1416.7,20191000,1410.2,20190800
2019-06-24 11:00:00,1416.0,20191000,1416.0,20191000,1410.5,20190800
2019-06-24 11:15:00,1417.2,20191000,1417.2,20191000,1411.5,20190800
2019-06-24 11:30:00,1416.6,20191000,1416.6,20191000,1410.4,20190800
2019-06-24 11:45:00,1416.3,20191000,1416.3,20191000,1411.0,20190800
2019-06-24 12:00:00,1417.4,20191000,1417.4,20191000,1411.6,20190800
2019-06-24 12:15:00,1419.3,20191000,1419.3,20191000,1412.7,20190800
2019-06-24 12:30:00,1420.0,20191000,1420.0,20191000,1413.9,20190800
2019-06-24 12:45:00,1418.6,20191000,1418.6,20191000,1412.8,20190800
2019-06-24 13:00:00,1417.4,20191000,1417.4,20191000,1412.3,20190800
2019-06-24 13:15:00,1415.2,20191000,1415.2,20191000,1410.6,20190800
2019-06-24 13:30:00,1415.2,20191000,1415.2,20191000,1409.4,20190800
2019-06-24 13:45:00,1416.0,20191000,1416.0,20191000,1409.5,20190800
2019-06-24 14:00:00,1416.1,20191000,1416.1,20191000,1409.9,20190800
2019-06-24 14:15:00,1416.1,20191000,1416.1,20191000,1410.9,20190800
2019-06-24 14:30:00,1417.0,20191000,1417.0,20191000,1409.4,20190800
2019-06-24 14:45:00,1416.7,20191000,1416.7,20191000,1410.0,20190800
2019-06-24 15:00:00,1416.6,20191000,1416.6,20191000,1410.8,20190800
2019-06-24 15:15:00,1417.2,20191000,1417.2,20191000,1411.8,20190800
2019-06-24 15:30:00,1418.0,20191000,1418.0,20191000,1412.6,20190800
2019-06-24 15:45:00,1418.1,20191000,1418.1,20191000,1412.1,20190800
2019-06-24 16:00:00,1419.4,20191000,1419.4,20191000,1413.7,20190800
2019-06-24 16:15:00,1426.0,20191000,1426.0,20191000,1420.8,20190800
2019-06-24 16:30:00,1425.1,20191000,1425.1,20191000,1419.8,20190800
2019-06-24 16:45:00,1422.9,20191000,1422.9,20191000,1417.4,20190800
2019-06-24 17:00:00,1423.6,20191000,1423.6,20191000,1418.2,20190800
2019-06-24 17:15:00,1424.1,20191000,1424.1,20191000,1418.6,20190800
2019-06-24 17:30:00,1425.4,20191000,1425.4,20191000,1419.2,20190800
2019-06-24 17:45:00,1424.0,20191000,1424.0,20191000,1418.6,20190800
2019-06-24 18:00:00,1424.5,20191000,1424.5,20191000,1418.7,20190800
2019-06-24 18:15:00,1424.1,20191000,1424.1,20191000,1418.1,20190800
2019-06-24 18:30:00,1424.1,20191000,1424.1,20191000,1418.3,20190800
2019-06-24 18:45:00,1425.0,20191000,1425.0,20191000,1419.4,20190800
2019-06-24 19:00:00,1424.9,20191000,1424.9,20191000,1418.6,20190800
2019-06-24 19:15:00,1424.6,20191000,1424.6,20191000,1418.8,20190800
2019-06-24 19:30:00,1425.0,20191000,1425.0,20191000,1419.5,20190800
2019-06-24 19:45:00,1428.6,20191000,1428.6,20191000,1422.8,20190800
2019-06-24 20:00:00,1428.6,20191000,1428.6,20191000,1421.6,20190800
2019-06-24 20:15:00,1427.3,20191000,1427.3,20191000,1421.7,20190800
2019-06-24 20:30:00,1428.4,20191000,1428.4,20191000,1422.0,20190800
2019-06-24 20:45:00,1429.0,20191000,1429.0,20191000,1422.6,20190800
2019-06-24 21:00:00,1428.9,20191000,1428.9,20191000,1422.9,20190800
2019-06-24 21:15:00,1429.4,20191000,1429.4,20191000,1423.5,20190800
2019-06-24 21:30:00,1428.6,20191000,1428.6,20191000,1421.9,20190800
2019-06-24 21:45:00,1428.6,20191000,1428.6,20191000,1423.3,20190800
2019-06-24 23:00:00,1427.9,20191000,1427.9,20191000,1406.0,20190800
2019-06-24 23:15:00,1427.9,20191000,1427.9,20191000,1423.5,20190800
2019-06-24 23:30:00,1427.9,20191000,1427.9,20191000,1424.4,20190800
2019-06-24 23:45:00,1432.4,20191000,1432.4,20191000,1426.3,20190800
2019-06-25 00:00:00,1433.2,20191000,1433.2,20191000,1427.6,20190800
2019-06-25 00:15:00,1433.0,20191000,1433.0,20191000,1426.8,20190800
2019-06-25 00:30:00,1432.8,20191000,1432.8,20191000,1428.4,20190800
2019-06-25 00:45:00,1434.7,20191000,1434.7,20191000,1428.7,20190800
2019-06-25 01:00:00,1434.9,20191000,1434.9,20191000,1430.6,20190800
2019-06-25 01:15:00,1437.3,20191000,1437.3,20191000,1431.4,20190800
2019-06-25 01:30:00,1436.8,20191000,1436.8,20191000,1429.8,20190800
2019-06-25 01:45:00,1433.3,20191000,1433.3,20191000,1428.1,20190800
2019-06-25 02:00:00,1434.3,20191000,1434.3,20191000,1428.4,20190800
2019-06-25 02:15:00,1435.5,20191000,1435.5,20191000,1429.9,20190800
2019-06-25 02:30:00,1434.8,20191000,1434.8,20191000,1429.3,20190800
2019-06-25 02:45:00,1436.1,20191000,1436.1,20191000,1429.0,20190800
2019-06-25 03:00:00,1434.8,20191000,1434.8,20191000,1429.1,20190800
2019-06-25 03:15:00,1434.3,20191000,1434.3,20191000,1428.4,20190800
2019-06-25 03:30:00,1433.7,20191000,1433.7,20191000,1428.1,20190800
2019-06-25 03:45:00,1435.6,20191000,1435.6,20191000,1429.4,20190800
2019-06-25 04:00:00,1440.1,20191000,1440.1,20191000,1434.7,20190800
2019-06-25 04:15:00,1441.0,20191000,1441.0,20191000,1433.8,20190800
2019-06-25 04:30:00,1440.7,20191000,1440.7,20191000,1438.1,20190800
2019-06-25 04:45:00,1444.7,20191000,1444.7,20191000,1439.7,20190800
2019-06-25 05:15:00,1446.1,20191000,1446.1,20191000,1440.0,20190800
2019-06-25 05:30:00,1445.1,20191000,1445.1,20191000,1439.4,20190800
2019-06-25 05:45:00,1445.2,20191000,1445.2,20191000,1439.5,20190800
2019-06-25 06:15:00,1440.1,20191000,1440.1,20191000,1434.5,20190800
2019-06-25 06:30:00,1432.8,20191000,1432.8,20191000,1427.3,20190800
2019-06-25 06:45:00,1432.4,20191000,1432.4,20191000,1426.9,20190800
2019-06-25 07:00:00,1434.6,20191000,1434.6,20191000,1429.0,20190800
2019-06-25 07:15:00,1436.0,20191000,1436.0,20191000,1431.0,20190800
2019-06-25 07:30:00,1438.3,20191000,1438.3,20191000,1432.4,20190800
2019-06-25 07:45:00,1439.5,20191000,1439.5,20191000,1433.5,20190800
2019-06-25 08:00:00,1439.8,20191000,1439.8,20191000,1434.4,20190800
2019-06-25 08:15:00,1439.3,20191000,1439.3,20191000,1433.2,20190800
2019-06-25 08:30:00,1443.4,20191000,1443.4,20191000,1436.8,20190800
2019-06-25 08:45:00,1441.4,20191000,1441.4,20191000,1435.7,20190800
2019-06-25 09:00:00,1443.8,20191000,1443.8,20191000,1437.4,20190800
2019-06-25 09:15:00,1441.8,20191000,1441.8,20191000,1435.8,20190800
2019-06-25 09:30:00,1437.7,20191000,1437.7,20191000,1432.3,20190800
2019-06-25 09:45:00,1440.2,20191000,1440.2,20191000,1434.4,20190800
2019-06-25 10:00:00,1439.0,20191000,1439.0,20191000,1433.9,20190800
2019-06-25 10:15:00,1439.5,20191000,1439.5,20191000,1433.4,20190800
2019-06-25 10:30:00,1439.5,20191000,1439.5,20191000,1433.1,20190800
2019-06-25 10:45:00,1439.5,20191000,1439.5,20191000,1432.1,20190800
2019-06-25 11:00:00,1439.5,20191000,1439.5,20191000,1433.7,20190800
2019-06-25 11:15:00,1440.1,20191000,1440.1,20191000,1433.6,20190800
2019-06-25 11:30:00,1440.1,20191000,1440.1,20191000,1433.7,20190800
2019-06-25 11:45:00,1439.3,20191000,1439.3,20191000,1433.6,20190800
2019-06-25 12:00:00,1437.6,20191000,1437.6,20191000,1431.7,20190800
2019-06-25 12:15:00,1437.6,20191000,1437.6,20191000,1432.3,20190800
2019-06-25 12:30:00,1438.0,20191000,1438.0,20191000,1432.5,20190800
2019-06-25 12:45:00,1437.5,20191000,1437.5,20191000,1430.9,20190800
2019-06-25 13:00:00,1435.8,20191000,1435.8,20191000,1430.5,20190800
2019-06-25 13:15:00,1434.4,20191000,1434.4,20191000,1428.8,20190800
2019-06-25 13:30:00,1435.1,20191000,1435.1,20191000,1428.0,20190800
2019-06-25 13:45:00,1435.5,20191000,1435.5,20191000,1428.9,20190800
2019-06-25 14:00:00,1438.3,20191000,1438.3,20191000,1432.1,20190800
2019-06-25 14:15:00,1439.0,20191000,1439.0,20191000,1432.9,20190800
2019-06-25 14:30:00,1442.2,20191000,1442.2,20191000,1436.7,20190800
2019-06-25 14:45:00,1440.8,20191000,1440.8,20191000,1435.3,20190800
2019-06-25 15:00:00,1442.9,20191000,1442.9,20191000,1437.5,20190800
2019-06-25 15:15:00,1442.7,20191000,1442.7,20191000,1436.7,20190800
2019-06-25 15:30:00,1439.1,20191000,1439.1,20191000,1432.5,20190800
2019-06-25 15:45:00,1440.7,20191000,1440.7,20191000,1434.1,20190800
2019-06-25 16:00:00,1440.7,20191000,1440.7,20191000,1435.5,20190800
2019-06-25 16:15:00,1436.8,20191000,1436.8,20191000,1431.6,20190800
2019-06-25 16:30:00,1436.9,20191000,1436.9,20191000,1430.3,20190800
2019-06-25 16:45:00,1437.6,20191000,1437.6,20191000,1433.1,20190800
2019-06-25 17:00:00,1440.0,20191000,1440.0,20191000,1433.2,20190800
2019-06-25 17:15:00,1439.0,20191000,1439.0,20191000,1433.9,20190800
2019-06-25 17:30:00,1432.1,20191000,1432.1,20191000,1426.3,20190800
2019-06-25 17:45:00,1434.4,20191000,1434.4,20191000,1429.0,20190800
2019-06-25 18:00:00,1430.9,20191000,1430.9,20191000,1424.3,20190800
2019-06-25 18:15:00,1424.6,20191000,1424.6,20191000,1419.1,20190800
2019-06-25 18:30:00,1429.0,20191000,1429.0,20191000,1423.5,20190800
2019-06-25 18:45:00,1432.1,20191000,1432.1,20191000,1426.0,20190800
2019-06-25 19:00:00,1431.7,20191000,1431.7,20191000,1426.3,20190800
2019-06-25 19:15:00,1431.3,20191000,1431.3,20191000,1425.6,20190800
2019-06-25 19:30:00,1433.6,20191000,1433.6,20191000,1427.8,20190800
2019-06-25 19:45:00,1434.0,20191000,1434.0,20191000,1427.9,20190800
2019-06-25 20:00:00,1433.0,20191000,1433.0,20191000,1427.2,20190800
2019-06-25 20:15:00,1432.4,20191000,1432.4,20191000,1426.3,20190800
2019-06-25 20:30:00,1432.4,20191000,1432.4,20191000,1426.3,20190800
2019-06-25 20:45:00,1431.8,20191000,1431.8,20191000,1425.7,20190800
2019-06-25 21:00:00,1432.6,20191000,1432.6,20191000,1426.7,20190800
2019-06-25 21:15:00,1432.3,20191000,1432.3,20191000,1426.2,20190800
2019-06-25 21:30:00,1433.3,20191000,1433.3,20191000,1426.8,20190800
2019-06-25 21:45:00,1433.3,20191000,1433.3,20191000,1426.7,20190800
2019-06-25 23:00:00,1440.6,20191000,1440.6,20191000,1435.9,20190800
2019-06-25 23:15:00,1428.0,20191000,1428.0,20191000,1421.6,20190800
2019-06-25 23:30:00,1427.0,20191000,1427.0,20191000,1421.0,20190800
2019-06-25 23:45:00,1425.6,20191000,1425.6,20191000,1420.5,20190800
2019-06-26 00:00:00,1428.2,20191000,1428.2,20191000,1422.3,20190800
2019-06-26 00:15:00,1429.6,20191000,1429.6,20191000,1423.3,20190800
2019-06-26 00:30:00,1429.6,20191000,1429.6,20191000,1422.9,20190800
2019-06-26 00:45:00,1427.0,20191000,1427.0,20191000,1421.9,20190800
2019-06-26 01:00:00,1428.1,20191000,1428.1,20191000,1422.5,20190800
2019-06-26 01:15:00,1425.6,20191000,1425.6,20191000,1420.7,20190800
2019-06-26 01:30:00,1425.2,20191000,1425.2,20191000,1418.8,20190800
2019-06-26 01:45:00,1424.0,20191000,1424.0,20191000,1418.2,20190800
2019-06-26 02:00:00,1424.6,20191000,1424.6,20191000,1418.0,20190800
2019-06-26 02:15:00,1424.3,20191000,1424.3,20191000,1417.9,20190800
2019-06-26 02:30:00,1421.3,20191000,1421.3,20191000,1416.1,20190800
2019-06-26 02:45:00,1423.3,20191000,1423.3,20191000,1417.3,20190800
2019-06-26 03:00:00,1420.2,20191000,1420.2,20191000,1414.9,20190800
2019-06-26 03:15:00,1421.5,20191000,1421.5,20191000,1415.9,20190800
2019-06-26 03:30:00,1420.7,20191000,1420.7,20191000,1414.5,20190800
2019-06-26 03:45:00,1415.5,20191000,1415.5,20191000,1410.6,20190800
2019-06-26 04:00:00,1415.7,20191000,1415.7,20191000,1409.9,20190800
2019-06-26 04:15:00,1417.0,20191000,1417.0,20191000,1409.8,20190800
2019-06-26 04:30:00,1415.4,20191000,1415.4,20191000,1409.7,20190800
2019-06-26 04:45:00,1413.8,20191000,1413.8,20191000,1408.4,20190800
2019-06-26 05:15:00,1417.7,20191000,1417.7,20191000,1411.7,20190800
2019-06-26 05:30:00,1416.1,20191000,1416.1,20191000,1411.4,20190800
2019-06-26 05:45:00,1417.6,20191000,1417.6,20191000,1412.1,20190800
2019-06-26 06:15:00,1416.3,20191000,1416.3,20191000,1410.2,20190800
2019-06-26 06:30:00,1418.4,20191000,1418.4,20191000,1412.7,20190800
2019-06-26 06:45:00,1417.0,20191000,1417.0,20191000,1411.9,20190800
2019-06-26 07:00:00,1418.1,20191000,1418.1,20191000,1412.4,20190800
2019-06-26 07:15:00,1417.8,20191000,1417.8,20191000,1412.1,20190800
2019-06-26 07:30:00,1415.5,20191000,1415.5,20191000,1410.1,20190800
2019-06-26 07:45:00,1414.4,20191000,1414.4,20191000,1408.7,20190800
2019-06-26 08:00:00,1416.6,20191000,1416.6,20191000,1410.5,20190800
2019-06-26 08:15:00,1418.6,20191000,1418.6,20191000,1412.7,20190800
2019-06-26 08:30:00,1417.8,20191000,1417.8,20191000,1411.6,20190800
2019-06-26 08:45:00,1418.0,20191000,1418.0,20191000,1412.6,20190800
2019-06-26 09:00:00,1421.3,20191000,1421.3,20191000,1415.2,20190800
2019-06-26 09:15:00,1420.9,20191000,1420.9,20191000,1415.3,20190800
2019-06-26 09:30:00,1420.7,20191000,1420.7,20191000,1413.8,20190800
2019-06-26 09:45:00,1419.2,20191000,1419.2,20191000,1413.8,20190800
2019-06-26 10:00:00,1415.9,20191000,1415.9,20191000,1410.5,20190800
2019-06-26 10:15:00,1415.7,20191000,1415.7,20191000,1410.8,20190800
2019-06-26 10:30:00,1416.5,20191000,1416.5,20191000,1410.6,20190800
2019-06-26 10:45:00,1416.5,20191000,1416.5,20191000,1410.4,20190800
2019-06-26 11:00:00,1414.6,20191000,1414.6,20191000,1408.6,20190800
2019-06-26 11:15:00,1415.4,20191000,1415.4,20191000,1409.0,20190800
2019-06-26 11:30:00,1416.6,20191000,1416.6,20191000,1410.7,20190800
2019-06-26 11:45:00,1415.7,20191000,1415.7,20191000,1409.4,20190800
2019-06-26 12:00:00,1411.0,20191000,1411.0,20191000,1405.9,20190800
2019-06-26 12:15:00,1414.4,20191000,1414.4,20191000,1408.2,20190800
2019-06-26 12:30:00,1414.6,20191000,1414.6,20191000,1408.2,20190800
2019-06-26 12:45:00,1412.7,20191000,1412.7,20191000,1406.8,20190800
2019-06-26 13:00:00,1414.8,20191000,1414.8,20191000,1408.7,20190800
2019-06-26 13:15:00,1419.8,20191000,1419.8,20191000,1413.0,20190800
2019-06-26 13:30:00,1420.4,20191000,1420.4,20191000,1414.3,20190800
2019-06-26 13:45:00,1418.2,20191000,1418.2,20191000,1412.7,20190800
2019-06-26 14:00:00,1417.9,20191000,1417.9,20191000,1411.2,20190800
2019-06-26 14:15:00,1418.1,20191000,1418.1,20191000,1412.8,20190800
2019-06-26 14:30:00,1414.7,20191000,1414.7,20191000,1409.8,20190800
2019-06-26 14:45:00,1415.3,20191000,1415.3,20191000,1409.2,20190800
2019-06-26 15:00:00,1415.2,20191000,1415.2,20191000,1410.6,20190800
2019-06-26 15:15:00,1417.2,20191000,1417.2,20191000,1411.8,20190800
2019-06-26 15:30:00,1417.4,20191000,1417.4,20191000,1411.2,20190800
2019-06-26 15:45:00,1418.0,20191000,1418.0,20191000,1412.1,20190800
2019-06-26 16:00:00,1420.0,20191000,1420.0,20191000,1413.5,20190800
2019-06-26 16:15:00,1420.0,20191000,1420.0,20191000,1414.6,20190800
2019-06-26 16:30:00,1420.7,20191000,1420.7,20191000,1416.8,20190800
2019-06-26 16:45:00,1422.6,20191000,1422.6,20191000,1417.5,20190800
2019-06-26 17:00:00,1421.6,20191000,1421.6,20191000,1416.4,20190800
2019-06-26 17:15:00,1423.0,20191000,1423.0,20191000,1417.1,20190800
2019-06-26 17:30:00,1423.5,20191000,1423.5,20191000,1417.6,20190800
2019-06-26 17:45:00,1423.5,20191000,1423.5,20191000,1416.4,20190800
2019-06-26 18:00:00,1420.0,20191000,1420.0,20191000,1414.0,20190800
2019-06-26 18:15:00,1421.3,20191000,1421.3,20191000,1415.7,20190800
2019-06-26 18:30:00,1421.8,20191000,1421.8,20191000,1415.6,20190800
2019-06-26 18:45:00,1420.4,20191000,1420.4,20191000,1414.7,20190800
2019-06-26 19:00:00,1420.2,20191000,1420.2,20191000,1414.5,20190800
2019-06-26 19:15:00,1420.1,20191000,1420.1,20191000,1414.2,20190800
2019-06-26 19:30:00,1419.3,20191000,1419.3,20191000,1412.9,20190800
2019-06-26 19:45:00,1418.8,20191000,1418.8,20191000,1413.1,20190800
2019-06-26 20:00:00,1420.5,20191000,1420.5,20191000,1414.2,20190800
2019-06-26 20:15:00,1420.5,20191000,1420.5,20191000,1413.5,20190800
2019-06-26 20:30:00,1418.6,20191000,1418.6,20191000,1413.3,20190800
2019-06-26 20:45:00,1418.2,20191000,1418.2,20191000,1412.7,20190800
2019-06-26 21:00:00,1418.2,20191000,1418.2,20191000,1412.7,20190800
2019-06-26 21:15:00,1418.2,20191000,1418.2,20191000,1412.9,20190800
2019-06-26 21:30:00,1418.2,20191000,1418.2,20191000,1412.7,20190800
2019-06-26 21:45:00,1418.2,20191000,1418.2,20191000,1412.4,20190800
2019-06-26 23:00:00,1417.4,20191000,1417.4,20191000,1411.5,20190800
2019-06-26 23:15:00,1416.7,20191000,1416.7,20191000,1411.1,20190800
2019-06-26 23:30:00,1417.2,20191000,1417.2,20191000,1411.6,20190800
2019-06-26 23:45:00,1417.2,20191000,1417.2,20191000,1410.8,20190800
2019-06-27 00:00:00,1416.7,20191000,1416.7,20191000,1410.7,20190800
2019-06-27 00:15:00,1416.7,20191000,1416.7,20191000,1410.9,20190800
2019-06-27 00:30:00,1418.3,20191000,1418.3,20191000,1412.7,20190800
2019-06-27 00:45:00,1420.4,20191000,1420.4,20191000,1413.9,20190800
2019-06-27 01:00:00,1419.9,20191000,1419.9,20191000,1413.3,20190800
2019-06-27 01:15:00,1419.1,20191000,1419.1,20191000,1413.3,20190800
2019-06-27 01:30:00,1418.0,20191000,1418.0,20191000,1412.3,20190800
2019-06-27 01:45:00,1419.2,20191000,1419.2,20191000,1413.2,20190800
2019-06-27 02:00:00,1418.1,20191000,1418.1,20191000,1413.9,20190800
2019-06-27 02:15:00,1417.7,20191000,1417.7,20191000,1412.3,20190800
2019-06-27 02:30:00,1417.0,20191000,1417.0,20191000,1411.3,20190800
2019-06-27 02:45:00,1417.2,20191000,1417.2,20191000,1411.2,20190800
2019-06-27 03:00:00,1414.5,20191000,1414.5,20191000,1408.7,20190800
2019-06-27 03:15:00,1415.5,20191000,1415.5,20191000,1409.4,20190800
2019-06-27 03:30:00,1416.7,20191000,1416.7,20191000,1411.1,20190800
2019-06-27 03:45:00,1416.7,20191000,1416.7,20191000,1410.9,20190800
2019-06-27 04:00:00,1417.2,20191000,1417.2,20191000,1411.5,20190800
2019-06-27 04:15:00,1417.2,20191000,1417.2,20191000,1410.6,20190800
2019-06-27 04:30:00,1416.6,20191000,1416.6,20191000,1411.0,20190800
2019-06-27 04:45:00,1416.6,20191000,1416.6,20191000,1410.5,20190800
2019-06-27 05:15:00,1414.1,20191000,1414.1,20191000,1408.3,20190800
2019-06-27 05:30:00,1414.1,20191000,1414.1,20191000,1408.2,20190800
2019-06-27 05:45:00,1415.2,20191000,1415.2,20191000,1409.5,20190800
2019-06-27 06:15:00,1415.4,20191000,1415.4,20191000,1409.1,20190800
2019-06-27 06:30:00,1416.4,20191000,1416.4,20191000,1410.4,20190800
2019-06-27 06:45:00,1416.4,20191000,1416.4,20191000,1409.8,20190800
2019-06-27 07:00:00,1414.7,20191000,1414.7,20191000,1408.9,20190800
2019-06-27 07:15:00,1414.0,20191000,1414.0,20191000,1408.0,20190800
2019-06-27 07:30:00,1412.4,20191000,1412.4,20191000,1406.6,20190800
2019-06-27 07:45:00,1411.5,20191000,1411.5,20191000,1405.5,20190800
2019-06-27 08:00:00,1412.6,20191000,1412.6,20191000,1406.9,20190800
2019-06-27 08:15:00,1413.0,20191000,1413.0,20191000,1408.1,20190800
2019-06-27 08:30:00,1412.8,20191000,1412.8,20191000,1406.8,20190800
2019-06-27 08:45:00,1411.6,20191000,1411.6,20191000,1405.4,20190800
2019-06-27 09:00:00,1411.9,20191000,1411.9,20191000,1406.3,20190800
2019-06-27 09:15:00,1412.5,20191000,1412.5,20191000,1406.6,20190800
2019-06-27 09:30:00,1412.5,20191000,1412.5,20191000,1406.7,20190800
2019-06-27 09:45:00,1411.3,20191000,1411.3,20191000,1405.6,20190800
2019-06-27 10:00:00,1411.5,20191000,1411.5,20191000,1405.7,20190800
2019-06-27 10:15:00,1411.2,20191000,1411.2,20191000,1405.6,20190800
2019-06-27 10:30:00,1411.9,20191000,1411.9,20191000,1405.7,20190800
2019-06-27 10:45:00,1413.5,20191000,1413.5,20191000,1407.8,20190800
2019-06-27 11:00:00,1413.6,20191000,1413.6,20191000,1407.5,20190800
2019-06-27 11:15:00,1414.2,20191000,1414.2,20191000,1407.9,20190800
2019-06-27 11:30:00,1414.8,20191000,1414.8,20191000,1408.7,20190800
2019-06-27 11:45:00,1415.0,20191000,1415.0,20191000,1408.8,20190800
2019-06-27 12:00:00,1413.9,20191000,1413.9,20191000,1407.7,20190800
2019-06-27 12:15:00,1414.1,20191000,1414.1,20191000,1408.1,20190800
2019-06-27 12:30:00,1414.4,20191000,1414.4,20191000,1408.8,20190800
2019-06-27 12:45:00,1414.4,20191000,1414.4,20191000,1408.4,20190800
2019-06-27 13:00:00,1414.5,20191000,1414.5,20191000,1408.6,20190800
2019-06-27 13:15:00,1414.1,20191000,1414.1,20191000,1408.2,20190800
2019-06-27 13:30:00,1414.1,20191000,1414.1,20191000,1408.0,20190800
2019-06-27 13:45:00,1410.5,20191000,1410.5,20191000,1404.1,20190800
2019-06-27 14:00:00,1413.2,20191000,1413.2,20191000,1407.8,20190800
2019-06-27 14:15:00,1411.5,20191000,1411.5,20191000,1406.3,20190800
2019-06-27 14:30:00,1411.6,20191000,1411.6,20191000,1405.8,20190800
2019-06-27 14:45:00,1411.6,20191000,1411.6,20191000,1406.1,20190800
2019-06-27 15:00:00,1415.3,20191000,1415.3,20191000,1409.3,20190800
2019-06-27 15:15:00,1414.6,20191000,1414.6,20191000,1408.0,20190800
2019-06-27 15:30:00,1413.1,20191000,1413.1,20191000,1408.1,20190800
2019-06-27 15:45:00,1413.7,20191000,1413.7,20191000,1408.3,20190800
2019-06-27 16:00:00,1412.7,20191000,1412.7,20191000,1408.0,20190800
2019-06-27 16:15:00,1414.4,20191000,1414.4,20191000,1408.3,20190800
2019-06-27 16:30:00,1413.4,20191000,1413.4,20191000,1407.9,20190800
2019-06-27 16:45:00,1414.7,20191000,1414.7,20191000,1409.0,20190800
2019-06-27 17:00:00,1415.3,20191000,1415.3,20191000,1409.5,20190800
2019-06-27 17:15:00,1416.1,20191000,1416.1,20191000,1410.0,20190800
2019-06-27 17:30:00,1416.5,20191000,1416.5,20191000,1410.5,20190800
2019-06-27 17:45:00,1416.6,20191000,1416.6,20191000,1410.7,20190800
2019-06-27 18:00:00,1416.3,20191000,1416.3,20191000,1410.7,20190800
2019-06-27 18:15:00,1417.8,20191000,1417.8,20191000,1411.7,20190800
2019-06-27 18:30:00,1416.9,20191000,1416.9,20191000,1410.8,20190800
2019-06-27 18:45:00,1416.0,20191000,1416.0,20191000,1410.1,20190800
2019-06-27 19:00:00,1415.3,20191000,1415.3,20191000,1409.9,20190800
2019-06-27 19:15:00,1416.0,20191000,1416.0,20191000,1410.3,20190800
2019-06-27 19:30:00,1416.3,20191000,1416.3,20191000,1410.4,20190800
2019-06-27 19:45:00,1416.8,20191000,1416.8,20191000,1411.1,20190800
2019-06-27 20:00:00,1416.4,20191000,1416.4,20191000,1410.8,20190800
2019-06-27 20:15:00,1417.2,20191000,1417.2,20191000,1411.5,20190800
2019-06-27 20:30:00,1417.2,20191000,1417.2,20191000,1411.1,20190800
2019-06-27 20:45:00,1417.2,20191000,1417.2,20191000,1411.4,20190800
2019-06-27 21:00:00,1417.8,20191000,1417.8,20191000,1411.8,20190800
2019-06-27 21:15:00,1416.9,20191000,1416.9,20191000,1411.3,20190800
2019-06-27 21:30:00,1417.3,20191000,1417.3,20191000,1411.5,20190800
2019-06-27 21:45:00,1418.7,20191000,1418.7,20191000,1412.8,20190800
2019-06-27 23:00:00,1418.2,20191000,1418.2,20191000,1409.2,20190800
2019-06-27 23:15:00,1418.4,20191000,1418.4,20191000,1412.7,20190800
2019-06-27 23:30:00,1418.0,20191000,1418.0,20191000,1412.0,20190800
2019-06-27 23:45:00,1417.5,20191000,1417.5,20191000,1411.6,20190800
2019-06-28 00:00:00,1417.5,20191000,1417.5,20191000,1412.3,20190800
2019-06-28 00:15:00,1417.5,20191000,1417.5,20191000,1412.9,20190800
2019-06-28 00:30:00,1419.1,20191000,1419.1,20191000,1413.5,20190800
2019-06-28 00:45:00,1420.0,20191000,1420.0,20191000,1414.1,20190800
2019-06-28 01:00:00,1423.0,20191000,1423.0,20191000,1417.5,20190800
2019-06-28 01:15:00,1424.4,20191000,1424.4,20191000,1418.6,20190800
2019-06-28 01:30:00,1424.4,20191000,1424.4,20191000,1418.1,20190800
2019-06-28 01:45:00,1423.5,20191000,1423.5,20191000,1417.5,20190800
2019-06-28 02:00:00,1427.3,20191000,1427.3,20191000,1421.2,20190800
2019-06-28 02:15:00,1426.5,20191000,1426.5,20191000,1420.7,20190800
2019-06-28 02:30:00,1430.1,20191000,1430.1,20191000,1424.2,20190800
2019-06-28 02:45:00,1433.5,20191000,1433.5,20191000,1425.4,20190800
2019-06-28 03:00:00,1431.6,20191000,1431.6,20191000,1425.7,20190800
2019-06-28 03:15:00,1430.3,20191000,1430.3,20191000,1424.5,20190800
2019-06-28 03:30:00,1430.6,20191000,1430.6,20191000,1424.6,20190800
2019-06-28 03:45:00,1430.6,20191000,1430.6,20191000,1423.4,20190800
2019-06-28 04:00:00,1429.4,20191000,1429.4,20191000,1423.9,20190800
2019-06-28 04:15:00,1429.3,20191000,1429.3,20191000,1423.1,20190800
2019-06-28 04:30:00,1427.4,20191000,1427.4,20191000,1421.6,20190800
2019-06-28 04:45:00,1428.5,20191000,1428.5,20191000,1422.9,20190800
2019-06-28 05:15:00,1428.0,20191000,1428.0,20191000,1422.3,20190800
2019-06-28 05:30:00,1428.0,20191000,1428.0,20191000,1422.7,20190800
2019-06-28 05:45:00,1428.3,20191000,1428.3,20191000,1422.3,20190800
2019-06-28 06:15:00,1429.4,20191000,1429.4,20191000,1423.3,20190800
2019-06-28 06:30:00,1425.7,20191000,1425.7,20191000,1419.4,20190800
2019-06-28 06:45:00,1424.0,20191000,1424.0,20191000,1418.2,20190800
2019-06-28 07:00:00,1425.2,20191000,1425.2,20191000,1420.0,20190800
2019-06-28 07:15:00,1424.8,20191000,1424.8,20191000,1418.9,20190800
2019-06-28 07:30:00,1418.5,20191000,1418.5,20191000,1413.5,20190800
2019-06-28 07:45:00,1420.8,20191000,1420.8,20191000,1415.1,20190800
2019-06-28 08:00:00,1422.0,20191000,1422.0,20191000,1416.2,20190800
2019-06-28 08:15:00,1422.6,20191000,1422.6,20191000,1416.2,20190800
2019-06-28 08:30:00,1424.0,20191000,1424.0,20191000,1417.9,20190800
2019-06-28 08:45:00,1423.8,20191000,1423.8,20191000,1417.9,20190800
2019-06-28 09:00:00,1424.3,20191000,1424.3,20191000,1417.7,20190800
2019-06-28 09:15:00,1422.7,20191000,1422.7,20191000,1416.8,20190800
2019-06-28 09:30:00,1422.5,20191000,1422.5,20191000,1416.9,20190800
2019-06-28 09:45:00,1423.4,20191000,1423.4,20191000,1418.2,20190800
2019-06-28 10:00:00,1423.4,20191000,1423.4,20191000,1417.5,20190800
2019-06-28 10:15:00,1422.9,20191000,1422.9,20191000,1416.9,20190800
2019-06-28 10:30:00,1421.6,20191000,1421.6,20191000,1415.9,20190800
2019-06-28 10:45:00,1422.3,20191000,1422.3,20191000,1416.3,20190800
2019-06-28 11:00:00,1421.8,20191000,1421.8,20191000,1415.8,20190800
2019-06-28 11:15:00,1422.6,20191000,1422.6,20191000,1416.6,20190800
2019-06-28 11:30:00,1422.5,20191000,1422.5,20191000,1416.9,20190800
2019-06-28 11:45:00,1423.5,20191000,1423.5,20191000,1417.1,20190800
2019-06-28 12:00:00,1423.5,20191000,1423.5,20191000,1417.5,20190800
2019-06-28 12:15:00,1424.2,20191000,1424.2,20191000,1417.5,20190800
2019-06-28 12:30:00,1422.9,20191000,1422.9,20191000,1417.2,20190800
2019-06-28 12:45:00,1422.7,20191000,1422.7,20191000,1416.5,20190800
2019-06-28 13:00:00,1422.3,20191000,1422.3,20191000,1416.7,20190800
2019-06-28 13:15:00,1422.7,20191000,1422.7,20191000,1417.3,20190800
2019-06-28 13:30:00,1423.4,20191000,1423.4,20191000,1415.8,20190800
2019-06-28 13:45:00,1422.1,20191000,1422.1,20191000,1416.1,20190800
2019-06-28 14:00:00,1420.5,20191000,1420.5,20191000,1414.5,20190800
2019-06-28 14:15:00,1419.7,20191000,1419.7,20191000,1413.2,20190800
2019-06-28 14:30:00,1416.0,20191000,1416.0,20191000,1410.3,20190800
2019-06-28 14:45:00,1418.4,20191000,1418.4,20191000,1413.2,20190800
2019-06-28 15:00:00,1419.8,20191000,1419.8,20191000,1414.3,20190800
2019-06-28 15:15:00,1421.0,20191000,1421.0,20191000,1414.6,20190800
2019-06-28 15:30:00,1421.0,20191000,1421.0,20191000,1415.5,20190800
2019-06-28 15:45:00,1420.8,20191000,1420.8,20191000,1414.7,20190800
2019-06-28 16:00:00,1420.8,20191000,1420.8,20191000,1415.3,20190800
2019-06-28 16:15:00,1419.7,20191000,1419.7,20191000,1413.6,20190800
2019-06-28 16:30:00,1420.1,20191000,1420.1,20191000,1413.7,20190800
2019-06-28 16:45:00,1420.1,20191000,1420.1,20191000,1414.5,20190800
2019-06-28 17:00:00,1421.3,20191000,1421.3,20191000,1415.6,20190800
2019-06-28 17:15:00,1421.0,20191000,1421.0,20191000,1414.3,20190800
2019-06-28 17:30:00,1420.1,20191000,1420.1,20191000,1414.4,20190800
2019-06-28 17:45:00,1417.2,20191000,1417.2,20191000,1412.5,20190800
2019-06-28 18:00:00,1417.2,20191000,1417.2,20191000,1413.5,20190800
2019-06-28 18:15:00,1419.9,20191000,1419.9,20191000,1413.7,20190800
2019-06-28 18:30:00,1419.8,20191000,1419.8,20191000,1412.9,20190800
2019-06-28 18:45:00,1419.8,20191000,1419.8,20191000,1412.7,20190800
2019-06-28 19:00:00,1419.0,20191000,1419.0,20191000,1413.1,20190800
2019-06-28 19:15:00,1419.0,20191000,1419.0,20191000,1413.0,20190800
2019-06-28 19:30:00,1419.3,20191000,1419.3,20191000,1413.6,20190800
2019-06-28 19:45:00,1418.8,20191000,1418.8,20191000,1413.5,20190800
2019-06-28 20:00:00,1418.8,20191000,1418.8,20191000,1413.0,20190800
2019-06-28 20:15:00,1419.2,20191000,1419.2,20191000,1413.5,20190800
2019-06-28 20:30:00,1419.5,20191000,1419.5,20191000,1413.8,20190800
2019-06-28 20:45:00,1419.5,20191000,1419.5,20191000,1414.4,20190800
2019-06-28 21:00:00,1419.8,20191000,1419.8,20191000,1413.2,20190800
2019-06-28 21:15:00,1419.1,20191000,1419.1,20191000,1413.2,20190800
2019-06-28 21:30:00,1419.3,20191000,1419.3,20191000,1413.1,20190800
2019-06-28 21:45:00,1418.4,20191000,1418.4,20191000,1412.5,20190800
2019-06-28 23:00:00,1428.3,20191000,1428.3,20191000,1422.6,20190800
2019-06-30 23:00:00,1400.0,20191000,1400.0,20191000,1396.1,20190800
2019-06-30 23:15:00,1404.0,20191000,1404.0,20191000,1397.5,20190800
2019-06-30 23:30:00,1402.0,20191000,1402.0,20191000,1396.3,20190800
2019-06-30 23:45:00,1404.2,20191000,1404.2,20191000,1399.0,20190800
2019-07-01 00:00:00,1405.5,20191000,1405.5,20191000,1399.7,20190800
2019-07-01 00:15:00,1403.7,20191000,1403.7,20191000,1397.3,20190800
2019-07-01 00:30:00,1401.5,20191000,1401.5,20191000,1395.7,20190800
2019-07-01 00:45:00,1401.0,20191000,1401.0,20191000,1395.1,20190800
2019-07-01 01:00:00,1401.5,20191000,1401.5,20191000,1395.1,20190800
2019-07-01 01:15:00,1400.9,20191000,1400.9,20191000,1396.2,20190800
2019-07-01 01:30:00,1403.9,20191000,1403.9,20191000,1398.1,20190800
2019-07-01 01:45:00,1404.6,20191000,1404.6,20191000,1399.1,20190800
2019-07-01 02:00:00,1402.8,20191000,1402.8,20191000,1398.2,20190800
2019-07-01 02:15:00,1402.8,20191000,1402.8,20191000,1397.2,20190800
2019-07-01 02:30:00,1402.8,20191000,1402.8,20191000,1397.1,20190800
2019-07-01 02:45:00,1402.3,20191000,1402.3,20191000,1396.0,20190800
2019-07-01 03:00:00,1401.3,20191000,1401.3,20191000,1395.2,20190800
2019-07-01 03:15:00,1399.4,20191000,1399.4,20191000,1394.1,20190800
2019-07-01 03:30:00,1400.3,20191000,1400.3,20191000,1394.5,20190800
2019-07-01 03:45:00,1400.1,20191000,1400.1,20191000,1394.4,20190800
2019-07-01 04:00:00,1400.4,20191000,1400.4,20191000,1395.0,20190800
2019-07-01 04:15:00,1401.0,20191000,1401.0,20191000,1395.1,20190800
2019-07-01 04:30:00,1400.9,20191000,1400.9,20191000,1394.9,20190800
2019-07-01 04:45:00,1400.8,20191000,1400.8,20191000,1394.9,20190800
2019-07-01 05:15:00,1401.5,20191000,1401.5,20191000,1395.1,20190800
2019-07-01 05:30:00,1401.4,20191000,1401.4,20191000,1395.5,20190800
2019-07-01 05:45:00,1401.7,20191000,1401.7,20191000,1395.3,20190800
2019-07-01 06:15:00,1398.3,20191000,1398.3,20191000,1392.5,20190800
2019-07-01 06:30:00,1397.0,20191000,1397.0,20191000,1391.1,20190800
2019-07-01 06:45:00,1394.7,20191000,1394.7,20191000,1389.0,20190800
2019-07-01 07:00:00,1396.5,20191000,1396.5,20191000,1390.2,20190800
2019-07-01 07:15:00,1394.1,20191000,1394.1,20191000,1388.5,20190800
2019-07-01 07:30:00,1394.1,20191000,1394.1,20191000,1388.0,20190800
2019-07-01 07:45:00,1392.1,20191000,1392.1,20191000,1386.0,20190800
2019-07-01 08:00:00,1393.5,20191000,1393.5,20191000,1388.0,20190800
2019-07-01 08:15:00,1393.5,20191000,1393.5,20191000,1387.9,20190800
2019-07-01 08:30:00,1395.3,20191000,1395.3,20191000,1389.0,20190800
2019-07-01 08:45:00,1396.7,20191000,1396.7,20191000,1390.6,20190800
2019-07-01 09:00:00,1395.4,20191000,1395.4,20191000,1390.0,20190800
2019-07-01 09:15:00,1395.4,20191000,1395.4,20191000,1390.8,20190800
2019-07-01 09:30:00,1397.1,20191000,1397.1,20191000,1391.2,20190800
2019-07-01 09:45:00,1397.2,20191000,1397.2,20191000,1391.4,20190800
2019-07-01 10:00:00,1398.9,20191000,1398.9,20191000,1393.3,20190800
2019-07-01 10:15:00,1398.9,20191000,1398.9,20191000,1393.3,20190800
2019-07-01 10:30:00,1398.2,20191000,1398.2,20191000,1392.6,20190800
2019-07-01 10:45:00,1397.8,20191000,1397.8,20191000,1392.5,20190800
2019-07-01 11:00:00,1398.5,20191000,1398.5,20191000,1393.1,20190800
2019-07-01 11:15:00,1398.5,20191000,1398.5,20191000,1392.6,20190800
2019-07-01 11:30:00,1398.5,20191000,1398.5,20191000,1393.4,20190800
2019-07-01 11:45:00,1398.2,20191000,1398.2,20191000,1392.6,20190800
2019-07-01 12:00:00,1398.2,20191000,1398.2,20191000,1394.1,20190800
2019-07-01 12:15:00,1400.4,20191000,1400.4,20191000,1394.5,20190800
2019-07-01 12:30:00,1400.8,20191000,1400.8,20191000,1395.3,20190800
2019-07-01 12:45:00,1400.6,20191000,1400.6,20191000,1394.9,20190800
2019-07-01 13:00:00,1402.3,20191000,1402.3,20191000,1395.9,20190800
2019-07-01 13:15:00,1402.3,20191000,1402.3,20191000,1395.9,20190800
2019-07-01 13:30:00,1402.9,20191000,1402.9,20191000,1397.2,20190800
2019-07-01 13:45:00,1403.7,20191000,1403.7,20191000,1397.7,20190800
2019-07-01 14:00:00,1401.2,20191000,1401.2,20191000,1395.4,20190800
2019-07-01 14:15:00,1402.8,20191000,1402.8,20191000,1397.4,20190800
2019-07-01 14:30:00,1402.8,20191000,1402.8,20191000,1397.1,20190800
2019-07-01 14:45:00,1401.9,20191000,1401.9,20191000,1394.0,20190800
2019-07-01 15:00:00,1398.3,20191000,1398.3,20191000,1392.4,20190800
2019-07-01 15:15:00,1401.4,20191000,1401.4,20191000,1396.3,20190800
2019-07-01 15:30:00,1402.6,20191000,1402.6,20191000,1396.5,20190800
2019-07-01 15:45:00,1405.0,20191000,1405.0,20191000,1397.8,20190800
2019-07-01 16:00:00,1402.7,20191000,1402.7,20191000,1396.2,20190800
2019-07-01 16:15:00,1400.4,20191000,1400.4,20191000,1394.6,20190800
2019-07-01 16:30:00,1398.3,20191000,1398.3,20191000,1392.2,20190800
2019-07-01 16:45:00,1398.3,20191000,1398.3,20191000,1392.3,20190800
2019-07-01 17:00:00,1397.5,20191000,1397.5,20191000,1392.8,20190800
2019-07-01 17:15:00,1399.8,20191000,1399.8,20191000,1393.9,20190800
2019-07-01 17:30:00,1398.9,20191000,1398.9,20191000,1392.8,20190800
2019-07-01 17:45:00,1395.3,20191000,1395.3,20191000,1389.5,20190800
2019-07-01 18:00:00,1395.7,20191000,1395.7,20191000,1389.8,20190800
2019-07-01 18:15:00,1394.7,20191000,1394.7,20191000,1388.9,20190800
2019-07-01 18:30:00,1395.4,20191000,1395.4,20191000,1389.0,20190800
2019-07-01 18:45:00,1395.0,20191000,1395.0,20191000,1388.9,20190800
2019-07-01 19:00:00,1395.1,20191000,1395.1,20191000,1389.3,20190800
2019-07-01 19:15:00,1395.1,20191000,1395.1,20191000,1389.1,20190800
2019-07-01 19:30:00,1394.1,20191000,1394.1,20191000,1387.5,20190800
2019-07-01 19:45:00,1393.1,20191000,1393.1,20191000,1386.8,20190800
2019-07-01 20:00:00,1393.8,20191000,1393.8,20191000,1387.8,20190800
2019-07-01 20:15:00,1394.1,20191000,1394.1,20191000,1387.8,20190800
2019-07-01 20:30:00,1393.9,20191000,1393.9,20191000,1387.6,20190800
2019-07-01 20:45:00,1393.4,20191000,1393.4,20191000,1387.3,20190800
2019-07-01 21:00:00,1393.2,20191000,1393.2,20191000,1386.8,20190800
2019-07-01 21:15:00,1392.0,20191000,1392.0,20191000,1386.2,20190800
2019-07-01 21:30:00,1392.3,20191000,1392.3,20191000,1386.8,20190800
2019-07-01 21:45:00,1392.3,20191000,1392.3,20191000,1387.0,20190800
2019-07-01 23:00:00,1399.7,20191000,1399.7,20191000,1393.7,20190800
2019-07-01 23:15:00,1396.8,20191000,1396.8,20191000,1391.0,20190800
2019-07-01 23:30:00,1396.3,20191000,1396.3,20191000,1390.3,20190800
2019-07-01 23:45:00,1396.6,20191000,1396.6,20191000,1390.0,20190800
2019-07-02 00:00:00,1396.4,20191000,1396.4,20191000,1390.1,20190800
2019-07-02 00:15:00,1395.0,20191000,1395.0,20191000,1389.1,20190800
2019-07-02 00:30:00,1395.4,20191000,1395.4,20191000,1388.1,20190800
2019-07-02 00:45:00,1395.4,20191000,1395.4,20191000,1388.4,20190800
2019-07-02 01:00:00,1393.2,20191000,1393.2,20191000,1387.4,20190800
2019-07-02 01:15:00,1393.2,20191000,1393.2,20191000,1387.9,20190800
2019-07-02 01:30:00,1393.2,20191000,1393.2,20191000,1388.6,20190800
2019-07-02 01:45:00,1393.2,20191000,1393.2,20191000,1388.8,20190800
2019-07-02 02:00:00,1399.4,20191000,1399.4,20191000,1393.7,20190800
2019-07-02 02:15:00,1399.6,20191000,1399.6,20191000,1393.5,20190800
2019-07-02 02:30:00,1399.3,20191000,1399.3,20191000,1393.2,20190800
2019-07-02 02:45:00,1398.8,20191000,1398.8,20191000,1393.0,20190800
2019-07-02 03:00:00,1399.3,20191000,1399.3,20191000,1393.6,20190800
2019-07-02 03:15:00,1399.0,20191000,1399.0,20191000,1392.8,20190800
2019-07-02 03:30:00,1398.0,20191000,1398.0,20191000,1392.0,20190800
2019-07-02 03:45:00,1397.4,20191000,1397.4,20191000,1391.9,20190800
2019-07-02 04:00:00,1397.4,20191000,1397.4,20191000,1392.4,20190800
2019-07-02 04:15:00,1398.5,20191000,1398.5,20191000,1392.4,20190800
2019-07-02 04:30:00,1398.0,20191000,1398.0,20191000,1391.9,20190800
2019-07-02 04:45:00,1398.0,20191000,1398.0,20191000,1391.4,20190800
2019-07-02 05:15:00,1398.0,20191000,1398.0,20191000,1392.4,20190800
2019-07-02 05:30:00,1399.2,20191000,1399.2,20191000,1393.3,20190800
2019-07-02 05:45:00,1399.6,20191000,1399.6,20191000,1393.4,20190800
2019-07-02 06:15:00,1400.5,20191000,1400.5,20191000,1394.3,20190800
2019-07-02 06:30:00,1400.9,20191000,1400.9,20191000,1395.0,20190800
2019-07-02 06:45:00,1400.1,20191000,1400.1,20191000,1394.4,20190800
2019-07-02 07:00:00,1399.8,20191000,1399.8,20191000,1394.3,20190800
2019-07-02 07:15:00,1397.8,20191000,1397.8,20191000,1393.1,20190800
2019-07-02 07:30:00,1399.2,20191000,1399.2,20191000,1392.9,20190800
2019-07-02 07:45:00,1400.1,20191000,1400.1,20191000,1394.0,20190800
2019-07-02 08:00:00,1401.7,20191000,1401.7,20191000,1395.5,20190800
2019-07-02 08:15:00,1401.1,20191000,1401.1,20191000,1395.0,20190800
2019-07-02 08:30:00,1402.0,20191000,1402.0,20191000,1395.2,20190800
2019-07-02 08:45:00,1401.5,20191000,1401.5,20191000,1395.3,20190800
2019-07-02 09:00:00,1401.5,20191000,1401.5,20191000,1396.3,20190800
2019-07-02 09:15:00,1402.0,20191000,1402.0,20191000,1395.2,20190800
2019-07-02 09:30:00,1403.2,20191000,1403.2,20191000,1397.2,20190800
2019-07-02 09:45:00,1402.4,20191000,1402.4,20191000,1396.4,20190800
2019-07-02 10:00:00,1402.2,20191000,1402.2,20191000,1396.2,20190800
2019-07-02 10:15:00,1401.8,20191000,1401.8,20191000,1395.8,20190800
2019-07-02 10:30:00,1402.1,20191000,1402.1,20191000,1396.3,20190800
2019-07-02 10:45:00,1401.8,20191000,1401.8,20191000,1395.7,20190800
2019-07-02 11:00:00,1401.6,20191000,1401.6,20191000,1395.2,20190800
2019-07-02 11:15:00,1401.4,20191000,1401.4,20191000,1395.6,20190800
2019-07-02 11:30:00,1401.1,20191000,1401.1,20191000,1395.0,20190800
2019-07-02 11:45:00,1400.9,20191000,1400.9,20191000,1395.4,20190800
2019-07-02 12:00:00,1401.6,20191000,1401.6,20191000,1395.8,20190800
2019-07-02 12:15:00,1401.1,20191000,1401.1,20191000,1394.9,20190800
2019-07-02 12:30:00,1401.1,20191000,1401.1,20191000,1394.5,20190800
2019-07-02 12:45:00,1401.1,20191000,1401.1,20191000,1395.6,20190800
2019-07-02 13:00:00,1402.1,20191000,1402.1,20191000,1396.0,20190800
2019-07-02 13:15:00,1399.9,20191000,1399.9,20191000,1393.9,20190800
2019-07-02 13:30:00,1400.0,20191000,1400.0,20191000,1394.1,20190800
2019-07-02 13:45:00,1400.5,20191000,1400.5,20191000,1394.3,20190800
2019-07-02 14:00:00,1399.6,20191000,1399.6,20191000,1393.1,20190800
2019-07-02 14:15:00,1400.2,20191000,1400.2,20191000,1394.4,20190800
2019-07-02 14:30:00,1400.6,20191000,1400.6,20191000,1394.8,20190800
2019-07-02 14:45:00,1401.7,20191000,1401.7,20191000,1395.5,20190800
2019-07-02 15:00:00,1399.9,20191000,1399.9,20191000,1393.6,20190800
2019-07-02 15:15:00,1400.3,20191000,1400.3,20191000,1394.9,20190800
2019-07-02 15:30:00,1402.5,20191000,1402.5,20191000,1396.6,20190800
2019-07-02 15:45:00,1402.5,20191000,1402.5,20191000,1397.0,20190800
2019-07-02 16:00:00,1405.9,20191000,1405.9,20191000,1399.9,20190800
2019-07-02 16:15:00,1408.5,20191000,1408.5,20191000,1402.1,20190800
2019-07-02 16:30:00,1412.2,20191000,1412.2,20191000,1405.8,20190800
2019-07-02 16:45:00,1412.9,20191000,1412.9,20191000,1406.5,20190800
2019-07-02 17:00:00,1412.9,20191000,1412.9,20191000,1406.8,20190800
2019-07-02 17:15:00,1415.5,20191000,1415.5,20191000,1409.2,20190800
2019-07-02 17:30:00,1415.2,20191000,1415.2,20191000,1409.4,20190800
2019-07-02 17:45:00,1414.2,20191000,1414.2,20191000,1408.0,20190800
2019-07-02 18:00:00,1413.0,20191000,1413.0,20191000,1407.1,20190800
2019-07-02 18:15:00,1414.1,20191000,1414.1,20191000,1407.9,20190800
2019-07-02 18:30:00,1415.1,20191000,1415.1,20191000,1408.9,20190800
2019-07-02 18:45:00,1414.4,20191000,1414.4,20191000,1408.1,20190800
2019-07-02 19:00:00,1415.1,20191000,1415.1,20191000,1408.8,20190800
2019-07-02 19:15:00,1416.7,20191000,1416.7,20191000,1410.6,20190800
2019-07-02 19:30:00,1416.2,20191000,1416.2,20191000,1410.4,20190800
2019-07-02 19:45:00,1416.9,20191000,1416.9,20191000,1411.5,20190800
2019-07-02 20:00:00,1423.8,20191000,1423.8,20191000,1417.3,20190800
2019-07-02 20:15:00,1422.3,20191000,1422.3,20191000,1415.8,20190800
2019-07-02 20:30:00,1422.9,20191000,1422.9,20191000,1416.8,20190800
2019-07-02 20:45:00,1422.5,20191000,1422.5,20191000,1416.4,20190800
2019-07-02 21:00:00,1422.2,20191000,1422.2,20191000,1416.2,20190800
2019-07-02 21:15:00,1423.4,20191000,1423.4,20191000,1417.1,20190800
2019-07-02 21:30:00,1428.1,20191000,1428.1,20191000,1422.5,20190800
2019-07-02 21:45:00,1427.8,20191000,1427.8,20191000,1421.5,20190800
2019-07-02 23:00:00,1400.9,20191000,1400.9,20191000,1394.9,20190800
2019-07-02 23:15:00,1437.1,20191000,1437.1,20191000,1430.3,20190800
2019-07-02 23:30:00,1435.2,20191000,1435.2,20191000,1429.0,20190800
2019-07-02 23:45:00,1435.0,20191000,1435.0,20191000,1429.6,20190800
2019-07-03 00:00:00,1434.5,20191000,1434.5,20191000,1428.6,20190800
2019-07-03 00:15:00,1435.0,20191000,1435.0,20191000,1429.4,20190800
2019-07-03 00:30:00,1438.6,20191000,1438.6,20191000,1432.4,20190800
2019-07-03 00:45:00,1440.7,20191000,1440.7,20191000,1434.3,20190800
2019-07-03 01:00:00,1436.6,20191000,1436.6,20191000,1431.3,20190800
2019-07-03 01:15:00,1440.0,20191000,1440.0,20191000,1433.6,20190800
2019-07-03 01:30:00,1440.2,20191000,1440.2,20191000,1434.4,20190800
2019-07-03 01:45:00,1443.8,20191000,1443.8,20191000,1437.5,20190800
2019-07-03 02:00:00,1443.9,20191000,1443.9,20191000,1437.6,20190800
2019-07-03 02:15:00,1443.6,20191000,1443.6,20191000,1437.7,20190800
2019-07-03 02:30:00,1443.2,20191000,1443.2,20191000,1436.9,20190800
2019-07-03 02:45:00,1437.5,20191000,1437.5,20191000,1431.3,20190800
2019-07-03 03:00:00,1436.9,20191000,1436.9,20191000,1430.1,20190800
2019-07-03 03:15:00,1435.5,20191000,1435.5,20191000,1429.6,20190800
2019-07-03 03:30:00,1435.3,20191000,1435.3,20191000,1429.9,20190800
2019-07-03 03:45:00,1432.8,20191000,1432.8,20191000,1426.4,20190800
2019-07-03 04:00:00,1431.8,20191000,1431.8,20191000,1426.7,20190800
2019-07-03 04:15:00,1434.3,20191000,1434.3,20191000,1428.5,20190800
2019-07-03 04:30:00,1434.5,20191000,1434.5,20191000,1428.4,20190800
2019-07-03 04:45:00,1434.0,20191000,1434.0,20191000,1427.1,20190800
2019-07-03 05:15:00,1436.8,20191000,1436.8,20191000,1430.5,20190800
2019-07-03 05:30:00,1436.7,20191000,1436.7,20191000,1430.5,20190800
2019-07-03 05:45:00,1436.0,20191000,1436.0,20191000,1429.8,20190800
2019-07-03 06:15:00,1434.3,20191000,1434.3,20191000,1428.1,20190800
2019-07-03 06:30:00,1431.6,20191000,1431.6,20191000,1425.6,20190800
2019-07-03 06:45:00,1435.5,20191000,1435.5,20191000,1429.0,20190800
2019-07-03 07:00:00,1435.3,20191000,1435.3,20191000,1427.6,20190800
2019-07-03 07:15:00,1434.9,20191000,1434.9,20191000,1428.4,20190800
2019-07-03 07:30:00,1435.0,20191000,1435.0,20191000,1429.2,20190800
2019-07-03 07:45:00,1434.4,20191000,1434.4,20191000,1428.4,20190800
2019-07-03 08:00:00,1433.8,20191000,1433.8,20191000,1426.9,20190800
2019-07-03 08:15:00,1433.1,20191000,1433.1,20191000,1427.2,20190800
2019-07-03 08:30:00,1433.5,20191000,1433.5,20191000,1428.4,20190800
2019-07-03 08:45:00,1434.3,20191000,1434.3,20191000,1427.7,20190800
2019-07-03 09:00:00,1432.8,20191000,1432.8,20191000,1427.0,20190800
2019-07-03 09:15:00,1432.8,20191000,1432.8,20191000,1426.2,20190800
2019-07-03 09:30:00,1433.0,20191000,1433.0,20191000,1427.4,20190800
2019-07-03 09:45:00,1433.0,20191000,1433.0,20191000,1428.0,20190800
2019-07-03 10:00:00,1434.4,20191000,1434.4,20191000,1427.9,20190800
2019-07-03 10:15:00,1434.4,20191000,1434.4,20191000,1428.2,20190800
2019-07-03 10:30:00,1435.0,20191000,1435.0,20191000,1428.9,20190800
2019-07-03 10:45:00,1434.3,20191000,1434.3,20191000,1428.2,20190800
2019-07-03 11:00:00,1434.2,20191000,1434.2,20191000,1428.7,20190800
2019-07-03 11:15:00,1434.5,20191000,1434.5,20191000,1428.1,20190800
2019-07-03 11:30:00,1434.5,20191000,1434.5,20191000,1428.3,20190800
2019-07-03 11:45:00,1434.7,20191000,1434.7,20191000,1429.1,20190800
2019-07-03 12:00:00,1434.0,20191000,1434.0,20191000,1427.1,20190800
2019-07-03 12:15:00,1432.0,20191000,1432.0,20191000,1425.9,20190800
2019-07-03 12:30:00,1430.2,20191000,1430.2,20191000,1423.0,20190800
2019-07-03 12:45:00,1427.3,20191000,1427.3,20191000,1422.3,20190800
2019-07-03 13:00:00,1425.6,20191000,1425.6,20191000,1419.3,20190800
2019-07-03 13:15:00,1430.8,20191000,1430.8,20191000,1424.1,20190800
2019-07-03 13:30:00,1428.7,20191000,1428.7,20191000,1422.0,20190800
2019-07-03 13:45:00,1427.0,20191000,1427.0,20191000,1420.8,20190800
2019-07-03 14:00:00,1426.7,20191000,1426.7,20191000,1420.2,20190800
2019-07-03 14:15:00,1424.4,20191000,1424.4,20191000,1418.7,20190800
2019-07-03 14:30:00,1424.6,20191000,1424.6,20191000,1417.1,20190800
2019-07-03 14:45:00,1422.6,20191000,1422.6,20191000,1416.8,20190800
2019-07-03 15:00:00,1429.5,20191000,1429.5,20191000,1423.1,20190800
2019-07-03 15:15:00,1429.1,20191000,1429.1,20191000,1422.8,20190800
2019-07-03 15:30:00,1428.9,20191000,1428.9,20191000,1422.4,20190800
2019-07-03 15:45:00,1427.4,20191000,1427.4,20191000,1421.7,20190800
2019-07-03 16:00:00,1429.6,20191000,1429.6,20191000,1423.5,20190800
2019-07-03 16:15:00,1428.0,20191000,1428.0,20191000,1421.7,20190800
2019-07-03 16:30:00,1424.7,20191000,1424.7,20191000,1418.6,20190800
2019-07-03 16:45:00,1425.9,20191000,1425.9,20191000,1420.8,20190800
2019-07-03 17:00:00,1425.1,20191000,1425.1,20191000,1419.9,20190800
2019-07-03 17:15:00,1425.3,20191000,1425.3,20191000,1419.5,20190800
2019-07-03 17:30:00,1425.9,20191000,1425.9,20191000,1419.2,20190800
2019-07-03 17:45:00,1425.9,20191000,1425.9,20191000,1419.4,20190800
2019-07-03 18:00:00,1427.4,20191000,1427.4,20191000,1421.6,20190800
2019-07-03 18:15:00,1426.9,20191000,1426.9,20191000,1420.8,20190800
2019-07-03 18:30:00,1426.6,20191000,1426.6,20191000,1420.1,20190800
2019-07-03 18:45:00,1427.2,20191000,1427.2,20191000,1421.0,20190800
2019-07-03 19:00:00,1427.0,20191000,1427.0,20191000,1420.7,20190800
2019-07-03 19:15:00,1427.3,20191000,1427.3,20191000,1421.3,20190800
2019-07-03 19:30:00,1427.5,20191000,1427.5,20191000,1421.2,20190800
2019-07-03 19:45:00,1427.3,20191000,1427.3,20191000,1421.4,20190800
2019-07-03 20:00:00,1427.3,20191000,1427.3,20191000,1421.2,20190800
2019-07-03 20:15:00,1427.3,20191000,1427.3,20191000,1421.0,20190800
2019-07-03 20:30:00,1427.3,20191000,1427.3,20191000,1420.6,20190800
2019-07-03 20:45:00,1427.0,20191000,1427.0,20191000,1420.8,20190800
2019-07-03 21:00:00,1427.0,20191000,1427.0,20191000,1421.5,20190800
2019-07-03 21:15:00,1427.8,20191000,1427.8,20191000,1421.9,20190800
2019-07-03 21:30:00,1427.8,20191000,1427.8,20191000,1421.7,20190800
2019-07-03 21:45:00,1427.8,20191000,1427.8,20191000,1421.5,20190800
2019-07-03 23:00:00,1437.1,20191000,1437.1,20191000,1430.7,20190800
2019-07-03 23:15:00,1425.1,20191000,1425.1,20191000,1419.8,20190800
2019-07-03 23:30:00,1425.0,20191000,1425.0,20191000,1418.9,20190800
2019-07-03 23:45:00,1425.0,20191000,1425.0,20191000,1419.5,20190800
2019-07-04 00:00:00,1425.9,20191000,1425.9,20191000,1419.9,20190800
2019-07-04 00:15:00,1425.5,20191000,1425.5,20191000,1419.8,20190800
2019-07-04 00:30:00,1425.5,20191000,1425.5,20191000,1420.1,20190800
2019-07-04 00:45:00,1426.4,20191000,1426.4,20191000,1421.2,20190800
2019-07-04 01:00:00,1427.8,20191000,1427.8,20191000,1422.9,20190800
2019-07-04 01:15:00,1427.8,20191000,1427.8,20191000,1421.5,20190800
2019-07-04 01:30:00,1427.6,20191000,1427.6,20191000,1420.3,20190800
2019-07-04 01:45:00,1426.0,20191000,1426.0,20191000,1419.9,20190800
2019-07-04 02:00:00,1425.9,20191000,1425.9,20191000,1421.5,20190800
2019-07-04 02:15:00,1427.9,20191000,1427.9,20191000,1421.5,20190800
2019-07-04 02:30:00,1429.6,20191000,1429.6,20191000,1423.5,20190800
2019-07-04 02:45:00,1429.9,20191000,1429.9,20191000,1423.4,20190800
2019-07-04 03:00:00,1429.1,20191000,1429.1,20191000,1423.4,20190800
2019-07-04 03:15:00,1429.1,20191000,1429.1,20191000,1423.0,20190800
2019-07-04 03:30:00,1427.7,20191000,1427.7,20191000,1421.3,20190800
2019-07-04 03:45:00,1427.7,20191000,1427.7,20191000,1422.2,20190800
2019-07-04 04:00:00,1429.0,20191000,1429.0,20191000,1423.2,20190800
2019-07-04 04:15:00,1428.9,20191000,1428.9,20191000,1422.5,20190800
2019-07-04 04:30:00,1428.2,20191000,1428.2,20191000,1422.3,20190800
2019-07-04 04:45:00,1427.9,20191000,1427.9,20191000,1421.8,20190800
2019-07-04 05:15:00,1427.9,20191000,1427.9,20191000,1421.7,20190800
2019-07-04 05:30:00,1427.9,20191000,1427.9,20191000,1421.3,20190800
2019-07-04 05:45:00,1427.9,20191000,1427.9,20191000,1421.6,20190800
2019-07-04 06:15:00,1427.9,20191000,1427.9,20191000,1421.9,20190800
2019-07-04 06:30:00,1424.4,20191000,1424.4,20191000,1418.4,20190800
2019-07-04 06:45:00,1424.9,20191000,1424.9,20191000,1418.8,20190800
2019-07-04 07:00:00,1423.5,20191000,1423.5,20191000,1417.5,20190800
2019-07-04 07:15:00,1423.0,20191000,1423.0,20191000,1417.0,20190800
2019-07-04 07:30:00,1423.0,20191000,1423.0,20191000,1416.8,20190800
2019-07-04 07:45:00,1422.9,20191000,1422.9,20191000,1416.8,20190800
2019-07-04 08:00:00,1422.9,20191000,1422.9,20191000,1416.8,20190800
2019-07-04 08:15:00,1422.9,20191000,1422.9,20191000,1416.8,20190800
2019-07-04 08:30:00,1422.9,20191000,1422.9,20191000,1416.8,20190800
2019-07-04 08:45:00,1419.8,20191000,1419.8,20191000,1413.7,20190800
2019-07-04 09:00:00,1421.8,20191000,1421.8,20191000,1415.6,20190800
2019-07-04 09:15:00,1421.8,20191000,1421.8,20191000,1415.7,20190800
2019-07-04 09:30:00,1421.7,20191000,1421.7,20191000,1415.5,20190800
2019-07-04 09:45:00,1420.5,20191000,1420.5,20191000,1414.6,20190800
2019-07-04 10:00:00,1424.0,20191000,1424.0,20191000,1417.9,20190800
2019-07-04 10:15:00,1423.8,20191000,1423.8,20191000,1417.8,20190800
2019-07-04 10:30:00,1423.8,20191000,1423.8,20191000,1417.6,20190800
2019-07-04 10:45:00,1423.8,20191000,1423.8,20191000,1417.7,20190800
2019-07-04 11:00:00,1423.1,20191000,1423.1,20191000,1416.7,20190800
2019-07-04 11:15:00,1423.1,20191000,1423.1,20191000,1417.6,20190800
2019-07-04 11:30:00,1423.1,20191000,1423.1,20191000,1417.8,20190800
2019-07-04 11:45:00,1423.1,20191000,1423.1,20191000,1417.4,20190800
2019-07-04 12:00:00,1423.6,20191000,1423.6,20191000,1417.5,20190800
2019-07-04 12:15:00,1423.4,20191000,1423.4,20191000,1417.3,20190800
2019-07-04 12:30:00,1423.0,20191000,1423.0,20191000,1416.9,20190800
2019-07-04 12:45:00,1423.6,20191000,1423.6,20191000,1417.2,20190800
2019-07-04 13:00:00,1423.6,20191000,1423.6,20191000,1417.2,20190800
2019-07-04 13:15:00,1423.3,20191000,1423.3,20191000,1416.8,20190800
2019-07-04 13:30:00,1421.9,20191000,1421.9,20191000,1416.0,20190800
2019-07-04 13:45:00,1421.9,20191000,1421.9,20191000,1416.5,20190800
2019-07-04 14:00:00,1423.6,20191000,1423.6,20191000,1417.0,20190800
2019-07-04 14:15:00,1423.6,20191000,1423.6,20191000,1417.5,20190800
2019-07-04 14:30:00,1423.6,20191000,1423.6,20191000,1417.2,20190800
2019-07-04 14:45:00,1423.6,20191000,1423.6,20191000,1417.7,20190800
2019-07-04 15:00:00,1423.6,20191000,1423.6,20191000,1417.7,20190800
2019-07-04 15:15:00,1425.6,20191000,1425.6,20191000,1419.8,20190800
2019-07-04 15:30:00,1425.8,20191000,1425.8,20191000,1419.6,20190800
2019-07-04 15:45:00,1425.1,20191000,1425.1,20191000,1419.1,20190800
2019-07-04 16:00:00,1424.1,20191000,1424.1,20191000,1418.1,20190800
2019-07-04 16:15:00,1423.3,20191000,1423.3,20191000,1418.0,20190800
2019-07-04 16:30:00,1424.6,20191000,1424.6,20191000,1418.5,20190800
2019-07-04 16:45:00,1424.4,20191000,1424.4,20191000,1418.3,20190800
2019-07-04 17:00:00,1424.1,20191000,1424.1,20191000,1418.4,20190800
2019-07-04 17:15:00,1424.1,20191000,1424.1,20191000,1418.5,20190800
2019-07-04 17:30:00,1425.0,20191000,1425.0,20191000,1418.4,20190800
2019-07-04 17:45:00,1424.1,20191000,1424.1,20191000,1418.0,20190800
2019-07-04 23:00:00,1428.0,20191000,1428.0,20191000,1421.9,20190800
2019-07-04 23:15:00,1425.2,20191000,1425.2,20191000,1419.9,20190800
2019-07-04 23:30:00,1431.0,20191000,1431.0,20191000,1425.5,20190800
2019-07-04 23:45:00,1431.5,20191000,1431.5,20191000,1425.5,20190800
2019-07-05 00:00:00,1431.4,20191000,1431.4,20191000,1425.0,20190800
2019-07-05 00:15:00,1430.0,20191000,1430.0,20191000,1424.0,20190800
2019-07-05 00:30:00,1430.0,20191000,1430.0,20191000,1423.5,20190800
2019-07-05 00:45:00,1430.0,20191000,1430.0,20191000,1423.6,20190800
2019-07-05 01:00:00,1427.2,20191000,1427.2,20191000,1421.3,20190800
2019-07-05 01:15:00,1425.5,20191000,1425.5,20191000,1419.5,20190800
2019-07-05 01:30:00,1426.1,20191000,1426.1,20191000,1420.5,20190800
2019-07-05 01:45:00,1424.8,20191000,1424.8,20191000,1418.4,20190800
2019-07-05 02:00:00,1426.0,20191000,1426.0,20191000,1419.6,20190800
2019-07-05 02:15:00,1428.2,20191000,1428.2,20191000,1421.7,20190800
2019-07-05 02:30:00,1427.8,20191000,1427.8,20191000,1421.1,20190800
2019-07-05 02:45:00,1427.0,20191000,1427.0,20191000,1421.3,20190800
2019-07-05 03:00:00,1427.0,20191000,1427.0,20191000,1422.1,20190800
2019-07-05 03:15:00,1427.2,20191000,1427.2,20191000,1421.3,20190800
2019-07-05 03:30:00,1426.1,20191000,1426.1,20191000,1419.7,20190800
2019-07-05 03:45:00,1426.1,20191000,1426.1,20191000,1419.9,20190800
2019-07-05 04:00:00,1426.1,20191000,1426.1,20191000,1420.3,20190800
2019-07-05 04:15:00,1426.1,20191000,1426.1,20191000,1420.0,20190800
2019-07-05 04:30:00,1427.2,20191000,1427.2,20191000,1421.0,20190800
2019-07-05 04:45:00,1427.3,20191000,1427.3,20191000,1420.8,20190800
2019-07-05 05:15:00,1425.3,20191000,1425.3,20191000,1419.8,20190800
2019-07-05 05:30:00,1426.0,20191000,1426.0,20191000,1420.2,20190800
2019-07-05 05:45:00,1426.1,20191000,1426.1,20191000,1420.0,20190800
2019-07-05 06:15:00,1426.1,20191000,1426.1,20191000,1420.4,20190800
2019-07-05 06:30:00,1426.0,20191000,1426.0,20191000,1420.5,20190800
2019-07-05 06:45:00,1425.0,20191000,1425.0,20191000,1418.6,20190800
2019-07-05 07:00:00,1422.4,20191000,1422.4,20191000,1416.0,20190800
2019-07-05 07:15:00,1422.8,20191000,1422.8,20191000,1416.1,20190800
2019-07-05 07:30:00,1422.8,20191000,1422.8,20191000,1416.0,20190800
2019-07-05 07:45:00,1422.8,20191000,1422.8,20191000,1416.6,20190800
2019-07-05 08:00:00,1424.0,20191000,1424.0,20191000,1418.1,20190800
2019-07-05 08:15:00,1424.0,20191000,1424.0,20191000,1418.6,20190800
2019-07-05 08:30:00,1423.2,20191000,1423.2,20191000,1417.4,20190800
2019-07-05 08:45:00,1422.0,20191000,1422.0,20191000,1416.2,20190800
2019-07-05 09:00:00,1422.7,20191000,1422.7,20191000,1416.5,20190800
2019-07-05 09:15:00,1423.5,20191000,1423.5,20191000,1417.2,20190800
2019-07-05 09:30:00,1422.7,20191000,1422.7,20191000,1416.7,20190800
2019-07-05 09:45:00,1422.7,20191000,1422.7,20191000,1416.5,20190800
2019-07-05 10:00:00,1422.5,20191000,1422.5,20191000,1416.2,20190800
2019-07-05 10:15:00,1423.3,20191000,1423.3,20191000,1417.3,20190800
2019-07-05 10:30:00,1423.0,20191000,1423.0,20191000,1416.6,20190800
2019-07-05 10:45:00,1423.0,20191000,1423.0,20191000,1416.7,20190800
2019-07-05 11:00:00,1423.0,20191000,1423.0,20191000,1416.7,20190800
2019-07-05 11:15:00,1422.9,20191000,1422.9,20191000,1416.4,20190800
2019-07-05 11:30:00,1422.0,20191000,1422.0,20191000,1416.0,20190800
2019-07-05 11:45:00,1423.6,20191000,1423.6,20191000,1417.1,20190800
2019-07-05 12:00:00,1424.8,20191000,1424.8,20191000,1417.7,20190800
2019-07-05 12:15:00,1424.2,20191000,1424.2,20191000,1417.0,20190800
2019-07-05 12:30:00,1423.1,20191000,1423.1,20191000,1415.9,20190800
2019-07-05 12:45:00,1420.6,20191000,1420.6,20191000,1414.0,20190800
2019-07-05 13:00:00,1420.3,20191000,1420.3,20191000,1413.5,20190800
2019-07-05 13:15:00,1422.4,20191000,1422.4,20191000,1416.1,20190800
2019-07-05 13:30:00,1406.7,20191000,1406.7,20191000,1400.7,20190800
2019-07-05 13:45:00,1409.0,20191000,1409.0,20191000,1403.1,20190800
2019-07-05 14:00:00,1407.0,20191000,1407.0,20191000,1400.8,20190800
2019-07-05 14:15:00,1401.6,20191000,1401.6,20191000,1395.3,20190800
2019-07-05 14:30:00,1399.4,20191000,1399.4,20191000,1393.0,20190800
2019-07-05 14:45:00,1398.0,20191000,1398.0,20191000,1391.6,20190800
2019-07-05 15:00:00,1396.5,20191000,1396.5,20191000,1389.9,20190800
2019-07-05 15:15:00,1399.5,20191000,1399.5,20191000,1393.0,20190800
2019-07-05 15:30:00,1399.0,20191000,1399.0,20191000,1393.1,20190800
2019-07-05 15:45:00,1403.9,20191000,1403.9,20191000,1397.4,20190800
2019-07-05 16:00:00,1403.3,20191000,1403.3,20191000,1397.3,20190800
2019-07-05 16:15:00,1404.7,20191000,1404.7,20191000,1398.6,20190800
2019-07-05 16:30:00,1406.7,20191000,1406.7,20191000,1400.1,20190800
2019-07-05 16:45:00,1405.4,20191000,1405.4,20191000,1399.1,20190800
2019-07-05 17:00:00,1405.3,20191000,1405.3,20191000,1399.5,20190800
2019-07-05 17:15:00,1405.0,20191000,1405.0,20191000,1398.6,20190800
2019-07-05 17:30:00,1405.8,20191000,1405.8,20191000,1400.2,20190800
2019-07-05 17:45:00,1408.0,20191000,1408.0,20191000,1401.6,20190800
2019-07-05 18:00:00,1406.8,20191000,1406.8,20191000,1400.9,20190800
2019-07-05 18:15:00,1406.8,20191000,1406.8,20191000,1400.6,20190800
2019-07-05 18:30:00,1406.8,20191000,1406.8,20191000,1401.1,20190800
2019-07-05 18:45:00,1406.6,20191000,1406.6,20191000,1400.5,20190800
2019-07-05 19:00:00,1407.0,20191000,1407.0,20191000,1400.7,20190800
2019-07-05 19:15:00,1406.6,20191000,1406.6,20191000,1400.2,20190800
2019-07-05 19:30:00,1407.0,20191000,1407.0,20191000,1400.6,20190800
2019-07-05 19:45:00,1407.3,20191000,1407.3,20191000,1401.9,20190800
2019-07-05 20:00:00,1408.4,20191000,1408.4,20191000,1402.1,20190800
2019-07-05 20:15:00,1410.4,20191000,1410.4,20191000,1404.3,20190800
2019-07-05 20:30:00,1409.9,20191000,1409.9,20191000,1403.4,20190800
2019-07-05 20:45:00,1409.3,20191000,1409.3,20191000,1403.2,20190800
2019-07-05 21:00:00,1408.8,20191000,1408.8,20191000,1402.1,20190800
2019-07-05 21:15:00,1407.9,20191000,1407.9,20191000,1401.7,20190800
2019-07-05 21:30:00,1407.3,20191000,1407.3,20191000,1401.2,20190800
2019-07-05 21:45:00,1407.4,20191000,1407.4,20191000,1401.2,20190800
2019-07-05 23:00:00,1426.1,20191000,1426.1,20191000,1419.7,20190800
2019-07-07 23:00:00,1404.8,20191000,1404.8,20191000,1399.5,20190800
2019-07-07 23:15:00,1404.3,20191000,1404.3,20191000,1396.9,20190800
2019-07-07 23:30:00,1404.3,20191000,1404.3,20191000,1396.7,20190800
2019-07-07 23:45:00,1403.0,20191000,1403.0,20191000,1397.9,20190800
2019-07-08 00:00:00,1404.2,20191000,1404.2,20191000,1398.3,20190800
2019-07-08 00:15:00,1404.5,20191000,1404.5,20191000,1398.0,20190800
2019-07-08 00:30:00,1405.1,20191000,1405.1,20191000,1399.3,20190800
2019-07-08 00:45:00,1404.8,20191000,1404.8,20191000,1397.9,20190800
2019-07-08 01:00:00,1404.8,20191000,1404.8,20191000,1398.7,20190800
2019-07-08 01:15:00,1407.6,20191000,1407.6,20191000,1401.4,20190800
2019-07-08 01:30:00,1407.0,20191000,1407.0,20191000,1400.7,20190800
2019-07-08 01:45:00,1406.4,20191000,1406.4,20191000,1400.0,20190800
2019-07-08 02:00:00,1405.2,20191000,1405.2,20191000,1399.3,20190800
2019-07-08 02:15:00,1405.2,20191000,1405.2,20191000,1398.9,20190800
2019-07-08 02:30:00,1404.7,20191000,1404.7,20191000,1398.3,20190800
2019-07-08 02:45:00,1406.7,20191000,1406.7,20191000,1401.2,20190800
2019-07-08 03:00:00,1406.8,20191000,1406.8,20191000,1400.5,20190800
2019-07-08 03:15:00,1406.8,20191000,1406.8,20191000,1400.8,20190800
2019-07-08 03:30:00,1406.8,20191000,1406.8,20191000,1400.4,20190800
2019-07-08 03:45:00,1406.0,20191000,1406.0,20191000,1400.0,20190800
2019-07-08 04:00:00,1406.8,20191000,1406.8,20191000,1400.5,20190800
2019-07-08 04:15:00,1406.7,20191000,1406.7,20191000,1400.8,20190800
2019-07-08 04:30:00,1406.7,20191000,1406.7,20191000,1401.0,20190800
2019-07-08 04:45:00,1407.4,20191000,1407.4,20191000,1400.9,20190800
2019-07-08 05:15:00,1407.6,20191000,1407.6,20191000,1401.2,20190800
2019-07-08 05:30:00,1407.6,20191000,1407.6,20191000,1401.5,20190800
2019-07-08 05:45:00,1407.6,20191000,1407.6,20191000,1401.8,20190800
2019-07-08 06:15:00,1410.9,20191000,1410.9,20191000,1404.7,20190800
2019-07-08 06:30:00,1412.7,20191000,1412.7,20191000,1406.1,20190800
2019-07-08 06:45:00,1413.2,20191000,1413.2,20191000,1407.0,20190800
2019-07-08 07:00:00,1411.5,20191000,1411.5,20191000,1405.1,20190800
2019-07-08 07:15:00,1412.2,20191000,1412.2,20191000,1405.9,20190800
2019-07-08 07:30:00,1413.0,20191000,1413.0,20191000,1406.4,20190800
2019-07-08 07:45:00,1413.9,20191000,1413.9,20191000,1407.4,20190800
2019-07-08 08:00:00,1415.9,20191000,1415.9,20191000,1409.8,20190800
2019-07-08 08:15:00,1414.8,20191000,1414.8,20191000,1409.0,20190800
2019-07-08 08:30:00,1414.3,20191000,1414.3,20191000,1408.0,20190800
2019-07-08 08:45:00,1415.0,20191000,1415.0,20191000,1408.7,20190800
2019-07-08 09:00:00,1415.0,20191000,1415.0,20191000,1407.8,20190800
2019-07-08 09:15:00,1413.9,20191000,1413.9,20191000,1408.0,20190800
2019-07-08 09:30:00,1413.9,20191000,1413.9,20191000,1407.8,20190800
2019-07-08 09:45:00,1414.0,20191000,1414.0,20191000,1408.1,20190800
2019-07-08 10:00:00,1414.7,20191000,1414.7,20191000,1408.5,20190800
2019-07-08 10:15:00,1414.2,20191000,1414.2,20191000,1407.3,20190800
2019-07-08 10:30:00,1412.8,20191000,1412.8,20191000,1407.2,20190800
2019-07-08 10:45:00,1414.0,20191000,1414.0,20191000,1407.4,20190800
2019-07-08 11:00:00,1413.9,20191000,1413.9,20191000,1407.6,20190800
2019-07-08 11:15:00,1413.9,20191000,1413.9,20191000,1407.4,20190800
2019-07-08 11:30:00,1413.1,20191000,1413.1,20191000,1406.9,20190800
2019-07-08 11:45:00,1413.0,20191000,1413.0,20191000,1406.8,20190800
2019-07-08 12:00:00,1413.8,20191000,1413.8,20191000,1407.5,20190800
2019-07-08 12:15:00,1414.0,20191000,1414.0,20191000,1407.4,20190800
2019-07-08 12:30:00,1413.8,20191000,1413.8,20191000,1407.4,20190800
2019-07-08 12:45:00,1413.5,20191000,1413.5,20191000,1407.9,20190800
2019-07-08 13:00:00,1412.4,20191000,1412.4,20191000,1405.7,20190800
2019-07-08 13:15:00,1413.5,20191000,1413.5,20191000,1407.6,20190800
2019-07-08 13:30:00,1413.8,20191000,1413.8,20191000,1406.6,20190800
2019-07-08 13:45:00,1412.4,20191000,1412.4,20191000,1406.0,20190800
2019-07-08 14:00:00,1409.3,20191000,1409.3,20191000,1403.0,20190800
2019-07-08 14:15:00,1409.5,20191000,1409.5,20191000,1403.3,20190800
2019-07-08 14:30:00,1408.9,20191000,1408.9,20191000,1402.7,20190800
2019-07-08 14:45:00,1409.2,20191000,1409.2,20191000,1403.7,20190800
2019-07-08 15:00:00,1409.1,20191000,1409.1,20191000,1402.7,20190800
2019-07-08 15:15:00,1407.3,20191000,1407.3,20191000,1401.3,20190800
2019-07-08 15:30:00,1405.5,20191000,1405.5,20191000,1399.2,20190800
2019-07-08 15:45:00,1404.6,20191000,1404.6,20191000,1398.7,20190800
2019-07-08 16:00:00,1407.3,20191000,1407.3,20191000,1400.5,20190800
2019-07-08 16:15:00,1406.0,20191000,1406.0,20191000,1399.8,20190800
2019-07-08 16:30:00,1405.2,20191000,1405.2,20191000,1398.3,20190800
2019-07-08 16:45:00,1403.0,20191000,1403.0,20191000,1396.8,20190800
2019-07-08 17:00:00,1403.0,20191000,1403.0,20191000,1396.1,20190800
2019-07-08 17:15:00,1402.8,20191000,1402.8,20191000,1396.7,20190800
2019-07-08 17:30:00,1404.7,20191000,1404.7,20191000,1398.6,20190800
2019-07-08 17:45:00,1405.0,20191000,1405.0,20191000,1399.1,20190800
2019-07-08 18:00:00,1405.5,20191000,1405.5,20191000,1398.6,20190800
2019-07-08 18:15:00,1406.3,20191000,1406.3,20191000,1400.1,20190800
2019-07-08 18:30:00,1405.6,20191000,1405.6,20191000,1398.7,20190800
2019-07-08 18:45:00,1405.1,20191000,1405.1,20191000,1398.6,20190800
2019-07-08 19:00:00,1404.7,20191000,1404.7,20191000,1398.0,20190800
2019-07-08 19:15:00,1404.5,20191000,1404.5,20191000,1399.1,20190800
2019-07-08 19:30:00,1405.3,20191000,1405.3,20191000,1399.5,20190800
2019-07-08 19:45:00,1405.3,20191000,1405.3,20191000,1399.3,20190800
2019-07-08 20:00:00,1403.8,20191000,1403.8,20191000,1397.2,20190800
2019-07-08 20:15:00,1403.8,20191000,1403.8,20191000,1397.0,20190800
2019-07-08 20:30:00,1403.2,20191000,1403.2,20191000,1396.9,20190800
2019-07-08 20:45:00,1400.1,20191000,1400.1,20191000,1393.9,20190800
2019-07-08 21:00:00,1401.3,20191000,1401.3,20191000,1395.5,20190800
2019-07-08 21:15:00,1402.8,20191000,1402.8,20191000,1396.8,20190800
2019-07-08 21:30:00,1403.7,20191000,1403.7,20191000,1397.4,20190800
2019-07-08 21:45:00,1403.4,20191000,1403.4,20191000,1397.6,20190800
2019-07-08 23:00:00,1408.7,20191000,1408.7,20191000,1402.7,20190800
2019-07-08 23:15:00,1403.6,20191000,1403.6,20191000,1397.6,20190800
2019-07-08 23:30:00,1403.6,20191000,1403.6,20191000,1397.1,20190800
2019-07-08 23:45:00,1403.6,20191000,1403.6,20191000,1396.4,20190800
2019-07-09 00:00:00,1401.6,20191000,1401.6,20191000,1395.7,20190800
2019-07-09 00:15:00,1401.4,20191000,1401.4,20191000,1395.6,20190800
2019-07-09 00:30:00,1401.3,20191000,1401.3,20191000,1395.4,20190800
2019-07-09 00:45:00,1402.8,20191000,1402.8,20191000,1396.3,20190800
2019-07-09 01:00:00,1402.2,20191000,1402.2,20191000,1396.2,20190800
2019-07-09 01:15:00,1402.2,20191000,1402.2,20191000,1397.2,20190800
2019-07-09 01:30:00,1402.0,20191000,1402.0,20191000,1394.1,20190800
2019-07-09 01:45:00,1401.0,20191000,1401.0,20191000,1394.3,20190800
2019-07-09 02:00:00,1400.3,20191000,1400.3,20191000,1394.5,20190800
2019-07-09 02:15:00,1400.7,20191000,1400.7,20191000,1394.8,20190800
2019-07-09 02:30:00,1400.1,20191000,1400.1,20191000,1394.1,20190800
2019-07-09 02:45:00,1401.3,20191000,1401.3,20191000,1395.3,20190800
2019-07-09 03:00:00,1401.7,20191000,1401.7,20191000,1394.7,20190800
2019-07-09 03:15:00,1401.2,20191000,1401.2,20191000,1395.0,20190800
2019-07-09 03:30:00,1401.2,20191000,1401.2,20191000,1395.4,20190800
2019-07-09 03:45:00,1402.4,20191000,1402.4,20191000,1396.4,20190800
2019-07-09 04:00:00,1402.3,20191000,1402.3,20191000,1396.1,20190800
2019-07-09 04:15:00,1403.7,20191000,1403.7,20191000,1397.7,20190800
2019-07-09 04:30:00,1403.5,20191000,1403.5,20191000,1397.4,20190800
2019-07-09 04:45:00,1403.5,20191000,1403.5,20191000,1396.3,20190800
2019-07-09 05:15:00,1403.1,20191000,1403.1,20191000,1397.3,20190800
2019-07-09 05:30:00,1403.1,20191000,1403.1,20191000,1397.3,20190800
2019-07-09 05:45:00,1404.3,20191000,1404.3,20191000,1398.1,20190800
2019-07-09 06:15:00,1403.8,20191000,1403.8,20191000,1397.3,20190800
2019-07-09 06:30:00,1403.0,20191000,1403.0,20191000,1396.5,20190800
2019-07-09 06:45:00,1402.4,20191000,1402.4,20191000,1396.4,20190800
2019-07-09 07:00:00,1401.0,20191000,1401.0,20191000,1395.6,20190800
2019-07-09 07:15:00,1400.4,20191000,1400.4,20191000,1394.8,20190800
2019-07-09 07:30:00,1402.7,20191000,1402.7,20191000,1396.5,20190800
2019-07-09 07:45:00,1402.7,20191000,1402.7,20191000,1395.7,20190800
2019-07-09 08:00:00,1402.0,20191000,1402.0,20191000,1396.0,20190800
2019-07-09 08:15:00,1402.3,20191000,1402.3,20191000,1396.1,20190800
2019-07-09 08:30:00,1400.9,20191000,1400.9,20191000,1395.3,20190800
2019-07-09 08:45:00,1400.9,20191000,1400.9,20191000,1394.8,20190800
2019-07-09 09:00:00,1400.9,20191000,1400.9,20191000,1394.8,20190800
2019-07-09 09:15:00,1398.6,20191000,1398.6,20191000,1392.4,20190800
2019-07-09 09:30:00,1399.2,20191000,1399.2,20191000,1392.9,20190800
2019-07-09 09:45:00,1396.1,20191000,1396.1,20191000,1389.5,20190800
2019-07-09 10:00:00,1396.2,20191000,1396.2,20191000,1390.2,20190800
2019-07-09 10:15:00,1395.9,20191000,1395.9,20191000,1389.9,20190800
2019-07-09 10:30:00,1396.4,20191000,1396.4,20191000,1390.4,20190800
2019-07-09 10:45:00,1396.6,20191000,1396.6,20191000,1390.1,20190800
2019-07-09 11:00:00,1396.5,20191000,1396.5,20191000,1390.1,20190800
2019-07-09 11:15:00,1396.1,20191000,1396.1,20191000,1389.7,20190800
2019-07-09 11:30:00,1398.1,20191000,1398.1,20191000,1391.5,20190800
2019-07-09 11:45:00,1399.1,20191000,1399.1,20191000,1391.4,20190800
2019-07-09 12:00:00,1398.5,20191000,1398.5,20191000,1392.2,20190800
2019-07-09 12:15:00,1398.5,20191000,1398.5,20191000,1392.2,20190800
2019-07-09 12:30:00,1398.4,20191000,1398.4,20191000,1392.4,20190800
2019-07-09 12:45:00,1400.9,20191000,1400.9,20191000,1393.6,20190800
2019-07-09 13:00:00,1401.2,20191000,1401.2,20191000,1395.4,20190800
2019-07-09 13:15:00,1402.3,20191000,1402.3,20191000,1396.4,20190800
2019-07-09 13:30:00,1401.3,20191000,1401.3,20191000,1394.8,20190800
2019-07-09 13:45:00,1401.5,20191000,1401.5,20191000,1394.9,20190800
2019-07-09 14:00:00,1401.1,20191000,1401.1,20191000,1395.1,20190800
2019-07-09 14:15:00,1401.7,20191000,1401.7,20191000,1395.3,20190800
2019-07-09 14:30:00,1401.0,20191000,1401.0,20191000,1393.7,20190800
2019-07-09 14:45:00,1400.0,20191000,1400.0,20191000,1393.6,20190800
2019-07-09 15:00:00,1399.9,20191000,1399.9,20191000,1395.0,20190800
2019-07-09 15:15:00,1400.9,20191000,1400.9,20191000,1394.7,20190800
2019-07-09 15:30:00,1399.6,20191000,1399.6,20191000,1393.3,20190800
2019-07-09 15:45:00,1400.6,20191000,1400.6,20191000,1395.5,20190800
2019-07-09 16:00:00,1405.0,20191000,1405.0,20191000,1399.1,20190800
2019-07-09 16:15:00,1405.5,20191000,1405.5,20191000,1398.8,20190800
2019-07-09 16:30:00,1405.9,20191000,1405.9,20191000,1399.0,20190800
2019-07-09 16:45:00,1406.0,20191000,1406.0,20191000,1399.8,20190800
2019-07-09 17:00:00,1405.3,20191000,1405.3,20191000,1399.0,20190800
2019-07-09 17:15:00,1405.9,20191000,1405.9,20191000,1399.4,20190800
2019-07-09 17:30:00,1405.9,20191000,1405.9,20191000,1398.8,20190800
2019-07-09 17:45:00,1405.1,20191000,1405.1,20191000,1398.9,20190800
2019-07-09 18:00:00,1404.9,20191000,1404.9,20191000,1399.2,20190800
2019-07-09 18:15:00,1406.8,20191000,1406.8,20191000,1400.3,20190800
2019-07-09 18:30:00,1407.1,20191000,1407.1,20191000,1400.5,20190800
2019-07-09 18:45:00,1406.8,20191000,1406.8,20191000,1400.2,20190800
2019-07-09 19:00:00,1406.0,20191000,1406.0,20191000,1400.1,20190800
2019-07-09 19:15:00,1406.6,20191000,1406.6,20191000,1400.2,20190800
2019-07-09 19:30:00,1406.9,20191000,1406.9,20191000,1400.5,20190800
2019-07-09 19:45:00,1406.9,20191000,1406.9,20191000,1399.9,20190800
2019-07-09 20:00:00,1404.2,20191000,1404.2,20191000,1398.1,20190800
2019-07-09 20:15:00,1404.2,20191000,1404.2,20191000,1398.9,20190800
2019-07-09 20:30:00,1406.0,20191000,1406.0,20191000,1399.5,20190800
2019-07-09 20:45:00,1404.8,20191000,1404.8,20191000,1398.8,20190800
2019-07-09 21:00:00,1405.4,20191000,1405.4,20191000,1399.2,20190800
2019-07-09 21:15:00,1405.6,20191000,1405.6,20191000,1399.1,20190800
2019-07-09 21:30:00,1405.5,20191000,1405.5,20191000,1399.5,20190800
2019-07-09 21:45:00,1405.5,20191000,1405.5,20191000,1399.6,20190800
2019-07-09 23:00:00,1405.2,20191000,1405.2,20191000,1397.5,20190800
2019-07-09 23:15:00,1405.2,20191000,1405.2,20191000,1398.5,20190800
2019-07-09 23:30:00,1405.2,20191000,1405.2,20191000,1398.5,20190800
2019-07-09 23:45:00,1405.2,20191000,1405.2,20191000,1397.9,20190800
2019-07-10 00:00:00,1403.8,20191000,1403.8,20191000,1397.3,20190800
2019-07-10 00:15:00,1403.9,20191000,1403.9,20191000,1397.9,20190800
2019-07-10 00:30:00,1404.3,20191000,1404.3,20191000,1397.5,20190800
2019-07-10 00:45:00,1403.6,20191000,1403.6,20191000,1397.3,20190800
2019-07-10 01:00:00,1402.2,20191000,1402.2,20191000,1396.0,20190800
2019-07-10 01:15:00,1402.0,20191000,1402.0,20191000,1396.1,20190800
2019-07-10 01:30:00,1402.0,20191000,1402.0,20191000,1395.3,20190800
2019-07-10 01:45:00,1401.4,20191000,1401.4,20191000,1394.9,20190800
2019-07-10 02:00:00,1400.9,20191000,1400.9,20191000,1394.6,20190800
2019-07-10 02:15:00,1401.3,20191000,1401.3,20191000,1395.1,20190800
2019-07-10 02:30:00,1401.7,20191000,1401.7,20191000,1395.1,20190800
2019-07-10 02:45:00,1401.7,20191000,1401.7,20191000,1395.2,20190800
2019-07-10 03:00:00,1401.0,20191000,1401.0,20191000,1394.5,20190800
2019-07-10 03:15:00,1401.0,20191000,1401.0,20191000,1394.6,20190800
2019-07-10 03:30:00,1401.8,20191000,1401.8,20191000,1395.4,20190800
2019-07-10 03:45:00,1402.3,20191000,1402.3,20191000,1396.1,20190800
2019-07-10 04:00:00,1401.8,20191000,1401.8,20191000,1395.9,20190800
2019-07-10 04:15:00,1402.2,20191000,1402.2,20191000,1395.8,20190800
2019-07-10 04:30:00,1402.2,20191000,1402.2,20191000,1395.2,20190800
2019-07-10 04:45:00,1401.0,20191000,1401.0,20191000,1394.9,20190800
2019-07-10 05:15:00,1400.6,20191000,1400.6,20191000,1394.7,20190800
2019-07-10 05:30:00,1400.9,20191000,1400.9,20191000,1394.9,20190800
2019-07-10 05:45:00,1401.1,20191000,1401.1,20191000,1395.3,20190800
2019-07-10 06:15:00,1401.2,20191000,1401.2,20191000,1395.0,20190800
2019-07-10 06:30:00,1402.0,20191000,1402.0,20191000,1395.5,20190800
2019-07-10 06:45:00,1401.5,20191000,1401.5,20191000,1395.4,20190800
2019-07-10 07:00:00,1399.0,20191000,1399.0,20191000,1392.7,20190800
2019-07-10 07:15:00,1399.4,20191000,1399.4,20191000,1393.2,20190800
2019-07-10 07:30:00,1399.3,20191000,1399.3,20191000,1393.6,20190800
2019-07-10 07:45:00,1398.9,20191000,1398.9,20191000,1392.7,20190800
2019-07-10 08:00:00,1400.2,20191000,1400.2,20191000,1393.5,20190800
2019-07-10 08:15:00,1400.3,20191000,1400.3,20191000,1394.5,20190800
2019-07-10 08:30:00,1401.0,20191000,1401.0,20191000,1394.4,20190800
2019-07-10 08:45:00,1400.0,20191000,1400.0,20191000,1394.0,20190800
2019-07-10 09:00:00,1401.7,20191000,1401.7,20191000,1395.3,20190800
2019-07-10 09:15:00,1402.0,20191000,1402.0,20191000,1395.8,20190800
2019-07-10 09:30:00,1401.1,20191000,1401.1,20191000,1394.7,20190800
2019-07-10 09:45:00,1401.9,20191000,1401.9,20191000,1395.4,20190800
2019-07-10 10:00:00,1402.4,20191000,1402.4,20191000,1396.3,20190800
2019-07-10 10:15:00,1403.9,20191000,1403.9,20191000,1397.4,20190800
2019-07-10 10:30:00,1404.6,20191000,1404.6,20191000,1398.5,20190800
2019-07-10 10:45:00,1403.8,20191000,1403.8,20191000,1397.5,20190800
2019-07-10 11:00:00,1403.8,20191000,1403.8,20191000,1397.4,20190800
2019-07-10 11:15:00,1403.5,20191000,1403.5,20191000,1397.5,20190800
2019-07-10 11:30:00,1403.2,20191000,1403.2,20191000,1397.0,20190800
2019-07-10 11:45:00,1403.4,20191000,1403.4,20191000,1397.2,20190800
2019-07-10 12:00:00,1404.0,20191000,1404.0,20191000,1397.6,20190800
2019-07-10 12:15:00,1404.0,20191000,1404.0,20191000,1397.7,20190800
2019-07-10 12:30:00,1403.9,20191000,1403.9,20191000,1397.7,20190800
2019-07-10 12:45:00,1403.1,20191000,1403.1,20191000,1397.2,20190800
2019-07-10 13:00:00,1402.3,20191000,1402.3,20191000,1395.9,20190800
2019-07-10 13:15:00,1400.2,20191000,1400.2,20191000,1394.0,20190800
2019-07-10 13:30:00,1416.4,20191000,1416.4,20191000,1410.0,20190800
2019-07-10 13:45:00,1418.0,20191000,1418.0,20191000,1412.3,20190800
2019-07-10 14:00:00,1417.9,20191000,1417.9,20191000,1411.3,20190800
2019-07-10 14:15:00,1418.0,20191000,1418.0,20191000,1411.2,20190800
2019-07-10 14:30:00,1417.9,20191000,1417.9,20191000,1411.6,20190800
2019-07-10 14:45:00,1415.2,20191000,1415.2,20191000,1408.9,20190800
2019-07-10 15:00:00,1416.4,20191000,1416.4,20191000,1409.9,20190800
2019-07-10 15:15:00,1415.0,20191000,1415.0,20191000,1408.5,20190800
2019-07-10 15:30:00,1416.8,20191000,1416.8,20191000,1410.6,20190800
2019-07-10 15:45:00,1416.5,20191000,1416.5,20191000,1410.2,20190800
2019-07-10 16:00:00,1414.4,20191000,1414.4,20191000,1408.2,20190800
2019-07-10 16:15:00,1416.4,20191000,1416.4,20191000,1410.3,20190800
2019-07-10 16:30:00,1419.0,20191000,1419.0,20191000,1412.0,20190800
2019-07-10 16:45:00,1418.7,20191000,1418.7,20191000,1412.2,20190800
2019-07-10 17:00:00,1418.3,20191000,1418.3,20191000,1411.9,20190800
2019-07-10 17:15:00,1419.8,20191000,1419.8,20191000,1412.8,20190800
2019-07-10 17:30:00,1419.6,20191000,1419.6,20191000,1413.2,20190800
2019-07-10 17:45:00,1420.5,20191000,1420.5,20191000,1414.2,20190800
2019-07-10 18:00:00,1419.6,20191000,1419.6,20191000,1413.5,20190800
2019-07-10 18:15:00,1418.7,20191000,1418.7,20191000,1412.3,20190800
2019-07-10 18:30:00,1420.0,20191000,1420.0,20191000,1413.9,20190800
2019-07-10 18:45:00,1421.9,20191000,1421.9,20191000,1415.2,20190800
2019-07-10 19:00:00,1424.2,20191000,1424.2,20191000,1418.1,20190800
2019-07-10 19:15:00,1422.9,20191000,1422.9,20191000,1416.8,20190800
2019-07-10 19:30:00,1422.8,20191000,1422.8,20191000,1416.5,20190800
2019-07-10 19:45:00,1422.3,20191000,1422.3,20191000,1417.3,20190800
2019-07-10 20:00:00,1424.9,20191000,1424.9,20191000,1418.6,20190800
2019-07-10 20:15:00,1425.4,20191000,1425.4,20191000,1419.1,20190800
2019-07-10 20:30:00,1426.1,20191000,1426.1,20191000,1420.1,20190800
2019-07-10 20:45:00,1426.9,20191000,1426.9,20191000,1420.3,20190800
2019-07-10 21:00:00,1425.7,20191000,1425.7,20191000,1419.7,20190800
2019-07-10 21:15:00,1425.6,20191000,1425.6,20191000,1419.2,20190800
2019-07-10 21:30:00,1426.5,20191000,1426.5,20191000,1420.1,20190800
2019-07-10 21:45:00,1427.0,20191000,1427.0,20191000,1421.0,20190800
2019-07-10 23:00:00,1400.7,20191000,1400.7,20191000,1394.5,20190800
2019-07-10 23:15:00,1429.6,20191000,1429.6,20191000,1423.9,20190800
2019-07-10 23:30:00,1429.4,20191000,1429.4,20191000,1423.3,20190800
2019-07-10 23:45:00,1429.4,20191000,1429.4,20191000,1422.5,20190800
2019-07-11 00:00:00,1428.5,20191000,1428.5,20191000,1421.6,20190800
2019-07-11 00:15:00,1427.5,20191000,1427.5,20191000,1421.5,20190800
2019-07-11 00:30:00,1429.7,20191000,1429.7,20191000,1423.1,20190800
2019-07-11 00:45:00,1430.5,20191000,1430.5,20191000,1423.9,20190800
2019-07-11 01:00:00,1432.2,20191000,1432.2,20191000,1425.9,20190800
2019-07-11 01:15:00,1434.1,20191000,1434.1,20191000,1427.3,20190800
2019-07-11 01:30:00,1432.8,20191000,1432.8,20191000,1427.0,20190800
2019-07-11 01:45:00,1433.3,20191000,1433.3,20191000,1427.6,20190800
2019-07-11 02:00:00,1432.2,20191000,1432.2,20191000,1426.4,20190800
2019-07-11 02:15:00,1432.8,20191000,1432.8,20191000,1426.6,20190800
2019-07-11 02:30:00,1431.6,20191000,1431.6,20191000,1425.3,20190800
2019-07-11 02:45:00,1430.6,20191000,1430.6,20191000,1423.2,20190800
2019-07-11 03:00:00,1430.4,20191000,1430.4,20191000,1424.8,20190800
2019-07-11 03:15:00,1430.3,20191000,1430.3,20191000,1424.6,20190800
2019-07-11 03:30:00,1430.3,20191000,1430.3,20191000,1425.1,20190800
2019-07-11 03:45:00,1431.1,20191000,1431.1,20191000,1424.9,20190800
2019-07-11 04:00:00,1433.0,20191000,1433.0,20191000,1426.6,20190800
2019-07-11 04:15:00,1432.6,20191000,1432.6,20191000,1426.3,20190800
2019-07-11 04:30:00,1432.4,20191000,1432.4,20191000,1426.0,20190800
2019-07-11 04:45:00,1432.4,20191000,1432.4,20191000,1426.2,20190800
2019-07-11 05:15:00,1432.3,20191000,1432.3,20191000,1426.5,20190800
2019-07-11 05:30:00,1432.8,20191000,1432.8,20191000,1426.3,20190800
2019-07-11 05:45:00,1432.8,20191000,1432.8,20191000,1426.4,20190800
2019-07-11 06:15:00,1431.0,20191000,1431.0,20191000,1424.5,20190800
2019-07-11 06:30:00,1429.8,20191000,1429.8,20191000,1423.4,20190800
2019-07-11 06:45:00,1430.0,20191000,1430.0,20191000,1424.4,20190800
2019-07-11 07:00:00,1428.6,20191000,1428.6,20191000,1422.2,20190800
2019-07-11 07:15:00,1428.0,20191000,1428.0,20191000,1421.8,20190800
2019-07-11 07:30:00,1428.0,20191000,1428.0,20191000,1422.7,20190800
2019-07-11 07:45:00,1429.7,20191000,1429.7,20191000,1423.3,20190800
2019-07-11 08:00:00,1430.6,20191000,1430.6,20191000,1424.1,20190800
2019-07-11 08:15:00,1429.9,20191000,1429.9,20191000,1423.6,20190800
2019-07-11 08:30:00,1428.8,20191000,1428.8,20191000,1422.5,20190800
2019-07-11 08:45:00,1430.6,20191000,1430.6,20191000,1424.4,20190800
2019-07-11 09:00:00,1430.0,20191000,1430.0,20191000,1423.7,20190800
2019-07-11 09:15:00,1431.0,20191000,1431.0,20191000,1424.7,20190800
2019-07-11 09:30:00,1431.7,20191000,1431.7,20191000,1425.5,20190800
2019-07-11 09:45:00,1432.1,20191000,1432.1,20191000,1425.5,20190800
2019-07-11 10:00:00,1432.1,20191000,1432.1,20191000,1425.6,20190800
2019-07-11 10:15:00,1431.5,20191000,1431.5,20191000,1425.3,20190800
2019-07-11 10:30:00,1431.4,20191000,1431.4,20191000,1425.3,20190800
2019-07-11 10:45:00,1431.0,20191000,1431.0,20191000,1424.2,20190800
2019-07-11 11:00:00,1429.3,20191000,1429.3,20191000,1423.1,20190800
2019-07-11 11:15:00,1430.0,20191000,1430.0,20191000,1423.6,20190800
2019-07-11 11:30:00,1430.0,20191000,1430.0,20191000,1423.7,20190800
2019-07-11 11:45:00,1429.2,20191000,1429.2,20191000,1422.9,20190800
2019-07-11 12:00:00,1429.5,20191000,1429.5,20191000,1423.2,20190800
2019-07-11 12:15:00,1427.4,20191000,1427.4,20191000,1421.1,20190800
2019-07-11 12:30:00,1428.1,20191000,1428.1,20191000,1421.6,20190800
2019-07-11 12:45:00,1428.0,20191000,1428.0,20191000,1422.1,20190800
2019-07-11 13:00:00,1428.1,20191000,1428.1,20191000,1422.6,20190800
2019-07-11 13:15:00,1426.9,20191000,1426.9,20191000,1420.9,20190800
2019-07-11 13:30:00,1425.7,20191000,1425.7,20191000,1418.9,20190800
2019-07-11 13:45:00,1422.9,20191000,1422.9,20191000,1417.2,20190800
2019-07-11 14:00:00,1424.0,20191000,1424.0,20191000,1417.9,20190800
2019-07-11 14:15:00,1423.6,20191000,1423.6,20191000,1417.4,20190800
2019-07-11 14:30:00,1422.7,20191000,1422.7,20191000,1417.1,20190800
2019-07-11 14:45:00,1422.3,20191000,1422.3,20191000,1416.0,20190800
2019-07-11 15:00:00,1423.5,20191000,1423.5,20191000,1417.4,20190800
2019-07-11 15:15:00,1422.6,20191000,1422.6,20191000,1416.2,20190800
2019-07-11 15:30:00,1418.1,20191000,1418.1,20191000,1411.8,20190800
2019-07-11 15:45:00,1417.4,20191000,1417.4,20191000,1410.9,20190800
2019-07-11 16:00:00,1419.2,20191000,1419.2,20191000,1412.8,20190800
2019-07-11 16:15:00,1419.8,20191000,1419.8,20191000,1413.4,20190800
2019-07-11 16:30:00,1419.7,20191000,1419.7,20191000,1413.9,20190800
2019-07-11 16:45:00,1420.2,20191000,1420.2,20191000,1413.9,20190800
2019-07-11 17:00:00,1420.8,20191000,1420.8,20191000,1413.6,20190800
2019-07-11 17:15:00,1418.6,20191000,1418.6,20191000,1412.5,20190800
2019-07-11 17:30:00,1417.7,20191000,1417.7,20191000,1411.1,20190800
2019-07-11 17:45:00,1419.1,20191000,1419.1,20191000,1412.5,20190800
2019-07-11 18:00:00,1415.3,20191000,1415.3,20191000,1409.6,20190800
2019-07-11 18:15:00,1413.3,20191000,1413.3,20191000,1407.1,20190800
2019-07-11 18:30:00,1412.5,20191000,1412.5,20191000,1406.2,20190800
2019-07-11 18:45:00,1414.1,20191000,1414.1,20191000,1407.4,20190800
2019-07-11 19:00:00,1414.6,20191000,1414.6,20191000,1408.2,20190800
2019-07-11 19:15:00,1414.3,20191000,1414.3,20191000,1408.4,20190800
2019-07-11 19:30:00,1416.3,20191000,1416.3,20191000,1410.0,20190800
2019-07-11 19:45:00,1416.1,20191000,1416.1,20191000,1409.7,20190800
2019-07-11 20:00:00,1415.5,20191000,1415.5,20191000,1409.1,20190800
2019-07-11 20:15:00,1415.7,20191000,1415.7,20191000,1409.4,20190800
2019-07-11 20:30:00,1415.3,20191000,1415.3,20191000,1409.0,20190800
2019-07-11 20:45:00,1415.1,20191000,1415.1,20191000,1408.7,20190800
2019-07-11 21:00:00,1415.1,20191000,1415.1,20191000,1408.8,20190800
2019-07-11 21:15:00,1414.5,20191000,1414.5,20191000,1407.4,20190800
2019-07-11 21:30:00,1411.5,20191000,1411.5,20191000,1405.1,20190800
2019-07-11 21:45:00,1411.5,20191000,1411.5,20191000,1405.4,20190800
2019-07-11 23:00:00,1433.2,20191000,1433.2,20191000,1425.6,20190800
2019-07-11 23:15:00,1413.9,20191000,1413.9,20191000,1407.6,20190800
2019-07-11 23:30:00,1413.5,20191000,1413.5,20191000,1407.5,20190800
2019-07-11 23:45:00,1412.8,20191000,1412.8,20191000,1406.4,20190800
2019-07-12 00:00:00,1413.2,20191000,1413.2,20191000,1407.0,20190800
2019-07-12 00:15:00,1413.1,20191000,1413.1,20191000,1406.4,20190800
2019-07-12 00:30:00,1412.0,20191000,1412.0,20191000,1406.1,20190800
2019-07-12 00:45:00,1412.0,20191000,1412.0,20191000,1405.7,20190800
2019-07-12 01:00:00,1413.2,20191000,1413.2,20191000,1407.2,20190800
2019-07-12 01:15:00,1413.2,20191000,1413.2,20191000,1407.3,20190800
2019-07-12 01:30:00,1413.9,20191000,1413.9,20191000,1407.7,20190800
2019-07-12 01:45:00,1414.3,20191000,1414.3,20191000,1408.5,20190800
2019-07-12 02:00:00,1416.5,20191000,1416.5,20191000,1409.3,20190800
2019-07-12 02:15:00,1416.5,20191000,1416.5,20191000,1409.5,20190800
2019-07-12 02:30:00,1417.6,20191000,1417.6,20191000,1410.8,20190800
2019-07-12 02:45:00,1417.6,20191000,1417.6,20191000,1411.0,20190800
2019-07-12 03:00:00,1417.4,20191000,1417.4,20191000,1411.1,20190800
2019-07-12 03:15:00,1417.4,20191000,1417.4,20191000,1410.5,20190800
2019-07-12 03:30:00,1416.6,20191000,1416.6,20191000,1410.5,20190800
2019-07-12 03:45:00,1417.1,20191000,1417.1,20191000,1410.8,20190800
2019-07-12 04:00:00,1417.4,20191000,1417.4,20191000,1410.6,20190800
2019-07-12 04:15:00,1417.2,20191000,1417.2,20191000,1410.3,20190800
2019-07-12 04:30:00,1416.0,20191000,1416.0,20191000,1409.6,20190800
2019-07-12 04:45:00,1416.0,20191000,1416.0,20191000,1409.6,20190800
2019-07-12 05:15:00,1416.4,20191000,1416.4,20191000,1409.8,20190800
2019-07-12 05:30:00,1416.4,20191000,1416.4,20191000,1409.7,20190800
2019-07-12 05:45:00,1415.7,20191000,1415.7,20191000,1409.4,20190800
2019-07-12 06:15:00,1414.5,20191000,1414.5,20191000,1409.0,20190800
2019-07-12 06:30:00,1414.0,20191000,1414.0,20191000,1408.2,20190800
2019-07-12 06:45:00,1413.8,20191000,1413.8,20191000,1407.2,20190800
2019-07-12 07:00:00,1414.0,20191000,1414.0,20191000,1408.5,20190800
2019-07-12 07:15:00,1414.9,20191000,1414.9,20191000,1408.6,20190800
2019-07-12 07:30:00,1414.3,20191000,1414.3,20191000,1408.6,20190800
2019-07-12 07:45:00,1416.6,20191000,1416.6,20191000,1410.3,20190800
2019-07-12 08:00:00,1417.0,20191000,1417.0,20191000,1410.9,20190800
2019-07-12 08:15:00,1420.3,20191000,1420.3,20191000,1413.3,20190800
2019-07-12 08:30:00,1419.4,20191000,1419.4,20191000,1412.4,20190800
2019-07-12 08:45:00,1418.2,20191000,1418.2,20191000,1411.8,20190800
2019-07-12 09:00:00,1419.5,20191000,1419.5,20191000,1413.2,20190800
2019-07-12 09:15:00,1418.8,20191000,1418.8,20191000,1412.2,20190800
2019-07-12 09:30:00,1417.8,20191000,1417.8,20191000,1411.5,20190800
2019-07-12 09:45:00,1417.2,20191000,1417.2,20191000,1410.7,20190800
2019-07-12 10:00:00,1415.2,20191000,1415.2,20191000,1408.7,20190800
2019-07-12 10:15:00,1414.0,20191000,1414.0,20191000,1407.6,20190800
2019-07-12 10:30:00,1414.0,20191000,1414.0,20191000,1407.6,20190800
2019-07-12 10:45:00,1413.9,20191000,1413.9,20191000,1407.7,20190800
2019-07-12 11:00:00,1414.8,20191000,1414.8,20191000,1408.5,20190800
2019-07-12 11:15:00,1414.7,20191000,1414.7,20191000,1408.0,20190800
2019-07-12 11:30:00,1414.5,20191000,1414.5,20191000,1407.9,20190800
2019-07-12 11:45:00,1416.1,20191000,1416.1,20191000,1409.5,20190800
2019-07-12 12:00:00,1416.2,20191000,1416.2,20191000,1409.9,20190800
2019-07-12 12:15:00,1416.8,20191000,1416.8,20191000,1410.2,20190800
2019-07-12 12:30:00,1416.5,20191000,1416.5,20191000,1410.1,20190800
2019-07-12 12:45:00,1415.6,20191000,1415.6,20191000,1409.3,20190800
2019-07-12 13:00:00,1415.2,20191000,1415.2,20191000,1409.0,20190800
2019-07-12 13:15:00,1414.0,20191000,1414.0,20191000,1407.6,20190800
2019-07-12 13:30:00,1413.2,20191000,1413.2,20191000,1406.8,20190800
2019-07-12 13:45:00,1414.0,20191000,1414.0,20191000,1407.7,20190800
2019-07-12 14:00:00,1413.4,20191000,1413.4,20191000,1408.3,20190800
2019-07-12 14:15:00,1416.5,20191000,1416.5,20191000,1410.3,20190800
2019-07-12 14:30:00,1417.1,20191000,1417.1,20191000,1411.3,20190800
2019-07-12 14:45:00,1416.1,20191000,1416.1,20191000,1409.8,20190800
2019-07-12 15:00:00,1414.8,20191000,1414.8,20191000,1408.7,20190800
2019-07-12 15:15:00,1416.0,20191000,1416.0,20191000,1409.6,20190800
2019-07-12 15:30:00,1414.1,20191000,1414.1,20191000,1408.2,20190800
2019-07-12 15:45:00,1414.5,20191000,1414.5,20191000,1410.1,20190800
2019-07-12 16:00:00,1415.6,20191000,1415.6,20191000,1409.6,20190800
2019-07-12 16:15:00,1416.8,20191000,1416.8,20191000,1410.5,20190800
2019-07-12 16:30:00,1417.0,20191000,1417.0,20191000,1410.4,20190800
2019-07-12 16:45:00,1416.1,20191000,1416.1,20191000,1409.9,20190800
2019-07-12 17:00:00,1418.0,20191000,1418.0,20191000,1411.3,20190800
2019-07-12 17:15:00,1419.1,20191000,1419.1,20191000,1411.6,20190800
2019-07-12 17:30:00,1416.9,20191000,1416.9,20191000,1411.4,20190800
2019-07-12 17:45:00,1419.5,20191000,1419.5,20191000,1413.1,20190800
2019-07-12 18:00:00,1419.3,20191000,1419.3,20191000,1412.4,20190800
2019-07-12 18:15:00,1418.4,20191000,1418.4,20191000,1412.1,20190800
2019-07-12 18:30:00,1419.3,20191000,1419.3,20191000,1413.0,20190800
2019-07-12 18:45:00,1420.8,20191000,1420.8,20191000,1414.5,20190800
2019-07-12 19:00:00,1421.8,20191000,1421.8,20191000,1415.4,20190800
2019-07-12 19:15:00,1423.5,20191000,1423.5,20191000,1417.1,20190800
2019-07-12 19:30:00,1423.6,20191000,1423.6,20191000,1417.4,20190800
2019-07-12 19:45:00,1424.9,20191000,1424.9,20191000,1418.5,20190800
2019-07-12 20:00:00,1423.5,20191000,1423.5,20191000,1417.3,20190800
2019-07-12 20:15:00,1423.9,20191000,1423.9,20191000,1417.3,20190800
2019-07-12 20:30:00,1423.8,20191000,1423.8,20191000,1417.2,20190800
2019-07-12 20:45:00,1423.1,20191000,1423.1,20191000,1416.8,20190800
2019-07-12 21:00:00,1422.7,20191000,1422.7,20191000,1416.3,20190800
2019-07-12 21:15:00,1422.6,20191000,1422.6,20191000,1416.2,20190800
2019-07-12 21:30:00,1422.9,20191000,1422.9,20191000,1416.5,20190800
2019-07-12 21:45:00,1423.8,20191000,1423.8,20191000,1417.8,20190800
2019-07-12 23:00:00,1414.7,20191000,1414.7,20191000,1408.2,20190800
2019-07-14 23:00:00,1425.0,20191000,1425.0,20191000,1419.0,20190800
2019-07-14 23:15:00,1426.8,20191000,1426.8,20191000,1420.5,20190800
2019-07-14 23:30:00,1425.7,20191000,1425.7,20191000,1419.6,20190800
2019-07-14 23:45:00,1425.8,20191000,1425.8,20191000,1419.4,20190800
2019-07-15 00:00:00,1422.1,20191000,1422.1,20191000,1415.7,20190800
2019-07-15 00:15:00,1422.7,20191000,1422.7,20191000,1417.0,20190800
2019-07-15 00:30:00,1423.3,20191000,1423.3,20191000,1417.2,20190800
2019-07-15 00:45:00,1423.4,20191000,1423.4,20191000,1418.1,20190800
2019-07-15 01:00:00,1423.4,20191000,1423.4,20191000,1418.3,20190800
2019-07-15 01:15:00,1424.6,20191000,1424.6,20191000,1417.6,20190800
2019-07-15 01:30:00,1424.5,20191000,1424.5,20191000,1417.8,20190800
2019-07-15 01:45:00,1423.3,20191000,1423.3,20191000,1417.4,20190800
2019-07-15 02:00:00,1420.9,20191000,1420.9,20191000,1414.4,20190800
2019-07-15 02:15:00,1420.9,20191000,1420.9,20191000,1414.5,20190800
2019-07-15 02:30:00,1420.3,20191000,1420.3,20191000,1413.7,20190800
2019-07-15 02:45:00,1420.3,20191000,1420.3,20191000,1414.3,20190800
2019-07-15 03:00:00,1420.6,20191000,1420.6,20191000,1413.9,20190800
2019-07-15 03:15:00,1420.6,20191000,1420.6,20191000,1413.4,20190800
2019-07-15 03:30:00,1418.8,20191000,1418.8,20191000,1412.4,20190800
2019-07-15 03:45:00,1418.7,20191000,1418.7,20191000,1412.3,20190800
2019-07-15 04:00:00,1418.7,20191000,1418.7,20191000,1412.5,20190800
2019-07-15 04:15:00,1419.1,20191000,1419.1,20191000,1413.2,20190800
2019-07-15 04:30:00,1419.3,20191000,1419.3,20191000,1413.6,20190800
2019-07-15 04:45:00,1419.3,20191000,1419.3,20191000,1413.8,20190800
2019-07-15 05:15:00,1419.3,20191000,1419.3,20191000,1412.9,20190800
2019-07-15 05:30:00,1419.5,20191000,1419.5,20191000,1413.3,20190800
2019-07-15 05:45:00,1419.5,20191000,1419.5,20191000,1413.2,20190800
2019-07-15 06:15:00,1418.3,20191000,1418.3,20191000,1413.4,20190800
2019-07-15 06:30:00,1420.6,20191000,1420.6,20191000,1413.8,20190800
2019-07-15 06:45:00,1421.0,20191000,1421.0,20191000,1414.7,20190800
2019-07-15 07:00:00,1421.8,20191000,1421.8,20191000,1414.9,20190800
2019-07-15 07:15:00,1421.8,20191000,1421.8,20191000,1415.1,20190800
2019-07-15 07:30:00,1422.3,20191000,1422.3,20191000,1416.2,20190800
2019-07-15 07:45:00,1422.5,20191000,1422.5,20191000,1415.8,20190800
2019-07-15 08:00:00,1421.5,20191000,1421.5,20191000,1415.6,20190800
2019-07-15 08:15:00,1420.9,20191000,1420.9,20191000,1414.7,20190800
2019-07-15 08:30:00,1421.9,20191000,1421.9,20191000,1415.6,20190800
2019-07-15 08:45:00,1423.0,20191000,1423.0,20191000,1416.6,20190800
2019-07-15 09:00:00,1423.4,20191000,1423.4,20191000,1417.1,20190800
2019-07-15 09:15:00,1423.8,20191000,1423.8,20191000,1416.7,20190800
2019-07-15 09:30:00,1424.0,20191000,1424.0,20191000,1417.4,20190800
2019-07-15 09:45:00,1424.9,20191000,1424.9,20191000,1418.1,20190800
2019-07-15 10:00:00,1424.2,20191000,1424.2,20191000,1418.9,20190800
2019-07-15 10:15:00,1424.4,20191000,1424.4,20191000,1418.3,20190800
2019-07-15 10:30:00,1424.0,20191000,1424.0,20191000,1417.9,20190800
2019-07-15 10:45:00,1424.0,20191000,1424.0,20191000,1417.8,20190800
2019-07-15 11:00:00,1423.5,20191000,1423.5,20191000,1417.1,20190800
2019-07-15 11:15:00,1423.3,20191000,1423.3,20191000,1417.1,20190800
2019-07-15 11:30:00,1423.4,20191000,1423.4,20191000,1417.6,20190800
2019-07-15 11:45:00,1423.4,20191000,1423.4,20191000,1417.1,20190800
2019-07-15 12:00:00,1424.3,20191000,1424.3,20191000,1418.0,20190800
2019-07-15 12:15:00,1424.0,20191000,1424.0,20191000,1417.8,20190800
2019-07-15 12:30:00,1424.4,20191000,1424.4,20191000,1417.5,20190800
2019-07-15 12:45:00,1422.4,20191000,1422.4,20191000,1415.8,20190800
2019-07-15 13:00:00,1422.6,20191000,1422.6,20191000,1416.3,20190800
2019-07-15 13:15:00,1422.4,20191000,1422.4,20191000,1416.1,20190800
2019-07-15 13:30:00,1419.4,20191000,1419.4,20191000,1413.0,20190800
2019-07-15 13:45:00,1420.2,20191000,1420.2,20191000,1413.9,20190800
2019-07-15 14:00:00,1419.8,20191000,1419.8,20191000,1413.4,20190800
2019-07-15 14:15:00,1419.4,20191000,1419.4,20191000,1413.3,20190800
2019-07-15 14:30:00,1421.5,20191000,1421.5,20191000,1414.9,20190800
2019-07-15 14:45:00,1421.9,20191000,1421.9,20191000,1415.4,20190800
2019-07-15 15:00:00,1420.5,20191000,1420.5,20191000,1413.9,20190800
2019-07-15 15:15:00,1417.9,20191000,1417.9,20191000,1411.4,20190800
2019-07-15 15:30:00,1416.5,20191000,1416.5,20191000,1409.9,20190800
2019-07-15 15:45:00,1418.0,20191000,1418.0,20191000,1412.1,20190800
2019-07-15 16:00:00,1418.4,20191000,1418.4,20191000,1412.0,20190800
2019-07-15 16:15:00,1420.3,20191000,1420.3,20191000,1413.9,20190800
2019-07-15 16:30:00,1420.3,20191000,1420.3,20191000,1413.5,20190800
2019-07-15 16:45:00,1420.6,20191000,1420.6,20191000,1413.8,20190800
2019-07-15 17:00:00,1419.7,20191000,1419.7,20191000,1413.1,20190800
2019-07-15 17:15:00,1419.3,20191000,1419.3,20191000,1412.7,20190800
2019-07-15 17:30:00,1420.6,20191000,1420.6,20191000,1414.2,20190800
2019-07-15 17:45:00,1420.8,20191000,1420.8,20191000,1414.6,20190800
2019-07-15 18:00:00,1420.6,20191000,1420.6,20191000,1414.0,20190800
2019-07-15 18:15:00,1420.1,20191000,1420.1,20191000,1413.9,20190800
2019-07-15 18:30:00,1420.1,20191000,1420.1,20191000,1413.8,20190800
2019-07-15 18:45:00,1420.1,20191000,1420.1,20191000,1414.1,20190800
2019-07-15 19:00:00,1420.1,20191000,1420.1,20191000,1414.2,20190800
2019-07-15 19:15:00,1418.6,20191000,1418.6,20191000,1412.5,20190800
2019-07-15 19:30:00,1420.2,20191000,1420.2,20191000,1413.9,20190800
2019-07-15 19:45:00,1420.6,20191000,1420.6,20191000,1414.5,20190800
2019-07-15 20:00:00,1421.0,20191000,1421.0,20191000,1414.9,20190800
2019-07-15 20:15:00,1421.8,20191000,1421.8,20191000,1415.1,20190800
2019-07-15 20:30:00,1422.0,20191000,1422.0,20191000,1415.7,20190800
2019-07-15 20:45:00,1423.2,20191000,1423.2,20191000,1416.9,20190800
2019-07-15 21:00:00,1423.9,20191000,1423.9,20191000,1417.5,20190800
2019-07-15 21:15:00,1423.8,20191000,1423.8,20191000,1417.5,20190800
2019-07-15 21:30:00,1422.4,20191000,1422.4,20191000,1416.1,20190800
2019-07-15 21:45:00,1421.8,20191000,1421.8,20191000,1415.7,20190800
2019-07-15 23:00:00,1425.9,20191000,1425.9,20191000,1412.4,20190800
2019-07-15 23:15:00,1424.6,20191000,1424.6,20191000,1418.2,20190800
2019-07-15 23:30:00,1424.8,20191000,1424.8,20191000,1418.7,20190800
2019-07-15 23:45:00,1424.7,20191000,1424.7,20191000,1418.2,20190800
2019-07-16 00:00:00,1424.1,20191000,1424.1,20191000,1417.4,20190800
2019-07-16 00:15:00,1424.1,20191000,1424.1,20191000,1417.8,20190800
2019-07-16 00:30:00,1423.1,20191000,1423.1,20191000,1417.1,20190800
2019-07-16 00:45:00,1423.4,20191000,1423.4,20191000,1417.1,20190800
2019-07-16 01:00:00,1423.3,20191000,1423.3,20191000,1417.2,20190800
2019-07-16 01:15:00,1423.3,20191000,1423.3,20191000,1417.0,20190800
2019-07-16 01:30:00,1422.5,20191000,1422.5,20191000,1416.1,20190800
2019-07-16 01:45:00,1422.6,20191000,1422.6,20191000,1416.1,20190800
2019-07-16 02:00:00,1420.0,20191000,1420.0,20191000,1413.3,20190800
2019-07-16 02:15:00,1420.4,20191000,1420.4,20191000,1414.0,20190800
2019-07-16 02:30:00,1421.1,20191000,1421.1,20191000,1414.6,20190800
2019-07-16 02:45:00,1421.2,20191000,1421.2,20191000,1415.0,20190800
2019-07-16 03:00:00,1421.4,20191000,1421.4,20191000,1414.9,20190800
2019-07-16 03:15:00,1420.7,20191000,1420.7,20191000,1414.4,20190800
2019-07-16 03:30:00,1421.4,20191000,1421.4,20191000,1414.8,20190800
2019-07-16 03:45:00,1421.4,20191000,1421.4,20191000,1414.9,20190800
2019-07-16 04:00:00,1421.1,20191000,1421.1,20191000,1414.8,20190800
2019-07-16 04:15:00,1421.4,20191000,1421.4,20191000,1415.1,20190800
2019-07-16 04:30:00,1421.5,20191000,1421.5,20191000,1415.0,20190800
2019-07-16 04:45:00,1421.1,20191000,1421.1,20191000,1414.9,20190800
2019-07-16 05:15:00,1421.7,20191000,1421.7,20191000,1415.3,20190800
2019-07-16 05:30:00,1421.9,20191000,1421.9,20191000,1415.6,20190800
2019-07-16 05:45:00,1422.1,20191000,1422.1,20191000,1415.7,20190800
2019-07-16 06:15:00,1423.2,20191000,1423.2,20191000,1416.3,20190800
2019-07-16 06:30:00,1423.1,20191000,1423.1,20191000,1416.7,20190800
2019-07-16 06:45:00,1422.9,20191000,1422.9,20191000,1416.3,20190800
2019-07-16 07:00:00,1421.1,20191000,1421.1,20191000,1414.5,20190800
2019-07-16 07:15:00,1421.1,20191000,1421.1,20191000,1414.9,20190800
2019-07-16 07:30:00,1421.4,20191000,1421.4,20191000,1414.5,20190800
2019-07-16 07:45:00,1420.6,20191000,1420.6,20191000,1415.0,20190800
2019-07-16 08:00:00,1422.3,20191000,1422.3,20191000,1415.7,20190800
2019-07-16 08:15:00,1421.9,20191000,1421.9,20191000,1416.2,20190800
2019-07-16 08:30:00,1421.6,20191000,1421.6,20191000,1415.4,20190800
2019-07-16 08:45:00,1422.1,20191000,1422.1,20191000,1415.4,20190800
2019-07-16 09:00:00,1421.3,20191000,1421.3,20191000,1414.5,20190800
2019-07-16 09:15:00,1421.4,20191000,1421.4,20191000,1415.3,20190800
2019-07-16 09:30:00,1422.1,20191000,1422.1,20191000,1415.9,20190800
2019-07-16 09:45:00,1422.1,20191000,1422.1,20191000,1415.9,20190800
2019-07-16 10:00:00,1423.1,20191000,1423.1,20191000,1416.9,20190800
2019-07-16 10:15:00,1423.5,20191000,1423.5,20191000,1417.3,20190800
2019-07-16 10:30:00,1423.7,20191000,1423.7,20191000,1417.4,20190800
2019-07-16 10:45:00,1423.7,20191000,1423.7,20191000,1416.9,20190800
2019-07-16 11:00:00,1423.0,20191000,1423.0,20191000,1416.8,20190800
2019-07-16 11:15:00,1422.8,20191000,1422.8,20191000,1416.5,20190800
2019-07-16 11:30:00,1422.8,20191000,1422.8,20191000,1416.3,20190800
2019-07-16 11:45:00,1421.6,20191000,1421.6,20191000,1415.5,20190800
2019-07-16 12:00:00,1421.6,20191000,1421.6,20191000,1415.7,20190800
2019-07-16 12:15:00,1421.6,20191000,1421.6,20191000,1415.6,20190800
2019-07-16 12:30:00,1422.8,20191000,1422.8,20191000,1416.3,20190800
2019-07-16 12:45:00,1422.0,20191000,1422.0,20191000,1415.8,20190800
2019-07-16 13:00:00,1421.7,20191000,1421.7,20191000,1415.6,20190800
2019-07-16 13:15:00,1422.4,20191000,1422.4,20191000,1416.2,20190800
2019-07-16 13:30:00,1418.4,20191000,1418.4,20191000,1412.1,20190800
2019-07-16 13:45:00,1417.9,20191000,1417.9,20191000,1412.4,20190800
2019-07-16 14:00:00,1417.0,20191000,1417.0,20191000,1410.3,20190800
2019-07-16 14:15:00,1419.6,20191000,1419.6,20191000,1413.4,20190800
2019-07-16 14:30:00,1419.7,20191000,1419.7,20191000,1413.5,20190800
2019-07-16 14:45:00,1417.6,20191000,1417.6,20191000,1411.4,20190800
2019-07-16 15:00:00,1417.8,20191000,1417.8,20191000,1411.4,20190800
2019-07-16 15:15:00,1418.5,20191000,1418.5,20191000,1412.5,20190800
2019-07-16 15:30:00,1420.0,20191000,1420.0,20191000,1413.1,20190800
2019-07-16 15:45:00,1418.1,20191000,1418.1,20191000,1411.7,20190800
2019-07-16 16:00:00,1417.6,20191000,1417.6,20191000,1411.0,20190800
2019-07-16 16:15:00,1418.1,20191000,1418.1,20191000,1410.9,20190800
2019-07-16 16:30:00,1416.8,20191000,1416.8,20191000,1410.8,20190800
2019-07-16 16:45:00,1412.2,20191000,1412.2,20191000,1405.9,20190800
2019-07-16 17:00:00,1413.5,20191000,1413.5,20191000,1407.4,20190800
2019-07-16 17:15:00,1414.6,20191000,1414.6,20191000,1408.4,20190800
2019-07-16 17:30:00,1416.0,20191000,1416.0,20191000,1409.6,20190800
2019-07-16 17:45:00,1416.8,20191000,1416.8,20191000,1410.6,20190800
2019-07-16 18:00:00,1419.2,20191000,1419.2,20191000,1413.4,20190800
2019-07-16 18:15:00,1417.7,20191000,1417.7,20191000,1411.4,20190800
2019-07-16 18:30:00,1416.0,20191000,1416.0,20191000,1409.7,20190800
2019-07-16 18:45:00,1416.1,20191000,1416.1,20191000,1409.2,20190800
2019-07-16 19:00:00,1414.9,20191000,1414.9,20191000,1408.8,20190800
2019-07-16 19:15:00,1412.2,20191000,1412.2,20191000,1405.7,20190800
2019-07-16 19:30:00,1410.9,20191000,1410.9,20191000,1404.5,20190800
2019-07-16 19:45:00,1412.0,20191000,1412.0,20191000,1405.1,20190800
2019-07-16 20:00:00,1411.0,20191000,1411.0,20191000,1404.8,20190800
2019-07-16 20:15:00,1411.7,20191000,1411.7,20191000,1405.2,20190800
2019-07-16 20:30:00,1411.5,20191000,1411.5,20191000,1405.2,20190800
2019-07-16 20:45:00,1411.1,20191000,1411.1,20191000,1404.8,20190800
2019-07-16 21:00:00,1411.4,20191000,1411.4,20191000,1405.5,20190800
2019-07-16 21:15:00,1411.8,20191000,1411.8,20191000,1405.4,20190800
2019-07-16 21:30:00,1412.7,20191000,1412.7,20191000,1406.2,20190800
2019-07-16 21:45:00,1413.3,20191000,1413.3,20191000,1407.6,20190800
2019-07-16 23:00:00,1422.9,20191000,1422.9,20191000,1416.6,20190800
2019-07-16 23:15:00,1414.0,20191000,1414.0,20191000,1407.5,20190800
2019-07-16 23:30:00,1413.9,20191000,1413.9,20191000,1407.1,20190800
2019-07-16 23:45:00,1413.0,20191000,1413.0,20191000,1406.5,20190800
2019-07-17 00:00:00,1412.8,20191000,1412.8,20191000,1406.4,20190800
2019-07-17 00:15:00,1412.8,20191000,1412.8,20191000,1406.8,20190800
2019-07-17 00:30:00,1413.1,20191000,1413.1,20191000,1406.8,20190800
2019-07-17 00:45:00,1412.7,20191000,1412.7,20191000,1406.7,20190800
2019-07-17 01:00:00,1411.8,20191000,1411.8,20191000,1405.5,20190800
2019-07-17 01:15:00,1411.8,20191000,1411.8,20191000,1405.4,20190800
2019-07-17 01:30:00,1411.8,20191000,1411.8,20191000,1405.9,20190800
2019-07-17 01:45:00,1411.7,20191000,1411.7,20191000,1406.3,20190800
2019-07-17 02:00:00,1413.7,20191000,1413.7,20191000,1407.1,20190800
2019-07-17 02:15:00,1414.4,20191000,1414.4,20191000,1407.7,20190800
2019-07-17 02:30:00,1413.5,20191000,1413.5,20191000,1407.3,20190800
2019-07-17 02:45:00,1413.9,20191000,1413.9,20191000,1407.5,20190800
2019-07-17 03:00:00,1414.1,20191000,1414.1,20191000,1407.5,20190800
2019-07-17 03:15:00,1413.8,20191000,1413.8,20191000,1407.4,20190800
2019-07-17 03:30:00,1412.9,20191000,1412.9,20191000,1406.3,20190800
2019-07-17 03:45:00,1412.7,20191000,1412.7,20191000,1406.4,20190800
2019-07-17 04:00:00,1412.5,20191000,1412.5,20191000,1406.1,20190800
2019-07-17 04:15:00,1412.5,20191000,1412.5,20191000,1406.6,20190800
2019-07-17 04:30:00,1412.7,20191000,1412.7,20191000,1406.3,20190800
2019-07-17 04:45:00,1412.7,20191000,1412.7,20191000,1406.2,20190800
2019-07-17 05:15:00,1412.9,20191000,1412.9,20191000,1406.6,20190800
2019-07-17 05:30:00,1413.1,20191000,1413.1,20191000,1406.7,20190800
2019-07-17 05:45:00,1413.0,20191000,1413.0,20191000,1406.5,20190800
2019-07-17 06:15:00,1413.0,20191000,1413.0,20191000,1406.6,20190800
2019-07-17 06:30:00,1411.7,20191000,1411.7,20191000,1405.4,20190800
2019-07-17 06:45:00,1412.3,20191000,1412.3,20191000,1405.7,20190800
2019-07-17 07:00:00,1412.8,20191000,1412.8,20191000,1406.4,20190800
2019-07-17 07:15:00,1413.5,20191000,1413.5,20191000,1406.1,20190800
2019-07-17 07:30:00,1412.3,20191000,1412.3,20191000,1405.9,20190800
2019-07-17 07:45:00,1413.0,20191000,1413.0,20191000,1406.8,20190800
2019-07-17 08:00:00,1413.4,20191000,1413.4,20191000,1406.8,20190800
2019-07-17 08:15:00,1413.3,20191000,1413.3,20191000,1407.1,20190800
2019-07-17 08:30:00,1412.7,20191000,1412.7,20191000,1406.7,20190800
2019-07-17 08:45:00,1411.5,20191000,1411.5,20191000,1405.4,20190800
2019-07-17 09:00:00,1411.0,20191000,1411.0,20191000,1404.5,20190800
2019-07-17 09:15:00,1411.2,20191000,1411.2,20191000,1404.5,20190800
2019-07-17 09:30:00,1410.4,20191000,1410.4,20191000,1403.9,20190800
2019-07-17 09:45:00,1410.0,20191000,1410.0,20191000,1403.9,20190800
2019-07-17 10:00:00,1409.9,20191000,1409.9,20191000,1403.4,20190800
2019-07-17 10:15:00,1409.9,20191000,1409.9,20191000,1403.3,20190800
2019-07-17 10:30:00,1408.6,20191000,1408.6,20191000,1402.4,20190800
2019-07-17 10:45:00,1408.8,20191000,1408.8,20191000,1402.5,20190800
2019-07-17 11:00:00,1409.1,20191000,1409.1,20191000,1402.8,20190800
2019-07-17 11:15:00,1409.3,20191000,1409.3,20191000,1402.5,20190800
2019-07-17 11:30:00,1409.9,20191000,1409.9,20191000,1403.6,20190800
2019-07-17 11:45:00,1411.4,20191000,1411.4,20191000,1404.8,20190800
2019-07-17 12:00:00,1410.5,20191000,1410.5,20191000,1404.4,20190800
2019-07-17 12:15:00,1409.7,20191000,1409.7,20191000,1403.7,20190800
2019-07-17 12:30:00,1411.6,20191000,1411.6,20191000,1405.2,20190800
2019-07-17 12:45:00,1412.3,20191000,1412.3,20191000,1406.0,20190800
2019-07-17 13:00:00,1412.8,20191000,1412.8,20191000,1406.3,20190800
2019-07-17 13:15:00,1412.6,20191000,1412.6,20191000,1406.4,20190800
2019-07-17 13:30:00,1413.9,20191000,1413.9,20191000,1407.1,20190800
2019-07-17 13:45:00,1413.9,20191000,1413.9,20191000,1407.4,20190800
2019-07-17 14:00:00,1415.6,20191000,1415.6,20191000,1409.4,20190800
2019-07-17 14:15:00,1417.6,20191000,1417.6,20191000,1411.3,20190800
2019-07-17 14:30:00,1419.4,20191000,1419.4,20191000,1413.1,20190800
2019-07-17 14:45:00,1419.7,20191000,1419.7,20191000,1413.3,20190800
2019-07-17 15:00:00,1419.3,20191000,1419.3,20191000,1413.1,20190800
2019-07-17 15:15:00,1421.9,20191000,1421.9,20191000,1415.6,20190800
2019-07-17 15:30:00,1424.0,20191000,1424.0,20191000,1417.7,20190800
2019-07-17 15:45:00,1426.3,20191000,1426.3,20191000,1419.8,20190800
2019-07-17 16:00:00,1430.0,20191000,1430.0,20191000,1423.5,20190800
2019-07-17 16:15:00,1430.9,20191000,1430.9,20191000,1424.8,20190800
2019-07-17 16:30:00,1430.0,20191000,1430.0,20191000,1423.6,20190800
2019-07-17 16:45:00,1430.8,20191000,1430.8,20191000,1425.2,20190800
2019-07-17 17:00:00,1431.1,20191000,1431.1,20191000,1424.8,20190800
2019-07-17 17:15:00,1429.5,20191000,1429.5,20191000,1423.1,20190800
2019-07-17 17:30:00,1430.1,20191000,1430.1,20191000,1423.8,20190800
2019-07-17 17:45:00,1430.1,20191000,1430.1,20191000,1423.8,20190800
2019-07-17 18:00:00,1429.9,20191000,1429.9,20191000,1423.6,20190800
2019-07-17 18:15:00,1429.4,20191000,1429.4,20191000,1423.1,20190800
2019-07-17 18:30:00,1429.5,20191000,1429.5,20191000,1423.2,20190800
2019-07-17 18:45:00,1431.8,20191000,1431.8,20191000,1425.4,20190800
2019-07-17 19:00:00,1431.7,20191000,1431.7,20191000,1425.4,20190800
2019-07-17 19:15:00,1431.5,20191000,1431.5,20191000,1424.4,20190800
2019-07-17 19:30:00,1430.7,20191000,1430.7,20191000,1424.0,20190800
2019-07-17 19:45:00,1429.8,20191000,1429.8,20191000,1423.8,20190800
2019-07-17 20:00:00,1431.7,20191000,1431.7,20191000,1425.2,20190800
2019-07-17 20:15:00,1432.0,20191000,1432.0,20191000,1425.5,20190800
2019-07-17 20:30:00,1434.0,20191000,1434.0,20191000,1427.7,20190800
2019-07-17 20:45:00,1434.1,20191000,1434.1,20191000,1428.0,20190800
2019-07-17 21:00:00,1433.5,20191000,1433.5,20191000,1427.3,20190800
2019-07-17 21:15:00,1433.6,20191000,1433.6,20191000,1427.2,20190800
2019-07-17 21:30:00,1434.5,20191000,1434.5,20191000,1427.6,20190800
2019-07-17 21:45:00,1434.1,20191000,1434.1,20191000,1428.2,20190800
2019-07-17 23:00:00,1412.7,20191000,1412.7,20191000,1406.5,20190800
2019-07-17 23:15:00,1434.7,20191000,1434.7,20191000,1428.1,20190800
2019-07-17 23:30:00,1434.3,20191000,1434.3,20191000,1428.0,20190800
2019-07-17 23:45:00,1434.3,20191000,1434.3,20191000,1427.8,20190800
2019-07-18 00:00:00,1434.0,20191000,1434.0,20191000,1427.5,20190800
2019-07-18 00:15:00,1433.4,20191000,1433.4,20191000,1427.6,20190800
2019-07-18 00:30:00,1434.1,20191000,1434.1,20191000,1427.7,20190800
2019-07-18 00:45:00,1432.4,20191000,1432.4,20191000,1426.0,20190800
2019-07-18 01:00:00,1432.5,20191000,1432.5,20191000,1426.5,20190800
2019-07-18 01:15:00,1432.4,20191000,1432.4,20191000,1426.3,20190800
2019-07-18 01:30:00,1432.1,20191000,1432.1,20191000,1425.5,20190800
2019-07-18 01:45:00,1435.2,20191000,1435.2,20191000,1429.0,20190800
2019-07-18 02:00:00,1435.4,20191000,1435.4,20191000,1428.7,20190800
2019-07-18 02:15:00,1433.7,20191000,1433.7,20191000,1426.9,20190800
2019-07-18 02:30:00,1431.0,20191000,1431.0,20191000,1424.6,20190800
2019-07-18 02:45:00,1430.9,20191000,1430.9,20191000,1424.4,20190800
2019-07-18 03:00:00,1429.5,20191000,1429.5,20191000,1423.6,20190800
2019-07-18 03:15:00,1431.0,20191000,1431.0,20191000,1424.8,20190800
2019-07-18 03:30:00,1431.1,20191000,1431.1,20191000,1424.7,20190800
2019-07-18 03:45:00,1430.7,20191000,1430.7,20191000,1424.2,20190800
2019-07-18 04:00:00,1430.6,20191000,1430.6,20191000,1424.0,20190800
2019-07-18 04:15:00,1429.8,20191000,1429.8,20191000,1423.3,20190800
2019-07-18 04:30:00,1429.8,20191000,1429.8,20191000,1424.0,20190800
2019-07-18 04:45:00,1430.4,20191000,1430.4,20191000,1424.0,20190800
2019-07-18 05:15:00,1430.4,20191000,1430.4,20191000,1424.0,20190800
2019-07-18 05:30:00,1430.6,20191000,1430.6,20191000,1424.2,20190800
2019-07-18 05:45:00,1431.1,20191000,1431.1,20191000,1424.5,20190800
2019-07-18 06:15:00,1430.0,20191000,1430.0,20191000,1423.6,20190800
2019-07-18 06:30:00,1429.4,20191000,1429.4,20191000,1423.6,20190800
2019-07-18 06:45:00,1430.5,20191000,1430.5,20191000,1423.8,20190800
2019-07-18 07:00:00,1430.8,20191000,1430.8,20191000,1424.4,20190800
2019-07-18 07:15:00,1429.0,20191000,1429.0,20191000,1423.0,20190800
2019-07-18 07:30:00,1428.3,20191000,1428.3,20191000,1422.4,20190800
2019-07-18 07:45:00,1427.6,20191000,1427.6,20191000,1421.1,20190800
2019-07-18 08:00:00,1429.6,20191000,1429.6,20191000,1423.3,20190800
2019-07-18 08:15:00,1428.5,20191000,1428.5,20191000,1421.9,20190800
2019-07-18 08:30:00,1428.5,20191000,1428.5,20191000,1422.0,20190800
2019-07-18 08:45:00,1427.5,20191000,1427.5,20191000,1421.5,20190800
2019-07-18 09:00:00,1428.7,20191000,1428.7,20191000,1422.4,20190800
2019-07-18 09:15:00,1427.6,20191000,1427.6,20191000,1421.4,20190800
2019-07-18 09:30:00,1428.6,20191000,1428.6,20191000,1422.4,20190800
2019-07-18 09:45:00,1429.6,20191000,1429.6,20191000,1423.1,20190800
2019-07-18 10:00:00,1429.7,20191000,1429.7,20191000,1423.4,20190800
2019-07-18 10:15:00,1428.9,20191000,1428.9,20191000,1422.4,20190800
2019-07-18 10:30:00,1428.6,20191000,1428.6,20191000,1422.2,20190800
2019-07-18 10:45:00,1429.0,20191000,1429.0,20191000,1422.6,20190800
2019-07-18 11:00:00,1428.7,20191000,1428.7,20191000,1422.3,20190800
2019-07-18 11:15:00,1428.8,20191000,1428.8,20191000,1422.4,20190800
2019-07-18 11:30:00,1427.9,20191000,1427.9,20191000,1421.1,20190800
2019-07-18 11:45:00,1426.0,20191000,1426.0,20191000,1420.3,20190800
2019-07-18 12:00:00,1425.9,20191000,1425.9,20191000,1419.6,20190800
2019-07-18 12:15:00,1427.3,20191000,1427.3,20191000,1420.8,20190800
2019-07-18 12:30:00,1430.5,20191000,1430.5,20191000,1423.5,20190800
2019-07-18 12:45:00,1429.3,20191000,1429.3,20191000,1422.8,20190800
2019-07-18 13:00:00,1428.0,20191000,1428.0,20191000,1423.0,20190800
2019-07-18 13:15:00,1429.1,20191000,1429.1,20191000,1422.7,20190800
2019-07-18 13:30:00,1423.5,20191000,1423.5,20191000,1417.4,20190800
2019-07-18 13:45:00,1425.6,20191000,1425.6,20191000,1418.7,20190800
2019-07-18 14:00:00,1426.6,20191000,1426.6,20191000,1420.3,20190800
2019-07-18 14:15:00,1425.9,20191000,1425.9,20191000,1419.7,20190800
2019-07-18 14:30:00,1424.2,20191000,1424.2,20191000,1418.0,20190800
2019-07-18 14:45:00,1426.0,20191000,1426.0,20191000,1419.4,20190800
2019-07-18 15:00:00,1428.9,20191000,1428.9,20191000,1422.8,20190800
2019-07-18 15:15:00,1428.7,20191000,1428.7,20191000,1422.4,20190800
2019-07-18 15:30:00,1430.2,20191000,1430.2,20191000,1424.1,20190800
2019-07-18 15:45:00,1429.8,20191000,1429.8,20191000,1423.6,20190800
2019-07-18 16:00:00,1432.8,20191000,1432.8,20191000,1427.0,20190800
2019-07-18 16:15:00,1433.0,20191000,1433.0,20191000,1426.4,20190800
2019-07-18 16:30:00,1434.2,20191000,1434.2,20191000,1427.7,20190800
2019-07-18 16:45:00,1436.4,20191000,1436.4,20191000,1430.1,20190800
2019-07-18 17:00:00,1435.9,20191000,1435.9,20191000,1429.3,20190800
2019-07-18 17:15:00,1435.0,20191000,1435.0,20191000,1428.3,20190800
2019-07-18 17:30:00,1434.0,20191000,1434.0,20191000,1427.6,20190800
2019-07-18 17:45:00,1433.9,20191000,1433.9,20191000,1427.5,20190800
2019-07-18 18:00:00,1434.3,20191000,1434.3,20191000,1427.9,20190800
2019-07-18 18:15:00,1434.4,20191000,1434.4,20191000,1428.0,20190800
2019-07-18 18:30:00,1434.3,20191000,1434.3,20191000,1428.5,20190800
2019-07-18 18:45:00,1437.0,20191000,1437.0,20191000,1431.0,20190800
2019-07-18 19:00:00,1438.4,20191000,1438.4,20191000,1432.5,20190800
2019-07-18 19:15:00,1441.4,20191000,1441.4,20191000,1435.4,20190800
2019-07-18 19:30:00,1443.7,20191000,1443.7,20191000,1437.4,20190800
2019-07-18 19:45:00,1445.3,20191000,1445.3,20191000,1439.1,20190800
2019-07-18 20:00:00,1450.5,20191000,1450.5,20191000,1443.9,20190800
2019-07-18 20:15:00,1452.8,20191000,1452.8,20191000,1446.7,20190800
2019-07-18 20:30:00,1452.4,20191000,1452.4,20191000,1446.3,20190800
2019-07-18 20:45:00,1454.1,20191000,1454.1,20191000,1447.3,20190800
2019-07-18 21:00:00,1453.4,20191000,1453.4,20191000,1446.8,20190800
2019-07-18 21:15:00,1453.6,20191000,1453.6,20191000,1447.4,20190800
2019-07-18 21:30:00,1452.9,20191000,1452.9,20191000,1446.3,20190800
2019-07-18 21:45:00,1454.1,20191000,1454.1,20191000,1447.4,20190800
2019-07-18 23:00:00,1430.0,20191000,1430.0,20191000,1423.4,20190800
2019-07-18 23:15:00,1448.5,20191000,1448.5,20191000,1441.7,20190800
2019-07-18 23:30:00,1450.3,20191000,1450.3,20191000,1443.6,20190800
2019-07-18 23:45:00,1450.4,20191000,1450.4,20191000,1443.6,20190800
2019-07-19 00:00:00,1450.4,20191000,1450.4,20191000,1443.9,20190800
2019-07-19 00:15:00,1451.5,20191000,1451.5,20191000,1445.1,20190800
2019-07-19 00:30:00,1452.8,20191000,1452.8,20191000,1446.2,20190800
2019-07-19 00:45:00,1451.2,20191000,1451.2,20191000,1444.2,20190800
2019-07-19 01:00:00,1449.3,20191000,1449.3,20191000,1443.3,20190800
2019-07-19 01:15:00,1449.8,20191000,1449.8,20191000,1443.3,20190800
2019-07-19 01:30:00,1450.9,20191000,1450.9,20191000,1444.6,20190800
2019-07-19 01:45:00,1449.5,20191000,1449.5,20191000,1442.9,20190800
2019-07-19 02:00:00,1450.0,20191000,1450.0,20191000,1445.0,20190800
2019-07-19 02:15:00,1450.6,20191000,1450.6,20191000,1444.2,20190800
2019-07-19 02:30:00,1450.1,20191000,1450.1,20191000,1443.8,20190800
2019-07-19 02:45:00,1451.3,20191000,1451.3,20191000,1445.0,20190800
2019-07-19 03:00:00,1451.9,20191000,1451.9,20191000,1446.0,20190800
2019-07-19 03:15:00,1451.8,20191000,1451.8,20191000,1445.3,20190800
2019-07-19 03:30:00,1452.4,20191000,1452.4,20191000,1445.8,20190800
2019-07-19 03:45:00,1451.0,20191000,1451.0,20191000,1444.8,20190800
2019-07-19 04:00:00,1451.6,20191000,1451.6,20191000,1444.4,20190800
2019-07-19 04:15:00,1451.0,20191000,1451.0,20191000,1444.4,20190800
2019-07-19 04:30:00,1450.2,20191000,1450.2,20191000,1443.9,20190800
2019-07-19 04:45:00,1450.8,20191000,1450.8,20191000,1444.5,20190800
2019-07-19 05:15:00,1450.7,20191000,1450.7,20191000,1444.4,20190800
2019-07-19 05:30:00,1449.9,20191000,1449.9,20191000,1443.6,20190800
2019-07-19 05:45:00,1449.9,20191000,1449.9,20191000,1443.5,20190800
2019-07-19 06:15:00,1450.8,20191000,1450.8,20191000,1444.6,20190800
2019-07-19 06:30:00,1451.5,20191000,1451.5,20191000,1444.4,20190800
2019-07-19 06:45:00,1448.5,20191000,1448.5,20191000,1442.5,20190800
2019-07-19 07:00:00,1449.3,20191000,1449.3,20191000,1443.1,20190800
2019-07-19 07:15:00,1449.4,20191000,1449.4,20191000,1443.5,20190800
2019-07-19 07:30:00,1447.7,20191000,1447.7,20191000,1440.7,20190800
2019-07-19 07:45:00,1446.1,20191000,1446.1,20191000,1440.1,20190800
2019-07-19 08:00:00,1446.9,20191000,1446.9,20191000,1440.5,20190800
2019-07-19 08:15:00,1446.3,20191000,1446.3,20191000,1439.9,20190800
2019-07-19 08:30:00,1446.7,20191000,1446.7,20191000,1440.4,20190800
2019-07-19 08:45:00,1447.1,20191000,1447.1,20191000,1440.7,20190800
2019-07-19 09:00:00,1446.9,20191000,1446.9,20191000,1440.6,20190800
2019-07-19 09:15:00,1447.8,20191000,1447.8,20191000,1441.6,20190800
2019-07-19 09:30:00,1447.9,20191000,1447.9,20191000,1441.3,20190800
2019-07-19 09:45:00,1447.5,20191000,1447.5,20191000,1440.9,20190800
2019-07-19 10:00:00,1446.0,20191000,1446.0,20191000,1439.5,20190800
2019-07-19 10:15:00,1445.6,20191000,1445.6,20191000,1439.2,20190800
2019-07-19 10:30:00,1447.5,20191000,1447.5,20191000,1440.6,20190800
2019-07-19 10:45:00,1447.7,20191000,1447.7,20191000,1440.9,20190800
2019-07-19 11:00:00,1447.9,20191000,1447.9,20191000,1441.2,20190800
2019-07-19 11:15:00,1446.3,20191000,1446.3,20191000,1440.2,20190800
2019-07-19 11:30:00,1445.3,20191000,1445.3,20191000,1438.7,20190800
2019-07-19 11:45:00,1445.9,20191000,1445.9,20191000,1439.4,20190800
2019-07-19 12:00:00,1445.8,20191000,1445.8,20191000,1438.9,20190800
2019-07-19 12:15:00,1444.2,20191000,1444.2,20191000,1437.9,20190800
2019-07-19 12:30:00,1446.0,20191000,1446.0,20191000,1439.5,20190800
2019-07-19 12:45:00,1445.1,20191000,1445.1,20191000,1438.6,20190800
2019-07-19 13:00:00,1444.5,20191000,1444.5,20191000,1438.2,20190800
2019-07-19 13:15:00,1443.9,20191000,1443.9,20191000,1437.3,20190800
2019-07-19 13:30:00,1442.6,20191000,1442.6,20191000,1436.0,20190800
2019-07-19 13:45:00,1442.4,20191000,1442.4,20191000,1436.0,20190800
2019-07-19 14:00:00,1444.5,20191000,1444.5,20191000,1438.4,20190800
2019-07-19 14:15:00,1442.9,20191000,1442.9,20191000,1436.7,20190800
2019-07-19 14:30:00,1449.0,20191000,1449.0,20191000,1442.8,20190800
2019-07-19 14:45:00,1448.3,20191000,1448.3,20191000,1442.0,20190800
2019-07-19 15:00:00,1443.6,20191000,1443.6,20191000,1437.8,20190800
2019-07-19 15:15:00,1440.0,20191000,1440.0,20191000,1433.5,20190800
2019-07-19 15:30:00,1435.7,20191000,1435.7,20191000,1428.5,20190800
2019-07-19 15:45:00,1435.2,20191000,1435.2,20191000,1428.8,20190800
2019-07-19 16:00:00,1436.5,20191000,1436.5,20191000,1430.1,20190800
2019-07-19 16:15:00,1436.5,20191000,1436.5,20191000,1430.0,20190800
2019-07-19 16:30:00,1436.1,20191000,1436.1,20191000,1429.7,20190800
2019-07-19 16:45:00,1431.7,20191000,1431.7,20191000,1424.8,20190800
2019-07-19 17:00:00,1432.4,20191000,1432.4,20191000,1426.1,20190800
2019-07-19 17:15:00,1434.2,20191000,1434.2,20191000,1427.6,20190800
2019-07-19 17:30:00,1434.0,20191000,1434.0,20191000,1427.5,20190800
2019-07-19 17:45:00,1433.8,20191000,1433.8,20191000,1426.9,20190800
2019-07-19 18:00:00,1432.5,20191000,1432.5,20191000,1426.1,20190800
2019-07-19 18:15:00,1433.2,20191000,1433.2,20191000,1426.7,20190800
2019-07-19 18:30:00,1432.5,20191000,1432.5,20191000,1425.9,20190800
2019-07-19 18:45:00,1432.6,20191000,1432.6,20191000,1426.4,20190800
2019-07-19 19:00:00,1428.4,20191000,1428.4,20191000,1422.0,20190800
2019-07-19 19:15:00,1430.2,20191000,1430.2,20191000,1424.0,20190800
2019-07-19 19:30:00,1432.0,20191000,1432.0,20191000,1425.0,20190800
2019-07-19 19:45:00,1430.8,20191000,1430.8,20191000,1424.1,20190800
2019-07-19 20:00:00,1432.5,20191000,1432.5,20191000,1425.9,20190800
2019-07-19 20:15:00,1433.6,20191000,1433.6,20191000,1427.3,20190800
2019-07-19 20:30:00,1432.7,20191000,1432.7,20191000,1426.6,20190800
2019-07-19 20:45:00,1432.9,20191000,1432.9,20191000,1426.4,20190800
2019-07-19 21:00:00,1432.6,20191000,1432.6,20191000,1426.4,20190800
2019-07-19 21:15:00,1432.8,20191000,1432.8,20191000,1426.5,20190800
2019-07-19 21:30:00,1432.8,20191000,1432.8,20191000,1426.3,20190800
2019-07-19 21:45:00,1432.3,20191000,1432.3,20191000,1426.5,20190800
2019-07-19 23:00:00,1451.4,20191000,1451.4,20191000,1444.8,20190800
2019-07-21 23:00:00,1433.6,20191000,1433.6,20191000,1427.9,20190800
2019-07-21 23:15:00,1432.1,20191000,1432.1,20191000,1425.5,20190800
2019-07-21 23:30:00,1431.2,20191000,1431.2,20191000,1425.2,20190800
2019-07-21 23:45:00,1432.0,20191000,1432.0,20191000,1425.6,20190800
2019-07-22 00:00:00,1431.9,20191000,1431.9,20191000,1425.0,20190800
2019-07-22 00:15:00,1431.3,20191000,1431.3,20191000,1425.1,20190800
2019-07-22 00:30:00,1432.9,20191000,1432.9,20191000,1426.2,20190800
2019-07-22 00:45:00,1432.4,20191000,1432.4,20191000,1425.9,20190800
2019-07-22 01:00:00,1433.1,20191000,1433.1,20191000,1426.8,20190800
2019-07-22 01:15:00,1433.6,20191000,1433.6,20191000,1427.4,20190800
2019-07-22 01:30:00,1433.2,20191000,1433.2,20191000,1426.9,20190800
2019-07-22 01:45:00,1432.0,20191000,1432.0,20191000,1425.4,20190800
2019-07-22 02:00:00,1431.5,20191000,1431.5,20191000,1425.0,20190800
2019-07-22 02:15:00,1430.5,20191000,1430.5,20191000,1423.9,20190800
2019-07-22 02:30:00,1430.1,20191000,1430.1,20191000,1424.2,20190800
2019-07-22 02:45:00,1433.3,20191000,1433.3,20191000,1426.9,20190800
2019-07-22 03:00:00,1433.8,20191000,1433.8,20191000,1427.6,20190800
2019-07-22 03:15:00,1433.7,20191000,1433.7,20191000,1427.0,20190800
2019-07-22 03:30:00,1435.1,20191000,1435.1,20191000,1428.5,20190800
2019-07-22 03:45:00,1435.1,20191000,1435.1,20191000,1428.5,20190800
2019-07-22 04:00:00,1434.8,20191000,1434.8,20191000,1428.4,20190800
2019-07-22 04:15:00,1434.1,20191000,1434.1,20191000,1427.4,20190800
2019-07-22 04:30:00,1434.2,20191000,1434.2,20191000,1427.6,20190800
2019-07-22 04:45:00,1434.2,20191000,1434.2,20191000,1427.8,20190800
2019-07-22 05:15:00,1434.5,20191000,1434.5,20191000,1428.0,20190800
2019-07-22 05:30:00,1434.2,20191000,1434.2,20191000,1427.9,20190800
2019-07-22 05:45:00,1434.5,20191000,1434.5,20191000,1428.4,20190800
2019-07-22 06:15:00,1435.4,20191000,1435.4,20191000,1429.0,20190800
2019-07-22 06:30:00,1434.8,20191000,1434.8,20191000,1428.5,20190800
2019-07-22 06:45:00,1434.8,20191000,1434.8,20191000,1428.9,20190800
2019-07-22 07:00:00,1433.7,20191000,1433.7,20191000,1426.8,20190800
2019-07-22 07:15:00,1433.0,20191000,1433.0,20191000,1426.4,20190800
2019-07-22 07:30:00,1432.8,20191000,1432.8,20191000,1426.2,20190800
2019-07-22 07:45:00,1433.8,20191000,1433.8,20191000,1427.4,20190800
2019-07-22 08:00:00,1433.9,20191000,1433.9,20191000,1427.4,20190800
2019-07-22 08:15:00,1434.7,20191000,1434.7,20191000,1428.2,20190800
2019-07-22 08:30:00,1435.2,20191000,1435.2,20191000,1428.7,20190800
2019-07-22 08:45:00,1435.2,20191000,1435.2,20191000,1428.5,20190800
2019-07-22 09:00:00,1434.6,20191000,1434.6,20191000,1428.3,20190800
2019-07-22 09:15:00,1435.1,20191000,1435.1,20191000,1428.4,20190800
2019-07-22 09:30:00,1434.1,20191000,1434.1,20191000,1427.5,20190800
2019-07-22 09:45:00,1432.9,20191000,1432.9,20191000,1426.4,20190800
2019-07-22 10:00:00,1433.1,20191000,1433.1,20191000,1426.8,20190800
2019-07-22 10:15:00,1432.3,20191000,1432.3,20191000,1426.0,20190800
2019-07-22 10:30:00,1432.8,20191000,1432.8,20191000,1426.3,20190800
2019-07-22 10:45:00,1432.1,20191000,1432.1,20191000,1425.7,20190800
2019-07-22 11:00:00,1433.0,20191000,1433.0,20191000,1426.5,20190800
2019-07-22 11:15:00,1433.5,20191000,1433.5,20191000,1427.0,20190800
2019-07-22 11:30:00,1434.7,20191000,1434.7,20191000,1428.2,20190800
2019-07-22 11:45:00,1433.9,20191000,1433.9,20191000,1427.6,20190800
2019-07-22 12:00:00,1433.3,20191000,1433.3,20191000,1426.9,20190800
2019-07-22 12:15:00,1432.8,20191000,1432.8,20191000,1426.2,20190800
2019-07-22 12:30:00,1432.1,20191000,1432.1,20191000,1426.0,20190800
2019-07-22 12:45:00,1433.0,20191000,1433.0,20191000,1426.1,20190800
2019-07-22 13:00:00,1433.4,20191000,1433.4,20191000,1426.9,20190800
2019-07-22 13:15:00,1434.1,20191000,1434.1,20191000,1427.6,20190800
2019-07-22 13:30:00,1434.4,20191000,1434.4,20191000,1427.4,20190800
2019-07-22 13:45:00,1433.9,20191000,1433.9,20191000,1427.1,20190800
2019-07-22 14:00:00,1433.1,20191000,1433.1,20191000,1427.2,20190800
2019-07-22 14:15:00,1433.8,20191000,1433.8,20191000,1427.0,20190800
2019-07-22 14:30:00,1434.7,20191000,1434.7,20191000,1428.3,20190800
2019-07-22 14:45:00,1435.8,20191000,1435.8,20191000,1429.4,20190800
2019-07-22 15:00:00,1432.2,20191000,1432.2,20191000,1426.0,20190800
2019-07-22 15:15:00,1433.2,20191000,1433.2,20191000,1426.8,20190800
2019-07-22 15:30:00,1433.9,20191000,1433.9,20191000,1427.4,20190800
2019-07-22 15:45:00,1434.3,20191000,1434.3,20191000,1427.9,20190800
2019-07-22 16:00:00,1434.0,20191000,1434.0,20191000,1427.4,20190800
2019-07-22 16:15:00,1433.6,20191000,1433.6,20191000,1427.6,20190800
2019-07-22 16:30:00,1433.9,20191000,1433.9,20191000,1427.5,20190800
2019-07-22 16:45:00,1433.5,20191000,1433.5,20191000,1427.2,20190800
2019-07-22 17:00:00,1433.0,20191000,1433.0,20191000,1426.7,20190800
2019-07-22 17:15:00,1432.4,20191000,1432.4,20191000,1426.7,20190800
2019-07-22 17:30:00,1433.7,20191000,1433.7,20191000,1427.3,20190800
2019-07-22 17:45:00,1433.0,20191000,1433.0,20191000,1426.5,20190800
2019-07-22 18:00:00,1433.3,20191000,1433.3,20191000,1426.9,20190800
2019-07-22 18:15:00,1433.4,20191000,1433.4,20191000,1426.8,20190800
2019-07-22 18:30:00,1433.5,20191000,1433.5,20191000,1427.3,20190800
2019-07-22 18:45:00,1435.5,20191000,1435.5,20191000,1429.0,20190800
2019-07-22 19:00:00,1435.2,20191000,1435.2,20191000,1428.8,20190800
2019-07-22 19:15:00,1435.1,20191000,1435.1,20191000,1428.7,20190800
2019-07-22 19:30:00,1435.0,20191000,1435.0,20191000,1428.7,20190800
2019-07-22 19:45:00,1435.2,20191000,1435.2,20191000,1428.9,20190800
2019-07-22 20:00:00,1434.4,20191000,1434.4,20191000,1428.1,20190800
2019-07-22 20:15:00,1434.3,20191000,1434.3,20191000,1427.9,20190800
2019-07-22 20:30:00,1432.8,20191000,1432.8,20191000,1426.6,20190800
2019-07-22 20:45:00,1431.7,20191000,1431.7,20191000,1425.7,20190800
2019-07-22 21:00:00,1432.1,20191000,1432.1,20191000,1425.7,20190800
2019-07-22 21:15:00,1431.8,20191000,1431.8,20191000,1425.4,20190800
2019-07-22 21:30:00,1431.7,20191000,1431.7,20191000,1425.0,20190800
2019-07-22 21:45:00,1431.7,20191000,1431.7,20191000,1425.5,20190800
2019-07-22 23:00:00,1434.5,20191000,1434.5,20191000,1428.3,20190800
2019-07-22 23:15:00,1431.3,20191000,1431.3,20191000,1424.7,20190800
2019-07-22 23:30:00,1431.4,20191000,1431.4,20191000,1424.8,20190800
2019-07-22 23:45:00,1431.4,20191000,1431.4,20191000,1424.8,20190800
2019-07-23 00:00:00,1431.4,20191000,1431.4,20191000,1424.7,20190800
2019-07-23 00:15:00,1431.0,20191000,1431.0,20191000,1424.4,20190800
2019-07-23 00:30:00,1430.7,20191000,1430.7,20191000,1424.2,20190800
2019-07-23 00:45:00,1430.7,20191000,1430.7,20191000,1424.3,20190800
2019-07-23 01:00:00,1430.1,20191000,1430.1,20191000,1423.5,20190800
2019-07-23 01:15:00,1429.6,20191000,1429.6,20191000,1423.2,20190800
2019-07-23 01:30:00,1429.6,20191000,1429.6,20191000,1422.3,20190800
2019-07-23 01:45:00,1428.0,20191000,1428.0,20191000,1421.7,20190800
2019-07-23 02:00:00,1424.8,20191000,1424.8,20191000,1418.3,20190800
2019-07-23 02:15:00,1424.1,20191000,1424.1,20191000,1418.1,20190800
2019-07-23 02:30:00,1425.9,20191000,1425.9,20191000,1419.4,20190800
2019-07-23 02:45:00,1425.4,20191000,1425.4,20191000,1419.6,20190800
2019-07-23 03:00:00,1426.5,20191000,1426.5,20191000,1420.2,20190800
2019-07-23 03:15:00,1426.0,20191000,1426.0,20191000,1419.7,20190800
2019-07-23 03:30:00,1425.1,20191000,1425.1,20191000,1418.9,20190800
2019-07-23 03:45:00,1424.9,20191000,1424.9,20191000,1418.6,20190800
2019-07-23 04:00:00,1425.4,20191000,1425.4,20191000,1418.6,20190800
2019-07-23 04:15:00,1424.7,20191000,1424.7,20191000,1418.0,20190800
2019-07-23 04:30:00,1424.5,20191000,1424.5,20191000,1417.9,20190800
2019-07-23 04:45:00,1424.4,20191000,1424.4,20191000,1418.2,20190800
2019-07-23 05:15:00,1424.5,20191000,1424.5,20191000,1418.0,20190800
2019-07-23 05:30:00,1423.7,20191000,1423.7,20191000,1417.4,20190800
2019-07-23 05:45:00,1423.6,20191000,1423.6,20191000,1417.1,20190800
2019-07-23 06:15:00,1424.0,20191000,1424.0,20191000,1417.4,20190800
2019-07-23 06:30:00,1422.2,20191000,1422.2,20191000,1416.3,20190800
2019-07-23 06:45:00,1422.4,20191000,1422.4,20191000,1416.2,20190800
2019-07-23 07:00:00,1423.6,20191000,1423.6,20191000,1416.9,20190800
2019-07-23 07:15:00,1424.6,20191000,1424.6,20191000,1417.8,20190800
2019-07-23 07:30:00,1424.4,20191000,1424.4,20191000,1418.1,20190800
2019-07-23 07:45:00,1425.1,20191000,1425.1,20191000,1418.4,20190800
2019-07-23 08:00:00,1424.4,20191000,1424.4,20191000,1417.8,20190800
2019-07-23 08:15:00,1424.8,20191000,1424.8,20191000,1418.3,20190800
2019-07-23 08:30:00,1425.9,20191000,1425.9,20191000,1419.5,20190800
2019-07-23 08:45:00,1427.0,20191000,1427.0,20191000,1420.5,20190800
2019-07-23 09:00:00,1425.5,20191000,1425.5,20191000,1419.0,20190800
2019-07-23 09:15:00,1425.0,20191000,1425.0,20191000,1418.4,20190800
2019-07-23 09:30:00,1424.3,20191000,1424.3,20191000,1418.0,20190800
2019-07-23 09:45:00,1424.5,20191000,1424.5,20191000,1418.4,20190800
2019-07-23 10:00:00,1424.7,20191000,1424.7,20191000,1418.4,20190800
2019-07-23 10:15:00,1425.3,20191000,1425.3,20191000,1418.8,20190800
2019-07-23 10:30:00,1425.5,20191000,1425.5,20191000,1419.1,20190800
2019-07-23 10:45:00,1424.9,20191000,1424.9,20191000,1418.8,20190800
2019-07-23 11:00:00,1425.8,20191000,1425.8,20191000,1419.4,20190800
2019-07-23 11:15:00,1426.0,20191000,1426.0,20191000,1419.6,20190800
2019-07-23 11:30:00,1426.4,20191000,1426.4,20191000,1420.1,20190800
2019-07-23 11:45:00,1426.2,20191000,1426.2,20191000,1419.8,20190800
2019-07-23 12:00:00,1429.0,20191000,1429.0,20191000,1422.4,20190800
2019-07-23 12:15:00,1428.8,20191000,1428.8,20191000,1422.4,20190800
2019-07-23 12:30:00,1430.6,20191000,1430.6,20191000,1424.1,20190800
2019-07-23 12:45:00,1429.6,20191000,1429.6,20191000,1422.9,20190800
2019-07-23 13:00:00,1431.1,20191000,1431.1,20191000,1424.9,20190800
2019-07-23 13:15:00,1432.4,20191000,1432.4,20191000,1426.3,20190800
2019-07-23 13:30:00,1431.7,20191000,1431.7,20191000,1425.4,20190800
2019-07-23 13:45:00,1433.6,20191000,1433.6,20191000,1427.1,20190800
2019-07-23 14:00:00,1430.1,20191000,1430.1,20191000,1423.9,20190800
2019-07-23 14:15:00,1432.1,20191000,1432.1,20191000,1425.8,20190800
2019-07-23 14:30:00,1431.1,20191000,1431.1,20191000,1424.6,20190800
2019-07-23 14:45:00,1432.7,20191000,1432.7,20191000,1426.5,20190800
2019-07-23 15:00:00,1434.8,20191000,1434.8,20191000,1428.3,20190800
2019-07-23 15:15:00,1435.1,20191000,1435.1,20191000,1428.5,20190800
2019-07-23 15:30:00,1432.5,20191000,1432.5,20191000,1426.0,20190800
2019-07-23 15:45:00,1431.1,20191000,1431.1,20191000,1424.6,20190800
2019-07-23 16:00:00,1431.1,20191000,1431.1,20191000,1424.6,20190800
2019-07-23 16:15:00,1429.1,20191000,1429.1,20191000,1422.6,20190800
2019-07-23 16:30:00,1428.2,20191000,1428.2,20191000,1421.8,20190800
2019-07-23 16:45:00,1429.7,20191000,1429.7,20191000,1423.4,20190800
2019-07-23 17:00:00,1428.8,20191000,1428.8,20191000,1421.9,20190800
2019-07-23 17:15:00,1427.6,20191000,1427.6,20191000,1420.6,20190800
2019-07-23 17:30:00,1426.0,20191000,1426.0,20191000,1419.4,20190800
2019-07-23 17:45:00,1426.3,20191000,1426.3,20191000,1420.0,20190800
2019-07-23 18:00:00,1427.8,20191000,1427.8,20191000,1421.8,20190800
2019-07-23 18:15:00,1428.3,20191000,1428.3,20191000,1421.9,20190800
2019-07-23 18:30:00,1426.8,20191000,1426.8,20191000,1421.1,20190800
2019-07-23 18:45:00,1426.2,20191000,1426.2,20191000,1419.7,20190800
2019-07-23 19:00:00,1425.2,20191000,1425.2,20191000,1418.7,20190800
2019-07-23 19:15:00,1426.5,20191000,1426.5,20191000,1419.9,20190800
2019-07-23 19:30:00,1426.6,20191000,1426.6,20191000,1419.8,20190800
2019-07-23 19:45:00,1425.8,20191000,1425.8,20191000,1419.5,20190800
2019-07-23 20:00:00,1425.5,20191000,1425.5,20191000,1419.1,20190800
2019-07-23 20:15:00,1424.4,20191000,1424.4,20191000,1417.9,20190800
2019-07-23 20:30:00,1424.1,20191000,1424.1,20191000,1417.6,20190800
2019-07-23 20:45:00,1423.2,20191000,1423.2,20191000,1417.6,20190800
2019-07-23 21:00:00,1424.0,20191000,1424.0,20191000,1417.3,20190800
2019-07-23 21:15:00,1423.2,20191000,1423.2,20191000,1416.7,20190800
2019-07-23 21:30:00,1424.9,20191000,1424.9,20191000,1417.9,20190800
2019-07-23 21:45:00,1424.9,20191000,1424.9,20191000,1418.1,20190800
2019-07-23 23:00:00,1423.7,20191000,1423.7,20191000,1417.2,20190800
2019-07-23 23:15:00,1423.9,20191000,1423.9,20191000,1417.5,20190800
2019-07-23 23:30:00,1423.6,20191000,1423.6,20191000,1417.0,20190800
2019-07-23 23:45:00,1423.7,20191000,1423.7,20191000,1417.3,20190800
2019-07-24 00:00:00,1423.9,20191000,1423.9,20191000,1417.2,20190800
2019-07-24 00:15:00,1423.8,20191000,1423.8,20191000,1417.3,20190800
2019-07-24 00:30:00,1423.5,20191000,1423.5,20191000,1417.1,20190800
2019-07-24 00:45:00,1423.4,20191000,1423.4,20191000,1417.5,20190800
2019-07-24 01:00:00,1423.4,20191000,1423.4,20191000,1417.3,20190800
2019-07-24 01:15:00,1423.9,20191000,1423.9,20191000,1418.0,20190800
2019-07-24 01:30:00,1424.8,20191000,1424.8,20191000,1418.5,20190800
2019-07-24 01:45:00,1426.0,20191000,1426.0,20191000,1419.5,20190800
2019-07-24 02:00:00,1427.4,20191000,1427.4,20191000,1420.8,20190800
2019-07-24 02:15:00,1427.1,20191000,1427.1,20191000,1420.6,20190800
2019-07-24 02:30:00,1426.9,20191000,1426.9,20191000,1420.4,20190800
2019-07-24 02:45:00,1426.9,20191000,1426.9,20191000,1420.3,20190800
2019-07-24 03:00:00,1426.9,20191000,1426.9,20191000,1420.4,20190800
2019-07-24 03:15:00,1427.3,20191000,1427.3,20191000,1421.0,20190800
2019-07-24 03:30:00,1427.3,20191000,1427.3,20191000,1420.9,20190800
2019-07-24 03:45:00,1428.6,20191000,1428.6,20191000,1422.1,20190800
2019-07-24 04:00:00,1428.6,20191000,1428.6,20191000,1421.9,20190800
2019-07-24 04:15:00,1427.9,20191000,1427.9,20191000,1421.4,20190800
2019-07-24 04:30:00,1428.0,20191000,1428.0,20191000,1421.6,20190800
2019-07-24 04:45:00,1427.2,20191000,1427.2,20191000,1421.1,20190800
2019-07-24 05:15:00,1427.1,20191000,1427.1,20191000,1421.0,20190800
2019-07-24 05:30:00,1427.0,20191000,1427.0,20191000,1420.6,20190800
2019-07-24 05:45:00,1427.0,20191000,1427.0,20191000,1420.5,20190800
2019-07-24 06:15:00,1426.1,20191000,1426.1,20191000,1419.5,20190800
2019-07-24 06:30:00,1427.1,20191000,1427.1,20191000,1420.8,20190800
2019-07-24 06:45:00,1427.4,20191000,1427.4,20191000,1421.1,20190800
2019-07-24 07:00:00,1426.9,20191000,1426.9,20191000,1421.6,20190800
2019-07-24 07:15:00,1427.8,20191000,1427.8,20191000,1421.2,20190800
2019-07-24 07:30:00,1428.1,20191000,1428.1,20191000,1422.5,20190800
2019-07-24 07:45:00,1428.6,20191000,1428.6,20191000,1422.2,20190800
2019-07-24 08:00:00,1428.2,20191000,1428.2,20191000,1421.7,20190800
2019-07-24 08:15:00,1429.9,20191000,1429.9,20191000,1423.4,20190800
2019-07-24 08:30:00,1431.1,20191000,1431.1,20191000,1424.6,20190800
2019-07-24 08:45:00,1430.8,20191000,1430.8,20191000,1424.0,20190800
2019-07-24 09:00:00,1430.3,20191000,1430.3,20191000,1423.9,20190800
2019-07-24 09:15:00,1430.8,20191000,1430.8,20191000,1424.2,20190800
2019-07-24 09:30:00,1431.1,20191000,1431.1,20191000,1424.6,20190800
2019-07-24 09:45:00,1432.2,20191000,1432.2,20191000,1425.7,20190800
2019-07-24 10:00:00,1432.7,20191000,1432.7,20191000,1426.2,20190800
2019-07-24 10:15:00,1432.9,20191000,1432.9,20191000,1426.1,20190800
2019-07-24 10:30:00,1433.4,20191000,1433.4,20191000,1426.9,20190800
2019-07-24 10:45:00,1433.4,20191000,1433.4,20191000,1426.9,20190800
2019-07-24 11:00:00,1432.9,20191000,1432.9,20191000,1426.5,20190800
2019-07-24 11:15:00,1432.3,20191000,1432.3,20191000,1425.6,20190800
2019-07-24 11:30:00,1432.4,20191000,1432.4,20191000,1426.0,20190800
2019-07-24 11:45:00,1433.5,20191000,1433.5,20191000,1426.8,20190800
2019-07-24 12:00:00,1432.9,20191000,1432.9,20191000,1426.0,20190800
2019-07-24 12:15:00,1433.1,20191000,1433.1,20191000,1426.5,20190800
2019-07-24 12:30:00,1434.2,20191000,1434.2,20191000,1427.5,20190800
2019-07-24 12:45:00,1433.0,20191000,1433.0,20191000,1426.4,20190800
2019-07-24 13:00:00,1433.3,20191000,1433.3,20191000,1426.9,20190800
2019-07-24 13:15:00,1433.6,20191000,1433.6,20191000,1426.6,20190800
2019-07-24 13:30:00,1432.9,20191000,1432.9,20191000,1426.2,20190800
2019-07-24 13:45:00,1431.8,20191000,1431.8,20191000,1425.4,20190800
2019-07-24 14:00:00,1434.0,20191000,1434.0,20191000,1427.1,20190800
2019-07-24 14:15:00,1433.9,20191000,1433.9,20191000,1427.2,20190800
2019-07-24 14:30:00,1433.5,20191000,1433.5,20191000,1427.3,20190800
2019-07-24 14:45:00,1435.0,20191000,1435.0,20191000,1427.6,20190800
2019-07-24 15:00:00,1434.1,20191000,1434.1,20191000,1427.4,20190800
2019-07-24 15:15:00,1433.0,20191000,1433.0,20191000,1426.0,20190800
2019-07-24 15:30:00,1431.4,20191000,1431.4,20191000,1424.8,20190800
2019-07-24 15:45:00,1430.5,20191000,1430.5,20191000,1424.1,20190800
2019-07-24 16:00:00,1430.6,20191000,1430.6,20191000,1424.2,20190800
2019-07-24 16:15:00,1430.3,20191000,1430.3,20191000,1423.7,20190800
2019-07-24 16:30:00,1429.0,20191000,1429.0,20191000,1422.6,20190800
2019-07-24 16:45:00,1429.2,20191000,1429.2,20191000,1422.6,20190800
2019-07-24 17:00:00,1429.1,20191000,1429.1,20191000,1422.5,20190800
2019-07-24 17:15:00,1429.7,20191000,1429.7,20191000,1423.1,20190800
2019-07-24 17:30:00,1429.5,20191000,1429.5,20191000,1422.9,20190800
2019-07-24 17:45:00,1429.3,20191000,1429.3,20191000,1422.9,20190800
2019-07-24 18:00:00,1428.0,20191000,1428.0,20191000,1421.7,20190800
2019-07-24 18:15:00,1430.3,20191000,1430.3,20191000,1423.6,20190800
2019-07-24 18:30:00,1430.5,20191000,1430.5,20191000,1424.0,20190800
2019-07-24 18:45:00,1430.1,20191000,1430.1,20191000,1423.6,20190800
2019-07-24 19:00:00,1428.7,20191000,1428.7,20191000,1422.0,20190800
2019-07-24 19:15:00,1430.0,20191000,1430.0,20191000,1423.1,20190800
2019-07-24 19:30:00,1430.7,20191000,1430.7,20191000,1424.2,20190800
2019-07-24 19:45:00,1430.3,20191000,1430.3,20191000,1423.7,20190800
2019-07-24 20:00:00,1431.5,20191000,1431.5,20191000,1424.1,20190800
2019-07-24 20:15:00,1431.4,20191000,1431.4,20191000,1424.6,20190800
2019-07-24 20:30:00,1431.0,20191000,1431.0,20191000,1424.3,20190800
2019-07-24 20:45:00,1431.2,20191000,1431.2,20191000,1424.9,20190800
2019-07-24 21:00:00,1432.6,20191000,1432.6,20191000,1426.0,20190800
2019-07-24 21:15:00,1432.1,20191000,1432.1,20191000,1425.6,20190800
2019-07-24 21:30:00,1432.1,20191000,1432.1,20191000,1425.5,20190800
2019-07-24 21:45:00,1432.3,20191000,1432.3,20191000,1426.2,20190800
2019-07-24 23:00:00,1425.9,20191000,1425.9,20191000,1419.4,20190800
2019-07-24 23:15:00,1432.7,20191000,1432.7,20191000,1426.0,20190800
2019-07-24 23:30:00,1432.7,20191000,1432.7,20191000,1426.7,20190800
2019-07-24 23:45:00,1433.0,20191000,1433.0,20191000,1426.3,20190800
2019-07-25 00:00:00,1432.0,20191000,1432.0,20191000,1425.1,20190800
2019-07-25 00:15:00,1431.9,20191000,1431.9,20191000,1425.1,20190800
2019-07-25 00:30:00,1431.9,20191000,1431.9,20191000,1424.9,20190800
2019-07-25 00:45:00,1431.9,20191000,1431.9,20191000,1425.5,20190800
2019-07-25 01:00:00,1431.1,20191000,1431.1,20191000,1424.9,20190800
2019-07-25 01:15:00,1431.1,20191000,1431.1,20191000,1424.2,20190800
2019-07-25 01:30:00,1429.5,20191000,1429.5,20191000,1423.0,20190800
2019-07-25 01:45:00,1430.5,20191000,1430.5,20191000,1424.0,20190800
2019-07-25 02:00:00,1429.8,20191000,1429.8,20191000,1423.0,20190800
2019-07-25 02:15:00,1429.6,20191000,1429.6,20191000,1422.9,20190800
2019-07-25 02:30:00,1430.8,20191000,1430.8,20191000,1424.1,20190800
2019-07-25 02:45:00,1430.9,20191000,1430.9,20191000,1423.7,20190800
2019-07-25 03:00:00,1430.5,20191000,1430.5,20191000,1423.5,20190800
2019-07-25 03:15:00,1429.9,20191000,1429.9,20191000,1423.5,20190800
2019-07-25 03:30:00,1430.1,20191000,1430.1,20191000,1423.3,20190800
2019-07-25 03:45:00,1429.3,20191000,1429.3,20191000,1422.9,20190800
2019-07-25 04:00:00,1428.7,20191000,1428.7,20191000,1422.0,20190800
2019-07-25 04:15:00,1429.2,20191000,1429.2,20191000,1422.5,20190800
2019-07-25 04:30:00,1428.8,20191000,1428.8,20191000,1422.1,20190800
2019-07-25 04:45:00,1428.9,20191000,1428.9,20191000,1422.4,20190800
2019-07-25 05:15:00,1429.4,20191000,1429.4,20191000,1422.7,20190800
2019-07-25 05:30:00,1429.1,20191000,1429.1,20191000,1422.4,20190800
2019-07-25 05:45:00,1429.1,20191000,1429.1,20191000,1422.4,20190800
2019-07-25 06:15:00,1428.6,20191000,1428.6,20191000,1421.9,20190800
2019-07-25 06:30:00,1429.6,20191000,1429.6,20191000,1423.1,20190800
2019-07-25 06:45:00,1429.9,20191000,1429.9,20191000,1423.3,20190800
2019-07-25 07:00:00,1430.1,20191000,1430.1,20191000,1423.3,20190800
2019-07-25 07:15:00,1430.5,20191000,1430.5,20191000,1423.7,20190800
2019-07-25 07:30:00,1431.9,20191000,1431.9,20191000,1425.1,20190800
2019-07-25 07:45:00,1431.9,20191000,1431.9,20191000,1425.5,20190800
2019-07-25 08:00:00,1432.2,20191000,1432.2,20191000,1425.9,20190800
2019-07-25 08:15:00,1432.4,20191000,1432.4,20191000,1425.9,20190800
2019-07-25 08:30:00,1431.8,20191000,1431.8,20191000,1425.3,20190800
2019-07-25 08:45:00,1432.3,20191000,1432.3,20191000,1425.6,20190800
2019-07-25 09:00:00,1432.5,20191000,1432.5,20191000,1425.9,20190800
2019-07-25 09:15:00,1433.1,20191000,1433.1,20191000,1426.7,20190800
2019-07-25 09:30:00,1433.6,20191000,1433.6,20191000,1426.9,20190800
2019-07-25 09:45:00,1433.3,20191000,1433.3,20191000,1426.8,20190800
2019-07-25 10:00:00,1433.7,20191000,1433.7,20191000,1426.9,20190800
2019-07-25 10:15:00,1434.1,20191000,1434.1,20191000,1427.2,20190800
2019-07-25 10:30:00,1433.1,20191000,1433.1,20191000,1426.5,20190800
2019-07-25 10:45:00,1432.9,20191000,1432.9,20191000,1426.3,20190800
2019-07-25 11:00:00,1432.9,20191000,1432.9,20191000,1426.1,20190800
2019-07-25 11:15:00,1433.9,20191000,1433.9,20191000,1427.0,20190800
2019-07-25 11:30:00,1433.1,20191000,1433.1,20191000,1426.7,20190800
2019-07-25 11:45:00,1433.4,20191000,1433.4,20191000,1426.5,20190800
2019-07-25 12:00:00,1433.0,20191000,1433.0,20191000,1426.7,20190800
2019-07-25 12:15:00,1433.4,20191000,1433.4,20191000,1426.9,20190800
2019-07-25 12:30:00,1436.5,20191000,1436.5,20191000,1430.0,20190800
2019-07-25 12:45:00,1438.8,20191000,1438.8,20191000,1431.7,20190800
2019-07-25 13:00:00,1437.8,20191000,1437.8,20191000,1431.3,20190800
2019-07-25 13:15:00,1439.0,20191000,1439.0,20191000,1432.0,20190800
2019-07-25 13:30:00,1434.0,20191000,1434.0,20191000,1427.0,20190800
2019-07-25 13:45:00,1430.9,20191000,1430.9,20191000,1424.5,20190800
2019-07-25 14:00:00,1430.2,20191000,1430.2,20191000,1423.8,20190800
2019-07-25 14:15:00,1429.9,20191000,1429.9,20191000,1423.1,20190800
2019-07-25 14:30:00,1424.2,20191000,1424.2,20191000,1417.7,20190800
2019-07-25 14:45:00,1423.9,20191000,1423.9,20191000,1416.8,20190800
2019-07-25 15:00:00,1423.0,20191000,1423.0,20191000,1417.2,20190800
2019-07-25 15:15:00,1426.3,20191000,1426.3,20191000,1419.6,20190800
2019-07-25 15:30:00,1427.8,20191000,1427.8,20191000,1421.3,20190800
2019-07-25 15:45:00,1424.4,20191000,1424.4,20191000,1418.1,20190800
2019-07-25 16:00:00,1425.2,20191000,1425.2,20191000,1418.5,20190800
2019-07-25 16:15:00,1425.3,20191000,1425.3,20191000,1418.9,20190800
2019-07-25 16:30:00,1425.2,20191000,1425.2,20191000,1418.4,20190800
2019-07-25 16:45:00,1424.9,20191000,1424.9,20191000,1418.1,20190800
2019-07-25 17:00:00,1423.7,20191000,1423.7,20191000,1417.1,20190800
2019-07-25 17:15:00,1423.6,20191000,1423.6,20191000,1417.0,20190800
2019-07-25 17:30:00,1423.6,20191000,1423.6,20191000,1416.6,20190800
2019-07-25 17:45:00,1418.6,20191000,1418.6,20191000,1412.1,20190800
2019-07-25 18:00:00,1419.8,20191000,1419.8,20191000,1413.5,20190800
2019-07-25 18:15:00,1421.4,20191000,1421.4,20191000,1414.7,20190800
2019-07-25 18:30:00,1421.6,20191000,1421.6,20191000,1415.1,20190800
2019-07-25 18:45:00,1422.2,20191000,1422.2,20191000,1415.7,20190800
2019-07-25 19:00:00,1424.1,20191000,1424.1,20191000,1417.4,20190800
2019-07-25 19:15:00,1423.4,20191000,1423.4,20191000,1416.7,20190800
2019-07-25 19:30:00,1421.9,20191000,1421.9,20191000,1415.1,20190800
2019-07-25 19:45:00,1420.9,20191000,1420.9,20191000,1414.2,20190800
2019-07-25 20:00:00,1421.7,20191000,1421.7,20191000,1415.1,20190800
2019-07-25 20:15:00,1421.2,20191000,1421.2,20191000,1414.6,20190800
2019-07-25 20:30:00,1421.0,20191000,1421.0,20191000,1414.5,20190800
2019-07-25 20:45:00,1420.9,20191000,1420.9,20191000,1414.1,20190800
2019-07-25 21:00:00,1421.3,20191000,1421.3,20191000,1414.4,20190800
2019-07-25 21:15:00,1420.9,20191000,1420.9,20191000,1414.3,20190800
2019-07-25 21:30:00,1420.7,20191000,1420.7,20191000,1414.1,20190800
2019-07-25 21:45:00,1420.6,20191000,1420.6,20191000,1414.4,20190800
2019-07-25 23:00:00,1429.2,20191000,1429.2,20191000,1422.1,20190800
2019-07-25 23:15:00,1422.1,20191000,1422.1,20191000,1416.2,20190800
2019-07-25 23:30:00,1422.5,20191000,1422.5,20191000,1415.9,20190800
2019-07-25 23:45:00,1422.5,20191000,1422.5,20191000,1415.9,20190800
2019-07-26 00:00:00,1422.0,20191000,1422.0,20191000,1415.2,20190800
2019-07-26 00:15:00,1421.8,20191000,1421.8,20191000,1415.5,20190800
2019-07-26 00:30:00,1421.8,20191000,1421.8,20191000,1415.2,20190800
2019-07-26 00:45:00,1421.5,20191000,1421.5,20191000,1415.0,20190800
2019-07-26 01:00:00,1421.4,20191000,1421.4,20191000,1414.9,20190800
2019-07-26 01:15:00,1423.3,20191000,1423.3,20191000,1416.6,20190800
2019-07-26 01:30:00,1423.2,20191000,1423.2,20191000,1416.7,20190800
2019-07-26 01:45:00,1423.0,20191000,1423.0,20191000,1416.4,20190800
2019-07-26 02:00:00,1423.2,20191000,1423.2,20191000,1416.6,20190800
2019-07-26 02:15:00,1423.9,20191000,1423.9,20191000,1417.5,20190800
2019-07-26 02:30:00,1423.2,20191000,1423.2,20191000,1416.6,20190800
2019-07-26 02:45:00,1423.4,20191000,1423.4,20191000,1416.9,20190800
2019-07-26 03:00:00,1423.5,20191000,1423.5,20191000,1416.8,20190800
2019-07-26 03:15:00,1423.0,20191000,1423.0,20191000,1416.6,20190800
2019-07-26 03:30:00,1423.5,20191000,1423.5,20191000,1417.1,20190800
2019-07-26 03:45:00,1424.1,20191000,1424.1,20191000,1417.0,20190800
2019-07-26 04:00:00,1423.8,20191000,1423.8,20191000,1416.8,20190800
2019-07-26 04:15:00,1423.0,20191000,1423.0,20191000,1416.5,20190800
2019-07-26 04:30:00,1422.6,20191000,1422.6,20191000,1415.9,20190800
2019-07-26 04:45:00,1422.6,20191000,1422.6,20191000,1416.2,20190800
2019-07-26 05:15:00,1422.8,20191000,1422.8,20191000,1416.3,20190800
2019-07-26 05:30:00,1422.6,20191000,1422.6,20191000,1416.0,20190800
2019-07-26 05:45:00,1422.3,20191000,1422.3,20191000,1415.7,20190800
2019-07-26 06:15:00,1421.4,20191000,1421.4,20191000,1414.7,20190800
2019-07-26 06:30:00,1421.3,20191000,1421.3,20191000,1414.7,20190800
2019-07-26 06:45:00,1421.7,20191000,1421.7,20191000,1414.6,20190800
2019-07-26 07:00:00,1420.9,20191000,1420.9,20191000,1414.2,20190800
2019-07-26 07:15:00,1421.7,20191000,1421.7,20191000,1415.4,20190800
2019-07-26 07:30:00,1423.1,20191000,1423.1,20191000,1416.5,20190800
2019-07-26 07:45:00,1425.1,20191000,1425.1,20191000,1418.5,20190800
2019-07-26 08:00:00,1424.1,20191000,1424.1,20191000,1418.0,20190800
2019-07-26 08:15:00,1425.5,20191000,1425.5,20191000,1418.8,20190800
2019-07-26 08:30:00,1426.2,20191000,1426.2,20191000,1419.6,20190800
2019-07-26 08:45:00,1425.7,20191000,1425.7,20191000,1419.3,20190800
2019-07-26 09:00:00,1424.8,20191000,1424.8,20191000,1418.2,20190800
2019-07-26 09:15:00,1424.3,20191000,1424.3,20191000,1417.7,20190800
2019-07-26 09:30:00,1424.7,20191000,1424.7,20191000,1418.2,20190800
2019-07-26 09:45:00,1424.2,20191000,1424.2,20191000,1417.6,20190800
2019-07-26 10:00:00,1424.7,20191000,1424.7,20191000,1418.2,20190800
2019-07-26 10:15:00,1425.0,20191000,1425.0,20191000,1418.6,20190800
2019-07-26 10:30:00,1424.8,20191000,1424.8,20191000,1418.2,20190800
2019-07-26 10:45:00,1425.1,20191000,1425.1,20191000,1418.5,20190800
2019-07-26 11:00:00,1425.2,20191000,1425.2,20191000,1418.6,20190800
2019-07-26 11:15:00,1425.6,20191000,1425.6,20191000,1418.6,20190800
2019-07-26 11:30:00,1424.7,20191000,1424.7,20191000,1418.1,20190800
2019-07-26 11:45:00,1425.4,20191000,1425.4,20191000,1418.7,20190800
2019-07-26 12:00:00,1425.3,20191000,1425.3,20191000,1418.4,20190800
2019-07-26 12:15:00,1425.4,20191000,1425.4,20191000,1418.9,20190800
2019-07-26 12:30:00,1426.0,20191000,1426.0,20191000,1419.6,20190800
2019-07-26 12:45:00,1427.0,20191000,1427.0,20191000,1420.2,20190800
2019-07-26 13:00:00,1425.9,20191000,1425.9,20191000,1419.4,20190800
2019-07-26 13:15:00,1424.7,20191000,1424.7,20191000,1418.2,20190800
2019-07-26 13:30:00,1424.4,20191000,1424.4,20191000,1417.6,20190800
2019-07-26 13:45:00,1426.2,20191000,1426.2,20191000,1419.7,20190800
2019-07-26 14:00:00,1427.8,20191000,1427.8,20191000,1421.2,20190800
2019-07-26 14:15:00,1429.6,20191000,1429.6,20191000,1423.1,20190800
2019-07-26 14:30:00,1429.4,20191000,1429.4,20191000,1422.8,20190800
2019-07-26 14:45:00,1427.8,20191000,1427.8,20191000,1421.2,20190800
2019-07-26 15:00:00,1428.2,20191000,1428.2,20191000,1421.5,20190800
2019-07-26 15:15:00,1426.1,20191000,1426.1,20191000,1419.6,20190800
2019-07-26 15:30:00,1426.8,20191000,1426.8,20191000,1420.1,20190800
2019-07-26 15:45:00,1427.3,20191000,1427.3,20191000,1420.3,20190800
2019-07-26 16:00:00,1425.9,20191000,1425.9,20191000,1419.4,20190800
2019-07-26 16:15:00,1425.8,20191000,1425.8,20191000,1419.1,20190800
2019-07-26 16:30:00,1424.6,20191000,1424.6,20191000,1418.1,20190800
2019-07-26 16:45:00,1425.0,20191000,1425.0,20191000,1418.7,20190800
2019-07-26 17:00:00,1424.5,20191000,1424.5,20191000,1417.8,20190800
2019-07-26 17:15:00,1425.3,20191000,1425.3,20191000,1418.7,20190800
2019-07-26 17:30:00,1425.2,20191000,1425.2,20191000,1418.3,20190800
2019-07-26 17:45:00,1425.3,20191000,1425.3,20191000,1418.5,20190800
2019-07-26 18:00:00,1425.9,20191000,1425.9,20191000,1419.2,20190800
2019-07-26 18:15:00,1426.1,20191000,1426.1,20191000,1419.3,20190800
2019-07-26 18:30:00,1425.2,20191000,1425.2,20191000,1419.0,20190800
2019-07-26 18:45:00,1425.7,20191000,1425.7,20191000,1419.0,20190800
2019-07-26 19:00:00,1426.2,20191000,1426.2,20191000,1419.7,20190800
2019-07-26 19:15:00,1425.8,20191000,1425.8,20191000,1419.6,20190800
2019-07-26 19:30:00,1426.2,20191000,1426.2,20191000,1419.1,20190800
2019-07-26 19:45:00,1425.6,20191000,1425.6,20191000,1418.7,20190800
2019-07-26 20:00:00,1425.1,20191000,1425.1,20191000,1418.4,20190800
2019-07-26 20:15:00,1423.5,20191000,1423.5,20191000,1417.1,20190800
2019-07-26 20:30:00,1424.1,20191000,1424.1,20191000,1417.6,20190800
2019-07-26 20:45:00,1423.3,20191000,1423.3,20191000,1416.6,20190800
2019-07-26 21:00:00,1424.1,20191000,1424.1,20191000,1417.3,20190800
2019-07-26 21:15:00,1424.5,20191000,1424.5,20191000,1417.8,20190800
2019-07-26 21:30:00,1425.0,20191000,1425.0,20191000,1418.3,20190800
2019-07-26 21:45:00,1424.9,20191000,1424.9,20191000,1418.5,20190800
2019-07-26 23:00:00,1421.9,20191000,1421.9,20191000,1415.2,20190800
2019-07-28 23:00:00,1426.9,20191000,1426.9,20191000,1420.2,20190800
2019-07-28 23:15:00,1427.2,20191000,1427.2,20191000,1420.5,20190800
2019-07-28 23:30:00,1427.2,20191200,1427.2,20191200,1426.4,20191000
2019-07-28 23:45:00,1427.2,20191200,1427.2,20191200,1426.0,20191000
2019-07-29 00:00:00,1432.9,20191200,1432.9,20191200,1426.1,20191000
2019-07-29 00:15:00,1432.9,20191200,1432.9,20191200,1426.4,20191000
2019-07-29 00:30:00,1432.9,20191200,1432.9,20191200,1426.8,20191000
2019-07-29 00:45:00,1432.9,20191200,1432.9,20191200,1426.7,20191000
2019-07-29 01:00:00,1434.1,20191200,1434.1,20191200,1426.2,20191000
2019-07-29 01:15:00,1434.1,20191200,1434.1,20191200,1426.1,20191000
2019-07-29 01:30:00,1434.1,20191200,1434.1,20191200,1426.9,20191000
2019-07-29 01:45:00,1434.1,20191200,1434.1,20191200,1427.9,20191000
2019-07-29 02:00:00,1435.5,20191200,1435.5,20191200,1430.0,20191000
2019-07-29 02:15:00,1435.5,20191200,1435.5,20191200,1430.0,20191000
2019-07-29 02:30:00,1435.5,20191200,1435.5,20191200,1429.0,20191000
2019-07-29 02:45:00,1435.5,20191200,1435.5,20191200,1429.2,20191000
2019-07-29 03:00:00,1434.6,20191200,1434.6,20191200,1429.1,20191000
2019-07-29 03:15:00,1434.6,20191200,1434.6,20191200,1429.0,20191000
2019-07-29 03:30:00,1434.6,20191200,1434.6,20191200,1428.4,20191000
2019-07-29 03:45:00,1434.6,20191200,1434.6,20191200,1428.5,20191000
2019-07-29 04:00:00,1433.4,20191200,1433.4,20191200,1428.0,20191000
2019-07-29 04:15:00,1433.4,20191200,1433.4,20191200,1427.4,20191000
2019-07-29 04:30:00,1433.4,20191200,1433.4,20191200,1427.2,20191000
2019-07-29 04:45:00,1433.4,20191200,1433.4,20191200,1427.0,20191000
2019-07-29 05:15:00,1433.4,20191200,1433.4,20191200,1426.7,20191000
2019-07-29 05:30:00,1433.4,20191200,1433.4,20191200,1426.9,20191000
2019-07-29 05:45:00,1433.4,20191200,1433.4,20191200,1426.7,20191000
2019-07-29 06:15:00,1433.4,20191200,1433.4,20191200,1425.9,20191000
2019-07-29 06:30:00,1433.4,20191200,1433.4,20191200,1426.3,20191000
2019-07-29 06:45:00,1433.4,20191200,1433.4,20191200,1426.4,20191000
2019-07-29 07:00:00,1431.5,20191200,1431.5,20191200,1424.1,20191000
2019-07-29 07:15:00,1431.5,20191200,1431.5,20191200,1425.0,20191000
2019-07-29 07:30:00,1431.5,20191200,1431.5,20191200,1425.0,20191000
2019-07-29 07:45:00,1431.5,20191200,1431.5,20191200,1425.5,20191000
2019-07-29 08:00:00,1431.1,20191200,1431.1,20191200,1425.6,20191000
2019-07-29 08:15:00,1431.1,20191200,1431.1,20191200,1425.7,20191000
2019-07-29 08:30:00,1431.1,20191200,1431.1,20191200,1425.5,20191000
2019-07-29 08:45:00,1431.1,20191200,1431.1,20191200,1424.8,20191000
2019-07-29 09:00:00,1431.3,20191200,1431.3,20191200,1424.4,20191000
2019-07-29 09:15:00,1431.3,20191200,1431.3,20191200,1424.6,20191000
2019-07-29 09:30:00,1431.3,20191200,1431.3,20191200,1425.5,20191000
2019-07-29 09:45:00,1431.3,20191200,1431.3,20191200,1425.0,20191000
2019-07-29 10:00:00,1431.3,20191200,1431.3,20191200,1425.1,20191000
2019-07-29 10:15:00,1431.3,20191200,1431.3,20191200,1425.3,20191000
2019-07-29 10:30:00,1431.3,20191200,1431.3,20191200,1425.5,20191000
2019-07-29 10:45:00,1431.3,20191200,1431.3,20191200,1425.2,20191000
2019-07-29 11:00:00,1432.1,20191200,1432.1,20191200,1425.8,20191000
2019-07-29 11:15:00,1432.1,20191200,1432.1,20191200,1426.4,20191000
2019-07-29 11:30:00,1432.1,20191200,1432.1,20191200,1425.8,20191000
2019-07-29 11:45:00,1432.1,20191200,1432.1,20191200,1425.5,20191000
2019-07-29 12:00:00,1433.2,20191200,1433.2,20191200,1427.2,20191000
2019-07-29 12:15:00,1433.2,20191200,1433.2,20191200,1427.0,20191000
2019-07-29 12:30:00,1433.2,20191200,1433.2,20191200,1426.6,20191000
2019-07-29 12:45:00,1433.2,20191200,1433.2,20191200,1427.3,20191000
2019-07-29 13:00:00,1432.4,20191200,1432.4,20191200,1426.9,20191000
2019-07-29 13:15:00,1432.4,20191200,1432.4,20191200,1427.8,20191000
2019-07-29 13:30:00,1432.4,20191200,1432.4,20191200,1427.2,20191000
2019-07-29 13:45:00,1432.4,20191200,1432.4,20191200,1426.4,20191000
2019-07-29 14:00:00,1432.0,20191200,1432.0,20191200,1427.5,20191000
2019-07-29 14:15:00,1432.0,20191200,1432.0,20191200,1427.9,20191000
2019-07-29 14:30:00,1432.0,20191200,1432.0,20191200,1424.9,20191000
2019-07-29 14:45:00,1432.0,20191200,1432.0,20191200,1426.2,20191000
2019-07-29 15:00:00,1433.2,20191200,1433.2,20191200,1426.5,20191000
2019-07-29 15:15:00,1433.2,20191200,1433.2,20191200,1426.0,20191000
2019-07-29 15:30:00,1433.2,20191200,1433.2,20191200,1426.2,20191000
2019-07-29 15:45:00,1433.2,20191200,1433.2,20191200,1427.0,20191000
2019-07-29 16:00:00,1433.5,20191200,1433.5,20191200,1426.0,20191000
2019-07-29 16:15:00,1433.5,20191200,1433.5,20191200,1425.7,20191000
2019-07-29 16:30:00,1433.5,20191200,1433.5,20191200,1426.0,20191000
2019-07-29 16:45:00,1433.5,20191200,1433.5,20191200,1427.3,20191000
2019-07-29 17:00:00,1433.2,20191200,1433.2,20191200,1427.3,20191000
2019-07-29 17:15:00,1433.2,20191200,1433.2,20191200,1426.9,20191000
2019-07-29 17:30:00,1433.2,20191200,1433.2,20191200,1427.2,20191000
2019-07-29 17:45:00,1433.2,20191200,1433.2,20191200,1427.3,20191000
2019-07-29 18:00:00,1433.8,20191200,1433.8,20191200,1427.5,20191000
2019-07-29 18:15:00,1433.8,20191200,1433.8,20191200,1427.1,20191000
2019-07-29 18:30:00,1433.8,20191200,1433.8,20191200,1427.7,20191000
2019-07-29 18:45:00,1433.8,20191200,1433.8,20191200,1427.8,20191000
2019-07-29 19:00:00,1437.2,20191200,1437.2,20191200,1429.0,20191000
2019-07-29 19:15:00,1437.2,20191200,1437.2,20191200,1429.2,20191000
2019-07-29 19:30:00,1437.2,20191200,1437.2,20191200,1429.1,20191000
2019-07-29 19:45:00,1437.2,20191200,1437.2,20191200,1430.9,20191000
2019-07-29 20:00:00,1438.6,20191200,1438.6,20191200,1433.5,20191000
2019-07-29 20:15:00,1438.6,20191200,1438.6,20191200,1433.9,20191000
2019-07-29 20:30:00,1438.6,20191200,1438.6,20191200,1434.7,20191000
2019-07-29 20:45:00,1438.6,20191200,1438.6,20191200,1432.7,20191000
2019-07-29 21:00:00,1439.3,20191200,1439.3,20191200,1432.9,20191000
2019-07-29 21:15:00,1439.3,20191200,1439.3,20191200,1432.9,20191000
2019-07-29 21:30:00,1439.3,20191200,1439.3,20191200,1433.2,20191000
2019-07-29 21:45:00,1439.3,20191200,1439.3,20191200,1433.4,20191000
2019-07-29 23:00:00,1432.7,20191200,1432.7,20191200,1426.3,20191000
2019-07-29 23:30:00,1432.7,20191200,1432.7,20191200,1432.0,20191000
2019-07-29 23:45:00,1432.7,20191200,1432.7,20191200,1431.3,20191000
2019-07-30 00:00:00,1437.0,20191200,1437.0,20191200,1431.0,20191000
2019-07-30 00:15:00,1437.0,20191200,1437.0,20191200,1431.6,20191000
2019-07-30 00:30:00,1437.0,20191200,1437.0,20191200,1431.5,20191000
2019-07-30 00:45:00,1437.0,20191200,1437.0,20191200,1430.7,20191000
2019-07-30 01:00:00,1437.7,20191200,1437.7,20191200,1431.2,20191000
2019-07-30 01:15:00,1437.7,20191200,1437.7,20191200,1432.0,20191000
2019-07-30 01:30:00,1437.7,20191200,1437.7,20191200,1431.8,20191000
2019-07-30 01:45:00,1437.7,20191200,1437.7,20191200,1431.6,20191000
2019-07-30 02:00:00,1436.0,20191200,1436.0,20191200,1429.3,20191000
2019-07-30 02:15:00,1436.0,20191200,1436.0,20191200,1429.3,20191000
2019-07-30 02:30:00,1436.0,20191200,1436.0,20191200,1429.3,20191000
2019-07-30 02:45:00,1436.0,20191200,1436.0,20191200,1430.0,20191000
2019-07-30 03:00:00,1436.1,20191200,1436.1,20191200,1430.0,20191000
2019-07-30 03:15:00,1436.1,20191200,1436.1,20191200,1430.2,20191000
2019-07-30 03:30:00,1436.1,20191200,1436.1,20191200,1430.2,20191000
2019-07-30 03:45:00,1436.1,20191200,1436.1,20191200,1430.1,20191000
2019-07-30 04:00:00,1437.5,20191200,1437.5,20191200,1429.7,20191000
2019-07-30 04:15:00,1437.5,20191200,1437.5,20191200,1430.3,20191000
2019-07-30 04:30:00,1437.5,20191200,1437.5,20191200,1430.3,20191000
2019-07-30 04:45:00,1437.5,20191200,1437.5,20191200,1431.4,20191000
2019-07-30 05:15:00,1437.5,20191200,1437.5,20191200,1431.8,20191000
2019-07-30 05:30:00,1437.5,20191200,1437.5,20191200,1431.8,20191000
2019-07-30 05:45:00,1437.5,20191200,1437.5,20191200,1431.7,20191000
2019-07-30 06:15:00,1437.5,20191200,1437.5,20191200,1431.1,20191000
2019-07-30 06:30:00,1437.5,20191200,1437.5,20191200,1430.7,20191000
2019-07-30 06:45:00,1437.5,20191200,1437.5,20191200,1429.6,20191000
2019-07-30 07:00:00,1438.1,20191200,1438.1,20191200,1430.7,20191000
2019-07-30 07:15:00,1438.1,20191200,1438.1,20191200,1431.3,20191000
2019-07-30 07:30:00,1438.1,20191200,1438.1,20191200,1432.2,20191000
2019-07-30 07:45:00,1438.1,20191200,1438.1,20191200,1432.0,20191000
2019-07-30 08:00:00,1438.3,20191200,1438.3,20191200,1432.1,20191000
2019-07-30 08:15:00,1438.3,20191200,1438.3,20191200,1431.3,20191000
2019-07-30 08:30:00,1438.3,20191200,1438.3,20191200,1431.9,20191000
2019-07-30 08:45:00,1438.3,20191200,1438.3,20191200,1432.3,20191000
2019-07-30 09:00:00,1439.4,20191200,1439.4,20191200,1432.1,20191000
2019-07-30 09:15:00,1439.4,20191200,1439.4,20191200,1431.7,20191000
2019-07-30 09:30:00,1439.4,20191200,1439.4,20191200,1433.0,20191000
2019-07-30 09:45:00,1439.4,20191200,1439.4,20191200,1433.3,20191000
2019-07-30 10:00:00,1440.9,20191200,1440.9,20191200,1432.9,20191000
2019-07-30 10:15:00,1440.9,20191200,1440.9,20191200,1434.2,20191000
2019-07-30 10:30:00,1440.9,20191200,1440.9,20191200,1434.7,20191000
2019-07-30 10:45:00,1440.9,20191200,1440.9,20191200,1434.8,20191000
2019-07-30 11:00:00,1439.2,20191200,1439.2,20191200,1434.8,20191000
2019-07-30 11:15:00,1439.2,20191200,1439.2,20191200,1434.4,20191000
2019-07-30 11:30:00,1439.2,20191200,1439.2,20191200,1434.4,20191000
2019-07-30 11:45:00,1439.2,20191200,1439.2,20191200,1433.1,20191000
2019-07-30 12:00:00,1441.7,20191200,1441.7,20191200,1434.8,20191000
2019-07-30 12:15:00,1441.7,20191200,1441.7,20191200,1434.8,20191000
2019-07-30 12:30:00,1441.7,20191200,1441.7,20191200,1435.4,20191000
2019-07-30 12:45:00,1441.7,20191200,1441.7,20191200,1435.8,20191000
2019-07-30 13:00:00,1439.9,20191200,1439.9,20191200,1434.7,20191000
2019-07-30 13:15:00,1439.9,20191200,1439.9,20191200,1435.0,20191000
2019-07-30 13:30:00,1439.9,20191200,1439.9,20191200,1432.8,20191000
2019-07-30 13:45:00,1439.9,20191200,1439.9,20191200,1434.0,20191000
2019-07-30 14:00:00,1440.4,20191200,1440.4,20191200,1436.2,20191000
2019-07-30 14:15:00,1440.4,20191200,1440.4,20191200,1435.5,20191000
2019-07-30 14:30:00,1440.4,20191200,1440.4,20191200,1435.0,20191000
2019-07-30 14:45:00,1440.4,20191200,1440.4,20191200,1434.2,20191000
2019-07-30 15:00:00,1440.9,20191200,1440.9,20191200,1432.2,20191000
2019-07-30 15:15:00,1440.9,20191200,1440.9,20191200,1433.4,20191000
2019-07-30 15:30:00,1440.9,20191200,1440.9,20191200,1433.6,20191000
2019-07-30 15:45:00,1440.9,20191200,1440.9,20191200,1434.9,20191000
2019-07-30 16:00:00,1440.3,20191200,1440.3,20191200,1435.5,20191000
2019-07-30 16:15:00,1440.3,20191200,1440.3,20191200,1434.6,20191000
2019-07-30 16:30:00,1440.3,20191200,1440.3,20191200,1434.5,20191000
2019-07-30 16:45:00,1440.3,20191200,1440.3,20191200,1434.6,20191000
2019-07-30 17:00:00,1441.5,20191200,1441.5,20191200,1434.7,20191000
2019-07-30 17:15:00,1441.5,20191200,1441.5,20191200,1435.2,20191000
2019-07-30 17:30:00,1441.5,20191200,1441.5,20191200,1434.8,20191000
2019-07-30 17:45:00,1441.5,20191200,1441.5,20191200,1435.5,20191000
2019-07-30 18:00:00,1443.1,20191200,1443.1,20191200,1435.6,20191000
2019-07-30 18:15:00,1443.1,20191200,1443.1,20191200,1435.7,20191000
2019-07-30 18:30:00,1443.1,20191200,1443.1,20191200,1436.4,20191000
2019-07-30 18:45:00,1443.1,20191200,1443.1,20191200,1436.7,20191000
2019-07-30 19:00:00,1444.2,20191200,1444.2,20191200,1438.1,20191000
2019-07-30 19:15:00,1444.2,20191200,1444.2,20191200,1437.0,20191000
2019-07-30 19:30:00,1444.2,20191200,1444.2,20191200,1437.2,20191000
2019-07-30 19:45:00,1444.2,20191200,1444.2,20191200,1438.0,20191000
2019-07-30 20:00:00,1443.5,20191200,1443.5,20191200,1438.2,20191000
2019-07-30 20:15:00,1443.5,20191200,1443.5,20191200,1438.0,20191000
2019-07-30 20:30:00,1443.5,20191200,1443.5,20191200,1437.5,20191000
2019-07-30 20:45:00,1443.5,20191200,1443.5,20191200,1437.5,20191000
2019-07-30 21:00:00,1443.3,20191200,1443.3,20191200,1437.3,20191000
2019-07-30 21:15:00,1443.3,20191200,1443.3,20191200,1437.1,20191000
2019-07-30 21:30:00,1443.3,20191200,1443.3,20191200,1437.0,20191000
2019-07-30 21:45:00,1443.3,20191200,1443.3,20191200,1437.3,20191000
2019-07-30 23:00:00,1435.7,20191200,1435.7,20191200,1431.7,20191000
2019-07-30 23:15:00,1435.7,20191200,1435.7,20191200,1437.4,20191000
2019-07-30 23:30:00,1435.7,20191200,1435.7,20191200,1437.3,20191000
2019-07-30 23:45:00,1435.7,20191200,1435.7,20191200,1437.2,20191000
2019-07-31 00:00:00,1443.2,20191200,1443.2,20191200,1437.7,20191000
2019-07-31 00:15:00,1443.2,20191200,1443.2,20191200,1437.0,20191000
2019-07-31 00:30:00,1443.2,20191200,1443.2,20191200,1437.4,20191000
2019-07-31 00:45:00,1443.2,20191200,1443.2,20191200,1437.4,20191000
2019-07-31 01:00:00,1443.0,20191200,1443.0,20191200,1437.9,20191000
2019-07-31 01:15:00,1443.0,20191200,1443.0,20191200,1437.6,20191000
2019-07-31 01:30:00,1443.0,20191200,1443.0,20191200,1437.2,20191000
2019-07-31 01:45:00,1443.0,20191200,1443.0,20191200,1437.2,20191000
2019-07-31 02:00:00,1440.3,20191200,1440.3,20191200,1435.2,20191000
2019-07-31 02:15:00,1440.3,20191200,1440.3,20191200,1435.6,20191000
2019-07-31 02:30:00,1440.3,20191200,1440.3,20191200,1436.1,20191000
2019-07-31 02:45:00,1440.3,20191200,1440.3,20191200,1434.5,20191000
2019-07-31 03:00:00,1440.7,20191200,1440.7,20191200,1434.8,20191000
2019-07-31 03:15:00,1440.7,20191200,1440.7,20191200,1435.0,20191000
2019-07-31 03:30:00,1440.7,20191200,1440.7,20191200,1434.5,20191000
2019-07-31 03:45:00,1440.7,20191200,1440.7,20191200,1434.8,20191000
2019-07-31 04:00:00,1440.7,20191200,1440.7,20191200,1435.2,20191000
2019-07-31 04:15:00,1440.7,20191200,1440.7,20191200,1435.1,20191000
2019-07-31 04:30:00,1440.7,20191200,1440.7,20191200,1434.5,20191000
2019-07-31 04:45:00,1440.7,20191200,1440.7,20191200,1434.5,20191000
2019-07-31 05:15:00,1440.7,20191200,1440.7,20191200,1434.8,20191000
2019-07-31 05:30:00,1440.7,20191200,1440.7,20191200,1435.2,20191000
2019-07-31 05:45:00,1440.7,20191200,1440.7,20191200,1435.6,20191000
2019-07-31 06:15:00,1440.7,20191200,1440.7,20191200,1436.9,20191000
2019-07-31 06:30:00,1440.7,20191200,1440.7,20191200,1436.7,20191000
2019-07-31 06:45:00,1440.7,20191200,1440.7,20191200,1437.1,20191000
2019-07-31 07:00:00,1444.3,20191200,1444.3,20191200,1437.3,20191000
2019-07-31 07:15:00,1444.3,20191200,1444.3,20191200,1438.3,20191000
2019-07-31 07:30:00,1444.3,20191200,1444.3,20191200,1438.9,20191000
2019-07-31 07:45:00,1444.3,20191200,1444.3,20191200,1438.9,20191000
2019-07-31 08:00:00,1443.1,20191200,1443.1,20191200,1437.7,20191000
2019-07-31 08:15:00,1443.1,20191200,1443.1,20191200,1436.9,20191000
2019-07-31 08:30:00,1443.1,20191200,1443.1,20191200,1437.1,20191000
2019-07-31 08:45:00,1443.1,20191200,1443.1,20191200,1437.2,20191000
2019-07-31 09:00:00,1443.0,20191200,1443.0,20191200,1437.4,20191000
2019-07-31 09:15:00,1443.0,20191200,1443.0,20191200,1437.1,20191000
2019-07-31 09:30:00,1443.0,20191200,1443.0,20191200,1436.8,20191000
2019-07-31 09:45:00,1443.0,20191200,1443.0,20191200,1437.0,20191000
2019-07-31 10:00:00,1443.5,20191200,1443.5,20191200,1436.9,20191000
2019-07-31 10:15:00,1443.5,20191200,1443.5,20191200,1437.1,20191000
2019-07-31 10:30:00,1443.5,20191200,1443.5,20191200,1437.8,20191000
2019-07-31 10:45:00,1443.5,20191200,1443.5,20191200,1437.5,20191000
2019-07-31 11:00:00,1443.8,20191200,1443.8,20191200,1437.7,20191000
2019-07-31 11:15:00,1443.8,20191200,1443.8,20191200,1437.9,20191000
2019-07-31 11:30:00,1443.8,20191200,1443.8,20191200,1438.0,20191000
2019-07-31 11:45:00,1443.8,20191200,1443.8,20191200,1438.1,20191000
2019-07-31 12:00:00,1443.5,20191200,1443.5,20191200,1438.5,20191000
2019-07-31 12:15:00,1443.5,20191200,1443.5,20191200,1437.7,20191000
2019-07-31 12:30:00,1443.5,20191200,1443.5,20191200,1438.1,20191000
2019-07-31 12:45:00,1443.5,20191200,1443.5,20191200,1437.5,20191000
2019-07-31 13:00:00,1444.5,20191200,1444.5,20191200,1437.2,20191000
2019-07-31 13:15:00,1444.5,20191200,1444.5,20191200,1435.9,20191000
2019-07-31 13:30:00,1444.5,20191200,1444.5,20191200,1436.5,20191000
2019-07-31 13:45:00,1444.5,20191200,1444.5,20191200,1438.5,20191000
2019-07-31 14:00:00,1440.6,20191200,1440.6,20191200,1438.1,20191000
2019-07-31 14:15:00,1440.6,20191200,1440.6,20191200,1437.8,20191000
2019-07-31 14:30:00,1440.6,20191200,1440.6,20191200,1438.1,20191000
2019-07-31 14:45:00,1440.6,20191200,1440.6,20191200,1434.8,20191000
2019-07-31 15:00:00,1439.9,20191200,1439.9,20191200,1434.5,20191000
2019-07-31 15:15:00,1439.9,20191200,1439.9,20191200,1434.3,20191000
2019-07-31 15:30:00,1439.9,20191200,1439.9,20191200,1434.5,20191000
2019-07-31 15:45:00,1439.9,20191200,1439.9,20191200,1433.9,20191000
2019-07-31 16:00:00,1440.5,20191200,1440.5,20191200,1433.9,20191000
2019-07-31 16:15:00,1440.5,20191200,1440.5,20191200,1434.1,20191000
2019-07-31 16:30:00,1440.5,20191200,1440.5,20191200,1434.3,20191000
2019-07-31 16:45:00,1440.5,20191200,1440.5,20191200,1434.4,20191000
2019-07-31 17:00:00,1436.8,20191200,1436.8,20191200,1433.6,20191000
2019-07-31 17:15:00,1436.8,20191200,1436.8,20191200,1430.9,20191000
2019-07-31 17:30:00,1436.8,20191200,1436.8,20191200,1429.4,20191000
2019-07-31 17:45:00,1436.8,20191200,1436.8,20191200,1430.7,20191000
2019-07-31 18:00:00,1440.2,20191200,1440.2,20191200,1432.1,20191000
2019-07-31 18:15:00,1440.2,20191200,1440.2,20191200,1431.7,20191000
2019-07-31 18:30:00,1440.2,20191200,1440.2,20191200,1432.6,20191000
2019-07-31 18:45:00,1440.2,20191200,1440.2,20191200,1434.4,20191000
2019-07-31 19:00:00,1430.4,20191200,1430.4,20191200,1434.7,20191000
2019-07-31 19:15:00,1430.4,20191200,1430.4,20191200,1432.6,20191000
2019-07-31 19:30:00,1430.4,20191200,1430.4,20191200,1427.7,20191000
2019-07-31 19:45:00,1430.4,20191200,1430.4,20191200,1424.7,20191000
2019-07-31 20:00:00,1424.6,20191200,1424.6,20191200,1425.6,20191000
2019-07-31 20:15:00,1424.6,20191200,1424.6,20191200,1425.0,20191000
2019-07-31 20:30:00,1424.6,20191200,1424.6,20191200,1419.6,20191000
2019-07-31 20:45:00,1424.6,20191200,1424.6,20191200,1418.7,20191000
2019-07-31 21:00:00,1426.1,20191200,1426.1,20191200,1419.5,20191000
2019-07-31 21:15:00,1426.1,20191200,1426.1,20191200,1420.1,20191000
2019-07-31 21:30:00,1426.1,20191200,1426.1,20191200,1420.3,20191000
2019-07-31 21:45:00,1426.1,20191200,1426.1,20191200,1420.1,20191000
2019-07-31 23:00:00,1443.1,20191200,1443.1,20191200,1436.2,20191000
2019-07-31 23:15:00,1443.1,20191200,1443.1,20191200,1421.5,20191000
2019-07-31 23:30:00,1443.1,20191200,1443.1,20191200,1421.0,20191000
2019-07-31 23:45:00,1443.1,20191200,1443.1,20191200,1420.7,20191000
2019-08-01 00:00:00,1424.1,20191200,1424.1,20191200,1419.1,20191000
2019-08-01 00:15:00,1424.1,20191200,1424.1,20191200,1419.2,20191000
2019-08-01 00:30:00,1424.1,20191200,1424.1,20191200,1417.9,20191000
2019-08-01 00:45:00,1424.1,20191200,1424.1,20191200,1418.1,20191000
2019-08-01 01:00:00,1419.2,20191200,1419.2,20191200,1414.8,20191000
2019-08-01 01:15:00,1419.2,20191200,1419.2,20191200,1413.8,20191000
2019-08-01 01:30:00,1419.2,20191200,1419.2,20191200,1413.0,20191000
2019-08-01 01:45:00,1419.2,20191200,1419.2,20191200,1413.1,20191000
2019-08-01 02:00:00,1421.4,20191200,1421.4,20191200,1414.9,20191000
2019-08-01 02:15:00,1421.4,20191200,1421.4,20191200,1415.7,20191000
2019-08-01 02:30:00,1421.4,20191200,1421.4,20191200,1416.0,20191000
2019-08-01 02:45:00,1421.4,20191200,1421.4,20191200,1415.5,20191000
2019-08-01 03:00:00,1422.1,20191200,1422.1,20191200,1414.8,20191000
2019-08-01 03:15:00,1422.1,20191200,1422.1,20191200,1414.8,20191000
2019-08-01 03:30:00,1422.1,20191200,1422.1,20191200,1415.0,20191000
2019-08-01 03:45:00,1422.1,20191200,1422.1,20191200,1416.2,20191000
2019-08-01 04:00:00,1421.9,20191200,1421.9,20191200,1416.5,20191000
2019-08-01 04:15:00,1421.9,20191200,1421.9,20191200,1416.4,20191000
2019-08-01 04:30:00,1421.9,20191200,1421.9,20191200,1416.1,20191000
2019-08-01 04:45:00,1421.9,20191200,1421.9,20191200,1415.9,20191000
2019-08-01 05:15:00,1421.9,20191200,1421.9,20191200,1416.2,20191000
2019-08-01 05:30:00,1421.9,20191200,1421.9,20191200,1415.3,20191000
2019-08-01 05:45:00,1421.9,20191200,1421.9,20191200,1415.4,20191000
2019-08-01 06:15:00,1421.9,20191200,1421.9,20191200,1415.2,20191000
2019-08-01 06:30:00,1421.9,20191200,1421.9,20191200,1414.5,20191000
2019-08-01 06:45:00,1421.9,20191200,1421.9,20191200,1413.6,20191000
2019-08-01 07:00:00,1417.7,20191200,1417.7,20191200,1413.0,20191000
2019-08-01 07:15:00,1417.7,20191200,1417.7,20191200,1412.8,20191000
2019-08-01 07:30:00,1417.7,20191200,1417.7,20191200,1412.0,20191000
2019-08-01 07:45:00,1417.7,20191200,1417.7,20191200,1411.8,20191000
2019-08-01 08:00:00,1416.3,20191200,1416.3,20191200,1412.5,20191000
2019-08-01 08:15:00,1416.3,20191200,1416.3,20191200,1412.0,20191000
2019-08-01 08:30:00,1416.3,20191200,1416.3,20191200,1412.4,20191000
2019-08-01 08:45:00,1416.3,20191200,1416.3,20191200,1410.3,20191000
2019-08-01 09:00:00,1416.6,20191200,1416.6,20191200,1408.9,20191000
2019-08-01 09:15:00,1416.6,20191200,1416.6,20191200,1410.9,20191000
2019-08-01 09:30:00,1416.6,20191200,1416.6,20191200,1411.2,20191000
2019-08-01 09:45:00,1416.6,20191200,1416.6,20191200,1411.0,20191000
2019-08-01 10:00:00,1419.1,20191200,1419.1,20191200,1412.4,20191000
2019-08-01 10:15:00,1419.1,20191200,1419.1,20191200,1412.4,20191000
2019-08-01 10:30:00,1419.1,20191200,1419.1,20191200,1412.4,20191000
2019-08-01 10:45:00,1419.1,20191200,1419.1,20191200,1413.2,20191000
2019-08-01 11:00:00,1418.9,20191200,1418.9,20191200,1413.3,20191000
2019-08-01 11:15:00,1418.9,20191200,1418.9,20191200,1413.0,20191000
2019-08-01 11:30:00,1418.9,20191200,1418.9,20191200,1413.7,20191000
2019-08-01 11:45:00,1418.9,20191200,1418.9,20191200,1413.1,20191000
2019-08-01 12:00:00,1415.4,20191200,1415.4,20191200,1411.8,20191000
2019-08-01 12:15:00,1415.4,20191200,1415.4,20191200,1412.5,20191000
2019-08-01 12:30:00,1415.4,20191200,1415.4,20191200,1411.5,20191000
2019-08-01 12:45:00,1415.4,20191200,1415.4,20191200,1409.6,20191000
2019-08-01 13:00:00,1418.0,20191200,1418.0,20191200,1410.6,20191000
2019-08-01 13:15:00,1418.0,20191200,1418.0,20191200,1409.5,20191000
2019-08-01 13:30:00,1418.0,20191200,1418.0,20191200,1411.5,20191000
2019-08-01 13:45:00,1418.0,20191200,1418.0,20191200,1412.0,20191000
2019-08-01 14:00:00,1416.7,20191200,1416.7,20191200,1407.3,20191000
2019-08-01 14:15:00,1416.7,20191200,1416.7,20191200,1409.4,20191000
2019-08-01 14:30:00,1416.7,20191200,1416.7,20191200,1412.0,20191000
2019-08-01 14:45:00,1416.7,20191200,1416.7,20191200,1410.9,20191000
2019-08-01 15:00:00,1425.7,20191200,1425.7,20191200,1413.8,20191000
2019-08-01 15:15:00,1425.7,20191200,1425.7,20191200,1417.4,20191000
2019-08-01 15:30:00,1425.7,20191200,1425.7,20191200,1417.1,20191000
2019-08-01 15:45:00,1425.7,20191200,1425.7,20191200,1419.8,20191000
2019-08-01 16:00:00,1427.1,20191200,1427.1,20191200,1420.1,20191000
2019-08-01 16:15:00,1427.1,20191200,1427.1,20191200,1423.0,20191000
2019-08-01 16:30:00,1427.1,20191200,1427.1,20191200,1422.8,20191000
2019-08-01 16:45:00,1427.1,20191200,1427.1,20191200,1421.1,20191000
2019-08-01 17:00:00,1430.9,20191200,1430.9,20191200,1420.7,20191000
2019-08-01 17:15:00,1430.9,20191200,1430.9,20191200,1421.5,20191000
2019-08-01 17:30:00,1430.9,20191200,1430.9,20191200,1424.5,20191000
2019-08-01 17:45:00,1430.9,20191200,1430.9,20191200,1424.9,20191000
2019-08-01 18:00:00,1450.5,20191200,1450.5,20191200,1423.9,20191000
2019-08-01 18:15:00,1450.5,20191200,1450.5,20191200,1426.1,20191000
2019-08-01 18:30:00,1450.5,20191200,1450.5,20191200,1433.2,20191000
2019-08-01 18:45:00,1450.5,20191200,1450.5,20191200,1444.5,20191000
2019-08-01 19:00:00,1451.3,20191200,1451.3,20191200,1443.1,20191000
2019-08-01 19:15:00,1451.3,20191200,1451.3,20191200,1444.7,20191000
2019-08-01 19:30:00,1451.3,20191200,1451.3,20191200,1445.0,20191000
2019-08-01 19:45:00,1451.3,20191200,1451.3,20191200,1445.0,20191000
2019-08-01 20:00:00,1458.0,20191200,1458.0,20191200,1450.3,20191000
2019-08-01 20:15:00,1458.0,20191200,1458.0,20191200,1446.4,20191000
2019-08-01 20:30:00,1458.0,20191200,1458.0,20191200,1448.6,20191000
2019-08-01 20:45:00,1458.0,20191200,1458.0,20191200,1451.9,20191000
2019-08-01 21:00:00,1457.5,20191200,1457.5,20191200,1450.0,20191000
2019-08-01 21:15:00,1457.5,20191200,1457.5,20191200,1449.4,20191000
2019-08-01 21:30:00,1457.5,20191200,1457.5,20191200,1450.6,20191000
2019-08-01 21:45:00,1457.5,20191200,1457.5,20191200,1451.1,20191000
2019-08-01 23:00:00,1419.3,20191200,1419.3,20191200,1415.4,20191000
2019-08-01 23:15:00,1419.3,20191200,1419.3,20191200,1448.0,20191000
2019-08-01 23:30:00,1419.3,20191200,1419.3,20191200,1445.8,20191000
2019-08-01 23:45:00,1419.3,20191200,1419.3,20191200,1444.7,20191000
2019-08-02 00:00:00,1450.2,20191200,1450.2,20191200,1445.5,20191000
2019-08-02 00:15:00,1450.2,20191200,1450.2,20191200,1445.4,20191000
2019-08-02 00:30:00,1450.2,20191200,1450.2,20191200,1442.8,20191000
2019-08-02 00:45:00,1450.2,20191200,1450.2,20191200,1444.4,20191000
2019-08-02 01:00:00,1454.2,20191200,1454.2,20191200,1444.9,20191000
2019-08-02 01:15:00,1454.2,20191200,1454.2,20191200,1444.8,20191000
2019-08-02 01:30:00,1454.2,20191200,1454.2,20191200,1446.5,20191000
2019-08-02 01:45:00,1454.2,20191200,1454.2,20191200,1448.0,20191000
2019-08-02 02:00:00,1444.6,20191200,1444.6,20191200,1440.2,20191000
2019-08-02 02:15:00,1444.6,20191200,1444.6,20191200,1439.7,20191000
2019-08-02 02:30:00,1444.6,20191200,1444.6,20191200,1439.0,20191000
2019-08-02 02:45:00,1444.6,20191200,1444.6,20191200,1438.6,20191000
2019-08-02 03:00:00,1444.6,20191200,1444.6,20191200,1438.4,20191000
2019-08-02 03:15:00,1444.6,20191200,1444.6,20191200,1438.6,20191000
2019-08-02 03:30:00,1444.6,20191200,1444.6,20191200,1438.9,20191000
2019-08-02 03:45:00,1444.6,20191200,1444.6,20191200,1438.7,20191000
2019-08-02 04:00:00,1443.1,20191200,1443.1,20191200,1438.2,20191000
2019-08-02 04:15:00,1443.1,20191200,1443.1,20191200,1438.0,20191000
2019-08-02 04:30:00,1443.1,20191200,1443.1,20191200,1436.9,20191000
2019-08-02 04:45:00,1443.1,20191200,1443.1,20191200,1437.1,20191000
2019-08-02 05:15:00,1443.1,20191200,1443.1,20191200,1437.8,20191000
2019-08-02 05:30:00,1443.1,20191200,1443.1,20191200,1438.6,20191000
2019-08-02 05:45:00,1443.1,20191200,1443.1,20191200,1438.8,20191000
2019-08-02 06:15:00,1443.1,20191200,1443.1,20191200,1440.4,20191000
2019-08-02 06:30:00,1443.1,20191200,1443.1,20191200,1440.5,20191000
2019-08-02 06:45:00,1443.1,20191200,1443.1,20191200,1439.7,20191000
2019-08-02 07:00:00,1445.6,20191200,1445.6,20191200,1439.2,20191000
2019-08-02 07:15:00,1445.6,20191200,1445.6,20191200,1439.9,20191000
2019-08-02 07:30:00,1445.6,20191200,1445.6,20191200,1440.6,20191000
2019-08-02 07:45:00,1445.6,20191200,1445.6,20191200,1439.6,20191000
2019-08-02 08:00:00,1451.3,20191200,1451.3,20191200,1440.8,20191000
2019-08-02 08:15:00,1451.3,20191200,1451.3,20191200,1440.8,20191000
2019-08-02 08:30:00,1451.3,20191200,1451.3,20191200,1444.7,20191000
2019-08-02 08:45:00,1451.3,20191200,1451.3,20191200,1445.4,20191000
2019-08-02 09:00:00,1448.6,20191200,1448.6,20191200,1444.8,20191000
2019-08-02 09:15:00,1448.6,20191200,1448.6,20191200,1443.9,20191000
2019-08-02 09:30:00,1448.6,20191200,1448.6,20191200,1442.3,20191000
2019-08-02 09:45:00,1448.6,20191200,1448.6,20191200,1442.6,20191000
2019-08-02 10:00:00,1449.1,20191200,1449.1,20191200,1443.2,20191000
2019-08-02 10:15:00,1449.1,20191200,1449.1,20191200,1442.5,20191000
2019-08-02 10:30:00,1449.1,20191200,1449.1,20191200,1442.5,20191000
2019-08-02 10:45:00,1449.1,20191200,1449.1,20191200,1442.9,20191000
2019-08-02 11:00:00,1448.8,20191200,1448.8,20191200,1442.6,20191000
2019-08-02 11:15:00,1448.8,20191200,1448.8,20191200,1442.5,20191000
2019-08-02 11:30:00,1448.8,20191200,1448.8,20191200,1442.8,20191000
2019-08-02 11:45:00,1448.8,20191200,1448.8,20191200,1442.9,20191000
2019-08-02 12:00:00,1450.1,20191200,1450.1,20191200,1443.0,20191000
2019-08-02 12:15:00,1450.1,20191200,1450.1,20191200,1442.4,20191000
2019-08-02 12:30:00,1450.1,20191200,1450.1,20191200,1443.0,20191000
2019-08-02 12:45:00,1450.1,20191200,1450.1,20191200,1444.3,20191000
2019-08-02 13:00:00,1446.3,20191200,1446.3,20191200,1443.6,20191000
2019-08-02 13:15:00,1446.3,20191200,1446.3,20191200,1443.2,20191000
2019-08-02 13:30:00,1446.3,20191200,1446.3,20191200,1444.1,20191000
2019-08-02 13:45:00,1446.3,20191200,1446.3,20191200,1440.1,20191000
2019-08-02 14:00:00,1452.8,20191200,1452.8,20191200,1440.0,20191000
2019-08-02 14:15:00,1452.8,20191200,1452.8,20191200,1441.1,20191000
2019-08-02 14:30:00,1452.8,20191200,1452.8,20191200,1445.2,20191000
2019-08-02 14:45:00,1452.8,20191200,1452.8,20191200,1446.5,20191000
2019-08-02 15:00:00,1458.9,20191200,1458.9,20191200,1449.4,20191000
2019-08-02 15:15:00,1458.9,20191200,1458.9,20191200,1450.3,20191000
2019-08-02 15:30:00,1458.9,20191200,1458.9,20191200,1452.9,20191000
2019-08-02 15:45:00,1458.9,20191200,1458.9,20191200,1453.0,20191000
2019-08-02 16:00:00,1458.8,20191200,1458.8,20191200,1452.0,20191000
2019-08-02 16:15:00,1458.8,20191200,1458.8,20191200,1450.2,20191000
2019-08-02 16:30:00,1458.8,20191200,1458.8,20191200,1451.2,20191000
2019-08-02 16:45:00,1458.8,20191200,1458.8,20191200,1452.4,20191000
2019-08-02 17:00:00,1459.1,20191200,1459.1,20191200,1452.4,20191000
2019-08-02 17:15:00,1459.1,20191200,1459.1,20191200,1451.6,20191000
2019-08-02 17:30:00,1459.1,20191200,1459.1,20191200,1452.6,20191000
2019-08-02 17:45:00,1459.1,20191200,1459.1,20191200,1453.4,20191000
2019-08-02 18:00:00,1455.1,20191200,1455.1,20191200,1452.6,20191000
2019-08-02 18:15:00,1455.1,20191200,1455.1,20191200,1451.9,20191000
2019-08-02 18:30:00,1455.1,20191200,1455.1,20191200,1450.8,20191000
2019-08-02 18:45:00,1455.1,20191200,1455.1,20191200,1449.3,20191000
2019-08-02 19:00:00,1454.6,20191200,1454.6,20191200,1449.2,20191000
2019-08-02 19:15:00,1454.6,20191200,1454.6,20191200,1448.8,20191000
2019-08-02 19:30:00,1454.6,20191200,1454.6,20191200,1448.2,20191000
2019-08-02 19:45:00,1454.6,20191200,1454.6,20191200,1448.7,20191000
2019-08-02 20:00:00,1453.1,20191200,1453.1,20191200,1448.8,20191000
2019-08-02 20:15:00,1453.1,20191200,1453.1,20191200,1447.8,20191000
2019-08-02 20:30:00,1453.1,20191200,1453.1,20191200,1446.1,20191000
2019-08-02 20:45:00,1453.1,20191200,1453.1,20191200,1447.3,20191000
2019-08-02 21:00:00,1452.5,20191200,1452.5,20191200,1446.9,20191000
2019-08-02 21:15:00,1452.5,20191200,1452.5,20191200,1447.8,20191000
2019-08-02 21:30:00,1452.5,20191200,1452.5,20191200,1446.4,20191000
2019-08-02 21:45:00,1452.5,20191200,1452.5,20191200,1446.8,20191000
2019-08-02 23:00:00,1445.8,20191200,1445.8,20191200,1439.5,20191000
2019-08-04 23:00:00,1450.0,20191200,1450.0,20191200,1446.6,20191000
2019-08-04 23:15:00,1450.0,20191200,1450.0,20191200,1446.1,20191000
2019-08-04 23:30:00,1450.0,20191200,1450.0,20191200,1443.6,20191000
2019-08-04 23:45:00,1450.0,20191200,1450.0,20191200,1444.4,20191000
2019-08-05 00:00:00,1451.7,20191200,1451.7,20191200,1445.3,20191000
2019-08-05 00:15:00,1451.7,20191200,1451.7,20191200,1446.0,20191000
2019-08-05 00:30:00,1451.7,20191200,1451.7,20191200,1445.0,20191000
2019-08-05 00:45:00,1451.7,20191200,1451.7,20191200,1445.7,20191000
2019-08-05 01:00:00,1455.4,20191200,1455.4,20191200,1448.4,20191000
2019-08-05 01:15:00,1455.4,20191200,1455.4,20191200,1449.0,20191000
2019-08-05 01:30:00,1455.4,20191200,1455.4,20191200,1449.6,20191000
2019-08-05 01:45:00,1455.4,20191200,1455.4,20191200,1449.5,20191000
2019-08-05 02:00:00,1461.3,20191200,1461.3,20191200,1449.9,20191000
2019-08-05 02:15:00,1461.3,20191200,1461.3,20191200,1451.5,20191000
2019-08-05 02:30:00,1461.3,20191200,1461.3,20191200,1458.0,20191000
2019-08-05 02:45:00,1461.3,20191200,1461.3,20191200,1455.4,20191000
2019-08-05 03:00:00,1463.2,20191200,1463.2,20191200,1453.1,20191000
2019-08-05 03:15:00,1463.2,20191200,1463.2,20191200,1454.4,20191000
2019-08-05 03:30:00,1463.2,20191200,1463.2,20191200,1453.8,20191000
2019-08-05 03:45:00,1463.2,20191200,1463.2,20191200,1457.4,20191000
2019-08-05 04:00:00,1464.4,20191200,1464.4,20191200,1460.5,20191000
2019-08-05 04:15:00,1464.4,20191200,1464.4,20191200,1461.3,20191000
2019-08-05 04:30:00,1464.4,20191200,1464.4,20191200,1460.0,20191000
2019-08-05 04:45:00,1464.4,20191200,1464.4,20191200,1458.8,20191000
2019-08-05 05:15:00,1464.4,20191200,1464.4,20191200,1458.8,20191000
2019-08-05 05:30:00,1464.4,20191200,1464.4,20191200,1459.8,20191000
2019-08-05 05:45:00,1464.4,20191200,1464.4,20191200,1459.5,20191000
2019-08-05 06:15:00,1464.4,20191200,1464.4,20191200,1459.2,20191000
2019-08-05 06:30:00,1464.4,20191200,1464.4,20191200,1459.3,20191000
2019-08-05 06:45:00,1464.4,20191200,1464.4,20191200,1459.4,20191000
2019-08-05 07:00:00,1470.7,20191200,1470.7,20191200,1463.8,20191000
2019-08-05 07:15:00,1470.7,20191200,1470.7,20191200,1463.6,20191000
2019-08-05 07:30:00,1470.7,20191200,1470.7,20191200,1463.9,20191000
2019-08-05 07:45:00,1470.7,20191200,1470.7,20191200,1464.8,20191000
2019-08-05 08:00:00,1468.6,20191200,1468.6,20191200,1462.8,20191000
2019-08-05 08:15:00,1468.6,20191200,1468.6,20191200,1463.6,20191000
2019-08-05 08:30:00,1468.6,20191200,1468.6,20191200,1462.8,20191000
2019-08-05 08:45:00,1468.6,20191200,1468.6,20191200,1462.4,20191000
2019-08-05 09:00:00,1469.5,20191200,1469.5,20191200,1464.5,20191000
2019-08-05 09:15:00,1469.5,20191200,1469.5,20191200,1464.0,20191000
2019-08-05 09:30:00,1469.5,20191200,1469.5,20191200,1462.5,20191000
2019-08-05 09:45:00,1469.5,20191200,1469.5,20191200,1463.8,20191000
2019-08-05 10:00:00,1468.9,20191200,1468.9,20191200,1463.8,20191000
2019-08-05 10:15:00,1468.9,20191200,1468.9,20191200,1463.5,20191000
2019-08-05 10:30:00,1468.9,20191200,1468.9,20191200,1462.9,20191000
2019-08-05 10:45:00,1468.9,20191200,1468.9,20191200,1463.1,20191000
2019-08-05 11:00:00,1470.3,20191200,1470.3,20191200,1463.2,20191000
2019-08-05 11:15:00,1470.3,20191200,1470.3,20191200,1463.0,20191000
2019-08-05 11:30:00,1470.3,20191200,1470.3,20191200,1467.9,20191000
2019-08-05 11:45:00,1470.3,20191200,1470.3,20191200,1464.6,20191000
2019-08-05 12:00:00,1471.9,20191200,1471.9,20191200,1465.6,20191000
2019-08-05 12:15:00,1471.9,20191200,1471.9,20191200,1465.7,20191000
2019-08-05 12:30:00,1471.9,20191200,1471.9,20191200,1465.0,20191000
2019-08-05 12:45:00,1471.9,20191200,1471.9,20191200,1466.2,20191000
2019-08-05 13:00:00,1474.7,20191200,1474.7,20191200,1466.5,20191000
2019-08-05 13:15:00,1474.7,20191200,1474.7,20191200,1467.9,20191000
2019-08-05 13:30:00,1474.7,20191200,1474.7,20191200,1467.6,20191000
2019-08-05 13:45:00,1474.7,20191200,1474.7,20191200,1468.8,20191000
2019-08-05 14:00:00,1476.5,20191200,1476.5,20191200,1468.8,20191000
2019-08-05 14:15:00,1476.5,20191200,1476.5,20191200,1468.5,20191000
2019-08-05 14:30:00,1476.5,20191200,1476.5,20191200,1472.0,20191000
2019-08-05 14:45:00,1476.5,20191200,1476.5,20191200,1470.5,20191000
2019-08-05 15:00:00,1478.4,20191200,1478.4,20191200,1472.1,20191000
2019-08-05 15:15:00,1478.4,20191200,1478.4,20191200,1475.1,20191000
2019-08-05 15:30:00,1478.4,20191200,1478.4,20191200,1475.9,20191000
2019-08-05 15:45:00,1478.4,20191200,1478.4,20191200,1472.3,20191000
2019-08-05 16:00:00,1475.5,20191200,1475.5,20191200,1463.6,20191000
2019-08-05 16:15:00,1475.5,20191200,1475.5,20191200,1466.3,20191000
2019-08-05 16:30:00,1475.5,20191200,1475.5,20191200,1469.4,20191000
2019-08-05 16:45:00,1475.5,20191200,1475.5,20191200,1469.3,20191000
2019-08-05 17:00:00,1477.8,20191200,1477.8,20191200,1470.8,20191000
2019-08-05 17:15:00,1477.8,20191200,1477.8,20191200,1470.7,20191000
2019-08-05 17:30:00,1477.8,20191200,1477.8,20191200,1469.7,20191000
2019-08-05 17:45:00,1477.8,20191200,1477.8,20191200,1471.8,20191000
2019-08-05 18:00:00,1476.6,20191200,1476.6,20191200,1470.2,20191000
2019-08-05 18:15:00,1476.6,20191200,1476.6,20191200,1470.8,20191000
2019-08-05 18:30:00,1476.6,20191200,1476.6,20191200,1470.9,20191000
2019-08-05 18:45:00,1476.6,20191200,1476.6,20191200,1470.7,20191000
2019-08-05 19:00:00,1479.4,20191200,1479.4,20191200,1470.6,20191000
2019-08-05 19:15:00,1479.4,20191200,1479.4,20191200,1471.8,20191000
2019-08-05 19:30:00,1479.4,20191200,1479.4,20191200,1472.8,20191000
2019-08-05 19:45:00,1479.4,20191200,1479.4,20191200,1473.1,20191000
2019-08-05 20:00:00,1472.9,20191200,1472.9,20191200,1473.9,20191000
2019-08-05 20:15:00,1472.9,20191200,1472.9,20191200,1467.0,20191000
2019-08-05 20:30:00,1472.9,20191200,1472.9,20191200,1466.6,20191000
2019-08-05 20:45:00,1472.9,20191200,1472.9,20191200,1467.1,20191000
2019-08-05 21:00:00,1475.7,20191200,1475.7,20191200,1468.3,20191000
2019-08-05 21:15:00,1475.7,20191200,1475.7,20191200,1469.3,20191000
2019-08-05 21:30:00,1475.7,20191200,1475.7,20191200,1470.3,20191000
2019-08-05 21:45:00,1475.7,20191200,1475.7,20191200,1469.7,20191000
2019-08-05 23:00:00,1465.1,20191200,1465.1,20191200,1457.6,20191000
2019-08-05 23:15:00,1465.1,20191200,1465.1,20191200,1479.1,20191000
2019-08-05 23:30:00,1465.1,20191200,1465.1,20191200,1478.3,20191000
2019-08-05 23:45:00,1465.1,20191200,1465.1,20191200,1479.6,20191000
2019-08-06 00:00:00,1485.9,20191200,1485.9,20191200,1479.2,20191000
2019-08-06 00:15:00,1485.9,20191200,1485.9,20191200,1479.1,20191000
2019-08-06 00:30:00,1485.9,20191200,1485.9,20191200,1479.9,20191000
2019-08-06 00:45:00,1485.9,20191200,1485.9,20191200,1480.2,20191000
2019-08-06 01:00:00,1482.2,20191200,1482.2,20191200,1479.2,20191000
2019-08-06 01:15:00,1482.2,20191200,1482.2,20191200,1478.7,20191000
2019-08-06 01:30:00,1482.2,20191200,1482.2,20191200,1475.5,20191000
2019-08-06 01:45:00,1482.2,20191200,1482.2,20191200,1476.6,20191000
2019-08-06 02:00:00,1475.0,20191200,1475.0,20191200,1474.8,20191000
2019-08-06 02:15:00,1475.0,20191200,1475.0,20191200,1469.5,20191000
2019-08-06 02:30:00,1475.0,20191200,1475.0,20191200,1466.7,20191000
2019-08-06 02:45:00,1475.0,20191200,1475.0,20191200,1469.2,20191000
2019-08-06 03:00:00,1478.9,20191200,1478.9,20191200,1471.0,20191000
2019-08-06 03:15:00,1478.9,20191200,1478.9,20191200,1472.8,20191000
2019-08-06 03:30:00,1478.9,20191200,1478.9,20191200,1472.3,20191000
2019-08-06 03:45:00,1478.9,20191200,1478.9,20191200,1472.5,20191000
2019-08-06 04:00:00,1472.8,20191200,1472.8,20191200,1473.0,20191000
2019-08-06 04:15:00,1472.8,20191200,1472.8,20191200,1471.9,20191000
2019-08-06 04:30:00,1472.8,20191200,1472.8,20191200,1469.4,20191000
2019-08-06 04:45:00,1472.8,20191200,1472.8,20191200,1466.8,20191000
2019-08-06 05:15:00,1472.8,20191200,1472.8,20191200,1466.5,20191000
2019-08-06 05:30:00,1472.8,20191200,1472.8,20191200,1468.6,20191000
2019-08-06 05:45:00,1472.8,20191200,1472.8,20191200,1468.9,20191000
2019-08-06 06:15:00,1472.8,20191200,1472.8,20191200,1467.6,20191000
2019-08-06 06:30:00,1472.8,20191200,1472.8,20191200,1467.6,20191000
2019-08-06 06:45:00,1472.8,20191200,1472.8,20191200,1467.3,20191000
2019-08-06 07:00:00,1473.7,20191200,1473.7,20191200,1469.4,20191000
2019-08-06 07:15:00,1473.7,20191200,1473.7,20191200,1468.5,20191000
2019-08-06 07:30:00,1473.7,20191200,1473.7,20191200,1467.9,20191000
2019-08-06 07:45:00,1473.7,20191200,1473.7,20191200,1467.8,20191000
2019-08-06 08:00:00,1473.2,20191200,1473.2,20191200,1469.5,20191000
2019-08-06 08:15:00,1473.2,20191200,1473.2,20191200,1466.2,20191000
2019-08-06 08:30:00,1473.2,20191200,1473.2,20191200,1466.4,20191000
2019-08-06 08:45:00,1473.2,20191200,1473.2,20191200,1467.4,20191000
2019-08-06 09:00:00,1474.2,20191200,1474.2,20191200,1467.6,20191000
2019-08-06 09:15:00,1474.2,20191200,1474.2,20191200,1466.1,20191000
2019-08-06 09:30:00,1474.2,20191200,1474.2,20191200,1468.1,20191000
2019-08-06 09:45:00,1474.2,20191200,1474.2,20191200,1468.1,20191000
2019-08-06 10:00:00,1475.1,20191200,1475.1,20191200,1466.8,20191000
2019-08-06 10:15:00,1475.1,20191200,1475.1,20191200,1467.4,20191000
2019-08-06 10:30:00,1475.1,20191200,1475.1,20191200,1468.0,20191000
2019-08-06 10:45:00,1475.1,20191200,1475.1,20191200,1469.1,20191000
2019-08-06 11:00:00,1477.1,20191200,1477.1,20191200,1470.6,20191000
2019-08-06 11:15:00,1477.1,20191200,1477.1,20191200,1470.0,20191000
2019-08-06 11:30:00,1477.1,20191200,1477.1,20191200,1469.8,20191000
2019-08-06 11:45:00,1477.1,20191200,1477.1,20191200,1471.5,20191000
2019-08-06 12:00:00,1475.4,20191200,1475.4,20191200,1470.6,20191000
2019-08-06 12:15:00,1475.4,20191200,1475.4,20191200,1473.0,20191000
2019-08-06 12:30:00,1475.4,20191200,1475.4,20191200,1468.9,20191000
2019-08-06 12:45:00,1475.4,20191200,1475.4,20191200,1469.5,20191000
2019-08-06 13:00:00,1477.8,20191200,1477.8,20191200,1471.0,20191000
2019-08-06 13:15:00,1477.8,20191200,1477.8,20191200,1471.4,20191000
2019-08-06 13:30:00,1477.8,20191200,1477.8,20191200,1471.0,20191000
2019-08-06 13:45:00,1477.8,20191200,1477.8,20191200,1472.1,20191000
2019-08-06 14:00:00,1477.9,20191200,1477.9,20191200,1471.2,20191000
2019-08-06 14:15:00,1477.9,20191200,1477.9,20191200,1472.1,20191000
2019-08-06 14:30:00,1477.9,20191200,1477.9,20191200,1471.1,20191000
2019-08-06 14:45:00,1477.9,20191200,1477.9,20191200,1471.8,20191000
2019-08-06 15:00:00,1483.5,20191200,1483.5,20191200,1473.6,20191000
2019-08-06 15:15:00,1483.5,20191200,1483.5,20191200,1475.0,20191000
2019-08-06 15:30:00,1483.5,20191200,1483.5,20191200,1476.9,20191000
2019-08-06 15:45:00,1483.5,20191200,1483.5,20191200,1477.6,20191000
2019-08-06 16:00:00,1481.6,20191200,1481.6,20191200,1479.5,20191000
2019-08-06 16:15:00,1481.6,20191200,1481.6,20191200,1478.9,20191000
2019-08-06 16:30:00,1481.6,20191200,1481.6,20191200,1479.2,20191000
2019-08-06 16:45:00,1481.6,20191200,1481.6,20191200,1475.7,20191000
2019-08-06 17:00:00,1483.5,20191200,1483.5,20191200,1476.0,20191000
2019-08-06 17:15:00,1483.5,20191200,1483.5,20191200,1477.7,20191000
2019-08-06 17:30:00,1483.5,20191200,1483.5,20191200,1477.0,20191000
2019-08-06 17:45:00,1483.5,20191200,1483.5,20191200,1477.5,20191000
2019-08-06 18:00:00,1483.7,20191200,1483.7,20191200,1478.3,20191000
2019-08-06 18:15:00,1483.7,20191200,1483.7,20191200,1478.3,20191000
2019-08-06 18:30:00,1483.7,20191200,1483.7,20191200,1479.1,20191000
2019-08-06 18:45:00,1483.7,20191200,1483.7,20191200,1477.8,20191000
2019-08-06 19:00:00,1482.8,20191200,1482.8,20191200,1477.8,20191000
2019-08-06 19:15:00,1482.8,20191200,1482.8,20191200,1476.1,20191000
2019-08-06 19:30:00,1482.8,20191200,1482.8,20191200,1477.1,20191000
2019-08-06 19:45:00,1482.8,20191200,1482.8,20191200,1476.7,20191000
2019-08-06 20:00:00,1484.8,20191200,1484.8,20191200,1476.8,20191000
2019-08-06 20:15:00,1484.8,20191200,1484.8,20191200,1477.2,20191000
2019-08-06 20:30:00,1484.8,20191200,1484.8,20191200,1478.3,20191000
2019-08-06 20:45:00,1484.8,20191200,1484.8,20191200,1479.1,20191000
2019-08-06 21:00:00,1486.5,20191200,1486.5,20191200,1479.7,20191000
2019-08-06 21:15:00,1486.5,20191200,1486.5,20191200,1479.8,20191000
2019-08-06 21:30:00,1486.5,20191200,1486.5,20191200,1479.8,20191000
2019-08-06 21:45:00,1486.5,20191200,1486.5,20191200,1480.5,20191000
2019-08-06 23:00:00,1473.3,20191200,1473.3,20191200,1468.5,20191000
2019-08-06 23:15:00,1473.3,20191200,1473.3,20191200,1482.2,20191000
2019-08-06 23:30:00,1473.3,20191200,1473.3,20191200,1481.3,20191000
2019-08-06 23:45:00,1473.3,20191200,1473.3,20191200,1479.2,20191000
2019-08-07 00:00:00,1488.8,20191200,1488.8,20191200,1478.4,20191000
2019-08-07 00:15:00,1488.8,20191200,1488.8,20191200,1479.2,20191000
2019-08-07 00:30:00,1488.8,20191200,1488.8,20191200,1481.1,20191000
2019-08-07 00:45:00,1488.8,20191200,1488.8,20191200,1483.1,20191000
2019-08-07 01:00:00,1489.8,20191200,1489.8,20191200,1484.9,20191000
2019-08-07 01:15:00,1489.8,20191200,1489.8,20191200,1485.3,20191000
2019-08-07 01:30:00,1489.8,20191200,1489.8,20191200,1484.9,20191000
2019-08-07 01:45:00,1489.8,20191200,1489.8,20191200,1484.0,20191000
2019-08-07 02:00:00,1496.5,20191200,1496.5,20191200,1483.3,20191000
2019-08-07 02:15:00,1496.5,20191200,1496.5,20191200,1490.4,20191000
2019-08-07 02:30:00,1496.5,20191200,1496.5,20191200,1493.7,20191000
2019-08-07 02:45:00,1496.5,20191200,1496.5,20191200,1490.6,20191000
2019-08-07 03:00:00,1496.8,20191200,1496.8,20191200,1491.4,20191000
2019-08-07 03:15:00,1496.8,20191200,1496.8,20191200,1491.9,20191000
2019-08-07 03:30:00,1496.8,20191200,1496.8,20191200,1490.9,20191000
2019-08-07 03:45:00,1496.8,20191200,1496.8,20191200,1490.2,20191000
2019-08-07 04:00:00,1498.3,20191200,1498.3,20191200,1493.5,20191000
2019-08-07 04:15:00,1498.3,20191200,1498.3,20191200,1492.5,20191000
2019-08-07 04:30:00,1498.3,20191200,1498.3,20191200,1492.1,20191000
2019-08-07 04:45:00,1498.3,20191200,1498.3,20191200,1491.6,20191000
2019-08-07 05:15:00,1498.3,20191200,1498.3,20191200,1490.7,20191000
2019-08-07 05:30:00,1498.3,20191200,1498.3,20191200,1490.7,20191000
2019-08-07 05:45:00,1498.3,20191200,1498.3,20191200,1490.9,20191000
2019-08-07 06:15:00,1498.3,20191200,1498.3,20191200,1490.1,20191000
2019-08-07 06:30:00,1498.3,20191200,1498.3,20191200,1488.4,20191000
2019-08-07 06:45:00,1498.3,20191200,1498.3,20191200,1492.1,20191000
2019-08-07 07:00:00,1497.6,20191200,1497.6,20191200,1492.5,20191000
2019-08-07 07:15:00,1497.6,20191200,1497.6,20191200,1493.5,20191000
2019-08-07 07:30:00,1497.6,20191200,1497.6,20191200,1493.9,20191000
2019-08-07 07:45:00,1497.6,20191200,1497.6,20191200,1491.8,20191000
2019-08-07 08:00:00,1497.4,20191200,1497.4,20191200,1495.3,20191000
2019-08-07 08:15:00,1497.4,20191200,1497.4,20191200,1495.0,20191000
2019-08-07 08:30:00,1497.4,20191200,1497.4,20191200,1494.6,20191000
2019-08-07 08:45:00,1497.4,20191200,1497.4,20191200,1491.6,20191000
2019-08-07 09:00:00,1498.9,20191200,1498.9,20191200,1492.8,20191000
2019-08-07 09:15:00,1498.9,20191200,1498.9,20191200,1492.5,20191000
2019-08-07 09:30:00,1498.9,20191200,1498.9,20191200,1492.6,20191000
2019-08-07 09:45:00,1498.9,20191200,1498.9,20191200,1493.2,20191000
2019-08-07 10:00:00,1499.0,20191200,1499.0,20191200,1492.8,20191000
2019-08-07 10:15:00,1499.0,20191200,1499.0,20191200,1494.0,20191000
2019-08-07 10:30:00,1499.0,20191200,1499.0,20191200,1493.7,20191000
2019-08-07 10:45:00,1499.0,20191200,1499.0,20191200,1492.8,20191000
2019-08-07 11:00:00,1501.4,20191200,1501.4,20191200,1493.6,20191000
2019-08-07 11:15:00,1501.4,20191200,1501.4,20191200,1495.1,20191000
2019-08-07 11:30:00,1501.4,20191200,1501.4,20191200,1495.3,20191000
2019-08-07 11:45:00,1501.4,20191200,1501.4,20191200,1495.3,20191000
2019-08-07 12:00:00,1507.0,20191200,1507.0,20191200,1495.8,20191000
2019-08-07 12:15:00,1507.0,20191200,1507.0,20191200,1498.6,20191000
2019-08-07 12:30:00,1507.0,20191200,1507.0,20191200,1499.2,20191000
2019-08-07 12:45:00,1507.0,20191200,1507.0,20191200,1500.2,20191000
2019-08-07 13:00:00,1509.5,20191200,1509.5,20191200,1503.6,20191000
2019-08-07 13:15:00,1509.5,20191200,1509.5,20191200,1497.8,20191000
2019-08-07 13:30:00,1509.5,20191200,1509.5,20191200,1500.8,20191000
2019-08-07 13:45:00,1509.5,20191200,1509.5,20191200,1503.7,20191000
2019-08-07 14:00:00,1520.1,20191200,1520.1,20191200,1501.8,20191000
2019-08-07 14:15:00,1520.1,20191200,1520.1,20191200,1503.4,20191000
2019-08-07 14:30:00,1520.1,20191200,1520.1,20191200,1506.8,20191000
2019-08-07 14:45:00,1520.1,20191200,1520.1,20191200,1513.8,20191000
2019-08-07 15:00:00,1513.4,20191200,1513.4,20191200,1506.8,20191000
2019-08-07 15:15:00,1513.4,20191200,1513.4,20191200,1508.5,20191000
2019-08-07 15:30:00,1513.4,20191200,1513.4,20191200,1507.1,20191000
2019-08-07 15:45:00,1513.4,20191200,1513.4,20191200,1506.9,20191000
2019-08-07 16:00:00,1518.9,20191200,1518.9,20191200,1508.3,20191000
2019-08-07 16:15:00,1518.9,20191200,1518.9,20191200,1512.7,20191000
2019-08-07 16:30:00,1518.9,20191200,1518.9,20191200,1514.1,20191000
2019-08-07 16:45:00,1518.9,20191200,1518.9,20191200,1512.5,20191000
2019-08-07 17:00:00,1517.2,20191200,1517.2,20191200,1511.3,20191000
2019-08-07 17:15:00,1517.2,20191200,1517.2,20191200,1513.6,20191000
2019-08-07 17:30:00,1517.2,20191200,1517.2,20191200,1513.2,20191000
2019-08-07 17:45:00,1517.2,20191200,1517.2,20191200,1510.7,20191000
2019-08-07 18:00:00,1515.3,20191200,1515.3,20191200,1510.9,20191000
2019-08-07 18:15:00,1515.3,20191200,1515.3,20191200,1511.9,20191000
2019-08-07 18:30:00,1515.3,20191200,1515.3,20191200,1508.5,20191000
2019-08-07 18:45:00,1515.3,20191200,1515.3,20191200,1508.8,20191000
2019-08-07 19:00:00,1515.4,20191200,1515.4,20191200,1509.1,20191000
2019-08-07 19:15:00,1515.4,20191200,1515.4,20191200,1512.3,20191000
2019-08-07 19:30:00,1515.4,20191200,1515.4,20191200,1511.9,20191000
2019-08-07 19:45:00,1515.4,20191200,1515.4,20191200,1509.0,20191000
2019-08-07 20:00:00,1507.5,20191200,1507.5,20191200,1510.4,20191000
2019-08-07 20:15:00,1507.5,20191200,1507.5,20191200,1508.8,20191000
2019-08-07 20:30:00,1507.5,20191200,1507.5,20191200,1503.2,20191000
2019-08-07 20:45:00,1507.5,20191200,1507.5,20191200,1501.0,20191000
2019-08-07 21:00:00,1513.2,20191200,1513.2,20191200,1503.6,20191000
2019-08-07 21:15:00,1513.2,20191200,1513.2,20191200,1506.4,20191000
2019-08-07 21:30:00,1513.2,20191200,1513.2,20191200,1506.5,20191000
2019-08-07 21:45:00,1513.2,20191200,1513.2,20191200,1507.1,20191000
2019-08-07 23:00:00,1498.1,20191200,1498.1,20191200,1489.7,20191000
2019-08-07 23:15:00,1498.1,20191200,1498.1,20191200,1502.8,20191000
2019-08-07 23:30:00,1498.1,20191200,1498.1,20191200,1505.1,20191000
2019-08-07 23:45:00,1498.1,20191200,1498.1,20191200,1503.6,20191000
2019-08-08 00:00:00,1513.5,20191200,1513.5,20191200,1501.6,20191000
2019-08-08 00:15:00,1513.5,20191200,1513.5,20191200,1502.4,20191000
2019-08-08 00:30:00,1513.5,20191200,1513.5,20191200,1504.2,20191000
2019-08-08 00:45:00,1513.5,20191200,1513.5,20191200,1506.5,20191000
2019-08-08 01:00:00,1516.2,20191200,1516.2,20191200,1508.6,20191000
2019-08-08 01:15:00,1516.2,20191200,1516.2,20191200,1511.0,20191000
2019-08-08 01:30:00,1516.2,20191200,1516.2,20191200,1508.8,20191000
2019-08-08 01:45:00,1516.2,20191200,1516.2,20191200,1509.8,20191000
2019-08-08 02:00:00,1506.7,20191200,1506.7,20191200,1508.4,20191000
2019-08-08 02:15:00,1506.7,20191200,1506.7,20191200,1504.3,20191000
2019-08-08 02:30:00,1506.7,20191200,1506.7,20191200,1502.0,20191000
2019-08-08 02:45:00,1506.7,20191200,1506.7,20191200,1500.5,20191000
2019-08-08 03:00:00,1513.9,20191200,1513.9,20191200,1503.0,20191000
2019-08-08 03:15:00,1513.9,20191200,1513.9,20191200,1503.5,20191000
2019-08-08 03:30:00,1513.9,20191200,1513.9,20191200,1508.0,20191000
2019-08-08 03:45:00,1513.9,20191200,1513.9,20191200,1507.7,20191000
2019-08-08 04:00:00,1511.4,20191200,1511.4,20191200,1505.1,20191000
2019-08-08 04:15:00,1511.4,20191200,1511.4,20191200,1506.2,20191000
2019-08-08 04:30:00,1511.4,20191200,1511.4,20191200,1505.5,20191000
2019-08-08 04:45:00,1511.4,20191200,1511.4,20191200,1505.1,20191000
2019-08-08 05:15:00,1511.4,20191200,1511.4,20191200,1506.9,20191000
2019-08-08 05:30:00,1511.4,20191200,1511.4,20191200,1505.4,20191000
2019-08-08 05:45:00,1511.4,20191200,1511.4,20191200,1506.7,20191000
2019-08-08 06:15:00,1511.4,20191200,1511.4,20191200,1505.6,20191000
2019-08-08 06:30:00,1511.4,20191200,1511.4,20191200,1506.3,20191000
2019-08-08 06:45:00,1511.4,20191200,1511.4,20191200,1506.8,20191000
2019-08-08 07:00:00,1508.4,20191200,1508.4,20191200,1508.3,20191000
2019-08-08 07:15:00,1508.4,20191200,1508.4,20191200,1505.0,20191000
2019-08-08 07:30:00,1508.4,20191200,1508.4,20191200,1503.1,20191000
2019-08-08 07:45:00,1508.4,20191200,1508.4,20191200,1501.9,20191000
2019-08-08 08:00:00,1509.2,20191200,1509.2,20191200,1503.7,20191000
2019-08-08 08:15:00,1509.2,20191200,1509.2,20191200,1504.0,20191000
2019-08-08 08:30:00,1509.2,20191200,1509.2,20191200,1503.2,20191000
2019-08-08 08:45:00,1509.2,20191200,1509.2,20191200,1503.2,20191000
2019-08-08 09:00:00,1508.4,20191200,1508.4,20191200,1504.5,20191000
2019-08-08 09:15:00,1508.4,20191200,1508.4,20191200,1503.9,20191000
2019-08-08 09:30:00,1508.4,20191200,1508.4,20191200,1502.8,20191000
2019-08-08 09:45:00,1508.4,20191200,1508.4,20191200,1502.2,20191000
2019-08-08 10:00:00,1507.4,20191200,1507.4,20191200,1502.8,20191000
2019-08-08 10:15:00,1507.4,20191200,1507.4,20191200,1503.8,20191000
2019-08-08 10:30:00,1507.4,20191200,1507.4,20191200,1502.5,20191000
2019-08-08 10:45:00,1507.4,20191200,1507.4,20191200,1501.2,20191000
2019-08-08 11:00:00,1507.8,20191200,1507.8,20191200,1501.9,20191000
2019-08-08 11:15:00,1507.8,20191200,1507.8,20191200,1502.2,20191000
2019-08-08 11:30:00,1507.8,20191200,1507.8,20191200,1502.2,20191000
2019-08-08 11:45:00,1507.8,20191200,1507.8,20191200,1501.6,20191000
2019-08-08 12:00:00,1510.4,20191200,1510.4,20191200,1502.6,20191000
2019-08-08 12:15:00,1510.4,20191200,1510.4,20191200,1503.0,20191000
2019-08-08 12:30:00,1510.4,20191200,1510.4,20191200,1502.9,20191000
2019-08-08 12:45:00,1510.4,20191200,1510.4,20191200,1504.3,20191000
2019-08-08 13:00:00,1503.8,20191200,1503.8,20191200,1502.8,20191000
2019-08-08 13:15:00,1503.8,20191200,1503.8,20191200,1502.6,20191000
2019-08-08 13:30:00,1503.8,20191200,1503.8,20191200,1500.6,20191000
2019-08-08 13:45:00,1503.8,20191200,1503.8,20191200,1497.6,20191000
2019-08-08 14:00:00,1507.0,20191200,1507.0,20191200,1498.2,20191000
2019-08-08 14:15:00,1507.0,20191200,1507.0,20191200,1499.2,20191000
2019-08-08 14:30:00,1507.0,20191200,1507.0,20191200,1498.1,20191000
2019-08-08 14:45:00,1507.0,20191200,1507.0,20191200,1500.8,20191000
2019-08-08 15:00:00,1504.4,20191200,1504.4,20191200,1500.3,20191000
2019-08-08 15:15:00,1504.4,20191200,1504.4,20191200,1500.0,20191000
2019-08-08 15:30:00,1504.4,20191200,1504.4,20191200,1500.0,20191000
2019-08-08 15:45:00,1504.4,20191200,1504.4,20191200,1498.0,20191000
2019-08-08 16:00:00,1509.2,20191200,1509.2,20191200,1501.5,20191000
2019-08-08 16:15:00,1509.2,20191200,1509.2,20191200,1503.6,20191000
2019-08-08 16:30:00,1509.2,20191200,1509.2,20191200,1502.4,20191000
2019-08-08 16:45:00,1509.2,20191200,1509.2,20191200,1503.0,20191000
2019-08-08 17:00:00,1507.1,20191200,1507.1,20191200,1502.7,20191000
2019-08-08 17:15:00,1507.1,20191200,1507.1,20191200,1502.2,20191000
2019-08-08 17:30:00,1507.1,20191200,1507.1,20191200,1500.2,20191000
2019-08-08 17:45:00,1507.1,20191200,1507.1,20191200,1500.9,20191000
2019-08-08 18:00:00,1513.3,20191200,1513.3,20191200,1502.0,20191000
2019-08-08 18:15:00,1513.3,20191200,1513.3,20191200,1502.9,20191000
2019-08-08 18:30:00,1513.3,20191200,1513.3,20191200,1505.4,20191000
2019-08-08 18:45:00,1513.3,20191200,1513.3,20191200,1507.3,20191000
2019-08-08 19:00:00,1518.8,20191200,1518.8,20191200,1509.9,20191000
2019-08-08 19:15:00,1518.8,20191200,1518.8,20191200,1512.2,20191000
2019-08-08 19:30:00,1518.8,20191200,1518.8,20191200,1512.5,20191000
2019-08-08 19:45:00,1518.8,20191200,1518.8,20191200,1513.2,20191000
2019-08-08 20:00:00,1514.8,20191200,1514.8,20191200,1510.9,20191000
2019-08-08 20:15:00,1514.8,20191200,1514.8,20191200,1510.6,20191000
2019-08-08 20:30:00,1514.8,20191200,1514.8,20191200,1508.1,20191000
2019-08-08 20:45:00,1514.8,20191200,1514.8,20191200,1508.9,20191000
2019-08-08 21:00:00,1512.7,20191200,1512.7,20191200,1508.7,20191000
2019-08-08 21:15:00,1512.7,20191200,1512.7,20191200,1506.5,20191000
2019-08-08 21:30:00,1512.7,20191200,1512.7,20191200,1506.2,20191000
2019-08-08 21:45:00,1512.7,20191200,1512.7,20191200,1506.4,20191000
2019-08-08 23:00:00,1513.0,20191200,1513.0,20191200,1506.7,20191000
2019-08-08 23:15:00,1513.0,20191200,1513.0,20191200,1511.4,20191000
2019-08-08 23:30:00,1513.0,20191200,1513.0,20191200,1508.9,20191000
2019-08-08 23:45:00,1513.0,20191200,1513.0,20191200,1507.8,20191000
2019-08-09 00:00:00,1515.7,20191200,1515.7,20191200,1508.6,20191000
2019-08-09 00:15:00,1515.7,20191200,1515.7,20191200,1509.1,20191000
2019-08-09 00:30:00,1515.7,20191200,1515.7,20191200,1510.3,20191000
2019-08-09 00:45:00,1515.7,20191200,1515.7,20191200,1510.1,20191000
2019-08-09 01:00:00,1514.3,20191200,1514.3,20191200,1508.5,20191000
2019-08-09 01:15:00,1514.3,20191200,1514.3,20191200,1509.6,20191000
2019-08-09 01:30:00,1514.3,20191200,1514.3,20191200,1510.2,20191000
2019-08-09 01:45:00,1514.3,20191200,1514.3,20191200,1508.6,20191000
2019-08-09 02:00:00,1515.8,20191200,1515.8,20191200,1507.2,20191000
2019-08-09 02:15:00,1515.8,20191200,1515.8,20191200,1507.8,20191000
2019-08-09 02:30:00,1515.8,20191200,1515.8,20191200,1508.9,20191000
2019-08-09 02:45:00,1515.8,20191200,1515.8,20191200,1509.4,20191000
2019-08-09 03:00:00,1516.5,20191200,1516.5,20191200,1509.4,20191000
2019-08-09 03:15:00,1516.5,20191200,1516.5,20191200,1509.5,20191000
2019-08-09 03:30:00,1516.5,20191200,1516.5,20191200,1509.9,20191000
2019-08-09 03:45:00,1516.5,20191200,1516.5,20191200,1509.9,20191000
2019-08-09 04:00:00,1518.1,20191200,1518.1,20191200,1512.7,20191000
2019-08-09 04:15:00,1518.1,20191200,1518.1,20191200,1512.9,20191000
2019-08-09 04:30:00,1518.1,20191200,1518.1,20191200,1512.9,20191000
2019-08-09 04:45:00,1518.1,20191200,1518.1,20191200,1511.9,20191000
2019-08-09 05:15:00,1518.1,20191200,1518.1,20191200,1512.1,20191000
2019-08-09 05:30:00,1518.1,20191200,1518.1,20191200,1511.7,20191000
2019-08-09 05:45:00,1518.1,20191200,1518.1,20191200,1511.4,20191000
2019-08-09 06:15:00,1518.1,20191200,1518.1,20191200,1511.4,20191000
2019-08-09 06:30:00,1518.1,20191200,1518.1,20191200,1511.3,20191000
2019-08-09 06:45:00,1518.1,20191200,1518.1,20191200,1511.9,20191000
2019-08-09 07:00:00,1514.7,20191200,1514.7,20191200,1511.2,20191000
2019-08-09 07:15:00,1514.7,20191200,1514.7,20191200,1507.9,20191000
2019-08-09 07:30:00,1514.7,20191200,1514.7,20191200,1506.5,20191000
2019-08-09 07:45:00,1514.7,20191200,1514.7,20191200,1508.4,20191000
2019-08-09 08:00:00,1513.8,20191200,1513.8,20191200,1508.4,20191000
2019-08-09 08:15:00,1513.8,20191200,1513.8,20191200,1507.2,20191000
2019-08-09 08:30:00,1513.8,20191200,1513.8,20191200,1507.6,20191000
2019-08-09 08:45:00,1513.8,20191200,1513.8,20191200,1507.0,20191000
2019-08-09 09:00:00,1514.0,20191200,1514.0,20191200,1506.5,20191000
2019-08-09 09:15:00,1514.0,20191200,1514.0,20191200,1507.3,20191000
2019-08-09 09:30:00,1514.0,20191200,1514.0,20191200,1507.7,20191000
2019-08-09 09:45:00,1514.0,20191200,1514.0,20191200,1507.8,20191000
2019-08-09 10:00:00,1514.9,20191200,1514.9,20191200,1507.3,20191000
2019-08-09 10:15:00,1514.9,20191200,1514.9,20191200,1508.5,20191000
2019-08-09 10:30:00,1514.9,20191200,1514.9,20191200,1508.3,20191000
2019-08-09 10:45:00,1514.9,20191200,1514.9,20191200,1508.5,20191000
2019-08-09 11:00:00,1514.7,20191200,1514.7,20191200,1509.0,20191000
2019-08-09 11:15:00,1514.7,20191200,1514.7,20191200,1508.8,20191000
2019-08-09 11:30:00,1514.7,20191200,1514.7,20191200,1508.8,20191000
2019-08-09 11:45:00,1514.7,20191200,1514.7,20191200,1508.0,20191000
2019-08-09 12:00:00,1513.6,20191200,1513.6,20191200,1508.5,20191000
2019-08-09 12:15:00,1513.6,20191200,1513.6,20191200,1508.0,20191000
2019-08-09 12:30:00,1513.6,20191200,1513.6,20191200,1507.6,20191000
2019-08-09 12:45:00,1513.6,20191200,1513.6,20191200,1507.1,20191000
2019-08-09 13:00:00,1511.1,20191200,1511.1,20191200,1504.9,20191000
2019-08-09 13:15:00,1511.1,20191200,1511.1,20191200,1501.5,20191000
2019-08-09 13:30:00,1511.1,20191200,1511.1,20191200,1504.1,20191000
2019-08-09 13:45:00,1511.1,20191200,1511.1,20191200,1504.8,20191000
2019-08-09 14:00:00,1509.1,20191200,1509.1,20191200,1504.6,20191000
2019-08-09 14:15:00,1509.1,20191200,1509.1,20191200,1503.3,20191000
2019-08-09 14:30:00,1509.1,20191200,1509.1,20191200,1500.6,20191000
2019-08-09 14:45:00,1509.1,20191200,1509.1,20191200,1502.2,20191000
2019-08-09 15:00:00,1513.5,20191200,1513.5,20191200,1504.2,20191000
2019-08-09 15:15:00,1513.5,20191200,1513.5,20191200,1508.4,20191000
2019-08-09 15:30:00,1513.5,20191200,1513.5,20191200,1508.7,20191000
2019-08-09 15:45:00,1513.5,20191200,1513.5,20191200,1507.2,20191000
2019-08-09 16:00:00,1515.7,20191200,1515.7,20191200,1507.5,20191000
2019-08-09 16:15:00,1515.7,20191200,1515.7,20191200,1511.0,20191000
2019-08-09 16:30:00,1515.7,20191200,1515.7,20191200,1508.6,20191000
2019-08-09 16:45:00,1515.7,20191200,1515.7,20191200,1508.8,20191000
2019-08-09 17:00:00,1511.5,20191200,1511.5,20191200,1507.4,20191000
2019-08-09 17:15:00,1511.5,20191200,1511.5,20191200,1507.7,20191000
2019-08-09 17:30:00,1511.5,20191200,1511.5,20191200,1506.3,20191000
2019-08-09 17:45:00,1511.5,20191200,1511.5,20191200,1505.1,20191000
2019-08-09 18:00:00,1510.4,20191200,1510.4,20191200,1501.2,20191000
2019-08-09 18:15:00,1510.4,20191200,1510.4,20191200,1502.5,20191000
2019-08-09 18:30:00,1510.4,20191200,1510.4,20191200,1503.5,20191000
2019-08-09 18:45:00,1510.4,20191200,1510.4,20191200,1504.0,20191000
2019-08-09 19:00:00,1508.6,20191200,1508.6,20191200,1504.2,20191000
2019-08-09 19:15:00,1508.6,20191200,1508.6,20191200,1501.5,20191000
2019-08-09 19:30:00,1508.6,20191200,1508.6,20191200,1502.8,20191000
2019-08-09 19:45:00,1508.6,20191200,1508.6,20191200,1502.1,20191000
2019-08-09 20:00:00,1509.9,20191200,1509.9,20191200,1501.8,20191000
2019-08-09 20:15:00,1509.9,20191200,1509.9,20191200,1501.8,20191000
2019-08-09 20:30:00,1509.9,20191200,1509.9,20191200,1501.9,20191000
2019-08-09 20:45:00,1509.9,20191200,1509.9,20191200,1503.3,20191000
2019-08-09 21:00:00,1508.0,20191200,1508.0,20191200,1502.8,20191000
2019-08-09 21:15:00,1508.0,20191200,1508.0,20191200,1503.2,20191000
2019-08-09 21:30:00,1508.0,20191200,1508.0,20191200,1502.6,20191000
2019-08-09 21:45:00,1508.0,20191200,1508.0,20191200,1501.9,20191000
2019-08-09 23:00:00,1518.4,20191200,1518.4,20191200,1510.7,20191000
2019-08-11 23:00:00,1507.9,20191200,1507.9,20191200,1501.8,20191000
2019-08-11 23:15:00,1507.9,20191200,1507.9,20191200,1502.9,20191000
2019-08-11 23:30:00,1507.9,20191200,1507.9,20191200,1501.2,20191000
2019-08-12 00:00:00,1512.2,20191200,1512.2,20191200,1502.2,20191000
2019-08-12 00:15:00,1512.2,20191200,1512.2,20191200,1502.3,20191000
2019-08-12 00:30:00,1512.2,20191200,1512.2,20191200,1504.5,20191000
2019-08-12 00:45:00,1512.2,20191200,1512.2,20191200,1506.0,20191000
2019-08-12 01:00:00,1509.8,20191200,1509.8,20191200,1504.3,20191000
2019-08-12 01:15:00,1509.8,20191200,1509.8,20191200,1504.1,20191000
2019-08-12 01:30:00,1509.8,20191200,1509.8,20191200,1503.3,20191000
2019-08-12 01:45:00,1509.8,20191200,1509.8,20191200,1503.2,20191000
2019-08-12 02:00:00,1508.7,20191200,1508.7,20191200,1502.1,20191000
2019-08-12 02:15:00,1508.7,20191200,1508.7,20191200,1501.1,20191000
2019-08-12 02:30:00,1508.7,20191200,1508.7,20191200,1500.7,20191000
2019-08-12 02:45:00,1508.7,20191200,1508.7,20191200,1502.5,20191000
2019-08-12 03:00:00,1507.7,20191200,1507.7,20191200,1501.5,20191000
2019-08-12 03:15:00,1507.7,20191200,1507.7,20191200,1502.0,20191000
2019-08-12 03:30:00,1507.7,20191200,1507.7,20191200,1502.0,20191000
2019-08-12 03:45:00,1507.7,20191200,1507.7,20191200,1501.0,20191000
2019-08-12 04:00:00,1508.2,20191200,1508.2,20191200,1501.5,20191000
2019-08-12 04:15:00,1508.2,20191200,1508.2,20191200,1501.3,20191000
2019-08-12 04:30:00,1508.2,20191200,1508.2,20191200,1501.5,20191000
2019-08-12 04:45:00,1508.2,20191200,1508.2,20191200,1502.0,20191000
2019-08-12 05:15:00,1508.2,20191200,1508.2,20191200,1501.3,20191000
2019-08-12 05:30:00,1508.2,20191200,1508.2,20191200,1501.6,20191000
2019-08-12 05:45:00,1508.2,20191200,1508.2,20191200,1501.4,20191000
2019-08-12 06:15:00,1508.2,20191200,1508.2,20191200,1501.3,20191000
2019-08-12 06:30:00,1508.2,20191200,1508.2,20191200,1502.0,20191000
2019-08-12 06:45:00,1508.2,20191200,1508.2,20191200,1501.5,20191000
2019-08-12 07:00:00,1502.2,20191200,1502.2,20191200,1500.7,20191000
2019-08-12 07:15:00,1502.2,20191200,1502.2,20191200,1500.4,20191000
2019-08-12 07:30:00,1502.2,20191200,1502.2,20191200,1497.0,20191000
2019-08-12 07:45:00,1502.2,20191200,1502.2,20191200,1495.7,20191000
2019-08-12 08:00:00,1501.2,20191200,1501.2,20191200,1497.3,20191000
2019-08-12 08:15:00,1501.2,20191200,1501.2,20191200,1493.7,20191000
2019-08-12 08:30:00,1501.2,20191200,1501.2,20191200,1494.2,20191000
2019-08-12 08:45:00,1501.2,20191200,1501.2,20191200,1495.2,20191000
2019-08-12 09:00:00,1514.1,20191200,1514.1,20191200,1499.6,20191000
2019-08-12 09:15:00,1514.1,20191200,1514.1,20191200,1502.4,20191000
2019-08-12 09:30:00,1514.1,20191200,1514.1,20191200,1502.5,20191000
2019-08-12 09:45:00,1514.1,20191200,1514.1,20191200,1507.6,20191000
2019-08-12 10:00:00,1516.0,20191200,1516.0,20191200,1507.4,20191000
2019-08-12 10:15:00,1516.0,20191200,1516.0,20191200,1507.3,20191000
2019-08-12 10:30:00,1516.0,20191200,1516.0,20191200,1507.3,20191000
2019-08-12 10:45:00,1516.0,20191200,1516.0,20191200,1509.6,20191000
2019-08-12 11:00:00,1515.7,20191200,1515.7,20191200,1511.0,20191000
2019-08-12 11:15:00,1515.7,20191200,1515.7,20191200,1509.5,20191000
2019-08-12 11:30:00,1515.7,20191200,1515.7,20191200,1510.6,20191000
2019-08-12 11:45:00,1515.7,20191200,1515.7,20191200,1509.5,20191000
2019-08-12 12:00:00,1518.0,20191200,1518.0,20191200,1509.3,20191000
2019-08-12 12:15:00,1518.0,20191200,1518.0,20191200,1510.5,20191000
2019-08-12 12:30:00,1518.0,20191200,1518.0,20191200,1512.7,20191000
2019-08-12 12:45:00,1518.0,20191200,1518.0,20191200,1511.7,20191000
2019-08-12 13:00:00,1513.3,20191200,1513.3,20191200,1509.2,20191000
2019-08-12 13:15:00,1513.3,20191200,1513.3,20191200,1508.7,20191000
2019-08-12 13:30:00,1513.3,20191200,1513.3,20191200,1508.9,20191000
2019-08-12 13:45:00,1513.3,20191200,1513.3,20191200,1506.6,20191000
2019-08-12 14:00:00,1514.9,20191200,1514.9,20191200,1507.6,20191000
2019-08-12 14:15:00,1514.9,20191200,1514.9,20191200,1507.1,20191000
2019-08-12 14:30:00,1514.9,20191200,1514.9,20191200,1509.1,20191000
2019-08-12 14:45:00,1514.9,20191200,1514.9,20191200,1508.7,20191000
2019-08-12 15:00:00,1514.9,20191200,1514.9,20191200,1510.5,20191000
2019-08-12 15:15:00,1514.9,20191200,1514.9,20191200,1508.2,20191000
2019-08-12 15:30:00,1514.9,20191200,1514.9,20191200,1508.6,20191000
2019-08-12 15:45:00,1514.9,20191200,1514.9,20191200,1508.6,20191000
2019-08-12 16:00:00,1517.4,20191200,1517.4,20191200,1510.6,20191000
2019-08-12 16:15:00,1517.4,20191200,1517.4,20191200,1510.7,20191000
2019-08-12 16:30:00,1517.4,20191200,1517.4,20191200,1510.5,20191000
2019-08-12 16:45:00,1517.4,20191200,1517.4,20191200,1510.9,20191000
2019-08-12 17:00:00,1517.1,20191200,1517.1,20191200,1509.9,20191000
2019-08-12 17:15:00,1517.1,20191200,1517.1,20191200,1510.9,20191000
2019-08-12 17:30:00,1517.1,20191200,1517.1,20191200,1510.4,20191000
2019-08-12 17:45:00,1517.1,20191200,1517.1,20191200,1511.1,20191000
2019-08-12 18:00:00,1517.6,20191200,1517.6,20191200,1510.4,20191000
2019-08-12 18:15:00,1517.6,20191200,1517.6,20191200,1510.8,20191000
2019-08-12 18:30:00,1517.6,20191200,1517.6,20191200,1511.0,20191000
2019-08-12 18:45:00,1517.6,20191200,1517.6,20191200,1511.2,20191000
2019-08-12 19:00:00,1523.3,20191200,1523.3,20191200,1511.1,20191000
2019-08-12 19:15:00,1523.3,20191200,1523.3,20191200,1512.1,20191000
2019-08-12 19:30:00,1523.3,20191200,1523.3,20191200,1522.0,20191000
2019-08-12 19:45:00,1523.3,20191200,1523.3,20191200,1517.2,20191000
2019-08-12 20:00:00,1523.2,20191200,1523.2,20191200,1518.0,20191000
2019-08-12 20:15:00,1523.2,20191200,1523.2,20191200,1517.1,20191000
2019-08-12 20:30:00,1523.2,20191200,1523.2,20191200,1517.4,20191000
2019-08-12 20:45:00,1523.2,20191200,1523.2,20191200,1516.3,20191000
2019-08-12 21:00:00,1522.3,20191200,1522.3,20191200,1516.5,20191000
2019-08-12 21:15:00,1522.3,20191200,1522.3,20191200,1517.7,20191000
2019-08-12 21:30:00,1522.3,20191200,1522.3,20191200,1516.8,20191000
2019-08-12 21:45:00,1522.3,20191200,1522.3,20191200,1516.1,20191000
2019-08-12 23:00:00,1507.9,20191200,1507.9,20191200,1501.4,20191000
2019-08-12 23:15:00,1507.9,20191200,1507.9,20191200,1516.6,20191000
2019-08-12 23:30:00,1507.9,20191200,1507.9,20191200,1516.0,20191000
2019-08-12 23:45:00,1507.9,20191200,1507.9,20191200,1516.1,20191000
2019-08-13 00:00:00,1523.3,20191200,1523.3,20191200,1517.6,20191000
2019-08-13 00:15:00,1523.3,20191200,1523.3,20191200,1517.2,20191000
2019-08-13 00:30:00,1523.3,20191200,1523.3,20191200,1516.4,20191000
2019-08-13 00:45:00,1523.3,20191200,1523.3,20191200,1517.0,20191000
2019-08-13 01:00:00,1522.0,20191200,1522.0,20191200,1516.4,20191000
2019-08-13 01:15:00,1522.0,20191200,1522.0,20191200,1515.7,20191000
2019-08-13 01:30:00,1522.0,20191200,1522.0,20191200,1515.8,20191000
2019-08-13 01:45:00,1522.0,20191200,1522.0,20191200,1515.7,20191000
2019-08-13 02:00:00,1528.9,20191200,1528.9,20191200,1519.3,20191000
2019-08-13 02:15:00,1528.9,20191200,1528.9,20191200,1520.8,20191000
2019-08-13 02:30:00,1528.9,20191200,1528.9,20191200,1522.4,20191000
2019-08-13 02:45:00,1528.9,20191200,1528.9,20191200,1522.5,20191000
2019-08-13 03:00:00,1525.9,20191200,1525.9,20191200,1522.3,20191000
2019-08-13 03:15:00,1525.9,20191200,1525.9,20191200,1521.2,20191000
2019-08-13 03:30:00,1525.9,20191200,1525.9,20191200,1519.8,20191000
2019-08-13 03:45:00,1525.9,20191200,1525.9,20191200,1519.7,20191000
2019-08-13 04:00:00,1527.7,20191200,1527.7,20191200,1520.0,20191000
2019-08-13 04:15:00,1527.7,20191200,1527.7,20191200,1520.8,20191000
2019-08-13 04:30:00,1527.7,20191200,1527.7,20191200,1520.9,20191000
2019-08-13 04:45:00,1527.7,20191200,1527.7,20191200,1521.2,20191000
2019-08-13 05:15:00,1527.7,20191200,1527.7,20191200,1520.6,20191000
2019-08-13 05:30:00,1527.7,20191200,1527.7,20191200,1520.4,20191000
2019-08-13 05:45:00,1527.7,20191200,1527.7,20191200,1521.0,20191000
2019-08-13 06:15:00,1527.7,20191200,1527.7,20191200,1520.5,20191000
2019-08-13 06:30:00,1527.7,20191200,1527.7,20191200,1523.9,20191000
2019-08-13 06:45:00,1527.7,20191200,1527.7,20191200,1524.3,20191000
2019-08-13 07:00:00,1533.4,20191200,1533.4,20191200,1525.4,20191000
2019-08-13 07:15:00,1533.4,20191200,1533.4,20191200,1527.7,20191000
2019-08-13 07:30:00,1533.4,20191200,1533.4,20191200,1528.4,20191000
2019-08-13 07:45:00,1533.4,20191200,1533.4,20191200,1527.0,20191000
2019-08-13 08:00:00,1537.0,20191200,1537.0,20191200,1526.8,20191000
2019-08-13 08:15:00,1537.0,20191200,1537.0,20191200,1528.5,20191000
2019-08-13 08:30:00,1537.0,20191200,1537.0,20191200,1529.1,20191000
2019-08-13 08:45:00,1537.0,20191200,1537.0,20191200,1530.5,20191000
2019-08-13 09:00:00,1534.4,20191200,1534.4,20191200,1529.4,20191000
2019-08-13 09:15:00,1534.4,20191200,1534.4,20191200,1529.3,20191000
2019-08-13 09:30:00,1534.4,20191200,1534.4,20191200,1528.5,20191000
2019-08-13 09:45:00,1534.4,20191200,1534.4,20191200,1527.9,20191000
2019-08-13 10:00:00,1543.4,20191200,1543.4,20191200,1531.0,20191000
2019-08-13 10:15:00,1543.4,20191200,1543.4,20191200,1531.8,20191000
2019-08-13 10:30:00,1543.4,20191200,1543.4,20191200,1533.9,20191000
2019-08-13 10:45:00,1543.4,20191200,1543.4,20191200,1536.9,20191000
2019-08-13 11:00:00,1538.5,20191200,1538.5,20191200,1537.3,20191000
2019-08-13 11:15:00,1538.5,20191200,1538.5,20191200,1536.3,20191000
2019-08-13 11:30:00,1538.5,20191200,1538.5,20191200,1533.8,20191000
2019-08-13 11:45:00,1538.5,20191200,1538.5,20191200,1531.9,20191000
2019-08-13 12:00:00,1536.8,20191200,1536.8,20191200,1531.2,20191000
2019-08-13 12:15:00,1536.8,20191200,1536.8,20191200,1531.3,20191000
2019-08-13 12:30:00,1536.8,20191200,1536.8,20191200,1531.8,20191000
2019-08-13 12:45:00,1536.8,20191200,1536.8,20191200,1530.2,20191000
2019-08-13 13:00:00,1531.0,20191200,1531.0,20191200,1530.0,20191000
2019-08-13 13:15:00,1531.0,20191200,1531.0,20191200,1527.9,20191000
2019-08-13 13:30:00,1531.0,20191200,1531.0,20191200,1526.2,20191000
2019-08-13 13:45:00,1531.0,20191200,1531.0,20191200,1524.6,20191000
2019-08-13 14:00:00,1496.8,20191200,1496.8,20191200,1524.0,20191000
2019-08-13 14:15:00,1496.8,20191200,1496.8,20191200,1522.9,20191000
2019-08-13 14:30:00,1496.8,20191200,1496.8,20191200,1517.7,20191000
2019-08-13 14:45:00,1496.8,20191200,1496.8,20191200,1490.7,20191000
2019-08-13 15:00:00,1515.4,20191200,1515.4,20191200,1500.8,20191000
2019-08-13 15:15:00,1515.4,20191200,1515.4,20191200,1499.8,20191000
2019-08-13 15:30:00,1515.4,20191200,1515.4,20191200,1503.4,20191000
2019-08-13 15:45:00,1515.4,20191200,1515.4,20191200,1509.4,20191000
2019-08-13 16:00:00,1512.9,20191200,1512.9,20191200,1505.8,20191000
2019-08-13 16:15:00,1512.9,20191200,1512.9,20191200,1507.7,20191000
2019-08-13 16:30:00,1512.9,20191200,1512.9,20191200,1504.7,20191000
2019-08-13 16:45:00,1512.9,20191200,1512.9,20191200,1507.1,20191000
2019-08-13 17:00:00,1513.0,20191200,1513.0,20191200,1507.3,20191000
2019-08-13 17:15:00,1513.0,20191200,1513.0,20191200,1506.6,20191000
2019-08-13 17:30:00,1513.0,20191200,1513.0,20191200,1506.3,20191000
2019-08-13 17:45:00,1513.0,20191200,1513.0,20191200,1506.8,20191000
2019-08-13 18:00:00,1512.3,20191200,1512.3,20191200,1504.2,20191000
2019-08-13 18:15:00,1512.3,20191200,1512.3,20191200,1507.7,20191000
2019-08-13 18:30:00,1512.3,20191200,1512.3,20191200,1506.0,20191000
2019-08-13 18:45:00,1512.3,20191200,1512.3,20191200,1505.9,20191000
2019-08-13 19:00:00,1512.1,20191200,1512.1,20191200,1506.1,20191000
2019-08-13 19:15:00,1512.1,20191200,1512.1,20191200,1504.0,20191000
2019-08-13 19:30:00,1512.1,20191200,1512.1,20191200,1505.1,20191000
2019-08-13 19:45:00,1512.1,20191200,1512.1,20191200,1505.8,20191000
2019-08-13 20:00:00,1513.7,20191200,1513.7,20191200,1506.8,20191000
2019-08-13 20:15:00,1513.7,20191200,1513.7,20191200,1506.5,20191000
2019-08-13 20:30:00,1513.7,20191200,1513.7,20191200,1508.0,20191000
2019-08-13 20:45:00,1513.7,20191200,1513.7,20191200,1507.6,20191000
2019-08-13 21:00:00,1512.4,20191200,1512.4,20191200,1506.7,20191000
2019-08-13 21:15:00,1512.4,20191200,1512.4,20191200,1505.4,20191000
2019-08-13 21:30:00,1512.4,20191200,1512.4,20191200,1504.7,20191000
2019-08-13 21:45:00,1512.4,20191200,1512.4,20191200,1506.2,20191000
2019-08-13 23:00:00,1530.7,20191200,1530.7,20191200,1520.7,20191000
2019-08-13 23:15:00,1530.7,20191200,1530.7,20191200,1505.5,20191000
2019-08-13 23:30:00,1530.7,20191200,1530.7,20191200,1505.2,20191000
2019-08-13 23:45:00,1530.7,20191200,1530.7,20191200,1506.2,20191000
2019-08-14 00:00:00,1511.7,20191200,1511.7,20191200,1505.9,20191000
2019-08-14 00:15:00,1511.7,20191200,1511.7,20191200,1507.0,20191000
2019-08-14 00:30:00,1511.7,20191200,1511.7,20191200,1507.2,20191000
2019-08-14 00:45:00,1511.7,20191200,1511.7,20191200,1505.5,20191000
2019-08-14 01:00:00,1514.0,20191200,1514.0,20191200,1506.0,20191000
2019-08-14 01:15:00,1514.0,20191200,1514.0,20191200,1506.1,20191000
2019-08-14 01:30:00,1514.0,20191200,1514.0,20191200,1507.0,20191000
2019-08-14 01:45:00,1514.0,20191200,1514.0,20191200,1506.9,20191000
2019-08-14 02:00:00,1506.1,20191200,1506.1,20191200,1505.5,20191000
2019-08-14 02:15:00,1506.1,20191200,1506.1,20191200,1502.1,20191000
2019-08-14 02:30:00,1506.1,20191200,1506.1,20191200,1500.5,20191000
2019-08-14 02:45:00,1506.1,20191200,1506.1,20191200,1500.0,20191000
2019-08-14 03:00:00,1511.9,20191200,1511.9,20191200,1504.2,20191000
2019-08-14 03:15:00,1511.9,20191200,1511.9,20191200,1503.9,20191000
2019-08-14 03:30:00,1511.9,20191200,1511.9,20191200,1505.8,20191000
2019-08-14 03:45:00,1511.9,20191200,1511.9,20191200,1506.0,20191000
2019-08-14 04:00:00,1512.7,20191200,1512.7,20191200,1505.4,20191000
2019-08-14 04:15:00,1512.7,20191200,1512.7,20191200,1506.3,20191000
2019-08-14 04:30:00,1512.7,20191200,1512.7,20191200,1506.3,20191000
2019-08-14 04:45:00,1512.7,20191200,1512.7,20191200,1506.6,20191000
2019-08-14 05:15:00,1512.7,20191200,1512.7,20191200,1503.8,20191000
2019-08-14 05:30:00,1512.7,20191200,1512.7,20191200,1504.4,20191000
2019-08-14 05:45:00,1512.7,20191200,1512.7,20191200,1502.4,20191000
2019-08-14 06:15:00,1512.7,20191200,1512.7,20191200,1503.6,20191000
2019-08-14 06:30:00,1512.7,20191200,1512.7,20191200,1504.3,20191000
2019-08-14 06:45:00,1512.7,20191200,1512.7,20191200,1504.8,20191000
2019-08-14 07:00:00,1508.0,20191200,1508.0,20191200,1506.5,20191000
2019-08-14 07:15:00,1508.0,20191200,1508.0,20191200,1502.2,20191000
2019-08-14 07:30:00,1508.0,20191200,1508.0,20191200,1502.0,20191000
2019-08-14 07:45:00,1508.0,20191200,1508.0,20191200,1501.7,20191000
2019-08-14 08:00:00,1508.6,20191200,1508.6,20191200,1504.6,20191000
2019-08-14 08:15:00,1508.6,20191200,1508.6,20191200,1505.0,20191000
2019-08-14 08:30:00,1508.6,20191200,1508.6,20191200,1504.8,20191000
2019-08-14 08:45:00,1508.6,20191200,1508.6,20191200,1503.3,20191000
2019-08-14 09:00:00,1511.5,20191200,1511.5,20191200,1503.2,20191000
2019-08-14 09:15:00,1511.5,20191200,1511.5,20191200,1504.6,20191000
2019-08-14 09:30:00,1511.5,20191200,1511.5,20191200,1506.0,20191000
2019-08-14 09:45:00,1511.5,20191200,1511.5,20191200,1505.4,20191000
2019-08-14 10:00:00,1511.6,20191200,1511.6,20191200,1505.3,20191000
2019-08-14 10:15:00,1511.6,20191200,1511.6,20191200,1504.8,20191000
2019-08-14 10:30:00,1511.6,20191200,1511.6,20191200,1505.5,20191000
2019-08-14 10:45:00,1511.6,20191200,1511.6,20191200,1505.5,20191000
2019-08-14 11:00:00,1521.0,20191200,1521.0,20191200,1510.1,20191000
2019-08-14 11:15:00,1521.0,20191200,1521.0,20191200,1512.1,20191000
2019-08-14 11:30:00,1521.0,20191200,1521.0,20191200,1512.3,20191000
2019-08-14 11:45:00,1521.0,20191200,1521.0,20191200,1514.7,20191000
2019-08-14 12:00:00,1526.5,20191200,1526.5,20191200,1514.0,20191000
2019-08-14 12:15:00,1526.5,20191200,1526.5,20191200,1513.5,20191000
2019-08-14 12:30:00,1526.5,20191200,1526.5,20191200,1519.0,20191000
2019-08-14 12:45:00,1526.5,20191200,1526.5,20191200,1520.1,20191000
2019-08-14 13:00:00,1523.3,20191200,1523.3,20191200,1519.0,20191000
2019-08-14 13:15:00,1523.3,20191200,1523.3,20191200,1516.3,20191000
2019-08-14 13:30:00,1523.3,20191200,1523.3,20191200,1516.9,20191000
2019-08-14 13:45:00,1523.3,20191200,1523.3,20191200,1517.4,20191000
2019-08-14 14:00:00,1523.9,20191200,1523.9,20191200,1518.6,20191000
2019-08-14 14:15:00,1523.9,20191200,1523.9,20191200,1519.6,20191000
2019-08-14 14:30:00,1523.9,20191200,1523.9,20191200,1521.2,20191000
2019-08-14 14:45:00,1523.9,20191200,1523.9,20191200,1517.5,20191000
2019-08-14 15:00:00,1526.2,20191200,1526.2,20191200,1513.0,20191000
2019-08-14 15:15:00,1526.2,20191200,1526.2,20191200,1516.0,20191000
2019-08-14 15:30:00,1526.2,20191200,1526.2,20191200,1517.8,20191000
2019-08-14 15:45:00,1526.2,20191200,1526.2,20191200,1520.0,20191000
2019-08-14 16:00:00,1529.0,20191200,1529.0,20191200,1524.6,20191000
2019-08-14 16:15:00,1529.0,20191200,1529.0,20191200,1521.4,20191000
2019-08-14 16:30:00,1529.0,20191200,1529.0,20191200,1521.9,20191000
2019-08-14 16:45:00,1529.0,20191200,1529.0,20191200,1522.9,20191000
2019-08-14 17:00:00,1533.9,20191200,1533.9,20191200,1523.3,20191000
2019-08-14 17:15:00,1533.9,20191200,1533.9,20191200,1523.8,20191000
2019-08-14 17:30:00,1533.9,20191200,1533.9,20191200,1526.2,20191000
2019-08-14 17:45:00,1533.9,20191200,1533.9,20191200,1527.8,20191000
2019-08-14 18:00:00,1526.7,20191200,1526.7,20191200,1525.9,20191000
2019-08-14 18:15:00,1526.7,20191200,1526.7,20191200,1521.7,20191000
2019-08-14 18:30:00,1526.7,20191200,1526.7,20191200,1518.5,20191000
2019-08-14 18:45:00,1526.7,20191200,1526.7,20191200,1520.6,20191000
2019-08-14 19:00:00,1529.0,20191200,1529.0,20191200,1522.5,20191000
2019-08-14 19:15:00,1529.0,20191200,1529.0,20191200,1523.3,20191000
2019-08-14 19:30:00,1529.0,20191200,1529.0,20191200,1524.6,20191000
2019-08-14 19:45:00,1529.0,20191200,1529.0,20191200,1522.8,20191000
2019-08-14 20:00:00,1524.6,20191200,1524.6,20191200,1520.6,20191000
2019-08-14 20:15:00,1524.6,20191200,1524.6,20191200,1520.0,20191000
2019-08-14 20:30:00,1524.6,20191200,1524.6,20191200,1519.0,20191000
2019-08-14 20:45:00,1524.6,20191200,1524.6,20191200,1518.3,20191000
2019-08-14 21:00:00,1527.3,20191200,1527.3,20191200,1518.5,20191000
2019-08-14 21:15:00,1527.3,20191200,1527.3,20191200,1518.6,20191000
2019-08-14 21:30:00,1527.3,20191200,1527.3,20191200,1518.5,20191000
2019-08-14 21:45:00,1527.3,20191200,1527.3,20191200,1521.3,20191000
2019-08-14 23:00:00,1511.2,20191200,1511.2,20191200,1502.8,20191000
2019-08-14 23:15:00,1511.2,20191200,1511.2,20191200,1523.9,20191000
2019-08-14 23:30:00,1511.2,20191200,1511.2,20191200,1521.6,20191000
2019-08-14 23:45:00,1511.2,20191200,1511.2,20191200,1521.6,20191000
2019-08-15 00:00:00,1527.5,20191200,1527.5,20191200,1522.4,20191000
2019-08-15 00:15:00,1527.5,20191200,1527.5,20191200,1521.5,20191000
2019-08-15 00:30:00,1527.5,20191200,1527.5,20191200,1520.0,20191000
2019-08-15 00:45:00,1527.5,20191200,1527.5,20191200,1521.5,20191000
2019-08-15 01:00:00,1527.5,20191200,1527.5,20191200,1522.2,20191000
2019-08-15 01:15:00,1527.5,20191200,1527.5,20191200,1520.9,20191000
2019-08-15 01:30:00,1527.5,20191200,1527.5,20191200,1521.8,20191000
2019-08-15 01:45:00,1527.5,20191200,1527.5,20191200,1521.1,20191000
2019-08-15 02:00:00,1530.0,20191200,1530.0,20191200,1525.8,20191000
2019-08-15 02:15:00,1530.0,20191200,1530.0,20191200,1525.8,20191000
2019-08-15 02:30:00,1530.0,20191200,1530.0,20191200,1525.1,20191000
2019-08-15 02:45:00,1530.0,20191200,1530.0,20191200,1523.6,20191000
2019-08-15 03:00:00,1530.8,20191200,1530.8,20191200,1525.0,20191000
2019-08-15 03:15:00,1530.8,20191200,1530.8,20191200,1525.0,20191000
2019-08-15 03:30:00,1530.8,20191200,1530.8,20191200,1525.0,20191000
2019-08-15 03:45:00,1530.8,20191200,1530.8,20191200,1524.5,20191000
2019-08-15 04:00:00,1531.2,20191200,1531.2,20191200,1523.9,20191000
2019-08-15 04:15:00,1531.2,20191200,1531.2,20191200,1522.0,20191000
2019-08-15 04:30:00,1531.2,20191200,1531.2,20191200,1523.1,20191000
2019-08-15 04:45:00,1531.2,20191200,1531.2,20191200,1525.2,20191000
2019-08-15 05:15:00,1531.2,20191200,1531.2,20191200,1525.4,20191000
2019-08-15 05:30:00,1531.2,20191200,1531.2,20191200,1525.6,20191000
2019-08-15 05:45:00,1531.2,20191200,1531.2,20191200,1524.8,20191000
2019-08-15 06:15:00,1531.2,20191200,1531.2,20191200,1524.0,20191000
2019-08-15 06:30:00,1531.2,20191200,1531.2,20191200,1526.0,20191000
2019-08-15 06:45:00,1531.2,20191200,1531.2,20191200,1522.7,20191000
2019-08-15 07:00:00,1524.4,20191200,1524.4,20191200,1522.2,20191000
2019-08-15 07:15:00,1524.4,20191200,1524.4,20191200,1519.0,20191000
2019-08-15 07:30:00,1524.4,20191200,1524.4,20191200,1515.6,20191000
2019-08-15 07:45:00,1524.4,20191200,1524.4,20191200,1518.4,20191000
2019-08-15 08:00:00,1523.0,20191200,1523.0,20191200,1519.6,20191000
2019-08-15 08:15:00,1523.0,20191200,1523.0,20191200,1517.1,20191000
2019-08-15 08:30:00,1523.0,20191200,1523.0,20191200,1516.4,20191000
2019-08-15 08:45:00,1523.0,20191200,1523.0,20191200,1516.8,20191000
2019-08-15 09:00:00,1526.4,20191200,1526.4,20191200,1517.3,20191000
2019-08-15 09:15:00,1526.4,20191200,1526.4,20191200,1517.9,20191000
2019-08-15 09:30:00,1526.4,20191200,1526.4,20191200,1518.0,20191000
2019-08-15 09:45:00,1526.4,20191200,1526.4,20191200,1520.3,20191000
2019-08-15 10:00:00,1529.0,20191200,1529.0,20191200,1522.6,20191000
2019-08-15 10:15:00,1529.0,20191200,1529.0,20191200,1522.5,20191000
2019-08-15 10:30:00,1529.0,20191200,1529.0,20191200,1524.2,20191000
2019-08-15 10:45:00,1529.0,20191200,1529.0,20191200,1522.9,20191000
2019-08-15 11:00:00,1531.1,20191200,1531.1,20191200,1525.1,20191000
2019-08-15 11:15:00,1531.1,20191200,1531.1,20191200,1524.5,20191000
2019-08-15 11:30:00,1531.1,20191200,1531.1,20191200,1525.4,20191000
2019-08-15 11:45:00,1531.1,20191200,1531.1,20191200,1525.1,20191000
2019-08-15 12:00:00,1525.7,20191200,1525.7,20191200,1523.6,20191000
2019-08-15 12:15:00,1525.7,20191200,1525.7,20191200,1517.2,20191000
2019-08-15 12:30:00,1525.7,20191200,1525.7,20191200,1517.1,20191000
2019-08-15 12:45:00,1525.7,20191200,1525.7,20191200,1519.5,20191000
2019-08-15 13:00:00,1522.0,20191200,1522.0,20191200,1517.3,20191000
2019-08-15 13:15:00,1522.0,20191200,1522.0,20191200,1518.2,20191000
2019-08-15 13:30:00,1522.0,20191200,1522.0,20191200,1515.5,20191000
2019-08-15 13:45:00,1522.0,20191200,1522.0,20191200,1516.2,20191000
2019-08-15 14:00:00,1525.7,20191200,1525.7,20191200,1517.0,20191000
2019-08-15 14:15:00,1525.7,20191200,1525.7,20191200,1520.3,20191000
2019-08-15 14:30:00,1525.7,20191200,1525.7,20191200,1521.3,20191000
2019-08-15 14:45:00,1525.7,20191200,1525.7,20191200,1520.4,20191000
2019-08-15 15:00:00,1529.2,20191200,1529.2,20191200,1520.8,20191000
2019-08-15 15:15:00,1529.2,20191200,1529.2,20191200,1521.0,20191000
2019-08-15 15:30:00,1529.2,20191200,1529.2,20191200,1524.3,20191000
2019-08-15 15:45:00,1529.2,20191200,1529.2,20191200,1523.2,20191000
2019-08-15 16:00:00,1529.8,20191200,1529.8,20191200,1522.7,20191000
2019-08-15 16:15:00,1529.8,20191200,1529.8,20191200,1521.7,20191000
2019-08-15 16:30:00,1529.8,20191200,1529.8,20191200,1522.6,20191000
2019-08-15 16:45:00,1529.8,20191200,1529.8,20191200,1523.5,20191000
2019-08-15 17:00:00,1531.1,20191200,1531.1,20191200,1525.0,20191000
2019-08-15 17:15:00,1531.1,20191200,1531.1,20191200,1524.0,20191000
2019-08-15 17:30:00,1531.1,20191200,1531.1,20191200,1525.1,20191000
2019-08-15 17:45:00,1531.1,20191200,1531.1,20191200,1524.8,20191000
2019-08-15 18:00:00,1534.5,20191200,1534.5,20191200,1523.4,20191000
2019-08-15 18:15:00,1534.5,20191200,1534.5,20191200,1524.9,20191000
2019-08-15 18:30:00,1534.5,20191200,1534.5,20191200,1526.2,20191000
2019-08-15 18:45:00,1534.5,20191200,1534.5,20191200,1528.1,20191000
2019-08-15 19:00:00,1533.4,20191200,1533.4,20191200,1527.7,20191000
2019-08-15 19:15:00,1533.4,20191200,1533.4,20191200,1528.0,20191000
2019-08-15 19:30:00,1533.4,20191200,1533.4,20191200,1526.9,20191000
2019-08-15 19:45:00,1533.4,20191200,1533.4,20191200,1527.1,20191000
2019-08-15 20:00:00,1533.8,20191200,1533.8,20191200,1525.3,20191000
2019-08-15 20:15:00,1533.8,20191200,1533.8,20191200,1525.2,20191000
2019-08-15 20:30:00,1533.8,20191200,1533.8,20191200,1526.4,20191000
2019-08-15 20:45:00,1533.8,20191200,1533.8,20191200,1527.9,20191000
2019-08-15 21:00:00,1533.9,20191200,1533.9,20191200,1527.7,20191000
2019-08-15 21:15:00,1533.9,20191200,1533.9,20191200,1528.8,20191000
2019-08-15 21:30:00,1533.9,20191200,1533.9,20191200,1528.7,20191000
2019-08-15 21:45:00,1533.9,20191200,1533.9,20191200,1527.9,20191000
2019-08-15 23:00:00,1528.6,20191200,1528.6,20191200,1524.5,20191000
2019-08-15 23:15:00,1528.6,20191200,1528.6,20191200,1526.8,20191000
2019-08-15 23:30:00,1528.6,20191200,1528.6,20191200,1526.8,20191000
2019-08-15 23:45:00,1528.6,20191200,1528.6,20191200,1526.2,20191000
2019-08-16 00:00:00,1537.0,20191200,1537.0,20191200,1526.6,20191000
2019-08-16 00:15:00,1537.0,20191200,1537.0,20191200,1526.3,20191000
2019-08-16 00:30:00,1537.0,20191200,1537.0,20191200,1527.4,20191000
2019-08-16 00:45:00,1537.0,20191200,1537.0,20191200,1531.2,20191000
2019-08-16 01:00:00,1535.8,20191200,1535.8,20191200,1529.8,20191000
2019-08-16 01:15:00,1535.8,20191200,1535.8,20191200,1530.8,20191000
2019-08-16 01:30:00,1535.8,20191200,1535.8,20191200,1531.9,20191000
2019-08-16 01:45:00,1535.8,20191200,1535.8,20191200,1529.7,20191000
2019-08-16 02:00:00,1532.3,20191200,1532.3,20191200,1529.2,20191000
2019-08-16 02:15:00,1532.3,20191200,1532.3,20191200,1528.5,20191000
2019-08-16 02:30:00,1532.3,20191200,1532.3,20191200,1527.0,20191000
2019-08-16 02:45:00,1532.3,20191200,1532.3,20191200,1526.1,20191000
2019-08-16 03:00:00,1528.2,20191200,1528.2,20191200,1526.5,20191000
2019-08-16 03:15:00,1528.2,20191200,1528.2,20191200,1525.8,20191000
2019-08-16 03:30:00,1528.2,20191200,1528.2,20191200,1522.8,20191000
2019-08-16 03:45:00,1528.2,20191200,1528.2,20191200,1522.1,20191000
2019-08-16 04:00:00,1531.5,20191200,1531.5,20191200,1524.0,20191000
2019-08-16 04:15:00,1531.5,20191200,1531.5,20191200,1525.3,20191000
2019-08-16 04:30:00,1531.5,20191200,1531.5,20191200,1525.0,20191000
2019-08-16 04:45:00,1531.5,20191200,1531.5,20191200,1525.1,20191000
2019-08-16 05:15:00,1531.5,20191200,1531.5,20191200,1525.2,20191000
2019-08-16 05:30:00,1531.5,20191200,1531.5,20191200,1525.9,20191000
2019-08-16 05:45:00,1531.5,20191200,1531.5,20191200,1525.9,20191000
2019-08-16 06:15:00,1531.5,20191200,1531.5,20191200,1523.5,20191000
2019-08-16 06:30:00,1531.5,20191200,1531.5,20191200,1523.3,20191000
2019-08-16 06:45:00,1531.5,20191200,1531.5,20191200,1523.3,20191000
2019-08-16 07:00:00,1525.9,20191200,1525.9,20191200,1522.7,20191000
2019-08-16 07:15:00,1525.9,20191200,1525.9,20191200,1519.5,20191000
2019-08-16 07:30:00,1525.9,20191200,1525.9,20191200,1519.4,20191000
2019-08-16 07:45:00,1525.9,20191200,1525.9,20191200,1519.9,20191000
2019-08-16 08:00:00,1525.8,20191200,1525.8,20191200,1519.7,20191000
2019-08-16 08:15:00,1525.8,20191200,1525.8,20191200,1518.7,20191000
2019-08-16 08:30:00,1525.8,20191200,1525.8,20191200,1520.5,20191000
2019-08-16 08:45:00,1525.8,20191200,1525.8,20191200,1519.3,20191000
2019-08-16 09:00:00,1521.2,20191200,1521.2,20191200,1517.2,20191000
2019-08-16 09:15:00,1521.2,20191200,1521.2,20191200,1517.4,20191000
2019-08-16 09:30:00,1521.2,20191200,1521.2,20191200,1515.0,20191000
2019-08-16 09:45:00,1521.2,20191200,1521.2,20191200,1515.2,20191000
2019-08-16 10:00:00,1519.8,20191200,1519.8,20191200,1511.8,20191000
2019-08-16 10:15:00,1519.8,20191200,1519.8,20191200,1512.9,20191000
2019-08-16 10:30:00,1519.8,20191200,1519.8,20191200,1513.6,20191000
2019-08-16 10:45:00,1519.8,20191200,1519.8,20191200,1513.5,20191000
2019-08-16 11:00:00,1522.7,20191200,1522.7,20191200,1516.1,20191000
2019-08-16 11:15:00,1522.7,20191200,1522.7,20191200,1516.6,20191000
2019-08-16 11:30:00,1522.7,20191200,1522.7,20191200,1516.6,20191000
2019-08-16 11:45:00,1522.7,20191200,1522.7,20191200,1516.7,20191000
2019-08-16 12:00:00,1524.1,20191200,1524.1,20191200,1517.6,20191000
2019-08-16 12:15:00,1524.1,20191200,1524.1,20191200,1518.0,20191000
2019-08-16 12:30:00,1524.1,20191200,1524.1,20191200,1518.0,20191000
2019-08-16 12:45:00,1524.1,20191200,1524.1,20191200,1518.2,20191000
2019-08-16 13:00:00,1520.2,20191200,1520.2,20191200,1515.4,20191000
2019-08-16 13:15:00,1520.2,20191200,1520.2,20191200,1517.4,20191000
2019-08-16 13:30:00,1520.2,20191200,1520.2,20191200,1516.9,20191000
2019-08-16 13:45:00,1520.2,20191200,1520.2,20191200,1514.7,20191000
2019-08-16 14:00:00,1524.8,20191200,1524.8,20191200,1517.6,20191000
2019-08-16 14:15:00,1524.8,20191200,1524.8,20191200,1517.7,20191000
2019-08-16 14:30:00,1524.8,20191200,1524.8,20191200,1518.6,20191000
2019-08-16 14:45:00,1524.8,20191200,1524.8,20191200,1518.8,20191000
2019-08-16 15:00:00,1515.1,20191200,1515.1,20191200,1517.5,20191000
2019-08-16 15:15:00,1515.1,20191200,1515.1,20191200,1518.5,20191000
2019-08-16 15:30:00,1515.1,20191200,1515.1,20191200,1513.0,20191000
2019-08-16 15:45:00,1515.1,20191200,1515.1,20191200,1508.9,20191000
2019-08-16 16:00:00,1520.1,20191200,1520.1,20191200,1511.8,20191000
2019-08-16 16:15:00,1520.1,20191200,1520.1,20191200,1513.6,20191000
2019-08-16 16:30:00,1520.1,20191200,1520.1,20191200,1513.5,20191000
2019-08-16 16:45:00,1520.1,20191200,1520.1,20191200,1513.9,20191000
2019-08-16 17:00:00,1523.3,20191200,1523.3,20191200,1516.5,20191000
2019-08-16 17:15:00,1523.3,20191200,1523.3,20191200,1514.5,20191000
2019-08-16 17:30:00,1523.3,20191200,1523.3,20191200,1516.5,20191000
2019-08-16 17:45:00,1523.3,20191200,1523.3,20191200,1517.6,20191000
2019-08-16 18:00:00,1524.9,20191200,1524.9,20191200,1517.0,20191000
2019-08-16 18:15:00,1524.9,20191200,1524.9,20191200,1517.6,20191000
2019-08-16 18:30:00,1524.9,20191200,1524.9,20191200,1518.9,20191000
2019-08-16 18:45:00,1524.9,20191200,1524.9,20191200,1519.0,20191000
2019-08-16 19:00:00,1524.6,20191200,1524.6,20191200,1518.5,20191000
2019-08-16 19:15:00,1524.6,20191200,1524.6,20191200,1518.7,20191000
2019-08-16 19:30:00,1524.6,20191200,1524.6,20191200,1520.0,20191000
2019-08-16 19:45:00,1524.6,20191200,1524.6,20191200,1518.9,20191000
2019-08-16 20:00:00,1524.5,20191200,1524.5,20191200,1518.7,20191000
2019-08-16 20:15:00,1524.5,20191200,1524.5,20191200,1517.1,20191000
2019-08-16 20:30:00,1524.5,20191200,1524.5,20191200,1516.6,20191000
2019-08-16 20:45:00,1524.5,20191200,1524.5,20191200,1518.6,20191000
2019-08-16 21:00:00,1523.6,20191200,1523.6,20191200,1517.5,20191000
2019-08-16 21:15:00,1523.6,20191200,1523.6,20191200,1517.3,20191000
2019-08-16 21:30:00,1523.6,20191200,1523.6,20191200,1516.6,20191000
2019-08-16 21:45:00,1523.6,20191200,1523.6,20191200,1517.8,20191000
2019-08-16 23:00:00,1529.8,20191200,1529.8,20191200,1525.9,20191000
2019-08-18 23:00:00,1519.9,20191200,1519.9,20191200,1515.8,20191000
2019-08-18 23:15:00,1519.9,20191200,1519.9,20191200,1515.2,20191000
2019-08-18 23:30:00,1519.9,20191200,1519.9,20191200,1514.2,20191000
2019-08-18 23:45:00,1519.9,20191200,1519.9,20191200,1513.8,20191000
2019-08-19 00:00:00,1519.6,20191200,1519.6,20191200,1514.0,20191000
2019-08-19 00:15:00,1519.6,20191200,1519.6,20191200,1514.0,20191000
2019-08-19 00:30:00,1519.6,20191200,1519.6,20191200,1515.2,20191000
2019-08-19 00:45:00,1519.6,20191200,1519.6,20191200,1513.9,20191000
2019-08-19 01:00:00,1520.2,20191200,1520.2,20191200,1514.2,20191000
2019-08-19 01:15:00,1520.2,20191200,1520.2,20191200,1513.1,20191000
2019-08-19 01:30:00,1520.2,20191200,1520.2,20191200,1513.6,20191000
2019-08-19 01:45:00,1520.2,20191200,1520.2,20191200,1514.1,20191000
2019-08-19 02:00:00,1519.2,20191200,1519.2,20191200,1510.9,20191000
2019-08-19 02:15:00,1519.2,20191200,1519.2,20191200,1510.4,20191000
2019-08-19 02:30:00,1519.2,20191200,1519.2,20191200,1511.4,20191000
2019-08-19 02:45:00,1519.2,20191200,1519.2,20191200,1513.1,20191000
2019-08-19 03:00:00,1519.2,20191200,1519.2,20191200,1514.8,20191000
2019-08-19 03:15:00,1519.2,20191200,1519.2,20191200,1513.6,20191000
2019-08-19 03:30:00,1519.2,20191200,1519.2,20191200,1513.0,20191000
2019-08-19 03:45:00,1519.2,20191200,1519.2,20191200,1513.3,20191000
2019-08-19 04:00:00,1519.1,20191200,1519.1,20191200,1513.1,20191000
2019-08-19 04:15:00,1519.1,20191200,1519.1,20191200,1513.0,20191000
2019-08-19 04:30:00,1519.1,20191200,1519.1,20191200,1512.5,20191000
2019-08-19 04:45:00,1519.1,20191200,1519.1,20191200,1513.1,20191000
2019-08-19 05:15:00,1519.1,20191200,1519.1,20191200,1513.0,20191000
2019-08-19 05:30:00,1519.1,20191200,1519.1,20191200,1513.3,20191000
2019-08-19 05:45:00,1519.1,20191200,1519.1,20191200,1513.5,20191000
2019-08-19 06:15:00,1519.1,20191200,1519.1,20191200,1514.0,20191000
2019-08-19 06:30:00,1519.1,20191200,1519.1,20191200,1511.8,20191000
2019-08-19 06:45:00,1519.1,20191200,1519.1,20191200,1511.0,20191000
2019-08-19 07:00:00,1517.6,20191200,1517.6,20191200,1512.3,20191000
2019-08-19 07:15:00,1517.6,20191200,1517.6,20191200,1512.6,20191000
2019-08-19 07:30:00,1517.6,20191200,1517.6,20191200,1513.3,20191000
2019-08-19 07:45:00,1517.6,20191200,1517.6,20191200,1511.2,20191000
2019-08-19 08:00:00,1516.1,20191200,1516.1,20191200,1511.2,20191000
2019-08-19 08:15:00,1516.1,20191200,1516.1,20191200,1512.1,20191000
2019-08-19 08:30:00,1516.1,20191200,1516.1,20191200,1512.3,20191000
2019-08-19 08:45:00,1516.1,20191200,1516.1,20191200,1510.3,20191000
2019-08-19 09:00:00,1511.3,20191200,1511.3,20191200,1506.1,20191000
2019-08-19 09:15:00,1511.3,20191200,1511.3,20191200,1505.4,20191000
2019-08-19 09:30:00,1511.3,20191200,1511.3,20191200,1505.1,20191000
2019-08-19 09:45:00,1511.3,20191200,1511.3,20191200,1505.8,20191000
2019-08-19 10:00:00,1508.1,20191200,1508.1,20191200,1503.9,20191000
2019-08-19 10:15:00,1508.1,20191200,1508.1,20191200,1503.7,20191000
2019-08-19 10:30:00,1508.1,20191200,1508.1,20191200,1503.7,20191000
2019-08-19 10:45:00,1508.1,20191200,1508.1,20191200,1502.7,20191000
2019-08-19 11:00:00,1510.2,20191200,1510.2,20191200,1503.3,20191000
2019-08-19 11:15:00,1510.2,20191200,1510.2,20191200,1504.4,20191000
2019-08-19 11:30:00,1510.2,20191200,1510.2,20191200,1504.6,20191000
2019-08-19 11:45:00,1510.2,20191200,1510.2,20191200,1504.4,20191000
2019-08-19 12:00:00,1504.2,20191200,1504.2,20191200,1503.4,20191000
2019-08-19 12:15:00,1504.2,20191200,1504.2,20191200,1501.2,20191000
2019-08-19 12:30:00,1504.2,20191200,1504.2,20191200,1497.7,20191000
2019-08-19 12:45:00,1504.2,20191200,1504.2,20191200,1498.3,20191000
2019-08-19 13:00:00,1507.9,20191200,1507.9,20191200,1501.5,20191000
2019-08-19 13:15:00,1507.9,20191200,1507.9,20191200,1502.8,20191000
2019-08-19 13:30:00,1507.9,20191200,1507.9,20191200,1502.1,20191000
2019-08-19 13:45:00,1507.9,20191200,1507.9,20191200,1501.9,20191000
2019-08-19 14:00:00,1507.0,20191200,1507.0,20191200,1503.3,20191000
2019-08-19 14:15:00,1507.0,20191200,1507.0,20191200,1502.6,20191000
2019-08-19 14:30:00,1507.0,20191200,1507.0,20191200,1500.7,20191000
2019-08-19 14:45:00,1507.0,20191200,1507.0,20191200,1500.8,20191000
2019-08-19 15:00:00,1511.3,20191200,1511.3,20191200,1505.6,20191000
2019-08-19 15:15:00,1511.3,20191200,1511.3,20191200,1505.4,20191000
2019-08-19 15:30:00,1511.3,20191200,1511.3,20191200,1507.7,20191000
2019-08-19 15:45:00,1511.3,20191200,1511.3,20191200,1505.0,20191000
2019-08-19 16:00:00,1512.6,20191200,1512.6,20191200,1505.3,20191000
2019-08-19 16:15:00,1512.6,20191200,1512.6,20191200,1504.8,20191000
2019-08-19 16:30:00,1512.6,20191200,1512.6,20191200,1505.6,20191000
2019-08-19 16:45:00,1512.6,20191200,1512.6,20191200,1506.5,20191000
2019-08-19 17:00:00,1512.0,20191200,1512.0,20191200,1506.7,20191000
2019-08-19 17:15:00,1512.0,20191200,1512.0,20191200,1506.0,20191000
2019-08-19 17:30:00,1512.0,20191200,1512.0,20191200,1506.4,20191000
2019-08-19 17:45:00,1512.0,20191200,1512.0,20191200,1506.0,20191000
2019-08-19 18:00:00,1508.7,20191200,1508.7,20191200,1506.0,20191000
2019-08-19 18:15:00,1508.7,20191200,1508.7,20191200,1505.4,20191000
2019-08-19 18:30:00,1508.7,20191200,1508.7,20191200,1504.2,20191000
2019-08-19 18:45:00,1508.7,20191200,1508.7,20191200,1503.0,20191000
2019-08-19 19:00:00,1505.4,20191200,1505.4,20191200,1503.5,20191000
2019-08-19 19:15:00,1505.4,20191200,1505.4,20191200,1501.7,20191000
2019-08-19 19:30:00,1505.4,20191200,1505.4,20191200,1501.4,20191000
2019-08-19 19:45:00,1505.4,20191200,1505.4,20191200,1499.2,20191000
2019-08-19 20:00:00,1506.4,20191200,1506.4,20191200,1499.3,20191000
2019-08-19 20:15:00,1506.4,20191200,1506.4,20191200,1499.3,20191000
2019-08-19 20:30:00,1506.4,20191200,1506.4,20191200,1498.7,20191000
2019-08-19 20:45:00,1506.4,20191200,1506.4,20191200,1500.3,20191000
2019-08-19 21:00:00,1505.7,20191200,1505.7,20191200,1500.1,20191000
2019-08-19 21:15:00,1505.7,20191200,1505.7,20191200,1500.1,20191000
2019-08-19 21:30:00,1505.7,20191200,1505.7,20191200,1500.6,20191000
2019-08-19 21:45:00,1505.7,20191200,1505.7,20191200,1500.0,20191000
2019-08-19 23:00:00,1517.3,20191200,1517.3,20191200,1513.5,20191000
2019-08-19 23:15:00,1517.3,20191200,1517.3,20191200,1501.5,20191000
2019-08-19 23:30:00,1517.3,20191200,1517.3,20191200,1500.0,20191000
2019-08-19 23:45:00,1517.3,20191200,1517.3,20191200,1498.6,20191000
2019-08-20 00:00:00,1506.2,20191200,1506.2,20191200,1499.1,20191000
2019-08-20 00:15:00,1506.2,20191200,1506.2,20191200,1499.6,20191000
2019-08-20 00:30:00,1506.2,20191200,1506.2,20191200,1499.0,20191000
2019-08-20 00:45:00,1506.2,20191200,1506.2,20191200,1500.3,20191000
2019-08-20 01:00:00,1507.1,20191200,1507.1,20191200,1499.9,20191000
2019-08-20 01:15:00,1507.1,20191200,1507.1,20191200,1500.7,20191000
2019-08-20 01:30:00,1507.1,20191200,1507.1,20191200,1500.0,20191000
2019-08-20 01:45:00,1507.1,20191200,1507.1,20191200,1501.1,20191000
2019-08-20 02:00:00,1506.9,20191200,1506.9,20191200,1502.5,20191000
2019-08-20 02:15:00,1506.9,20191200,1506.9,20191200,1502.5,20191000
2019-08-20 02:30:00,1506.9,20191200,1506.9,20191200,1500.9,20191000
2019-08-20 02:45:00,1506.9,20191200,1506.9,20191200,1501.3,20191000
2019-08-20 03:00:00,1506.1,20191200,1506.1,20191200,1500.3,20191000
2019-08-20 03:15:00,1506.1,20191200,1506.1,20191200,1500.0,20191000
2019-08-20 03:30:00,1506.1,20191200,1506.1,20191200,1499.6,20191000
2019-08-20 03:45:00,1506.1,20191200,1506.1,20191200,1500.1,20191000
2019-08-20 04:00:00,1505.2,20191200,1505.2,20191200,1499.4,20191000
2019-08-20 04:30:00,1505.2,20191200,1505.2,20191200,1499.6,20191000
2019-08-20 04:45:00,1505.2,20191200,1505.2,20191200,1499.2,20191000
2019-08-20 05:15:00,1505.2,20191200,1505.2,20191200,1498.8,20191000
2019-08-20 05:30:00,1505.2,20191200,1505.2,20191200,1499.3,20191000
2019-08-20 05:45:00,1505.2,20191200,1505.2,20191200,1499.4,20191000
2019-08-20 06:15:00,1505.2,20191200,1505.2,20191200,1500.2,20191000
2019-08-20 06:30:00,1505.2,20191200,1505.2,20191200,1500.7,20191000
2019-08-20 06:45:00,1505.2,20191200,1505.2,20191200,1500.9,20191000
2019-08-20 07:00:00,1506.9,20191200,1506.9,20191200,1502.3,20191000
2019-08-20 07:15:00,1506.9,20191200,1506.9,20191200,1502.7,20191000
2019-08-20 07:30:00,1506.9,20191200,1506.9,20191200,1500.1,20191000
2019-08-20 07:45:00,1506.9,20191200,1506.9,20191200,1500.8,20191000
2019-08-20 08:00:00,1509.7,20191200,1509.7,20191200,1502.6,20191000
2019-08-20 08:15:00,1509.7,20191200,1509.7,20191200,1504.0,20191000
2019-08-20 08:30:00,1509.7,20191200,1509.7,20191200,1504.0,20191000
2019-08-20 08:45:00,1509.7,20191200,1509.7,20191200,1503.3,20191000
2019-08-20 09:00:00,1512.2,20191200,1512.2,20191200,1505.2,20191000
2019-08-20 09:15:00,1512.2,20191200,1512.2,20191200,1506.1,20191000
2019-08-20 09:30:00,1512.2,20191200,1512.2,20191200,1506.6,20191000
2019-08-20 09:45:00,1512.2,20191200,1512.2,20191200,1506.3,20191000
2019-08-20 10:00:00,1514.6,20191200,1514.6,20191200,1507.4,20191000
2019-08-20 10:15:00,1514.6,20191200,1514.6,20191200,1506.4,20191000
2019-08-20 10:30:00,1514.6,20191200,1514.6,20191200,1507.4,20191000
2019-08-20 10:45:00,1514.6,20191200,1514.6,20191200,1508.7,20191000
2019-08-20 11:00:00,1514.9,20191200,1514.9,20191200,1507.7,20191000
2019-08-20 11:15:00,1514.9,20191200,1514.9,20191200,1507.6,20191000
2019-08-20 11:30:00,1514.9,20191200,1514.9,20191200,1508.0,20191000
2019-08-20 11:45:00,1514.9,20191200,1514.9,20191200,1508.8,20191000
2019-08-20 12:00:00,1515.7,20191200,1515.7,20191200,1512.2,20191000
2019-08-20 12:15:00,1515.7,20191200,1515.7,20191200,1511.8,20191000
2019-08-20 12:30:00,1515.7,20191200,1515.7,20191200,1510.4,20191000
2019-08-20 12:45:00,1515.7,20191200,1515.7,20191200,1509.8,20191000
2019-08-20 13:00:00,1514.4,20191200,1514.4,20191200,1507.4,20191000
2019-08-20 13:15:00,1514.4,20191200,1514.4,20191200,1507.7,20191000
2019-08-20 13:30:00,1514.4,20191200,1514.4,20191200,1508.2,20191000
2019-08-20 13:45:00,1514.4,20191200,1514.4,20191200,1508.4,20191000
2019-08-20 14:00:00,1514.6,20191200,1514.6,20191200,1509.4,20191000
2019-08-20 14:15:00,1514.6,20191200,1514.6,20191200,1507.2,20191000
2019-08-20 14:30:00,1514.6,20191200,1514.6,20191200,1509.7,20191000
2019-08-20 14:45:00,1514.6,20191200,1514.6,20191200,1508.1,20191000
2019-08-20 15:00:00,1512.9,20191200,1512.9,20191200,1508.8,20191000
2019-08-20 15:15:00,1512.9,20191200,1512.9,20191200,1508.0,20191000
2019-08-20 15:30:00,1512.9,20191200,1512.9,20191200,1507.3,20191000
2019-08-20 15:45:00,1512.9,20191200,1512.9,20191200,1506.5,20191000
2019-08-20 16:00:00,1513.5,20191200,1513.5,20191200,1505.7,20191000
2019-08-20 16:15:00,1513.5,20191200,1513.5,20191200,1506.8,20191000
2019-08-20 16:30:00,1513.5,20191200,1513.5,20191200,1507.7,20191000
2019-08-20 16:45:00,1513.5,20191200,1513.5,20191200,1507.7,20191000
2019-08-20 17:00:00,1514.9,20191200,1514.9,20191200,1508.8,20191000
2019-08-20 17:15:00,1514.9,20191200,1514.9,20191200,1509.0,20191000
2019-08-20 17:30:00,1514.9,20191200,1514.9,20191200,1509.6,20191000
2019-08-20 17:45:00,1514.9,20191200,1514.9,20191200,1509.1,20191000
2019-08-20 18:00:00,1515.9,20191200,1515.9,20191200,1509.1,20191000
2019-08-20 18:15:00,1515.9,20191200,1515.9,20191200,1509.7,20191000
2019-08-20 18:30:00,1515.9,20191200,1515.9,20191200,1510.5,20191000
2019-08-20 18:45:00,1515.9,20191200,1515.9,20191200,1509.7,20191000
2019-08-20 19:00:00,1516.2,20191200,1516.2,20191200,1510.8,20191000
2019-08-20 19:15:00,1516.2,20191200,1516.2,20191200,1510.5,20191000
2019-08-20 19:30:00,1516.2,20191200,1516.2,20191200,1510.4,20191000
2019-08-20 19:45:00,1516.2,20191200,1516.2,20191200,1510.8,20191000
2019-08-20 20:00:00,1518.2,20191200,1518.2,20191200,1511.1,20191000
2019-08-20 20:15:00,1518.2,20191200,1518.2,20191200,1510.5,20191000
2019-08-20 20:30:00,1518.2,20191200,1518.2,20191200,1510.8,20191000
2019-08-20 20:45:00,1518.2,20191200,1518.2,20191200,1511.9,20191000
2019-08-20 21:00:00,1517.4,20191200,1517.4,20191200,1511.4,20191000
2019-08-20 21:15:00,1517.4,20191200,1517.4,20191200,1511.4,20191000
2019-08-20 21:30:00,1517.4,20191200,1517.4,20191200,1511.2,20191000
2019-08-20 21:45:00,1517.4,20191200,1517.4,20191200,1511.4,20191000
2019-08-20 23:00:00,1506.6,20191200,1506.6,20191200,1500.3,20191000
2019-08-20 23:15:00,1506.6,20191200,1506.6,20191200,1509.2,20191000
2019-08-20 23:30:00,1506.6,20191200,1506.6,20191200,1510.2,20191000
2019-08-20 23:45:00,1506.6,20191200,1506.6,20191200,1510.5,20191000
2019-08-21 00:00:00,1516.2,20191200,1516.2,20191200,1511.2,20191000
2019-08-21 00:15:00,1516.2,20191200,1516.2,20191200,1511.1,20191000
2019-08-21 00:30:00,1516.2,20191200,1516.2,20191200,1510.6,20191000
2019-08-21 00:45:00,1516.2,20191200,1516.2,20191200,1510.2,20191000
2019-08-21 01:00:00,1516.4,20191200,1516.4,20191200,1510.4,20191000
2019-08-21 01:15:00,1516.4,20191200,1516.4,20191200,1510.2,20191000
2019-08-21 01:30:00,1516.4,20191200,1516.4,20191200,1510.2,20191000
2019-08-21 01:45:00,1516.4,20191200,1516.4,20191200,1510.1,20191000
2019-08-21 02:00:00,1515.0,20191200,1515.0,20191200,1509.7,20191000
2019-08-21 02:15:00,1515.0,20191200,1515.0,20191200,1508.2,20191000
2019-08-21 02:30:00,1515.0,20191200,1515.0,20191200,1508.6,20191000
2019-08-21 02:45:00,1515.0,20191200,1515.0,20191200,1508.9,20191000
2019-08-21 03:00:00,1513.6,20191200,1513.6,20191200,1509.1,20191000
2019-08-21 03:15:00,1513.6,20191200,1513.6,20191200,1508.9,20191000
2019-08-21 03:30:00,1513.6,20191200,1513.6,20191200,1508.8,20191000
2019-08-21 03:45:00,1513.6,20191200,1513.6,20191200,1507.5,20191000
2019-08-21 04:00:00,1512.8,20191200,1512.8,20191200,1506.6,20191000
2019-08-21 04:15:00,1512.8,20191200,1512.8,20191200,1507.2,20191000
2019-08-21 04:30:00,1512.8,20191200,1512.8,20191200,1507.1,20191000
2019-08-21 04:45:00,1512.8,20191200,1512.8,20191200,1506.9,20191000
2019-08-21 05:15:00,1512.8,20191200,1512.8,20191200,1507.3,20191000
2019-08-21 05:30:00,1512.8,20191200,1512.8,20191200,1507.4,20191000
2019-08-21 05:45:00,1512.8,20191200,1512.8,20191200,1507.4,20191000
2019-08-21 06:15:00,1512.8,20191200,1512.8,20191200,1505.9,20191000
2019-08-21 06:30:00,1512.8,20191200,1512.8,20191200,1507.0,20191000
2019-08-21 06:45:00,1512.8,20191200,1512.8,20191200,1507.0,20191000
2019-08-21 07:00:00,1509.7,20191200,1509.7,20191200,1508.0,20191000
2019-08-21 07:15:00,1509.7,20191200,1509.7,20191200,1507.7,20191000
2019-08-21 07:30:00,1509.7,20191200,1509.7,20191200,1504.2,20191000
2019-08-21 07:45:00,1509.7,20191200,1509.7,20191200,1503.5,20191000
2019-08-21 08:00:00,1507.3,20191200,1507.3,20191200,1503.4,20191000
2019-08-21 08:15:00,1507.3,20191200,1507.3,20191200,1502.7,20191000
2019-08-21 08:30:00,1507.3,20191200,1507.3,20191200,1501.9,20191000
2019-08-21 08:45:00,1507.3,20191200,1507.3,20191200,1501.3,20191000
2019-08-21 09:00:00,1509.1,20191200,1509.1,20191200,1502.4,20191000
2019-08-21 09:15:00,1509.1,20191200,1509.1,20191200,1502.1,20191000
2019-08-21 09:30:00,1509.1,20191200,1509.1,20191200,1501.6,20191000
2019-08-21 09:45:00,1509.1,20191200,1509.1,20191200,1502.4,20191000
2019-08-21 10:00:00,1510.2,20191200,1510.2,20191200,1502.7,20191000
2019-08-21 10:15:00,1510.2,20191200,1510.2,20191200,1504.3,20191000
2019-08-21 10:30:00,1510.2,20191200,1510.2,20191200,1503.5,20191000
2019-08-21 10:45:00,1510.2,20191200,1510.2,20191200,1504.0,20191000
2019-08-21 11:00:00,1511.5,20191200,1511.5,20191200,1504.6,20191000
2019-08-21 11:15:00,1511.5,20191200,1511.5,20191200,1504.6,20191000
2019-08-21 11:30:00,1511.5,20191200,1511.5,20191200,1505.9,20191000
2019-08-21 11:45:00,1511.5,20191200,1511.5,20191200,1505.4,20191000
2019-08-21 12:00:00,1509.8,20191200,1509.8,20191200,1505.8,20191000
2019-08-21 12:15:00,1509.8,20191200,1509.8,20191200,1505.1,20191000
2019-08-21 12:30:00,1509.8,20191200,1509.8,20191200,1504.5,20191000
2019-08-21 12:45:00,1509.8,20191200,1509.8,20191200,1503.9,20191000
2019-08-21 13:00:00,1510.6,20191200,1510.6,20191200,1503.0,20191000
2019-08-21 13:15:00,1510.6,20191200,1510.6,20191200,1503.3,20191000
2019-08-21 13:30:00,1510.6,20191200,1510.6,20191200,1504.9,20191000
2019-08-21 13:45:00,1510.6,20191200,1510.6,20191200,1504.8,20191000
2019-08-21 14:00:00,1513.2,20191200,1513.2,20191200,1504.3,20191000
2019-08-21 14:15:00,1513.2,20191200,1513.2,20191200,1505.1,20191000
2019-08-21 14:30:00,1513.2,20191200,1513.2,20191200,1505.0,20191000
2019-08-21 14:45:00,1513.2,20191200,1513.2,20191200,1507.2,20191000
2019-08-21 15:00:00,1513.2,20191200,1513.2,20191200,1508.2,20191000
2019-08-21 15:15:00,1513.2,20191200,1513.2,20191200,1507.6,20191000
2019-08-21 15:30:00,1513.2,20191200,1513.2,20191200,1507.8,20191000
2019-08-21 15:45:00,1513.2,20191200,1513.2,20191200,1507.3,20191000
2019-08-21 16:00:00,1512.9,20191200,1512.9,20191200,1507.8,20191000
2019-08-21 16:15:00,1512.9,20191200,1512.9,20191200,1507.1,20191000
2019-08-21 16:30:00,1512.9,20191200,1512.9,20191200,1508.4,20191000
2019-08-21 16:45:00,1512.9,20191200,1512.9,20191200,1507.4,20191000
2019-08-21 17:00:00,1516.2,20191200,1516.2,20191200,1508.7,20191000
2019-08-21 17:15:00,1516.2,20191200,1516.2,20191200,1508.7,20191000
2019-08-21 17:30:00,1516.2,20191200,1516.2,20191200,1510.0,20191000
2019-08-21 17:45:00,1516.2,20191200,1516.2,20191200,1510.1,20191000
2019-08-21 18:00:00,1513.8,20191200,1513.8,20191200,1509.9,20191000
2019-08-21 18:15:00,1513.8,20191200,1513.8,20191200,1509.7,20191000
2019-08-21 18:30:00,1513.8,20191200,1513.8,20191200,1508.0,20191000
2019-08-21 18:45:00,1513.8,20191200,1513.8,20191200,1507.5,20191000
2019-08-21 19:00:00,1513.4,20191200,1513.4,20191200,1510.9,20191000
2019-08-21 19:15:00,1513.4,20191200,1513.4,20191200,1508.7,20191000
2019-08-21 19:30:00,1513.4,20191200,1513.4,20191200,1507.0,20191000
2019-08-21 19:45:00,1513.4,20191200,1513.4,20191200,1507.9,20191000
2019-08-21 20:00:00,1513.0,20191200,1513.0,20191200,1505.4,20191000
2019-08-21 20:15:00,1513.0,20191200,1513.0,20191200,1506.0,20191000
2019-08-21 20:30:00,1513.0,20191200,1513.0,20191200,1505.8,20191000
2019-08-21 20:45:00,1513.0,20191200,1513.0,20191200,1506.2,20191000
2019-08-21 21:00:00,1512.6,20191200,1512.6,20191200,1506.2,20191000
2019-08-21 21:15:00,1512.6,20191200,1512.6,20191200,1506.5,20191000
2019-08-21 21:30:00,1512.6,20191200,1512.6,20191200,1506.3,20191000
2019-08-21 21:45:00,1512.6,20191200,1512.6,20191200,1506.5,20191000
2019-08-21 23:00:00,1512.7,20191200,1512.7,20191200,1505.9,20191000
2019-08-21 23:15:00,1512.7,20191200,1512.7,20191200,1507.3,20191000
2019-08-21 23:30:00,1512.7,20191200,1512.7,20191200,1506.0,20191000
2019-08-21 23:45:00,1512.7,20191200,1512.7,20191200,1506.2,20191000
2019-08-22 00:00:00,1512.3,20191200,1512.3,20191200,1506.0,20191000
2019-08-22 00:15:00,1512.3,20191200,1512.3,20191200,1506.3,20191000
2019-08-22 00:30:00,1512.3,20191200,1512.3,20191200,1506.0,20191000
2019-08-22 00:45:00,1512.3,20191200,1512.3,20191200,1506.3,20191000
2019-08-22 01:00:00,1511.2,20191200,1511.2,20191200,1505.6,20191000
2019-08-22 01:15:00,1511.2,20191200,1511.2,20191200,1506.9,20191000
2019-08-22 01:30:00,1511.2,20191200,1511.2,20191200,1506.2,20191000
2019-08-22 01:45:00,1511.2,20191200,1511.2,20191200,1505.1,20191000
2019-08-22 02:00:00,1513.1,20191200,1513.1,20191200,1505.0,20191000
2019-08-22 02:15:00,1513.1,20191200,1513.1,20191200,1505.1,20191000
2019-08-22 02:30:00,1513.1,20191200,1513.1,20191200,1505.6,20191000
2019-08-22 02:45:00,1513.1,20191200,1513.1,20191200,1507.0,20191000
2019-08-22 03:00:00,1511.5,20191200,1511.5,20191200,1506.4,20191000
2019-08-22 03:15:00,1511.5,20191200,1511.5,20191200,1505.6,20191000
2019-08-22 03:30:00,1511.5,20191200,1511.5,20191200,1505.4,20191000
2019-08-22 03:45:00,1511.5,20191200,1511.5,20191200,1505.5,20191000
2019-08-22 04:00:00,1511.3,20191200,1511.3,20191200,1505.2,20191000
2019-08-22 04:15:00,1511.3,20191200,1511.3,20191200,1505.4,20191000
2019-08-22 04:30:00,1511.3,20191200,1511.3,20191200,1504.9,20191000
2019-08-22 04:45:00,1511.3,20191200,1511.3,20191200,1505.2,20191000
2019-08-22 05:15:00,1511.3,20191200,1511.3,20191200,1504.1,20191000
2019-08-22 05:30:00,1511.3,20191200,1511.3,20191200,1503.9,20191000
2019-08-22 05:45:00,1511.3,20191200,1511.3,20191200,1503.5,20191000
2019-08-22 06:15:00,1511.3,20191200,1511.3,20191200,1504.2,20191000
2019-08-22 06:30:00,1511.3,20191200,1511.3,20191200,1504.5,20191000
2019-08-22 06:45:00,1511.3,20191200,1511.3,20191200,1504.3,20191000
2019-08-22 07:00:00,1511.0,20191200,1511.0,20191200,1505.3,20191000
2019-08-22 07:15:00,1511.0,20191200,1511.0,20191200,1505.5,20191000
2019-08-22 07:30:00,1511.0,20191200,1511.0,20191200,1505.3,20191000
2019-08-22 07:45:00,1511.0,20191200,1511.0,20191200,1505.0,20191000
2019-08-22 08:00:00,1508.2,20191200,1508.2,20191200,1504.4,20191000
2019-08-22 08:15:00,1508.2,20191200,1508.2,20191200,1502.2,20191000
2019-08-22 08:30:00,1508.2,20191200,1508.2,20191200,1502.4,20191000
2019-08-22 08:45:00,1508.2,20191200,1508.2,20191200,1502.4,20191000
2019-08-22 09:00:00,1508.1,20191200,1508.1,20191200,1501.9,20191000
2019-08-22 09:15:00,1508.1,20191200,1508.1,20191200,1502.2,20191000
2019-08-22 09:30:00,1508.1,20191200,1508.1,20191200,1503.1,20191000
2019-08-22 09:45:00,1508.1,20191200,1508.1,20191200,1502.0,20191000
2019-08-22 10:00:00,1507.8,20191200,1507.8,20191200,1501.9,20191000
2019-08-22 10:15:00,1507.8,20191200,1507.8,20191200,1503.8,20191000
2019-08-22 10:30:00,1507.8,20191200,1507.8,20191200,1501.7,20191000
2019-08-22 10:45:00,1507.8,20191200,1507.8,20191200,1501.7,20191000
2019-08-22 11:00:00,1505.9,20191200,1505.9,20191200,1501.1,20191000
2019-08-22 11:15:00,1505.9,20191200,1505.9,20191200,1500.6,20191000
2019-08-22 11:30:00,1505.9,20191200,1505.9,20191200,1499.8,20191000
2019-08-22 11:45:00,1505.9,20191200,1505.9,20191200,1499.9,20191000
2019-08-22 12:00:00,1502.5,20191200,1502.5,20191200,1500.0,20191000
2019-08-22 12:15:00,1502.5,20191200,1502.5,20191200,1499.1,20191000
2019-08-22 12:30:00,1502.5,20191200,1502.5,20191200,1496.6,20191000
2019-08-22 12:45:00,1502.5,20191200,1502.5,20191200,1496.3,20191000
2019-08-22 13:00:00,1506.4,20191200,1506.4,20191200,1497.5,20191000
2019-08-22 13:15:00,1506.4,20191200,1506.4,20191200,1498.4,20191000
2019-08-22 13:30:00,1506.4,20191200,1506.4,20191200,1500.5,20191000
2019-08-22 13:45:00,1506.4,20191200,1506.4,20191200,1500.3,20191000
2019-08-22 14:00:00,1512.4,20191200,1512.4,20191200,1501.3,20191000
2019-08-22 14:15:00,1512.4,20191200,1512.4,20191200,1502.7,20191000
2019-08-22 14:30:00,1512.4,20191200,1512.4,20191200,1503.6,20191000
2019-08-22 14:45:00,1512.4,20191200,1512.4,20191200,1506.6,20191000
2019-08-22 15:00:00,1510.2,20191200,1510.2,20191200,1503.4,20191000
2019-08-22 15:15:00,1510.2,20191200,1510.2,20191200,1501.6,20191000
2019-08-22 15:30:00,1510.2,20191200,1510.2,20191200,1503.1,20191000
2019-08-22 15:45:00,1510.2,20191200,1510.2,20191200,1504.3,20191000
2019-08-22 16:00:00,1510.5,20191200,1510.5,20191200,1504.2,20191000
2019-08-22 16:15:00,1510.5,20191200,1510.5,20191200,1504.4,20191000
2019-08-22 16:30:00,1510.5,20191200,1510.5,20191200,1504.5,20191000
2019-08-22 16:45:00,1510.5,20191200,1510.5,20191200,1504.3,20191000
2019-08-22 17:00:00,1508.7,20191200,1508.7,20191200,1502.4,20191000
2019-08-22 17:15:00,1508.7,20191200,1508.7,20191200,1501.8,20191000
2019-08-22 17:30:00,1508.7,20191200,1508.7,20191200,1501.6,20191000
2019-08-22 17:45:00,1508.7,20191200,1508.7,20191200,1502.5,20191000
2019-08-22 18:00:00,1509.2,20191200,1509.2,20191200,1502.1,20191000
2019-08-22 18:15:00,1509.2,20191200,1509.2,20191200,1502.3,20191000
2019-08-22 18:30:00,1509.2,20191200,1509.2,20191200,1502.6,20191000
2019-08-22 18:45:00,1509.2,20191200,1509.2,20191200,1502.8,20191000
2019-08-22 19:00:00,1508.8,20191200,1508.8,20191200,1503.4,20191000
2019-08-22 19:15:00,1508.8,20191200,1508.8,20191200,1503.5,20191000
2019-08-22 19:30:00,1508.8,20191200,1508.8,20191200,1503.6,20191000
2019-08-22 19:45:00,1508.8,20191200,1508.8,20191200,1502.7,20191000
2019-08-22 20:00:00,1508.9,20191200,1508.9,20191200,1502.9,20191000
2019-08-22 20:15:00,1508.9,20191200,1508.9,20191200,1502.4,20191000
2019-08-22 20:30:00,1508.9,20191200,1508.9,20191200,1502.3,20191000
2019-08-22 20:45:00,1508.9,20191200,1508.9,20191200,1502.7,20191000
2019-08-22 21:00:00,1507.6,20191200,1507.6,20191200,1502.5,20191000
2019-08-22 21:15:00,1507.6,20191200,1507.6,20191200,1501.9,20191000
2019-08-22 21:30:00,1507.6,20191200,1507.6,20191200,1501.7,20191000
2019-08-22 21:45:00,1507.6,20191200,1507.6,20191200,1501.8,20191000
2019-08-22 23:00:00,1510.1,20191200,1510.1,20191200,1503.3,20191000
2019-08-22 23:15:00,1510.1,20191200,1510.1,20191200,1501.8,20191000
2019-08-22 23:30:00,1510.1,20191200,1510.1,20191200,1501.2,20191000
2019-08-22 23:45:00,1510.1,20191200,1510.1,20191200,1500.8,20191000
2019-08-23 00:00:00,1507.2,20191200,1507.2,20191200,1501.4,20191000
2019-08-23 00:15:00,1507.2,20191200,1507.2,20191200,1500.6,20191000
2019-08-23 00:30:00,1507.2,20191200,1507.2,20191200,1500.4,20191000
2019-08-23 00:45:00,1507.2,20191200,1507.2,20191200,1500.8,20191000
2019-08-23 01:00:00,1506.1,20191200,1506.1,20191200,1500.4,20191000
2019-08-23 01:15:00,1506.1,20191200,1506.1,20191200,1500.6,20191000
2019-08-23 01:30:00,1506.1,20191200,1506.1,20191200,1499.7,20191000
2019-08-23 01:45:00,1506.1,20191200,1506.1,20191200,1500.0,20191000
2019-08-23 02:00:00,1505.3,20191200,1505.3,20191200,1500.5,20191000
2019-08-23 02:15:00,1505.3,20191200,1505.3,20191200,1499.5,20191000
2019-08-23 02:30:00,1505.3,20191200,1505.3,20191200,1498.5,20191000
2019-08-23 02:45:00,1505.3,20191200,1505.3,20191200,1499.0,20191000
2019-08-23 03:00:00,1505.2,20191200,1505.2,20191200,1498.3,20191000
2019-08-23 03:15:00,1505.2,20191200,1505.2,20191200,1499.0,20191000
2019-08-23 03:30:00,1505.2,20191200,1505.2,20191200,1498.5,20191000
2019-08-23 03:45:00,1505.2,20191200,1505.2,20191200,1498.8,20191000
2019-08-23 04:00:00,1504.2,20191200,1504.2,20191200,1498.4,20191000
2019-08-23 04:15:00,1504.2,20191200,1504.2,20191200,1498.5,20191000
2019-08-23 04:30:00,1504.2,20191200,1504.2,20191200,1498.9,20191000
2019-08-23 04:45:00,1504.2,20191200,1504.2,20191200,1498.0,20191000
2019-08-23 05:15:00,1504.2,20191200,1504.2,20191200,1497.1,20191000
2019-08-23 05:30:00,1504.2,20191200,1504.2,20191200,1498.3,20191000
2019-08-23 05:45:00,1504.2,20191200,1504.2,20191200,1498.5,20191000
2019-08-23 06:15:00,1504.2,20191200,1504.2,20191200,1498.7,20191000
2019-08-23 06:30:00,1504.2,20191200,1504.2,20191200,1497.9,20191000
2019-08-23 06:45:00,1504.2,20191200,1504.2,20191200,1498.2,20191000
2019-08-23 07:00:00,1505.4,20191200,1505.4,20191200,1497.6,20191000
2019-08-23 07:15:00,1505.4,20191200,1505.4,20191200,1497.9,20191000
2019-08-23 07:30:00,1505.4,20191200,1505.4,20191200,1498.7,20191000
2019-08-23 07:45:00,1505.4,20191200,1505.4,20191200,1499.2,20191000
2019-08-23 08:00:00,1505.8,20191200,1505.8,20191200,1500.1,20191000
2019-08-23 08:15:00,1505.8,20191200,1505.8,20191200,1498.7,20191000
2019-08-23 08:30:00,1505.8,20191200,1505.8,20191200,1498.8,20191000
2019-08-23 08:45:00,1505.8,20191200,1505.8,20191200,1499.5,20191000
2019-08-23 09:00:00,1505.9,20191200,1505.9,20191200,1500.0,20191000
2019-08-23 09:15:00,1505.9,20191200,1505.9,20191200,1498.8,20191000
2019-08-23 09:30:00,1505.9,20191200,1505.9,20191200,1499.6,20191000
2019-08-23 09:45:00,1505.9,20191200,1505.9,20191200,1499.8,20191000
2019-08-23 10:00:00,1506.0,20191200,1506.0,20191200,1499.2,20191000
2019-08-23 10:15:00,1506.0,20191200,1506.0,20191200,1499.2,20191000
2019-08-23 10:30:00,1506.0,20191200,1506.0,20191200,1500.0,20191000
2019-08-23 10:45:00,1506.0,20191200,1506.0,20191200,1499.5,20191000
2019-08-23 11:00:00,1504.5,20191200,1504.5,20191200,1500.1,20191000
2019-08-23 11:15:00,1504.5,20191200,1504.5,20191200,1499.4,20191000
2019-08-23 11:30:00,1504.5,20191200,1504.5,20191200,1499.8,20191000
2019-08-23 11:45:00,1504.5,20191200,1504.5,20191200,1498.5,20191000
2019-08-23 12:00:00,1505.3,20191200,1505.3,20191200,1498.2,20191000
2019-08-23 12:15:00,1505.3,20191200,1505.3,20191200,1499.2,20191000
2019-08-23 12:30:00,1505.3,20191200,1505.3,20191200,1499.7,20191000
2019-08-23 12:45:00,1505.3,20191200,1505.3,20191200,1499.1,20191000
2019-08-23 13:00:00,1512.1,20191200,1512.1,20191200,1505.8,20191000
2019-08-23 13:15:00,1512.1,20191200,1512.1,20191200,1506.4,20191000
2019-08-23 13:30:00,1512.1,20191200,1512.1,20191200,1507.0,20191000
2019-08-23 13:45:00,1512.1,20191200,1512.1,20191200,1506.1,20191000
2019-08-23 14:00:00,1515.1,20191200,1515.1,20191200,1507.8,20191000
2019-08-23 14:15:00,1515.1,20191200,1515.1,20191200,1507.8,20191000
2019-08-23 14:30:00,1515.1,20191200,1515.1,20191200,1509.5,20191000
2019-08-23 14:45:00,1515.1,20191200,1515.1,20191200,1509.1,20191000
2019-08-23 15:00:00,1529.2,20191200,1529.2,20191200,1508.2,20191000
2019-08-23 15:15:00,1529.2,20191200,1529.2,20191200,1516.8,20191000
2019-08-23 15:30:00,1529.2,20191200,1529.2,20191200,1517.5,20191000
2019-08-23 15:45:00,1529.2,20191200,1529.2,20191200,1523.3,20191000
2019-08-23 16:00:00,1538.0,20191200,1538.0,20191200,1528.7,20191000
2019-08-23 16:15:00,1538.0,20191200,1538.0,20191200,1529.5,20191000
2019-08-23 16:30:00,1538.0,20191200,1538.0,20191200,1529.2,20191000
2019-08-23 16:45:00,1538.0,20191200,1538.0,20191200,1531.6,20191000
2019-08-23 17:00:00,1536.9,20191200,1536.9,20191200,1528.3,20191000
2019-08-23 17:15:00,1536.9,20191200,1536.9,20191200,1528.1,20191000
2019-08-23 17:30:00,1536.9,20191200,1536.9,20191200,1529.1,20191000
2019-08-23 17:45:00,1536.9,20191200,1536.9,20191200,1530.5,20191000
2019-08-23 18:00:00,1537.4,20191200,1537.4,20191200,1530.0,20191000
2019-08-23 18:15:00,1537.4,20191200,1537.4,20191200,1531.3,20191000
2019-08-23 18:30:00,1537.4,20191200,1537.4,20191200,1531.8,20191000
2019-08-23 18:45:00,1537.4,20191200,1537.4,20191200,1531.4,20191000
2019-08-23 19:00:00,1537.4,20191200,1537.4,20191200,1532.1,20191000
2019-08-23 19:15:00,1537.4,20191200,1537.4,20191200,1531.8,20191000
2019-08-23 19:30:00,1537.4,20191200,1537.4,20191200,1532.0,20191000
2019-08-23 19:45:00,1537.4,20191200,1537.4,20191200,1531.1,20191000
2019-08-23 20:00:00,1538.5,20191200,1538.5,20191200,1531.8,20191000
2019-08-23 20:15:00,1538.5,20191200,1538.5,20191200,1531.8,20191000
2019-08-23 20:30:00,1538.5,20191200,1538.5,20191200,1532.1,20191000
2019-08-23 20:45:00,1538.5,20191200,1538.5,20191200,1531.8,20191000
2019-08-23 21:00:00,1536.9,20191200,1536.9,20191200,1530.6,20191000
2019-08-23 21:15:00,1536.9,20191200,1536.9,20191200,1530.6,20191000
2019-08-23 21:30:00,1536.9,20191200,1536.9,20191200,1529.5,20191000
2019-08-23 21:45:00,1536.9,20191200,1536.9,20191200,1530.5,20191000
2019-08-23 23:00:00,1504.2,20191200,1504.2,20191200,1499.0,20191000
2019-08-25 23:00:00,1557.4,20191200,1557.4,20191200,1551.5,20191000
2019-08-25 23:15:00,1557.4,20191200,1557.4,20191200,1557.0,20191000
2019-08-25 23:30:00,1557.4,20191200,1557.4,20191200,1551.7,20191000
2019-08-25 23:45:00,1557.4,20191200,1557.4,20191200,1551.1,20191000
2019-08-26 00:00:00,1557.2,20191200,1557.2,20191200,1548.7,20191000
2019-08-26 00:15:00,1557.2,20191200,1557.2,20191200,1548.2,20191000
2019-08-26 00:30:00,1557.2,20191200,1557.2,20191200,1550.6,20191000
2019-08-26 00:45:00,1557.2,20191200,1557.2,20191200,1551.0,20191000
2019-08-26 01:00:00,1554.9,20191200,1554.9,20191200,1549.7,20191000
2019-08-26 01:15:00,1554.9,20191200,1554.9,20191200,1548.0,20191000
2019-08-26 01:30:00,1554.9,20191200,1554.9,20191200,1549.4,20191000
2019-08-26 01:45:00,1554.9,20191200,1554.9,20191200,1548.7,20191000
2019-08-26 02:00:00,1554.1,20191200,1554.1,20191200,1550.0,20191000
2019-08-26 02:15:00,1554.1,20191200,1554.1,20191200,1548.9,20191000
2019-08-26 02:30:00,1554.1,20191200,1554.1,20191200,1548.9,20191000
2019-08-26 02:45:00,1554.1,20191200,1554.1,20191200,1548.1,20191000
2019-08-26 03:00:00,1549.6,20191200,1549.6,20191200,1546.2,20191000
2019-08-26 03:15:00,1549.6,20191200,1549.6,20191200,1546.7,20191000
2019-08-26 03:30:00,1549.6,20191200,1549.6,20191200,1546.0,20191000
2019-08-26 03:45:00,1549.6,20191200,1549.6,20191200,1543.3,20191000
2019-08-26 04:00:00,1549.3,20191200,1549.3,20191200,1544.8,20191000
2019-08-26 04:15:00,1549.3,20191200,1549.3,20191200,1542.9,20191000
2019-08-26 04:30:00,1549.3,20191200,1549.3,20191200,1543.0,20191000
2019-08-26 04:45:00,1549.3,20191200,1549.3,20191200,1543.1,20191000
2019-08-26 05:15:00,1549.3,20191200,1549.3,20191200,1545.9,20191000
2019-08-26 05:30:00,1549.3,20191200,1549.3,20191200,1545.0,20191000
2019-08-26 05:45:00,1549.3,20191200,1549.3,20191200,1546.9,20191000
2019-08-26 06:15:00,1549.3,20191200,1549.3,20191200,1547.3,20191000
2019-08-26 06:30:00,1549.3,20191200,1549.3,20191200,1547.8,20191000
2019-08-26 06:45:00,1549.3,20191200,1549.3,20191200,1546.4,20191000
2019-08-26 07:00:00,1547.2,20191200,1547.2,20191200,1545.4,20191000
2019-08-26 07:15:00,1547.2,20191200,1547.2,20191200,1545.7,20191000
2019-08-26 07:30:00,1547.2,20191200,1547.2,20191200,1546.3,20191000
2019-08-26 07:45:00,1547.2,20191200,1547.2,20191200,1541.1,20191000
2019-08-26 08:00:00,1540.4,20191200,1540.4,20191200,1535.6,20191000
2019-08-26 08:15:00,1540.4,20191200,1540.4,20191200,1536.8,20191000
2019-08-26 08:30:00,1540.4,20191200,1540.4,20191200,1534.0,20191000
2019-08-26 08:45:00,1540.4,20191200,1540.4,20191200,1534.0,20191000
2019-08-26 09:00:00,1536.7,20191200,1536.7,20191200,1533.0,20191000
2019-08-26 09:15:00,1536.7,20191200,1536.7,20191200,1532.3,20191000
2019-08-26 09:30:00,1536.7,20191200,1536.7,20191200,1529.4,20191000
2019-08-26 09:45:00,1536.7,20191200,1536.7,20191200,1530.7,20191000
2019-08-26 10:00:00,1541.7,20191200,1541.7,20191200,1529.9,20191000
2019-08-26 10:15:00,1541.7,20191200,1541.7,20191200,1532.4,20191000
2019-08-26 10:30:00,1541.7,20191200,1541.7,20191200,1531.1,20191000
2019-08-26 10:45:00,1541.7,20191200,1541.7,20191200,1535.3,20191000
2019-08-26 11:00:00,1542.3,20191200,1542.3,20191200,1534.0,20191000
2019-08-26 11:15:00,1542.3,20191200,1542.3,20191200,1533.8,20191000
2019-08-26 11:30:00,1542.3,20191200,1542.3,20191200,1534.6,20191000
2019-08-26 11:45:00,1542.3,20191200,1542.3,20191200,1536.1,20191000
2019-08-26 12:00:00,1541.3,20191200,1541.3,20191200,1534.9,20191000
2019-08-26 12:15:00,1541.3,20191200,1541.3,20191200,1532.3,20191000
2019-08-26 12:30:00,1541.3,20191200,1541.3,20191200,1532.8,20191000
2019-08-26 12:45:00,1541.3,20191200,1541.3,20191200,1535.2,20191000
2019-08-26 13:00:00,1537.0,20191200,1537.0,20191200,1534.9,20191000
2019-08-26 13:15:00,1537.0,20191200,1537.0,20191200,1533.1,20191000
2019-08-26 13:30:00,1537.0,20191200,1537.0,20191200,1533.9,20191000
2019-08-26 13:45:00,1537.0,20191200,1537.0,20191200,1531.0,20191000
2019-08-26 14:00:00,1544.5,20191200,1544.5,20191200,1535.0,20191000
2019-08-26 14:15:00,1544.5,20191200,1544.5,20191200,1534.6,20191000
2019-08-26 14:30:00,1544.5,20191200,1544.5,20191200,1535.4,20191000
2019-08-26 14:45:00,1544.5,20191200,1544.5,20191200,1538.0,20191000
2019-08-26 15:00:00,1544.1,20191200,1544.1,20191200,1539.9,20191000
2019-08-26 15:15:00,1544.1,20191200,1544.1,20191200,1538.7,20191000
2019-08-26 15:30:00,1544.1,20191200,1544.1,20191200,1537.3,20191000
2019-08-26 15:45:00,1544.1,20191200,1544.1,20191200,1538.0,20191000
2019-08-26 16:00:00,1541.1,20191200,1541.1,20191200,1537.3,20191000
2019-08-26 16:15:00,1541.1,20191200,1541.1,20191200,1536.0,20191000
2019-08-26 16:30:00,1541.1,20191200,1541.1,20191200,1533.5,20191000
2019-08-26 16:45:00,1541.1,20191200,1541.1,20191200,1534.8,20191000
2019-08-26 17:00:00,1538.9,20191200,1538.9,20191200,1533.7,20191000
2019-08-26 17:15:00,1538.9,20191200,1538.9,20191200,1534.0,20191000
2019-08-26 17:30:00,1538.9,20191200,1538.9,20191200,1533.5,20191000
2019-08-26 17:45:00,1538.9,20191200,1538.9,20191200,1532.5,20191000
2019-08-26 18:00:00,1538.6,20191200,1538.6,20191200,1530.7,20191000
2019-08-26 18:15:00,1538.6,20191200,1538.6,20191200,1531.2,20191000
2019-08-26 18:30:00,1538.6,20191200,1538.6,20191200,1532.3,20191000
2019-08-26 18:45:00,1538.6,20191200,1538.6,20191200,1532.5,20191000
2019-08-26 19:00:00,1537.5,20191200,1537.5,20191200,1533.3,20191000
2019-08-26 19:15:00,1537.5,20191200,1537.5,20191200,1533.5,20191000
2019-08-26 19:30:00,1537.5,20191200,1537.5,20191200,1531.8,20191000
2019-08-26 19:45:00,1537.5,20191200,1537.5,20191200,1531.1,20191000
2019-08-26 20:00:00,1538.6,20191200,1538.6,20191200,1530.3,20191000
2019-08-26 20:15:00,1538.6,20191200,1538.6,20191200,1531.2,20191000
2019-08-26 20:30:00,1538.6,20191200,1538.6,20191200,1532.1,20191000
2019-08-26 20:45:00,1538.6,20191200,1538.6,20191200,1532.8,20191000
2019-08-26 21:00:00,1536.9,20191200,1536.9,20191200,1532.5,20191000
2019-08-26 21:15:00,1536.9,20191200,1536.9,20191200,1532.3,20191000
2019-08-26 21:30:00,1536.9,20191200,1536.9,20191200,1531.5,20191000
2019-08-26 21:45:00,1536.9,20191200,1536.9,20191200,1530.5,20191000
2019-08-26 23:00:00,1552.8,20191200,1552.8,20191200,1547.0,20191000
2019-08-26 23:15:00,1552.8,20191200,1552.8,20191200,1530.5,20191000
2019-08-26 23:30:00,1552.8,20191200,1552.8,20191200,1530.0,20191000
2019-08-26 23:45:00,1552.8,20191200,1552.8,20191200,1530.7,20191000
2019-08-27 00:00:00,1538.2,20191200,1538.2,20191200,1530.0,20191000
2019-08-27 00:15:00,1538.2,20191200,1538.2,20191200,1530.8,20191000
2019-08-27 00:30:00,1538.2,20191200,1538.2,20191200,1530.4,20191000
2019-08-27 00:45:00,1538.2,20191200,1538.2,20191200,1532.0,20191000
2019-08-27 01:00:00,1538.0,20191200,1538.0,20191200,1532.2,20191000
2019-08-27 01:15:00,1538.0,20191200,1538.0,20191200,1532.4,20191000
2019-08-27 01:30:00,1538.0,20191200,1538.0,20191200,1532.1,20191000
2019-08-27 01:45:00,1538.0,20191200,1538.0,20191200,1531.5,20191000
2019-08-27 02:00:00,1537.8,20191200,1537.8,20191200,1532.4,20191000
2019-08-27 02:15:00,1537.8,20191200,1537.8,20191200,1533.2,20191000
2019-08-27 02:30:00,1537.8,20191200,1537.8,20191200,1532.3,20191000
2019-08-27 02:45:00,1537.8,20191200,1537.8,20191200,1531.6,20191000
2019-08-27 03:00:00,1537.2,20191200,1537.2,20191200,1532.0,20191000
2019-08-27 03:15:00,1537.2,20191200,1537.2,20191200,1531.7,20191000
2019-08-27 03:30:00,1537.2,20191200,1537.2,20191200,1531.5,20191000
2019-08-27 03:45:00,1537.2,20191200,1537.2,20191200,1530.7,20191000
2019-08-27 04:00:00,1538.5,20191200,1538.5,20191200,1530.7,20191000
2019-08-27 04:15:00,1538.5,20191200,1538.5,20191200,1531.8,20191000
2019-08-27 04:30:00,1538.5,20191200,1538.5,20191200,1531.6,20191000
2019-08-27 04:45:00,1538.5,20191200,1538.5,20191200,1532.0,20191000
2019-08-27 05:15:00,1538.5,20191200,1538.5,20191200,1531.6,20191000
2019-08-27 05:45:00,1538.5,20191200,1538.5,20191200,1531.1,20191000
2019-08-27 06:15:00,1538.5,20191200,1538.5,20191200,1532.1,20191000
2019-08-27 06:30:00,1538.5,20191200,1538.5,20191200,1533.5,20191000
2019-08-27 06:45:00,1538.5,20191200,1538.5,20191200,1534.9,20191000
2019-08-27 07:00:00,1542.5,20191200,1542.5,20191200,1536.7,20191000
2019-08-27 07:15:00,1542.5,20191200,1542.5,20191200,1536.6,20191000
2019-08-27 07:30:00,1542.5,20191200,1542.5,20191200,1535.4,20191000
2019-08-27 07:45:00,1542.5,20191200,1542.5,20191200,1536.3,20191000
2019-08-27 08:00:00,1541.9,20191200,1541.9,20191200,1537.9,20191000
2019-08-27 08:15:00,1541.9,20191200,1541.9,20191200,1537.0,20191000
2019-08-27 08:30:00,1541.9,20191200,1541.9,20191200,1537.5,20191000
2019-08-27 08:45:00,1541.9,20191200,1541.9,20191200,1535.6,20191000
2019-08-27 09:00:00,1540.9,20191200,1540.9,20191200,1534.3,20191000
2019-08-27 09:15:00,1540.9,20191200,1540.9,20191200,1535.1,20191000
2019-08-27 09:30:00,1540.9,20191200,1540.9,20191200,1535.0,20191000
2019-08-27 09:45:00,1540.9,20191200,1540.9,20191200,1534.7,20191000
2019-08-27 10:00:00,1540.8,20191200,1540.8,20191200,1534.2,20191000
2019-08-27 10:15:00,1540.8,20191200,1540.8,20191200,1535.4,20191000
2019-08-27 10:30:00,1540.8,20191200,1540.8,20191200,1534.1,20191000
2019-08-27 10:45:00,1540.8,20191200,1540.8,20191200,1534.2,20191000
2019-08-27 11:00:00,1539.7,20191200,1539.7,20191200,1533.9,20191000
2019-08-27 11:15:00,1539.7,20191200,1539.7,20191200,1534.5,20191000
2019-08-27 11:30:00,1539.7,20191200,1539.7,20191200,1534.2,20191000
2019-08-27 11:45:00,1539.7,20191200,1539.7,20191200,1533.7,20191000
2019-08-27 12:00:00,1540.6,20191200,1540.6,20191200,1533.1,20191000
2019-08-27 12:15:00,1540.6,20191200,1540.6,20191200,1533.2,20191000
2019-08-27 12:30:00,1540.6,20191200,1540.6,20191200,1534.1,20191000
2019-08-27 12:45:00,1540.6,20191200,1540.6,20191200,1534.6,20191000
2019-08-27 13:00:00,1539.2,20191200,1539.2,20191200,1535.1,20191000
2019-08-27 13:15:00,1539.2,20191200,1539.2,20191200,1532.9,20191000
2019-08-27 13:30:00,1539.2,20191200,1539.2,20191200,1534.0,20191000
2019-08-27 13:45:00,1539.2,20191200,1539.2,20191200,1533.1,20191000
2019-08-27 14:00:00,1542.5,20191200,1542.5,20191200,1534.0,20191000
2019-08-27 14:15:00,1542.5,20191200,1542.5,20191200,1533.5,20191000
2019-08-27 14:30:00,1542.5,20191200,1542.5,20191200,1536.0,20191000
2019-08-27 14:45:00,1542.5,20191200,1542.5,20191200,1536.2,20191000
2019-08-27 15:00:00,1547.9,20191200,1547.9,20191200,1534.7,20191000
2019-08-27 15:15:00,1547.9,20191200,1547.9,20191200,1537.0,20191000
2019-08-27 15:30:00,1547.9,20191200,1547.9,20191200,1537.0,20191000
2019-08-27 15:45:00,1547.9,20191200,1547.9,20191200,1541.7,20191000
2019-08-27 16:00:00,1552.0,20191200,1552.0,20191200,1542.2,20191000
2019-08-27 16:15:00,1552.0,20191200,1552.0,20191200,1545.4,20191000
2019-08-27 16:30:00,1552.0,20191200,1552.0,20191200,1543.9,20191000
2019-08-27 16:45:00,1552.0,20191200,1552.0,20191200,1546.0,20191000
2019-08-27 17:00:00,1552.5,20191200,1552.5,20191200,1546.9,20191000
2019-08-27 17:15:00,1552.5,20191200,1552.5,20191200,1546.1,20191000
2019-08-27 17:30:00,1552.5,20191200,1552.5,20191200,1546.6,20191000
2019-08-27 17:45:00,1552.5,20191200,1552.5,20191200,1546.2,20191000
2019-08-27 18:00:00,1550.7,20191200,1550.7,20191200,1546.8,20191000
2019-08-27 18:15:00,1550.7,20191200,1550.7,20191200,1545.4,20191000
2019-08-27 18:30:00,1550.7,20191200,1550.7,20191200,1544.0,20191000
2019-08-27 18:45:00,1550.7,20191200,1550.7,20191200,1544.5,20191000
2019-08-27 19:00:00,1548.9,20191200,1548.9,20191200,1545.8,20191000
2019-08-27 19:15:00,1548.9,20191200,1548.9,20191200,1545.4,20191000
2019-08-27 19:30:00,1548.9,20191200,1548.9,20191200,1544.8,20191000
2019-08-27 19:45:00,1548.9,20191200,1548.9,20191200,1542.8,20191000
2019-08-27 20:00:00,1552.6,20191200,1552.6,20191200,1541.4,20191000
2019-08-27 20:15:00,1552.6,20191200,1552.6,20191200,1543.6,20191000
2019-08-27 20:30:00,1552.6,20191200,1552.6,20191200,1546.0,20191000
2019-08-27 20:45:00,1552.6,20191200,1552.6,20191200,1546.4,20191000
2019-08-27 21:00:00,1552.4,20191200,1552.4,20191200,1546.6,20191000
2019-08-27 21:15:00,1552.4,20191200,1552.4,20191200,1546.2,20191000
2019-08-27 21:30:00,1552.4,20191200,1552.4,20191200,1546.4,20191000
2019-08-27 21:45:00,1552.4,20191200,1552.4,20191200,1546.0,20191000
2019-08-27 23:00:00,1541.2,20191200,1541.2,20191200,1532.2,20191000
2019-08-27 23:15:00,1541.2,20191200,1541.2,20191200,1546.3,20191000
2019-08-27 23:30:00,1541.2,20191200,1541.2,20191200,1545.8,20191000
2019-08-27 23:45:00,1541.2,20191200,1541.2,20191200,1546.0,20191000
2019-08-28 00:00:00,1553.1,20191200,1553.1,20191200,1545.7,20191000
2019-08-28 00:15:00,1553.1,20191200,1553.1,20191200,1546.0,20191000
2019-08-28 00:30:00,1553.1,20191200,1553.1,20191200,1547.9,20191000
2019-08-28 00:45:00,1553.1,20191200,1553.1,20191200,1546.9,20191000
2019-08-28 01:00:00,1553.2,20191200,1553.2,20191200,1547.6,20191000
2019-08-28 01:15:00,1553.2,20191200,1553.2,20191200,1547.3,20191000
2019-08-28 01:30:00,1553.2,20191200,1553.2,20191200,1548.0,20191000
2019-08-28 01:45:00,1553.2,20191200,1553.2,20191200,1547.0,20191000
2019-08-28 02:00:00,1551.3,20191200,1551.3,20191200,1546.3,20191000
2019-08-28 02:15:00,1551.3,20191200,1551.3,20191200,1545.7,20191000
2019-08-28 02:30:00,1551.3,20191200,1551.3,20191200,1546.0,20191000
2019-08-28 02:45:00,1551.3,20191200,1551.3,20191200,1545.2,20191000
2019-08-28 03:00:00,1544.3,20191200,1544.3,20191200,1541.1,20191000
2019-08-28 03:15:00,1544.3,20191200,1544.3,20191200,1541.9,20191000
2019-08-28 03:30:00,1544.3,20191200,1544.3,20191200,1536.8,20191000
2019-08-28 03:45:00,1544.3,20191200,1544.3,20191200,1538.2,20191000
2019-08-28 04:00:00,1545.8,20191200,1545.8,20191200,1537.5,20191000
2019-08-28 04:15:00,1545.8,20191200,1545.8,20191200,1538.6,20191000
2019-08-28 04:30:00,1545.8,20191200,1545.8,20191200,1539.7,20191000
2019-08-28 04:45:00,1545.8,20191200,1545.8,20191200,1539.5,20191000
2019-08-28 05:15:00,1545.8,20191200,1545.8,20191200,1539.0,20191000
2019-08-28 05:30:00,1545.8,20191200,1545.8,20191200,1539.1,20191000
2019-08-28 05:45:00,1545.8,20191200,1545.8,20191200,1538.7,20191000
2019-08-28 06:15:00,1545.8,20191200,1545.8,20191200,1539.3,20191000
2019-08-28 06:30:00,1545.8,20191200,1545.8,20191200,1540.1,20191000
2019-08-28 06:45:00,1545.8,20191200,1545.8,20191200,1542.6,20191000
2019-08-28 07:00:00,1547.8,20191200,1547.8,20191200,1543.3,20191000
2019-08-28 07:15:00,1547.8,20191200,1547.8,20191200,1543.2,20191000
2019-08-28 07:30:00,1547.8,20191200,1547.8,20191200,1540.7,20191000
2019-08-28 07:45:00,1547.8,20191200,1547.8,20191200,1540.8,20191000
2019-08-28 08:00:00,1551.3,20191200,1551.3,20191200,1544.4,20191000
2019-08-28 08:15:00,1551.3,20191200,1551.3,20191200,1544.8,20191000
2019-08-28 08:30:00,1551.3,20191200,1551.3,20191200,1544.3,20191000
2019-08-28 08:45:00,1551.3,20191200,1551.3,20191200,1545.0,20191000
2019-08-28 09:00:00,1549.8,20191200,1549.8,20191200,1543.1,20191000
2019-08-28 09:15:00,1549.8,20191200,1549.8,20191200,1544.1,20191000
2019-08-28 09:30:00,1549.8,20191200,1549.8,20191200,1545.3,20191000
2019-08-28 09:45:00,1549.8,20191200,1549.8,20191200,1543.7,20191000
2019-08-28 10:00:00,1552.0,20191200,1552.0,20191200,1544.9,20191000
2019-08-28 10:15:00,1552.0,20191200,1552.0,20191200,1545.5,20191000
2019-08-28 10:30:00,1552.0,20191200,1552.0,20191200,1546.4,20191000
2019-08-28 10:45:00,1552.0,20191200,1552.0,20191200,1545.9,20191000
2019-08-28 11:00:00,1552.6,20191200,1552.6,20191200,1546.2,20191000
2019-08-28 11:15:00,1552.6,20191200,1552.6,20191200,1546.1,20191000
2019-08-28 11:30:00,1552.6,20191200,1552.6,20191200,1545.3,20191000
2019-08-28 11:45:00,1552.6,20191200,1552.6,20191200,1546.6,20191000
2019-08-28 12:00:00,1555.0,20191200,1555.0,20191200,1546.0,20191000
2019-08-28 12:15:00,1555.0,20191200,1555.0,20191200,1548.3,20191000
2019-08-28 12:30:00,1555.0,20191200,1555.0,20191200,1548.5,20191000
2019-08-28 12:45:00,1555.0,20191200,1555.0,20191200,1548.4,20191000
2019-08-28 13:00:00,1551.2,20191200,1551.2,20191200,1548.6,20191000
2019-08-28 13:15:00,1551.2,20191200,1551.2,20191200,1546.3,20191000
2019-08-28 13:30:00,1551.2,20191200,1551.2,20191200,1544.8,20191000
2019-08-28 13:45:00,1551.2,20191200,1551.2,20191200,1544.8,20191000
2019-08-28 14:00:00,1546.4,20191200,1546.4,20191200,1544.8,20191000
2019-08-28 14:15:00,1546.4,20191200,1546.4,20191200,1544.8,20191000
2019-08-28 14:30:00,1546.4,20191200,1546.4,20191200,1543.7,20191000
2019-08-28 14:45:00,1546.4,20191200,1546.4,20191200,1540.2,20191000
2019-08-28 15:00:00,1547.5,20191200,1547.5,20191200,1538.6,20191000
2019-08-28 15:15:00,1547.5,20191200,1547.5,20191200,1542.4,20191000
2019-08-28 15:30:00,1547.5,20191200,1547.5,20191200,1541.5,20191000
2019-08-28 15:45:00,1547.5,20191200,1547.5,20191200,1541.2,20191000
2019-08-28 16:00:00,1547.3,20191200,1547.3,20191200,1540.9,20191000
2019-08-28 16:15:00,1547.3,20191200,1547.3,20191200,1540.0,20191000
2019-08-28 16:30:00,1547.3,20191200,1547.3,20191200,1540.2,20191000
2019-08-28 16:45:00,1547.3,20191200,1547.3,20191200,1541.3,20191000
2019-08-28 17:00:00,1546.3,20191200,1546.3,20191200,1541.4,20191000
2019-08-28 17:15:00,1546.3,20191200,1546.3,20191200,1540.4,20191000
2019-08-28 17:30:00,1546.3,20191200,1546.3,20191200,1541.0,20191000
2019-08-28 17:45:00,1546.3,20191200,1546.3,20191200,1540.0,20191000
2019-08-28 18:00:00,1550.3,20191200,1550.3,20191200,1542.9,20191000
2019-08-28 18:15:00,1550.3,20191200,1550.3,20191200,1543.1,20191000
2019-08-28 18:30:00,1550.3,20191200,1550.3,20191200,1545.0,20191000
2019-08-28 18:45:00,1550.3,20191200,1550.3,20191200,1544.1,20191000
2019-08-28 19:00:00,1551.7,20191200,1551.7,20191200,1545.3,20191000
2019-08-28 19:15:00,1551.7,20191200,1551.7,20191200,1545.6,20191000
2019-08-28 19:30:00,1551.7,20191200,1551.7,20191200,1544.8,20191000
2019-08-28 19:45:00,1551.7,20191200,1551.7,20191200,1545.8,20191000
2019-08-28 20:00:00,1549.0,20191200,1549.0,20191200,1545.0,20191000
2019-08-28 20:15:00,1549.0,20191200,1549.0,20191200,1543.8,20191000
2019-08-28 20:30:00,1549.0,20191200,1549.0,20191200,1542.9,20191000
2019-08-28 20:45:00,1549.0,20191200,1549.0,20191200,1541.6,20191000
2019-08-28 21:00:00,1548.6,20191200,1548.6,20191200,1542.4,20191000
2019-08-28 21:15:00,1548.6,20191200,1548.6,20191200,1542.5,20191000
2019-08-28 21:30:00,1548.6,20191200,1548.6,20191200,1542.6,20191000
2019-08-28 21:45:00,1548.6,20191200,1548.6,20191200,1542.4,20191000
2019-08-28 23:00:00,1548.5,20191200,1548.5,20191200,1538.9,20191000
2019-08-28 23:15:00,1548.5,20191200,1548.5,20191200,1542.1,20191000
2019-08-28 23:30:00,1548.5,20191200,1548.5,20191200,1541.2,20191000
2019-08-29 00:00:00,1548.0,20191200,1548.0,20191200,1541.5,20191000
2019-08-29 00:15:00,1548.0,20191200,1548.0,20191200,1542.2,20191000
2019-08-29 00:30:00,1548.0,20191200,1548.0,20191200,1541.8,20191000
2019-08-29 00:45:00,1548.0,20191200,1548.0,20191200,1541.7,20191000
2019-08-29 01:00:00,1549.1,20191200,1549.1,20191200,1541.8,20191000
2019-08-29 01:15:00,1549.1,20191200,1549.1,20191200,1541.8,20191000
2019-08-29 01:30:00,1549.1,20191200,1549.1,20191200,1542.3,20191000
2019-08-29 01:45:00,1549.1,20191200,1549.1,20191200,1542.8,20191000
2019-08-29 02:00:00,1551.5,20191200,1551.5,20191200,1542.3,20191000
2019-08-29 02:15:00,1551.5,20191200,1551.5,20191200,1543.9,20191000
2019-08-29 02:30:00,1551.5,20191200,1551.5,20191200,1546.0,20191000
2019-08-29 02:45:00,1551.5,20191200,1551.5,20191200,1545.6,20191000
2019-08-29 03:00:00,1550.8,20191200,1550.8,20191200,1544.8,20191000
2019-08-29 03:15:00,1550.8,20191200,1550.8,20191200,1545.0,20191000
2019-08-29 03:30:00,1550.8,20191200,1550.8,20191200,1544.1,20191000
2019-08-29 03:45:00,1550.8,20191200,1550.8,20191200,1544.2,20191000
2019-08-29 04:00:00,1552.1,20191200,1552.1,20191200,1544.8,20191000
2019-08-29 04:15:00,1552.1,20191200,1552.1,20191200,1545.3,20191000
2019-08-29 04:30:00,1552.1,20191200,1552.1,20191200,1545.0,20191000
2019-08-29 04:45:00,1552.1,20191200,1552.1,20191200,1545.9,20191000
2019-08-29 05:15:00,1552.1,20191200,1552.1,20191200,1547.0,20191000
2019-08-29 05:30:00,1552.1,20191200,1552.1,20191200,1546.7,20191000
2019-08-29 05:45:00,1552.1,20191200,1552.1,20191200,1545.9,20191000
2019-08-29 06:15:00,1552.1,20191200,1552.1,20191200,1545.0,20191000
2019-08-29 06:30:00,1552.1,20191200,1552.1,20191200,1547.2,20191000
2019-08-29 06:45:00,1552.1,20191200,1552.1,20191200,1546.9,20191000
2019-08-29 07:00:00,1558.7,20191200,1558.7,20191200,1548.3,20191000
2019-08-29 07:15:00,1558.7,20191200,1558.7,20191200,1549.0,20191000
2019-08-29 07:30:00,1558.7,20191200,1558.7,20191200,1550.2,20191000
2019-08-29 07:45:00,1558.7,20191200,1558.7,20191200,1552.5,20191000
2019-08-29 08:00:00,1550.1,20191200,1550.1,20191200,1547.1,20191000
2019-08-29 08:15:00,1550.1,20191200,1550.1,20191200,1549.8,20191000
2019-08-29 08:30:00,1550.1,20191200,1550.1,20191200,1547.1,20191000
2019-08-29 08:45:00,1550.1,20191200,1550.1,20191200,1543.8,20191000
2019-08-29 09:00:00,1549.0,20191200,1549.0,20191200,1542.6,20191000
2019-08-29 09:15:00,1549.0,20191200,1549.0,20191200,1543.1,20191000
2019-08-29 09:30:00,1549.0,20191200,1549.0,20191200,1543.2,20191000
2019-08-29 09:45:00,1549.0,20191200,1549.0,20191200,1542.8,20191000
2019-08-29 10:00:00,1547.7,20191200,1547.7,20191200,1541.8,20191000
2019-08-29 10:15:00,1547.7,20191200,1547.7,20191200,1539.8,20191000
2019-08-29 10:30:00,1547.7,20191200,1547.7,20191200,1540.5,20191000
2019-08-29 10:45:00,1547.7,20191200,1547.7,20191200,1541.3,20191000
2019-08-29 11:00:00,1545.6,20191200,1545.6,20191200,1542.5,20191000
2019-08-29 11:15:00,1545.6,20191200,1545.6,20191200,1541.4,20191000
2019-08-29 11:30:00,1545.6,20191200,1545.6,20191200,1540.9,20191000
2019-08-29 11:45:00,1545.6,20191200,1545.6,20191200,1539.5,20191000
2019-08-29 12:00:00,1546.1,20191200,1546.1,20191200,1539.9,20191000
2019-08-29 12:15:00,1546.1,20191200,1546.1,20191200,1539.0,20191000
2019-08-29 12:30:00,1546.1,20191200,1546.1,20191200,1539.2,20191000
2019-08-29 12:45:00,1546.1,20191200,1546.1,20191200,1540.0,20191000
2019-08-29 13:00:00,1551.8,20191200,1551.8,20191200,1541.6,20191000
2019-08-29 13:15:00,1551.8,20191200,1551.8,20191200,1540.9,20191000
2019-08-29 13:30:00,1551.8,20191200,1551.8,20191200,1541.8,20191000
2019-08-29 13:45:00,1551.8,20191200,1551.8,20191200,1545.5,20191000
2019-08-29 14:00:00,1548.6,20191200,1548.6,20191200,1544.4,20191000
2019-08-29 14:15:00,1548.6,20191200,1548.6,20191200,1544.3,20191000
2019-08-29 14:30:00,1548.6,20191200,1548.6,20191200,1542.5,20191000
2019-08-29 14:45:00,1548.6,20191200,1548.6,20191200,1542.6,20191000
2019-08-29 15:00:00,1548.1,20191200,1548.1,20191200,1544.4,20191000
2019-08-29 15:15:00,1548.1,20191200,1548.1,20191200,1544.7,20191000
2019-08-29 15:30:00,1548.1,20191200,1548.1,20191200,1542.1,20191000
2019-08-29 15:45:00,1548.1,20191200,1548.1,20191200,1541.9,20191000
2019-08-29 16:00:00,1545.6,20191200,1545.6,20191200,1539.5,20191000
2019-08-29 16:15:00,1545.6,20191200,1545.6,20191200,1539.7,20191000
2019-08-29 16:30:00,1545.6,20191200,1545.6,20191200,1539.6,20191000
2019-08-29 16:45:00,1545.6,20191200,1545.6,20191200,1539.3,20191000
2019-08-29 17:00:00,1537.5,20191200,1537.5,20191200,1538.4,20191000
2019-08-29 17:15:00,1537.5,20191200,1537.5,20191200,1535.5,20191000
2019-08-29 17:30:00,1537.5,20191200,1537.5,20191200,1531.5,20191000
2019-08-29 17:45:00,1537.5,20191200,1537.5,20191200,1531.3,20191000
2019-08-29 18:00:00,1536.3,20191200,1536.3,20191200,1530.3,20191000
2019-08-29 18:15:00,1536.3,20191200,1536.3,20191200,1530.7,20191000
2019-08-29 18:30:00,1536.3,20191200,1536.3,20191200,1530.7,20191000
2019-08-29 18:45:00,1536.3,20191200,1536.3,20191200,1529.7,20191000
2019-08-29 19:00:00,1530.4,20191200,1530.4,20191200,1524.2,20191000
2019-08-29 19:15:00,1530.4,20191200,1530.4,20191200,1525.0,20191000
2019-08-29 19:30:00,1530.4,20191200,1530.4,20191200,1523.8,20191000
2019-08-29 19:45:00,1530.4,20191200,1530.4,20191200,1524.2,20191000
2019-08-29 20:00:00,1537.6,20191200,1537.6,20191200,1525.4,20191000
2019-08-29 20:15:00,1537.6,20191200,1537.6,20191200,1527.7,20191000
2019-08-29 20:30:00,1537.6,20191200,1537.6,20191200,1529.4,20191000
2019-08-29 20:45:00,1537.6,20191200,1537.6,20191200,1531.1,20191000
2019-08-29 21:00:00,1536.7,20191200,1536.7,20191200,1530.4,20191000
2019-08-29 21:15:00,1536.7,20191200,1536.7,20191200,1530.0,20191000
2019-08-29 21:30:00,1536.7,20191200,1536.7,20191200,1529.1,20191000
2019-08-29 21:45:00,1536.7,20191200,1536.7,20191200,1529.7,20191000
2019-08-29 23:00:00,1553.7,20191200,1553.7,20191200,1545.6,20191000
2019-08-29 23:15:00,1553.7,20191200,1553.7,20191200,1530.3,20191000
2019-08-29 23:30:00,1553.7,20191200,1553.7,20191200,1530.0,20191000
2019-08-29 23:45:00,1553.7,20191200,1553.7,20191200,1530.3,20191000
2019-08-30 00:00:00,1537.7,20191200,1537.7,20191200,1530.1,20191000
2019-08-30 00:15:00,1537.7,20191200,1537.7,20191200,1530.0,20191000
2019-08-30 00:30:00,1537.7,20191200,1537.7,20191200,1530.6,20191000
2019-08-30 00:45:00,1537.7,20191200,1537.7,20191200,1531.5,20191000
2019-08-30 01:00:00,1533.7,20191200,1533.7,20191200,1526.7,20191000
2019-08-30 01:15:00,1533.7,20191200,1533.7,20191200,1527.2,20191000
2019-08-30 01:30:00,1533.7,20191200,1533.7,20191200,1527.0,20191000
2019-08-30 01:45:00,1533.7,20191200,1533.7,20191200,1527.3,20191000
2019-08-30 02:00:00,1535.4,20191200,1535.4,20191200,1528.0,20191000
2019-08-30 02:15:00,1535.4,20191200,1535.4,20191200,1527.0,20191000
2019-08-30 02:30:00,1535.4,20191200,1535.4,20191200,1528.6,20191000
2019-08-30 02:45:00,1535.4,20191200,1535.4,20191200,1529.0,20191000
2019-08-30 03:00:00,1533.0,20191200,1533.0,20191200,1528.2,20191000
2019-08-30 03:15:00,1533.0,20191200,1533.0,20191200,1526.0,20191000
2019-08-30 03:30:00,1533.0,20191200,1533.0,20191200,1527.0,20191000
2019-08-30 03:45:00,1533.0,20191200,1533.0,20191200,1526.4,20191000
2019-08-30 04:00:00,1533.1,20191200,1533.1,20191200,1527.9,20191000
2019-08-30 04:15:00,1533.1,20191200,1533.1,20191200,1526.3,20191000
2019-08-30 04:30:00,1533.1,20191200,1533.1,20191200,1527.0,20191000
2019-08-30 04:45:00,1533.1,20191200,1533.1,20191200,1526.9,20191000
2019-08-30 05:15:00,1533.1,20191200,1533.1,20191200,1528.0,20191000
2019-08-30 05:30:00,1533.1,20191200,1533.1,20191200,1527.5,20191000
2019-08-30 05:45:00,1533.1,20191200,1533.1,20191200,1528.1,20191000
2019-08-30 06:15:00,1533.1,20191200,1533.1,20191200,1529.4,20191000
2019-08-30 06:30:00,1533.1,20191200,1533.1,20191200,1531.7,20191000
2019-08-30 06:45:00,1533.1,20191200,1533.1,20191200,1532.3,20191000
2019-08-30 07:00:00,1537.5,20191200,1537.5,20191200,1533.6,20191000
2019-08-30 07:15:00,1537.5,20191200,1537.5,20191200,1533.4,20191000
2019-08-30 07:30:00,1537.5,20191200,1537.5,20191200,1532.1,20191000
2019-08-30 07:45:00,1537.5,20191200,1537.5,20191200,1530.7,20191000
2019-08-30 08:00:00,1532.1,20191200,1532.1,20191200,1530.0,20191000
2019-08-30 08:15:00,1532.1,20191200,1532.1,20191200,1529.0,20191000
2019-08-30 08:30:00,1532.1,20191200,1532.1,20191200,1528.4,20191000
2019-08-30 08:45:00,1532.1,20191200,1532.1,20191200,1525.8,20191000
2019-08-30 09:00:00,1534.3,20191200,1534.3,20191200,1527.0,20191000
2019-08-30 09:15:00,1534.3,20191200,1534.3,20191200,1527.9,20191000
2019-08-30 09:30:00,1534.3,20191200,1534.3,20191200,1528.3,20191000
2019-08-30 09:45:00,1534.3,20191200,1534.3,20191200,1528.0,20191000
2019-08-30 10:00:00,1534.5,20191200,1534.5,20191200,1529.3,20191000
2019-08-30 10:15:00,1534.5,20191200,1534.5,20191200,1528.8,20191000
2019-08-30 10:30:00,1534.5,20191200,1534.5,20191200,1528.0,20191000
2019-08-30 10:45:00,1534.5,20191200,1534.5,20191200,1527.8,20191000
2019-08-30 11:00:00,1534.5,20191200,1534.5,20191200,1528.5,20191000
2019-08-30 11:30:00,1534.5,20191200,1534.5,20191200,1528.3,20191000
2019-08-30 11:45:00,1534.5,20191200,1534.5,20191200,1528.2,20191000
2019-08-30 12:00:00,1533.0,20191200,1533.0,20191200,1527.8,20191000
2019-08-30 12:15:00,1533.0,20191200,1533.0,20191200,1527.9,20191000
2019-08-30 12:30:00,1533.0,20191200,1533.0,20191200,1528.2,20191000
2019-08-30 12:45:00,1533.0,20191200,1533.0,20191200,1526.6,20191000
2019-08-30 13:00:00,1537.1,20191200,1537.1,20191200,1528.6,20191000
2019-08-30 13:15:00,1537.1,20191200,1537.1,20191200,1529.4,20191000
2019-08-30 13:30:00,1537.1,20191200,1537.1,20191200,1532.9,20191000
2019-08-30 13:45:00,1537.1,20191200,1537.1,20191200,1530.7,20191000
2019-08-30 14:00:00,1536.9,20191200,1536.9,20191200,1531.5,20191000
2019-08-30 14:15:00,1536.9,20191200,1536.9,20191200,1528.0,20191000
2019-08-30 14:30:00,1536.9,20191200,1536.9,20191200,1530.2,20191000
2019-08-30 14:45:00,1536.9,20191200,1536.9,20191200,1530.8,20191000
2019-08-30 15:00:00,1537.3,20191200,1537.3,20191200,1531.2,20191000
2019-08-30 15:15:00,1537.3,20191200,1537.3,20191200,1531.7,20191000
2019-08-30 15:30:00,1537.3,20191200,1537.3,20191200,1531.5,20191000
2019-08-30 15:45:00,1537.3,20191200,1537.3,20191200,1531.3,20191000
2019-08-30 16:00:00,1536.6,20191200,1536.6,20191200,1531.6,20191000
2019-08-30 16:15:00,1536.6,20191200,1536.6,20191200,1532.7,20191000
2019-08-30 16:30:00,1536.6,20191200,1536.6,20191200,1530.9,20191000
2019-08-30 16:45:00,1536.6,20191200,1536.6,20191200,1530.1,20191000
2019-08-30 17:00:00,1531.9,20191200,1531.9,20191200,1529.6,20191000
2019-08-30 17:15:00,1531.9,20191200,1531.9,20191200,1527.4,20191000
2019-08-30 17:30:00,1531.9,20191200,1531.9,20191200,1526.4,20191000
2019-08-30 17:45:00,1531.9,20191200,1531.9,20191200,1526.0,20191000
2019-08-30 18:00:00,1527.8,20191200,1527.8,20191200,1525.0,20191000
2019-08-30 18:15:00,1527.8,20191200,1527.8,20191200,1523.2,20191000
2019-08-30 18:30:00,1527.8,20191200,1527.8,20191200,1520.1,20191000
2019-08-30 18:45:00,1527.8,20191200,1527.8,20191200,1520.7,20191000
2019-08-30 19:00:00,1534.2,20191200,1534.2,20191200,1522.3,20191000
2019-08-30 19:15:00,1534.2,20191200,1534.2,20191200,1523.6,20191000
2019-08-30 19:30:00,1534.2,20191200,1534.2,20191200,1525.1,20191000
2019-08-30 19:45:00,1534.2,20191200,1534.2,20191200,1527.4,20191000
2019-08-30 20:00:00,1533.0,20191200,1533.0,20191200,1526.4,20191000
2019-08-30 20:15:00,1533.0,20191200,1533.0,20191200,1526.7,20191000
2019-08-30 20:30:00,1533.0,20191200,1533.0,20191200,1526.5,20191000
2019-08-30 20:45:00,1533.0,20191200,1533.0,20191200,1526.8,20191000
2019-08-30 21:00:00,1529.2,20191200,1529.2,20191200,1526.1,20191000
2019-08-30 21:15:00,1529.2,20191200,1529.2,20191200,1526.1,20191000
2019-08-30 21:30:00,1529.2,20191200,1529.2,20191200,1525.4,20191000
2019-08-30 21:45:00,1529.2,20191200,1529.2,20191200,1523.0,20191000
2019-08-30 23:00:00,1538.5,20191200,1538.5,20191200,1528.8,20191000
2019-09-01 23:00:00,1538.6,20191200,1538.6,20191200,1533.6,20191000
2019-09-01 23:15:00,1538.6,20191200,1538.6,20191200,1532.8,20191000
2019-09-01 23:30:00,1538.6,20191200,1538.6,20191200,1532.6,20191000
2019-09-01 23:45:00,1538.6,20191200,1538.6,20191200,1532.2,20191000
2019-09-02 00:00:00,1538.0,20191200,1538.0,20191200,1531.3,20191000
2019-09-02 00:15:00,1538.0,20191200,1538.0,20191200,1530.9,20191000
2019-09-02 00:30:00,1538.0,20191200,1538.0,20191200,1531.2,20191000
2019-09-02 00:45:00,1538.0,20191200,1538.0,20191200,1531.8,20191000
2019-09-02 01:00:00,1538.0,20191200,1538.0,20191200,1531.8,20191000
2019-09-02 01:15:00,1538.0,20191200,1538.0,20191200,1530.4,20191000
2019-09-02 01:30:00,1538.0,20191200,1538.0,20191200,1531.2,20191000
2019-09-02 01:45:00,1538.0,20191200,1538.0,20191200,1531.9,20191000
2019-09-02 02:00:00,1533.4,20191200,1533.4,20191200,1526.4,20191000
2019-09-02 02:15:00,1533.4,20191200,1533.4,20191200,1527.2,20191000
2019-09-02 02:30:00,1533.4,20191200,1533.4,20191200,1527.1,20191000
2019-09-02 02:45:00,1533.4,20191200,1533.4,20191200,1527.5,20191000
2019-09-02 03:00:00,1534.3,20191200,1534.3,20191200,1526.4,20191000
2019-09-02 03:15:00,1534.3,20191200,1534.3,20191200,1526.7,20191000
2019-09-02 03:30:00,1534.3,20191200,1534.3,20191200,1526.3,20191000
2019-09-02 03:45:00,1534.3,20191200,1534.3,20191200,1528.0,20191000
2019-09-02 04:00:00,1534.6,20191200,1534.6,20191200,1528.0,20191000
2019-09-02 04:15:00,1534.6,20191200,1534.6,20191200,1528.8,20191000
2019-09-02 04:30:00,1534.6,20191200,1534.6,20191200,1528.3,20191000
2019-09-02 04:45:00,1534.6,20191200,1534.6,20191200,1528.3,20191000
2019-09-02 05:15:00,1534.6,20191200,1534.6,20191200,1528.6,20191000
2019-09-02 05:30:00,1534.6,20191200,1534.6,20191200,1528.5,20191000
2019-09-02 06:15:00,1534.6,20191200,1534.6,20191200,1527.6,20191000
2019-09-02 06:30:00,1534.6,20191200,1534.6,20191200,1527.3,20191000
2019-09-02 06:45:00,1534.6,20191200,1534.6,20191200,1527.2,20191000
2019-09-02 07:00:00,1531.6,20191200,1531.6,20191200,1525.8,20191000
2019-09-02 07:15:00,1531.6,20191200,1531.6,20191200,1526.5,20191000
2019-09-02 07:30:00,1531.6,20191200,1531.6,20191200,1524.9,20191000
2019-09-02 07:45:00,1531.6,20191200,1531.6,20191200,1525.1,20191000
2019-09-02 08:00:00,1531.2,20191200,1531.2,20191200,1524.8,20191000
2019-09-02 08:15:00,1531.2,20191200,1531.2,20191200,1522.7,20191000
2019-09-02 08:30:00,1531.2,20191200,1531.2,20191200,1524.5,20191000
2019-09-02 08:45:00,1531.2,20191200,1531.2,20191200,1524.7,20191000
2019-09-02 09:00:00,1530.1,20191200,1530.1,20191200,1524.9,20191000
2019-09-02 09:15:00,1530.1,20191200,1530.1,20191200,1524.2,20191000
2019-09-02 09:30:00,1530.1,20191200,1530.1,20191200,1524.4,20191000
2019-09-02 09:45:00,1530.1,20191200,1530.1,20191200,1524.1,20191000
2019-09-02 10:00:00,1534.6,20191200,1534.6,20191200,1524.4,20191000
2019-09-02 10:15:00,1534.6,20191200,1534.6,20191200,1525.9,20191000
2019-09-02 10:30:00,1534.6,20191200,1534.6,20191200,1526.2,20191000
2019-09-02 10:45:00,1534.6,20191200,1534.6,20191200,1528.1,20191000
2019-09-02 11:00:00,1533.0,20191200,1533.0,20191200,1527.4,20191000
2019-09-02 11:15:00,1533.0,20191200,1533.0,20191200,1527.5,20191000
2019-09-02 11:30:00,1533.0,20191200,1533.0,20191200,1526.7,20191000
2019-09-02 11:45:00,1533.0,20191200,1533.0,20191200,1527.0,20191000
2019-09-02 12:00:00,1533.4,20191200,1533.4,20191200,1527.8,20191000
2019-09-02 12:15:00,1533.4,20191200,1533.4,20191200,1527.9,20191000
2019-09-02 12:30:00,1533.4,20191200,1533.4,20191200,1528.0,20191000
2019-09-02 12:45:00,1533.4,20191200,1533.4,20191200,1526.9,20191000
2019-09-02 13:00:00,1532.7,20191200,1532.7,20191200,1527.3,20191000
2019-09-02 13:15:00,1532.7,20191200,1532.7,20191200,1526.8,20191000
2019-09-02 13:30:00,1532.7,20191200,1532.7,20191200,1527.2,20191000
2019-09-02 13:45:00,1532.7,20191200,1532.7,20191200,1526.3,20191000
2019-09-02 14:00:00,1536.3,20191200,1536.3,20191200,1528.1,20191000
2019-09-02 14:15:00,1536.3,20191200,1536.3,20191200,1527.5,20191000
2019-09-02 14:30:00,1536.3,20191200,1536.3,20191200,1529.7,20191000
2019-09-02 14:45:00,1536.3,20191200,1536.3,20191200,1530.0,20191000
2019-09-02 15:00:00,1535.7,20191200,1535.7,20191200,1528.0,20191000
2019-09-02 15:15:00,1535.7,20191200,1535.7,20191200,1527.7,20191000
2019-09-02 15:30:00,1535.7,20191200,1535.7,20191200,1528.1,20191000
2019-09-02 15:45:00,1535.7,20191200,1535.7,20191200,1529.1,20191000
2019-09-02 16:00:00,1536.4,20191200,1536.4,20191200,1528.2,20191000
2019-09-02 16:15:00,1536.4,20191200,1536.4,20191200,1528.3,20191000
2019-09-02 16:30:00,1536.4,20191200,1536.4,20191200,1527.0,20191000
2019-09-02 16:45:00,1536.4,20191200,1536.4,20191200,1530.4,20191000
2019-09-02 17:00:00,1538.1,20191200,1538.1,20191200,1530.4,20191000
2019-09-02 17:15:00,1538.1,20191200,1538.1,20191200,1531.5,20191000
2019-09-02 17:30:00,1538.1,20191200,1538.1,20191200,1532.7,20191000
2019-09-02 17:45:00,1538.1,20191200,1538.1,20191200,1531.9,20191000
2019-09-02 23:00:00,1533.7,20191200,1533.7,20191200,1527.8,20191000
2019-09-02 23:15:00,1533.7,20191200,1533.7,20191200,1528.9,20191000
2019-09-02 23:30:00,1533.7,20191200,1533.7,20191200,1528.6,20191000
2019-09-02 23:45:00,1533.7,20191200,1533.7,20191200,1529.0,20191000
2019-09-03 00:00:00,1535.2,20191200,1535.2,20191200,1529.1,20191000
2019-09-03 00:15:00,1535.2,20191200,1535.2,20191200,1528.3,20191000
2019-09-03 00:30:00,1535.2,20191200,1535.2,20191200,1528.9,20191000
2019-09-03 00:45:00,1535.2,20191200,1535.2,20191200,1528.8,20191000
2019-09-03 01:00:00,1534.0,20191200,1534.0,20191200,1527.7,20191000
2019-09-03 01:15:00,1534.0,20191200,1534.0,20191200,1527.7,20191000
2019-09-03 01:30:00,1534.0,20191200,1534.0,20191200,1528.2,20191000
2019-09-03 01:45:00,1534.0,20191200,1534.0,20191200,1527.3,20191000
2019-09-03 02:00:00,1533.7,20191200,1533.7,20191200,1527.8,20191000
2019-09-03 02:15:00,1533.7,20191200,1533.7,20191200,1527.7,20191000
2019-09-03 02:30:00,1533.7,20191200,1533.7,20191200,1527.0,20191000
2019-09-03 02:45:00,1533.7,20191200,1533.7,20191200,1526.7,20191000
2019-09-03 03:00:00,1531.5,20191200,1531.5,20191200,1527.1,20191000
2019-09-03 03:15:00,1531.5,20191200,1531.5,20191200,1527.0,20191000
2019-09-03 03:30:00,1531.5,20191200,1531.5,20191200,1526.5,20191000
2019-09-03 03:45:00,1531.5,20191200,1531.5,20191200,1525.4,20191000
2019-09-03 04:00:00,1532.3,20191200,1532.3,20191200,1525.9,20191000
2019-09-03 04:15:00,1532.3,20191200,1532.3,20191200,1526.9,20191000
2019-09-03 04:30:00,1532.3,20191200,1532.3,20191200,1526.7,20191000
2019-09-03 04:45:00,1532.3,20191200,1532.3,20191200,1526.0,20191000
2019-09-03 05:15:00,1532.3,20191200,1532.3,20191200,1527.3,20191000
2019-09-03 05:30:00,1532.3,20191200,1532.3,20191200,1527.2,20191000
2019-09-03 05:45:00,1532.3,20191200,1532.3,20191200,1526.7,20191000
2019-09-03 06:15:00,1532.3,20191200,1532.3,20191200,1526.9,20191000
2019-09-03 06:30:00,1532.3,20191200,1532.3,20191200,1528.0,20191000
2019-09-03 06:45:00,1532.3,20191200,1532.3,20191200,1528.8,20191000
2019-09-03 07:00:00,1535.5,20191200,1535.5,20191200,1528.7,20191000
2019-09-03 07:15:00,1535.5,20191200,1535.5,20191200,1527.8,20191000
2019-09-03 07:30:00,1535.5,20191200,1535.5,20191200,1527.9,20191000
2019-09-03 07:45:00,1535.5,20191200,1535.5,20191200,1529.2,20191000
2019-09-03 08:00:00,1539.6,20191200,1539.6,20191200,1531.0,20191000
2019-09-03 08:15:00,1539.6,20191200,1539.6,20191200,1528.6,20191000
2019-09-03 08:30:00,1539.6,20191200,1539.6,20191200,1531.2,20191000
2019-09-03 08:45:00,1539.6,20191200,1539.6,20191200,1533.2,20191000
2019-09-03 09:00:00,1541.3,20191200,1541.3,20191200,1532.8,20191000
2019-09-03 09:15:00,1541.3,20191200,1541.3,20191200,1533.4,20191000
2019-09-03 09:30:00,1541.3,20191200,1541.3,20191200,1534.8,20191000
2019-09-03 09:45:00,1541.3,20191200,1541.3,20191200,1534.0,20191000
2019-09-03 10:00:00,1541.8,20191200,1541.8,20191200,1533.8,20191000
2019-09-03 10:15:00,1541.8,20191200,1541.8,20191200,1535.1,20191000
2019-09-03 10:30:00,1541.8,20191200,1541.8,20191200,1535.6,20191000
2019-09-03 10:45:00,1541.8,20191200,1541.8,20191200,1535.5,20191000
2019-09-03 11:00:00,1539.2,20191200,1539.2,20191200,1535.0,20191000
2019-09-03 11:15:00,1539.2,20191200,1539.2,20191200,1534.8,20191000
2019-09-03 11:30:00,1539.2,20191200,1539.2,20191200,1534.0,20191000
2019-09-03 11:45:00,1539.2,20191200,1539.2,20191200,1533.0,20191000
2019-09-03 12:00:00,1540.2,20191200,1540.2,20191200,1533.1,20191000
2019-09-03 12:15:00,1540.2,20191200,1540.2,20191200,1532.9,20191000
2019-09-03 12:30:00,1540.2,20191200,1540.2,20191200,1532.1,20191000
2019-09-03 12:45:00,1540.2,20191200,1540.2,20191200,1533.7,20191000
2019-09-03 13:00:00,1541.2,20191200,1541.2,20191200,1535.2,20191000
2019-09-03 13:15:00,1541.2,20191200,1541.2,20191200,1536.6,20191000
2019-09-03 13:30:00,1541.2,20191200,1541.2,20191200,1535.1,20191000
2019-09-03 13:45:00,1541.2,20191200,1541.2,20191200,1534.9,20191000
2019-09-03 14:00:00,1545.8,20191200,1545.8,20191200,1539.6,20191000
2019-09-03 14:15:00,1545.8,20191200,1545.8,20191200,1540.2,20191000
2019-09-03 14:30:00,1545.8,20191200,1545.8,20191200,1539.7,20191000
2019-09-03 14:45:00,1545.8,20191200,1545.8,20191200,1539.1,20191000
2019-09-03 15:00:00,1553.6,20191200,1553.6,20191200,1547.1,20191000
2019-09-03 15:15:00,1553.6,20191200,1553.6,20191200,1545.3,20191000
2019-09-03 15:30:00,1553.6,20191200,1553.6,20191200,1546.5,20191000
2019-09-03 15:45:00,1553.6,20191200,1553.6,20191200,1547.2,20191000
2019-09-03 16:00:00,1558.0,20191200,1558.0,20191200,1551.7,20191000
2019-09-03 16:15:00,1558.0,20191200,1558.0,20191200,1549.1,20191000
2019-09-03 16:30:00,1558.0,20191200,1558.0,20191200,1550.9,20191000
2019-09-03 16:45:00,1558.0,20191200,1558.0,20191200,1551.5,20191000
2019-09-03 17:00:00,1555.1,20191200,1555.1,20191200,1549.7,20191000
2019-09-03 17:15:00,1555.1,20191200,1555.1,20191200,1548.0,20191000
2019-09-03 17:30:00,1555.1,20191200,1555.1,20191200,1546.8,20191000
2019-09-03 17:45:00,1555.1,20191200,1555.1,20191200,1548.4,20191000
2019-09-03 18:00:00,1555.9,20191200,1555.9,20191200,1549.8,20191000
2019-09-03 18:15:00,1555.9,20191200,1555.9,20191200,1549.6,20191000
2019-09-03 18:30:00,1555.9,20191200,1555.9,20191200,1549.0,20191000
2019-09-03 18:45:00,1555.9,20191200,1555.9,20191200,1549.3,20191000
2019-09-03 19:00:00,1552.8,20191200,1552.8,20191200,1549.5,20191000
2019-09-03 19:15:00,1552.8,20191200,1552.8,20191200,1549.5,20191000
2019-09-03 19:30:00,1552.8,20191200,1552.8,20191200,1547.7,20191000
2019-09-03 19:45:00,1552.8,20191200,1552.8,20191200,1545.9,20191000
2019-09-03 20:00:00,1554.5,20191200,1554.5,20191200,1545.4,20191000
2019-09-03 20:15:00,1554.5,20191200,1554.5,20191200,1545.8,20191000
2019-09-03 20:30:00,1554.5,20191200,1554.5,20191200,1548.1,20191000
2019-09-03 20:45:00,1554.5,20191200,1554.5,20191200,1548.2,20191000
2019-09-03 21:00:00,1556.3,20191200,1556.3,20191200,1548.6,20191000
2019-09-03 21:15:00,1556.3,20191200,1556.3,20191200,1548.1,20191000
2019-09-03 21:30:00,1556.3,20191200,1556.3,20191200,1550.1,20191000
2019-09-03 21:45:00,1556.3,20191200,1556.3,20191200,1550.0,20191000
2019-09-03 23:00:00,1535.4,20191200,1535.4,20191200,1527.6,20191000
2019-09-03 23:15:00,1535.4,20191200,1535.4,20191200,1549.3,20191000
2019-09-03 23:30:00,1535.4,20191200,1535.4,20191200,1548.1,20191000
2019-09-03 23:45:00,1535.4,20191200,1535.4,20191200,1547.9,20191000
2019-09-04 00:00:00,1558.1,20191200,1558.1,20191200,1551.0,20191000
2019-09-04 00:15:00,1558.1,20191200,1558.1,20191200,1550.3,20191000
2019-09-04 00:30:00,1558.1,20191200,1558.1,20191200,1550.8,20191000
2019-09-04 00:45:00,1558.1,20191200,1558.1,20191200,1552.0,20191000
2019-09-04 01:00:00,1553.9,20191200,1553.9,20191200,1550.6,20191000
2019-09-04 01:15:00,1553.9,20191200,1553.9,20191200,1549.3,20191000
2019-09-04 01:30:00,1553.9,20191200,1553.9,20191200,1549.5,20191000
2019-09-04 01:45:00,1553.9,20191200,1553.9,20191200,1547.2,20191000
2019-09-04 02:00:00,1550.3,20191200,1550.3,20191200,1548.9,20191000
2019-09-04 02:15:00,1550.3,20191200,1550.3,20191200,1550.0,20191000
2019-09-04 02:30:00,1550.3,20191200,1550.3,20191200,1548.2,20191000
2019-09-04 02:45:00,1550.3,20191200,1550.3,20191200,1545.0,20191000
2019-09-04 03:00:00,1553.4,20191200,1553.4,20191200,1544.4,20191000
2019-09-04 03:15:00,1553.4,20191200,1553.4,20191200,1545.4,20191000
2019-09-04 03:30:00,1553.4,20191200,1553.4,20191200,1546.6,20191000
2019-09-04 03:45:00,1553.4,20191200,1553.4,20191200,1547.3,20191000
2019-09-04 04:00:00,1552.0,20191200,1552.0,20191200,1547.0,20191000
2019-09-04 04:15:00,1552.0,20191200,1552.0,20191200,1546.8,20191000
2019-09-04 04:30:00,1552.0,20191200,1552.0,20191200,1547.4,20191000
2019-09-04 04:45:00,1552.0,20191200,1552.0,20191200,1546.2,20191000
2019-09-04 05:15:00,1552.0,20191200,1552.0,20191200,1546.0,20191000
2019-09-04 05:30:00,1552.0,20191200,1552.0,20191200,1544.9,20191000
2019-09-04 05:45:00,1552.0,20191200,1552.0,20191200,1544.6,20191000
2019-09-04 06:15:00,1552.0,20191200,1552.0,20191200,1546.4,20191000
2019-09-04 06:30:00,1552.0,20191200,1552.0,20191200,1545.8,20191000
2019-09-04 06:45:00,1552.0,20191200,1552.0,20191200,1544.1,20191000
2019-09-04 07:00:00,1546.5,20191200,1546.5,20191200,1541.6,20191000
2019-09-04 07:15:00,1546.5,20191200,1546.5,20191200,1539.7,20191000
2019-09-04 07:30:00,1546.5,20191200,1546.5,20191200,1541.3,20191000
2019-09-04 07:45:00,1546.5,20191200,1546.5,20191200,1540.2,20191000
2019-09-04 08:00:00,1545.4,20191200,1545.4,20191200,1540.8,20191000
2019-09-04 08:15:00,1545.4,20191200,1545.4,20191200,1539.8,20191000
2019-09-04 08:30:00,1545.4,20191200,1545.4,20191200,1538.0,20191000
2019-09-04 08:45:00,1545.4,20191200,1545.4,20191200,1538.9,20191000
2019-09-04 09:00:00,1547.5,20191200,1547.5,20191200,1538.8,20191000
2019-09-04 09:15:00,1547.5,20191200,1547.5,20191200,1540.0,20191000
2019-09-04 09:30:00,1547.5,20191200,1547.5,20191200,1540.2,20191000
2019-09-04 09:45:00,1547.5,20191200,1547.5,20191200,1541.3,20191000
2019-09-04 10:00:00,1547.2,20191200,1547.2,20191200,1541.0,20191000
2019-09-04 10:15:00,1547.2,20191200,1547.2,20191200,1540.4,20191000
2019-09-04 10:30:00,1547.2,20191200,1547.2,20191200,1541.8,20191000
2019-09-04 10:45:00,1547.2,20191200,1547.2,20191200,1541.2,20191000
2019-09-04 11:00:00,1545.4,20191200,1545.4,20191200,1540.0,20191000
2019-09-04 11:15:00,1545.4,20191200,1545.4,20191200,1539.4,20191000
2019-09-04 11:30:00,1545.4,20191200,1545.4,20191200,1539.8,20191000
2019-09-04 11:45:00,1545.4,20191200,1545.4,20191200,1539.0,20191000
2019-09-04 12:00:00,1544.7,20191200,1544.7,20191200,1538.3,20191000
2019-09-04 12:15:00,1544.7,20191200,1544.7,20191200,1537.3,20191000
2019-09-04 12:30:00,1544.7,20191200,1544.7,20191200,1537.3,20191000
2019-09-04 12:45:00,1544.7,20191200,1544.7,20191200,1538.2,20191000
2019-09-04 13:00:00,1550.4,20191200,1550.4,20191200,1540.0,20191000
2019-09-04 13:15:00,1550.4,20191200,1550.4,20191200,1541.3,20191000
2019-09-04 13:30:00,1550.4,20191200,1550.4,20191200,1541.5,20191000
2019-09-04 13:45:00,1550.4,20191200,1550.4,20191200,1544.1,20191000
2019-09-04 14:00:00,1555.2,20191200,1555.2,20191200,1545.9,20191000
2019-09-04 14:15:00,1555.2,20191200,1555.2,20191200,1546.1,20191000
2019-09-04 14:30:00,1555.2,20191200,1555.2,20191200,1548.0,20191000
2019-09-04 14:45:00,1555.2,20191200,1555.2,20191200,1548.9,20191000
2019-09-04 15:00:00,1555.6,20191200,1555.6,20191200,1551.3,20191000
2019-09-04 15:15:00,1555.6,20191200,1555.6,20191200,1548.8,20191000
2019-09-04 15:30:00,1555.6,20191200,1555.6,20191200,1549.1,20191000
2019-09-04 15:45:00,1555.6,20191200,1555.6,20191200,1549.5,20191000
2019-09-04 16:00:00,1556.2,20191200,1556.2,20191200,1548.0,20191000
2019-09-04 16:15:00,1556.2,20191200,1556.2,20191200,1549.1,20191000
2019-09-04 16:30:00,1556.2,20191200,1556.2,20191200,1549.7,20191000
2019-09-04 16:45:00,1556.2,20191200,1556.2,20191200,1549.9,20191000
2019-09-04 17:00:00,1556.5,20191200,1556.5,20191200,1550.4,20191000
2019-09-04 17:15:00,1556.5,20191200,1556.5,20191200,1550.2,20191000
2019-09-04 17:30:00,1556.5,20191200,1556.5,20191200,1549.6,20191000
2019-09-04 17:45:00,1556.5,20191200,1556.5,20191200,1550.0,20191000
2019-09-04 18:00:00,1564.7,20191200,1564.7,20191200,1552.7,20191000
2019-09-04 18:15:00,1564.7,20191200,1564.7,20191200,1554.2,20191000
2019-09-04 18:30:00,1564.7,20191200,1564.7,20191200,1556.3,20191000
2019-09-04 18:45:00,1564.7,20191200,1564.7,20191200,1558.2,20191000
2019-09-04 19:00:00,1563.2,20191200,1563.2,20191200,1558.2,20191000
2019-09-04 19:15:00,1563.2,20191200,1563.2,20191200,1556.1,20191000
2019-09-04 19:30:00,1563.2,20191200,1563.2,20191200,1556.2,20191000
2019-09-04 19:45:00,1563.2,20191200,1563.2,20191200,1556.7,20191000
2019-09-04 20:00:00,1564.0,20191200,1564.0,20191200,1555.8,20191000
2019-09-04 20:15:00,1564.0,20191200,1564.0,20191200,1555.2,20191000
2019-09-04 20:30:00,1564.0,20191200,1564.0,20191200,1556.3,20191000
2019-09-04 20:45:00,1564.0,20191200,1564.0,20191200,1558.0,20191000
2019-09-04 21:00:00,1561.6,20191200,1561.6,20191200,1557.5,20191000
2019-09-04 21:15:00,1561.6,20191200,1561.6,20191200,1556.9,20191000
2019-09-04 21:30:00,1561.6,20191200,1561.6,20191200,1555.4,20191000
2019-09-04 21:45:00,1561.6,20191200,1561.6,20191200,1555.4,20191000
2019-09-04 23:00:00,1550.6,20191200,1550.6,20191200,1546.1,20191000
2019-09-04 23:15:00,1550.6,20191200,1550.6,20191200,1555.0,20191000
2019-09-04 23:30:00,1550.6,20191200,1550.6,20191200,1554.3,20191000
2019-09-05 00:00:00,1560.1,20191200,1560.1,20191200,1555.2,20191000
2019-09-05 00:15:00,1560.1,20191200,1560.1,20191200,1553.9,20191000
2019-09-05 00:30:00,1560.1,20191200,1560.1,20191200,1554.2,20191000
2019-09-05 00:45:00,1560.1,20191200,1560.1,20191200,1553.9,20191000
2019-09-05 01:00:00,1557.4,20191200,1557.4,20191200,1550.9,20191000
2019-09-05 01:15:00,1557.4,20191200,1557.4,20191200,1550.1,20191000
2019-09-05 01:30:00,1557.4,20191200,1557.4,20191200,1551.9,20191000
2019-09-05 01:45:00,1557.4,20191200,1557.4,20191200,1551.1,20191000
2019-09-05 02:00:00,1551.4,20191200,1551.4,20191200,1551.9,20191000
2019-09-05 02:15:00,1551.4,20191200,1551.4,20191200,1547.5,20191000
2019-09-05 02:30:00,1551.4,20191200,1551.4,20191200,1547.7,20191000
2019-09-05 02:45:00,1551.4,20191200,1551.4,20191200,1544.6,20191000
2019-09-05 03:00:00,1552.6,20191200,1552.6,20191200,1545.4,20191000
2019-09-05 03:15:00,1552.6,20191200,1552.6,20191200,1546.2,20191000
2019-09-05 03:30:00,1552.6,20191200,1552.6,20191200,1545.6,20191000
2019-09-05 03:45:00,1552.6,20191200,1552.6,20191200,1546.4,20191000
2019-09-05 04:00:00,1554.1,20191200,1554.1,20191200,1547.9,20191000
2019-09-05 04:15:00,1554.1,20191200,1554.1,20191200,1547.5,20191000
2019-09-05 04:30:00,1554.1,20191200,1554.1,20191200,1548.3,20191000
2019-09-05 04:45:00,1554.1,20191200,1554.1,20191200,1547.7,20191000
2019-09-05 05:15:00,1554.1,20191200,1554.1,20191200,1547.4,20191000
2019-09-05 05:30:00,1554.1,20191200,1554.1,20191200,1546.7,20191000
2019-09-05 05:45:00,1554.1,20191200,1554.1,20191200,1547.0,20191000
2019-09-05 06:15:00,1554.1,20191200,1554.1,20191200,1545.7,20191000
2019-09-05 06:30:00,1554.1,20191200,1554.1,20191200,1548.1,20191000
2019-09-05 06:45:00,1554.1,20191200,1554.1,20191200,1547.0,20191000
2019-09-05 07:00:00,1556.7,20191200,1556.7,20191200,1547.0,20191000
2019-09-05 07:15:00,1556.7,20191200,1556.7,20191200,1547.9,20191000
2019-09-05 07:30:00,1556.7,20191200,1556.7,20191200,1548.4,20191000
2019-09-05 07:45:00,1556.7,20191200,1556.7,20191200,1550.4,20191000
2019-09-05 08:00:00,1550.7,20191200,1550.7,20191200,1551.1,20191000
2019-09-05 08:15:00,1550.7,20191200,1550.7,20191200,1550.3,20191000
2019-09-05 08:30:00,1550.7,20191200,1550.7,20191200,1546.0,20191000
2019-09-05 08:45:00,1550.7,20191200,1550.7,20191200,1544.2,20191000
2019-09-05 09:00:00,1551.3,20191200,1551.3,20191200,1543.6,20191000
2019-09-05 09:15:00,1551.3,20191200,1551.3,20191200,1544.7,20191000
2019-09-05 09:30:00,1551.3,20191200,1551.3,20191200,1545.0,20191000
2019-09-05 09:45:00,1551.3,20191200,1551.3,20191200,1545.0,20191000
2019-09-05 10:00:00,1549.4,20191200,1549.4,20191200,1543.8,20191000
2019-09-05 10:15:00,1549.4,20191200,1549.4,20191200,1545.0,20191000
2019-09-05 10:30:00,1549.4,20191200,1549.4,20191200,1545.0,20191000
2019-09-05 10:45:00,1549.4,20191200,1549.4,20191200,1542.9,20191000
2019-09-05 11:00:00,1550.0,20191200,1550.0,20191200,1541.7,20191000
2019-09-05 11:15:00,1550.0,20191200,1550.0,20191200,1541.9,20191000
2019-09-05 11:30:00,1550.0,20191200,1550.0,20191200,1543.8,20191000
2019-09-05 11:45:00,1550.0,20191200,1550.0,20191200,1543.7,20191000
2019-09-05 12:00:00,1551.4,20191200,1551.4,20191200,1545.0,20191000
2019-09-05 12:15:00,1551.4,20191200,1551.4,20191200,1543.2,20191000
2019-09-05 12:30:00,1551.4,20191200,1551.4,20191200,1544.8,20191000
2019-09-05 12:45:00,1551.4,20191200,1551.4,20191200,1545.3,20191000
2019-09-05 13:00:00,1545.3,20191200,1545.3,20191200,1545.4,20191000
2019-09-05 13:15:00,1545.3,20191200,1545.3,20191200,1539.8,20191000
2019-09-05 13:30:00,1545.3,20191200,1545.3,20191200,1537.4,20191000
2019-09-05 13:45:00,1545.3,20191200,1545.3,20191200,1539.1,20191000
2019-09-05 14:00:00,1536.5,20191200,1536.5,20191200,1539.1,20191000
2019-09-05 14:15:00,1536.5,20191200,1536.5,20191200,1539.9,20191000
2019-09-05 14:30:00,1536.5,20191200,1536.5,20191200,1532.9,20191000
2019-09-05 14:45:00,1536.5,20191200,1536.5,20191200,1530.3,20191000
2019-09-05 15:00:00,1522.2,20191200,1522.2,20191200,1524.3,20191000
2019-09-05 15:15:00,1522.2,20191200,1522.2,20191200,1515.9,20191000
2019-09-05 15:30:00,1522.2,20191200,1522.2,20191200,1518.0,20191000
2019-09-05 15:45:00,1522.2,20191200,1522.2,20191200,1515.9,20191000
2019-09-05 16:00:00,1526.1,20191200,1526.1,20191200,1520.4,20191000
2019-09-05 16:15:00,1526.1,20191200,1526.1,20191200,1522.9,20191000
2019-09-05 16:30:00,1526.1,20191200,1526.1,20191200,1519.9,20191000
2019-09-05 16:45:00,1526.1,20191200,1526.1,20191200,1520.2,20191000
2019-09-05 17:00:00,1523.7,20191200,1523.7,20191200,1519.2,20191000
2019-09-05 17:15:00,1523.7,20191200,1523.7,20191200,1519.7,20191000
2019-09-05 17:30:00,1523.7,20191200,1523.7,20191200,1519.5,20191000
2019-09-05 17:45:00,1523.7,20191200,1523.7,20191200,1517.3,20191000
2019-09-05 18:00:00,1528.4,20191200,1528.4,20191200,1520.5,20191000
2019-09-05 18:15:00,1528.4,20191200,1528.4,20191200,1519.2,20191000
2019-09-05 18:30:00,1528.4,20191200,1528.4,20191200,1519.3,20191000
2019-09-05 18:45:00,1528.4,20191200,1528.4,20191200,1521.3,20191000
2019-09-05 19:00:00,1526.5,20191200,1526.5,20191200,1521.3,20191000
2019-09-05 19:15:00,1526.5,20191200,1526.5,20191200,1520.8,20191000
2019-09-05 19:30:00,1526.5,20191200,1526.5,20191200,1521.6,20191000
2019-09-05 19:45:00,1526.5,20191200,1526.5,20191200,1519.9,20191000
2019-09-05 20:00:00,1526.5,20191200,1526.5,20191200,1519.9,20191000
2019-09-05 20:15:00,1526.5,20191200,1526.5,20191200,1518.9,20191000
2019-09-05 20:30:00,1526.5,20191200,1526.5,20191200,1520.0,20191000
2019-09-05 20:45:00,1526.5,20191200,1526.5,20191200,1520.1,20191000
2019-09-05 21:00:00,1527.1,20191200,1527.1,20191200,1519.8,20191000
2019-09-05 21:15:00,1527.1,20191200,1527.1,20191200,1520.0,20191000
2019-09-05 21:30:00,1527.1,20191200,1527.1,20191200,1519.8,20191000
2019-09-05 21:45:00,1527.1,20191200,1527.1,20191200,1520.6,20191000
2019-09-05 23:00:00,1553.6,20191200,1553.6,20191200,1547.3,20191000
2019-09-05 23:15:00,1553.6,20191200,1553.6,20191200,1520.2,20191000
2019-09-05 23:30:00,1553.6,20191200,1553.6,20191200,1520.5,20191000
2019-09-05 23:45:00,1553.6,20191200,1553.6,20191200,1519.5,20191000
2019-09-06 00:00:00,1526.7,20191200,1526.7,20191200,1520.2,20191000
2019-09-06 00:15:00,1526.7,20191200,1526.7,20191200,1520.2,20191000
2019-09-06 00:45:00,1526.7,20191200,1526.7,20191200,1519.8,20191000
2019-09-06 01:00:00,1525.7,20191200,1525.7,20191200,1521.7,20191000
2019-09-06 01:15:00,1525.7,20191200,1525.7,20191200,1521.2,20191000
2019-09-06 01:30:00,1525.7,20191200,1525.7,20191200,1521.1,20191000
2019-09-06 01:45:00,1525.7,20191200,1525.7,20191200,1519.2,20191000
2019-09-06 02:00:00,1523.4,20191200,1523.4,20191200,1519.6,20191000
2019-09-06 02:15:00,1523.4,20191200,1523.4,20191200,1520.5,20191000
2019-09-06 02:30:00,1523.4,20191200,1523.4,20191200,1519.0,20191000
2019-09-06 02:45:00,1523.4,20191200,1523.4,20191200,1516.8,20191000
2019-09-06 03:00:00,1523.1,20191200,1523.1,20191200,1518.6,20191000
2019-09-06 03:15:00,1523.1,20191200,1523.1,20191200,1518.1,20191000
2019-09-06 03:30:00,1523.1,20191200,1523.1,20191200,1517.5,20191000
2019-09-06 03:45:00,1523.1,20191200,1523.1,20191200,1516.4,20191000
2019-09-06 04:00:00,1522.6,20191200,1522.6,20191200,1515.6,20191000
2019-09-06 04:15:00,1522.6,20191200,1522.6,20191200,1515.0,20191000
2019-09-06 04:30:00,1522.6,20191200,1522.6,20191200,1515.6,20191000
2019-09-06 04:45:00,1522.6,20191200,1522.6,20191200,1516.2,20191000
2019-09-06 05:15:00,1522.6,20191200,1522.6,20191200,1518.5,20191000
2019-09-06 05:30:00,1522.6,20191200,1522.6,20191200,1519.4,20191000
2019-09-06 05:45:00,1522.6,20191200,1522.6,20191200,1520.0,20191000
2019-09-06 06:15:00,1522.6,20191200,1522.6,20191200,1519.8,20191000
2019-09-06 06:30:00,1522.6,20191200,1522.6,20191200,1519.8,20191000
2019-09-06 06:45:00,1522.6,20191200,1522.6,20191200,1519.5,20191000
2019-09-06 07:00:00,1514.3,20191200,1514.3,20191200,1517.2,20191000
2019-09-06 07:15:00,1514.3,20191200,1514.3,20191200,1516.2,20191000
2019-09-06 07:30:00,1514.3,20191200,1514.3,20191200,1511.9,20191000
2019-09-06 07:45:00,1514.3,20191200,1514.3,20191200,1507.9,20191000
2019-09-06 08:00:00,1517.9,20191200,1517.9,20191200,1511.7,20191000
2019-09-06 08:15:00,1517.9,20191200,1517.9,20191200,1512.1,20191000
2019-09-06 08:30:00,1517.9,20191200,1517.9,20191200,1512.3,20191000
2019-09-06 08:45:00,1517.9,20191200,1517.9,20191200,1510.8,20191000
2019-09-06 09:00:00,1516.5,20191200,1516.5,20191200,1509.7,20191000
2019-09-06 09:15:00,1516.5,20191200,1516.5,20191200,1509.6,20191000
2019-09-06 09:30:00,1516.5,20191200,1516.5,20191200,1510.3,20191000
2019-09-06 09:45:00,1516.5,20191200,1516.5,20191200,1510.2,20191000
2019-09-06 10:00:00,1513.3,20191200,1513.3,20191200,1508.8,20191000
2019-09-06 10:15:00,1513.3,20191200,1513.3,20191200,1509.0,20191000
2019-09-06 10:30:00,1513.3,20191200,1513.3,20191200,1505.3,20191000
2019-09-06 10:45:00,1513.3,20191200,1513.3,20191200,1507.0,20191000
2019-09-06 11:00:00,1515.5,20191200,1515.5,20191200,1508.8,20191000
2019-09-06 11:15:00,1515.5,20191200,1515.5,20191200,1509.5,20191000
2019-09-06 11:30:00,1515.5,20191200,1515.5,20191200,1510.0,20191000
2019-09-06 11:45:00,1515.5,20191200,1515.5,20191200,1509.0,20191000
2019-09-06 12:00:00,1513.6,20191200,1513.6,20191200,1507.5,20191000
2019-09-06 12:15:00,1513.6,20191200,1513.6,20191200,1508.0,20191000
2019-09-06 12:30:00,1513.6,20191200,1513.6,20191200,1506.7,20191000
2019-09-06 12:45:00,1513.6,20191200,1513.6,20191200,1507.1,20191000
2019-09-06 13:00:00,1524.2,20191200,1524.2,20191200,1506.8,20191000
2019-09-06 13:15:00,1524.2,20191200,1524.2,20191200,1508.8,20191000
2019-09-06 13:30:00,1524.2,20191200,1524.2,20191200,1519.4,20191000
2019-09-06 13:45:00,1524.2,20191200,1524.2,20191200,1517.5,20191000
2019-09-06 14:00:00,1532.7,20191200,1532.7,20191200,1525.3,20191000
2019-09-06 14:15:00,1532.7,20191200,1532.7,20191200,1525.2,20191000
2019-09-06 14:30:00,1532.7,20191200,1532.7,20191200,1529.2,20191000
2019-09-06 14:45:00,1532.7,20191200,1532.7,20191200,1526.4,20191000
2019-09-06 15:00:00,1528.3,20191200,1528.3,20191200,1521.3,20191000
2019-09-06 15:15:00,1528.3,20191200,1528.3,20191200,1521.5,20191000
2019-09-06 15:30:00,1528.3,20191200,1528.3,20191200,1522.4,20191000
2019-09-06 15:45:00,1528.3,20191200,1528.3,20191200,1522.2,20191000
2019-09-06 16:00:00,1529.3,20191200,1529.3,20191200,1522.5,20191000
2019-09-06 16:15:00,1529.3,20191200,1529.3,20191200,1523.7,20191000
2019-09-06 16:30:00,1529.3,20191200,1529.3,20191200,1522.4,20191000
2019-09-06 16:45:00,1529.3,20191200,1529.3,20191200,1522.9,20191000
2019-09-06 17:00:00,1525.9,20191200,1525.9,20191200,1522.9,20191000
2019-09-06 17:15:00,1525.9,20191200,1525.9,20191200,1524.7,20191000
2019-09-06 17:30:00,1525.9,20191200,1525.9,20191200,1521.9,20191000
2019-09-06 17:45:00,1525.9,20191200,1525.9,20191200,1519.4,20191000
2019-09-06 18:00:00,1517.9,20191200,1517.9,20191200,1514.0,20191000
2019-09-06 18:15:00,1517.9,20191200,1517.9,20191200,1509.3,20191000
2019-09-06 18:30:00,1517.9,20191200,1517.9,20191200,1510.2,20191000
2019-09-06 18:45:00,1517.9,20191200,1517.9,20191200,1512.0,20191000
2019-09-06 19:00:00,1515.7,20191200,1515.7,20191200,1511.9,20191000
2019-09-06 19:15:00,1515.7,20191200,1515.7,20191200,1510.4,20191000
2019-09-06 19:30:00,1515.7,20191200,1515.7,20191200,1509.9,20191000
2019-09-06 19:45:00,1515.7,20191200,1515.7,20191200,1509.4,20191000
2019-09-06 20:00:00,1513.6,20191200,1513.6,20191200,1507.4,20191000
2019-09-06 20:15:00,1513.6,20191200,1513.6,20191200,1506.8,20191000
2019-09-06 20:30:00,1513.6,20191200,1513.6,20191200,1509.3,20191000
2019-09-06 20:45:00,1513.6,20191200,1513.6,20191200,1507.2,20191000
2019-09-06 21:00:00,1515.0,20191200,1515.0,20191200,1507.2,20191000
2019-09-06 21:15:00,1515.0,20191200,1515.0,20191200,1508.4,20191000
2019-09-06 21:30:00,1515.0,20191200,1515.0,20191200,1508.8,20191000
2019-09-06 21:45:00,1515.0,20191200,1515.0,20191200,1508.6,20191000
2019-09-06 23:00:00,1526.0,20191200,1526.0,20191200,1520.2,20191000
2019-09-08 23:00:00,1515.0,20191200,1515.0,20191200,1506.5,20191000
2019-09-08 23:15:00,1515.0,20191200,1515.0,20191200,1506.4,20191000
2019-09-08 23:30:00,1515.0,20191200,1515.0,20191200,1507.4,20191000
2019-09-08 23:45:00,1515.0,20191200,1515.0,20191200,1508.2,20191000
2019-09-09 00:00:00,1513.9,20191200,1513.9,20191200,1507.7,20191000
2019-09-09 00:15:00,1513.9,20191200,1513.9,20191200,1508.0,20191000
2019-09-09 00:30:00,1513.9,20191200,1513.9,20191200,1508.0,20191000
2019-09-09 00:45:00,1513.9,20191200,1513.9,20191200,1507.2,20191000
2019-09-09 01:00:00,1515.4,20191200,1515.4,20191200,1508.1,20191000
2019-09-09 01:15:00,1515.4,20191200,1515.4,20191200,1509.5,20191000
2019-09-09 01:30:00,1515.4,20191200,1515.4,20191200,1509.3,20191000
2019-09-09 01:45:00,1515.4,20191200,1515.4,20191200,1509.0,20191000
2019-09-09 02:00:00,1518.7,20191200,1518.7,20191200,1511.8,20191000
2019-09-09 02:15:00,1518.7,20191200,1518.7,20191200,1511.5,20191000
2019-09-09 02:30:00,1518.7,20191200,1518.7,20191200,1510.7,20191000
2019-09-09 02:45:00,1518.7,20191200,1518.7,20191200,1512.3,20191000
2019-09-09 03:00:00,1517.7,20191200,1517.7,20191200,1511.5,20191000
2019-09-09 03:15:00,1517.7,20191200,1517.7,20191200,1510.8,20191000
2019-09-09 03:30:00,1517.7,20191200,1517.7,20191200,1509.6,20191000
2019-09-09 03:45:00,1517.7,20191200,1517.7,20191200,1511.3,20191000
2019-09-09 04:00:00,1517.7,20191200,1517.7,20191200,1512.0,20191000
2019-09-09 04:15:00,1517.7,20191200,1517.7,20191200,1511.0,20191000
2019-09-09 04:30:00,1517.7,20191200,1517.7,20191200,1511.3,20191000
2019-09-09 05:15:00,1517.7,20191200,1517.7,20191200,1511.2,20191000
2019-09-09 05:30:00,1517.7,20191200,1517.7,20191200,1510.8,20191000
2019-09-09 05:45:00,1517.7,20191200,1517.7,20191200,1511.0,20191000
2019-09-09 06:15:00,1517.7,20191200,1517.7,20191200,1511.0,20191000
2019-09-09 06:30:00,1517.7,20191200,1517.7,20191200,1512.2,20191000
2019-09-09 06:45:00,1517.7,20191200,1517.7,20191200,1511.9,20191000
2019-09-09 07:00:00,1517.4,20191200,1517.4,20191200,1510.8,20191000
2019-09-09 07:15:00,1517.4,20191200,1517.4,20191200,1509.9,20191000
2019-09-09 07:30:00,1517.4,20191200,1517.4,20191200,1509.5,20191000
2019-09-09 07:45:00,1517.4,20191200,1517.4,20191200,1511.1,20191000
2019-09-09 08:00:00,1513.0,20191200,1513.0,20191200,1510.0,20191000
2019-09-09 08:15:00,1513.0,20191200,1513.0,20191200,1507.6,20191000
2019-09-09 08:30:00,1513.0,20191200,1513.0,20191200,1507.5,20191000
2019-09-09 08:45:00,1513.0,20191200,1513.0,20191200,1507.0,20191000
2019-09-09 09:00:00,1516.3,20191200,1516.3,20191200,1508.3,20191000
2019-09-09 09:15:00,1516.3,20191200,1516.3,20191200,1508.3,20191000
2019-09-09 09:30:00,1516.3,20191200,1516.3,20191200,1507.9,20191000
2019-09-09 09:45:00,1516.3,20191200,1516.3,20191200,1509.9,20191000
2019-09-09 10:00:00,1517.1,20191200,1517.1,20191200,1510.8,20191000
2019-09-09 10:15:00,1517.1,20191200,1517.1,20191200,1511.4,20191000
2019-09-09 10:30:00,1517.1,20191200,1517.1,20191200,1510.6,20191000
2019-09-09 10:45:00,1517.1,20191200,1517.1,20191200,1510.5,20191000
2019-09-09 11:00:00,1517.7,20191200,1517.7,20191200,1511.5,20191000
2019-09-09 11:15:00,1517.7,20191200,1517.7,20191200,1511.4,20191000
2019-09-09 11:30:00,1517.7,20191200,1517.7,20191200,1511.2,20191000
2019-09-09 11:45:00,1517.7,20191200,1517.7,20191200,1511.4,20191000
2019-09-09 12:00:00,1519.5,20191200,1519.5,20191200,1511.1,20191000
2019-09-09 12:15:00,1519.5,20191200,1519.5,20191200,1511.9,20191000
2019-09-09 12:30:00,1519.5,20191200,1519.5,20191200,1513.3,20191000
2019-09-09 12:45:00,1519.5,20191200,1519.5,20191200,1513.0,20191000
2019-09-09 13:00:00,1522.2,20191200,1522.2,20191200,1513.5,20191000
2019-09-09 13:15:00,1522.2,20191200,1522.2,20191200,1514.5,20191000
2019-09-09 13:30:00,1522.2,20191200,1522.2,20191200,1514.7,20191000
2019-09-09 13:45:00,1522.2,20191200,1522.2,20191200,1515.4,20191000
2019-09-09 14:00:00,1518.5,20191200,1518.5,20191200,1513.7,20191000
2019-09-09 14:15:00,1518.5,20191200,1518.5,20191200,1512.4,20191000
2019-09-09 14:30:00,1518.5,20191200,1518.5,20191200,1510.6,20191000
2019-09-09 14:45:00,1518.5,20191200,1518.5,20191200,1512.3,20191000
2019-09-09 15:00:00,1506.9,20191200,1506.9,20191200,1509.1,20191000
2019-09-09 15:15:00,1506.9,20191200,1506.9,20191200,1506.6,20191000
2019-09-09 15:30:00,1506.9,20191200,1506.9,20191200,1505.8,20191000
2019-09-09 15:45:00,1506.9,20191200,1506.9,20191200,1500.6,20191000
2019-09-09 16:00:00,1508.5,20191200,1508.5,20191200,1503.3,20191000
2019-09-09 16:15:00,1508.5,20191200,1508.5,20191200,1501.9,20191000
2019-09-09 16:30:00,1508.5,20191200,1508.5,20191200,1504.5,20191000
2019-09-09 16:45:00,1508.5,20191200,1508.5,20191200,1502.1,20191000
2019-09-09 17:00:00,1511.4,20191200,1511.4,20191200,1502.6,20191000
2019-09-09 17:15:00,1511.4,20191200,1511.4,20191200,1505.0,20191000
2019-09-09 17:30:00,1511.4,20191200,1511.4,20191200,1505.9,20191000
2019-09-09 17:45:00,1511.4,20191200,1511.4,20191200,1504.7,20191000
2019-09-09 18:00:00,1512.3,20191200,1512.3,20191200,1503.9,20191000
2019-09-09 18:15:00,1512.3,20191200,1512.3,20191200,1504.8,20191000
2019-09-09 18:30:00,1512.3,20191200,1512.3,20191200,1505.7,20191000
2019-09-09 18:45:00,1512.3,20191200,1512.3,20191200,1505.7,20191000
2019-09-09 19:00:00,1509.6,20191200,1509.6,20191200,1505.3,20191000
2019-09-09 19:15:00,1509.6,20191200,1509.6,20191200,1505.1,20191000
2019-09-09 19:30:00,1509.6,20191200,1509.6,20191200,1503.2,20191000
2019-09-09 19:45:00,1509.6,20191200,1509.6,20191200,1502.7,20191000
2019-09-09 20:00:00,1507.8,20191200,1507.8,20191200,1502.0,20191000
2019-09-09 20:15:00,1507.8,20191200,1507.8,20191200,1502.6,20191000
2019-09-09 20:30:00,1507.8,20191200,1507.8,20191200,1502.3,20191000
2019-09-09 20:45:00,1507.8,20191200,1507.8,20191200,1501.5,20191000
2019-09-09 21:00:00,1507.1,20191200,1507.1,20191200,1500.9,20191000
2019-09-09 21:15:00,1507.1,20191200,1507.1,20191200,1500.4,20191000
2019-09-09 21:30:00,1507.1,20191200,1507.1,20191200,1500.1,20191000
2019-09-09 21:45:00,1507.1,20191200,1507.1,20191200,1500.3,20191000
2019-09-09 23:00:00,1518.4,20191200,1518.4,20191200,1510.5,20191000
2019-09-09 23:15:00,1518.4,20191200,1518.4,20191200,1501.1,20191000
2019-09-09 23:45:00,1518.4,20191200,1518.4,20191200,1500.2,20191000
2019-09-10 00:00:00,1504.2,20191200,1504.2,20191200,1499.2,20191000
2019-09-10 00:15:00,1504.2,20191200,1504.2,20191200,1499.3,20191000
2019-09-10 00:30:00,1504.2,20191200,1504.2,20191200,1499.4,20191000
2019-09-10 00:45:00,1504.2,20191200,1504.2,20191200,1497.3,20191000
2019-09-10 01:00:00,1501.2,20191200,1501.2,20191200,1496.9,20191000
2019-09-10 01:15:00,1501.2,20191200,1501.2,20191200,1497.7,20191000
2019-09-10 01:30:00,1501.2,20191200,1501.2,20191200,1496.8,20191000
2019-09-10 01:45:00,1501.2,20191200,1501.2,20191200,1494.6,20191000
2019-09-10 02:00:00,1495.7,20191200,1495.7,20191200,1492.2,20191000
2019-09-10 02:15:00,1495.7,20191200,1495.7,20191200,1489.4,20191000
2019-09-10 02:30:00,1495.7,20191200,1495.7,20191200,1490.7,20191000
2019-09-10 02:45:00,1495.7,20191200,1495.7,20191200,1489.2,20191000
2019-09-10 03:00:00,1497.1,20191200,1497.1,20191200,1489.0,20191000
2019-09-10 03:15:00,1497.1,20191200,1497.1,20191200,1491.0,20191000
2019-09-10 03:30:00,1497.1,20191200,1497.1,20191200,1489.1,20191000
2019-09-10 03:45:00,1497.1,20191200,1497.1,20191200,1490.5,20191000
2019-09-10 04:00:00,1497.9,20191200,1497.9,20191200,1490.8,20191000
2019-09-10 04:15:00,1497.9,20191200,1497.9,20191200,1491.2,20191000
2019-09-10 04:45:00,1497.9,20191200,1497.9,20191200,1491.3,20191000
2019-09-10 05:15:00,1497.9,20191200,1497.9,20191200,1491.7,20191000
2019-09-10 05:30:00,1497.9,20191200,1497.9,20191200,1491.5,20191000
2019-09-10 05:45:00,1497.9,20191200,1497.9,20191200,1490.8,20191000
2019-09-10 06:15:00,1497.9,20191200,1497.9,20191200,1491.7,20191000
2019-09-10 06:30:00,1497.9,20191200,1497.9,20191200,1491.1,20191000
2019-09-10 06:45:00,1497.9,20191200,1497.9,20191200,1490.2,20191000
2019-09-10 07:00:00,1499.1,20191200,1499.1,20191200,1490.5,20191000
2019-09-10 07:15:00,1499.1,20191200,1499.1,20191200,1491.6,20191000
2019-09-10 07:30:00,1499.1,20191200,1499.1,20191200,1492.2,20191000
2019-09-10 07:45:00,1499.1,20191200,1499.1,20191200,1492.0,20191000
2019-09-10 08:00:00,1501.8,20191200,1501.8,20191200,1493.4,20191000
2019-09-10 08:15:00,1501.8,20191200,1501.8,20191200,1493.3,20191000
2019-09-10 08:30:00,1501.8,20191200,1501.8,20191200,1496.1,20191000
2019-09-10 08:45:00,1501.8,20191200,1501.8,20191200,1495.5,20191000
2019-09-10 09:00:00,1502.0,20191200,1502.0,20191200,1497.7,20191000
2019-09-10 09:15:00,1502.0,20191200,1502.0,20191200,1498.0,20191000
2019-09-10 09:30:00,1502.0,20191200,1502.0,20191200,1496.2,20191000
2019-09-10 09:45:00,1502.0,20191200,1502.0,20191200,1495.4,20191000
2019-09-10 10:00:00,1503.2,20191200,1503.2,20191200,1495.0,20191000
2019-09-10 10:15:00,1503.2,20191200,1503.2,20191200,1495.9,20191000
2019-09-10 10:30:00,1503.2,20191200,1503.2,20191200,1497.2,20191000
2019-09-10 10:45:00,1503.2,20191200,1503.2,20191200,1496.6,20191000
2019-09-10 11:00:00,1503.2,20191200,1503.2,20191200,1496.0,20191000
2019-09-10 11:15:00,1503.2,20191200,1503.2,20191200,1495.3,20191000
2019-09-10 11:30:00,1503.2,20191200,1503.2,20191200,1497.2,20191000
2019-09-10 11:45:00,1503.2,20191200,1503.2,20191200,1497.5,20191000
2019-09-10 12:00:00,1499.8,20191200,1499.8,20191200,1494.0,20191000
2019-09-10 12:15:00,1499.8,20191200,1499.8,20191200,1495.6,20191000
2019-09-10 12:30:00,1499.8,20191200,1499.8,20191200,1495.4,20191000
2019-09-10 12:45:00,1499.8,20191200,1499.8,20191200,1493.3,20191000
2019-09-10 13:00:00,1503.5,20191200,1503.5,20191200,1491.4,20191000
2019-09-10 13:15:00,1503.5,20191200,1503.5,20191200,1494.0,20191000
2019-09-10 13:30:00,1503.5,20191200,1503.5,20191200,1496.8,20191000
2019-09-10 13:45:00,1503.5,20191200,1503.5,20191200,1497.0,20191000
2019-09-10 14:00:00,1506.1,20191200,1506.1,20191200,1497.5,20191000
2019-09-10 14:15:00,1506.1,20191200,1506.1,20191200,1498.9,20191000
2019-09-10 14:30:00,1506.1,20191200,1506.1,20191200,1500.8,20191000
2019-09-10 14:45:00,1506.1,20191200,1506.1,20191200,1499.6,20191000
2019-09-10 15:00:00,1504.2,20191200,1504.2,20191200,1500.0,20191000
2019-09-10 15:15:00,1504.2,20191200,1504.2,20191200,1495.8,20191000
2019-09-10 15:30:00,1504.2,20191200,1504.2,20191200,1495.0,20191000
2019-09-10 15:45:00,1504.2,20191200,1504.2,20191200,1497.6,20191000
2019-09-10 16:00:00,1502.6,20191200,1502.6,20191200,1498.0,20191000
2019-09-10 16:15:00,1502.6,20191200,1502.6,20191200,1498.7,20191000
2019-09-10 16:30:00,1502.6,20191200,1502.6,20191200,1498.7,20191000
2019-09-10 16:45:00,1502.6,20191200,1502.6,20191200,1496.3,20191000
2019-09-10 17:00:00,1499.2,20191200,1499.2,20191200,1496.9,20191000
2019-09-10 17:15:00,1499.2,20191200,1499.2,20191200,1495.4,20191000
2019-09-10 17:30:00,1499.2,20191200,1499.2,20191200,1493.1,20191000
2019-09-10 17:45:00,1499.2,20191200,1499.2,20191200,1492.4,20191000
2019-09-10 18:00:00,1500.9,20191200,1500.9,20191200,1493.9,20191000
2019-09-10 18:15:00,1500.9,20191200,1500.9,20191200,1492.6,20191000
2019-09-10 18:30:00,1500.9,20191200,1500.9,20191200,1493.7,20191000
2019-09-10 18:45:00,1500.9,20191200,1500.9,20191200,1494.4,20191000
2019-09-10 19:00:00,1498.9,20191200,1498.9,20191200,1493.5,20191000
2019-09-10 19:15:00,1498.9,20191200,1498.9,20191200,1492.7,20191000
2019-09-10 19:30:00,1498.9,20191200,1498.9,20191200,1492.2,20191000
2019-09-10 19:45:00,1498.9,20191200,1498.9,20191200,1491.8,20191000
2019-09-10 20:00:00,1494.7,20191200,1494.7,20191200,1490.8,20191000
2019-09-10 20:15:00,1494.7,20191200,1494.7,20191200,1490.2,20191000
2019-09-10 20:30:00,1494.7,20191200,1494.7,20191200,1489.4,20191000
2019-09-10 20:45:00,1494.7,20191200,1494.7,20191200,1488.2,20191000
2019-09-10 21:00:00,1493.8,20191200,1493.8,20191200,1488.2,20191000
2019-09-10 21:15:00,1493.8,20191200,1493.8,20191200,1488.1,20191000
2019-09-10 21:30:00,1493.8,20191200,1493.8,20191200,1486.7,20191000
2019-09-10 21:45:00,1493.8,20191200,1493.8,20191200,1487.0,20191000
2019-09-10 23:00:00,1496.8,20191200,1496.8,20191200,1490.7,20191000
2019-09-10 23:15:00,1496.8,20191200,1496.8,20191200,1487.8,20191000
2019-09-10 23:30:00,1496.8,20191200,1496.8,20191200,1489.0,20191000
2019-09-10 23:45:00,1496.8,20191200,1496.8,20191200,1488.7,20191000
2019-09-11 00:00:00,1494.9,20191200,1494.9,20191200,1488.7,20191000
2019-09-11 00:15:00,1494.9,20191200,1494.9,20191200,1489.0,20191000
2019-09-11 00:30:00,1494.9,20191200,1494.9,20191200,1488.1,20191000
2019-09-11 00:45:00,1494.9,20191200,1494.9,20191200,1488.2,20191000
2019-09-11 01:00:00,1496.8,20191200,1496.8,20191200,1488.8,20191000
2019-09-11 01:15:00,1496.8,20191200,1496.8,20191200,1489.7,20191000
2019-09-11 01:30:00,1496.8,20191200,1496.8,20191200,1490.0,20191000
2019-09-11 01:45:00,1496.8,20191200,1496.8,20191200,1490.0,20191000
2019-09-11 02:00:00,1500.2,20191200,1500.2,20191200,1492.8,20191000
2019-09-11 02:15:00,1500.2,20191200,1500.2,20191200,1494.0,20191000
2019-09-11 02:30:00,1500.2,20191200,1500.2,20191200,1493.1,20191000
2019-09-11 02:45:00,1500.2,20191200,1500.2,20191200,1493.5,20191000
2019-09-11 03:00:00,1498.6,20191200,1498.6,20191200,1491.8,20191000
2019-09-11 03:15:00,1498.6,20191200,1498.6,20191200,1492.2,20191000
2019-09-11 03:30:00,1498.6,20191200,1498.6,20191200,1492.0,20191000
2019-09-11 03:45:00,1498.6,20191200,1498.6,20191200,1491.9,20191000
2019-09-11 04:00:00,1498.9,20191200,1498.9,20191200,1492.4,20191000
2019-09-11 04:15:00,1498.9,20191200,1498.9,20191200,1492.4,20191000
2019-09-11 04:30:00,1498.9,20191200,1498.9,20191200,1492.3,20191000
2019-09-11 04:45:00,1498.9,20191200,1498.9,20191200,1492.6,20191000
2019-09-11 05:15:00,1498.9,20191200,1498.9,20191200,1492.3,20191000
2019-09-11 05:30:00,1498.9,20191200,1498.9,20191200,1491.9,20191000
2019-09-11 05:45:00,1498.9,20191200,1498.9,20191200,1492.3,20191000
2019-09-11 06:15:00,1498.9,20191200,1498.9,20191200,1492.2,20191000
2019-09-11 06:30:00,1498.9,20191200,1498.9,20191200,1494.5,20191000
2019-09-11 06:45:00,1498.9,20191200,1498.9,20191200,1496.0,20191000
2019-09-11 07:00:00,1500.7,20191200,1500.7,20191200,1495.3,20191000
2019-09-11 07:15:00,1500.7,20191200,1500.7,20191200,1494.0,20191000
2019-09-11 07:30:00,1500.7,20191200,1500.7,20191200,1494.6,20191000
2019-09-11 07:45:00,1500.7,20191200,1500.7,20191200,1493.9,20191000
2019-09-11 08:00:00,1497.8,20191200,1497.8,20191200,1494.3,20191000
2019-09-11 08:15:00,1497.8,20191200,1497.8,20191200,1492.8,20191000
2019-09-11 08:30:00,1497.8,20191200,1497.8,20191200,1492.9,20191000
2019-09-11 08:45:00,1497.8,20191200,1497.8,20191200,1491.5,20191000
2019-09-11 09:00:00,1501.7,20191200,1501.7,20191200,1490.9,20191000
2019-09-11 09:15:00,1501.7,20191200,1501.7,20191200,1492.0,20191000
2019-09-11 09:30:00,1501.7,20191200,1501.7,20191200,1492.3,20191000
2019-09-11 09:45:00,1501.7,20191200,1501.7,20191200,1495.0,20191000
2019-09-11 10:00:00,1500.5,20191200,1500.5,20191200,1495.1,20191000
2019-09-11 10:15:00,1500.5,20191200,1500.5,20191200,1495.3,20191000
2019-09-11 10:30:00,1500.5,20191200,1500.5,20191200,1494.7,20191000
2019-09-11 10:45:00,1500.5,20191200,1500.5,20191200,1493.8,20191000
2019-09-11 11:00:00,1501.1,20191200,1501.1,20191200,1494.1,20191000
2019-09-11 11:15:00,1501.1,20191200,1501.1,20191200,1493.8,20191000
2019-09-11 11:30:00,1501.1,20191200,1501.1,20191200,1493.5,20191000
2019-09-11 11:45:00,1501.1,20191200,1501.1,20191200,1494.9,20191000
2019-09-11 12:00:00,1499.0,20191200,1499.0,20191200,1494.4,20191000
2019-09-11 12:15:00,1499.0,20191200,1499.0,20191200,1493.4,20191000
2019-09-11 12:30:00,1499.0,20191200,1499.0,20191200,1494.0,20191000
2019-09-11 12:45:00,1499.0,20191200,1499.0,20191200,1492.5,20191000
2019-09-11 13:00:00,1499.4,20191200,1499.4,20191200,1493.4,20191000
2019-09-11 13:15:00,1499.4,20191200,1499.4,20191200,1493.3,20191000
2019-09-11 13:30:00,1499.4,20191200,1499.4,20191200,1494.0,20191000
2019-09-11 13:45:00,1499.4,20191200,1499.4,20191200,1493.0,20191000
2019-09-11 14:00:00,1499.8,20191200,1499.8,20191200,1489.2,20191000
2019-09-11 14:15:00,1499.8,20191200,1499.8,20191200,1489.6,20191000
2019-09-11 14:30:00,1499.8,20191200,1499.8,20191200,1491.7,20191000
2019-09-11 14:45:00,1499.8,20191200,1499.8,20191200,1493.3,20191000
2019-09-11 15:00:00,1502.3,20191200,1502.3,20191200,1493.7,20191000
2019-09-11 15:15:00,1502.3,20191200,1502.3,20191200,1494.8,20191000
2019-09-11 15:30:00,1502.3,20191200,1502.3,20191200,1493.9,20191000
2019-09-11 15:45:00,1502.3,20191200,1502.3,20191200,1495.1,20191000
2019-09-11 16:00:00,1502.4,20191200,1502.4,20191200,1496.7,20191000
2019-09-11 16:15:00,1502.4,20191200,1502.4,20191200,1496.5,20191000
2019-09-11 16:30:00,1502.4,20191200,1502.4,20191200,1497.0,20191000
2019-09-11 16:45:00,1502.4,20191200,1502.4,20191200,1496.0,20191000
2019-09-11 17:00:00,1501.6,20191200,1501.6,20191200,1495.4,20191000
2019-09-11 17:15:00,1501.6,20191200,1501.6,20191200,1495.4,20191000
2019-09-11 17:30:00,1501.6,20191200,1501.6,20191200,1494.9,20191000
2019-09-11 17:45:00,1501.6,20191200,1501.6,20191200,1494.6,20191000
2019-09-11 18:00:00,1503.4,20191200,1503.4,20191200,1494.8,20191000
2019-09-11 18:15:00,1503.4,20191200,1503.4,20191200,1496.5,20191000
2019-09-11 18:30:00,1503.4,20191200,1503.4,20191200,1496.4,20191000
2019-09-11 18:45:00,1503.4,20191200,1503.4,20191200,1496.7,20191000
2019-09-11 19:00:00,1505.2,20191200,1505.2,20191200,1496.1,20191000
2019-09-11 19:15:00,1505.2,20191200,1505.2,20191200,1497.7,20191000
2019-09-11 19:30:00,1505.2,20191200,1505.2,20191200,1497.2,20191000
2019-09-11 19:45:00,1505.2,20191200,1505.2,20191200,1498.6,20191000
2019-09-11 20:00:00,1503.7,20191200,1503.7,20191200,1499.0,20191000
2019-09-11 20:15:00,1503.7,20191200,1503.7,20191200,1499.1,20191000
2019-09-11 20:30:00,1503.7,20191200,1503.7,20191200,1497.9,20191000
2019-09-11 20:45:00,1503.7,20191200,1503.7,20191200,1497.5,20191000
2019-09-11 21:00:00,1505.1,20191200,1505.1,20191200,1497.2,20191000
2019-09-11 21:15:00,1505.1,20191200,1505.1,20191200,1497.5,20191000
2019-09-11 21:30:00,1505.1,20191200,1505.1,20191200,1497.6,20191000
2019-09-11 21:45:00,1505.1,20191200,1505.1,20191200,1498.3,20191000
2019-09-11 23:00:00,1502.2,20191200,1502.2,20191200,1493.2,20191000
2019-09-11 23:15:00,1502.2,20191200,1502.2,20191200,1497.4,20191000
2019-09-11 23:30:00,1502.2,20191200,1502.2,20191200,1497.6,20191000
2019-09-11 23:45:00,1502.2,20191200,1502.2,20191200,1498.0,20191000
2019-09-12 00:00:00,1500.6,20191200,1500.6,20191200,1498.3,20191000
2019-09-12 00:15:00,1500.6,20191200,1500.6,20191200,1495.1,20191000
2019-09-12 00:30:00,1500.6,20191200,1500.6,20191200,1494.2,20191000
2019-09-12 00:45:00,1500.6,20191200,1500.6,20191200,1494.0,20191000
2019-09-12 01:00:00,1497.8,20191200,1497.8,20191200,1494.5,20191000
2019-09-12 01:15:00,1497.8,20191200,1497.8,20191200,1493.7,20191000
2019-09-12 01:30:00,1497.8,20191200,1497.8,20191200,1492.2,20191000
2019-09-12 01:45:00,1497.8,20191200,1497.8,20191200,1490.6,20191000
2019-09-12 02:00:00,1500.8,20191200,1500.8,20191200,1492.7,20191000
2019-09-12 02:15:00,1500.8,20191200,1500.8,20191200,1494.1,20191000
2019-09-12 02:30:00,1500.8,20191200,1500.8,20191200,1493.7,20191000
2019-09-12 02:45:00,1500.8,20191200,1500.8,20191200,1493.9,20191000
2019-09-12 03:00:00,1500.4,20191200,1500.4,20191200,1494.2,20191000
2019-09-12 03:15:00,1500.4,20191200,1500.4,20191200,1494.0,20191000
2019-09-12 03:30:00,1500.4,20191200,1500.4,20191200,1494.0,20191000
2019-09-12 04:00:00,1501.0,20191200,1501.0,20191200,1495.1,20191000
2019-09-12 04:15:00,1501.0,20191200,1501.0,20191200,1495.7,20191000
2019-09-12 04:30:00,1501.0,20191200,1501.0,20191200,1495.7,20191000
2019-09-12 04:45:00,1501.0,20191200,1501.0,20191200,1494.3,20191000
2019-09-12 05:15:00,1501.0,20191200,1501.0,20191200,1495.7,20191000
2019-09-12 05:30:00,1501.0,20191200,1501.0,20191200,1496.2,20191000
2019-09-12 05:45:00,1501.0,20191200,1501.0,20191200,1496.8,20191000
2019-09-12 06:15:00,1501.0,20191200,1501.0,20191200,1497.5,20191000
2019-09-12 06:30:00,1501.0,20191200,1501.0,20191200,1498.1,20191000
2019-09-12 06:45:00,1501.0,20191200,1501.0,20191200,1499.0,20191000
2019-09-12 07:00:00,1508.8,20191200,1508.8,20191200,1498.9,20191000
2019-09-12 07:15:00,1508.8,20191200,1508.8,20191200,1497.5,20191000
2019-09-12 07:30:00,1508.8,20191200,1508.8,20191200,1498.4,20191000
2019-09-12 07:45:00,1508.8,20191200,1508.8,20191200,1502.1,20191000
2019-09-12 08:00:00,1510.6,20191200,1510.6,20191200,1502.4,20191000
2019-09-12 08:15:00,1510.6,20191200,1510.6,20191200,1503.3,20191000
2019-09-12 08:30:00,1510.6,20191200,1510.6,20191200,1503.1,20191000
2019-09-12 08:45:00,1510.6,20191200,1510.6,20191200,1504.2,20191000
2019-09-12 09:00:00,1512.2,20191200,1512.2,20191200,1504.4,20191000
2019-09-12 09:15:00,1512.2,20191200,1512.2,20191200,1506.0,20191000
2019-09-12 09:30:00,1512.2,20191200,1512.2,20191200,1506.2,20191000
2019-09-12 09:45:00,1512.2,20191200,1512.2,20191200,1505.7,20191000
2019-09-12 10:00:00,1511.4,20191200,1511.4,20191200,1505.5,20191000
2019-09-12 10:15:00,1511.4,20191200,1511.4,20191200,1504.5,20191000
2019-09-12 10:30:00,1511.4,20191200,1511.4,20191200,1504.8,20191000
2019-09-12 10:45:00,1511.4,20191200,1511.4,20191200,1505.5,20191000
2019-09-12 11:00:00,1510.2,20191200,1510.2,20191200,1504.6,20191000
2019-09-12 11:15:00,1510.2,20191200,1510.2,20191200,1504.2,20191000
2019-09-12 11:30:00,1510.2,20191200,1510.2,20191200,1503.7,20191000
2019-09-12 11:45:00,1510.2,20191200,1510.2,20191200,1503.8,20191000
2019-09-12 12:00:00,1520.4,20191200,1520.4,20191200,1504.2,20191000
2019-09-12 12:15:00,1520.4,20191200,1520.4,20191200,1504.2,20191000
2019-09-12 12:30:00,1520.4,20191200,1520.4,20191200,1505.7,20191000
2019-09-12 12:45:00,1520.4,20191200,1520.4,20191200,1513.7,20191000
2019-09-12 13:00:00,1524.2,20191200,1524.2,20191200,1518.2,20191000
2019-09-12 13:15:00,1524.2,20191200,1524.2,20191200,1519.0,20191000
2019-09-12 13:30:00,1524.2,20191200,1524.2,20191200,1522.6,20191000
2019-09-12 13:45:00,1524.2,20191200,1524.2,20191200,1517.6,20191000
2019-09-12 14:00:00,1524.1,20191200,1524.1,20191200,1521.0,20191000
2019-09-12 14:15:00,1524.1,20191200,1524.1,20191200,1514.7,20191000
2019-09-12 14:30:00,1524.1,20191200,1524.1,20191200,1516.3,20191000
2019-09-12 14:45:00,1524.1,20191200,1524.1,20191200,1517.6,20191000
2019-09-12 15:00:00,1518.3,20191200,1518.3,20191200,1510.5,20191000
2019-09-12 15:15:00,1518.3,20191200,1518.3,20191200,1506.8,20191000
2019-09-12 15:30:00,1518.3,20191200,1518.3,20191200,1507.2,20191000
2019-09-12 15:45:00,1518.3,20191200,1518.3,20191200,1511.6,20191000
2019-09-12 16:00:00,1510.9,20191200,1510.9,20191200,1513.5,20191000
2019-09-12 16:15:00,1510.9,20191200,1510.9,20191200,1507.3,20191000
2019-09-12 16:30:00,1510.9,20191200,1510.9,20191200,1502.9,20191000
2019-09-12 16:45:00,1510.9,20191200,1510.9,20191200,1504.1,20191000
2019-09-12 17:00:00,1506.3,20191200,1506.3,20191200,1502.8,20191000
2019-09-12 17:15:00,1506.3,20191200,1506.3,20191200,1501.3,20191000
2019-09-12 17:30:00,1506.3,20191200,1506.3,20191200,1500.2,20191000
2019-09-12 17:45:00,1506.3,20191200,1506.3,20191200,1499.0,20191000
2019-09-12 18:00:00,1506.2,20191200,1506.2,20191200,1501.5,20191000
2019-09-12 18:15:00,1506.2,20191200,1506.2,20191200,1500.6,20191000
2019-09-12 18:30:00,1506.2,20191200,1506.2,20191200,1501.8,20191000
2019-09-12 18:45:00,1506.2,20191200,1506.2,20191200,1499.7,20191000
2019-09-12 19:00:00,1505.9,20191200,1505.9,20191200,1500.2,20191000
2019-09-12 19:15:00,1505.9,20191200,1505.9,20191200,1500.4,20191000
2019-09-12 19:30:00,1505.9,20191200,1505.9,20191200,1500.4,20191000
2019-09-12 19:45:00,1505.9,20191200,1505.9,20191200,1499.3,20191000
2019-09-12 20:00:00,1506.8,20191200,1506.8,20191200,1499.8,20191000
2019-09-12 20:15:00,1506.8,20191200,1506.8,20191200,1500.5,20191000
2019-09-12 20:30:00,1506.8,20191200,1506.8,20191200,1500.2,20191000
2019-09-12 20:45:00,1506.8,20191200,1506.8,20191200,1500.2,20191000
2019-09-12 21:00:00,1506.8,20191200,1506.8,20191200,1499.0,20191000
2019-09-12 21:15:00,1506.8,20191200,1506.8,20191200,1499.2,20191000
2019-09-12 21:30:00,1506.8,20191200,1506.8,20191200,1499.8,20191000
2019-09-12 21:45:00,1506.8,20191200,1506.8,20191200,1500.2,20191000
2019-09-12 23:00:00,1505.5,20191200,1505.5,20191200,1496.5,20191000
2019-09-12 23:15:00,1505.5,20191200,1505.5,20191200,1497.9,20191000
2019-09-12 23:30:00,1505.5,20191200,1505.5,20191200,1497.7,20191000
2019-09-12 23:45:00,1505.5,20191200,1505.5,20191200,1497.7,20191000
2019-09-13 00:00:00,1505.4,20191200,1505.4,20191200,1497.0,20191000
2019-09-13 00:15:00,1505.4,20191200,1505.4,20191200,1497.7,20191000
2019-09-13 00:30:00,1505.4,20191200,1505.4,20191200,1498.8,20191000
2019-09-13 00:45:00,1505.4,20191200,1505.4,20191200,1498.8,20191000
2019-09-13 01:00:00,1506.1,20191200,1506.1,20191200,1500.7,20191000
2019-09-13 01:15:00,1506.1,20191200,1506.1,20191200,1499.9,20191000
2019-09-13 01:30:00,1506.1,20191200,1506.1,20191200,1499.0,20191000
2019-09-13 01:45:00,1506.1,20191200,1506.1,20191200,1499.4,20191000
2019-09-13 02:00:00,1504.4,20191200,1504.4,20191200,1497.8,20191000
2019-09-13 02:15:00,1504.4,20191200,1504.4,20191200,1498.0,20191000
2019-09-13 02:30:00,1504.4,20191200,1504.4,20191200,1496.9,20191000
2019-09-13 02:45:00,1504.4,20191200,1504.4,20191200,1497.4,20191000
2019-09-13 03:00:00,1504.2,20191200,1504.2,20191200,1498.1,20191000
2019-09-13 03:15:00,1504.2,20191200,1504.2,20191200,1498.4,20191000
2019-09-13 03:45:00,1504.2,20191200,1504.2,20191200,1497.7,20191000
2019-09-13 04:00:00,1505.1,20191200,1505.1,20191200,1497.6,20191000
2019-09-13 04:30:00,1505.1,20191200,1505.1,20191200,1498.1,20191000
2019-09-13 04:45:00,1505.1,20191200,1505.1,20191200,1498.4,20191000
2019-09-13 05:15:00,1505.1,20191200,1505.1,20191200,1499.0,20191000
2019-09-13 05:30:00,1505.1,20191200,1505.1,20191200,1498.8,20191000
2019-09-13 05:45:00,1505.1,20191200,1505.1,20191200,1498.6,20191000
2019-09-13 06:15:00,1505.1,20191200,1505.1,20191200,1497.8,20191000
2019-09-13 06:30:00,1505.1,20191200,1505.1,20191200,1498.3,20191000
2019-09-13 07:00:00,1512.5,20191200,1512.5,20191200,1500.1,20191000
2019-09-13 07:15:00,1512.5,20191200,1512.5,20191200,1499.6,20191000
2019-09-13 07:30:00,1512.5,20191200,1512.5,20191200,1504.8,20191000
2019-09-13 07:45:00,1512.5,20191200,1512.5,20191200,1506.7,20191000
2019-09-13 08:00:00,1512.7,20191200,1512.7,20191200,1505.0,20191000
2019-09-13 08:15:00,1512.7,20191200,1512.7,20191200,1503.1,20191000
2019-09-13 08:30:00,1512.7,20191200,1512.7,20191200,1504.4,20191000
2019-09-13 08:45:00,1512.7,20191200,1512.7,20191200,1505.9,20191000
2019-09-13 09:00:00,1513.3,20191200,1513.3,20191200,1507.4,20191000
2019-09-13 09:15:00,1513.3,20191200,1513.3,20191200,1507.0,20191000
2019-09-13 09:30:00,1513.3,20191200,1513.3,20191200,1506.2,20191000
2019-09-13 09:45:00,1513.3,20191200,1513.3,20191200,1506.6,20191000
2019-09-13 10:00:00,1513.9,20191200,1513.9,20191200,1506.3,20191000
2019-09-13 10:15:00,1513.9,20191200,1513.9,20191200,1507.6,20191000
2019-09-13 10:30:00,1513.9,20191200,1513.9,20191200,1507.1,20191000
2019-09-13 10:45:00,1513.9,20191200,1513.9,20191200,1507.1,20191000
2019-09-13 11:00:00,1512.7,20191200,1512.7,20191200,1507.7,20191000
2019-09-13 11:15:00,1512.7,20191200,1512.7,20191200,1508.1,20191000
2019-09-13 11:30:00,1512.7,20191200,1512.7,20191200,1505.5,20191000
2019-09-13 11:45:00,1512.7,20191200,1512.7,20191200,1506.5,20191000
2019-09-13 12:00:00,1515.7,20191200,1515.7,20191200,1505.8,20191000
2019-09-13 12:15:00,1515.7,20191200,1515.7,20191200,1505.7,20191000
2019-09-13 12:30:00,1515.7,20191200,1515.7,20191200,1507.3,20191000
2019-09-13 12:45:00,1515.7,20191200,1515.7,20191200,1509.0,20191000
2019-09-13 13:00:00,1507.9,20191200,1507.9,20191200,1507.3,20191000
2019-09-13 13:15:00,1507.9,20191200,1507.9,20191200,1507.9,20191000
2019-09-13 13:30:00,1507.9,20191200,1507.9,20191200,1500.7,20191000
2019-09-13 13:45:00,1507.9,20191200,1507.9,20191200,1501.2,20191000
2019-09-13 14:00:00,1511.5,20191200,1511.5,20191200,1502.7,20191000
2019-09-13 14:15:00,1511.5,20191200,1511.5,20191200,1504.2,20191000
2019-09-13 14:30:00,1511.5,20191200,1511.5,20191200,1506.9,20191000
2019-09-13 14:45:00,1511.5,20191200,1511.5,20191200,1504.8,20191000
2019-09-13 15:00:00,1503.3,20191200,1503.3,20191200,1503.4,20191000
2019-09-13 15:15:00,1503.3,20191200,1503.3,20191200,1498.1,20191000
2019-09-13 15:30:00,1503.3,20191200,1503.3,20191200,1495.5,20191000
2019-09-13 15:45:00,1503.3,20191200,1503.3,20191200,1497.2,20191000
2019-09-13 16:00:00,1498.2,20191200,1498.2,20191200,1494.0,20191000
2019-09-13 16:15:00,1498.2,20191200,1498.2,20191200,1494.6,20191000
2019-09-13 16:30:00,1498.2,20191200,1498.2,20191200,1492.2,20191000
2019-09-13 16:45:00,1498.2,20191200,1498.2,20191200,1491.2,20191000
2019-09-13 17:00:00,1497.7,20191200,1497.7,20191200,1492.8,20191000
2019-09-13 17:15:00,1497.7,20191200,1497.7,20191200,1491.9,20191000
2019-09-13 17:30:00,1497.7,20191200,1497.7,20191200,1491.0,20191000
2019-09-13 17:45:00,1497.7,20191200,1497.7,20191200,1490.8,20191000
2019-09-13 18:00:00,1499.2,20191200,1499.2,20191200,1493.0,20191000
2019-09-13 18:15:00,1499.2,20191200,1499.2,20191200,1492.8,20191000
2019-09-13 18:30:00,1499.2,20191200,1499.2,20191200,1492.7,20191000
2019-09-13 18:45:00,1499.2,20191200,1499.2,20191200,1490.9,20191000
2019-09-13 19:00:00,1494.0,20191200,1494.0,20191200,1490.5,20191000
2019-09-13 19:15:00,1494.0,20191200,1494.0,20191200,1489.4,20191000
2019-09-13 19:30:00,1494.0,20191200,1494.0,20191200,1487.9,20191000
2019-09-13 19:45:00,1494.0,20191200,1494.0,20191200,1486.7,20191000
2019-09-13 20:00:00,1494.3,20191200,1494.3,20191200,1489.7,20191000
2019-09-13 20:15:00,1494.3,20191200,1494.3,20191200,1489.8,20191000
2019-09-13 20:30:00,1494.3,20191200,1494.3,20191200,1489.1,20191000
2019-09-13 20:45:00,1494.3,20191200,1494.3,20191200,1487.6,20191000
2019-09-13 21:00:00,1495.7,20191200,1495.7,20191200,1489.0,20191000
2019-09-13 21:15:00,1495.7,20191200,1495.7,20191200,1488.7,20191000
2019-09-13 21:30:00,1495.7,20191200,1495.7,20191200,1489.2,20191000
2019-09-13 21:45:00,1495.7,20191200,1495.7,20191200,1489.8,20191000
2019-09-13 23:00:00,1505.1,20191200,1505.1,20191200,1498.0,20191000
2019-09-15 23:00:00,1511.8,20191200,1511.8,20191200,1502.9,20191000
2019-09-15 23:15:00,1511.8,20191200,1511.8,20191200,1503.3,20191000
2019-09-15 23:30:00,1511.8,20191200,1511.8,20191200,1502.7,20191000
2019-09-15 23:45:00,1511.8,20191200,1511.8,20191200,1505.3,20191000
2019-09-16 00:00:00,1513.7,20191200,1513.7,20191200,1504.5,20191000
2019-09-16 00:15:00,1513.7,20191200,1513.7,20191200,1505.6,20191000
2019-09-16 00:30:00,1513.7,20191200,1513.7,20191200,1505.4,20191000
2019-09-16 00:45:00,1513.7,20191200,1513.7,20191200,1507.1,20191000
2019-09-16 01:00:00,1513.1,20191200,1513.1,20191200,1509.3,20191000
2019-09-16 01:15:00,1513.1,20191200,1513.1,20191200,1512.4,20191000
2019-09-16 01:30:00,1513.1,20191200,1513.1,20191200,1508.4,20191000
2019-09-16 01:45:00,1513.1,20191200,1513.1,20191200,1506.4,20191000
2019-09-16 02:00:00,1515.2,20191200,1515.2,20191200,1510.8,20191000
2019-09-16 02:15:00,1515.2,20191200,1515.2,20191200,1509.5,20191000
2019-09-16 02:30:00,1515.2,20191200,1515.2,20191200,1508.1,20191000
2019-09-16 02:45:00,1515.2,20191200,1515.2,20191200,1508.5,20191000
2019-09-16 03:00:00,1510.5,20191200,1510.5,20191200,1507.4,20191000
2019-09-16 03:15:00,1510.5,20191200,1510.5,20191200,1506.8,20191000
2019-09-16 03:30:00,1510.5,20191200,1510.5,20191200,1505.3,20191000
2019-09-16 03:45:00,1510.5,20191200,1510.5,20191200,1503.8,20191000
2019-09-16 04:00:00,1510.7,20191200,1510.7,20191200,1505.7,20191000
2019-09-16 04:15:00,1510.7,20191200,1510.7,20191200,1505.3,20191000
2019-09-16 04:30:00,1510.7,20191200,1510.7,20191200,1504.0,20191000
2019-09-16 04:45:00,1510.7,20191200,1510.7,20191200,1504.3,20191000
2019-09-16 05:15:00,1510.7,20191200,1510.7,20191200,1506.5,20191000
2019-09-16 05:30:00,1510.7,20191200,1510.7,20191200,1505.5,20191000
2019-09-16 05:45:00,1510.7,20191200,1510.7,20191200,1505.3,20191000
2019-09-16 06:15:00,1510.7,20191200,1510.7,20191200,1503.5,20191000
2019-09-16 06:30:00,1510.7,20191200,1510.7,20191200,1503.2,20191000
2019-09-16 06:45:00,1510.7,20191200,1510.7,20191200,1504.6,20191000
2019-09-16 07:00:00,1512.7,20191200,1512.7,20191200,1504.8,20191000
2019-09-16 07:15:00,1512.7,20191200,1512.7,20191200,1506.5,20191000
2019-09-16 07:30:00,1512.7,20191200,1512.7,20191200,1506.4,20191000
2019-09-16 07:45:00,1512.7,20191200,1512.7,20191200,1506.0,20191000
2019-09-16 08:00:00,1511.2,20191200,1511.2,20191200,1503.9,20191000
2019-09-16 08:15:00,1511.2,20191200,1511.2,20191200,1504.8,20191000
2019-09-16 08:30:00,1511.2,20191200,1511.2,20191200,1505.2,20191000
2019-09-16 08:45:00,1511.2,20191200,1511.2,20191200,1504.5,20191000
2019-09-16 09:00:00,1510.0,20191200,1510.0,20191200,1502.7,20191000
2019-09-16 09:15:00,1510.0,20191200,1510.0,20191200,1503.2,20191000
2019-09-16 09:30:00,1510.0,20191200,1510.0,20191200,1502.0,20191000
2019-09-16 09:45:00,1510.0,20191200,1510.0,20191200,1503.6,20191000
2019-09-16 10:00:00,1511.3,20191200,1511.3,20191200,1502.2,20191000
2019-09-16 10:15:00,1511.3,20191200,1511.3,20191200,1503.2,20191000
2019-09-16 10:30:00,1511.3,20191200,1511.3,20191200,1503.9,20191000
2019-09-16 10:45:00,1511.3,20191200,1511.3,20191200,1504.9,20191000
2019-09-16 11:00:00,1510.5,20191200,1510.5,20191200,1505.3,20191000
2019-09-16 11:15:00,1510.5,20191200,1510.5,20191200,1505.0,20191000
2019-09-16 11:30:00,1510.5,20191200,1510.5,20191200,1504.7,20191000
2019-09-16 11:45:00,1510.5,20191200,1510.5,20191200,1503.9,20191000
2019-09-16 12:00:00,1511.3,20191200,1511.3,20191200,1505.1,20191000
2019-09-16 12:15:00,1511.3,20191200,1511.3,20191200,1505.1,20191000
2019-09-16 12:30:00,1511.3,20191200,1511.3,20191200,1505.6,20191000
2019-09-16 12:45:00,1511.3,20191200,1511.3,20191200,1504.9,20191000
2019-09-16 13:00:00,1509.0,20191200,1509.0,20191200,1505.1,20191000
2019-09-16 13:15:00,1509.0,20191200,1509.0,20191200,1504.1,20191000
2019-09-16 13:30:00,1509.0,20191200,1509.0,20191200,1503.2,20191000
2019-09-16 13:45:00,1509.0,20191200,1509.0,20191200,1502.6,20191000
2019-09-16 14:00:00,1504.9,20191200,1504.9,20191200,1501.2,20191000
2019-09-16 14:15:00,1504.9,20191200,1504.9,20191200,1502.8,20191000
2019-09-16 14:30:00,1504.9,20191200,1504.9,20191200,1501.9,20191000
2019-09-16 14:45:00,1504.9,20191200,1504.9,20191200,1498.7,20191000
2019-09-16 15:00:00,1507.0,20191200,1507.0,20191200,1498.6,20191000
2019-09-16 15:15:00,1507.0,20191200,1507.0,20191200,1500.5,20191000
2019-09-16 15:30:00,1507.0,20191200,1507.0,20191200,1500.1,20191000
2019-09-16 15:45:00,1507.0,20191200,1507.0,20191200,1500.4,20191000
2019-09-16 16:00:00,1511.6,20191200,1511.6,20191200,1505.4,20191000
2019-09-16 16:15:00,1511.6,20191200,1511.6,20191200,1502.7,20191000
2019-09-16 16:30:00,1511.6,20191200,1511.6,20191200,1504.8,20191000
2019-09-16 16:45:00,1511.6,20191200,1511.6,20191200,1505.2,20191000
2019-09-16 17:00:00,1510.8,20191200,1510.8,20191200,1503.9,20191000
2019-09-16 17:15:00,1510.8,20191200,1510.8,20191200,1504.8,20191000
2019-09-16 17:30:00,1510.8,20191200,1510.8,20191200,1505.5,20191000
2019-09-16 17:45:00,1510.8,20191200,1510.8,20191200,1504.0,20191000
2019-09-16 18:00:00,1509.8,20191200,1509.8,20191200,1503.9,20191000
2019-09-16 18:15:00,1509.8,20191200,1509.8,20191200,1504.7,20191000
2019-09-16 18:30:00,1509.8,20191200,1509.8,20191200,1504.5,20191000
2019-09-16 18:45:00,1509.8,20191200,1509.8,20191200,1503.0,20191000
2019-09-16 19:00:00,1509.3,20191200,1509.3,20191200,1503.5,20191000
2019-09-16 19:15:00,1509.3,20191200,1509.3,20191200,1500.8,20191000
2019-09-16 19:30:00,1509.3,20191200,1509.3,20191200,1502.2,20191000
2019-09-16 19:45:00,1509.3,20191200,1509.3,20191200,1502.6,20191000
2019-09-16 20:00:00,1506.4,20191200,1506.4,20191200,1503.7,20191000
2019-09-16 20:15:00,1506.4,20191200,1506.4,20191200,1503.1,20191000
2019-09-16 20:30:00,1506.4,20191200,1506.4,20191200,1500.0,20191000
2019-09-16 20:45:00,1506.4,20191200,1506.4,20191200,1500.0,20191000
2019-09-16 21:00:00,1505.9,20191200,1505.9,20191200,1499.2,20191000
2019-09-16 21:15:00,1505.9,20191200,1505.9,20191200,1498.8,20191000
2019-09-16 21:30:00,1505.9,20191200,1505.9,20191200,1499.3,20191000
2019-09-16 21:45:00,1505.9,20191200,1505.9,20191200,1499.2,20191000
2019-09-16 23:00:00,1511.4,20191200,1511.4,20191200,1505.3,20191000
2019-09-16 23:15:00,1511.4,20191200,1511.4,20191200,1500.4,20191000
2019-09-16 23:30:00,1511.4,20191200,1511.4,20191200,1499.8,20191000
2019-09-16 23:45:00,1511.4,20191200,1511.4,20191200,1499.6,20191000
2019-09-17 00:00:00,1505.5,20191200,1505.5,20191200,1499.6,20191000
2019-09-17 00:15:00,1505.5,20191200,1505.5,20191200,1499.4,20191000
2019-09-17 00:30:00,1505.5,20191200,1505.5,20191200,1498.3,20191000
2019-09-17 00:45:00,1505.5,20191200,1505.5,20191200,1498.8,20191000
2019-09-17 01:00:00,1504.7,20191200,1504.7,20191200,1499.9,20191000
2019-09-17 01:15:00,1504.7,20191200,1504.7,20191200,1499.0,20191000
2019-09-17 01:30:00,1504.7,20191200,1504.7,20191200,1499.6,20191000
2019-09-17 01:45:00,1504.7,20191200,1504.7,20191200,1498.2,20191000
2019-09-17 02:00:00,1507.2,20191200,1507.2,20191200,1498.5,20191000
2019-09-17 02:15:00,1507.2,20191200,1507.2,20191200,1499.5,20191000
2019-09-17 02:30:00,1507.2,20191200,1507.2,20191200,1498.8,20191000
2019-09-17 02:45:00,1507.2,20191200,1507.2,20191200,1500.1,20191000
2019-09-17 03:00:00,1506.1,20191200,1506.1,20191200,1500.6,20191000
2019-09-17 03:15:00,1506.1,20191200,1506.1,20191200,1501.3,20191000
2019-09-17 03:30:00,1506.1,20191200,1506.1,20191200,1500.6,20191000
2019-09-17 03:45:00,1506.1,20191200,1506.1,20191200,1500.6,20191000
2019-09-17 04:00:00,1505.5,20191200,1505.5,20191200,1498.5,20191000
2019-09-17 04:15:00,1505.5,20191200,1505.5,20191200,1499.5,20191000
2019-09-17 04:45:00,1505.5,20191200,1505.5,20191200,1498.5,20191000
2019-09-17 05:15:00,1505.5,20191200,1505.5,20191200,1499.2,20191000
2019-09-17 05:30:00,1505.5,20191200,1505.5,20191200,1498.7,20191000
2019-09-17 05:45:00,1505.5,20191200,1505.5,20191200,1498.8,20191000
2019-09-17 06:15:00,1505.5,20191200,1505.5,20191200,1499.3,20191000
2019-09-17 06:30:00,1505.5,20191200,1505.5,20191200,1499.0,20191000
2019-09-17 06:45:00,1505.5,20191200,1505.5,20191200,1498.6,20191000
2019-09-17 07:00:00,1501.9,20191200,1501.9,20191200,1496.5,20191000
2019-09-17 07:15:00,1501.9,20191200,1501.9,20191200,1496.7,20191000
2019-09-17 07:30:00,1501.9,20191200,1501.9,20191200,1495.1,20191000
2019-09-17 07:45:00,1501.9,20191200,1501.9,20191200,1495.0,20191000
2019-09-17 08:00:00,1505.3,20191200,1505.3,20191200,1496.6,20191000
2019-09-17 08:15:00,1505.3,20191200,1505.3,20191200,1496.3,20191000
2019-09-17 08:30:00,1505.3,20191200,1505.3,20191200,1498.9,20191000
2019-09-17 08:45:00,1505.3,20191200,1505.3,20191200,1498.6,20191000
2019-09-17 09:00:00,1505.3,20191200,1505.3,20191200,1498.4,20191000
2019-09-17 09:15:00,1505.3,20191200,1505.3,20191200,1498.1,20191000
2019-09-17 09:30:00,1505.3,20191200,1505.3,20191200,1499.1,20191000
2019-09-17 09:45:00,1505.3,20191200,1505.3,20191200,1498.9,20191000
2019-09-17 10:00:00,1505.7,20191200,1505.7,20191200,1498.4,20191000
2019-09-17 10:15:00,1505.7,20191200,1505.7,20191200,1500.9,20191000
2019-09-17 10:30:00,1505.7,20191200,1505.7,20191200,1500.1,20191000
2019-09-17 10:45:00,1505.7,20191200,1505.7,20191200,1499.0,20191000
2019-09-17 11:00:00,1506.4,20191200,1506.4,20191200,1499.1,20191000
2019-09-17 11:15:00,1506.4,20191200,1506.4,20191200,1498.9,20191000
2019-09-17 11:30:00,1506.4,20191200,1506.4,20191200,1497.5,20191000
2019-09-17 11:45:00,1506.4,20191200,1506.4,20191200,1500.0,20191000
2019-09-17 12:00:00,1508.7,20191200,1508.7,20191200,1500.1,20191000
2019-09-17 12:15:00,1508.7,20191200,1508.7,20191200,1501.4,20191000
2019-09-17 12:30:00,1508.7,20191200,1508.7,20191200,1501.9,20191000
2019-09-17 12:45:00,1508.7,20191200,1508.7,20191200,1502.3,20191000
2019-09-17 13:00:00,1510.8,20191200,1510.8,20191200,1505.2,20191000
2019-09-17 13:15:00,1510.8,20191200,1510.8,20191200,1505.5,20191000
2019-09-17 13:30:00,1510.8,20191200,1510.8,20191200,1505.3,20191000
2019-09-17 13:45:00,1510.8,20191200,1510.8,20191200,1504.3,20191000
2019-09-17 14:00:00,1509.2,20191200,1509.2,20191200,1505.9,20191000
2019-09-17 14:15:00,1509.2,20191200,1509.2,20191200,1505.0,20191000
2019-09-17 14:30:00,1509.2,20191200,1509.2,20191200,1500.8,20191000
2019-09-17 14:45:00,1509.2,20191200,1509.2,20191200,1503.5,20191000
2019-09-17 15:00:00,1509.6,20191200,1509.6,20191200,1504.9,20191000
2019-09-17 15:15:00,1509.6,20191200,1509.6,20191200,1504.0,20191000
2019-09-17 15:30:00,1509.6,20191200,1509.6,20191200,1502.3,20191000
2019-09-17 15:45:00,1509.6,20191200,1509.6,20191200,1503.0,20191000
2019-09-17 16:00:00,1512.7,20191200,1512.7,20191200,1504.8,20191000
2019-09-17 16:15:00,1512.7,20191200,1512.7,20191200,1504.2,20191000
2019-09-17 16:30:00,1512.7,20191200,1512.7,20191200,1505.8,20191000
2019-09-17 16:45:00,1512.7,20191200,1512.7,20191200,1506.1,20191000
2019-09-17 17:00:00,1513.8,20191200,1513.8,20191200,1505.9,20191000
2019-09-17 17:15:00,1513.8,20191200,1513.8,20191200,1507.5,20191000
2019-09-17 17:30:00,1513.8,20191200,1513.8,20191200,1508.3,20191000
2019-09-17 17:45:00,1513.8,20191200,1513.8,20191200,1507.2,20191000
2019-09-17 18:00:00,1511.6,20191200,1511.6,20191200,1508.0,20191000
2019-09-17 18:15:00,1511.6,20191200,1511.6,20191200,1506.8,20191000
2019-09-17 18:30:00,1511.6,20191200,1511.6,20191200,1506.1,20191000
2019-09-17 18:45:00,1511.6,20191200,1511.6,20191200,1504.7,20191000
2019-09-17 19:00:00,1510.5,20191200,1510.5,20191200,1504.4,20191000
2019-09-17 19:15:00,1510.5,20191200,1510.5,20191200,1503.8,20191000
2019-09-17 19:30:00,1510.5,20191200,1510.5,20191200,1504.5,20191000
2019-09-17 19:45:00,1510.5,20191200,1510.5,20191200,1503.9,20191000
2019-09-17 20:00:00,1509.9,20191200,1509.9,20191200,1504.5,20191000
2019-09-17 20:15:00,1509.9,20191200,1509.9,20191200,1504.2,20191000
2019-09-17 20:30:00,1509.9,20191200,1509.9,20191200,1503.3,20191000
2019-09-17 20:45:00,1509.9,20191200,1509.9,20191200,1502.8,20191000
2019-09-17 21:00:00,1509.0,20191200,1509.0,20191200,1503.5,20191000
2019-09-17 21:15:00,1509.0,20191200,1509.0,20191200,1502.6,20191000
2019-09-17 21:30:00,1509.0,20191200,1509.0,20191200,1502.1,20191000
2019-09-17 21:45:00,1509.0,20191200,1509.0,20191200,1502.4,20191000
2019-09-17 23:00:00,1504.9,20191200,1504.9,20191200,1499.1,20191000
2019-09-17 23:15:00,1504.9,20191200,1504.9,20191200,1502.3,20191000
2019-09-17 23:30:00,1504.9,20191200,1504.9,20191200,1502.6,20191000
2019-09-17 23:45:00,1504.9,20191200,1504.9,20191200,1502.3,20191000
2019-09-18 00:00:00,1508.6,20191200,1508.6,20191200,1501.6,20191000
2019-09-18 00:15:00,1508.6,20191200,1508.6,20191200,1502.1,20191000
2019-09-18 00:30:00,1508.6,20191200,1508.6,20191200,1501.9,20191000
2019-09-18 00:45:00,1508.6,20191200,1508.6,20191200,1501.8,20191000
2019-09-18 01:00:00,1508.9,20191200,1508.9,20191200,1502.2,20191000
2019-09-18 01:15:00,1508.9,20191200,1508.9,20191200,1502.7,20191000
2019-09-18 01:30:00,1508.9,20191200,1508.9,20191200,1502.5,20191000
2019-09-18 01:45:00,1508.9,20191200,1508.9,20191200,1501.9,20191000
2019-09-18 02:00:00,1510.7,20191200,1510.7,20191200,1502.2,20191000
2019-09-18 02:15:00,1510.7,20191200,1510.7,20191200,1502.6,20191000
2019-09-18 02:30:00,1510.7,20191200,1510.7,20191200,1501.7,20191000
2019-09-18 02:45:00,1510.7,20191200,1510.7,20191200,1504.0,20191000
2019-09-18 03:00:00,1509.8,20191200,1509.8,20191200,1503.2,20191000
2019-09-18 03:15:00,1509.8,20191200,1509.8,20191200,1503.3,20191000
2019-09-18 03:30:00,1509.8,20191200,1509.8,20191200,1503.0,20191000
2019-09-18 04:00:00,1510.6,20191200,1510.6,20191200,1502.8,20191000
2019-09-18 04:15:00,1510.6,20191200,1510.6,20191200,1503.4,20191000
2019-09-18 04:30:00,1510.6,20191200,1510.6,20191200,1503.6,20191000
2019-09-18 04:45:00,1510.6,20191200,1510.6,20191200,1503.8,20191000
2019-09-18 05:15:00,1510.6,20191200,1510.6,20191200,1503.7,20191000
2019-09-18 05:30:00,1510.6,20191200,1510.6,20191200,1503.0,20191000
2019-09-18 05:45:00,1510.6,20191200,1510.6,20191200,1503.4,20191000
2019-09-18 06:15:00,1510.6,20191200,1510.6,20191200,1503.8,20191000
2019-09-18 06:30:00,1510.6,20191200,1510.6,20191200,1503.5,20191000
2019-09-18 06:45:00,1510.6,20191200,1510.6,20191200,1502.7,20191000
2019-09-18 07:00:00,1509.2,20191200,1509.2,20191200,1502.6,20191000
2019-09-18 07:15:00,1509.2,20191200,1509.2,20191200,1502.3,20191000
2019-09-18 07:30:00,1509.2,20191200,1509.2,20191200,1502.2,20191000
2019-09-18 07:45:00,1509.2,20191200,1509.2,20191200,1502.6,20191000
2019-09-18 08:00:00,1509.4,20191200,1509.4,20191200,1502.2,20191000
2019-09-18 08:15:00,1509.4,20191200,1509.4,20191200,1502.2,20191000
2019-09-18 08:30:00,1509.4,20191200,1509.4,20191200,1502.9,20191000
2019-09-18 08:45:00,1509.4,20191200,1509.4,20191200,1502.5,20191000
2019-09-18 09:00:00,1509.4,20191200,1509.4,20191200,1502.0,20191000
2019-09-18 09:15:00,1509.4,20191200,1509.4,20191200,1501.8,20191000
2019-09-18 09:30:00,1509.4,20191200,1509.4,20191200,1502.6,20191000
2019-09-18 09:45:00,1509.4,20191200,1509.4,20191200,1502.6,20191000
2019-09-18 10:00:00,1510.3,20191200,1510.3,20191200,1503.3,20191000
2019-09-18 10:15:00,1510.3,20191200,1510.3,20191200,1503.3,20191000
2019-09-18 10:30:00,1510.3,20191200,1510.3,20191200,1503.9,20191000
2019-09-18 10:45:00,1510.3,20191200,1510.3,20191200,1503.5,20191000
2019-09-18 11:00:00,1508.9,20191200,1508.9,20191200,1503.2,20191000
2019-09-18 11:15:00,1508.9,20191200,1508.9,20191200,1502.5,20191000
2019-09-18 11:30:00,1508.9,20191200,1508.9,20191200,1502.4,20191000
2019-09-18 11:45:00,1508.9,20191200,1508.9,20191200,1502.3,20191000
2019-09-18 12:00:00,1509.2,20191200,1509.2,20191200,1502.5,20191000
2019-09-18 12:15:00,1509.2,20191200,1509.2,20191200,1502.3,20191000
2019-09-18 12:30:00,1509.2,20191200,1509.2,20191200,1502.3,20191000
2019-09-18 12:45:00,1509.2,20191200,1509.2,20191200,1502.6,20191000
2019-09-18 13:00:00,1512.5,20191200,1512.5,20191200,1502.8,20191000
2019-09-18 13:15:00,1512.5,20191200,1512.5,20191200,1504.7,20191000
2019-09-18 13:30:00,1512.5,20191200,1512.5,20191200,1505.1,20191000
2019-09-18 13:45:00,1512.5,20191200,1512.5,20191200,1505.3,20191000
2019-09-18 14:00:00,1512.6,20191200,1512.6,20191200,1506.8,20191000
2019-09-18 14:15:00,1512.6,20191200,1512.6,20191200,1506.4,20191000
2019-09-18 14:30:00,1512.6,20191200,1512.6,20191200,1506.5,20191000
2019-09-18 14:45:00,1512.6,20191200,1512.6,20191200,1505.7,20191000
2019-09-18 15:00:00,1514.9,20191200,1514.9,20191200,1505.9,20191000
2019-09-18 15:15:00,1514.9,20191200,1514.9,20191200,1506.9,20191000
2019-09-18 15:30:00,1514.9,20191200,1514.9,20191200,1507.8,20191000
2019-09-18 15:45:00,1514.9,20191200,1514.9,20191200,1508.2,20191000
2019-09-18 16:00:00,1515.8,20191200,1515.8,20191200,1509.2,20191000
2019-09-18 16:15:00,1515.8,20191200,1515.8,20191200,1509.7,20191000
2019-09-18 16:30:00,1515.8,20191200,1515.8,20191200,1511.6,20191000
2019-09-18 16:45:00,1515.8,20191200,1515.8,20191200,1509.1,20191000
2019-09-18 17:00:00,1516.4,20191200,1516.4,20191200,1509.4,20191000
2019-09-18 17:15:00,1516.4,20191200,1516.4,20191200,1510.4,20191000
2019-09-18 17:30:00,1516.4,20191200,1516.4,20191200,1510.3,20191000
2019-09-18 17:45:00,1516.4,20191200,1516.4,20191200,1509.5,20191000
2019-09-18 18:00:00,1515.8,20191200,1515.8,20191200,1508.1,20191000
2019-09-18 18:15:00,1515.8,20191200,1515.8,20191200,1508.9,20191000
2019-09-18 18:30:00,1515.8,20191200,1515.8,20191200,1509.4,20191000
2019-09-18 18:45:00,1515.8,20191200,1515.8,20191200,1511.3,20191000
2019-09-18 19:00:00,1498.1,20191200,1498.1,20191200,1499.2,20191000
2019-09-18 19:15:00,1498.1,20191200,1498.1,20191200,1498.7,20191000
2019-09-18 19:30:00,1498.1,20191200,1498.1,20191200,1485.6,20191000
2019-09-18 19:45:00,1498.1,20191200,1498.1,20191200,1490.3,20191000
2019-09-18 20:00:00,1499.8,20191200,1499.8,20191200,1490.3,20191000
2019-09-18 20:15:00,1499.8,20191200,1499.8,20191200,1489.0,20191000
2019-09-18 20:30:00,1499.8,20191200,1499.8,20191200,1495.0,20191000
2019-09-18 20:45:00,1499.8,20191200,1499.8,20191200,1493.4,20191000
2019-09-18 21:00:00,1501.7,20191200,1501.7,20191200,1493.9,20191000
2019-09-18 21:15:00,1501.7,20191200,1501.7,20191200,1494.9,20191000
2019-09-18 21:30:00,1501.7,20191200,1501.7,20191200,1494.1,20191000
2019-09-18 21:45:00,1501.7,20191200,1501.7,20191200,1494.9,20191000
2019-09-18 23:00:00,1509.8,20191200,1509.8,20191200,1503.6,20191000
2019-09-18 23:15:00,1509.8,20191200,1509.8,20191200,1494.2,20191000
2019-09-18 23:30:00,1509.8,20191200,1509.8,20191200,1494.4,20191000
2019-09-18 23:45:00,1509.8,20191200,1509.8,20191200,1493.9,20191000
2019-09-19 00:00:00,1498.5,20191200,1498.5,20191200,1492.8,20191000
2019-09-19 00:15:00,1498.5,20191200,1498.5,20191200,1491.2,20191000
2019-09-19 00:30:00,1498.5,20191200,1498.5,20191200,1492.3,20191000
2019-09-19 00:45:00,1498.5,20191200,1498.5,20191200,1492.4,20191000
2019-09-19 01:00:00,1498.0,20191200,1498.0,20191200,1492.2,20191000
2019-09-19 01:15:00,1498.0,20191200,1498.0,20191200,1491.2,20191000
2019-09-19 01:30:00,1498.0,20191200,1498.0,20191200,1490.1,20191000
2019-09-19 01:45:00,1498.0,20191200,1498.0,20191200,1491.3,20191000
2019-09-19 02:00:00,1500.3,20191200,1500.3,20191200,1490.7,20191000
2019-09-19 02:15:00,1500.3,20191200,1500.3,20191200,1491.3,20191000
2019-09-19 02:30:00,1500.3,20191200,1500.3,20191200,1492.8,20191000
2019-09-19 02:45:00,1500.3,20191200,1500.3,20191200,1493.7,20191000
2019-09-19 03:00:00,1499.9,20191200,1499.9,20191200,1492.6,20191000
2019-09-19 03:15:00,1499.9,20191200,1499.9,20191200,1492.7,20191000
2019-09-19 03:30:00,1499.9,20191200,1499.9,20191200,1492.5,20191000
2019-09-19 03:45:00,1499.9,20191200,1499.9,20191200,1493.1,20191000
2019-09-19 04:00:00,1501.7,20191200,1501.7,20191200,1494.1,20191000
2019-09-19 04:15:00,1501.7,20191200,1501.7,20191200,1494.8,20191000
2019-09-19 04:30:00,1501.7,20191200,1501.7,20191200,1495.5,20191000
2019-09-19 04:45:00,1501.7,20191200,1501.7,20191200,1495.3,20191000
2019-09-19 05:15:00,1501.7,20191200,1501.7,20191200,1495.2,20191000
2019-09-19 05:30:00,1501.7,20191200,1501.7,20191200,1495.6,20191000
2019-09-19 05:45:00,1501.7,20191200,1501.7,20191200,1496.4,20191000
2019-09-19 06:15:00,1501.7,20191200,1501.7,20191200,1495.8,20191000
2019-09-19 06:30:00,1501.7,20191200,1501.7,20191200,1497.6,20191000
2019-09-19 06:45:00,1501.7,20191200,1501.7,20191200,1497.4,20191000
2019-09-19 07:00:00,1503.7,20191200,1503.7,20191200,1497.0,20191000
2019-09-19 07:15:00,1503.7,20191200,1503.7,20191200,1496.4,20191000
2019-09-19 07:30:00,1503.7,20191200,1503.7,20191200,1497.2,20191000
2019-09-19 07:45:00,1503.7,20191200,1503.7,20191200,1496.6,20191000
2019-09-19 08:00:00,1502.2,20191200,1502.2,20191200,1495.2,20191000
2019-09-19 08:15:00,1502.2,20191200,1502.2,20191200,1494.7,20191000
2019-09-19 08:30:00,1502.2,20191200,1502.2,20191200,1495.2,20191000
2019-09-19 08:45:00,1502.2,20191200,1502.2,20191200,1495.3,20191000
2019-09-19 09:00:00,1504.8,20191200,1504.8,20191200,1497.4,20191000
2019-09-19 09:15:00,1504.8,20191200,1504.8,20191200,1497.9,20191000
2019-09-19 09:30:00,1504.8,20191200,1504.8,20191200,1498.6,20191000
2019-09-19 09:45:00,1504.8,20191200,1504.8,20191200,1498.0,20191000
2019-09-19 10:00:00,1504.1,20191200,1504.1,20191200,1498.5,20191000
2019-09-19 10:15:00,1504.1,20191200,1504.1,20191200,1499.6,20191000
2019-09-19 10:30:00,1504.1,20191200,1504.1,20191200,1497.9,20191000
2019-09-19 10:45:00,1504.1,20191200,1504.1,20191200,1497.7,20191000
2019-09-19 11:00:00,1506.0,20191200,1506.0,20191200,1496.9,20191000
2019-09-19 11:15:00,1506.0,20191200,1506.0,20191200,1497.0,20191000
2019-09-19 11:30:00,1506.0,20191200,1506.0,20191200,1497.7,20191000
2019-09-19 11:45:00,1506.0,20191200,1506.0,20191200,1499.1,20191000
2019-09-19 12:00:00,1508.9,20191200,1508.9,20191200,1500.2,20191000
2019-09-19 12:15:00,1508.9,20191200,1508.9,20191200,1500.8,20191000
2019-09-19 12:30:00,1508.9,20191200,1508.9,20191200,1501.5,20191000
2019-09-19 12:45:00,1508.9,20191200,1508.9,20191200,1502.3,20191000
2019-09-19 13:00:00,1511.3,20191200,1511.3,20191200,1503.7,20191000
2019-09-19 13:15:00,1511.3,20191200,1511.3,20191200,1502.8,20191000
2019-09-19 13:30:00,1511.3,20191200,1511.3,20191200,1503.2,20191000
2019-09-19 13:45:00,1511.3,20191200,1511.3,20191200,1504.7,20191000
2019-09-19 14:00:00,1508.7,20191200,1508.7,20191200,1503.7,20191000
2019-09-19 14:15:00,1508.7,20191200,1508.7,20191200,1502.6,20191000
2019-09-19 14:30:00,1508.7,20191200,1508.7,20191200,1502.7,20191000
2019-09-19 14:45:00,1508.7,20191200,1508.7,20191200,1502.1,20191000
2019-09-19 15:00:00,1508.0,20191200,1508.0,20191200,1503.9,20191000
2019-09-19 15:15:00,1508.0,20191200,1508.0,20191200,1502.9,20191000
2019-09-19 15:30:00,1508.0,20191200,1508.0,20191200,1502.7,20191000
2019-09-19 15:45:00,1508.0,20191200,1508.0,20191200,1501.4,20191000
2019-09-19 16:00:00,1505.9,20191200,1505.9,20191200,1501.2,20191000
2019-09-19 16:15:00,1505.9,20191200,1505.9,20191200,1498.3,20191000
2019-09-19 16:30:00,1505.9,20191200,1505.9,20191200,1499.2,20191000
2019-09-19 16:45:00,1505.9,20191200,1505.9,20191200,1499.0,20191000
2019-09-19 17:00:00,1506.7,20191200,1506.7,20191200,1497.5,20191000
2019-09-19 17:15:00,1506.7,20191200,1506.7,20191200,1500.1,20191000
2019-09-19 17:30:00,1506.7,20191200,1506.7,20191200,1500.3,20191000
2019-09-19 17:45:00,1506.7,20191200,1506.7,20191200,1500.0,20191000
2019-09-19 18:00:00,1507.8,20191200,1507.8,20191200,1502.2,20191000
2019-09-19 18:15:00,1507.8,20191200,1507.8,20191200,1499.4,20191000
2019-09-19 18:30:00,1507.8,20191200,1507.8,20191200,1501.6,20191000
2019-09-19 18:45:00,1507.8,20191200,1507.8,20191200,1500.3,20191000
2019-09-19 19:00:00,1507.0,20191200,1507.0,20191200,1500.6,20191000
2019-09-19 19:15:00,1507.0,20191200,1507.0,20191200,1501.1,20191000
2019-09-19 19:30:00,1507.0,20191200,1507.0,20191200,1501.8,20191000
2019-09-19 19:45:00,1507.0,20191200,1507.0,20191200,1500.1,20191000
2019-09-19 20:00:00,1506.1,20191200,1506.1,20191200,1499.1,20191000
2019-09-19 20:15:00,1506.1,20191200,1506.1,20191200,1498.6,20191000
2019-09-19 20:30:00,1506.1,20191200,1506.1,20191200,1497.9,20191000
2019-09-19 20:45:00,1506.1,20191200,1506.1,20191200,1499.3,20191000
2019-09-19 21:00:00,1506.5,20191200,1506.5,20191200,1499.1,20191000
2019-09-19 21:15:00,1506.5,20191200,1506.5,20191200,1499.1,20191000
2019-09-19 21:30:00,1506.5,20191200,1506.5,20191200,1499.7,20191000
2019-09-19 21:45:00,1506.5,20191200,1506.5,20191200,1499.3,20191000
2019-09-19 23:00:00,1504.0,20191200,1504.0,20191200,1495.5,20191000
2019-09-19 23:15:00,1504.0,20191200,1504.0,20191200,1499.5,20191000
2019-09-19 23:30:00,1504.0,20191200,1504.0,20191200,1498.9,20191000
2019-09-19 23:45:00,1504.0,20191200,1504.0,20191200,1498.7,20191000
2019-09-20 00:00:00,1507.1,20191200,1507.1,20191200,1499.1,20191000
2019-09-20 00:15:00,1507.1,20191200,1507.1,20191200,1499.4,20191000
2019-09-20 00:45:00,1507.1,20191200,1507.1,20191200,1500.0,20191000
2019-09-20 01:00:00,1507.0,20191200,1507.0,20191200,1500.3,20191000
2019-09-20 01:15:00,1507.0,20191200,1507.0,20191200,1500.4,20191000
2019-09-20 01:30:00,1507.0,20191200,1507.0,20191200,1499.2,20191000
2019-09-20 01:45:00,1507.0,20191200,1507.0,20191200,1500.3,20191000
2019-09-20 02:00:00,1509.5,20191200,1509.5,20191200,1500.9,20191000
2019-09-20 02:15:00,1509.5,20191200,1509.5,20191200,1501.6,20191000
2019-09-20 02:30:00,1509.5,20191200,1509.5,20191200,1502.4,20191000
2019-09-20 02:45:00,1509.5,20191200,1509.5,20191200,1502.3,20191000
2019-09-20 03:00:00,1510.7,20191200,1510.7,20191200,1502.3,20191000
2019-09-20 03:15:00,1510.7,20191200,1510.7,20191200,1502.4,20191000
2019-09-20 03:30:00,1510.7,20191200,1510.7,20191200,1503.5,20191000
2019-09-20 03:45:00,1510.7,20191200,1510.7,20191200,1503.7,20191000
2019-09-20 04:00:00,1510.9,20191200,1510.9,20191200,1504.5,20191000
2019-09-20 04:15:00,1510.9,20191200,1510.9,20191200,1504.4,20191000
2019-09-20 04:30:00,1510.9,20191200,1510.9,20191200,1504.1,20191000
2019-09-20 04:45:00,1510.9,20191200,1510.9,20191200,1504.0,20191000
2019-09-20 05:15:00,1510.9,20191200,1510.9,20191200,1504.5,20191000
2019-09-20 05:30:00,1510.9,20191200,1510.9,20191200,1505.4,20191000
2019-09-20 05:45:00,1510.9,20191200,1510.9,20191200,1505.2,20191000
2019-09-20 06:15:00,1510.9,20191200,1510.9,20191200,1504.5,20191000
2019-09-20 06:30:00,1510.9,20191200,1510.9,20191200,1506.0,20191000
2019-09-20 06:45:00,1510.9,20191200,1510.9,20191200,1506.5,20191000
2019-09-20 07:00:00,1511.8,20191200,1511.8,20191200,1507.4,20191000
2019-09-20 07:15:00,1511.8,20191200,1511.8,20191200,1506.7,20191000
2019-09-20 07:30:00,1511.8,20191200,1511.8,20191200,1505.4,20191000
2019-09-20 07:45:00,1511.8,20191200,1511.8,20191200,1505.1,20191000
2019-09-20 08:00:00,1510.8,20191200,1510.8,20191200,1505.0,20191000
2019-09-20 08:15:00,1510.8,20191200,1510.8,20191200,1506.6,20191000
2019-09-20 08:30:00,1510.8,20191200,1510.8,20191200,1505.0,20191000
2019-09-20 08:45:00,1510.8,20191200,1510.8,20191200,1503.9,20191000
2019-09-20 09:00:00,1512.4,20191200,1512.4,20191200,1505.0,20191000
2019-09-20 09:15:00,1512.4,20191200,1512.4,20191200,1504.4,20191000
2019-09-20 09:30:00,1512.4,20191200,1512.4,20191200,1504.6,20191000
2019-09-20 09:45:00,1512.4,20191200,1512.4,20191200,1506.3,20191000
2019-09-20 10:00:00,1510.9,20191200,1510.9,20191200,1505.6,20191000
2019-09-20 10:15:00,1510.9,20191200,1510.9,20191200,1504.9,20191000
2019-09-20 10:30:00,1510.9,20191200,1510.9,20191200,1505.0,20191000
2019-09-20 10:45:00,1510.9,20191200,1510.9,20191200,1504.3,20191000
2019-09-20 11:00:00,1511.2,20191200,1511.2,20191200,1504.3,20191000
2019-09-20 11:15:00,1511.2,20191200,1511.2,20191200,1505.1,20191000
2019-09-20 11:30:00,1511.2,20191200,1511.2,20191200,1504.2,20191000
2019-09-20 11:45:00,1511.2,20191200,1511.2,20191200,1504.5,20191000
2019-09-20 12:00:00,1507.2,20191200,1507.2,20191200,1504.0,20191000
2019-09-20 12:15:00,1507.2,20191200,1507.2,20191200,1504.1,20191000
2019-09-20 12:30:00,1507.2,20191200,1507.2,20191200,1500.4,20191000
2019-09-20 12:45:00,1507.2,20191200,1507.2,20191200,1500.5,20191000
2019-09-20 13:00:00,1508.7,20191200,1508.7,20191200,1501.3,20191000
2019-09-20 13:15:00,1508.7,20191200,1508.7,20191200,1500.3,20191000
2019-09-20 13:30:00,1508.7,20191200,1508.7,20191200,1500.8,20191000
2019-09-20 13:45:00,1508.7,20191200,1508.7,20191200,1501.7,20191000
2019-09-20 14:00:00,1509.2,20191200,1509.2,20191200,1500.8,20191000
2019-09-20 14:15:00,1509.2,20191200,1509.2,20191200,1502.0,20191000
2019-09-20 14:30:00,1509.2,20191200,1509.2,20191200,1502.5,20191000
2019-09-20 14:45:00,1509.2,20191200,1509.2,20191200,1502.5,20191000
2019-09-20 15:00:00,1511.7,20191200,1511.7,20191200,1501.5,20191000
2019-09-20 15:15:00,1511.7,20191200,1511.7,20191200,1503.0,20191000
2019-09-20 15:30:00,1511.7,20191200,1511.7,20191200,1504.5,20191000
2019-09-20 15:45:00,1511.7,20191200,1511.7,20191200,1504.6,20191000
2019-09-20 16:00:00,1509.6,20191200,1509.6,20191200,1503.8,20191000
2019-09-20 16:15:00,1509.6,20191200,1509.6,20191200,1503.0,20191000
2019-09-20 16:30:00,1509.6,20191200,1509.6,20191200,1503.0,20191000
2019-09-20 16:45:00,1509.6,20191200,1509.6,20191200,1502.7,20191000
2019-09-20 17:00:00,1510.7,20191200,1510.7,20191200,1501.9,20191000
2019-09-20 17:15:00,1510.7,20191200,1510.7,20191200,1502.9,20191000
2019-09-20 17:30:00,1510.7,20191200,1510.7,20191200,1503.9,20191000
2019-09-20 17:45:00,1510.7,20191200,1510.7,20191200,1503.7,20191000
2019-09-20 18:00:00,1517.6,20191200,1517.6,20191200,1505.4,20191000
2019-09-20 18:15:00,1517.6,20191200,1517.6,20191200,1507.9,20191000
2019-09-20 18:30:00,1517.6,20191200,1517.6,20191200,1508.7,20191000
2019-09-20 18:45:00,1517.6,20191200,1517.6,20191200,1510.6,20191000
2019-09-20 19:00:00,1520.0,20191200,1520.0,20191200,1511.8,20191000
2019-09-20 19:15:00,1520.0,20191200,1520.0,20191200,1513.2,20191000
2019-09-20 19:30:00,1520.0,20191200,1520.0,20191200,1512.6,20191000
2019-09-20 19:45:00,1520.0,20191200,1520.0,20191200,1513.3,20191000
2019-09-20 20:00:00,1523.9,20191200,1523.9,20191200,1513.2,20191000
2019-09-20 20:15:00,1523.9,20191200,1523.9,20191200,1516.4,20191000
2019-09-20 20:30:00,1523.9,20191200,1523.9,20191200,1516.5,20191000
2019-09-20 20:45:00,1523.9,20191200,1523.9,20191200,1516.3,20191000
2019-09-20 21:00:00,1524.4,20191200,1524.4,20191200,1516.6,20191000
2019-09-20 21:15:00,1524.4,20191200,1524.4,20191200,1516.0,20191000
2019-09-20 21:30:00,1524.4,20191200,1524.4,20191200,1516.7,20191000
2019-09-20 21:45:00,1524.4,20191200,1524.4,20191200,1516.9,20191000
2019-09-20 23:00:00,1513.1,20191200,1513.1,20191200,1504.2,20191000
2019-09-22 23:00:00,1520.9,20191200,1520.9,20191200,1513.3,20191000
2019-09-22 23:15:00,1520.9,20191200,1520.9,20191200,1512.0,20191000
2019-09-22 23:30:00,1520.9,20191200,1520.9,20191200,1512.9,20191000
2019-09-22 23:45:00,1520.9,20191200,1520.9,20191200,1513.5,20191000
2019-09-23 00:00:00,1521.8,20191200,1521.8,20191200,1513.8,20191000
2019-09-23 00:15:00,1521.8,20191200,1521.8,20191200,1513.6,20191000
2019-09-23 00:30:00,1521.8,20191200,1521.8,20191200,1513.2,20191000
2019-09-23 00:45:00,1521.8,20191200,1521.8,20191200,1514.0,20191000
2019-09-23 01:00:00,1521.5,20191200,1521.5,20191200,1514.7,20191000
2019-09-23 01:15:00,1521.5,20191200,1521.5,20191200,1515.0,20191000
2019-09-23 01:30:00,1521.5,20191200,1521.5,20191200,1514.7,20191000
2019-09-23 01:45:00,1521.5,20191200,1521.5,20191200,1514.6,20191000
2019-09-23 02:00:00,1525.6,20191200,1525.6,20191200,1512.3,20191000
2019-09-23 02:15:00,1525.6,20191200,1525.6,20191200,1516.0,20191000
2019-09-23 02:30:00,1525.6,20191200,1525.6,20191200,1515.9,20191000
2019-09-23 02:45:00,1525.6,20191200,1525.6,20191200,1518.2,20191000
2019-09-23 03:00:00,1524.9,20191200,1524.9,20191200,1519.7,20191000
2019-09-23 03:15:00,1524.9,20191200,1524.9,20191200,1518.5,20191000
2019-09-23 03:30:00,1524.9,20191200,1524.9,20191200,1517.2,20191000
2019-09-23 03:45:00,1524.9,20191200,1524.9,20191200,1517.8,20191000
2019-09-23 04:00:00,1524.2,20191200,1524.2,20191200,1516.3,20191000
2019-09-23 04:15:00,1524.2,20191200,1524.2,20191200,1517.0,20191000
2019-09-23 04:30:00,1524.2,20191200,1524.2,20191200,1516.7,20191000
2019-09-23 04:45:00,1524.2,20191200,1524.2,20191200,1516.8,20191000
2019-09-23 05:15:00,1524.2,20191200,1524.2,20191200,1516.5,20191000
2019-09-23 05:30:00,1524.2,20191200,1524.2,20191200,1515.4,20191000
2019-09-23 05:45:00,1524.2,20191200,1524.2,20191200,1515.6,20191000
2019-09-23 06:15:00,1524.2,20191200,1524.2,20191200,1515.1,20191000
2019-09-23 06:30:00,1524.2,20191200,1524.2,20191200,1515.0,20191000
2019-09-23 06:45:00,1524.2,20191200,1524.2,20191200,1516.1,20191000
2019-09-23 07:00:00,1521.6,20191200,1521.6,20191200,1516.2,20191000
2019-09-23 07:15:00,1521.6,20191200,1521.6,20191200,1515.2,20191000
2019-09-23 07:30:00,1521.6,20191200,1521.6,20191200,1514.5,20191000
2019-09-23 07:45:00,1521.6,20191200,1521.6,20191200,1513.5,20191000
2019-09-23 08:00:00,1525.2,20191200,1525.2,20191200,1513.4,20191000
2019-09-23 08:15:00,1525.2,20191200,1525.2,20191200,1516.2,20191000
2019-09-23 08:30:00,1525.2,20191200,1525.2,20191200,1516.9,20191000
2019-09-23 08:45:00,1525.2,20191200,1525.2,20191200,1517.9,20191000
2019-09-23 09:00:00,1528.1,20191200,1528.1,20191200,1519.0,20191000
2019-09-23 09:15:00,1528.1,20191200,1528.1,20191200,1518.8,20191000
2019-09-23 09:30:00,1528.1,20191200,1528.1,20191200,1519.7,20191000
2019-09-23 09:45:00,1528.1,20191200,1528.1,20191200,1520.2,20191000
2019-09-23 10:00:00,1525.6,20191200,1525.6,20191200,1520.0,20191000
2019-09-23 10:15:00,1525.6,20191200,1525.6,20191200,1519.9,20191000
2019-09-23 10:30:00,1525.6,20191200,1525.6,20191200,1519.3,20191000
2019-09-23 10:45:00,1525.6,20191200,1525.6,20191200,1519.0,20191000
2019-09-23 11:00:00,1526.8,20191200,1526.8,20191200,1518.6,20191000
2019-09-23 11:15:00,1526.8,20191200,1526.8,20191200,1518.7,20191000
2019-09-23 11:30:00,1526.8,20191200,1526.8,20191200,1520.2,20191000
2019-09-23 11:45:00,1526.8,20191200,1526.8,20191200,1519.1,20191000
2019-09-23 12:00:00,1526.6,20191200,1526.6,20191200,1519.6,20191000
2019-09-23 12:15:00,1526.6,20191200,1526.6,20191200,1519.4,20191000
2019-09-23 12:30:00,1526.6,20191200,1526.6,20191200,1518.6,20191000
2019-09-23 12:45:00,1526.6,20191200,1526.6,20191200,1519.1,20191000
2019-09-23 13:00:00,1526.3,20191200,1526.3,20191200,1517.2,20191000
2019-09-23 13:15:00,1526.3,20191200,1526.3,20191200,1518.0,20191000
2019-09-23 13:30:00,1526.3,20191200,1526.3,20191200,1519.0,20191000
2019-09-23 13:45:00,1526.3,20191200,1526.3,20191200,1520.0,20191000
2019-09-23 14:00:00,1529.8,20191200,1529.8,20191200,1520.0,20191000
2019-09-23 14:15:00,1529.8,20191200,1529.8,20191200,1519.0,20191000
2019-09-23 14:30:00,1529.8,20191200,1529.8,20191200,1518.4,20191000
2019-09-23 14:45:00,1529.8,20191200,1529.8,20191200,1521.9,20191000
2019-09-23 15:00:00,1533.5,20191200,1533.5,20191200,1524.0,20191000
2019-09-23 15:15:00,1533.5,20191200,1533.5,20191200,1523.6,20191000
2019-09-23 15:30:00,1533.5,20191200,1533.5,20191200,1523.3,20191000
2019-09-23 15:45:00,1533.5,20191200,1533.5,20191200,1526.1,20191000
2019-09-23 16:00:00,1530.4,20191200,1530.4,20191200,1525.2,20191000
2019-09-23 16:15:00,1530.4,20191200,1530.4,20191200,1524.3,20191000
2019-09-23 16:30:00,1530.4,20191200,1530.4,20191200,1523.3,20191000
2019-09-23 16:45:00,1530.4,20191200,1530.4,20191200,1523.3,20191000
2019-09-23 17:00:00,1530.4,20191200,1530.4,20191200,1520.6,20191000
2019-09-23 17:15:00,1530.4,20191200,1530.4,20191200,1522.0,20191000
2019-09-23 17:30:00,1530.4,20191200,1530.4,20191200,1521.9,20191000
2019-09-23 17:45:00,1530.4,20191200,1530.4,20191200,1523.2,20191000
2019-09-23 18:00:00,1530.8,20191200,1530.8,20191200,1523.3,20191000
2019-09-23 18:15:00,1530.8,20191200,1530.8,20191200,1523.9,20191000
2019-09-23 18:30:00,1530.8,20191200,1530.8,20191200,1523.6,20191000
2019-09-23 18:45:00,1530.8,20191200,1530.8,20191200,1523.2,20191000
2019-09-23 19:00:00,1531.5,20191200,1531.5,20191200,1523.2,20191000
2019-09-23 19:15:00,1531.5,20191200,1531.5,20191200,1525.5,20191000
2019-09-23 19:30:00,1531.5,20191200,1531.5,20191200,1525.3,20191000
2019-09-23 19:45:00,1531.5,20191200,1531.5,20191200,1523.4,20191000
2019-09-23 20:00:00,1532.2,20191200,1532.2,20191200,1523.1,20191000
2019-09-23 20:15:00,1532.2,20191200,1532.2,20191200,1523.5,20191000
2019-09-23 20:30:00,1532.2,20191200,1532.2,20191200,1523.5,20191000
2019-09-23 20:45:00,1532.2,20191200,1532.2,20191200,1523.8,20191000
2019-09-23 21:00:00,1529.5,20191200,1529.5,20191200,1523.4,20191000
2019-09-23 21:15:00,1529.5,20191200,1529.5,20191200,1523.0,20191000
2019-09-23 21:30:00,1529.5,20191200,1529.5,20191200,1523.3,20191000
2019-09-23 21:45:00,1529.5,20191200,1529.5,20191200,1521.9,20191000
2019-09-23 23:00:00,1523.0,20191200,1523.0,20191200,1516.0,20191000
2019-09-23 23:15:00,1523.0,20191200,1523.0,20191200,1522.6,20191000
2019-09-23 23:30:00,1523.0,20191200,1523.0,20191200,1522.4,20191000
2019-09-23 23:45:00,1523.0,20191200,1523.0,20191200,1522.3,20191000
2019-09-24 00:00:00,1528.1,20191200,1528.1,20191200,1521.0,20191000
2019-09-24 00:15:00,1528.1,20191200,1528.1,20191200,1521.0,20191000
2019-09-24 00:30:00,1528.1,20191200,1528.1,20191200,1521.1,20191000
2019-09-24 00:45:00,1528.1,20191200,1528.1,20191200,1520.1,20191000
2019-09-24 01:00:00,1528.5,20191200,1528.5,20191200,1521.2,20191000
2019-09-24 01:15:00,1528.5,20191200,1528.5,20191200,1521.4,20191000
2019-09-24 01:30:00,1528.5,20191200,1528.5,20191200,1520.4,20191000
2019-09-24 01:45:00,1528.5,20191200,1528.5,20191200,1521.1,20191000
2019-09-24 02:00:00,1528.2,20191200,1528.2,20191200,1520.6,20191000
2019-09-24 02:15:00,1528.2,20191200,1528.2,20191200,1519.3,20191000
2019-09-24 02:45:00,1528.2,20191200,1528.2,20191200,1520.8,20191000
2019-09-24 03:00:00,1528.7,20191200,1528.7,20191200,1519.7,20191000
2019-09-24 03:15:00,1528.7,20191200,1528.7,20191200,1520.3,20191000
2019-09-24 03:30:00,1528.7,20191200,1528.7,20191200,1520.7,20191000
2019-09-24 03:45:00,1528.7,20191200,1528.7,20191200,1521.0,20191000
2019-09-24 04:00:00,1528.5,20191200,1528.5,20191200,1521.2,20191000
2019-09-24 04:15:00,1528.5,20191200,1528.5,20191200,1521.3,20191000
2019-09-24 04:30:00,1528.5,20191200,1528.5,20191200,1520.8,20191000
2019-09-24 05:15:00,1528.5,20191200,1528.5,20191200,1521.5,20191000
2019-09-24 05:30:00,1528.5,20191200,1528.5,20191200,1520.9,20191000
2019-09-24 05:45:00,1528.5,20191200,1528.5,20191200,1519.9,20191000
2019-09-24 06:15:00,1528.5,20191200,1528.5,20191200,1519.5,20191000
2019-09-24 06:30:00,1528.5,20191200,1528.5,20191200,1521.3,20191000
2019-09-24 06:45:00,1528.5,20191200,1528.5,20191200,1520.7,20191000
2019-09-24 07:00:00,1529.7,20191200,1529.7,20191200,1519.2,20191000
2019-09-24 07:15:00,1529.7,20191200,1529.7,20191200,1521.1,20191000
2019-09-24 07:30:00,1529.7,20191200,1529.7,20191200,1521.1,20191000
2019-09-24 07:45:00,1529.7,20191200,1529.7,20191200,1522.2,20191000
2019-09-24 08:00:00,1530.5,20191200,1530.5,20191200,1521.2,20191000
2019-09-24 08:15:00,1530.5,20191200,1530.5,20191200,1521.6,20191000
2019-09-24 08:30:00,1530.5,20191200,1530.5,20191200,1523.2,20191000
2019-09-24 08:45:00,1530.5,20191200,1530.5,20191200,1523.2,20191000
2019-09-24 09:00:00,1529.3,20191200,1529.3,20191200,1523.0,20191000
2019-09-24 09:15:00,1529.3,20191200,1529.3,20191200,1521.8,20191000
2019-09-24 09:30:00,1529.3,20191200,1529.3,20191200,1521.8,20191000
2019-09-24 09:45:00,1529.3,20191200,1529.3,20191200,1521.2,20191000
2019-09-24 10:00:00,1528.3,20191200,1528.3,20191200,1520.5,20191000
2019-09-24 10:15:00,1528.3,20191200,1528.3,20191200,1520.2,20191000
2019-09-24 10:30:00,1528.3,20191200,1528.3,20191200,1519.5,20191000
2019-09-24 10:45:00,1528.3,20191200,1528.3,20191200,1520.9,20191000
2019-09-24 11:00:00,1528.7,20191200,1528.7,20191200,1521.2,20191000
2019-09-24 11:15:00,1528.7,20191200,1528.7,20191200,1521.5,20191000
2019-09-24 11:30:00,1528.7,20191200,1528.7,20191200,1521.8,20191000
2019-09-24 11:45:00,1528.7,20191200,1528.7,20191200,1521.1,20191000
2019-09-24 12:00:00,1528.1,20191200,1528.1,20191200,1520.1,20191000
2019-09-24 12:15:00,1528.1,20191200,1528.1,20191200,1520.5,20191000
2019-09-24 12:30:00,1528.1,20191200,1528.1,20191200,1520.0,20191000
2019-09-24 12:45:00,1528.1,20191200,1528.1,20191200,1520.4,20191000
2019-09-24 13:00:00,1529.1,20191200,1529.1,20191200,1521.0,20191000
2019-09-24 13:15:00,1529.1,20191200,1529.1,20191200,1520.4,20191000
2019-09-24 13:30:00,1529.1,20191200,1529.1,20191200,1522.0,20191000
2019-09-24 13:45:00,1529.1,20191200,1529.1,20191200,1521.8,20191000
2019-09-24 14:00:00,1524.9,20191200,1524.9,20191200,1518.3,20191000
2019-09-24 14:15:00,1524.9,20191200,1524.9,20191200,1520.0,20191000
2019-09-24 14:30:00,1524.9,20191200,1524.9,20191200,1516.4,20191000
2019-09-24 14:45:00,1524.9,20191200,1524.9,20191200,1517.2,20191000
2019-09-24 15:00:00,1530.0,20191200,1530.0,20191200,1521.5,20191000
2019-09-24 15:15:00,1530.0,20191200,1530.0,20191200,1524.3,20191000
2019-09-24 15:30:00,1530.0,20191200,1530.0,20191200,1522.6,20191000
2019-09-24 15:45:00,1530.0,20191200,1530.0,20191200,1522.4,20191000
2019-09-24 16:00:00,1534.6,20191200,1534.6,20191200,1525.2,20191000
2019-09-24 16:15:00,1534.6,20191200,1534.6,20191200,1525.6,20191000
2019-09-24 16:30:00,1534.6,20191200,1534.6,20191200,1528.6,20191000
2019-09-24 16:45:00,1534.6,20191200,1534.6,20191200,1527.0,20191000
2019-09-24 17:00:00,1541.8,20191200,1541.8,20191200,1527.1,20191000
2019-09-24 17:15:00,1541.8,20191200,1541.8,20191200,1529.7,20191000
2019-09-24 17:30:00,1541.8,20191200,1541.8,20191200,1532.4,20191000
2019-09-24 17:45:00,1541.8,20191200,1541.8,20191200,1534.1,20191000
2019-09-24 18:00:00,1539.0,20191200,1539.0,20191200,1532.9,20191000
2019-09-24 18:15:00,1539.0,20191200,1539.0,20191200,1532.4,20191000
2019-09-24 18:30:00,1539.0,20191200,1539.0,20191200,1531.2,20191000
2019-09-24 18:45:00,1539.0,20191200,1539.0,20191200,1531.0,20191000
2019-09-24 19:00:00,1541.2,20191200,1541.2,20191200,1525.5,20191000
2019-09-24 19:15:00,1541.2,20191200,1541.2,20191200,1526.5,20191000
2019-09-24 19:30:00,1541.2,20191200,1541.2,20191200,1531.5,20191000
2019-09-24 19:45:00,1541.2,20191200,1541.2,20191200,1533.5,20191000
2019-09-24 20:00:00,1540.2,20191200,1540.2,20191200,1532.1,20191000
2019-09-24 20:15:00,1540.2,20191200,1540.2,20191200,1532.7,20191000
2019-09-24 20:30:00,1540.2,20191200,1540.2,20191200,1533.3,20191000
2019-09-24 20:45:00,1540.2,20191200,1540.2,20191200,1532.3,20191000
2019-09-24 21:00:00,1539.2,20191200,1539.2,20191200,1532.2,20191000
2019-09-24 21:15:00,1539.2,20191200,1539.2,20191200,1531.6,20191000
2019-09-24 21:30:00,1539.2,20191200,1539.2,20191200,1531.8,20191000
2019-09-24 21:45:00,1539.2,20191200,1539.2,20191200,1531.3,20191000
2019-09-24 23:00:00,1528.3,20191200,1528.3,20191200,1519.2,20191000
2019-09-24 23:15:00,1528.3,20191200,1528.3,20191200,1531.1,20191000
2019-09-24 23:30:00,1528.3,20191200,1528.3,20191200,1531.0,20191000
2019-09-24 23:45:00,1528.3,20191200,1528.3,20191200,1531.4,20191000
2019-09-25 00:00:00,1539.1,20191200,1539.1,20191200,1531.0,20191000
2019-09-25 00:15:00,1539.1,20191200,1539.1,20191200,1531.2,20191000
2019-09-25 00:30:00,1539.1,20191200,1539.1,20191200,1531.5,20191000
2019-09-25 01:00:00,1541.3,20191200,1541.3,20191200,1533.6,20191000
2019-09-25 01:15:00,1541.3,20191200,1541.3,20191200,1532.6,20191000
2019-09-25 01:30:00,1541.3,20191200,1541.3,20191200,1533.9,20191000
2019-09-25 01:45:00,1541.3,20191200,1541.3,20191200,1534.6,20191000
2019-09-25 02:00:00,1537.2,20191200,1537.2,20191200,1532.1,20191000
2019-09-25 02:15:00,1537.2,20191200,1537.2,20191200,1532.4,20191000
2019-09-25 02:30:00,1537.2,20191200,1537.2,20191200,1530.2,20191000
2019-09-25 02:45:00,1537.2,20191200,1537.2,20191200,1529.8,20191000
2019-09-25 03:00:00,1536.5,20191200,1536.5,20191200,1530.2,20191000
2019-09-25 03:15:00,1536.5,20191200,1536.5,20191200,1530.6,20191000
2019-09-25 03:30:00,1536.5,20191200,1536.5,20191200,1528.5,20191000
2019-09-25 03:45:00,1536.5,20191200,1536.5,20191200,1528.9,20191000
2019-09-25 04:00:00,1537.3,20191200,1537.3,20191200,1529.2,20191000
2019-09-25 04:15:00,1537.3,20191200,1537.3,20191200,1528.7,20191000
2019-09-25 04:30:00,1537.3,20191200,1537.3,20191200,1529.6,20191000
2019-09-25 04:45:00,1537.3,20191200,1537.3,20191200,1529.8,20191000
2019-09-25 05:15:00,1537.3,20191200,1537.3,20191200,1530.1,20191000
2019-09-25 05:30:00,1537.3,20191200,1537.3,20191200,1529.0,20191000
2019-09-25 05:45:00,1537.3,20191200,1537.3,20191200,1528.7,20191000
2019-09-25 06:15:00,1537.3,20191200,1537.3,20191200,1528.5,20191000
2019-09-25 06:30:00,1537.3,20191200,1537.3,20191200,1527.8,20191000
2019-09-25 06:45:00,1537.3,20191200,1537.3,20191200,1528.7,20191000
2019-09-25 07:00:00,1536.5,20191200,1536.5,20191200,1528.1,20191000
2019-09-25 07:15:00,1536.5,20191200,1536.5,20191200,1529.2,20191000
2019-09-25 07:30:00,1536.5,20191200,1536.5,20191200,1529.1,20191000
2019-09-25 07:45:00,1536.5,20191200,1536.5,20191200,1528.9,20191000
2019-09-25 08:00:00,1539.2,20191200,1539.2,20191200,1529.9,20191000
2019-09-25 08:15:00,1539.2,20191200,1539.2,20191200,1529.9,20191000
2019-09-25 08:30:00,1539.2,20191200,1539.2,20191200,1531.6,20191000
2019-09-25 08:45:00,1539.2,20191200,1539.2,20191200,1531.1,20191000
2019-09-25 09:00:00,1539.3,20191200,1539.3,20191200,1530.6,20191000
2019-09-25 09:15:00,1539.3,20191200,1539.3,20191200,1530.5,20191000
2019-09-25 09:30:00,1539.3,20191200,1539.3,20191200,1531.1,20191000
2019-09-25 09:45:00,1539.3,20191200,1539.3,20191200,1532.0,20191000
2019-09-25 10:00:00,1537.8,20191200,1537.8,20191200,1531.2,20191000
2019-09-25 10:15:00,1537.8,20191200,1537.8,20191200,1531.8,20191000
2019-09-25 10:30:00,1537.8,20191200,1537.8,20191200,1530.8,20191000
2019-09-25 10:45:00,1537.8,20191200,1537.8,20191200,1530.5,20191000
2019-09-25 11:00:00,1536.4,20191200,1536.4,20191200,1529.4,20191000
2019-09-25 11:15:00,1536.4,20191200,1536.4,20191200,1529.2,20191000
2019-09-25 11:30:00,1536.4,20191200,1536.4,20191200,1528.3,20191000
2019-09-25 11:45:00,1536.4,20191200,1536.4,20191200,1528.4,20191000
2019-09-25 12:00:00,1535.5,20191200,1535.5,20191200,1529.3,20191000
2019-09-25 12:15:00,1535.5,20191200,1535.5,20191200,1529.8,20191000
2019-09-25 12:30:00,1535.5,20191200,1535.5,20191200,1529.5,20191000
2019-09-25 12:45:00,1535.5,20191200,1535.5,20191200,1527.9,20191000
2019-09-25 13:00:00,1535.2,20191200,1535.2,20191200,1526.9,20191000
2019-09-25 13:15:00,1535.2,20191200,1535.2,20191200,1526.7,20191000
2019-09-25 13:30:00,1535.2,20191200,1535.2,20191200,1526.1,20191000
2019-09-25 13:45:00,1535.2,20191200,1535.2,20191200,1527.8,20191000
2019-09-25 14:00:00,1535.5,20191200,1535.5,20191200,1527.3,20191000
2019-09-25 14:15:00,1535.5,20191200,1535.5,20191200,1527.5,20191000
2019-09-25 14:30:00,1535.5,20191200,1535.5,20191200,1528.6,20191000
2019-09-25 14:45:00,1535.5,20191200,1535.5,20191200,1528.6,20191000
2019-09-25 15:00:00,1525.0,20191200,1525.0,20191200,1526.1,20191000
2019-09-25 15:15:00,1525.0,20191200,1525.0,20191200,1524.6,20191000
2019-09-25 15:30:00,1525.0,20191200,1525.0,20191200,1518.6,20191000
2019-09-25 15:45:00,1525.0,20191200,1525.0,20191200,1518.3,20191000
2019-09-25 16:00:00,1515.5,20191200,1515.5,20191200,1517.8,20191000
2019-09-25 16:15:00,1515.5,20191200,1515.5,20191200,1514.7,20191000
2019-09-25 16:30:00,1515.5,20191200,1515.5,20191200,1513.2,20191000
2019-09-25 16:45:00,1515.5,20191200,1515.5,20191200,1507.8,20191000
2019-09-25 17:00:00,1512.5,20191200,1512.5,20191200,1504.1,20191000
2019-09-25 17:15:00,1512.5,20191200,1512.5,20191200,1504.6,20191000
2019-09-25 17:30:00,1512.5,20191200,1512.5,20191200,1506.2,20191000
2019-09-25 17:45:00,1512.5,20191200,1512.5,20191200,1504.6,20191000
2019-09-25 18:00:00,1512.7,20191200,1512.7,20191200,1504.4,20191000
2019-09-25 18:15:00,1512.7,20191200,1512.7,20191200,1505.4,20191000
2019-09-25 18:30:00,1512.7,20191200,1512.7,20191200,1505.2,20191000
2019-09-25 18:45:00,1512.7,20191200,1512.7,20191200,1505.9,20191000
2019-09-25 19:00:00,1511.4,20191200,1511.4,20191200,1504.4,20191000
2019-09-25 19:15:00,1511.4,20191200,1511.4,20191200,1505.0,20191000
2019-09-25 19:30:00,1511.4,20191200,1511.4,20191200,1502.6,20191000
2019-09-25 19:45:00,1511.4,20191200,1511.4,20191200,1504.2,20191000
2019-09-25 20:00:00,1511.4,20191200,1511.4,20191200,1504.7,20191000
2019-09-25 20:15:00,1511.4,20191200,1511.4,20191200,1504.7,20191000
2019-09-25 20:30:00,1511.4,20191200,1511.4,20191200,1505.4,20191000
2019-09-25 20:45:00,1511.4,20191200,1511.4,20191200,1504.4,20191000
2019-09-25 21:00:00,1511.0,20191200,1511.0,20191200,1504.6,20191000
2019-09-25 21:15:00,1511.0,20191200,1511.0,20191200,1504.3,20191000
2019-09-25 21:30:00,1511.0,20191200,1511.0,20191200,1504.0,20191000
2019-09-25 23:00:00,1536.1,20191200,1536.1,20191200,1528.6,20191000
2019-09-25 23:30:00,1536.1,20191200,1536.1,20191200,1503.2,20191000
2019-09-25 23:45:00,1536.1,20191200,1536.1,20191200,1504.2,20191000
2019-09-26 00:00:00,1513.3,20191200,1513.3,20191200,1504.7,20191000
2019-09-26 00:15:00,1513.3,20191200,1513.3,20191200,1505.7,20191000
2019-09-26 00:30:00,1513.3,20191200,1513.3,20191200,1506.0,20191000
2019-09-26 00:45:00,1513.3,20191200,1513.3,20191200,1505.7,20191000
2019-09-26 01:00:00,1514.3,20191200,1514.3,20191200,1507.7,20191000
2019-09-26 01:15:00,1514.3,20191200,1514.3,20191200,1508.0,20191000
2019-09-26 01:45:00,1514.3,20191200,1514.3,20191200,1506.5,20191000
2019-09-26 02:00:00,1515.2,20191200,1515.2,20191200,1508.6,20191000
2019-09-26 02:15:00,1515.2,20191200,1515.2,20191200,1508.2,20191000
2019-09-26 02:30:00,1515.2,20191200,1515.2,20191200,1508.6,20191000
2019-09-26 02:45:00,1515.2,20191200,1515.2,20191200,1508.0,20191000
2019-09-26 03:00:00,1515.6,20191200,1515.6,20191200,1507.5,20191000
2019-09-26 03:15:00,1515.6,20191200,1515.6,20191200,1508.7,20191000
2019-09-26 03:30:00,1515.6,20191200,1515.6,20191200,1509.1,20191000
2019-09-26 03:45:00,1515.6,20191200,1515.6,20191200,1508.4,20191000
2019-09-26 04:00:00,1515.8,20191200,1515.8,20191200,1508.4,20191000
2019-09-26 04:15:00,1515.8,20191200,1515.8,20191200,1508.5,20191000
2019-09-26 04:30:00,1515.8,20191200,1515.8,20191200,1508.4,20191000
2019-09-26 04:45:00,1515.8,20191200,1515.8,20191200,1508.2,20191000
2019-09-26 05:15:00,1515.8,20191200,1515.8,20191200,1508.4,20191000
2019-09-26 05:30:00,1515.8,20191200,1515.8,20191200,1508.4,20191000
2019-09-26 05:45:00,1515.8,20191200,1515.8,20191200,1509.0,20191000
2019-09-26 06:15:00,1515.8,20191200,1515.8,20191200,1510.3,20191000
2019-09-26 06:30:00,1515.8,20191200,1515.8,20191200,1508.1,20191000
2019-09-26 06:45:00,1515.8,20191200,1515.8,20191200,1508.5,20191000
2019-09-26 07:00:00,1515.7,20191200,1515.7,20191200,1508.3,20191000
2019-09-26 07:15:00,1515.7,20191200,1515.7,20191200,1509.1,20191000
2019-09-26 07:30:00,1515.7,20191200,1515.7,20191200,1507.2,20191000
2019-09-26 07:45:00,1515.7,20191200,1515.7,20191200,1508.4,20191000
2019-09-26 08:00:00,1513.4,20191200,1513.4,20191200,1507.1,20191000
2019-09-26 08:15:00,1513.4,20191200,1513.4,20191200,1506.5,20191000
2019-09-26 08:30:00,1513.4,20191200,1513.4,20191200,1506.3,20191000
2019-09-26 08:45:00,1513.4,20191200,1513.4,20191200,1506.6,20191000
2019-09-26 09:00:00,1515.4,20191200,1515.4,20191200,1508.0,20191000
2019-09-26 09:15:00,1515.4,20191200,1515.4,20191200,1508.1,20191000
2019-09-26 09:30:00,1515.4,20191200,1515.4,20191200,1507.2,20191000
2019-09-26 09:45:00,1515.4,20191200,1515.4,20191200,1507.7,20191000
2019-09-26 10:00:00,1514.7,20191200,1514.7,20191200,1507.6,20191000
2019-09-26 10:15:00,1514.7,20191200,1514.7,20191200,1506.7,20191000
2019-09-26 10:30:00,1514.7,20191200,1514.7,20191200,1506.7,20191000
2019-09-26 10:45:00,1514.7,20191200,1514.7,20191200,1507.3,20191000
2019-09-26 11:00:00,1516.3,20191200,1516.3,20191200,1507.9,20191000
2019-09-26 11:15:00,1516.3,20191200,1516.3,20191200,1508.4,20191000
2019-09-26 11:30:00,1516.3,20191200,1516.3,20191200,1508.7,20191000
2019-09-26 11:45:00,1516.3,20191200,1516.3,20191200,1508.4,20191000
2019-09-26 12:00:00,1512.5,20191200,1512.5,20191200,1507.9,20191000
2019-09-26 12:15:00,1512.5,20191200,1512.5,20191200,1507.3,20191000
2019-09-26 12:30:00,1512.5,20191200,1512.5,20191200,1507.0,20191000
2019-09-26 12:45:00,1512.5,20191200,1512.5,20191200,1505.2,20191000
2019-09-26 13:00:00,1514.1,20191200,1514.1,20191200,1504.0,20191000
2019-09-26 13:15:00,1514.1,20191200,1514.1,20191200,1502.6,20191000
2019-09-26 13:30:00,1514.1,20191200,1514.1,20191200,1507.2,20191000
2019-09-26 13:45:00,1514.1,20191200,1514.1,20191200,1506.0,20191000
2019-09-26 14:00:00,1516.6,20191200,1516.6,20191200,1509.2,20191000
2019-09-26 14:15:00,1516.6,20191200,1516.6,20191200,1507.8,20191000
2019-09-26 14:30:00,1516.6,20191200,1516.6,20191200,1511.9,20191000
2019-09-26 14:45:00,1516.6,20191200,1516.6,20191200,1511.0,20191000
2019-09-26 15:00:00,1515.3,20191200,1515.3,20191200,1508.9,20191000
2019-09-26 15:15:00,1515.3,20191200,1515.3,20191200,1507.6,20191000
2019-09-26 15:30:00,1515.3,20191200,1515.3,20191200,1506.8,20191000
2019-09-26 15:45:00,1515.3,20191200,1515.3,20191200,1508.4,20191000
2019-09-26 16:00:00,1515.4,20191200,1515.4,20191200,1509.2,20191000
2019-09-26 16:15:00,1515.4,20191200,1515.4,20191200,1509.7,20191000
2019-09-26 16:30:00,1515.4,20191200,1515.4,20191200,1509.2,20191000
2019-09-26 16:45:00,1515.4,20191200,1515.4,20191200,1508.0,20191000
2019-09-26 17:00:00,1513.1,20191200,1513.1,20191200,1507.8,20191000
2019-09-26 17:15:00,1513.1,20191200,1513.1,20191200,1508.0,20191000
2019-09-26 17:30:00,1513.1,20191200,1513.1,20191200,1506.5,20191000
2019-09-26 17:45:00,1513.1,20191200,1513.1,20191200,1506.0,20191000
2019-09-26 18:00:00,1513.1,20191200,1513.1,20191200,1505.4,20191000
2019-09-26 18:15:00,1513.1,20191200,1513.1,20191200,1508.0,20191000
2019-09-26 18:30:00,1513.1,20191200,1513.1,20191200,1508.1,20191000
2019-09-26 18:45:00,1513.1,20191200,1513.1,20191200,1506.5,20191000
2019-09-26 19:00:00,1514.9,20191200,1514.9,20191200,1506.5,20191000
2019-09-26 19:15:00,1514.9,20191200,1514.9,20191200,1507.7,20191000
2019-09-26 19:30:00,1514.9,20191200,1514.9,20191200,1509.0,20191000
2019-09-26 19:45:00,1514.9,20191200,1514.9,20191200,1507.0,20191000
2019-09-26 20:00:00,1511.4,20191200,1511.4,20191200,1506.6,20191000
2019-09-26 20:15:00,1511.4,20191200,1511.4,20191200,1504.3,20191000
2019-09-26 20:30:00,1511.4,20191200,1511.4,20191200,1503.1,20191000
2019-09-26 20:45:00,1511.4,20191200,1511.4,20191200,1504.0,20191000
2019-09-26 21:00:00,1511.7,20191200,1511.7,20191200,1504.3,20191000
2019-09-26 21:15:00,1511.7,20191200,1511.7,20191200,1504.4,20191000
2019-09-26 21:30:00,1511.7,20191200,1511.7,20191200,1504.6,20191000
2019-09-26 21:45:00,1511.7,20191200,1511.7,20191200,1503.8,20191000
2019-09-26 23:00:00,1515.2,20191200,1515.2,20191200,1509.6,20191000
2019-09-26 23:15:00,1515.2,20191200,1515.2,20191200,1504.2,20191000
2019-09-26 23:30:00,1515.2,20191200,1515.2,20191200,1504.0,20191000
2019-09-27 00:00:00,1513.8,20191200,1513.8,20191200,1504.0,20191000
2019-09-27 00:45:00,1513.8,20191200,1513.8,20191200,1506.0,20191000
2019-09-27 01:00:00,1512.7,20191200,1512.7,20191200,1506.0,20191000
2019-09-27 01:45:00,1512.7,20191200,1512.7,20191200,1504.9,20191000
2019-09-27 02:00:00,1512.7,20191200,1512.7,20191200,1504.6,20191000
2019-09-27 03:00:00,1512.8,20191200,1512.8,20191200,1504.7,20191000
2019-09-27 04:00:00,1512.8,20200200,1512.8,20200200,1513.7,20191200
2019-09-27 07:00:00,1510.0,20200200,1510.0,20200200,1504.5,20191200
2019-09-27 08:00:00,1512.4,20200200,1512.4,20200200,1505.6,20191200
2019-09-27 09:00:00,1510.1,20200200,1510.1,20200200,1503.4,20191200
2019-09-27 10:00:00,1507.3,20200200,1507.3,20200200,1500.8,20191200
2019-09-27 11:00:00,1506.1,20200200,1506.1,20200200,1499.3,20191200
2019-09-27 12:00:00,1508.2,20200200,1508.2,20200200,1501.5,20191200
2019-09-27 13:00:00,1508.7,20200200,1508.7,20200200,1502.0,20191200
2019-09-27 14:00:00,1504.9,20200200,1504.9,20200200,1498.5,20191200
2019-09-27 15:00:00,1506.4,20200200,1506.4,20200200,1499.8,20191200
2019-09-27 16:00:00,1506.9,20200200,1506.9,20200200,1500.4,20191200
2019-09-27 17:00:00,1515.5,20200200,1515.5,20200200,1508.8,20191200
2019-09-27 18:00:00,1512.4,20200200,1512.4,20200200,1505.3,20191200
2019-09-27 19:00:00,1511.0,20200200,1511.0,20200200,1505.9,20191200
2019-09-27 20:00:00,1509.8,20200200,1509.8,20200200,1502.9,20191200
2019-09-27 21:00:00,1510.7,20200200,1510.7,20200200,1503.3,20191200
2019-09-27 23:00:00,1518.5,20200200,1518.5,20200200,1511.6,20191200
2019-09-29 23:00:00,1511.9,20200200,1511.9,20200200,1504.7,20191200
2019-09-30 00:00:00,1510.4,20200200,1510.4,20200200,1502.8,20191200
2019-09-30 01:00:00,1509.9,20200200,1509.9,20200200,1503.3,20191200
2019-09-30 02:00:00,1507.0,20200200,1507.0,20200200,1500.0,20191200
2019-09-30 03:00:00,1505.0,20200200,1505.0,20200200,1498.5,20191200
2019-09-30 04:00:00,1504.4,20200200,1504.4,20200200,1498.4,20191200
2019-09-30 07:00:00,1503.3,20200200,1503.3,20200200,1497.6,20191200
2019-09-30 08:00:00,1504.0,20200200,1504.0,20200200,1496.7,20191200
2019-09-30 09:00:00,1501.0,20200200,1501.0,20200200,1493.9,20191200
2019-09-30 10:00:00,1500.7,20200200,1500.7,20200200,1494.4,20191200
2019-09-30 11:00:00,1500.4,20200200,1500.4,20200200,1493.8,20191200
2019-09-30 12:00:00,1497.5,20200200,1497.5,20200200,1490.8,20191200
2019-09-30 13:00:00,1497.0,20200200,1497.0,20200200,1490.9,20191200
2019-09-30 14:00:00,1498.9,20200200,1498.9,20200200,1492.3,20191200
2019-09-30 15:00:00,1493.3,20200200,1493.3,20200200,1487.1,20191200
2019-09-30 16:00:00,1481.5,20200200,1481.5,20200200,1474.5,20191200
2019-09-30 17:00:00,1483.8,20200200,1483.8,20200200,1476.6,20191200
2019-09-30 18:00:00,1481.1,20200200,1481.1,20200200,1475.0,20191200
2019-09-30 19:00:00,1485.8,20200200,1485.8,20200200,1479.9,20191200
2019-09-30 20:00:00,1486.4,20200200,1486.4,20200200,1479.6,20191200
2019-09-30 21:00:00,1485.5,20200200,1485.5,20200200,1478.3,20191200
2019-09-30 23:00:00,1507.0,20200200,1507.0,20200200,1500.2,20191200
2019-10-01 00:00:00,1486.1,20200200,1486.1,20200200,1479.7,20191200
2019-10-01 01:00:00,1483.5,20200200,1483.5,20200200,1477.1,20191200
2019-10-01 02:00:00,1481.3,20200200,1481.3,20200200,1475.3,20191200
2019-10-01 03:00:00,1480.2,20200200,1480.2,20200200,1473.1,20191200
2019-10-01 04:00:00,1476.1,20200200,1476.1,20200200,1469.4,20191200
2019-10-01 07:00:00,1475.7,20200200,1475.7,20200200,1468.9,20191200
2019-10-01 08:00:00,1474.2,20200200,1474.2,20200200,1467.4,20191200
2019-10-01 09:00:00,1475.2,20200200,1475.2,20200200,1468.3,20191200
2019-10-01 10:00:00,1479.6,20200200,1479.6,20200200,1473.0,20191200
2019-10-01 11:00:00,1480.7,20200200,1480.7,20200200,1474.1,20191200
2019-10-01 12:00:00,1479.3,20200200,1479.3,20200200,1472.7,20191200
2019-10-01 13:00:00,1476.8,20200200,1476.8,20200200,1470.3,20191200
2019-10-01 14:00:00,1477.9,20200200,1477.9,20200200,1470.3,20191200
2019-10-01 15:00:00,1496.2,20200200,1496.2,20200200,1489.7,20191200
2019-10-01 16:00:00,1497.1,20200200,1497.1,20200200,1490.5,20191200
2019-10-01 17:00:00,1496.2,20200200,1496.2,20200200,1489.4,20191200
2019-10-01 18:00:00,1495.5,20200200,1495.5,20200200,1488.8,20191200
2019-10-01 19:00:00,1492.1,20200200,1492.1,20200200,1485.5,20191200
2019-10-01 20:00:00,1494.2,20200200,1494.2,20200200,1487.2,20191200
2019-10-01 21:00:00,1492.1,20200200,1492.1,20200200,1485.2,20191200
2019-10-01 23:00:00,1475.6,20200200,1475.6,20200200,1468.5,20191200
2019-10-02 00:00:00,1494.6,20200200,1494.6,20200200,1487.6,20191200
2019-10-02 01:00:00,1493.4,20200200,1493.4,20200200,1486.3,20191200
2019-10-02 02:00:00,1491.7,20200200,1491.7,20200200,1484.3,20191200
2019-10-02 03:00:00,1489.8,20200200,1489.8,20200200,1483.5,20191200
2019-10-02 04:00:00,1490.1,20200200,1490.1,20200200,1483.2,20191200
2019-10-02 07:00:00,1489.2,20200200,1489.2,20200200,1482.5,20191200
2019-10-02 08:00:00,1493.8,20200200,1493.8,20200200,1487.3,20191200
2019-10-02 09:00:00,1495.5,20200200,1495.5,20200200,1488.1,20191200
2019-10-02 10:00:00,1496.7,20200200,1496.7,20200200,1489.6,20191200
2019-10-02 11:00:00,1497.0,20200200,1497.0,20200200,1490.6,20191200
2019-10-02 12:00:00,1498.7,20200200,1498.7,20200200,1492.2,20191200
2019-10-02 13:00:00,1504.9,20200200,1504.9,20200200,1498.5,20191200
2019-10-02 14:00:00,1507.1,20200200,1507.1,20200200,1500.6,20191200
2019-10-02 15:00:00,1508.7,20200200,1508.7,20200200,1501.7,20191200
2019-10-02 16:00:00,1511.1,20200200,1511.1,20200200,1504.5,20191200
2019-10-02 17:00:00,1514.7,20200200,1514.7,20200200,1508.2,20191200
2019-10-02 18:00:00,1516.0,20200200,1516.0,20200200,1509.6,20191200
2019-10-02 19:00:00,1512.3,20200200,1512.3,20200200,1505.2,20191200
2019-10-02 20:00:00,1511.7,20200200,1511.7,20200200,1505.1,20191200
2019-10-02 21:00:00,1512.9,20200200,1512.9,20200200,1505.5,20191200
2019-10-02 23:00:00,1491.0,20200200,1491.0,20200200,1484.1,20191200
2019-10-03 00:00:00,1512.1,20200200,1512.1,20200200,1505.9,20191200
2019-10-03 01:00:00,1513.3,20200200,1513.3,20200200,1506.8,20191200
2019-10-03 02:00:00,1513.1,20200200,1513.1,20200200,1507.1,20191200
2019-10-03 03:00:00,1513.0,20200200,1513.0,20200200,1506.9,20191200
2019-10-03 04:00:00,1511.5,20200200,1511.5,20200200,1504.6,20191200
2019-10-03 07:00:00,1509.2,20200200,1509.2,20200200,1502.6,20191200
2019-10-03 08:00:00,1509.4,20200200,1509.4,20200200,1504.5,20191200
2019-10-03 09:00:00,1515.1,20200200,1515.1,20200200,1508.5,20191200
2019-10-03 10:00:00,1513.4,20200200,1513.4,20200200,1506.2,20191200
2019-10-03 11:00:00,1513.8,20200200,1513.8,20200200,1508.1,20191200
2019-10-03 12:00:00,1516.1,20200200,1516.1,20200200,1509.4,20191200
2019-10-03 13:00:00,1513.7,20200200,1513.7,20200200,1506.7,20191200
2019-10-03 14:00:00,1513.8,20200200,1513.8,20200200,1507.1,20191200
2019-10-03 15:00:00,1526.2,20200200,1526.2,20200200,1519.8,20191200
2019-10-03 16:00:00,1522.6,20200200,1522.6,20200200,1516.3,20191200
2019-10-03 17:00:00,1520.7,20200200,1520.7,20200200,1513.9,20191200
2019-10-03 18:00:00,1519.6,20200200,1519.6,20200200,1512.8,20191200
2019-10-03 19:00:00,1520.9,20200200,1520.9,20200200,1513.0,20191200
2019-10-03 20:00:00,1518.2,20200200,1518.2,20200200,1511.5,20191200
2019-10-03 21:00:00,1517.5,20200200,1517.5,20200200,1511.1,20191200
2019-10-03 23:00:00,1510.8,20200200,1510.8,20200200,1504.1,20191200
2019-10-04 00:00:00,1520.6,20200200,1520.6,20200200,1514.2,20191200
2019-10-04 01:00:00,1520.0,20200200,1520.0,20200200,1513.5,20191200
2019-10-04 02:00:00,1520.9,20200200,1520.9,20200200,1514.4,20191200
2019-10-04 03:00:00,1521.5,20200200,1521.5,20200200,1515.8,20191200
2019-10-04 04:00:00,1522.4,20200200,1522.4,20200200,1515.7,20191200
2019-10-04 07:00:00,1520.7,20200200,1520.7,20200200,1513.7,20191200
2019-10-04 08:00:00,1521.0,20200200,1521.0,20200200,1514.3,20191200
2019-10-04 09:00:00,1521.0,20200200,1521.0,20200200,1514.7,20191200
2019-10-04 10:00:00,1521.0,20200200,1521.0,20200200,1515.2,20191200
2019-10-04 11:00:00,1522.2,20200200,1522.2,20200200,1515.3,20191200
2019-10-04 12:00:00,1521.0,20200200,1521.0,20200200,1514.0,20191200
2019-10-04 13:00:00,1508.8,20200200,1508.8,20200200,1502.2,20191200
2019-10-04 14:00:00,1511.3,20200200,1511.3,20200200,1504.5,20191200
2019-10-04 15:00:00,1518.8,20200200,1518.8,20200200,1512.6,20191200
2019-10-04 16:00:00,1515.4,20200200,1515.4,20200200,1509.4,20191200
2019-10-04 17:00:00,1520.9,20200200,1520.9,20200200,1514.1,20191200
2019-10-04 18:00:00,1517.5,20200200,1517.5,20200200,1510.2,20191200
2019-10-04 19:00:00,1519.2,20200200,1519.2,20200200,1512.7,20191200
2019-10-04 20:00:00,1518.0,20200200,1518.0,20200200,1511.3,20191200
2019-10-04 21:00:00,1517.1,20200200,1517.1,20200200,1510.3,20191200
2019-10-04 23:00:00,1519.0,20200200,1519.0,20200200,1512.7,20191200
2019-10-06 23:00:00,1519.3,20200200,1519.3,20200200,1511.7,20191200
2019-10-07 00:00:00,1519.9,20200200,1519.9,20200200,1513.8,20191200
2019-10-07 01:00:00,1520.6,20200200,1520.6,20200200,1514.1,20191200
2019-10-07 02:00:00,1520.8,20200200,1520.8,20200200,1513.4,20191200
2019-10-07 03:00:00,1519.4,20200200,1519.4,20200200,1513.4,20191200
2019-10-07 04:00:00,1519.4,20200200,1519.4,20200200,1512.3,20191200
2019-10-07 07:00:00,1518.1,20200200,1518.1,20200200,1511.7,20191200
2019-10-07 08:00:00,1516.0,20200200,1516.0,20200200,1508.5,20191200
2019-10-07 09:00:00,1514.5,20200200,1514.5,20200200,1507.1,20191200
2019-10-07 10:00:00,1515.1,20200200,1515.1,20200200,1508.5,20191200
2019-10-07 11:00:00,1512.4,20200200,1512.4,20200200,1505.2,20191200
2019-10-07 12:00:00,1511.1,20200200,1511.1,20200200,1504.3,20191200
2019-10-07 13:00:00,1511.0,20200200,1511.0,20200200,1503.9,20191200
2019-10-07 14:00:00,1514.0,20200200,1514.0,20200200,1507.2,20191200
2019-10-07 15:00:00,1515.2,20200200,1515.2,20200200,1508.4,20191200
2019-10-07 16:00:00,1510.9,20200200,1510.9,20200200,1504.2,20191200
2019-10-07 17:00:00,1511.6,20200200,1511.6,20200200,1505.1,20191200
2019-10-07 18:00:00,1503.7,20200200,1503.7,20200200,1497.0,20191200
2019-10-07 19:00:00,1504.8,20200200,1504.8,20200200,1498.2,20191200
2019-10-07 20:00:00,1504.0,20200200,1504.0,20200200,1498.3,20191200
2019-10-07 21:00:00,1505.5,20200200,1505.5,20200200,1498.8,20191200
2019-10-07 23:00:00,1517.6,20200200,1517.6,20200200,1510.9,20191200
2019-10-08 00:00:00,1504.6,20200200,1504.6,20200200,1497.4,20191200
2019-10-08 01:00:00,1501.3,20200200,1501.3,20200200,1494.6,20191200
2019-10-08 02:00:00,1504.6,20200200,1504.6,20200200,1497.0,20191200
2019-10-08 03:00:00,1503.6,20200200,1503.6,20200200,1497.0,20191200
2019-10-08 04:00:00,1503.2,20200200,1503.2,20200200,1496.6,20191200
2019-10-08 07:00:00,1503.4,20200200,1503.4,20200200,1496.3,20191200
2019-10-08 08:00:00,1509.2,20200200,1509.2,20200200,1502.2,20191200
2019-10-08 09:00:00,1511.3,20200200,1511.3,20200200,1503.9,20191200
2019-10-08 10:00:00,1513.1,20200200,1513.1,20200200,1506.6,20191200
2019-10-08 11:00:00,1514.5,20200200,1514.5,20200200,1507.8,20191200
2019-10-08 12:00:00,1517.5,20200200,1517.5,20200200,1511.5,20191200
2019-10-08 13:00:00,1516.0,20200200,1516.0,20200200,1509.1,20191200
2019-10-08 14:00:00,1518.3,20200200,1518.3,20200200,1511.7,20191200
2019-10-08 15:00:00,1514.5,20200200,1514.5,20200200,1507.6,20191200
2019-10-08 16:00:00,1514.1,20200200,1514.1,20200200,1507.3,20191200
2019-10-08 17:00:00,1512.5,20200200,1512.5,20200200,1505.6,20191200
2019-10-08 18:00:00,1513.0,20200200,1513.0,20200200,1506.5,20191200
2019-10-08 19:00:00,1518.6,20200200,1518.6,20200200,1510.7,20191200
2019-10-08 20:00:00,1518.5,20200200,1518.5,20200200,1511.5,20191200
2019-10-08 21:00:00,1517.5,20200200,1517.5,20200200,1510.9,20191200
2019-10-08 23:00:00,1502.3,20200200,1502.3,20200200,1496.1,20191200
2019-10-09 00:00:00,1520.6,20200200,1520.6,20200200,1514.2,20191200
2019-10-09 01:00:00,1517.7,20200200,1517.7,20200200,1510.9,20191200
2019-10-09 02:00:00,1517.6,20200200,1517.6,20200200,1510.7,20191200
2019-10-09 03:00:00,1517.6,20200200,1517.6,20200200,1510.6,20191200
2019-10-09 04:00:00,1517.6,20200200,1517.6,20200200,1511.0,20191200
2019-10-09 07:00:00,1520.0,20200200,1520.0,20200200,1513.7,20191200
2019-10-09 08:00:00,1519.8,20200200,1519.8,20200200,1513.9,20191200
2019-10-09 09:00:00,1517.5,20200200,1517.5,20200200,1510.6,20191200
2019-10-09 10:00:00,1513.5,20200200,1513.5,20200200,1506.6,20191200
2019-10-09 11:00:00,1514.5,20200200,1514.5,20200200,1507.5,20191200
2019-10-09 12:00:00,1513.7,20200200,1513.7,20200200,1507.2,20191200
2019-10-09 13:00:00,1517.0,20200200,1517.0,20200200,1510.1,20191200
2019-10-09 14:00:00,1519.7,20200200,1519.7,20200200,1513.2,20191200
2019-10-09 15:00:00,1520.0,20200200,1520.0,20200200,1513.1,20191200
2019-10-09 16:00:00,1519.9,20200200,1519.9,20200200,1513.0,20191200
2019-10-09 17:00:00,1516.9,20200200,1516.9,20200200,1510.0,20191200
2019-10-09 18:00:00,1518.8,20200200,1518.8,20200200,1512.4,20191200
2019-10-09 19:00:00,1520.3,20200200,1520.3,20200200,1512.8,20191200
2019-10-09 20:00:00,1518.7,20200200,1518.7,20200200,1512.5,20191200
2019-10-09 21:00:00,1517.4,20200200,1517.4,20200200,1510.8,20191200
2019-10-09 23:00:00,1519.3,20200200,1519.3,20200200,1512.4,20191200
2019-10-10 00:00:00,1523.9,20200200,1523.9,20200200,1516.7,20191200
2019-10-10 01:00:00,1523.6,20200200,1523.6,20200200,1516.8,20191200
2019-10-10 02:00:00,1520.5,20200200,1520.5,20200200,1514.0,20191200
2019-10-10 03:00:00,1520.9,20200200,1520.9,20200200,1514.4,20191200
2019-10-10 04:00:00,1520.7,20200200,1520.7,20200200,1514.0,20191200
2019-10-10 07:00:00,1518.6,20200200,1518.6,20200200,1511.8,20191200
2019-10-10 08:00:00,1521.8,20200200,1521.8,20200200,1513.7,20191200
2019-10-10 09:00:00,1520.5,20200200,1520.5,20200200,1513.7,20191200
2019-10-10 10:00:00,1519.9,20200200,1519.9,20200200,1513.4,20191200
2019-10-10 11:00:00,1518.0,20200200,1518.0,20200200,1511.4,20191200
2019-10-10 12:00:00,1520.3,20200200,1520.3,20200200,1513.3,20191200
2019-10-10 13:00:00,1514.6,20200200,1514.6,20200200,1507.5,20191200
2019-10-10 14:00:00,1506.8,20200200,1506.8,20200200,1499.4,20191200
2019-10-10 15:00:00,1505.3,20200200,1505.3,20200200,1498.0,20191200
2019-10-10 16:00:00,1505.8,20200200,1505.8,20200200,1499.2,20191200
2019-10-10 17:00:00,1506.7,20200200,1506.7,20200200,1500.0,20191200
2019-10-10 18:00:00,1508.6,20200200,1508.6,20200200,1501.8,20191200
2019-10-10 19:00:00,1507.0,20200200,1507.0,20200200,1499.5,20191200
2019-10-10 20:00:00,1505.6,20200200,1505.6,20200200,1498.7,20191200
2019-10-10 21:00:00,1505.3,20200200,1505.3,20200200,1498.7,20191200
2019-10-10 23:00:00,1518.6,20200200,1518.6,20200200,1511.6,20191200
2019-10-11 00:00:00,1505.5,20200200,1505.5,20200200,1498.7,20191200
2019-10-11 01:00:00,1502.4,20200200,1502.4,20200200,1495.7,20191200
2019-10-11 02:00:00,1507.1,20200200,1507.1,20200200,1500.3,20191200
2019-10-11 03:00:00,1507.3,20200200,1507.3,20200200,1501.1,20191200
2019-10-11 04:00:00,1506.5,20200200,1506.5,20200200,1499.9,20191200
2019-10-11 07:00:00,1510.5,20200200,1510.5,20200200,1503.5,20191200
2019-10-11 08:00:00,1513.4,20200200,1513.4,20200200,1507.1,20191200
2019-10-11 09:00:00,1510.0,20200200,1510.0,20200200,1503.6,20191200
2019-10-11 10:00:00,1506.0,20200200,1506.0,20200200,1499.6,20191200
2019-10-11 11:00:00,1506.2,20200200,1506.2,20200200,1499.1,20191200
2019-10-11 12:00:00,1494.1,20200200,1494.1,20200200,1487.1,20191200
2019-10-11 13:00:00,1494.7,20200200,1494.7,20200200,1488.4,20191200
2019-10-11 14:00:00,1494.0,20200200,1494.0,20200200,1487.2,20191200
2019-10-11 15:00:00,1489.2,20200200,1489.2,20200200,1482.4,20191200
2019-10-11 16:00:00,1492.8,20200200,1492.8,20200200,1485.8,20191200
2019-10-11 17:00:00,1496.1,20200200,1496.1,20200200,1489.2,20191200
2019-10-11 18:00:00,1495.4,20200200,1495.4,20200200,1489.4,20191200
2019-10-11 19:00:00,1495.8,20200200,1495.8,20200200,1488.5,20191200
2019-10-11 20:00:00,1497.0,20200200,1497.0,20200200,1490.2,20191200
2019-10-11 21:00:00,1499.1,20200200,1499.1,20200200,1493.5,20191200
2019-10-11 23:00:00,1507.5,20200200,1507.5,20200200,1500.6,20191200
2019-10-13 23:00:00,1495.1,20200200,1495.1,20200200,1488.5,20191200
2019-10-14 00:00:00,1495.9,20200200,1495.9,20200200,1489.0,20191200
2019-10-14 01:00:00,1496.2,20200200,1496.2,20200200,1490.0,20191200
2019-10-14 02:00:00,1497.4,20200200,1497.4,20200200,1490.4,20191200
2019-10-14 03:00:00,1497.0,20200200,1497.0,20200200,1491.2,20191200
2019-10-14 04:00:00,1497.3,20200200,1497.3,20200200,1490.6,20191200
2019-10-14 07:00:00,1499.0,20200200,1499.0,20200200,1491.8,20191200
2019-10-14 08:00:00,1501.0,20200200,1501.0,20200200,1494.3,20191200
2019-10-14 09:00:00,1500.9,20200200,1500.9,20200200,1494.3,20191200
2019-10-14 10:00:00,1504.8,20200200,1504.8,20200200,1498.7,20191200
2019-10-14 11:00:00,1505.6,20200200,1505.6,20200200,1499.0,20191200
2019-10-14 12:00:00,1505.2,20200200,1505.2,20200200,1498.5,20191200
2019-10-14 13:00:00,1502.4,20200200,1502.4,20200200,1496.0,20191200
2019-10-14 14:00:00,1502.5,20200200,1502.5,20200200,1495.7,20191200
2019-10-14 15:00:00,1501.8,20200200,1501.8,20200200,1495.5,20191200
2019-10-14 16:00:00,1503.3,20200200,1503.3,20200200,1496.7,20191200
2019-10-14 17:00:00,1503.9,20200200,1503.9,20200200,1497.5,20191200
2019-10-14 18:00:00,1504.6,20200200,1504.6,20200200,1497.2,20191200
2019-10-14 19:00:00,1502.6,20200200,1502.6,20200200,1495.6,20191200
2019-10-14 20:00:00,1503.0,20200200,1503.0,20200200,1496.1,20191200
2019-10-14 21:00:00,1503.6,20200200,1503.6,20200200,1497.2,20191200
2019-10-14 23:00:00,1498.5,20200200,1498.5,20200200,1491.9,20191200
2019-10-15 00:00:00,1501.9,20200200,1501.9,20200200,1495.2,20191200
2019-10-15 01:00:00,1504.0,20200200,1504.0,20200200,1497.0,20191200
2019-10-15 02:00:00,1505.8,20200200,1505.8,20200200,1499.1,20191200
2019-10-15 03:00:00,1505.5,20200200,1505.5,20200200,1498.6,20191200
2019-10-15 04:00:00,1505.3,20200200,1505.3,20200200,1498.5,20191200
2019-10-15 07:00:00,1501.3,20200200,1501.3,20200200,1494.3,20191200
2019-10-15 08:00:00,1502.5,20200200,1502.5,20200200,1496.7,20191200
2019-10-15 09:00:00,1505.5,20200200,1505.5,20200200,1498.6,20191200
2019-10-15 10:00:00,1505.5,20200200,1505.5,20200200,1498.2,20191200
2019-10-15 11:00:00,1506.1,20200200,1506.1,20200200,1499.3,20191200
2019-10-15 12:00:00,1504.0,20200200,1504.0,20200200,1497.5,20191200
2019-10-15 13:00:00,1501.7,20200200,1501.7,20200200,1495.0,20191200
2019-10-15 14:00:00,1498.1,20200200,1498.1,20200200,1491.5,20191200
2019-10-15 15:00:00,1490.6,20200200,1490.6,20200200,1483.0,20191200
2019-10-15 16:00:00,1492.0,20200200,1492.0,20200200,1485.2,20191200
2019-10-15 17:00:00,1490.8,20200200,1490.8,20200200,1484.5,20191200
2019-10-15 18:00:00,1490.8,20200200,1490.8,20200200,1484.2,20191200
2019-10-15 19:00:00,1492.0,20200200,1492.0,20200200,1485.4,20191200
2019-10-15 20:00:00,1491.7,20200200,1491.7,20200200,1485.0,20191200
2019-10-15 21:00:00,1491.4,20200200,1491.4,20200200,1484.7,20191200
2019-10-15 23:00:00,1502.3,20200200,1502.3,20200200,1495.4,20191200
2019-10-16 00:00:00,1492.2,20200200,1492.2,20200200,1485.7,20191200
2019-10-16 01:00:00,1494.2,20200200,1494.2,20200200,1487.2,20191200
2019-10-16 02:00:00,1492.8,20200200,1492.8,20200200,1486.7,20191200
2019-10-16 03:00:00,1492.5,20200200,1492.5,20200200,1486.6,20191200
2019-10-16 04:00:00,1493.9,20200200,1493.9,20200200,1487.0,20191200
2019-10-16 07:00:00,1491.4,20200200,1491.4,20200200,1484.5,20191200
2019-10-16 08:00:00,1494.8,20200200,1494.8,20200200,1487.2,20191200
2019-10-16 09:00:00,1494.8,20200200,1494.8,20200200,1487.3,20191200
2019-10-16 10:00:00,1493.0,20200200,1493.0,20200200,1485.7,20191200
2019-10-16 11:00:00,1492.5,20200200,1492.5,20200200,1485.2,20191200
2019-10-16 12:00:00,1491.9,20200200,1491.9,20200200,1485.5,20191200
2019-10-16 13:00:00,1501.2,20200200,1501.2,20200200,1494.6,20191200
2019-10-16 14:00:00,1497.4,20200200,1497.4,20200200,1490.6,20191200
2019-10-16 15:00:00,1495.6,20200200,1495.6,20200200,1489.1,20191200
2019-10-16 16:00:00,1496.5,20200200,1496.5,20200200,1491.9,20191200
2019-10-16 17:00:00,1499.4,20200200,1499.4,20200200,1492.7,20191200
2019-10-16 18:00:00,1499.8,20200200,1499.8,20200200,1493.1,20191200
2019-10-16 19:00:00,1500.1,20200200,1500.1,20200200,1493.3,20191200
2019-10-16 20:00:00,1500.0,20200200,1500.0,20200200,1493.4,20191200
2019-10-16 21:00:00,1500.6,20200200,1500.6,20200200,1494.0,20191200
2019-10-16 23:00:00,1494.0,20200200,1494.0,20200200,1487.3,20191200
2019-10-17 00:00:00,1500.8,20200200,1500.8,20200200,1493.7,20191200
2019-10-17 01:00:00,1502.6,20200200,1502.6,20200200,1495.4,20191200
2019-10-17 02:00:00,1498.7,20200200,1498.7,20200200,1492.0,20191200
2019-10-17 03:00:00,1498.7,20200200,1498.7,20200200,1492.0,20191200
2019-10-17 04:00:00,1498.4,20200200,1498.4,20200200,1492.1,20191200
2019-10-17 07:00:00,1500.7,20200200,1500.7,20200200,1494.7,20191200
2019-10-17 08:00:00,1498.6,20200200,1498.6,20200200,1491.4,20191200
2019-10-17 09:00:00,1499.0,20200200,1499.0,20200200,1492.2,20191200
2019-10-17 10:00:00,1495.9,20200200,1495.9,20200200,1489.5,20191200
2019-10-17 11:00:00,1496.4,20200200,1496.4,20200200,1490.4,20191200
2019-10-17 12:00:00,1498.2,20200200,1498.2,20200200,1492.0,20191200
2019-10-17 13:00:00,1500.6,20200200,1500.6,20200200,1493.8,20191200
2019-10-17 14:00:00,1504.5,20200200,1504.5,20200200,1497.0,20191200
2019-10-17 15:00:00,1503.2,20200200,1503.2,20200200,1495.0,20191200
2019-10-17 16:00:00,1506.7,20200200,1506.7,20200200,1500.1,20191200
2019-10-17 17:00:00,1505.3,20200200,1505.3,20200200,1498.4,20191200
2019-10-17 18:00:00,1506.0,20200200,1506.0,20200200,1499.0,20191200
2019-10-17 19:00:00,1502.9,20200200,1502.9,20200200,1495.9,20191200
2019-10-17 20:00:00,1502.3,20200200,1502.3,20200200,1495.4,20191200
2019-10-17 21:00:00,1502.2,20200200,1502.2,20200200,1495.4,20191200
2019-10-17 23:00:00,1500.9,20200200,1500.9,20200200,1493.9,20191200
2019-10-18 00:00:00,1503.1,20200200,1503.1,20200200,1496.4,20191200
2019-10-18 01:00:00,1502.1,20200200,1502.1,20200200,1495.9,20191200
2019-10-18 02:00:00,1501.9,20200200,1501.9,20200200,1495.5,20191200
2019-10-18 03:00:00,1501.5,20200200,1501.5,20200200,1495.7,20191200
2019-10-18 04:00:00,1503.1,20200200,1503.1,20200200,1496.0,20191200
2019-10-18 07:00:00,1500.1,20200200,1500.1,20200200,1493.8,20191200
2019-10-18 08:00:00,1498.4,20200200,1498.4,20200200,1491.5,20191200
2019-10-18 09:00:00,1497.8,20200200,1497.8,20200200,1490.9,20191200
2019-10-18 10:00:00,1498.8,20200200,1498.8,20200200,1492.0,20191200
2019-10-18 11:00:00,1496.3,20200200,1496.3,20200200,1489.9,20191200
2019-10-18 12:00:00,1499.0,20200200,1499.0,20200200,1492.4,20191200
2019-10-18 13:00:00,1501.0,20200200,1501.0,20200200,1494.2,20191200
2019-10-18 14:00:00,1501.2,20200200,1501.2,20200200,1494.1,20191200
2019-10-18 15:00:00,1501.4,20200200,1501.4,20200200,1494.6,20191200
2019-10-18 16:00:00,1501.9,20200200,1501.9,20200200,1494.7,20191200
2019-10-18 17:00:00,1502.3,20200200,1502.3,20200200,1495.5,20191200
2019-10-18 18:00:00,1501.5,20200200,1501.5,20200200,1494.2,20191200
2019-10-18 19:00:00,1502.0,20200200,1502.0,20200200,1494.7,20191200
2019-10-18 20:00:00,1501.3,20200200,1501.3,20200200,1494.2,20191200
2019-10-18 21:00:00,1500.1,20200200,1500.1,20200200,1493.4,20191200
2019-10-18 23:00:00,1503.0,20200200,1503.0,20200200,1495.9,20191200
2019-10-20 23:00:00,1501.2,20200200,1501.2,20200200,1494.9,20191200
2019-10-21 00:00:00,1501.3,20200200,1501.3,20200200,1495.2,20191200
2019-10-21 01:00:00,1501.0,20200200,1501.0,20200200,1494.1,20191200
2019-10-21 02:00:00,1500.4,20200200,1500.4,20200200,1493.1,20191200
2019-10-21 03:00:00,1500.4,20200200,1500.4,20200200,1493.7,20191200
2019-10-21 04:00:00,1500.3,20200200,1500.3,20200200,1493.8,20191200
2019-10-21 07:00:00,1502.3,20200200,1502.3,20200200,1495.3,20191200
2019-10-21 08:00:00,1498.8,20200200,1498.8,20200200,1491.8,20191200
2019-10-21 09:00:00,1499.3,20200200,1499.3,20200200,1492.9,20191200
2019-10-21 10:00:00,1501.0,20200200,1501.0,20200200,1495.0,20191200
2019-10-21 11:00:00,1501.2,20200200,1501.2,20200200,1494.8,20191200
2019-10-21 12:00:00,1500.6,20200200,1500.6,20200200,1493.4,20191200
2019-10-21 13:00:00,1502.2,20200200,1502.2,20200200,1495.5,20191200
2019-10-21 14:00:00,1501.6,20200200,1501.6,20200200,1495.2,20191200
2019-10-21 15:00:00,1498.7,20200200,1498.7,20200200,1491.7,20191200
2019-10-21 16:00:00,1494.6,20200200,1494.6,20200200,1488.2,20191200
2019-10-21 17:00:00,1494.8,20200200,1494.8,20200200,1487.7,20191200
2019-10-21 18:00:00,1495.9,20200200,1495.9,20200200,1489.1,20191200
2019-10-21 19:00:00,1493.9,20200200,1493.9,20200200,1486.9,20191200
2019-10-21 20:00:00,1493.0,20200200,1493.0,20200200,1486.8,20191200
2019-10-21 21:00:00,1494.2,20200200,1494.2,20200200,1487.7,20191200
2019-10-21 23:00:00,1502.2,20200200,1502.2,20200200,1495.7,20191200
2019-10-22 00:00:00,1494.3,20200200,1494.3,20200200,1487.3,20191200
2019-10-22 01:00:00,1492.9,20200200,1492.9,20200200,1486.2,20191200
2019-10-22 02:00:00,1494.2,20200200,1494.2,20200200,1487.1,20191200
2019-10-22 03:00:00,1494.1,20200200,1494.1,20200200,1487.1,20191200
2019-10-22 04:00:00,1494.2,20200200,1494.2,20200200,1487.2,20191200
2019-10-22 07:00:00,1494.5,20200200,1494.5,20200200,1488.7,20191200
2019-10-22 08:00:00,1497.2,20200200,1497.2,20200200,1490.3,20191200
2019-10-22 09:00:00,1498.6,20200200,1498.6,20200200,1491.3,20191200
2019-10-22 10:00:00,1497.7,20200200,1497.7,20200200,1490.8,20191200
2019-10-22 11:00:00,1497.6,20200200,1497.6,20200200,1490.7,20191200
2019-10-22 12:00:00,1497.1,20200200,1497.1,20200200,1490.3,20191200
2019-10-22 13:00:00,1496.7,20200200,1496.7,20200200,1489.9,20191200
2019-10-22 14:00:00,1497.1,20200200,1497.1,20200200,1489.9,20191200
2019-10-22 15:00:00,1494.3,20200200,1494.3,20200200,1487.1,20191200
2019-10-22 16:00:00,1494.1,20200200,1494.1,20200200,1487.2,20191200
2019-10-22 17:00:00,1493.0,20200200,1493.0,20200200,1487.1,20191200
2019-10-22 18:00:00,1495.4,20200200,1495.4,20200200,1488.1,20191200
2019-10-22 19:00:00,1497.4,20200200,1497.4,20200200,1490.7,20191200
2019-10-22 20:00:00,1498.0,20200200,1498.0,20200200,1490.6,20191200
2019-10-22 21:00:00,1497.7,20200200,1497.7,20200200,1490.6,20191200
2019-10-22 23:00:00,1494.7,20200200,1494.7,20200200,1488.1,20191200
2019-10-23 00:00:00,1498.8,20200200,1498.8,20200200,1491.8,20191200
2019-10-23 01:00:00,1498.9,20200200,1498.9,20200200,1491.8,20191200
2019-10-23 02:00:00,1499.2,20200200,1499.2,20200200,1492.2,20191200
2019-10-23 03:00:00,1498.4,20200200,1498.4,20200200,1492.6,20191200
2019-10-23 04:00:00,1499.1,20200200,1499.1,20200200,1492.3,20191200
2019-10-23 07:00:00,1501.5,20200200,1501.5,20200200,1494.5,20191200
2019-10-23 08:00:00,1502.7,20200200,1502.7,20200200,1495.8,20191200
2019-10-23 09:00:00,1504.8,20200200,1504.8,20200200,1497.7,20191200
2019-10-23 10:00:00,1503.3,20200200,1503.3,20200200,1496.3,20191200
2019-10-23 11:00:00,1501.7,20200200,1501.7,20200200,1494.1,20191200
2019-10-23 12:00:00,1501.9,20200200,1501.9,20200200,1495.2,20191200
2019-10-23 13:00:00,1503.1,20200200,1503.1,20200200,1495.9,20191200
2019-10-23 14:00:00,1505.6,20200200,1505.6,20200200,1498.4,20191200
2019-10-23 15:00:00,1503.2,20200200,1503.2,20200200,1496.5,20191200
2019-10-23 16:00:00,1503.5,20200200,1503.5,20200200,1496.4,20191200
2019-10-23 17:00:00,1502.2,20200200,1502.2,20200200,1495.2,20191200
2019-10-23 18:00:00,1501.3,20200200,1501.3,20200200,1494.8,20191200
2019-10-23 19:00:00,1502.6,20200200,1502.6,20200200,1495.6,20191200
2019-10-23 20:00:00,1501.3,20200200,1501.3,20200200,1494.7,20191200
2019-10-23 21:00:00,1501.6,20200200,1501.6,20200200,1495.1,20191200
2019-10-23 23:00:00,1499.5,20200200,1499.5,20200200,1492.4,20191200
2019-10-24 00:00:00,1501.9,20200200,1501.9,20200200,1494.9,20191200
2019-10-24 01:00:00,1500.9,20200200,1500.9,20200200,1494.3,20191200
2019-10-24 02:00:00,1502.5,20200200,1502.5,20200200,1496.0,20191200
2019-10-24 03:00:00,1502.3,20200200,1502.3,20200200,1495.4,20191200
2019-10-24 04:00:00,1502.5,20200200,1502.5,20200200,1495.1,20191200
2019-10-24 07:00:00,1501.8,20200200,1501.8,20200200,1494.6,20191200
2019-10-24 08:00:00,1498.9,20200200,1498.9,20200200,1492.3,20191200
2019-10-24 09:00:00,1499.4,20200200,1499.4,20200200,1492.4,20191200
2019-10-24 10:00:00,1498.0,20200200,1498.0,20200200,1491.2,20191200
2019-10-24 11:00:00,1499.9,20200200,1499.9,20200200,1492.7,20191200
2019-10-24 12:00:00,1500.5,20200200,1500.5,20200200,1493.4,20191200
2019-10-24 13:00:00,1502.4,20200200,1502.4,20200200,1495.3,20191200
2019-10-24 14:00:00,1508.8,20200200,1508.8,20200200,1501.8,20191200
2019-10-24 15:00:00,1512.4,20200200,1512.4,20200200,1505.4,20191200
2019-10-24 16:00:00,1509.2,20200200,1509.2,20200200,1502.5,20191200
2019-10-24 17:00:00,1510.2,20200200,1510.2,20200200,1503.8,20191200
2019-10-24 18:00:00,1511.5,20200200,1511.5,20200200,1504.7,20191200
2019-10-24 19:00:00,1512.5,20200200,1512.5,20200200,1506.0,20191200
2019-10-24 20:00:00,1511.7,20200200,1511.7,20200200,1504.7,20191200
2019-10-24 21:00:00,1513.7,20200200,1513.7,20200200,1506.7,20191200
2019-10-24 23:00:00,1502.4,20200200,1502.4,20200200,1495.6,20191200
2019-10-25 00:00:00,1512.3,20200200,1512.3,20200200,1505.4,20191200
2019-10-25 01:00:00,1511.0,20200200,1511.0,20200200,1504.1,20191200
2019-10-25 02:00:00,1511.8,20200200,1511.8,20200200,1504.9,20191200
2019-10-25 03:00:00,1511.7,20200200,1511.7,20200200,1505.0,20191200
2019-10-25 04:00:00,1512.4,20200200,1512.4,20200200,1505.3,20191200
2019-10-25 07:00:00,1514.6,20200200,1514.6,20200200,1507.6,20191200
2019-10-25 08:00:00,1516.3,20200200,1516.3,20200200,1509.6,20191200
2019-10-25 09:00:00,1515.8,20200200,1515.8,20200200,1508.8,20191200
2019-10-25 10:00:00,1514.0,20200200,1514.0,20200200,1507.4,20191200
2019-10-25 11:00:00,1515.1,20200200,1515.1,20200200,1508.5,20191200
2019-10-25 12:00:00,1518.8,20200200,1518.8,20200200,1511.8,20191200
2019-10-25 13:00:00,1523.2,20200200,1523.2,20200200,1516.4,20191200
2019-10-25 14:00:00,1523.9,20200200,1523.9,20200200,1517.2,20191200
2019-10-25 15:00:00,1521.3,20200200,1521.3,20200200,1514.5,20191200
2019-10-25 16:00:00,1513.5,20200200,1513.5,20200200,1506.6,20191200
2019-10-25 17:00:00,1512.5,20200200,1512.5,20200200,1505.2,20191200
2019-10-25 18:00:00,1513.6,20200200,1513.6,20200200,1506.3,20191200
2019-10-25 19:00:00,1514.3,20200200,1514.3,20200200,1507.7,20191200
2019-10-25 20:00:00,1515.2,20200200,1515.2,20200200,1508.2,20191200
2019-10-25 21:00:00,1514.1,20200200,1514.1,20200200,1507.1,20191200
2019-10-25 23:00:00,1513.3,20200200,1513.3,20200200,1506.8,20191200
2019-10-27 23:00:00,1512.8,20200200,1512.8,20200200,1505.8,20191200
2019-10-28 00:00:00,1513.6,20200200,1513.6,20200200,1506.6,20191200
2019-10-28 01:00:00,1514.3,20200200,1514.3,20200200,1507.4,20191200
2019-10-28 02:00:00,1515.7,20200200,1515.7,20200200,1508.4,20191200
2019-10-28 03:00:00,1514.2,20200200,1514.2,20200200,1507.7,20191200
2019-10-28 04:00:00,1514.2,20200200,1514.2,20200200,1506.6,20191200
2019-10-28 07:00:00,1516.1,20200200,1516.1,20200200,1509.3,20191200
2019-10-28 08:00:00,1515.4,20200200,1515.4,20200200,1508.0,20191200
2019-10-28 09:00:00,1515.4,20200200,1515.4,20200200,1509.1,20191200
2019-10-28 10:00:00,1515.3,20200200,1515.3,20200200,1508.5,20191200
2019-10-28 11:00:00,1514.0,20200200,1514.0,20200200,1507.0,20191200
2019-10-28 12:00:00,1512.3,20200200,1512.3,20200200,1505.8,20191200
2019-10-28 13:00:00,1507.3,20200200,1507.3,20200200,1500.4,20191200
2019-10-28 14:00:00,1501.8,20200200,1501.8,20200200,1494.7,20191200
2019-10-28 15:00:00,1501.7,20200200,1501.7,20200200,1495.1,20191200
2019-10-28 16:00:00,1500.2,20200200,1500.2,20200200,1492.7,20191200
2019-10-28 17:00:00,1502.0,20200200,1502.0,20200200,1495.0,20191200
2019-10-28 18:00:00,1502.9,20200200,1502.9,20200200,1495.5,20191200
2019-10-28 19:00:00,1501.4,20200200,1501.4,20200200,1494.3,20191200
2019-10-28 20:00:00,1502.1,20200200,1502.1,20200200,1495.3,20191200
2019-10-28 21:00:00,1501.7,20200200,1501.7,20200200,1494.8,20191200
2019-10-28 23:00:00,1515.0,20200200,1515.0,20200200,1508.3,20191200
2019-10-29 00:00:00,1501.2,20200200,1501.2,20200200,1494.1,20191200
2019-10-29 01:00:00,1501.7,20200200,1501.7,20200200,1494.2,20191200
2019-10-29 02:00:00,1500.8,20200200,1500.8,20200200,1494.3,20191200
2019-10-29 03:00:00,1501.6,20200200,1501.6,20200200,1494.6,20191200
2019-10-29 04:00:00,1501.5,20200200,1501.5,20200200,1494.4,20191200
2019-10-29 07:00:00,1501.3,20200200,1501.3,20200200,1494.5,20191200
2019-10-29 08:00:00,1503.9,20200200,1503.9,20200200,1496.6,20191200
2019-10-29 09:00:00,1503.9,20200200,1503.9,20200200,1496.3,20191200
2019-10-29 10:00:00,1502.5,20200200,1502.5,20200200,1496.2,20191200
2019-10-29 11:00:00,1495.6,20200200,1495.6,20200200,1489.0,20191200
2019-10-29 12:00:00,1495.8,20200200,1495.8,20200200,1488.9,20191200
2019-10-29 13:00:00,1499.0,20200200,1499.0,20200200,1491.8,20191200
2019-10-29 14:00:00,1494.9,20200200,1494.9,20200200,1488.0,20191200
2019-10-29 15:00:00,1496.4,20200200,1496.4,20200200,1489.4,20191200
2019-10-29 16:00:00,1500.9,20200200,1500.9,20200200,1493.3,20191200
2019-10-29 17:00:00,1498.4,20200200,1498.4,20200200,1491.1,20191200
2019-10-29 18:00:00,1497.2,20200200,1497.2,20200200,1489.9,20191200
2019-10-29 19:00:00,1499.2,20200200,1499.2,20200200,1492.3,20191200
2019-10-29 20:00:00,1497.8,20200200,1497.8,20200200,1490.6,20191200
2019-10-29 21:00:00,1497.2,20200200,1497.2,20200200,1489.9,20191200
2019-10-29 23:00:00,1501.5,20200200,1501.5,20200200,1493.8,20191200
2019-10-30 00:00:00,1496.5,20200200,1496.5,20200200,1489.5,20191200
2019-10-30 01:00:00,1497.9,20200200,1497.9,20200200,1491.3,20191200
2019-10-30 02:00:00,1498.2,20200200,1498.2,20200200,1491.1,20191200
2019-10-30 03:00:00,1497.0,20200200,1497.0,20200200,1490.5,20191200
2019-10-30 04:00:00,1497.9,20200200,1497.9,20200200,1490.8,20191200
2019-10-30 07:00:00,1498.0,20200200,1498.0,20200200,1491.2,20191200
2019-10-30 08:00:00,1498.5,20200200,1498.5,20200200,1491.1,20191200
2019-10-30 09:00:00,1499.5,20200200,1499.5,20200200,1492.5,20191200
2019-10-30 10:00:00,1500.3,20200200,1500.3,20200200,1493.1,20191200
2019-10-30 11:00:00,1502.2,20200200,1502.2,20200200,1495.4,20191200
2019-10-30 12:00:00,1502.7,20200200,1502.7,20200200,1495.9,20191200
2019-10-30 13:00:00,1501.5,20200200,1501.5,20200200,1494.8,20191200
2019-10-30 14:00:00,1501.6,20200200,1501.6,20200200,1494.5,20191200
2019-10-30 15:00:00,1501.3,20200200,1501.3,20200200,1494.2,20191200
2019-10-30 16:00:00,1504.2,20200200,1504.2,20200200,1497.1,20191200
2019-10-30 17:00:00,1503.1,20200200,1503.1,20200200,1496.5,20191200
2019-10-30 18:00:00,1502.7,20200200,1502.7,20200200,1495.9,20191200
2019-10-30 19:00:00,1499.2,20200200,1499.2,20200200,1492.4,20191200
2019-10-30 20:00:00,1505.7,20200200,1505.7,20200200,1498.6,20191200
2019-10-30 21:00:00,1505.5,20200200,1505.5,20200200,1498.0,20191200
2019-10-30 23:00:00,1497.0,20200200,1497.0,20200200,1489.9,20191200
2019-10-31 00:00:00,1504.6,20200200,1504.6,20200200,1497.4,20191200
2019-10-31 01:00:00,1503.8,20200200,1503.8,20200200,1496.8,20191200
2019-10-31 02:00:00,1508.1,20200200,1508.1,20200200,1501.2,20191200
2019-10-31 03:00:00,1507.2,20200200,1507.2,20200200,1500.2,20191200
2019-10-31 04:00:00,1506.5,20200200,1506.5,20200200,1500.5,20191200
2019-10-31 07:00:00,1507.2,20200200,1507.2,20200200,1499.8,20191200
2019-10-31 08:00:00,1509.2,20200200,1509.2,20200200,1502.5,20191200
2019-10-31 09:00:00,1510.0,20200200,1510.0,20200200,1502.9,20191200
2019-10-31 10:00:00,1514.6,20200200,1514.6,20200200,1507.6,20191200
2019-10-31 11:00:00,1514.4,20200200,1514.4,20200200,1507.5,20191200
2019-10-31 12:00:00,1515.9,20200200,1515.9,20200200,1508.8,20191200
2019-10-31 13:00:00,1517.7,20200200,1517.7,20200200,1510.8,20191200
2019-10-31 14:00:00,1521.3,20200200,1521.3,20200200,1514.2,20191200
2019-10-31 15:00:00,1520.7,20200200,1520.7,20200200,1513.7,20191200
2019-10-31 16:00:00,1519.0,20200200,1519.0,20200200,1512.0,20191200
2019-10-31 17:00:00,1521.1,20200200,1521.1,20200200,1514.3,20191200
2019-10-31 18:00:00,1521.3,20200200,1521.3,20200200,1514.8,20191200
2019-10-31 19:00:00,1520.2,20200200,1520.2,20200200,1513.8,20191200
2019-10-31 20:00:00,1520.5,20200200,1520.5,20200200,1513.7,20191200
2019-10-31 21:00:00,1522.0,20200200,1522.0,20200200,1515.4,20191200
2019-10-31 23:00:00,1507.3,20200200,1507.3,20200200,1500.4,20191200
2019-11-01 00:00:00,1521.4,20200200,1521.4,20200200,1514.6,20191200
2019-11-01 01:00:00,1521.0,20200200,1521.0,20200200,1515.1,20191200
2019-11-01 02:00:00,1520.5,20200200,1520.5,20200200,1513.6,20191200
2019-11-01 03:00:00,1519.7,20200200,1519.7,20200200,1513.2,20191200
2019-11-01 04:00:00,1520.2,20200200,1520.2,20200200,1513.0,20191200
2019-11-01 07:00:00,1519.7,20200200,1519.7,20200200,1512.7,20191200
2019-11-01 08:00:00,1521.6,20200200,1521.6,20200200,1514.9,20191200
2019-11-01 09:00:00,1522.1,20200200,1522.1,20200200,1515.1,20191200
2019-11-01 10:00:00,1521.3,20200200,1521.3,20200200,1514.3,20191200
2019-11-01 11:00:00,1519.5,20200200,1519.5,20200200,1512.7,20191200
2019-11-01 12:00:00,1519.9,20200200,1519.9,20200200,1512.7,20191200
2019-11-01 13:00:00,1516.8,20200200,1516.8,20200200,1510.2,20191200
2019-11-01 14:00:00,1519.8,20200200,1519.8,20200200,1512.7,20191200
2019-11-01 15:00:00,1518.0,20200200,1518.0,20200200,1511.2,20191200
2019-11-01 16:00:00,1520.0,20200200,1520.0,20200200,1512.9,20191200
2019-11-01 17:00:00,1520.0,20200200,1520.0,20200200,1513.1,20191200
2019-11-01 18:00:00,1518.5,20200200,1518.5,20200200,1511.5,20191200
2019-11-01 19:00:00,1517.6,20200200,1517.6,20200200,1510.7,20191200
2019-11-01 20:00:00,1522.3,20200200,1522.3,20200200,1515.3,20191200
2019-11-01 21:00:00,1523.8,20200200,1523.8,20200200,1516.7,20191200
2019-11-01 23:00:00,1518.7,20200200,1518.7,20200200,1512.3,20191200
2019-11-03 23:00:00,1522.2,20200200,1522.2,20200200,1515.1,20191200
2019-11-04 00:00:00,1520.8,20200200,1520.8,20200200,1513.9,20191200
2019-11-04 01:00:00,1522.8,20200200,1522.8,20200200,1515.4,20191200
2019-11-04 02:00:00,1522.3,20200200,1522.3,20200200,1515.5,20191200
2019-11-04 03:00:00,1521.5,20200200,1521.5,20200200,1514.4,20191200
2019-11-04 04:00:00,1521.5,20200200,1521.5,20200200,1514.1,20191200
2019-11-04 07:00:00,1522.9,20200200,1522.9,20200200,1515.9,20191200
2019-11-04 08:00:00,1519.7,20200200,1519.7,20200200,1512.5,20191200
2019-11-04 09:00:00,1520.0,20200200,1520.0,20200200,1513.0,20191200
2019-11-04 10:00:00,1519.8,20200200,1519.8,20200200,1512.8,20191200
2019-11-04 11:00:00,1521.3,20200200,1521.3,20200200,1514.8,20191200
2019-11-04 12:00:00,1521.9,20200200,1521.9,20200200,1514.7,20191200
2019-11-04 13:00:00,1519.6,20200200,1519.6,20200200,1512.5,20191200
2019-11-04 14:00:00,1519.4,20200200,1519.4,20200200,1512.3,20191200
2019-11-04 15:00:00,1518.3,20200200,1518.3,20200200,1511.2,20191200
2019-11-04 16:00:00,1516.6,20200200,1516.6,20200200,1509.5,20191200
2019-11-04 17:00:00,1519.0,20200200,1519.0,20200200,1511.9,20191200
2019-11-04 18:00:00,1517.6,20200200,1517.6,20200200,1509.7,20191200
2019-11-04 19:00:00,1517.1,20200200,1517.1,20200200,1510.5,20191200
2019-11-04 20:00:00,1518.0,20200200,1518.0,20200200,1510.9,20191200
2019-11-04 21:00:00,1519.2,20200200,1519.2,20200200,1512.0,20191200
2019-11-04 23:00:00,1521.2,20200200,1521.2,20200200,1514.4,20191200
2019-11-05 00:00:00,1516.6,20200200,1516.6,20200200,1509.3,20191200
2019-11-05 01:00:00,1516.1,20200200,1516.1,20200200,1508.9,20191200
2019-11-05 02:00:00,1514.9,20200200,1514.9,20200200,1507.9,20191200
2019-11-05 03:00:00,1514.5,20200200,1514.5,20200200,1507.1,20191200
2019-11-05 04:00:00,1515.0,20200200,1515.0,20200200,1507.8,20191200
2019-11-05 07:00:00,1514.9,20200200,1514.9,20200200,1508.3,20191200
2019-11-05 08:00:00,1513.4,20200200,1513.4,20200200,1506.3,20191200
2019-11-05 09:00:00,1514.5,20200200,1514.5,20200200,1507.0,20191200
2019-11-05 10:00:00,1513.1,20200200,1513.1,20200200,1505.9,20191200
2019-11-05 11:00:00,1513.6,20200200,1513.6,20200200,1505.7,20191200
2019-11-05 12:00:00,1508.9,20200200,1508.9,20200200,1501.5,20191200
2019-11-05 13:00:00,1500.2,20200200,1500.2,20200200,1493.2,20191200
2019-11-05 14:00:00,1502.8,20200200,1502.8,20200200,1496.4,20191200
2019-11-05 15:00:00,1494.6,20200200,1494.6,20200200,1487.4,20191200
2019-11-05 16:00:00,1490.1,20200200,1490.1,20200200,1483.0,20191200
2019-11-05 17:00:00,1491.8,20200200,1491.8,20200200,1484.9,20191200
2019-11-05 18:00:00,1490.5,20200200,1490.5,20200200,1483.5,20191200
2019-11-05 19:00:00,1492.5,20200200,1492.5,20200200,1485.2,20191200
2019-11-05 20:00:00,1493.4,20200200,1493.4,20200200,1486.3,20191200
2019-11-05 21:00:00,1492.3,20200200,1492.3,20200200,1484.9,20191200
2019-11-05 23:00:00,1513.4,20200200,1513.4,20200200,1506.7,20191200
2019-11-06 00:00:00,1494.4,20200200,1494.4,20200200,1487.4,20191200
2019-11-06 01:00:00,1494.9,20200200,1494.9,20200200,1488.2,20191200
2019-11-06 02:00:00,1494.5,20200200,1494.5,20200200,1487.5,20191200
2019-11-06 03:00:00,1495.3,20200200,1495.3,20200200,1488.3,20191200
2019-11-06 04:00:00,1494.3,20200200,1494.3,20200200,1487.1,20191200
2019-11-06 07:00:00,1494.5,20200200,1494.5,20200200,1487.3,20191200
2019-11-06 08:00:00,1495.0,20200200,1495.0,20200200,1487.9,20191200
2019-11-06 09:00:00,1497.3,20200200,1497.3,20200200,1490.2,20191200
2019-11-06 10:00:00,1494.6,20200200,1494.6,20200200,1487.4,20191200
2019-11-06 11:00:00,1493.8,20200200,1493.8,20200200,1487.1,20191200
2019-11-06 12:00:00,1493.8,20200200,1493.8,20200200,1486.8,20191200
2019-11-06 13:00:00,1497.5,20200200,1497.5,20200200,1490.5,20191200
2019-11-06 14:00:00,1495.7,20200200,1495.7,20200200,1488.7,20191200
2019-11-06 15:00:00,1497.3,20200200,1497.3,20200200,1490.2,20191200
2019-11-06 16:00:00,1501.5,20200200,1501.5,20200200,1494.4,20191200
2019-11-06 17:00:00,1498.6,20200200,1498.6,20200200,1491.2,20191200
2019-11-06 18:00:00,1499.1,20200200,1499.1,20200200,1492.0,20191200
2019-11-06 19:00:00,1499.8,20200200,1499.8,20200200,1492.5,20191200
2019-11-06 20:00:00,1500.0,20200200,1500.0,20200200,1492.7,20191200
2019-11-06 21:00:00,1499.1,20200200,1499.1,20200200,1492.0,20191200
2019-11-06 23:00:00,1494.2,20200200,1494.2,20200200,1487.2,20191200
2019-11-07 00:00:00,1498.5,20200200,1498.5,20200200,1491.8,20191200
2019-11-07 01:00:00,1499.0,20200200,1499.0,20200200,1492.5,20191200
2019-11-07 02:00:00,1499.2,20200200,1499.2,20200200,1492.2,20191200
2019-11-07 03:00:00,1500.0,20200200,1500.0,20200200,1492.8,20191200
2019-11-07 04:00:00,1499.5,20200200,1499.5,20200200,1492.5,20191200
2019-11-07 07:00:00,1495.2,20200200,1495.2,20200200,1488.1,20191200
2019-11-07 08:00:00,1495.1,20200200,1495.1,20200200,1488.4,20191200
2019-11-07 09:00:00,1494.0,20200200,1494.0,20200200,1486.8,20191200
2019-11-07 10:00:00,1490.2,20200200,1490.2,20200200,1483.1,20191200
2019-11-07 11:00:00,1491.9,20200200,1491.9,20200200,1484.6,20191200
2019-11-07 12:00:00,1492.5,20200200,1492.5,20200200,1485.5,20191200
2019-11-07 13:00:00,1492.8,20200200,1492.8,20200200,1485.8,20191200
2019-11-07 14:00:00,1492.5,20200200,1492.5,20200200,1485.2,20191200
2019-11-07 15:00:00,1477.8,20200200,1477.8,20200200,1470.5,20191200
2019-11-07 16:00:00,1469.0,20200200,1469.0,20200200,1462.3,20191200
2019-11-07 17:00:00,1471.3,20200200,1471.3,20200200,1464.4,20191200
2019-11-07 18:00:00,1473.1,20200200,1473.1,20200200,1466.2,20191200
2019-11-07 19:00:00,1475.6,20200200,1475.6,20200200,1468.7,20191200
2019-11-07 20:00:00,1475.7,20200200,1475.7,20200200,1468.8,20191200
2019-11-07 21:00:00,1475.4,20200200,1475.4,20200200,1469.4,20191200
2019-11-07 23:00:00,1500.2,20200200,1500.2,20200200,1493.0,20191200
2019-11-08 00:00:00,1476.5,20200200,1476.5,20200200,1469.8,20191200
2019-11-08 01:00:00,1474.7,20200200,1474.7,20200200,1468.2,20191200
2019-11-08 02:00:00,1475.9,20200200,1475.9,20200200,1469.3,20191200
2019-11-08 03:00:00,1476.8,20200200,1476.8,20200200,1470.0,20191200
2019-11-08 04:00:00,1476.8,20200200,1476.8,20200200,1470.0,20191200
2019-11-08 07:00:00,1479.5,20200200,1479.5,20200200,1472.6,20191200
2019-11-08 08:00:00,1478.0,20200200,1478.0,20200200,1471.4,20191200
2019-11-08 09:00:00,1474.2,20200200,1474.2,20200200,1466.7,20191200
2019-11-08 10:00:00,1474.2,20200200,1474.2,20200200,1467.4,20191200
2019-11-08 11:00:00,1470.0,20200200,1470.0,20200200,1463.1,20191200
2019-11-08 12:00:00,1465.6,20200200,1465.6,20200200,1459.1,20191200
2019-11-08 13:00:00,1467.3,20200200,1467.3,20200200,1460.7,20191200
2019-11-08 14:00:00,1474.5,20200200,1474.5,20200200,1466.8,20191200
2019-11-08 15:00:00,1474.5,20200200,1474.5,20200200,1467.8,20191200
2019-11-08 16:00:00,1472.5,20200200,1472.5,20200200,1465.8,20191200
2019-11-08 17:00:00,1469.4,20200200,1469.4,20200200,1462.6,20191200
2019-11-08 18:00:00,1470.5,20200200,1470.5,20200200,1463.7,20191200
2019-11-08 19:00:00,1469.9,20200200,1469.9,20200200,1462.8,20191200
2019-11-08 20:00:00,1466.4,20200200,1466.4,20200200,1459.5,20191200
2019-11-08 21:00:00,1466.9,20200200,1466.9,20200200,1459.8,20191200
2019-11-08 23:00:00,1478.0,20200200,1478.0,20200200,1471.1,20191200
2019-11-10 23:00:00,1468.5,20200200,1468.5,20200200,1461.9,20191200
2019-11-11 00:00:00,1468.9,20200200,1468.9,20200200,1462.5,20191200
2019-11-11 01:00:00,1470.4,20200200,1470.4,20200200,1463.7,20191200
2019-11-11 02:00:00,1470.1,20200200,1470.1,20200200,1463.5,20191200
2019-11-11 03:00:00,1469.4,20200200,1469.4,20200200,1462.7,20191200
2019-11-11 04:00:00,1470.1,20200200,1470.1,20200200,1463.4,20191200
2019-11-11 07:00:00,1472.6,20200200,1472.6,20200200,1465.6,20191200
2019-11-11 08:00:00,1472.3,20200200,1472.3,20200200,1465.7,20191200
2019-11-11 09:00:00,1473.5,20200200,1473.5,20200200,1466.8,20191200
2019-11-11 10:00:00,1473.5,20200200,1473.5,20200200,1466.5,20191200
2019-11-11 11:00:00,1472.4,20200200,1472.4,20200200,1465.5,20191200
2019-11-11 12:00:00,1470.3,20200200,1470.3,20200200,1463.4,20191200
2019-11-11 13:00:00,1468.4,20200200,1468.4,20200200,1461.6,20191200
2019-11-11 14:00:00,1467.5,20200200,1467.5,20200200,1460.5,20191200
2019-11-11 15:00:00,1456.4,20200200,1456.4,20200200,1449.8,20191200
2019-11-11 16:00:00,1462.6,20200200,1462.6,20200200,1455.6,20191200
2019-11-11 17:00:00,1463.5,20200200,1463.5,20200200,1456.6,20191200
2019-11-11 18:00:00,1464.5,20200200,1464.5,20200200,1457.6,20191200
2019-11-11 19:00:00,1464.1,20200200,1464.1,20200200,1457.1,20191200
2019-11-11 20:00:00,1462.7,20200200,1462.7,20200200,1455.7,20191200
2019-11-11 21:00:00,1463.6,20200200,1463.6,20200200,1456.7,20191200
2019-11-11 23:00:00,1471.5,20200200,1471.5,20200200,1464.5,20191200
2019-11-12 00:00:00,1463.4,20200200,1463.4,20200200,1456.2,20191200
2019-11-12 01:00:00,1463.7,20200200,1463.7,20200200,1456.7,20191200
2019-11-12 02:00:00,1463.3,20200200,1463.3,20200200,1456.4,20191200
2019-11-12 03:00:00,1463.9,20200200,1463.9,20200200,1457.1,20191200
2019-11-12 04:00:00,1464.2,20200200,1464.2,20200200,1456.7,20191200
2019-11-12 07:00:00,1459.8,20200200,1459.8,20200200,1453.0,20191200
2019-11-12 08:00:00,1460.8,20200200,1460.8,20200200,1453.5,20191200
2019-11-12 09:00:00,1463.5,20200200,1463.5,20200200,1456.5,20191200
2019-11-12 10:00:00,1462.0,20200200,1462.0,20200200,1455.2,20191200
2019-11-12 11:00:00,1459.9,20200200,1459.9,20200200,1453.2,20191200
2019-11-12 12:00:00,1461.6,20200200,1461.6,20200200,1454.9,20191200
2019-11-12 13:00:00,1461.9,20200200,1461.9,20200200,1455.3,20191200
2019-11-12 14:00:00,1459.7,20200200,1459.7,20200200,1452.9,20191200
2019-11-12 15:00:00,1459.3,20200200,1459.3,20200200,1452.5,20191200
2019-11-12 16:00:00,1461.0,20200200,1461.0,20200200,1454.2,20191200
2019-11-12 17:00:00,1461.2,20200200,1461.2,20200200,1454.7,20191200
2019-11-12 18:00:00,1460.1,20200200,1460.1,20200200,1453.7,20191200
2019-11-12 19:00:00,1467.0,20200200,1467.0,20200200,1460.3,20191200
2019-11-12 20:00:00,1466.1,20200200,1466.1,20200200,1459.5,20191200
2019-11-12 21:00:00,1463.8,20200200,1463.8,20200200,1457.0,20191200
2019-11-12 23:00:00,1458.7,20200200,1458.7,20200200,1451.8,20191200
2019-11-13 00:00:00,1466.4,20200200,1466.4,20200200,1459.6,20191200
2019-11-13 01:00:00,1465.7,20200200,1465.7,20200200,1458.7,20191200
2019-11-13 02:00:00,1465.3,20200200,1465.3,20200200,1459.0,20191200
2019-11-13 03:00:00,1466.3,20200200,1466.3,20200200,1459.4,20191200
2019-11-13 04:00:00,1468.0,20200200,1468.0,20200200,1460.9,20191200
2019-11-13 07:00:00,1468.4,20200200,1468.4,20200200,1461.5,20191200
2019-11-13 08:00:00,1468.7,20200200,1468.7,20200200,1461.8,20191200
2019-11-13 09:00:00,1473.3,20200200,1473.3,20200200,1466.6,20191200
2019-11-13 10:00:00,1471.0,20200200,1471.0,20200200,1464.4,20191200
2019-11-13 11:00:00,1472.3,20200200,1472.3,20200200,1465.5,20191200
2019-11-13 12:00:00,1472.4,20200200,1472.4,20200200,1465.5,20191200
2019-11-13 13:00:00,1469.4,20200200,1469.4,20200200,1462.4,20191200
2019-11-13 14:00:00,1470.3,20200200,1470.3,20200200,1463.5,20191200
2019-11-13 15:00:00,1473.0,20200200,1473.0,20200200,1466.1,20191200
2019-11-13 16:00:00,1469.8,20200200,1469.8,20200200,1463.0,20191200
2019-11-13 17:00:00,1468.7,20200200,1468.7,20200200,1461.7,20191200
2019-11-13 18:00:00,1471.2,20200200,1471.2,20200200,1464.2,20191200
2019-11-13 19:00:00,1471.2,20200200,1471.2,20200200,1464.4,20191200
2019-11-13 20:00:00,1471.8,20200200,1471.8,20200200,1465.1,20191200
2019-11-13 21:00:00,1470.7,20200200,1470.7,20200200,1464.3,20191200
2019-11-13 23:00:00,1469.1,20200200,1469.1,20200200,1462.4,20191200
2019-11-14 00:00:00,1471.6,20200200,1471.6,20200200,1465.0,20191200
2019-11-14 01:00:00,1469.1,20200200,1469.1,20200200,1462.3,20191200
2019-11-14 02:00:00,1470.4,20200200,1470.4,20200200,1463.5,20191200
2019-11-14 03:00:00,1471.6,20200200,1471.6,20200200,1464.8,20191200
2019-11-14 04:00:00,1472.5,20200200,1472.5,20200200,1465.4,20191200
2019-11-14 07:00:00,1474.0,20200200,1474.0,20200200,1467.1,20191200
2019-11-14 08:00:00,1477.5,20200200,1477.5,20200200,1470.3,20191200
2019-11-14 09:00:00,1477.0,20200200,1477.0,20200200,1470.3,20191200
2019-11-14 10:00:00,1475.4,20200200,1475.4,20200200,1469.0,20191200
2019-11-14 11:00:00,1475.1,20200200,1475.1,20200200,1468.2,20191200
2019-11-14 12:00:00,1475.7,20200200,1475.7,20200200,1468.8,20191200
2019-11-14 13:00:00,1475.9,20200200,1475.9,20200200,1468.9,20191200
2019-11-14 14:00:00,1475.5,20200200,1475.5,20200200,1468.3,20191200
2019-11-14 15:00:00,1476.9,20200200,1476.9,20200200,1470.1,20191200
2019-11-14 16:00:00,1481.0,20200200,1481.0,20200200,1474.2,20191200
2019-11-14 17:00:00,1479.7,20200200,1479.7,20200200,1473.0,20191200
2019-11-14 18:00:00,1481.6,20200200,1481.6,20200200,1474.6,20191200
2019-11-14 19:00:00,1479.0,20200200,1479.0,20200200,1472.1,20191200
2019-11-14 20:00:00,1478.3,20200200,1478.3,20200200,1471.4,20191200
2019-11-14 21:00:00,1478.7,20200200,1478.7,20200200,1472.0,20191200
2019-11-14 23:00:00,1472.8,20200200,1472.8,20200200,1466.0,20191200
2019-11-15 00:00:00,1474.3,20200200,1474.3,20200200,1467.7,20191200
2019-11-15 01:00:00,1475.3,20200200,1475.3,20200200,1468.4,20191200
2019-11-15 02:00:00,1474.6,20200200,1474.6,20200200,1467.8,20191200
2019-11-15 03:00:00,1473.7,20200200,1473.7,20200200,1466.8,20191200
2019-11-15 04:00:00,1473.9,20200200,1473.9,20200200,1467.1,20191200
2019-11-15 07:00:00,1471.6,20200200,1471.6,20200200,1464.9,20191200
2019-11-15 08:00:00,1473.6,20200200,1473.6,20200200,1467.0,20191200
2019-11-15 09:00:00,1470.7,20200200,1470.7,20200200,1463.9,20191200
2019-11-15 10:00:00,1472.7,20200200,1472.7,20200200,1466.0,20191200
2019-11-15 11:00:00,1473.6,20200200,1473.6,20200200,1466.9,20191200
2019-11-15 12:00:00,1472.0,20200200,1472.0,20200200,1465.3,20191200
2019-11-15 13:00:00,1475.3,20200200,1475.3,20200200,1468.5,20191200
2019-11-15 14:00:00,1473.2,20200200,1473.2,20200200,1466.5,20191200
2019-11-15 15:00:00,1476.0,20200200,1476.0,20200200,1469.2,20191200
2019-11-15 16:00:00,1473.3,20200200,1473.3,20200200,1466.6,20191200
2019-11-15 17:00:00,1475.1,20200200,1475.1,20200200,1468.2,20191200
2019-11-15 18:00:00,1475.4,20200200,1475.4,20200200,1468.6,20191200
2019-11-15 19:00:00,1473.6,20200200,1473.6,20200200,1466.8,20191200
2019-11-15 20:00:00,1474.3,20200200,1474.3,20200200,1467.4,20191200
2019-11-15 21:00:00,1475.5,20200200,1475.5,20200200,1468.7,20191200
2019-11-15 23:00:00,1471.8,20200200,1471.8,20200200,1465.0,20191200
2019-11-17 23:00:00,1476.4,20200200,1476.4,20200200,1469.6,20191200
2019-11-18 00:00:00,1475.2,20200200,1475.2,20200200,1468.0,20191200
2019-11-18 01:00:00,1472.9,20200200,1472.9,20200200,1466.1,20191200
2019-11-18 02:00:00,1473.7,20200200,1473.7,20200200,1466.4,20191200
2019-11-18 03:00:00,1473.2,20200200,1473.2,20200200,1466.5,20191200
2019-11-18 04:00:00,1473.3,20200200,1473.3,20200200,1466.8,20191200
2019-11-18 07:00:00,1471.1,20200200,1471.1,20200200,1463.9,20191200
2019-11-18 08:00:00,1467.0,20200200,1467.0,20200200,1460.3,20191200
2019-11-18 09:00:00,1465.7,20200200,1465.7,20200200,1458.8,20191200
2019-11-18 10:00:00,1465.0,20200200,1465.0,20200200,1458.3,20191200
2019-11-18 11:00:00,1466.1,20200200,1466.1,20200200,1459.6,20191200
2019-11-18 12:00:00,1464.1,20200200,1464.1,20200200,1457.4,20191200
2019-11-18 13:00:00,1471.7,20200200,1471.7,20200200,1464.8,20191200
2019-11-18 14:00:00,1476.5,20200200,1476.5,20200200,1469.7,20191200
2019-11-18 15:00:00,1479.0,20200200,1479.0,20200200,1472.2,20191200
2019-11-18 16:00:00,1478.4,20200200,1478.4,20200200,1471.5,20191200
2019-11-18 17:00:00,1479.3,20200200,1479.3,20200200,1472.4,20191200
2019-11-18 18:00:00,1479.2,20200200,1479.2,20200200,1472.4,20191200
2019-11-18 19:00:00,1478.9,20200200,1478.9,20200200,1471.9,20191200
2019-11-18 20:00:00,1478.9,20200200,1478.9,20200200,1472.1,20191200
2019-11-18 21:00:00,1478.5,20200200,1478.5,20200200,1471.9,20191200
2019-11-18 23:00:00,1472.1,20200200,1472.1,20200200,1465.4,20191200
2019-11-19 00:00:00,1480.2,20200200,1480.2,20200200,1473.3,20191200
2019-11-19 01:00:00,1477.2,20200200,1477.2,20200200,1470.2,20191200
2019-11-19 02:00:00,1477.4,20200200,1477.4,20200200,1470.8,20191200
2019-11-19 03:00:00,1477.7,20200200,1477.7,20200200,1470.9,20191200
2019-11-19 04:00:00,1477.6,20200200,1477.6,20200200,1470.8,20191200
2019-11-19 07:00:00,1476.6,20200200,1476.6,20200200,1469.8,20191200
2019-11-19 08:00:00,1475.4,20200200,1475.4,20200200,1468.4,20191200
2019-11-19 09:00:00,1473.0,20200200,1473.0,20200200,1466.2,20191200
2019-11-19 10:00:00,1472.4,20200200,1472.4,20200200,1465.7,20191200
2019-11-19 11:00:00,1474.6,20200200,1474.6,20200200,1467.8,20191200
2019-11-19 12:00:00,1475.0,20200200,1475.0,20200200,1468.1,20191200
2019-11-19 13:00:00,1475.9,20200200,1475.9,20200200,1469.1,20191200
2019-11-19 14:00:00,1476.7,20200200,1476.7,20200200,1469.6,20191200
2019-11-19 15:00:00,1480.3,20200200,1480.3,20200200,1473.6,20191200
2019-11-19 16:00:00,1478.5,20200200,1478.5,20200200,1471.6,20191200
2019-11-19 17:00:00,1481.8,20200200,1481.8,20200200,1474.9,20191200
2019-11-19 18:00:00,1482.0,20200200,1482.0,20200200,1475.0,20191200
2019-11-19 19:00:00,1480.4,20200200,1480.4,20200200,1473.5,20191200
2019-11-19 20:00:00,1479.6,20200200,1479.6,20200200,1472.8,20191200
2019-11-19 21:00:00,1479.7,20200200,1479.7,20200200,1472.6,20191200
2019-11-19 23:00:00,1479.1,20200200,1479.1,20200200,1472.2,20191200
2019-11-20 00:00:00,1480.2,20200200,1480.2,20200200,1473.3,20191200
2019-11-20 01:00:00,1481.0,20200200,1481.0,20200200,1473.9,20191200
2019-11-20 02:00:00,1481.3,20200200,1481.3,20200200,1474.4,20191200
2019-11-20 03:00:00,1481.6,20200200,1481.6,20200200,1474.9,20191200
2019-11-20 04:00:00,1481.0,20200200,1481.0,20200200,1474.2,20191200
2019-11-20 07:00:00,1485.2,20200200,1485.2,20200200,1478.2,20191200
2019-11-20 08:00:00,1485.0,20200200,1485.0,20200200,1478.3,20191200
2019-11-20 09:00:00,1483.3,20200200,1483.3,20200200,1476.7,20191200
2019-11-20 10:00:00,1482.9,20200200,1482.9,20200200,1476.3,20191200
2019-11-20 11:00:00,1481.3,20200200,1481.3,20200200,1474.5,20191200
2019-11-20 12:00:00,1480.8,20200200,1480.8,20200200,1473.7,20191200
2019-11-20 13:00:00,1479.1,20200200,1479.1,20200200,1472.1,20191200
2019-11-20 14:00:00,1479.8,20200200,1479.8,20200200,1472.8,20191200
2019-11-20 15:00:00,1476.4,20200200,1476.4,20200200,1469.6,20191200
2019-11-20 16:00:00,1475.2,20200200,1475.2,20200200,1468.4,20191200
2019-11-20 17:00:00,1478.5,20200200,1478.5,20200200,1471.7,20191200
2019-11-20 18:00:00,1477.7,20200200,1477.7,20200200,1470.6,20191200
2019-11-20 19:00:00,1478.4,20200200,1478.4,20200200,1471.5,20191200
2019-11-20 20:00:00,1480.1,20200200,1480.1,20200200,1473.2,20191200
2019-11-20 21:00:00,1478.5,20200200,1478.5,20200200,1472.0,20191200
2019-11-20 23:00:00,1482.2,20200200,1482.2,20200200,1475.4,20191200
2019-11-21 00:00:00,1482.3,20200200,1482.3,20200200,1475.2,20191200
2019-11-21 01:00:00,1482.0,20200200,1482.0,20200200,1475.3,20191200
2019-11-21 02:00:00,1479.6,20200200,1479.6,20200200,1472.7,20191200
2019-11-21 03:00:00,1478.6,20200200,1478.6,20200200,1471.8,20191200
2019-11-21 04:00:00,1478.1,20200200,1478.1,20200200,1471.2,20191200
2019-11-21 07:00:00,1478.3,20200200,1478.3,20200200,1471.4,20191200
2019-11-21 08:00:00,1480.2,20200200,1480.2,20200200,1473.5,20191200
2019-11-21 09:00:00,1477.6,20200200,1477.6,20200200,1470.8,20191200
2019-11-21 10:00:00,1475.3,20200200,1475.3,20200200,1468.5,20191200
2019-11-21 11:00:00,1476.4,20200200,1476.4,20200200,1469.5,20191200
2019-11-21 12:00:00,1477.4,20200200,1477.4,20200200,1470.6,20191200
2019-11-21 13:00:00,1477.0,20200200,1477.0,20200200,1470.0,20191200
2019-11-21 14:00:00,1474.8,20200200,1474.8,20200200,1467.9,20191200
2019-11-21 15:00:00,1476.1,20200200,1476.1,20200200,1469.2,20191200
2019-11-21 16:00:00,1476.4,20200200,1476.4,20200200,1469.5,20191200
2019-11-21 17:00:00,1472.5,20200200,1472.5,20200200,1465.5,20191200
2019-11-21 18:00:00,1471.7,20200200,1471.7,20200200,1464.9,20191200
2019-11-21 19:00:00,1471.7,20200200,1471.7,20200200,1464.7,20191200
2019-11-21 20:00:00,1472.0,20200200,1472.0,20200200,1465.1,20191200
2019-11-21 21:00:00,1471.3,20200200,1471.3,20200200,1464.4,20191200
2019-11-21 23:00:00,1477.6,20200200,1477.6,20200200,1470.8,20191200
2019-11-22 00:00:00,1471.5,20200200,1471.5,20200200,1464.6,20191200
2019-11-22 01:00:00,1470.7,20200200,1470.7,20200200,1463.8,20191200
2019-11-22 02:00:00,1471.5,20200200,1471.5,20200200,1464.8,20191200
2019-11-22 03:00:00,1471.9,20200200,1471.9,20200200,1465.0,20191200
2019-11-22 04:00:00,1472.0,20200200,1472.0,20200200,1465.1,20191200
2019-11-22 07:00:00,1474.0,20200200,1474.0,20200200,1467.2,20191200
2019-11-22 08:00:00,1473.9,20200200,1473.9,20200200,1467.1,20191200
2019-11-22 09:00:00,1478.2,20200200,1478.2,20200200,1471.4,20191200
2019-11-22 10:00:00,1477.8,20200200,1477.8,20200200,1470.9,20191200
2019-11-22 11:00:00,1478.4,20200200,1478.4,20200200,1471.5,20191200
2019-11-22 12:00:00,1477.0,20200200,1477.0,20200200,1470.0,20191200
2019-11-22 13:00:00,1475.8,20200200,1475.8,20200200,1468.8,20191200
2019-11-22 14:00:00,1472.6,20200200,1472.6,20200200,1465.7,20191200
2019-11-22 15:00:00,1471.6,20200200,1471.6,20200200,1464.7,20191200
2019-11-22 16:00:00,1470.6,20200200,1470.6,20200200,1463.7,20191200
2019-11-22 17:00:00,1469.5,20200200,1469.5,20200200,1462.6,20191200
2019-11-22 18:00:00,1470.0,20200200,1470.0,20200200,1463.2,20191200
2019-11-22 19:00:00,1470.0,20200200,1470.0,20200200,1463.0,20191200
2019-11-22 20:00:00,1469.1,20200200,1469.1,20200200,1462.1,20191200
2019-11-22 21:00:00,1468.8,20200200,1468.8,20200200,1461.5,20191200
2019-11-22 23:00:00,1474.3,20200200,1474.3,20200200,1467.4,20191200
2019-11-24 23:00:00,1467.2,20200200,1467.2,20200200,1460.3,20191200
2019-11-25 00:00:00,1467.7,20200200,1467.7,20200200,1460.8,20191200
2019-11-25 01:00:00,1467.8,20200200,1467.8,20200200,1461.0,20191200
2019-11-25 02:00:00,1468.0,20200200,1468.0,20200200,1461.2,20191200
2019-11-25 03:00:00,1468.1,20200200,1468.1,20200200,1461.3,20191200
2019-11-25 04:00:00,1468.4,20200200,1468.4,20200200,1461.5,20191200
2019-11-25 07:00:00,1466.0,20200200,1466.0,20200200,1459.1,20191200
2019-11-25 08:00:00,1464.6,20200200,1464.6,20200200,1457.8,20191200
2019-11-25 09:00:00,1466.1,20200200,1466.1,20200200,1459.2,20191200
2019-11-25 10:00:00,1465.3,20200200,1465.3,20200200,1458.6,20191200
2019-11-25 11:00:00,1463.8,20200200,1463.8,20200200,1457.1,20191200
2019-11-25 12:00:00,1464.6,20200200,1464.6,20200200,1458.0,20191200
2019-11-25 13:00:00,1462.7,20200200,1462.7,20200200,1455.9,20191200
2019-11-25 14:00:00,1466.2,20200200,1466.2,20200200,1459.4,20191200
2019-11-25 15:00:00,1464.6,20200200,1464.6,20200200,1457.7,20191200
2019-11-25 16:00:00,1464.2,20200200,1464.2,20200200,1457.5,20191200
2019-11-25 17:00:00,1463.0,20200200,1463.0,20200200,1456.2,20191200
2019-11-25 18:00:00,1462.9,20200200,1462.9,20200200,1456.0,20191200
2019-11-25 19:00:00,1461.7,20200200,1461.7,20200200,1454.9,20191200
2019-11-25 20:00:00,1461.7,20200200,1461.7,20200200,1454.8,20191200
2019-11-25 21:00:00,1461.9,20200200,1461.9,20200200,1455.1,20191200
2019-11-25 23:00:00,1465.4,20200200,1465.4,20200200,1458.5,20191200
2019-11-26 00:00:00,1460.3,20200200,1460.3,20200200,1453.4,20191200
2019-11-26 01:00:00,1460.2,20200200,1460.2,20200200,1453.4,20191200
2019-11-26 02:00:00,1461.1,20200200,1461.1,20200200,1454.3,20191200
2019-11-26 03:00:00,1461.1,20200200,1461.1,20200200,1454.3,20191200
2019-11-26 04:00:00,1461.8,20200200,1461.8,20200200,1454.9,20191200
2019-11-26 07:00:00,1462.1,20200200,1462.1,20200200,1455.3,20191200
2019-11-26 08:00:00,1463.9,20200200,1463.9,20200200,1457.2,20191200
2019-11-26 09:00:00,1464.0,20200200,1464.0,20200200,1457.3,20191200
2019-11-26 10:00:00,1464.9,20200200,1464.9,20200200,1458.1,20191200
2019-11-26 11:00:00,1464.6,20200200,1464.6,20200200,1457.8,20191200
2019-11-26 12:00:00,1463.1,20200200,1463.1,20200200,1456.3,20191200
2019-11-26 13:00:00,1462.2,20200200,1462.2,20200200,1455.3,20191200
2019-11-26 14:00:00,1461.7,20200200,1461.7,20200200,1454.7,20191200
2019-11-26 15:00:00,1465.6,20200200,1465.6,20200200,1458.5,20191200
2019-11-26 16:00:00,1465.0,20200200,1465.0,20200200,1458.0,20191200
2019-11-26 17:00:00,1467.1,20200200,1467.1,20200200,1460.0,20191200
2019-11-26 18:00:00,1468.9,20200200,1468.9,20200200,1461.9,20191200
2019-11-26 19:00:00,1468.7,20200200,1468.7,20200200,1461.6,20191200
2019-11-26 20:00:00,1469.4,20200200,1469.4,20200200,1462.3,20191200
2019-11-26 21:00:00,1468.3,20200200,1468.3,20200200,1461.2,20191200
2019-11-26 23:00:00,1463.6,20200200,1463.6,20200200,1456.9,20191200
2019-11-27 00:00:00,1467.0,20200200,1467.0,20200200,1459.8,20191200
2019-11-27 01:00:00,1466.6,20200200,1466.6,20200200,1459.5,20191200
2019-11-27 02:00:00,1471.2,20200400,1471.2,20200400,1466.1,20200200
2019-11-27 03:00:00,1472.0,20200400,1472.0,20200400,1466.4,20200200
2019-11-27 04:00:00,1471.4,20200400,1471.4,20200400,1466.1,20200200
2019-11-27 07:00:00,1471.0,20200400,1471.0,20200400,1465.2,20200200
2019-11-27 08:00:00,1471.5,20200400,1471.5,20200400,1466.2,20200200
2019-11-27 09:00:00,1471.1,20200400,1471.1,20200400,1465.8,20200200
2019-11-27 10:00:00,1472.1,20200400,1472.1,20200400,1466.7,20200200
2019-11-27 11:00:00,1470.0,20200400,1470.0,20200400,1465.5,20200200
2019-11-27 12:00:00,1469.6,20200400,1469.6,20200400,1464.5,20200200
2019-11-27 13:00:00,1466.3,20200400,1466.3,20200400,1461.7,20200200
2019-11-27 14:00:00,1465.6,20200400,1465.6,20200400,1460.9,20200200
2019-11-27 15:00:00,1466.8,20200400,1466.8,20200400,1462.0,20200200
2019-11-27 16:00:00,1467.0,20200400,1467.0,20200400,1461.9,20200200
2019-11-27 17:00:00,1468.0,20200400,1468.0,20200400,1462.7,20200200
2019-11-27 18:00:00,1466.2,20200400,1466.2,20200400,1460.8,20200200
2019-11-27 19:00:00,1466.8,20200400,1466.8,20200400,1461.2,20200200
2019-11-27 20:00:00,1466.5,20200400,1466.5,20200400,1461.2,20200200
2019-11-27 21:00:00,1466.4,20200400,1466.4,20200400,1461.0,20200200
2019-11-27 23:00:00,1471.4,20200400,1471.4,20200400,1466.7,20200200
2019-11-28 00:00:00,1469.8,20200400,1469.8,20200400,1463.9,20200200
2019-11-28 01:00:00,1468.9,20200400,1468.9,20200400,1463.5,20200200
2019-11-28 02:00:00,1468.0,20200400,1468.0,20200400,1462.7,20200200
2019-11-28 03:00:00,1467.3,20200400,1467.3,20200400,1462.4,20200200
2019-11-28 04:00:00,1467.3,20200400,1467.3,20200400,1462.7,20200200
2019-11-28 07:00:00,1468.2,20200400,1468.2,20200400,1463.1,20200200
2019-11-28 08:00:00,1468.9,20200400,1468.9,20200400,1463.4,20200200
2019-11-28 09:00:00,1468.7,20200400,1468.7,20200400,1463.2,20200200
2019-11-28 10:00:00,1468.7,20200400,1468.7,20200400,1463.7,20200200
2019-11-28 11:00:00,1467.9,20200400,1467.9,20200400,1462.6,20200200
2019-11-28 12:00:00,1467.0,20200400,1467.0,20200400,1461.9,20200200
2019-11-28 13:00:00,1467.0,20200400,1467.0,20200400,1462.8,20200200
2019-11-28 14:00:00,1467.2,20200400,1467.2,20200400,1462.0,20200200
2019-11-28 15:00:00,1466.7,20200400,1466.7,20200400,1462.0,20200200
2019-11-28 16:00:00,1466.8,20200400,1466.8,20200400,1461.4,20200200
2019-11-28 17:00:00,1467.9,20200400,1467.9,20200400,1462.1,20200200
2019-11-28 23:00:00,1467.2,20200400,1467.2,20200400,1462.0,20200200
2019-11-29 00:00:00,1467.2,20200400,1467.2,20200400,1462.0,20200200
2019-11-29 01:00:00,1468.2,20200400,1468.2,20200400,1463.2,20200200
2019-11-29 02:00:00,1468.5,20200400,1468.5,20200400,1463.5,20200200
2019-11-29 03:00:00,1469.0,20200400,1469.0,20200400,1463.5,20200200
2019-11-29 04:00:00,1469.8,20200400,1469.8,20200400,1464.4,20200200
2019-11-29 07:00:00,1469.9,20200400,1469.9,20200400,1464.5,20200200
2019-11-29 08:00:00,1468.7,20200400,1468.7,20200400,1462.5,20200200
2019-11-29 09:00:00,1467.7,20200400,1467.7,20200400,1462.3,20200200
2019-11-29 10:00:00,1467.7,20200400,1467.7,20200400,1462.5,20200200
2019-11-29 11:00:00,1468.2,20200400,1468.2,20200400,1462.8,20200200
2019-11-29 12:00:00,1467.5,20200400,1467.5,20200400,1462.2,20200200
2019-11-29 13:00:00,1464.9,20200400,1464.9,20200400,1459.6,20200200
2019-11-29 14:00:00,1468.7,20200400,1468.7,20200400,1463.4,20200200
2019-11-29 15:00:00,1473.1,20200400,1473.1,20200400,1467.8,20200200
2019-11-29 16:00:00,1475.6,20200400,1475.6,20200400,1470.4,20200200
2019-11-29 17:00:00,1475.5,20200400,1475.5,20200400,1470.2,20200200
2019-11-29 18:00:00,1475.5,20200400,1475.5,20200400,1470.4,20200200
2019-11-29 23:00:00,1469.0,20200400,1469.0,20200400,1463.7,20200200
2019-12-01 23:00:00,1473.3,20200400,1473.3,20200400,1468.0,20200200
2019-12-02 00:00:00,1471.6,20200400,1471.6,20200400,1467.3,20200200
2019-12-02 01:00:00,1472.5,20200400,1472.5,20200400,1466.7,20200200
2019-12-02 02:00:00,1471.0,20200400,1471.0,20200400,1465.7,20200200
2019-12-02 03:00:00,1470.7,20200400,1470.7,20200400,1465.1,20200200
2019-12-02 04:00:00,1471.0,20200400,1471.0,20200400,1465.7,20200200
2019-12-02 07:00:00,1470.3,20200400,1470.3,20200400,1464.8,20200200
2019-12-02 08:00:00,1466.7,20200400,1466.7,20200400,1461.2,20200200
2019-12-02 09:00:00,1467.0,20200400,1467.0,20200400,1461.7,20200200
2019-12-02 10:00:00,1467.9,20200400,1467.9,20200400,1462.7,20200200
2019-12-02 11:00:00,1469.7,20200400,1469.7,20200400,1464.6,20200200
2019-12-02 12:00:00,1468.4,20200400,1468.4,20200400,1463.8,20200200
2019-12-02 13:00:00,1469.9,20200400,1469.9,20200400,1464.6,20200200
2019-12-02 14:00:00,1469.7,20200400,1469.7,20200400,1464.2,20200200
2019-12-02 15:00:00,1474.7,20200400,1474.7,20200400,1469.4,20200200
2019-12-02 16:00:00,1474.5,20200400,1474.5,20200400,1469.2,20200200
2019-12-02 17:00:00,1474.6,20200400,1474.6,20200400,1469.4,20200200
2019-12-02 18:00:00,1475.5,20200400,1475.5,20200400,1470.0,20200200
2019-12-02 19:00:00,1473.6,20200400,1473.6,20200400,1468.2,20200200
2019-12-02 20:00:00,1474.1,20200400,1474.1,20200400,1468.8,20200200
2019-12-02 21:00:00,1473.2,20200400,1473.2,20200400,1468.2,20200200
2019-12-02 23:00:00,1471.6,20200400,1471.6,20200400,1466.2,20200200
2019-12-03 00:00:00,1473.0,20200400,1473.0,20200400,1467.5,20200200
2019-12-03 01:00:00,1474.0,20200400,1474.0,20200400,1468.6,20200200
2019-12-03 02:00:00,1473.5,20200400,1473.5,20200400,1468.0,20200200
2019-12-03 03:00:00,1472.6,20200400,1472.6,20200400,1467.3,20200200
2019-12-03 04:00:00,1471.9,20200400,1471.9,20200400,1466.6,20200200
2019-12-03 07:00:00,1474.1,20200400,1474.1,20200400,1468.6,20200200
2019-12-03 08:00:00,1474.6,20200400,1474.6,20200400,1469.1,20200200
2019-12-03 09:00:00,1477.7,20200400,1477.7,20200400,1471.8,20200200
2019-12-03 10:00:00,1481.5,20200400,1481.5,20200400,1476.0,20200200
2019-12-03 11:00:00,1481.0,20200400,1481.0,20200400,1476.1,20200200
2019-12-03 12:00:00,1481.2,20200400,1481.2,20200400,1475.8,20200200
2019-12-03 13:00:00,1485.6,20200400,1485.6,20200400,1480.1,20200200
2019-12-03 14:00:00,1489.6,20200400,1489.6,20200400,1484.2,20200200
2019-12-03 15:00:00,1491.1,20200400,1491.1,20200400,1485.1,20200200
2019-12-03 16:00:00,1491.5,20200400,1491.5,20200400,1485.6,20200200
2019-12-03 17:00:00,1490.7,20200400,1490.7,20200400,1484.9,20200200
2019-12-03 18:00:00,1489.7,20200400,1489.7,20200400,1484.8,20200200
2019-12-03 19:00:00,1489.9,20200400,1489.9,20200400,1484.5,20200200
2019-12-03 20:00:00,1488.5,20200400,1488.5,20200400,1483.0,20200200
2019-12-03 21:00:00,1488.8,20200400,1488.8,20200400,1483.5,20200200
2019-12-03 23:00:00,1472.0,20200400,1472.0,20200400,1466.6,20200200
2019-12-04 00:00:00,1488.9,20200400,1488.9,20200400,1483.3,20200200
2019-12-04 01:00:00,1489.2,20200400,1489.2,20200400,1483.7,20200200
2019-12-04 02:00:00,1489.7,20200400,1489.7,20200400,1484.3,20200200
2019-12-04 03:00:00,1490.4,20200400,1490.4,20200400,1484.8,20200200
2019-12-04 04:00:00,1490.5,20200400,1490.5,20200400,1484.5,20200200
2019-12-04 07:00:00,1495.2,20200400,1495.2,20200400,1489.7,20200200
2019-12-04 08:00:00,1493.9,20200400,1493.9,20200400,1488.2,20200200
2019-12-04 09:00:00,1485.6,20200400,1485.6,20200400,1479.9,20200200
2019-12-04 10:00:00,1488.2,20200400,1488.2,20200400,1482.7,20200200
2019-12-04 11:00:00,1487.1,20200400,1487.1,20200400,1481.2,20200200
2019-12-04 12:00:00,1488.5,20200400,1488.5,20200400,1483.3,20200200
2019-12-04 13:00:00,1489.2,20200400,1489.2,20200400,1483.2,20200200
2019-12-04 14:00:00,1486.2,20200400,1486.2,20200400,1480.7,20200200
2019-12-04 15:00:00,1483.2,20200400,1483.2,20200400,1478.4,20200200
2019-12-04 16:00:00,1483.7,20200400,1483.7,20200400,1478.8,20200200
2019-12-04 17:00:00,1484.8,20200400,1484.8,20200400,1479.6,20200200
2019-12-04 18:00:00,1485.1,20200400,1485.1,20200400,1479.6,20200200
2019-12-04 19:00:00,1484.8,20200400,1484.8,20200400,1479.7,20200200
2019-12-04 20:00:00,1485.7,20200400,1485.7,20200400,1480.5,20200200
2019-12-04 21:00:00,1485.3,20200400,1485.3,20200400,1480.0,20200200
2019-12-04 23:00:00,1492.4,20200400,1492.4,20200400,1487.0,20200200
2019-12-05 00:00:00,1486.4,20200400,1486.4,20200400,1481.0,20200200
2019-12-05 01:00:00,1486.8,20200400,1486.8,20200400,1481.4,20200200
2019-12-05 02:00:00,1486.2,20200400,1486.2,20200400,1480.8,20200200
2019-12-05 03:00:00,1486.2,20200400,1486.2,20200400,1481.2,20200200
2019-12-05 04:00:00,1486.2,20200400,1486.2,20200400,1481.1,20200200
2019-12-05 07:00:00,1484.6,20200400,1484.6,20200400,1479.7,20200200
2019-12-05 08:00:00,1485.0,20200400,1485.0,20200400,1479.8,20200200
2019-12-05 09:00:00,1484.8,20200400,1484.8,20200400,1479.3,20200200
2019-12-05 10:00:00,1484.5,20200400,1484.5,20200400,1479.5,20200200
2019-12-05 11:00:00,1485.7,20200400,1485.7,20200400,1480.2,20200200
2019-12-05 12:00:00,1486.9,20200400,1486.9,20200400,1481.6,20200200
2019-12-05 13:00:00,1485.0,20200400,1485.0,20200400,1479.4,20200200
2019-12-05 14:00:00,1486.7,20200400,1486.7,20200400,1481.9,20200200
2019-12-05 15:00:00,1486.7,20200400,1486.7,20200400,1481.5,20200200
2019-12-05 16:00:00,1489.6,20200400,1489.6,20200400,1484.3,20200200
2019-12-05 17:00:00,1489.8,20200400,1489.8,20200400,1484.4,20200200
2019-12-05 18:00:00,1486.9,20200400,1486.9,20200400,1481.5,20200200
2019-12-05 19:00:00,1486.7,20200400,1486.7,20200400,1481.5,20200200
2019-12-05 20:00:00,1486.8,20200400,1486.8,20200400,1480.9,20200200
2019-12-05 21:00:00,1486.3,20200400,1486.3,20200400,1481.1,20200200
2019-12-05 23:00:00,1488.1,20200400,1488.1,20200400,1482.6,20200200
2019-12-06 00:00:00,1485.8,20200400,1485.8,20200400,1480.2,20200200
2019-12-06 01:00:00,1486.7,20200400,1486.7,20200400,1481.2,20200200
2019-12-06 02:00:00,1486.7,20200400,1486.7,20200400,1481.1,20200200
2019-12-06 03:00:00,1486.3,20200400,1486.3,20200400,1480.8,20200200
2019-12-06 04:00:00,1485.7,20200400,1485.7,20200400,1480.6,20200200
2019-12-06 07:00:00,1483.8,20200400,1483.8,20200400,1478.3,20200200
2019-12-06 08:00:00,1484.8,20200400,1484.8,20200400,1479.6,20200200
2019-12-06 09:00:00,1483.9,20200400,1483.9,20200400,1479.7,20200200
2019-12-06 10:00:00,1486.1,20200400,1486.1,20200400,1480.2,20200200
2019-12-06 11:00:00,1485.9,20200400,1485.9,20200400,1480.4,20200200
2019-12-06 12:00:00,1485.6,20200400,1485.6,20200400,1480.1,20200200
2019-12-06 13:00:00,1478.2,20200400,1478.2,20200400,1472.7,20200200
2019-12-06 14:00:00,1471.7,20200400,1471.7,20200400,1466.4,20200200
2019-12-06 15:00:00,1472.0,20200400,1472.0,20200400,1466.5,20200200
2019-12-06 16:00:00,1470.8,20200400,1470.8,20200400,1465.2,20200200
2019-12-06 17:00:00,1471.8,20200400,1471.8,20200400,1466.1,20200200
2019-12-06 18:00:00,1470.4,20200400,1470.4,20200400,1465.1,20200200
2019-12-06 19:00:00,1469.9,20200400,1469.9,20200400,1464.6,20200200
2019-12-06 20:00:00,1470.4,20200400,1470.4,20200400,1465.4,20200200
2019-12-06 21:00:00,1470.0,20200400,1470.0,20200400,1464.5,20200200
2019-12-06 23:00:00,1482.8,20200400,1482.8,20200400,1477.5,20200200
2019-12-08 23:00:00,1470.0,20200400,1470.0,20200400,1464.5,20200200
2019-12-09 00:00:00,1471.5,20200400,1471.5,20200400,1465.5,20200200
2019-12-09 01:00:00,1470.6,20200400,1470.6,20200400,1464.7,20200200
2019-12-09 02:00:00,1469.2,20200400,1469.2,20200400,1463.9,20200200
2019-12-09 03:00:00,1469.9,20200400,1469.9,20200400,1464.3,20200200
2019-12-09 04:00:00,1470.2,20200400,1470.2,20200400,1464.8,20200200
2019-12-09 07:00:00,1471.9,20200400,1471.9,20200400,1466.4,20200200
2019-12-09 08:00:00,1472.6,20200400,1472.6,20200400,1466.8,20200200
2019-12-09 09:00:00,1472.1,20200400,1472.1,20200400,1466.6,20200200
2019-12-09 10:00:00,1473.3,20200400,1473.3,20200400,1467.4,20200200
2019-12-09 11:00:00,1473.9,20200400,1473.9,20200400,1468.4,20200200
2019-12-09 12:00:00,1474.7,20200400,1474.7,20200400,1469.2,20200200
2019-12-09 13:00:00,1474.2,20200400,1474.2,20200400,1468.7,20200200
2019-12-09 14:00:00,1472.4,20200400,1472.4,20200400,1467.1,20200200
2019-12-09 15:00:00,1471.6,20200400,1471.6,20200400,1466.2,20200200
2019-12-09 16:00:00,1471.4,20200400,1471.4,20200400,1465.7,20200200
2019-12-09 17:00:00,1470.3,20200400,1470.3,20200400,1464.4,20200200
2019-12-09 18:00:00,1469.5,20200400,1469.5,20200400,1464.0,20200200
2019-12-09 19:00:00,1470.1,20200400,1470.1,20200400,1464.7,20200200
2019-12-09 20:00:00,1470.6,20200400,1470.6,20200400,1465.3,20200200
2019-12-09 21:00:00,1472.0,20200400,1472.0,20200400,1465.9,20200200
2019-12-09 23:00:00,1471.3,20200400,1471.3,20200400,1465.1,20200200
2019-12-10 00:00:00,1470.9,20200400,1470.9,20200400,1465.9,20200200
2019-12-10 01:00:00,1471.0,20200400,1471.0,20200400,1465.4,20200200
2019-12-10 02:00:00,1471.0,20200400,1471.0,20200400,1465.3,20200200
2019-12-10 03:00:00,1470.2,20200400,1470.2,20200400,1464.5,20200200
2019-12-10 04:00:00,1471.1,20200400,1471.1,20200400,1465.6,20200200
2019-12-10 07:00:00,1472.6,20200400,1472.6,20200400,1466.6,20200200
2019-12-10 08:00:00,1474.1,20200400,1474.1,20200400,1468.4,20200200
2019-12-10 09:00:00,1474.1,20200400,1474.1,20200400,1468.8,20200200
2019-12-10 10:00:00,1474.4,20200400,1474.4,20200400,1469.2,20200200
2019-12-10 11:00:00,1476.5,20200400,1476.5,20200400,1470.9,20200200
2019-12-10 12:00:00,1476.3,20200400,1476.3,20200400,1471.2,20200200
2019-12-10 13:00:00,1477.2,20200400,1477.2,20200400,1471.5,20200200
2019-12-10 14:00:00,1475.8,20200400,1475.8,20200400,1469.9,20200200
2019-12-10 15:00:00,1473.8,20200400,1473.8,20200400,1468.9,20200200
2019-12-10 16:00:00,1473.7,20200400,1473.7,20200400,1468.1,20200200
2019-12-10 17:00:00,1472.7,20200400,1472.7,20200400,1467.6,20200200
2019-12-10 18:00:00,1474.0,20200400,1474.0,20200400,1468.6,20200200
2019-12-10 19:00:00,1475.0,20200400,1475.0,20200400,1469.9,20200200
2019-12-10 20:00:00,1474.6,20200400,1474.6,20200400,1469.1,20200200
2019-12-10 21:00:00,1474.3,20200400,1474.3,20200400,1468.7,20200200
2019-12-10 23:00:00,1472.0,20200400,1472.0,20200400,1466.4,20200200
2019-12-11 00:00:00,1473.6,20200400,1473.6,20200400,1468.6,20200200
2019-12-11 01:00:00,1473.9,20200400,1473.9,20200400,1468.6,20200200
2019-12-11 02:00:00,1474.2,20200400,1474.2,20200400,1468.4,20200200
2019-12-11 03:00:00,1473.4,20200400,1473.4,20200400,1467.9,20200200
2019-12-11 04:00:00,1473.2,20200400,1473.2,20200400,1467.9,20200200
2019-12-11 07:00:00,1474.9,20200400,1474.9,20200400,1469.6,20200200
2019-12-11 08:00:00,1476.1,20200400,1476.1,20200400,1470.9,20200200
2019-12-11 09:00:00,1477.2,20200400,1477.2,20200400,1471.5,20200200
2019-12-11 10:00:00,1477.3,20200400,1477.3,20200400,1471.4,20200200
2019-12-11 11:00:00,1476.7,20200400,1476.7,20200400,1471.0,20200200
2019-12-11 12:00:00,1476.4,20200400,1476.4,20200400,1470.9,20200200
2019-12-11 13:00:00,1477.4,20200400,1477.4,20200400,1471.5,20200200
2019-12-11 14:00:00,1477.9,20200400,1477.9,20200400,1471.8,20200200
2019-12-11 15:00:00,1479.7,20200400,1479.7,20200400,1474.1,20200200
2019-12-11 16:00:00,1481.2,20200400,1481.2,20200400,1475.7,20200200
2019-12-11 17:00:00,1480.4,20200400,1480.4,20200400,1474.9,20200200
2019-12-11 18:00:00,1480.7,20200400,1480.7,20200400,1475.1,20200200
2019-12-11 19:00:00,1486.5,20200400,1486.5,20200400,1482.2,20200200
2019-12-11 20:00:00,1485.3,20200400,1485.3,20200400,1479.7,20200200
2019-12-11 21:00:00,1484.8,20200400,1484.8,20200400,1479.3,20200200
2019-12-11 23:00:00,1473.3,20200400,1473.3,20200400,1467.7,20200200
2019-12-12 00:00:00,1484.7,20200400,1484.7,20200400,1479.1,20200200
2019-12-12 01:00:00,1484.3,20200400,1484.3,20200400,1478.7,20200200
2019-12-12 02:00:00,1485.0,20200400,1485.0,20200400,1479.9,20200200
2019-12-12 03:00:00,1485.4,20200400,1485.4,20200400,1479.7,20200200
2019-12-12 04:00:00,1484.6,20200400,1484.6,20200400,1479.1,20200200
2019-12-12 07:00:00,1483.1,20200400,1483.1,20200400,1477.9,20200200
2019-12-12 08:00:00,1482.2,20200400,1482.2,20200400,1476.9,20200200
2019-12-12 09:00:00,1483.2,20200400,1483.2,20200400,1477.7,20200200
2019-12-12 10:00:00,1484.8,20200400,1484.8,20200400,1479.2,20200200
2019-12-12 11:00:00,1484.6,20200400,1484.6,20200400,1479.1,20200200
2019-12-12 12:00:00,1485.2,20200400,1485.2,20200400,1479.5,20200200
2019-12-12 13:00:00,1493.3,20200400,1493.3,20200400,1487.6,20200200
2019-12-12 14:00:00,1478.5,20200400,1478.5,20200400,1473.3,20200200
2019-12-12 15:00:00,1476.2,20200400,1476.2,20200400,1471.1,20200200
2019-12-12 16:00:00,1478.0,20200400,1478.0,20200400,1472.4,20200200
2019-12-12 17:00:00,1477.8,20200400,1477.8,20200400,1472.2,20200200
2019-12-12 18:00:00,1478.4,20200400,1478.4,20200400,1472.5,20200200
2019-12-12 19:00:00,1479.9,20200400,1479.9,20200400,1474.0,20200200
2019-12-12 20:00:00,1479.2,20200400,1479.2,20200400,1474.3,20200200
2019-12-12 21:00:00,1479.0,20200400,1479.0,20200400,1474.1,20200200
2019-12-12 23:00:00,1483.4,20200400,1483.4,20200400,1477.6,20200200
2019-12-13 00:00:00,1475.8,20200400,1475.8,20200400,1470.1,20200200
2019-12-13 01:00:00,1478.4,20200400,1478.4,20200400,1472.8,20200200
2019-12-13 02:00:00,1479.1,20200400,1479.1,20200400,1473.4,20200200
2019-12-13 03:00:00,1477.5,20200400,1477.5,20200400,1472.0,20200200
2019-12-13 04:00:00,1477.0,20200400,1477.0,20200400,1471.4,20200200
2019-12-13 07:00:00,1479.4,20200400,1479.4,20200400,1473.6,20200200
2019-12-13 08:00:00,1482.0,20200400,1482.0,20200400,1476.9,20200200
2019-12-13 09:00:00,1481.1,20200400,1481.1,20200400,1475.6,20200200
2019-12-13 10:00:00,1480.8,20200400,1480.8,20200400,1475.4,20200200
2019-12-13 11:00:00,1481.5,20200400,1481.5,20200400,1475.6,20200200
2019-12-13 12:00:00,1483.6,20200400,1483.6,20200400,1477.9,20200200
2019-12-13 13:00:00,1478.2,20200400,1478.2,20200400,1472.6,20200200
2019-12-13 14:00:00,1482.6,20200400,1482.6,20200400,1477.4,20200200
2019-12-13 15:00:00,1482.5,20200400,1482.5,20200400,1476.7,20200200
2019-12-13 16:00:00,1485.2,20200400,1485.2,20200400,1479.7,20200200
2019-12-13 17:00:00,1484.7,20200400,1484.7,20200400,1479.1,20200200
2019-12-13 18:00:00,1487.2,20200400,1487.2,20200400,1481.1,20200200
2019-12-13 19:00:00,1487.2,20200400,1487.2,20200400,1481.6,20200200
2019-12-13 20:00:00,1486.1,20200400,1486.1,20200400,1481.0,20200200
2019-12-13 21:00:00,1486.3,20200400,1486.3,20200400,1480.3,20200200
2019-12-13 23:00:00,1476.3,20200400,1476.3,20200400,1471.1,20200200
2019-12-15 23:00:00,1484.2,20200400,1484.2,20200400,1478.4,20200200
2019-12-16 00:00:00,1484.4,20200400,1484.4,20200400,1478.7,20200200
2019-12-16 01:00:00,1483.7,20200400,1483.7,20200400,1478.7,20200200
2019-12-16 02:00:00,1483.7,20200400,1483.7,20200400,1479.4,20200200
2019-12-16 03:00:00,1484.6,20200400,1484.6,20200400,1479.1,20200200
2019-12-16 04:00:00,1484.7,20200400,1484.7,20200400,1479.4,20200200
2019-12-16 07:00:00,1487.3,20200400,1487.3,20200400,1481.6,20200200
2019-12-16 08:00:00,1485.0,20200400,1485.0,20200400,1479.4,20200200
2019-12-16 09:00:00,1487.3,20200400,1487.3,20200400,1481.8,20200200
2019-12-16 10:00:00,1487.4,20200400,1487.4,20200400,1481.7,20200200
2019-12-16 11:00:00,1486.7,20200400,1486.7,20200400,1481.1,20200200
2019-12-16 12:00:00,1487.4,20200400,1487.4,20200400,1481.9,20200200
2019-12-16 13:00:00,1488.0,20200400,1488.0,20200400,1482.4,20200200
2019-12-16 14:00:00,1488.6,20200400,1488.6,20200400,1482.7,20200200
2019-12-16 15:00:00,1484.9,20200400,1484.9,20200400,1479.2,20200200
2019-12-16 16:00:00,1485.0,20200400,1485.0,20200400,1478.9,20200200
2019-12-16 17:00:00,1485.0,20200400,1485.0,20200400,1479.4,20200200
2019-12-16 18:00:00,1485.9,20200400,1485.9,20200400,1480.0,20200200
2019-12-16 19:00:00,1485.9,20200400,1485.9,20200400,1480.5,20200200
2019-12-16 20:00:00,1486.5,20200400,1486.5,20200400,1480.7,20200200
2019-12-16 21:00:00,1486.2,20200400,1486.2,20200400,1480.4,20200200
2019-12-16 23:00:00,1487.2,20200400,1487.2,20200400,1481.2,20200200
2019-12-17 00:00:00,1485.5,20200400,1485.5,20200400,1479.7,20200200
2019-12-17 01:00:00,1484.5,20200400,1484.5,20200400,1479.3,20200200
2019-12-17 02:00:00,1486.1,20200400,1486.1,20200400,1480.4,20200200
2019-12-17 03:00:00,1486.4,20200400,1486.4,20200400,1480.7,20200200
2019-12-17 04:00:00,1487.4,20200400,1487.4,20200400,1481.6,20200200
2019-12-17 07:00:00,1486.5,20200400,1486.5,20200400,1480.9,20200200
2019-12-17 08:00:00,1488.3,20200400,1488.3,20200400,1482.6,20200200
2019-12-17 09:00:00,1488.8,20200400,1488.8,20200400,1483.0,20200200
2019-12-17 10:00:00,1490.2,20200400,1490.2,20200400,1484.5,20200200
2019-12-17 11:00:00,1489.4,20200400,1489.4,20200400,1483.6,20200200
2019-12-17 12:00:00,1489.1,20200400,1489.1,20200400,1483.4,20200200
2019-12-17 13:00:00,1485.7,20200400,1485.7,20200400,1480.5,20200200
2019-12-17 14:00:00,1486.6,20200400,1486.6,20200400,1480.7,20200200
2019-12-17 15:00:00,1485.7,20200400,1485.7,20200400,1480.1,20200200
2019-12-17 16:00:00,1486.5,20200400,1486.5,20200400,1480.7,20200200
2019-12-17 17:00:00,1487.1,20200400,1487.1,20200400,1481.4,20200200
2019-12-17 18:00:00,1486.2,20200400,1486.2,20200400,1480.4,20200200
2019-12-17 19:00:00,1485.3,20200400,1485.3,20200400,1479.7,20200200
2019-12-17 20:00:00,1485.7,20200400,1485.7,20200400,1480.2,20200200
2019-12-17 21:00:00,1486.4,20200400,1486.4,20200400,1480.5,20200200
2019-12-17 23:00:00,1487.4,20200400,1487.4,20200400,1481.6,20200200
2019-12-18 00:00:00,1485.7,20200400,1485.7,20200400,1479.9,20200200
2019-12-18 01:00:00,1485.4,20200400,1485.4,20200400,1480.3,20200200
2019-12-18 02:00:00,1486.2,20200400,1486.2,20200400,1480.5,20200200
2019-12-18 03:00:00,1486.2,20200400,1486.2,20200400,1480.8,20200200
2019-12-18 04:00:00,1487.1,20200400,1487.1,20200400,1481.4,20200200
2019-12-18 07:00:00,1487.7,20200400,1487.7,20200400,1482.2,20200200
2019-12-18 08:00:00,1488.0,20200400,1488.0,20200400,1481.9,20200200
2019-12-18 09:00:00,1488.7,20200400,1488.7,20200400,1483.2,20200200
2019-12-18 10:00:00,1488.9,20200400,1488.9,20200400,1483.2,20200200
2019-12-18 11:00:00,1486.7,20200400,1486.7,20200400,1481.1,20200200
2019-12-18 12:00:00,1485.9,20200400,1485.9,20200400,1480.3,20200200
2019-12-18 13:00:00,1482.1,20200400,1482.1,20200400,1476.5,20200200
2019-12-18 14:00:00,1484.1,20200400,1484.1,20200400,1478.3,20200200
2019-12-18 15:00:00,1486.0,20200400,1486.0,20200400,1480.1,20200200
2019-12-18 16:00:00,1485.2,20200400,1485.2,20200400,1479.5,20200200
2019-12-18 17:00:00,1484.4,20200400,1484.4,20200400,1478.9,20200200
2019-12-18 18:00:00,1484.6,20200400,1484.6,20200400,1478.7,20200200
2019-12-18 19:00:00,1485.4,20200400,1485.4,20200400,1479.3,20200200
2019-12-18 20:00:00,1485.5,20200400,1485.5,20200400,1480.1,20200200
2019-12-18 21:00:00,1485.3,20200400,1485.3,20200400,1479.4,20200200
2019-12-18 23:00:00,1487.1,20200400,1487.1,20200400,1481.4,20200200
2019-12-19 00:00:00,1484.8,20200400,1484.8,20200400,1479.1,20200200
2019-12-19 01:00:00,1486.2,20200400,1486.2,20200400,1481.4,20200200
2019-12-19 02:00:00,1487.4,20200400,1487.4,20200400,1481.8,20200200
2019-12-19 03:00:00,1487.5,20200400,1487.5,20200400,1481.8,20200200
2019-12-19 04:00:00,1487.5,20200400,1487.5,20200400,1481.7,20200200
2019-12-19 07:00:00,1485.5,20200400,1485.5,20200400,1480.1,20200200
2019-12-19 08:00:00,1484.5,20200400,1484.5,20200400,1479.2,20200200
2019-12-19 09:00:00,1483.7,20200400,1483.7,20200400,1478.1,20200200
2019-12-19 10:00:00,1483.4,20200400,1483.4,20200400,1478.3,20200200
2019-12-19 11:00:00,1483.8,20200400,1483.8,20200400,1478.5,20200200
2019-12-19 12:00:00,1484.0,20200400,1484.0,20200400,1478.0,20200200
2019-12-19 13:00:00,1486.3,20200400,1486.3,20200400,1480.3,20200200
2019-12-19 14:00:00,1486.5,20200400,1486.5,20200400,1480.5,20200200
2019-12-19 15:00:00,1486.0,20200400,1486.0,20200400,1480.2,20200200
2019-12-19 16:00:00,1487.6,20200400,1487.6,20200400,1482.7,20200200
2019-12-19 17:00:00,1489.5,20200400,1489.5,20200400,1483.8,20200200
2019-12-19 18:00:00,1489.9,20200400,1489.9,20200400,1485.0,20200200
2019-12-19 19:00:00,1489.8,20200400,1489.8,20200400,1483.8,20200200
2019-12-19 20:00:00,1488.9,20200400,1488.9,20200400,1483.3,20200200
2019-12-19 21:00:00,1488.4,20200400,1488.4,20200400,1482.7,20200200
2019-12-19 23:00:00,1485.9,20200400,1485.9,20200400,1480.4,20200200
2019-12-20 00:00:00,1488.9,20200400,1488.9,20200400,1482.8,20200200
2019-12-20 01:00:00,1487.8,20200400,1487.8,20200400,1482.2,20200200
2019-12-20 02:00:00,1487.5,20200400,1487.5,20200400,1481.9,20200200
2019-12-20 03:00:00,1487.5,20200400,1487.5,20200400,1482.5,20200200
2019-12-20 04:00:00,1488.5,20200400,1488.5,20200400,1482.9,20200200
2019-12-20 07:00:00,1487.8,20200400,1487.8,20200400,1482.3,20200200
2019-12-20 08:00:00,1487.0,20200400,1487.0,20200400,1481.5,20200200
2019-12-20 09:00:00,1487.5,20200400,1487.5,20200400,1482.0,20200200
2019-12-20 10:00:00,1486.7,20200400,1486.7,20200400,1481.2,20200200
2019-12-20 11:00:00,1487.0,20200400,1487.0,20200400,1481.3,20200200
2019-12-20 12:00:00,1488.6,20200400,1488.6,20200400,1482.8,20200200
2019-12-20 13:00:00,1489.7,20200400,1489.7,20200400,1484.0,20200200
2019-12-20 14:00:00,1489.1,20200400,1489.1,20200400,1483.5,20200200
2019-12-20 15:00:00,1488.8,20200400,1488.8,20200400,1483.0,20200200
2019-12-20 16:00:00,1485.9,20200400,1485.9,20200400,1481.3,20200200
2019-12-20 17:00:00,1486.8,20200400,1486.8,20200400,1481.2,20200200
2019-12-20 18:00:00,1487.0,20200400,1487.0,20200400,1481.3,20200200
2019-12-20 19:00:00,1487.5,20200400,1487.5,20200400,1481.8,20200200
2019-12-20 20:00:00,1487.0,20200400,1487.0,20200400,1481.4,20200200
2019-12-20 21:00:00,1487.3,20200400,1487.3,20200400,1482.4,20200200
2019-12-20 23:00:00,1488.5,20200400,1488.5,20200400,1482.8,20200200
2019-12-22 23:00:00,1487.4,20200400,1487.4,20200400,1482.1,20200200
2019-12-23 00:00:00,1488.4,20200400,1488.4,20200400,1482.7,20200200
2019-12-23 01:00:00,1488.6,20200400,1488.6,20200400,1483.3,20200200
2019-12-23 02:00:00,1489.3,20200400,1489.3,20200400,1483.7,20200200
2019-12-23 03:00:00,1490.2,20200400,1490.2,20200400,1484.5,20200200
2019-12-23 04:00:00,1490.5,20200400,1490.5,20200400,1484.5,20200200
2019-12-23 07:00:00,1492.9,20200400,1492.9,20200400,1487.4,20200200
2019-12-23 08:00:00,1494.1,20200400,1494.1,20200400,1487.9,20200200
2019-12-23 09:00:00,1494.3,20200400,1494.3,20200400,1488.7,20200200
2019-12-23 10:00:00,1494.1,20200400,1494.1,20200400,1488.3,20200200
2019-12-23 11:00:00,1492.9,20200400,1492.9,20200400,1487.2,20200200
2019-12-23 12:00:00,1491.4,20200400,1491.4,20200400,1485.8,20200200
2019-12-23 13:00:00,1493.0,20200400,1493.0,20200400,1487.0,20200200
2019-12-23 14:00:00,1492.4,20200400,1492.4,20200400,1486.6,20200200
2019-12-23 15:00:00,1493.0,20200400,1493.0,20200400,1487.5,20200200
2019-12-23 16:00:00,1492.3,20200400,1492.3,20200400,1486.8,20200200
2019-12-23 17:00:00,1493.5,20200400,1493.5,20200400,1487.8,20200200
2019-12-23 18:00:00,1493.9,20200400,1493.9,20200400,1488.5,20200200
2019-12-23 19:00:00,1495.2,20200400,1495.2,20200400,1489.6,20200200
2019-12-23 20:00:00,1495.0,20200400,1495.0,20200400,1489.7,20200200
2019-12-23 21:00:00,1495.3,20200400,1495.3,20200400,1489.8,20200200
2019-12-23 23:00:00,1492.8,20200400,1492.8,20200400,1487.1,20200200
2019-12-24 00:00:00,1494.4,20200400,1494.4,20200400,1488.7,20200200
2019-12-24 01:00:00,1496.9,20200400,1496.9,20200400,1491.4,20200200
2019-12-24 02:00:00,1498.8,20200400,1498.8,20200400,1493.4,20200200
2019-12-24 03:00:00,1498.3,20200400,1498.3,20200400,1492.7,20200200
2019-12-24 04:00:00,1498.0,20200400,1498.0,20200400,1492.7,20200200
2019-12-24 07:00:00,1499.8,20200400,1499.8,20200400,1493.8,20200200
2019-12-24 08:00:00,1500.7,20200400,1500.7,20200400,1495.0,20200200
2019-12-24 09:00:00,1501.4,20200400,1501.4,20200400,1494.9,20200200
2019-12-24 10:00:00,1500.0,20200400,1500.0,20200400,1494.3,20200200
2019-12-24 11:00:00,1500.1,20200400,1500.1,20200400,1494.1,20200200
2019-12-24 12:00:00,1499.5,20200400,1499.5,20200400,1493.8,20200200
2019-12-24 13:00:00,1499.6,20200400,1499.6,20200400,1494.3,20200200
2019-12-24 14:00:00,1502.5,20200400,1502.5,20200400,1497.0,20200200
2019-12-24 15:00:00,1508.7,20200400,1508.7,20200400,1503.0,20200200
2019-12-24 16:00:00,1508.9,20200400,1508.9,20200400,1503.4,20200200
2019-12-24 17:00:00,1509.9,20200400,1509.9,20200400,1504.2,20200200
2019-12-24 18:00:00,1509.8,20200400,1509.8,20200400,1504.4,20200200
2019-12-24 23:00:00,1499.5,20200400,1499.5,20200400,1493.7,20200200
2019-12-25 23:00:00,1510.0,20200400,1510.0,20200400,1504.0,20200200
2019-12-26 00:00:00,1508.3,20200400,1508.3,20200400,1502.8,20200200
2019-12-26 01:00:00,1511.6,20200400,1511.6,20200400,1505.7,20200200
2019-12-26 02:00:00,1513.2,20200400,1513.2,20200400,1507.7,20200200
2019-12-26 03:00:00,1513.8,20200400,1513.8,20200400,1507.9,20200200
2019-12-26 04:00:00,1513.5,20200400,1513.5,20200400,1507.5,20200200
2019-12-26 07:00:00,1514.1,20200400,1514.1,20200400,1507.3,20200200
2019-12-26 08:00:00,1514.6,20200400,1514.6,20200400,1508.8,20200200
2019-12-26 09:00:00,1514.0,20200400,1514.0,20200400,1508.5,20200200
2019-12-26 10:00:00,1515.0,20200400,1515.0,20200400,1508.9,20200200
2019-12-26 11:00:00,1515.3,20200400,1515.3,20200400,1509.4,20200200
2019-12-26 12:00:00,1516.0,20200400,1516.0,20200400,1510.0,20200200
2019-12-26 13:00:00,1518.1,20200400,1518.1,20200400,1512.4,20200200
2019-12-26 14:00:00,1520.2,20200400,1520.2,20200400,1514.7,20200200
2019-12-26 15:00:00,1522.9,20200400,1522.9,20200400,1516.9,20200200
2019-12-26 16:00:00,1518.8,20200400,1518.8,20200400,1512.8,20200200
2019-12-26 17:00:00,1519.4,20200400,1519.4,20200400,1513.4,20200200
2019-12-26 18:00:00,1522.7,20200400,1522.7,20200400,1516.8,20200200
2019-12-26 19:00:00,1520.7,20200400,1520.7,20200400,1514.6,20200200
2019-12-26 20:00:00,1522.3,20200400,1522.3,20200400,1516.6,20200200
2019-12-26 21:00:00,1522.4,20200400,1522.4,20200400,1516.0,20200200
2019-12-26 23:00:00,1514.0,20200400,1514.0,20200400,1507.4,20200200
2019-12-27 00:00:00,1521.0,20200400,1521.0,20200400,1514.8,20200200
2019-12-27 01:00:00,1521.0,20200400,1521.0,20200400,1515.1,20200200
2019-12-27 02:00:00,1524.1,20200400,1524.1,20200400,1518.3,20200200
2019-12-27 03:00:00,1524.1,20200400,1524.1,20200400,1517.7,20200200
2019-12-27 04:00:00,1523.5,20200400,1523.5,20200400,1517.6,20200200
2019-12-27 07:00:00,1518.3,20200400,1518.3,20200400,1513.2,20200200
2019-12-27 08:00:00,1520.3,20200400,1520.3,20200400,1514.4,20200200
2019-12-27 09:00:00,1522.1,20200400,1522.1,20200400,1516.5,20200200
2019-12-27 10:00:00,1521.5,20200400,1521.5,20200400,1516.2,20200200
2019-12-27 11:00:00,1520.0,20200400,1520.0,20200400,1514.6,20200200
2019-12-27 12:00:00,1521.5,20200400,1521.5,20200400,1515.7,20200200
2019-12-27 13:00:00,1520.6,20200400,1520.6,20200400,1515.0,20200200
2019-12-27 14:00:00,1520.9,20200400,1520.9,20200400,1515.3,20200200
2019-12-27 15:00:00,1521.9,20200400,1521.9,20200400,1516.0,20200200
2019-12-27 16:00:00,1524.1,20200400,1524.1,20200400,1518.5,20200200
2019-12-27 17:00:00,1524.6,20200400,1524.6,20200400,1518.7,20200200
2019-12-27 18:00:00,1523.9,20200400,1523.9,20200400,1517.7,20200200
2019-12-27 19:00:00,1522.9,20200400,1522.9,20200400,1516.9,20200200
2019-12-27 20:00:00,1520.9,20200400,1520.9,20200400,1515.2,20200200
2019-12-27 21:00:00,1521.4,20200400,1521.4,20200400,1515.6,20200200
2019-12-27 23:00:00,1519.4,20200400,1519.4,20200400,1513.4,20200200
2019-12-29 23:00:00,1523.1,20200400,1523.1,20200400,1517.0,20200200
2019-12-30 00:00:00,1522.5,20200400,1522.5,20200400,1516.4,20200200
2019-12-30 01:00:00,1523.6,20200400,1523.6,20200400,1517.4,20200200
2019-12-30 02:00:00,1524.2,20200400,1524.2,20200400,1518.2,20200200
2019-12-30 03:00:00,1523.8,20200400,1523.8,20200400,1518.3,20200200
2019-12-30 04:00:00,1523.9,20200400,1523.9,20200400,1517.8,20200200
2019-12-30 07:00:00,1523.2,20200400,1523.2,20200400,1517.3,20200200
2019-12-30 08:00:00,1521.6,20200400,1521.6,20200400,1515.5,20200200
2019-12-30 09:00:00,1521.8,20200400,1521.8,20200400,1515.8,20200200
2019-12-30 10:00:00,1520.9,20200400,1520.9,20200400,1514.9,20200200
2019-12-30 11:00:00,1519.6,20200400,1519.6,20200400,1513.6,20200200
2019-12-30 12:00:00,1521.4,20200400,1521.4,20200400,1515.3,20200200
2019-12-30 13:00:00,1521.2,20200400,1521.2,20200400,1515.2,20200200
2019-12-30 14:00:00,1524.3,20200400,1524.3,20200400,1518.4,20200200
2019-12-30 15:00:00,1522.7,20200400,1522.7,20200400,1516.7,20200200
2019-12-30 16:00:00,1524.6,20200400,1524.6,20200400,1518.5,20200200
2019-12-30 17:00:00,1524.1,20200400,1524.1,20200400,1518.1,20200200
2019-12-30 18:00:00,1523.7,20200400,1523.7,20200400,1518.0,20200200
2019-12-30 19:00:00,1524.4,20200400,1524.4,20200400,1518.5,20200200
2019-12-30 20:00:00,1523.6,20200400,1523.6,20200400,1517.8,20200200
2019-12-30 21:00:00,1523.8,20200400,1523.8,20200400,1518.2,20200200
2019-12-30 23:00:00,1522.4,20200400,1522.4,20200400,1516.7,20200200
2019-12-31 00:00:00,1524.5,20200400,1524.5,20200400,1518.8,20200200
2019-12-31 01:00:00,1530.4,20200400,1530.4,20200400,1524.3,20200200
2019-12-31 02:00:00,1530.6,20200400,1530.6,20200400,1524.3,20200200
2019-12-31 03:00:00,1530.9,20200400,1530.9,20200400,1525.0,20200200
2019-12-31 04:00:00,1531.9,20200400,1531.9,20200400,1526.4,20200200
2019-12-31 07:00:00,1532.8,20200400,1532.8,20200400,1526.9,20200200
2019-12-31 08:00:00,1533.2,20200400,1533.2,20200400,1527.4,20200200
2019-12-31 09:00:00,1532.6,20200400,1532.6,20200400,1526.7,20200200
2019-12-31 10:00:00,1531.6,20200400,1531.6,20200400,1525.6,20200200
2019-12-31 11:00:00,1531.0,20200400,1531.0,20200400,1524.7,20200200
2019-12-31 12:00:00,1530.3,20200400,1530.3,20200400,1524.3,20200200
2019-12-31 13:00:00,1529.7,20200400,1529.7,20200400,1523.7,20200200
2019-12-31 14:00:00,1527.4,20200400,1527.4,20200400,1521.5,20200200
2019-12-31 15:00:00,1530.4,20200400,1530.4,20200400,1524.9,20200200
2019-12-31 16:00:00,1530.8,20200400,1530.8,20200400,1524.7,20200200
2019-12-31 17:00:00,1531.6,20200400,1531.6,20200400,1525.6,20200200
2019-12-31 18:00:00,1529.3,20200400,1529.3,20200400,1523.2,20200200
2019-12-31 19:00:00,1529.4,20200400,1529.4,20200400,1522.6,20200200
2019-12-31 20:00:00,1526.6,20200400,1526.6,20200400,1520.6,20200200
2019-12-31 21:00:00,1526.0,20200400,1526.0,20200400,1520.0,20200200
2019-12-31 23:00:00,1532.5,20200400,1532.5,20200400,1526.5,20200200
2020-01-01 23:00:00,1527.0,20200400,1527.0,20200400,1521.0,20200200
2020-01-02 00:00:00,1527.0,20200400,1527.0,20200400,1521.2,20200200
2020-01-02 01:00:00,1527.8,20200400,1527.8,20200400,1522.0,20200200
2020-01-02 02:00:00,1529.1,20200400,1529.1,20200400,1523.1,20200200
2020-01-02 03:00:00,1528.9,20200400,1528.9,20200400,1522.9,20200200
2020-01-02 04:00:00,1529.0,20200400,1529.0,20200400,1521.9,20200200
2020-01-02 07:00:00,1527.8,20200400,1527.8,20200400,1521.7,20200200
2020-01-02 08:00:00,1529.5,20200400,1529.5,20200400,1523.3,20200200
2020-01-02 09:00:00,1529.1,20200400,1529.1,20200400,1523.1,20200200
2020-01-02 10:00:00,1529.6,20200400,1529.6,20200400,1523.8,20200200
2020-01-02 11:00:00,1530.2,20200400,1530.2,20200400,1524.5,20200200
2020-01-02 12:00:00,1531.8,20200400,1531.8,20200400,1525.7,20200200
2020-01-02 13:00:00,1536.8,20200400,1536.8,20200400,1530.7,20200200
2020-01-02 14:00:00,1534.6,20200400,1534.6,20200400,1529.0,20200200
2020-01-02 15:00:00,1537.6,20200400,1537.6,20200400,1531.8,20200200
2020-01-02 16:00:00,1534.2,20200400,1534.2,20200400,1528.0,20200200
2020-01-02 17:00:00,1533.9,20200400,1533.9,20200400,1527.8,20200200
2020-01-02 18:00:00,1534.9,20200400,1534.9,20200400,1528.8,20200200
2020-01-02 19:00:00,1535.3,20200400,1535.3,20200400,1529.3,20200200
2020-01-02 20:00:00,1536.5,20200400,1536.5,20200400,1530.9,20200200
2020-01-02 21:00:00,1537.8,20200400,1537.8,20200400,1531.6,20200200
2020-01-02 23:00:00,1529.6,20200400,1529.6,20200400,1523.5,20200200
2020-01-03 00:00:00,1539.2,20200400,1539.2,20200400,1533.1,20200200
2020-01-03 01:00:00,1543.5,20200400,1543.5,20200400,1537.6,20200200
2020-01-03 02:00:00,1547.5,20200400,1547.5,20200400,1541.0,20200200
2020-01-03 03:00:00,1547.3,20200400,1547.3,20200400,1541.3,20200200
2020-01-03 04:00:00,1547.6,20200400,1547.6,20200400,1541.4,20200200
2020-01-03 07:00:00,1552.2,20200400,1552.2,20200400,1546.1,20200200
2020-01-03 08:00:00,1553.0,20200400,1553.0,20200400,1546.9,20200200
2020-01-03 09:00:00,1555.9,20200400,1555.9,20200400,1549.4,20200200
2020-01-03 10:00:00,1557.7,20200400,1557.7,20200400,1551.1,20200200
2020-01-03 11:00:00,1558.2,20200400,1558.2,20200400,1551.9,20200200
2020-01-03 12:00:00,1555.3,20200400,1555.3,20200400,1548.9,20200200
2020-01-03 13:00:00,1555.3,20200400,1555.3,20200400,1548.7,20200200
2020-01-03 14:00:00,1554.6,20200400,1554.6,20200400,1548.6,20200200
2020-01-03 15:00:00,1557.8,20200400,1557.8,20200400,1551.5,20200200
2020-01-03 16:00:00,1557.0,20200400,1557.0,20200400,1550.8,20200200
2020-01-03 17:00:00,1557.5,20200400,1557.5,20200400,1551.4,20200200
2020-01-03 18:00:00,1558.3,20200400,1558.3,20200400,1552.2,20200200
2020-01-03 19:00:00,1556.7,20200400,1556.7,20200400,1550.4,20200200
2020-01-03 20:00:00,1557.1,20200400,1557.1,20200400,1551.7,20200200
2020-01-03 21:00:00,1561.3,20200400,1561.3,20200400,1555.2,20200200
2020-01-03 23:00:00,1550.1,20200400,1550.1,20200400,1543.9,20200200
2020-01-05 23:00:00,1577.3,20200400,1577.3,20200400,1571.6,20200200
2020-01-06 00:00:00,1578.5,20200400,1578.5,20200400,1571.9,20200200
2020-01-06 01:00:00,1586.5,20200400,1586.5,20200400,1580.2,20200200
2020-01-06 02:00:00,1586.3,20200400,1586.3,20200400,1580.0,20200200
2020-01-06 03:00:00,1586.6,20200400,1586.6,20200400,1580.5,20200200
2020-01-06 04:00:00,1584.8,20200400,1584.8,20200400,1578.4,20200200
2020-01-06 07:00:00,1582.5,20200400,1582.5,20200400,1576.4,20200200
2020-01-06 08:00:00,1584.4,20200400,1584.4,20200400,1577.9,20200200
2020-01-06 09:00:00,1584.8,20200400,1584.8,20200400,1579.5,20200200
2020-01-06 10:00:00,1586.1,20200400,1586.1,20200400,1579.9,20200200
2020-01-06 11:00:00,1587.5,20200400,1587.5,20200400,1580.9,20200200
2020-01-06 12:00:00,1585.2,20200400,1585.2,20200400,1578.8,20200200
2020-01-06 13:00:00,1582.9,20200400,1582.9,20200400,1576.3,20200200
2020-01-06 14:00:00,1581.2,20200400,1581.2,20200400,1575.0,20200200
2020-01-06 15:00:00,1572.5,20200400,1572.5,20200400,1566.2,20200200
2020-01-06 16:00:00,1572.2,20200400,1572.2,20200400,1566.7,20200200
2020-01-06 17:00:00,1572.5,20200400,1572.5,20200400,1566.5,20200200
2020-01-06 18:00:00,1575.1,20200400,1575.1,20200400,1568.6,20200200
2020-01-06 19:00:00,1573.0,20200400,1573.0,20200400,1566.8,20200200
2020-01-06 20:00:00,1573.9,20200400,1573.9,20200400,1567.6,20200200
2020-01-06 21:00:00,1574.1,20200400,1574.1,20200400,1567.7,20200200
2020-01-06 23:00:00,1583.0,20200400,1583.0,20200400,1576.7,20200200
2020-01-07 00:00:00,1572.2,20200400,1572.2,20200400,1566.1,20200200
2020-01-07 01:00:00,1566.0,20200400,1566.0,20200400,1559.6,20200200
2020-01-07 02:00:00,1566.9,20200400,1566.9,20200400,1560.7,20200200
2020-01-07 03:00:00,1567.4,20200400,1567.4,20200400,1560.9,20200200
2020-01-07 04:00:00,1567.0,20200400,1567.0,20200400,1561.0,20200200
2020-01-07 07:00:00,1578.0,20200400,1578.0,20200400,1571.6,20200200
2020-01-07 08:00:00,1572.5,20200400,1572.5,20200400,1566.6,20200200
2020-01-07 09:00:00,1573.7,20200400,1573.7,20200400,1567.9,20200200
2020-01-07 10:00:00,1573.5,20200400,1573.5,20200400,1567.3,20200200
2020-01-07 11:00:00,1576.1,20200400,1576.1,20200400,1569.3,20200200
2020-01-07 12:00:00,1572.9,20200400,1572.9,20200400,1566.9,20200200
2020-01-07 13:00:00,1576.0,20200400,1576.0,20200400,1569.8,20200200
2020-01-07 14:00:00,1577.0,20200400,1577.0,20200400,1570.7,20200200
2020-01-07 15:00:00,1576.2,20200400,1576.2,20200400,1570.3,20200200
2020-01-07 16:00:00,1578.9,20200400,1578.9,20200400,1572.8,20200200
2020-01-07 17:00:00,1579.5,20200400,1579.5,20200400,1573.6,20200200
2020-01-07 18:00:00,1580.0,20200400,1580.0,20200400,1574.0,20200200
2020-01-07 19:00:00,1578.9,20200400,1578.9,20200400,1572.9,20200200
2020-01-07 20:00:00,1579.5,20200400,1579.5,20200400,1573.4,20200200
2020-01-07 21:00:00,1582.3,20200400,1582.3,20200400,1576.1,20200200
2020-01-07 23:00:00,1573.0,20200400,1573.0,20200400,1566.6,20200200
2020-01-08 00:00:00,1606.3,20200400,1606.3,20200400,1600.6,20200200
2020-01-08 01:00:00,1602.0,20200400,1602.0,20200400,1595.1,20200200
2020-01-08 02:00:00,1593.0,20200400,1593.0,20200400,1587.2,20200200
2020-01-08 03:00:00,1598.2,20200400,1598.2,20200400,1592.4,20200200
2020-01-08 04:00:00,1600.8,20200400,1600.8,20200400,1594.8,20200200
2020-01-08 07:00:00,1596.4,20200400,1596.4,20200400,1590.0,20200200
2020-01-08 08:00:00,1588.5,20200400,1588.5,20200400,1582.4,20200200
2020-01-08 09:00:00,1591.4,20200400,1591.4,20200400,1585.0,20200200
2020-01-08 10:00:00,1588.0,20200400,1588.0,20200400,1582.0,20200200
2020-01-08 11:00:00,1584.7,20200400,1584.7,20200400,1578.6,20200200
2020-01-08 12:00:00,1582.9,20200400,1582.9,20200400,1576.7,20200200
2020-01-08 13:00:00,1584.1,20200400,1584.1,20200400,1578.1,20200200
2020-01-08 14:00:00,1581.0,20200400,1581.0,20200400,1574.7,20200200
2020-01-08 15:00:00,1581.0,20200400,1581.0,20200400,1575.0,20200200
2020-01-08 16:00:00,1566.4,20200400,1566.4,20200400,1560.1,20200200
2020-01-08 17:00:00,1569.4,20200400,1569.4,20200400,1563.3,20200200
2020-01-08 18:00:00,1563.8,20200400,1563.8,20200400,1557.4,20200200
2020-01-08 19:00:00,1561.7,20200400,1561.7,20200400,1555.4,20200200
2020-01-08 20:00:00,1567.3,20200400,1567.3,20200400,1561.2,20200200
2020-01-08 21:00:00,1564.3,20200400,1564.3,20200400,1557.5,20200200
2020-01-08 23:00:00,1600.8,20200400,1600.8,20200400,1594.7,20200200
2020-01-09 00:00:00,1563.8,20200400,1563.8,20200400,1557.7,20200200
2020-01-09 01:00:00,1566.9,20200400,1566.9,20200400,1560.6,20200200
2020-01-09 02:00:00,1567.9,20200400,1567.9,20200400,1561.5,20200200
2020-01-09 03:00:00,1565.8,20200400,1565.8,20200400,1559.6,20200200
2020-01-09 04:00:00,1565.7,20200400,1565.7,20200400,1559.2,20200200
2020-01-09 07:00:00,1552.3,20200400,1552.3,20200400,1546.4,20200200
2020-01-09 08:00:00,1554.4,20200400,1554.4,20200400,1548.2,20200200
2020-01-09 09:00:00,1553.4,20200400,1553.4,20200400,1547.2,20200200
2020-01-09 10:00:00,1554.4,20200400,1554.4,20200400,1548.3,20200200
2020-01-09 11:00:00,1556.0,20200400,1556.0,20200400,1549.3,20200200
2020-01-09 12:00:00,1561.7,20200400,1561.7,20200400,1555.8,20200200
2020-01-09 13:00:00,1557.3,20200400,1557.3,20200400,1550.9,20200200
2020-01-09 14:00:00,1559.1,20200400,1559.1,20200400,1552.7,20200200
2020-01-09 15:00:00,1554.1,20200400,1554.1,20200400,1547.8,20200200
2020-01-09 16:00:00,1556.9,20200400,1556.9,20200400,1550.6,20200200
2020-01-09 17:00:00,1556.7,20200400,1556.7,20200400,1550.3,20200200
2020-01-09 18:00:00,1560.0,20200400,1560.0,20200400,1553.9,20200200
2020-01-09 19:00:00,1559.7,20200400,1559.7,20200400,1553.7,20200200
2020-01-09 20:00:00,1557.7,20200400,1557.7,20200400,1551.9,20200200
2020-01-09 21:00:00,1559.8,20200400,1559.8,20200400,1553.5,20200200
2020-01-09 23:00:00,1551.3,20200400,1551.3,20200400,1545.1,20200200
2020-01-10 00:00:00,1558.9,20200400,1558.9,20200400,1552.8,20200200
2020-01-10 01:00:00,1556.0,20200400,1556.0,20200400,1548.9,20200200
2020-01-10 02:00:00,1556.0,20200400,1556.0,20200400,1549.8,20200200
2020-01-10 03:00:00,1553.6,20200400,1553.6,20200400,1547.4,20200200
2020-01-10 04:00:00,1554.5,20200400,1554.5,20200400,1548.1,20200200
2020-01-10 07:00:00,1558.5,20200400,1558.5,20200400,1551.7,20200200
2020-01-10 08:00:00,1558.2,20200400,1558.2,20200400,1552.0,20200200
2020-01-10 09:00:00,1555.5,20200400,1555.5,20200400,1549.2,20200200
2020-01-10 10:00:00,1555.7,20200400,1555.7,20200400,1549.7,20200200
2020-01-10 11:00:00,1557.6,20200400,1557.6,20200400,1551.6,20200200
2020-01-10 12:00:00,1556.8,20200400,1556.8,20200400,1550.5,20200200
2020-01-10 13:00:00,1555.0,20200400,1555.0,20200400,1549.6,20200200
2020-01-10 14:00:00,1560.3,20200400,1560.3,20200400,1554.3,20200200
2020-01-10 15:00:00,1566.1,20200400,1566.1,20200400,1559.8,20200200
2020-01-10 16:00:00,1567.0,20200400,1567.0,20200400,1561.0,20200200
2020-01-10 17:00:00,1566.8,20200400,1566.8,20200400,1560.4,20200200
2020-01-10 18:00:00,1565.8,20200400,1565.8,20200400,1559.5,20200200
2020-01-10 19:00:00,1565.8,20200400,1565.8,20200400,1559.8,20200200
2020-01-10 20:00:00,1567.6,20200400,1567.6,20200400,1561.1,20200200
2020-01-10 21:00:00,1569.5,20200400,1569.5,20200400,1563.2,20200200
2020-01-10 23:00:00,1555.0,20200400,1555.0,20200400,1548.8,20200200
2020-01-12 23:00:00,1566.7,20200400,1566.7,20200400,1560.1,20200200
2020-01-13 00:00:00,1565.9,20200400,1565.9,20200400,1559.6,20200200
2020-01-13 01:00:00,1564.1,20200400,1564.1,20200400,1557.7,20200200
2020-01-13 02:00:00,1563.4,20200400,1563.4,20200400,1557.0,20200200
2020-01-13 03:00:00,1564.0,20200400,1564.0,20200400,1557.6,20200200
2020-01-13 04:00:00,1562.8,20200400,1562.8,20200400,1556.5,20200200
2020-01-13 07:00:00,1559.8,20200400,1559.8,20200400,1553.5,20200200
2020-01-13 08:00:00,1557.5,20200400,1557.5,20200400,1551.2,20200200
2020-01-13 09:00:00,1554.8,20200400,1554.8,20200400,1548.7,20200200
2020-01-13 10:00:00,1558.0,20200400,1558.0,20200400,1551.9,20200200
2020-01-13 11:00:00,1560.0,20200400,1560.0,20200400,1553.7,20200200
2020-01-13 12:00:00,1561.9,20200400,1561.9,20200400,1555.7,20200200
2020-01-13 13:00:00,1561.8,20200400,1561.8,20200400,1555.5,20200200
2020-01-13 14:00:00,1558.0,20200400,1558.0,20200400,1551.9,20200200
2020-01-13 15:00:00,1558.2,20200400,1558.2,20200400,1552.3,20200200
2020-01-13 16:00:00,1557.6,20200400,1557.6,20200400,1551.3,20200200
2020-01-13 17:00:00,1556.6,20200400,1556.6,20200400,1550.5,20200200
2020-01-13 18:00:00,1556.5,20200400,1556.5,20200400,1550.2,20200200
2020-01-13 19:00:00,1556.8,20200400,1556.8,20200400,1550.5,20200200
2020-01-13 20:00:00,1555.7,20200400,1555.7,20200400,1549.3,20200200
2020-01-13 21:00:00,1554.8,20200400,1554.8,20200400,1548.3,20200200
2020-01-13 23:00:00,1562.2,20200400,1562.2,20200400,1556.0,20200200
2020-01-14 00:00:00,1550.5,20200400,1550.5,20200400,1544.1,20200200
2020-01-14 01:00:00,1544.2,20200400,1544.2,20200400,1538.1,20200200
2020-01-14 02:00:00,1546.9,20200400,1546.9,20200400,1540.6,20200200
2020-01-14 03:00:00,1545.6,20200400,1545.6,20200400,1539.3,20200200
2020-01-14 04:00:00,1545.8,20200400,1545.8,20200400,1539.5,20200200
2020-01-14 07:00:00,1550.0,20200400,1550.0,20200400,1543.8,20200200
2020-01-14 08:00:00,1551.5,20200400,1551.5,20200400,1545.2,20200200
2020-01-14 09:00:00,1550.7,20200400,1550.7,20200400,1544.7,20200200
2020-01-14 10:00:00,1551.7,20200400,1551.7,20200400,1545.7,20200200
2020-01-14 11:00:00,1549.9,20200400,1549.9,20200400,1543.7,20200200
2020-01-14 12:00:00,1549.9,20200400,1549.9,20200400,1543.7,20200200
2020-01-14 13:00:00,1550.7,20200400,1550.7,20200400,1544.7,20200200
2020-01-14 14:00:00,1553.1,20200400,1553.1,20200400,1546.9,20200200
2020-01-14 15:00:00,1550.1,20200400,1550.1,20200400,1543.4,20200200
2020-01-14 16:00:00,1549.2,20200400,1549.2,20200400,1542.9,20200200
2020-01-14 17:00:00,1550.2,20200400,1550.2,20200400,1544.0,20200200
2020-01-14 18:00:00,1552.4,20200400,1552.4,20200400,1546.3,20200200
2020-01-14 19:00:00,1552.9,20200400,1552.9,20200400,1546.7,20200200
2020-01-14 20:00:00,1553.7,20200400,1553.7,20200400,1547.6,20200200
2020-01-14 21:00:00,1553.3,20200400,1553.3,20200400,1547.0,20200200
2020-01-14 23:00:00,1546.5,20200400,1546.5,20200400,1540.3,20200200
2020-01-15 00:00:00,1556.0,20200400,1556.0,20200400,1549.7,20200200
2020-01-15 01:00:00,1554.0,20200400,1554.0,20200400,1547.7,20200200
2020-01-15 02:00:00,1558.8,20200400,1558.8,20200400,1552.6,20200200
2020-01-15 03:00:00,1558.5,20200400,1558.5,20200400,1552.6,20200200
2020-01-15 04:00:00,1558.9,20200400,1558.9,20200400,1552.6,20200200
2020-01-15 07:00:00,1559.4,20200400,1559.4,20200400,1553.2,20200200
2020-01-15 08:00:00,1560.2,20200400,1560.2,20200400,1554.0,20200200
2020-01-15 09:00:00,1559.8,20200400,1559.8,20200400,1553.7,20200200
2020-01-15 10:00:00,1558.4,20200400,1558.4,20200400,1552.2,20200200
2020-01-15 11:00:00,1558.5,20200400,1558.5,20200400,1552.4,20200200
2020-01-15 12:00:00,1557.2,20200400,1557.2,20200400,1551.2,20200200
2020-01-15 13:00:00,1561.2,20200400,1561.2,20200400,1555.3,20200200
2020-01-15 14:00:00,1556.6,20200400,1556.6,20200400,1550.0,20200200
2020-01-15 15:00:00,1555.6,20200400,1555.6,20200400,1549.4,20200200
2020-01-15 16:00:00,1558.5,20200400,1558.5,20200400,1552.3,20200200
2020-01-15 17:00:00,1560.9,20200400,1560.9,20200400,1554.6,20200200
2020-01-15 18:00:00,1562.8,20200400,1562.8,20200400,1556.3,20200200
2020-01-15 19:00:00,1561.9,20200400,1561.9,20200400,1555.8,20200200
2020-01-15 20:00:00,1562.8,20200400,1562.8,20200400,1556.5,20200200
2020-01-15 21:00:00,1562.8,20200400,1562.8,20200400,1556.6,20200200
2020-01-15 23:00:00,1557.7,20200400,1557.7,20200400,1551.3,20200200
2020-01-16 00:00:00,1563.2,20200400,1563.2,20200400,1557.1,20200200
2020-01-16 01:00:00,1562.5,20200400,1562.5,20200400,1556.6,20200200
2020-01-16 02:00:00,1562.2,20200400,1562.2,20200400,1556.0,20200200
2020-01-16 03:00:00,1562.6,20200400,1562.6,20200400,1556.5,20200200
2020-01-16 04:00:00,1562.0,20200400,1562.0,20200400,1555.9,20200200
2020-01-16 07:00:00,1559.6,20200400,1559.6,20200400,1553.6,20200200
2020-01-16 08:00:00,1560.0,20200400,1560.0,20200400,1554.0,20200200
2020-01-16 09:00:00,1560.9,20200400,1560.9,20200400,1555.0,20200200
2020-01-16 10:00:00,1560.7,20200400,1560.7,20200400,1554.9,20200200
2020-01-16 11:00:00,1562.2,20200400,1562.2,20200400,1556.4,20200200
2020-01-16 12:00:00,1562.9,20200400,1562.9,20200400,1556.9,20200200
2020-01-16 13:00:00,1560.3,20200400,1560.3,20200400,1554.4,20200200
2020-01-16 14:00:00,1560.0,20200400,1560.0,20200400,1553.9,20200200
2020-01-16 15:00:00,1557.0,20200400,1557.0,20200400,1550.8,20200200
2020-01-16 16:00:00,1556.8,20200400,1556.8,20200400,1550.9,20200200
2020-01-16 17:00:00,1557.7,20200400,1557.7,20200400,1551.7,20200200
2020-01-16 18:00:00,1556.6,20200400,1556.6,20200400,1550.5,20200200
2020-01-16 19:00:00,1558.0,20200400,1558.0,20200400,1551.9,20200200
2020-01-16 20:00:00,1560.0,20200400,1560.0,20200400,1553.8,20200200
2020-01-16 21:00:00,1559.1,20200400,1559.1,20200400,1552.5,20200200
2020-01-16 23:00:00,1559.0,20200400,1559.0,20200400,1553.0,20200200
2020-01-17 00:00:00,1556.2,20200400,1556.2,20200400,1550.1,20200200
2020-01-17 01:00:00,1559.6,20200400,1559.6,20200400,1553.2,20200200
2020-01-17 02:00:00,1559.9,20200400,1559.9,20200400,1553.9,20200200
2020-01-17 03:00:00,1560.8,20200400,1560.8,20200400,1554.7,20200200
2020-01-17 04:00:00,1561.7,20200400,1561.7,20200400,1555.8,20200200
2020-01-17 07:00:00,1561.6,20200400,1561.6,20200400,1555.6,20200200
2020-01-17 08:00:00,1560.6,20200400,1560.6,20200400,1554.6,20200200
2020-01-17 09:00:00,1561.6,20200400,1561.6,20200400,1555.4,20200200
2020-01-17 10:00:00,1562.6,20200400,1562.6,20200400,1556.8,20200200
2020-01-17 11:00:00,1562.5,20200400,1562.5,20200400,1556.5,20200200
2020-01-17 12:00:00,1565.2,20200400,1565.2,20200400,1559.1,20200200
2020-01-17 13:00:00,1561.4,20200400,1561.4,20200400,1555.4,20200200
2020-01-17 14:00:00,1563.9,20200400,1563.9,20200400,1557.7,20200200
2020-01-17 15:00:00,1562.4,20200400,1562.4,20200400,1556.2,20200200
2020-01-17 16:00:00,1564.2,20200400,1564.2,20200400,1558.0,20200200
2020-01-17 17:00:00,1566.1,20200400,1566.1,20200400,1559.9,20200200
2020-01-17 18:00:00,1566.6,20200400,1566.6,20200400,1560.2,20200200
2020-01-17 19:00:00,1566.1,20200400,1566.1,20200400,1559.8,20200200
2020-01-17 20:00:00,1563.4,20200400,1563.4,20200400,1557.2,20200200
2020-01-17 21:00:00,1563.4,20200400,1563.4,20200400,1557.3,20200200
2020-01-17 23:00:00,1563.1,20200400,1563.1,20200400,1557.0,20200200
2020-01-19 23:00:00,1563.6,20200400,1563.6,20200400,1557.1,20200200
2020-01-20 00:00:00,1562.8,20200400,1562.8,20200400,1556.9,20200200
2020-01-20 01:00:00,1563.8,20200400,1563.8,20200400,1557.6,20200200
2020-01-20 02:00:00,1563.9,20200400,1563.9,20200400,1557.8,20200200
2020-01-20 03:00:00,1565.0,20200400,1565.0,20200400,1558.8,20200200
2020-01-20 04:00:00,1565.8,20200400,1565.8,20200400,1559.6,20200200
2020-01-20 07:00:00,1567.7,20200400,1567.7,20200400,1561.5,20200200
2020-01-20 08:00:00,1566.3,20200400,1566.3,20200400,1560.1,20200200
2020-01-20 09:00:00,1566.4,20200400,1566.4,20200400,1560.4,20200200
2020-01-20 10:00:00,1565.9,20200400,1565.9,20200400,1559.8,20200200
2020-01-20 11:00:00,1566.3,20200400,1566.3,20200400,1560.1,20200200
2020-01-20 12:00:00,1565.8,20200400,1565.8,20200400,1559.5,20200200
2020-01-20 13:00:00,1566.5,20200400,1566.5,20200400,1560.4,20200200
2020-01-20 14:00:00,1566.6,20200400,1566.6,20200400,1560.2,20200200
2020-01-20 15:00:00,1567.1,20200400,1567.1,20200400,1561.0,20200200
2020-01-20 16:00:00,1567.1,20200400,1567.1,20200400,1561.0,20200200
2020-01-20 17:00:00,1566.9,20200400,1566.9,20200400,1560.6,20200200
2020-01-20 23:00:00,1567.7,20200400,1567.7,20200400,1561.4,20200200
2020-01-21 00:00:00,1566.7,20200400,1566.7,20200400,1560.4,20200200
2020-01-21 01:00:00,1573.1,20200400,1573.1,20200400,1566.7,20200200
2020-01-21 02:00:00,1573.3,20200400,1573.3,20200400,1567.0,20200200
2020-01-21 03:00:00,1573.0,20200400,1573.0,20200400,1566.8,20200200
2020-01-21 04:00:00,1572.7,20200400,1572.7,20200400,1566.7,20200200
2020-01-21 07:00:00,1565.6,20200400,1565.6,20200400,1559.5,20200200
2020-01-21 08:00:00,1560.7,20200400,1560.7,20200400,1554.7,20200200
2020-01-21 09:00:00,1561.9,20200400,1561.9,20200400,1555.8,20200200
2020-01-21 10:00:00,1560.8,20200400,1560.8,20200400,1554.6,20200200
2020-01-21 11:00:00,1561.7,20200400,1561.7,20200400,1555.6,20200200
2020-01-21 12:00:00,1562.5,20200400,1562.5,20200400,1556.5,20200200
2020-01-21 13:00:00,1559.2,20200400,1559.2,20200400,1553.1,20200200
2020-01-21 14:00:00,1558.3,20200400,1558.3,20200400,1552.1,20200200
2020-01-21 15:00:00,1564.4,20200400,1564.4,20200400,1558.5,20200200
2020-01-21 16:00:00,1563.5,20200400,1563.5,20200400,1557.1,20200200
2020-01-21 17:00:00,1563.2,20200400,1563.2,20200400,1556.9,20200200
2020-01-21 18:00:00,1565.0,20200400,1565.0,20200400,1558.6,20200200
2020-01-21 19:00:00,1564.2,20200400,1564.2,20200400,1558.0,20200200
2020-01-21 20:00:00,1564.3,20200400,1564.3,20200400,1558.1,20200200
2020-01-21 21:00:00,1564.0,20200400,1564.0,20200400,1558.0,20200200
2020-01-21 23:00:00,1571.6,20200400,1571.6,20200400,1565.6,20200200
2020-01-22 00:00:00,1562.6,20200400,1562.6,20200400,1556.5,20200200
2020-01-22 01:00:00,1560.5,20200400,1560.5,20200400,1554.5,20200200
2020-01-22 02:00:00,1557.0,20200400,1557.0,20200400,1551.0,20200200
2020-01-22 03:00:00,1558.1,20200400,1558.1,20200400,1551.9,20200200
2020-01-22 04:00:00,1558.9,20200400,1558.9,20200400,1552.9,20200200
2020-01-22 07:00:00,1560.3,20200400,1560.3,20200400,1554.3,20200200
2020-01-22 08:00:00,1562.2,20200400,1562.2,20200400,1556.1,20200200
2020-01-22 09:00:00,1563.1,20200400,1563.1,20200400,1556.9,20200200
2020-01-22 10:00:00,1564.2,20200400,1564.2,20200400,1558.2,20200200
2020-01-22 11:00:00,1561.7,20200400,1561.7,20200400,1555.5,20200200
2020-01-22 12:00:00,1562.0,20200400,1562.0,20200400,1555.8,20200200
2020-01-22 13:00:00,1562.0,20200400,1562.0,20200400,1555.9,20200200
2020-01-22 14:00:00,1564.0,20200400,1564.0,20200400,1557.8,20200200
2020-01-22 15:00:00,1563.0,20200400,1563.0,20200400,1556.9,20200200
2020-01-22 16:00:00,1562.0,20200400,1562.0,20200400,1555.9,20200200
2020-01-22 17:00:00,1563.8,20200400,1563.8,20200400,1557.6,20200200
2020-01-22 18:00:00,1563.1,20200400,1563.1,20200400,1557.0,20200200
2020-01-22 19:00:00,1563.6,20200400,1563.6,20200400,1557.5,20200200
2020-01-22 20:00:00,1564.9,20200400,1564.9,20200400,1558.7,20200200
2020-01-22 21:00:00,1564.5,20200400,1564.5,20200400,1558.5,20200200
2020-01-22 23:00:00,1558.1,20200400,1558.1,20200400,1552.1,20200200
2020-01-23 00:00:00,1567.7,20200400,1567.7,20200400,1561.4,20200200
2020-01-23 01:00:00,1565.8,20200400,1565.8,20200400,1559.6,20200200
2020-01-23 02:00:00,1561.7,20200400,1561.7,20200400,1555.5,20200200
2020-01-23 03:00:00,1564.6,20200400,1564.6,20200400,1558.3,20200200
2020-01-23 04:00:00,1564.5,20200400,1564.5,20200400,1558.4,20200200
2020-01-23 07:00:00,1559.8,20200400,1559.8,20200400,1553.6,20200200
2020-01-23 08:00:00,1561.6,20200400,1561.6,20200400,1555.4,20200200
2020-01-23 09:00:00,1559.7,20200400,1559.7,20200400,1553.8,20200200
2020-01-23 10:00:00,1560.3,20200400,1560.3,20200400,1554.2,20200200
2020-01-23 11:00:00,1558.6,20200400,1558.6,20200400,1552.4,20200200
2020-01-23 12:00:00,1560.8,20200400,1560.8,20200400,1554.6,20200200
2020-01-23 13:00:00,1562.3,20200400,1562.3,20200400,1556.3,20200200
2020-01-23 14:00:00,1568.8,20200400,1568.8,20200400,1562.5,20200200
2020-01-23 15:00:00,1568.3,20200400,1568.3,20200400,1562.2,20200200
2020-01-23 16:00:00,1569.4,20200400,1569.4,20200400,1563.3,20200200
2020-01-23 17:00:00,1572.9,20200400,1572.9,20200400,1566.8,20200200
2020-01-23 18:00:00,1568.0,20200400,1568.0,20200400,1561.9,20200200
2020-01-23 19:00:00,1568.3,20200400,1568.3,20200400,1562.2,20200200
2020-01-23 20:00:00,1568.0,20200400,1568.0,20200400,1561.8,20200200
2020-01-23 21:00:00,1568.5,20200400,1568.5,20200400,1562.1,20200200
2020-01-23 23:00:00,1562.9,20200400,1562.9,20200400,1556.9,20200200
2020-01-24 00:00:00,1566.6,20200400,1566.6,20200400,1560.5,20200200
2020-01-24 01:00:00,1567.6,20200400,1567.6,20200400,1561.4,20200200
2020-01-24 02:00:00,1567.4,20200400,1567.4,20200400,1561.2,20200200
2020-01-24 03:00:00,1567.5,20200400,1567.5,20200400,1561.2,20200200
2020-01-24 04:00:00,1565.4,20200400,1565.4,20200400,1559.1,20200200
2020-01-24 07:00:00,1565.2,20200400,1565.2,20200400,1558.9,20200200
2020-01-24 08:00:00,1563.9,20200400,1563.9,20200400,1557.7,20200200
2020-01-24 09:00:00,1566.9,20200400,1566.9,20200400,1560.7,20200200
2020-01-24 10:00:00,1566.4,20200400,1566.4,20200400,1560.1,20200200
2020-01-24 11:00:00,1564.7,20200400,1564.7,20200400,1558.5,20200200
2020-01-24 12:00:00,1563.8,20200400,1563.8,20200400,1557.4,20200200
2020-01-24 13:00:00,1567.1,20200400,1567.1,20200400,1560.9,20200200
2020-01-24 14:00:00,1570.0,20200400,1570.0,20200400,1563.9,20200200
2020-01-24 15:00:00,1575.9,20200400,1575.9,20200400,1569.6,20200200
2020-01-24 16:00:00,1578.2,20200400,1578.2,20200400,1572.0,20200200
2020-01-24 17:00:00,1577.4,20200400,1577.4,20200400,1571.2,20200200
2020-01-24 18:00:00,1578.6,20200400,1578.6,20200400,1572.3,20200200
2020-01-24 19:00:00,1576.8,20200400,1576.8,20200400,1570.7,20200200
2020-01-24 20:00:00,1577.2,20200400,1577.2,20200400,1571.0,20200200
2020-01-24 21:00:00,1577.6,20200400,1577.6,20200400,1571.3,20200200
2020-01-24 23:00:00,1566.1,20200400,1566.1,20200400,1560.2,20200200
2020-01-26 23:00:00,1588.4,20200400,1588.4,20200400,1582.1,20200200
2020-01-27 00:00:00,1583.6,20200400,1583.6,20200400,1577.4,20200200
2020-01-27 01:00:00,1586.8,20200400,1586.8,20200400,1580.5,20200200
2020-01-27 02:00:00,1587.7,20200400,1587.7,20200400,1581.5,20200200
2020-01-27 03:00:00,1585.1,20200400,1585.1,20200400,1578.8,20200200
2020-01-27 04:00:00,1584.7,20200400,1584.7,20200400,1578.4,20200200
2020-01-27 07:00:00,1583.7,20200400,1583.7,20200400,1577.5,20200200
2020-01-27 08:00:00,1585.4,20200400,1585.4,20200400,1579.0,20200200
2020-01-27 09:00:00,1588.6,20200400,1588.6,20200400,1582.2,20200200
2020-01-27 10:00:00,1591.2,20200400,1591.2,20200400,1585.0,20200200
2020-01-27 11:00:00,1590.1,20200400,1590.1,20200400,1583.8,20200200
2020-01-27 12:00:00,1589.6,20200400,1589.6,20200400,1583.1,20200200
2020-01-27 13:00:00,1587.1,20200400,1587.1,20200400,1580.6,20200200
2020-01-27 14:00:00,1585.4,20200400,1585.4,20200400,1579.0,20200200
2020-01-27 15:00:00,1589.4,20200400,1589.4,20200400,1583.1,20200200
2020-01-27 16:00:00,1588.1,20200400,1588.1,20200400,1581.9,20200200
2020-01-27 17:00:00,1585.5,20200400,1585.5,20200400,1579.3,20200200
2020-01-27 18:00:00,1583.6,20200400,1583.6,20200400,1577.4,20200200
2020-01-27 19:00:00,1586.3,20200400,1586.3,20200400,1580.0,20200200
2020-01-27 20:00:00,1588.2,20200400,1588.2,20200400,1581.9,20200200
2020-01-27 21:00:00,1587.4,20200400,1587.4,20200400,1581.1,20200200
2020-01-27 23:00:00,1584.8,20200400,1584.8,20200400,1578.4,20200200
2020-01-28 00:00:00,1588.0,20200400,1588.0,20200400,1581.8,20200200
2020-01-28 01:00:00,1586.3,20200400,1586.3,20200400,1580.0,20200200
2020-01-28 02:00:00,1592.6,20200600,1592.6,20200600,1586.5,20200400
2020-01-28 03:00:00,1591.9,20200600,1591.9,20200600,1585.0,20200400
2020-01-28 04:00:00,1590.6,20200600,1590.6,20200600,1584.8,20200400
2020-01-28 07:00:00,1588.7,20200600,1588.7,20200600,1582.5,20200400
2020-01-28 08:00:00,1591.2,20200600,1591.2,20200600,1585.8,20200400
2020-01-28 09:00:00,1590.0,20200600,1590.0,20200600,1584.4,20200400
2020-01-28 10:00:00,1590.8,20200600,1590.8,20200600,1584.6,20200400
2020-01-28 11:00:00,1591.0,20200600,1591.0,20200600,1583.5,20200400
2020-01-28 12:00:00,1584.8,20200600,1584.8,20200600,1579.3,20200400
2020-01-28 13:00:00,1585.9,20200600,1585.9,20200600,1580.3,20200400
2020-01-28 14:00:00,1587.3,20200600,1587.3,20200600,1581.2,20200400
2020-01-28 15:00:00,1581.0,20200600,1581.0,20200600,1575.4,20200400
2020-01-28 16:00:00,1579.7,20200600,1579.7,20200600,1573.5,20200400
2020-01-28 17:00:00,1581.2,20200600,1581.2,20200600,1575.1,20200400
2020-01-28 18:00:00,1581.8,20200600,1581.8,20200600,1574.6,20200400
2020-01-28 19:00:00,1579.2,20200600,1579.2,20200600,1574.2,20200400
2020-01-28 20:00:00,1580.2,20200600,1580.2,20200600,1574.2,20200400
2020-01-28 21:00:00,1577.0,20200600,1577.0,20200600,1572.0,20200400
2020-01-28 23:00:00,1590.0,20200600,1590.0,20200600,1584.4,20200400
2020-01-29 00:00:00,1578.8,20200600,1578.8,20200600,1573.4,20200400
2020-01-29 01:00:00,1575.2,20200600,1575.2,20200600,1570.7,20200400
2020-01-29 02:00:00,1576.3,20200600,1576.3,20200600,1570.0,20200400
2020-01-29 03:00:00,1574.7,20200600,1574.7,20200600,1569.4,20200400
2020-01-29 04:00:00,1576.3,20200600,1576.3,20200600,1570.3,20200400
2020-01-29 07:00:00,1578.9,20200600,1578.9,20200600,1572.9,20200400
2020-01-29 08:00:00,1580.1,20200600,1580.1,20200600,1573.9,20200400
2020-01-29 09:00:00,1581.6,20200600,1581.6,20200600,1575.8,20200400
2020-01-29 10:00:00,1581.5,20200600,1581.5,20200600,1575.5,20200400
2020-01-29 11:00:00,1582.1,20200600,1582.1,20200600,1576.8,20200400
2020-01-29 12:00:00,1582.2,20200600,1582.2,20200600,1576.3,20200400
2020-01-29 13:00:00,1580.5,20200600,1580.5,20200600,1574.7,20200400
2020-01-29 14:00:00,1582.8,20200600,1582.8,20200600,1577.0,20200400
2020-01-29 15:00:00,1580.0,20200600,1580.0,20200600,1574.6,20200400
2020-01-29 16:00:00,1582.1,20200600,1582.1,20200600,1575.3,20200400
2020-01-29 17:00:00,1581.7,20200600,1581.7,20200600,1575.9,20200400
2020-01-29 18:00:00,1581.3,20200600,1581.3,20200600,1575.2,20200400
2020-01-29 19:00:00,1587.4,20200600,1587.4,20200600,1581.6,20200400
2020-01-29 20:00:00,1587.8,20200600,1587.8,20200600,1581.9,20200400
2020-01-29 21:00:00,1587.9,20200600,1587.9,20200600,1581.6,20200400
2020-01-29 23:00:00,1578.0,20200600,1578.0,20200600,1572.5,20200400
2020-01-30 00:00:00,1589.1,20200600,1589.1,20200600,1583.0,20200400
2020-01-30 01:00:00,1588.9,20200600,1588.9,20200600,1582.8,20200400
2020-01-30 02:00:00,1590.2,20200600,1590.2,20200600,1584.6,20200400
2020-01-30 03:00:00,1589.6,20200600,1589.6,20200600,1585.0,20200400
2020-01-30 04:00:00,1589.7,20200600,1589.7,20200600,1583.8,20200400
2020-01-30 07:00:00,1592.2,20200600,1592.2,20200600,1586.4,20200400
2020-01-30 08:00:00,1591.5,20200600,1591.5,20200600,1585.5,20200400
2020-01-30 09:00:00,1590.9,20200600,1590.9,20200600,1584.8,20200400
2020-01-30 10:00:00,1590.1,20200600,1590.1,20200600,1585.0,20200400
2020-01-30 11:00:00,1590.8,20200600,1590.8,20200600,1584.9,20200400
2020-01-30 12:00:00,1591.4,20200600,1591.4,20200600,1585.6,20200400
2020-01-30 13:00:00,1589.6,20200600,1589.6,20200600,1583.4,20200400
2020-01-30 14:00:00,1588.8,20200600,1588.8,20200600,1582.8,20200400
2020-01-30 15:00:00,1594.4,20200600,1594.4,20200600,1588.5,20200400
2020-01-30 16:00:00,1591.3,20200600,1591.3,20200600,1585.9,20200400
2020-01-30 17:00:00,1594.9,20200600,1594.9,20200600,1589.5,20200400
2020-01-30 18:00:00,1594.2,20200600,1594.2,20200600,1588.8,20200400
2020-01-30 19:00:00,1589.1,20200600,1589.1,20200600,1584.4,20200400
2020-01-30 20:00:00,1587.6,20200600,1587.6,20200600,1581.6,20200400
2020-01-30 21:00:00,1584.7,20200600,1584.7,20200600,1578.7,20200400
2020-01-30 23:00:00,1589.2,20200600,1589.2,20200600,1584.2,20200400
2020-01-31 00:00:00,1585.1,20200600,1585.1,20200600,1578.9,20200400
2020-01-31 01:00:00,1583.7,20200600,1583.7,20200600,1578.3,20200400
2020-01-31 02:00:00,1582.8,20200600,1582.8,20200600,1576.7,20200400
2020-01-31 03:00:00,1583.2,20200600,1583.2,20200600,1576.5,20200400
2020-01-31 04:00:00,1582.2,20200600,1582.2,20200600,1576.1,20200400
2020-01-31 07:00:00,1586.7,20200600,1586.7,20200600,1580.8,20200400
2020-01-31 08:00:00,1588.1,20200600,1588.1,20200600,1582.5,20200400
2020-01-31 09:00:00,1589.9,20200600,1589.9,20200600,1583.8,20200400
2020-01-31 10:00:00,1590.0,20200600,1590.0,20200600,1583.8,20200400
2020-01-31 11:00:00,1591.0,20200600,1591.0,20200600,1585.1,20200400
2020-01-31 12:00:00,1589.3,20200600,1589.3,20200600,1583.4,20200400
2020-01-31 13:00:00,1590.7,20200600,1590.7,20200600,1583.9,20200400
2020-01-31 14:00:00,1593.0,20200600,1593.0,20200600,1587.6,20200400
2020-01-31 15:00:00,1598.5,20200600,1598.5,20200600,1592.9,20200400
2020-01-31 16:00:00,1593.3,20200600,1593.3,20200600,1587.3,20200400
2020-01-31 17:00:00,1594.3,20200600,1594.3,20200600,1588.1,20200400
2020-01-31 18:00:00,1596.4,20200600,1596.4,20200600,1590.3,20200400
2020-01-31 19:00:00,1596.8,20200600,1596.8,20200600,1591.3,20200400
2020-01-31 20:00:00,1597.2,20200600,1597.2,20200600,1591.4,20200400
2020-01-31 21:00:00,1599.2,20200600,1599.2,20200600,1593.4,20200400
2020-01-31 23:00:00,1583.9,20200600,1583.9,20200600,1578.1,20200400
2020-02-02 23:00:00,1600.4,20200600,1600.4,20200600,1593.9,20200400
2020-02-03 00:00:00,1596.6,20200600,1596.6,20200600,1590.7,20200400
2020-02-03 01:00:00,1592.8,20200600,1592.8,20200600,1586.8,20200400
2020-02-03 02:00:00,1593.0,20200600,1593.0,20200600,1587.3,20200400
2020-02-03 03:00:00,1590.1,20200600,1590.1,20200600,1584.9,20200400
2020-02-03 04:00:00,1590.9,20200600,1590.9,20200600,1585.4,20200400
2020-02-03 07:00:00,1586.4,20200600,1586.4,20200600,1580.9,20200400
2020-02-03 08:00:00,1586.0,20200600,1586.0,20200600,1580.0,20200400
2020-02-03 09:00:00,1589.0,20200600,1589.0,20200600,1583.2,20200400
2020-02-03 10:00:00,1590.9,20200600,1590.9,20200600,1585.2,20200400
2020-02-03 11:00:00,1588.5,20200600,1588.5,20200600,1582.6,20200400
2020-02-03 12:00:00,1589.8,20200600,1589.8,20200600,1584.1,20200400
2020-02-03 13:00:00,1588.1,20200600,1588.1,20200600,1582.9,20200400
2020-02-03 14:00:00,1584.8,20200600,1584.8,20200600,1579.3,20200400
2020-02-03 15:00:00,1585.8,20200600,1585.8,20200600,1580.0,20200400
2020-02-03 16:00:00,1588.5,20200600,1588.5,20200600,1582.5,20200400
2020-02-03 17:00:00,1585.4,20200600,1585.4,20200600,1579.9,20200400
2020-02-03 18:00:00,1586.7,20200600,1586.7,20200600,1580.8,20200400
2020-02-03 19:00:00,1587.8,20200600,1587.8,20200600,1582.0,20200400
2020-02-03 20:00:00,1586.8,20200600,1586.8,20200600,1580.5,20200400
2020-02-03 21:00:00,1586.7,20200600,1586.7,20200600,1581.0,20200400
2020-02-03 23:00:00,1589.7,20200600,1589.7,20200600,1583.8,20200400
2020-02-04 00:00:00,1588.7,20200600,1588.7,20200600,1582.7,20200400
2020-02-04 01:00:00,1586.3,20200600,1586.3,20200600,1579.8,20200400
2020-02-04 02:00:00,1586.8,20200600,1586.8,20200600,1580.7,20200400
2020-02-04 03:00:00,1585.2,20200600,1585.2,20200600,1579.6,20200400
2020-02-04 04:00:00,1584.4,20200600,1584.4,20200600,1579.3,20200400
2020-02-04 07:00:00,1582.3,20200600,1582.3,20200600,1576.2,20200400
2020-02-04 08:00:00,1577.7,20200600,1577.7,20200600,1572.2,20200400
2020-02-04 09:00:00,1578.0,20200600,1578.0,20200600,1572.2,20200400
2020-02-04 10:00:00,1580.6,20200600,1580.6,20200600,1574.9,20200400
2020-02-04 11:00:00,1580.3,20200600,1580.3,20200600,1574.2,20200400
2020-02-04 12:00:00,1577.5,20200600,1577.5,20200600,1571.3,20200400
2020-02-04 13:00:00,1569.9,20200600,1569.9,20200600,1564.0,20200400
2020-02-04 14:00:00,1566.6,20200600,1566.6,20200600,1561.5,20200400
2020-02-04 15:00:00,1564.9,20200600,1564.9,20200600,1559.1,20200400
2020-02-04 16:00:00,1562.5,20200600,1562.5,20200600,1555.9,20200400
2020-02-04 17:00:00,1561.0,20200600,1561.0,20200600,1554.5,20200400
2020-02-04 18:00:00,1560.4,20200600,1560.4,20200600,1555.4,20200400
2020-02-04 19:00:00,1562.2,20200600,1562.2,20200600,1556.4,20200400
2020-02-04 20:00:00,1564.8,20200600,1564.8,20200600,1558.9,20200400
2020-02-04 21:00:00,1562.2,20200600,1562.2,20200600,1556.7,20200400
2020-02-04 23:00:00,1581.1,20200600,1581.1,20200600,1575.4,20200400
2020-02-05 00:00:00,1565.0,20200600,1565.0,20200600,1559.0,20200400
2020-02-05 01:00:00,1563.5,20200600,1563.5,20200600,1557.7,20200400
2020-02-05 02:00:00,1564.4,20200600,1564.4,20200600,1558.8,20200400
2020-02-05 03:00:00,1566.7,20200600,1566.7,20200600,1561.0,20200400
2020-02-05 04:00:00,1566.7,20200600,1566.7,20200600,1561.0,20200400
2020-02-05 07:00:00,1570.5,20200600,1570.5,20200600,1564.8,20200400
2020-02-05 08:00:00,1565.9,20200600,1565.9,20200600,1559.7,20200400
2020-02-05 09:00:00,1557.8,20200600,1557.8,20200600,1552.3,20200400
2020-02-05 10:00:00,1561.0,20200600,1561.0,20200600,1555.6,20200400
2020-02-05 11:00:00,1564.2,20200600,1564.2,20200600,1558.6,20200400
2020-02-05 12:00:00,1563.9,20200600,1563.9,20200600,1558.0,20200400
2020-02-05 13:00:00,1563.7,20200600,1563.7,20200600,1558.2,20200400
2020-02-05 14:00:00,1563.9,20200600,1563.9,20200600,1558.3,20200400
2020-02-05 15:00:00,1565.3,20200600,1565.3,20200600,1559.8,20200400
2020-02-05 16:00:00,1567.5,20200600,1567.5,20200600,1562.0,20200400
2020-02-05 17:00:00,1567.6,20200600,1567.6,20200600,1561.6,20200400
2020-02-05 18:00:00,1567.3,20200600,1567.3,20200600,1561.4,20200400
2020-02-05 19:00:00,1566.6,20200600,1566.6,20200600,1560.9,20200400
2020-02-05 20:00:00,1566.7,20200600,1566.7,20200600,1560.8,20200400
2020-02-05 21:00:00,1566.4,20200600,1566.4,20200600,1559.7,20200400
2020-02-05 23:00:00,1569.3,20200600,1569.3,20200600,1563.4,20200400
2020-02-06 00:00:00,1565.1,20200600,1565.1,20200600,1560.0,20200400
2020-02-06 01:00:00,1566.0,20200600,1566.0,20200600,1560.7,20200400
2020-02-06 02:00:00,1564.3,20200600,1564.3,20200600,1558.5,20200400
2020-02-06 03:00:00,1564.3,20200600,1564.3,20200600,1558.0,20200400
2020-02-06 04:00:00,1562.4,20200600,1562.4,20200600,1556.7,20200400
2020-02-06 07:00:00,1568.0,20200600,1568.0,20200600,1562.1,20200400
2020-02-06 08:00:00,1568.1,20200600,1568.1,20200600,1562.7,20200400
2020-02-06 09:00:00,1571.7,20200600,1571.7,20200600,1565.8,20200400
2020-02-06 10:00:00,1576.4,20200600,1576.4,20200600,1570.5,20200400
2020-02-06 11:00:00,1574.5,20200600,1574.5,20200600,1568.4,20200400
2020-02-06 12:00:00,1575.6,20200600,1575.6,20200600,1569.9,20200400
2020-02-06 13:00:00,1572.9,20200600,1572.9,20200600,1567.5,20200400
2020-02-06 14:00:00,1572.8,20200600,1572.8,20200600,1566.6,20200400
2020-02-06 15:00:00,1573.2,20200600,1573.2,20200600,1566.9,20200400
2020-02-06 16:00:00,1574.3,20200600,1574.3,20200600,1569.1,20200400
2020-02-06 17:00:00,1574.7,20200600,1574.7,20200600,1568.8,20200400
2020-02-06 18:00:00,1575.7,20200600,1575.7,20200600,1569.7,20200400
2020-02-06 19:00:00,1576.3,20200600,1576.3,20200600,1570.6,20200400
2020-02-06 20:00:00,1575.5,20200600,1575.5,20200600,1569.7,20200400
2020-02-06 21:00:00,1576.4,20200600,1576.4,20200600,1570.2,20200400
2020-02-06 23:00:00,1566.5,20200600,1566.5,20200600,1561.1,20200400
2020-02-07 00:00:00,1577.6,20200600,1577.6,20200600,1571.9,20200400
2020-02-07 01:00:00,1575.8,20200600,1575.8,20200600,1571.0,20200400
2020-02-07 02:00:00,1577.3,20200600,1577.3,20200600,1571.2,20200400
2020-02-07 03:00:00,1576.2,20200600,1576.2,20200600,1570.2,20200400
2020-02-07 04:00:00,1574.9,20200600,1574.9,20200600,1569.3,20200400
2020-02-07 07:00:00,1576.1,20200600,1576.1,20200600,1570.3,20200400
2020-02-07 08:00:00,1575.8,20200600,1575.8,20200600,1568.7,20200400
2020-02-07 09:00:00,1577.6,20200600,1577.6,20200600,1571.6,20200400
2020-02-07 10:00:00,1577.7,20200600,1577.7,20200600,1572.7,20200400
2020-02-07 11:00:00,1577.9,20200600,1577.9,20200600,1572.2,20200400
2020-02-07 12:00:00,1574.7,20200600,1574.7,20200600,1568.9,20200400
2020-02-07 13:00:00,1577.3,20200600,1577.3,20200600,1572.6,20200400
2020-02-07 14:00:00,1582.6,20200600,1582.6,20200600,1576.4,20200400
2020-02-07 15:00:00,1575.6,20200600,1575.6,20200600,1569.8,20200400
2020-02-07 16:00:00,1577.1,20200600,1577.1,20200600,1571.3,20200400
2020-02-07 17:00:00,1578.6,20200600,1578.6,20200600,1572.5,20200400
2020-02-07 18:00:00,1581.7,20200600,1581.7,20200600,1575.9,20200400
2020-02-07 19:00:00,1581.3,20200600,1581.3,20200600,1575.7,20200400
2020-02-07 20:00:00,1579.6,20200600,1579.6,20200600,1573.6,20200400
2020-02-07 21:00:00,1579.8,20200600,1579.8,20200600,1573.8,20200400
2020-02-07 23:00:00,1573.1,20200600,1573.1,20200600,1567.6,20200400
2020-02-09 23:00:00,1583.1,20200600,1583.1,20200600,1578.3,20200400
2020-02-10 00:00:00,1582.4,20200600,1582.4,20200600,1576.6,20200400
2020-02-10 01:00:00,1580.7,20200600,1580.7,20200600,1574.9,20200400
2020-02-10 02:00:00,1579.2,20200600,1579.2,20200600,1573.3,20200400
2020-02-10 03:00:00,1579.8,20200600,1579.8,20200600,1574.3,20200400
2020-02-10 04:00:00,1580.5,20200600,1580.5,20200600,1575.7,20200400
2020-02-10 07:00:00,1579.9,20200600,1579.9,20200600,1575.4,20200400
2020-02-10 08:00:00,1583.6,20200600,1583.6,20200600,1577.2,20200400
2020-02-10 09:00:00,1583.2,20200600,1583.2,20200600,1577.7,20200400
2020-02-10 10:00:00,1582.7,20200600,1582.7,20200600,1576.6,20200400
2020-02-10 11:00:00,1582.0,20200600,1582.0,20200600,1575.7,20200400
2020-02-10 12:00:00,1582.1,20200600,1582.1,20200600,1576.1,20200400
2020-02-10 13:00:00,1582.3,20200600,1582.3,20200600,1576.2,20200400
2020-02-10 14:00:00,1581.1,20200600,1581.1,20200600,1575.2,20200400
2020-02-10 15:00:00,1583.4,20200600,1583.4,20200600,1577.5,20200400
2020-02-10 16:00:00,1583.6,20200600,1583.6,20200600,1577.9,20200400
2020-02-10 17:00:00,1585.7,20200600,1585.7,20200600,1579.9,20200400
2020-02-10 18:00:00,1585.6,20200600,1585.6,20200600,1579.8,20200400
2020-02-10 19:00:00,1584.3,20200600,1584.3,20200600,1578.4,20200400
2020-02-10 20:00:00,1583.1,20200600,1583.1,20200600,1577.3,20200400
2020-02-10 21:00:00,1581.5,20200600,1581.5,20200600,1575.5,20200400
2020-02-10 23:00:00,1580.5,20200600,1580.5,20200600,1573.7,20200400
2020-02-11 00:00:00,1580.2,20200600,1580.2,20200600,1574.7,20200400
2020-02-11 01:00:00,1579.7,20200600,1579.7,20200600,1573.9,20200400
2020-02-11 02:00:00,1576.3,20200600,1576.3,20200600,1571.2,20200400
2020-02-11 03:00:00,1577.7,20200600,1577.7,20200600,1572.0,20200400
2020-02-11 04:00:00,1578.1,20200600,1578.1,20200600,1572.1,20200400
2020-02-11 07:00:00,1577.8,20200600,1577.8,20200600,1571.8,20200400
2020-02-11 08:00:00,1577.5,20200600,1577.5,20200600,1571.4,20200400
2020-02-11 09:00:00,1577.9,20200600,1577.9,20200600,1572.0,20200400
2020-02-11 10:00:00,1577.1,20200600,1577.1,20200600,1571.1,20200400
2020-02-11 11:00:00,1578.0,20200600,1578.0,20200600,1572.0,20200400
2020-02-11 12:00:00,1577.9,20200600,1577.9,20200600,1573.1,20200400
2020-02-11 13:00:00,1581.4,20200600,1581.4,20200600,1575.5,20200400
2020-02-11 14:00:00,1580.3,20200600,1580.3,20200600,1574.8,20200400
2020-02-11 15:00:00,1573.3,20200600,1573.3,20200600,1567.2,20200400
2020-02-11 16:00:00,1575.2,20200600,1575.2,20200600,1569.6,20200400
2020-02-11 17:00:00,1575.0,20200600,1575.0,20200600,1569.1,20200400
2020-02-11 18:00:00,1577.3,20200600,1577.3,20200600,1571.3,20200400
2020-02-11 19:00:00,1577.3,20200600,1577.3,20200600,1571.9,20200400
2020-02-11 20:00:00,1577.5,20200600,1577.5,20200600,1571.9,20200400
2020-02-11 21:00:00,1576.8,20200600,1576.8,20200600,1571.2,20200400
2020-02-11 23:00:00,1576.2,20200600,1576.2,20200600,1570.5,20200400
2020-02-12 00:00:00,1576.2,20200600,1576.2,20200600,1571.3,20200400
2020-02-12 01:00:00,1575.9,20200600,1575.9,20200600,1570.3,20200400
2020-02-12 02:00:00,1576.9,20200600,1576.9,20200600,1570.8,20200400
2020-02-12 03:00:00,1577.0,20200600,1577.0,20200600,1571.2,20200400
2020-02-12 04:00:00,1576.4,20200600,1576.4,20200600,1570.4,20200400
2020-02-12 07:00:00,1574.3,20200600,1574.3,20200600,1568.5,20200400
2020-02-12 08:00:00,1571.3,20200600,1571.3,20200600,1565.6,20200400
2020-02-12 09:00:00,1574.0,20200600,1574.0,20200600,1568.2,20200400
2020-02-12 10:00:00,1575.4,20200600,1575.4,20200600,1569.6,20200400
2020-02-12 11:00:00,1576.0,20200600,1576.0,20200600,1570.3,20200400
2020-02-12 12:00:00,1575.4,20200600,1575.4,20200600,1569.1,20200400
2020-02-12 13:00:00,1574.8,20200600,1574.8,20200600,1570.0,20200400
2020-02-12 14:00:00,1573.4,20200600,1573.4,20200600,1567.6,20200400
2020-02-12 15:00:00,1576.0,20200600,1576.0,20200600,1570.2,20200400
2020-02-12 16:00:00,1578.3,20200600,1578.3,20200600,1572.8,20200400
2020-02-12 17:00:00,1576.9,20200600,1576.9,20200600,1571.4,20200400
2020-02-12 18:00:00,1576.2,20200600,1576.2,20200600,1570.4,20200400
2020-02-12 19:00:00,1574.3,20200600,1574.3,20200600,1568.7,20200400
2020-02-12 20:00:00,1575.9,20200600,1575.9,20200600,1570.3,20200400
2020-02-12 21:00:00,1574.4,20200600,1574.4,20200600,1569.1,20200400
2020-02-12 23:00:00,1575.2,20200600,1575.2,20200600,1569.4,20200400
2020-02-13 00:00:00,1580.6,20200600,1580.6,20200600,1573.9,20200400
2020-02-13 01:00:00,1578.2,20200600,1578.2,20200600,1572.9,20200400
2020-02-13 02:00:00,1578.9,20200600,1578.9,20200600,1574.3,20200400
2020-02-13 03:00:00,1582.4,20200600,1582.4,20200600,1577.1,20200400
2020-02-13 04:00:00,1582.3,20200600,1582.3,20200600,1576.7,20200400
2020-02-13 07:00:00,1583.6,20200600,1583.6,20200600,1578.2,20200400
2020-02-13 08:00:00,1583.4,20200600,1583.4,20200600,1577.6,20200400
2020-02-13 09:00:00,1583.3,20200600,1583.3,20200600,1578.2,20200400
2020-02-13 10:00:00,1583.1,20200600,1583.1,20200600,1577.5,20200400
2020-02-13 11:00:00,1582.4,20200600,1582.4,20200600,1577.1,20200400
2020-02-13 12:00:00,1582.2,20200600,1582.2,20200600,1576.0,20200400
2020-02-13 13:00:00,1582.8,20200600,1582.8,20200600,1578.3,20200400
2020-02-13 14:00:00,1584.0,20200600,1584.0,20200600,1578.4,20200400
2020-02-13 15:00:00,1584.6,20200600,1584.6,20200600,1579.0,20200400
2020-02-13 16:00:00,1586.0,20200600,1586.0,20200600,1579.7,20200400
2020-02-13 17:00:00,1585.1,20200600,1585.1,20200600,1579.6,20200400
2020-02-13 18:00:00,1584.6,20200600,1584.6,20200600,1579.1,20200400
2020-02-13 19:00:00,1584.4,20200600,1584.4,20200600,1579.0,20200400
2020-02-13 20:00:00,1585.2,20200600,1585.2,20200600,1579.2,20200400
2020-02-13 21:00:00,1585.0,20200600,1585.0,20200600,1579.0,20200400
2020-02-13 23:00:00,1582.1,20200600,1582.1,20200600,1576.6,20200400
2020-02-14 00:00:00,1586.0,20200600,1586.0,20200600,1579.2,20200400
2020-02-14 01:00:00,1584.9,20200600,1584.9,20200600,1579.6,20200400
2020-02-14 02:00:00,1583.0,20200600,1583.0,20200600,1577.3,20200400
2020-02-14 03:00:00,1583.0,20200600,1583.0,20200600,1577.3,20200400
2020-02-14 04:00:00,1582.8,20200600,1582.8,20200600,1577.6,20200400
2020-02-14 07:00:00,1583.9,20200600,1583.9,20200600,1578.3,20200400
2020-02-14 08:00:00,1583.9,20200600,1583.9,20200600,1578.6,20200400
2020-02-14 09:00:00,1585.5,20200600,1585.5,20200600,1579.9,20200400
2020-02-14 10:00:00,1584.4,20200600,1584.4,20200600,1578.9,20200400
2020-02-14 11:00:00,1584.8,20200600,1584.8,20200600,1579.4,20200400
2020-02-14 12:00:00,1584.1,20200600,1584.1,20200600,1578.6,20200400
2020-02-14 13:00:00,1589.0,20200600,1589.0,20200600,1583.2,20200400
2020-02-14 14:00:00,1591.3,20200600,1591.3,20200600,1585.7,20200400
2020-02-14 15:00:00,1590.1,20200600,1590.1,20200600,1584.6,20200400
2020-02-14 16:00:00,1589.9,20200600,1589.9,20200600,1584.5,20200400
2020-02-14 17:00:00,1592.0,20200600,1592.0,20200600,1586.7,20200400
2020-02-14 18:00:00,1592.5,20200600,1592.5,20200600,1587.0,20200400
2020-02-14 19:00:00,1591.9,20200600,1591.9,20200600,1585.8,20200400
2020-02-14 20:00:00,1591.1,20200600,1591.1,20200600,1585.7,20200400
2020-02-14 21:00:00,1592.3,20200600,1592.3,20200600,1586.9,20200400
2020-02-14 23:00:00,1583.7,20200600,1583.7,20200600,1578.3,20200400
2020-02-16 23:00:00,1591.4,20200600,1591.4,20200600,1586.0,20200400
2020-02-17 00:00:00,1590.8,20200600,1590.8,20200600,1585.1,20200400
2020-02-17 01:00:00,1590.5,20200600,1590.5,20200600,1585.1,20200400
2020-02-17 02:00:00,1590.8,20200600,1590.8,20200600,1585.6,20200400
2020-02-17 03:00:00,1590.8,20200600,1590.8,20200600,1585.5,20200400
2020-02-17 04:00:00,1591.3,20200600,1591.3,20200600,1586.0,20200400
2020-02-17 07:00:00,1588.3,20200600,1588.3,20200600,1583.1,20200400
2020-02-17 08:00:00,1588.9,20200600,1588.9,20200600,1583.2,20200400
2020-02-17 09:00:00,1589.4,20200600,1589.4,20200600,1583.8,20200400
2020-02-17 10:00:00,1588.7,20200600,1588.7,20200600,1583.3,20200400
2020-02-17 11:00:00,1589.1,20200600,1589.1,20200600,1583.3,20200400
2020-02-17 12:00:00,1590.1,20200600,1590.1,20200600,1584.4,20200400
2020-02-17 13:00:00,1590.0,20200600,1590.0,20200600,1584.6,20200400
2020-02-17 14:00:00,1589.5,20200600,1589.5,20200600,1584.2,20200400
2020-02-17 15:00:00,1589.7,20200600,1589.7,20200600,1584.0,20200400
2020-02-17 16:00:00,1590.4,20200600,1590.4,20200600,1584.5,20200400
2020-02-17 17:00:00,1589.3,20200600,1589.3,20200600,1584.1,20200400
2020-02-17 23:00:00,1590.7,20200600,1590.7,20200600,1584.9,20200400
2020-02-18 00:00:00,1595.0,20200600,1595.0,20200600,1589.2,20200400
2020-02-18 01:00:00,1593.9,20200600,1593.9,20200600,1588.4,20200400
2020-02-18 02:00:00,1595.3,20200600,1595.3,20200600,1589.6,20200400
2020-02-18 03:00:00,1595.3,20200600,1595.3,20200600,1589.8,20200400
2020-02-18 04:00:00,1594.9,20200600,1594.9,20200600,1589.3,20200400
2020-02-18 07:00:00,1596.8,20200600,1596.8,20200600,1591.4,20200400
2020-02-18 08:00:00,1596.2,20200600,1596.2,20200600,1590.5,20200400
2020-02-18 09:00:00,1597.2,20200600,1597.2,20200600,1591.7,20200400
2020-02-18 10:00:00,1595.5,20200600,1595.5,20200600,1590.3,20200400
2020-02-18 11:00:00,1596.6,20200600,1596.6,20200600,1590.9,20200400
2020-02-18 12:00:00,1595.1,20200600,1595.1,20200600,1589.7,20200400
2020-02-18 13:00:00,1599.7,20200600,1599.7,20200600,1594.4,20200400
2020-02-18 14:00:00,1598.1,20200600,1598.1,20200600,1592.7,20200400
2020-02-18 15:00:00,1609.5,20200600,1609.5,20200600,1603.8,20200400
2020-02-18 16:00:00,1613.1,20200600,1613.1,20200600,1607.2,20200400
2020-02-18 17:00:00,1609.9,20200600,1609.9,20200600,1604.5,20200400
2020-02-18 18:00:00,1609.3,20200600,1609.3,20200600,1603.5,20200400
2020-02-18 19:00:00,1610.0,20200600,1610.0,20200600,1604.5,20200400
2020-02-18 20:00:00,1611.3,20200600,1611.3,20200600,1605.7,20200400
2020-02-18 21:00:00,1610.0,20200600,1610.0,20200600,1604.5,20200400
2020-02-18 23:00:00,1593.8,20200600,1593.8,20200600,1588.1,20200400
2020-02-19 00:00:00,1610.0,20200600,1610.0,20200600,1604.6,20200400
2020-02-19 01:00:00,1611.5,20200600,1611.5,20200600,1605.6,20200400
2020-02-19 02:00:00,1611.3,20200600,1611.3,20200600,1605.5,20200400
2020-02-19 03:00:00,1610.0,20200600,1610.0,20200600,1604.4,20200400
2020-02-19 04:00:00,1610.2,20200600,1610.2,20200600,1604.8,20200400
2020-02-19 07:00:00,1613.5,20200600,1613.5,20200600,1607.8,20200400
2020-02-19 08:00:00,1616.4,20200600,1616.4,20200600,1610.8,20200400
2020-02-19 09:00:00,1617.6,20200600,1617.6,20200600,1611.9,20200400
2020-02-19 10:00:00,1618.5,20200600,1618.5,20200600,1612.8,20200400
2020-02-19 11:00:00,1617.9,20200600,1617.9,20200600,1612.1,20200400
2020-02-19 12:00:00,1615.6,20200600,1615.6,20200600,1609.9,20200400
2020-02-19 13:00:00,1611.9,20200600,1611.9,20200600,1606.4,20200400
2020-02-19 14:00:00,1613.0,20200600,1613.0,20200600,1607.3,20200400
2020-02-19 15:00:00,1615.9,20200600,1615.9,20200600,1609.6,20200400
2020-02-19 16:00:00,1615.7,20200600,1615.7,20200600,1610.2,20200400
2020-02-19 17:00:00,1616.4,20200600,1616.4,20200600,1610.7,20200400
2020-02-19 18:00:00,1617.4,20200600,1617.4,20200600,1612.1,20200400
2020-02-19 19:00:00,1615.0,20200600,1615.0,20200600,1609.4,20200400
2020-02-19 20:00:00,1621.4,20200600,1621.4,20200600,1615.8,20200400
2020-02-19 21:00:00,1620.2,20200600,1620.2,20200600,1614.6,20200400
2020-02-19 23:00:00,1612.2,20200600,1612.2,20200600,1606.6,20200400
2020-02-20 00:00:00,1617.2,20200600,1617.2,20200600,1611.6,20200400
2020-02-20 01:00:00,1617.3,20200600,1617.3,20200600,1611.9,20200400
2020-02-20 02:00:00,1619.0,20200600,1619.0,20200600,1612.0,20200400
2020-02-20 03:00:00,1618.5,20200600,1618.5,20200600,1612.9,20200400
2020-02-20 04:00:00,1618.0,20200600,1618.0,20200600,1612.3,20200400
2020-02-20 07:00:00,1615.2,20200600,1615.2,20200600,1610.0,20200400
2020-02-20 08:00:00,1617.3,20200600,1617.3,20200600,1611.7,20200400
2020-02-20 09:00:00,1618.0,20200600,1618.0,20200600,1611.8,20200400
2020-02-20 10:00:00,1618.5,20200600,1618.5,20200600,1613.4,20200400
2020-02-20 11:00:00,1625.7,20200600,1625.7,20200600,1620.3,20200400
2020-02-20 12:00:00,1625.5,20200600,1625.5,20200600,1619.5,20200400
2020-02-20 13:00:00,1624.2,20200600,1624.2,20200600,1618.5,20200400
2020-02-20 14:00:00,1625.9,20200600,1625.9,20200600,1620.2,20200400
2020-02-20 15:00:00,1626.2,20200600,1626.2,20200600,1620.6,20200400
2020-02-20 16:00:00,1629.9,20200600,1629.9,20200600,1624.2,20200400
2020-02-20 17:00:00,1625.2,20200600,1625.2,20200600,1619.4,20200400
2020-02-20 18:00:00,1627.2,20200600,1627.2,20200600,1621.6,20200400
2020-02-20 19:00:00,1628.3,20200600,1628.3,20200600,1622.6,20200400
2020-02-20 20:00:00,1627.9,20200600,1627.9,20200600,1622.3,20200400
2020-02-20 21:00:00,1627.8,20200600,1627.8,20200600,1622.3,20200400
2020-02-20 23:00:00,1615.4,20200600,1615.4,20200600,1609.4,20200400
2020-02-21 00:00:00,1628.9,20200600,1628.9,20200600,1622.0,20200400
2020-02-21 01:00:00,1629.5,20200600,1629.5,20200600,1623.9,20200400
2020-02-21 02:00:00,1631.9,20200600,1631.9,20200600,1626.3,20200400
2020-02-21 03:00:00,1633.3,20200600,1633.3,20200600,1627.7,20200400
2020-02-21 04:00:00,1634.7,20200600,1634.7,20200600,1628.9,20200400
2020-02-21 07:00:00,1641.8,20200600,1641.8,20200600,1636.2,20200400
2020-02-21 08:00:00,1640.6,20200600,1640.6,20200600,1634.9,20200400
2020-02-21 09:00:00,1643.3,20200600,1643.3,20200600,1637.8,20200400
2020-02-21 10:00:00,1641.8,20200600,1641.8,20200600,1636.9,20200400
2020-02-21 11:00:00,1643.8,20200600,1643.8,20200600,1637.9,20200400
2020-02-21 12:00:00,1646.4,20200600,1646.4,20200600,1640.3,20200400
2020-02-21 13:00:00,1650.8,20200600,1650.8,20200600,1645.6,20200400
2020-02-21 14:00:00,1652.2,20200600,1652.2,20200600,1646.8,20200400
2020-02-21 15:00:00,1651.7,20200600,1651.7,20200600,1646.1,20200400
2020-02-21 16:00:00,1649.0,20200600,1649.0,20200600,1643.4,20200400
2020-02-21 17:00:00,1652.9,20200600,1652.9,20200600,1646.6,20200400
2020-02-21 18:00:00,1655.9,20200600,1655.9,20200600,1650.4,20200400
2020-02-21 19:00:00,1652.5,20200600,1652.5,20200600,1646.8,20200400
2020-02-21 20:00:00,1652.0,20200600,1652.0,20200600,1646.1,20200400
2020-02-21 21:00:00,1652.1,20200600,1652.1,20200600,1645.9,20200400
2020-02-21 23:00:00,1639.9,20200600,1639.9,20200600,1634.1,20200400
2020-02-23 23:00:00,1673.7,20200600,1673.7,20200600,1668.2,20200400
2020-02-24 00:00:00,1671.1,20200600,1671.1,20200600,1665.6,20200400
2020-02-24 01:00:00,1669.5,20200600,1669.5,20200600,1664.3,20200400
2020-02-24 02:00:00,1671.0,20200600,1671.0,20200600,1665.1,20200400
2020-02-24 03:00:00,1669.0,20200600,1669.0,20200600,1663.3,20200400
2020-02-24 04:00:00,1670.0,20200600,1670.0,20200600,1664.9,20200400
2020-02-24 07:00:00,1680.6,20200600,1680.6,20200600,1674.9,20200400
2020-02-24 08:00:00,1688.8,20200600,1688.8,20200600,1682.7,20200400
2020-02-24 09:00:00,1691.2,20200600,1691.2,20200600,1684.9,20200400
2020-02-24 10:00:00,1695.0,20200600,1695.0,20200600,1689.1,20200400
2020-02-24 11:00:00,1689.9,20200600,1689.9,20200600,1684.6,20200400
2020-02-24 12:00:00,1689.1,20200600,1689.1,20200600,1683.0,20200400
2020-02-24 13:00:00,1685.4,20200600,1685.4,20200600,1679.8,20200400
2020-02-24 14:00:00,1682.6,20200600,1682.6,20200600,1676.9,20200400
2020-02-24 15:00:00,1682.6,20200600,1682.6,20200600,1677.0,20200400
2020-02-24 16:00:00,1680.6,20200600,1680.6,20200600,1674.7,20200400
2020-02-24 17:00:00,1682.4,20200600,1682.4,20200600,1676.8,20200400
2020-02-24 18:00:00,1680.0,20200600,1680.0,20200600,1674.1,20200400
2020-02-24 19:00:00,1661.0,20200600,1661.0,20200600,1655.9,20200400
2020-02-24 20:00:00,1666.9,20200600,1666.9,20200600,1661.8,20200400
2020-02-24 21:00:00,1667.5,20200600,1667.5,20200600,1661.7,20200400
2020-02-24 23:00:00,1674.5,20200600,1674.5,20200600,1668.6,20200400
2020-02-25 00:00:00,1654.4,20200600,1654.4,20200600,1649.4,20200400
2020-02-25 01:00:00,1662.9,20200600,1662.9,20200600,1657.4,20200400
2020-02-25 02:00:00,1665.5,20200600,1665.5,20200600,1659.7,20200400
2020-02-25 03:00:00,1664.5,20200600,1664.5,20200600,1658.7,20200400
2020-02-25 04:00:00,1663.8,20200600,1663.8,20200600,1657.7,20200400
2020-02-25 07:00:00,1649.3,20200600,1649.3,20200600,1642.9,20200400
2020-02-25 08:00:00,1660.9,20200600,1660.9,20200600,1655.7,20200400
2020-02-25 09:00:00,1657.8,20200600,1657.8,20200600,1653.1,20200400
2020-02-25 10:00:00,1660.6,20200600,1660.6,20200600,1655.1,20200400
2020-02-25 11:00:00,1654.0,20200600,1654.0,20200600,1648.5,20200400
2020-02-25 12:00:00,1655.5,20200600,1655.5,20200600,1649.7,20200400
2020-02-25 13:00:00,1658.6,20200600,1658.6,20200600,1652.7,20200400
2020-02-25 14:00:00,1659.0,20200600,1659.0,20200600,1653.4,20200400
2020-02-25 15:00:00,1663.0,20200600,1663.0,20200600,1656.9,20200400
2020-02-25 16:00:00,1653.7,20200600,1653.7,20200600,1647.7,20200400
2020-02-25 17:00:00,1656.7,20200600,1656.7,20200600,1650.8,20200400
2020-02-25 18:00:00,1652.6,20200600,1652.6,20200600,1647.0,20200400
2020-02-25 19:00:00,1657.9,20200600,1657.9,20200600,1652.2,20200400
2020-02-25 20:00:00,1638.0,20200600,1638.0,20200600,1631.7,20200400
2020-02-25 21:00:00,1643.0,20200600,1643.0,20200600,1637.0,20200400
2020-02-25 23:00:00,1645.0,20200600,1645.0,20200600,1639.1,20200400
2020-02-26 00:00:00,1647.2,20200600,1647.2,20200600,1643.4,20200400
2020-02-26 01:00:00,1651.0,20200600,1651.0,20200600,1646.1,20200400
2020-02-26 02:00:00,1647.8,20200600,1647.8,20200600,1642.2,20200400
2020-02-26 03:00:00,1647.6,20200600,1647.6,20200600,1641.9,20200400
2020-02-26 04:00:00,1649.3,20200600,1649.3,20200600,1643.3,20200400
2020-02-26 07:00:00,1651.8,20200600,1651.8,20200600,1646.1,20200400
2020-02-26 08:00:00,1659.1,20200600,1659.1,20200600,1653.5,20200400
2020-02-26 09:00:00,1658.4,20200600,1658.4,20200600,1652.9,20200400
2020-02-26 10:00:00,1656.9,20200600,1656.9,20200600,1651.4,20200400
2020-02-26 11:00:00,1655.3,20200600,1655.3,20200600,1649.5,20200400
2020-02-26 12:00:00,1652.8,20200600,1652.8,20200600,1646.8,20200400
2020-02-26 13:00:00,1639.9,20200600,1639.9,20200600,1634.0,20200400
2020-02-26 14:00:00,1642.9,20200600,1642.9,20200600,1636.9,20200400
2020-02-26 15:00:00,1645.4,20200600,1645.4,20200600,1639.8,20200400
2020-02-26 16:00:00,1647.5,20200600,1647.5,20200600,1641.8,20200400
2020-02-26 17:00:00,1648.9,20200600,1648.9,20200600,1642.2,20200400
2020-02-26 18:00:00,1654.2,20200600,1654.2,20200600,1648.2,20200400
2020-02-26 19:00:00,1655.9,20200600,1655.9,20200600,1650.4,20200400
2020-02-26 20:00:00,1644.1,20200600,1644.1,20200600,1638.1,20200400
2020-02-26 21:00:00,1648.5,20200600,1648.5,20200600,1642.9,20200400
2020-02-26 23:00:00,1653.1,20200600,1653.1,20200600,1647.1,20200400
2020-02-27 00:00:00,1654.1,20200600,1654.1,20200600,1648.0,20200400
2020-02-27 01:00:00,1657.4,20200600,1657.4,20200600,1651.3,20200400
2020-02-27 02:00:00,1656.8,20200600,1656.8,20200600,1650.8,20200400
2020-02-27 03:00:00,1658.3,20200600,1658.3,20200600,1652.7,20200400
2020-02-27 04:00:00,1659.8,20200600,1659.8,20200600,1654.2,20200400
2020-02-27 07:00:00,1655.2,20200600,1655.2,20200600,1649.9,20200400
2020-02-27 08:00:00,1653.2,20200600,1653.2,20200600,1647.9,20200400
2020-02-27 09:00:00,1655.0,20200600,1655.0,20200600,1649.1,20200400
2020-02-27 10:00:00,1655.7,20200600,1655.7,20200600,1650.0,20200400
2020-02-27 11:00:00,1656.7,20200600,1656.7,20200600,1651.0,20200400
2020-02-27 12:00:00,1661.2,20200600,1661.2,20200600,1655.6,20200400
2020-02-27 13:00:00,1658.9,20200600,1658.9,20200600,1653.7,20200400
2020-02-27 14:00:00,1660.4,20200600,1660.4,20200600,1654.9,20200400
2020-02-27 15:00:00,1660.4,20200600,1660.4,20200600,1653.9,20200400
2020-02-27 16:00:00,1656.9,20200600,1656.9,20200600,1651.3,20200400
2020-02-27 17:00:00,1648.1,20200600,1648.1,20200600,1642.5,20200400
2020-02-27 18:00:00,1652.9,20200600,1652.9,20200600,1647.0,20200400
2020-02-27 19:00:00,1649.1,20200600,1649.1,20200600,1643.2,20200400
2020-02-27 20:00:00,1644.0,20200600,1644.0,20200600,1638.6,20200400
2020-02-27 21:00:00,1651.8,20200600,1651.8,20200600,1646.3,20200400
2020-02-27 23:00:00,1655.3,20200600,1655.3,20200600,1649.9,20200400
2020-02-28 00:00:00,1653.1,20200600,1653.1,20200600,1647.2,20200400
2020-02-28 01:00:00,1649.0,20200600,1649.0,20200600,1644.0,20200400
2020-02-28 02:00:00,1649.6,20200600,1649.6,20200600,1644.4,20200400
2020-02-28 03:00:00,1646.4,20200600,1646.4,20200600,1640.4,20200400
2020-02-28 04:00:00,1645.3,20200600,1645.3,20200600,1640.4,20200400
2020-02-28 07:00:00,1634.8,20200600,1634.8,20200600,1629.1,20200400
2020-02-28 08:00:00,1644.0,20200600,1644.0,20200600,1637.1,20200400
2020-02-28 09:00:00,1634.5,20200600,1634.5,20200600,1629.2,20200400
2020-02-28 10:00:00,1637.4,20200600,1637.4,20200600,1631.5,20200400
2020-02-28 11:00:00,1635.9,20200600,1635.9,20200600,1630.9,20200400
2020-02-28 12:00:00,1627.2,20200600,1627.2,20200600,1621.2,20200400
2020-02-28 13:00:00,1635.4,20200600,1635.4,20200600,1630.2,20200400
2020-02-28 14:00:00,1622.4,20200600,1622.4,20200600,1617.1,20200400
2020-02-28 15:00:00,1589.4,20200600,1589.4,20200600,1584.7,20200400
2020-02-28 16:00:00,1596.3,20200600,1596.3,20200600,1591.3,20200400
2020-02-28 17:00:00,1589.9,20200600,1589.9,20200600,1584.8,20200400
2020-02-28 18:00:00,1580.8,20200600,1580.8,20200600,1575.1,20200400
2020-02-28 19:00:00,1590.7,20200600,1590.7,20200600,1584.3,20200400
2020-02-28 20:00:00,1584.7,20200600,1584.7,20200600,1579.3,20200400
2020-02-28 21:00:00,1592.4,20200600,1592.4,20200600,1587.3,20200400
2020-02-28 23:00:00,1640.2,20200600,1640.2,20200600,1634.5,20200400
2020-03-01 23:00:00,1589.7,20200600,1589.7,20200600,1586.1,20200400
2020-03-02 00:00:00,1603.1,20200600,1603.1,20200600,1598.1,20200400
2020-03-02 01:00:00,1602.4,20200600,1602.4,20200600,1596.7,20200400
2020-03-02 02:00:00,1601.1,20200600,1601.1,20200600,1596.4,20200400
2020-03-02 03:00:00,1604.8,20200600,1604.8,20200600,1599.8,20200400
2020-03-02 04:00:00,1606.3,20200600,1606.3,20200600,1601.4,20200400
2020-03-02 07:00:00,1603.2,20200600,1603.2,20200600,1598.9,20200400
2020-03-02 08:00:00,1611.2,20200600,1611.2,20200600,1606.5,20200400
2020-03-02 09:00:00,1614.9,20200600,1614.9,20200600,1610.2,20200400
2020-03-02 10:00:00,1614.7,20200600,1614.7,20200600,1610.5,20200400
2020-03-02 11:00:00,1613.1,20200600,1613.1,20200600,1607.5,20200400
2020-03-02 12:00:00,1604.0,20200600,1604.0,20200600,1599.5,20200400
2020-03-02 13:00:00,1601.2,20200600,1601.2,20200600,1596.7,20200400
2020-03-02 14:00:00,1604.6,20200600,1604.6,20200600,1599.9,20200400
2020-03-02 15:00:00,1598.8,20200600,1598.8,20200600,1594.6,20200400
2020-03-02 16:00:00,1601.8,20200600,1601.8,20200600,1597.2,20200400
2020-03-02 17:00:00,1604.1,20200600,1604.1,20200600,1599.3,20200400
2020-03-02 18:00:00,1598.2,20200600,1598.2,20200600,1593.9,20200400
2020-03-02 19:00:00,1600.6,20200600,1600.6,20200600,1595.9,20200400
2020-03-02 20:00:00,1590.8,20200600,1590.8,20200600,1586.5,20200400
2020-03-02 21:00:00,1594.9,20200600,1594.9,20200600,1590.2,20200400
2020-03-02 23:00:00,1608.5,20200600,1608.5,20200600,1603.2,20200400
2020-03-03 00:00:00,1596.7,20200600,1596.7,20200600,1592.7,20200400
2020-03-03 01:00:00,1602.9,20200600,1602.9,20200600,1598.1,20200400
2020-03-03 02:00:00,1603.4,20200600,1603.4,20200600,1599.5,20200400
2020-03-03 03:00:00,1603.9,20200600,1603.9,20200600,1598.7,20200400
2020-03-03 04:00:00,1605.5,20200600,1605.5,20200600,1600.9,20200400
2020-03-03 07:00:00,1601.8,20200600,1601.8,20200600,1595.7,20200400
2020-03-03 08:00:00,1602.0,20200600,1602.0,20200600,1596.7,20200400
2020-03-03 09:00:00,1602.5,20200600,1602.5,20200600,1598.0,20200400
2020-03-03 10:00:00,1605.1,20200600,1605.1,20200600,1600.5,20200400
2020-03-03 11:00:00,1608.8,20200600,1608.8,20200600,1604.0,20200400
2020-03-03 12:00:00,1607.7,20200600,1607.7,20200600,1603.3,20200400
2020-03-03 13:00:00,1611.3,20200600,1611.3,20200600,1606.2,20200400
2020-03-03 14:00:00,1612.1,20200600,1612.1,20200600,1607.6,20200400
2020-03-03 15:00:00,1639.3,20200600,1639.3,20200600,1635.0,20200400
2020-03-03 16:00:00,1646.1,20200600,1646.1,20200600,1641.0,20200400
2020-03-03 17:00:00,1651.2,20200600,1651.2,20200600,1646.3,20200400
2020-03-03 18:00:00,1651.4,20200600,1651.4,20200600,1645.6,20200400
2020-03-03 19:00:00,1632.9,20200600,1632.9,20200600,1627.4,20200400
2020-03-03 20:00:00,1640.9,20200600,1640.9,20200600,1636.7,20200400
2020-03-03 21:00:00,1646.0,20200600,1646.0,20200600,1641.6,20200400
2020-03-03 23:00:00,1600.4,20200600,1600.4,20200600,1595.8,20200400
2020-03-04 00:00:00,1650.9,20200600,1650.9,20200600,1646.6,20200400
2020-03-04 01:00:00,1649.1,20200600,1649.1,20200600,1645.0,20200400
2020-03-04 02:00:00,1650.0,20200600,1650.0,20200600,1646.1,20200400
2020-03-04 03:00:00,1648.3,20200600,1648.3,20200600,1642.6,20200400
2020-03-04 04:00:00,1648.0,20200600,1648.0,20200600,1644.0,20200400
2020-03-04 07:00:00,1641.8,20200600,1641.8,20200600,1637.0,20200400
2020-03-04 08:00:00,1640.6,20200600,1640.6,20200600,1636.6,20200400
2020-03-04 09:00:00,1644.1,20200600,1644.1,20200600,1640.6,20200400
2020-03-04 10:00:00,1646.2,20200600,1646.2,20200600,1642.5,20200400
2020-03-04 11:00:00,1648.4,20200600,1648.4,20200600,1644.7,20200400
2020-03-04 12:00:00,1651.9,20200600,1651.9,20200600,1648.1,20200400
2020-03-04 13:00:00,1645.1,20200600,1645.1,20200600,1641.2,20200400
2020-03-04 14:00:00,1651.1,20200600,1651.1,20200600,1647.1,20200400
2020-03-04 15:00:00,1647.9,20200600,1647.9,20200600,1643.8,20200400
2020-03-04 16:00:00,1646.4,20200600,1646.4,20200600,1642.2,20200400
2020-03-04 17:00:00,1646.5,20200600,1646.5,20200600,1642.6,20200400
2020-03-04 18:00:00,1640.8,20200600,1640.8,20200600,1636.8,20200400
2020-03-04 19:00:00,1644.8,20200600,1644.8,20200600,1641.0,20200400
2020-03-04 20:00:00,1643.0,20200600,1643.0,20200600,1639.1,20200400
2020-03-04 21:00:00,1641.4,20200600,1641.4,20200600,1637.7,20200400
2020-03-04 23:00:00,1647.7,20200600,1647.7,20200600,1643.2,20200400
2020-03-05 00:00:00,1643.0,20200600,1643.0,20200600,1638.7,20200400
2020-03-05 01:00:00,1642.7,20200600,1642.7,20200600,1638.3,20200400
2020-03-05 02:00:00,1643.1,20200600,1643.1,20200600,1639.0,20200400
2020-03-05 03:00:00,1643.8,20200600,1643.8,20200600,1640.2,20200400
2020-03-05 04:00:00,1644.3,20200600,1644.3,20200600,1640.4,20200400
2020-03-05 07:00:00,1642.5,20200600,1642.5,20200600,1637.9,20200400
2020-03-05 08:00:00,1644.5,20200600,1644.5,20200600,1640.6,20200400
2020-03-05 09:00:00,1648.9,20200600,1648.9,20200600,1644.7,20200400
2020-03-05 10:00:00,1652.0,20200600,1652.0,20200600,1647.8,20200400
2020-03-05 11:00:00,1651.8,20200600,1651.8,20200600,1648.4,20200400
2020-03-05 12:00:00,1656.6,20200600,1656.6,20200600,1653.2,20200400
2020-03-05 13:00:00,1659.9,20200600,1659.9,20200600,1655.7,20200400
2020-03-05 14:00:00,1662.7,20200600,1662.7,20200600,1659.1,20200400
2020-03-05 15:00:00,1665.1,20200600,1665.1,20200600,1660.8,20200400
2020-03-05 16:00:00,1666.8,20200600,1666.8,20200600,1662.8,20200400
2020-03-05 17:00:00,1672.0,20200600,1672.0,20200600,1667.8,20200400
2020-03-05 18:00:00,1672.3,20200600,1672.3,20200600,1668.5,20200400
2020-03-05 19:00:00,1676.5,20200600,1676.5,20200600,1672.5,20200400
2020-03-05 20:00:00,1678.0,20200600,1678.0,20200600,1673.9,20200400
2020-03-05 21:00:00,1676.9,20200600,1676.9,20200600,1672.9,20200400
2020-03-05 23:00:00,1646.3,20200600,1646.3,20200600,1642.3,20200400
2020-03-06 00:00:00,1679.3,20200600,1679.3,20200600,1674.7,20200400
2020-03-06 01:00:00,1675.8,20200600,1675.8,20200600,1671.2,20200400
2020-03-06 02:00:00,1674.9,20200600,1674.9,20200600,1671.1,20200400
2020-03-06 03:00:00,1673.5,20200600,1673.5,20200600,1669.6,20200400
2020-03-06 04:00:00,1683.0,20200600,1683.0,20200600,1679.1,20200400
2020-03-06 07:00:00,1676.1,20200600,1676.1,20200600,1673.1,20200400
2020-03-06 08:00:00,1681.3,20200600,1681.3,20200600,1678.7,20200400
2020-03-06 09:00:00,1688.6,20200600,1688.6,20200600,1685.1,20200400
2020-03-06 10:00:00,1686.7,20200600,1686.7,20200600,1683.0,20200400
2020-03-06 11:00:00,1691.0,20200600,1691.0,20200600,1686.8,20200400
2020-03-06 12:00:00,1692.7,20200600,1692.7,20200600,1688.7,20200400
2020-03-06 13:00:00,1677.8,20200600,1677.8,20200600,1674.1,20200400
2020-03-06 14:00:00,1688.7,20200600,1688.7,20200600,1685.4,20200400
2020-03-06 15:00:00,1668.1,20200600,1668.1,20200600,1664.6,20200400
2020-03-06 16:00:00,1667.5,20200600,1667.5,20200600,1664.0,20200400
2020-03-06 17:00:00,1669.9,20200600,1669.9,20200600,1666.4,20200400
2020-03-06 18:00:00,1677.0,20200600,1677.0,20200600,1673.0,20200400
2020-03-06 19:00:00,1691.0,20200600,1691.0,20200600,1687.4,20200400
2020-03-06 20:00:00,1678.4,20200600,1678.4,20200600,1674.6,20200400
2020-03-06 21:00:00,1678.7,20200600,1678.7,20200600,1674.2,20200400
2020-03-06 23:00:00,1679.0,20200600,1679.0,20200600,1675.0,20200400
2020-03-08 23:00:00,1701.3,20200600,1701.3,20200600,1699.0,20200400
2020-03-09 00:00:00,1704.2,20200600,1704.2,20200600,1701.2,20200400
2020-03-09 01:00:00,1705.0,20200600,1705.0,20200600,1700.8,20200400
2020-03-09 02:00:00,1704.9,20200600,1704.9,20200600,1701.9,20200400
2020-03-09 03:00:00,1698.7,20200600,1698.7,20200600,1695.6,20200400
2020-03-09 04:00:00,1685.3,20200600,1685.3,20200600,1682.0,20200400
2020-03-09 07:00:00,1673.0,20200600,1673.0,20200600,1670.0,20200400
2020-03-09 08:00:00,1685.6,20200600,1685.6,20200600,1682.0,20200400
2020-03-09 09:00:00,1679.4,20200600,1679.4,20200600,1676.0,20200400
2020-03-09 10:00:00,1669.5,20200600,1669.5,20200600,1665.9,20200400
2020-03-09 11:00:00,1681.5,20200600,1681.5,20200600,1679.1,20200400
2020-03-09 12:00:00,1679.4,20200600,1679.4,20200600,1676.6,20200400
2020-03-09 13:00:00,1681.0,20200600,1681.0,20200600,1678.2,20200400
2020-03-09 14:00:00,1674.9,20200600,1674.9,20200600,1672.4,20200400
2020-03-09 15:00:00,1676.3,20200600,1676.3,20200600,1673.9,20200400
2020-03-09 16:00:00,1668.1,20200600,1668.1,20200600,1665.3,20200400
2020-03-09 17:00:00,1675.2,20200600,1675.2,20200600,1672.3,20200400
2020-03-09 18:00:00,1676.2,20200600,1676.2,20200600,1673.1,20200400
2020-03-09 19:00:00,1679.9,20200600,1679.9,20200600,1677.5,20200400
2020-03-09 20:00:00,1680.5,20200600,1680.5,20200600,1678.1,20200400
2020-03-09 21:00:00,1682.1,20200600,1682.1,20200600,1680.6,20200400
2020-03-09 23:00:00,1667.0,20200600,1667.0,20200600,1663.8,20200400
2020-03-10 00:00:00,1669.2,20200600,1669.2,20200600,1666.8,20200400
2020-03-10 01:00:00,1667.0,20200600,1667.0,20200600,1664.1,20200400
2020-03-10 02:00:00,1672.3,20200600,1672.3,20200600,1669.5,20200400
2020-03-10 03:00:00,1671.9,20200600,1671.9,20200600,1668.9,20200400
2020-03-10 04:00:00,1670.1,20200600,1670.1,20200600,1666.8,20200400
2020-03-10 07:00:00,1664.2,20200600,1664.2,20200600,1661.7,20200400
2020-03-10 08:00:00,1665.1,20200600,1665.1,20200600,1662.2,20200400
2020-03-10 09:00:00,1665.1,20200600,1665.1,20200600,1661.7,20200400
2020-03-10 10:00:00,1662.0,20200600,1662.0,20200600,1658.9,20200400
2020-03-10 11:00:00,1665.0,20200600,1665.0,20200600,1662.3,20200400
2020-03-10 12:00:00,1665.1,20200600,1665.1,20200600,1662.3,20200400
2020-03-10 13:00:00,1666.0,20200600,1666.0,20200600,1663.2,20200400
2020-03-10 14:00:00,1656.7,20200600,1656.7,20200600,1653.8,20200400
2020-03-10 15:00:00,1661.9,20200600,1661.9,20200600,1658.8,20200400
2020-03-10 16:00:00,1657.6,20200600,1657.6,20200600,1654.7,20200400
2020-03-10 17:00:00,1657.3,20200600,1657.3,20200600,1654.3,20200400
2020-03-10 18:00:00,1661.1,20200600,1661.1,20200600,1658.0,20200400
2020-03-10 19:00:00,1657.0,20200600,1657.0,20200600,1654.0,20200400
2020-03-10 20:00:00,1645.3,20200600,1645.3,20200600,1642.2,20200400
2020-03-10 21:00:00,1652.2,20200600,1652.2,20200600,1649.2,20200400
2020-03-10 23:00:00,1654.6,20200600,1654.6,20200600,1651.8,20200400
2020-03-11 00:00:00,1655.2,20200600,1655.2,20200600,1652.4,20200400
2020-03-11 01:00:00,1660.4,20200600,1660.4,20200600,1657.1,20200400
2020-03-11 02:00:00,1661.5,20200600,1661.5,20200600,1658.5,20200400
2020-03-11 03:00:00,1660.3,20200600,1660.3,20200600,1657.2,20200400
2020-03-11 04:00:00,1661.9,20200600,1661.9,20200600,1659.0,20200400
2020-03-11 07:00:00,1666.4,20200600,1666.4,20200600,1663.3,20200400
2020-03-11 08:00:00,1665.5,20200600,1665.5,20200600,1662.6,20200400
2020-03-11 09:00:00,1660.1,20200600,1660.1,20200600,1657.2,20200400
2020-03-11 10:00:00,1663.6,20200600,1663.6,20200600,1660.7,20200400
2020-03-11 11:00:00,1668.4,20200600,1668.4,20200600,1665.2,20200400
2020-03-11 12:00:00,1669.4,20200600,1669.4,20200600,1666.3,20200400
2020-03-11 13:00:00,1669.0,20200600,1669.0,20200600,1665.8,20200400
2020-03-11 14:00:00,1666.0,20200600,1666.0,20200600,1663.0,20200400
2020-03-11 15:00:00,1656.2,20200600,1656.2,20200600,1653.1,20200400
2020-03-11 16:00:00,1653.0,20200600,1653.0,20200600,1649.8,20200400
2020-03-11 17:00:00,1648.1,20200600,1648.1,20200600,1644.9,20200400
2020-03-11 18:00:00,1646.3,20200600,1646.3,20200600,1643.4,20200400
2020-03-11 19:00:00,1641.9,20200600,1641.9,20200600,1638.8,20200400
2020-03-11 20:00:00,1639.2,20200600,1639.2,20200600,1636.3,20200400
2020-03-11 21:00:00,1638.1,20200600,1638.1,20200600,1634.9,20200400
2020-03-11 23:00:00,1664.8,20200600,1664.8,20200600,1661.7,20200400
2020-03-12 00:00:00,1646.0,20200600,1646.0,20200600,1643.4,20200400
2020-03-12 01:00:00,1650.6,20200600,1650.6,20200600,1647.1,20200400
2020-03-12 02:00:00,1638.1,20200600,1638.1,20200600,1636.0,20200400
2020-03-12 03:00:00,1639.7,20200600,1639.7,20200600,1636.5,20200400
2020-03-12 04:00:00,1639.5,20200600,1639.5,20200600,1636.8,20200400
2020-03-12 07:00:00,1639.7,20200600,1639.7,20200600,1636.9,20200400
2020-03-12 08:00:00,1643.0,20200600,1643.0,20200600,1639.9,20200400
2020-03-12 09:00:00,1645.7,20200600,1645.7,20200600,1642.8,20200400
2020-03-12 10:00:00,1636.7,20200600,1636.7,20200600,1633.9,20200400
2020-03-12 11:00:00,1639.4,20200600,1639.4,20200600,1636.1,20200400
2020-03-12 12:00:00,1636.7,20200600,1636.7,20200600,1634.1,20200400
2020-03-12 13:00:00,1612.8,20200600,1612.8,20200600,1610.1,20200400
2020-03-12 14:00:00,1600.0,20200600,1600.0,20200600,1596.9,20200400
2020-03-12 15:00:00,1589.8,20200600,1589.8,20200600,1587.1,20200400
2020-03-12 16:00:00,1569.0,20200600,1569.0,20200600,1566.2,20200400
2020-03-12 17:00:00,1596.9,20200600,1596.9,20200600,1593.8,20200400
2020-03-12 18:00:00,1597.0,20200600,1597.0,20200600,1595.0,20200400
2020-03-12 19:00:00,1581.1,20200600,1581.1,20200600,1578.4,20200400
2020-03-12 20:00:00,1574.2,20200600,1574.2,20200600,1571.7,20200400
2020-03-12 21:00:00,1579.8,20200600,1579.8,20200600,1575.9,20200400
2020-03-12 23:00:00,1636.9,20200600,1636.9,20200600,1633.6,20200400
2020-03-13 00:00:00,1579.6,20200600,1579.6,20200600,1576.7,20200400
2020-03-13 01:00:00,1581.8,20200600,1581.8,20200600,1579.2,20200400
2020-03-13 02:00:00,1557.6,20200600,1557.6,20200600,1554.8,20200400
2020-03-13 03:00:00,1565.8,20200600,1565.8,20200600,1563.1,20200400
2020-03-13 04:00:00,1562.4,20200600,1562.4,20200600,1559.7,20200400
2020-03-13 07:00:00,1590.3,20200600,1590.3,20200600,1586.9,20200400
2020-03-13 08:00:00,1594.6,20200600,1594.6,20200600,1591.5,20200400
2020-03-13 09:00:00,1588.7,20200600,1588.7,20200600,1586.1,20200400
2020-03-13 10:00:00,1585.4,20200600,1585.4,20200600,1582.4,20200400
2020-03-13 11:00:00,1590.6,20200600,1590.6,20200600,1587.8,20200400
2020-03-13 12:00:00,1583.0,20200600,1583.0,20200600,1580.7,20200400
2020-03-13 13:00:00,1597.6,20200600,1597.6,20200600,1594.9,20200400
2020-03-13 14:00:00,1576.5,20200600,1576.5,20200600,1574.9,20200400
2020-03-13 15:00:00,1566.1,20200600,1566.1,20200600,1563.2,20200400
2020-03-13 16:00:00,1537.6,20200600,1537.6,20200600,1534.4,20200400
2020-03-13 17:00:00,1525.4,20200600,1525.4,20200600,1522.7,20200400
2020-03-13 18:00:00,1524.9,20200600,1524.9,20200600,1521.9,20200400
2020-03-13 19:00:00,1515.1,20200600,1515.1,20200600,1512.4,20200400
2020-03-13 20:00:00,1525.9,20200600,1525.9,20200600,1523.3,20200400
2020-03-13 21:00:00,1531.6,20200600,1531.6,20200600,1528.9,20200400
2020-03-13 23:00:00,1588.9,20200600,1588.9,20200600,1586.3,20200400
2020-03-15 23:00:00,1548.7,20200600,1548.7,20200600,1545.8,20200400
2020-03-16 00:00:00,1559.3,20200600,1559.3,20200600,1557.5,20200400
2020-03-16 01:00:00,1549.7,20200600,1549.7,20200600,1547.9,20200400
2020-03-16 02:00:00,1536.0,20200600,1536.0,20200600,1534.2,20200400
2020-03-16 03:00:00,1547.9,20200600,1547.9,20200600,1546.2,20200400
2020-03-16 04:00:00,1549.8,20200600,1549.8,20200600,1547.9,20200400
2020-03-16 07:00:00,1546.3,20200600,1546.3,20200600,1543.7,20200400
2020-03-16 08:00:00,1532.9,20200600,1532.9,20200600,1531.2,20200400
2020-03-16 09:00:00,1541.4,20200600,1541.4,20200600,1539.2,20200400
2020-03-16 10:00:00,1528.7,20200600,1528.7,20200600,1526.9,20200400
2020-03-16 11:00:00,1479.9,20200600,1479.9,20200600,1477.8,20200400
2020-03-16 12:00:00,1463.7,20200600,1463.7,20200600,1461.8,20200400
2020-03-16 13:00:00,1457.4,20200600,1457.4,20200600,1455.7,20200400
2020-03-16 14:00:00,1473.4,20200600,1473.4,20200600,1471.0,20200400
2020-03-16 15:00:00,1499.7,20200600,1499.7,20200600,1497.7,20200400
2020-03-16 16:00:00,1505.6,20200600,1505.6,20200600,1503.7,20200400
2020-03-16 17:00:00,1510.6,20200600,1510.6,20200600,1508.5,20200400
2020-03-16 18:00:00,1493.8,20200600,1493.8,20200600,1491.9,20200400
2020-03-16 19:00:00,1507.2,20200600,1507.2,20200600,1506.3,20200400
2020-03-16 20:00:00,1511.0,20200600,1511.0,20200600,1509.4,20200400
2020-03-16 21:00:00,1515.9,20200600,1515.9,20200600,1514.5,20200400
2020-03-16 23:00:00,1542.3,20200600,1542.3,20200600,1540.5,20200400
2020-03-17 00:00:00,1508.8,20200600,1508.8,20200600,1507.0,20200400
2020-03-17 01:00:00,1518.9,20200600,1518.9,20200600,1517.0,20200400
2020-03-17 02:00:00,1493.9,20200600,1493.9,20200600,1492.6,20200400
2020-03-17 03:00:00,1494.0,20200600,1494.0,20200600,1492.5,20200400
2020-03-17 04:00:00,1503.0,20200600,1503.0,20200600,1501.1,20200400
2020-03-17 07:00:00,1485.7,20200600,1485.7,20200600,1483.9,20200400
2020-03-17 08:00:00,1489.1,20200600,1489.1,20200600,1486.9,20200400
2020-03-17 09:00:00,1486.0,20200600,1486.0,20200600,1483.3,20200400
2020-03-17 10:00:00,1473.4,20200600,1473.4,20200600,1471.1,20200400
2020-03-17 11:00:00,1469.1,20200600,1469.1,20200600,1466.8,20200400
2020-03-17 12:00:00,1475.3,20200600,1475.3,20200600,1473.2,20200400
2020-03-17 13:00:00,1487.6,20200600,1487.6,20200600,1485.1,20200400
2020-03-17 14:00:00,1495.9,20200600,1495.9,20200600,1493.5,20200400
2020-03-17 15:00:00,1536.8,20200600,1536.8,20200600,1534.4,20200400
2020-03-17 16:00:00,1535.2,20200600,1535.2,20200600,1532.9,20200400
2020-03-17 17:00:00,1530.0,20200600,1530.0,20200600,1527.8,20200400
2020-03-17 18:00:00,1537.6,20200600,1537.6,20200600,1535.4,20200400
2020-03-17 19:00:00,1532.2,20200600,1532.2,20200600,1529.7,20200400
2020-03-17 20:00:00,1532.6,20200600,1532.6,20200600,1530.3,20200400
2020-03-17 21:00:00,1531.4,20200600,1531.4,20200600,1528.9,20200400
2020-03-17 23:00:00,1495.5,20200600,1495.5,20200600,1493.1,20200400
2020-03-18 00:00:00,1540.0,20200600,1540.0,20200600,1538.3,20200400
2020-03-18 01:00:00,1540.2,20200600,1540.2,20200600,1537.3,20200400
2020-03-18 02:00:00,1537.6,20200600,1537.6,20200600,1535.1,20200400
2020-03-18 03:00:00,1533.5,20200600,1533.5,20200600,1531.3,20200400
2020-03-18 04:00:00,1535.2,20200600,1535.2,20200600,1533.0,20200400
2020-03-18 07:00:00,1515.4,20200600,1515.4,20200600,1513.2,20200400
2020-03-18 08:00:00,1501.1,20200600,1501.1,20200600,1498.6,20200400
2020-03-18 09:00:00,1497.2,20200600,1497.2,20200600,1494.2,20200400
2020-03-18 10:00:00,1497.0,20200600,1497.0,20200600,1494.7,20200400
2020-03-18 11:00:00,1498.6,20200600,1498.6,20200600,1496.7,20200400
2020-03-18 12:00:00,1520.6,20200600,1520.6,20200600,1518.1,20200400
2020-03-18 13:00:00,1500.7,20200600,1500.7,20200600,1497.4,20200400
2020-03-18 14:00:00,1512.3,20200600,1512.3,20200600,1509.5,20200400
2020-03-18 15:00:00,1503.3,20200600,1503.3,20200600,1500.3,20200400
2020-03-18 16:00:00,1496.4,20200600,1496.4,20200600,1493.6,20200400
2020-03-18 17:00:00,1489.3,20200600,1489.3,20200600,1486.7,20200400
2020-03-18 18:00:00,1492.3,20200600,1492.3,20200600,1489.4,20200400
2020-03-18 19:00:00,1499.8,20200600,1499.8,20200600,1497.3,20200400
2020-03-18 20:00:00,1499.4,20200600,1499.4,20200600,1496.8,20200400
2020-03-18 21:00:00,1489.7,20200600,1489.7,20200600,1487.7,20200400
2020-03-18 23:00:00,1521.1,20200600,1521.1,20200600,1519.2,20200400
2020-03-19 00:00:00,1502.8,20200600,1502.8,20200600,1499.6,20200400
2020-03-19 01:00:00,1488.7,20200600,1488.7,20200600,1486.3,20200400
2020-03-19 02:00:00,1489.1,20200600,1489.1,20200600,1486.3,20200400
2020-03-19 03:00:00,1477.2,20200600,1477.2,20200600,1473.6,20200400
2020-03-19 04:00:00,1474.1,20200600,1474.1,20200600,1470.7,20200400
2020-03-19 07:00:00,1494.3,20200600,1494.3,20200600,1491.9,20200400
2020-03-19 08:00:00,1488.0,20200600,1488.0,20200600,1484.9,20200400
2020-03-19 09:00:00,1488.7,20200600,1488.7,20200600,1485.2,20200400
2020-03-19 10:00:00,1483.7,20200600,1483.7,20200600,1480.8,20200400
2020-03-19 11:00:00,1480.0,20200600,1480.0,20200600,1477.1,20200400
2020-03-19 12:00:00,1480.2,20200600,1480.2,20200600,1476.0,20200400
2020-03-19 13:00:00,1475.2,20200600,1475.2,20200600,1472.6,20200400
2020-03-19 14:00:00,1486.2,20200600,1486.2,20200600,1483.2,20200400
2020-03-19 15:00:00,1481.5,20200600,1481.5,20200600,1477.3,20200400
2020-03-19 16:00:00,1485.9,20200600,1485.9,20200600,1482.7,20200400
2020-03-19 17:00:00,1479.4,20200600,1479.4,20200600,1476.4,20200400
2020-03-19 18:00:00,1477.7,20200600,1477.7,20200600,1474.9,20200400
2020-03-19 19:00:00,1477.2,20200600,1477.2,20200600,1474.0,20200400
2020-03-19 20:00:00,1474.2,20200600,1474.2,20200600,1470.6,20200400
2020-03-19 21:00:00,1475.9,20200600,1475.9,20200600,1473.0,20200400
2020-03-19 23:00:00,1476.2,20200600,1476.2,20200600,1472.5,20200400
2020-03-20 00:00:00,1477.1,20200600,1477.1,20200600,1474.1,20200400
2020-03-20 01:00:00,1477.2,20200600,1477.2,20200600,1474.0,20200400
2020-03-20 02:00:00,1487.7,20200600,1487.7,20200600,1484.7,20200400
2020-03-20 03:00:00,1490.9,20200600,1490.9,20200600,1488.1,20200400
2020-03-20 04:00:00,1489.0,20200600,1489.0,20200600,1485.9,20200400
2020-03-20 07:00:00,1505.7,20200600,1505.7,20200600,1502.3,20200400
2020-03-20 08:00:00,1516.9,20200600,1516.9,20200600,1513.1,20200400
2020-03-20 09:00:00,1512.6,20200600,1512.6,20200600,1508.3,20200400
2020-03-20 10:00:00,1515.0,20200600,1515.0,20200600,1511.4,20200400
2020-03-20 11:00:00,1517.6,20200600,1517.6,20200600,1514.0,20200400
2020-03-20 12:00:00,1510.7,20200600,1510.7,20200600,1506.9,20200400
2020-03-20 13:00:00,1502.0,20200600,1502.0,20200600,1497.7,20200400
2020-03-20 14:00:00,1496.4,20200600,1496.4,20200600,1493.2,20200400
2020-03-20 15:00:00,1505.7,20200600,1505.7,20200600,1502.3,20200400
2020-03-20 16:00:00,1496.7,20200600,1496.7,20200600,1492.7,20200400
2020-03-20 17:00:00,1492.9,20200600,1492.9,20200600,1489.4,20200400
2020-03-20 18:00:00,1488.8,20200600,1488.8,20200600,1485.3,20200400
2020-03-20 19:00:00,1487.3,20200600,1487.3,20200600,1483.4,20200400
2020-03-20 20:00:00,1494.5,20200600,1494.5,20200600,1491.4,20200400
2020-03-20 21:00:00,1504.3,20200600,1504.3,20200600,1501.1,20200400
2020-03-20 23:00:00,1491.5,20200600,1491.5,20200600,1488.7,20200400
2020-03-22 23:00:00,1494.5,20200600,1494.5,20200600,1490.9,20200400
2020-03-23 00:00:00,1497.2,20200600,1497.2,20200600,1493.9,20200400
2020-03-23 01:00:00,1501.4,20200600,1501.4,20200600,1497.8,20200400
2020-03-23 02:00:00,1499.1,20200600,1499.1,20200600,1495.4,20200400
2020-03-23 03:00:00,1499.8,20200600,1499.8,20200600,1496.0,20200400
2020-03-23 04:00:00,1500.1,20200600,1500.1,20200600,1496.4,20200400
2020-03-23 07:00:00,1494.3,20200600,1494.3,20200600,1491.0,20200400
2020-03-23 08:00:00,1496.4,20200600,1496.4,20200600,1493.2,20200400
2020-03-23 09:00:00,1497.4,20200600,1497.4,20200600,1494.2,20200400
2020-03-23 10:00:00,1499.3,20200600,1499.3,20200600,1495.8,20200400
2020-03-23 11:00:00,1499.6,20200600,1499.6,20200600,1496.0,20200400
2020-03-23 12:00:00,1501.5,20200600,1501.5,20200600,1497.9,20200400
2020-03-23 13:00:00,1527.0,20200600,1527.0,20200600,1523.4,20200400
2020-03-23 14:00:00,1537.5,20200600,1537.5,20200600,1533.6,20200400
2020-03-23 15:00:00,1537.5,20200600,1537.5,20200600,1533.4,20200400
2020-03-23 16:00:00,1554.4,20200600,1554.4,20200600,1549.6,20200400
2020-03-23 17:00:00,1560.5,20200600,1560.5,20200600,1555.7,20200400
2020-03-23 18:00:00,1573.0,20200600,1573.0,20200600,1567.6,20200400
2020-03-23 19:00:00,1561.0,20200600,1561.0,20200600,1555.1,20200400
2020-03-23 20:00:00,1568.1,20200600,1568.1,20200600,1562.2,20200400
2020-03-23 21:00:00,1566.3,20200600,1566.3,20200600,1560.4,20200400
2020-03-23 23:00:00,1500.9,20200600,1500.9,20200600,1497.6,20200400
2020-03-24 00:00:00,1581.5,20200600,1581.5,20200600,1575.5,20200400
2020-03-24 01:00:00,1587.6,20200600,1587.6,20200600,1581.5,20200400
2020-03-24 02:00:00,1597.2,20200600,1597.2,20200600,1591.1,20200400
2020-03-24 03:00:00,1603.2,20200600,1603.2,20200600,1597.9,20200400
2020-03-24 04:00:00,1596.3,20200600,1596.3,20200600,1591.1,20200400
2020-03-24 07:00:00,1603.0,20200600,1603.0,20200600,1598.5,20200400
2020-03-24 08:00:00,1606.9,20200600,1606.9,20200600,1603.0,20200400
2020-03-24 09:00:00,1621.9,20200600,1621.9,20200600,1618.1,20200400
2020-03-24 10:00:00,1635.2,20200600,1635.2,20200600,1632.0,20200400
2020-03-24 11:00:00,1661.3,20200600,1661.3,20200600,1667.4,20200400
2020-03-24 12:00:00,1668.6,20200600,1668.6,20200600,1675.9,20200400
2020-03-24 13:00:00,1671.1,20200600,1671.1,20200600,1672.7,20200400
2020-03-24 14:00:00,1668.1,20200600,1668.1,20200600,1664.7,20200400
2020-03-24 15:00:00,1640.9,20200600,1640.9,20200600,1637.9,20200400
2020-03-24 16:00:00,1659.7,20200600,1659.7,20200600,1657.5,20200400
2020-03-24 17:00:00,1659.3,20200600,1659.3,20200600,1656.8,20200400
2020-03-24 18:00:00,1655.9,20200600,1655.9,20200600,1654.9,20200400
2020-03-24 19:00:00,1665.8,20200600,1665.8,20200600,1665.0,20200400
2020-03-24 20:00:00,1658.1,20200600,1658.1,20200600,1658.8,20200400
2020-03-24 21:00:00,1667.5,20200600,1667.5,20200600,1669.0,20200400
2020-03-24 23:00:00,1590.7,20200600,1590.7,20200600,1585.3,20200400
2020-03-25 00:00:00,1691.8,20200600,1691.8,20200600,1692.3,20200400
2020-03-25 01:00:00,1674.8,20200600,1674.8,20200600,1677.0,20200400
2020-03-25 02:00:00,1670.3,20200600,1670.3,20200600,1673.6,20200400
2020-03-25 03:00:00,1661.5,20200600,1661.5,20200600,1668.5,20200400
2020-03-25 04:00:00,1662.9,20200600,1662.9,20200600,1672.0,20200400
2020-03-25 07:00:00,1657.3,20200600,1657.3,20200600,1668.3,20200400
2020-03-25 08:00:00,1641.6,20200600,1641.6,20200600,1651.5,20200400
2020-03-25 09:00:00,1642.9,20200600,1642.9,20200600,1649.4,20200400
2020-03-25 10:00:00,1655.0,20200600,1655.0,20200600,1660.9,20200400
2020-03-25 11:00:00,1635.3,20200600,1635.3,20200600,1641.6,20200400
2020-03-25 12:00:00,1624.6,20200600,1624.6,20200600,1628.9,20200400
2020-03-25 13:00:00,1632.2,20200600,1632.2,20200600,1634.3,20200400
2020-03-25 14:00:00,1636.0,20200600,1636.0,20200600,1636.9,20200400
2020-03-25 15:00:00,1632.1,20200600,1632.1,20200600,1632.5,20200400
2020-03-25 16:00:00,1632.6,20200600,1632.6,20200600,1633.2,20200400
2020-03-25 17:00:00,1636.7,20200600,1636.7,20200600,1635.5,20200400
2020-03-25 18:00:00,1632.0,20200600,1632.0,20200600,1631.9,20200400
2020-03-25 19:00:00,1637.9,20200600,1637.9,20200600,1637.1,20200400
2020-03-25 20:00:00,1638.0,20200600,1638.0,20200600,1636.8,20200400
2020-03-25 21:00:00,1642.0,20200600,1642.0,20200600,1642.9,20200400
2020-03-25 23:00:00,1659.0,20200600,1659.0,20200600,1666.8,20200400
2020-03-26 00:00:00,1638.0,20200600,1638.0,20200600,1638.4,20200400
2020-03-26 01:00:00,1632.3,20200600,1632.3,20200600,1631.7,20200400
2020-03-26 02:00:00,1631.0,20200600,1631.0,20200600,1629.5,20200400
2020-03-26 03:00:00,1625.7,20200600,1625.7,20200600,1624.4,20200400
2020-03-26 04:00:00,1631.1,20200600,1631.1,20200600,1629.1,20200400
2020-03-26 07:00:00,1623.1,20200600,1623.1,20200600,1622.5,20200400
2020-03-26 08:00:00,1621.2,20200600,1621.2,20200600,1620.1,20200400
2020-03-26 09:00:00,1622.3,20200600,1622.3,20200600,1620.3,20200400
2020-03-26 10:00:00,1627.9,20200600,1627.9,20200600,1625.4,20200400
2020-03-26 11:00:00,1632.3,20200600,1632.3,20200600,1629.5,20200400
2020-03-26 12:00:00,1644.7,20200600,1644.7,20200600,1641.7,20200400
2020-03-26 13:00:00,1666.6,20200600,1666.6,20200600,1662.1,20200400
2020-03-26 14:00:00,1661.5,20200600,1661.5,20200600,1657.1,20200400
2020-03-26 15:00:00,1653.2,20200600,1653.2,20200600,1647.8,20200400
2020-03-26 16:00:00,1655.9,20200600,1655.9,20200600,1649.5,20200400
2020-03-26 17:00:00,1660.6,20200600,1660.6,20200600,1653.5,20200400
2020-03-26 18:00:00,1664.0,20200600,1664.0,20200600,1654.0,20200400
2020-03-26 19:00:00,1656.9,20200600,1656.9,20200600,1644.6,20200400
2020-03-26 20:00:00,1654.1,20200600,1654.1,20200600,1642.6,20200400
2020-03-26 21:00:00,1651.7,20200600,1651.7,20200600,1639.5,20200400
2020-03-26 23:00:00,1624.9,20200600,1624.9,20200600,1623.3,20200400
2020-03-27 00:00:00,1647.1,20200600,1647.1,20200600,1636.6,20200400
2020-03-27 01:00:00,1646.8,20200600,1646.8,20200600,1638.5,20200400
2020-03-27 02:00:00,1646.8,20200800,1646.8,20200800,1647.1,20200600
2020-03-27 03:00:00,1646.8,20200800,1646.8,20200800,1649.9,20200600
2020-03-27 04:00:00,1646.8,20200800,1646.8,20200800,1649.4,20200600
2020-03-27 07:00:00,1646.8,20200800,1646.8,20200800,1648.6,20200600
2020-03-27 08:00:00,1646.8,20200800,1646.8,20200800,1639.5,20200600
2020-03-27 09:00:00,1646.8,20200800,1646.8,20200800,1637.7,20200600
2020-03-27 10:00:00,1646.8,20200800,1646.8,20200800,1641.1,20200600
2020-03-27 11:00:00,1646.8,20200800,1646.8,20200800,1640.1,20200600
2020-03-27 12:00:00,1646.8,20200800,1646.8,20200800,1635.7,20200600
2020-03-27 13:00:00,1646.8,20200800,1646.8,20200800,1641.6,20200600
2020-03-27 14:00:00,1646.8,20200800,1646.8,20200800,1649.0,20200600
2020-03-27 15:00:00,1646.8,20200800,1646.8,20200800,1650.1,20200600
2020-03-27 16:00:00,1646.8,20200800,1646.8,20200800,1651.8,20200600
2020-03-27 17:00:00,1646.8,20200800,1646.8,20200800,1658.2,20200600
2020-03-27 18:00:00,1646.8,20200800,1646.8,20200800,1650.6,20200600
2020-03-27 19:00:00,1646.8,20200800,1646.8,20200800,1653.5,20200600
2020-03-27 20:00:00,1646.8,20200800,1646.8,20200800,1649.1,20200600
2020-03-27 21:00:00,1646.8,20200800,1646.8,20200800,1654.0,20200600
2020-03-27 23:00:00,1655.5,20200800,1655.5,20200800,1654.9,20200600
2020-03-29 23:00:00,1655.5,20200800,1655.5,20200800,1659.9,20200600
2020-03-30 00:00:00,1655.5,20200800,1655.5,20200800,1663.1,20200600
2020-03-30 01:00:00,1655.5,20200800,1655.5,20200800,1657.6,20200600
2020-03-30 02:00:00,1655.5,20200800,1655.5,20200800,1652.8,20200600
2020-03-30 03:00:00,1655.5,20200800,1655.5,20200800,1650.6,20200600
2020-03-30 04:00:00,1655.5,20200800,1655.5,20200800,1645.6,20200600
2020-03-30 07:00:00,1655.5,20200800,1655.5,20200800,1640.7,20200600
2020-03-30 08:00:00,1655.5,20200800,1655.5,20200800,1646.6,20200600
2020-03-30 09:00:00,1655.5,20200800,1655.5,20200800,1649.9,20200600
2020-03-30 10:00:00,1655.5,20200800,1655.5,20200800,1646.5,20200600
2020-03-30 11:00:00,1655.5,20200800,1655.5,20200800,1649.4,20200600
2020-03-30 12:00:00,1655.5,20200800,1655.5,20200800,1643.1,20200600
2020-03-30 13:00:00,1655.5,20200800,1655.5,20200800,1644.7,20200600
2020-03-30 14:00:00,1655.5,20200800,1655.5,20200800,1648.1,20200600
2020-03-30 15:00:00,1655.5,20200800,1655.5,20200800,1648.1,20200600
2020-03-30 16:00:00,1655.5,20200800,1655.5,20200800,1642.2,20200600
2020-03-30 17:00:00,1655.5,20200800,1655.5,20200800,1639.2,20200600
2020-03-30 18:00:00,1655.5,20200800,1655.5,20200800,1635.3,20200600
2020-03-30 19:00:00,1655.5,20200800,1655.5,20200800,1635.2,20200600
2020-03-30 20:00:00,1655.5,20200800,1655.5,20200800,1642.6,20200600
2020-03-30 21:00:00,1655.5,20200800,1655.5,20200800,1643.4,20200600
2020-03-30 23:00:00,1641.9,20200800,1641.9,20200800,1644.5,20200600
2020-03-31 00:00:00,1641.9,20200800,1641.9,20200800,1638.2,20200600
2020-03-31 01:00:00,1641.9,20200800,1641.9,20200800,1636.7,20200600
2020-03-31 02:00:00,1641.9,20200800,1641.9,20200800,1638.3,20200600
2020-03-31 03:00:00,1641.9,20200800,1641.9,20200800,1637.8,20200600
2020-03-31 04:00:00,1641.9,20200800,1641.9,20200800,1637.2,20200600
2020-03-31 07:00:00,1641.9,20200800,1641.9,20200800,1637.8,20200600
2020-03-31 08:00:00,1641.9,20200800,1641.9,20200800,1637.6,20200600
2020-03-31 09:00:00,1641.9,20200800,1641.9,20200800,1624.6,20200600
2020-03-31 10:00:00,1641.9,20200800,1641.9,20200800,1618.6,20200600
2020-03-31 11:00:00,1641.9,20200800,1641.9,20200800,1613.2,20200600
2020-03-31 12:00:00,1641.9,20200800,1641.9,20200800,1613.7,20200600
2020-03-31 13:00:00,1641.9,20200800,1641.9,20200800,1620.3,20200600
2020-03-31 14:00:00,1641.9,20200800,1641.9,20200800,1623.2,20200600
2020-03-31 15:00:00,1641.9,20200800,1641.9,20200800,1621.7,20200600
2020-03-31 16:00:00,1641.9,20200800,1641.9,20200800,1624.6,20200600
2020-03-31 17:00:00,1641.9,20200800,1641.9,20200800,1611.7,20200600
2020-03-31 18:00:00,1641.9,20200800,1641.9,20200800,1605.3,20200600
2020-03-31 19:00:00,1641.9,20200800,1641.9,20200800,1599.2,20200600
2020-03-31 20:00:00,1641.9,20200800,1641.9,20200800,1590.7,20200600
2020-03-31 21:00:00,1641.9,20200800,1641.9,20200800,1591.1,20200600
2020-03-31 23:00:00,1590.8,20200800,1590.8,20200800,1636.7,20200600
2020-04-01 00:00:00,1590.8,20200800,1590.8,20200800,1592.2,20200600
2020-04-01 01:00:00,1590.8,20200800,1590.8,20200800,1594.0,20200600
2020-04-01 02:00:00,1590.8,20200800,1590.8,20200800,1594.0,20200600
2020-04-01 03:00:00,1590.8,20200800,1590.8,20200800,1596.5,20200600
2020-04-01 04:00:00,1590.8,20200800,1590.8,20200800,1596.9,20200600
2020-04-01 07:00:00,1590.8,20200800,1590.8,20200800,1597.0,20200600
2020-04-01 08:00:00,1590.8,20200800,1590.8,20200800,1607.4,20200600
2020-04-01 09:00:00,1590.8,20200800,1590.8,20200800,1606.0,20200600
2020-04-01 10:00:00,1590.8,20200800,1590.8,20200800,1609.2,20200600
2020-04-01 11:00:00,1590.8,20200800,1590.8,20200800,1606.1,20200600
2020-04-01 12:00:00,1590.8,20200800,1590.8,20200800,1602.4,20200600
2020-04-01 13:00:00,1590.8,20200800,1590.8,20200800,1598.1,20200600
2020-04-01 14:00:00,1590.8,20200800,1590.8,20200800,1592.9,20200600
2020-04-01 15:00:00,1590.8,20200800,1590.8,20200800,1600.5,20200600
2020-04-01 16:00:00,1590.8,20200800,1590.8,20200800,1605.8,20200600
2020-04-01 17:00:00,1590.8,20200800,1590.8,20200800,1596.6,20200600
2020-04-01 18:00:00,1590.8,20200800,1590.8,20200800,1593.5,20200600
2020-04-01 19:00:00,1590.8,20200800,1590.8,20200800,1601.9,20200600
2020-04-01 20:00:00,1590.8,20200800,1590.8,20200800,1600.3,20200600
2020-04-01 21:00:00,1590.8,20200800,1590.8,20200800,1603.4,20200600
2020-04-01 23:00:00,1604.2,20200800,1604.2,20200800,1599.1,20200600
2020-04-02 00:00:00,1604.2,20200800,1604.2,20200800,1604.9,20200600
2020-04-02 01:00:00,1604.2,20200800,1604.2,20200800,1599.7,20200600
2020-04-02 02:00:00,1604.2,20200800,1604.2,20200800,1599.4,20200600
2020-04-02 03:00:00,1604.2,20200800,1604.2,20200800,1597.8,20200600
2020-04-02 04:00:00,1604.2,20200800,1604.2,20200800,1598.7,20200600
2020-04-02 07:00:00,1604.2,20200800,1604.2,20200800,1603.9,20200600
2020-04-02 08:00:00,1604.2,20200800,1604.2,20200800,1606.4,20200600
2020-04-02 09:00:00,1604.2,20200800,1604.2,20200800,1600.0,20200600
2020-04-02 10:00:00,1604.2,20200800,1604.2,20200800,1604.1,20200600
2020-04-02 11:00:00,1604.2,20200800,1604.2,20200800,1604.0,20200600
2020-04-02 12:00:00,1604.2,20200800,1604.2,20200800,1607.6,20200600
2020-04-02 13:00:00,1604.2,20200800,1604.2,20200800,1616.8,20200600
2020-04-02 14:00:00,1604.2,20200800,1604.2,20200800,1625.6,20200600
2020-04-02 15:00:00,1604.2,20200800,1604.2,20200800,1628.8,20200600
2020-04-02 16:00:00,1604.2,20200800,1604.2,20200800,1629.2,20200600
2020-04-02 17:00:00,1604.2,20200800,1604.2,20200800,1636.4,20200600
2020-04-02 18:00:00,1604.2,20200800,1604.2,20200800,1640.6,20200600
2020-04-02 19:00:00,1604.2,20200800,1604.2,20200800,1637.8,20200600
2020-04-02 20:00:00,1604.2,20200800,1604.2,20200800,1637.4,20200600
2020-04-02 21:00:00,1604.2,20200800,1604.2,20200800,1635.2,20200600
2020-04-02 23:00:00,1634.9,20200800,1634.9,20200800,1597.6,20200600
2020-04-03 00:00:00,1634.9,20200800,1634.9,20200800,1637.0,20200600
2020-04-03 01:00:00,1634.9,20200800,1634.9,20200800,1631.5,20200600
2020-04-03 02:00:00,1634.9,20200800,1634.9,20200800,1632.6,20200600
2020-04-03 03:00:00,1634.9,20200800,1634.9,20200800,1635.3,20200600
2020-04-03 04:00:00,1634.9,20200800,1634.9,20200800,1634.6,20200600
2020-04-03 07:00:00,1634.9,20200800,1634.9,20200800,1628.9,20200600
2020-04-03 08:00:00,1634.9,20200800,1634.9,20200800,1633.6,20200600
2020-04-03 09:00:00,1634.9,20200800,1634.9,20200800,1628.4,20200600
2020-04-03 10:00:00,1634.9,20200800,1634.9,20200800,1630.8,20200600
2020-04-03 11:00:00,1634.9,20200800,1634.9,20200800,1627.7,20200600
2020-04-03 12:00:00,1634.9,20200800,1634.9,20200800,1642.7,20200600
2020-04-03 13:00:00,1634.9,20200800,1634.9,20200800,1634.2,20200600
2020-04-03 14:00:00,1634.9,20200800,1634.9,20200800,1634.8,20200600
2020-04-03 15:00:00,1634.9,20200800,1634.9,20200800,1645.1,20200600
2020-04-03 16:00:00,1634.9,20200800,1634.9,20200800,1642.5,20200600
2020-04-03 17:00:00,1634.9,20200800,1634.9,20200800,1645.0,20200600
2020-04-03 18:00:00,1634.9,20200800,1634.9,20200800,1644.2,20200600
2020-04-03 19:00:00,1634.9,20200800,1634.9,20200800,1648.5,20200600
2020-04-03 20:00:00,1634.9,20200800,1634.9,20200800,1648.5,20200600
2020-04-03 21:00:00,1634.9,20200800,1634.9,20200800,1648.8,20200600
2020-04-03 23:00:00,1648.6,20200800,1648.6,20200800,1630.7,20200600
2020-04-05 23:00:00,1648.6,20200800,1648.6,20200800,1645.0,20200600
2020-04-06 00:00:00,1648.6,20200800,1648.6,20200800,1651.0,20200600
2020-04-06 01:00:00,1648.6,20200800,1648.6,20200800,1645.4,20200600
2020-04-06 02:00:00,1648.6,20200800,1648.6,20200800,1646.9,20200600
2020-04-06 03:00:00,1648.6,20200800,1648.6,20200800,1646.1,20200600
2020-04-06 04:00:00,1648.6,20200800,1648.6,20200800,1641.6,20200600
2020-04-06 07:00:00,1648.6,20200800,1648.6,20200800,1651.6,20200600
2020-04-06 08:00:00,1648.6,20200800,1648.6,20200800,1662.1,20200600
2020-04-06 09:00:00,1648.6,20200800,1648.6,20200800,1668.0,20200600
2020-04-06 10:00:00,1648.6,20200800,1648.6,20200800,1664.5,20200600
2020-04-06 11:00:00,1648.6,20200800,1648.6,20200800,1665.6,20200600
2020-04-06 12:00:00,1648.6,20200800,1648.6,20200800,1671.5,20200600
2020-04-06 13:00:00,1648.6,20200800,1648.6,20200800,1677.0,20200600
2020-04-06 14:00:00,1648.6,20200800,1648.6,20200800,1688.6,20200600
2020-04-06 15:00:00,1648.6,20200800,1648.6,20200800,1688.1,20200600
2020-04-06 16:00:00,1648.6,20200800,1648.6,20200800,1688.3,20200600
2020-04-06 17:00:00,1648.6,20200800,1648.6,20200800,1690.9,20200600
2020-04-06 18:00:00,1648.6,20200800,1648.6,20200800,1698.5,20200600
2020-04-06 19:00:00,1648.6,20200800,1648.6,20200800,1707.7,20200600
2020-04-06 20:00:00,1648.6,20200800,1648.6,20200800,1707.6,20200600
2020-04-06 21:00:00,1648.6,20200800,1648.6,20200800,1707.7,20200600
2020-04-06 23:00:00,1692.2,20200800,1692.2,20200800,1644.3,20200600
2020-04-07 00:00:00,1692.2,20200800,1692.2,20200800,1728.0,20200600
2020-04-07 01:00:00,1692.2,20200800,1692.2,20200800,1722.9,20200600
2020-04-07 02:00:00,1692.2,20200800,1692.2,20200800,1716.6,20200600
2020-04-07 03:00:00,1692.2,20200800,1692.2,20200800,1708.4,20200600
2020-04-07 04:00:00,1692.2,20200800,1692.2,20200800,1712.5,20200600
2020-04-07 07:00:00,1692.2,20200800,1692.2,20200800,1715.7,20200600
2020-04-07 08:00:00,1692.2,20200800,1692.2,20200800,1692.2,20200600
2020-04-07 09:00:00,1692.2,20200800,1692.2,20200800,1701.3,20200600
2020-04-07 10:00:00,1692.2,20200800,1692.2,20200800,1698.0,20200600
2020-04-07 11:00:00,1692.2,20200800,1692.2,20200800,1704.4,20200600
2020-04-07 12:00:00,1692.2,20200800,1692.2,20200800,1701.0,20200600
2020-04-07 13:00:00,1692.2,20200800,1692.2,20200800,1704.4,20200600
2020-04-07 14:00:00,1692.2,20200800,1692.2,20200800,1690.1,20200600
2020-04-07 15:00:00,1692.2,20200800,1692.2,20200800,1692.2,20200600
2020-04-07 16:00:00,1692.2,20200800,1692.2,20200800,1693.1,20200600
2020-04-07 17:00:00,1692.2,20200800,1692.2,20200800,1686.1,20200600
2020-04-07 18:00:00,1692.2,20200800,1692.2,20200800,1679.6,20200600
2020-04-07 19:00:00,1692.2,20200800,1692.2,20200800,1675.5,20200600
2020-04-07 20:00:00,1692.2,20200800,1692.2,20200800,1684.5,20200600
2020-04-07 21:00:00,1692.2,20200800,1692.2,20200800,1679.7,20200600
2020-04-07 23:00:00,1682.8,20200800,1682.8,20200800,1718.0,20200600
2020-04-08 00:00:00,1682.8,20200800,1682.8,20200800,1679.2,20200600
2020-04-08 01:00:00,1682.8,20200800,1682.8,20200800,1674.5,20200600
2020-04-08 02:00:00,1682.8,20200800,1682.8,20200800,1681.0,20200600
2020-04-08 03:00:00,1682.8,20200800,1682.8,20200800,1683.0,20200600
2020-04-08 04:00:00,1682.8,20200800,1682.8,20200800,1683.3,20200600
2020-04-08 07:00:00,1682.8,20200800,1682.8,20200800,1682.3,20200600
2020-04-08 08:00:00,1682.8,20200800,1682.8,20200800,1687.2,20200600
2020-04-08 09:00:00,1682.8,20200800,1682.8,20200800,1683.6,20200600
2020-04-08 10:00:00,1682.8,20200800,1682.8,20200800,1688.3,20200600
2020-04-08 11:00:00,1682.8,20200800,1682.8,20200800,1684.4,20200600
2020-04-08 12:00:00,1682.8,20200800,1682.8,20200800,1681.6,20200600
2020-04-08 13:00:00,1682.8,20200800,1682.8,20200800,1686.1,20200600
2020-04-08 14:00:00,1682.8,20200800,1682.8,20200800,1691.0,20200600
2020-04-08 15:00:00,1682.8,20200800,1682.8,20200800,1687.5,20200600
2020-04-08 16:00:00,1682.8,20200800,1682.8,20200800,1686.6,20200600
2020-04-08 17:00:00,1682.8,20200800,1682.8,20200800,1687.4,20200600
2020-04-08 18:00:00,1682.8,20200800,1682.8,20200800,1684.3,20200600
2020-04-08 19:00:00,1682.8,20200800,1682.8,20200800,1686.7,20200600
2020-04-08 20:00:00,1682.8,20200800,1682.8,20200800,1678.8,20200600
2020-04-08 21:00:00,1682.8,20200800,1682.8,20200800,1679.5,20200600
2020-04-08 23:00:00,1683.8,20200800,1683.8,20200800,1685.6,20200600
2020-04-09 00:00:00,1683.8,20200800,1683.8,20200800,1680.5,20200600
2020-04-09 01:00:00,1683.8,20200800,1683.8,20200800,1683.0,20200600
2020-04-09 02:00:00,1683.8,20200800,1683.8,20200800,1682.9,20200600
2020-04-09 03:00:00,1683.8,20200800,1683.8,20200800,1683.3,20200600
2020-04-09 04:00:00,1683.8,20200800,1683.8,20200800,1684.4,20200600
2020-04-09 07:00:00,1683.8,20200800,1683.8,20200800,1690.7,20200600
2020-04-09 08:00:00,1683.8,20200800,1683.8,20200800,1701.4,20200600
2020-04-09 09:00:00,1683.8,20200800,1683.8,20200800,1702.6,20200600
2020-04-09 10:00:00,1683.8,20200800,1683.8,20200800,1703.0,20200600
2020-04-09 11:00:00,1683.8,20200800,1683.8,20200800,1706.8,20200600
2020-04-09 12:00:00,1683.8,20200800,1683.8,20200800,1706.7,20200600
2020-04-09 13:00:00,1683.8,20200800,1683.8,20200800,1725.8,20200600
2020-04-09 14:00:00,1683.8,20200800,1683.8,20200800,1735.3,20200600
2020-04-09 15:00:00,1683.8,20200800,1683.8,20200800,1735.8,20200600
2020-04-09 16:00:00,1683.8,20200800,1683.8,20200800,1742.1,20200600
2020-04-09 17:00:00,1683.8,20200800,1683.8,20200800,1744.8,20200600
2020-04-09 18:00:00,1683.8,20200800,1683.8,20200800,1738.4,20200600
2020-04-09 19:00:00,1683.8,20200800,1683.8,20200800,1730.0,20200600
2020-04-09 20:00:00,1683.8,20200800,1683.8,20200800,1733.6,20200600
2020-04-09 21:00:00,1683.8,20200800,1683.8,20200800,1740.6,20200600
2020-04-09 23:00:00,1752.1,20200800,1752.1,20200800,1684.3,20200600
2020-04-12 23:00:00,1752.1,20200800,1752.1,20200800,1735.9,20200600
2020-04-13 00:00:00,1752.1,20200800,1752.1,20200800,1738.7,20200600
2020-04-13 01:00:00,1752.1,20200800,1752.1,20200800,1738.2,20200600
2020-04-13 02:00:00,1752.1,20200800,1752.1,20200800,1732.4,20200600
2020-04-13 03:00:00,1752.1,20200800,1752.1,20200800,1727.2,20200600
2020-04-13 04:00:00,1752.1,20200800,1752.1,20200800,1730.3,20200600
2020-04-13 07:00:00,1752.1,20200800,1752.1,20200800,1743.9,20200600
2020-04-13 08:00:00,1752.1,20200800,1752.1,20200800,1740.6,20200600
2020-04-13 09:00:00,1752.1,20200800,1752.1,20200800,1743.6,20200600
2020-04-13 10:00:00,1752.1,20200800,1752.1,20200800,1740.5,20200600
2020-04-13 11:00:00,1752.1,20200800,1752.1,20200800,1741.0,20200600
2020-04-13 12:00:00,1752.1,20200800,1752.1,20200800,1746.3,20200600
2020-04-13 13:00:00,1752.1,20200800,1752.1,20200800,1736.9,20200600
2020-04-13 14:00:00,1752.1,20200800,1752.1,20200800,1732.5,20200600
2020-04-13 15:00:00,1752.1,20200800,1752.1,20200800,1744.3,20200600
2020-04-13 16:00:00,1752.1,20200800,1752.1,20200800,1759.9,20200600
2020-04-13 17:00:00,1752.1,20200800,1752.1,20200800,1759.2,20200600
2020-04-13 18:00:00,1752.1,20200800,1752.1,20200800,1764.5,20200600
2020-04-13 19:00:00,1752.1,20200800,1752.1,20200800,1772.2,20200600
2020-04-13 20:00:00,1752.1,20200800,1752.1,20200800,1764.5,20200600
2020-04-13 21:00:00,1752.1,20200800,1752.1,20200800,1762.9,20200600
2020-04-13 23:00:00,1760.9,20200800,1760.9,20200800,1732.7,20200600
2020-04-14 00:00:00,1760.9,20200800,1760.9,20200800,1768.2,20200600
2020-04-14 01:00:00,1760.9,20200800,1760.9,20200800,1767.8,20200600
2020-04-14 02:00:00,1760.9,20200800,1760.9,20200800,1778.0,20200600
2020-04-14 03:00:00,1760.9,20200800,1760.9,20200800,1782.8,20200600
2020-04-14 04:00:00,1760.9,20200800,1760.9,20200800,1780.5,20200600
2020-04-14 07:00:00,1760.9,20200800,1760.9,20200800,1767.4,20200600
2020-04-14 08:00:00,1760.9,20200800,1760.9,20200800,1769.9,20200600
2020-04-14 09:00:00,1760.9,20200800,1760.9,20200800,1766.2,20200600
2020-04-14 10:00:00,1760.9,20200800,1760.9,20200800,1764.6,20200600
2020-04-14 11:00:00,1760.9,20200800,1760.9,20200800,1762.1,20200600
2020-04-14 12:00:00,1760.9,20200800,1760.9,20200800,1761.3,20200600
2020-04-14 13:00:00,1760.9,20200800,1760.9,20200800,1769.9,20200600
2020-04-14 14:00:00,1760.9,20200800,1760.9,20200800,1777.0,20200600
2020-04-14 15:00:00,1760.9,20200800,1760.9,20200800,1766.4,20200600
2020-04-14 16:00:00,1760.9,20200800,1760.9,20200800,1767.0,20200600
2020-04-14 17:00:00,1760.9,20200800,1760.9,20200800,1765.8,20200600
2020-04-14 18:00:00,1760.9,20200800,1760.9,20200800,1769.8,20200600
2020-04-14 19:00:00,1760.9,20200800,1760.9,20200800,1759.3,20200600
2020-04-14 20:00:00,1760.9,20200800,1760.9,20200800,1755.4,20200600
2020-04-14 21:00:00,1760.9,20200800,1760.9,20200800,1755.6,20200600
2020-04-14 23:00:00,1769.4,20200800,1769.4,20200800,1768.3,20200600
2020-04-15 00:00:00,1769.4,20200800,1769.4,20200800,1751.3,20200600
2020-04-15 01:00:00,1769.4,20200800,1769.4,20200800,1755.1,20200600
2020-04-15 02:00:00,1769.4,20200800,1769.4,20200800,1751.1,20200600
2020-04-15 03:00:00,1769.4,20200800,1769.4,20200800,1752.0,20200600
2020-04-15 04:00:00,1769.4,20200800,1769.4,20200800,1754.4,20200600
2020-04-15 07:00:00,1769.4,20200800,1769.4,20200800,1738.4,20200600
2020-04-15 08:00:00,1769.4,20200800,1769.4,20200800,1735.5,20200600
2020-04-15 09:00:00,1769.4,20200800,1769.4,20200800,1736.9,20200600
2020-04-15 10:00:00,1769.4,20200800,1769.4,20200800,1741.5,20200600
2020-04-15 11:00:00,1769.4,20200800,1769.4,20200800,1748.6,20200600
2020-04-15 12:00:00,1769.4,20200800,1769.4,20200800,1751.3,20200600
2020-04-15 13:00:00,1769.4,20200800,1769.4,20200800,1744.6,20200600
2020-04-15 14:00:00,1769.4,20200800,1769.4,20200800,1753.7,20200600
2020-04-15 15:00:00,1769.4,20200800,1769.4,20200800,1748.3,20200600
2020-04-15 16:00:00,1769.4,20200800,1769.4,20200800,1739.5,20200600
2020-04-15 17:00:00,1769.4,20200800,1769.4,20200800,1740.0,20200600
2020-04-15 18:00:00,1769.4,20200800,1769.4,20200800,1742.9,20200600
2020-04-15 19:00:00,1769.4,20200800,1769.4,20200800,1744.7,20200600
2020-04-15 20:00:00,1769.4,20200800,1769.4,20200800,1745.4,20200600
2020-04-15 21:00:00,1769.4,20200800,1769.4,20200800,1743.0,20200600
2020-04-15 23:00:00,1744.9,20200800,1744.9,20200800,1754.5,20200600
2020-04-16 00:00:00,1744.9,20200800,1744.9,20200800,1742.4,20200600
2020-04-16 01:00:00,1744.9,20200800,1744.9,20200800,1743.3,20200600
2020-04-16 02:00:00,1744.9,20200800,1744.9,20200800,1746.2,20200600
2020-04-16 03:00:00,1744.9,20200800,1744.9,20200800,1743.8,20200600
2020-04-16 04:00:00,1744.9,20200800,1744.9,20200800,1743.1,20200600
2020-04-16 07:00:00,1744.9,20200800,1744.9,20200800,1753.8,20200600
2020-04-16 08:00:00,1744.9,20200800,1744.9,20200800,1756.8,20200600
2020-04-16 09:00:00,1744.9,20200800,1744.9,20200800,1756.1,20200600
2020-04-16 10:00:00,1744.9,20200800,1744.9,20200800,1753.3,20200600
2020-04-16 11:00:00,1744.9,20200800,1744.9,20200800,1761.1,20200600
2020-04-16 12:00:00,1744.9,20200800,1744.9,20200800,1765.0,20200600
2020-04-16 13:00:00,1744.9,20200800,1744.9,20200800,1753.1,20200600
2020-04-16 14:00:00,1744.9,20200800,1744.9,20200800,1749.8,20200600
2020-04-16 15:00:00,1744.9,20200800,1744.9,20200800,1750.9,20200600
2020-04-16 16:00:00,1744.9,20200800,1744.9,20200800,1742.4,20200600
2020-04-16 17:00:00,1744.9,20200800,1744.9,20200800,1731.6,20200600
2020-04-16 18:00:00,1744.9,20200800,1744.9,20200800,1728.0,20200600
2020-04-16 19:00:00,1744.9,20200800,1744.9,20200800,1733.5,20200600
2020-04-16 20:00:00,1744.9,20200800,1744.9,20200800,1735.8,20200600
2020-04-16 21:00:00,1744.9,20200800,1744.9,20200800,1733.8,20200600
2020-04-16 23:00:00,1736.7,20200800,1736.7,20200800,1746.9,20200600
2020-04-17 00:00:00,1736.7,20200800,1736.7,20200800,1730.8,20200600
2020-04-17 01:00:00,1736.7,20200800,1736.7,20200800,1734.8,20200600
2020-04-17 02:00:00,1736.7,20200800,1736.7,20200800,1724.7,20200600
2020-04-17 03:00:00,1736.7,20200800,1736.7,20200800,1723.5,20200600
2020-04-17 04:00:00,1736.7,20200800,1736.7,20200800,1720.2,20200600
2020-04-17 07:00:00,1736.7,20200800,1736.7,20200800,1720.1,20200600
2020-04-17 08:00:00,1736.7,20200800,1736.7,20200800,1713.5,20200600
2020-04-17 09:00:00,1736.7,20200800,1736.7,20200800,1713.0,20200600
2020-04-17 10:00:00,1736.7,20200800,1736.7,20200800,1705.4,20200600
2020-04-17 11:00:00,1736.7,20200800,1736.7,20200800,1705.4,20200600
2020-04-17 12:00:00,1736.7,20200800,1736.7,20200800,1706.5,20200600
2020-04-17 13:00:00,1736.7,20200800,1736.7,20200800,1714.4,20200600
2020-04-17 14:00:00,1736.7,20200800,1736.7,20200800,1718.1,20200600
2020-04-17 15:00:00,1736.7,20200800,1736.7,20200800,1707.5,20200600
2020-04-17 16:00:00,1736.7,20200800,1736.7,20200800,1705.2,20200600
2020-04-17 17:00:00,1736.7,20200800,1736.7,20200800,1703.3,20200600
2020-04-17 18:00:00,1736.7,20200800,1736.7,20200800,1700.5,20200600
2020-04-17 19:00:00,1736.7,20200800,1736.7,20200800,1696.4,20200600
2020-04-17 20:00:00,1736.7,20200800,1736.7,20200800,1695.5,20200600
2020-04-17 21:00:00,1736.7,20200800,1736.7,20200800,1694.5,20200600
2020-04-17 23:00:00,1695.1,20200800,1695.1,20200800,1710.5,20200600
2020-04-19 23:00:00,1695.1,20200800,1695.1,20200800,1688.0,20200600
2020-04-20 00:00:00,1695.1,20200800,1695.1,20200800,1689.5,20200600
2020-04-20 01:00:00,1695.1,20200800,1695.1,20200800,1686.8,20200600
2020-04-20 02:00:00,1695.1,20200800,1695.1,20200800,1693.0,20200600
2020-04-20 03:00:00,1695.1,20200800,1695.1,20200800,1694.2,20200600
2020-04-20 04:00:00,1695.1,20200800,1695.1,20200800,1696.6,20200600
2020-04-20 07:00:00,1695.1,20200800,1695.1,20200800,1696.4,20200600
2020-04-20 08:00:00,1695.1,20200800,1695.1,20200800,1686.5,20200600
2020-04-20 09:00:00,1695.1,20200800,1695.1,20200800,1692.9,20200600
2020-04-20 10:00:00,1695.1,20200800,1695.1,20200800,1694.2,20200600
2020-04-20 11:00:00,1695.1,20200800,1695.1,20200800,1695.1,20200600
2020-04-20 12:00:00,1695.1,20200800,1695.1,20200800,1700.3,20200600
2020-04-20 13:00:00,1695.1,20200800,1695.1,20200800,1701.2,20200600
2020-04-20 14:00:00,1695.1,20200800,1695.1,20200800,1705.6,20200600
2020-04-20 15:00:00,1695.1,20200800,1695.1,20200800,1705.7,20200600
2020-04-20 16:00:00,1695.1,20200800,1695.1,20200800,1715.0,20200600
2020-04-20 17:00:00,1695.1,20200800,1695.1,20200800,1711.1,20200600
2020-04-20 18:00:00,1695.1,20200800,1695.1,20200800,1709.0,20200600
2020-04-20 19:00:00,1695.1,20200800,1695.1,20200800,1705.4,20200600
2020-04-20 20:00:00,1695.1,20200800,1695.1,20200800,1710.3,20200600
2020-04-20 21:00:00,1695.1,20200800,1695.1,20200800,1712.4,20200600
2020-04-20 23:00:00,1715.3,20200800,1715.3,20200800,1696.3,20200600
2020-04-21 00:00:00,1715.3,20200800,1715.3,20200800,1706.3,20200600
2020-04-21 01:00:00,1715.3,20200800,1715.3,20200800,1705.8,20200600
2020-04-21 02:00:00,1715.3,20200800,1715.3,20200800,1704.4,20200600
2020-04-21 03:00:00,1715.3,20200800,1715.3,20200800,1704.8,20200600
2020-04-21 04:00:00,1715.3,20200800,1715.3,20200800,1705.5,20200600
2020-04-21 07:00:00,1715.3,20200800,1715.3,20200800,1713.3,20200600
2020-04-21 08:00:00,1715.3,20200800,1715.3,20200800,1715.1,20200600
2020-04-21 09:00:00,1715.3,20200800,1715.3,20200800,1711.2,20200600
2020-04-21 10:00:00,1715.3,20200800,1715.3,20200800,1688.3,20200600
2020-04-21 11:00:00,1715.3,20200800,1715.3,20200800,1689.3,20200600
2020-04-21 12:00:00,1715.3,20200800,1715.3,20200800,1674.9,20200600
2020-04-21 13:00:00,1715.3,20200800,1715.3,20200800,1672.6,20200600
2020-04-21 14:00:00,1715.3,20200800,1715.3,20200800,1693.4,20200600
2020-04-21 15:00:00,1715.3,20200800,1715.3,20200800,1702.1,20200600
2020-04-21 16:00:00,1715.3,20200800,1715.3,20200800,1694.1,20200600
2020-04-21 17:00:00,1715.3,20200800,1715.3,20200800,1688.3,20200600
2020-04-21 18:00:00,1715.3,20200800,1715.3,20200800,1689.5,20200600
2020-04-21 19:00:00,1715.3,20200800,1715.3,20200800,1695.8,20200600
2020-04-21 20:00:00,1715.3,20200800,1715.3,20200800,1699.9,20200600
2020-04-21 21:00:00,1715.3,20200800,1715.3,20200800,1702.2,20200600
2020-04-21 23:00:00,1689.8,20200800,1689.8,20200800,1704.2,20200600
2020-04-22 00:00:00,1689.8,20200800,1689.8,20200800,1706.0,20200600
2020-04-22 01:00:00,1689.8,20200800,1689.8,20200800,1707.3,20200600
2020-04-22 02:00:00,1689.8,20200800,1689.8,20200800,1708.3,20200600
2020-04-22 03:00:00,1689.8,20200800,1689.8,20200800,1707.0,20200600
2020-04-22 04:00:00,1689.8,20200800,1689.8,20200800,1701.2,20200600
2020-04-22 07:00:00,1689.8,20200800,1689.8,20200800,1701.2,20200600
2020-04-22 08:00:00,1689.8,20200800,1689.8,20200800,1717.9,20200600
2020-04-22 09:00:00,1689.8,20200800,1689.8,20200800,1719.3,20200600
2020-04-22 10:00:00,1689.8,20200800,1689.8,20200800,1722.4,20200600
2020-04-22 11:00:00,1689.8,20200800,1689.8,20200800,1723.7,20200600
2020-04-22 12:00:00,1689.8,20200800,1689.8,20200800,1713.7,20200600
2020-04-22 13:00:00,1689.8,20200800,1689.8,20200800,1728.3,20200600
2020-04-22 14:00:00,1689.8,20200800,1689.8,20200800,1731.5,20200600
2020-04-22 15:00:00,1689.8,20200800,1689.8,20200800,1728.8,20200600
2020-04-22 16:00:00,1689.8,20200800,1689.8,20200800,1731.8,20200600
2020-04-22 17:00:00,1689.8,20200800,1689.8,20200800,1733.4,20200600
2020-04-22 18:00:00,1689.8,20200800,1689.8,20200800,1735.8,20200600
2020-04-22 19:00:00,1689.8,20200800,1689.8,20200800,1736.6,20200600
2020-04-22 20:00:00,1689.8,20200800,1689.8,20200800,1737.7,20200600
2020-04-22 21:00:00,1689.8,20200800,1689.8,20200800,1736.4,20200600
2020-04-22 23:00:00,1741.4,20200800,1741.4,20200800,1706.3,20200600
2020-04-23 00:00:00,1741.4,20200800,1741.4,20200800,1735.1,20200600
2020-04-23 01:00:00,1741.4,20200800,1741.4,20200800,1735.0,20200600
2020-04-23 02:00:00,1741.4,20200800,1741.4,20200800,1738.7,20200600
2020-04-23 03:00:00,1741.4,20200800,1741.4,20200800,1733.4,20200600
2020-04-23 04:00:00,1741.4,20200800,1741.4,20200800,1734.2,20200600
2020-04-23 07:00:00,1741.4,20200800,1741.4,20200800,1739.9,20200600
2020-04-23 08:00:00,1741.4,20200800,1741.4,20200800,1739.8,20200600
2020-04-23 09:00:00,1741.4,20200800,1741.4,20200800,1751.0,20200600
2020-04-23 10:00:00,1741.4,20200800,1741.4,20200800,1749.0,20200600
2020-04-23 11:00:00,1741.4,20200800,1741.4,20200800,1751.1,20200600
2020-04-23 12:00:00,1741.4,20200800,1741.4,20200800,1753.2,20200600
2020-04-23 13:00:00,1741.4,20200800,1741.4,20200800,1746.0,20200600
2020-04-23 14:00:00,1741.4,20200800,1741.4,20200800,1752.3,20200600
2020-04-23 15:00:00,1741.4,20200800,1741.4,20200800,1758.3,20200600
2020-04-23 16:00:00,1741.4,20200800,1741.4,20200800,1753.4,20200600
2020-04-23 17:00:00,1741.4,20200800,1741.4,20200800,1748.6,20200600
2020-04-23 18:00:00,1741.4,20200800,1741.4,20200800,1743.7,20200600
2020-04-23 19:00:00,1741.4,20200800,1741.4,20200800,1748.2,20200600
2020-04-23 20:00:00,1741.4,20200800,1741.4,20200800,1751.2,20200600
2020-04-23 21:00:00,1741.4,20200800,1741.4,20200800,1751.6,20200600
2020-04-23 23:00:00,1755.4,20200800,1755.4,20200800,1740.6,20200600
2020-04-24 00:00:00,1755.4,20200800,1755.4,20200800,1748.6,20200600
2020-04-24 01:00:00,1755.4,20200800,1755.4,20200800,1744.7,20200600
2020-04-24 02:00:00,1755.4,20200800,1755.4,20200800,1744.7,20200600
2020-04-24 03:00:00,1755.4,20200800,1755.4,20200800,1746.0,20200600
2020-04-24 04:00:00,1755.4,20200800,1755.4,20200800,1746.0,20200600
2020-04-24 07:00:00,1755.4,20200800,1755.4,20200800,1753.7,20200600
2020-04-24 08:00:00,1755.4,20200800,1755.4,20200800,1750.7,20200600
2020-04-24 09:00:00,1755.4,20200800,1755.4,20200800,1752.5,20200600
2020-04-24 10:00:00,1755.4,20200800,1755.4,20200800,1752.3,20200600
2020-04-24 11:00:00,1755.4,20200800,1755.4,20200800,1759.3,20200600
2020-04-24 12:00:00,1755.4,20200800,1755.4,20200800,1755.3,20200600
2020-04-24 13:00:00,1755.4,20200800,1755.4,20200800,1752.5,20200600
2020-04-24 14:00:00,1755.4,20200800,1755.4,20200800,1747.9,20200600
2020-04-24 15:00:00,1755.4,20200800,1755.4,20200800,1743.8,20200600
2020-04-24 16:00:00,1755.4,20200800,1755.4,20200800,1728.9,20200600
2020-04-24 17:00:00,1755.4,20200800,1755.4,20200800,1734.6,20200600
2020-04-24 18:00:00,1755.4,20200800,1755.4,20200800,1740.6,20200600
2020-04-24 19:00:00,1755.4,20200800,1755.4,20200800,1739.2,20200600
2020-04-24 20:00:00,1755.4,20200800,1755.4,20200800,1742.3,20200600
2020-04-24 21:00:00,1755.4,20200800,1755.4,20200800,1745.7,20200600
2020-04-24 23:00:00,1750.0,20200800,1750.0,20200800,1745.1,20200600
2020-04-26 23:00:00,1750.0,20200800,1750.0,20200800,1740.3,20200600
2020-04-27 00:00:00,1750.0,20200800,1750.0,20200800,1743.4,20200600
2020-04-27 01:00:00,1750.0,20200800,1750.0,20200800,1742.1,20200600
2020-04-27 02:00:00,1750.0,20200800,1750.0,20200800,1740.8,20200600
2020-04-27 03:00:00,1750.0,20200800,1750.0,20200800,1741.0,20200600
2020-04-27 04:00:00,1750.0,20200800,1750.0,20200800,1742.2,20200600
2020-04-27 07:00:00,1750.0,20200800,1750.0,20200800,1731.0,20200600
2020-04-27 08:00:00,1750.0,20200800,1750.0,20200800,1738.4,20200600
2020-04-27 09:00:00,1750.0,20200800,1750.0,20200800,1742.3,20200600
2020-04-27 10:00:00,1750.0,20200800,1750.0,20200800,1736.9,20200600
2020-04-27 11:00:00,1750.0,20200800,1750.0,20200800,1734.7,20200600
2020-04-27 12:00:00,1750.0,20200800,1750.0,20200800,1730.8,20200600
2020-04-27 13:00:00,1750.0,20200800,1750.0,20200800,1737.6,20200600
2020-04-27 14:00:00,1750.0,20200800,1750.0,20200800,1731.2,20200600
2020-04-27 15:00:00,1750.0,20200800,1750.0,20200800,1724.8,20200600
2020-04-27 16:00:00,1750.0,20200800,1750.0,20200800,1723.9,20200600
2020-04-27 17:00:00,1750.0,20200800,1750.0,20200800,1724.4,20200600
2020-04-27 18:00:00,1750.0,20200800,1750.0,20200800,1723.5,20200600
2020-04-27 19:00:00,1750.0,20200800,1750.0,20200800,1724.6,20200600
2020-04-27 20:00:00,1750.0,20200800,1750.0,20200800,1728.3,20200600
2020-04-27 21:00:00,1750.0,20200800,1750.0,20200800,1724.2,20200600
2020-04-27 23:00:00,1728.7,20200800,1728.7,20200800,1741.5,20200600
2020-04-28 00:00:00,1728.7,20200800,1728.7,20200800,1720.5,20200600
2020-04-28 01:00:00,1728.7,20200800,1728.7,20200800,1722.1,20200600
2020-04-28 02:00:00,1728.7,20200800,1728.7,20200800,1715.4,20200600
2020-04-28 03:00:00,1728.7,20200800,1728.7,20200800,1716.7,20200600
2020-04-28 04:00:00,1728.7,20200800,1728.7,20200800,1713.0,20200600
2020-04-28 07:00:00,1728.7,20200800,1728.7,20200800,1714.9,20200600
2020-04-28 08:00:00,1728.7,20200800,1728.7,20200800,1715.5,20200600
2020-04-28 09:00:00,1728.7,20200800,1728.7,20200800,1714.8,20200600
2020-04-28 10:00:00,1728.7,20200800,1728.7,20200800,1722.4,20200600
2020-04-28 11:00:00,1728.7,20200800,1728.7,20200800,1722.9,20200600
2020-04-28 12:00:00,1728.7,20200800,1728.7,20200800,1723.4,20200600
2020-04-28 13:00:00,1728.7,20200800,1728.7,20200800,1726.9,20200600
2020-04-28 14:00:00,1728.7,20200800,1728.7,20200800,1712.0,20200600
2020-04-28 15:00:00,1728.7,20200800,1728.7,20200800,1712.5,20200600
2020-04-28 16:00:00,1728.7,20200800,1728.7,20200800,1719.4,20200600
2020-04-28 17:00:00,1728.7,20200800,1728.7,20200800,1720.1,20200600
2020-04-28 18:00:00,1728.7,20200800,1728.7,20200800,1722.5,20200600
2020-04-28 19:00:00,1728.7,20200800,1728.7,20200800,1722.2,20200600
2020-04-28 20:00:00,1728.7,20200800,1728.7,20200800,1720.5,20200600
2020-04-28 21:00:00,1728.7,20200800,1728.7,20200800,1724.4,20200600
2020-04-28 23:00:00,1727.8,20200800,1727.8,20200800,1709.1,20200600
2020-04-29 00:00:00,1727.8,20200800,1727.8,20200800,1720.1,20200600
2020-04-29 01:00:00,1727.8,20200800,1727.8,20200800,1722.1,20200600
2020-04-29 02:00:00,1727.8,20200800,1727.8,20200800,1726.6,20200600
2020-04-29 03:00:00,1727.8,20200800,1727.8,20200800,1724.1,20200600
2020-04-29 04:00:00,1727.8,20200800,1727.8,20200800,1726.1,20200600
2020-04-29 07:00:00,1727.8,20200800,1727.8,20200800,1723.4,20200600
2020-04-29 08:00:00,1727.8,20200800,1727.8,20200800,1715.7,20200600
2020-04-29 09:00:00,1727.8,20200800,1727.8,20200800,1717.0,20200600
2020-04-29 10:00:00,1727.8,20200800,1727.8,20200800,1719.8,20200600
2020-04-29 11:00:00,1727.8,20200800,1727.8,20200800,1717.1,20200600
2020-04-29 12:00:00,1727.8,20200800,1727.8,20200800,1724.0,20200600
2020-04-29 13:00:00,1727.8,20200800,1727.8,20200800,1717.6,20200600
2020-04-29 14:00:00,1727.8,20200800,1727.8,20200800,1719.0,20200600
2020-04-29 15:00:00,1727.8,20200800,1727.8,20200800,1712.1,20200600
2020-04-29 16:00:00,1727.8,20200800,1727.8,20200800,1715.5,20200600
2020-04-29 17:00:00,1727.8,20200800,1727.8,20200800,1711.9,20200600
2020-04-29 18:00:00,1727.8,20200800,1727.8,20200800,1716.5,20200600
2020-04-29 19:00:00,1727.8,20200800,1727.8,20200800,1716.1,20200600
2020-04-29 20:00:00,1727.8,20200800,1727.8,20200800,1730.5,20200600
2020-04-29 21:00:00,1727.8,20200800,1727.8,20200800,1729.3,20200600
2020-04-29 23:00:00,1734.6,20200800,1734.6,20200800,1727.5,20200600
2020-04-30 00:00:00,1734.6,20200800,1734.6,20200800,1729.8,20200600
2020-04-30 01:00:00,1734.6,20200800,1734.6,20200800,1727.6,20200600
2020-04-30 02:00:00,1734.6,20200800,1734.6,20200800,1725.6,20200600
2020-04-30 03:00:00,1734.6,20200800,1734.6,20200800,1725.5,20200600
2020-04-30 04:00:00,1734.6,20200800,1734.6,20200800,1729.4,20200600
2020-04-30 07:00:00,1734.6,20200800,1734.6,20200800,1733.0,20200600
2020-04-30 08:00:00,1734.6,20200800,1734.6,20200800,1731.8,20200600
2020-04-30 09:00:00,1734.6,20200800,1734.6,20200800,1729.8,20200600
2020-04-30 10:00:00,1734.6,20200800,1734.6,20200800,1729.8,20200600
2020-04-30 11:00:00,1734.6,20200800,1734.6,20200800,1729.6,20200600
2020-04-30 12:00:00,1734.6,20200800,1734.6,20200800,1731.6,20200600
2020-04-30 13:00:00,1734.6,20200800,1734.6,20200800,1716.9,20200600
2020-04-30 14:00:00,1734.6,20200800,1734.6,20200800,1713.8,20200600
2020-04-30 15:00:00,1734.6,20200800,1734.6,20200800,1718.4,20200600
2020-04-30 16:00:00,1734.6,20200800,1734.6,20200800,1703.2,20200600
2020-04-30 17:00:00,1734.6,20200800,1734.6,20200800,1695.0,20200600
2020-04-30 18:00:00,1734.6,20200800,1734.6,20200800,1693.0,20200600
2020-04-30 19:00:00,1734.6,20200800,1734.6,20200800,1692.6,20200600
2020-04-30 20:00:00,1734.6,20200800,1734.6,20200800,1694.1,20200600
2020-04-30 21:00:00,1734.6,20200800,1734.6,20200800,1693.1,20200600
2020-04-30 23:00:00,1700.0,20200800,1700.0,20200800,1732.4,20200600
2020-05-01 00:00:00,1700.0,20200800,1700.0,20200800,1695.6,20200600
2020-05-01 01:00:00,1700.0,20200800,1700.0,20200800,1694.8,20200600
2020-05-01 02:00:00,1700.0,20200800,1700.0,20200800,1693.8,20200600
2020-05-01 03:00:00,1700.0,20200800,1700.0,20200800,1694.8,20200600
2020-05-01 04:00:00,1700.0,20200800,1700.0,20200800,1693.7,20200600
2020-05-01 07:00:00,1700.0,20200800,1700.0,20200800,1682.9,20200600
2020-05-01 08:00:00,1700.0,20200800,1700.0,20200800,1678.4,20200600
2020-05-01 09:00:00,1700.0,20200800,1700.0,20200800,1678.5,20200600
2020-05-01 10:00:00,1700.0,20200800,1700.0,20200800,1682.1,20200600
2020-05-01 11:00:00,1700.0,20200800,1700.0,20200800,1684.9,20200600
2020-05-01 12:00:00,1700.0,20200800,1700.0,20200800,1688.5,20200600
2020-05-01 13:00:00,1700.0,20200800,1700.0,20200800,1688.2,20200600
2020-05-01 14:00:00,1700.0,20200800,1700.0,20200800,1695.4,20200600
2020-05-01 15:00:00,1700.0,20200800,1700.0,20200800,1697.9,20200600
2020-05-01 16:00:00,1700.0,20200800,1700.0,20200800,1706.7,20200600
2020-05-01 17:00:00,1700.0,20200800,1700.0,20200800,1704.4,20200600
2020-05-01 18:00:00,1700.0,20200800,1700.0,20200800,1704.7,20200600
2020-05-01 19:00:00,1700.0,20200800,1700.0,20200800,1710.5,20200600
2020-05-01 20:00:00,1700.0,20200800,1700.0,20200800,1707.4,20200600
2020-05-01 21:00:00,1700.0,20200800,1700.0,20200800,1710.2,20200600
2020-05-01 23:00:00,1716.5,20200800,1716.5,20200800,1678.5,20200600
2020-05-03 23:00:00,1716.5,20200800,1716.5,20200800,1701.8,20200600
2020-05-04 00:00:00,1716.5,20200800,1716.5,20200800,1707.1,20200600
2020-05-04 01:00:00,1716.5,20200800,1716.5,20200800,1702.6,20200600
2020-05-04 02:00:00,1716.5,20200800,1716.5,20200800,1707.7,20200600
2020-05-04 03:00:00,1716.5,20200800,1716.5,20200800,1706.7,20200600
2020-05-04 04:00:00,1716.5,20200800,1716.5,20200800,1710.7,20200600
2020-05-04 07:00:00,1716.5,20200800,1716.5,20200800,1716.3,20200600
2020-05-04 08:00:00,1716.5,20200800,1716.5,20200800,1714.2,20200600
2020-05-04 09:00:00,1716.5,20200800,1716.5,20200800,1715.3,20200600
2020-05-04 10:00:00,1716.5,20200800,1716.5,20200800,1716.9,20200600
2020-05-04 11:00:00,1716.5,20200800,1716.5,20200800,1714.2,20200600
2020-05-04 12:00:00,1716.5,20200800,1716.5,20200800,1716.5,20200600
2020-05-04 13:00:00,1716.5,20200800,1716.5,20200800,1709.9,20200600
2020-05-04 14:00:00,1716.5,20200800,1716.5,20200800,1712.9,20200600
2020-05-04 15:00:00,1716.5,20200800,1716.5,20200800,1709.5,20200600
2020-05-04 16:00:00,1716.5,20200800,1716.5,20200800,1715.0,20200600
2020-05-04 17:00:00,1716.5,20200800,1716.5,20200800,1713.7,20200600
2020-05-04 18:00:00,1716.5,20200800,1716.5,20200800,1716.9,20200600
2020-05-04 19:00:00,1716.5,20200800,1716.5,20200800,1715.5,20200600
2020-05-04 20:00:00,1716.5,20200800,1716.5,20200800,1712.1,20200600
2020-05-04 21:00:00,1716.5,20200800,1716.5,20200800,1710.8,20200600
2020-05-04 23:00:00,1717.4,20200800,1717.4,20200800,1707.8,20200600
2020-05-05 00:00:00,1717.4,20200800,1717.4,20200800,1711.8,20200600
2020-05-05 01:00:00,1717.4,20200800,1717.4,20200800,1706.8,20200600
2020-05-05 02:00:00,1717.4,20200800,1717.4,20200800,1705.5,20200600
2020-05-05 03:00:00,1717.4,20200800,1717.4,20200800,1703.6,20200600
2020-05-05 04:00:00,1717.4,20200800,1717.4,20200800,1704.0,20200600
2020-05-05 07:00:00,1717.4,20200800,1717.4,20200800,1705.9,20200600
2020-05-05 08:00:00,1717.4,20200800,1717.4,20200800,1703.5,20200600
2020-05-05 09:00:00,1717.4,20200800,1717.4,20200800,1706.9,20200600
2020-05-05 10:00:00,1717.4,20200800,1717.4,20200800,1705.1,20200600
2020-05-05 11:00:00,1717.4,20200800,1717.4,20200800,1705.6,20200600
2020-05-05 12:00:00,1717.4,20200800,1717.4,20200800,1702.0,20200600
2020-05-05 13:00:00,1717.4,20200800,1717.4,20200800,1702.7,20200600
2020-05-05 14:00:00,1717.4,20200800,1717.4,20200800,1704.5,20200600
2020-05-05 15:00:00,1717.4,20200800,1717.4,20200800,1702.5,20200600
2020-05-05 16:00:00,1717.4,20200800,1717.4,20200800,1708.3,20200600
2020-05-05 17:00:00,1717.4,20200800,1717.4,20200800,1708.7,20200600
2020-05-05 18:00:00,1717.4,20200800,1717.4,20200800,1712.3,20200600
2020-05-05 19:00:00,1717.4,20200800,1717.4,20200800,1714.6,20200600
2020-05-05 20:00:00,1717.4,20200800,1717.4,20200800,1716.2,20200600
2020-05-05 21:00:00,1717.4,20200800,1717.4,20200800,1714.1,20200600
2020-05-05 23:00:00,1722.0,20200800,1722.0,20200800,1709.3,20200600
2020-05-06 00:00:00,1722.0,20200800,1722.0,20200800,1712.5,20200600
2020-05-06 01:00:00,1722.0,20200800,1722.0,20200800,1709.4,20200600
2020-05-06 02:00:00,1722.0,20200800,1722.0,20200800,1713.5,20200600
2020-05-06 03:00:00,1722.0,20200800,1722.0,20200800,1712.1,20200600
2020-05-06 04:00:00,1722.0,20200800,1722.0,20200800,1710.8,20200600
2020-05-06 07:00:00,1722.0,20200800,1722.0,20200800,1711.9,20200600
2020-05-06 08:00:00,1722.0,20200800,1722.0,20200800,1713.4,20200600
2020-05-06 09:00:00,1722.0,20200800,1722.0,20200800,1710.0,20200600
2020-05-06 10:00:00,1722.0,20200800,1722.0,20200800,1706.7,20200600
2020-05-06 11:00:00,1722.0,20200800,1722.0,20200800,1707.8,20200600
2020-05-06 12:00:00,1722.0,20200800,1722.0,20200800,1708.0,20200600
2020-05-06 13:00:00,1722.0,20200800,1722.0,20200800,1701.5,20200600
2020-05-06 14:00:00,1722.0,20200800,1722.0,20200800,1700.2,20200600
2020-05-06 15:00:00,1722.0,20200800,1722.0,20200800,1692.2,20200600
2020-05-06 16:00:00,1722.0,20200800,1722.0,20200800,1692.0,20200600
2020-05-06 17:00:00,1722.0,20200800,1722.0,20200800,1688.8,20200600
2020-05-06 18:00:00,1722.0,20200800,1722.0,20200800,1686.9,20200600
2020-05-06 19:00:00,1722.0,20200800,1722.0,20200800,1690.1,20200600
2020-05-06 20:00:00,1722.0,20200800,1722.0,20200800,1691.2,20200600
2020-05-06 21:00:00,1722.0,20200800,1722.0,20200800,1686.1,20200600
2020-05-06 23:00:00,1694.8,20200800,1694.8,20200800,1713.9,20200600
2020-05-07 00:00:00,1694.8,20200800,1694.8,20200800,1692.2,20200600
2020-05-07 01:00:00,1694.8,20200800,1694.8,20200800,1696.2,20200600
2020-05-07 02:00:00,1694.8,20200800,1694.8,20200800,1694.2,20200600
2020-05-07 03:00:00,1694.8,20200800,1694.8,20200800,1695.1,20200600
2020-05-07 04:00:00,1694.8,20200800,1694.8,20200800,1695.3,20200600
2020-05-07 07:00:00,1694.8,20200800,1694.8,20200800,1688.5,20200600
2020-05-07 08:00:00,1694.8,20200800,1694.8,20200800,1692.5,20200600
2020-05-07 09:00:00,1694.8,20200800,1694.8,20200800,1694.9,20200600
2020-05-07 10:00:00,1694.8,20200800,1694.8,20200800,1698.1,20200600
2020-05-07 11:00:00,1694.8,20200800,1694.8,20200800,1697.4,20200600
2020-05-07 12:00:00,1694.8,20200800,1694.8,20200800,1699.5,20200600
2020-05-07 13:00:00,1694.8,20200800,1694.8,20200800,1701.5,20200600
2020-05-07 14:00:00,1694.8,20200800,1694.8,20200800,1701.1,20200600
2020-05-07 15:00:00,1694.8,20200800,1694.8,20200800,1699.2,20200600
2020-05-07 16:00:00,1694.8,20200800,1694.8,20200800,1716.4,20200600
2020-05-07 17:00:00,1694.8,20200800,1694.8,20200800,1723.2,20200600
2020-05-07 18:00:00,1694.8,20200800,1694.8,20200800,1730.6,20200600
2020-05-07 19:00:00,1694.8,20200800,1694.8,20200800,1728.3,20200600
2020-05-07 20:00:00,1694.8,20200800,1694.8,20200800,1725.3,20200600
2020-05-07 21:00:00,1694.8,20200800,1694.8,20200800,1727.2,20200600
2020-05-07 23:00:00,1737.2,20200800,1737.2,20200800,1690.3,20200600
2020-05-08 00:00:00,1737.2,20200800,1737.2,20200800,1724.7,20200600
2020-05-08 01:00:00,1737.2,20200800,1737.2,20200800,1724.6,20200600
2020-05-08 02:00:00,1737.2,20200800,1737.2,20200800,1727.5,20200600
2020-05-08 03:00:00,1737.2,20200800,1737.2,20200800,1728.0,20200600
2020-05-08 04:00:00,1737.2,20200800,1737.2,20200800,1727.1,20200600
2020-05-08 07:00:00,1737.2,20200800,1737.2,20200800,1728.2,20200600
2020-05-08 08:00:00,1737.2,20200800,1737.2,20200800,1730.5,20200600
2020-05-08 09:00:00,1737.2,20200800,1737.2,20200800,1732.6,20200600
2020-05-08 10:00:00,1737.2,20200800,1737.2,20200800,1733.2,20200600
2020-05-08 11:00:00,1737.2,20200800,1737.2,20200800,1730.2,20200600
2020-05-08 12:00:00,1737.2,20200800,1737.2,20200800,1726.5,20200600
2020-05-08 13:00:00,1737.2,20200800,1737.2,20200800,1717.8,20200600
2020-05-08 14:00:00,1737.2,20200800,1737.2,20200800,1723.8,20200600
2020-05-08 15:00:00,1737.2,20200800,1737.2,20200800,1722.2,20200600
2020-05-08 16:00:00,1737.2,20200800,1737.2,20200800,1720.9,20200600
2020-05-08 17:00:00,1737.2,20200800,1737.2,20200800,1715.5,20200600
2020-05-08 18:00:00,1737.2,20200800,1737.2,20200800,1712.8,20200600
2020-05-08 19:00:00,1737.2,20200800,1737.2,20200800,1708.4,20200600
2020-05-08 20:00:00,1737.2,20200800,1737.2,20200800,1710.0,20200600
2020-05-08 21:00:00,1737.2,20200800,1737.2,20200800,1704.8,20200600
2020-05-08 23:00:00,1717.0,20200800,1717.0,20200800,1728.1,20200600
2020-05-10 23:00:00,1717.0,20200800,1717.0,20200800,1708.3,20200600
2020-05-11 00:00:00,1717.0,20200800,1717.0,20200800,1708.7,20200600
2020-05-11 01:00:00,1717.0,20200800,1717.0,20200800,1707.7,20200600
2020-05-11 02:00:00,1717.0,20200800,1717.0,20200800,1712.3,20200600
2020-05-11 03:00:00,1717.0,20200800,1717.0,20200800,1711.9,20200600
2020-05-11 04:00:00,1717.0,20200800,1717.0,20200800,1709.3,20200600
2020-05-11 07:00:00,1717.0,20200800,1717.0,20200800,1709.1,20200600
2020-05-11 08:00:00,1717.0,20200800,1717.0,20200800,1708.8,20200600
2020-05-11 09:00:00,1717.0,20200800,1717.0,20200800,1706.0,20200600
2020-05-11 10:00:00,1717.0,20200800,1717.0,20200800,1703.5,20200600
2020-05-11 11:00:00,1717.0,20200800,1717.0,20200800,1701.9,20200600
2020-05-11 12:00:00,1717.0,20200800,1717.0,20200800,1703.5,20200600
2020-05-11 13:00:00,1717.0,20200800,1717.0,20200800,1709.2,20200600
2020-05-11 14:00:00,1717.0,20200800,1717.0,20200800,1706.5,20200600
2020-05-11 15:00:00,1717.0,20200800,1717.0,20200800,1698.8,20200600
2020-05-11 16:00:00,1717.0,20200800,1717.0,20200800,1698.0,20200600
2020-05-11 17:00:00,1717.0,20200800,1717.0,20200800,1698.3,20200600
2020-05-11 18:00:00,1717.0,20200800,1717.0,20200800,1699.2,20200600
2020-05-11 19:00:00,1717.0,20200800,1717.0,20200800,1699.7,20200600
2020-05-11 20:00:00,1717.0,20200800,1717.0,20200800,1699.5,20200600
2020-05-11 21:00:00,1717.0,20200800,1717.0,20200800,1700.2,20200600
2020-05-11 23:00:00,1712.3,20200800,1712.3,20200800,1706.1,20200600
2020-05-12 00:00:00,1712.3,20200800,1712.3,20200800,1699.4,20200600
2020-05-12 01:00:00,1712.3,20200800,1712.3,20200800,1697.9,20200600
2020-05-12 02:00:00,1712.3,20200800,1712.3,20200800,1698.2,20200600
2020-05-12 03:00:00,1712.3,20200800,1712.3,20200800,1701.3,20200600
2020-05-12 04:00:00,1712.3,20200800,1712.3,20200800,1704.1,20200600
2020-05-12 07:00:00,1712.3,20200800,1712.3,20200800,1701.8,20200600
2020-05-12 08:00:00,1712.3,20200800,1712.3,20200800,1706.0,20200600
2020-05-12 09:00:00,1712.3,20200800,1712.3,20200800,1708.5,20200600
2020-05-12 10:00:00,1712.3,20200800,1712.3,20200800,1709.2,20200600
2020-05-12 11:00:00,1712.3,20200800,1712.3,20200800,1707.8,20200600
2020-05-12 12:00:00,1712.3,20200800,1712.3,20200800,1708.7,20200600
2020-05-12 13:00:00,1712.3,20200800,1712.3,20200800,1704.3,20200600
2020-05-12 14:00:00,1712.3,20200800,1712.3,20200800,1713.2,20200600
2020-05-12 15:00:00,1712.3,20200800,1712.3,20200800,1714.5,20200600
2020-05-12 16:00:00,1712.3,20200800,1712.3,20200800,1711.7,20200600
2020-05-12 17:00:00,1712.3,20200800,1712.3,20200800,1707.1,20200600
2020-05-12 18:00:00,1712.3,20200800,1712.3,20200800,1707.6,20200600
2020-05-12 19:00:00,1712.3,20200800,1712.3,20200800,1706.3,20200600
2020-05-12 20:00:00,1712.3,20200800,1712.3,20200800,1705.3,20200600
2020-05-12 21:00:00,1712.3,20200800,1712.3,20200800,1705.5,20200600
2020-05-12 23:00:00,1714.8,20200800,1714.8,20200800,1705.0,20200600
2020-05-13 00:00:00,1714.8,20200800,1714.8,20200800,1705.7,20200600
2020-05-13 01:00:00,1714.8,20200800,1714.8,20200800,1709.3,20200600
2020-05-13 02:00:00,1714.8,20200800,1714.8,20200800,1707.5,20200600
2020-05-13 03:00:00,1714.8,20200800,1714.8,20200800,1706.3,20200600
2020-05-13 04:00:00,1714.8,20200800,1714.8,20200800,1705.6,20200600
2020-05-13 07:00:00,1714.8,20200800,1714.8,20200800,1707.7,20200600
2020-05-13 08:00:00,1714.8,20200800,1714.8,20200800,1704.6,20200600
2020-05-13 09:00:00,1714.8,20200800,1714.8,20200800,1704.7,20200600
2020-05-13 10:00:00,1714.8,20200800,1714.8,20200800,1704.6,20200600
2020-05-13 11:00:00,1714.8,20200800,1714.8,20200800,1709.2,20200600
2020-05-13 12:00:00,1714.8,20200800,1714.8,20200800,1714.0,20200600
2020-05-13 13:00:00,1714.8,20200800,1714.8,20200800,1719.1,20200600
2020-05-13 14:00:00,1714.8,20200800,1714.8,20200800,1713.2,20200600
2020-05-13 15:00:00,1714.8,20200800,1714.8,20200800,1717.1,20200600
2020-05-13 16:00:00,1714.8,20200800,1714.8,20200800,1718.0,20200600
2020-05-13 17:00:00,1714.8,20200800,1714.8,20200800,1716.2,20200600
2020-05-13 18:00:00,1714.8,20200800,1714.8,20200800,1715.9,20200600
2020-05-13 19:00:00,1714.8,20200800,1714.8,20200800,1716.0,20200600
2020-05-13 20:00:00,1714.8,20200800,1714.8,20200800,1723.6,20200600
2020-05-13 21:00:00,1714.8,20200800,1714.8,20200800,1723.4,20200600
2020-05-13 23:00:00,1726.9,20200800,1726.9,20200800,1707.6,20200600
2020-05-14 00:00:00,1726.9,20200800,1726.9,20200800,1726.5,20200600
2020-05-14 01:00:00,1726.9,20200800,1726.9,20200800,1725.1,20200600
2020-05-14 02:00:00,1726.9,20200800,1726.9,20200800,1720.8,20200600
2020-05-14 03:00:00,1726.9,20200800,1726.9,20200800,1722.3,20200600
2020-05-14 04:00:00,1726.9,20200800,1726.9,20200800,1721.8,20200600
2020-05-14 07:00:00,1726.9,20200800,1726.9,20200800,1724.8,20200600
2020-05-14 08:00:00,1726.9,20200800,1726.9,20200800,1722.5,20200600
2020-05-14 09:00:00,1726.9,20200800,1726.9,20200800,1725.0,20200600
2020-05-14 10:00:00,1726.9,20200800,1726.9,20200800,1727.1,20200600
2020-05-14 11:00:00,1726.9,20200800,1726.9,20200800,1723.2,20200600
2020-05-14 12:00:00,1726.9,20200800,1726.9,20200800,1721.8,20200600
2020-05-14 13:00:00,1726.9,20200800,1726.9,20200800,1725.4,20200600
2020-05-14 14:00:00,1726.9,20200800,1726.9,20200800,1742.7,20200600
2020-05-14 15:00:00,1726.9,20200800,1726.9,20200800,1740.8,20200600
2020-05-14 16:00:00,1726.9,20200800,1726.9,20200800,1742.1,20200600
2020-05-14 17:00:00,1726.9,20200800,1726.9,20200800,1740.9,20200600
2020-05-14 18:00:00,1726.9,20200800,1726.9,20200800,1737.5,20200600
2020-05-14 19:00:00,1726.9,20200800,1726.9,20200800,1740.2,20200600
2020-05-14 20:00:00,1726.9,20200800,1726.9,20200800,1739.4,20200600
2020-05-14 21:00:00,1726.9,20200800,1726.9,20200800,1738.3,20200600
2020-05-14 23:00:00,1750.0,20200800,1750.0,20200800,1722.6,20200600
2020-05-15 00:00:00,1750.0,20200800,1750.0,20200800,1742.1,20200600
2020-05-15 01:00:00,1750.0,20200800,1750.0,20200800,1739.3,20200600
2020-05-15 02:00:00,1750.0,20200800,1750.0,20200800,1742.8,20200600
2020-05-15 03:00:00,1750.0,20200800,1750.0,20200800,1742.6,20200600
2020-05-15 04:00:00,1750.0,20200800,1750.0,20200800,1742.6,20200600
2020-05-15 07:00:00,1750.0,20200800,1750.0,20200800,1745.1,20200600
2020-05-15 08:00:00,1750.0,20200800,1750.0,20200800,1747.1,20200600
2020-05-15 09:00:00,1750.0,20200800,1750.0,20200800,1742.9,20200600
2020-05-15 10:00:00,1750.0,20200800,1750.0,20200800,1742.5,20200600
2020-05-15 11:00:00,1750.0,20200800,1750.0,20200800,1740.3,20200600
2020-05-15 12:00:00,1750.0,20200800,1750.0,20200800,1739.9,20200600
2020-05-15 13:00:00,1750.0,20200800,1750.0,20200800,1753.0,20200600
2020-05-15 14:00:00,1750.0,20200800,1750.0,20200800,1747.7,20200600
2020-05-15 15:00:00,1750.0,20200800,1750.0,20200800,1751.3,20200600
2020-05-15 16:00:00,1750.0,20200800,1750.0,20200800,1759.2,20200600
2020-05-15 17:00:00,1750.0,20200800,1750.0,20200800,1757.5,20200600
2020-05-15 18:00:00,1750.0,20200800,1750.0,20200800,1757.2,20200600
2020-05-15 19:00:00,1750.0,20200800,1750.0,20200800,1753.0,20200600
2020-05-15 20:00:00,1750.0,20200800,1750.0,20200800,1753.9,20200600
2020-05-15 21:00:00,1750.0,20200800,1750.0,20200800,1754.1,20200600
2020-05-15 23:00:00,1765.5,20200800,1765.5,20200800,1744.2,20200600
2020-05-17 23:00:00,1765.5,20200800,1765.5,20200800,1757.5,20200600
2020-05-18 00:00:00,1765.5,20200800,1765.5,20200800,1766.5,20200600
2020-05-18 01:00:00,1765.5,20200800,1765.5,20200800,1764.9,20200600
2020-05-18 02:00:00,1765.5,20200800,1765.5,20200800,1769.9,20200600
2020-05-18 03:00:00,1765.5,20200800,1765.5,20200800,1772.2,20200600
2020-05-18 04:00:00,1765.5,20200800,1765.5,20200800,1771.1,20200600
2020-05-18 07:00:00,1765.5,20200800,1765.5,20200800,1772.0,20200600
2020-05-18 08:00:00,1765.5,20200800,1765.5,20200800,1769.1,20200600
2020-05-18 09:00:00,1765.5,20200800,1765.5,20200800,1771.6,20200600
2020-05-18 10:00:00,1765.5,20200800,1765.5,20200800,1772.2,20200600
2020-05-18 11:00:00,1765.5,20200800,1765.5,20200800,1771.0,20200600
2020-05-18 12:00:00,1765.5,20200800,1765.5,20200800,1772.7,20200600
2020-05-18 13:00:00,1765.5,20200800,1765.5,20200800,1752.7,20200600
2020-05-18 14:00:00,1765.5,20200800,1765.5,20200800,1737.5,20200600
2020-05-18 15:00:00,1765.5,20200800,1765.5,20200800,1745.7,20200600
2020-05-18 16:00:00,1765.5,20200800,1765.5,20200800,1737.5,20200600
2020-05-18 17:00:00,1765.5,20200800,1765.5,20200800,1733.3,20200600
2020-05-18 18:00:00,1765.5,20200800,1765.5,20200800,1735.1,20200600
2020-05-18 19:00:00,1765.5,20200800,1765.5,20200800,1734.6,20200600
2020-05-18 20:00:00,1765.5,20200800,1765.5,20200800,1733.7,20200600
2020-05-18 21:00:00,1765.5,20200800,1765.5,20200800,1734.1,20200600
2020-05-18 23:00:00,1746.7,20200800,1746.7,20200800,1772.9,20200600
2020-05-19 00:00:00,1746.7,20200800,1746.7,20200800,1736.9,20200600
2020-05-19 01:00:00,1746.7,20200800,1746.7,20200800,1738.4,20200600
2020-05-19 02:00:00,1746.7,20200800,1746.7,20200800,1741.0,20200600
2020-05-19 03:00:00,1746.7,20200800,1746.7,20200800,1739.2,20200600
2020-05-19 04:00:00,1746.7,20200800,1746.7,20200800,1740.2,20200600
2020-05-19 07:00:00,1746.7,20200800,1746.7,20200800,1731.1,20200600
2020-05-19 08:00:00,1746.7,20200800,1746.7,20200800,1733.5,20200600
2020-05-19 09:00:00,1746.7,20200800,1746.7,20200800,1738.0,20200600
2020-05-19 10:00:00,1746.7,20200800,1746.7,20200800,1737.3,20200600
2020-05-19 11:00:00,1746.7,20200800,1746.7,20200800,1736.8,20200600
2020-05-19 12:00:00,1746.7,20200800,1746.7,20200800,1738.3,20200600
2020-05-19 13:00:00,1746.7,20200800,1746.7,20200800,1737.7,20200600
2020-05-19 14:00:00,1746.7,20200800,1746.7,20200800,1742.8,20200600
2020-05-19 15:00:00,1746.7,20200800,1746.7,20200800,1748.8,20200600
2020-05-19 16:00:00,1746.7,20200800,1746.7,20200800,1743.9,20200600
2020-05-19 17:00:00,1746.7,20200800,1746.7,20200800,1746.1,20200600
2020-05-19 18:00:00,1746.7,20200800,1746.7,20200800,1746.4,20200600
2020-05-19 19:00:00,1746.7,20200800,1746.7,20200800,1748.7,20200600
2020-05-19 20:00:00,1746.7,20200800,1746.7,20200800,1749.4,20200600
2020-05-19 21:00:00,1746.7,20200800,1746.7,20200800,1748.1,20200600
2020-05-19 23:00:00,1760.5,20200800,1760.5,20200800,1739.1,20200600
2020-05-20 00:00:00,1760.5,20200800,1760.5,20200800,1749.6,20200600
2020-05-20 01:00:00,1760.5,20200800,1760.5,20200800,1748.6,20200600
2020-05-20 02:00:00,1760.5,20200800,1760.5,20200800,1754.8,20200600
2020-05-20 03:00:00,1760.5,20200800,1760.5,20200800,1753.5,20200600
2020-05-20 04:00:00,1760.5,20200800,1760.5,20200800,1755.0,20200600
2020-05-20 07:00:00,1760.5,20200800,1760.5,20200800,1753.6,20200600
2020-05-20 08:00:00,1760.5,20200800,1760.5,20200800,1752.7,20200600
2020-05-20 09:00:00,1760.5,20200800,1760.5,20200800,1751.8,20200600
2020-05-20 10:00:00,1760.5,20200800,1760.5,20200800,1754.0,20200600
2020-05-20 11:00:00,1760.5,20200800,1760.5,20200800,1755.2,20200600
2020-05-20 12:00:00,1760.5,20200800,1760.5,20200800,1755.8,20200600
2020-05-20 13:00:00,1760.5,20200800,1760.5,20200800,1749.8,20200600
2020-05-20 14:00:00,1760.5,20200800,1760.5,20200800,1752.9,20200600
2020-05-20 15:00:00,1760.5,20200800,1760.5,20200800,1749.1,20200600
2020-05-20 16:00:00,1760.5,20200800,1760.5,20200800,1750.8,20200600
2020-05-20 17:00:00,1760.5,20200800,1760.5,20200800,1749.3,20200600
2020-05-20 18:00:00,1760.5,20200800,1760.5,20200800,1751.8,20200600
2020-05-20 19:00:00,1760.5,20200800,1760.5,20200800,1753.2,20200600
2020-05-20 20:00:00,1760.5,20200800,1760.5,20200800,1751.8,20200600
2020-05-20 21:00:00,1760.5,20200800,1760.5,20200800,1751.4,20200600
2020-05-20 23:00:00,1765.4,20200800,1765.4,20200800,1753.3,20200600
2020-05-21 00:00:00,1765.4,20200800,1765.4,20200800,1749.8,20200600
2020-05-21 01:00:00,1765.4,20200800,1765.4,20200800,1747.2,20200600
2020-05-21 02:00:00,1765.4,20200800,1765.4,20200800,1745.5,20200600
2020-05-21 03:00:00,1765.4,20200800,1765.4,20200800,1741.1,20200600
2020-05-21 04:00:00,1765.4,20200800,1765.4,20200800,1742.2,20200600
2020-05-21 07:00:00,1765.4,20200800,1765.4,20200800,1735.9,20200600
2020-05-21 08:00:00,1765.4,20200800,1765.4,20200800,1736.5,20200600
2020-05-21 09:00:00,1765.4,20200800,1765.4,20200800,1734.5,20200600
2020-05-21 10:00:00,1765.4,20200800,1765.4,20200800,1733.9,20200600
2020-05-21 11:00:00,1765.4,20200800,1765.4,20200800,1735.8,20200600
2020-05-21 12:00:00,1765.4,20200800,1765.4,20200800,1737.0,20200600
2020-05-21 13:00:00,1765.4,20200800,1765.4,20200800,1738.2,20200600
2020-05-21 14:00:00,1765.4,20200800,1765.4,20200800,1734.7,20200600
2020-05-21 15:00:00,1765.4,20200800,1765.4,20200800,1720.5,20200600
2020-05-21 16:00:00,1765.4,20200800,1765.4,20200800,1724.1,20200600
2020-05-21 17:00:00,1765.4,20200800,1765.4,20200800,1723.6,20200600
2020-05-21 18:00:00,1765.4,20200800,1765.4,20200800,1721.7,20200600
2020-05-21 19:00:00,1765.4,20200800,1765.4,20200800,1723.4,20200600
2020-05-21 20:00:00,1765.4,20200800,1765.4,20200800,1724.5,20200600
2020-05-21 21:00:00,1765.4,20200800,1765.4,20200800,1726.7,20200600
2020-05-21 23:00:00,1742.6,20200800,1742.6,20200800,1743.0,20200600
2020-05-22 00:00:00,1742.6,20200800,1742.6,20200800,1725.5,20200600
2020-05-22 01:00:00,1742.6,20200800,1742.6,20200800,1727.4,20200600
2020-05-22 02:00:00,1742.6,20200800,1742.6,20200800,1725.9,20200600
2020-05-22 03:00:00,1742.6,20200800,1742.6,20200800,1727.4,20200600
2020-05-22 04:00:00,1742.6,20200800,1742.6,20200800,1728.3,20200600
2020-05-22 07:00:00,1742.6,20200800,1742.6,20200800,1736.5,20200600
2020-05-22 08:00:00,1742.6,20200800,1742.6,20200800,1738.0,20200600
2020-05-22 09:00:00,1742.6,20200800,1742.6,20200800,1738.0,20200600
2020-05-22 10:00:00,1742.6,20200800,1742.6,20200800,1737.0,20200600
2020-05-22 11:00:00,1742.6,20200800,1742.6,20200800,1736.9,20200600
2020-05-22 12:00:00,1742.6,20200800,1742.6,20200800,1730.6,20200600
2020-05-22 13:00:00,1742.6,20200800,1742.6,20200800,1736.0,20200600
2020-05-22 14:00:00,1742.6,20200800,1742.6,20200800,1736.0,20200600
2020-05-22 15:00:00,1742.6,20200800,1742.6,20200800,1735.7,20200600
2020-05-22 16:00:00,1742.6,20200800,1742.6,20200800,1730.7,20200600
2020-05-22 17:00:00,1742.6,20200800,1742.6,20200800,1734.4,20200600
2020-05-22 18:00:00,1742.6,20200800,1742.6,20200800,1733.1,20200600
2020-05-22 19:00:00,1742.6,20200800,1742.6,20200800,1734.4,20200600
2020-05-22 20:00:00,1742.6,20200800,1742.6,20200800,1734.4,20200600
2020-05-22 21:00:00,1742.6,20200800,1742.6,20200800,1734.7,20200600
2020-05-22 23:00:00,1753.5,20200800,1753.5,20200800,1731.3,20200600
2020-05-24 23:00:00,1753.5,20200800,1753.5,20200800,1731.7,20200600
2020-05-25 00:00:00,1753.5,20200800,1753.5,20200800,1730.6,20200600
2020-05-25 01:00:00,1753.5,20200800,1753.5,20200800,1729.2,20200600
2020-05-25 02:00:00,1753.5,20200800,1753.5,20200800,1727.6,20200600
2020-05-25 03:00:00,1753.5,20200800,1753.5,20200800,1729.4,20200600
2020-05-25 04:00:00,1753.5,20200800,1753.5,20200800,1728.1,20200600
2020-05-25 07:00:00,1753.5,20200800,1753.5,20200800,1725.5,20200600
2020-05-25 08:00:00,1753.5,20200800,1753.5,20200800,1727.6,20200600
2020-05-25 09:00:00,1753.5,20200800,1753.5,20200800,1728.9,20200600
2020-05-25 10:00:00,1753.5,20200800,1753.5,20200800,1730.2,20200600
2020-05-25 11:00:00,1753.5,20200800,1753.5,20200800,1727.4,20200600
2020-05-25 12:00:00,1753.5,20200800,1753.5,20200800,1727.6,20200600
2020-05-25 13:00:00,1753.5,20200800,1753.5,20200800,1726.7,20200600
2020-05-25 14:00:00,1753.5,20200800,1753.5,20200800,1724.2,20200600
2020-05-25 15:00:00,1753.5,20200800,1753.5,20200800,1730.5,20200600
2020-05-25 16:00:00,1753.5,20200800,1753.5,20200800,1728.9,20200600
2020-05-25 17:00:00,1753.5,20200800,1753.5,20200800,1727.4,20200600
2020-05-25 23:00:00,1753.5,20200800,1753.5,20200800,1724.7,20200600
2020-05-26 00:00:00,1753.5,20200800,1753.5,20200800,1727.1,20200600
2020-05-26 01:00:00,1753.5,20200800,1753.5,20200800,1732.0,20200600
2020-05-26 02:00:00,1753.5,20200800,1753.5,20200800,1732.7,20200600
2020-05-26 03:00:00,1753.5,20200800,1753.5,20200800,1735.2,20200600
2020-05-26 04:00:00,1753.5,20200800,1753.5,20200800,1736.3,20200600
2020-05-26 07:00:00,1753.5,20200800,1753.5,20200800,1729.6,20200600
2020-05-26 08:00:00,1753.5,20200800,1753.5,20200800,1729.7,20200600
2020-05-26 09:00:00,1753.5,20200800,1753.5,20200800,1724.8,20200600
2020-05-26 10:00:00,1753.5,20200800,1753.5,20200800,1721.3,20200600
2020-05-26 11:00:00,1753.5,20200800,1753.5,20200800,1725.5,20200600
2020-05-26 12:00:00,1753.5,20200800,1753.5,20200800,1725.5,20200600
2020-05-26 13:00:00,1753.5,20200800,1753.5,20200800,1724.9,20200600
2020-05-26 14:00:00,1753.5,20200800,1753.5,20200800,1714.5,20200600
2020-05-26 15:00:00,1753.5,20200800,1753.5,20200800,1707.2,20200600
2020-05-26 16:00:00,1753.5,20200800,1753.5,20200800,1708.6,20200600
2020-05-26 17:00:00,1753.5,20200800,1753.5,20200800,1706.1,20200600
2020-05-26 18:00:00,1753.5,20200800,1753.5,20200800,1706.3,20200600
2020-05-26 19:00:00,1753.5,20200800,1753.5,20200800,1704.9,20200600
2020-05-26 20:00:00,1753.5,20200800,1753.5,20200800,1704.4,20200600
2020-05-26 21:00:00,1753.5,20200800,1753.5,20200800,1703.2,20200600
2020-05-26 23:00:00,1725.0,20200800,1725.0,20200800,1734.0,20200600
2020-05-27 00:00:00,1725.0,20200800,1725.0,20200800,1705.5,20200600
2020-05-27 01:00:00,1725.0,20200800,1725.0,20200800,1706.2,20200600
2020-05-27 02:00:00,1725.0,20200800,1725.0,20200800,1705.6,20200600
2020-05-27 03:00:00,1725.0,20200800,1725.0,20200800,1703.2,20200600
2020-05-27 04:00:00,1725.0,20200800,1725.0,20200800,1698.3,20200600
2020-05-27 07:00:00,1725.0,20200800,1725.0,20200800,1697.3,20200600
2020-05-27 08:00:00,1725.0,20200800,1725.0,20200800,1698.1,20200600
2020-05-27 09:00:00,1725.0,20200800,1725.0,20200800,1695.5,20200600
2020-05-27 10:00:00,1725.0,20200800,1725.0,20200800,1695.8,20200600
2020-05-27 11:00:00,1725.0,20200800,1725.0,20200800,1697.8,20200600
2020-05-27 12:00:00,1725.0,20200800,1725.0,20200800,1692.4,20200600
2020-05-27 13:00:00,1725.0,20200800,1725.0,20200800,1690.4,20200600
2020-05-27 14:00:00,1725.0,20200800,1725.0,20200800,1691.5,20200600
2020-05-27 14:30:00,1709.0,20200800,1709.0,20200800,1691.5,20200600
2020-05-27 15:00:00,1709.3,20200800,1709.3,20200800,1692.4,20200600
2020-05-27 16:00:00,1713.2,20200800,1713.2,20200800,1696.5,20200600
2020-05-27 17:00:00,1721.9,20200800,1721.9,20200800,1706.1,20200600
2020-05-27 18:00:00,1726.7,20200800,1726.7,20200800,1711.8,20200600
2020-05-27 19:00:00,1726.4,20200800,1726.4,20200800,1710.8,20200600
2020-05-27 20:00:00,1727.0,20200800,1727.0,20200800,1711.9,20200600
2020-05-27 21:00:00,1723.0,20200800,1723.0,20200800,1708.1,20200600
2020-05-27 23:00:00,1723.0,20200800,1723.0,20200800,1698.1,20200600
2020-05-28 00:00:00,1723.0,20200800,1723.0,20200800,1707.9,20200600
2020-05-28 01:00:00,1723.0,20200800,1723.0,20200800,1706.2,20200600
2020-05-28 02:00:00,1723.0,20200800,1723.0,20200800,1712.2,20200600
2020-05-28 03:00:00,1723.0,20200800,1723.0,20200800,1712.2,20200600
2020-05-28 04:00:00,1723.0,20200800,1723.0,20200800,1711.3,20200600
2020-05-28 07:00:00,1723.0,20200800,1723.0,20200800,1719.1,20200600
2020-05-28 14:30:00,1736.9,20200800,1736.9,20200800,1719.1,20200600
2020-05-28 15:00:00,1737.7,20200800,1737.7,20200800,1719.1,20200600
2020-05-28 16:00:00,1737.0,20200800,1737.0,20200800,1719.1,20200600
2020-05-28 17:00:00,1733.0,20200800,1733.0,20200800,1719.1,20200600
2020-05-28 18:00:00,1725.7,20200800,1725.7,20200800,1719.1,20200600
2020-05-28 19:00:00,1727.7,20200800,1727.7,20200800,1719.1,20200600
2020-05-28 20:00:00,1732.9,20200800,1732.9,20200800,1719.1,20200600
2020-05-28 21:00:00,1731.4,20200800,1731.4,20200800,1719.1,20200600
2020-05-28 23:00:00,1731.4,20200800,1731.4,20200800,1719.1,20200600
2020-05-29 14:30:00,1742.1,20200800,1742.1,20200800,1728.2,20200600
2020-05-29 15:00:00,1756.3,20201000,1756.3,20201000,1750.6,20200800
2020-05-29 16:00:00,1760.4,20201000,1760.4,20201000,1751.5,20200800
2020-05-29 17:00:00,1758.6,20201000,1758.6,20201000,1749.4,20200800
2020-05-29 18:00:00,1760.2,20201000,1760.2,20201000,1750.5,20200800
2020-05-29 19:00:00,1761.5,20201000,1761.5,20201000,1747.2,20200800
2020-05-29 20:00:00,1753.9,20201000,1753.9,20201000,1744.8,20200800
2020-05-29 21:00:00,1753.8,20201000,1753.8,20201000,1743.0,20200800
2020-06-01 14:30:00,1753.2,20201000,1753.2,20201000,1743.6,20200800
2020-06-01 15:00:00,1754.8,20201000,1754.8,20201000,1750.2,20200800
2020-06-01 16:00:00,1761.3,20201000,1761.3,20201000,1754.3,20200800
2020-06-01 17:00:00,1761.1,20201000,1761.1,20201000,1752.0,20200800
2020-06-01 18:00:00,1760.2,20201000,1760.2,20201000,1749.0,20200800
2020-06-01 19:00:00,1759.6,20201000,1759.6,20201000,1750.5,20200800
2020-06-01 20:00:00,1759.5,20201000,1759.5,20201000,1751.5,20200800
2020-06-01 21:00:00,1759.5,20201000,1759.5,20201000,1750.8,20200800
2020-06-01 23:00:00,1759.1,20201000,1759.1,20201000,1750.3,20200800
2020-06-02 14:30:00,1762.0,20201000,1762.0,20201000,1755.8,20200800
2020-06-02 15:00:00,1762.8,20201000,1762.8,20201000,1751.8,20200800
2020-06-02 16:00:00,1744.9,20201000,1744.9,20201000,1736.7,20200800
2020-06-02 17:00:00,1741.3,20201000,1741.3,20201000,1732.2,20200800
2020-06-02 18:00:00,1744.4,20201000,1744.4,20201000,1735.1,20200800
2020-06-02 19:00:00,1741.7,20201000,1741.7,20201000,1735.6,20200800
2020-06-02 20:00:00,1745.5,20201000,1745.5,20201000,1735.3,20200800
2020-06-02 21:00:00,1742.5,20201000,1742.5,20201000,1734.1,20200800
2020-06-03 14:30:00,1719.1,20201000,1719.1,20201000,1708.9,20200800
2020-06-03 15:00:00,1706.0,20201000,1706.0,20201000,1695.7,20200800
2020-06-03 16:00:00,1708.8,20201000,1708.8,20201000,1700.5,20200800
2020-06-03 17:00:00,1715.4,20201000,1715.4,20201000,1702.5,20200800
2020-06-03 18:00:00,1714.0,20201000,1714.0,20201000,1702.7,20200800
2020-06-03 19:00:00,1710.0,20201000,1710.0,20201000,1699.6,20200800
2020-06-03 20:00:00,1712.0,20201000,1712.0,20201000,1700.4,20200800
2020-06-03 21:00:00,1712.3,20201000,1712.3,20201000,1703.1,20200800
2020-06-03 23:00:00,1716.1,20201000,1716.1,20201000,1704.8,20200800
2020-06-04 14:30:00,1723.3,20201000,1723.3,20201000,1711.8,20200800
2020-06-04 15:00:00,1721.5,20201000,1721.5,20201000,1710.8,20200800
2020-06-04 16:00:00,1728.5,20201000,1728.5,20201000,1719.8,20200800
2020-06-04 17:00:00,1734.0,20201000,1734.0,20201000,1723.3,20200800
2020-06-04 18:00:00,1737.2,20201000,1737.2,20201000,1725.3,20200800
2020-06-04 19:00:00,1734.5,20201000,1734.5,20201000,1723.0,20200800
2020-06-04 20:00:00,1733.5,20201000,1733.5,20201000,1723.1,20200800
2020-06-04 21:00:00,1733.1,20201000,1733.1,20201000,1720.7,20200800
2020-06-04 23:00:00,1738.1,20201000,1738.1,20201000,1727.4,20200800
2020-06-05 14:30:00,1691.1,20201000,1691.1,20201000,1680.4,20200800
2020-06-05 15:00:00,1688.2,20201000,1688.2,20201000,1677.2,20200800
2020-06-05 16:00:00,1692.4,20201000,1692.4,20201000,1681.6,20200800
2020-06-05 17:00:00,1695.0,20201000,1695.0,20201000,1684.5,20200800
2020-06-05 18:00:00,1696.1,20201000,1696.1,20201000,1684.4,20200800
2020-06-05 19:00:00,1696.6,20201000,1696.6,20201000,1686.6,20200800
2020-06-05 20:00:00,1698.6,20201000,1698.6,20201000,1686.6,20200800
2020-06-05 21:00:00,1700.4,20201000,1700.4,20201000,1688.6,20200800
2020-06-05 23:00:00,1694.1,20201000,1694.1,20201000,1683.0,20200800
2020-06-08 14:30:00,1707.3,20201000,1707.3,20201000,1695.1,20200800
2020-06-08 15:00:00,1711.0,20201000,1711.0,20201000,1698.0,20200800
2020-06-08 16:00:00,1705.6,20201000,1705.6,20201000,1696.0,20200800
2020-06-08 17:00:00,1714.0,20201000,1714.0,20201000,1703.0,20200800
2020-06-08 18:00:00,1712.9,20201000,1712.9,20201000,1703.3,20200800
2020-06-08 19:00:00,1716.0,20201000,1716.0,20201000,1705.3,20200800
2020-06-08 20:00:00,1715.0,20201000,1715.0,20201000,1705.6,20200800
2020-06-08 21:00:00,1716.9,20201000,1716.9,20201000,1705.3,20200800
2020-06-08 23:00:00,1715.7,20201000,1715.7,20201000,1705.1,20200800
2020-06-09 14:30:00,1737.2,20201000,1737.2,20201000,1727.1,20200800
2020-06-09 15:00:00,1735.7,20201000,1735.7,20201000,1725.3,20200800
2020-06-09 16:00:00,1733.0,20201000,1733.0,20201000,1723.3,20200800
2020-06-09 17:00:00,1731.3,20201000,1731.3,20201000,1721.8,20200800
2020-06-09 18:00:00,1731.5,20201000,1731.5,20201000,1722.2,20200800
2020-06-09 19:00:00,1730.5,20201000,1730.5,20201000,1719.2,20200800
2020-06-09 20:00:00,1729.2,20201000,1729.2,20201000,1720.4,20200800
2020-06-09 21:00:00,1731.7,20201000,1731.7,20201000,1719.8,20200800
2020-06-09 23:00:00,1732.2,20201000,1732.2,20201000,1721.9,20200800
2020-06-10 14:30:00,1741.2,20201000,1741.2,20201000,1730.7,20200800
2020-06-10 15:00:00,1734.0,20201000,1734.0,20201000,1724.5,20200800
2020-06-10 16:00:00,1732.5,20201000,1732.5,20201000,1724.0,20200800
2020-06-10 17:00:00,1733.2,20201000,1733.2,20201000,1720.1,20200800
2020-06-10 18:00:00,1730.2,20201000,1730.2,20201000,1721.9,20200800
2020-06-10 19:00:00,1741.2,20201000,1741.2,20201000,1736.4,20200800
2020-06-10 20:00:00,1755.8,20201000,1755.8,20201000,1747.1,20200800
2020-06-10 21:00:00,1756.9,20201000,1756.9,20201000,1747.9,20200800
2020-06-10 23:00:00,1730.4,20201000,1730.4,20201000,1720.7,20200800
2020-06-11 14:30:00,1755.2,20201000,1755.2,20201000,1746.6,20200800
2020-06-11 15:00:00,1762.5,20201000,1762.5,20201000,1753.6,20200800
2020-06-11 16:00:00,1754.0,20201000,1754.0,20201000,1744.6,20200800
2020-06-11 17:00:00,1744.5,20201000,1744.5,20201000,1735.1,20200800
2020-06-11 18:00:00,1747.3,20201000,1747.3,20201000,1740.0,20200800
2020-06-11 19:00:00,1745.0,20201000,1745.0,20201000,1736.2,20200800
2020-06-11 20:00:00,1743.1,20201000,1743.1,20201000,1734.2,20200800
2020-06-11 21:00:00,1744.5,20201000,1744.5,20201000,1733.7,20200800
2020-06-11 23:00:00,1748.8,20201000,1748.8,20201000,1739.8,20200800
2020-06-12 14:30:00,1759.5,20201000,1759.5,20201000,1751.4,20200800
2020-06-12 15:00:00,1755.8,20201000,1755.8,20201000,1747.7,20200800
2020-06-12 16:00:00,1752.8,20201000,1752.8,20201000,1741.9,20200800
2020-06-12 17:00:00,1749.3,20201000,1749.3,20201000,1741.2,20200800
2020-06-12 18:00:00,1747.7,20201000,1747.7,20201000,1738.9,20200800
2020-06-12 19:00:00,1747.6,20201000,1747.6,20201000,1738.3,20200800
2020-06-12 20:00:00,1747.1,20201000,1747.1,20201000,1738.3,20200800
2020-06-12 21:00:00,1747.9,20201000,1747.9,20201000,1737.3,20200800
2020-06-12 23:00:00,1746.2,20201000,1746.2,20201000,1737.3,20200800
2020-06-15 14:30:00,1719.3,20201000,1719.3,20201000,1710.8,20200800
2020-06-15 15:00:00,1732.6,20201000,1732.6,20201000,1722.8,20200800
2020-06-15 16:00:00,1734.5,20201000,1734.5,20201000,1727.2,20200800
2020-06-15 17:00:00,1733.3,20201000,1733.3,20201000,1727.6,20200800
2020-06-15 18:00:00,1737.7,20201000,1737.7,20201000,1728.7,20200800
2020-06-15 19:00:00,1742.0,20201000,1742.0,20201000,1733.8,20200800
2020-06-15 20:00:00,1739.2,20201000,1739.2,20201000,1732.9,20200800
2020-06-15 21:00:00,1741.0,20201000,1741.0,20201000,1731.8,20200800
2020-06-15 23:00:00,1735.7,20201000,1735.7,20201000,1727.2,20200800
2020-06-16 14:30:00,1735.9,20201000,1735.9,20201000,1730.7,20200800
2020-06-16 15:00:00,1746.1,20201000,1746.1,20201000,1738.0,20200800
2020-06-16 16:00:00,1740.8,20201000,1740.8,20201000,1733.3,20200800
2020-06-16 17:00:00,1745.6,20201000,1745.6,20201000,1737.1,20200800
2020-06-16 18:00:00,1746.6,20201000,1746.6,20201000,1737.4,20200800
2020-06-16 19:00:00,1743.0,20201000,1743.0,20201000,1733.8,20200800
2020-06-16 20:00:00,1742.4,20201000,1742.4,20201000,1735.1,20200800
2020-06-16 21:00:00,1744.7,20201000,1744.7,20201000,1734.9,20200800
2020-06-16 23:00:00,1745.3,20201000,1745.3,20201000,1736.5,20200800
2020-06-17 14:30:00,1741.0,20201000,1741.0,20201000,1731.9,20200800
2020-06-17 15:00:00,1743.5,20201000,1743.5,20201000,1734.9,20200800
2020-06-17 16:00:00,1740.3,20201000,1740.3,20201000,1731.9,20200800
2020-06-17 17:00:00,1743.0,20201000,1743.0,20201000,1734.4,20200800
2020-06-17 18:00:00,1744.1,20201000,1744.1,20201000,1735.0,20200800
2020-06-17 19:00:00,1744.3,20201000,1744.3,20201000,1735.4,20200800
2020-06-17 20:00:00,1745.5,20201000,1745.5,20201000,1738.1,20200800
2020-06-17 21:00:00,1745.8,20201000,1745.8,20201000,1735.4,20200800
2020-06-18 14:30:00,1740.0,20201000,1740.0,20201000,1729.2,20200800
2020-06-18 15:00:00,1736.8,20201000,1736.8,20201000,1727.9,20200800
2020-06-18 16:00:00,1738.5,20201000,1738.5,20201000,1728.7,20200800
2020-06-18 17:00:00,1738.7,20201000,1738.7,20201000,1729.8,20200800
2020-06-18 18:00:00,1739.7,20201000,1739.7,20201000,1730.8,20200800
2020-06-18 19:00:00,1741.0,20201000,1741.0,20201000,1732.5,20200800
2020-06-18 20:00:00,1741.0,20201000,1741.0,20201000,1732.0,20200800
2020-06-18 21:00:00,1740.1,20201000,1740.1,20201000,1729.9,20200800
2020-06-18 23:00:00,1739.9,20201000,1739.9,20201000,1731.1,20200800
2020-06-19 14:30:00,1752.4,20201000,1752.4,20201000,1744.4,20200800
2020-06-19 15:00:00,1756.9,20201000,1756.9,20201000,1749.3,20200800
2020-06-19 16:00:00,1763.3,20201000,1763.3,20201000,1754.9,20200800
2020-06-19 17:00:00,1762.2,20201000,1762.2,20201000,1753.3,20200800
2020-06-19 18:00:00,1761.3,20201000,1761.3,20201000,1753.0,20200800
2020-06-19 19:00:00,1762.9,20201000,1762.9,20201000,1754.3,20200800
2020-06-19 20:00:00,1764.4,20201000,1764.4,20201000,1756.3,20200800
2020-06-19 21:00:00,1763.8,20201000,1763.8,20201000,1756.2,20200800
2020-06-19 23:00:00,1761.0,20201000,1761.0,20201000,1753.0,20200800
2020-06-22 14:30:00,1782.5,20201000,1782.5,20201000,1774.9,20200800
2020-06-22 15:00:00,1772.6,20201000,1772.6,20201000,1764.9,20200800
2020-06-22 16:00:00,1779.5,20201000,1779.5,20201000,1771.3,20200800
2020-06-22 17:00:00,1778.1,20201000,1778.1,20201000,1767.1,20200800
2020-06-22 18:00:00,1776.2,20201000,1776.2,20201000,1768.5,20200800
2020-06-22 19:00:00,1775.4,20201000,1775.4,20201000,1767.7,20200800
2020-06-22 20:00:00,1773.3,20201000,1773.3,20201000,1765.5,20200800
2020-06-22 21:00:00,1772.6,20201000,1772.6,20201000,1764.3,20200800
2020-06-22 23:00:00,1774.2,20201000,1774.2,20201000,1766.4,20200800
2020-06-23 14:30:00,1789.9,20201000,1789.9,20201000,1781.2,20200800
2020-06-23 15:00:00,1786.7,20201000,1786.7,20201000,1781.8,20200800
2020-06-23 16:00:00,1789.9,20201000,1789.9,20201000,1781.9,20200800
2020-06-23 17:00:00,1788.9,20201000,1788.9,20201000,1781.0,20200800
2020-06-23 18:00:00,1790.2,20201000,1790.2,20201000,1782.5,20200800
2020-06-23 19:00:00,1791.4,20201000,1791.4,20201000,1783.6,20200800
2020-06-23 20:00:00,1792.7,20201000,1792.7,20201000,1785.1,20200800
2020-06-23 21:00:00,1791.8,20201000,1791.8,20201000,1783.7,20200800
2020-06-23 23:00:00,1789.8,20201000,1789.8,20201000,1782.0,20200800
2020-06-24 14:30:00,1791.1,20201000,1791.1,20201000,1782.8,20200800
2020-06-24 15:00:00,1797.0,20201000,1797.0,20201000,1788.2,20200800
2020-06-24 16:00:00,1787.1,20201000,1787.1,20201000,1778.9,20200800
2020-06-24 17:00:00,1786.4,20201000,1786.4,20201000,1777.4,20200800
2020-06-24 18:00:00,1785.1,20201000,1785.1,20201000,1776.3,20200800
2020-06-24 19:00:00,1784.5,20201000,1784.5,20201000,1775.4,20200800
2020-06-24 20:00:00,1783.7,20201000,1783.7,20201000,1775.0,20200800
2020-06-24 21:00:00,1781.7,20201000,1781.7,20201000,1772.0,20200800
2020-06-24 23:00:00,1784.0,20201000,1784.0,20201000,1775.1,20200800
2020-06-25 14:30:00,1779.5,20201000,1779.5,20201000,1772.9,20200800
2020-06-25 15:00:00,1780.2,20201000,1780.2,20201000,1768.6,20200800
2020-06-25 16:00:00,1778.7,20201000,1778.7,20201000,1769.6,20200800
2020-06-25 17:00:00,1781.8,20201000,1781.8,20201000,1771.9,20200800
2020-06-25 18:00:00,1780.5,20201000,1780.5,20201000,1771.7,20200800
2020-06-25 19:00:00,1780.7,20201000,1780.7,20201000,1771.9,20200800
2020-06-25 20:00:00,1782.0,20201000,1782.0,20201000,1772.3,20200800
2020-06-25 21:00:00,1783.2,20201000,1783.2,20201000,1774.0,20200800
2020-06-25 23:00:00,1779.7,20201000,1779.7,20201000,1770.6,20200800
2020-06-26 14:30:00,1767.4,20201000,1767.4,20201000,1757.7,20200800
2020-06-26 15:00:00,1774.8,20201000,1774.8,20201000,1765.4,20200800
2020-06-26 16:00:00,1789.2,20201000,1789.2,20201000,1780.0,20200800
2020-06-26 17:00:00,1790.1,20201000,1790.1,20201000,1780.9,20200800
2020-06-26 18:00:00,1791.1,20201000,1791.1,20201000,1781.5,20200800
2020-06-26 19:00:00,1790.8,20201000,1790.8,20201000,1781.1,20200800
2020-06-26 20:00:00,1794.3,20201000,1794.3,20201000,1784.9,20200800
2020-06-26 21:00:00,1794.0,20201000,1794.0,20201000,1784.8,20200800
2020-06-26 23:00:00,1789.8,20201000,1789.8,20201000,1780.3,20200800
2020-06-29 14:30:00,1792.0,20201000,1792.0,20201000,1782.8,20200800
2020-06-29 15:00:00,1795.4,20201000,1795.4,20201000,1786.3,20200800
2020-06-29 16:00:00,1791.8,20201000,1791.8,20201000,1783.5,20200800
2020-06-29 17:00:00,1790.6,20201000,1790.6,20201000,1781.6,20200800
2020-06-29 18:00:00,1790.6,20201000,1790.6,20201000,1781.4,20200800
2020-06-29 19:00:00,1791.5,20201000,1791.5,20201000,1782.9,20200800
2020-06-29 20:00:00,1792.1,20201000,1792.1,20201000,1782.7,20200800
2020-06-29 21:00:00,1794.3,20201000,1794.3,20201000,1784.1,20200800
2020-06-29 23:00:00,1790.6,20201000,1790.6,20201000,1781.2,20200800
2020-06-30 14:30:00,1793.6,20201000,1793.6,20201000,1784.4,20200800
2020-06-30 15:00:00,1807.0,20201000,1807.0,20201000,1798.0,20200800
2020-06-30 16:00:00,1809.0,20201000,1809.0,20201000,1799.4,20200800
2020-06-30 17:00:00,1810.0,20201000,1810.0,20201000,1800.2,20200800
2020-06-30 18:00:00,1806.9,20201000,1806.9,20201000,1796.3,20200800
2020-06-30 19:00:00,1809.1,20201000,1809.1,20201000,1799.9,20200800
2020-06-30 20:00:00,1807.9,20201000,1807.9,20201000,1797.8,20200800
2020-06-30 21:00:00,1807.7,20201000,1807.7,20201000,1798.1,20200800
2020-06-30 23:00:00,1810.0,20201000,1810.0,20201000,1800.5,20200800
2020-07-01 14:30:00,1786.8,20201000,1786.8,20201000,1777.6,20200800
2020-07-01 15:00:00,1785.5,20201000,1785.5,20201000,1775.1,20200800
2020-07-01 16:00:00,1785.0,20201000,1785.0,20201000,1776.0,20200800
2020-07-01 17:00:00,1790.7,20201000,1790.7,20201000,1780.2,20200800
2020-07-01 18:00:00,1790.5,20201000,1790.5,20201000,1779.2,20200800
2020-07-01 19:00:00,1790.9,20201000,1790.9,20201000,1779.9,20200800
2020-07-01 20:00:00,1792.6,20201000,1792.6,20201000,1781.8,20200800
2020-07-01 21:00:00,1790.6,20201000,1790.6,20201000,1779.3,20200800
2020-07-02 14:30:00,1796.1,20201000,1796.1,20201000,1785.0,20200800
2020-07-02 15:00:00,1798.7,20201000,1798.7,20201000,1786.9,20200800
2020-07-02 16:00:00,1801.2,20201000,1801.2,20201000,1790.5,20200800
2020-07-02 17:00:00,1799.6,20201000,1799.6,20201000,1788.5,20200800
2020-07-02 18:00:00,1800.1,20201000,1800.1,20201000,1789.1,20200800
2020-07-02 19:00:00,1799.9,20201000,1799.9,20201000,1789.2,20200800
2020-07-02 20:00:00,1799.0,20201000,1799.0,20201000,1787.7,20200800
2020-07-02 21:00:00,1798.1,20201000,1798.1,20201000,1787.0,20200800
2020-07-02 23:00:00,1801.0,20201000,1801.0,20201000,1790.0,20200800
2020-07-06 14:30:00,1805.7,20201000,1805.7,20201000,1794.9,20200800
2020-07-06 15:00:00,1804.3,20201000,1804.3,20201000,1792.2,20200800
2020-07-06 16:00:00,1804.9,20201000,1804.9,20201000,1793.1,20200800
2020-07-06 17:00:00,1804.5,20201000,1804.5,20201000,1793.3,20200800
2020-07-06 18:00:00,1804.1,20201000,1804.1,20201000,1792.6,20200800
2020-07-06 19:00:00,1806.5,20201000,1806.5,20201000,1795.2,20200800
2020-07-06 20:00:00,1806.7,20201000,1806.7,20201000,1794.8,20200800
2020-07-06 21:00:00,1806.7,20201000,1806.7,20201000,1794.0,20200800
2020-07-07 14:30:00,1806.9,20201000,1806.9,20201000,1794.9,20200800
2020-07-07 15:00:00,1818.0,20201000,1818.0,20201000,1807.0,20200800
2020-07-07 16:00:00,1820.2,20201000,1820.2,20201000,1808.6,20200800
2020-07-07 17:00:00,1821.0,20201000,1821.0,20201000,1809.4,20200800
2020-07-07 18:00:00,1821.6,20201000,1821.6,20201000,1809.7,20200800
2020-07-07 19:00:00,1820.3,20201000,1820.3,20201000,1808.3,20200800
2020-07-07 20:00:00,1821.0,20201000,1821.0,20201000,1809.3,20200800
2020-07-07 21:00:00,1819.6,20201000,1819.6,20201000,1807.5,20200800
2020-07-08 14:30:00,1835.4,20201000,1835.4,20201000,1821.9,20200800
2020-07-08 15:00:00,1836.0,20201000,1836.0,20201000,1822.8,20200800
2020-07-08 16:00:00,1834.6,20201000,1834.6,20201000,1821.6,20200800
2020-07-08 17:00:00,1835.0,20201000,1835.0,20201000,1822.4,20200800
2020-07-08 18:00:00,1833.4,20201000,1833.4,20201000,1820.0,20200800
2020-07-08 19:00:00,1831.1,20201000,1831.1,20201000,1817.5,20200800
2020-07-08 20:00:00,1832.0,20201000,1832.0,20201000,1818.6,20200800
2020-07-08 21:00:00,1832.2,20201000,1832.2,20201000,1817.8,20200800
2020-07-08 23:00:00,1834.0,20201000,1834.0,20201000,1820.6,20200800
2020-07-09 14:30:00,1833.6,20201000,1833.6,20201000,1819.3,20200800
2020-07-09 15:00:00,1825.6,20201000,1825.6,20201000,1811.5,20200800
2020-07-09 16:00:00,1821.0,20201000,1821.0,20201000,1807.0,20200800
2020-07-09 17:00:00,1817.7,20201000,1817.7,20201000,1804.9,20200800
2020-07-09 18:00:00,1819.4,20201000,1819.4,20201000,1806.2,20200800
2020-07-09 19:00:00,1822.6,20201000,1822.6,20201000,1809.6,20200800
2020-07-09 20:00:00,1822.2,20201000,1822.2,20201000,1809.1,20200800
2020-07-09 21:00:00,1820.9,20201000,1820.9,20201000,1807.7,20200800
2020-07-09 23:00:00,1817.6,20201000,1817.6,20201000,1803.8,20200800
2020-07-10 14:30:00,1821.7,20201000,1821.7,20201000,1807.7,20200800
2020-07-10 15:00:00,1823.7,20201000,1823.7,20201000,1807.0,20200800
2020-07-10 16:00:00,1815.6,20201000,1815.6,20201000,1801.5,20200800
2020-07-10 17:00:00,1811.8,20201000,1811.8,20201000,1798.0,20200800
2020-07-10 18:00:00,1815.9,20201000,1815.9,20201000,1802.6,20200800
2020-07-10 19:00:00,1814.9,20201000,1814.9,20201000,1802.6,20200800
2020-07-10 20:00:00,1815.4,20201000,1815.4,20201000,1802.1,20200800
2020-07-10 21:00:00,1815.3,20201000,1815.3,20201000,1801.8,20200800
2020-07-13 14:30:00,1827.5,20201000,1827.5,20201000,1814.0,20200800
2020-07-13 15:00:00,1823.6,20201000,1823.6,20201000,1811.1,20200800
2020-07-13 16:00:00,1824.8,20201000,1824.8,20201000,1811.4,20200800
2020-07-13 17:00:00,1826.4,20201000,1826.4,20201000,1813.3,20200800
2020-07-13 18:00:00,1827.4,20201000,1827.4,20201000,1814.0,20200800
2020-07-13 19:00:00,1824.9,20201000,1824.9,20201000,1811.1,20200800
2020-07-13 20:00:00,1818.3,20201000,1818.3,20201000,1804.6,20200800
2020-07-13 21:00:00,1818.0,20201000,1818.0,20201000,1804.9,20200800
2020-07-14 14:30:00,1815.4,20201000,1815.4,20201000,1803.0,20200800
2020-07-14 15:00:00,1823.4,20201000,1823.4,20201000,1811.8,20200800
2020-07-14 16:00:00,1824.0,20201000,1824.0,20201000,1811.8,20200800
2020-07-14 17:00:00,1824.6,20201000,1824.6,20201000,1812.7,20200800
2020-07-14 18:00:00,1825.1,20201000,1825.1,20201000,1813.2,20200800
2020-07-14 19:00:00,1823.2,20201000,1823.2,20201000,1810.8,20200800
2020-07-14 20:00:00,1824.4,20201000,1824.4,20201000,1812.5,20200800
2020-07-14 21:00:00,1825.1,20201000,1825.1,20201000,1812.9,20200800
2020-07-15 14:30:00,1818.7,20201000,1818.7,20201000,1806.0,20200800
2020-07-15 15:00:00,1822.2,20201000,1822.2,20201000,1810.0,20200800
2020-07-15 16:00:00,1826.1,20201000,1826.1,20201000,1813.5,20200800
2020-07-15 17:00:00,1827.3,20201000,1827.3,20201000,1815.4,20200800
2020-07-15 18:00:00,1826.3,20201000,1826.3,20201000,1813.8,20200800
2020-07-15 19:00:00,1825.4,20201000,1825.4,20201000,1813.7,20200800
2020-07-15 20:00:00,1825.2,20201000,1825.2,20201000,1813.7,20200800
2020-07-15 21:00:00,1825.0,20201000,1825.0,20201000,1812.9,20200800
2020-07-16 14:30:00,1820.6,20201000,1820.6,20201000,1808.0,20200800
2020-07-16 15:00:00,1820.4,20201000,1820.4,20201000,1809.8,20200800
2020-07-16 16:00:00,1819.2,20201000,1819.2,20201000,1807.9,20200800
2020-07-16 17:00:00,1813.9,20201000,1813.9,20201000,1801.5,20200800
2020-07-16 18:00:00,1808.9,20201000,1808.9,20201000,1797.7,20200800
2020-07-16 19:00:00,1806.9,20201000,1806.9,20201000,1796.2,20200800
2020-07-16 20:00:00,1807.3,20201000,1807.3,20201000,1796.4,20200800
2020-07-16 21:00:00,1808.1,20201000,1808.1,20201000,1796.7,20200800
2020-07-17 14:30:00,1819.9,20201000,1819.9,20201000,1808.4,20200800
2020-07-17 15:00:00,1821.8,20201000,1821.8,20201000,1811.1,20200800
2020-07-17 16:00:00,1822.8,20201000,1822.8,20201000,1812.1,20200800
2020-07-17 17:00:00,1820.8,20201000,1820.8,20201000,1809.6,20200800
2020-07-17 18:00:00,1822.6,20201000,1822.6,20201000,1811.9,20200800
2020-07-17 19:00:00,1822.7,20201000,1822.7,20201000,1812.2,20200800
2020-07-17 20:00:00,1823.3,20201000,1823.3,20201000,1812.3,20200800
2020-07-17 21:00:00,1823.2,20201000,1823.2,20201000,1812.1,20200800
2020-07-20 14:30:00,1826.7,20201000,1826.7,20201000,1816.6,20200800
2020-07-20 15:00:00,1829.2,20201000,1829.2,20201000,1819.1,20200800
2020-07-20 16:00:00,1826.8,20201000,1826.8,20201000,1817.9,20200800
2020-07-20 17:00:00,1827.1,20201000,1827.1,20201000,1817.3,20200800
2020-07-20 18:00:00,1827.4,20201000,1827.4,20201000,1817.3,20200800
2020-07-20 19:00:00,1828.6,20201000,1828.6,20201000,1818.4,20200800
2020-07-20 20:00:00,1827.9,20201000,1827.9,20201000,1818.1,20200800
2020-07-20 21:00:00,1828.9,20201000,1828.9,20201000,1819.0,20200800
2020-07-21 14:30:00,1850.8,20201000,1850.8,20201000,1841.5,20200800
2020-07-21 15:00:00,1847.4,20201000,1847.4,20201000,1838.3,20200800
2020-07-21 16:00:00,1851.6,20201000,1851.6,20201000,1841.5,20200800
2020-07-21 17:00:00,1852.9,20201000,1852.9,20201000,1843.2,20200800
2020-07-21 18:00:00,1854.3,20201000,1854.3,20201000,1844.3,20200800
2020-07-21 19:00:00,1852.7,20201000,1852.7,20201000,1843.1,20200800
2020-07-21 20:00:00,1851.1,20201000,1851.1,20201000,1841.8,20200800
2020-07-21 21:00:00,1852.6,20201000,1852.6,20201000,1843.2,20200800
2020-07-22 14:30:00,1866.6,20201000,1866.6,20201000,1855.2,20200800
2020-07-22 15:00:00,1867.0,20201000,1867.0,20201000,1855.2,20200800
2020-07-22 16:00:00,1875.5,20201000,1875.5,20201000,1864.3,20200800
2020-07-22 17:00:00,1876.3,20201000,1876.3,20201000,1864.8,20200800
2020-07-22 18:00:00,1874.7,20201000,1874.7,20201000,1863.7,20200800
2020-07-22 19:00:00,1877.7,20201000,1877.7,20201000,1866.0,20200800
2020-07-22 20:00:00,1879.0,20201000,1879.0,20201000,1867.6,20200800
2020-07-22 21:00:00,1882.5,20201000,1882.5,20201000,1870.8,20200800
2020-07-23 14:30:00,1910.0,20201200,1910.0,20201200,1893.7,20201000
2020-07-23 15:00:00,1915.2,20201200,1915.2,20201200,1898.9,20201000
2020-07-23 16:00:00,1925.4,20201200,1925.4,20201200,1908.8,20201000
2020-07-23 17:00:00,1920.9,20201200,1920.9,20201200,1904.9,20201000
2020-07-23 18:00:00,1913.8,20201200,1913.8,20201200,1899.0,20201000
2020-07-23 19:00:00,1914.2,20201200,1914.2,20201200,1897.5,20201000
2020-07-23 20:00:00,1910.6,20201200,1910.6,20201200,1894.5,20201000
2020-07-23 21:00:00,1911.9,20201200,1911.9,20201200,1895.5,20201000
2020-07-24 14:30:00,1928.5,20201200,1928.5,20201200,1912.1,20201000
2020-07-24 15:00:00,1929.4,20201200,1929.4,20201200,1913.6,20201000
2020-07-24 16:00:00,1925.5,20201200,1925.5,20201200,1909.5,20201000
2020-07-24 17:00:00,1924.9,20201200,1924.9,20201200,1909.4,20201000
2020-07-24 18:00:00,1925.2,20201200,1925.2,20201200,1910.3,20201000
2020-07-24 19:00:00,1927.1,20201200,1927.1,20201200,1912.1,20201000
2020-07-24 20:00:00,1925.8,20201200,1925.8,20201200,1910.2,20201000
2020-07-24 21:00:00,1928.0,20201200,1928.0,20201200,1912.7,20201000
2020-07-27 14:30:00,1964.0,20201200,1964.0,20201200,1947.8,20201000
2020-07-27 15:00:00,1966.2,20201200,1966.2,20201200,1950.9,20201000
2020-07-27 16:00:00,1959.1,20201200,1959.1,20201200,1944.1,20201000
2020-07-27 17:00:00,1952.8,20201200,1952.8,20201200,1939.8,20201000
2020-07-27 18:00:00,1960.7,20201200,1960.7,20201200,1946.8,20201000
2020-07-27 19:00:00,1955.3,20201200,1955.3,20201200,1941.2,20201000
2020-07-27 20:00:00,1957.0,20201200,1957.0,20201200,1943.0,20201000
2020-07-27 21:00:00,1963.5,20201200,1963.5,20201200,1949.7,20201000
2020-07-28 14:30:00,1954.1,20201200,1954.1,20201200,1940.3,20201000
2020-07-28 15:00:00,1974.1,20201200,1974.1,20201200,1960.2,20201000
2020-07-28 16:00:00,1971.5,20201200,1971.5,20201200,1958.0,20201000
2020-07-28 17:00:00,1962.7,20201200,1962.7,20201200,1950.9,20201000
2020-07-28 18:00:00,1969.9,20201200,1969.9,20201200,1958.7,20201000
2020-07-28 19:00:00,1969.7,20201200,1969.7,20201200,1959.6,20201000
2020-07-28 20:00:00,1970.7,20201200,1970.7,20201200,1959.9,20201000
2020-07-28 21:00:00,1971.5,20201200,1971.5,20201200,1960.8,20201000
2020-07-29 14:30:00,1968.3,20201200,1968.3,20201200,1958.2,20201000
2020-07-29 15:00:00,1971.3,20201200,1971.3,20201200,1961.2,20201000
2020-07-29 16:00:00,1973.8,20201200,1973.8,20201200,1963.9,20201000
2020-07-29 17:00:00,1975.1,20201200,1975.1,20201200,1964.9,20201000
2020-07-29 18:00:00,1975.7,20201200,1975.7,20201200,1964.7,20201000
2020-07-29 19:00:00,1983.0,20201200,1983.0,20201200,1970.7,20201000
2020-07-29 20:00:00,1985.3,20201200,1985.3,20201200,1973.8,20201000
2020-07-29 21:00:00,1986.5,20201200,1986.5,20201200,1975.5,20201000
2020-07-30 14:30:00,1970.0,20201200,1970.0,20201200,1958.9,20201000
2020-07-30 15:00:00,1971.7,20201200,1971.7,20201200,1960.0,20201000
2020-07-30 16:00:00,1963.4,20201200,1963.4,20201200,1953.5,20201000
2020-07-30 17:00:00,1964.7,20201200,1964.7,20201200,1954.6,20201000
2020-07-30 18:00:00,1969.4,20201200,1969.4,20201200,1957.8,20201000
2020-07-30 19:00:00,1969.7,20201200,1969.7,20201200,1958.0,20201000
2020-07-30 20:00:00,1971.2,20201200,1971.2,20201200,1959.6,20201000
2020-07-30 21:00:00,1973.1,20201200,1973.1,20201200,1961.1,20201000
2020-07-31 14:30:00,1983.6,20201200,1983.6,20201200,1971.6,20201000
2020-07-31 15:00:00,1990.1,20201200,1990.1,20201200,1978.6,20201000
2020-07-31 16:00:00,1990.8,20201200,1990.8,20201200,1978.5,20201000
2020-07-31 17:00:00,1990.2,20201200,1990.2,20201200,1978.7,20201000
2020-07-31 18:00:00,1988.0,20201200,1988.0,20201200,1976.1,20201000
2020-07-31 19:00:00,1989.5,20201200,1989.5,20201200,1976.7,20201000
2020-07-31 20:00:00,1989.9,20201200,1989.9,20201200,1977.7,20201000
2020-07-31 21:00:00,1994.0,20201200,1994.0,20201200,1980.5,20201000
2020-08-03 14:30:00,1979.0,20201200,1979.0,20201200,1966.7,20201000
2020-08-03 15:00:00,1989.9,20201200,1989.9,20201200,1978.1,20201000
2020-08-03 16:00:00,1984.3,20201200,1984.3,20201200,1972.5,20201000
2020-08-03 17:00:00,1985.9,20201200,1985.9,20201200,1974.2,20201000
2020-08-03 18:00:00,1988.9,20201200,1988.9,20201200,1977.1,20201000
2020-08-03 19:00:00,1990.0,20201200,1990.0,20201200,1979.0,20201000
2020-08-03 20:00:00,1992.1,20201200,1992.1,20201200,1980.0,20201000
2020-08-03 21:00:00,1993.0,20201200,1993.0,20201200,1982.0,20201000
2020-08-04 14:30:00,1993.9,20201200,1993.9,20201200,1982.1,20201000
2020-08-04 15:00:00,2010.3,20201200,2010.3,20201200,1998.2,20201000
2020-08-04 16:00:00,2013.8,20201200,2013.8,20201200,2001.3,20201000
2020-08-04 17:00:00,2017.9,20201200,2017.9,20201200,2005.1,20201000
2020-08-04 18:00:00,2023.6,20201200,2023.6,20201200,2011.0,20201000
2020-08-04 19:00:00,2021.2,20201200,2021.2,20201200,2007.9,20201000
2020-08-04 20:00:00,2026.5,20201200,2026.5,20201200,2013.2,20201000
2020-08-04 21:00:00,2037.1,20201200,2037.1,20201200,2024.7,20201000
2020-08-05 14:30:00,2060.7,20201200,2060.7,20201200,2048.6,20201000
2020-08-05 15:00:00,2056.6,20201200,2056.6,20201200,2044.4,20201000
2020-08-05 16:00:00,2057.2,20201200,2057.2,20201200,2045.2,20201000
2020-08-05 17:00:00,2045.4,20201200,2045.4,20201200,2033.1,20201000
2020-08-05 18:00:00,2050.5,20201200,2050.5,20201200,2038.1,20201000
2020-08-05 19:00:00,2052.7,20201200,2052.7,20201200,2040.5,20201000
2020-08-05 20:00:00,2055.8,20201200,2055.8,20201200,2043.1,20201000
2020-08-05 21:00:00,2053.0,20201200,2053.0,20201200,2040.2,20201000
2020-08-06 14:30:00,2078.2,20201200,2078.2,20201200,2066.6,20201000
2020-08-06 15:00:00,2072.4,20201200,2072.4,20201200,2061.0,20201000
2020-08-06 16:00:00,2070.1,20201200,2070.1,20201200,2058.9,20201000
2020-08-06 17:00:00,2073.5,20201200,2073.5,20201200,2062.4,20201000
2020-08-06 18:00:00,2068.5,20201200,2068.5,20201200,2057.4,20201000
2020-08-06 19:00:00,2072.2,20201200,2072.2,20201200,2060.7,20201000
2020-08-06 20:00:00,2072.9,20201200,2072.9,20201200,2062.4,20201000
2020-08-06 21:00:00,2075.2,20201200,2075.2,20201200,2064.0,20201000
2020-08-07 14:30:00,2055.9,20201200,2055.9,20201200,2043.7,20201000
2020-08-07 15:00:00,2048.1,20201200,2048.1,20201200,2036.9,20201000
2020-08-07 16:00:00,2037.5,20201200,2037.5,20201200,2027.3,20201000
2020-08-07 17:00:00,2033.9,20201200,2033.9,20201200,2024.1,20201000
2020-08-07 18:00:00,2033.0,20201200,2033.0,20201200,2023.2,20201000
2020-08-07 19:00:00,2041.1,20201200,2041.1,20201200,2031.1,20201000
2020-08-07 20:00:00,2042.5,20201200,2042.5,20201200,2033.9,20201000
2020-08-07 21:00:00,2046.1,20201200,2046.1,20201200,2036.0,20201000
2020-08-10 14:30:00,2058.3,20201200,2058.3,20201200,2048.6,20201000
2020-08-10 15:00:00,2046.6,20201200,2046.6,20201200,2037.0,20201000
2020-08-10 16:00:00,2045.0,20201200,2045.0,20201200,2035.1,20201000
2020-08-10 17:00:00,2040.8,20201200,2040.8,20201200,2031.8,20201000
2020-08-10 18:00:00,2041.1,20201200,2041.1,20201200,2032.0,20201000
2020-08-10 19:00:00,2033.6,20201200,2033.6,20201200,2024.3,20201000
2020-08-10 20:00:00,2035.4,20201200,2035.4,20201200,2027.1,20201000
2020-08-10 21:00:00,2037.4,20201200,2037.4,20201200,2028.3,20201000
2020-08-11 14:30:00,1952.3,20201200,1952.3,20201200,1944.5,20201000
2020-08-11 15:00:00,1958.9,20201200,1958.9,20201200,1951.6,20201000
2020-08-11 16:00:00,1952.8,20201200,1952.8,20201200,1946.0,20201000
2020-08-11 17:00:00,1951.5,20201200,1951.5,20201200,1944.3,20201000
2020-08-11 18:00:00,1935.5,20201200,1935.5,20201200,1927.0,20201000
2020-08-11 19:00:00,1933.2,20201200,1933.2,20201200,1925.4,20201000
2020-08-11 20:00:00,1927.5,20201200,1927.5,20201200,1918.6,20201000
2020-08-11 21:00:00,1921.8,20201200,1921.8,20201200,1913.6,20201000
2020-08-12 14:30:00,1947.9,20201200,1947.9,20201200,1938.5,20201000
2020-08-12 15:00:00,1959.1,20201200,1959.1,20201200,1950.4,20201000
2020-08-12 16:00:00,1952.4,20201200,1952.4,20201200,1943.6,20201000
2020-08-12 17:00:00,1957.9,20201200,1957.9,20201200,1948.8,20201000
2020-08-12 18:00:00,1948.6,20201200,1948.6,20201200,1940.7,20201000
2020-08-12 19:00:00,1939.3,20201200,1939.3,20201200,1930.4,20201000
2020-08-12 20:00:00,1921.5,20201200,1921.5,20201200,1912.9,20201000
2020-08-12 21:00:00,1926.2,20201200,1926.2,20201200,1918.3,20201000
2020-08-13 14:30:00,1950.8,20201200,1950.8,20201200,1942.8,20201000
2020-08-13 15:00:00,1958.1,20201200,1958.1,20201200,1950.0,20201000
2020-08-13 16:00:00,1955.1,20201200,1955.1,20201200,1947.0,20201000
2020-08-13 17:00:00,1964.6,20201200,1964.6,20201200,1955.8,20201000
2020-08-13 18:00:00,1966.5,20201200,1966.5,20201200,1958.4,20201000
2020-08-13 19:00:00,1959.2,20201200,1959.2,20201200,1951.2,20201000
2020-08-13 20:00:00,1962.1,20201200,1962.1,20201200,1954.0,20201000
2020-08-13 21:00:00,1963.4,20201200,1963.4,20201200,1954.9,20201000
2020-08-14 14:30:00,1956.3,20201200,1956.3,20201200,1949.0,20201000
2020-08-14 15:00:00,1955.3,20201200,1955.3,20201200,1947.6,20201000
2020-08-14 16:00:00,1951.1,20201200,1951.1,20201200,1943.5,20201000
2020-08-14 17:00:00,1941.7,20201200,1941.7,20201200,1934.3,20201000
2020-08-14 18:00:00,1950.6,20201200,1950.6,20201200,1942.6,20201000
2020-08-14 19:00:00,1951.3,20201200,1951.3,20201200,1943.3,20201000
2020-08-14 20:00:00,1951.8,20201200,1951.8,20201200,1944.0,20201000
2020-08-14 21:00:00,1953.7,20201200,1953.7,20201200,1945.3,20201000
2020-08-17 14:30:00,1983.1,20201200,1983.1,20201200,1974.6,20201000
2020-08-17 15:00:00,1991.2,20201200,1991.2,20201200,1982.2,20201000
2020-08-17 16:00:00,1995.5,20201200,1995.5,20201200,1986.4,20201000
2020-08-17 17:00:00,1997.2,20201200,1997.2,20201200,1988.2,20201000
2020-08-17 18:00:00,1992.4,20201200,1992.4,20201200,1984.0,20201000
2020-08-17 19:00:00,1989.5,20201200,1989.5,20201200,1980.9,20201000
2020-08-17 20:00:00,1993.0,20201200,1993.0,20201200,1984.2,20201000
2020-08-17 21:00:00,1993.7,20201200,1993.7,20201200,1984.8,20201000
2020-08-18 14:30:00,2013.2,20201200,2013.2,20201200,2005.2,20201000
2020-08-18 15:00:00,2001.9,20201200,2001.9,20201200,1994.1,20201000
2020-08-18 16:00:00,2010.8,20201200,2010.8,20201200,2003.2,20201000
2020-08-18 17:00:00,2016.1,20201200,2016.1,20201200,2007.7,20201000
2020-08-18 18:00:00,2015.2,20201200,2015.2,20201200,2006.9,20201000
2020-08-18 19:00:00,2013.0,20201200,2013.0,20201200,2004.7,20201000
2020-08-18 20:00:00,2012.5,20201200,2012.5,20201200,2003.6,20201000
2020-08-18 21:00:00,2010.3,20201200,2010.3,20201200,2001.9,20201000
2020-08-19 14:30:00,1992.1,20201200,1992.1,20201200,1984.0,20201000
2020-08-19 15:00:00,1971.5,20201200,1971.5,20201200,1964.0,20201000
2020-08-19 16:00:00,1970.5,20201200,1970.5,20201200,1963.6,20201000
2020-08-19 17:00:00,1971.3,20201200,1971.3,20201200,1964.5,20201000
2020-08-19 18:00:00,1973.3,20201200,1973.3,20201200,1965.9,20201000
2020-08-19 19:00:00,1952.7,20201200,1952.7,20201200,1944.8,20201000
2020-08-19 20:00:00,1946.2,20201200,1946.2,20201200,1940.0,20201000
2020-08-19 21:00:00,1934.2,20201200,1934.2,20201200,1927.3,20201000
2020-08-20 14:30:00,1938.2,20201200,1938.2,20201200,1931.0,20201000
2020-08-20 15:00:00,1951.8,20201200,1951.8,20201200,1943.7,20201000
2020-08-20 16:00:00,1953.9,20201200,1953.9,20201200,1945.3,20201000
2020-08-20 17:00:00,1951.4,20201200,1951.4,20201200,1942.7,20201000
2020-08-20 18:00:00,1947.5,20201200,1947.5,20201200,1938.9,20201000
2020-08-20 19:00:00,1957.4,20201200,1957.4,20201200,1948.8,20201000
2020-08-20 20:00:00,1960.3,20201200,1960.3,20201200,1951.7,20201000
2020-08-20 21:00:00,1955.6,20201200,1955.6,20201200,1946.5,20201000
2020-08-20 23:00:00,1946.5,20201200,1946.5,20201200,1938.3,20201000
2020-08-21 14:30:00,1935.8,20201200,1935.8,20201200,1927.5,20201000
2020-08-21 15:00:00,1952.3,20201200,1952.3,20201200,1943.6,20201000
2020-08-21 16:00:00,1946.6,20201200,1946.6,20201200,1938.1,20201000
2020-08-21 17:00:00,1944.4,20201200,1944.4,20201200,1935.4,20201000
2020-08-21 18:00:00,1945.5,20201200,1945.5,20201200,1937.0,20201000
2020-08-21 19:00:00,1947.7,20201200,1947.7,20201200,1939.2,20201000
2020-08-21 20:00:00,1946.4,20201200,1946.4,20201200,1938.1,20201000
2020-08-21 21:00:00,1947.4,20201200,1947.4,20201200,1938.9,20201000
2020-08-24 14:30:00,1945.9,20201200,1945.9,20201200,1938.3,20201000
2020-08-24 15:00:00,1937.3,20201200,1937.3,20201200,1929.9,20201000
2020-08-24 16:00:00,1937.7,20201200,1937.7,20201200,1930.2,20201000
2020-08-24 17:00:00,1938.3,20201200,1938.3,20201200,1930.3,20201000
2020-08-24 18:00:00,1935.8,20201200,1935.8,20201200,1928.1,20201000
2020-08-24 19:00:00,1934.6,20201200,1934.6,20201200,1926.9,20201000
2020-08-24 20:00:00,1934.9,20201200,1934.9,20201200,1926.0,20201000
2020-08-24 21:00:00,1936.1,20201200,1936.1,20201200,1927.8,20201000
2020-08-25 14:30:00,1929.1,20201200,1929.1,20201200,1922.0,20201000
2020-08-25 15:00:00,1923.6,20201200,1923.6,20201200,1915.6,20201000
2020-08-25 16:00:00,1925.7,20201200,1925.7,20201200,1918.5,20201000
2020-08-25 17:00:00,1922.1,20201200,1922.1,20201200,1914.5,20201000
2020-08-25 18:00:00,1926.9,20201200,1926.9,20201200,1919.4,20201000
2020-08-25 19:00:00,1935.0,20201200,1935.0,20201200,1927.2,20201000
2020-08-25 20:00:00,1934.1,20201200,1934.1,20201200,1926.7,20201000
2020-08-25 21:00:00,1934.9,20201200,1934.9,20201200,1925.6,20201000
2020-08-26 14:30:00,1943.1,20201200,1943.1,20201200,1934.9,20201000
2020-08-26 15:00:00,1946.6,20201200,1946.6,20201200,1938.2,20201000
2020-08-26 16:00:00,1947.8,20201200,1947.8,20201200,1939.4,20201000
2020-08-26 17:00:00,1951.6,20201200,1951.6,20201200,1944.2,20201000
2020-08-26 18:00:00,1954.5,20201200,1954.5,20201200,1946.1,20201000
2020-08-26 19:00:00,1953.9,20201200,1953.9,20201200,1945.8,20201000
2020-08-26 20:00:00,1957.9,20201200,1957.9,20201200,1949.7,20201000
2020-08-26 21:00:00,1962.5,20201200,1962.5,20201200,1954.0,20201000
2020-08-27 14:30:00,1947.7,20201200,1947.7,20201200,1939.5,20201000
2020-08-27 15:00:00,1925.0,20201200,1925.0,20201200,1917.5,20201000
2020-08-27 16:00:00,1935.4,20201200,1935.4,20201200,1927.4,20201000
2020-08-27 17:00:00,1926.4,20201200,1926.4,20201200,1919.0,20201000
2020-08-27 18:00:00,1937.3,20201200,1937.3,20201200,1929.4,20201000
2020-08-27 19:00:00,1936.6,20201200,1936.6,20201200,1929.7,20201000
2020-08-27 20:00:00,1936.9,20201200,1936.9,20201200,1930.6,20201000
2020-08-27 21:00:00,1936.2,20201200,1936.2,20201200,1928.9,20201000
2020-08-27 23:00:00,1932.6,20201200,1932.6,20201200,1925.0,20201000
2020-08-28 14:30:00,1967.7,20201200,1967.7,20201200,1959.5,20201000
2020-08-28 15:00:00,1970.0,20201200,1970.0,20201200,1962.3,20201000
2020-08-28 16:00:00,1977.3,20201200,1977.3,20201200,1969.3,20201000
2020-08-28 17:00:00,1978.2,20201200,1978.2,20201200,1970.5,20201000
2020-08-28 18:00:00,1971.2,20201200,1971.2,20201200,1963.3,20201000
2020-08-28 19:00:00,1974.9,20201200,1974.9,20201200,1967.3,20201000
2020-08-28 20:00:00,1973.2,20201200,1973.2,20201200,1965.7,20201000
2020-08-28 21:00:00,1972.6,20201200,1972.6,20201200,1965.7,20201000
2020-08-31 14:30:00,1976.0,20201200,1976.0,20201200,1967.8,20201000
2020-08-31 15:00:00,1969.6,20201200,1969.6,20201200,1961.6,20201000
2020-08-31 16:00:00,1976.8,20201200,1976.8,20201200,1969.1,20201000
2020-08-31 17:00:00,1978.7,20201200,1978.7,20201200,1970.4,20201000
2020-08-31 18:00:00,1979.2,20201200,1979.2,20201200,1971.2,20201000
2020-08-31 19:00:00,1977.9,20201200,1977.9,20201200,1970.7,20201000
2020-08-31 20:00:00,1975.7,20201200,1975.7,20201200,1967.3,20201000
2020-08-31 21:00:00,1973.9,20201200,1973.9,20201200,1966.3,20201000
2020-09-01 14:30:00,1989.9,20201200,1989.9,20201200,1980.9,20201000
2020-09-01 15:00:00,1984.2,20201200,1984.2,20201200,1976.4,20201000
2020-09-01 16:00:00,1980.4,20201200,1980.4,20201200,1972.4,20201000
2020-09-01 17:00:00,1982.1,20201200,1982.1,20201200,1973.6,20201000
2020-09-01 18:00:00,1977.7,20201200,1977.7,20201200,1969.7,20201000
2020-09-01 19:00:00,1972.2,20201200,1972.2,20201200,1964.8,20201000
2020-09-01 20:00:00,1975.6,20201200,1975.6,20201200,1967.6,20201000
2020-09-01 21:00:00,1976.6,20201200,1976.6,20201200,1969.2,20201000
2020-09-02 14:30:00,1955.3,20201200,1955.3,20201200,1948.0,20201000
2020-09-02 15:00:00,1949.1,20201200,1949.1,20201200,1941.4,20201000
2020-09-02 16:00:00,1951.0,20201200,1951.0,20201200,1942.0,20201000
2020-09-02 17:00:00,1942.9,20201200,1942.9,20201200,1935.4,20201000
2020-09-02 18:00:00,1944.8,20201200,1944.8,20201200,1936.9,20201000
2020-09-02 19:00:00,1947.6,20201200,1947.6,20201200,1940.5,20201000
2020-09-02 20:00:00,1947.1,20201200,1947.1,20201200,1940.7,20201000
2020-09-02 21:00:00,1949.0,20201200,1949.0,20201200,1941.2,20201000
2020-09-03 14:30:00,1950.2,20201200,1950.2,20201200,1942.3,20201000
2020-09-03 15:00:00,1948.9,20201200,1948.9,20201200,1941.3,20201000
2020-09-03 16:00:00,1932.2,20201200,1932.2,20201200,1925.1,20201000
2020-09-03 17:00:00,1933.4,20201200,1933.4,20201200,1926.3,20201000
2020-09-03 18:00:00,1937.0,20201200,1937.0,20201200,1929.8,20201000
2020-09-03 19:00:00,1938.9,20201200,1938.9,20201200,1931.9,20201000
2020-09-03 20:00:00,1936.5,20201200,1936.5,20201200,1929.1,20201000
2020-09-03 21:00:00,1937.4,20201200,1937.4,20201200,1929.8,20201000
2020-09-04 14:30:00,1932.2,20201200,1932.2,20201200,1924.1,20201000
2020-09-04 15:00:00,1930.7,20201200,1930.7,20201200,1922.7,20201000
2020-09-04 16:00:00,1926.8,20201200,1926.8,20201200,1919.1,20201000
2020-09-04 17:00:00,1933.7,20201200,1933.7,20201200,1925.5,20201000
2020-09-04 18:00:00,1937.0,20201200,1937.0,20201200,1929.0,20201000
2020-09-04 19:00:00,1943.4,20201200,1943.4,20201200,1934.9,20201000
2020-09-04 20:00:00,1941.9,20201200,1941.9,20201200,1934.8,20201000
2020-09-04 21:00:00,1940.9,20201200,1940.9,20201200,1933.3,20201000
2020-09-04 23:00:00,1934.3,20201200,1934.3,20201200,1926.2,20201000
2020-09-08 14:30:00,1919.6,20201200,1919.6,20201200,1911.9,20201000
2020-09-08 15:00:00,1928.2,20201200,1928.2,20201200,1918.9,20201000
2020-09-08 16:00:00,1935.0,20201200,1935.0,20201200,1927.0,20201000
2020-09-08 17:00:00,1946.0,20201200,1946.0,20201200,1938.2,20201000
2020-09-08 18:00:00,1947.6,20201200,1947.6,20201200,1939.3,20201000
2020-09-08 19:00:00,1938.6,20201200,1938.6,20201200,1930.6,20201000
2020-09-08 20:00:00,1940.6,20201200,1940.6,20201200,1931.9,20201000
2020-09-08 21:00:00,1938.6,20201200,1938.6,20201200,1930.4,20201000
2020-09-09 14:30:00,1956.0,20201200,1956.0,20201200,1948.5,20201000
2020-09-09 15:00:00,1953.9,20201200,1953.9,20201200,1946.0,20201000
2020-09-09 16:00:00,1951.0,20201200,1951.0,20201200,1943.2,20201000
2020-09-09 17:00:00,1956.2,20201200,1956.2,20201200,1948.5,20201000
2020-09-09 18:00:00,1953.9,20201200,1953.9,20201200,1946.6,20201000
2020-09-09 19:00:00,1958.2,20201200,1958.2,20201200,1950.1,20201000
2020-09-09 20:00:00,1958.0,20201200,1958.0,20201200,1950.0,20201000
2020-09-09 21:00:00,1954.9,20201200,1954.9,20201200,1946.9,20201000
2020-09-10 14:30:00,1971.4,20201200,1971.4,20201200,1963.5,20201000
2020-09-10 15:00:00,1963.5,20201200,1963.5,20201200,1955.5,20201000
2020-09-10 16:00:00,1967.2,20201200,1967.2,20201200,1959.1,20201000
2020-09-10 17:00:00,1962.6,20201200,1962.6,20201200,1954.0,20201000
2020-09-10 18:00:00,1964.9,20201200,1964.9,20201200,1956.7,20201000
2020-09-10 19:00:00,1958.5,20201200,1958.5,20201200,1949.5,20201000
2020-09-10 20:00:00,1951.1,20201200,1951.1,20201200,1942.6,20201000
2020-09-10 21:00:00,1954.9,20201200,1954.9,20201200,1946.2,20201000
2020-09-10 23:00:00,1964.3,20201200,1964.3,20201200,1956.0,20201000
2020-09-11 14:30:00,1959.8,20201200,1959.8,20201200,1951.6,20201000
2020-09-11 15:00:00,1957.8,20201200,1957.8,20201200,1949.4,20201000
2020-09-11 16:00:00,1958.4,20201200,1958.4,20201200,1949.7,20201000
2020-09-11 17:00:00,1950.5,20201200,1950.5,20201200,1943.2,20201000
2020-09-11 18:00:00,1947.2,20201200,1947.2,20201200,1938.8,20201000
2020-09-11 19:00:00,1949.3,20201200,1949.3,20201200,1940.5,20201000
2020-09-11 20:00:00,1949.7,20201200,1949.7,20201200,1942.2,20201000
2020-09-11 21:00:00,1948.1,20201200,1948.1,20201200,1939.5,20201000
2020-09-14 14:30:00,1967.8,20201200,1967.8,20201200,1959.1,20201000
2020-09-14 15:00:00,1968.3,20201200,1968.3,20201200,1959.3,20201000
2020-09-14 16:00:00,1968.4,20201200,1968.4,20201200,1959.7,20201000
2020-09-14 17:00:00,1966.2,20201200,1966.2,20201200,1956.1,20201000
2020-09-14 18:00:00,1964.4,20201200,1964.4,20201200,1955.6,20201000
2020-09-14 19:00:00,1966.1,20201200,1966.1,20201200,1957.0,20201000
2020-09-14 20:00:00,1966.8,20201200,1966.8,20201200,1958.1,20201000
2020-09-14 21:00:00,1965.1,20201200,1965.1,20201200,1956.2,20201000
2020-09-15 14:30:00,1971.7,20210200,1971.7,20210200,1964.2,20201200
2020-09-15 15:00:00,1967.2,20210200,1967.2,20210200,1960.9,20201200
2020-09-15 16:00:00,1967.2,20210200,1967.2,20210200,1959.7,20201200
2020-09-15 17:00:00,1974.1,20210200,1974.1,20210200,1966.6,20201200
2020-09-15 18:00:00,1971.9,20210200,1971.9,20210200,1963.1,20201200
2020-09-15 19:00:00,1972.0,20210200,1972.0,20210200,1964.7,20201200
2020-09-15 20:00:00,1968.5,20210200,1968.5,20210200,1960.3,20201200
2020-09-15 21:00:00,1970.1,20210200,1970.1,20210200,1961.9,20201200
2020-09-16 14:30:00,1980.4,20210200,1980.4,20210200,1972.5,20201200
2020-09-16 15:00:00,1980.5,20210200,1980.5,20210200,1973.3,20201200
2020-09-16 16:00:00,1982.4,20210200,1982.4,20210200,1976.1,20201200
2020-09-16 17:00:00,1980.4,20210200,1980.4,20210200,1973.6,20201200
2020-09-16 18:00:00,1977.7,20210200,1977.7,20210200,1971.1,20201200
2020-09-16 19:00:00,1973.6,20210200,1973.6,20210200,1966.3,20201200
2020-09-16 20:00:00,1969.2,20210200,1969.2,20210200,1961.9,20201200
2020-09-16 21:00:00,1975.0,20210200,1975.0,20210200,1967.1,20201200
2020-09-17 14:30:00,1954.6,20210200,1954.6,20210200,1947.0,20201200
2020-09-17 15:00:00,1960.3,20210200,1960.3,20210200,1951.6,20201200
2020-09-17 16:00:00,1958.2,20210200,1958.2,20210200,1950.0,20201200
2020-09-17 17:00:00,1958.1,20210200,1958.1,20210200,1951.0,20201200
2020-09-17 18:00:00,1958.4,20210200,1958.4,20210200,1950.7,20201200
2020-09-17 19:00:00,1959.0,20210200,1959.0,20210200,1951.9,20201200
2020-09-17 20:00:00,1960.4,20210200,1960.4,20210200,1953.4,20201200
2020-09-17 21:00:00,1959.4,20210200,1959.4,20210200,1951.5,20201200
2020-09-18 14:30:00,1960.6,20210200,1960.6,20210200,1953.7,20201200
2020-09-18 15:00:00,1967.9,20210200,1967.9,20210200,1961.9,20201200
2020-09-18 16:00:00,1967.8,20210200,1967.8,20210200,1960.0,20201200
2020-09-18 17:00:00,1974.1,20210200,1974.1,20210200,1966.5,20201200
2020-09-18 18:00:00,1969.0,20210200,1969.0,20210200,1962.0,20201200
2020-09-18 19:00:00,1966.9,20210200,1966.9,20210200,1959.2,20201200
2020-09-18 20:00:00,1966.4,20210200,1966.4,20210200,1958.2,20201200
2020-09-18 21:00:00,1964.4,20210200,1964.4,20210200,1957.1,20201200
2020-09-21 14:30:00,1924.4,20210200,1924.4,20210200,1916.6,20201200
2020-09-21 15:00:00,1908.1,20210200,1908.1,20210200,1900.8,20201200
2020-09-21 16:00:00,1911.0,20210200,1911.0,20210200,1904.0,20201200
2020-09-21 17:00:00,1915.0,20210200,1915.0,20210200,1907.6,20201200
2020-09-21 18:00:00,1921.0,20210200,1921.0,20210200,1914.1,20201200
2020-09-21 19:00:00,1920.8,20210200,1920.8,20210200,1912.7,20201200
2020-09-21 20:00:00,1922.0,20210200,1922.0,20210200,1916.1,20201200
2020-09-21 21:00:00,1924.7,20210200,1924.7,20210200,1917.5,20201200
2020-09-22 14:30:00,1918.4,20210200,1918.4,20210200,1911.2,20201200
2020-09-22 15:00:00,1912.6,20210200,1912.6,20210200,1905.3,20201200
2020-09-22 16:00:00,1911.4,20210200,1911.4,20210200,1904.3,20201200
2020-09-22 17:00:00,1911.6,20210200,1911.6,20210200,1903.7,20201200
2020-09-22 18:00:00,1917.1,20210200,1917.1,20210200,1909.4,20201200
2020-09-22 19:00:00,1917.8,20210200,1917.8,20210200,1909.2,20201200
2020-09-22 20:00:00,1913.8,20210200,1913.8,20210200,1906.5,20201200
2020-09-22 21:00:00,1912.2,20210200,1912.2,20210200,1904.3,20201200
2020-09-23 14:30:00,1890.1,20210200,1890.1,20210200,1881.2,20201200
2020-09-23 15:00:00,1875.1,20210200,1875.1,20210200,1868.5,20201200
2020-09-23 16:00:00,1874.8,20210200,1874.8,20210200,1867.7,20201200
2020-09-23 17:00:00,1877.2,20210200,1877.2,20210200,1869.8,20201200
2020-09-23 18:00:00,1874.1,20210200,1874.1,20210200,1865.8,20201200
2020-09-23 19:00:00,1874.3,20210200,1874.3,20210200,1866.2,20201200
2020-09-23 20:00:00,1868.8,20210200,1868.8,20210200,1861.4,20201200
2020-09-23 21:00:00,1874.3,20210200,1874.3,20210200,1866.6,20201200
2020-09-24 14:30:00,1870.6,20210200,1870.6,20210200,1864.7,20201200
2020-09-24 15:00:00,1869.1,20210200,1869.1,20210200,1863.9,20201200
2020-09-24 16:00:00,1882.0,20210200,1882.0,20210200,1875.4,20201200
2020-09-24 17:00:00,1879.5,20210200,1879.5,20210200,1874.1,20201200
2020-09-24 18:00:00,1884.3,20210200,1884.3,20210200,1876.9,20201200
2020-09-24 19:00:00,1872.8,20210200,1872.8,20210200,1865.4,20201200
2020-09-24 20:00:00,1873.0,20210200,1873.0,20210200,1865.6,20201200
2020-09-24 21:00:00,1880.2,20210200,1880.2,20210200,1871.9,20201200
2020-09-25 14:30:00,1870.6,20210200,1870.6,20210200,1866.2,20201200
2020-09-25 15:00:00,1873.1,20210200,1873.1,20210200,1865.8,20201200
2020-09-25 16:00:00,1870.2,20210200,1870.2,20210200,1862.9,20201200
2020-09-25 17:00:00,1872.8,20210200,1872.8,20210200,1865.3,20201200
2020-09-25 18:00:00,1875.5,20210200,1875.5,20210200,1867.9,20201200
2020-09-25 19:00:00,1874.7,20210200,1874.7,20210200,1868.2,20201200
2020-09-25 20:00:00,1876.2,20210200,1876.2,20210200,1868.0,20201200
2020-09-25 21:00:00,1870.3,20210200,1870.3,20210200,1864.3,20201200
2020-09-28 14:30:00,1877.4,20210200,1877.4,20210200,1871.6,20201200
2020-09-28 15:00:00,1877.2,20210200,1877.2,20210200,1870.0,20201200
2020-09-28 16:00:00,1884.6,20210200,1884.6,20210200,1877.3,20201200
2020-09-28 17:00:00,1888.2,20210200,1888.2,20210200,1879.3,20201200
2020-09-28 18:00:00,1890.5,20210200,1890.5,20210200,1883.4,20201200
2020-09-28 19:00:00,1894.1,20210200,1894.1,20210200,1887.0,20201200
2020-09-28 20:00:00,1890.0,20210200,1890.0,20210200,1884.0,20201200
2020-09-28 21:00:00,1893.7,20210200,1893.7,20210200,1886.1,20201200
2020-09-29 14:30:00,1898.6,20210200,1898.6,20210200,1891.6,20201200
2020-09-29 15:00:00,1899.6,20210200,1899.6,20210200,1891.9,20201200
2020-09-29 16:00:00,1903.1,20210200,1903.1,20210200,1895.5,20201200
2020-09-29 17:00:00,1908.6,20210200,1908.6,20210200,1901.4,20201200
2020-09-29 18:00:00,1910.2,20210200,1910.2,20210200,1902.6,20201200
2020-09-29 19:00:00,1909.1,20210200,1909.1,20210200,1901.9,20201200
2020-09-29 20:00:00,1909.4,20210200,1909.4,20210200,1902.2,20201200
2020-09-29 21:00:00,1910.0,20210200,1910.0,20210200,1903.0,20201200
2020-09-30 14:30:00,1897.7,20210200,1897.7,20210200,1890.0,20201200
2020-09-30 15:00:00,1904.6,20210200,1904.6,20210200,1897.5,20201200
2020-09-30 16:00:00,1908.1,20210200,1908.1,20210200,1901.2,20201200
2020-09-30 17:00:00,1910.3,20210200,1910.3,20210200,1903.2,20201200
2020-09-30 18:00:00,1904.7,20210200,1904.7,20210200,1898.1,20201200
2020-09-30 19:00:00,1902.2,20210200,1902.2,20210200,1895.3,20201200
2020-09-30 20:00:00,1898.1,20210200,1898.1,20210200,1891.5,20201200
2020-09-30 21:00:00,1897.5,20210200,1897.5,20210200,1890.9,20201200
2020-09-30 23:00:00,1902.6,20210200,1902.6,20210200,1895.5,20201200
2020-10-01 14:30:00,1914.9,20210200,1914.9,20210200,1908.3,20201200
2020-10-01 15:00:00,1915.8,20210200,1915.8,20210200,1910.2,20201200
2020-10-01 16:00:00,1924.0,20210200,1924.0,20210200,1916.8,20201200
2020-10-01 17:00:00,1921.3,20210200,1921.3,20210200,1914.3,20201200
2020-10-01 18:00:00,1921.5,20210200,1921.5,20210200,1912.0,20201200
2020-10-01 19:00:00,1922.6,20210200,1922.6,20210200,1915.6,20201200
2020-10-01 20:00:00,1919.4,20210200,1919.4,20210200,1911.9,20201200
2020-10-01 21:00:00,1918.1,20210200,1918.1,20210200,1911.7,20201200
2020-10-02 14:30:00,1914.6,20210200,1914.6,20210200,1908.3,20201200
2020-10-02 15:00:00,1916.4,20210200,1916.4,20210200,1909.1,20201200
2020-10-02 16:00:00,1912.9,20210200,1912.9,20210200,1906.2,20201200
2020-10-02 17:00:00,1913.6,20210200,1913.6,20210200,1906.8,20201200
2020-10-02 18:00:00,1912.9,20210200,1912.9,20210200,1905.8,20201200
2020-10-02 19:00:00,1915.9,20210200,1915.9,20210200,1908.7,20201200
2020-10-02 20:00:00,1915.9,20210200,1915.9,20210200,1908.8,20201200
2020-10-02 21:00:00,1914.8,20210200,1914.8,20210200,1906.7,20201200
2020-10-02 22:00:00,1911.0,20210200,1911.0,20210200,1904.1,20201200
2020-10-05 15:30:00,1922.0,20210200,1922.0,20210200,1915.0,20201200
2020-10-05 16:00:00,1930.1,20210200,1930.1,20210200,1923.0,20201200
2020-10-05 17:00:00,1926.1,20210200,1926.1,20210200,1919.4,20201200
2020-10-05 18:00:00,1928.5,20210200,1928.5,20210200,1921.5,20201200
2020-10-05 19:00:00,1927.9,20210200,1927.9,20210200,1920.4,20201200
2020-10-05 20:00:00,1925.6,20210200,1925.6,20210200,1919.1,20201200
2020-10-05 21:00:00,1924.6,20210200,1924.6,20210200,1916.6,20201200
2020-10-05 22:00:00,1925.5,20210200,1925.5,20210200,1918.6,20201200
2020-10-06 15:30:00,1926.6,20210200,1926.6,20210200,1919.9,20201200
2020-10-06 16:00:00,1923.1,20210200,1923.1,20210200,1915.8,20201200
2020-10-06 17:00:00,1915.0,20210200,1915.0,20210200,1906.7,20201200
2020-10-06 18:00:00,1915.8,20210200,1915.8,20210200,1908.8,20201200
2020-10-06 19:00:00,1912.5,20210200,1912.5,20210200,1905.2,20201200
2020-10-06 20:00:00,1909.2,20210200,1909.2,20210200,1901.7,20201200
2020-10-06 21:00:00,1897.2,20210200,1897.2,20210200,1891.9,20201200
2020-10-06 22:00:00,1887.6,20210200,1887.6,20210200,1881.7,20201200
2020-10-07 15:30:00,1893.1,20210200,1893.1,20210200,1886.4,20201200
2020-10-07 16:00:00,1893.5,20210200,1893.5,20210200,1886.8,20201200
2020-10-07 17:00:00,1896.0,20210200,1896.0,20210200,1888.8,20201200
2020-10-07 18:00:00,1896.2,20210200,1896.2,20210200,1889.7,20201200
2020-10-07 19:00:00,1895.7,20210200,1895.7,20210200,1888.4,20201200
2020-10-07 20:00:00,1896.0,20210200,1896.0,20210200,1888.7,20201200
2020-10-07 21:00:00,1897.3,20210200,1897.3,20210200,1890.2,20201200
2020-10-07 22:00:00,1897.3,20210200,1897.3,20210200,1890.5,20201200
2020-10-08 15:30:00,1906.2,20210200,1906.2,20210200,1898.7,20201200
2020-10-08 16:00:00,1897.7,20210200,1897.7,20210200,1889.9,20201200
2020-10-08 17:00:00,1900.6,20210200,1900.6,20210200,1892.6,20201200
2020-10-08 18:00:00,1896.6,20210200,1896.6,20210200,1889.0,20201200
2020-10-08 19:00:00,1904.2,20210200,1904.2,20210200,1896.4,20201200
2020-10-08 20:00:00,1903.8,20210200,1903.8,20210200,1897.1,20201200
2020-10-08 21:00:00,1906.0,20210200,1906.0,20210200,1898.3,20201200
2020-10-08 22:00:00,1905.6,20210200,1905.6,20210200,1898.3,20201200
2020-10-09 15:30:00,1937.0,20210200,1937.0,20210200,1929.2,20201200
2020-10-09 16:00:00,1939.4,20210200,1939.4,20210200,1932.4,20201200
2020-10-09 17:00:00,1932.9,20210200,1932.9,20210200,1926.0,20201200
2020-10-09 18:00:00,1936.7,20210200,1936.7,20210200,1929.3,20201200
2020-10-09 19:00:00,1937.7,20210200,1937.7,20210200,1930.4,20201200
2020-10-09 20:00:00,1941.8,20210200,1941.8,20210200,1934.4,20201200
2020-10-09 21:00:00,1941.6,20210200,1941.6,20210200,1934.5,20201200
2020-10-09 22:00:00,1943.6,20210200,1943.6,20210200,1936.3,20201200
2020-10-12 15:30:00,1937.4,20210200,1937.4,20210200,1929.8,20201200
2020-10-12 16:00:00,1936.4,20210200,1936.4,20210200,1929.5,20201200
2020-10-12 17:00:00,1935.6,20210200,1935.6,20210200,1928.4,20201200
2020-10-12 18:00:00,1938.0,20210200,1938.0,20210200,1930.4,20201200
2020-10-12 19:00:00,1935.6,20210200,1935.6,20210200,1928.5,20201200
2020-10-12 20:00:00,1934.9,20210200,1934.9,20210200,1927.7,20201200
2020-10-12 21:00:00,1935.6,20210200,1935.6,20210200,1928.1,20201200
2020-10-12 22:00:00,1933.9,20210200,1933.9,20210200,1927.3,20201200
2020-10-13 15:30:00,1907.4,20210200,1907.4,20210200,1899.5,20201200
2020-10-13 16:00:00,1903.0,20210200,1903.0,20210200,1895.6,20201200
2020-10-13 17:00:00,1906.0,20210200,1906.0,20210200,1898.3,20201200
2020-10-13 18:00:00,1902.3,20210200,1902.3,20210200,1894.4,20201200
2020-10-13 19:00:00,1900.6,20210200,1900.6,20210200,1893.6,20201200
2020-10-13 20:00:00,1905.4,20210200,1905.4,20210200,1897.9,20201200
2020-10-13 21:00:00,1905.7,20210200,1905.7,20210200,1896.1,20201200
2020-10-13 22:00:00,1902.2,20210200,1902.2,20210200,1894.5,20201200
2020-10-14 15:30:00,1924.8,20210200,1924.8,20210200,1916.8,20201200
2020-10-14 16:00:00,1918.6,20210200,1918.6,20210200,1911.4,20201200
2020-10-14 17:00:00,1915.3,20210200,1915.3,20210200,1907.2,20201200
2020-10-14 18:00:00,1912.7,20210200,1912.7,20210200,1905.4,20201200
2020-10-14 19:00:00,1915.1,20210200,1915.1,20210200,1906.9,20201200
2020-10-14 20:00:00,1914.5,20210200,1914.5,20210200,1906.6,20201200
2020-10-14 21:00:00,1911.0,20210200,1911.0,20210200,1903.0,20201200
2020-10-14 22:00:00,1911.8,20210200,1911.8,20210200,1905.5,20201200
2020-10-15 15:30:00,1907.0,20210200,1907.0,20210200,1899.3,20201200
2020-10-15 16:00:00,1911.8,20210200,1911.8,20210200,1903.8,20201200
2020-10-15 17:00:00,1915.8,20210200,1915.8,20210200,1907.8,20201200
2020-10-15 18:00:00,1915.4,20210200,1915.4,20210200,1907.6,20201200
2020-10-15 19:00:00,1917.0,20210200,1917.0,20210200,1909.4,20201200
2020-10-15 20:00:00,1917.8,20210200,1917.8,20210200,1910.2,20201200
2020-10-15 21:00:00,1918.5,20210200,1918.5,20210200,1911.3,20201200
2020-10-15 22:00:00,1919.9,20210200,1919.9,20210200,1912.9,20201200
2020-10-16 15:30:00,1920.2,20210200,1920.2,20210200,1909.8,20201200
2020-10-16 16:00:00,1913.3,20210200,1913.3,20210200,1905.6,20201200
2020-10-16 17:00:00,1912.5,20210200,1912.5,20210200,1904.9,20201200
2020-10-16 18:00:00,1914.1,20210200,1914.1,20210200,1906.4,20201200
2020-10-16 19:00:00,1913.1,20210200,1913.1,20210200,1905.1,20201200
2020-10-16 20:00:00,1914.1,20210200,1914.1,20210200,1906.8,20201200
2020-10-16 21:00:00,1910.8,20210200,1910.8,20210200,1903.3,20201200
2020-10-16 22:00:00,1909.9,20210200,1909.9,20210200,1902.9,20201200
2020-10-19 15:30:00,1918.0,20210200,1918.0,20210200,1910.5,20201200
2020-10-19 16:00:00,1919.2,20210200,1919.2,20210200,1911.7,20201200
2020-10-19 17:00:00,1918.0,20210200,1918.0,20210200,1911.7,20201200
2020-10-19 18:00:00,1920.4,20210200,1920.4,20210200,1913.2,20201200
2020-10-19 19:00:00,1916.4,20210200,1916.4,20210200,1908.9,20201200
2020-10-19 20:00:00,1914.3,20210200,1914.3,20210200,1905.8,20201200
2020-10-19 21:00:00,1911.4,20210200,1911.4,20210200,1903.9,20201200
2020-10-19 22:00:00,1914.0,20210200,1914.0,20210200,1906.9,20201200
2020-10-20 15:30:00,1911.5,20210200,1911.5,20210200,1903.5,20201200
2020-10-20 16:00:00,1920.8,20210200,1920.8,20210200,1912.4,20201200
2020-10-20 17:00:00,1922.0,20210200,1922.0,20210200,1914.1,20201200
2020-10-20 18:00:00,1919.6,20210200,1919.6,20210200,1912.1,20201200
2020-10-20 19:00:00,1923.7,20210200,1923.7,20210200,1916.6,20201200
2020-10-20 20:00:00,1922.2,20210200,1922.2,20210200,1914.1,20201200
2020-10-20 21:00:00,1919.8,20210200,1919.8,20210200,1913.1,20201200
2020-10-20 22:00:00,1917.1,20210200,1917.1,20210200,1909.4,20201200
2020-10-21 15:30:00,1937.5,20210200,1937.5,20210200,1930.2,20201200
2020-10-21 16:00:00,1939.5,20210200,1939.5,20210200,1931.9,20201200
2020-10-21 17:00:00,1937.1,20210200,1937.1,20210200,1928.7,20201200
2020-10-21 18:00:00,1937.9,20210200,1937.9,20210200,1928.8,20201200
2020-10-21 19:00:00,1935.6,20210200,1935.6,20210200,1928.2,20201200
2020-10-21 20:00:00,1934.1,20210200,1934.1,20210200,1926.6,20201200
2020-10-21 21:00:00,1934.8,20210200,1934.8,20210200,1928.1,20201200
2020-10-21 22:00:00,1935.5,20210200,1935.5,20210200,1927.7,20201200
2020-10-22 15:30:00,1909.9,20210200,1909.9,20210200,1902.9,20201200
2020-10-22 16:00:00,1907.6,20210200,1907.6,20210200,1900.9,20201200
2020-10-22 17:00:00,1908.4,20210200,1908.4,20210200,1901.5,20201200
2020-10-22 18:00:00,1910.1,20210200,1910.1,20210200,1902.4,20201200
2020-10-22 19:00:00,1913.7,20210200,1913.7,20210200,1906.0,20201200
2020-10-22 20:00:00,1914.4,20210200,1914.4,20210200,1906.6,20201200
2020-10-22 21:00:00,1914.2,20210200,1914.2,20210200,1907.5,20201200
2020-10-22 22:00:00,1914.3,20210200,1914.3,20210200,1906.5,20201200
2020-10-23 15:30:00,1913.0,20210200,1913.0,20210200,1905.3,20201200
2020-10-23 16:00:00,1906.7,20210200,1906.7,20210200,1899.2,20201200
2020-10-23 17:00:00,1906.9,20210200,1906.9,20210200,1900.4,20201200
2020-10-23 18:00:00,1910.1,20210200,1910.1,20210200,1902.5,20201200
2020-10-23 19:00:00,1912.1,20210200,1912.1,20210200,1904.9,20201200
2020-10-23 20:00:00,1912.5,20210200,1912.5,20210200,1903.9,20201200
2020-10-23 21:00:00,1912.7,20210200,1912.7,20210200,1905.5,20201200
2020-10-23 22:00:00,1910.7,20210200,1910.7,20210200,1903.4,20201200
2020-10-26 13:30:00,1915.6,20210200,1915.6,20210200,1907.6,20201200
2020-10-26 14:00:00,1914.7,20210200,1914.7,20210200,1906.2,20201200
2020-10-26 15:00:00,1914.4,20210200,1914.4,20210200,1906.4,20201200
2020-10-26 16:00:00,1914.0,20210200,1914.0,20210200,1906.2,20201200
2020-10-26 17:00:00,1911.4,20210200,1911.4,20210200,1904.3,20201200
2020-10-26 18:00:00,1912.6,20210200,1912.6,20210200,1905.4,20201200
2020-10-26 19:00:00,1912.1,20210200,1912.1,20210200,1904.7,20201200
2020-10-26 20:00:00,1910.6,20210200,1910.6,20210200,1903.6,20201200
2020-10-27 13:30:00,1915.9,20210200,1915.9,20210200,1908.7,20201200
2020-10-27 14:00:00,1915.8,20210200,1915.8,20210200,1907.4,20201200
2020-10-27 15:00:00,1918.5,20210200,1918.5,20210200,1910.7,20201200
2020-10-27 16:00:00,1918.8,20210200,1918.8,20210200,1911.3,20201200
2020-10-27 17:00:00,1918.5,20210200,1918.5,20210200,1910.7,20201200
2020-10-27 18:00:00,1917.5,20210200,1917.5,20210200,1910.0,20201200
2020-10-27 19:00:00,1917.4,20210200,1917.4,20210200,1909.8,20201200
2020-10-27 20:00:00,1915.9,20210200,1915.9,20210200,1910.0,20201200
2020-10-28 13:30:00,1883.2,20210200,1883.2,20210200,1876.3,20201200
2020-10-28 14:00:00,1879.3,20210200,1879.3,20210200,1871.9,20201200
2020-10-28 15:00:00,1891.0,20210200,1891.0,20210200,1883.4,20201200
2020-10-28 16:00:00,1888.8,20210200,1888.8,20210200,1881.2,20201200
2020-10-28 17:00:00,1888.8,20210200,1888.8,20210200,1881.3,20201200
2020-10-28 18:00:00,1886.5,20210200,1886.5,20210200,1877.5,20201200
2020-10-28 19:00:00,1884.6,20210200,1884.6,20210200,1877.9,20201200
2020-10-28 20:00:00,1885.1,20210200,1885.1,20210200,1877.4,20201200
2020-10-29 13:30:00,1878.7,20210200,1878.7,20210200,1872.1,20201200
2020-10-29 14:00:00,1880.8,20210200,1880.8,20210200,1874.1,20201200
2020-10-29 15:00:00,1876.3,20210200,1876.3,20210200,1868.0,20201200
2020-10-29 16:00:00,1876.2,20210200,1876.2,20210200,1868.7,20201200
2020-10-29 17:00:00,1875.7,20210200,1875.7,20210200,1868.2,20201200
2020-10-29 18:00:00,1876.7,20210200,1876.7,20210200,1869.4,20201200
2020-10-29 19:00:00,1876.6,20210200,1876.6,20210200,1869.4,20201200
2020-10-29 20:00:00,1873.2,20210200,1873.2,20210200,1866.3,20201200
2020-10-30 13:30:00,1893.7,20210200,1893.7,20210200,1886.2,20201200
2020-10-30 14:00:00,1888.3,20210200,1888.3,20210200,1879.9,20201200
2020-10-30 15:00:00,1887.6,20210200,1887.6,20210200,1880.1,20201200
2020-10-30 16:00:00,1889.5,20210200,1889.5,20210200,1882.1,20201200
2020-10-30 17:00:00,1886.2,20210200,1886.2,20210200,1879.7,20201200
2020-10-30 18:00:00,1887.9,20210200,1887.9,20210200,1880.2,20201200
2020-10-30 19:00:00,1884.7,20210200,1884.7,20210200,1877.3,20201200
2020-10-30 20:00:00,1885.6,20210200,1885.6,20210200,1878.2,20201200
2020-11-02 14:30:00,1896.9,20210200,1896.9,20210200,1890.6,20201200
2020-11-02 15:00:00,1899.3,20210200,1899.3,20210200,1891.9,20201200
2020-11-02 16:00:00,1901.1,20210200,1901.1,20210200,1894.0,20201200
2020-11-02 17:00:00,1900.9,20210200,1900.9,20210200,1894.2,20201200
2020-11-02 18:00:00,1900.2,20210200,1900.2,20210200,1893.0,20201200
2020-11-02 19:00:00,1901.9,20210200,1901.9,20210200,1895.0,20201200
2020-11-02 20:00:00,1902.9,20210200,1902.9,20210200,1896.0,20201200
2020-11-02 21:00:00,1904.0,20210200,1904.0,20210200,1896.5,20201200
2020-11-02 23:00:00,1899.7,20210200,1899.7,20210200,1892.5,20201200
2020-11-03 14:30:00,1908.0,20210200,1908.0,20210200,1901.7,20201200
2020-11-03 15:00:00,1916.0,20210200,1916.0,20210200,1908.7,20201200
2020-11-03 16:00:00,1914.3,20210200,1914.3,20210200,1907.9,20201200
2020-11-03 17:00:00,1917.7,20210200,1917.7,20210200,1910.6,20201200
2020-11-03 18:00:00,1914.1,20210200,1914.1,20210200,1907.2,20201200
2020-11-03 19:00:00,1915.2,20210200,1915.2,20210200,1908.0,20201200
2020-11-03 20:00:00,1914.6,20210200,1914.6,20210200,1908.1,20201200
2020-11-03 21:00:00,1917.2,20210200,1917.2,20210200,1910.5,20201200
2020-11-04 14:30:00,1908.5,20210200,1908.5,20210200,1902.7,20201200
2020-11-04 15:00:00,1910.0,20210200,1910.0,20210200,1903.0,20201200
2020-11-04 16:00:00,1910.1,20210200,1910.1,20210200,1902.6,20201200
2020-11-04 17:00:00,1901.8,20210200,1901.8,20210200,1894.8,20201200
2020-11-04 18:00:00,1905.6,20210200,1905.6,20210200,1899.2,20201200
2020-11-04 19:00:00,1906.6,20210200,1906.6,20210200,1900.4,20201200
2020-11-04 20:00:00,1906.3,20210200,1906.3,20210200,1899.7,20201200
2020-11-04 21:00:00,1910.4,20210200,1910.4,20210200,1902.8,20201200
2020-11-05 14:30:00,1941.1,20210200,1941.1,20210200,1933.9,20201200
2020-11-05 15:00:00,1954.2,20210200,1954.2,20210200,1946.9,20201200
2020-11-05 16:00:00,1955.0,20210200,1955.0,20210200,1947.6,20201200
2020-11-05 17:00:00,1956.7,20210200,1956.7,20210200,1949.0,20201200
2020-11-05 18:00:00,1954.4,20210200,1954.4,20210200,1947.3,20201200
2020-11-05 19:00:00,1957.8,20210200,1957.8,20210200,1950.7,20201200
2020-11-05 20:00:00,1956.2,20210200,1956.2,20210200,1949.9,20201200
2020-11-05 21:00:00,1958.2,20210200,1958.2,20210200,1951.1,20201200
2020-11-06 14:30:00,1949.9,20210200,1949.9,20210200,1942.3,20201200
2020-11-06 15:00:00,1955.4,20210200,1955.4,20210200,1948.8,20201200
2020-11-06 16:00:00,1959.8,20210200,1959.8,20210200,1952.8,20201200
2020-11-06 17:00:00,1959.4,20210200,1959.4,20210200,1952.5,20201200
2020-11-06 18:00:00,1961.2,20210200,1961.2,20210200,1954.3,20201200
2020-11-06 19:00:00,1961.0,20210200,1961.0,20210200,1953.0,20201200
2020-11-06 20:00:00,1961.6,20210200,1961.6,20210200,1954.2,20201200
2020-11-06 21:00:00,1959.8,20210200,1959.8,20210200,1951.5,20201200
2020-11-09 14:30:00,1867.5,20210200,1867.5,20210200,1861.6,20201200
2020-11-09 15:00:00,1865.5,20210200,1865.5,20210200,1859.1,20201200
2020-11-09 16:00:00,1862.1,20210200,1862.1,20210200,1856.7,20201200
2020-11-09 17:00:00,1866.3,20210200,1866.3,20210200,1860.7,20201200
2020-11-09 18:00:00,1866.4,20210200,1866.4,20210200,1860.2,20201200
2020-11-09 19:00:00,1872.7,20210200,1872.7,20210200,1866.3,20201200
2020-11-09 20:00:00,1874.0,20210200,1874.0,20210200,1867.5,20201200
2020-11-09 21:00:00,1869.1,20210200,1869.1,20210200,1862.3,20201200
2020-11-10 14:30:00,1886.9,20210200,1886.9,20210200,1880.3,20201200
2020-11-10 15:00:00,1887.7,20210200,1887.7,20210200,1881.4,20201200
2020-11-10 16:00:00,1886.9,20210200,1886.9,20210200,1880.4,20201200
2020-11-10 17:00:00,1887.4,20210200,1887.4,20210200,1881.1,20201200
2020-11-10 18:00:00,1882.2,20210200,1882.2,20210200,1875.6,20201200
2020-11-10 19:00:00,1882.8,20210200,1882.8,20210200,1875.8,20201200
2020-11-10 20:00:00,1877.6,20210200,1877.6,20210200,1871.6,20201200
2020-11-10 21:00:00,1882.4,20210200,1882.4,20210200,1876.0,20201200
2020-11-11 14:30:00,1865.0,20210200,1865.0,20210200,1858.8,20201200
2020-11-11 15:00:00,1866.8,20210200,1866.8,20210200,1860.5,20201200
2020-11-11 16:00:00,1868.4,20210200,1868.4,20210200,1862.3,20201200
2020-11-11 17:00:00,1866.8,20210200,1866.8,20210200,1860.4,20201200
2020-11-11 18:00:00,1869.3,20210200,1869.3,20210200,1863.0,20201200
2020-11-11 19:00:00,1868.4,20210200,1868.4,20210200,1861.8,20201200
2020-11-11 20:00:00,1868.5,20210200,1868.5,20210200,1862.1,20201200
2020-11-11 21:00:00,1870.5,20210200,1870.5,20210200,1863.8,20201200
2020-11-12 14:30:00,1885.1,20210200,1885.1,20210200,1878.3,20201200
2020-11-12 15:00:00,1884.9,20210200,1884.9,20210200,1877.9,20201200
2020-11-12 16:00:00,1885.8,20210200,1885.8,20210200,1878.9,20201200
2020-11-12 17:00:00,1882.6,20210200,1882.6,20210200,1875.9,20201200
2020-11-12 18:00:00,1883.2,20210200,1883.2,20210200,1876.4,20201200
2020-11-12 19:00:00,1882.4,20210200,1882.4,20210200,1875.6,20201200
2020-11-12 20:00:00,1880.8,20210200,1880.8,20210200,1874.5,20201200
2020-11-12 21:00:00,1882.6,20210200,1882.6,20210200,1875.8,20201200
2020-11-13 14:30:00,1897.3,20210200,1897.3,20210200,1890.5,20201200
2020-11-13 15:00:00,1898.0,20210200,1898.0,20210200,1891.0,20201200
2020-11-13 16:00:00,1897.0,20210200,1897.0,20210200,1890.1,20201200
2020-11-13 17:00:00,1896.5,20210200,1896.5,20210200,1889.6,20201200
2020-11-13 18:00:00,1891.4,20210200,1891.4,20210200,1884.7,20201200
2020-11-13 19:00:00,1892.7,20210200,1892.7,20210200,1885.9,20201200
2020-11-13 20:00:00,1893.9,20210200,1893.9,20210200,1887.1,20201200
2020-11-13 21:00:00,1895.0,20210200,1895.0,20210200,1888.2,20201200
2020-11-16 14:30:00,1892.6,20210200,1892.6,20210200,1886.3,20201200
2020-11-16 15:00:00,1894.8,20210200,1894.8,20210200,1888.8,20201200
2020-11-16 16:00:00,1901.1,20210200,1901.1,20210200,1894.1,20201200
2020-11-16 17:00:00,1894.2,20210200,1894.2,20210200,1888.0,20201200
2020-11-16 18:00:00,1892.2,20210200,1892.2,20210200,1885.5,20201200
2020-11-16 19:00:00,1891.9,20210200,1891.9,20210200,1885.1,20201200
2020-11-16 20:00:00,1893.2,20210200,1893.2,20210200,1886.5,20201200
2020-11-16 21:00:00,1894.0,20210200,1894.0,20210200,1887.9,20201200
2020-11-17 14:30:00,1895.8,20210200,1895.8,20210200,1889.6,20201200
2020-11-17 15:00:00,1893.5,20210200,1893.5,20210200,1887.6,20201200
2020-11-17 16:00:00,1891.3,20210200,1891.3,20210200,1884.8,20201200
2020-11-17 17:00:00,1892.1,20210200,1892.1,20210200,1885.9,20201200
2020-11-17 18:00:00,1891.3,20210200,1891.3,20210200,1884.9,20201200
2020-11-17 19:00:00,1892.0,20210200,1892.0,20210200,1885.9,20201200
2020-11-17 20:00:00,1886.9,20210200,1886.9,20210200,1880.8,20201200
2020-11-17 21:00:00,1885.3,20210200,1885.3,20210200,1879.2,20201200
2020-11-18 14:30:00,1880.1,20210200,1880.1,20210200,1874.3,20201200
2020-11-18 15:00:00,1886.5,20210200,1886.5,20210200,1881.0,20201200
2020-11-18 16:00:00,1884.8,20210200,1884.8,20210200,1879.4,20201200
2020-11-18 17:00:00,1879.7,20210200,1879.7,20210200,1874.4,20201200
2020-11-18 18:00:00,1877.3,20210200,1877.3,20210200,1872.2,20201200
2020-11-18 19:00:00,1878.2,20210200,1878.2,20210200,1873.5,20201200
2020-11-18 20:00:00,1874.9,20210200,1874.9,20210200,1869.6,20201200
2020-11-18 21:00:00,1876.6,20210200,1876.6,20210200,1871.0,20201200
2020-11-19 14:30:00,1862.4,20210200,1862.4,20210200,1857.0,20201200
2020-11-19 15:00:00,1864.1,20210200,1864.1,20210200,1858.4,20201200
2020-11-19 16:00:00,1863.3,20210200,1863.3,20210200,1857.9,20201200
2020-11-19 17:00:00,1867.0,20210200,1867.0,20210200,1861.4,20201200
2020-11-19 18:00:00,1867.8,20210200,1867.8,20210200,1862.4,20201200
2020-11-19 19:00:00,1869.4,20210200,1869.4,20210200,1864.0,20201200
2020-11-19 20:00:00,1871.1,20210200,1871.1,20210200,1865.3,20201200
2020-11-19 21:00:00,1870.2,20210200,1870.2,20210200,1864.5,20201200
2020-11-20 14:30:00,1880.4,20210200,1880.4,20210200,1874.7,20201200
2020-11-20 15:00:00,1878.6,20210200,1878.6,20210200,1872.8,20201200
2020-11-20 16:00:00,1876.7,20210200,1876.7,20210200,1871.0,20201200
2020-11-20 17:00:00,1876.4,20210200,1876.4,20210200,1870.7,20201200
2020-11-20 18:00:00,1878.3,20210200,1878.3,20210200,1872.4,20201200
2020-11-20 19:00:00,1878.2,20210200,1878.2,20210200,1872.5,20201200
2020-11-20 20:00:00,1877.8,20210200,1877.8,20210200,1871.8,20201200
2020-11-20 21:00:00,1875.7,20210200,1875.7,20210200,1869.6,20201200
2020-11-23 14:30:00,1844.0,20210200,1844.0,20210200,1838.1,20201200
2020-11-23 15:00:00,1838.0,20210200,1838.0,20210200,1832.0,20201200
2020-11-23 16:00:00,1842.6,20210200,1842.6,20210200,1836.3,20201200
2020-11-23 17:00:00,1843.5,20210200,1843.5,20210200,1837.3,20201200
2020-11-23 18:00:00,1843.0,20210200,1843.0,20210200,1836.8,20201200
2020-11-23 19:00:00,1842.0,20210200,1842.0,20210200,1835.6,20201200
2020-11-23 20:00:00,1840.2,20210200,1840.2,20210200,1833.9,20201200
2020-11-23 21:00:00,1841.6,20210200,1841.6,20210200,1835.2,20201200
2020-11-23 23:00:00,1844.1,20210200,1844.1,20210200,1837.8,20201200
2020-11-24 14:30:00,1809.5,20210200,1809.5,20210200,1803.1,20201200
2020-11-24 15:00:00,1809.3,20210200,1809.3,20210200,1802.9,20201200
2020-11-24 16:00:00,1807.1,20210200,1807.1,20210200,1801.0,20201200
2020-11-24 17:00:00,1809.2,20210200,1809.2,20210200,1802.9,20201200
2020-11-24 18:00:00,1809.5,20210200,1809.5,20210200,1803.5,20201200
2020-11-24 19:00:00,1807.9,20210200,1807.9,20210200,1801.8,20201200
2020-11-24 20:00:00,1811.9,20210200,1811.9,20210200,1805.6,20201200
2020-11-24 21:00:00,1812.0,20210200,1812.0,20210200,1805.6,20201200
2020-11-24 23:00:00,1810.9,20210200,1810.9,20210200,1804.6,20201200
2020-11-24 23:00:01,1815.0,20210400,1815.0,20210400,1810.9,20210200
2020-11-25 14:30:00,1821.3,20210400,1821.3,20210400,1817.1,20210200
2020-11-25 15:00:00,1817.8,20210400,1817.8,20210400,1814.1,20210200
2020-11-25 16:00:00,1818.1,20210400,1818.1,20210400,1814.3,20210200
2020-11-25 17:00:00,1816.9,20210400,1816.9,20210400,1812.7,20210200
2020-11-25 18:00:00,1814.6,20210400,1814.6,20210400,1810.5,20210200
2020-11-25 19:00:00,1815.1,20210400,1815.1,20210400,1811.0,20210200
2020-11-25 20:00:00,1815.3,20210400,1815.3,20210400,1811.3,20210200
2020-11-25 21:00:00,1815.6,20210400,1815.6,20210400,1811.9,20210200
2020-11-25 23:00:00,1815.1,20210400,1815.1,20210400,1811.2,20210200
2020-11-27 14:30:00,1786.7,20210400,1786.7,20210400,1781.8,20210200
2020-11-27 15:00:00,1789.7,20210400,1789.7,20210400,1784.9,20210200
2020-11-27 16:00:00,1791.2,20210400,1791.2,20210400,1787.5,20210200
2020-11-27 17:00:00,1794.4,20210400,1794.4,20210400,1790.5,20210200
2020-11-27 18:00:00,1793.5,20210400,1793.5,20210400,1790.7,20210200
2020-11-30 14:30:00,1785.2,20210400,1785.2,20210400,1781.4,20210200
2020-11-30 15:00:00,1780.0,20210400,1780.0,20210400,1776.3,20210200
2020-11-30 16:00:00,1788.8,20210400,1788.8,20210400,1784.9,20210200
2020-11-30 17:00:00,1785.2,20210400,1785.2,20210400,1781.1,20210200
2020-11-30 18:00:00,1786.9,20210400,1786.9,20210400,1782.6,20210200
2020-11-30 19:00:00,1788.0,20210400,1788.0,20210400,1784.4,20210200
2020-11-30 20:00:00,1784.0,20210400,1784.0,20210400,1780.7,20210200
2020-11-30 21:00:00,1784.1,20210400,1784.1,20210400,1779.9,20210200
2020-12-01 14:30:00,1816.5,20210400,1816.5,20210400,1812.5,20210200
2020-12-01 15:00:00,1817.9,20210400,1817.9,20210400,1813.7,20210200
2020-12-01 16:00:00,1817.8,20210400,1817.8,20210400,1813.8,20210200
2020-12-01 17:00:00,1820.1,20210400,1820.1,20210400,1816.4,20210200
2020-12-01 18:00:00,1822.2,20210400,1822.2,20210400,1818.1,20210200
2020-12-01 19:00:00,1823.0,20210400,1823.0,20210400,1817.4,20210200
2020-12-01 20:00:00,1822.2,20210400,1822.2,20210400,1818.2,20210200
2020-12-01 21:00:00,1822.6,20210400,1822.6,20210400,1819.2,20210200
2020-12-02 14:30:00,1824.4,20210400,1824.4,20210400,1821.3,20210200
2020-12-02 15:00:00,1832.6,20210400,1832.6,20210400,1829.2,20210200
2020-12-02 16:00:00,1833.7,20210400,1833.7,20210400,1830.2,20210200
2020-12-02 17:00:00,1832.3,20210400,1832.3,20210400,1829.1,20210200
2020-12-02 18:00:00,1836.0,20210400,1836.0,20210400,1832.5,20210200
2020-12-02 19:00:00,1836.6,20210400,1836.6,20210400,1832.8,20210200
2020-12-02 20:00:00,1835.4,20210400,1835.4,20210400,1831.9,20210200
2020-12-02 21:00:00,1837.6,20210400,1837.6,20210400,1834.4,20210200
2020-12-03 14:30:00,1838.6,20210400,1838.6,20210400,1835.0,20210200
2020-12-03 15:00:00,1837.5,20210400,1837.5,20210400,1834.3,20210200
2020-12-03 16:00:00,1841.1,20210400,1841.1,20210400,1837.8,20210200
2020-12-03 17:00:00,1844.5,20210400,1844.5,20210400,1841.5,20210200
2020-12-03 18:00:00,1843.7,20210400,1843.7,20210400,1840.9,20210200
2020-12-03 19:00:00,1847.3,20210400,1847.3,20210400,1843.9,20210200
2020-12-03 20:00:00,1846.9,20210400,1846.9,20210400,1843.0,20210200
2020-12-03 21:00:00,1848.0,20210400,1848.0,20210400,1844.8,20210200
2020-12-04 14:30:00,1850.0,20210400,1850.0,20210400,1846.4,20210200
2020-12-04 15:00:00,1839.7,20210400,1839.7,20210400,1835.2,20210200
2020-12-04 16:00:00,1840.5,20210400,1840.5,20210400,1836.5,20210200
2020-12-04 17:00:00,1841.5,20210400,1841.5,20210400,1837.6,20210200
2020-12-04 18:00:00,1842.8,20210400,1842.8,20210400,1839.3,20210200
2020-12-04 19:00:00,1844.1,20210400,1844.1,20210400,1840.4,20210200
2020-12-04 20:00:00,1844.2,20210400,1844.2,20210400,1841.0,20210200
2020-12-04 21:00:00,1845.5,20210400,1845.5,20210400,1842.0,20210200
2020-12-07 14:30:00,1865.1,20210400,1865.1,20210400,1860.7,20210200
2020-12-07 15:00:00,1872.6,20210400,1872.6,20210400,1868.4,20210200
2020-12-07 16:00:00,1873.0,20210400,1873.0,20210400,1868.7,20210200
2020-12-07 17:00:00,1873.7,20210400,1873.7,20210400,1869.7,20210200
2020-12-07 18:00:00,1869.8,20210400,1869.8,20210400,1866.1,20210200
2020-12-07 19:00:00,1867.5,20210400,1867.5,20210400,1863.6,20210200
2020-12-07 20:00:00,1871.1,20210400,1871.1,20210400,1866.6,20210200
2020-12-07 21:00:00,1870.1,20210400,1870.1,20210400,1866.4,20210200
2020-12-07 23:00:00,1870.1,20210400,1870.1,20210400,1866.0,20210200
2020-12-08 14:30:00,1879.0,20210400,1879.0,20210400,1874.7,20210200
2020-12-08 15:00:00,1875.4,20210400,1875.4,20210400,1871.1,20210200
2020-12-08 16:00:00,1877.5,20210400,1877.5,20210400,1873.7,20210200
2020-12-08 17:00:00,1881.5,20210400,1881.5,20210400,1877.2,20210200
2020-12-08 18:00:00,1880.4,20210400,1880.4,20210400,1876.5,20210200
2020-12-08 19:00:00,1878.8,20210400,1878.8,20210400,1874.7,20210200
2020-12-08 20:00:00,1878.4,20210400,1878.4,20210400,1875.1,20210200
2020-12-08 21:00:00,1879.6,20210400,1879.6,20210400,1874.9,20210200
2020-12-09 14:30:00,1847.9,20210400,1847.9,20210400,1843.3,20210200
2020-12-09 15:00:00,1856.0,20210400,1856.0,20210400,1851.8,20210200
2020-12-09 16:00:00,1850.9,20210400,1850.9,20210400,1846.6,20210200
2020-12-09 17:00:00,1849.2,20210400,1849.2,20210400,1845.3,20210200
2020-12-09 18:00:00,1832.6,20210400,1832.6,20210400,1828.7,20210200
2020-12-09 19:00:00,1839.5,20210400,1839.5,20210400,1836.4,20210200
2020-12-09 20:00:00,1842.0,20210400,1842.0,20210400,1838.0,20210200
2020-12-09 21:00:00,1847.7,20210400,1847.7,20210400,1842.9,20210200
2020-12-09 23:00:00,1842.6,20210400,1842.6,20210400,1838.5,20210200
2020-12-10 14:30:00,1856.0,20210400,1856.0,20210400,1851.6,20210200
2020-12-10 15:00:00,1842.3,20210400,1842.3,20210400,1839.0,20210200
2020-12-10 16:00:00,1844.8,20210400,1844.8,20210400,1840.8,20210200
2020-12-10 17:00:00,1840.6,20210400,1840.6,20210400,1834.4,20210200
2020-12-10 18:00:00,1841.8,20210400,1841.8,20210400,1837.0,20210200
2020-12-10 19:00:00,1842.5,20210400,1842.5,20210400,1839.0,20210200
2020-12-10 20:00:00,1844.5,20210400,1844.5,20210400,1839.2,20210200
2020-12-10 21:00:00,1843.9,20210400,1843.9,20210400,1840.1,20210200
2020-12-11 14:30:00,1848.5,20210400,1848.5,20210400,1844.9,20210200
2020-12-11 15:00:00,1851.2,20210400,1851.2,20210400,1848.3,20210200
2020-12-11 16:00:00,1850.0,20210400,1850.0,20210400,1846.3,20210200
2020-12-11 17:00:00,1850.1,20210400,1850.1,20210400,1845.9,20210200
2020-12-11 18:00:00,1848.5,20210400,1848.5,20210400,1844.5,20210200
2020-12-11 19:00:00,1846.6,20210400,1846.6,20210400,1842.4,20210200
2020-12-11 20:00:00,1846.0,20210400,1846.0,20210400,1842.9,20210200
2020-12-11 21:00:00,1847.6,20210400,1847.6,20210400,1843.5,20210200
2020-12-14 14:30:00,1840.8,20210400,1840.8,20210400,1836.6,20210200
2020-12-14 15:00:00,1833.9,20210400,1833.9,20210400,1829.3,20210200
2020-12-14 16:00:00,1832.2,20210400,1832.2,20210400,1828.7,20210200
2020-12-14 17:00:00,1835.9,20210400,1835.9,20210400,1832.0,20210200
2020-12-14 18:00:00,1835.0,20210400,1835.0,20210400,1831.0,20210200
2020-12-14 19:00:00,1834.4,20210400,1834.4,20210400,1828.9,20210200
2020-12-14 20:00:00,1835.6,20210400,1835.6,20210400,1831.4,20210200
2020-12-14 21:00:00,1834.1,20210400,1834.1,20210400,1830.0,20210200
2020-12-15 14:30:00,1859.0,20210400,1859.0,20210400,1854.6,20210200
2020-12-15 15:00:00,1855.1,20210400,1855.1,20210400,1851.5,20210200
2020-12-15 16:00:00,1856.2,20210400,1856.2,20210400,1852.7,20210200
2020-12-15 17:00:00,1857.6,20210400,1857.6,20210400,1853.9,20210200
2020-12-15 18:00:00,1859.2,20210400,1859.2,20210400,1855.4,20210200
2020-12-15 19:00:00,1859.1,20210400,1859.1,20210400,1855.4,20210200
2020-12-15 20:00:00,1861.9,20210400,1861.9,20210400,1858.2,20210200
2020-12-15 21:00:00,1861.6,20210400,1861.6,20210400,1857.5,20210200
2020-12-16 14:30:00,1863.1,20210400,1863.1,20210400,1857.9,20210200
2020-12-16 15:00:00,1864.3,20210400,1864.3,20210400,1860.9,20210200
2020-12-16 16:00:00,1861.6,20210400,1861.6,20210400,1858.0,20210200
2020-12-16 17:00:00,1862.6,20210400,1862.6,20210400,1858.5,20210200
2020-12-16 18:00:00,1863.2,20210400,1863.2,20210400,1859.4,20210200
2020-12-16 19:00:00,1869.5,20210400,1869.5,20210400,1865.5,20210200
2020-12-16 20:00:00,1871.4,20210400,1871.4,20210400,1867.6,20210200
2020-12-16 21:00:00,1872.8,20210400,1872.8,20210400,1868.8,20210200
2020-12-17 14:30:00,1902.5,20210400,1902.5,20210400,1898.1,20210200
2020-12-17 15:00:00,1901.8,20210400,1901.8,20210400,1896.9,20210200
2020-12-17 16:00:00,1894.0,20210400,1894.0,20210400,1889.8,20210200
2020-12-17 17:00:00,1895.4,20210400,1895.4,20210400,1892.2,20210200
2020-12-17 18:00:00,1892.4,20210400,1892.4,20210400,1889.5,20210200
2020-12-17 19:00:00,1893.4,20210400,1893.4,20210400,1889.5,20210200
2020-12-17 20:00:00,1893.0,20210400,1893.0,20210400,1889.3,20210200
2020-12-17 21:00:00,1895.3,20210400,1895.3,20210400,1890.8,20210200
2020-12-18 14:30:00,1892.1,20210400,1892.1,20210400,1887.5,20210200
2020-12-18 15:00:00,1895.6,20210400,1895.6,20210400,1892.0,20210200
2020-12-18 16:00:00,1893.5,20210400,1893.5,20210400,1889.3,20210200
2020-12-18 17:00:00,1893.2,20210400,1893.2,20210400,1889.5,20210200
2020-12-18 18:00:00,1892.9,20210400,1892.9,20210400,1887.6,20210200
2020-12-18 19:00:00,1888.8,20210400,1888.8,20210400,1885.0,20210200
2020-12-18 20:00:00,1890.5,20210400,1890.5,20210400,1886.4,20210200
2020-12-18 21:00:00,1891.1,20210400,1891.1,20210400,1886.8,20210200
2020-12-21 14:30:00,1889.0,20210400,1889.0,20210400,1885.5,20210200
2020-12-21 15:00:00,1886.6,20210400,1886.6,20210400,1882.7,20210200
2020-12-21 16:00:00,1890.6,20210400,1890.6,20210400,1885.6,20210200
2020-12-21 17:00:00,1887.2,20210400,1887.2,20210400,1883.3,20210200
2020-12-21 18:00:00,1886.3,20210400,1886.3,20210400,1882.3,20210200
2020-12-21 19:00:00,1887.7,20210400,1887.7,20210400,1883.4,20210200
2020-12-21 20:00:00,1885.2,20210400,1885.2,20210400,1881.3,20210200
2020-12-21 21:00:00,1885.7,20210400,1885.7,20210400,1882.3,20210200
2020-12-22 14:30:00,1882.9,20210400,1882.9,20210400,1878.8,20210200
2020-12-22 15:00:00,1869.3,20210400,1869.3,20210400,1865.8,20210200
2020-12-22 16:00:00,1873.8,20210400,1873.8,20210400,1869.3,20210200
2020-12-22 17:00:00,1875.9,20210400,1875.9,20210400,1872.0,20210200
2020-12-22 18:00:00,1871.2,20210400,1871.2,20210400,1866.6,20210200
2020-12-22 19:00:00,1872.6,20210400,1872.6,20210400,1869.2,20210200
2020-12-22 20:00:00,1868.1,20210400,1868.1,20210400,1864.3,20210200
2020-12-22 21:00:00,1868.4,20210400,1868.4,20210400,1864.8,20210200
2020-12-23 14:30:00,1885.7,20210400,1885.7,20210400,1881.8,20210200
2020-12-23 15:00:00,1880.4,20210400,1880.4,20210400,1876.0,20210200
2020-12-23 16:00:00,1882.8,20210400,1882.8,20210400,1878.6,20210200
2020-12-23 17:00:00,1881.1,20210400,1881.1,20210400,1877.3,20210200
2020-12-23 18:00:00,1881.9,20210400,1881.9,20210400,1877.7,20210200
2020-12-23 19:00:00,1880.2,20210400,1880.2,20210400,1876.2,20210200
2020-12-23 20:00:00,1880.0,20210400,1880.0,20210400,1876.8,20210200
2020-12-23 21:00:00,1881.1,20210400,1881.1,20210400,1877.3,20210200
2020-12-24 14:30:00,1884.2,20210400,1884.2,20210400,1880.6,20210200
2020-12-24 15:00:00,1885.0,20210400,1885.0,20210400,1881.2,20210200
2020-12-24 16:00:00,1886.6,20210400,1886.6,20210400,1882.5,20210200
2020-12-24 17:00:00,1887.5,20210400,1887.5,20210400,1883.2,20210200
2020-12-24 18:00:00,1888.0,20210400,1888.0,20210400,1882.6,20210200
2020-12-24 23:00:00,1887.4,20210400,1887.4,20210400,1883.2,20210200
2020-12-28 14:30:00,1903.0,20210400,1903.0,20210400,1898.7,20210200
2020-12-28 15:00:00,1889.8,20210400,1889.8,20210400,1885.1,20210200
2020-12-28 16:00:00,1887.9,20210400,1887.9,20210400,1883.4,20210200
2020-12-28 17:00:00,1884.7,20210400,1884.7,20210400,1880.3,20210200
2020-12-28 18:00:00,1883.6,20210400,1883.6,20210400,1879.4,20210200
2020-12-28 19:00:00,1883.7,20210400,1883.7,20210400,1879.6,20210200
2020-12-28 20:00:00,1881.7,20210400,1881.7,20210400,1877.5,20210200
2020-12-28 21:00:00,1881.6,20210400,1881.6,20210400,1876.8,20210200
2020-12-29 14:30:00,1886.0,20210400,1886.0,20210400,1882.9,20210200
2020-12-29 15:00:00,1888.3,20210400,1888.3,20210400,1883.7,20210200
2020-12-29 16:00:00,1890.0,20210400,1890.0,20210400,1885.7,20210200
2020-12-29 17:00:00,1887.8,20210400,1887.8,20210400,1883.3,20210200
2020-12-29 18:00:00,1886.4,20210400,1886.4,20210400,1882.0,20210200
2020-12-29 19:00:00,1887.0,20210400,1887.0,20210400,1882.7,20210200
2020-12-29 20:00:00,1886.9,20210400,1886.9,20210400,1883.3,20210200
2020-12-29 21:00:00,1886.5,20210400,1886.5,20210400,1882.5,20210200
2020-12-30 14:30:00,1895.8,20210400,1895.8,20210400,1891.7,20210200
2020-12-30 15:00:00,1893.0,20210400,1893.0,20210400,1889.1,20210200
2020-12-30 16:00:00,1894.4,20210400,1894.4,20210400,1890.8,20210200
2020-12-30 17:00:00,1897.5,20210400,1897.5,20210400,1893.1,20210200
2020-12-30 18:00:00,1899.5,20210400,1899.5,20210400,1895.0,20210200
2020-12-30 19:00:00,1898.4,20210400,1898.4,20210400,1894.0,20210200
2020-12-30 20:00:00,1900.2,20210400,1900.2,20210400,1896.0,20210200
2020-12-30 21:00:00,1903.0,20210400,1903.0,20210400,1898.6,20210200
2020-12-31 14:30:00,1900.7,20210400,1900.7,20210400,1896.8,20210200
2020-12-31 15:00:00,1907.2,20210400,1907.2,20210400,1903.0,20210200
2020-12-31 16:00:00,1903.9,20210400,1903.9,20210400,1899.7,20210200
2020-12-31 17:00:00,1902.4,20210400,1902.4,20210400,1898.1,20210200
2020-12-31 18:00:00,1901.4,20210400,1901.4,20210400,1897.3,20210200
2020-12-31 19:00:00,1905.0,20210400,1905.0,20210400,1900.4,20210200
2020-12-31 20:00:00,1906.9,20210400,1906.9,20210400,1902.5,20210200
2020-12-31 21:00:00,1905.4,20210400,1905.4,20210400,1901.6,20210200
2020-12-31 23:00:00,1899.6,20210400,1899.6,20210400,1895.1,20210200
2021-01-04 14:30:00,1950.0,20210400,1950.0,20210400,1945.6,20210200
2021-01-04 15:00:00,1951.9,20210400,1951.9,20210400,1947.3,20210200
2021-01-04 16:00:00,1949.1,20210400,1949.1,20210400,1944.3,20210200
2021-01-04 17:00:00,1945.8,20210400,1945.8,20210400,1941.2,20210200
2021-01-04 18:00:00,1952.3,20210400,1952.3,20210400,1948.1,20210200
2021-01-04 19:00:00,1951.0,20210400,1951.0,20210400,1946.9,20210200
2021-01-04 20:00:00,1950.4,20210400,1950.4,20210400,1946.8,20210200
2021-01-04 21:00:00,1951.4,20210400,1951.4,20210400,1946.7,20210200
2021-01-05 14:30:00,1953.0,20210400,1953.0,20210400,1948.8,20210200
2021-01-05 15:00:00,1951.0,20210400,1951.0,20210400,1946.4,20210200
2021-01-05 16:00:00,1958.3,20210400,1958.3,20210400,1953.8,20210200
2021-01-05 17:00:00,1957.4,20210400,1957.4,20210400,1953.4,20210200
2021-01-05 18:00:00,1959.5,20210400,1959.5,20210400,1954.8,20210200
2021-01-05 19:00:00,1958.2,20210400,1958.2,20210400,1954.7,20210200
2021-01-05 20:00:00,1956.2,20210400,1956.2,20210400,1952.2,20210200
2021-01-05 21:00:00,1958.0,20210400,1958.0,20210400,1953.7,20210200
2021-01-06 14:30:00,1939.7,20210400,1939.7,20210400,1934.6,20210200
2021-01-06 15:00:00,1915.9,20210400,1915.9,20210400,1911.5,20210200
2021-01-06 16:00:00,1914.1,20210400,1914.1,20210400,1909.9,20210200
2021-01-06 17:00:00,1913.5,20210400,1913.5,20210400,1909.2,20210200
2021-01-06 18:00:00,1917.3,20210400,1917.3,20210400,1913.3,20210200
2021-01-06 19:00:00,1924.9,20210400,1924.9,20210400,1919.7,20210200
2021-01-06 20:00:00,1924.4,20210400,1924.4,20210400,1919.5,20210200
2021-01-06 21:00:00,1924.9,20210400,1924.9,20210400,1920.2,20210200
2021-01-06 23:00:00,1913.0,20210400,1913.0,20210400,1908.6,20210200
2021-01-07 14:30:00,1915.0,20210400,1915.0,20210400,1911.3,20210200
2021-01-07 15:00:00,1918.9,20210400,1918.9,20210400,1914.6,20210200
2021-01-07 16:00:00,1918.5,20210400,1918.5,20210400,1914.1,20210200
2021-01-07 17:00:00,1916.5,20210400,1916.5,20210400,1912.0,20210200
2021-01-07 18:00:00,1920.6,20210400,1920.6,20210400,1916.3,20210200
2021-01-07 19:00:00,1922.4,20210400,1922.4,20210400,1917.9,20210200
2021-01-07 20:00:00,1919.5,20210400,1919.5,20210400,1915.0,20210200
2021-01-07 21:00:00,1919.2,20210400,1919.2,20210400,1914.8,20210200
2021-01-08 14:30:00,1868.4,20210400,1868.4,20210400,1864.6,20210200
2021-01-08 15:00:00,1866.7,20210400,1866.7,20210400,1862.5,20210200
2021-01-08 16:00:00,1859.5,20210400,1859.5,20210400,1855.4,20210200
2021-01-08 17:00:00,1847.5,20210400,1847.5,20210400,1843.4,20210200
2021-01-08 18:00:00,1841.8,20210400,1841.8,20210400,1837.8,20210200
2021-01-08 19:00:00,1851.1,20210400,1851.1,20210400,1846.2,20210200
2021-01-08 20:00:00,1852.6,20210400,1852.6,20210400,1848.3,20210200
2021-01-08 21:00:00,1852.3,20210400,1852.3,20210400,1849.9,20210200
2021-01-11 14:30:00,1846.0,20210400,1846.0,20210400,1842.1,20210200
2021-01-11 15:00:00,1853.4,20210400,1853.4,20210400,1849.1,20210200
2021-01-11 16:00:00,1853.5,20210400,1853.5,20210400,1849.3,20210200
2021-01-11 17:00:00,1853.0,20210400,1853.0,20210400,1848.8,20210200
2021-01-11 18:00:00,1851.3,20210400,1851.3,20210400,1847.4,20210200
2021-01-11 19:00:00,1851.3,20210400,1851.3,20210400,1847.5,20210200
2021-01-11 20:00:00,1851.0,20210400,1851.0,20210400,1847.4,20210200
2021-01-11 21:00:00,1847.8,20210400,1847.8,20210400,1843.8,20210200
2021-01-12 14:30:00,1844.8,20210400,1844.8,20210400,1840.8,20210200
2021-01-12 15:00:00,1845.2,20210400,1845.2,20210400,1841.2,20210200
2021-01-12 16:00:00,1847.3,20210400,1847.3,20210400,1843.3,20210200
2021-01-12 17:00:00,1843.5,20210400,1843.5,20210400,1839.1,20210200
2021-01-12 18:00:00,1851.6,20210400,1851.6,20210400,1847.5,20210200
2021-01-12 19:00:00,1858.2,20210400,1858.2,20210400,1854.6,20210200
2021-01-12 20:00:00,1859.0,20210400,1859.0,20210400,1855.3,20210200
2021-01-12 20:00:01,1863.1,20210600,1863.1,20210600,1859.0,20210400
2021-01-12 21:00:00,1862.7,20210600,1862.7,20210600,1858.2,20210400
2021-01-13 14:30:00,1866.0,20210600,1866.0,20210600,1862.7,20210400
2021-01-13 15:00:00,1865.9,20210600,1865.9,20210600,1861.7,20210400
2021-01-13 16:00:00,1864.0,20210600,1864.0,20210600,1861.0,20210400
2021-01-13 17:00:00,1862.6,20210600,1862.6,20210600,1859.4,20210400
2021-01-13 18:00:00,1862.0,20210600,1862.0,20210600,1858.8,20210400
2021-01-13 19:00:00,1860.0,20210600,1860.0,20210600,1857.4,20210400
2021-01-13 20:00:00,1858.4,20210600,1858.4,20210600,1856.3,20210400
2021-01-13 21:00:00,1851.0,20210600,1851.0,20210600,1848.8,20210400
2021-01-14 14:30:00,1851.4,20210600,1851.4,20210600,1848.3,20210400
2021-01-14 15:00:00,1852.0,20210600,1852.0,20210600,1851.1,20210400
2021-01-14 16:00:00,1854.2,20210600,1854.2,20210600,1851.9,20210400
2021-01-14 17:00:00,1862.0,20210600,1862.0,20210600,1858.8,20210400
2021-01-14 18:00:00,1859.4,20210600,1859.4,20210600,1853.5,20210400
2021-01-14 19:00:00,1852.9,20210600,1852.9,20210600,1847.8,20210400
2021-01-14 20:00:00,1853.6,20210600,1853.6,20210600,1850.2,20210400
2021-01-14 21:00:00,1854.9,20210600,1854.9,20210600,1849.9,20210400
2021-01-15 14:30:00,1845.7,20210600,1845.7,20210600,1842.6,20210400
2021-01-15 15:00:00,1833.8,20210600,1833.8,20210600,1832.2,20210400
2021-01-15 16:00:00,1835.7,20210600,1835.7,20210600,1834.6,20210400
2021-01-15 17:00:00,1838.2,20210600,1838.2,20210600,1834.9,20210400
2021-01-15 18:00:00,1834.6,20210600,1834.6,20210600,1831.9,20210400
2021-01-15 19:00:00,1835.3,20210600,1835.3,20210600,1832.0,20210400
2021-01-15 20:00:00,1834.8,20210600,1834.8,20210600,1830.3,20210400
2021-01-15 21:00:00,1834.9,20210600,1834.9,20210600,1831.3,20210400
2021-01-15 23:00:00,1836.5,20210600,1836.5,20210600,1833.7,20210400
2021-01-19 14:30:00,1840.9,20210600,1840.9,20210600,1838.6,20210400
2021-01-19 15:00:00,1845.1,20210600,1845.1,20210600,1842.6,20210400
2021-01-19 16:00:00,1847.5,20210600,1847.5,20210600,1844.4,20210400
2021-01-19 17:00:00,1848.4,20210600,1848.4,20210600,1845.7,20210400
2021-01-19 18:00:00,1845.5,20210600,1845.5,20210600,1843.4,20210400
2021-01-19 19:00:00,1844.5,20210600,1844.5,20210600,1842.2,20210400
2021-01-19 20:00:00,1845.3,20210600,1845.3,20210600,1843.3,20210400
2021-01-19 21:00:00,1845.5,20210600,1845.5,20210600,1843.0,20210400
2021-01-20 14:30:00,1860.0,20210600,1860.0,20210600,1858.8,20210400
2021-01-20 15:00:00,1872.6,20210600,1872.6,20210600,1870.3,20210400
2021-01-20 16:00:00,1873.3,20210600,1873.3,20210600,1870.5,20210400
2021-01-20 17:00:00,1868.5,20210600,1868.5,20210600,1866.6,20210400
2021-01-20 18:00:00,1874.7,20210600,1874.7,20210600,1872.0,20210400
2021-01-20 19:00:00,1874.2,20210600,1874.2,20210600,1871.7,20210400
2021-01-20 20:00:00,1875.0,20210600,1875.0,20210600,1872.9,20210400
2021-01-20 21:00:00,1877.3,20210600,1877.3,20210600,1875.6,20210400
2021-01-21 14:30:00,1869.9,20210600,1869.9,20210600,1867.5,20210400
2021-01-21 15:00:00,1870.0,20210600,1870.0,20210600,1867.5,20210400
2021-01-21 16:00:00,1868.9,20210600,1868.9,20210600,1866.6,20210400
2021-01-21 17:00:00,1870.2,20210600,1870.2,20210600,1867.8,20210400
2021-01-21 18:00:00,1871.4,20210600,1871.4,20210600,1870.8,20210400
2021-01-21 19:00:00,1874.9,20210600,1874.9,20210600,1872.3,20210400
2021-01-21 20:00:00,1875.2,20210600,1875.2,20210600,1873.8,20210400
2021-01-21 21:00:00,1875.2,20210600,1875.2,20210600,1873.2,20210400
2021-01-22 14:30:00,1856.0,20210600,1856.0,20210600,1853.8,20210400
2021-01-22 15:00:00,1862.0,20210600,1862.0,20210600,1859.0,20210400
2021-01-22 16:00:00,1859.8,20210600,1859.8,20210600,1858.1,20210400
2021-01-22 17:00:00,1860.9,20210600,1860.9,20210600,1858.7,20210400
2021-01-22 18:00:00,1861.8,20210600,1861.8,20210600,1859.1,20210400
2021-01-22 19:00:00,1862.1,20210600,1862.1,20210600,1858.8,20210400
2021-01-22 20:00:00,1859.7,20210600,1859.7,20210600,1857.5,20210400
2021-01-22 21:00:00,1859.0,20210600,1859.0,20210600,1859.2,20210400
2021-01-25 14:30:00,1862.1,20210600,1862.1,20210600,1858.6,20210400
2021-01-25 15:00:00,1855.6,20210600,1855.6,20210600,1854.9,20210400
2021-01-25 16:00:00,1861.2,20210600,1861.2,20210600,1858.1,20210400
2021-01-25 17:00:00,1864.6,20210600,1864.6,20210600,1861.4,20210400
2021-01-25 18:00:00,1862.3,20210600,1862.3,20210600,1859.8,20210400
2021-01-25 19:00:00,1860.9,20210600,1860.9,20210600,1857.9,20210400
2021-01-25 20:00:00,1860.5,20210600,1860.5,20210600,1858.2,20210400
2021-01-25 21:00:00,1860.5,20210600,1860.5,20210600,1858.9,20210400
2021-01-26 14:30:00,1862.3,20210600,1862.3,20210600,1859.5,20210400
2021-01-26 15:00:00,1858.7,20210600,1858.7,20210600,1855.7,20210400
2021-01-26 16:00:00,1857.6,20210600,1857.6,20210600,1854.9,20210400
2021-01-26 17:00:00,1857.7,20210600,1857.7,20210600,1855.2,20210400
2021-01-26 18:00:00,1857.2,20210600,1857.2,20210600,1854.3,20210400
2021-01-26 19:00:00,1856.5,20210600,1856.5,20210600,1854.1,20210400
2021-01-26 20:00:00,1857.1,20210600,1857.1,20210600,1854.4,20210400
2021-01-26 21:00:00,1856.6,20210600,1856.6,20210600,1853.4,20210400
2021-01-27 14:30:00,1840.9,20210600,1840.9,20210600,1838.8,20210400
2021-01-27 15:00:00,1854.2,20210600,1854.2,20210600,1851.5,20210400
2021-01-27 16:00:00,1850.6,20210600,1850.6,20210600,1847.9,20210400
2021-01-27 17:00:00,1851.1,20210600,1851.1,20210600,1848.1,20210400
2021-01-27 18:00:00,1850.7,20210600,1850.7,20210600,1848.5,20210400
2021-01-27 19:00:00,1846.9,20210600,1846.9,20210600,1844.1,20210400
2021-01-27 20:00:00,1845.0,20210600,1845.0,20210600,1842.0,20210400
2021-01-27 21:00:00,1849.5,20210600,1849.5,20210600,1846.4,20210400
2021-01-27 23:00:00,1851.6,20210600,1851.6,20210600,1848.9,20210400
2021-01-28 14:30:00,1860.1,20210600,1860.1,20210600,1857.3,20210400
2021-01-28 15:00:00,1863.5,20210600,1863.5,20210600,1860.8,20210400
2021-01-28 16:00:00,1850.0,20210600,1850.0,20210600,1847.7,20210400
2021-01-28 17:00:00,1843.7,20210600,1843.7,20210600,1840.9,20210400
2021-01-28 18:00:00,1845.0,20210600,1845.0,20210600,1842.5,20210400
2021-01-28 19:00:00,1847.9,20210600,1847.9,20210600,1845.8,20210400
2021-01-28 20:00:00,1845.8,20210600,1845.8,20210600,1844.5,20210400
2021-01-28 21:00:00,1847.8,20210600,1847.8,20210600,1845.1,20210400
2021-01-29 14:30:00,1870.3,20210600,1870.3,20210600,1867.7,20210400
2021-01-29 15:00:00,1861.5,20210600,1861.5,20210600,1860.5,20210400
2021-01-29 16:00:00,1863.2,20210600,1863.2,20210600,1859.8,20210400
2021-01-29 17:00:00,1856.6,20210600,1856.6,20210600,1854.3,20210400
2021-01-29 18:00:00,1855.0,20210600,1855.0,20210600,1853.5,20210400
2021-01-29 19:00:00,1854.1,20210600,1854.1,20210600,1851.9,20210400
2021-01-29 20:00:00,1852.0,20210600,1852.0,20210600,1849.3,20210400
2021-01-29 21:00:00,1853.1,20210600,1853.1,20210600,1849.8,20210400
2021-02-01 14:30:00,1869.3,20210600,1869.3,20210600,1867.4,20210400
2021-02-01 15:00:00,1865.0,20210600,1865.0,20210600,1863.3,20210400
2021-02-01 16:00:00,1868.6,20210600,1868.6,20210600,1865.6,20210400
2021-02-01 17:00:00,1870.5,20210600,1870.5,20210600,1868.3,20210400
2021-02-01 18:00:00,1864.0,20210600,1864.0,20210600,1862.9,20210400
2021-02-01 19:00:00,1864.0,20210600,1864.0,20210600,1862.1,20210400
2021-02-01 20:00:00,1866.6,20210600,1866.6,20210600,1864.4,20210400
2021-02-01 21:00:00,1865.3,20210600,1865.3,20210600,1863.8,20210400
2021-02-02 14:30:00,1837.6,20210600,1837.6,20210600,1835.2,20210400
2021-02-02 15:00:00,1836.9,20210600,1836.9,20210600,1834.1,20210400
2021-02-02 16:00:00,1841.7,20210600,1841.7,20210600,1839.0,20210400
2021-02-02 17:00:00,1838.5,20210600,1838.5,20210600,1836.4,20210400
2021-02-02 18:00:00,1838.9,20210600,1838.9,20210600,1835.9,20210400
2021-02-02 19:00:00,1841.2,20210600,1841.2,20210600,1837.7,20210400
2021-02-02 20:00:00,1839.3,20210600,1839.3,20210600,1836.2,20210400
2021-02-02 21:00:00,1841.2,20210600,1841.2,20210600,1838.5,20210400
2021-02-03 14:30:00,1840.0,20210600,1840.0,20210600,1837.2,20210400
2021-02-03 15:00:00,1836.4,20210600,1836.4,20210600,1834.4,20210400
2021-02-03 16:00:00,1839.0,20210600,1839.0,20210600,1836.8,20210400
2021-02-03 17:00:00,1839.6,20210600,1839.6,20210600,1837.2,20210400
2021-02-03 18:00:00,1838.4,20210600,1838.4,20210600,1834.9,20210400
2021-02-03 19:00:00,1836.9,20210600,1836.9,20210600,1834.2,20210400
2021-02-03 20:00:00,1836.6,20210600,1836.6,20210600,1834.0,20210400
2021-02-03 21:00:00,1837.6,20210600,1837.6,20210600,1834.8,20210400
2021-02-04 14:30:00,1788.8,20210600,1788.8,20210600,1785.6,20210400
2021-02-04 15:00:00,1789.3,20210600,1789.3,20210600,1786.8,20210400
2021-02-04 16:00:00,1795.3,20210600,1795.3,20210600,1792.8,20210400
2021-02-04 17:00:00,1791.8,20210600,1791.8,20210600,1789.4,20210400
2021-02-04 18:00:00,1795.6,20210600,1795.6,20210600,1792.5,20210400
2021-02-04 19:00:00,1798.0,20210600,1798.0,20210600,1795.3,20210400
2021-02-04 20:00:00,1796.9,20210600,1796.9,20210600,1794.5,20210400
2021-02-04 21:00:00,1796.7,20210600,1796.7,20210600,1794.1,20210400
2021-02-05 14:30:00,1805.5,20210600,1805.5,20210600,1802.9,20210400
2021-02-05 15:00:00,1808.1,20210600,1808.1,20210600,1806.1,20210400
2021-02-05 16:00:00,1816.0,20210600,1816.0,20210600,1813.5,20210400
2021-02-05 17:00:00,1815.3,20210600,1815.3,20210600,1812.6,20210400
2021-02-05 18:00:00,1813.8,20210600,1813.8,20210600,1811.3,20210400
2021-02-05 19:00:00,1813.5,20210600,1813.5,20210600,1810.8,20210400
2021-02-05 20:00:00,1815.5,20210600,1815.5,20210600,1813.0,20210400
2021-02-05 21:00:00,1817.6,20210600,1817.6,20210600,1815.2,20210400
2021-02-08 14:30:00,1835.1,20210600,1835.1,20210600,1833.3,20210400
2021-02-08 15:00:00,1840.2,20210600,1840.2,20210600,1838.0,20210400
2021-02-08 16:00:00,1841.7,20210600,1841.7,20210600,1838.9,20210400
2021-02-08 17:00:00,1836.5,20210600,1836.5,20210600,1833.8,20210400
2021-02-08 18:00:00,1835.1,20210600,1835.1,20210600,1832.7,20210400
2021-02-08 19:00:00,1836.5,20210600,1836.5,20210600,1833.5,20210400
2021-02-08 20:00:00,1838.1,20210600,1838.1,20210600,1835.5,20210400
2021-02-08 21:00:00,1834.8,20210600,1834.8,20210600,1832.0,20210400
2021-02-09 14:30:00,1843.1,20210600,1843.1,20210600,1837.6,20210400
2021-02-09 15:00:00,1843.2,20210600,1843.2,20210600,1840.5,20210400
2021-02-09 16:00:00,1839.8,20210600,1839.8,20210600,1837.1,20210400
2021-02-09 17:00:00,1842.2,20210600,1842.2,20210600,1839.0,20210400
2021-02-09 18:00:00,1838.4,20210600,1838.4,20210600,1835.7,20210400
2021-02-09 19:00:00,1840.4,20210600,1840.4,20210600,1838.1,20210400
2021-02-09 20:00:00,1840.8,20210600,1840.8,20210600,1837.2,20210400
2021-02-09 21:00:00,1841.7,20210600,1841.7,20210600,1838.8,20210400
2021-02-10 14:30:00,1845.5,20210600,1845.5,20210600,1842.0,20210400
2021-02-10 15:00:00,1843.8,20210600,1843.8,20210600,1841.7,20210400
2021-02-10 16:00:00,1844.8,20210600,1844.8,20210600,1841.8,20210400
2021-02-10 17:00:00,1845.5,20210600,1845.5,20210600,1843.0,20210400
2021-02-10 18:00:00,1846.4,20210600,1846.4,20210600,1843.6,20210400
2021-02-10 19:00:00,1847.5,20210600,1847.5,20210600,1843.8,20210400
2021-02-10 20:00:00,1844.9,20210600,1844.9,20210600,1842.0,20210400
2021-02-10 21:00:00,1846.6,20210600,1846.6,20210600,1844.2,20210400
2021-02-11 14:30:00,1846.3,20210600,1846.3,20210600,1843.3,20210400
2021-02-11 15:00:00,1842.4,20210600,1842.4,20210600,1839.2,20210400
2021-02-11 16:00:00,1833.1,20210600,1833.1,20210600,1830.0,20210400
2021-02-11 17:00:00,1828.1,20210600,1828.1,20210600,1826.8,20210400
2021-02-11 18:00:00,1829.0,20210600,1829.0,20210600,1825.9,20210400
2021-02-11 19:00:00,1827.7,20210600,1827.7,20210600,1824.9,20210400
2021-02-11 20:00:00,1828.7,20210600,1828.7,20210600,1826.2,20210400
2021-02-11 21:00:00,1828.8,20210600,1828.8,20210600,1825.6,20210400
2021-02-12 14:30:00,1818.8,20210600,1818.8,20210600,1814.9,20210400
2021-02-12 15:00:00,1832.1,20210600,1832.1,20210600,1828.8,20210400
2021-02-12 16:00:00,1828.2,20210600,1828.2,20210600,1824.7,20210400
2021-02-12 17:00:00,1822.7,20210600,1822.7,20210600,1819.8,20210400
2021-02-12 18:00:00,1825.8,20210600,1825.8,20210600,1822.8,20210400
2021-02-12 19:00:00,1822.6,20210600,1822.6,20210600,1819.6,20210400
2021-02-12 20:00:00,1821.4,20210600,1821.4,20210600,1819.5,20210400
2021-02-12 21:00:00,1827.5,20210600,1827.5,20210600,1824.8,20210400
2021-02-12 23:00:00,1826.0,20210600,1826.0,20210600,1823.2,20210400
2021-02-16 14:30:00,1795.0,20210600,1795.0,20210600,1790.6,20210400
2021-02-16 15:00:00,1816.7,20210600,1816.7,20210600,1813.7,20210400
2021-02-16 16:00:00,1799.0,20210600,1799.0,20210600,1796.1,20210400
2021-02-16 17:00:00,1799.3,20210600,1799.3,20210600,1796.0,20210400
2021-02-16 18:00:00,1799.7,20210600,1799.7,20210600,1796.7,20210400
2021-02-16 19:00:00,1797.8,20210600,1797.8,20210600,1795.2,20210400
2021-02-16 20:00:00,1798.8,20210600,1798.8,20210600,1794.8,20210400
2021-02-16 21:00:00,1796.5,20210600,1796.5,20210600,1793.7,20210400
2021-02-16 23:00:00,1801.9,20210600,1801.9,20210600,1799.0,20210400
2021-02-17 14:30:00,1783.7,20210600,1783.7,20210600,1780.6,20210400
2021-02-17 15:00:00,1772.6,20210600,1772.6,20210600,1772.5,20210400
2021-02-17 16:00:00,1779.7,20210600,1779.7,20210600,1776.9,20210400
2021-02-17 17:00:00,1777.7,20210600,1777.7,20210600,1775.1,20210400
2021-02-17 18:00:00,1777.9,20210600,1777.9,20210600,1774.6,20210400
2021-02-17 19:00:00,1775.6,20210600,1775.6,20210600,1771.4,20210400
2021-02-17 20:00:00,1776.8,20210600,1776.8,20210600,1773.6,20210400
2021-02-17 21:00:00,1778.8,20210600,1778.8,20210600,1775.1,20210400
2021-02-18 14:30:00,1777.4,20210600,1777.4,20210600,1774.6,20210400
2021-02-18 15:00:00,1780.3,20210600,1780.3,20210600,1777.5,20210400
2021-02-18 16:00:00,1777.5,20210600,1777.5,20210600,1775.4,20210400
2021-02-18 17:00:00,1778.3,20210600,1778.3,20210600,1775.0,20210400
2021-02-18 18:00:00,1776.7,20210600,1776.7,20210600,1773.2,20210400
2021-02-18 19:00:00,1776.2,20210600,1776.2,20210600,1774.2,20210400
2021-02-18 20:00:00,1776.6,20210600,1776.6,20210600,1773.8,20210400
2021-02-18 21:00:00,1777.7,20210600,1777.7,20210600,1774.6,20210400
2021-02-19 14:30:00,1788.8,20210600,1788.8,20210600,1786.2,20210400
2021-02-19 15:00:00,1787.6,20210600,1787.6,20210600,1785.0,20210400
2021-02-19 16:00:00,1785.5,20210600,1785.5,20210600,1782.7,20210400
2021-02-19 17:00:00,1785.0,20210600,1785.0,20210600,1782.0,20210400
2021-02-19 18:00:00,1782.3,20210600,1782.3,20210600,1779.0,20210400
2021-02-19 19:00:00,1781.6,20210600,1781.6,20210600,1779.1,20210400
2021-02-19 20:00:00,1782.7,20210600,1782.7,20210600,1779.8,20210400
2021-02-19 21:00:00,1786.7,20210600,1786.7,20210600,1783.1,20210400
2021-02-22 14:30:00,1806.4,20210600,1806.4,20210600,1804.1,20210400
2021-02-22 15:00:00,1811.9,20210600,1811.9,20210600,1808.5,20210400
2021-02-22 16:00:00,1813.8,20210600,1813.8,20210600,1811.3,20210400
2021-02-22 17:00:00,1811.1,20210600,1811.1,20210600,1808.6,20210400
2021-02-22 18:00:00,1812.3,20210600,1812.3,20210600,1807.9,20210400
2021-02-22 19:00:00,1810.2,20210600,1810.2,20210600,1807.8,20210400
2021-02-22 20:00:00,1810.7,20210600,1810.7,20210600,1807.6,20210400
2021-02-22 21:00:00,1811.2,20210600,1811.2,20210600,1809.1,20210400
2021-02-22 23:00:00,1811.2,20210600,1811.2,20210600,1808.4,20210400
2021-02-23 14:30:00,1803.4,20210600,1803.4,20210600,1800.7,20210400
2021-02-23 15:00:00,1809.3,20210600,1809.3,20210600,1806.3,20210400
2021-02-23 16:00:00,1809.1,20210600,1809.1,20210600,1806.7,20210400
2021-02-23 17:00:00,1808.9,20210600,1808.9,20210600,1806.3,20210400
2021-02-23 18:00:00,1805.6,20210600,1805.6,20210600,1803.0,20210400
2021-02-23 19:00:00,1806.6,20210600,1806.6,20210600,1803.1,20210400
2021-02-23 20:00:00,1807.4,20210600,1807.4,20210600,1804.6,20210400
2021-02-23 21:00:00,1807.5,20210600,1807.5,20210600,1805.5,20210400
2021-02-24 14:30:00,1786.0,20210600,1786.0,20210600,1784.3,20210400
2021-02-24 15:00:00,1796.5,20210600,1796.5,20210600,1793.7,20210400
2021-02-24 16:00:00,1804.4,20210600,1804.4,20210600,1801.3,20210400
2021-02-24 17:00:00,1800.8,20210600,1800.8,20210600,1797.7,20210400
2021-02-24 18:00:00,1799.4,20210600,1799.4,20210600,1796.8,20210400
2021-02-24 19:00:00,1799.2,20210600,1799.2,20210600,1796.5,20210400
2021-02-24 20:00:00,1803.0,20210600,1803.0,20210600,1800.8,20210400
2021-02-24 21:00:00,1806.9,20210600,1806.9,20210600,1804.0,20210400
2021-02-25 14:30:00,1783.8,20210600,1783.8,20210600,1780.0,20210400
2021-02-25 15:00:00,1777.2,20210600,1777.2,20210600,1774.3,20210400
2021-02-25 16:00:00,1781.5,20210600,1781.5,20210600,1779.1,20210400
2021-02-25 17:00:00,1774.7,20210600,1774.7,20210600,1771.6,20210400
2021-02-25 18:00:00,1779.2,20210600,1779.2,20210600,1776.9,20210400
2021-02-25 19:00:00,1774.6,20210600,1774.6,20210600,1771.9,20210400
2021-02-25 20:00:00,1772.5,20210600,1772.5,20210600,1769.2,20210400
2021-02-25 21:00:00,1771.6,20210600,1771.6,20210600,1769.1,20210400
2021-02-25 23:00:00,1778.4,20210600,1778.4,20210600,1775.4,20210400
2021-02-26 14:30:00,1745.4,20210600,1745.4,20210600,1742.6,20210400
2021-02-26 15:00:00,1731.2,20210600,1731.2,20210600,1728.5,20210400
2021-02-26 16:00:00,1718.7,20210600,1718.7,20210600,1716.0,20210400
2021-02-26 17:00:00,1727.1,20210600,1727.1,20210600,1724.4,20210400
2021-02-26 18:00:00,1731.3,20210600,1731.3,20210600,1728.5,20210400
2021-02-26 19:00:00,1730.0,20210600,1730.0,20210600,1725.9,20210400
2021-02-26 20:00:00,1732.0,20210600,1732.0,20210600,1729.2,20210400
2021-02-26 21:00:00,1735.5,20210600,1735.5,20210600,1733.0,20210400
2021-03-01 14:30:00,1736.9,20210600,1736.9,20210600,1734.3,20210400
2021-03-01 15:00:00,1740.7,20210600,1740.7,20210600,1737.4,20210400
2021-03-01 16:00:00,1733.1,20210600,1733.1,20210600,1730.4,20210400
2021-03-01 17:00:00,1727.9,20210600,1727.9,20210600,1725.1,20210400
2021-03-01 18:00:00,1725.0,20210600,1725.0,20210600,1721.2,20210400
2021-03-01 19:00:00,1725.3,20210600,1725.3,20210600,1722.4,20210400
2021-03-01 20:00:00,1722.7,20210600,1722.7,20210600,1720.0,20210400
2021-03-01 21:00:00,1724.5,20210600,1724.5,20210600,1723.1,20210400
2021-03-02 14:30:00,1727.1,20210600,1727.1,20210600,1724.2,20210400
2021-03-02 15:00:00,1726.9,20210600,1726.9,20210600,1723.8,20210400
2021-03-02 16:00:00,1733.2,20210600,1733.2,20210600,1730.0,20210400
2021-03-02 17:00:00,1738.6,20210600,1738.6,20210600,1735.5,20210400
2021-03-02 18:00:00,1738.7,20210600,1738.7,20210600,1735.6,20210400
2021-03-02 19:00:00,1737.1,20210600,1737.1,20210600,1733.5,20210400
2021-03-02 20:00:00,1737.1,20210600,1737.1,20210600,1733.7,20210400
2021-03-02 21:00:00,1740.0,20210600,1740.0,20210600,1736.9,20210400
2021-03-03 14:30:00,1711.8,20210600,1711.8,20210600,1709.6,20210400
2021-03-03 15:00:00,1716.3,20210600,1716.3,20210600,1714.2,20210400
2021-03-03 16:00:00,1721.0,20210600,1721.0,20210600,1717.2,20210400
2021-03-03 17:00:00,1718.1,20210600,1718.1,20210600,1715.5,20210400
2021-03-03 18:00:00,1721.0,20210600,1721.0,20210600,1717.4,20210400
2021-03-03 19:00:00,1717.7,20210600,1717.7,20210600,1713.9,20210400
2021-03-03 20:00:00,1717.0,20210600,1717.0,20210600,1713.4,20210400
2021-03-03 21:00:00,1711.9,20210600,1711.9,20210600,1709.3,20210400
2021-03-04 14:30:00,1715.3,20210600,1715.3,20210600,1712.5,20210400
2021-03-04 15:00:00,1720.3,20210600,1720.3,20210600,1717.1,20210400
2021-03-04 16:00:00,1716.0,20210600,1716.0,20210600,1713.0,20210400
2021-03-04 17:00:00,1700.3,20210600,1700.3,20210600,1697.5,20210400
2021-03-04 18:00:00,1691.1,20210600,1691.1,20210600,1688.2,20210400
2021-03-04 19:00:00,1701.0,20210600,1701.0,20210600,1696.6,20210400
2021-03-04 20:00:00,1696.8,20210600,1696.8,20210600,1694.7,20210400
2021-03-04 21:00:00,1697.8,20210600,1697.8,20210600,1694.9,20210400
2021-03-05 14:30:00,1694.3,20210600,1694.3,20210600,1691.5,20210400
2021-03-05 15:00:00,1698.0,20210600,1698.0,20210600,1695.0,20210400
2021-03-05 16:00:00,1697.1,20210600,1697.1,20210600,1694.8,20210400
2021-03-05 17:00:00,1703.9,20210600,1703.9,20210600,1700.9,20210400
2021-03-05 18:00:00,1699.6,20210600,1699.6,20210600,1696.5,20210400
2021-03-05 19:00:00,1700.3,20210600,1700.3,20210600,1696.9,20210400
2021-03-05 20:00:00,1699.0,20210600,1699.0,20210600,1696.2,20210400
2021-03-05 21:00:00,1701.3,20210600,1701.3,20210600,1698.2,20210400
2021-03-08 14:30:00,1686.4,20210600,1686.4,20210600,1683.2,20210400
2021-03-08 15:00:00,1680.5,20210600,1680.5,20210600,1678.1,20210400
2021-03-08 16:00:00,1679.2,20210600,1679.2,20210600,1676.6,20210400
2021-03-08 17:00:00,1680.4,20210600,1680.4,20210600,1677.4,20210400
2021-03-08 18:00:00,1679.8,20210600,1679.8,20210600,1677.1,20210400
2021-03-08 19:00:00,1684.2,20210600,1684.2,20210600,1681.5,20210400
2021-03-08 20:00:00,1681.9,20210600,1681.9,20210600,1678.6,20210400
2021-03-08 21:00:00,1682.3,20210600,1682.3,20210600,1679.8,20210400
2021-03-09 14:30:00,1719.1,20210600,1719.1,20210600,1716.0,20210400
2021-03-09 15:00:00,1714.2,20210600,1714.2,20210600,1711.3,20210400
2021-03-09 16:00:00,1716.4,20210600,1716.4,20210600,1713.4,20210400
2021-03-09 17:00:00,1717.6,20210600,1717.6,20210600,1714.8,20210400
2021-03-09 18:00:00,1717.2,20210600,1717.2,20210600,1714.2,20210400
2021-03-09 19:00:00,1717.7,20210600,1717.7,20210600,1715.0,20210400
2021-03-09 20:00:00,1717.6,20210600,1717.6,20210600,1714.3,20210400
2021-03-09 21:00:00,1715.4,20210600,1715.4,20210600,1714.1,20210400
2021-03-10 14:30:00,1718.8,20210600,1718.8,20210600,1716.1,20210400
2021-03-10 15:00:00,1719.4,20210600,1719.4,20210600,1716.8,20210400
2021-03-10 16:00:00,1720.0,20210600,1720.0,20210600,1717.4,20210400
2021-03-10 17:00:00,1720.5,20210600,1720.5,20210600,1717.5,20210400
2021-03-10 18:00:00,1724.4,20210600,1724.4,20210600,1721.7,20210400
2021-03-10 19:00:00,1725.0,20210600,1725.0,20210600,1722.3,20210400
2021-03-10 20:00:00,1727.1,20210600,1727.1,20210600,1724.5,20210400
2021-03-10 21:00:00,1727.8,20210600,1727.8,20210600,1725.0,20210400
2021-03-11 14:30:00,1723.2,20210600,1723.2,20210600,1720.7,20210400
2021-03-11 15:00:00,1726.0,20210600,1726.0,20210600,1723.3,20210400
2021-03-11 16:00:00,1725.0,20210600,1725.0,20210600,1722.8,20210400
2021-03-11 17:00:00,1724.0,20210600,1724.0,20210600,1721.5,20210400
2021-03-11 18:00:00,1725.2,20210600,1725.2,20210600,1722.7,20210400
2021-03-11 19:00:00,1725.8,20210600,1725.8,20210600,1723.1,20210400
2021-03-11 20:00:00,1724.1,20210600,1724.1,20210600,1721.4,20210400
2021-03-11 21:00:00,1722.7,20210600,1722.7,20210600,1721.0,20210400
2021-03-12 14:30:00,1707.0,20210600,1707.0,20210600,1704.3,20210400
2021-03-12 15:00:00,1708.0,20210600,1708.0,20210600,1705.4,20210400
2021-03-12 16:00:00,1718.7,20210600,1718.7,20210600,1716.7,20210400
2021-03-12 17:00:00,1720.4,20210600,1720.4,20210600,1717.7,20210400
2021-03-12 18:00:00,1725.6,20210600,1725.6,20210600,1722.8,20210400
2021-03-12 19:00:00,1723.7,20210600,1723.7,20210600,1721.0,20210400
2021-03-12 20:00:00,1724.5,20210600,1724.5,20210600,1722.2,20210400
2021-03-12 21:00:00,1728.3,20210600,1728.3,20210600,1725.8,20210400
2021-03-15 13:30:00,1735.0,20210600,1735.0,20210600,1732.6,20210400
2021-03-15 14:00:00,1725.6,20210600,1725.6,20210600,1722.5,20210400
2021-03-15 15:00:00,1728.2,20210600,1728.2,20210600,1725.9,20210400
2021-03-15 16:00:00,1730.3,20210600,1730.3,20210600,1727.6,20210400
2021-03-15 17:00:00,1730.8,20210600,1730.8,20210600,1728.0,20210400
2021-03-15 18:00:00,1729.4,20210600,1729.4,20210600,1727.3,20210400
2021-03-15 19:00:00,1732.5,20210600,1732.5,20210600,1729.4,20210400
2021-03-15 20:00:00,1732.5,20210600,1732.5,20210600,1730.0,20210400
2021-03-16 13:30:00,1735.2,20210600,1735.2,20210600,1732.9,20210400
2021-03-16 14:00:00,1734.7,20210600,1734.7,20210600,1732.5,20210400
2021-03-16 15:00:00,1729.9,20210600,1729.9,20210600,1727.2,20210400
2021-03-16 16:00:00,1731.4,20210600,1731.4,20210600,1729.1,20210400
2021-03-16 17:00:00,1730.2,20210600,1730.2,20210600,1727.4,20210400
2021-03-16 18:00:00,1730.8,20210600,1730.8,20210600,1728.8,20210400
2021-03-16 19:00:00,1733.7,20210600,1733.7,20210600,1731.1,20210400
2021-03-16 20:00:00,1732.4,20210600,1732.4,20210600,1730.5,20210400
2021-03-17 13:30:00,1729.3,20210600,1729.3,20210600,1727.0,20210400
2021-03-17 14:00:00,1732.5,20210600,1732.5,20210600,1730.3,20210400
2021-03-17 15:00:00,1727.5,20210600,1727.5,20210600,1725.6,20210400
2021-03-17 16:00:00,1728.0,20210600,1728.0,20210600,1726.7,20210400
2021-03-17 17:00:00,1730.7,20210600,1730.7,20210600,1728.4,20210400
2021-03-17 18:00:00,1751.0,20210600,1751.0,20210600,1748.5,20210400
2021-03-17 19:00:00,1746.2,20210600,1746.2,20210600,1744.2,20210400
2021-03-17 20:00:00,1745.5,20210600,1745.5,20210600,1743.6,20210400
2021-03-18 13:30:00,1722.0,20210600,1722.0,20210600,1721.0,20210400
2021-03-18 14:00:00,1729.2,20210600,1729.2,20210600,1726.6,20210400
2021-03-18 15:00:00,1730.8,20210600,1730.8,20210600,1728.8,20210400
2021-03-18 16:00:00,1731.6,20210600,1731.6,20210600,1729.5,20210400
2021-03-18 17:00:00,1735.4,20210600,1735.4,20210600,1733.0,20210400
2021-03-18 18:00:00,1734.6,20210600,1734.6,20210600,1732.9,20210400
2021-03-18 19:00:00,1734.8,20210600,1734.8,20210600,1732.9,20210400
2021-03-18 20:00:00,1736.5,20210600,1736.5,20210600,1734.7,20210400
2021-03-19 13:30:00,1737.5,20210600,1737.5,20210600,1734.9,20210400
2021-03-19 14:00:00,1736.0,20210600,1736.0,20210600,1734.1,20210400
2021-03-19 15:00:00,1741.3,20210600,1741.3,20210600,1739.0,20210400
2021-03-19 16:00:00,1743.7,20210600,1743.7,20210600,1741.4,20210400
2021-03-19 17:00:00,1743.7,20210600,1743.7,20210600,1741.6,20210400
2021-03-19 18:00:00,1743.6,20210600,1743.6,20210600,1741.3,20210400
2021-03-19 19:00:00,1743.9,20210600,1743.9,20210600,1741.7,20210400
2021-03-19 20:00:00,1747.2,20210600,1747.2,20210600,1744.8,20210400
2021-03-22 13:30:00,1734.3,20210600,1734.3,20210600,1732.1,20210400
2021-03-22 14:00:00,1738.8,20210600,1738.8,20210600,1736.6,20210400
2021-03-22 15:00:00,1739.4,20210600,1739.4,20210600,1737.2,20210400
2021-03-22 16:00:00,1741.8,20210600,1741.8,20210600,1739.6,20210400
2021-03-22 17:00:00,1741.8,20210600,1741.8,20210600,1739.8,20210400
2021-03-22 18:00:00,1740.8,20210600,1740.8,20210600,1738.7,20210400
2021-03-22 19:00:00,1741.0,20210600,1741.0,20210600,1738.9,20210400
2021-03-22 20:00:00,1739.9,20210600,1739.9,20210600,1737.6,20210400
2021-03-23 13:30:00,1731.6,20210600,1731.6,20210600,1729.4,20210400
2021-03-23 14:00:00,1730.5,20210600,1730.5,20210600,1728.1,20210400
2021-03-23 15:00:00,1730.8,20210600,1730.8,20210600,1728.7,20210400
2021-03-23 16:00:00,1727.9,20210600,1727.9,20210600,1725.4,20210400
2021-03-23 17:00:00,1728.6,20210600,1728.6,20210600,1726.2,20210400
2021-03-23 18:00:00,1727.6,20210600,1727.6,20210600,1725.3,20210400
2021-03-23 19:00:00,1728.1,20210600,1728.1,20210600,1725.9,20210400
2021-03-23 20:00:00,1728.3,20210600,1728.3,20210600,1725.9,20210400
2021-03-24 13:30:00,1731.5,20210600,1731.5,20210600,1729.1,20210400
2021-03-24 14:00:00,1733.1,20210600,1733.1,20210600,1730.4,20210400
2021-03-24 15:00:00,1735.0,20210600,1735.0,20210600,1732.6,20210400
2021-03-24 16:00:00,1735.6,20210600,1735.6,20210600,1733.4,20210400
2021-03-24 17:00:00,1736.5,20210600,1736.5,20210600,1734.3,20210400
2021-03-24 18:00:00,1736.1,20210600,1736.1,20210600,1733.6,20210400
2021-03-24 19:00:00,1734.6,20210600,1734.6,20210600,1732.3,20210400
2021-03-24 20:00:00,1735.0,20210600,1735.0,20210600,1732.5,20210400
2021-03-25 13:30:00,1740.2,20210600,1740.2,20210600,1737.8,20210400
2021-03-25 14:00:00,1737.8,20210600,1737.8,20210600,1735.6,20210400
2021-03-25 15:00:00,1731.8,20210600,1731.8,20210600,1729.6,20210400
2021-03-25 16:00:00,1729.4,20210600,1729.4,20210600,1727.1,20210400
2021-03-25 17:00:00,1728.3,20210600,1728.3,20210600,1726.2,20210400
2021-03-25 18:00:00,1731.5,20210600,1731.5,20210600,1729.1,20210400
2021-03-25 19:00:00,1727.3,20210600,1727.3,20210600,1725.2,20210400
2021-03-25 20:00:00,1727.6,20210600,1727.6,20210600,1725.4,20210400
2021-03-26 13:30:00,1729.5,20210600,1729.5,20210600,1727.2,20210400
2021-03-26 14:00:00,1732.1,20210600,1732.1,20210600,1729.7,20210400
2021-03-26 15:00:00,1735.2,20210600,1735.2,20210600,1732.7,20210400
2021-03-26 16:00:00,1733.4,20210600,1733.4,20210600,1730.9,20210400
2021-03-26 17:00:00,1732.8,20210600,1732.8,20210600,1730.3,20210400
2021-03-26 18:00:00,1732.4,20210600,1732.4,20210600,1730.0,20210400
2021-03-26 19:00:00,1733.1,20210600,1733.1,20210600,1730.5,20210400
2021-03-26 20:00:00,1734.1,20210600,1734.1,20210600,1731.5,20210400
2021-03-29 15:30:00,1710.9,20210600,1710.9,20210600,1708.4,20210400
2021-03-29 16:00:00,1711.2,20210600,1711.2,20210600,1709.0,20210400
2021-03-29 17:00:00,1711.9,20210600,1711.9,20210600,1709.6,20210400
2021-03-29 18:00:00,1713.9,20210600,1713.9,20210600,1711.4,20210400
2021-03-29 19:00:00,1712.3,20210600,1712.3,20210600,1710.0,20210400
2021-03-29 20:00:00,1710.9,20210600,1710.9,20210600,1708.6,20210400
2021-03-29 21:00:00,1712.0,20210600,1712.0,20210600,1709.7,20210400
2021-03-29 22:00:00,1712.9,20210600,1712.9,20210600,1710.0,20210400
2021-03-30 15:30:00,1688.2,20210600,1688.2,20210600,1686.0,20210400
2021-03-30 16:00:00,1684.3,20210600,1684.3,20210600,1682.1,20210400
2021-03-30 17:00:00,1687.0,20210600,1687.0,20210600,1684.5,20210400
2021-03-30 18:00:00,1685.6,20210600,1685.6,20210600,1683.6,20210400
2021-03-30 19:00:00,1684.4,20210600,1684.4,20210600,1682.8,20210400
2021-03-30 20:00:00,1682.1,20210600,1682.1,20210600,1680.4,20210400
2021-03-30 21:00:00,1682.7,20210600,1682.7,20210600,1680.7,20210400
2021-03-30 22:00:00,1685.9,20210600,1685.9,20210600,1683.3,20210400
2021-03-31 15:30:00,1697.6,20210600,1697.6,20210600,1696.1,20210400
2021-03-31 16:00:00,1704.5,20210600,1704.5,20210600,1703.8,20210400
2021-03-31 17:00:00,1708.9,20210600,1708.9,20210600,1706.9,20210400
2021-03-31 18:00:00,1712.8,20210600,1712.8,20210600,1709.2,20210400
2021-03-31 19:00:00,1711.7,20210600,1711.7,20210600,1709.9,20210400
2021-03-31 20:00:00,1708.5,20210600,1708.5,20210600,1707.2,20210400
2021-03-31 21:00:00,1708.9,20210600,1708.9,20210600,1706.1,20210400
2021-03-31 22:00:00,1708.6,20210600,1708.6,20210600,1706.6,20210400
2021-04-01 15:30:00,1725.7,20210600,1725.7,20210600,1725.3,20210400
2021-04-01 16:00:00,1729.8,20210600,1729.8,20210600,1725.6,20210400
2021-04-01 17:00:00,1729.4,20210600,1729.4,20210600,1727.1,20210400
2021-04-01 18:00:00,1726.9,20210600,1726.9,20210600,1726.0,20210400
2021-04-01 19:00:00,1729.2,20210600,1729.2,20210600,1726.8,20210400
2021-04-01 20:00:00,1727.6,20210600,1727.6,20210600,1725.6,20210400
2021-04-01 21:00:00,1730.1,20210600,1730.1,20210600,1728.0,20210400
2021-04-01 22:00:00,1730.3,20210600,1730.3,20210600,1728.8,20210400
2021-04-01 23:00:00,1728.4,20210600,1728.4,20210600,1726.5,20210400
2021-04-05 15:30:00,1727.6,20210600,1727.6,20210600,1722.5,20210400
2021-04-05 16:00:00,1729.8,20210600,1729.8,20210600,1725.7,20210400
2021-04-05 17:00:00,1731.2,20210600,1731.2,20210600,1729.5,20210400
2021-04-05 18:00:00,1729.2,20210600,1729.2,20210600,1729.5,20210400
2021-04-05 19:00:00,1726.2,20210600,1726.2,20210600,1729.5,20210400
2021-04-05 20:00:00,1726.8,20210600,1726.8,20210600,1725.2,20210400
2021-04-05 21:00:00,1729.1,20210600,1729.1,20210600,1727.6,20210400
2021-04-05 22:00:00,1729.2,20210600,1729.2,20210600,1727.6,20210400
2021-04-06 15:30:00,1742.0,20210600,1742.0,20210600,1741.2,20210400
2021-04-06 16:00:00,1744.7,20210600,1744.7,20210600,1743.2,20210400
2021-04-06 17:00:00,1746.4,20210600,1746.4,20210600,1744.8,20210400
2021-04-06 18:00:00,1744.3,20210600,1744.3,20210600,1742.5,20210400
2021-04-06 19:00:00,1744.8,20210600,1744.8,20210600,1742.9,20210400
2021-04-06 20:00:00,1744.5,20210600,1744.5,20210600,1742.9,20210400
2021-04-06 20:00:01,1745.9,20210800,1745.9,20210800,1744.5,20210600
2021-04-06 21:00:00,1745.3,20210800,1745.3,20210800,1743.8,20210600
2021-04-06 22:00:00,1746.8,20210800,1746.8,20210800,1744.4,20210600
2021-04-07 15:30:00,1742.8,20210800,1742.8,20210800,1740.7,20210600
2021-04-07 16:00:00,1743.9,20210800,1743.9,20210800,1742.1,20210600
2021-04-07 17:00:00,1744.0,20210800,1744.0,20210800,1742.0,20210600
2021-04-07 18:00:00,1743.0,20210800,1743.0,20210800,1741.2,20210600
2021-04-07 19:00:00,1743.4,20210800,1743.4,20210800,1741.3,20210600
2021-04-07 20:00:00,1742.7,20210800,1742.7,20210800,1740.0,20210600
2021-04-07 21:00:00,1738.5,20210800,1738.5,20210800,1738.1,20210600
2021-04-07 22:00:00,1739.9,20210800,1739.9,20210800,1738.5,20210600
2021-04-08 15:30:00,1757.8,20210800,1757.8,20210800,1754.8,20210600
2021-04-08 16:00:00,1758.2,20210800,1758.2,20210800,1756.8,20210600
2021-04-08 17:00:00,1758.8,20210800,1758.8,20210800,1756.6,20210600
2021-04-08 18:00:00,1760.1,20210800,1760.1,20210800,1757.9,20210600
2021-04-08 19:00:00,1758.0,20210800,1758.0,20210800,1755.8,20210600
2021-04-08 20:00:00,1757.5,20210800,1757.5,20210800,1755.9,20210600
2021-04-08 21:00:00,1758.7,20210800,1758.7,20210800,1756.7,20210600
2021-04-08 22:00:00,1760.1,20210800,1760.1,20210800,1756.5,20210600
2021-04-09 15:30:00,1742.8,20210800,1742.8,20210800,1740.1,20210600
2021-04-09 16:00:00,1748.0,20210800,1748.0,20210800,1745.5,20210600
2021-04-09 17:00:00,1747.1,20210800,1747.1,20210800,1745.2,20210600
2021-04-09 18:00:00,1747.8,20210800,1747.8,20210800,1745.4,20210600
2021-04-09 19:00:00,1746.3,20210800,1746.3,20210800,1744.1,20210600
2021-04-09 20:00:00,1745.5,20210800,1745.5,20210800,1743.8,20210600
2021-04-09 21:00:00,1746.2,20210800,1746.2,20210800,1743.8,20210600
2021-04-09 22:00:00,1745.6,20210800,1745.6,20210800,1744.1,20210600
2021-04-12 15:30:00,1734.0,20210800,1734.0,20210800,1733.1,20210600
2021-04-12 16:00:00,1735.8,20210800,1735.8,20210800,1733.8,20210600
2021-04-12 17:00:00,1733.7,20210800,1733.7,20210800,1732.1,20210600
2021-04-12 18:00:00,1734.4,20210800,1734.4,20210800,1732.7,20210600
2021-04-12 19:00:00,1734.4,20210800,1734.4,20210800,1731.6,20210600
2021-04-12 20:00:00,1732.1,20210800,1732.1,20210800,1730.1,20210600
2021-04-12 21:00:00,1733.4,20210800,1733.4,20210800,1732.4,20210600
2021-04-12 22:00:00,1734.6,20210800,1734.6,20210800,1732.6,20210600
2021-04-13 15:30:00,1751.0,20210800,1751.0,20210800,1748.6,20210600
2021-04-13 16:00:00,1746.0,20210800,1746.0,20210800,1743.3,20210600
2021-04-13 17:00:00,1745.4,20210800,1745.4,20210800,1744.0,20210600
2021-04-13 18:00:00,1745.0,20210800,1745.0,20210800,1742.9,20210600
2021-04-13 19:00:00,1748.2,20210800,1748.2,20210800,1745.6,20210600
2021-04-13 20:00:00,1747.8,20210800,1747.8,20210800,1745.8,20210600
2021-04-13 21:00:00,1747.1,20210800,1747.1,20210800,1745.5,20210600
2021-04-13 22:00:00,1747.9,20210800,1747.9,20210800,1746.2,20210600
2021-04-14 15:30:00,1738.6,20210800,1738.6,20210800,1736.5,20210600
2021-04-14 16:00:00,1739.4,20210800,1739.4,20210800,1737.5,20210600
2021-04-14 17:00:00,1738.7,20210800,1738.7,20210800,1736.8,20210600
2021-04-14 18:00:00,1739.0,20210800,1739.0,20210800,1736.6,20210600
2021-04-14 19:00:00,1737.4,20210800,1737.4,20210800,1735.7,20210600
2021-04-14 20:00:00,1738.1,20210800,1738.1,20210800,1736.2,20210600
2021-04-14 21:00:00,1738.9,20210800,1738.9,20210800,1737.3,20210600
2021-04-14 22:00:00,1739.1,20210800,1739.1,20210800,1736.5,20210600
2021-04-15 15:30:00,1756.8,20210800,1756.8,20210800,1755.1,20210600
2021-04-15 16:00:00,1767.7,20210800,1767.7,20210800,1765.6,20210600
2021-04-15 17:00:00,1770.8,20210800,1770.8,20210800,1767.3,20210600
2021-04-15 18:00:00,1770.3,20210800,1770.3,20210800,1768.3,20210600
2021-04-15 19:00:00,1769.1,20210800,1769.1,20210800,1767.1,20210600
2021-04-15 20:00:00,1769.3,20210800,1769.3,20210800,1767.5,20210600
2021-04-15 21:00:00,1767.5,20210800,1767.5,20210800,1765.5,20210600
2021-04-15 22:00:00,1766.0,20210800,1766.0,20210800,1764.4,20210600
2021-04-16 15:30:00,1775.0,20210800,1775.0,20210800,1773.1,20210600
2021-04-16 16:00:00,1781.7,20210800,1781.7,20210800,1780.0,20210600
2021-04-16 17:00:00,1781.3,20210800,1781.3,20210800,1779.6,20210600
2021-04-16 18:00:00,1781.5,20210800,1781.5,20210800,1780.5,20210600
2021-04-16 19:00:00,1780.6,20210800,1780.6,20210800,1778.8,20210600
2021-04-16 20:00:00,1781.1,20210800,1781.1,20210800,1779.1,20210600
2021-04-16 21:00:00,1778.2,20210800,1778.2,20210800,1776.8,20210600
2021-04-16 22:00:00,1778.8,20210800,1778.8,20210800,1777.3,20210600
2021-04-19 15:30:00,1775.9,20210800,1775.9,20210800,1773.6,20210600
2021-04-19 16:00:00,1777.9,20210800,1777.9,20210800,1775.8,20210600
2021-04-19 17:00:00,1774.3,20210800,1774.3,20210800,1772.2,20210600
2021-04-19 18:00:00,1773.6,20210800,1773.6,20210800,1771.5,20210600
2021-04-19 19:00:00,1773.4,20210800,1773.4,20210800,1771.5,20210600
2021-04-19 20:00:00,1773.6,20210800,1773.6,20210800,1771.5,20210600
2021-04-19 21:00:00,1772.5,20210800,1772.5,20210800,1771.0,20210600
2021-04-19 22:00:00,1772.4,20210800,1772.4,20210800,1771.2,20210600
2021-04-20 15:30:00,1775.9,20210800,1775.9,20210800,1773.9,20210600
2021-04-20 16:00:00,1777.7,20210800,1777.7,20210800,1775.6,20210600
2021-04-20 17:00:00,1780.9,20210800,1780.9,20210800,1778.9,20210600
2021-04-20 18:00:00,1780.8,20210800,1780.8,20210800,1778.2,20210600
2021-04-20 19:00:00,1779.7,20210800,1779.7,20210800,1777.9,20210600
2021-04-20 20:00:00,1779.7,20210800,1779.7,20210800,1778.0,20210600
2021-04-20 21:00:00,1780.0,20210800,1780.0,20210800,1777.8,20210600
2021-04-20 22:00:00,1781.1,20210800,1781.1,20210800,1779.2,20210600
2021-04-21 15:30:00,1798.5,20210800,1798.5,20210800,1796.4,20210600
2021-04-21 16:00:00,1793.7,20210800,1793.7,20210800,1791.5,20210600
2021-04-21 17:00:00,1795.4,20210800,1795.4,20210800,1793.2,20210600
2021-04-21 18:00:00,1793.5,20210800,1793.5,20210800,1791.4,20210600
2021-04-21 19:00:00,1795.0,20210800,1795.0,20210800,1792.6,20210600
2021-04-21 20:00:00,1795.6,20210800,1795.6,20210800,1793.7,20210600
2021-04-21 21:00:00,1796.9,20210800,1796.9,20210800,1795.2,20210600
2021-04-21 22:00:00,1796.5,20210800,1796.5,20210800,1794.3,20210600
2021-04-22 15:30:00,1790.0,20210800,1790.0,20210800,1787.4,20210600
2021-04-22 16:00:00,1787.7,20210800,1787.7,20210800,1785.1,20210600
2021-04-22 17:00:00,1782.7,20210800,1782.7,20210800,1780.8,20210600
2021-04-22 18:00:00,1783.2,20210800,1783.2,20210800,1781.8,20210600
2021-04-22 19:00:00,1784.3,20210800,1784.3,20210800,1782.4,20210600
2021-04-22 20:00:00,1784.4,20210800,1784.4,20210800,1782.7,20210600
2021-04-22 21:00:00,1786.0,20210800,1786.0,20210800,1783.7,20210600
2021-04-22 22:00:00,1786.3,20210800,1786.3,20210800,1784.0,20210600
2021-04-23 15:30:00,1783.9,20210800,1783.9,20210800,1781.4,20210600
2021-04-23 16:00:00,1775.6,20210800,1775.6,20210800,1774.0,20210600
2021-04-23 17:00:00,1778.8,20210800,1778.8,20210800,1776.3,20210600
2021-04-23 18:00:00,1779.7,20210800,1779.7,20210800,1777.3,20210600
2021-04-23 19:00:00,1779.0,20210800,1779.0,20210800,1777.4,20210600
2021-04-23 20:00:00,1778.8,20210800,1778.8,20210800,1776.7,20210600
2021-04-23 21:00:00,1778.7,20210800,1778.7,20210800,1776.3,20210600
2021-04-23 22:00:00,1778.5,20210800,1778.5,20210800,1776.7,20210600
2021-04-26 15:30:00,1777.4,20210800,1777.4,20210800,1776.4,20210600
2021-04-26 16:00:00,1780.2,20210800,1780.2,20210800,1777.8,20210600
2021-04-26 17:00:00,1780.8,20210800,1780.8,20210800,1779.1,20210600
2021-04-26 18:00:00,1781.1,20210800,1781.1,20210800,1779.0,20210600
2021-04-26 19:00:00,1782.0,20210800,1782.0,20210800,1779.9,20210600
2021-04-26 20:00:00,1782.3,20210800,1782.3,20210800,1780.0,20210600
2021-04-26 21:00:00,1783.1,20210800,1783.1,20210800,1781.0,20210600
2021-04-26 22:00:00,1783.8,20210800,1783.8,20210800,1781.1,20210600
2021-04-27 15:30:00,1784.8,20210800,1784.8,20210800,1783.1,20210600
2021-04-27 16:00:00,1783.2,20210800,1783.2,20210800,1780.9,20210600
2021-04-27 17:00:00,1780.1,20210800,1780.1,20210800,1778.1,20210600
2021-04-27 18:00:00,1779.8,20210800,1779.8,20210800,1778.0,20210600
2021-04-27 19:00:00,1779.4,20210800,1779.4,20210800,1776.9,20210600
2021-04-27 20:00:00,1778.8,20210800,1778.8,20210800,1776.4,20210600
2021-04-27 21:00:00,1778.3,20210800,1778.3,20210800,1776.2,20210600
2021-04-27 22:00:00,1778.9,20210800,1778.9,20210800,1776.1,20210600
2021-04-27 23:00:00,1781.0,20210800,1781.0,20210800,1778.8,20210600
2021-04-28 15:30:00,1775.4,20210800,1775.4,20210800,1773.5,20210600
2021-04-28 16:00:00,1773.8,20210800,1773.8,20210800,1771.8,20210600
2021-04-28 17:00:00,1776.5,20210800,1776.5,20210800,1774.3,20210600
2021-04-28 18:00:00,1776.7,20210800,1776.7,20210800,1774.5,20210600
2021-04-28 19:00:00,1775.6,20210800,1775.6,20210800,1773.6,20210600
2021-04-28 20:00:00,1784.1,20210800,1784.1,20210800,1781.7,20210600
2021-04-28 21:00:00,1783.9,20210800,1783.9,20210800,1782.0,20210600
2021-04-28 22:00:00,1783.6,20210800,1783.6,20210800,1781.6,20210600
2021-04-29 15:30:00,1758.6,20210800,1758.6,20210800,1756.4,20210600
2021-04-29 16:00:00,1771.0,20210800,1771.0,20210800,1768.2,20210600
2021-04-29 17:00:00,1767.9,20210800,1767.9,20210800,1766.4,20210600
2021-04-29 18:00:00,1770.0,20210800,1770.0,20210800,1768.2,20210600
2021-04-29 19:00:00,1769.6,20210800,1769.6,20210800,1767.6,20210600
2021-04-29 20:00:00,1775.0,20210800,1775.0,20210800,1772.9,20210600
2021-04-29 21:00:00,1775.7,20210800,1775.7,20210800,1774.2,20210600
2021-04-29 22:00:00,1773.9,20210800,1773.9,20210800,1772.0,20210600
2021-04-30 15:30:00,1770.1,20210800,1770.1,20210800,1768.5,20210600
2021-04-30 16:00:00,1772.4,20210800,1772.4,20210800,1770.1,20210600
2021-04-30 17:00:00,1768.6,20210800,1768.6,20210800,1766.4,20210600
2021-04-30 18:00:00,1769.0,20210800,1769.0,20210800,1767.2,20210600
2021-04-30 19:00:00,1771.4,20210800,1771.4,20210800,1769.2,20210600
2021-04-30 20:00:00,1768.9,20210800,1768.9,20210800,1768.0,20210600
2021-04-30 21:00:00,1769.9,20210800,1769.9,20210800,1767.8,20210600
2021-04-30 22:00:00,1770.4,20210800,1770.4,20210800,1768.8,20210600
2021-05-03 15:30:00,1794.3,20210800,1794.3,20210800,1792.4,20210600
2021-05-03 16:00:00,1796.5,20210800,1796.5,20210800,1794.5,20210600
2021-05-03 17:00:00,1795.1,20210800,1795.1,20210800,1792.6,20210600
2021-05-03 18:00:00,1795.3,20210800,1795.3,20210800,1793.2,20210600
2021-05-03 19:00:00,1794.2,20210800,1794.2,20210800,1792.0,20210600
2021-05-03 20:00:00,1794.6,20210800,1794.6,20210800,1792.5,20210600
2021-05-03 21:00:00,1794.1,20210800,1794.1,20210800,1791.9,20210600
2021-05-03 22:00:00,1795.6,20210800,1795.6,20210800,1793.1,20210600
2021-05-04 15:30:00,1796.8,20210800,1796.8,20210800,1794.8,20210600
2021-05-04 16:00:00,1796.7,20210800,1796.7,20210800,1794.5,20210600
2021-05-04 17:00:00,1777.5,20210800,1777.5,20210800,1774.9,20210600
2021-05-04 18:00:00,1777.6,20210800,1777.6,20210800,1775.4,20210600
2021-05-04 19:00:00,1779.8,20210800,1779.8,20210800,1777.8,20210600
2021-05-04 20:00:00,1780.3,20210800,1780.3,20210800,1777.2,20210600
2021-05-04 21:00:00,1780.0,20210800,1780.0,20210800,1777.6,20210600
2021-05-04 22:00:00,1781.3,20210800,1781.3,20210800,1778.6,20210600
2021-05-04 23:00:00,1778.2,20210800,1778.2,20210800,1776.0,20210600
2021-05-05 15:30:00,1782.4,20210800,1782.4,20210800,1781.2,20210600
2021-05-05 16:00:00,1785.1,20210800,1785.1,20210800,1782.8,20210600
2021-05-05 17:00:00,1785.9,20210800,1785.9,20210800,1784.0,20210600
2021-05-05 18:00:00,1786.1,20210800,1786.1,20210800,1784.0,20210600
2021-05-05 19:00:00,1786.6,20210800,1786.6,20210800,1784.1,20210600
2021-05-05 20:00:00,1786.3,20210800,1786.3,20210800,1784.5,20210600
2021-05-05 21:00:00,1788.0,20210800,1788.0,20210800,1786.0,20210600
2021-05-05 22:00:00,1789.0,20210800,1789.0,20210800,1786.6,20210600
2021-05-06 15:30:00,1815.5,20210800,1815.5,20210800,1813.1,20210600
2021-05-06 16:00:00,1817.3,20210800,1817.3,20210800,1815.9,20210600
2021-05-06 17:00:00,1816.4,20210800,1816.4,20210800,1814.6,20210600
2021-05-06 18:00:00,1818.4,20210800,1818.4,20210800,1816.1,20210600
2021-05-06 19:00:00,1817.2,20210800,1817.2,20210800,1815.3,20210600
2021-05-06 20:00:00,1815.6,20210800,1815.6,20210800,1814.3,20210600
2021-05-06 21:00:00,1816.7,20210800,1816.7,20210800,1815.4,20210600
2021-05-06 22:00:00,1817.9,20210800,1817.9,20210800,1815.5,20210600
2021-05-07 15:30:00,1841.9,20210800,1841.9,20210800,1839.5,20210600
2021-05-07 16:00:00,1835.1,20210800,1835.1,20210800,1833.0,20210600
2021-05-07 17:00:00,1838.5,20210800,1838.5,20210800,1836.1,20210600
2021-05-07 18:00:00,1835.8,20210800,1835.8,20210800,1833.6,20210600
2021-05-07 19:00:00,1833.5,20210800,1833.5,20210800,1831.3,20210600
2021-05-07 20:00:00,1833.7,20210800,1833.7,20210800,1831.6,20210600
2021-05-07 21:00:00,1834.9,20210800,1834.9,20210800,1833.2,20210600
2021-05-07 22:00:00,1834.2,20210800,1834.2,20210800,1832.0,20210600
2021-05-10 15:30:00,1842.8,20210800,1842.8,20210800,1841.1,20210600
2021-05-10 16:00:00,1841.6,20210800,1841.6,20210800,1840.0,20210600
2021-05-10 17:00:00,1844.1,20210800,1844.1,20210800,1842.3,20210600
2021-05-10 18:00:00,1840.8,20210800,1840.8,20210800,1838.5,20210600
2021-05-10 19:00:00,1839.2,20210800,1839.2,20210800,1837.3,20210600
2021-05-10 20:00:00,1838.5,20210800,1838.5,20210800,1836.3,20210600
2021-05-10 21:00:00,1840.4,20210800,1840.4,20210800,1838.5,20210600
2021-05-10 22:00:00,1838.9,20210800,1838.9,20210800,1836.6,20210600
2021-05-11 15:30:00,1832.0,20210800,1832.0,20210800,1829.5,20210600
2021-05-11 16:00:00,1832.1,20210800,1832.1,20210800,1830.2,20210600
2021-05-11 17:00:00,1835.6,20210800,1835.6,20210800,1833.8,20210600
2021-05-11 18:00:00,1837.1,20210800,1837.1,20210800,1835.6,20210600
2021-05-11 19:00:00,1837.6,20210800,1837.6,20210800,1835.7,20210600
2021-05-11 20:00:00,1838.0,20210800,1838.0,20210800,1836.0,20210600
2021-05-11 21:00:00,1840.2,20210800,1840.2,20210800,1838.2,20210600
2021-05-11 22:00:00,1840.1,20210800,1840.1,20210800,1838.3,20210600
2021-05-11 23:00:00,1838.1,20210800,1838.1,20210800,1836.1,20210600
2021-05-12 15:30:00,1835.8,20210800,1835.8,20210800,1833.8,20210600
2021-05-12 16:00:00,1828.2,20210800,1828.2,20210800,1827.1,20210600
2021-05-12 17:00:00,1825.7,20210800,1825.7,20210800,1824.3,20210600
2021-05-12 18:00:00,1822.4,20210800,1822.4,20210800,1820.4,20210600
2021-05-12 19:00:00,1824.3,20210800,1824.3,20210800,1822.4,20210600
2021-05-12 20:00:00,1822.7,20210800,1822.7,20210800,1820.7,20210600
2021-05-12 21:00:00,1823.1,20210800,1823.1,20210800,1819.7,20210600
2021-05-12 22:00:00,1816.9,20210800,1816.9,20210800,1815.7,20210600
2021-05-12 23:00:00,1824.8,20210800,1824.8,20210800,1822.8,20210600
2021-05-13 15:30:00,1823.9,20210800,1823.9,20210800,1822.0,20210600
2021-05-13 16:00:00,1826.8,20210800,1826.8,20210800,1824.1,20210600
2021-05-13 17:00:00,1827.6,20210800,1827.6,20210800,1825.5,20210600
2021-05-13 18:00:00,1828.8,20210800,1828.8,20210800,1826.6,20210600
2021-05-13 19:00:00,1824.4,20210800,1824.4,20210800,1822.4,20210600
2021-05-13 20:00:00,1827.9,20210800,1827.9,20210800,1825.4,20210600
2021-05-13 21:00:00,1829.1,20210800,1829.1,20210800,1827.3,20210600
2021-05-13 22:00:00,1828.5,20210800,1828.5,20210800,1826.6,20210600
2021-05-14 15:30:00,1841.0,20210800,1841.0,20210800,1839.1,20210600
2021-05-14 16:00:00,1837.8,20210800,1837.8,20210800,1838.1,20210600
2021-05-14 17:00:00,1842.0,20210800,1842.0,20210800,1839.6,20210600
2021-05-14 18:00:00,1841.1,20210800,1841.1,20210800,1839.3,20210600
2021-05-14 19:00:00,1841.8,20210800,1841.8,20210800,1839.8,20210600
2021-05-14 20:00:00,1843.9,20210800,1843.9,20210800,1842.1,20210600
2021-05-14 21:00:00,1845.5,20210800,1845.5,20210800,1843.7,20210600
2021-05-14 22:00:00,1845.3,20210800,1845.3,20210800,1844.8,20210600
2021-05-17 15:30:00,1856.4,20210800,1856.4,20210800,1854.9,20210600
2021-05-17 16:00:00,1867.0,20210800,1867.0,20210800,1865.3,20210600
2021-05-17 17:00:00,1868.8,20210800,1868.8,20210800,1867.0,20210600
2021-05-17 18:00:00,1870.8,20210800,1870.8,20210800,1868.7,20210600
2021-05-17 19:00:00,1870.1,20210800,1870.1,20210800,1868.1,20210600
2021-05-17 20:00:00,1868.9,20210800,1868.9,20210800,1867.8,20210600
2021-05-17 21:00:00,1868.6,20210800,1868.6,20210800,1866.5,20210600
2021-05-17 22:00:00,1869.5,20210800,1869.5,20210800,1867.6,20210600
2021-05-18 15:30:00,1866.6,20210800,1866.6,20210800,1864.5,20210600
2021-05-18 16:00:00,1869.2,20210800,1869.2,20210800,1867.4,20210600
2021-05-18 17:00:00,1867.2,20210800,1867.2,20210800,1865.1,20210600
2021-05-18 18:00:00,1869.2,20210800,1869.2,20210800,1867.7,20210600
2021-05-18 19:00:00,1870.8,20210800,1870.8,20210800,1869.3,20210600
2021-05-18 20:00:00,1871.1,20210800,1871.1,20210800,1869.3,20210600
2021-05-18 21:00:00,1871.5,20210800,1871.5,20210800,1869.4,20210600
2021-05-18 22:00:00,1871.9,20210800,1871.9,20210800,1869.9,20210600
2021-05-19 15:30:00,1892.1,20210800,1892.1,20210800,1890.3,20210600
2021-05-19 16:00:00,1886.5,20210800,1886.5,20210800,1884.6,20210600
2021-05-19 17:00:00,1888.5,20210800,1888.5,20210800,1886.2,20210600
2021-05-19 18:00:00,1884.1,20210800,1884.1,20210800,1882.9,20210600
2021-05-19 19:00:00,1882.0,20210800,1882.0,20210800,1880.0,20210600
2021-05-19 20:00:00,1865.3,20210800,1865.3,20210800,1863.5,20210600
2021-05-19 21:00:00,1872.2,20210800,1872.2,20210800,1871.1,20210600
2021-05-19 22:00:00,1872.3,20210800,1872.3,20210800,1869.8,20210600
2021-05-20 15:30:00,1879.3,20210800,1879.3,20210800,1877.4,20210600
2021-05-20 16:00:00,1880.6,20210800,1880.6,20210800,1878.4,20210600
2021-05-20 17:00:00,1882.7,20210800,1882.7,20210800,1880.7,20210600
2021-05-20 18:00:00,1885.9,20210800,1885.9,20210800,1883.5,20210600
2021-05-20 19:00:00,1879.1,20210800,1879.1,20210800,1877.0,20210600
2021-05-20 20:00:00,1876.2,20210800,1876.2,20210800,1874.9,20210600
2021-05-20 21:00:00,1881.0,20210800,1881.0,20210800,1878.6,20210600
2021-05-20 22:00:00,1879.7,20210800,1879.7,20210800,1877.3,20210600
2021-05-21 15:30:00,1879.2,20210800,1879.2,20210800,1877.4,20210600
2021-05-21 16:00:00,1876.5,20210800,1876.5,20210800,1874.4,20210600
2021-05-21 17:00:00,1877.4,20210800,1877.4,20210800,1875.8,20210600
2021-05-21 18:00:00,1874.3,20210800,1874.3,20210800,1873.1,20210600
2021-05-21 19:00:00,1880.0,20210800,1880.0,20210800,1878.1,20210600
2021-05-21 20:00:00,1882.5,20210800,1882.5,20210800,1880.2,20210600
2021-05-21 21:00:00,1882.5,20210800,1882.5,20210800,1880.3,20210600
2021-05-21 22:00:00,1884.4,20210800,1884.4,20210800,1882.0,20210600
2021-05-24 15:30:00,1883.3,20210800,1883.3,20210800,1881.2,20210600
2021-05-24 16:00:00,1887.2,20210800,1887.2,20210800,1884.9,20210600
2021-05-24 17:00:00,1887.2,20210800,1887.2,20210800,1885.0,20210600
2021-05-24 18:00:00,1886.8,20210800,1886.8,20210800,1884.5,20210600
2021-05-24 19:00:00,1886.0,20210800,1886.0,20210800,1883.7,20210600
2021-05-24 20:00:00,1885.9,20210800,1885.9,20210800,1883.9,20210600
2021-05-24 21:00:00,1885.9,20210800,1885.9,20210800,1884.0,20210600
2021-05-24 21:00:01,1886.8,20211000,1886.8,20211000,1885.9,20210800
2021-05-24 22:00:00,1887.9,20211000,1887.9,20211000,1883.5,20210800
2021-05-25 15:30:00,1890.2,20211000,1890.2,20211000,1887.0,20210800
2021-05-25 16:00:00,1893.8,20211000,1893.8,20211000,1893.4,20210800
2021-05-25 17:00:00,1896.8,20211000,1896.8,20211000,1895.0,20210800
2021-05-25 18:00:00,1898.9,20211000,1898.9,20211000,1898.2,20210800
2021-05-25 19:00:00,1903.1,20211000,1903.1,20211000,1900.9,20210800
2021-05-25 20:00:00,1902.5,20211000,1902.5,20211000,1902.6,20210800
2021-05-25 21:00:00,1904.2,20211000,1904.2,20211000,1903.7,20210800
2021-05-25 22:00:00,1904.0,20211000,1904.0,20211000,1902.4,20210800
2021-05-26 15:30:00,1904.0,20211000,1904.0,20211000,1901.8,20210800
2021-05-26 16:00:00,1906.2,20211000,1906.2,20211000,1902.7,20210800
2021-05-26 17:00:00,1908.2,20211000,1908.2,20211000,1905.5,20210800
2021-05-26 18:00:00,1906.7,20211000,1906.7,20211000,1904.7,20210800
2021-05-26 19:00:00,1897.9,20211000,1897.9,20211000,1895.7,20210800
2021-05-26 20:00:00,1899.2,20211000,1899.2,20211000,1898.5,20210800
2021-05-26 21:00:00,1899.5,20211000,1899.5,20211000,1899.5,20210800
2021-05-26 22:00:00,1900.8,20211000,1900.8,20211000,1898.9,20210800
2021-05-27 15:30:00,1896.4,20211000,1896.4,20211000,1894.5,20210800
2021-05-27 16:00:00,1893.8,20211000,1893.8,20211000,1892.2,20210800
2021-05-27 17:00:00,1898.0,20211000,1898.0,20211000,1896.2,20210800
2021-05-27 18:00:00,1896.5,20211000,1896.5,20211000,1894.2,20210800
2021-05-27 19:00:00,1902.2,20211000,1902.2,20211000,1899.5,20210800
2021-05-27 20:00:00,1901.4,20211000,1901.4,20211000,1900.7,20210800
2021-05-27 21:00:00,1903.1,20211000,1903.1,20211000,1901.2,20210800
2021-05-27 22:00:00,1903.1,20211000,1903.1,20211000,1899.4,20210800
2021-05-28 15:30:00,1902.8,20211000,1902.8,20211000,1900.9,20210800
2021-05-28 16:00:00,1899.4,20211000,1899.4,20211000,1897.7,20210800
2021-05-28 17:00:00,1900.3,20211000,1900.3,20211000,1898.5,20210800
2021-05-28 18:00:00,1903.7,20211000,1903.7,20211000,1902.6,20210800
2021-05-28 19:00:00,1906.4,20211000,1906.4,20211000,1905.1,20210800
2021-05-28 20:00:00,1906.6,20211000,1906.6,20211000,1904.8,20210800
2021-05-28 21:00:00,1909.7,20211000,1909.7,20211000,1906.5,20210800
2021-05-28 22:00:00,1908.4,20211000,1908.4,20211000,1906.5,20210800
2021-05-28 23:00:00,1906.9,20211000,1906.9,20211000,1905.3,20210800
2021-06-01 15:30:00,1907.2,20211000,1907.2,20211000,1905.5,20210800
2021-06-01 16:00:00,1898.7,20211000,1898.7,20211000,1897.2,20210800
2021-06-01 17:00:00,1902.9,20211000,1902.9,20211000,1901.9,20210800
2021-06-01 18:00:00,1907.5,20211000,1907.5,20211000,1905.7,20210800
2021-06-01 19:00:00,1907.2,20211000,1907.2,20211000,1905.6,20210800
2021-06-01 20:00:00,1906.9,20211000,1906.9,20211000,1903.5,20210800
2021-06-01 21:00:00,1904.1,20211000,1904.1,20211000,1902.4,20210800
2021-06-01 22:00:00,1904.1,20211000,1904.1,20211000,1902.7,20210800
2021-06-02 15:30:00,1908.4,20211000,1908.4,20211000,1905.9,20210800
2021-06-02 16:00:00,1905.9,20211000,1905.9,20211000,1904.2,20210800
2021-06-02 17:00:00,1910.0,20211000,1910.0,20211000,1908.0,20210800
2021-06-02 18:00:00,1910.6,20211000,1910.6,20211000,1909.0,20210800
2021-06-02 19:00:00,1911.1,20211000,1911.1,20211000,1909.6,20210800
2021-06-02 20:00:00,1912.2,20211000,1912.2,20211000,1910.6,20210800
2021-06-02 21:00:00,1912.2,20211000,1912.2,20211000,1911.6,20210800
2021-06-02 22:00:00,1913.3,20211000,1913.3,20211000,1910.9,20210800
2021-06-03 15:30:00,1871.2,20211000,1871.2,20211000,1869.2,20210800
2021-06-03 16:00:00,1874.5,20211000,1874.5,20211000,1872.7,20210800
2021-06-03 17:00:00,1872.8,20211000,1872.8,20211000,1871.1,20210800
2021-06-03 18:00:00,1874.3,20211000,1874.3,20211000,1872.7,20210800
2021-06-03 19:00:00,1875.6,20211000,1875.6,20211000,1874.5,20210800
2021-06-03 20:00:00,1876.0,20211000,1876.0,20211000,1874.4,20210800
2021-06-03 21:00:00,1875.0,20211000,1875.0,20211000,1873.4,20210800
2021-06-03 22:00:00,1874.8,20211000,1874.8,20211000,1872.5,20210800
2021-06-04 15:30:00,1896.0,20211000,1896.0,20211000,1893.9,20210800
2021-06-04 16:00:00,1898.6,20211000,1898.6,20211000,1896.3,20210800
2021-06-04 17:00:00,1896.6,20211000,1896.6,20211000,1895.5,20210800
2021-06-04 18:00:00,1894.4,20211000,1894.4,20211000,1891.8,20210800
2021-06-04 19:00:00,1894.0,20211000,1894.0,20211000,1892.4,20210800
2021-06-04 20:00:00,1895.6,20211000,1895.6,20211000,1894.0,20210800
2021-06-04 21:00:00,1895.6,20211000,1895.6,20211000,1894.3,20210800
2021-06-04 22:00:00,1896.2,20211000,1896.2,20211000,1893.6,20210800
2021-06-07 15:30:00,1893.5,20211000,1893.5,20211000,1891.2,20210800
2021-06-07 16:00:00,1897.4,20211000,1897.4,20211000,1894.7,20210800
2021-06-07 17:00:00,1898.7,20211000,1898.7,20211000,1896.9,20210800
2021-06-07 18:00:00,1899.4,20211000,1899.4,20211000,1897.7,20210800
2021-06-07 19:00:00,1901.9,20211000,1901.9,20211000,1900.4,20210800
2021-06-07 20:00:00,1904.0,20211000,1904.0,20211000,1901.7,20210800
2021-06-07 21:00:00,1904.3,20211000,1904.3,20211000,1902.6,20210800
2021-06-07 22:00:00,1904.4,20211000,1904.4,20211000,1901.8,20210800
2021-06-08 15:30:00,1888.4,20211000,1888.4,20211000,1889.7,20210800
2021-06-08 16:00:00,1899.5,20211000,1899.5,20211000,1897.2,20210800
2021-06-08 17:00:00,1895.0,20211000,1895.0,20211000,1893.4,20210800
2021-06-08 18:00:00,1895.3,20211000,1895.3,20211000,1894.8,20210800
2021-06-08 19:00:00,1897.0,20211000,1897.0,20211000,1895.0,20210800
2021-06-08 20:00:00,1898.1,20211000,1898.1,20211000,1895.9,20210800
2021-06-08 21:00:00,1898.1,20211000,1898.1,20211000,1895.8,20210800
2021-06-08 22:00:00,1898.1,20211000,1898.1,20211000,1895.4,20210800
2021-06-09 15:30:00,1898.3,20211000,1898.3,20211000,1896.9,20210800
2021-06-09 16:00:00,1893.7,20211000,1893.7,20211000,1893.3,20210800
2021-06-09 17:00:00,1896.2,20211000,1896.2,20211000,1893.9,20210800
2021-06-09 18:00:00,1895.0,20211000,1895.0,20211000,1893.6,20210800
2021-06-09 19:00:00,1896.2,20211000,1896.2,20211000,1893.9,20210800
2021-06-09 20:00:00,1896.2,20211000,1896.2,20211000,1893.4,20210800
2021-06-09 21:00:00,1893.4,20211000,1893.4,20211000,1892.2,20210800
2021-06-09 22:00:00,1893.4,20211000,1893.4,20211000,1890.8,20210800
2021-06-10 15:30:00,1897.5,20211000,1897.5,20211000,1891.2,20210800
2021-06-10 16:00:00,1894.1,20211000,1894.1,20211000,1891.1,20210800
2021-06-10 17:00:00,1897.7,20211000,1897.7,20211000,1896.5,20210800
2021-06-10 18:00:00,1898.3,20211000,1898.3,20211000,1896.4,20210800
2021-06-10 19:00:00,1899.5,20211000,1899.5,20211000,1897.5,20210800
2021-06-10 20:00:00,1899.9,20211000,1899.9,20211000,1898.9,20210800
2021-06-10 21:00:00,1902.6,20211000,1902.6,20211000,1901.2,20210800
2021-06-10 22:00:00,1903.7,20211000,1903.7,20211000,1901.3,20210800
2021-06-11 15:30:00,1885.1,20211000,1885.1,20211000,1883.1,20210800
2021-06-11 16:00:00,1886.6,20211000,1886.6,20211000,1885.9,20210800
2021-06-11 17:00:00,1883.5,20211000,1883.5,20211000,1882.1,20210800
2021-06-11 18:00:00,1882.7,20211000,1882.7,20211000,1880.9,20210800
2021-06-11 19:00:00,1879.0,20211000,1879.0,20211000,1877.3,20210800
2021-06-11 20:00:00,1879.9,20211000,1879.9,20211000,1879.0,20210800
2021-06-11 21:00:00,1880.7,20211000,1880.7,20211000,1878.3,20210800
2021-06-11 22:00:00,1879.6,20211000,1879.6,20211000,1879.4,20210800
2021-06-14 15:30:00,1869.0,20211000,1869.0,20211000,1866.6,20210800
2021-06-14 16:00:00,1870.9,20211000,1870.9,20211000,1868.4,20210800
2021-06-14 17:00:00,1867.8,20211000,1867.8,20211000,1866.1,20210800
2021-06-14 18:00:00,1868.5,20211000,1868.5,20211000,1865.9,20210800
2021-06-14 19:00:00,1868.4,20211000,1868.4,20211000,1864.9,20210800
2021-06-14 20:00:00,1868.3,20211000,1868.3,20211000,1866.3,20210800
2021-06-14 21:00:00,1869.0,20211000,1869.0,20211000,1867.5,20210800
2021-06-14 22:00:00,1869.0,20211000,1869.0,20211000,1867.6,20210800
2021-06-15 15:30:00,1869.5,20211000,1869.5,20211000,1867.4,20210800
2021-06-15 16:00:00,1863.3,20211000,1863.3,20211000,1861.3,20210800
2021-06-15 17:00:00,1859.6,20211000,1859.6,20211000,1857.2,20210800
2021-06-15 18:00:00,1855.1,20211000,1855.1,20211000,1853.9,20210800
2021-06-15 19:00:00,1859.0,20211000,1859.0,20211000,1858.0,20210800
2021-06-15 20:00:00,1860.3,20211000,1860.3,20211000,1858.9,20210800
2021-06-15 21:00:00,1862.4,20211000,1862.4,20211000,1860.7,20210800
2021-06-15 22:00:00,1862.4,20211000,1862.4,20211000,1860.2,20210800
2021-06-16 15:30:00,1863.0,20211000,1863.0,20211000,1860.7,20210800
2021-06-16 16:00:00,1859.6,20211000,1859.6,20211000,1858.2,20210800
2021-06-16 17:00:00,1863.1,20211000,1863.1,20211000,1861.8,20210800
2021-06-16 18:00:00,1863.2,20211000,1863.2,20211000,1861.3,20210800
2021-06-16 19:00:00,1868.0,20211000,1868.0,20211000,1866.0,20210800
2021-06-16 20:00:00,1838.2,20211000,1838.2,20211000,1836.3,20210800
2021-06-16 21:00:00,1830.8,20211000,1830.8,20211000,1829.1,20210800
2021-06-16 22:00:00,1815.0,20211000,1815.0,20211000,1812.5,20210800
2021-06-16 23:00:00,1863.4,20211000,1863.4,20211000,1861.4,20210800
2021-06-17 15:30:00,1786.3,20211000,1786.3,20211000,1783.6,20210800
2021-06-17 16:00:00,1782.6,20211000,1782.6,20211000,1779.4,20210800
2021-06-17 17:00:00,1779.8,20211000,1779.8,20211000,1776.6,20210800
2021-06-17 18:00:00,1773.4,20211000,1773.4,20211000,1770.9,20210800
2021-06-17 19:00:00,1780.6,20211000,1780.6,20211000,1779.0,20210800
2021-06-17 20:00:00,1782.0,20211000,1782.0,20211000,1778.9,20210800
2021-06-17 21:00:00,1774.1,20211000,1774.1,20211000,1772.8,20210800
2021-06-17 22:00:00,1774.4,20211000,1774.4,20211000,1774.4,20210800
2021-06-18 15:30:00,1775.1,20211000,1775.1,20211000,1772.9,20210800
2021-06-18 16:00:00,1780.1,20211000,1780.1,20211000,1778.3,20210800
2021-06-18 17:00:00,1776.0,20211000,1776.0,20211000,1774.4,20210800
2021-06-18 18:00:00,1774.1,20211000,1774.1,20211000,1771.9,20210800
2021-06-18 19:00:00,1775.3,20211000,1775.3,20211000,1773.0,20210800
2021-06-18 20:00:00,1771.9,20211000,1771.9,20211000,1770.6,20210800
2021-06-18 21:00:00,1765.0,20211000,1765.0,20211000,1762.0,20210800
2021-06-18 22:00:00,1766.0,20211000,1766.0,20211000,1764.8,20210800
2021-06-21 15:30:00,1776.5,20211000,1776.5,20211000,1775.0,20210800
2021-06-21 16:00:00,1784.4,20211000,1784.4,20211000,1782.9,20210800
2021-06-21 17:00:00,1786.2,20211000,1786.2,20211000,1783.8,20210800
2021-06-21 18:00:00,1786.0,20211000,1786.0,20211000,1783.4,20210800
2021-06-21 19:00:00,1785.3,20211000,1785.3,20211000,1783.2,20210800
2021-06-21 20:00:00,1786.0,20211000,1786.0,20211000,1784.1,20210800
2021-06-21 21:00:00,1785.2,20211000,1785.2,20211000,1783.3,20210800
2021-06-21 22:00:00,1785.5,20211000,1785.5,20211000,1783.2,20210800
2021-06-22 15:30:00,1777.3,20211000,1777.3,20211000,1775.6,20210800
2021-06-22 16:00:00,1780.2,20211000,1780.2,20211000,1779.8,20210800
2021-06-22 17:00:00,1778.6,20211000,1778.6,20211000,1776.7,20210800
2021-06-22 18:00:00,1780.4,20211000,1780.4,20211000,1778.3,20210800
2021-06-22 19:00:00,1780.1,20211000,1780.1,20211000,1778.2,20210800
2021-06-22 20:00:00,1784.0,20211000,1784.0,20211000,1780.0,20210800
2021-06-22 21:00:00,1778.6,20211000,1778.6,20211000,1776.7,20210800
2021-06-22 22:00:00,1780.0,20211000,1780.0,20211000,1778.9,20210800
2021-06-23 15:30:00,1796.5,20211000,1796.5,20211000,1794.8,20210800
2021-06-23 16:00:00,1792.5,20211000,1792.5,20211000,1790.2,20210800
2021-06-23 17:00:00,1789.1,20211000,1789.1,20211000,1787.3,20210800
2021-06-23 18:00:00,1784.8,20211000,1784.8,20211000,1783.6,20210800
2021-06-23 19:00:00,1784.9,20211000,1784.9,20211000,1782.9,20210800
2021-06-23 20:00:00,1780.5,20211000,1780.5,20211000,1778.8,20210800
2021-06-23 21:00:00,1777.4,20211000,1777.4,20211000,1775.3,20210800
2021-06-23 22:00:00,1780.2,20211000,1780.2,20211000,1779.0,20210800
2021-06-24 15:30:00,1785.9,20211000,1785.9,20211000,1784.2,20210800
2021-06-24 16:00:00,1780.5,20211000,1780.5,20211000,1778.8,20210800
2021-06-24 17:00:00,1780.9,20211000,1780.9,20211000,1778.8,20210800
2021-06-24 18:00:00,1779.5,20211000,1779.5,20211000,1776.9,20210800
2021-06-24 19:00:00,1777.4,20211000,1777.4,20211000,1775.6,20210800
2021-06-24 20:00:00,1778.8,20211000,1778.8,20211000,1776.6,20210800
2021-06-24 21:00:00,1776.6,20211000,1776.6,20211000,1774.5,20210800
2021-06-24 22:00:00,1776.8,20211000,1776.8,20211000,1774.5,20210800
2021-06-25 15:30:00,1789.0,20211000,1789.0,20211000,1788.7,20210800
2021-06-25 16:00:00,1783.5,20211000,1783.5,20211000,1782.2,20210800
2021-06-25 17:00:00,1781.3,20211000,1781.3,20211000,1779.2,20210800
2021-06-25 18:00:00,1780.2,20211000,1780.2,20211000,1777.2,20210800
2021-06-25 19:00:00,1779.4,20211000,1779.4,20211000,1777.1,20210800
2021-06-25 20:00:00,1780.0,20211000,1780.0,20211000,1778.4,20210800
2021-06-25 21:00:00,1780.9,20211000,1780.9,20211000,1779.5,20210800
2021-06-25 22:00:00,1783.0,20211000,1783.0,20211000,1781.2,20210800
2021-06-28 15:30:00,1782.5,20211000,1782.5,20211000,1780.3,20210800
2021-06-28 16:00:00,1780.0,20211000,1780.0,20211000,1778.3,20210800
2021-06-28 17:00:00,1781.7,20211000,1781.7,20211000,1781.3,20210800
2021-06-28 18:00:00,1782.4,20211000,1782.4,20211000,1779.9,20210800
2021-06-28 19:00:00,1782.3,20211000,1782.3,20211000,1780.2,20210800
2021-06-28 20:00:00,1781.4,20211000,1781.4,20211000,1779.4,20210800
2021-06-28 21:00:00,1780.6,20211000,1780.6,20211000,1779.8,20210800
2021-06-28 22:00:00,1781.4,20211000,1781.4,20211000,1778.9,20210800
2021-06-29 15:30:00,1758.3,20211000,1758.3,20211000,1756.0,20210800
2021-06-29 16:00:00,1756.1,20211000,1756.1,20211000,1754.3,20210800
2021-06-29 17:00:00,1764.2,20211000,1764.2,20211000,1762.7,20210800
2021-06-29 18:00:00,1765.1,20211000,1765.1,20211000,1763.2,20210800
2021-06-29 19:00:00,1763.5,20211000,1763.5,20211000,1761.9,20210800
2021-06-29 20:00:00,1767.5,20211000,1767.5,20211000,1764.1,20210800
2021-06-29 21:00:00,1763.3,20211000,1763.3,20211000,1761.3,20210800
2021-06-29 22:00:00,1763.7,20211000,1763.7,20211000,1761.5,20210800
2021-06-30 15:30:00,1761.5,20211000,1761.5,20211000,1760.8,20210800
2021-06-30 16:00:00,1769.5,20211000,1769.5,20211000,1766.3,20210800
2021-06-30 17:00:00,1767.5,20211000,1767.5,20211000,1765.8,20210800
2021-06-30 18:00:00,1776.3,20211000,1776.3,20211000,1772.5,20210800
2021-06-30 19:00:00,1772.0,20211000,1772.0,20211000,1770.1,20210800
2021-06-30 20:00:00,1772.3,20211000,1772.3,20211000,1769.9,20210800
2021-06-30 21:00:00,1773.0,20211000,1773.0,20211000,1770.4,20210800
2021-06-30 22:00:00,1772.5,20211000,1772.5,20211000,1770.5,20210800
2021-07-01 15:30:00,1781.8,20211000,1781.8,20211000,1780.4,20210800
2021-07-01 16:00:00,1776.0,20211000,1776.0,20211000,1774.4,20210800
2021-07-01 17:00:00,1773.0,20211000,1773.0,20211000,1771.1,20210800
2021-07-01 18:00:00,1770.0,20211000,1770.0,20211000,1771.9,20210800
2021-07-01 19:00:00,1775.5,20211000,1775.5,20211000,1773.7,20210800
2021-07-01 20:00:00,1776.0,20211000,1776.0,20211000,1775.2,20210800
2021-07-01 21:00:00,1776.0,20211000,1776.0,20211000,1776.8,20210800
2021-07-01 22:00:00,1778.6,20211000,1778.6,20211000,1777.0,20210800
2021-07-02 15:30:00,1786.7,20211000,1786.7,20211000,1785.8,20210800
2021-07-02 16:00:00,1786.0,20211000,1786.0,20211000,1783.2,20210800
2021-07-02 17:00:00,1785.3,20211000,1785.3,20211000,1783.3,20210800
2021-07-02 18:00:00,1783.9,20211000,1783.9,20211000,1782.3,20210800
2021-07-02 19:00:00,1789.7,20211000,1789.7,20211000,1788.1,20210800
2021-07-02 20:00:00,1793.8,20211000,1793.8,20211000,1790.4,20210800
2021-07-02 21:00:00,1789.2,20211000,1789.2,20211000,1788.4,20210800
2021-07-02 22:00:00,1789.2,20211000,1789.2,20211000,1787.8,20210800
2021-07-02 23:00:00,1785.2,20211000,1785.2,20211000,1783.3,20210800
2021-07-06 15:30:00,1813.7,20211000,1813.7,20211000,1811.4,20210800
2021-07-06 16:00:00,1807.0,20211000,1807.0,20211000,1805.2,20210800
2021-07-06 17:00:00,1798.6,20211000,1798.6,20211000,1796.9,20210800
2021-07-06 18:00:00,1795.8,20211000,1795.8,20211000,1794.6,20210800
2021-07-06 19:00:00,1797.5,20211000,1797.5,20211000,1795.9,20210800
2021-07-06 20:00:00,1799.2,20211000,1799.2,20211000,1796.8,20210800
2021-07-06 21:00:00,1798.6,20211000,1798.6,20211000,1796.6,20210800
2021-07-06 22:00:00,1798.7,20211000,1798.7,20211000,1796.9,20210800
2021-07-07 15:30:00,1808.9,20211000,1808.9,20211000,1807.1,20210800
2021-07-07 16:00:00,1808.2,20211000,1808.2,20211000,1806.0,20210800
2021-07-07 17:00:00,1806.0,20211000,1806.0,20211000,1803.9,20210800
2021-07-07 18:00:00,1804.1,20211000,1804.1,20211000,1802.1,20210800
2021-07-07 19:00:00,1806.0,20211000,1806.0,20211000,1803.7,20210800
2021-07-07 20:00:00,1805.8,20211000,1805.8,20211000,1804.4,20210800
2021-07-07 21:00:00,1805.0,20211000,1805.0,20211000,1804.0,20210800
2021-07-07 22:00:00,1805.0,20211000,1805.0,20211000,1803.8,20210800
2021-07-08 15:30:00,1811.2,20211000,1811.2,20211000,1809.0,20210800
2021-07-08 16:00:00,1804.0,20211000,1804.0,20211000,1801.7,20210800
2021-07-08 17:00:00,1798.6,20211000,1798.6,20211000,1796.7,20210800
2021-07-08 18:00:00,1799.3,20211000,1799.3,20211000,1797.5,20210800
2021-07-08 19:00:00,1801.3,20211000,1801.3,20211000,1799.6,20210800
2021-07-08 20:00:00,1801.3,20211000,1801.3,20211000,1800.2,20210800
2021-07-08 21:00:00,1804.0,20211000,1804.0,20211000,1802.5,20210800
2021-07-08 22:00:00,1804.2,20211000,1804.2,20211000,1803.0,20210800
2021-07-09 15:30:00,1806.6,20211000,1806.6,20211000,1804.1,20210800
2021-07-09 16:00:00,1810.4,20211000,1810.4,20211000,1808.7,20210800
2021-07-09 17:00:00,1810.5,20211000,1810.5,20211000,1808.5,20210800
2021-07-09 18:00:00,1812.6,20211000,1812.6,20211000,1810.8,20210800
2021-07-09 19:00:00,1813.0,20211000,1813.0,20211000,1811.2,20210800
2021-07-09 20:00:00,1813.6,20211000,1813.6,20211000,1812.6,20210800
2021-07-09 21:00:00,1813.2,20211000,1813.2,20211000,1808.6,20210800
2021-07-09 22:00:00,1810.4,20211000,1810.4,20211000,1808.4,20210800
2021-07-12 15:30:00,1793.8,20211000,1793.8,20211000,1792.2,20210800
2021-07-12 16:00:00,1807.0,20211000,1807.0,20211000,1805.8,20210800
2021-07-12 17:00:00,1807.6,20211000,1807.6,20211000,1805.7,20210800
2021-07-12 18:00:00,1807.4,20211000,1807.4,20211000,1806.2,20210800
2021-07-12 19:00:00,1807.1,20211000,1807.1,20211000,1806.3,20210800
2021-07-12 20:00:00,1808.4,20211000,1808.4,20211000,1807.0,20210800
2021-07-12 21:00:00,1808.9,20211000,1808.9,20211000,1806.9,20210800
2021-07-12 22:00:00,1808.3,20211000,1808.3,20211000,1806.7,20210800
2021-07-13 15:30:00,1817.0,20211000,1817.0,20211000,1814.6,20210800
2021-07-13 16:00:00,1814.8,20211000,1814.8,20211000,1813.4,20210800
2021-07-13 17:00:00,1816.8,20211000,1816.8,20211000,1813.9,20210800
2021-07-13 18:00:00,1813.9,20211000,1813.9,20211000,1812.2,20210800
2021-07-13 19:00:00,1809.9,20211000,1809.9,20211000,1807.5,20210800
2021-07-13 20:00:00,1811.3,20211000,1811.3,20211000,1807.5,20210800
2021-07-13 21:00:00,1809.9,20211000,1809.9,20211000,1808.7,20210800
2021-07-13 22:00:00,1809.9,20211000,1809.9,20211000,1807.8,20210800
2021-07-14 15:30:00,1824.0,20211000,1824.0,20211000,1824.3,20210800
2021-07-14 16:00:00,1822.2,20211000,1822.2,20211000,1821.3,20210800
2021-07-14 17:00:00,1824.9,20211000,1824.9,20211000,1823.0,20210800
2021-07-14 18:00:00,1824.9,20211000,1824.9,20211000,1822.7,20210800
2021-07-14 19:00:00,1826.7,20211000,1826.7,20211000,1824.7,20210800
2021-07-14 20:00:00,1828.1,20211000,1828.1,20211000,1826.1,20210800
2021-07-14 21:00:00,1830.2,20211000,1830.2,20211000,1828.5,20210800
2021-07-14 22:00:00,1831.0,20211000,1831.0,20211000,1828.6,20210800
2021-07-15 15:30:00,1827.8,20211000,1827.8,20211000,1826.0,20210800
2021-07-15 16:00:00,1823.6,20211000,1823.6,20211000,1821.7,20210800
2021-07-15 17:00:00,1828.3,20211000,1828.3,20211000,1826.2,20210800
2021-07-15 18:00:00,1829.1,20211000,1829.1,20211000,1827.9,20210800
2021-07-15 19:00:00,1832.4,20211000,1832.4,20211000,1830.5,20210800
2021-07-15 20:00:00,1831.6,20211000,1831.6,20211000,1829.8,20210800
2021-07-15 21:00:00,1831.5,20211000,1831.5,20211000,1829.5,20210800
2021-07-15 22:00:00,1832.0,20211000,1832.0,20211000,1830.3,20210800
2021-07-16 15:30:00,1827.7,20211000,1827.7,20211000,1825.8,20210800
2021-07-16 16:00:00,1814.9,20211000,1814.9,20211000,1813.1,20210800
2021-07-16 17:00:00,1814.2,20211000,1814.2,20211000,1813.0,20210800
2021-07-16 18:00:00,1818.4,20211000,1818.4,20211000,1815.9,20210800
2021-07-16 19:00:00,1815.4,20211000,1815.4,20211000,1813.3,20210800
2021-07-16 20:00:00,1815.7,20211000,1815.7,20211000,1813.8,20210800
2021-07-16 21:00:00,1812.8,20211000,1812.8,20211000,1811.2,20210800
2021-07-16 22:00:00,1813.8,20211000,1813.8,20211000,1812.4,20210800
2021-07-19 15:30:00,1817.9,20211000,1817.9,20211000,1816.2,20210800
2021-07-19 16:00:00,1813.6,20211000,1813.6,20211000,1812.0,20210800
2021-07-19 17:00:00,1810.2,20211000,1810.2,20211000,1809.0,20210800
2021-07-19 18:00:00,1810.9,20211000,1810.9,20211000,1809.5,20210800
2021-07-19 19:00:00,1809.8,20211000,1809.8,20211000,1808.2,20210800
2021-07-19 20:00:00,1809.7,20211000,1809.7,20211000,1808.2,20210800
2021-07-19 21:00:00,1814.2,20211000,1814.2,20211000,1812.8,20210800
2021-07-19 22:00:00,1815.6,20211000,1815.6,20211000,1813.4,20210800
2021-07-20 15:30:00,1826.7,20211000,1826.7,20211000,1824.7,20210800
2021-07-20 16:00:00,1811.3,20211000,1811.3,20211000,1809.8,20210800
2021-07-20 17:00:00,1809.2,20211000,1809.2,20211000,1807.8,20210800
2021-07-20 18:00:00,1813.5,20211000,1813.5,20211000,1812.3,20210800
2021-07-20 19:00:00,1812.0,20211000,1812.0,20211000,1810.3,20210800
2021-07-20 20:00:00,1810.9,20211000,1810.9,20211000,1809.5,20210800
2021-07-20 21:00:00,1812.0,20211000,1812.0,20211000,1810.3,20210800
2021-07-20 22:00:00,1811.9,20211000,1811.9,20211000,1810.4,20210800
2021-07-21 15:30:00,1807.8,20211000,1807.8,20211000,1805.6,20210800
2021-07-21 16:00:00,1802.9,20211000,1802.9,20211000,1800.8,20210800
2021-07-21 17:00:00,1806.6,20211000,1806.6,20211000,1804.6,20210800
2021-07-21 18:00:00,1805.3,20211000,1805.3,20211000,1803.4,20210800
2021-07-21 19:00:00,1804.9,20211000,1804.9,20211000,1802.7,20210800
2021-07-21 20:00:00,1806.0,20211000,1806.0,20211000,1804.5,20210800
2021-07-21 21:00:00,1805.8,20211000,1805.8,20211000,1803.8,20210800
2021-07-21 22:00:00,1805.8,20211000,1805.8,20211000,1803.8,20210800
2021-07-22 15:30:00,1800.8,20211000,1800.8,20211000,1798.9,20210800
2021-07-22 16:00:00,1805.6,20211000,1805.6,20211000,1803.8,20210800
2021-07-22 17:00:00,1809.2,20211000,1809.2,20211000,1807.4,20210800
2021-07-22 18:00:00,1807.4,20211000,1807.4,20211000,1805.6,20210800
2021-07-22 19:00:00,1808.9,20211000,1808.9,20211000,1807.2,20210800
2021-07-22 20:00:00,1809.3,20211000,1809.3,20211000,1807.4,20210800
2021-07-22 21:00:00,1809.3,20211000,1809.3,20211000,1807.5,20210800
2021-07-22 22:00:00,1808.9,20211000,1808.9,20211000,1807.2,20210800
2021-07-23 15:30:00,1804.0,20211000,1804.0,20211000,1802.2,20210800
2021-07-23 16:00:00,1799.6,20211000,1799.6,20211000,1798.1,20210800
2021-07-23 17:00:00,1804.4,20211000,1804.4,20211000,1802.7,20210800
2021-07-23 18:00:00,1803.7,20211000,1803.7,20211000,1802.1,20210800
2021-07-23 19:00:00,1804.2,20211000,1804.2,20211000,1802.8,20210800
2021-07-23 20:00:00,1803.5,20211000,1803.5,20211000,1801.8,20210800
2021-07-23 21:00:00,1803.5,20211000,1803.5,20211000,1801.6,20210800
2021-07-23 22:00:00,1803.7,20211000,1803.7,20211000,1802.1,20210800
2021-07-26 15:30:00,1804.2,20211000,1804.2,20211000,1802.4,20210800
2021-07-26 16:00:00,1803.0,20211000,1803.0,20211000,1801.3,20210800
2021-07-26 17:00:00,1800.9,20211000,1800.9,20211000,1799.0,20210800
2021-07-26 18:00:00,1800.6,20211000,1800.6,20211000,1799.0,20210800
2021-07-26 19:00:00,1800.2,20211000,1800.2,20211000,1798.1,20210800
2021-07-26 20:00:00,1798.7,20211000,1798.7,20211000,1796.8,20210800
2021-07-26 21:00:00,1799.2,20211000,1799.2,20211000,1797.3,20210800
2021-07-26 22:00:00,1799.3,20211000,1799.3,20211000,1797.0,20210800
2021-07-27 15:30:00,1802.4,20211000,1802.4,20211000,1800.5,20210800
2021-07-27 16:00:00,1799.0,20211000,1799.0,20211000,1797.0,20210800
2021-07-27 17:00:00,1800.2,20211000,1800.2,20211000,1798.3,20210800
2021-07-27 18:00:00,1802.2,20211000,1802.2,20211000,1799.9,20210800
2021-07-27 19:00:00,1803.2,20211000,1803.2,20211000,1801.3,20210800
2021-07-27 20:00:00,1801.4,20211000,1801.4,20211000,1799.7,20210800
2021-07-27 21:00:00,1802.0,20211000,1802.0,20211000,1800.1,20210800
2021-07-27 22:00:00,1800.8,20211000,1800.8,20211000,1798.7,20210800
2021-07-28 15:30:00,1795.7,20211000,1795.7,20211000,1793.5,20210800
2021-07-28 16:00:00,1800.9,20211000,1800.9,20211000,1798.6,20210800
2021-07-28 17:00:00,1802.0,20211000,1802.0,20211000,1799.6,20210800
2021-07-28 18:00:00,1803.5,20211000,1803.5,20211000,1801.4,20210800
2021-07-28 19:00:00,1799.2,20211000,1799.2,20211000,1796.9,20210800
2021-07-28 20:00:00,1803.1,20211000,1803.1,20211000,1800.9,20210800
2021-07-28 21:00:00,1810.1,20211000,1810.1,20211000,1808.0,20210800
2021-07-28 22:00:00,1808.5,20211000,1808.5,20211000,1806.7,20210800
2021-07-29 15:30:00,1828.9,20211000,1828.9,20211000,1827.0,20210800
2021-07-29 16:00:00,1829.6,20211000,1829.6,20211000,1827.6,20210800
2021-07-29 17:00:00,1833.1,20211000,1833.1,20211000,1831.2,20210800
2021-07-29 18:00:00,1833.3,20211000,1833.3,20211000,1830.2,20210800
2021-07-29 19:00:00,1833.1,20211000,1833.1,20211000,1831.0,20210800
2021-07-29 20:00:00,1832.8,20211000,1832.8,20211000,1830.6,20210800
2021-07-29 21:00:00,1830.2,20211000,1830.2,20211000,1828.2,20210800
2021-07-29 22:00:00,1829.6,20211000,1829.6,20211000,1828.0,20210800
2021-07-30 15:30:00,1825.7,20211000,1825.7,20211000,1823.8,20210800
2021-07-30 16:00:00,1823.8,20211000,1823.8,20211000,1821.5,20210800
2021-07-30 17:00:00,1823.8,20211000,1823.8,20211000,1821.8,20210800
2021-07-30 18:00:00,1815.2,20211000,1815.2,20211000,1813.3,20210800
2021-07-30 19:00:00,1815.0,20211000,1815.0,20211000,1812.9,20210800
2021-07-30 20:00:00,1812.3,20211000,1812.3,20211000,1808.8,20210800
2021-07-30 21:00:00,1814.7,20211000,1814.7,20211000,1812.5,20210800
2021-07-30 22:00:00,1814.1,20211000,1814.1,20211000,1812.5,20210800
2021-08-02 15:30:00,1809.4,20211000,1809.4,20211000,1807.5,20210800
2021-08-02 16:00:00,1815.9,20211000,1815.9,20211000,1808.1,20210800
2021-08-02 17:00:00,1815.6,20211000,1815.6,20211000,1808.1,20210800
2021-08-02 18:00:00,1819.0,20211000,1819.0,20211000,1817.4,20210800
2021-08-02 19:00:00,1817.5,20211000,1817.5,20211000,1817.4,20210800
2021-08-02 20:00:00,1817.1,20211000,1817.1,20211000,1814.7,20210800
2021-08-02 21:00:00,1814.2,20211000,1814.2,20211000,1815.7,20210800
2021-08-02 22:00:00,1814.3,20211000,1814.3,20211000,1812.4,20210800
2021-08-03 15:30:00,1814.6,20211000,1814.6,20211000,1812.4,20210800
2021-08-03 16:00:00,1812.0,20211000,1812.0,20211000,1813.9,20210800
2021-08-03 17:00:00,1810.1,20211000,1810.1,20211000,1813.9,20210800
2021-08-03 18:00:00,1811.0,20211000,1811.0,20211000,1813.9,20210800
2021-08-03 19:00:00,1810.9,20211000,1810.9,20211000,1809.8,20210800
2021-08-03 20:00:00,1811.2,20211000,1811.2,20211000,1809.0,20210800
2021-08-03 21:00:00,1811.8,20211000,1811.8,20211000,1809.8,20210800
2021-08-03 22:00:00,1811.0,20211000,1811.0,20211000,1809.0,20210800
2021-08-04 15:30:00,1831.0,20211000,1831.0,20211000,1809.0,20210800
2021-08-04 16:00:00,1811.1,20211000,1811.1,20211000,1811.6,20210800
2021-08-04 17:00:00,1811.4,20211000,1811.4,20211000,1805.0,20210800
2021-08-04 18:00:00,1812.3,20211000,1812.3,20211000,1805.0,20210800
2021-08-04 19:00:00,1812.7,20211000,1812.7,20211000,1810.3,20210800
2021-08-04 20:00:00,1811.1,20211000,1811.1,20211000,1809.2,20210800
2021-08-04 21:00:00,1812.2,20211000,1812.2,20211000,1810.2,20210800
2021-08-04 22:00:00,1812.4,20211000,1812.4,20211000,1810.6,20210800
2021-08-05 15:30:00,1803.6,20211000,1803.6,20211000,1801.1,20210800
2021-08-05 16:00:00,1802.6,20211000,1802.6,20211000,1803.3,20210800
2021-08-05 17:00:00,1804.0,20211000,1804.0,20211000,1802.4,20210800
2021-08-05 18:00:00,1806.7,20211000,1806.7,20211000,1804.0,20210800
2021-08-05 19:00:00,1804.6,20211000,1804.6,20211000,1804.0,20210800
2021-08-05 20:00:00,1803.3,20211000,1803.3,20211000,1804.0,20210800
2021-08-05 21:00:00,1804.3,20211000,1804.3,20211000,1804.0,20210800
2021-08-05 22:00:00,1803.7,20211000,1803.7,20211000,1802.3,20210800
2021-08-05 23:00:00,1806.6,20211000,1806.6,20211000,1805.1,20210800
2021-08-05 23:00:01,1808.9,20211200,1808.9,20211200,1806.6,20211000
2021-08-06 15:30:00,1764.7,20211200,1764.7,20211200,1762.4,20211000
2021-08-06 16:00:00,1761.7,20211200,1761.7,20211200,1759.6,20211000
2021-08-06 17:00:00,1763.0,20211200,1763.0,20211200,1760.3,20211000
2021-08-06 18:00:00,1760.4,20211200,1760.4,20211200,1758.5,20211000
2021-08-06 19:00:00,1765.2,20211200,1765.2,20211200,1763.3,20211000
2021-08-06 20:00:00,1764.9,20211200,1764.9,20211200,1763.1,20211000
2021-08-06 21:00:00,1761.4,20211200,1761.4,20211200,1759.4,20211000
2021-08-06 22:00:00,1764.5,20211200,1764.5,20211200,1760.1,20211000
2021-08-09 15:30:00,1740.0,20211200,1740.0,20211200,1737.7,20211000
2021-08-09 16:00:00,1731.3,20211200,1731.3,20211200,1729.2,20211000
2021-08-09 17:00:00,1729.7,20211200,1729.7,20211200,1727.6,20211000
2021-08-09 18:00:00,1727.5,20211200,1727.5,20211200,1725.2,20211000
2021-08-09 19:00:00,1731.5,20211200,1731.5,20211200,1729.3,20211000
2021-08-09 20:00:00,1730.1,20211200,1730.1,20211200,1728.2,20211000
2021-08-09 21:00:00,1730.4,20211200,1730.4,20211200,1728.4,20211000
2021-08-09 22:00:00,1730.9,20211200,1730.9,20211200,1729.2,20211000
2021-08-10 15:30:00,1722.8,20211200,1722.8,20211200,1720.7,20211000
2021-08-10 16:00:00,1727.6,20211200,1727.6,20211200,1725.0,20211000
2021-08-10 17:00:00,1732.8,20211200,1732.8,20211200,1730.6,20211000
2021-08-10 18:00:00,1730.6,20211200,1730.6,20211200,1729.3,20211000
2021-08-10 19:00:00,1732.1,20211200,1732.1,20211200,1730.1,20211000
2021-08-10 20:00:00,1731.3,20211200,1731.3,20211200,1729.0,20211000
2021-08-10 21:00:00,1730.1,20211200,1730.1,20211200,1727.8,20211000
2021-08-10 22:00:00,1730.0,20211200,1730.0,20211200,1727.8,20211000
2021-08-11 15:30:00,1741.2,20211200,1741.2,20211200,1739.2,20211000
2021-08-11 16:00:00,1747.2,20211200,1747.2,20211200,1745.0,20211000
2021-08-11 17:00:00,1753.1,20211200,1753.1,20211200,1751.1,20211000
2021-08-11 18:00:00,1751.5,20211200,1751.5,20211200,1749.4,20211000
2021-08-11 19:00:00,1754.5,20211200,1754.5,20211200,1752.4,20211000
2021-08-11 20:00:00,1753.0,20211200,1753.0,20211200,1750.9,20211000
2021-08-11 21:00:00,1754.3,20211200,1754.3,20211200,1752.5,20211000
2021-08-11 22:00:00,1753.2,20211200,1753.2,20211200,1751.1,20211000
2021-08-12 15:30:00,1749.1,20211200,1749.1,20211200,1747.2,20211000
2021-08-12 16:00:00,1749.4,20211200,1749.4,20211200,1747.5,20211000
2021-08-12 17:00:00,1753.1,20211200,1753.1,20211200,1750.5,20211000
2021-08-12 18:00:00,1752.6,20211200,1752.6,20211200,1750.5,20211000
2021-08-12 19:00:00,1753.1,20211200,1753.1,20211200,1751.3,20211000
2021-08-12 20:00:00,1753.0,20211200,1753.0,20211200,1751.1,20211000
2021-08-12 21:00:00,1755.0,20211200,1755.0,20211200,1753.3,20211000
2021-08-12 22:00:00,1754.0,20211200,1754.0,20211200,1752.5,20211000
2021-08-13 15:30:00,1766.6,20211200,1766.6,20211200,1764.9,20211000
2021-08-13 16:00:00,1775.1,20211200,1775.1,20211200,1773.0,20211000
2021-08-13 17:00:00,1778.6,20211200,1778.6,20211200,1775.6,20211000
2021-08-13 18:00:00,1778.5,20211200,1778.5,20211200,1776.2,20211000
2021-08-13 19:00:00,1779.4,20211200,1779.4,20211200,1777.2,20211000
2021-08-13 20:00:00,1778.5,20211200,1778.5,20211200,1776.7,20211000
2021-08-13 21:00:00,1780.7,20211200,1780.7,20211200,1778.0,20211000
2021-08-13 22:00:00,1781.7,20211200,1781.7,20211200,1779.6,20211000
2021-08-16 15:30:00,1788.6,20211200,1788.6,20211200,1785.8,20211000
2021-08-16 16:00:00,1790.3,20211200,1790.3,20211200,1788.3,20211000
2021-08-16 17:00:00,1787.9,20211200,1787.9,20211200,1785.5,20211000
2021-08-16 18:00:00,1788.5,20211200,1788.5,20211200,1786.2,20211000
2021-08-16 19:00:00,1788.9,20211200,1788.9,20211200,1787.2,20211000
2021-08-16 20:00:00,1789.6,20211200,1789.6,20211200,1787.2,20211000
2021-08-16 21:00:00,1789.4,20211200,1789.4,20211200,1787.2,20211000
2021-08-16 22:00:00,1788.9,20211200,1788.9,20211200,1786.6,20211000
2021-08-17 15:30:00,1791.7,20211200,1791.7,20211200,1790.0,20211000
2021-08-17 16:00:00,1785.2,20211200,1785.2,20211200,1783.0,20211000
2021-08-17 17:00:00,1784.4,20211200,1784.4,20211200,1781.4,20211000
2021-08-17 18:00:00,1784.3,20211200,1784.3,20211200,1782.2,20211000
2021-08-17 19:00:00,1786.0,20211200,1786.0,20211200,1783.7,20211000
2021-08-17 20:00:00,1785.0,20211200,1785.0,20211200,1782.6,20211000
2021-08-17 21:00:00,1787.2,20211200,1787.2,20211200,1784.7,20211000
2021-08-17 22:00:00,1788.0,20211200,1788.0,20211200,1785.6,20211000
2021-08-18 15:30:00,1787.8,20211200,1787.8,20211200,1785.2,20211000
2021-08-18 16:00:00,1783.4,20211200,1783.4,20211200,1781.6,20211000
2021-08-18 17:00:00,1785.7,20211200,1785.7,20211200,1783.4,20211000
2021-08-18 18:00:00,1784.9,20211200,1784.9,20211200,1782.6,20211000
2021-08-18 19:00:00,1782.7,20211200,1782.7,20211200,1781.1,20211000
2021-08-18 20:00:00,1787.5,20211200,1787.5,20211200,1785.8,20211000
2021-08-18 21:00:00,1788.4,20211200,1788.4,20211200,1785.4,20211000
2021-08-18 22:00:00,1790.0,20211200,1790.0,20211200,1787.9,20211000
2021-08-19 15:30:00,1786.1,20211200,1786.1,20211200,1783.6,20211000
2021-08-19 16:00:00,1782.5,20211200,1782.5,20211200,1780.6,20211000
2021-08-19 17:00:00,1785.0,20211200,1785.0,20211200,1783.7,20211000
2021-08-19 18:00:00,1784.5,20211200,1784.5,20211200,1782.4,20211000
2021-08-19 19:00:00,1782.6,20211200,1782.6,20211200,1780.8,20211000
2021-08-19 20:00:00,1781.6,20211200,1781.6,20211200,1779.7,20211000
2021-08-19 21:00:00,1783.0,20211200,1783.0,20211200,1781.0,20211000
2021-08-19 22:00:00,1782.1,20211200,1782.1,20211200,1779.8,20211000
2021-08-20 15:30:00,1783.5,20211200,1783.5,20211200,1781.7,20211000
2021-08-20 16:00:00,1784.4,20211200,1784.4,20211200,1782.2,20211000
2021-08-20 17:00:00,1787.1,20211200,1787.1,20211200,1784.9,20211000
2021-08-20 18:00:00,1785.8,20211200,1785.8,20211200,1783.4,20211000
2021-08-20 19:00:00,1784.6,20211200,1784.6,20211200,1782.7,20211000
2021-08-20 20:00:00,1784.3,20211200,1784.3,20211200,1782.1,20211000
2021-08-20 21:00:00,1784.1,20211200,1784.1,20211200,1781.6,20211000
2021-08-20 22:00:00,1782.0,20211200,1782.0,20211200,1780.3,20211000
2021-08-20 23:00:00,1784.0,20211200,1784.0,20211200,1781.8,20211000
2021-08-23 15:30:00,1806.0,20211200,1806.0,20211200,1803.7,20211000
2021-08-23 16:00:00,1806.7,20211200,1806.7,20211200,1804.6,20211000
2021-08-23 17:00:00,1807.4,20211200,1807.4,20211200,1805.1,20211000
2021-08-23 18:00:00,1805.9,20211200,1805.9,20211200,1803.4,20211000
2021-08-23 19:00:00,1807.5,20211200,1807.5,20211200,1804.6,20211000
2021-08-23 20:00:00,1806.2,20211200,1806.2,20211200,1803.5,20211000
2021-08-23 21:00:00,1807.7,20211200,1807.7,20211200,1805.6,20211000
2021-08-24 14:30:00,1808.9,20211200,1808.9,20211200,1806.6,20211000
2021-08-24 15:00:00,1806.4,20211200,1806.4,20211200,1804.3,20211000
2021-08-24 16:00:00,1808.6,20211200,1808.6,20211200,1805.8,20211000
2021-08-24 17:00:00,1808.4,20211200,1808.4,20211200,1805.9,20211000
2021-08-24 18:00:00,1807.9,20211200,1807.9,20211200,1805.6,20211000
2021-08-24 19:00:00,1808.4,20211200,1808.4,20211200,1806.2,20211000
2021-08-24 20:00:00,1805.5,20211200,1805.5,20211200,1803.2,20211000
2021-08-24 21:00:00,1805.0,20211200,1805.0,20211200,1802.9,20211000
2021-08-25 14:30:00,1790.9,20211200,1790.9,20211200,1789.1,20211000
2021-08-25 15:00:00,1785.8,20211200,1785.8,20211200,1783.1,20211000
2021-08-25 16:00:00,1790.7,20211200,1790.7,20211200,1788.0,20211000
2021-08-25 17:00:00,1791.6,20211200,1791.6,20211200,1789.2,20211000
2021-08-25 18:00:00,1791.0,20211200,1791.0,20211200,1788.5,20211000
2021-08-25 19:00:00,1794.2,20211200,1794.2,20211200,1792.1,20211000
2021-08-25 20:00:00,1792.6,20211200,1792.6,20211200,1790.5,20211000
2021-08-25 21:00:00,1792.5,20211200,1792.5,20211200,1790.3,20211000
2021-08-26 14:30:00,1787.7,20211200,1787.7,20211200,1786.0,20211000
2021-08-26 15:00:00,1793.7,20211200,1793.7,20211200,1791.4,20211000
2021-08-26 16:00:00,1795.0,20211200,1795.0,20211200,1792.8,20211000
2021-08-26 17:00:00,1794.2,20211200,1794.2,20211200,1792.2,20211000
2021-08-26 18:00:00,1793.3,20211200,1793.3,20211200,1791.1,20211000
2021-08-26 19:00:00,1792.6,20211200,1792.6,20211200,1790.5,20211000
2021-08-26 20:00:00,1794.7,20211200,1794.7,20211200,1792.2,20211000
2021-08-26 21:00:00,1794.1,20211200,1794.1,20211200,1791.6,20211000
2021-08-27 14:30:00,1794.7,20211200,1794.7,20211200,1792.5,20211000
2021-08-27 15:00:00,1810.4,20211200,1810.4,20211200,1807.7,20211000
2021-08-27 16:00:00,1815.7,20211200,1815.7,20211200,1813.4,20211000
2021-08-27 17:00:00,1819.6,20211200,1819.6,20211200,1817.2,20211000
2021-08-27 18:00:00,1819.9,20211200,1819.9,20211200,1817.3,20211000
2021-08-27 19:00:00,1820.5,20211200,1820.5,20211200,1818.2,20211000
2021-08-27 20:00:00,1821.8,20211200,1821.8,20211200,1819.6,20211000
2021-08-27 21:00:00,1820.6,20211200,1820.6,20211200,1818.4,20211000
2021-08-30 14:30:00,1814.6,20211200,1814.6,20211200,1812.0,20211000
2021-08-30 15:00:00,1814.2,20211200,1814.2,20211200,1811.8,20211000
2021-08-30 16:00:00,1812.5,20211200,1812.5,20211200,1809.8,20211000
2021-08-30 17:00:00,1812.9,20211200,1812.9,20211200,1810.1,20211000
2021-08-30 18:00:00,1812.1,20211200,1812.1,20211200,1810.1,20211000
2021-08-30 19:00:00,1813.1,20211200,1813.1,20211200,1810.6,20211000
2021-08-30 20:00:00,1813.0,20211200,1813.0,20211200,1811.3,20211000
2021-08-30 21:00:00,1812.7,20211200,1812.7,20211200,1810.1,20211000
2021-08-31 14:30:00,1812.9,20211200,1812.9,20211200,1811.1,20211000
2021-08-31 15:00:00,1809.2,20211200,1809.2,20211200,1806.7,20211000
2021-08-31 16:00:00,1810.0,20211200,1810.0,20211200,1807.7,20211000
2021-08-31 17:00:00,1816.3,20211200,1816.3,20211200,1814.2,20211000
2021-08-31 18:00:00,1817.0,20211200,1817.0,20211200,1814.5,20211000
2021-08-31 19:00:00,1817.1,20211200,1817.1,20211200,1815.0,20211000
2021-08-31 20:00:00,1817.5,20211200,1817.5,20211200,1815.1,20211000
2021-08-31 21:00:00,1816.5,20211200,1816.5,20211200,1813.9,20211000
2021-09-01 14:30:00,1816.5,20211200,1816.5,20211200,1812.0,20211000
2021-09-01 15:00:00,1811.8,20211200,1811.8,20211200,1810.2,20211000
2021-09-01 16:00:00,1817.9,20211200,1817.9,20211200,1815.7,20211000
2021-09-01 17:00:00,1815.8,20211200,1815.8,20211200,1813.6,20211000
2021-09-01 18:00:00,1815.1,20211200,1815.1,20211200,1812.8,20211000
2021-09-01 19:00:00,1815.0,20211200,1815.0,20211200,1813.1,20211000
2021-09-01 20:00:00,1817.3,20211200,1817.3,20211200,1814.4,20211000
2021-09-01 21:00:00,1816.4,20211200,1816.4,20211200,1814.3,20211000
2021-09-02 14:30:00,1814.6,20211200,1814.6,20211200,1812.3,20211000
2021-09-02 15:00:00,1814.9,20211200,1814.9,20211200,1813.0,20211000
2021-09-02 16:00:00,1811.3,20211200,1811.3,20211200,1809.2,20211000
2021-09-02 17:00:00,1811.4,20211200,1811.4,20211200,1809.3,20211000
2021-09-02 18:00:00,1812.1,20211200,1812.1,20211200,1809.8,20211000
2021-09-02 19:00:00,1811.2,20211200,1811.2,20211200,1809.0,20211000
2021-09-02 20:00:00,1811.8,20211200,1811.8,20211200,1810.1,20211000
2021-09-02 21:00:00,1811.7,20211200,1811.7,20211200,1809.2,20211000
2021-09-03 14:30:00,1827.5,20211200,1827.5,20211200,1825.0,20211000
2021-09-03 15:00:00,1832.9,20211200,1832.9,20211200,1830.3,20211000
2021-09-03 16:00:00,1832.0,20211200,1832.0,20211200,1830.1,20211000
2021-09-03 17:00:00,1832.6,20211200,1832.6,20211200,1830.5,20211000
2021-09-03 18:00:00,1834.9,20211200,1834.9,20211200,1832.4,20211000
2021-09-03 19:00:00,1833.1,20211200,1833.1,20211200,1830.6,20211000
2021-09-03 20:00:00,1831.0,20211200,1831.0,20211200,1828.7,20211000
2021-09-03 21:00:00,1830.2,20211200,1830.2,20211200,1827.3,20211000
2021-09-03 23:00:00,1833.7,20211200,1833.7,20211200,1831.5,20211000
2021-09-07 14:30:00,1811.9,20211200,1811.9,20211200,1809.7,20211000
2021-09-07 15:00:00,1798.5,20211200,1798.5,20211200,1796.3,20211000
2021-09-07 16:00:00,1799.2,20211200,1799.2,20211200,1796.9,20211000
2021-09-07 17:00:00,1798.0,20211200,1798.0,20211200,1796.4,20211000
2021-09-07 18:00:00,1798.9,20211200,1798.9,20211200,1796.7,20211000
2021-09-07 19:00:00,1798.4,20211200,1798.4,20211200,1796.5,20211000
2021-09-07 20:00:00,1795.6,20211200,1795.6,20211200,1793.4,20211000
2021-09-07 21:00:00,1796.2,20211200,1796.2,20211200,1793.7,20211000
2021-09-08 14:30:00,1790.8,20211200,1790.8,20211200,1789.2,20211000
2021-09-08 15:00:00,1790.5,20211200,1790.5,20211200,1788.3,20211000
2021-09-08 16:00:00,1794.0,20211200,1794.0,20211200,1791.4,20211000
2021-09-08 17:00:00,1793.2,20211200,1793.2,20211200,1791.0,20211000
2021-09-08 18:00:00,1793.5,20211200,1793.5,20211200,1790.9,20211000
2021-09-08 19:00:00,1793.4,20211200,1793.4,20211200,1791.0,20211000
2021-09-08 20:00:00,1790.5,20211200,1790.5,20211200,1788.9,20211000
2021-09-08 21:00:00,1791.0,20211200,1791.0,20211200,1788.7,20211000
2021-09-09 14:30:00,1791.9,20211200,1791.9,20211200,1789.4,20211000
2021-09-09 15:00:00,1790.7,20211200,1790.7,20211200,1788.6,20211000
2021-09-09 16:00:00,1794.1,20211200,1794.1,20211200,1791.7,20211000
2021-09-09 17:00:00,1795.5,20211200,1795.5,20211200,1793.7,20211000
2021-09-09 18:00:00,1798.1,20211200,1798.1,20211200,1795.9,20211000
2021-09-09 19:00:00,1796.7,20211200,1796.7,20211200,1794.6,20211000
2021-09-09 20:00:00,1797.9,20211200,1797.9,20211200,1795.4,20211000
2021-09-09 21:00:00,1796.2,20211200,1796.2,20211200,1793.8,20211000
2021-09-10 14:30:00,1796.6,20211200,1796.6,20211200,1794.8,20211000
2021-09-10 15:00:00,1798.4,20211200,1798.4,20211200,1795.6,20211000
2021-09-10 16:00:00,1794.1,20211200,1794.1,20211200,1792.2,20211000
2021-09-10 17:00:00,1793.0,20211200,1793.0,20211200,1790.8,20211000
2021-09-10 18:00:00,1791.9,20211200,1791.9,20211200,1790.1,20211000
2021-09-10 19:00:00,1791.8,20211200,1791.8,20211200,1789.8,20211000
2021-09-10 20:00:00,1789.0,20211200,1789.0,20211200,1786.4,20211000
2021-09-10 21:00:00,1788.4,20211200,1788.4,20211200,1786.9,20211000
2021-09-13 14:30:00,1795.5,20211200,1795.5,20211200,1793.6,20211000
2021-09-13 15:00:00,1797.8,20211200,1797.8,20211200,1795.7,20211000
2021-09-13 16:00:00,1797.0,20211200,1797.0,20211200,1795.0,20211000
2021-09-13 17:00:00,1795.6,20211200,1795.6,20211200,1793.3,20211000
2021-09-13 18:00:00,1794.0,20211200,1794.0,20211200,1791.9,20211000
2021-09-13 19:00:00,1794.0,20211200,1794.0,20211200,1792.2,20211000
2021-09-13 20:00:00,1794.6,20211200,1794.6,20211200,1792.0,20211000
2021-09-13 21:00:00,1795.1,20211200,1795.1,20211200,1792.4,20211000
2021-09-14 14:30:00,1795.5,20211200,1795.5,20211200,1793.8,20211000
2021-09-14 15:00:00,1806.4,20211200,1806.4,20211200,1804.0,20211000
2021-09-14 16:00:00,1807.7,20211200,1807.7,20211200,1805.8,20211000
2021-09-14 17:00:00,1805.6,20211200,1805.6,20211200,1803.4,20211000
2021-09-14 18:00:00,1806.3,20211200,1806.3,20211200,1804.0,20211000
2021-09-14 19:00:00,1805.0,20211200,1805.0,20211200,1803.0,20211000
2021-09-14 20:00:00,1807.4,20211200,1807.4,20211200,1805.0,20211000
2021-09-14 21:00:00,1806.5,20211200,1806.5,20211200,1804.9,20211000
2021-09-15 14:30:00,1798.1,20211200,1798.1,20211200,1796.0,20211000
2021-09-15 15:00:00,1795.0,20211200,1795.0,20211200,1793.5,20211000
2021-09-15 16:00:00,1795.0,20211200,1795.0,20211200,1792.9,20211000
2021-09-15 17:00:00,1794.3,20211200,1794.3,20211200,1791.6,20211000
2021-09-15 18:00:00,1795.0,20211200,1795.0,20211200,1793.0,20211000
2021-09-15 19:00:00,1794.2,20211200,1794.2,20211200,1792.2,20211000
2021-09-15 20:00:00,1795.4,20211200,1795.4,20211200,1793.2,20211000
2021-09-15 21:00:00,1795.0,20211200,1795.0,20211200,1792.8,20211000
2021-09-16 14:30:00,1753.5,20211200,1753.5,20211200,1751.0,20211000
2021-09-16 15:00:00,1754.3,20211200,1754.3,20211200,1752.5,20211000
2021-09-16 16:00:00,1755.3,20211200,1755.3,20211200,1753.4,20211000
2021-09-16 17:00:00,1755.2,20211200,1755.2,20211200,1753.0,20211000
2021-09-16 18:00:00,1756.8,20211200,1756.8,20211200,1755.0,20211000
2021-09-16 19:00:00,1754.2,20211200,1754.2,20211200,1752.2,20211000
2021-09-16 20:00:00,1754.6,20211200,1754.6,20211200,1752.6,20211000
2021-09-16 21:00:00,1753.8,20211200,1753.8,20211200,1751.8,20211000
2021-09-17 14:30:00,1750.2,20211200,1750.2,20211200,1747.9,20211000
2021-09-17 15:00:00,1751.6,20211200,1751.6,20211200,1749.6,20211000
2021-09-17 16:00:00,1753.1,20211200,1753.1,20211200,1751.4,20211000
2021-09-17 17:00:00,1751.8,20211200,1751.8,20211200,1749.8,20211000
2021-09-17 18:00:00,1751.2,20211200,1751.2,20211200,1749.1,20211000
2021-09-17 19:00:00,1752.9,20211200,1752.9,20211200,1751.0,20211000
2021-09-17 20:00:00,1751.7,20211200,1751.7,20211200,1749.9,20211000
2021-09-17 21:00:00,1754.1,20211200,1754.1,20211200,1752.6,20211000
2021-09-20 14:30:00,1758.9,20211200,1758.9,20211200,1756.5,20211000
2021-09-20 15:00:00,1765.7,20211200,1765.7,20211200,1764.0,20211000
2021-09-20 16:00:00,1762.5,20211200,1762.5,20211200,1760.6,20211000
2021-09-20 17:00:00,1762.3,20211200,1762.3,20211200,1760.3,20211000
2021-09-20 18:00:00,1763.5,20211200,1763.5,20211200,1761.7,20211000
2021-09-20 19:00:00,1762.8,20211200,1762.8,20211200,1761.5,20211000
2021-09-20 20:00:00,1764.4,20211200,1764.4,20211200,1763.3,20211000
2021-09-20 21:00:00,1764.8,20211200,1764.8,20211200,1762.7,20211000
2021-09-21 14:30:00,1773.6,20211200,1773.6,20211200,1772.3,20211000
2021-09-21 15:00:00,1778.9,20211200,1778.9,20211200,1776.8,20211000
2021-09-21 16:00:00,1778.6,20211200,1778.6,20211200,1776.5,20211000
2021-09-21 17:00:00,1777.4,20211200,1777.4,20211200,1775.4,20211000
2021-09-21 18:00:00,1776.6,20211200,1776.6,20211200,1774.8,20211000
2021-09-21 19:00:00,1776.1,20211200,1776.1,20211200,1773.9,20211000
2021-09-21 20:00:00,1776.1,20211200,1776.1,20211200,1773.8,20211000
2021-09-21 21:00:00,1775.2,20211200,1775.2,20211200,1772.9,20211000
2021-09-22 14:30:00,1774.9,20211200,1774.9,20211200,1772.0,20211000
2021-09-22 15:00:00,1775.3,20211200,1775.3,20211200,1773.2,20211000
2021-09-22 16:00:00,1779.0,20211200,1779.0,20211200,1777.3,20211000
2021-09-22 17:00:00,1778.9,20211200,1778.9,20211200,1776.6,20211000
2021-09-22 18:00:00,1777.0,20211200,1777.0,20211200,1774.5,20211000
2021-09-22 19:00:00,1785.9,20211200,1785.9,20211200,1783.1,20211000
2021-09-22 20:00:00,1769.0,20211200,1769.0,20211200,1766.6,20211000
2021-09-22 21:00:00,1768.7,20211200,1768.7,20211200,1766.7,20211000
2021-09-23 14:30:00,1751.0,20211200,1751.0,20211200,1748.6,20211000
2021-09-23 15:00:00,1752.1,20211200,1752.1,20211200,1750.3,20211000
2021-09-23 16:00:00,1752.1,20211200,1752.1,20211200,1750.4,20211000
2021-09-23 17:00:00,1750.0,20211200,1750.0,20211200,1748.0,20211000
2021-09-23 18:00:00,1753.0,20211200,1753.0,20211200,1751.0,20211000
2021-09-23 19:00:00,1751.8,20211200,1751.8,20211200,1749.7,20211000
2021-09-23 19:00:01,1754.0,20220200,1754.0,20220200,1751.8,20211200
2021-09-23 20:00:00,1749.9,20220200,1749.9,20220200,1748.6,20211200
2021-09-23 21:00:00,1743.0,20220200,1743.0,20220200,1742.8,20211200
2021-09-24 14:30:00,1745.4,20220200,1745.4,20220200,1742.8,20211200
2021-09-24 15:00:00,1749.3,20220200,1749.3,20220200,1749.3,20211200
2021-09-24 16:00:00,1754.2,20220200,1754.2,20220200,1752.8,20211200
2021-09-24 17:00:00,1753.4,20220200,1753.4,20220200,1751.1,20211200
2021-09-24 18:00:00,1753.7,20220200,1753.7,20220200,1749.9,20211200
2021-09-24 19:00:00,1749.2,20220200,1749.2,20220200,1747.3,20211200
2021-09-24 20:00:00,1749.2,20220200,1749.2,20220200,1747.0,20211200
2021-09-24 21:00:00,1749.2,20220200,1749.2,20220200,1750.6,20211200
2021-09-27 14:30:00,1758.4,20220200,1758.4,20220200,1756.3,20211200
2021-09-27 15:00:00,1751.9,20220200,1751.9,20220200,1749.1,20211200
2021-09-27 16:00:00,1752.3,20220200,1752.3,20220200,1751.3,20211200
2021-09-27 17:00:00,1755.0,20220200,1755.0,20220200,1752.4,20211200
2021-09-27 18:00:00,1754.6,20220200,1754.6,20220200,1752.1,20211200
2021-09-27 19:00:00,1753.1,20220200,1753.1,20220200,1751.9,20211200
2021-09-27 20:00:00,1753.2,20220200,1753.2,20220200,1750.4,20211200
2021-09-27 21:00:00,1753.2,20220200,1753.2,20220200,1750.0,20211200
2021-09-28 14:30:00,1734.9,20220200,1734.9,20220200,1734.6,20211200
2021-09-28 15:00:00,1736.0,20220200,1736.0,20220200,1733.3,20211200
2021-09-28 16:00:00,1738.4,20220200,1738.4,20220200,1736.8,20211200
2021-09-28 17:00:00,1739.0,20220200,1739.0,20220200,1738.2,20211200
2021-09-28 18:00:00,1737.5,20220200,1737.5,20220200,1735.0,20211200
2021-09-28 19:00:00,1736.0,20220200,1736.0,20220200,1734.5,20211200
2021-09-28 20:00:00,1735.2,20220200,1735.2,20220200,1733.3,20211200
2021-09-28 21:00:00,1735.5,20220200,1735.5,20220200,1733.7,20211200
2021-09-29 14:30:00,1739.0,20220200,1739.0,20220200,1737.0,20211200
2021-09-29 15:00:00,1729.5,20220200,1729.5,20220200,1727.9,20211200
2021-09-29 16:00:00,1733.1,20220200,1733.1,20220200,1730.7,20211200
2021-09-29 17:00:00,1726.7,20220200,1726.7,20220200,1724.3,20211200
2021-09-29 18:00:00,1726.1,20220200,1726.1,20220200,1722.8,20211200
2021-09-29 19:00:00,1724.7,20220200,1724.7,20220200,1723.4,20211200
2021-09-29 20:00:00,1727.5,20220200,1727.5,20220200,1725.6,20211200
2021-09-29 21:00:00,1728.3,20220200,1728.3,20220200,1726.1,20211200
2021-09-30 14:30:00,1744.3,20220200,1744.3,20220200,1742.3,20211200
2021-09-30 15:00:00,1759.8,20220200,1759.8,20220200,1758.0,20211200
2021-09-30 16:00:00,1760.4,20220200,1760.4,20220200,1758.7,20211200
2021-09-30 17:00:00,1761.0,20220200,1761.0,20220200,1758.8,20211200
2021-09-30 18:00:00,1758.6,20220200,1758.6,20220200,1756.8,20211200
2021-09-30 19:00:00,1758.2,20220200,1758.2,20220200,1756.6,20211200
2021-09-30 20:00:00,1758.5,20220200,1758.5,20220200,1756.7,20211200
2021-09-30 21:00:00,1759.4,20220200,1759.4,20220200,1757.4,20211200
2021-10-01 14:30:00,1762.0,20220200,1762.0,20220200,1758.4,20211200
2021-10-01 15:00:00,1760.8,20220200,1760.8,20220200,1759.4,20211200
2021-10-01 16:00:00,1764.7,20220200,1764.7,20220200,1762.4,20211200
2021-10-01 17:00:00,1763.7,20220200,1763.7,20220200,1759.9,20211200
2021-10-01 18:00:00,1761.1,20220200,1761.1,20220200,1759.6,20211200
2021-10-01 19:00:00,1761.0,20220200,1761.0,20220200,1759.3,20211200
2021-10-01 20:00:00,1760.4,20220200,1760.4,20220200,1758.5,20211200
2021-10-01 21:00:00,1762.1,20220200,1762.1,20220200,1761.3,20211200
2021-10-04 14:30:00,1753.3,20220200,1753.3,20220200,1752.8,20211200
2021-10-04 15:00:00,1771.0,20220200,1771.0,20220200,1767.1,20211200
2021-10-04 16:00:00,1768.4,20220200,1768.4,20220200,1766.3,20211200
2021-10-04 17:00:00,1771.3,20220200,1771.3,20220200,1769.8,20211200
2021-10-04 18:00:00,1768.1,20220200,1768.1,20220200,1765.0,20211200
2021-10-04 19:00:00,1769.2,20220200,1769.2,20220200,1767.8,20211200
2021-10-04 20:00:00,1771.1,20220200,1771.1,20220200,1769.5,20211200
2021-10-04 21:00:00,1772.0,20220200,1772.0,20220200,1770.0,20211200
2021-10-05 14:30:00,1754.7,20220200,1754.7,20220200,1753.6,20211200
2021-10-05 15:00:00,1754.2,20220200,1754.2,20220200,1752.7,20211200
2021-10-05 16:00:00,1763.1,20220200,1763.1,20220200,1761.4,20211200
2021-10-05 17:00:00,1762.0,20220200,1762.0,20220200,1760.5,20211200
2021-10-05 18:00:00,1765.2,20220200,1765.2,20220200,1762.5,20211200
2021-10-05 19:00:00,1764.6,20220200,1764.6,20220200,1762.4,20211200
2021-10-05 20:00:00,1762.6,20220200,1762.6,20220200,1762.1,20211200
2021-10-05 21:00:00,1762.0,20220200,1762.0,20220200,1760.8,20211200
2021-10-06 14:30:00,1761.9,20220200,1761.9,20220200,1759.3,20211200
2021-10-06 15:00:00,1765.0,20220200,1765.0,20220200,1760.5,20211200
2021-10-06 16:00:00,1764.3,20220200,1764.3,20220200,1762.8,20211200
2021-10-06 17:00:00,1764.5,20220200,1764.5,20220200,1763.2,20211200
2021-10-06 18:00:00,1763.7,20220200,1763.7,20220200,1762.6,20211200
2021-10-06 19:00:00,1764.6,20220200,1764.6,20220200,1762.8,20211200
2021-10-06 20:00:00,1767.0,20220200,1767.0,20220200,1765.2,20211200
2021-10-06 21:00:00,1765.6,20220200,1765.6,20220200,1763.6,20211200
2021-10-07 14:30:00,1760.1,20220200,1760.1,20220200,1759.3,20211200
2021-10-07 15:00:00,1760.0,20220200,1760.0,20220200,1757.1,20211200
2021-10-07 16:00:00,1760.0,20220200,1760.0,20220200,1758.9,20211200
2021-10-07 17:00:00,1761.0,20220200,1761.0,20220200,1758.5,20211200
2021-10-07 18:00:00,1761.0,20220200,1761.0,20220200,1758.2,20211200
2021-10-07 19:00:00,1758.6,20220200,1758.6,20220200,1756.1,20211200
2021-10-07 20:00:00,1757.7,20220200,1757.7,20220200,1755.8,20211200
2021-10-07 21:00:00,1757.7,20220200,1757.7,20220200,1756.0,20211200
2021-10-08 14:30:00,1775.2,20220200,1775.2,20220200,1773.1,20211200
2021-10-08 15:00:00,1760.5,20220200,1760.5,20220200,1759.0,20211200
2021-10-08 16:00:00,1759.7,20220200,1759.7,20220200,1758.9,20211200
2021-10-08 17:00:00,1760.6,20220200,1760.6,20220200,1759.0,20211200
2021-10-08 18:00:00,1761.3,20220200,1761.3,20220200,1760.0,20211200
2021-10-08 19:00:00,1761.2,20220200,1761.2,20220200,1758.5,20211200
2021-10-08 20:00:00,1760.2,20220200,1760.2,20220200,1758.0,20211200
2021-10-08 21:00:00,1758.7,20220200,1758.7,20220200,1756.6,20211200
2021-10-11 14:30:00,1758.8,20220200,1758.8,20220200,1757.9,20211200
2021-10-11 15:00:00,1759.3,20220200,1759.3,20220200,1757.7,20211200
2021-10-11 16:00:00,1760.5,20220200,1760.5,20220200,1757.8,20211200
2021-10-11 17:00:00,1759.0,20220200,1759.0,20220200,1755.9,20211200
2021-10-11 18:00:00,1757.2,20220200,1757.2,20220200,1754.2,20211200
2021-10-11 19:00:00,1757.4,20220200,1757.4,20220200,1755.6,20211200
2021-10-11 20:00:00,1756.1,20220200,1756.1,20220200,1753.5,20211200
2021-10-11 21:00:00,1756.0,20220200,1756.0,20220200,1753.9,20211200
2021-10-12 14:30:00,1771.0,20220200,1771.0,20220200,1769.0,20211200
2021-10-12 15:00:00,1767.9,20220200,1767.9,20220200,1762.7,20211200
2021-10-12 16:00:00,1762.8,20220200,1762.8,20220200,1761.0,20211200
2021-10-12 17:00:00,1763.0,20220200,1763.0,20220200,1760.9,20211200
2021-10-12 18:00:00,1761.7,20220200,1761.7,20220200,1760.6,20211200
2021-10-12 19:00:00,1761.2,20220200,1761.2,20220200,1759.7,20211200
2021-10-12 20:00:00,1763.7,20220200,1763.7,20220200,1761.7,20211200
2021-10-12 21:00:00,1763.3,20220200,1763.3,20220200,1760.3,20211200
2021-10-13 14:30:00,1784.9,20220200,1784.9,20220200,1782.7,20211200
2021-10-13 15:00:00,1797.1,20220200,1797.1,20220200,1794.0,20211200
2021-10-13 16:00:00,1797.1,20220200,1797.1,20220200,1795.6,20211200
2021-10-13 17:00:00,1795.6,20220200,1795.6,20220200,1793.7,20211200
2021-10-13 18:00:00,1797.8,20220200,1797.8,20220200,1795.8,20211200
2021-10-13 19:00:00,1795.9,20220200,1795.9,20220200,1794.8,20211200
2021-10-13 20:00:00,1794.7,20220200,1794.7,20220200,1792.9,20211200
2021-10-13 21:00:00,1794.7,20220200,1794.7,20220200,1794.1,20211200
2021-10-14 14:30:00,1799.1,20220200,1799.1,20220200,1797.3,20211200
2021-10-14 15:00:00,1800.0,20220200,1800.0,20220200,1798.3,20211200
2021-10-14 16:00:00,1800.9,20220200,1800.9,20220200,1799.6,20211200
2021-10-14 17:00:00,1800.1,20220200,1800.1,20220200,1798.1,20211200
2021-10-14 18:00:00,1799.6,20220200,1799.6,20220200,1798.2,20211200
2021-10-14 19:00:00,1801.7,20220200,1801.7,20220200,1800.2,20211200
2021-10-14 20:00:00,1800.1,20220200,1800.1,20220200,1798.1,20211200
2021-10-14 21:00:00,1799.1,20220200,1799.1,20220200,1797.4,20211200
2021-10-15 14:30:00,1773.9,20220200,1773.9,20220200,1772.2,20211200
2021-10-15 15:00:00,1777.2,20220200,1777.2,20220200,1775.7,20211200
2021-10-15 16:00:00,1768.7,20220200,1768.7,20220200,1768.9,20211200
2021-10-15 17:00:00,1770.3,20220200,1770.3,20220200,1768.3,20211200
2021-10-15 18:00:00,1769.6,20220200,1769.6,20220200,1768.5,20211200
2021-10-15 19:00:00,1770.0,20220200,1770.0,20220200,1768.2,20211200
2021-10-15 20:00:00,1770.8,20220200,1770.8,20220200,1768.8,20211200
2021-10-15 21:00:00,1770.3,20220200,1770.3,20220200,1768.0,20211200
2021-10-18 14:30:00,1771.5,20220200,1771.5,20220200,1769.5,20211200
2021-10-18 15:00:00,1773.3,20220200,1773.3,20220200,1770.9,20211200
2021-10-18 16:00:00,1770.7,20220200,1770.7,20220200,1768.3,20211200
2021-10-18 17:00:00,1767.5,20220200,1767.5,20220200,1767.0,20211200
2021-10-18 18:00:00,1767.4,20220200,1767.4,20220200,1765.9,20211200
2021-10-18 19:00:00,1769.4,20220200,1769.4,20220200,1766.2,20211200
2021-10-18 20:00:00,1766.1,20220200,1766.1,20220200,1764.4,20211200
2021-10-18 21:00:00,1766.1,20220200,1766.1,20220200,1764.7,20211200
2021-10-19 14:30:00,1779.1,20220200,1779.1,20220200,1778.8,20211200
2021-10-19 15:00:00,1775.1,20220200,1775.1,20220200,1773.4,20211200
2021-10-19 16:00:00,1773.5,20220200,1773.5,20220200,1771.4,20211200
2021-10-19 17:00:00,1771.4,20220200,1771.4,20220200,1769.8,20211200
2021-10-19 18:00:00,1771.2,20220200,1771.2,20220200,1769.1,20211200
2021-10-19 19:00:00,1772.3,20220200,1772.3,20220200,1770.9,20211200
2021-10-19 20:00:00,1772.2,20220200,1772.2,20220200,1770.4,20211200
2021-10-19 21:00:00,1771.4,20220200,1771.4,20220200,1769.2,20211200
2021-10-20 14:30:00,1782.2,20220200,1782.2,20220200,1780.8,20211200
2021-10-20 15:00:00,1784.8,20220200,1784.8,20220200,1783.4,20211200
2021-10-20 16:00:00,1786.2,20220200,1786.2,20220200,1784.3,20211200
2021-10-20 17:00:00,1788.9,20220200,1788.9,20220200,1787.7,20211200
2021-10-20 18:00:00,1785.8,20220200,1785.8,20220200,1784.1,20211200
2021-10-20 19:00:00,1788.7,20220200,1788.7,20220200,1787.1,20211200
2021-10-20 20:00:00,1787.1,20220200,1787.1,20220200,1786.1,20211200
2021-10-20 21:00:00,1784.0,20220200,1784.0,20220200,1783.0,20211200
2021-10-21 14:30:00,1782.5,20220200,1782.5,20220200,1780.5,20211200
2021-10-21 15:00:00,1783.5,20220200,1783.5,20220200,1781.0,20211200
2021-10-21 16:00:00,1784.8,20220200,1784.8,20220200,1783.4,20211200
2021-10-21 17:00:00,1783.5,20220200,1783.5,20220200,1781.1,20211200
2021-10-21 18:00:00,1783.9,20220200,1783.9,20220200,1782.1,20211200
2021-10-21 19:00:00,1783.6,20220200,1783.6,20220200,1781.7,20211200
2021-10-21 20:00:00,1786.5,20220200,1786.5,20220200,1784.8,20211200
2021-10-21 21:00:00,1785.9,20220200,1785.9,20220200,1783.5,20211200
2021-10-22 14:30:00,1811.3,20220200,1811.3,20220200,1809.5,20211200
2021-10-22 15:00:00,1815.7,20220200,1815.7,20220200,1813.7,20211200
2021-10-22 16:00:00,1787.9,20220200,1787.9,20220200,1786.5,20211200
2021-10-22 17:00:00,1800.6,20220200,1800.6,20220200,1798.7,20211200
2021-10-22 18:00:00,1798.1,20220200,1798.1,20220200,1796.2,20211200
2021-10-22 19:00:00,1797.2,20220200,1797.2,20220200,1795.2,20211200
2021-10-22 20:00:00,1796.9,20220200,1796.9,20220200,1795.2,20211200
2021-10-22 21:00:00,1796.0,20220200,1796.0,20220200,1793.1,20211200
2021-10-25 14:30:00,1810.9,20220200,1810.9,20220200,1809.3,20211200
2021-10-25 15:00:00,1810.5,20220200,1810.5,20220200,1808.7,20211200
2021-10-25 16:00:00,1811.3,20220200,1811.3,20220200,1809.6,20211200
2021-10-25 17:00:00,1811.0,20220200,1811.0,20220200,1808.4,20211200
2021-10-25 18:00:00,1809.1,20220200,1809.1,20220200,1807.5,20211200
2021-10-25 19:00:00,1811.2,20220200,1811.2,20220200,1809.7,20211200
2021-10-25 20:00:00,1809.5,20220200,1809.5,20220200,1808.2,20211200
2021-10-25 21:00:00,1810.2,20220200,1810.2,20220200,1809.1,20211200
2021-10-26 14:30:00,1792.4,20220200,1792.4,20220200,1791.0,20211200
2021-10-26 15:00:00,1788.8,20220200,1788.8,20220200,1787.0,20211200
2021-10-26 16:00:00,1792.5,20220200,1792.5,20220200,1790.9,20211200
2021-10-26 17:00:00,1795.2,20220200,1795.2,20220200,1793.0,20211200
2021-10-26 18:00:00,1795.5,20220200,1795.5,20220200,1793.0,20211200
2021-10-26 19:00:00,1796.0,20220200,1796.0,20220200,1794.8,20211200
2021-10-26 20:00:00,1798.2,20220200,1798.2,20220200,1794.7,20211200
2021-10-26 21:00:00,1796.2,20220200,1796.2,20220200,1794.2,20211200
2021-10-27 14:30:00,1799.0,20220200,1799.0,20220200,1796.8,20211200
2021-10-27 15:00:00,1797.2,20220200,1797.2,20220200,1793.7,20211200
2021-10-27 16:00:00,1796.2,20220200,1796.2,20220200,1796.4,20211200
2021-10-27 17:00:00,1798.2,20220200,1798.2,20220200,1796.3,20211200
2021-10-27 18:00:00,1799.7,20220200,1799.7,20220200,1798.1,20211200
2021-10-27 19:00:00,1801.5,20220200,1801.5,20220200,1799.7,20211200
2021-10-27 20:00:00,1800.3,20220200,1800.3,20220200,1799.7,20211200
2021-10-27 21:00:00,1800.8,20220200,1800.8,20220200,1798.4,20211200
2021-10-28 14:30:00,1807.2,20220200,1807.2,20220200,1804.9,20211200
2021-10-28 15:00:00,1801.5,20220200,1801.5,20220200,1800.2,20211200
2021-10-28 16:00:00,1806.5,20220200,1806.5,20220200,1802.9,20211200
2021-10-28 17:00:00,1806.6,20220200,1806.6,20220200,1802.6,20211200
2021-10-28 18:00:00,1804.1,20220200,1804.1,20220200,1802.2,20211200
2021-10-28 19:00:00,1804.8,20220200,1804.8,20220200,1802.7,20211200
2021-10-28 20:00:00,1801.8,20220200,1801.8,20220200,1800.1,20211200
2021-10-28 21:00:00,1802.6,20220200,1802.6,20220200,1800.7,20211200
2021-10-29 14:30:00,1776.6,20220200,1776.6,20220200,1774.6,20211200
2021-10-29 15:00:00,1779.8,20220200,1779.8,20220200,1777.6,20211200
2021-10-29 16:00:00,1781.0,20220200,1781.0,20220200,1778.8,20211200
2021-10-29 17:00:00,1781.5,20220200,1781.5,20220200,1778.9,20211200
2021-10-29 18:00:00,1784.5,20220200,1784.5,20220200,1783.5,20211200
2021-10-29 19:00:00,1785.8,20220200,1785.8,20220200,1783.1,20211200
2021-10-29 20:00:00,1785.8,20220200,1785.8,20220200,1784.1,20211200
2021-10-29 21:00:00,1787.0,20220200,1787.0,20220200,1784.6,20211200
2021-11-01 13:30:00,1795.2,20220200,1795.2,20220200,1793.6,20211200
2021-11-01 14:00:00,1797.6,20220200,1797.6,20220200,1795.6,20211200
2021-11-01 15:00:00,1794.7,20220200,1794.7,20220200,1794.2,20211200
2021-11-01 16:00:00,1794.1,20220200,1794.1,20220200,1793.2,20211200
2021-11-01 17:00:00,1798.2,20220200,1798.2,20220200,1795.1,20211200
2021-11-01 18:00:00,1797.3,20220200,1797.3,20220200,1795.5,20211200
2021-11-01 19:00:00,1795.3,20220200,1795.3,20220200,1794.0,20211200
2021-11-01 20:00:00,1795.3,20220200,1795.3,20220200,1794.6,20211200
2021-11-02 13:30:00,1796.0,20220200,1796.0,20220200,1791.7,20211200
2021-11-02 14:00:00,1794.1,20220200,1794.1,20220200,1791.9,20211200
2021-11-02 15:00:00,1791.2,20220200,1791.2,20220200,1789.9,20211200
2021-11-02 16:00:00,1791.0,20220200,1791.0,20220200,1789.0,20211200
2021-11-02 17:00:00,1791.0,20220200,1791.0,20220200,1788.4,20211200
2021-11-02 18:00:00,1790.7,20220200,1790.7,20220200,1787.8,20211200
2021-11-02 19:00:00,1790.7,20220200,1790.7,20220200,1789.7,20211200
2021-11-02 20:00:00,1791.0,20220200,1791.0,20220200,1789.0,20211200
2021-11-03 13:30:00,1768.6,20220200,1768.6,20220200,1767.5,20211200
2021-11-03 14:00:00,1765.4,20220200,1765.4,20220200,1763.5,20211200
2021-11-03 15:00:00,1765.8,20220200,1765.8,20220200,1763.8,20211200
2021-11-03 16:00:00,1765.3,20220200,1765.3,20220200,1762.4,20211200
2021-11-03 17:00:00,1767.4,20220200,1767.4,20220200,1765.9,20211200
2021-11-03 18:00:00,1768.6,20220200,1768.6,20220200,1765.4,20211200
2021-11-03 19:00:00,1776.4,20220200,1776.4,20220200,1774.2,20211200
2021-11-03 20:00:00,1774.9,20220200,1774.9,20220200,1770.2,20211200
2021-11-04 13:30:00,1799.0,20220200,1799.0,20220200,1797.1,20211200
2021-11-04 14:00:00,1800.6,20220200,1800.6,20220200,1798.4,20211200
2021-11-04 15:00:00,1796.0,20220200,1796.0,20220200,1793.2,20211200
2021-11-04 16:00:00,1795.1,20220200,1795.1,20220200,1793.5,20211200
2021-11-04 17:00:00,1797.1,20220200,1797.1,20220200,1794.7,20211200
2021-11-04 18:00:00,1795.5,20220200,1795.5,20220200,1792.8,20211200
2021-11-04 19:00:00,1796.3,20220200,1796.3,20220200,1795.1,20211200
2021-11-04 20:00:00,1795.0,20220200,1795.0,20220200,1793.1,20211200
2021-11-05 13:30:00,1801.8,20220200,1801.8,20220200,1800.5,20211200
2021-11-05 14:00:00,1806.4,20220200,1806.4,20220200,1803.5,20211200
2021-11-05 15:00:00,1813.6,20220200,1813.6,20220200,1811.5,20211200
2021-11-05 16:00:00,1817.9,20220200,1817.9,20220200,1815.9,20211200
2021-11-05 17:00:00,1817.7,20220200,1817.7,20220200,1815.6,20211200
2021-11-05 18:00:00,1819.9,20220200,1819.9,20220200,1817.6,20211200
2021-11-05 19:00:00,1820.8,20220200,1820.8,20220200,1818.6,20211200
2021-11-05 20:00:00,1822.2,20220200,1822.2,20220200,1819.8,20211200
2021-11-08 14:30:00,1826.0,20220200,1826.0,20220200,1824.2,20211200
2021-11-08 15:00:00,1825.1,20220200,1825.1,20220200,1823.3,20211200
2021-11-08 16:00:00,1827.3,20220200,1827.3,20220200,1826.0,20211200
2021-11-08 17:00:00,1826.9,20220200,1826.9,20220200,1825.4,20211200
2021-11-08 18:00:00,1830.1,20220200,1830.1,20220200,1827.3,20211200
2021-11-08 19:00:00,1830.0,20220200,1830.0,20220200,1827.3,20211200
2021-11-08 20:00:00,1828.5,20220200,1828.5,20220200,1825.8,20211200
2021-11-08 21:00:00,1828.6,20220200,1828.6,20220200,1825.9,20211200
2021-11-09 14:30:00,1830.3,20220200,1830.3,20220200,1828.0,20211200
2021-11-09 15:00:00,1829.5,20220200,1829.5,20220200,1827.6,20211200
2021-11-09 16:00:00,1832.8,20220200,1832.8,20220200,1830.4,20211200
2021-11-09 17:00:00,1835.0,20220200,1835.0,20220200,1832.8,20211200
2021-11-09 18:00:00,1832.9,20220200,1832.9,20220200,1830.8,20211200
2021-11-09 19:00:00,1834.6,20220200,1834.6,20220200,1832.3,20211200
2021-11-09 20:00:00,1836.5,20220200,1836.5,20220200,1834.2,20211200
2021-11-09 21:00:00,1836.0,20220200,1836.0,20220200,1833.8,20211200
2021-11-10 14:30:00,1866.4,20220200,1866.4,20220200,1863.8,20211200
2021-11-10 15:00:00,1856.7,20220200,1856.7,20220200,1853.7,20211200
2021-11-10 16:00:00,1859.7,20220200,1859.7,20220200,1857.1,20211200
2021-11-10 17:00:00,1854.0,20220200,1854.0,20220200,1851.9,20211200
2021-11-10 18:00:00,1852.7,20220200,1852.7,20220200,1847.9,20211200
2021-11-10 19:00:00,1851.7,20220200,1851.7,20220200,1848.9,20211200
2021-11-10 20:00:00,1856.1,20220200,1856.1,20220200,1854.6,20211200
2021-11-10 21:00:00,1853.3,20220200,1853.3,20220200,1851.2,20211200
2021-11-11 14:30:00,1864.0,20220200,1864.0,20220200,1862.0,20211200
2021-11-11 15:00:00,1867.2,20220200,1867.2,20220200,1864.0,20211200
2021-11-11 16:00:00,1865.7,20220200,1865.7,20220200,1864.7,20211200
2021-11-11 17:00:00,1867.1,20220200,1867.1,20220200,1864.9,20211200
2021-11-11 18:00:00,1865.7,20220200,1865.7,20220200,1863.2,20211200
2021-11-11 19:00:00,1867.6,20220200,1867.6,20220200,1864.3,20211200
2021-11-11 20:00:00,1867.0,20220200,1867.0,20220200,1864.8,20211200
2021-11-11 21:00:00,1866.5,20220200,1866.5,20220200,1864.4,20211200
2021-11-12 14:30:00,1864.2,20220200,1864.2,20220200,1861.1,20211200
2021-11-12 15:00:00,1866.7,20220200,1866.7,20220200,1863.7,20211200
2021-11-12 16:00:00,1868.4,20220200,1868.4,20220200,1866.1,20211200
2021-11-12 17:00:00,1869.6,20220200,1869.6,20220200,1867.3,20211200
2021-11-12 18:00:00,1871.0,20220200,1871.0,20220200,1867.3,20211200
2021-11-12 19:00:00,1870.0,20220200,1870.0,20220200,1866.5,20211200
2021-11-12 20:00:00,1871.0,20220200,1871.0,20220200,1868.5,20211200
2021-11-12 21:00:00,1869.9,20220200,1869.9,20220200,1867.4,20211200
2021-11-15 14:30:00,1864.3,20220200,1864.3,20220200,1862.6,20211200
2021-11-15 15:00:00,1865.4,20220200,1865.4,20220200,1864.2,20211200
2021-11-15 16:00:00,1868.0,20220200,1868.0,20220200,1865.7,20211200
2021-11-15 17:00:00,1868.7,20220200,1868.7,20220200,1865.8,20211200
2021-11-15 18:00:00,1869.8,20220200,1869.8,20220200,1866.9,20211200
2021-11-15 19:00:00,1872.0,20220200,1872.0,20220200,1869.4,20211200
2021-11-15 20:00:00,1868.2,20220200,1868.2,20220200,1865.4,20211200
2021-11-15 21:00:00,1867.6,20220200,1867.6,20220200,1864.9,20211200
2021-11-16 14:30:00,1864.0,20220200,1864.0,20220200,1861.4,20211200
2021-11-16 15:00:00,1866.0,20220200,1866.0,20220200,1863.4,20211200
2021-11-16 16:00:00,1860.6,20220200,1860.6,20220200,1856.7,20211200
2021-11-16 17:00:00,1856.0,20220200,1856.0,20220200,1853.8,20211200
2021-11-16 18:00:00,1857.0,20220200,1857.0,20220200,1854.7,20211200
2021-11-16 19:00:00,1855.5,20220200,1855.5,20220200,1852.9,20211200
2021-11-16 20:00:00,1854.0,20220200,1854.0,20220200,1851.8,20211200
2021-11-16 21:00:00,1854.2,20220200,1854.2,20220200,1851.8,20211200
2021-11-17 14:30:00,1871.3,20220200,1871.3,20220200,1868.4,20211200
2021-11-17 15:00:00,1867.5,20220200,1867.5,20220200,1865.1,20211200
2021-11-17 16:00:00,1870.9,20220200,1870.9,20220200,1868.4,20211200
2021-11-17 17:00:00,1870.2,20220200,1870.2,20220200,1867.7,20211200
2021-11-17 18:00:00,1872.0,20220200,1872.0,20220200,1869.1,20211200
2021-11-17 19:00:00,1868.0,20220200,1868.0,20220200,1866.2,20211200
2021-11-17 20:00:00,1871.3,20220200,1871.3,20220200,1868.9,20211200
2021-11-17 21:00:00,1872.1,20220200,1872.1,20220200,1869.3,20211200
2021-11-18 14:30:00,1866.0,20220200,1866.0,20220200,1863.4,20211200
2021-11-18 15:00:00,1864.1,20220200,1864.1,20220200,1861.8,20211200
2021-11-18 16:00:00,1865.8,20220200,1865.8,20220200,1863.8,20211200
2021-11-18 17:00:00,1865.3,20220200,1865.3,20220200,1862.8,20211200
2021-11-18 18:00:00,1862.8,20220200,1862.8,20220200,1861.7,20211200
2021-11-18 19:00:00,1863.3,20220200,1863.3,20220200,1860.7,20211200
2021-11-18 20:00:00,1865.4,20220200,1865.4,20220200,1862.4,20211200
2021-11-18 21:00:00,1863.4,20220200,1863.4,20220200,1860.7,20211200
2021-11-19 14:30:00,1865.9,20220200,1865.9,20220200,1864.2,20211200
2021-11-19 15:00:00,1865.1,20220200,1865.1,20220200,1862.4,20211200
2021-11-19 16:00:00,1861.0,20220200,1861.0,20220200,1858.5,20211200
2021-11-19 17:00:00,1851.4,20220200,1851.4,20220200,1848.5,20211200
2021-11-19 18:00:00,1854.7,20220200,1854.7,20220200,1851.4,20211200
2021-11-19 19:00:00,1853.6,20220200,1853.6,20220200,1851.1,20211200
2021-11-19 20:00:00,1851.0,20220200,1851.0,20220200,1848.4,20211200
2021-11-19 21:00:00,1849.3,20220200,1849.3,20220200,1846.7,20211200
2021-11-22 14:30:00,1822.5,20220200,1822.5,20220200,1819.9,20211200
2021-11-22 15:00:00,1822.0,20220200,1822.0,20220200,1818.9,20211200
2021-11-22 16:00:00,1819.1,20220200,1819.1,20220200,1816.2,20211200
2021-11-22 17:00:00,1811.7,20220200,1811.7,20220200,1809.0,20211200
2021-11-22 18:00:00,1808.9,20220200,1808.9,20220200,1806.3,20211200
2021-11-22 19:00:00,1806.8,20220200,1806.8,20220200,1804.1,20211200
2021-11-22 20:00:00,1808.5,20220200,1808.5,20220200,1805.4,20211200
2021-11-22 21:00:00,1807.3,20220200,1807.3,20220200,1804.8,20211200
2021-11-23 14:30:00,1793.0,20220200,1793.0,20220200,1790.5,20211200
2021-11-23 15:00:00,1788.5,20220200,1788.5,20220200,1786.3,20211200
2021-11-23 16:00:00,1784.9,20220200,1784.9,20220200,1782.5,20211200
2021-11-23 17:00:00,1786.6,20220200,1786.6,20220200,1784.2,20211200
2021-11-23 18:00:00,1789.0,20220200,1789.0,20220200,1786.3,20211200
2021-11-23 19:00:00,1791.4,20220200,1791.4,20220200,1788.3,20211200
2021-11-23 20:00:00,1793.7,20220200,1793.7,20220200,1790.7,20211200
2021-11-23 21:00:00,1792.2,20220200,1792.2,20220200,1789.6,20211200
2021-11-24 14:30:00,1784.3,20220200,1784.3,20220200,1781.9,20211200
2021-11-24 15:00:00,1786.9,20220200,1786.9,20220200,1784.5,20211200
2021-11-24 16:00:00,1791.7,20220200,1791.7,20220200,1789.0,20211200
2021-11-24 17:00:00,1787.5,20220200,1787.5,20220200,1785.1,20211200
2021-11-24 18:00:00,1786.7,20220200,1786.7,20220200,1784.2,20211200
2021-11-24 19:00:00,1787.4,20220200,1787.4,20220200,1784.6,20211200
2021-11-24 20:00:00,1790.6,20220200,1790.6,20220200,1788.0,20211200
2021-11-24 21:00:00,1791.0,20220200,1791.0,20220200,1788.7,20211200
2021-11-24 23:00:00,1786.9,20220200,1786.9,20220200,1784.3,20211200
2021-11-26 14:30:00,1801.1,20220200,1801.1,20220200,1798.3,20211200
2021-11-26 15:00:00,1800.1,20220200,1800.1,20220200,1797.2,20211200
2021-11-26 16:00:00,1787.1,20220200,1787.1,20220200,1784.4,20211200
2021-11-26 17:00:00,1786.6,20220200,1786.6,20220200,1785.0,20211200
2021-11-26 18:00:00,1794.0,20220200,1794.0,20220200,1790.4,20211200
2021-11-26 18:00:01,1791.3,20220400,1791.3,20220400,1794.0,20220200
2021-11-26 23:00:00,1789.9,20220400,1789.9,20220400,1788.1,20220200
2021-11-29 14:30:00,1793.4,20220400,1793.4,20220400,1789.7,20220200
2021-11-29 15:00:00,1790.5,20220400,1790.5,20220400,1788.8,20220200
2021-11-29 16:00:00,1787.0,20220400,1787.0,20220400,1785.4,20220200
2021-11-29 17:00:00,1787.5,20220400,1787.5,20220400,1785.8,20220200
2021-11-29 18:00:00,1787.8,20220400,1787.8,20220400,1785.5,20220200
2021-11-29 19:00:00,1785.0,20220400,1785.0,20220400,1785.3,20220200
2021-11-29 20:00:00,1786.9,20220400,1786.9,20220400,1785.3,20220200
2021-11-29 21:00:00,1789.0,20220400,1789.0,20220400,1786.2,20220200
2021-11-29 23:00:00,1787.1,20220400,1787.1,20220400,1785.2,20220200
2021-11-30 14:30:00,1807.0,20220400,1807.0,20220400,1805.0,20220200
2021-11-30 15:00:00,1787.1,20220400,1787.1,20220400,1786.1,20220200
2021-11-30 16:00:00,1777.7,20220400,1777.7,20220400,1775.7,20220200
2021-11-30 17:00:00,1778.3,20220400,1778.3,20220400,1775.8,20220200
2021-11-30 18:00:00,1780.8,20220400,1780.8,20220400,1778.3,20220200
2021-11-30 19:00:00,1778.7,20220400,1778.7,20220400,1777.8,20220200
2021-11-30 20:00:00,1774.9,20220400,1774.9,20220400,1772.9,20220200
2021-11-30 21:00:00,1777.0,20220400,1777.0,20220400,1776.2,20220200
2021-12-01 14:30:00,1791.4,20220400,1791.4,20220400,1790.0,20220200
2021-12-01 15:00:00,1790.1,20220400,1790.1,20220400,1787.8,20220200
2021-12-01 16:00:00,1788.4,20220400,1788.4,20220400,1787.5,20220200
2021-12-01 17:00:00,1788.2,20220400,1788.2,20220400,1785.8,20220200
2021-12-01 18:00:00,1785.6,20220400,1785.6,20220400,1784.7,20220200
2021-12-01 19:00:00,1785.0,20220400,1785.0,20220400,1782.8,20220200
2021-12-01 20:00:00,1784.1,20220400,1784.1,20220400,1780.3,20220200
2021-12-01 21:00:00,1784.6,20220400,1784.6,20220400,1783.2,20220200
2021-12-02 14:30:00,1767.3,20220400,1767.3,20220400,1765.2,20220200
2021-12-02 15:00:00,1768.7,20220400,1768.7,20220400,1768.2,20220200
2021-12-02 16:00:00,1769.2,20220400,1769.2,20220400,1767.5,20220200
2021-12-02 17:00:00,1766.0,20220400,1766.0,20220400,1763.9,20220200
2021-12-02 18:00:00,1766.7,20220400,1766.7,20220400,1764.9,20220200
2021-12-02 19:00:00,1768.2,20220400,1768.2,20220400,1766.2,20220200
2021-12-02 20:00:00,1770.0,20220400,1770.0,20220400,1768.4,20220200
2021-12-02 21:00:00,1771.0,20220400,1771.0,20220400,1769.4,20220200
2021-12-03 14:30:00,1773.6,20220400,1773.6,20220400,1771.7,20220200
2021-12-03 15:00:00,1773.7,20220400,1773.7,20220400,1771.4,20220200
2021-12-03 16:00:00,1783.6,20220400,1783.6,20220400,1781.8,20220200
2021-12-03 17:00:00,1783.5,20220400,1783.5,20220400,1781.4,20220200
2021-12-03 18:00:00,1786.8,20220400,1786.8,20220400,1785.4,20220200
2021-12-03 19:00:00,1785.0,20220400,1785.0,20220400,1783.2,20220200
2021-12-03 20:00:00,1785.8,20220400,1785.8,20220400,1784.1,20220200
2021-12-03 21:00:00,1787.0,20220400,1787.0,20220400,1784.5,20220200
2021-12-06 14:30:00,1780.0,20220400,1780.0,20220400,1778.5,20220200
2021-12-06 15:00:00,1782.9,20220400,1782.9,20220400,1779.1,20220200
2021-12-06 16:00:00,1786.3,20220400,1786.3,20220400,1785.5,20220200
2021-12-06 17:00:00,1783.3,20220400,1783.3,20220400,1781.6,20220200
2021-12-06 18:00:00,1783.2,20220400,1783.2,20220400,1779.5,20220200
2021-12-06 19:00:00,1783.2,20220400,1783.2,20220400,1779.6,20220200
2021-12-06 20:00:00,1782.0,20220400,1782.0,20220400,1780.0,20220200
2021-12-06 21:00:00,1781.5,20220400,1781.5,20220400,1779.6,20220200
2021-12-07 14:30:00,1782.0,20220400,1782.0,20220400,1780.5,20220200
2021-12-07 15:00:00,1786.8,20220400,1786.8,20220400,1783.4,20220200
2021-12-07 16:00:00,1789.8,20220400,1789.8,20220400,1787.0,20220200
2021-12-07 17:00:00,1785.0,20220400,1785.0,20220400,1784.1,20220200
2021-12-07 18:00:00,1787.0,20220400,1787.0,20220400,1785.1,20220200
2021-12-07 19:00:00,1787.0,20220400,1787.0,20220400,1785.0,20220200
2021-12-07 20:00:00,1789.2,20220400,1789.2,20220400,1786.2,20220200
2021-12-07 21:00:00,1786.9,20220400,1786.9,20220400,1785.0,20220200
2021-12-08 14:30:00,1783.8,20220400,1783.8,20220400,1782.1,20220200
2021-12-08 15:00:00,1784.8,20220400,1784.8,20220400,1783.0,20220200
2021-12-08 16:00:00,1784.7,20220400,1784.7,20220400,1783.1,20220200
2021-12-08 17:00:00,1786.2,20220400,1786.2,20220400,1785.0,20220200
2021-12-08 18:00:00,1787.2,20220400,1787.2,20220400,1785.3,20220200
2021-12-08 19:00:00,1787.6,20220400,1787.6,20220400,1785.2,20220200
2021-12-08 20:00:00,1789.0,20220400,1789.0,20220400,1786.7,20220200
2021-12-08 21:00:00,1786.4,20220400,1786.4,20220400,1783.9,20220200
2021-12-09 14:30:00,1779.0,20220400,1779.0,20220400,1777.3,20220200
2021-12-09 15:00:00,1782.8,20220400,1782.8,20220400,1780.5,20220200
2021-12-09 16:00:00,1779.3,20220400,1779.3,20220400,1777.3,20220200
2021-12-09 17:00:00,1779.8,20220400,1779.8,20220400,1777.7,20220200
2021-12-09 18:00:00,1777.5,20220400,1777.5,20220400,1778.9,20220200
2021-12-09 19:00:00,1778.5,20220400,1778.5,20220400,1776.6,20220200
2021-12-09 20:00:00,1778.5,20220400,1778.5,20220400,1775.8,20220200
2021-12-09 21:00:00,1777.8,20220400,1777.8,20220400,1775.5,20220200
2021-12-10 14:30:00,1783.0,20220400,1783.0,20220400,1780.8,20220200
2021-12-10 15:00:00,1786.3,20220400,1786.3,20220400,1784.0,20220200
2021-12-10 16:00:00,1789.4,20220400,1789.4,20220400,1785.5,20220200
2021-12-10 17:00:00,1787.2,20220400,1787.2,20220400,1784.3,20220200
2021-12-10 18:00:00,1787.7,20220400,1787.7,20220400,1783.3,20220200
2021-12-10 19:00:00,1784.7,20220400,1784.7,20220400,1783.6,20220200
2021-12-10 20:00:00,1785.3,20220400,1785.3,20220400,1783.2,20220200
2021-12-10 21:00:00,1785.3,20220400,1785.3,20220400,1783.3,20220200
2021-12-13 14:30:00,1791.8,20220400,1791.8,20220400,1789.5,20220200
2021-12-13 15:00:00,1790.1,20220400,1790.1,20220400,1787.3,20220200
2021-12-13 16:00:00,1792.3,20220400,1792.3,20220400,1789.4,20220200
2021-12-13 17:00:00,1791.0,20220400,1791.0,20220400,1788.9,20220200
2021-12-13 18:00:00,1789.7,20220400,1789.7,20220400,1788.0,20220200
2021-12-13 19:00:00,1790.8,20220400,1790.8,20220400,1788.4,20220200
2021-12-13 20:00:00,1790.0,20220400,1790.0,20220400,1788.0,20220200
2021-12-13 21:00:00,1790.0,20220400,1790.0,20220400,1787.6,20220200
2021-12-14 14:30:00,1780.5,20220400,1780.5,20220400,1776.5,20220200
2021-12-14 15:00:00,1777.2,20220400,1777.2,20220400,1774.6,20220200
2021-12-14 16:00:00,1775.0,20220400,1775.0,20220400,1773.9,20220200
2021-12-14 17:00:00,1775.0,20220400,1775.0,20220400,1773.0,20220200
2021-12-14 18:00:00,1773.9,20220400,1773.9,20220400,1771.7,20220200
2021-12-14 19:00:00,1774.3,20220400,1774.3,20220400,1772.0,20220200
2021-12-14 20:00:00,1773.2,20220400,1773.2,20220400,1771.7,20220200
2021-12-14 21:00:00,1773.8,20220400,1773.8,20220400,1771.1,20220200
2021-12-15 14:30:00,1772.3,20220400,1772.3,20220400,1769.7,20220200
2021-12-15 15:00:00,1768.0,20220400,1768.0,20220400,1766.0,20220200
2021-12-15 16:00:00,1770.2,20220400,1770.2,20220400,1768.3,20220200
2021-12-15 17:00:00,1769.1,20220400,1769.1,20220400,1765.8,20220200
2021-12-15 18:00:00,1764.5,20220400,1764.5,20220400,1763.4,20220200
2021-12-15 19:00:00,1767.6,20220400,1767.6,20220400,1765.9,20220200
2021-12-15 20:00:00,1781.5,20220400,1781.5,20220400,1778.4,20220200
2021-12-15 21:00:00,1779.8,20220400,1779.8,20220400,1777.3,20220200
2021-12-16 14:30:00,1797.0,20220400,1797.0,20220400,1794.7,20220200
2021-12-16 15:00:00,1800.4,20220400,1800.4,20220400,1798.2,20220200
2021-12-16 16:00:00,1801.8,20220400,1801.8,20220400,1799.7,20220200
2021-12-16 17:00:00,1800.6,20220400,1800.6,20220400,1798.6,20220200
2021-12-16 18:00:00,1799.7,20220400,1799.7,20220400,1797.3,20220200
2021-12-16 19:00:00,1799.7,20220400,1799.7,20220400,1797.3,20220200
2021-12-16 20:00:00,1803.0,20220400,1803.0,20220400,1800.3,20220200
2021-12-16 21:00:00,1802.1,20220400,1802.1,20220400,1800.4,20220200
2021-12-17 14:30:00,1808.8,20220400,1808.8,20220400,1808.0,20220200
2021-12-17 15:00:00,1808.8,20220400,1808.8,20220400,1805.5,20220200
2021-12-17 16:00:00,1809.5,20220400,1809.5,20220400,1807.0,20220200
2021-12-17 17:00:00,1809.1,20220400,1809.1,20220400,1805.7,20220200
2021-12-17 18:00:00,1805.2,20220400,1805.2,20220400,1803.0,20220200
2021-12-17 19:00:00,1805.2,20220400,1805.2,20220400,1802.7,20220200
2021-12-17 20:00:00,1799.3,20220400,1799.3,20220400,1796.8,20220200
2021-12-17 21:00:00,1801.6,20220400,1801.6,20220400,1798.5,20220200
2021-12-20 14:30:00,1794.7,20220400,1794.7,20220400,1792.0,20220200
2021-12-20 15:00:00,1798.2,20220400,1798.2,20220400,1793.8,20220200
2021-12-20 16:00:00,1796.9,20220400,1796.9,20220400,1796.0,20220200
2021-12-20 17:00:00,1797.6,20220400,1797.6,20220400,1795.3,20220200
2021-12-20 18:00:00,1796.8,20220400,1796.8,20220400,1793.8,20220200
2021-12-20 19:00:00,1795.0,20220400,1795.0,20220400,1792.3,20220200
2021-12-20 20:00:00,1791.6,20220400,1791.6,20220400,1789.3,20220200
2021-12-20 21:00:00,1792.1,20220400,1792.1,20220400,1791.7,20220200
2021-12-21 14:30:00,1795.1,20220400,1795.1,20220400,1792.4,20220200
2021-12-21 15:00:00,1788.6,20220400,1788.6,20220400,1786.0,20220200
2021-12-21 16:00:00,1790.2,20220400,1790.2,20220400,1788.5,20220200
2021-12-21 17:00:00,1789.7,20220400,1789.7,20220400,1787.7,20220200
2021-12-21 18:00:00,1790.9,20220400,1790.9,20220400,1788.6,20220200
2021-12-21 19:00:00,1790.9,20220400,1790.9,20220400,1787.6,20220200
2021-12-21 20:00:00,1790.7,20220400,1790.7,20220400,1788.5,20220200
2021-12-21 21:00:00,1791.5,20220400,1791.5,20220400,1789.5,20220200
2021-12-22 14:30:00,1793.0,20220400,1793.0,20220400,1790.7,20220200
2021-12-22 15:00:00,1798.0,20220400,1798.0,20220400,1796.4,20220200
2021-12-22 16:00:00,1799.7,20220400,1799.7,20220400,1798.9,20220200
2021-12-22 17:00:00,1802.8,20220400,1802.8,20220400,1800.2,20220200
2021-12-22 18:00:00,1805.0,20220400,1805.0,20220400,1802.8,20220200
2021-12-22 19:00:00,1806.0,20220400,1806.0,20220400,1803.6,20220200
2021-12-22 20:00:00,1808.6,20220400,1808.6,20220400,1806.1,20220200
2021-12-22 21:00:00,1807.0,20220400,1807.0,20220400,1804.7,20220200
2021-12-23 14:30:00,1804.4,20220400,1804.4,20220400,1803.4,20220200
2021-12-23 15:00:00,1808.5,20220400,1808.5,20220400,1807.1,20220200
2021-12-23 16:00:00,1810.5,20220400,1810.5,20220400,1808.5,20220200
2021-12-23 17:00:00,1811.5,20220400,1811.5,20220400,1809.6,20220200
2021-12-23 18:00:00,1812.9,20220400,1812.9,20220400,1809.7,20220200
2021-12-23 19:00:00,1812.9,20220400,1812.9,20220400,1809.5,20220200
2021-12-23 20:00:00,1811.8,20220400,1811.8,20220400,1809.8,20220200
2021-12-23 21:00:00,1811.9,20220400,1811.9,20220400,1809.6,20220200
2021-12-23 23:00:00,1814.0,20220400,1814.0,20220400,1811.7,20220200
2021-12-27 14:30:00,1812.0,20220400,1812.0,20220400,1809.8,20220200
2021-12-27 15:00:00,1816.0,20220400,1816.0,20220400,1814.0,20220200
2021-12-27 16:00:00,1815.0,20220400,1815.0,20220400,1812.5,20220200
2021-12-27 17:00:00,1811.0,20220400,1811.0,20220400,1809.0,20220200
2021-12-27 18:00:00,1810.9,20220400,1810.9,20220400,1808.3,20220200
2021-12-27 19:00:00,1810.9,20220400,1810.9,20220400,1809.0,20220200
2021-12-27 20:00:00,1815.4,20220400,1815.4,20220400,1813.2,20220200
2021-12-27 21:00:00,1814.8,20220400,1814.8,20220400,1812.7,20220200
2021-12-28 14:30:00,1816.3,20220400,1816.3,20220400,1814.6,20220200
2021-12-28 15:00:00,1814.5,20220400,1814.5,20220400,1812.1,20220200
2021-12-28 16:00:00,1813.8,20220400,1813.8,20220400,1811.2,20220200
2021-12-28 17:00:00,1813.7,20220400,1813.7,20220400,1810.8,20220200
2021-12-28 18:00:00,1808.2,20220400,1808.2,20220400,1806.2,20220200
2021-12-28 19:00:00,1810.2,20220400,1810.2,20220400,1807.9,20220200
2021-12-28 20:00:00,1808.4,20220400,1808.4,20220400,1806.1,20220200
2021-12-28 21:00:00,1808.3,20220400,1808.3,20220400,1806.7,20220200
2021-12-29 14:30:00,1798.7,20220400,1798.7,20220400,1796.4,20220200
2021-12-29 15:00:00,1803.5,20220400,1803.5,20220400,1800.4,20220200
2021-12-29 16:00:00,1805.9,20220400,1805.9,20220400,1803.3,20220200
2021-12-29 17:00:00,1806.7,20220400,1806.7,20220400,1804.6,20220200
2021-12-29 18:00:00,1807.2,20220400,1807.2,20220400,1805.4,20220200
2021-12-29 19:00:00,1807.2,20220400,1807.2,20220400,1804.7,20220200
2021-12-29 20:00:00,1807.7,20220400,1807.7,20220400,1805.1,20220200
2021-12-29 21:00:00,1807.7,20220400,1807.7,20220400,1805.4,20220200
2021-12-30 14:30:00,1809.3,20220400,1809.3,20220400,1806.7,20220200
2021-12-30 15:00:00,1810.1,20220400,1810.1,20220400,1807.8,20220200
2021-12-30 16:00:00,1816.1,20220400,1816.1,20220400,1814.5,20220200
2021-12-30 17:00:00,1816.9,20220400,1816.9,20220400,1814.4,20220200
2021-12-30 18:00:00,1816.6,20220400,1816.6,20220400,1814.4,20220200
2021-12-30 19:00:00,1816.6,20220400,1816.6,20220400,1814.8,20220200
2021-12-30 20:00:00,1820.3,20220400,1820.3,20220400,1817.9,20220200
2021-12-30 21:00:00,1818.4,20220400,1818.4,20220400,1815.3,20220200
2021-12-31 14:30:00,1826.0,20220400,1826.0,20220400,1823.3,20220200
2021-12-31 15:00:00,1825.3,20220400,1825.3,20220400,1822.7,20220200
2021-12-31 16:00:00,1828.8,20220400,1828.8,20220400,1826.0,20220200
2021-12-31 17:00:00,1829.8,20220400,1829.8,20220400,1827.6,20220200
2021-12-31 18:00:00,1832.0,20220400,1832.0,20220400,1829.2,20220200
2021-12-31 19:00:00,1831.2,20220400,1831.2,20220400,1828.9,20220200
2021-12-31 20:00:00,1833.1,20220400,1833.1,20220400,1830.2,20220200
2021-12-31 21:00:00,1832.3,20220400,1832.3,20220400,1830.5,20220200
2022-01-03 14:30:00,1805.6,20220400,1805.6,20220400,1802.9,20220200
2022-01-03 15:00:00,1804.7,20220400,1804.7,20220400,1801.7,20220200
2022-01-03 16:00:00,1803.0,20220400,1803.0,20220400,1800.6,20220200
2022-01-03 17:00:00,1801.7,20220400,1801.7,20220400,1799.6,20220200
2022-01-03 18:00:00,1803.9,20220400,1803.9,20220400,1801.5,20220200
2022-01-03 19:00:00,1804.1,20220400,1804.1,20220400,1801.6,20220200
2022-01-03 20:00:00,1805.0,20220400,1805.0,20220400,1801.6,20220200
2022-01-03 21:00:00,1803.3,20220400,1803.3,20220400,1801.3,20220200
2022-01-04 14:30:00,1812.6,20220400,1812.6,20220400,1810.8,20220200
2022-01-04 15:00:00,1817.8,20220400,1817.8,20220400,1815.0,20220200
2022-01-04 16:00:00,1815.0,20220400,1815.0,20220400,1813.2,20220200
2022-01-04 17:00:00,1816.3,20220400,1816.3,20220400,1814.1,20220200
2022-01-04 18:00:00,1817.7,20220400,1817.7,20220400,1815.6,20220200
2022-01-04 19:00:00,1817.7,20220400,1817.7,20220400,1815.0,20220200
2022-01-04 20:00:00,1818.0,20220400,1818.0,20220400,1815.4,20220200
2022-01-04 21:00:00,1818.0,20220400,1818.0,20220400,1814.8,20220200
2022-01-05 14:30:00,1829.1,20220400,1829.1,20220400,1826.6,20220200
2022-01-05 15:00:00,1826.4,20220400,1826.4,20220400,1824.0,20220200
2022-01-05 16:00:00,1827.4,20220400,1827.4,20220400,1824.5,20220200
2022-01-05 17:00:00,1825.6,20220400,1825.6,20220400,1822.9,20220200
2022-01-05 18:00:00,1827.5,20220400,1827.5,20220400,1825.2,20220200
2022-01-05 19:00:00,1815.0,20220400,1815.0,20220400,1813.1,20220200
2022-01-05 20:00:00,1812.8,20220400,1812.8,20220400,1810.0,20220200
2022-01-05 21:00:00,1812.4,20220400,1812.4,20220400,1810.3,20220200
2022-01-06 14:30:00,1794.1,20220400,1794.1,20220400,1791.5,20220200
2022-01-06 15:00:00,1792.2,20220400,1792.2,20220400,1790.2,20220200
2022-01-06 16:00:00,1791.3,20220400,1791.3,20220400,1788.8,20220200
2022-01-06 17:00:00,1793.8,20220400,1793.8,20220400,1790.8,20220200
2022-01-06 18:00:00,1789.5,20220400,1789.5,20220400,1787.1,20220200
2022-01-06 19:00:00,1790.5,20220400,1790.5,20220400,1787.5,20220200
2022-01-06 20:00:00,1789.7,20220400,1789.7,20220400,1787.7,20220200
2022-01-06 21:00:00,1790.8,20220400,1790.8,20220400,1790.7,20220200
2022-01-07 14:30:00,1792.8,20220400,1792.8,20220400,1790.5,20220200
2022-01-07 15:00:00,1790.8,20220400,1790.8,20220400,1788.6,20220200
2022-01-07 16:00:00,1796.6,20220400,1796.6,20220400,1793.7,20220200
2022-01-07 17:00:00,1798.2,20220400,1798.2,20220400,1795.6,20220200
2022-01-07 18:00:00,1800.1,20220400,1800.1,20220400,1797.0,20220200
2022-01-07 19:00:00,1799.1,20220400,1799.1,20220400,1796.4,20220200
2022-01-07 20:00:00,1797.2,20220400,1797.2,20220400,1795.5,20220200
2022-01-07 21:00:00,1798.7,20220400,1798.7,20220400,1796.9,20220200
2022-01-10 14:30:00,1796.8,20220400,1796.8,20220400,1793.6,20220200
2022-01-10 15:00:00,1795.7,20220400,1795.7,20220400,1792.7,20220200
2022-01-10 16:00:00,1797.3,20220400,1797.3,20220400,1793.7,20220200
2022-01-10 17:00:00,1801.8,20220400,1801.8,20220400,1799.2,20220200
2022-01-10 18:00:00,1801.4,20220400,1801.4,20220400,1799.3,20220200
2022-01-10 19:00:00,1803.0,20220400,1803.0,20220400,1800.4,20220200
2022-01-10 20:00:00,1803.2,20220400,1803.2,20220400,1800.6,20220200
2022-01-10 21:00:00,1803.9,20220400,1803.9,20220400,1801.4,20220200
2022-01-11 14:30:00,1809.0,20220400,1809.0,20220400,1805.6,20220200
2022-01-11 15:00:00,1814.2,20220400,1814.2,20220400,1811.7,20220200
2022-01-11 16:00:00,1818.1,20220400,1818.1,20220400,1815.0,20220200
2022-01-11 17:00:00,1820.2,20220400,1820.2,20220400,1817.4,20220200
2022-01-11 18:00:00,1820.0,20220400,1820.0,20220400,1817.8,20220200
2022-01-11 19:00:00,1823.0,20220400,1823.0,20220400,1820.7,20220200
2022-01-11 20:00:00,1825.0,20220400,1825.0,20220400,1822.8,20220200
2022-01-11 21:00:00,1823.7,20220400,1823.7,20220400,1821.6,20220200
2022-01-12 14:30:00,1824.0,20220400,1824.0,20220400,1821.7,20220200
2022-01-12 15:00:00,1826.0,20220400,1826.0,20220400,1823.7,20220200
2022-01-12 16:00:00,1827.0,20220400,1827.0,20220400,1824.8,20220200
2022-01-12 17:00:00,1829.1,20220400,1829.1,20220400,1826.1,20220200
2022-01-12 18:00:00,1829.7,20220400,1829.7,20220400,1827.4,20220200
2022-01-12 19:00:00,1830.4,20220400,1830.4,20220400,1828.0,20220200
2022-01-12 20:00:00,1829.4,20220400,1829.4,20220400,1827.3,20220200
2022-01-12 21:00:00,1828.3,20220400,1828.3,20220400,1825.8,20220200
2022-01-13 14:30:00,1821.0,20220400,1821.0,20220400,1818.1,20220200
2022-01-13 15:00:00,1816.9,20220400,1816.9,20220400,1814.1,20220200
2022-01-13 16:00:00,1821.0,20220400,1821.0,20220400,1818.7,20220200
2022-01-13 17:00:00,1822.8,20220400,1822.8,20220400,1820.3,20220200
2022-01-13 18:00:00,1822.4,20220400,1822.4,20220400,1819.7,20220200
2022-01-13 19:00:00,1823.1,20220400,1823.1,20220400,1820.6,20220200
2022-01-13 20:00:00,1824.4,20220400,1824.4,20220400,1821.4,20220200
2022-01-13 21:00:00,1824.9,20220400,1824.9,20220400,1822.0,20220200
2022-01-14 14:30:00,1827.2,20220400,1827.2,20220400,1824.5,20220200
2022-01-14 15:00:00,1823.3,20220400,1823.3,20220400,1820.5,20220200
2022-01-14 16:00:00,1820.5,20220400,1820.5,20220400,1818.2,20220200
2022-01-14 17:00:00,1818.2,20220400,1818.2,20220400,1815.4,20220200
2022-01-14 18:00:00,1817.8,20220400,1817.8,20220400,1815.1,20220200
2022-01-14 19:00:00,1820.2,20220400,1820.2,20220400,1817.7,20220200
2022-01-14 20:00:00,1818.6,20220400,1818.6,20220400,1815.9,20220200
2022-01-14 21:00:00,1819.1,20220400,1819.1,20220400,1816.9,20220200
2022-01-14 23:00:00,1819.0,20220400,1819.0,20220400,1816.5,20220200
2022-01-18 14:30:00,1820.1,20220400,1820.1,20220400,1817.8,20220200
2022-01-18 15:00:00,1822.3,20220400,1822.3,20220400,1819.6,20220200
2022-01-18 16:00:00,1816.2,20220400,1816.2,20220400,1814.4,20220200
2022-01-18 17:00:00,1813.9,20220400,1813.9,20220400,1811.8,20220200
2022-01-18 18:00:00,1815.3,20220400,1815.3,20220400,1812.8,20220200
2022-01-18 19:00:00,1816.7,20220400,1816.7,20220400,1813.7,20220200
2022-01-18 20:00:00,1816.4,20220400,1816.4,20220400,1813.5,20220200
2022-01-18 21:00:00,1815.7,20220400,1815.7,20220400,1813.5,20220200
2022-01-19 14:30:00,1830.1,20220400,1830.1,20220400,1827.4,20220200
2022-01-19 15:00:00,1841.0,20220400,1841.0,20220400,1838.8,20220200
2022-01-19 16:00:00,1843.0,20220400,1843.0,20220400,1840.8,20220200
2022-01-19 17:00:00,1843.4,20220400,1843.4,20220400,1841.0,20220200
2022-01-19 18:00:00,1845.1,20220400,1845.1,20220400,1842.8,20220200
2022-01-19 19:00:00,1845.5,20220400,1845.5,20220400,1843.1,20220200
2022-01-19 20:00:00,1845.5,20220400,1845.5,20220400,1843.0,20220200
2022-01-19 21:00:00,1843.3,20220400,1843.3,20220400,1840.9,20220200
2022-01-20 14:30:00,1849.0,20220400,1849.0,20220400,1846.6,20220200
2022-01-20 15:00:00,1849.9,20220400,1849.9,20220400,1847.6,20220200
2022-01-20 16:00:00,1844.5,20220400,1844.5,20220400,1842.1,20220200
2022-01-20 17:00:00,1845.3,20220400,1845.3,20220400,1843.0,20220200
2022-01-20 18:00:00,1843.7,20220400,1843.7,20220400,1841.5,20220200
2022-01-20 19:00:00,1842.8,20220400,1842.8,20220400,1840.6,20220200
2022-01-20 20:00:00,1840.8,20220400,1840.8,20220400,1838.4,20220200
2022-01-20 21:00:00,1842.3,20220400,1842.3,20220400,1839.8,20220200
2022-01-21 14:30:00,1842.5,20220400,1842.5,20220400,1841.0,20220200
2022-01-21 15:00:00,1837.4,20220400,1837.4,20220400,1835.0,20220200
2022-01-21 16:00:00,1837.5,20220400,1837.5,20220400,1835.2,20220200
2022-01-21 17:00:00,1836.0,20220400,1836.0,20220400,1833.1,20220200
2022-01-21 18:00:00,1835.2,20220400,1835.2,20220400,1832.9,20220200
2022-01-21 19:00:00,1835.2,20220400,1835.2,20220400,1831.7,20220200
2022-01-21 20:00:00,1833.9,20220400,1833.9,20220400,1832.1,20220200
2022-01-21 21:00:00,1838.0,20220400,1838.0,20220400,1836.4,20220200
2022-01-24 14:30:00,1836.5,20220400,1836.5,20220400,1833.8,20220200
2022-01-24 15:00:00,1836.7,20220400,1836.7,20220400,1834.3,20220200
2022-01-24 16:00:00,1837.3,20220400,1837.3,20220400,1835.0,20220200
2022-01-24 17:00:00,1841.0,20220400,1841.0,20220400,1838.6,20220200
2022-01-24 18:00:00,1844.5,20220400,1844.5,20220400,1841.4,20220200
2022-01-24 19:00:00,1845.0,20220400,1845.0,20220400,1842.2,20220200
2022-01-24 19:00:01,1846.9,20220600,1846.9,20220600,1845.0,20220400
2022-01-24 20:00:00,1843.9,20220600,1843.9,20220600,1844.4,20220400
2022-01-24 21:00:00,1848.4,20220600,1848.4,20220600,1846.0,20220400
2022-01-25 14:30:00,1856.4,20220600,1856.4,20220600,1853.4,20220400
2022-01-25 15:00:00,1851.9,20220600,1851.9,20220600,1849.2,20220400
2022-01-25 16:00:00,1854.1,20220600,1854.1,20220600,1851.3,20220400
2022-01-25 17:00:00,1854.6,20220600,1854.6,20220600,1851.8,20220400
2022-01-25 18:00:00,1856.4,20220600,1856.4,20220600,1853.9,20220400
2022-01-25 19:00:00,1857.0,20220600,1857.0,20220600,1854.6,20220400
2022-01-25 20:00:00,1853.2,20220600,1853.2,20220600,1850.3,20220400
2022-01-25 21:00:00,1853.2,20220600,1853.2,20220600,1850.6,20220400
2022-01-26 14:30:00,1839.5,20220600,1839.5,20220600,1838.4,20220400
2022-01-26 15:00:00,1837.5,20220600,1837.5,20220600,1836.4,20220400
2022-01-26 16:00:00,1837.5,20220600,1837.5,20220600,1833.9,20220400
2022-01-26 17:00:00,1834.6,20220600,1834.6,20220600,1832.2,20220400
2022-01-26 18:00:00,1836.1,20220600,1836.1,20220600,1833.2,20220400
2022-01-26 19:00:00,1819.7,20220600,1819.7,20220600,1821.3,20220400
2022-01-26 20:00:00,1820.0,20220600,1820.0,20220600,1819.6,20220400
2022-01-26 21:00:00,1822.5,20220600,1822.5,20220600,1821.1,20220400
2022-01-27 14:30:00,1811.2,20220600,1811.2,20220600,1807.1,20220400
2022-01-27 15:00:00,1799.6,20220600,1799.6,20220600,1797.6,20220400
2022-01-27 16:00:00,1796.7,20220600,1796.7,20220600,1794.4,20220400
2022-01-27 17:00:00,1796.3,20220600,1796.3,20220600,1793.4,20220400
2022-01-27 18:00:00,1798.1,20220600,1798.1,20220600,1795.3,20220400
2022-01-27 19:00:00,1797.0,20220600,1797.0,20220600,1794.4,20220400
2022-01-27 20:00:00,1798.0,20220600,1798.0,20220600,1795.8,20220400
2022-01-27 21:00:00,1800.0,20220600,1800.0,20220600,1798.5,20220400
2022-01-28 14:30:00,1790.0,20220600,1790.0,20220600,1787.3,20220400
2022-01-28 15:00:00,1788.7,20220600,1788.7,20220600,1783.3,20220400
2022-01-28 16:00:00,1788.1,20220600,1788.1,20220600,1785.7,20220400
2022-01-28 17:00:00,1787.7,20220600,1787.7,20220600,1784.6,20220400
2022-01-28 18:00:00,1791.2,20220600,1791.2,20220600,1787.4,20220400
2022-01-28 19:00:00,1791.2,20220600,1791.2,20220600,1786.8,20220400
2022-01-28 20:00:00,1792.5,20220600,1792.5,20220600,1789.5,20220400
2022-01-28 21:00:00,1794.0,20220600,1794.0,20220600,1792.0,20220400
2022-01-31 14:30:00,1799.5,20220600,1799.5,20220600,1796.6,20220400
2022-01-31 15:00:00,1798.8,20220600,1798.8,20220600,1797.1,20220400
2022-01-31 16:00:00,1800.3,20220600,1800.3,20220600,1797.7,20220400
2022-01-31 17:00:00,1799.6,20220600,1799.6,20220600,1797.7,20220400
2022-01-31 18:00:00,1800.5,20220600,1800.5,20220600,1798.0,20220400
2022-01-31 19:00:00,1802.9,20220600,1802.9,20220600,1799.3,20220400
2022-01-31 20:00:00,1801.4,20220600,1801.4,20220600,1800.4,20220400
2022-01-31 21:00:00,1800.8,20220600,1800.8,20220600,1798.0,20220400
2022-02-01 14:30:00,1804.5,20220600,1804.5,20220600,1802.9,20220400
2022-02-01 15:00:00,1808.0,20220600,1808.0,20220600,1805.2,20220400
2022-02-01 16:00:00,1807.6,20220600,1807.6,20220600,1804.4,20220400
2022-02-01 17:00:00,1805.2,20220600,1805.2,20220600,1803.2,20220400
2022-02-01 18:00:00,1805.1,20220600,1805.1,20220600,1802.0,20220400
2022-02-01 19:00:00,1804.9,20220600,1804.9,20220600,1799.8,20220400
2022-02-01 20:00:00,1802.9,20220600,1802.9,20220600,1801.4,20220400
2022-02-01 21:00:00,1804.8,20220600,1804.8,20220600,1801.2,20220400
2022-02-02 14:30:00,1806.3,20220600,1806.3,20220600,1804.0,20220400
2022-02-02 15:00:00,1812.0,20220600,1812.0,20220600,1809.3,20220400
2022-02-02 16:00:00,1812.4,20220600,1812.4,20220600,1809.9,20220400
2022-02-02 17:00:00,1813.6,20220600,1813.6,20220600,1810.9,20220400
2022-02-02 18:00:00,1811.7,20220600,1811.7,20220600,1808.7,20220400
2022-02-02 19:00:00,1812.0,20220600,1812.0,20220600,1808.2,20220400
2022-02-02 20:00:00,1809.5,20220600,1809.5,20220600,1807.8,20220400
2022-02-02 21:00:00,1810.0,20220600,1810.0,20220600,1807.4,20220400
2022-02-03 14:30:00,1792.6,20220600,1792.6,20220600,1791.4,20220400
2022-02-03 15:00:00,1806.5,20220600,1806.5,20220600,1803.8,20220400
2022-02-03 16:00:00,1810.6,20220600,1810.6,20220600,1807.7,20220400
2022-02-03 17:00:00,1807.5,20220600,1807.5,20220600,1804.7,20220400
2022-02-03 18:00:00,1807.2,20220600,1807.2,20220600,1804.8,20220400
2022-02-03 19:00:00,1808.6,20220600,1808.6,20220600,1805.8,20220400
2022-02-03 20:00:00,1809.4,20220600,1809.4,20220600,1805.8,20220400
2022-02-03 21:00:00,1808.0,20220600,1808.0,20220600,1805.2,20220400
2022-02-04 14:30:00,1809.1,20220600,1809.1,20220600,1804.6,20220400
2022-02-04 15:00:00,1807.9,20220600,1807.9,20220600,1804.3,20220400
2022-02-04 16:00:00,1811.0,20220600,1811.0,20220600,1807.4,20220400
2022-02-04 17:00:00,1810.7,20220600,1810.7,20220600,1806.9,20220400
2022-02-04 18:00:00,1811.0,20220600,1811.0,20220600,1808.2,20220400
2022-02-04 19:00:00,1811.7,20220600,1811.7,20220600,1807.2,20220400
2022-02-04 20:00:00,1811.7,20220600,1811.7,20220600,1808.6,20220400
2022-02-04 21:00:00,1811.3,20220600,1811.3,20220600,1808.4,20220400
2022-02-07 14:30:00,1818.8,20220600,1818.8,20220600,1814.7,20220400
2022-02-07 15:00:00,1819.6,20220600,1819.6,20220600,1816.7,20220400
2022-02-07 16:00:00,1820.6,20220600,1820.6,20220600,1818.2,20220400
2022-02-07 17:00:00,1824.1,20220600,1824.1,20220600,1821.0,20220400
2022-02-07 18:00:00,1824.2,20220600,1824.2,20220600,1821.2,20220400
2022-02-07 19:00:00,1826.9,20220600,1826.9,20220600,1823.3,20220400
2022-02-07 20:00:00,1824.4,20220600,1824.4,20220600,1822.3,20220400
2022-02-07 21:00:00,1824.1,20220600,1824.1,20220600,1821.2,20220400
2022-02-08 14:30:00,1825.1,20220600,1825.1,20220600,1823.1,20220400
2022-02-08 15:00:00,1829.7,20220600,1829.7,20220600,1825.7,20220400
2022-02-08 16:00:00,1830.3,20220600,1830.3,20220600,1827.3,20220400
2022-02-08 17:00:00,1831.5,20220600,1831.5,20220600,1828.5,20220400
2022-02-08 18:00:00,1831.3,20220600,1831.3,20220600,1829.0,20220400
2022-02-08 19:00:00,1832.6,20220600,1832.6,20220600,1827.9,20220400
2022-02-08 20:00:00,1830.8,20220600,1830.8,20220600,1828.1,20220400
2022-02-08 21:00:00,1830.0,20220600,1830.0,20220600,1826.8,20220400
2022-02-09 14:30:00,1832.1,20220600,1832.1,20220600,1829.7,20220400
2022-02-09 15:00:00,1832.0,20220600,1832.0,20220600,1829.4,20220400
2022-02-09 16:00:00,1837.4,20220600,1837.4,20220600,1833.6,20220400
2022-02-09 17:00:00,1838.2,20220600,1838.2,20220600,1835.1,20220400
2022-02-09 18:00:00,1840.0,20220600,1840.0,20220600,1835.6,20220400
2022-02-09 19:00:00,1837.2,20220600,1837.2,20220600,1834.3,20220400
2022-02-09 20:00:00,1837.2,20220600,1837.2,20220600,1834.0,20220400
2022-02-09 21:00:00,1836.7,20220600,1836.7,20220600,1834.0,20220400
2022-02-10 14:30:00,1834.9,20220600,1834.9,20220600,1832.7,20220400
2022-02-10 15:00:00,1840.3,20220600,1840.3,20220600,1836.7,20220400
2022-02-10 16:00:00,1846.3,20220600,1846.3,20220600,1842.9,20220400
2022-02-10 17:00:00,1839.5,20220600,1839.5,20220600,1836.3,20220400
2022-02-10 18:00:00,1840.6,20220600,1840.6,20220600,1837.0,20220400
2022-02-10 19:00:00,1833.8,20220600,1833.8,20220600,1830.4,20220400
2022-02-10 20:00:00,1831.1,20220600,1831.1,20220600,1827.6,20220400
2022-02-10 21:00:00,1830.4,20220600,1830.4,20220600,1827.2,20220400
2022-02-11 14:30:00,1835.0,20220600,1835.0,20220600,1830.8,20220400
2022-02-11 15:00:00,1839.3,20220600,1839.3,20220600,1837.2,20220400
2022-02-11 16:00:00,1841.1,20220600,1841.1,20220600,1838.2,20220400
2022-02-11 17:00:00,1845.5,20220600,1845.5,20220600,1842.2,20220400
2022-02-11 18:00:00,1863.3,20220600,1863.3,20220600,1859.0,20220400
2022-02-11 19:00:00,1867.0,20220600,1867.0,20220600,1861.1,20220400
2022-02-11 20:00:00,1866.7,20220600,1866.7,20220600,1863.0,20220400
2022-02-11 21:00:00,1863.4,20220600,1863.4,20220600,1860.7,20220400
2022-02-14 14:30:00,1871.3,20220600,1871.3,20220600,1868.3,20220400
2022-02-14 15:00:00,1873.3,20220600,1873.3,20220600,1870.0,20220400
2022-02-14 16:00:00,1867.2,20220600,1867.2,20220600,1863.4,20220400
2022-02-14 17:00:00,1869.4,20220600,1869.4,20220600,1866.1,20220400
2022-02-14 18:00:00,1872.0,20220600,1872.0,20220600,1869.4,20220400
2022-02-14 19:00:00,1873.0,20220600,1873.0,20220600,1869.8,20220400
2022-02-14 20:00:00,1876.6,20220600,1876.6,20220600,1873.8,20220400
2022-02-14 21:00:00,1876.9,20220600,1876.9,20220600,1873.2,20220400
2022-02-15 14:30:00,1854.0,20220600,1854.0,20220600,1850.3,20220400
2022-02-15 15:00:00,1851.5,20220600,1851.5,20220600,1849.3,20220400
2022-02-15 16:00:00,1856.1,20220600,1856.1,20220600,1853.8,20220400
2022-02-15 17:00:00,1857.9,20220600,1857.9,20220600,1854.1,20220400
2022-02-15 18:00:00,1860.0,20220600,1860.0,20220600,1856.8,20220400
2022-02-15 19:00:00,1859.2,20220600,1859.2,20220600,1855.7,20220400
2022-02-15 20:00:00,1860.4,20220600,1860.4,20220600,1854.5,20220400
2022-02-15 21:00:00,1858.1,20220600,1858.1,20220600,1854.7,20220400
2022-02-16 14:30:00,1867.3,20220600,1867.3,20220600,1863.6,20220400
2022-02-16 15:00:00,1867.7,20220600,1867.7,20220600,1864.2,20220400
2022-02-16 16:00:00,1869.9,20220600,1869.9,20220600,1867.0,20220400
2022-02-16 17:00:00,1873.8,20220600,1873.8,20220600,1870.8,20220400
2022-02-16 18:00:00,1874.8,20220600,1874.8,20220600,1870.9,20220400
2022-02-16 19:00:00,1874.6,20220600,1874.6,20220600,1872.3,20220400
2022-02-16 20:00:00,1877.6,20220600,1877.6,20220600,1874.2,20220400
2022-02-16 21:00:00,1873.3,20220600,1873.3,20220600,1871.5,20220400
2022-02-17 14:30:00,1899.0,20220600,1899.0,20220600,1895.5,20220400
2022-02-17 15:00:00,1900.4,20220600,1900.4,20220600,1897.6,20220400
2022-02-17 16:00:00,1901.4,20220600,1901.4,20220600,1897.9,20220400
2022-02-17 17:00:00,1903.2,20220600,1903.2,20220600,1900.1,20220400
2022-02-17 18:00:00,1905.1,20220600,1905.1,20220600,1899.7,20220400
2022-02-17 19:00:00,1906.3,20220600,1906.3,20220600,1902.4,20220400
2022-02-17 20:00:00,1904.4,20220600,1904.4,20220600,1901.0,20220400
2022-02-17 21:00:00,1903.9,20220600,1903.9,20220600,1900.6,20220400
2022-02-18 14:30:00,1900.0,20220600,1900.0,20220600,1896.7,20220400
2022-02-18 15:00:00,1897.4,20220600,1897.4,20220600,1894.2,20220400
2022-02-18 16:00:00,1902.0,20220600,1902.0,20220600,1897.9,20220400
2022-02-18 17:00:00,1902.4,20220600,1902.4,20220600,1899.0,20220400
2022-02-18 18:00:00,1902.1,20220600,1902.1,20220600,1898.7,20220400
2022-02-18 19:00:00,1900.9,20220600,1900.9,20220600,1897.7,20220400
2022-02-18 20:00:00,1902.6,20220600,1902.6,20220600,1899.2,20220400
2022-02-18 21:00:00,1903.1,20220600,1903.1,20220600,1900.2,20220400
2022-02-18 23:00:00,1903.1,20220600,1903.1,20220600,1899.8,20220400
2022-02-22 14:30:00,1906.8,20220600,1906.8,20220600,1903.2,20220400
2022-02-22 15:00:00,1902.7,20220600,1902.7,20220600,1899.7,20220400
2022-02-22 16:00:00,1908.3,20220600,1908.3,20220600,1905.0,20220400
2022-02-22 17:00:00,1908.1,20220600,1908.1,20220600,1905.3,20220400
2022-02-22 18:00:00,1909.8,20220600,1909.8,20220600,1905.7,20220400
2022-02-22 19:00:00,1906.3,20220600,1906.3,20220600,1903.2,20220400
2022-02-22 20:00:00,1905.6,20220600,1905.6,20220600,1902.3,20220400
2022-02-22 21:00:00,1904.5,20220600,1904.5,20220600,1900.3,20220400
2022-02-23 14:30:00,1911.6,20220600,1911.6,20220600,1908.2,20220400
2022-02-23 15:00:00,1913.5,20220600,1913.5,20220600,1909.7,20220400
2022-02-23 16:00:00,1914.0,20220600,1914.0,20220600,1910.6,20220400
2022-02-23 17:00:00,1913.9,20220600,1913.9,20220600,1910.5,20220400
2022-02-23 18:00:00,1911.9,20220600,1911.9,20220600,1908.9,20220400
2022-02-23 19:00:00,1912.6,20220600,1912.6,20220600,1909.0,20220400
2022-02-23 20:00:00,1915.2,20220600,1915.2,20220600,1911.1,20220400
2022-02-23 21:00:00,1913.5,20220600,1913.5,20220600,1911.3,20220400
2022-02-24 14:30:00,1939.3,20220600,1939.3,20220600,1936.0,20220400
2022-02-24 15:00:00,1932.3,20220600,1932.3,20220600,1930.5,20220400
2022-02-24 16:00:00,1925.8,20220600,1925.8,20220600,1923.3,20220400
2022-02-24 17:00:00,1928.4,20220600,1928.4,20220600,1925.5,20220400
2022-02-24 18:00:00,1930.7,20220600,1930.7,20220600,1925.5,20220400
2022-02-24 19:00:00,1892.4,20220600,1892.4,20220600,1889.2,20220400
2022-02-24 20:00:00,1903.0,20220600,1903.0,20220600,1899.9,20220400
2022-02-24 21:00:00,1908.6,20220600,1908.6,20220600,1905.4,20220400
2022-02-25 14:30:00,1893.5,20220600,1893.5,20220600,1890.5,20220400
2022-02-25 15:00:00,1891.5,20220600,1891.5,20220600,1890.8,20220400
2022-02-25 16:00:00,1888.8,20220600,1888.8,20220600,1885.8,20220400
2022-02-25 17:00:00,1892.2,20220600,1892.2,20220600,1888.9,20220400
2022-02-25 18:00:00,1892.5,20220600,1892.5,20220600,1887.9,20220400
2022-02-25 19:00:00,1895.0,20220600,1895.0,20220600,1891.9,20220400
2022-02-25 20:00:00,1894.2,20220600,1894.2,20220600,1892.2,20220400
2022-02-25 21:00:00,1892.3,20220600,1892.3,20220600,1891.3,20220400
2022-02-25 23:00:00,1890.8,20220600,1890.8,20220600,1887.6,20220400
2022-02-28 14:30:00,1917.4,20220600,1917.4,20220600,1913.0,20220400
2022-02-28 15:00:00,1913.7,20220600,1913.7,20220600,1910.4,20220400
2022-02-28 16:00:00,1897.3,20220600,1897.3,20220600,1894.3,20220400
2022-02-28 17:00:00,1903.4,20220600,1903.4,20220600,1901.0,20220400
2022-02-28 18:00:00,1903.5,20220600,1903.5,20220600,1899.6,20220400
2022-02-28 19:00:00,1910.7,20220600,1910.7,20220600,1908.4,20220400
2022-02-28 20:00:00,1913.7,20220600,1913.7,20220600,1911.9,20220400
2022-02-28 21:00:00,1912.7,20220600,1912.7,20220600,1910.4,20220400
2022-02-28 23:00:00,1904.0,20220600,1904.0,20220600,1900.7,20220400
2022-03-01 14:30:00,1928.8,20220600,1928.8,20220600,1926.7,20220400
2022-03-01 15:00:00,1931.0,20220600,1931.0,20220600,1928.6,20220400
2022-03-01 16:00:00,1938.6,20220600,1938.6,20220600,1934.0,20220400
2022-03-01 17:00:00,1941.5,20220600,1941.5,20220600,1937.7,20220400
2022-03-01 18:00:00,1945.6,20220600,1945.6,20220600,1943.1,20220400
2022-03-01 19:00:00,1944.9,20220600,1944.9,20220600,1942.7,20220400
2022-03-01 20:00:00,1951.8,20220600,1951.8,20220600,1947.7,20220400
2022-03-01 21:00:00,1951.0,20220600,1951.0,20220600,1947.7,20220400
2022-03-01 23:00:00,1947.1,20220600,1947.1,20220600,1943.8,20220400
2022-03-02 14:30:00,1935.6,20220600,1935.6,20220600,1931.9,20220400
2022-03-02 15:00:00,1931.6,20220600,1931.6,20220600,1928.9,20220400
2022-03-02 16:00:00,1925.0,20220600,1925.0,20220600,1920.9,20220400
2022-03-02 17:00:00,1923.1,20220600,1923.1,20220600,1920.5,20220400
2022-03-02 18:00:00,1926.3,20220600,1926.3,20220600,1922.7,20220400
2022-03-02 19:00:00,1933.0,20220600,1933.0,20220600,1929.8,20220400
2022-03-02 20:00:00,1930.6,20220600,1930.6,20220600,1927.4,20220400
2022-03-02 21:00:00,1932.7,20220600,1932.7,20220600,1930.6,20220400
2022-03-03 14:30:00,1934.7,20220600,1934.7,20220600,1929.2,20220400
2022-03-03 15:00:00,1931.7,20220600,1931.7,20220600,1928.2,20220400
2022-03-03 16:00:00,1934.4,20220600,1934.4,20220600,1932.4,20220400
2022-03-03 17:00:00,1937.4,20220600,1937.4,20220600,1934.3,20220400
2022-03-03 18:00:00,1940.8,20220600,1940.8,20220600,1936.1,20220400
2022-03-03 19:00:00,1939.0,20220600,1939.0,20220600,1937.5,20220400
2022-03-03 20:00:00,1944.5,20220600,1944.5,20220600,1939.5,20220400
2022-03-03 21:00:00,1942.6,20220600,1942.6,20220600,1938.2,20220400
2022-03-04 14:30:00,1958.0,20220600,1958.0,20220600,1954.9,20220400
2022-03-04 15:00:00,1964.1,20220600,1964.1,20220600,1961.0,20220400
2022-03-04 16:00:00,1970.4,20220600,1970.4,20220600,1965.7,20220400
2022-03-04 17:00:00,1968.2,20220600,1968.2,20220600,1965.0,20220400
2022-03-04 18:00:00,1969.6,20220600,1969.6,20220600,1967.2,20220400
2022-03-04 19:00:00,1973.2,20220600,1973.2,20220600,1970.1,20220400
2022-03-04 20:00:00,1974.3,20220600,1974.3,20220600,1971.1,20220400
2022-03-04 21:00:00,1978.0,20220600,1978.0,20220600,1974.6,20220400
2022-03-07 14:30:00,1989.6,20220600,1989.6,20220600,1987.8,20220400
2022-03-07 15:00:00,1988.5,20220600,1988.5,20220600,1984.8,20220400
2022-03-07 16:00:00,1985.8,20220600,1985.8,20220600,1982.8,20220400
2022-03-07 17:00:00,1990.7,20220600,1990.7,20220600,1987.4,20220400
2022-03-07 18:00:00,1999.3,20220600,1999.3,20220600,1996.1,20220400
2022-03-07 19:00:00,2003.5,20220600,2003.5,20220600,2000.3,20220400
2022-03-07 20:00:00,2003.5,20220600,2003.5,20220600,2000.3,20220400
2022-03-07 21:00:00,2004.4,20220600,2004.4,20220600,2001.9,20220400
2022-03-08 14:30:00,2050.0,20220600,2050.0,20220600,2046.5,20220400
2022-03-08 15:00:00,2057.6,20220600,2057.6,20220600,2054.4,20220400
2022-03-08 16:00:00,2079.9,20220600,2079.9,20220600,2076.7,20220400
2022-03-08 17:00:00,2038.5,20220600,2038.5,20220600,2035.8,20220400
2022-03-08 18:00:00,2054.4,20220600,2054.4,20220600,2049.8,20220400
2022-03-08 19:00:00,2049.8,20220600,2049.8,20220600,2046.2,20220400
2022-03-08 20:00:00,2061.1,20220600,2061.1,20220600,2057.7,20220400
2022-03-08 21:00:00,2060.0,20220600,2060.0,20220600,2058.4,20220400
2022-03-09 14:30:00,1996.0,20220600,1996.0,20220600,1990.7,20220400
2022-03-09 15:00:00,2002.0,20220600,2002.0,20220600,2000.5,20220400
2022-03-09 16:00:00,2008.8,20220600,2008.8,20220600,2005.4,20220400
2022-03-09 17:00:00,1993.7,20220600,1993.7,20220600,1989.6,20220400
2022-03-09 18:00:00,1992.7,20220600,1992.7,20220600,1987.7,20220400
2022-03-09 19:00:00,1989.0,20220600,1989.0,20220600,1985.4,20220400
2022-03-09 20:00:00,2000.0,20220600,2000.0,20220600,1995.1,20220400
2022-03-09 21:00:00,1999.1,20220600,1999.1,20220600,1996.6,20220400
2022-03-10 14:30:00,2005.7,20220600,2005.7,20220600,2002.2,20220400
2022-03-10 15:00:00,2005.3,20220600,2005.3,20220600,2000.4,20220400
2022-03-10 16:00:00,2004.0,20220600,2004.0,20220600,2000.0,20220400
2022-03-10 17:00:00,2012.9,20220600,2012.9,20220600,2009.0,20220400
2022-03-10 18:00:00,2006.2,20220600,2006.2,20220600,2002.5,20220400
2022-03-10 19:00:00,2006.7,20220600,2006.7,20220600,2002.7,20220400
2022-03-10 20:00:00,2007.6,20220600,2007.6,20220600,2002.4,20220400
2022-03-10 21:00:00,2004.8,20220600,2004.8,20220600,2001.9,20220400
2022-03-11 14:30:00,1982.1,20220600,1982.1,20220600,1978.5,20220400
2022-03-11 15:00:00,1988.5,20220600,1988.5,20220600,1984.6,20220400
2022-03-11 16:00:00,1994.2,20220600,1994.2,20220600,1989.7,20220400
2022-03-11 17:00:00,1995.1,20220600,1995.1,20220600,1990.9,20220400
2022-03-11 18:00:00,1991.5,20220600,1991.5,20220600,1989.6,20220400
2022-03-11 19:00:00,1993.7,20220600,1993.7,20220600,1989.0,20220400
2022-03-11 20:00:00,1992.4,20220600,1992.4,20220600,1986.5,20220400
2022-03-11 21:00:00,1997.0,20220600,1997.0,20220600,1992.4,20220400
2022-03-14 13:30:00,1966.2,20220600,1966.2,20220600,1961.2,20220400
2022-03-14 14:00:00,1964.4,20220600,1964.4,20220600,1958.7,20220400
2022-03-14 15:00:00,1962.0,20220600,1962.0,20220600,1957.6,20220400
2022-03-14 16:00:00,1968.5,20220600,1968.5,20220600,1963.6,20220400
2022-03-14 17:00:00,1964.3,20220600,1964.3,20220600,1960.4,20220400
2022-03-14 18:00:00,1961.5,20220600,1961.5,20220600,1957.2,20220400
2022-03-14 18:00:01,1969.9,20220800,1969.9,20220800,1961.5,20220600
2022-03-14 19:00:00,1965.3,20220800,1965.3,20220800,1960.4,20220600
2022-03-14 20:00:00,1960.9,20220800,1960.9,20220800,1957.1,20220600
2022-03-15 13:30:00,1933.6,20220800,1933.6,20220800,1930.0,20220600
2022-03-15 14:00:00,1925.6,20220800,1925.6,20220800,1923.0,20220600
2022-03-15 15:00:00,1930.0,20220800,1930.0,20220800,1931.6,20220600
2022-03-15 16:00:00,1940.0,20220800,1940.0,20220800,1936.1,20220600
2022-03-15 17:00:00,1937.6,20220800,1937.6,20220800,1931.8,20220600
2022-03-15 18:00:00,1937.6,20220800,1937.6,20220800,1929.0,20220600
2022-03-15 19:00:00,1928.0,20220800,1928.0,20220800,1923.6,20220600
2022-03-15 20:00:00,1928.0,20220800,1928.0,20220800,1924.2,20220600
2022-03-16 13:30:00,1925.9,20220800,1925.9,20220800,1922.5,20220600
2022-03-16 14:00:00,1922.3,20220800,1922.3,20220800,1916.3,20220600
2022-03-16 15:00:00,1923.8,20220800,1923.8,20220800,1918.6,20220600
2022-03-16 16:00:00,1923.8,20220800,1923.8,20220800,1915.7,20220600
2022-03-16 17:00:00,1923.8,20220800,1923.8,20220800,1911.7,20220600
2022-03-16 18:00:00,1912.3,20220800,1912.3,20220800,1912.3,20220600
2022-03-16 19:00:00,1938.0,20220800,1938.0,20220800,1933.9,20220600
2022-03-16 20:00:00,1934.8,20220800,1934.8,20220800,1932.1,20220600
2022-03-17 13:30:00,1946.8,20220800,1946.8,20220800,1950.9,20220600
2022-03-17 14:00:00,1958.9,20220800,1958.9,20220800,1954.7,20220600
2022-03-17 15:00:00,1957.6,20220800,1957.6,20220800,1953.8,20220600
2022-03-17 16:00:00,1951.6,20220800,1951.6,20220800,1949.8,20220600
2022-03-17 17:00:00,1954.3,20220800,1954.3,20220800,1947.5,20220600
2022-03-17 18:00:00,1949.0,20220800,1949.0,20220800,1944.9,20220600
2022-03-17 19:00:00,1948.8,20220800,1948.8,20220800,1942.6,20220600
2022-03-17 20:00:00,1948.8,20220800,1948.8,20220800,1948.3,20220600
2022-03-18 13:30:00,1943.9,20220800,1943.9,20220800,1938.8,20220600
2022-03-18 14:00:00,1944.2,20220800,1944.2,20220800,1943.2,20220600
2022-03-18 15:00:00,1940.6,20220800,1940.6,20220800,1937.6,20220600
2022-03-18 16:00:00,1939.4,20220800,1939.4,20220800,1933.0,20220600
2022-03-18 17:00:00,1939.5,20220800,1939.5,20220800,1934.8,20220600
2022-03-18 18:00:00,1939.5,20220800,1939.5,20220800,1929.5,20220600
2022-03-18 19:00:00,1929.0,20220800,1929.0,20220800,1924.7,20220600
2022-03-18 20:00:00,1929.3,20220800,1929.3,20220800,1925.0,20220600
2022-03-21 13:30:00,1939.3,20220800,1939.3,20220800,1935.7,20220600
2022-03-21 14:00:00,1942.5,20220800,1942.5,20220800,1939.2,20220600
2022-03-21 15:00:00,1944.5,20220800,1944.5,20220800,1941.3,20220600
2022-03-21 16:00:00,1940.2,20220800,1940.2,20220800,1936.1,20220600
2022-03-21 17:00:00,1940.2,20220800,1940.2,20220800,1936.2,20220600
2022-03-21 18:00:00,1940.2,20220800,1940.2,20220800,1939.6,20220600
2022-03-21 19:00:00,1946.7,20220800,1946.7,20220800,1940.9,20220600
2022-03-21 20:00:00,1946.7,20220800,1946.7,20220800,1940.7,20220600
2022-03-22 13:30:00,1929.8,20220800,1929.8,20220800,1929.9,20220600
2022-03-22 14:00:00,1923.8,20220800,1923.8,20220800,1920.3,20220600
2022-03-22 15:00:00,1924.9,20220800,1924.9,20220800,1923.0,20220600
2022-03-22 16:00:00,1924.9,20220800,1924.9,20220800,1924.9,20220600
2022-03-22 17:00:00,1929.3,20220800,1929.3,20220800,1925.8,20220600
2022-03-22 18:00:00,1932.2,20220800,1932.2,20220800,1928.4,20220600
2022-03-22 19:00:00,1930.6,20220800,1930.6,20220800,1926.3,20220600
2022-03-22 20:00:00,1930.6,20220800,1930.6,20220800,1926.2,20220600
2022-03-23 13:30:00,1945.1,20220800,1945.1,20220800,1940.4,20220600
2022-03-23 14:00:00,1941.2,20220800,1941.2,20220800,1936.6,20220600
2022-03-23 15:00:00,1937.1,20220800,1937.1,20220800,1934.2,20220600
2022-03-23 16:00:00,1945.3,20220800,1945.3,20220800,1940.7,20220600
2022-03-23 17:00:00,1945.3,20220800,1945.3,20220800,1941.8,20220600
2022-03-23 18:00:00,1949.2,20220800,1949.2,20220800,1945.0,20220600
2022-03-23 19:00:00,1949.2,20220800,1949.2,20220800,1944.3,20220600
2022-03-23 20:00:00,1955.3,20220800,1955.3,20220800,1949.4,20220600
2022-03-24 13:30:00,1958.0,20220800,1958.0,20220800,1959.2,20220600
2022-03-24 14:00:00,1974.3,20220800,1974.3,20220800,1971.3,20220600
2022-03-24 15:00:00,1972.3,20220800,1972.3,20220800,1969.3,20220600
2022-03-24 16:00:00,1973.0,20220800,1973.0,20220800,1968.8,20220600
2022-03-24 17:00:00,1973.0,20220800,1973.0,20220800,1970.6,20220600
2022-03-24 18:00:00,1975.4,20220800,1975.4,20220800,1967.7,20220600
2022-03-24 19:00:00,1972.6,20220800,1972.6,20220800,1967.6,20220600
2022-03-24 20:00:00,1972.6,20220800,1972.6,20220800,1963.3,20220600
2022-03-25 13:30:00,1961.5,20220800,1961.5,20220800,1954.1,20220600
2022-03-25 14:00:00,1963.4,20220800,1963.4,20220800,1958.0,20220600
2022-03-25 15:00:00,1967.3,20220800,1967.3,20220800,1963.3,20220600
2022-03-25 16:00:00,1966.0,20220800,1966.0,20220800,1961.4,20220600
2022-03-25 17:00:00,1963.0,20220800,1963.0,20220800,1958.7,20220600
2022-03-25 18:00:00,1963.0,20220800,1963.0,20220800,1958.2,20220600
2022-03-25 19:00:00,1964.8,20220800,1964.8,20220800,1959.4,20220600
2022-03-25 20:00:00,1964.8,20220800,1964.8,20220800,1960.1,20220600
2022-03-28 14:30:00,1945.0,20220800,1945.0,20220800,1941.2,20220600
2022-03-28 15:00:00,1945.0,20220800,1945.0,20220800,1939.9,20220600
2022-03-28 16:00:00,1945.9,20220800,1945.9,20220800,1941.7,20220600
2022-03-28 17:00:00,1948.9,20220800,1948.9,20220800,1943.8,20220600
2022-03-28 18:00:00,1944.0,20220800,1944.0,20220800,1938.9,20220600
2022-03-28 19:00:00,1940.0,20220800,1940.0,20220800,1932.5,20220600
2022-03-28 20:00:00,1928.7,20220800,1928.7,20220800,1923.6,20220600
2022-03-28 21:00:00,1933.2,20220800,1933.2,20220800,1927.2,20220600
2022-03-29 14:30:00,1916.0,20220800,1916.0,20220800,1909.9,20220600
2022-03-29 15:00:00,1920.1,20220800,1920.1,20220800,1912.6,20220600
2022-03-29 16:00:00,1924.1,20220800,1924.1,20220800,1919.7,20220600
2022-03-29 17:00:00,1925.0,20220800,1925.0,20220800,1919.5,20220600
2022-03-29 18:00:00,1925.0,20220800,1925.0,20220800,1920.9,20220600
2022-03-29 19:00:00,1926.5,20220800,1926.5,20220800,1921.8,20220600
2022-03-29 20:00:00,1929.4,20220800,1929.4,20220800,1924.0,20220600
2022-03-29 21:00:00,1929.0,20220800,1929.0,20220800,1924.3,20220600
2022-03-30 14:30:00,1942.3,20220800,1942.3,20220800,1936.4,20220600
2022-03-30 15:00:00,1948.0,20220800,1948.0,20220800,1941.9,20220600
2022-03-30 16:00:00,1947.0,20220800,1947.0,20220800,1941.7,20220600
2022-03-30 17:00:00,1943.5,20220800,1943.5,20220800,1936.7,20220600
2022-03-30 18:00:00,1940.5,20220800,1940.5,20220800,1935.1,20220600
2022-03-30 19:00:00,1943.7,20220800,1943.7,20220800,1937.1,20220600
2022-03-30 20:00:00,1943.7,20220800,1943.7,20220800,1938.7,20220600
2022-03-30 21:00:00,1943.7,20220800,1943.7,20220800,1937.4,20220600
2022-03-31 14:30:00,1950.0,20220800,1950.0,20220800,1942.6,20220600
2022-03-31 15:00:00,1951.0,20220800,1951.0,20220800,1944.8,20220600
2022-03-31 16:00:00,1955.1,20220800,1955.1,20220800,1949.3,20220600
2022-03-31 17:00:00,1952.7,20220800,1952.7,20220800,1949.3,20220600
2022-03-31 18:00:00,1955.8,20220800,1955.8,20220800,1950.4,20220600
2022-03-31 19:00:00,1955.8,20220800,1955.8,20220800,1946.5,20220600
2022-03-31 20:00:00,1946.9,20220800,1946.9,20220800,1941.5,20220600
2022-03-31 21:00:00,1947.8,20220800,1947.8,20220800,1942.3,20220600
2022-04-01 14:30:00,1942.0,20220800,1942.0,20220800,1935.4,20220600
2022-04-01 15:00:00,1934.8,20220800,1934.8,20220800,1929.7,20220600
2022-04-01 16:00:00,1935.6,20220800,1935.6,20220800,1929.7,20220600
2022-04-01 17:00:00,1933.9,20220800,1933.9,20220800,1926.6,20220600
2022-04-01 18:00:00,1931.1,20220800,1931.1,20220800,1925.8,20220600
2022-04-01 19:00:00,1933.9,20220800,1933.9,20220800,1929.1,20220600
2022-04-01 20:00:00,1932.7,20220800,1932.7,20220800,1926.3,20220600
2022-04-01 21:00:00,1933.2,20220800,1933.2,20220800,1927.9,20220600
2022-04-04 14:30:00,1936.0,20220800,1936.0,20220800,1929.5,20220600
2022-04-04 15:00:00,1944.8,20220800,1944.8,20220800,1939.0,20220600
2022-04-04 16:00:00,1942.0,20220800,1942.0,20220800,1937.6,20220600
2022-04-04 17:00:00,1941.1,20220800,1941.1,20220800,1935.3,20220600
2022-04-04 18:00:00,1939.2,20220800,1939.2,20220800,1933.4,20220600
2022-04-04 19:00:00,1938.6,20220800,1938.6,20220800,1933.3,20220600
2022-04-04 20:00:00,1940.8,20220800,1940.8,20220800,1936.3,20220600
2022-04-04 21:00:00,1942.8,20220800,1942.8,20220800,1936.8,20220600
2022-04-05 14:30:00,1952.5,20220800,1952.5,20220800,1946.2,20220600
2022-04-05 15:00:00,1940.3,20220800,1940.3,20220800,1934.1,20220600
2022-04-05 16:00:00,1928.0,20220800,1928.0,20220800,1924.2,20220600
2022-04-05 17:00:00,1932.0,20220800,1932.0,20220800,1926.8,20220600
2022-04-05 18:00:00,1933.0,20220800,1933.0,20220800,1925.3,20220600
2022-04-05 19:00:00,1932.6,20220800,1932.6,20220800,1926.9,20220600
2022-04-05 20:00:00,1929.4,20220800,1929.4,20220800,1923.7,20220600
2022-04-05 21:00:00,1932.1,20220800,1932.1,20220800,1926.7,20220600
2022-04-06 14:30:00,1941.1,20220800,1941.1,20220800,1934.0,20220600
2022-04-06 15:00:00,1934.4,20220800,1934.4,20220800,1929.0,20220600
2022-04-06 16:00:00,1937.5,20220800,1937.5,20220800,1931.0,20220600
2022-04-06 17:00:00,1934.9,20220800,1934.9,20220800,1928.0,20220600
2022-04-06 18:00:00,1930.4,20220800,1930.4,20220800,1924.5,20220600
2022-04-06 19:00:00,1931.6,20220800,1931.6,20220800,1927.2,20220600
2022-04-06 20:00:00,1934.9,20220800,1934.9,20220800,1927.7,20220600
2022-04-06 21:00:00,1934.5,20220800,1934.5,20220800,1928.6,20220600
2022-04-07 14:30:00,1940.2,20220800,1940.2,20220800,1935.0,20220600
2022-04-07 15:00:00,1944.7,20220800,1944.7,20220800,1940.1,20220600
2022-04-07 16:00:00,1943.5,20220800,1943.5,20220800,1936.9,20220600
2022-04-07 17:00:00,1944.1,20220800,1944.1,20220800,1937.6,20220600
2022-04-07 18:00:00,1945.0,20220800,1945.0,20220800,1938.6,20220600
2022-04-07 19:00:00,1942.2,20220800,1942.2,20220800,1936.8,20220600
2022-04-07 20:00:00,1941.3,20220800,1941.3,20220800,1935.8,20220600
2022-04-07 21:00:00,1941.2,20220800,1941.2,20220800,1935.1,20220600
2022-04-08 14:30:00,1950.1,20220800,1950.1,20220800,1942.7,20220600
2022-04-08 15:00:00,1954.4,20220800,1954.4,20220800,1946.9,20220600
2022-04-08 16:00:00,1951.7,20220800,1951.7,20220800,1945.2,20220600
2022-04-08 17:00:00,1951.5,20220800,1951.5,20220800,1945.3,20220600
2022-04-08 18:00:00,1952.9,20220800,1952.9,20220800,1946.0,20220600
2022-04-08 19:00:00,1953.1,20220800,1953.1,20220800,1946.1,20220600
2022-04-08 20:00:00,1954.6,20220800,1954.6,20220800,1947.9,20220600
2022-04-08 21:00:00,1957.0,20220800,1957.0,20220800,1951.2,20220600
2022-04-11 14:30:00,1961.5,20220800,1961.5,20220800,1955.0,20220600
2022-04-11 15:00:00,1960.3,20220800,1960.3,20220800,1955.1,20220600
2022-04-11 16:00:00,1963.0,20220800,1963.0,20220800,1954.8,20220600
2022-04-11 17:00:00,1951.4,20220800,1951.4,20220800,1944.8,20220600
2022-04-11 18:00:00,1955.7,20220800,1955.7,20220800,1949.4,20220600
2022-04-11 19:00:00,1960.6,20220800,1960.6,20220800,1953.1,20220600
2022-04-11 20:00:00,1961.3,20220800,1961.3,20220800,1957.2,20220600
2022-04-11 21:00:00,1964.2,20220800,1964.2,20220800,1957.4,20220600
2022-04-12 14:30:00,1972.9,20220800,1972.9,20220800,1965.2,20220600
2022-04-12 15:00:00,1986.8,20220800,1986.8,20220800,1979.9,20220600
2022-04-12 16:00:00,1981.5,20220800,1981.5,20220800,1974.3,20220600
2022-04-12 17:00:00,1984.9,20220800,1984.9,20220800,1977.8,20220600
2022-04-12 18:00:00,1982.4,20220800,1982.4,20220800,1976.2,20220600
2022-04-12 19:00:00,1977.3,20220800,1977.3,20220800,1968.7,20220600
2022-04-12 20:00:00,1979.2,20220800,1979.2,20220800,1972.4,20220600
2022-04-12 21:00:00,1977.0,20220800,1977.0,20220800,1970.6,20220600
2022-04-13 14:30:00,1987.5,20220800,1987.5,20220800,1981.2,20220600
2022-04-13 15:00:00,1991.0,20220800,1991.0,20220800,1982.1,20220600
2022-04-13 16:00:00,1991.2,20220800,1991.2,20220800,1984.7,20220600
2022-04-13 17:00:00,1989.2,20220800,1989.2,20220800,1982.7,20220600
2022-04-13 18:00:00,1990.4,20220800,1990.4,20220800,1983.4,20220600
2022-04-13 19:00:00,1987.2,20220800,1987.2,20220800,1979.5,20220600
2022-04-13 20:00:00,1985.8,20220800,1985.8,20220800,1982.0,20220600
2022-04-13 21:00:00,1985.8,20220800,1985.8,20220800,1981.4,20220600
2022-04-14 14:30:00,1970.0,20220800,1970.0,20220800,1965.1,20220600
2022-04-14 15:00:00,1980.3,20220800,1980.3,20220800,1975.2,20220600
2022-04-14 16:00:00,1973.7,20220800,1973.7,20220800,1969.8,20220600
2022-04-14 17:00:00,1982.0,20220800,1982.0,20220800,1974.2,20220600
2022-04-14 18:00:00,1981.2,20220800,1981.2,20220800,1974.4,20220600
2022-04-14 19:00:00,1982.6,20220800,1982.6,20220800,1973.3,20220600
2022-04-14 20:00:00,1981.9,20220800,1981.9,20220800,1975.1,20220600
2022-04-14 21:00:00,1982.8,20220800,1982.8,20220800,1977.4,20220600
2022-04-14 23:00:00,1981.6,20220800,1981.6,20220800,1974.9,20220600
2022-04-18 14:30:00,2004.0,20220800,2004.0,20220800,1996.6,20220600
2022-04-18 15:00:00,1994.0,20220800,1994.0,20220800,1987.5,20220600
2022-04-18 16:00:00,1996.9,20220800,1996.9,20220800,1992.8,20220600
2022-04-18 17:00:00,1996.3,20220800,1996.3,20220800,1989.9,20220600
2022-04-18 18:00:00,1997.3,20220800,1997.3,20220800,1989.4,20220600
2022-04-18 19:00:00,1990.1,20220800,1990.1,20220800,1983.2,20220600
2022-04-18 20:00:00,1989.0,20220800,1989.0,20220800,1981.7,20220600
2022-04-18 21:00:00,1987.5,20220800,1987.5,20220800,1981.9,20220600
2022-04-19 14:30:00,1973.2,20220800,1973.2,20220800,1966.2,20220600
2022-04-19 15:00:00,1964.2,20220800,1964.2,20220800,1957.4,20220600
2022-04-19 16:00:00,1964.0,20220800,1964.0,20220800,1958.8,20220600
2022-04-19 17:00:00,1966.2,20220800,1966.2,20220800,1960.1,20220600
2022-04-19 18:00:00,1966.0,20220800,1966.0,20220800,1959.4,20220600
2022-04-19 19:00:00,1963.1,20220800,1963.1,20220800,1956.6,20220600
2022-04-19 20:00:00,1956.4,20220800,1956.4,20220800,1950.0,20220600
2022-04-19 21:00:00,1958.0,20220800,1958.0,20220800,1951.9,20220600
2022-04-20 14:30:00,1958.4,20220800,1958.4,20220800,1951.1,20220600
2022-04-20 15:00:00,1961.0,20220800,1961.0,20220800,1954.6,20220600
2022-04-20 16:00:00,1959.6,20220800,1959.6,20220800,1953.1,20220600
2022-04-20 17:00:00,1960.8,20220800,1960.8,20220800,1955.5,20220600
2022-04-20 18:00:00,1961.0,20220800,1961.0,20220800,1955.5,20220600
2022-04-20 19:00:00,1961.2,20220800,1961.2,20220800,1954.2,20220600
2022-04-20 20:00:00,1966.7,20220800,1966.7,20220800,1960.1,20220600
2022-04-20 21:00:00,1966.9,20220800,1966.9,20220800,1960.0,20220600
2022-04-21 14:30:00,1954.4,20220800,1954.4,20220800,1947.3,20220600
2022-04-21 15:00:00,1954.8,20220800,1954.8,20220800,1947.4,20220600
2022-04-21 16:00:00,1948.4,20220800,1948.4,20220800,1941.5,20220600
2022-04-21 17:00:00,1948.6,20220800,1948.6,20220800,1942.0,20220600
2022-04-21 18:00:00,1953.4,20220800,1953.4,20220800,1945.4,20220600
2022-04-21 19:00:00,1960.8,20220800,1960.8,20220800,1952.9,20220600
2022-04-21 20:00:00,1960.0,20220800,1960.0,20220800,1952.7,20220600
2022-04-21 21:00:00,1960.3,20220800,1960.3,20220800,1953.2,20220600
2022-04-22 14:30:00,1952.0,20220800,1952.0,20220800,1944.8,20220600
2022-04-22 15:00:00,1944.2,20220800,1944.2,20220800,1937.8,20220600
2022-04-22 16:00:00,1946.0,20220800,1946.0,20220800,1940.5,20220600
2022-04-22 17:00:00,1944.0,20220800,1944.0,20220800,1937.9,20220600
2022-04-22 18:00:00,1942.5,20220800,1942.5,20220800,1935.1,20220600
2022-04-22 19:00:00,1941.8,20220800,1941.8,20220800,1934.2,20220600
2022-04-22 20:00:00,1942.0,20220800,1942.0,20220800,1934.2,20220600
2022-04-22 21:00:00,1940.0,20220800,1940.0,20220800,1932.3,20220600
2022-04-25 14:30:00,1904.0,20220800,1904.0,20220800,1897.5,20220600
2022-04-25 15:00:00,1901.8,20220800,1901.8,20220800,1895.4,20220600
2022-04-25 16:00:00,1901.8,20220800,1901.8,20220800,1896.4,20220600
2022-04-25 17:00:00,1904.8,20220800,1904.8,20220800,1898.4,20220600
2022-04-25 18:00:00,1902.6,20220800,1902.6,20220800,1896.8,20220600
2022-04-25 19:00:00,1909.2,20220800,1909.2,20220800,1899.4,20220600
2022-04-25 20:00:00,1908.6,20220800,1908.6,20220800,1899.1,20220600
2022-04-25 21:00:00,1905.1,20220800,1905.1,20220800,1899.0,20220600
2022-04-26 14:30:00,1914.2,20220800,1914.2,20220800,1904.8,20220600
2022-04-26 15:00:00,1913.4,20220800,1913.4,20220800,1905.3,20220600
2022-04-26 16:00:00,1910.4,20220800,1910.4,20220800,1902.4,20220600
2022-04-26 17:00:00,1910.7,20220800,1910.7,20220800,1904.0,20220600
2022-04-26 18:00:00,1912.5,20220800,1912.5,20220800,1905.0,20220600
2022-04-26 19:00:00,1905.6,20220800,1905.6,20220800,1898.6,20220600
2022-04-26 20:00:00,1909.3,20220800,1909.3,20220800,1902.0,20220600
2022-04-26 21:00:00,1913.1,20220800,1913.1,20220800,1906.5,20220600
2022-04-27 14:30:00,1897.5,20220800,1897.5,20220800,1888.5,20220600
2022-04-27 15:00:00,1892.8,20220800,1892.8,20220800,1886.2,20220600
2022-04-27 16:00:00,1892.7,20220800,1892.7,20220800,1885.4,20220600
2022-04-27 17:00:00,1896.3,20220800,1896.3,20220800,1888.2,20220600
2022-04-27 18:00:00,1894.7,20220800,1894.7,20220800,1888.1,20220600
2022-04-27 19:00:00,1895.2,20220800,1895.2,20220800,1887.4,20220600
2022-04-27 20:00:00,1893.6,20220800,1893.6,20220800,1887.0,20220600
2022-04-27 21:00:00,1893.0,20220800,1893.0,20220800,1886.8,20220600
2022-04-28 14:30:00,1898.6,20220800,1898.6,20220800,1891.1,20220600
2022-04-28 15:00:00,1894.6,20220800,1894.6,20220800,1887.2,20220600
2022-04-28 16:00:00,1895.2,20220800,1895.2,20220800,1886.6,20220600
2022-04-28 17:00:00,1897.2,20220800,1897.2,20220800,1889.2,20220600
2022-04-28 18:00:00,1897.0,20220800,1897.0,20220800,1889.6,20220600
2022-04-28 19:00:00,1898.0,20220800,1898.0,20220800,1892.7,20220600
2022-04-28 20:00:00,1903.9,20220800,1903.9,20220800,1897.0,20220600
2022-04-28 21:00:00,1902.0,20220800,1902.0,20220800,1895.2,20220600
2022-04-29 14:30:00,1919.5,20220800,1919.5,20220800,1911.8,20220600
2022-04-29 15:00:00,1919.9,20220800,1919.9,20220800,1912.5,20220600
2022-04-29 16:00:00,1919.5,20220800,1919.5,20220800,1910.7,20220600
2022-04-29 17:00:00,1916.2,20220800,1916.2,20220800,1909.3,20220600
2022-04-29 18:00:00,1918.6,20220800,1918.6,20220800,1912.0,20220600
2022-04-29 19:00:00,1918.3,20220800,1918.3,20220800,1909.3,20220600
2022-04-29 20:00:00,1904.8,20220800,1904.8,20220800,1897.6,20220600
2022-04-29 21:00:00,1903.9,20220800,1903.9,20220800,1896.9,20220600
2022-05-02 14:30:00,1864.7,20220800,1864.7,20220800,1857.9,20220600
2022-05-02 15:00:00,1869.8,20220800,1869.8,20220800,1862.2,20220600
2022-05-02 16:00:00,1878.2,20220800,1878.2,20220800,1869.9,20220600
2022-05-02 17:00:00,1871.8,20220800,1871.8,20220800,1865.6,20220600
2022-05-02 18:00:00,1869.7,20220800,1869.7,20220800,1862.3,20220600
2022-05-02 19:00:00,1866.9,20220800,1866.9,20220800,1860.0,20220600
2022-05-02 20:00:00,1869.4,20220800,1869.4,20220800,1862.0,20220600
2022-05-02 21:00:00,1870.0,20220800,1870.0,20220800,1863.0,20220600
2022-05-03 14:30:00,1878.7,20220800,1878.7,20220800,1871.7,20220600
2022-05-03 15:00:00,1882.2,20220800,1882.2,20220800,1874.7,20220600
2022-05-03 16:00:00,1879.4,20220800,1879.4,20220800,1872.1,20220600
2022-05-03 17:00:00,1876.7,20220800,1876.7,20220800,1870.1,20220600
2022-05-03 18:00:00,1877.6,20220800,1877.6,20220800,1870.5,20220600
2022-05-03 19:00:00,1875.8,20220800,1875.8,20220800,1869.9,20220600
2022-05-03 20:00:00,1873.5,20220800,1873.5,20220800,1866.4,20220600
2022-05-03 21:00:00,1874.9,20220800,1874.9,20220800,1868.4,20220600
2022-05-04 14:30:00,1870.9,20220800,1870.9,20220800,1862.6,20220600
2022-05-04 15:00:00,1874.1,20220800,1874.1,20220800,1866.5,20220600
2022-05-04 16:00:00,1875.2,20220800,1875.2,20220800,1868.4,20220600
2022-05-04 17:00:00,1875.5,20220800,1875.5,20220800,1868.5,20220600
2022-05-04 18:00:00,1875.5,20220800,1875.5,20220800,1868.8,20220600
2022-05-04 19:00:00,1893.9,20220800,1893.9,20220800,1886.7,20220600
2022-05-04 20:00:00,1892.5,20220800,1892.5,20220800,1884.8,20220600
2022-05-04 21:00:00,1890.0,20220800,1890.0,20220800,1882.3,20220600
2022-05-05 14:30:00,1901.4,20220800,1901.4,20220800,1895.3,20220600
2022-05-05 15:00:00,1893.0,20220800,1893.0,20220800,1886.4,20220600
2022-05-05 16:00:00,1882.8,20220800,1882.8,20220800,1875.0,20220600
2022-05-05 17:00:00,1883.2,20220800,1883.2,20220800,1876.3,20220600
2022-05-05 18:00:00,1882.4,20220800,1882.4,20220800,1874.1,20220600
2022-05-05 19:00:00,1884.5,20220800,1884.5,20220800,1877.6,20220600
2022-05-05 20:00:00,1885.2,20220800,1885.2,20220800,1878.6,20220600
2022-05-05 21:00:00,1885.9,20220800,1885.9,20220800,1877.4,20220600
2022-05-06 14:30:00,1889.1,20220800,1889.1,20220800,1881.1,20220600
2022-05-06 15:00:00,1894.9,20220800,1894.9,20220800,1885.7,20220600
2022-05-06 16:00:00,1894.9,20220800,1894.9,20220800,1886.7,20220600
2022-05-06 17:00:00,1896.1,20220800,1896.1,20220800,1888.9,20220600
2022-05-06 18:00:00,1889.9,20220800,1889.9,20220800,1883.5,20220600
2022-05-06 19:00:00,1890.9,20220800,1890.9,20220800,1882.6,20220600
2022-05-06 20:00:00,1888.9,20220800,1888.9,20220800,1881.6,20220600
2022-05-06 21:00:00,1890.1,20220800,1890.1,20220800,1882.9,20220600
2022-05-09 14:30:00,1868.9,20220800,1868.9,20220800,1862.8,20220600
2022-05-09 15:00:00,1866.5,20220800,1866.5,20220800,1860.0,20220600
2022-05-09 16:00:00,1868.5,20220800,1868.5,20220800,1861.1,20220600
2022-05-09 17:00:00,1867.6,20220800,1867.6,20220800,1860.7,20220600
2022-05-09 18:00:00,1864.7,20220800,1864.7,20220800,1857.4,20220600
2022-05-09 19:00:00,1860.8,20220800,1860.8,20220800,1853.4,20220600
2022-05-09 20:00:00,1860.2,20220800,1860.2,20220800,1853.1,20220600
2022-05-09 21:00:00,1860.5,20220800,1860.5,20220800,1853.6,20220600
2022-05-10 14:30:00,1863.9,20220800,1863.9,20220800,1856.6,20220600
2022-05-10 15:00:00,1856.8,20220800,1856.8,20220800,1849.1,20220600
2022-05-10 16:00:00,1850.4,20220800,1850.4,20220800,1843.5,20220600
2022-05-10 17:00:00,1852.3,20220800,1852.3,20220800,1844.1,20220600
2022-05-10 18:00:00,1847.6,20220800,1847.6,20220800,1841.0,20220600
2022-05-10 19:00:00,1846.7,20220800,1846.7,20220800,1840.8,20220600
2022-05-10 20:00:00,1842.3,20220800,1842.3,20220800,1836.0,20220600
2022-05-10 21:00:00,1844.7,20220800,1844.7,20220800,1837.5,20220600
2022-05-11 14:30:00,1857.7,20220800,1857.7,20220800,1852.5,20220600
2022-05-11 15:00:00,1858.6,20220800,1858.6,20220800,1850.6,20220600
2022-05-11 16:00:00,1859.2,20220800,1859.2,20220800,1851.7,20220600
2022-05-11 17:00:00,1860.5,20220800,1860.5,20220800,1851.8,20220600
2022-05-11 18:00:00,1859.6,20220800,1859.6,20220800,1852.5,20220600
2022-05-11 19:00:00,1859.0,20220800,1859.0,20220800,1852.5,20220600
2022-05-11 20:00:00,1860.8,20220800,1860.8,20220800,1852.9,20220600
2022-05-11 21:00:00,1859.5,20220800,1859.5,20220800,1852.4,20220600
2022-05-12 14:30:00,1846.5,20220800,1846.5,20220800,1838.5,20220600
2022-05-12 15:00:00,1846.3,20220800,1846.3,20220800,1842.0,20220600
2022-05-12 16:00:00,1841.2,20220800,1841.2,20220800,1835.0,20220600
2022-05-12 17:00:00,1830.8,20220800,1830.8,20220800,1824.4,20220600
2022-05-12 18:00:00,1832.0,20220800,1832.0,20220800,1825.0,20220600
2022-05-12 19:00:00,1828.7,20220800,1828.7,20220800,1821.9,20220600
2022-05-12 20:00:00,1829.8,20220800,1829.8,20220800,1822.9,20220600
2022-05-12 21:00:00,1827.1,20220800,1827.1,20220800,1820.4,20220600
2022-05-13 14:30:00,1811.5,20220800,1811.5,20220800,1804.8,20220600
2022-05-13 15:00:00,1820.3,20220800,1820.3,20220800,1813.2,20220600
2022-05-13 16:00:00,1814.3,20220800,1814.3,20220800,1807.5,20220600
2022-05-13 17:00:00,1815.9,20220800,1815.9,20220800,1809.6,20220600
2022-05-13 18:00:00,1816.5,20220800,1816.5,20220800,1809.3,20220600
2022-05-13 19:00:00,1815.6,20220800,1815.6,20220800,1809.6,20220600
2022-05-13 20:00:00,1814.5,20220800,1814.5,20220800,1808.6,20220600
2022-05-13 21:00:00,1817.5,20220800,1817.5,20220800,1810.4,20220600
2022-05-16 14:30:00,1813.8,20220800,1813.8,20220800,1806.2,20220600
2022-05-16 15:00:00,1817.5,20220800,1817.5,20220800,1811.2,20220600
2022-05-16 16:00:00,1819.2,20220800,1819.2,20220800,1812.7,20220600
2022-05-16 17:00:00,1821.3,20220800,1821.3,20220800,1814.6,20220600
2022-05-16 18:00:00,1819.4,20220800,1819.4,20220800,1813.9,20220600
2022-05-16 19:00:00,1828.3,20220800,1828.3,20220800,1821.5,20220600
2022-05-16 20:00:00,1832.1,20220800,1832.1,20220800,1825.3,20220600
2022-05-16 21:00:00,1829.7,20220800,1829.7,20220800,1823.0,20220600
2022-05-17 14:30:00,1829.0,20220800,1829.0,20220800,1822.4,20220600
2022-05-17 15:00:00,1826.4,20220800,1826.4,20220800,1820.4,20220600
2022-05-17 16:00:00,1824.1,20220800,1824.1,20220800,1817.0,20220600
2022-05-17 17:00:00,1826.2,20220800,1826.2,20220800,1819.7,20220600
2022-05-17 18:00:00,1826.7,20220800,1826.7,20220800,1819.4,20220600
2022-05-17 19:00:00,1822.8,20220800,1822.8,20220800,1814.5,20220600
2022-05-17 20:00:00,1821.2,20220800,1821.2,20220800,1814.0,20220600
2022-05-17 21:00:00,1819.4,20220800,1819.4,20220800,1813.5,20220600
2022-05-18 14:30:00,1814.9,20220800,1814.9,20220800,1808.5,20220600
2022-05-18 15:00:00,1818.8,20220800,1818.8,20220800,1812.1,20220600
2022-05-18 16:00:00,1828.5,20220800,1828.5,20220800,1821.5,20220600
2022-05-18 17:00:00,1826.6,20220800,1826.6,20220800,1819.1,20220600
2022-05-18 18:00:00,1820.5,20220800,1820.5,20220800,1813.8,20220600
2022-05-18 19:00:00,1823.2,20220800,1823.2,20220800,1816.8,20220600
2022-05-18 20:00:00,1821.1,20220800,1821.1,20220800,1814.4,20220600
2022-05-18 21:00:00,1821.2,20220800,1821.2,20220800,1814.8,20220600
2022-05-19 14:30:00,1843.3,20220800,1843.3,20220800,1838.2,20220600
2022-05-19 15:00:00,1851.8,20220800,1851.8,20220800,1844.6,20220600
2022-05-19 16:00:00,1847.8,20220800,1847.8,20220800,1841.1,20220600
2022-05-19 17:00:00,1848.3,20220800,1848.3,20220800,1842.1,20220600
2022-05-19 18:00:00,1845.4,20220800,1845.4,20220800,1839.3,20220600
2022-05-19 19:00:00,1846.0,20220800,1846.0,20220800,1838.4,20220600
2022-05-19 20:00:00,1847.5,20220800,1847.5,20220800,1841.5,20220600
2022-05-19 21:00:00,1847.2,20220800,1847.2,20220800,1840.3,20220600
2022-05-20 14:30:00,1841.0,20220800,1841.0,20220800,1834.8,20220600
2022-05-20 15:00:00,1845.2,20220800,1845.2,20220800,1839.0,20220600
2022-05-20 16:00:00,1847.2,20220800,1847.2,20220800,1840.7,20220600
2022-05-20 17:00:00,1845.3,20220800,1845.3,20220800,1839.9,20220600
2022-05-20 18:00:00,1846.8,20220800,1846.8,20220800,1841.0,20220600
2022-05-20 19:00:00,1846.7,20220800,1846.7,20220800,1841.6,20220600
2022-05-20 20:00:00,1850.0,20220800,1850.0,20220800,1843.3,20220600
2022-05-20 21:00:00,1851.5,20220800,1851.5,20220800,1845.5,20220600
2022-05-23 14:30:00,1859.0,20220800,1859.0,20220800,1853.1,20220600
2022-05-23 15:00:00,1858.5,20220800,1858.5,20220800,1852.2,20220600
2022-05-23 16:00:00,1856.0,20220800,1856.0,20220800,1850.2,20220600
2022-05-23 17:00:00,1854.3,20220800,1854.3,20220800,1848.2,20220600
2022-05-23 18:00:00,1855.9,20220800,1855.9,20220800,1849.8,20220600
2022-05-23 19:00:00,1860.9,20220800,1860.9,20220800,1854.8,20220600
2022-05-23 20:00:00,1857.6,20220800,1857.6,20220800,1851.7,20220600
2022-05-23 21:00:00,1858.5,20220800,1858.5,20220800,1852.0,20220600
2022-05-24 14:30:00,1872.5,20220800,1872.5,20220800,1866.8,20220600
2022-05-24 15:00:00,1870.3,20220800,1870.3,20220800,1864.4,20220600
2022-05-24 16:00:00,1874.5,20220800,1874.5,20220800,1868.2,20220600
2022-05-24 17:00:00,1872.4,20220800,1872.4,20220800,1866.0,20220600
2022-05-24 18:00:00,1870.7,20220800,1870.7,20220800,1864.6,20220600
2022-05-24 19:00:00,1869.0,20220800,1869.0,20220800,1863.4,20220600
2022-05-24 20:00:00,1871.8,20220800,1871.8,20220800,1865.8,20220600
2022-05-24 21:00:00,1871.2,20220800,1871.2,20220800,1865.3,20220600
2022-05-25 14:30:00,1854.3,20220800,1854.3,20220800,1847.8,20220600
2022-05-25 15:00:00,1855.1,20220800,1855.1,20220800,1848.9,20220600
2022-05-25 16:00:00,1850.0,20220800,1850.0,20220800,1844.0,20220600
2022-05-25 17:00:00,1849.8,20220800,1849.8,20220800,1843.3,20220600
2022-05-25 18:00:00,1851.5,20220800,1851.5,20220800,1845.6,20220600
2022-05-25 19:00:00,1859.0,20220800,1859.0,20220800,1853.0,20220600
2022-05-25 20:00:00,1859.0,20220800,1859.0,20220800,1853.3,20220600
2022-05-25 21:00:00,1858.0,20220800,1858.0,20220800,1851.9,20220600
2022-05-26 14:30:00,1853.6,20220800,1853.6,20220800,1847.1,20220600
2022-05-26 15:00:00,1850.6,20220800,1850.6,20220800,1844.2,20220600
2022-05-26 16:00:00,1850.4,20220800,1850.4,20220800,1844.1,20220600
2022-05-26 17:00:00,1851.8,20220800,1851.8,20220800,1845.3,20220600
2022-05-26 18:00:00,1854.0,20220800,1854.0,20220800,1848.0,20220600
2022-05-26 19:00:00,1855.7,20220800,1855.7,20220800,1849.7,20220600
2022-05-26 20:00:00,1855.9,20220800,1855.9,20220800,1850.0,20220600
2022-05-26 21:00:00,1854.2,20220800,1854.2,20220800,1848.8,20220600
2022-05-27 14:30:00,1860.0,20220800,1860.0,20220800,1854.1,20220600
2022-05-27 15:00:00,1858.7,20220800,1858.7,20220800,1853.6,20220600
2022-05-27 16:00:00,1858.5,20220800,1858.5,20220800,1852.6,20220600
2022-05-27 17:00:00,1856.9,20220800,1856.9,20220800,1850.5,20220600
2022-05-27 18:00:00,1856.4,20220800,1856.4,20220800,1850.5,20220600
2022-05-27 19:00:00,1856.8,20220800,1856.8,20220800,1851.0,20220600
2022-05-27 20:00:00,1857.1,20220800,1857.1,20220800,1848.8,20220600
2022-05-27 21:00:00,1857.4,20220800,1857.4,20220800,1849.7,20220600
2022-05-27 23:00:00,1857.3,20220800,1857.3,20220800,1851.3,20220600
2022-05-31 14:30:00,1854.1,20220800,1854.1,20220800,1848.1,20220600
2022-05-31 15:00:00,1848.0,20220800,1848.0,20220800,1842.8,20220600
2022-05-31 16:00:00,1846.4,20220800,1846.4,20220800,1843.6,20220600
2022-05-31 17:00:00,1848.7,20220800,1848.7,20220800,1843.6,20220600
2022-05-31 18:00:00,1846.9,20220800,1846.9,20220800,1843.5,20220600
2022-05-31 19:00:00,1843.5,20220800,1843.5,20220800,1839.2,20220600
2022-05-31 20:00:00,1838.8,20220800,1838.8,20220800,1833.2,20220600
2022-05-31 21:00:00,1839.9,20220800,1839.9,20220800,1834.1,20220600
2022-06-01 14:30:00,1848.5,20220800,1848.5,20220800,1843.7,20220600
2022-06-01 15:00:00,1846.1,20220800,1846.1,20220800,1840.0,20220600
2022-06-01 16:00:00,1848.4,20220800,1848.4,20220800,1840.0,20220600
2022-06-01 17:00:00,1850.6,20220800,1850.6,20220800,1842.6,20220600
2022-06-01 18:00:00,1849.4,20220800,1849.4,20220800,1845.5,20220600
2022-06-01 18:00:01,1858.7,20221000,1858.7,20221000,1849.4,20220800
2022-06-01 19:00:00,1859.6,20221000,1859.6,20221000,1851.8,20220800
2022-06-01 20:00:00,1859.6,20221000,1859.6,20221000,1850.4,20220800
2022-06-01 21:00:00,1859.6,20221000,1859.6,20221000,1849.3,20220800
2022-06-02 14:30:00,1875.4,20221000,1875.4,20221000,1867.1,20220800
2022-06-02 15:00:00,1878.2,20221000,1878.2,20221000,1869.1,20220800
2022-06-02 16:00:00,1880.0,20221000,1880.0,20221000,1871.8,20220800
2022-06-02 17:00:00,1879.6,20221000,1879.6,20221000,1871.7,20220800
2022-06-02 18:00:00,1880.9,20221000,1880.9,20221000,1872.3,20220800
2022-06-02 19:00:00,1880.9,20221000,1880.9,20221000,1873.2,20220800
2022-06-02 20:00:00,1881.7,20221000,1881.7,20221000,1873.3,20220800
2022-06-02 21:00:00,1879.9,20221000,1879.9,20221000,1872.0,20220800
2022-06-03 14:30:00,1873.3,20221000,1873.3,20221000,1866.1,20220800
2022-06-03 15:00:00,1870.4,20221000,1870.4,20221000,1860.4,20220800
2022-06-03 16:00:00,1863.3,20221000,1863.3,20221000,1854.4,20220800
2022-06-03 17:00:00,1860.1,20221000,1860.1,20221000,1853.4,20220800
2022-06-03 18:00:00,1858.0,20221000,1858.0,20221000,1851.6,20220800
2022-06-03 19:00:00,1859.5,20221000,1859.5,20221000,1853.3,20220800
2022-06-03 20:00:00,1861.4,20221000,1861.4,20221000,1853.6,20220800
2022-06-03 21:00:00,1861.9,20221000,1861.9,20221000,1853.7,20220800
2022-06-06 14:30:00,1860.7,20221000,1860.7,20221000,1852.7,20220800
2022-06-06 15:00:00,1858.6,20221000,1858.6,20221000,1850.5,20220800
2022-06-06 16:00:00,1854.9,20221000,1854.9,20221000,1845.6,20220800
2022-06-06 17:00:00,1852.6,20221000,1852.6,20221000,1844.6,20220800
2022-06-06 18:00:00,1853.8,20221000,1853.8,20221000,1844.7,20220800
2022-06-06 19:00:00,1852.2,20221000,1852.2,20221000,1844.0,20220800
2022-06-06 20:00:00,1852.7,20221000,1852.7,20221000,1844.7,20220800
2022-06-06 21:00:00,1852.7,20221000,1852.7,20221000,1844.1,20220800
2022-06-07 14:30:00,1864.0,20221000,1864.0,20221000,1854.0,20220800
2022-06-07 15:00:00,1863.0,20221000,1863.0,20221000,1853.6,20220800
2022-06-07 16:00:00,1862.8,20221000,1862.8,20221000,1854.2,20220800
2022-06-07 17:00:00,1862.2,20221000,1862.2,20221000,1853.7,20220800
2022-06-07 18:00:00,1860.1,20221000,1860.1,20221000,1854.1,20220800
2022-06-07 19:00:00,1865.0,20221000,1865.0,20221000,1857.0,20220800
2022-06-07 20:00:00,1864.1,20221000,1864.1,20221000,1856.7,20220800
2022-06-07 21:00:00,1863.0,20221000,1863.0,20221000,1855.0,20220800
2022-06-08 14:30:00,1864.3,20221000,1864.3,20221000,1854.8,20220800
2022-06-08 15:00:00,1867.0,20221000,1867.0,20221000,1858.6,20220800
2022-06-08 16:00:00,1868.8,20221000,1868.8,20221000,1861.1,20220800
2022-06-08 17:00:00,1865.9,20221000,1865.9,20221000,1858.1,20220800
2022-06-08 18:00:00,1865.7,20221000,1865.7,20221000,1857.2,20220800
2022-06-08 19:00:00,1863.9,20221000,1863.9,20221000,1856.0,20220800
2022-06-08 20:00:00,1863.2,20221000,1863.2,20221000,1855.2,20220800
2022-06-08 21:00:00,1863.5,20221000,1863.5,20221000,1855.4,20220800
2022-06-09 14:30:00,1857.6,20221000,1857.6,20221000,1849.0,20220800
2022-06-09 15:00:00,1853.0,20221000,1853.0,20221000,1844.7,20220800
2022-06-09 16:00:00,1856.3,20221000,1856.3,20221000,1848.0,20220800
2022-06-09 17:00:00,1859.2,20221000,1859.2,20221000,1851.2,20220800
2022-06-09 18:00:00,1859.2,20221000,1859.2,20221000,1852.2,20220800
2022-06-09 19:00:00,1861.1,20221000,1861.1,20221000,1852.0,20220800
2022-06-09 20:00:00,1859.1,20221000,1859.1,20221000,1849.6,20220800
2022-06-09 21:00:00,1858.8,20221000,1858.8,20221000,1850.5,20220800
2022-06-10 14:30:00,1840.0,20221000,1840.0,20221000,1835.4,20220800
2022-06-10 15:00:00,1867.0,20221000,1867.0,20221000,1858.7,20220800
2022-06-10 16:00:00,1879.4,20221000,1879.4,20221000,1870.5,20220800
2022-06-10 17:00:00,1882.6,20221000,1882.6,20221000,1875.5,20220800
2022-06-10 18:00:00,1884.8,20221000,1884.8,20221000,1876.4,20220800
2022-06-10 19:00:00,1885.7,20221000,1885.7,20221000,1877.1,20220800
2022-06-10 20:00:00,1884.9,20221000,1884.9,20221000,1876.0,20220800
2022-06-10 21:00:00,1883.7,20221000,1883.7,20221000,1875.2,20220800
2022-06-13 14:30:00,1841.4,20221000,1841.4,20221000,1832.6,20220800
2022-06-13 15:00:00,1837.3,20221000,1837.3,20221000,1829.2,20220800
2022-06-13 16:00:00,1839.0,20221000,1839.0,20221000,1830.8,20220800
2022-06-13 17:00:00,1843.0,20221000,1843.0,20221000,1830.7,20220800
2022-06-13 18:00:00,1839.5,20221000,1839.5,20221000,1832.2,20220800
2022-06-13 19:00:00,1837.2,20221000,1837.2,20221000,1826.7,20220800
2022-06-13 20:00:00,1833.5,20221000,1833.5,20221000,1824.2,20220800
2022-06-13 21:00:00,1829.1,20221000,1829.1,20221000,1820.0,20220800
2022-06-14 14:30:00,1826.0,20221000,1826.0,20221000,1817.3,20220800
2022-06-14 15:00:00,1824.4,20221000,1824.4,20221000,1815.3,20220800
2022-06-14 16:00:00,1823.4,20221000,1823.4,20221000,1815.3,20220800
2022-06-14 17:00:00,1822.5,20221000,1822.5,20221000,1813.7,20220800
2022-06-14 18:00:00,1821.9,20221000,1821.9,20221000,1812.6,20220800
2022-06-14 19:00:00,1817.5,20221000,1817.5,20221000,1812.9,20220800
2022-06-14 20:00:00,1818.8,20221000,1818.8,20221000,1809.7,20220800
2022-06-14 21:00:00,1819.0,20221000,1819.0,20221000,1809.5,20220800
2022-06-15 14:30:00,1834.9,20221000,1834.9,20221000,1825.9,20220800
2022-06-15 15:00:00,1831.7,20221000,1831.7,20221000,1821.6,20220800
2022-06-15 16:00:00,1832.3,20221000,1832.3,20221000,1822.8,20220800
2022-06-15 17:00:00,1832.2,20221000,1832.2,20221000,1821.2,20220800
2022-06-15 18:00:00,1828.0,20221000,1828.0,20221000,1819.1,20220800
2022-06-15 19:00:00,1840.8,20221000,1840.8,20221000,1833.1,20220800
2022-06-15 20:00:00,1842.9,20221000,1842.9,20221000,1834.1,20220800
2022-06-15 21:00:00,1845.2,20221000,1845.2,20221000,1836.0,20220800
2022-06-16 14:30:00,1840.4,20221000,1840.4,20221000,1829.7,20220800
2022-06-16 15:00:00,1841.0,20221000,1841.0,20221000,1834.7,20220800
2022-06-16 16:00:00,1857.0,20221000,1857.0,20221000,1847.9,20220800
2022-06-16 17:00:00,1861.9,20221000,1861.9,20221000,1853.0,20220800
2022-06-16 18:00:00,1861.3,20221000,1861.3,20221000,1851.9,20220800
2022-06-16 19:00:00,1860.3,20221000,1860.3,20221000,1851.7,20220800
2022-06-16 20:00:00,1863.7,20221000,1863.7,20221000,1854.8,20220800
2022-06-16 21:00:00,1868.3,20221000,1868.3,20221000,1859.5,20220800
2022-06-17 14:30:00,1852.7,20221000,1852.7,20221000,1844.8,20220800
2022-06-17 15:00:00,1851.5,20221000,1851.5,20221000,1843.1,20220800
2022-06-17 16:00:00,1853.9,20221000,1853.9,20221000,1843.6,20220800
2022-06-17 17:00:00,1850.5,20221000,1850.5,20221000,1841.9,20220800
2022-06-17 18:00:00,1849.7,20221000,1849.7,20221000,1840.5,20220800
2022-06-17 19:00:00,1849.2,20221000,1849.2,20221000,1839.1,20220800
2022-06-17 20:00:00,1849.4,20221000,1849.4,20221000,1839.5,20220800
2022-06-17 21:00:00,1852.3,20221000,1852.3,20221000,1842.2,20220800
2022-06-17 23:00:00,1849.6,20221000,1849.6,20221000,1840.6,20220800
2022-06-21 14:30:00,1850.0,20221000,1850.0,20221000,1841.0,20220800
2022-06-21 15:00:00,1850.6,20221000,1850.6,20221000,1842.1,20220800
2022-06-21 16:00:00,1846.0,20221000,1846.0,20221000,1837.5,20220800
2022-06-21 17:00:00,1845.8,20221000,1845.8,20221000,1838.2,20220800
2022-06-21 18:00:00,1847.5,20221000,1847.5,20221000,1838.8,20220800
2022-06-21 19:00:00,1842.6,20221000,1842.6,20221000,1833.2,20220800
2022-06-21 20:00:00,1841.4,20221000,1841.4,20221000,1832.5,20220800
2022-06-21 21:00:00,1844.6,20221000,1844.6,20221000,1835.0,20220800
2022-06-22 14:30:00,1855.6,20221000,1855.6,20221000,1846.7,20220800
2022-06-22 15:00:00,1850.5,20221000,1850.5,20221000,1842.1,20220800
2022-06-22 16:00:00,1848.4,20221000,1848.4,20221000,1840.1,20220800
2022-06-22 17:00:00,1849.2,20221000,1849.2,20221000,1840.3,20220800
2022-06-22 18:00:00,1849.5,20221000,1849.5,20221000,1839.3,20220800
2022-06-22 19:00:00,1852.7,20221000,1852.7,20221000,1839.9,20220800
2022-06-22 20:00:00,1849.0,20221000,1849.0,20221000,1839.6,20220800
2022-06-22 21:00:00,1848.8,20221000,1848.8,20221000,1839.8,20220800
2022-06-23 14:30:00,1854.6,20221000,1854.6,20221000,1846.7,20220800
2022-06-23 15:00:00,1853.5,20221000,1853.5,20221000,1843.3,20220800
2022-06-23 16:00:00,1844.0,20221000,1844.0,20221000,1835.2,20220800
2022-06-23 17:00:00,1841.0,20221000,1841.0,20221000,1832.3,20220800
2022-06-23 18:00:00,1838.8,20221000,1838.8,20221000,1830.5,20220800
2022-06-23 19:00:00,1834.9,20221000,1834.9,20221000,1827.8,20220800
2022-06-23 20:00:00,1836.7,20221000,1836.7,20221000,1828.0,20220800
2022-06-23 21:00:00,1832.8,20221000,1832.8,20221000,1824.2,20220800
2022-06-24 14:30:00,1832.6,20221000,1832.6,20221000,1824.1,20220800
2022-06-24 15:00:00,1838.0,20221000,1838.0,20221000,1828.1,20220800
2022-06-24 16:00:00,1837.7,20221000,1837.7,20221000,1828.9,20220800
2022-06-24 17:00:00,1837.3,20221000,1837.3,20221000,1828.3,20220800
2022-06-24 18:00:00,1838.8,20221000,1838.8,20221000,1829.5,20220800
2022-06-24 19:00:00,1841.0,20221000,1841.0,20221000,1830.6,20220800
2022-06-24 20:00:00,1836.1,20221000,1836.1,20221000,1826.3,20220800
2022-06-24 21:00:00,1837.5,20221000,1837.5,20221000,1828.1,20220800
2022-06-27 14:30:00,1838.4,20221000,1838.4,20221000,1829.7,20220800
2022-06-27 15:00:00,1834.9,20221000,1834.9,20221000,1826.3,20220800
2022-06-27 16:00:00,1835.8,20221000,1835.8,20221000,1826.8,20220800
2022-06-27 17:00:00,1836.3,20221000,1836.3,20221000,1826.6,20220800
2022-06-27 18:00:00,1832.8,20221000,1832.8,20221000,1823.8,20220800
2022-06-27 19:00:00,1834.8,20221000,1834.8,20221000,1824.9,20220800
2022-06-27 20:00:00,1832.4,20221000,1832.4,20221000,1823.6,20220800
2022-06-27 21:00:00,1833.5,20221000,1833.5,20221000,1824.0,20220800
2022-06-28 14:30:00,1829.5,20221000,1829.5,20221000,1822.2,20220800
2022-06-28 15:00:00,1830.6,20221000,1830.6,20221000,1822.4,20220800
2022-06-28 16:00:00,1830.0,20221000,1830.0,20221000,1821.8,20220800
2022-06-28 17:00:00,1832.2,20221000,1832.2,20221000,1822.8,20220800
2022-06-28 18:00:00,1830.6,20221000,1830.6,20221000,1821.1,20220800
2022-06-28 19:00:00,1830.4,20221000,1830.4,20221000,1821.5,20220800
2022-06-28 20:00:00,1829.3,20221000,1829.3,20221000,1820.9,20220800
2022-06-28 21:00:00,1830.2,20221000,1830.2,20221000,1821.1,20220800
2022-06-29 14:30:00,1827.6,20221000,1827.6,20221000,1817.7,20220800
2022-06-29 15:00:00,1825.8,20221000,1825.8,20221000,1816.7,20220800
2022-06-29 16:00:00,1828.5,20221000,1828.5,20221000,1819.9,20220800
2022-06-29 17:00:00,1827.1,20221000,1827.1,20221000,1818.2,20220800
2022-06-29 18:00:00,1827.0,20221000,1827.0,20221000,1817.2,20220800
2022-06-29 19:00:00,1828.7,20221000,1828.7,20221000,1819.3,20220800
2022-06-29 20:00:00,1828.7,20221000,1828.7,20221000,1820.0,20220800
2022-06-29 21:00:00,1829.0,20221000,1829.0,20221000,1819.2,20220800
2022-06-30 14:30:00,1826.0,20221000,1826.0,20221000,1818.5,20220800
2022-06-30 15:00:00,1820.1,20221000,1820.1,20221000,1810.2,20220800
2022-06-30 16:00:00,1824.0,20221000,1824.0,20221000,1815.1,20220800
2022-06-30 17:00:00,1818.5,20221000,1818.5,20221000,1810.7,20220800
2022-06-30 18:00:00,1816.4,20221000,1816.4,20221000,1807.0,20220800
2022-06-30 19:00:00,1816.1,20221000,1816.1,20221000,1807.4,20220800
2022-06-30 20:00:00,1814.9,20221000,1814.9,20221000,1807.6,20220800
2022-06-30 21:00:00,1816.3,20221000,1816.3,20221000,1808.0,20220800
2022-07-01 14:30:00,1802.6,20221000,1802.6,20221000,1793.9,20220800
2022-07-01 15:00:00,1811.2,20221000,1811.2,20221000,1801.6,20220800
2022-07-01 16:00:00,1817.0,20221000,1817.0,20221000,1806.9,20220800
2022-07-01 17:00:00,1809.0,20221000,1809.0,20221000,1800.0,20220800
2022-07-01 18:00:00,1813.8,20221000,1813.8,20221000,1805.7,20220800
2022-07-01 19:00:00,1818.6,20221000,1818.6,20221000,1810.0,20220800
2022-07-01 20:00:00,1816.1,20221000,1816.1,20221000,1806.3,20220800
2022-07-01 21:00:00,1822.1,20221000,1822.1,20221000,1811.8,20220800
2022-07-01 23:00:00,1810.4,20221000,1810.4,20221000,1801.5,20220800
2022-07-05 14:30:00,1794.0,20221000,1794.0,20221000,1786.4,20220800
2022-07-05 15:00:00,1776.0,20221000,1776.0,20221000,1767.0,20220800
2022-07-05 16:00:00,1774.7,20221000,1774.7,20221000,1768.4,20220800
2022-07-05 17:00:00,1774.1,20221000,1774.1,20221000,1766.6,20220800
2022-07-05 18:00:00,1772.1,20221000,1772.1,20221000,1764.5,20220800
2022-07-05 19:00:00,1775.1,20221000,1775.1,20221000,1765.2,20220800
2022-07-05 20:00:00,1775.4,20221000,1775.4,20221000,1766.3,20220800
2022-07-05 21:00:00,1773.0,20221000,1773.0,20221000,1763.8,20220800
2022-07-06 14:30:00,1767.6,20221000,1767.6,20221000,1758.7,20220800
2022-07-06 15:00:00,1751.5,20221000,1751.5,20221000,1742.2,20220800
2022-07-06 16:00:00,1741.0,20221000,1741.0,20221000,1732.5,20220800
2022-07-06 17:00:00,1743.5,20221000,1743.5,20221000,1733.8,20220800
2022-07-06 18:00:00,1743.9,20221000,1743.9,20221000,1735.4,20220800
2022-07-06 19:00:00,1747.0,20221000,1747.0,20221000,1737.6,20220800
2022-07-06 20:00:00,1747.2,20221000,1747.2,20221000,1738.1,20220800
2022-07-06 21:00:00,1746.5,20221000,1746.5,20221000,1737.2,20220800
2022-07-07 14:30:00,1754.8,20221000,1754.8,20221000,1746.2,20220800
2022-07-07 15:00:00,1749.6,20221000,1749.6,20221000,1740.7,20220800
2022-07-07 16:00:00,1748.9,20221000,1748.9,20221000,1738.6,20220800
2022-07-07 17:00:00,1749.9,20221000,1749.9,20221000,1741.6,20220800
2022-07-07 18:00:00,1747.6,20221000,1747.6,20221000,1739.3,20220800
2022-07-07 19:00:00,1747.3,20221000,1747.3,20221000,1739.7,20220800
2022-07-07 20:00:00,1747.5,20221000,1747.5,20221000,1739.7,20220800
2022-07-07 21:00:00,1747.5,20221000,1747.5,20221000,1738.5,20220800
2022-07-08 14:30:00,1744.6,20221000,1744.6,20221000,1735.3,20220800
2022-07-08 15:00:00,1755.0,20221000,1755.0,20221000,1747.0,20220800
2022-07-08 16:00:00,1749.9,20221000,1749.9,20221000,1741.4,20220800
2022-07-08 17:00:00,1750.0,20221000,1750.0,20221000,1741.0,20220800
2022-07-08 18:00:00,1751.0,20221000,1751.0,20221000,1742.5,20220800
2022-07-08 19:00:00,1749.6,20221000,1749.6,20221000,1740.4,20220800
2022-07-08 20:00:00,1750.2,20221000,1750.2,20221000,1740.0,20220800
2022-07-08 21:00:00,1749.2,20221000,1749.2,20221000,1740.4,20220800
2022-07-11 14:30:00,1747.7,20221000,1747.7,20221000,1739.9,20220800
2022-07-11 15:00:00,1746.5,20221000,1746.5,20221000,1739.0,20220800
2022-07-11 16:00:00,1746.0,20221000,1746.0,20221000,1737.0,20220800
2022-07-11 17:00:00,1742.9,20221000,1742.9,20221000,1733.6,20220800
2022-07-11 18:00:00,1742.1,20221000,1742.1,20221000,1733.9,20220800
2022-07-11 19:00:00,1740.9,20221000,1740.9,20221000,1733.3,20220800
2022-07-11 20:00:00,1738.6,20221000,1738.6,20221000,1730.3,20220800
2022-07-11 21:00:00,1740.1,20221000,1740.1,20221000,1731.8,20220800
2022-07-12 14:30:00,1736.3,20221000,1736.3,20221000,1727.7,20220800
2022-07-12 15:00:00,1737.0,20221000,1737.0,20221000,1728.5,20220800
2022-07-12 16:00:00,1739.0,20221000,1739.0,20221000,1730.4,20220800
2022-07-12 17:00:00,1736.5,20221000,1736.5,20221000,1727.9,20220800
2022-07-12 18:00:00,1733.0,20221000,1733.0,20221000,1724.4,20220800
2022-07-12 19:00:00,1733.7,20221000,1733.7,20221000,1727.0,20220800
2022-07-12 20:00:00,1732.0,20221000,1732.0,20221000,1724.0,20220800
2022-07-12 21:00:00,1732.3,20221000,1732.3,20221000,1723.9,20220800
2022-07-13 14:30:00,1731.2,20221000,1731.2,20221000,1721.7,20220800
2022-07-13 15:00:00,1749.5,20221000,1749.5,20221000,1741.3,20220800
2022-07-13 16:00:00,1745.0,20221000,1745.0,20221000,1736.3,20220800
2022-07-13 17:00:00,1744.2,20221000,1744.2,20221000,1736.5,20220800
2022-07-13 18:00:00,1744.6,20221000,1744.6,20221000,1737.1,20220800
2022-07-13 19:00:00,1741.7,20221000,1741.7,20221000,1733.1,20220800
2022-07-13 20:00:00,1740.2,20221000,1740.2,20221000,1731.3,20220800
2022-07-13 21:00:00,1742.2,20221000,1742.2,20221000,1733.9,20220800
2022-07-14 14:30:00,1709.2,20221000,1709.2,20221000,1700.3,20220800
2022-07-14 15:00:00,1714.0,20221000,1714.0,20221000,1705.3,20220800
2022-07-14 16:00:00,1717.9,20221000,1717.9,20221000,1709.7,20220800
2022-07-14 17:00:00,1712.5,20221000,1712.5,20221000,1704.0,20220800
2022-07-14 18:00:00,1716.5,20221000,1716.5,20221000,1707.5,20220800
2022-07-14 19:00:00,1717.6,20221000,1717.6,20221000,1709.2,20220800
2022-07-14 20:00:00,1717.3,20221000,1717.3,20221000,1707.4,20220800
2022-07-14 21:00:00,1716.5,20221000,1716.5,20221000,1708.2,20220800
2022-07-15 14:30:00,1708.5,20221000,1708.5,20221000,1700.3,20220800
2022-07-15 15:00:00,1710.1,20221000,1710.1,20221000,1702.4,20220800
2022-07-15 16:00:00,1711.4,20221000,1711.4,20221000,1703.1,20220800
2022-07-15 17:00:00,1710.8,20221000,1710.8,20221000,1703.1,20220800
2022-07-15 18:00:00,1710.8,20221000,1710.8,20221000,1702.7,20220800
2022-07-15 19:00:00,1711.5,20221000,1711.5,20221000,1703.3,20220800
2022-07-15 20:00:00,1710.9,20221000,1710.9,20221000,1704.2,20220800
2022-07-15 21:00:00,1713.2,20221000,1713.2,20221000,1706.7,20220800
2022-07-18 14:30:00,1725.1,20221000,1725.1,20221000,1717.4,20220800
2022-07-18 15:00:00,1721.2,20221000,1721.2,20221000,1712.9,20220800
2022-07-18 16:00:00,1716.2,20221000,1716.2,20221000,1708.5,20220800
2022-07-18 17:00:00,1717.7,20221000,1717.7,20221000,1710.1,20220800
2022-07-18 18:00:00,1717.4,20221000,1717.4,20221000,1709.6,20220800
2022-07-18 19:00:00,1713.5,20221000,1713.5,20221000,1705.7,20220800
2022-07-18 20:00:00,1712.5,20221000,1712.5,20221000,1705.5,20220800
2022-07-18 21:00:00,1714.6,20221000,1714.6,20221000,1707.0,20220800
2022-07-19 14:30:00,1717.0,20221000,1717.0,20221000,1709.1,20220800
2022-07-19 15:00:00,1718.9,20221000,1718.9,20221000,1711.0,20220800
2022-07-19 16:00:00,1719.8,20221000,1719.8,20221000,1712.8,20220800
2022-07-19 17:00:00,1717.4,20221000,1717.4,20221000,1710.0,20220800
2022-07-19 18:00:00,1718.1,20221000,1718.1,20221000,1711.1,20220800
2022-07-19 19:00:00,1716.0,20221000,1716.0,20221000,1708.4,20220800
2022-07-19 20:00:00,1717.4,20221000,1717.4,20221000,1710.3,20220800
2022-07-19 21:00:00,1717.2,20221000,1717.2,20221000,1709.5,20220800
2022-07-20 14:30:00,1715.4,20221000,1715.4,20221000,1707.6,20220800
2022-07-20 15:00:00,1716.0,20221000,1716.0,20221000,1707.9,20220800
2022-07-20 16:00:00,1713.4,20221000,1713.4,20221000,1706.1,20220800
2022-07-20 17:00:00,1708.4,20221000,1708.4,20221000,1700.9,20220800
2022-07-20 18:00:00,1708.6,20221000,1708.6,20221000,1700.8,20220800
2022-07-20 19:00:00,1706.8,20221000,1706.8,20221000,1699.3,20220800
2022-07-20 20:00:00,1701.0,20221000,1701.0,20221000,1693.4,20220800
2022-07-20 21:00:00,1701.7,20221000,1701.7,20221000,1694.3,20220800
2022-07-21 14:30:00,1712.0,20221000,1712.0,20221000,1704.4,20220800
2022-07-21 15:00:00,1717.9,20221000,1717.9,20221000,1710.2,20220800
2022-07-21 16:00:00,1719.4,20221000,1719.4,20221000,1711.8,20220800
2022-07-21 17:00:00,1716.9,20221000,1716.9,20221000,1710.3,20220800
2022-07-21 18:00:00,1719.6,20221000,1719.6,20221000,1712.6,20220800
2022-07-21 19:00:00,1721.3,20221000,1721.3,20221000,1713.7,20220800
2022-07-21 20:00:00,1725.4,20221000,1725.4,20221000,1718.5,20220800
2022-07-21 21:00:00,1724.8,20221000,1724.8,20221000,1717.5,20220800
2022-07-22 14:30:00,1741.0,20221000,1741.0,20221000,1733.8,20220800
2022-07-22 15:00:00,1739.0,20221000,1739.0,20221000,1731.4,20220800
2022-07-22 16:00:00,1737.0,20221000,1737.0,20221000,1729.5,20220800
2022-07-22 17:00:00,1735.5,20221000,1735.5,20221000,1727.3,20220800
2022-07-22 18:00:00,1732.8,20221000,1732.8,20221000,1725.1,20220800
2022-07-22 19:00:00,1729.0,20221000,1729.0,20221000,1721.9,20220800
2022-07-22 20:00:00,1730.1,20221000,1730.1,20221000,1722.3,20220800
2022-07-22 21:00:00,1733.4,20221000,1733.4,20221000,1725.9,20220800
2022-07-25 14:30:00,1725.9,20221000,1725.9,20221000,1718.3,20220800
2022-07-25 15:00:00,1722.6,20221000,1722.6,20221000,1714.8,20220800
2022-07-25 16:00:00,1722.9,20221000,1722.9,20221000,1714.9,20220800
2022-07-25 17:00:00,1724.2,20221000,1724.2,20221000,1716.6,20220800
2022-07-25 18:00:00,1725.5,20221000,1725.5,20221000,1717.7,20220800
2022-07-25 19:00:00,1723.2,20221000,1723.2,20221000,1715.0,20220800
2022-07-25 20:00:00,1725.4,20221000,1725.4,20221000,1717.7,20220800
2022-07-25 21:00:00,1726.3,20221000,1726.3,20221000,1718.2,20220800
2022-07-26 14:30:00,1726.5,20221000,1726.5,20221000,1718.3,20220800
2022-07-26 15:00:00,1725.7,20221000,1725.7,20221000,1717.4,20220800
2022-07-26 16:00:00,1723.7,20221000,1723.7,20221000,1715.3,20220800
2022-07-26 17:00:00,1725.4,20221000,1725.4,20221000,1717.5,20220800
2022-07-26 18:00:00,1724.3,20221000,1724.3,20221000,1715.7,20220800
2022-07-26 19:00:00,1724.0,20221000,1724.0,20221000,1715.5,20220800
2022-07-26 20:00:00,1724.2,20221000,1724.2,20221000,1715.7,20220800
2022-07-26 21:00:00,1723.7,20221000,1723.7,20221000,1715.5,20220800
2022-07-27 14:30:00,1721.0,20221000,1721.0,20221000,1712.7,20220800
2022-07-27 15:00:00,1723.7,20221000,1723.7,20221000,1715.1,20220800
2022-07-27 16:00:00,1725.5,20221000,1725.5,20221000,1716.9,20220800
2022-07-27 17:00:00,1728.0,20221000,1728.0,20221000,1718.9,20220800
2022-07-27 18:00:00,1727.7,20221000,1727.7,20221000,1720.8,20220800
2022-07-27 19:00:00,1741.7,20221000,1741.7,20221000,1733.3,20220800
2022-07-27 20:00:00,1741.5,20221000,1741.5,20221000,1732.7,20220800
2022-07-27 21:00:00,1741.6,20221000,1741.6,20221000,1732.5,20220800
2022-07-28 14:30:00,1757.7,20221000,1757.7,20221000,1748.8,20220800
2022-07-28 15:00:00,1762.0,20221000,1762.0,20221000,1753.0,20220800
2022-07-28 16:00:00,1759.6,20221000,1759.6,20221000,1750.5,20220800
2022-07-28 17:00:00,1760.7,20221000,1760.7,20221000,1751.5,20220800
2022-07-28 18:00:00,1759.1,20221000,1759.1,20221000,1750.2,20220800
2022-07-28 19:00:00,1760.0,20221000,1760.0,20221000,1750.2,20220800
2022-07-28 20:00:00,1762.0,20221000,1762.0,20221000,1752.8,20220800
2022-07-28 21:00:00,1763.0,20221000,1763.0,20221000,1754.0,20220800
2022-07-29 14:30:00,1759.4,20221000,1759.4,20221000,1754.9,20220800
2022-07-29 15:00:00,1769.6,20221000,1769.6,20221000,1761.2,20220800
2022-07-29 16:00:00,1772.4,20221000,1772.4,20221000,1764.3,20220800
2022-07-29 17:00:00,1770.4,20221000,1770.4,20221000,1761.6,20220800
2022-07-29 18:00:00,1772.1,20221000,1772.1,20221000,1764.3,20220800
2022-07-29 19:00:00,1770.4,20221000,1770.4,20221000,1762.6,20220800
2022-07-29 20:00:00,1767.8,20221000,1767.8,20221000,1761.1,20220800
2022-07-29 21:00:00,1774.9,20221000,1774.9,20221000,1766.3,20220800
2022-07-29 23:00:00,1774.9,20221000,1774.9,20221000,1766.3,20220800
2022-08-01 14:30:00,1779.3,20221000,1779.3,20221000,1770.2,20220800
2022-08-01 15:00:00,1774.4,20221000,1774.4,20221000,1767.4,20220800
2022-08-01 16:00:00,1775.8,20221000,1775.8,20221000,1767.4,20220800
2022-08-01 17:00:00,1779.5,20221000,1779.5,20221000,1767.4,20220800
2022-08-01 18:00:00,1775.5,20221000,1775.5,20221000,1767.5,20220800
2022-08-01 19:00:00,1775.8,20221000,1775.8,20221000,1767.5,20220800
2022-08-01 20:00:00,1777.6,20221000,1777.6,20221000,1768.6,20220800
2022-08-01 21:00:00,1779.0,20221000,1779.0,20221000,1768.6,20220800
2022-08-02 14:30:00,1786.5,20221000,1786.5,20221000,1775.2,20220800
2022-08-02 15:00:00,1783.4,20221000,1783.4,20221000,1774.5,20220800
2022-08-02 16:00:00,1784.5,20221000,1784.5,20221000,1774.5,20220800
2022-08-02 17:00:00,1781.8,20221000,1781.8,20221000,1773.6,20220800
2022-08-02 18:00:00,1776.8,20221000,1776.8,20221000,1768.2,20220800
2022-08-02 19:00:00,1772.7,20221000,1772.7,20221000,1766.2,20220800
2022-08-02 20:00:00,1767.0,20221000,1767.0,20221000,1760.0,20220800
2022-08-02 21:00:00,1766.1,20221000,1766.1,20221000,1761.0,20220800
2022-08-03 14:30:00,1772.0,20221000,1772.0,20221000,1761.0,20220800
2022-08-03 15:00:00,1763.4,20221000,1763.4,20221000,1755.0,20220800
2022-08-03 16:00:00,1764.0,20221000,1764.0,20221000,1755.0,20220800
2022-08-03 17:00:00,1765.0,20221000,1765.0,20221000,1755.0,20220800
2022-08-03 18:00:00,1768.1,20221000,1768.1,20221000,1759.6,20220800
2022-08-03 19:00:00,1768.6,20221000,1768.6,20221000,1759.6,20220800
2022-08-03 20:00:00,1771.8,20221000,1771.8,20221000,1761.8,20220800
2022-08-03 21:00:00,1772.3,20221000,1772.3,20221000,1764.8,20220800
2022-08-04 14:30:00,1789.6,20221000,1789.6,20221000,1764.8,20220800
2022-08-04 15:00:00,1792.0,20221000,1792.0,20221000,1764.8,20220800
2022-08-04 16:00:00,1793.7,20221000,1793.7,20221000,1764.8,20220800
2022-08-04 17:00:00,1796.2,20221000,1796.2,20221000,1764.8,20220800
2022-08-04 18:00:00,1797.7,20221000,1797.7,20221000,1764.8,20220800
2022-08-04 19:00:00,1801.1,20221000,1801.1,20221000,1764.8,20220800
2022-08-04 20:00:00,1799.5,20221000,1799.5,20221000,1764.8,20220800
2022-08-04 21:00:00,1796.6,20221000,1796.6,20221000,1764.8,20220800
2022-08-05 14:30:00,1780.1,20221000,1780.1,20221000,1764.8,20220800
2022-08-05 15:00:00,1783.6,20221000,1783.6,20221000,1775.5,20220800
2022-08-05 16:00:00,1779.3,20221000,1779.3,20221000,1775.5,20220800
2022-08-05 17:00:00,1780.0,20221000,1780.0,20221000,1775.5,20220800
2022-08-05 18:00:00,1780.6,20221000,1780.6,20221000,1775.5,20220800
2022-08-05 19:00:00,1778.0,20221000,1778.0,20221000,1775.5,20220800
2022-08-05 20:00:00,1779.0,20221000,1779.0,20221000,1775.5,20220800
2022-08-05 21:00:00,1780.5,20221000,1780.5,20221000,1775.5,20220800
2022-08-08 14:30:00,1790.0,20221000,1790.0,20221000,1775.5,20220800
2022-08-08 15:00:00,1792.3,20221000,1792.3,20221000,1782.9,20220800
2022-08-08 16:00:00,1792.6,20221000,1792.6,20221000,1782.9,20220800
2022-08-08 17:00:00,1793.0,20221000,1793.0,20221000,1782.9,20220800
2022-08-08 18:00:00,1793.2,20221000,1793.2,20221000,1782.9,20220800
2022-08-08 19:00:00,1793.1,20221000,1793.1,20221000,1782.9,20220800
2022-08-08 20:00:00,1794.2,20221000,1794.2,20221000,1782.9,20220800
2022-08-08 21:00:00,1794.7,20221000,1794.7,20221000,1782.9,20220800
2022-08-09 14:30:00,1803.0,20221000,1803.0,20221000,1782.9,20220800
2022-08-09 15:00:00,1796.4,20221000,1796.4,20221000,1782.9,20220800
2022-08-09 16:00:00,1801.5,20221000,1801.5,20221000,1789.6,20220800
2022-08-09 17:00:00,1801.0,20221000,1801.0,20221000,1794.1,20220800
2022-08-09 18:00:00,1800.0,20221000,1800.0,20221000,1794.1,20220800
2022-08-09 19:00:00,1800.3,20221000,1800.3,20221000,1794.1,20220800
2022-08-09 20:00:00,1799.8,20221000,1799.8,20221000,1794.1,20220800
2022-08-09 21:00:00,1800.0,20221000,1800.0,20221000,1794.1,20220800
2022-08-10 14:30:00,1801.5,20221000,1801.5,20221000,1794.1,20220800
2022-08-10 15:00:00,1807.8,20221000,1807.8,20221000,1794.1,20220800
2022-08-10 16:00:00,1803.7,20221000,1803.7,20221000,1794.1,20220800
2022-08-10 17:00:00,1803.7,20221000,1803.7,20221000,1795.7,20220800
2022-08-10 18:00:00,1800.8,20221000,1800.8,20221000,1795.6,20220800
2022-08-10 19:00:00,1794.8,20221000,1794.8,20221000,1795.6,20220800
2022-08-10 20:00:00,1795.6,20221000,1795.6,20221000,1795.6,20220800
2022-08-10 21:00:00,1798.1,20221000,1798.1,20221000,1788.6,20220800
2022-08-11 14:30:00,1802.7,20221000,1802.7,20221000,1788.6,20220800
2022-08-11 15:00:00,1798.0,20221000,1798.0,20221000,1788.6,20220800
2022-08-11 16:00:00,1795.4,20221000,1795.4,20221000,1788.6,20220800
2022-08-11 17:00:00,1794.2,20221000,1794.2,20221000,1788.6,20220800
2022-08-11 18:00:00,1794.9,20221000,1794.9,20221000,1788.6,20220800
2022-08-11 19:00:00,1792.8,20221000,1792.8,20221000,1788.6,20220800
2022-08-11 20:00:00,1790.8,20221000,1790.8,20221000,1788.6,20220800
2022-08-11 21:00:00,1795.3,20221000,1795.3,20221000,1788.6,20220800
2022-08-12 14:30:00,1803.6,20221000,1803.6,20221000,1796.7,20220800
2022-08-12 15:00:00,1799.0,20221000,1799.0,20221000,1796.7,20220800
2022-08-12 16:00:00,1800.8,20221000,1800.8,20221000,1796.7,20220800
2022-08-12 17:00:00,1802.5,20221000,1802.5,20221000,1796.7,20220800
2022-08-12 18:00:00,1805.2,20221000,1805.2,20221000,1796.7,20220800
2022-08-12 19:00:00,1807.1,20221000,1807.1,20221000,1796.7,20220800
2022-08-12 20:00:00,1807.7,20221000,1807.7,20221000,1800.8,20220800
2022-08-12 21:00:00,1807.8,20221000,1807.8,20221000,1800.8,20220800
2022-08-12 23:00:00,1807.8,20221000,1807.8,20221000,1800.8,20220800
2022-08-12 23:00:01,1818.7,20221200,1818.7,20221200,1807.8,20221000
2022-08-15 14:00:00,1792.8,20221200,1792.8,20221200,1782.5,20221000
2022-08-15 14:30:00,1792.8,20221200,1792.8,20221200,1782.5,20221000
2022-08-15 15:00:00,1794.0,20221200,1794.0,20221200,1784.0,20221000
2022-08-15 16:00:00,1795.8,20221200,1795.8,20221200,1785.5,20221000
2022-08-15 17:00:00,1794.5,20221200,1794.5,20221200,1784.4,20221000
2022-08-15 18:00:00,1795.4,20221200,1795.4,20221200,1785.5,20221000
2022-08-15 19:00:00,1794.2,20221200,1794.2,20221200,1783.5,20221000
2022-08-15 20:00:00,1794.4,20221200,1794.4,20221200,1783.8,20221000
2022-08-15 21:00:00,1795.1,20221200,1795.1,20221200,1784.0,20221000
2022-08-15 23:00:00,1795.1,20221200,1795.1,20221200,1784.0,20221000
2022-08-16 14:00:00,1790.8,20221200,1790.8,20221200,1780.2,20221000
2022-08-16 14:30:00,1790.8,20221200,1790.8,20221200,1780.2,20221000
2022-08-16 15:00:00,1791.0,20221200,1791.0,20221200,1780.9,20221000
2022-08-16 16:00:00,1789.5,20221200,1789.5,20221200,1778.9,20221000
2022-08-16 17:00:00,1790.4,20221200,1790.4,20221200,1780.1,20221000
2022-08-16 18:00:00,1791.1,20221200,1791.1,20221200,1781.1,20221000
2022-08-16 19:00:00,1791.8,20221200,1791.8,20221200,1779.7,20221000
2022-08-16 20:00:00,1790.6,20221200,1790.6,20221200,1780.5,20221000
2022-08-16 21:00:00,1790.4,20221200,1790.4,20221200,1780.0,20221000
2022-08-16 23:00:00,1790.4,20221200,1790.4,20221200,1780.0,20221000
2022-08-17 14:00:00,1782.2,20221200,1782.2,20221200,1772.1,20221000
2022-08-17 14:30:00,1782.2,20221200,1782.2,20221200,1772.1,20221000
2022-08-17 15:00:00,1780.3,20221200,1780.3,20221200,1770.3,20221000
2022-08-17 16:00:00,1776.4,20221200,1776.4,20221200,1766.5,20221000
2022-08-17 17:00:00,1775.0,20221200,1775.0,20221200,1765.7,20221000
2022-08-17 18:00:00,1775.5,20221200,1775.5,20221200,1765.3,20221000
2022-08-17 19:00:00,1781.5,20221200,1781.5,20221200,1771.5,20221000
2022-08-17 20:00:00,1779.1,20221200,1779.1,20221200,1768.9,20221000
2022-08-17 21:00:00,1776.4,20221200,1776.4,20221200,1766.5,20221000
2022-08-17 23:00:00,1776.4,20221200,1776.4,20221200,1766.5,20221000
2022-08-18 14:00:00,1779.6,20221200,1779.6,20221200,1769.3,20221000
2022-08-18 14:30:00,1779.6,20221200,1779.6,20221200,1769.3,20221000
2022-08-18 15:00:00,1775.9,20221200,1775.9,20221200,1765.8,20221000
2022-08-18 16:00:00,1773.5,20221200,1773.5,20221200,1763.3,20221000
2022-08-18 17:00:00,1770.4,20221200,1770.4,20221200,1760.3,20221000
2022-08-18 18:00:00,1772.1,20221200,1772.1,20221200,1761.3,20221000
2022-08-18 19:00:00,1773.0,20221200,1773.0,20221200,1763.2,20221000
2022-08-18 20:00:00,1773.3,20221200,1773.3,20221200,1763.2,20221000
2022-08-18 21:00:00,1772.1,20221200,1772.1,20221200,1762.0,20221000
2022-08-18 23:00:00,1772.1,20221200,1772.1,20221200,1762.0,20221000
2022-08-19 14:00:00,1765.5,20221200,1765.5,20221200,1756.0,20221000
2022-08-19 14:30:00,1765.5,20221200,1765.5,20221200,1756.0,20221000
2022-08-19 15:00:00,1761.4,20221200,1761.4,20221200,1752.1,20221000
2022-08-19 16:00:00,1762.6,20221200,1762.6,20221200,1753.1,20221000
2022-08-19 17:00:00,1762.7,20221200,1762.7,20221200,1753.9,20221000
2022-08-19 18:00:00,1763.4,20221200,1763.4,20221200,1753.6,20221000
2022-08-19 19:00:00,1760.4,20221200,1760.4,20221200,1750.8,20221000
2022-08-19 20:00:00,1760.4,20221200,1760.4,20221200,1750.8,20221000
2022-08-19 21:00:00,1761.3,20221200,1761.3,20221200,1750.4,20221000
2022-08-19 23:00:00,1761.3,20221200,1761.3,20221200,1750.4,20221000
2022-08-22 14:00:00,1746.0,20221200,1746.0,20221200,1736.3,20221000
2022-08-22 14:30:00,1746.0,20221200,1746.0,20221200,1736.3,20221000
2022-08-22 15:00:00,1750.6,20221200,1750.6,20221200,1741.0,20221000
2022-08-22 16:00:00,1750.1,20221200,1750.1,20221200,1740.2,20221000
2022-08-22 17:00:00,1748.1,20221200,1748.1,20221200,1738.5,20221000
2022-08-22 18:00:00,1749.2,20221200,1749.2,20221200,1739.3,20221000
2022-08-22 19:00:00,1749.8,20221200,1749.8,20221200,1740.6,20221000
2022-08-22 20:00:00,1748.2,20221200,1748.2,20221200,1738.6,20221000
2022-08-22 21:00:00,1749.3,20221200,1749.3,20221200,1738.2,20221000
2022-08-22 23:00:00,1749.3,20221200,1749.3,20221200,1738.2,20221000
2022-08-23 14:00:00,1760.2,20221200,1760.2,20221200,1750.5,20221000
2022-08-23 14:30:00,1760.2,20221200,1760.2,20221200,1750.5,20221000
2022-08-23 15:00:00,1763.5,20221200,1763.5,20221200,1753.8,20221000
2022-08-23 16:00:00,1763.2,20221200,1763.2,20221200,1753.3,20221000
2022-08-23 17:00:00,1761.7,20221200,1761.7,20221200,1752.0,20221000
2022-08-23 18:00:00,1759.9,20221200,1759.9,20221200,1750.6,20221000
2022-08-23 19:00:00,1759.0,20221200,1759.0,20221200,1749.8,20221000
2022-08-23 20:00:00,1760.2,20221200,1760.2,20221200,1750.7,20221000
2022-08-23 21:00:00,1761.0,20221200,1761.0,20221200,1751.8,20221000
2022-08-23 23:00:00,1761.0,20221200,1761.0,20221200,1751.8,20221000
2022-08-24 14:00:00,1758.6,20221200,1758.6,20221200,1749.1,20221000
2022-08-24 14:30:00,1758.6,20221200,1758.6,20221200,1749.1,20221000
2022-08-24 15:00:00,1765.6,20221200,1765.6,20221200,1756.2,20221000
2022-08-24 16:00:00,1764.3,20221200,1764.3,20221200,1754.8,20221000
2022-08-24 17:00:00,1764.2,20221200,1764.2,20221200,1754.7,20221000
2022-08-24 18:00:00,1762.6,20221200,1762.6,20221200,1752.2,20221000
2022-08-24 19:00:00,1763.0,20221200,1763.0,20221200,1753.4,20221000
2022-08-24 20:00:00,1765.4,20221200,1765.4,20221200,1755.6,20221000
2022-08-24 21:00:00,1764.2,20221200,1764.2,20221200,1755.0,20221000
2022-08-24 23:00:00,1764.2,20221200,1764.2,20221200,1755.0,20221000
2022-08-25 14:00:00,1766.2,20221200,1766.2,20221200,1756.8,20221000
2022-08-25 14:30:00,1766.2,20221200,1766.2,20221200,1756.8,20221000
2022-08-25 15:00:00,1769.0,20221200,1769.0,20221200,1759.1,20221000
2022-08-25 16:00:00,1768.2,20221200,1768.2,20221200,1758.5,20221000
2022-08-25 17:00:00,1768.8,20221200,1768.8,20221200,1758.6,20221000
2022-08-25 18:00:00,1771.9,20221200,1771.9,20221200,1762.2,20221000
2022-08-25 19:00:00,1769.3,20221200,1769.3,20221200,1759.5,20221000
2022-08-25 20:00:00,1770.6,20221200,1770.6,20221200,1760.9,20221000
2022-08-25 21:00:00,1771.9,20221200,1771.9,20221200,1761.8,20221000
2022-08-25 23:00:00,1771.9,20221200,1771.9,20221200,1761.8,20221000
2022-08-26 14:00:00,1763.5,20221200,1763.5,20221200,1754.9,20221000
2022-08-26 14:30:00,1763.5,20221200,1763.5,20221200,1754.9,20221000
2022-08-26 15:00:00,1753.5,20221200,1753.5,20221200,1744.1,20221000
2022-08-26 16:00:00,1749.2,20221200,1749.2,20221200,1740.1,20221000
2022-08-26 17:00:00,1746.9,20221200,1746.9,20221200,1738.2,20221000
2022-08-26 18:00:00,1751.2,20221200,1751.2,20221200,1742.0,20221000
2022-08-26 19:00:00,1749.7,20221200,1749.7,20221200,1740.8,20221000
2022-08-26 20:00:00,1749.2,20221200,1749.2,20221200,1739.8,20221000
2022-08-26 21:00:00,1749.8,20221200,1749.8,20221200,1741.1,20221000
2022-08-26 23:00:00,1749.8,20221200,1749.8,20221200,1741.1,20221000
2022-08-29 14:00:00,1752.9,20221200,1752.9,20221200,1744.1,20221000
2022-08-29 14:30:00,1752.9,20221200,1752.9,20221200,1744.1,20221000
2022-08-29 15:00:00,1750.4,20221200,1750.4,20221200,1741.1,20221000
2022-08-29 16:00:00,1753.2,20221200,1753.2,20221200,1743.9,20221000
2022-08-29 17:00:00,1750.9,20221200,1750.9,20221200,1741.9,20221000
2022-08-29 18:00:00,1750.6,20221200,1750.6,20221200,1741.3,20221000
2022-08-29 19:00:00,1749.5,20221200,1749.5,20221200,1740.2,20221000
2022-08-29 20:00:00,1750.5,20221200,1750.5,20221200,1741.3,20221000
2022-08-29 21:00:00,1749.5,20221200,1749.5,20221200,1740.9,20221000
2022-08-29 23:00:00,1749.5,20221200,1749.5,20221200,1740.9,20221000
2022-08-30 14:00:00,1744.6,20221200,1744.6,20221200,1735.3,20221000
2022-08-30 14:30:00,1744.6,20221200,1744.6,20221200,1735.3,20221000
2022-08-30 15:00:00,1735.7,20221200,1735.7,20221200,1726.7,20221000
2022-08-30 16:00:00,1737.7,20221200,1737.7,20221200,1728.8,20221000
2022-08-30 17:00:00,1736.3,20221200,1736.3,20221200,1726.8,20221000
2022-08-30 18:00:00,1735.8,20221200,1735.8,20221200,1726.6,20221000
2022-08-30 19:00:00,1735.9,20221200,1735.9,20221200,1726.7,20221000
2022-08-30 20:00:00,1734.9,20221200,1734.9,20221200,1725.4,20221000
2022-08-30 21:00:00,1735.6,20221200,1735.6,20221200,1726.6,20221000
2022-08-30 23:00:00,1735.6,20221200,1735.6,20221200,1726.6,20221000
2022-08-31 14:30:00,1727.7,20221200,1727.7,20221200,1718.3,20221000
2022-08-31 15:00:00,1733.2,20221200,1733.2,20221200,1723.8,20221000
2022-08-31 16:00:00,1730.5,20221200,1730.5,20221200,1721.4,20221000
2022-08-31 17:00:00,1727.8,20221200,1727.8,20221200,1718.4,20221000
2022-08-31 18:00:00,1724.7,20221200,1724.7,20221200,1715.4,20221000
2022-08-31 19:00:00,1722.8,20221200,1722.8,20221200,1713.5,20221000
2022-08-31 20:00:00,1721.6,20221200,1721.6,20221200,1712.1,20221000
2022-08-31 21:00:00,1723.0,20221200,1723.0,20221200,1713.0,20221000
2022-08-31 23:00:00,1723.0,20221200,1723.0,20221200,1713.0,20221000
2022-09-01 14:30:00,1710.1,20221200,1710.1,20221200,1700.2,20221000
2022-09-01 15:00:00,1702.9,20221200,1702.9,20221200,1693.5,20221000
2022-09-01 16:00:00,1706.3,20221200,1706.3,20221200,1696.2,20221000
2022-09-01 17:00:00,1705.9,20221200,1705.9,20221200,1696.1,20221000
2022-09-01 18:00:00,1708.4,20221200,1708.4,20221200,1698.6,20221000
2022-09-01 19:00:00,1705.8,20221200,1705.8,20221200,1696.0,20221000
2022-09-01 20:00:00,1705.9,20221200,1705.9,20221200,1696.7,20221000
2022-09-01 21:00:00,1708.5,20221200,1708.5,20221200,1699.2,20221000
2022-09-01 23:00:00,1708.5,20221200,1708.5,20221200,1699.2,20221000
2022-09-02 14:30:00,1723.6,20221200,1723.6,20221200,1714.0,20221000
2022-09-02 15:00:00,1728.8,20221200,1728.8,20221200,1719.3,20221000
2022-09-02 16:00:00,1727.5,20221200,1727.5,20221200,1717.9,20221000
2022-09-02 17:00:00,1724.6,20221200,1724.6,20221200,1715.0,20221000
2022-09-02 18:00:00,1722.0,20221200,1722.0,20221200,1712.6,20221000
2022-09-02 19:00:00,1724.6,20221200,1724.6,20221200,1715.3,20221000
2022-09-02 20:00:00,1720.9,20221200,1720.9,20221200,1711.2,20221000
2022-09-02 21:00:00,1723.7,20221200,1723.7,20221200,1713.3,20221000
2022-09-02 23:00:00,1723.7,20221200,1723.7,20221200,1713.3,20221000
2022-09-02 23:00:01,1733.8,20230200,1733.8,20230200,1723.7,20221200
2022-09-06 14:30:00,1733.1,20230200,1733.1,20230200,1719.5,20221200
2022-09-06 15:00:00,1728.1,20230200,1728.1,20230200,1714.4,20221200
2022-09-06 16:00:00,1725.0,20230200,1725.0,20230200,1713.9,20221200
2022-09-06 17:00:00,1727.0,20230200,1727.0,20230200,1712.3,20221200
2022-09-06 18:00:00,1724.4,20230200,1724.4,20230200,1711.8,20221200
2022-09-06 19:00:00,1724.4,20230200,1724.4,20230200,1710.7,20221200
2022-09-06 20:00:00,1723.4,20230200,1723.4,20230200,1710.9,20221200
2022-09-06 21:00:00,1723.4,20230200,1723.4,20230200,1712.8,20221200
2022-09-06 23:00:00,1723.4,20230200,1723.4,20230200,1712.8,20221200
2022-09-07 14:30:00,1725.6,20230200,1725.6,20230200,1714.7,20221200
2022-09-07 15:00:00,1734.9,20230200,1734.9,20230200,1722.7,20221200
2022-09-07 16:00:00,1734.2,20230200,1734.2,20230200,1721.7,20221200
2022-09-07 17:00:00,1734.2,20230200,1734.2,20230200,1726.2,20221200
2022-09-07 18:00:00,1739.0,20230200,1739.0,20230200,1726.3,20221200
2022-09-07 19:00:00,1738.4,20230200,1738.4,20230200,1726.3,20221200
2022-09-07 20:00:00,1740.3,20230200,1740.3,20230200,1728.7,20221200
2022-09-07 21:00:00,1740.1,20230200,1740.1,20230200,1729.4,20221200
2022-09-07 23:00:00,1740.1,20230200,1740.1,20230200,1729.4,20221200
2022-09-08 14:30:00,1737.3,20230200,1737.3,20230200,1722.0,20221200
2022-09-08 15:00:00,1729.3,20230200,1729.3,20230200,1718.4,20221200
2022-09-08 16:00:00,1729.4,20230200,1729.4,20230200,1718.0,20221200
2022-09-08 17:00:00,1729.8,20230200,1729.8,20230200,1717.1,20221200
2022-09-08 18:00:00,1731.0,20230200,1731.0,20230200,1721.6,20221200
2022-09-08 19:00:00,1731.2,20230200,1731.2,20230200,1718.2,20221200
2022-09-08 20:00:00,1731.1,20230200,1731.1,20230200,1717.9,20221200
2022-09-08 21:00:00,1731.1,20230200,1731.1,20230200,1719.3,20221200
2022-09-08 23:00:00,1731.1,20230200,1731.1,20230200,1719.3,20221200
2022-09-09 14:30:00,1736.1,20230200,1736.1,20230200,1724.1,20221200
2022-09-09 15:00:00,1737.5,20230200,1737.5,20230200,1725.2,20221200
2022-09-09 16:00:00,1740.9,20230200,1740.9,20230200,1727.9,20221200
2022-09-09 17:00:00,1742.5,20230200,1742.5,20230200,1730.4,20221200
2022-09-09 18:00:00,1742.5,20230200,1742.5,20230200,1727.4,20221200
2022-09-09 19:00:00,1738.7,20230200,1738.7,20230200,1726.9,20221200
2022-09-09 20:00:00,1738.7,20230200,1738.7,20230200,1727.0,20221200
2022-09-09 21:00:00,1739.6,20230200,1739.6,20230200,1727.6,20221200
2022-09-09 23:00:00,1739.6,20230200,1739.6,20230200,1727.6,20221200
2022-09-12 14:30:00,1749.3,20230200,1749.3,20230200,1736.8,20221200
2022-09-12 15:00:00,1752.5,20230200,1752.5,20230200,1740.9,20221200
2022-09-12 16:00:00,1758.0,20230200,1758.0,20230200,1745.3,20221200
2022-09-12 17:00:00,1754.7,20230200,1754.7,20230200,1742.8,20221200
2022-09-12 18:00:00,1753.0,20230200,1753.0,20230200,1741.2,20221200
2022-09-12 19:00:00,1748.3,20230200,1748.3,20230200,1738.0,20221200
2022-09-12 20:00:00,1749.4,20230200,1749.4,20230200,1735.4,20221200
2022-09-12 21:00:00,1748.5,20230200,1748.5,20230200,1735.2,20221200
2022-09-12 23:00:00,1748.5,20230200,1748.5,20230200,1735.2,20221200
2022-09-13 14:30:00,1731.0,20230200,1731.0,20230200,1717.1,20221200
2022-09-13 15:00:00,1729.1,20230200,1729.1,20230200,1716.1,20221200
2022-09-13 16:00:00,1724.6,20230200,1724.6,20230200,1711.5,20221200
2022-09-13 17:00:00,1729.1,20230200,1729.1,20230200,1716.3,20221200
2022-09-13 18:00:00,1727.0,20230200,1727.0,20230200,1715.2,20221200
2022-09-13 19:00:00,1728.2,20230200,1728.2,20230200,1713.8,20221200
2022-09-13 20:00:00,1725.0,20230200,1725.0,20230200,1713.0,20221200
2022-09-13 21:00:00,1725.0,20230200,1725.0,20230200,1712.4,20221200
2022-09-13 23:00:00,1725.0,20230200,1725.0,20230200,1712.4,20221200
2022-09-14 14:30:00,1728.0,20230200,1728.0,20230200,1713.5,20221200
2022-09-14 15:00:00,1728.8,20230200,1728.8,20230200,1716.4,20221200
2022-09-14 16:00:00,1726.0,20230200,1726.0,20230200,1713.5,20221200
2022-09-14 17:00:00,1725.5,20230200,1725.5,20230200,1711.1,20221200
2022-09-14 18:00:00,1721.4,20230200,1721.4,20230200,1709.6,20221200
2022-09-14 19:00:00,1718.8,20230200,1718.8,20230200,1704.9,20221200
2022-09-14 20:00:00,1717.0,20230200,1717.0,20230200,1705.5,20221200
2022-09-14 21:00:00,1717.0,20230200,1717.0,20230200,1707.1,20221200
2022-09-14 23:00:00,1717.0,20230200,1717.0,20230200,1707.1,20221200
2022-09-15 14:30:00,1711.0,20230200,1711.0,20230200,1699.2,20221200
2022-09-15 15:00:00,1690.4,20230200,1690.4,20230200,1677.1,20221200
2022-09-15 16:00:00,1686.4,20230200,1686.4,20230200,1673.1,20221200
2022-09-15 17:00:00,1686.6,20230200,1686.6,20230200,1673.3,20221200
2022-09-15 18:00:00,1688.9,20230200,1688.9,20230200,1676.1,20221200
2022-09-15 19:00:00,1686.0,20230200,1686.0,20230200,1672.1,20221200
2022-09-15 20:00:00,1685.7,20230200,1685.7,20230200,1672.9,20221200
2022-09-15 21:00:00,1686.6,20230200,1686.6,20230200,1674.0,20221200
2022-09-15 23:00:00,1686.6,20230200,1686.6,20230200,1674.0,20221200
2022-09-16 14:30:00,1683.7,20230200,1683.7,20230200,1672.7,20221200
2022-09-16 15:00:00,1699.8,20230200,1699.8,20230200,1686.0,20221200
2022-09-16 16:00:00,1695.8,20230200,1695.8,20230200,1682.7,20221200
2022-09-16 17:00:00,1696.2,20230200,1696.2,20230200,1682.2,20221200
2022-09-16 18:00:00,1695.0,20230200,1695.0,20230200,1684.3,20221200
2022-09-16 19:00:00,1696.6,20230200,1696.6,20230200,1684.4,20221200
2022-09-16 20:00:00,1696.6,20230200,1696.6,20230200,1682.4,20221200
2022-09-16 21:00:00,1696.5,20230200,1696.5,20230200,1684.1,20221200
2022-09-16 23:00:00,1696.5,20230200,1696.5,20230200,1684.1,20221200
2022-09-19 14:30:00,1686.8,20230200,1686.8,20230200,1673.4,20221200
2022-09-19 15:00:00,1694.7,20230200,1694.7,20230200,1680.5,20221200
2022-09-19 16:00:00,1693.1,20230200,1693.1,20230200,1679.4,20221200
2022-09-19 17:00:00,1693.0,20230200,1693.0,20230200,1679.8,20221200
2022-09-19 18:00:00,1691.2,20230200,1691.2,20230200,1678.8,20221200
2022-09-19 19:00:00,1691.2,20230200,1691.2,20230200,1679.8,20221200
2022-09-19 20:00:00,1691.2,20230200,1691.2,20230200,1683.6,20221200
2022-09-19 21:00:00,1697.8,20230200,1697.8,20230200,1684.7,20221200
2022-09-19 23:00:00,1697.8,20230200,1697.8,20230200,1684.7,20221200
2022-09-20 14:30:00,1685.0,20230200,1685.0,20230200,1673.7,20221200
2022-09-20 15:00:00,1686.8,20230200,1686.8,20230200,1673.8,20221200
2022-09-20 16:00:00,1686.2,20230200,1686.2,20230200,1673.7,20221200
2022-09-20 17:00:00,1685.8,20230200,1685.8,20230200,1672.3,20221200
2022-09-20 18:00:00,1686.7,20230200,1686.7,20230200,1672.7,20221200
2022-09-20 19:00:00,1686.7,20230200,1686.7,20230200,1672.7,20221200
2022-09-20 20:00:00,1686.7,20230200,1686.7,20230200,1673.6,20221200
2022-09-20 21:00:00,1686.4,20230200,1686.4,20230200,1673.2,20221200
2022-09-20 23:00:00,1686.4,20230200,1686.4,20230200,1673.2,20221200
2022-09-21 14:30:00,1694.0,20230200,1694.0,20230200,1680.3,20221200
2022-09-21 15:00:00,1688.0,20230200,1688.0,20230200,1676.2,20221200
2022-09-21 16:00:00,1689.0,20230200,1689.0,20230200,1675.7,20221200
2022-09-21 17:00:00,1688.4,20230200,1688.4,20230200,1673.5,20221200
2022-09-21 18:00:00,1690.3,20230200,1690.3,20230200,1673.4,20221200
2022-09-21 19:00:00,1708.3,20230200,1708.3,20230200,1694.9,20221200
2022-09-21 20:00:00,1692.5,20230200,1692.5,20230200,1681.2,20221200
2022-09-21 21:00:00,1696.0,20230200,1696.0,20230200,1682.3,20221200
2022-09-21 23:00:00,1696.0,20230200,1696.0,20230200,1682.3,20221200
2022-09-22 14:30:00,1694.5,20230200,1694.5,20230200,1681.4,20221200
2022-09-22 15:00:00,1692.7,20230200,1692.7,20230200,1679.0,20221200
2022-09-22 16:00:00,1692.8,20230200,1692.8,20230200,1679.5,20221200
2022-09-22 17:00:00,1692.6,20230200,1692.6,20230200,1682.1,20221200
2022-09-22 18:00:00,1694.3,20230200,1694.3,20230200,1682.2,20221200
2022-09-22 19:00:00,1692.3,20230200,1692.3,20230200,1678.3,20221200
2022-09-22 20:00:00,1694.8,20230200,1694.8,20230200,1680.2,20221200
2022-09-22 21:00:00,1693.1,20230200,1693.1,20230200,1679.2,20221200
2022-09-22 23:00:00,1693.1,20230200,1693.1,20230200,1679.2,20221200
2022-09-23 14:30:00,1665.0,20230200,1665.0,20230200,1652.1,20221200
2022-09-23 15:00:00,1664.2,20230200,1664.2,20230200,1650.8,20221200
2022-09-23 16:00:00,1668.0,20230200,1668.0,20230200,1653.8,20221200
2022-09-23 17:00:00,1667.1,20230200,1667.1,20230200,1653.9,20221200
2022-09-23 18:00:00,1665.4,20230200,1665.4,20230200,1655.2,20221200
2022-09-23 19:00:00,1661.5,20230200,1661.5,20230200,1648.1,20221200
2022-09-23 20:00:00,1664.6,20230200,1664.6,20230200,1651.0,20221200
2022-09-23 21:00:00,1665.0,20230200,1665.0,20230200,1651.8,20221200
2022-09-23 23:00:00,1665.0,20230200,1665.0,20230200,1651.8,20221200
2022-09-26 14:30:00,1666.5,20230200,1666.5,20230200,1653.8,20221200
2022-09-26 15:00:00,1666.3,20230200,1666.3,20230200,1651.9,20221200
2022-09-26 16:00:00,1656.0,20230200,1656.0,20230200,1641.7,20221200
2022-09-26 17:00:00,1651.3,20230200,1651.3,20230200,1638.3,20221200
2022-09-26 18:00:00,1646.0,20230200,1646.0,20230200,1633.5,20221200
2022-09-26 19:00:00,1647.8,20230200,1647.8,20230200,1634.5,20221200
2022-09-26 20:00:00,1644.7,20230200,1644.7,20230200,1632.0,20221200
2022-09-26 21:00:00,1644.0,20230200,1644.0,20230200,1629.3,20221200
2022-09-26 23:00:00,1644.0,20230200,1644.0,20230200,1629.3,20221200
2022-09-27 14:30:00,1660.0,20230200,1660.0,20230200,1646.4,20221200
2022-09-27 15:00:00,1655.8,20230200,1655.8,20230200,1643.8,20221200
2022-09-27 16:00:00,1655.6,20230200,1655.6,20230200,1641.5,20221200
2022-09-27 17:00:00,1651.1,20230200,1651.1,20230200,1637.0,20221200
2022-09-27 18:00:00,1651.1,20230200,1651.1,20230200,1638.2,20221200
2022-09-27 19:00:00,1652.6,20230200,1652.6,20230200,1639.2,20221200
2022-09-27 20:00:00,1648.0,20230200,1648.0,20230200,1635.0,20221200
2022-09-27 21:00:00,1649.1,20230200,1649.1,20230200,1636.5,20221200
2022-09-27 23:00:00,1649.1,20230200,1649.1,20230200,1636.5,20221200
2022-09-28 14:30:00,1671.0,20230200,1671.0,20230200,1657.6,20221200
2022-09-28 15:00:00,1671.5,20230200,1671.5,20230200,1659.0,20221200
2022-09-28 16:00:00,1680.2,20230200,1680.2,20230200,1667.3,20221200
2022-09-28 17:00:00,1680.6,20230200,1680.6,20230200,1667.9,20221200
2022-09-28 18:00:00,1684.0,20230200,1684.0,20230200,1670.3,20221200
2022-09-28 19:00:00,1683.5,20230200,1683.5,20230200,1670.6,20221200
2022-09-28 20:00:00,1682.9,20230200,1682.9,20230200,1669.5,20221200
2022-09-28 21:00:00,1681.7,20230200,1681.7,20230200,1669.0,20221200
2022-09-28 23:00:00,1681.7,20230200,1681.7,20230200,1669.0,20221200
2022-09-29 14:30:00,1675.0,20230200,1675.0,20230200,1661.8,20221200
2022-09-29 15:00:00,1674.0,20230200,1674.0,20230200,1661.8,20221200
2022-09-29 16:00:00,1682.0,20230200,1682.0,20230200,1668.6,20221200
2022-09-29 17:00:00,1680.5,20230200,1680.5,20230200,1666.9,20221200
2022-09-29 18:00:00,1680.1,20230200,1680.1,20230200,1668.6,20221200
2022-09-29 19:00:00,1680.2,20230200,1680.2,20230200,1667.2,20221200
2022-09-29 20:00:00,1682.8,20230200,1682.8,20230200,1669.6,20221200
2022-09-29 21:00:00,1682.8,20230200,1682.8,20230200,1669.0,20221200
2022-09-29 23:00:00,1682.8,20230200,1682.8,20230200,1669.0,20221200
2022-09-30 14:30:00,1691.7,20230200,1691.7,20230200,1678.4,20221200
2022-09-30 15:00:00,1695.5,20230200,1695.5,20230200,1681.3,20221200
2022-09-30 16:00:00,1692.0,20230200,1692.0,20230200,1679.8,20221200
2022-09-30 17:00:00,1686.0,20230200,1686.0,20230200,1672.4,20221200
2022-09-30 18:00:00,1685.2,20230200,1685.2,20230200,1672.7,20221200
2022-09-30 19:00:00,1682.9,20230200,1682.9,20230200,1669.6,20221200
2022-09-30 20:00:00,1681.8,20230200,1681.8,20230200,1669.9,20221200
2022-09-30 21:00:00,1682.4,20230200,1682.4,20230200,1668.7,20221200
2022-09-30 23:00:00,1682.4,20230200,1682.4,20230200,1668.7,20221200
2022-10-03 14:30:00,1690.0,20230200,1690.0,20230200,1677.6,20221200
2022-10-03 15:00:00,1708.3,20230200,1708.3,20230200,1695.6,20221200
2022-10-03 16:00:00,1711.5,20230200,1711.5,20230200,1699.2,20221200
2022-10-03 17:00:00,1711.6,20230200,1711.6,20230200,1699.8,20221200
2022-10-03 18:00:00,1717.0,20230200,1717.0,20230200,1704.9,20221200
2022-10-03 19:00:00,1722.0,20230200,1722.0,20230200,1708.6,20221200
2022-10-03 20:00:00,1721.3,20230200,1721.3,20230200,1709.6,20221200
2022-10-03 21:00:00,1721.8,20230200,1721.8,20230200,1708.6,20221200
2022-10-03 23:00:00,1721.8,20230200,1721.8,20230200,1708.6,20221200
2022-10-04 14:30:00,1732.3,20230200,1732.3,20230200,1718.7,20221200
2022-10-04 15:00:00,1741.7,20230200,1741.7,20230200,1729.5,20221200
2022-10-04 16:00:00,1746.8,20230200,1746.8,20230200,1734.7,20221200
2022-10-04 17:00:00,1745.9,20230200,1745.9,20230200,1732.2,20221200
2022-10-04 18:00:00,1744.4,20230200,1744.4,20230200,1732.2,20221200
2022-10-04 19:00:00,1746.0,20230200,1746.0,20230200,1732.4,20221200
2022-10-04 20:00:00,1747.3,20230200,1747.3,20230200,1733.3,20221200
2022-10-04 21:00:00,1748.1,20230200,1748.1,20230200,1734.7,20221200
2022-10-04 23:00:00,1748.1,20230200,1748.1,20230200,1734.7,20221200
2022-10-05 14:30:00,1730.0,20230200,1730.0,20230200,1716.9,20221200
2022-10-05 15:00:00,1729.2,20230200,1729.2,20230200,1715.8,20221200
2022-10-05 16:00:00,1731.2,20230200,1731.2,20230200,1717.7,20221200
2022-10-05 17:00:00,1731.7,20230200,1731.7,20230200,1717.5,20221200
2022-10-05 18:00:00,1734.7,20230200,1734.7,20230200,1721.7,20221200
2022-10-05 19:00:00,1738.9,20230200,1738.9,20230200,1726.3,20221200
2022-10-05 20:00:00,1739.0,20230200,1739.0,20230200,1725.3,20221200
2022-10-05 21:00:00,1738.5,20230200,1738.5,20230200,1725.2,20221200
2022-10-05 23:00:00,1738.5,20230200,1738.5,20230200,1725.2,20221200
2022-10-06 14:30:00,1732.3,20230200,1732.3,20230200,1722.0,20221200
2022-10-06 15:00:00,1733.2,20230200,1733.2,20230200,1720.1,20221200
2022-10-06 16:00:00,1730.1,20230200,1730.1,20230200,1716.3,20221200
2022-10-06 17:00:00,1733.4,20230200,1733.4,20230200,1720.2,20221200
2022-10-06 18:00:00,1732.6,20230200,1732.6,20230200,1720.5,20221200
2022-10-06 19:00:00,1733.3,20230200,1733.3,20230200,1719.7,20221200
2022-10-06 20:00:00,1736.0,20230200,1736.0,20230200,1722.7,20221200
2022-10-06 21:00:00,1735.8,20230200,1735.8,20230200,1721.4,20221200
2022-10-06 23:00:00,1735.8,20230200,1735.8,20230200,1721.4,20221200
2022-10-07 14:30:00,1720.0,20230200,1720.0,20230200,1705.8,20221200
2022-10-07 15:00:00,1724.7,20230200,1724.7,20230200,1709.7,20221200
2022-10-07 16:00:00,1724.8,20230200,1724.8,20230200,1710.8,20221200
2022-10-07 17:00:00,1721.5,20230200,1721.5,20230200,1707.4,20221200
2022-10-07 18:00:00,1722.0,20230200,1722.0,20230200,1708.4,20221200
2022-10-07 19:00:00,1718.0,20230200,1718.0,20230200,1704.3,20221200
2022-10-07 20:00:00,1716.1,20230200,1716.1,20230200,1703.2,20221200
2022-10-07 21:00:00,1716.1,20230200,1716.1,20230200,1701.8,20221200
2022-10-07 23:00:00,1716.1,20230200,1716.1,20230200,1701.8,20221200
2022-10-10 14:30:00,1697.4,20230200,1697.4,20230200,1684.0,20221200
2022-10-10 15:00:00,1688.2,20230200,1688.2,20230200,1674.7,20221200
2022-10-10 16:00:00,1687.3,20230200,1687.3,20230200,1673.9,20221200
2022-10-10 17:00:00,1688.0,20230200,1688.0,20230200,1674.9,20221200
2022-10-10 18:00:00,1692.0,20230200,1692.0,20230200,1677.9,20221200
2022-10-10 19:00:00,1690.1,20230200,1690.1,20230200,1676.8,20221200
2022-10-10 20:00:00,1688.5,20230200,1688.5,20230200,1676.0,20221200
2022-10-10 21:00:00,1688.4,20230200,1688.4,20230200,1675.9,20221200
2022-10-10 23:00:00,1688.4,20230200,1688.4,20230200,1675.9,20221200
2022-10-11 14:30:00,1688.0,20230200,1688.0,20230200,1674.2,20221200
2022-10-11 15:00:00,1690.0,20230200,1690.0,20230200,1676.5,20221200
2022-10-11 16:00:00,1702.0,20230200,1702.0,20230200,1689.1,20221200
2022-10-11 17:00:00,1701.7,20230200,1701.7,20230200,1687.9,20221200
2022-10-11 18:00:00,1699.9,20230200,1699.9,20230200,1686.0,20221200
2022-10-11 19:00:00,1687.8,20230200,1687.8,20230200,1674.6,20221200
2022-10-11 20:00:00,1687.3,20230200,1687.3,20230200,1673.3,20221200
2022-10-11 21:00:00,1686.6,20230200,1686.6,20230200,1673.1,20221200
2022-10-11 23:00:00,1686.6,20230200,1686.6,20230200,1673.1,20221200
2022-10-12 14:30:00,1692.2,20230200,1692.2,20230200,1677.9,20221200
2022-10-12 15:00:00,1692.0,20230200,1692.0,20230200,1677.0,20221200
2022-10-12 16:00:00,1689.7,20230200,1689.7,20230200,1676.2,20221200
2022-10-12 17:00:00,1690.0,20230200,1690.0,20230200,1676.7,20221200
2022-10-12 18:00:00,1690.9,20230200,1690.9,20230200,1677.6,20221200
2022-10-12 19:00:00,1693.0,20230200,1693.0,20230200,1679.5,20221200
2022-10-12 20:00:00,1696.0,20230200,1696.0,20230200,1682.4,20221200
2022-10-12 21:00:00,1693.7,20230200,1693.7,20230200,1680.0,20221200
2022-10-12 23:00:00,1693.7,20230200,1693.7,20230200,1680.0,20221200
2022-10-13 14:30:00,1666.0,20230200,1666.0,20230200,1655.0,20221200
2022-10-13 15:00:00,1670.0,20230200,1670.0,20230200,1655.0,20221200
2022-10-13 16:00:00,1686.6,20230200,1686.6,20230200,1672.3,20221200
2022-10-13 17:00:00,1686.1,20230200,1686.1,20230200,1672.1,20221200
2022-10-13 18:00:00,1691.5,20230200,1691.5,20230200,1678.1,20221200
2022-10-13 19:00:00,1689.6,20230200,1689.6,20230200,1675.4,20221200
2022-10-13 20:00:00,1684.0,20230200,1684.0,20230200,1670.5,20221200
2022-10-13 21:00:00,1686.2,20230200,1686.2,20230200,1672.8,20221200
2022-10-13 23:00:00,1686.2,20230200,1686.2,20230200,1672.8,20221200
2022-10-14 14:30:00,1670.0,20230200,1670.0,20230200,1656.5,20221200
2022-10-14 15:00:00,1668.7,20230200,1668.7,20230200,1654.8,20221200
2022-10-14 16:00:00,1665.2,20230200,1665.2,20230200,1650.3,20221200
2022-10-14 17:00:00,1664.4,20230200,1664.4,20230200,1649.4,20221200
2022-10-14 18:00:00,1664.2,20230200,1664.2,20230200,1650.6,20221200
2022-10-14 19:00:00,1662.5,20230200,1662.5,20230200,1647.7,20221200
2022-10-14 20:00:00,1661.7,20230200,1661.7,20230200,1648.7,20221200
2022-10-14 21:00:00,1663.5,20230200,1663.5,20230200,1649.8,20221200
2022-10-14 23:00:00,1663.5,20230200,1663.5,20230200,1649.8,20221200
2022-10-17 14:30:00,1684.3,20230200,1684.3,20230200,1670.9,20221200
2022-10-17 15:00:00,1681.3,20230200,1681.3,20230200,1667.7,20221200
2022-10-17 16:00:00,1682.6,20230200,1682.6,20230200,1669.3,20221200
2022-10-17 17:00:00,1678.0,20230200,1678.0,20230200,1663.4,20221200
2022-10-17 18:00:00,1672.1,20230200,1672.1,20230200,1658.8,20221200
2022-10-17 19:00:00,1671.2,20230200,1671.2,20230200,1657.4,20221200
2022-10-17 20:00:00,1666.7,20230200,1666.7,20230200,1653.7,20221200
2022-10-17 21:00:00,1669.8,20230200,1669.8,20230200,1655.7,20221200
2022-10-17 23:00:00,1669.8,20230200,1669.8,20230200,1655.7,20221200
2022-10-18 14:30:00,1671.3,20230200,1671.3,20230200,1657.2,20221200
2022-10-18 15:00:00,1671.0,20230200,1671.0,20230200,1657.7,20221200
2022-10-18 16:00:00,1669.1,20230200,1669.1,20230200,1654.6,20221200
2022-10-18 17:00:00,1670.0,20230200,1670.0,20230200,1655.4,20221200
2022-10-18 18:00:00,1668.2,20230200,1668.2,20230200,1657.1,20221200
2022-10-18 19:00:00,1668.2,20230200,1668.2,20230200,1656.4,20221200
2022-10-18 20:00:00,1670.2,20230200,1670.2,20230200,1656.8,20221200
2022-10-18 21:00:00,1671.5,20230200,1671.5,20230200,1657.5,20221200
2022-10-18 23:00:00,1671.5,20230200,1671.5,20230200,1657.5,20221200
2022-10-19 14:30:00,1652.4,20230200,1652.4,20230200,1638.0,20221200
2022-10-19 15:00:00,1652.3,20230200,1652.3,20230200,1638.7,20221200
2022-10-19 16:00:00,1649.0,20230200,1649.0,20230200,1635.2,20221200
2022-10-19 17:00:00,1647.0,20230200,1647.0,20230200,1634.1,20221200
2022-10-19 18:00:00,1646.2,20230200,1646.2,20230200,1633.2,20221200
2022-10-19 19:00:00,1647.3,20230200,1647.3,20230200,1633.7,20221200
2022-10-19 20:00:00,1647.4,20230200,1647.4,20230200,1634.5,20221200
2022-10-19 21:00:00,1647.4,20230200,1647.4,20230200,1634.0,20221200
2022-10-19 23:00:00,1647.4,20230200,1647.4,20230200,1634.0,20221200
2022-10-20 14:30:00,1652.0,20230200,1652.0,20230200,1637.1,20221200
2022-10-20 15:00:00,1663.0,20230200,1663.0,20230200,1649.4,20221200
2022-10-20 16:00:00,1659.7,20230200,1659.7,20230200,1645.8,20221200
2022-10-20 17:00:00,1655.0,20230200,1655.0,20230200,1640.6,20221200
2022-10-20 18:00:00,1648.5,20230200,1648.5,20230200,1635.2,20221200
2022-10-20 19:00:00,1646.7,20230200,1646.7,20230200,1633.1,20221200
2022-10-20 20:00:00,1646.0,20230200,1646.0,20230200,1632.0,20221200
2022-10-20 21:00:00,1645.8,20230200,1645.8,20230200,1632.5,20221200
2022-10-20 23:00:00,1645.8,20230200,1645.8,20230200,1632.5,20221200
2022-10-21 14:30:00,1661.3,20230200,1661.3,20230200,1647.2,20221200
2022-10-21 15:00:00,1659.0,20230200,1659.0,20230200,1643.8,20221200
2022-10-21 16:00:00,1668.9,20230200,1668.9,20230200,1655.8,20221200
2022-10-21 17:00:00,1670.0,20230200,1670.0,20230200,1656.2,20221200
2022-10-21 18:00:00,1670.7,20230200,1670.7,20230200,1656.5,20221200
2022-10-21 19:00:00,1672.7,20230200,1672.7,20230200,1659.3,20221200
2022-10-21 20:00:00,1673.7,20230200,1673.7,20230200,1660.2,20221200
2022-10-21 21:00:00,1676.4,20230200,1676.4,20230200,1662.2,20221200
2022-10-21 23:00:00,1676.4,20230200,1676.4,20230200,1662.2,20221200
2022-10-24 14:30:00,1669.4,20230200,1669.4,20230200,1655.6,20221200
2022-10-24 15:00:00,1665.5,20230200,1665.5,20230200,1652.4,20221200
2022-10-24 16:00:00,1669.4,20230200,1669.4,20230200,1656.2,20221200
2022-10-24 17:00:00,1669.0,20230200,1669.0,20230200,1654.9,20221200
2022-10-24 18:00:00,1669.0,20230200,1669.0,20230200,1653.8,20221200
2022-10-24 19:00:00,1666.8,20230200,1666.8,20230200,1653.7,20221200
2022-10-24 20:00:00,1668.0,20230200,1668.0,20230200,1654.8,20221200
2022-10-24 21:00:00,1668.4,20230200,1668.4,20230200,1654.2,20221200
2022-10-24 23:00:00,1668.4,20230200,1668.4,20230200,1654.2,20221200
2022-10-25 14:30:00,1678.3,20230200,1678.3,20230200,1663.4,20221200
2022-10-25 15:00:00,1673.4,20230200,1673.4,20230200,1659.6,20221200
2022-10-25 16:00:00,1675.9,20230200,1675.9,20230200,1660.2,20221200
2022-10-25 17:00:00,1671.3,20230200,1671.3,20230200,1657.4,20221200
2022-10-25 18:00:00,1674.1,20230200,1674.1,20230200,1660.0,20221200
2022-10-25 19:00:00,1675.0,20230200,1675.0,20230200,1661.2,20221200
2022-10-25 20:00:00,1672.4,20230200,1672.4,20230200,1658.4,20221200
2022-10-25 21:00:00,1671.5,20230200,1671.5,20230200,1657.1,20221200
2022-10-25 23:00:00,1671.5,20230200,1671.5,20230200,1657.1,20221200
2022-10-26 14:30:00,1684.7,20230200,1684.7,20230200,1668.6,20221200
2022-10-26 15:00:00,1686.0,20230200,1686.0,20230200,1671.0,20221200
2022-10-26 16:00:00,1684.6,20230200,1684.6,20230200,1671.5,20221200
2022-10-26 17:00:00,1686.5,20230200,1686.5,20230200,1670.9,20221200
2022-10-26 18:00:00,1683.6,20230200,1683.6,20230200,1670.2,20221200
2022-10-26 19:00:00,1684.5,20230200,1684.5,20230200,1670.6,20221200
2022-10-26 20:00:00,1682.7,20230200,1682.7,20230200,1668.9,20221200
2022-10-26 21:00:00,1682.4,20230200,1682.4,20230200,1668.6,20221200
2022-10-26 23:00:00,1682.4,20230200,1682.4,20230200,1668.6,20221200
2022-10-27 14:30:00,1676.8,20230200,1676.8,20230200,1662.1,20221200
2022-10-27 15:00:00,1681.0,20230200,1681.0,20230200,1666.4,20221200
2022-10-27 16:00:00,1679.7,20230200,1679.7,20230200,1665.2,20221200
2022-10-27 17:00:00,1676.0,20230200,1676.0,20230200,1662.0,20221200
2022-10-27 18:00:00,1678.5,20230200,1678.5,20230200,1664.1,20221200
2022-10-27 19:00:00,1678.1,20230200,1678.1,20230200,1663.0,20221200
2022-10-27 20:00:00,1680.0,20230200,1680.0,20230200,1666.7,20221200
2022-10-27 21:00:00,1682.0,20230200,1682.0,20230200,1667.5,20221200
2022-10-27 23:00:00,1682.0,20230200,1682.0,20230200,1667.5,20221200
2022-10-28 14:30:00,1664.2,20230200,1664.2,20230200,1650.1,20221200
2022-10-28 15:00:00,1658.4,20230200,1658.4,20230200,1645.6,20221200
2022-10-28 16:00:00,1658.4,20230200,1658.4,20230200,1642.6,20221200
2022-10-28 17:00:00,1660.1,20230200,1660.1,20230200,1645.9,20221200
2022-10-28 18:00:00,1659.2,20230200,1659.2,20230200,1644.5,20221200
2022-10-28 19:00:00,1659.4,20230200,1659.4,20230200,1646.7,20221200
2022-10-28 20:00:00,1662.2,20230200,1662.2,20230200,1648.6,20221200
2022-10-28 21:00:00,1661.9,20230200,1661.9,20230200,1647.9,20221200
2022-10-28 23:00:00,1661.9,20230200,1661.9,20230200,1647.9,20221200
2022-10-31 13:30:00,1655.2,20230200,1655.2,20230200,1640.3,20221200
2022-10-31 14:00:00,1659.1,20230200,1659.1,20230200,1644.1,20221200
2022-10-31 15:00:00,1656.0,20230200,1656.0,20230200,1642.1,20221200
2022-10-31 16:00:00,1654.0,20230200,1654.0,20230200,1639.7,20221200
2022-10-31 17:00:00,1652.5,20230200,1652.5,20230200,1638.5,20221200
2022-10-31 18:00:00,1652.0,20230200,1652.0,20230200,1637.6,20221200
2022-10-31 19:00:00,1648.9,20230200,1648.9,20230200,1635.2,20221200
2022-10-31 20:00:00,1649.7,20230200,1649.7,20230200,1635.8,20221200
2022-10-31 23:00:00,1650.0,20230200,1650.0,20230200,1636.4,20221200
2022-11-01 13:30:00,1668.0,20230200,1668.0,20230200,1653.9,20221200
2022-11-01 14:00:00,1662.4,20230200,1662.4,20230200,1648.4,20221200
2022-11-01 15:00:00,1661.0,20230200,1661.0,20230200,1647.3,20221200
2022-11-01 16:00:00,1663.1,20230200,1663.1,20230200,1648.0,20221200
2022-11-01 17:00:00,1663.8,20230200,1663.8,20230200,1652.2,20221200
2022-11-01 18:00:00,1667.0,20230200,1667.0,20230200,1653.0,20221200
2022-11-01 19:00:00,1664.7,20230200,1664.7,20230200,1651.1,20221200
2022-11-01 20:00:00,1664.0,20230200,1664.0,20230200,1650.9,20221200
2022-11-01 23:00:00,1664.0,20230200,1664.0,20230200,1650.9,20221200
2022-11-02 13:30:00,1670.0,20230200,1670.0,20230200,1656.3,20221200
2022-11-02 14:00:00,1665.7,20230200,1665.7,20230200,1652.3,20221200
2022-11-02 15:00:00,1662.8,20230200,1662.8,20230200,1649.6,20221200
2022-11-02 16:00:00,1664.6,20230200,1664.6,20230200,1650.7,20221200
2022-11-02 17:00:00,1666.4,20230200,1666.4,20230200,1652.3,20221200
2022-11-02 18:00:00,1666.7,20230200,1666.7,20230200,1652.5,20221200
2022-11-02 19:00:00,1654.1,20230200,1654.1,20230200,1640.3,20221200
2022-11-02 20:00:00,1651.8,20230200,1651.8,20230200,1638.0,20221200
2022-11-02 23:00:00,1651.8,20230200,1651.8,20230200,1638.0,20221200
2022-11-03 13:30:00,1635.0,20230200,1635.0,20230200,1621.9,20221200
2022-11-03 14:00:00,1647.2,20230200,1647.2,20230200,1633.3,20221200
2022-11-03 15:00:00,1642.6,20230200,1642.6,20230200,1628.4,20221200
2022-11-03 16:00:00,1642.8,20230200,1642.8,20230200,1629.7,20221200
2022-11-03 17:00:00,1646.6,20230200,1646.6,20230200,1631.9,20221200
2022-11-03 18:00:00,1647.0,20230200,1647.0,20230200,1633.5,20221200
2022-11-03 19:00:00,1647.4,20230200,1647.4,20230200,1633.3,20221200
2022-11-03 20:00:00,1647.4,20230200,1647.4,20230200,1632.8,20221200
2022-11-03 23:00:00,1645.8,20230200,1645.8,20230200,1632.3,20221200
2022-11-04 13:30:00,1684.6,20230200,1684.6,20230200,1670.4,20221200
2022-11-04 14:00:00,1690.2,20230200,1690.2,20230200,1676.5,20221200
2022-11-04 15:00:00,1688.0,20230200,1688.0,20230200,1674.1,20221200
2022-11-04 16:00:00,1690.4,20230200,1690.4,20230200,1676.5,20221200
2022-11-04 17:00:00,1691.6,20230200,1691.6,20230200,1677.8,20221200
2022-11-04 18:00:00,1698.8,20230200,1698.8,20230200,1684.3,20221200
2022-11-04 19:00:00,1698.3,20230200,1698.3,20230200,1684.6,20221200
2022-11-04 20:00:00,1698.2,20230200,1698.2,20230200,1683.5,20221200
2022-11-04 23:00:00,1699.3,20230200,1699.3,20230200,1685.1,20221200
2022-11-07 14:30:00,1697.0,20230200,1697.0,20230200,1683.1,20221200
2022-11-07 15:00:00,1695.2,20230200,1695.2,20230200,1682.1,20221200
2022-11-07 16:00:00,1694.3,20230200,1694.3,20230200,1681.6,20221200
2022-11-07 17:00:00,1694.3,20230200,1694.3,20230200,1680.2,20221200
2022-11-07 18:00:00,1693.5,20230200,1693.5,20230200,1679.8,20221200
2022-11-07 19:00:00,1693.0,20230200,1693.0,20230200,1678.7,20221200
2022-11-07 20:00:00,1692.8,20230200,1692.8,20230200,1679.3,20221200
2022-11-07 21:00:00,1691.3,20230200,1691.3,20230200,1678.7,20221200
2022-11-07 23:00:00,1691.3,20230200,1691.3,20230200,1678.7,20221200
2022-11-08 14:30:00,1695.9,20230200,1695.9,20230200,1681.9,20221200
2022-11-08 15:00:00,1730.4,20230200,1730.4,20230200,1716.1,20221200
2022-11-08 16:00:00,1732.6,20230200,1732.6,20230200,1718.6,20221200
2022-11-08 17:00:00,1732.6,20230200,1732.6,20230200,1718.6,20221200
2022-11-08 18:00:00,1730.9,20230200,1730.9,20230200,1716.5,20221200
2022-11-08 19:00:00,1729.0,20230200,1729.0,20230200,1715.2,20221200
2022-11-08 20:00:00,1729.5,20230200,1729.5,20230200,1715.7,20221200
2022-11-08 21:00:00,1730.1,20230200,1730.1,20230200,1716.0,20221200
2022-11-08 23:00:00,1730.1,20230200,1730.1,20230200,1716.0,20221200
2022-11-09 14:30:00,1729.2,20230200,1729.2,20230200,1714.8,20221200
2022-11-09 15:00:00,1727.0,20230200,1727.0,20230200,1714.6,20221200
2022-11-09 16:00:00,1730.6,20230200,1730.6,20230200,1715.9,20221200
2022-11-09 17:00:00,1728.3,20230200,1728.3,20230200,1715.9,20221200
2022-11-09 18:00:00,1722.2,20230200,1722.2,20230200,1708.5,20221200
2022-11-09 19:00:00,1721.0,20230200,1721.0,20230200,1706.2,20221200
2022-11-09 20:00:00,1722.0,20230200,1722.0,20230200,1707.8,20221200
2022-11-09 21:00:00,1722.2,20230200,1722.2,20230200,1709.7,20221200
2022-11-09 23:00:00,1722.2,20230200,1722.2,20230200,1709.7,20221200
2022-11-10 14:30:00,1760.3,20230200,1760.3,20230200,1747.6,20221200
2022-11-10 15:00:00,1768.0,20230200,1768.0,20230200,1754.5,20221200
2022-11-10 16:00:00,1767.3,20230200,1767.3,20230200,1753.5,20221200
2022-11-10 17:00:00,1765.5,20230200,1765.5,20230200,1751.3,20221200
2022-11-10 18:00:00,1768.0,20230200,1768.0,20230200,1754.3,20221200
2022-11-10 19:00:00,1772.0,20230200,1772.0,20230200,1757.6,20221200
2022-11-10 20:00:00,1770.4,20230200,1770.4,20230200,1756.6,20221200
2022-11-10 21:00:00,1773.0,20230200,1773.0,20230200,1759.1,20221200
2022-11-10 23:00:00,1773.0,20230200,1773.0,20230200,1759.1,20221200
2022-11-11 14:30:00,1778.2,20230200,1778.2,20230200,1764.1,20221200
2022-11-11 15:00:00,1781.0,20230200,1781.0,20230200,1766.9,20221200
2022-11-11 16:00:00,1780.8,20230200,1780.8,20230200,1766.8,20221200
2022-11-11 17:00:00,1782.4,20230200,1782.4,20230200,1767.7,20221200
2022-11-11 18:00:00,1781.6,20230200,1781.6,20230200,1768.6,20221200
2022-11-11 19:00:00,1785.3,20230200,1785.3,20230200,1771.4,20221200
2022-11-11 20:00:00,1783.4,20230200,1783.4,20230200,1769.1,20221200
2022-11-11 21:00:00,1786.4,20230200,1786.4,20230200,1773.8,20221200
2022-11-11 23:00:00,1786.4,20230200,1786.4,20230200,1773.8,20221200
2022-11-14 14:30:00,1787.3,20230200,1787.3,20230200,1772.7,20221200
2022-11-14 15:00:00,1788.3,20230200,1788.3,20230200,1774.9,20221200
2022-11-14 16:00:00,1786.8,20230200,1786.8,20230200,1773.0,20221200
2022-11-14 17:00:00,1788.0,20230200,1788.0,20230200,1774.4,20221200
2022-11-14 18:00:00,1790.8,20230200,1790.8,20230200,1777.0,20221200
2022-11-14 19:00:00,1790.3,20230200,1790.3,20230200,1776.6,20221200
2022-11-14 20:00:00,1790.6,20230200,1790.6,20230200,1776.7,20221200
2022-11-14 20:00:01,1806.5,20230400,1806.5,20230400,1790.6,20230200
2022-11-14 21:00:00,1803.5,20230400,1803.5,20230400,1789.0,20230200
2022-11-14 23:00:00,1803.5,20230400,1803.5,20230400,1789.0,20230200
2022-11-15 14:30:00,1803.0,20230400,1803.0,20230400,1790.6,20230200
2022-11-15 15:00:00,1802.3,20230400,1802.3,20230400,1789.5,20230200
2022-11-15 16:00:00,1802.3,20230400,1802.3,20230400,1788.3,20230200
2022-11-15 17:00:00,1802.8,20230400,1802.8,20230400,1789.3,20230200
2022-11-15 18:00:00,1810.8,20230400,1810.8,20230400,1796.6,20230200
2022-11-15 19:00:00,1812.5,20230400,1812.5,20230400,1797.1,20230200
2022-11-15 20:00:00,1811.4,20230400,1811.4,20230400,1795.7,20230200
2022-11-15 21:00:00,1812.0,20230400,1812.0,20230400,1797.0,20230200
2022-11-15 23:00:00,1812.0,20230400,1812.0,20230400,1797.0,20230200
2022-11-16 14:30:00,1806.5,20230400,1806.5,20230400,1793.1,20230200
2022-11-16 15:00:00,1811.5,20230400,1811.5,20230400,1797.7,20230200
2022-11-16 16:00:00,1808.0,20230400,1808.0,20230400,1793.2,20230200
2022-11-16 17:00:00,1807.4,20230400,1807.4,20230400,1792.8,20230200
2022-11-16 18:00:00,1807.4,20230400,1807.4,20230400,1790.8,20230200
2022-11-16 19:00:00,1807.6,20230400,1807.6,20230400,1792.0,20230200
2022-11-16 20:00:00,1806.6,20230400,1806.6,20230400,1792.2,20230200
2022-11-16 21:00:00,1806.6,20230400,1806.6,20230400,1792.5,20230200
2022-11-16 23:00:00,1806.6,20230400,1806.6,20230400,1792.5,20230200
2022-11-17 14:30:00,1792.5,20230400,1792.5,20230400,1776.1,20230200
2022-11-17 15:00:00,1794.4,20230400,1794.4,20230400,1776.8,20230200
2022-11-17 16:00:00,1790.2,20230400,1790.2,20230400,1775.2,20230200
2022-11-17 17:00:00,1793.2,20230400,1793.2,20230400,1777.7,20230200
2022-11-17 18:00:00,1794.4,20230400,1794.4,20230400,1777.8,20230200
2022-11-17 19:00:00,1794.4,20230400,1794.4,20230400,1777.8,20230200
2022-11-17 20:00:00,1792.8,20230400,1792.8,20230400,1777.4,20230200
2022-11-17 21:00:00,1792.7,20230400,1792.7,20230400,1778.0,20230200
2022-11-17 23:00:00,1792.7,20230400,1792.7,20230400,1778.0,20230200
2022-11-18 14:30:00,1783.0,20230400,1783.0,20230400,1769.3,20230200
2022-11-18 15:00:00,1787.1,20230400,1787.1,20230400,1774.0,20230200
2022-11-18 16:00:00,1787.0,20230400,1787.0,20230400,1770.8,20230200
2022-11-18 17:00:00,1783.0,20230400,1783.0,20230400,1768.4,20230200
2022-11-18 18:00:00,1783.3,20230400,1783.3,20230400,1765.6,20230200
2022-11-18 19:00:00,1779.8,20230400,1779.8,20230400,1765.1,20230200
2022-11-18 20:00:00,1780.9,20230400,1780.9,20230400,1765.9,20230200
2022-11-18 21:00:00,1782.2,20230400,1782.2,20230400,1767.0,20230200
2022-11-18 23:00:00,1782.2,20230400,1782.2,20230400,1767.0,20230200
2022-11-21 14:30:00,1773.0,20230400,1773.0,20230400,1757.3,20230200
2022-11-21 15:00:00,1767.9,20230400,1767.9,20230400,1753.0,20230200
2022-11-21 16:00:00,1764.8,20230400,1764.8,20230400,1749.0,20230200
2022-11-21 17:00:00,1767.8,20230400,1767.8,20230400,1753.4,20230200
2022-11-21 18:00:00,1769.1,20230400,1769.1,20230400,1753.7,20230200
2022-11-21 19:00:00,1769.1,20230400,1769.1,20230400,1751.8,20230200
2022-11-21 20:00:00,1769.3,20230400,1769.3,20230400,1754.5,20230200
2022-11-21 21:00:00,1769.3,20230400,1769.3,20230400,1755.0,20230200
2022-11-21 23:00:00,1769.3,20230400,1769.3,20230400,1755.0,20230200
2022-11-22 14:30:00,1777.3,20230400,1777.3,20230400,1759.0,20230200
2022-11-22 15:00:00,1773.2,20230400,1773.2,20230400,1757.5,20230200
2022-11-22 16:00:00,1772.7,20230400,1772.7,20230400,1757.7,20230200
2022-11-22 17:00:00,1769.7,20230400,1769.7,20230400,1754.7,20230200
2022-11-22 18:00:00,1768.2,20230400,1768.2,20230400,1754.2,20230200
2022-11-22 19:00:00,1768.6,20230400,1768.6,20230400,1753.6,20230200
2022-11-22 20:00:00,1768.7,20230400,1768.7,20230400,1754.0,20230200
2022-11-22 21:00:00,1768.7,20230400,1768.7,20230400,1755.6,20230200
2022-11-22 23:00:00,1771.0,20230400,1771.0,20230400,1755.6,20230200
2022-11-23 14:30:00,1773.5,20230400,1773.5,20230400,1758.3,20230200
2022-11-23 15:00:00,1772.0,20230400,1772.0,20230400,1758.9,20230200
2022-11-23 16:00:00,1773.6,20230400,1773.6,20230400,1757.6,20230200
2022-11-23 17:00:00,1773.9,20230400,1773.9,20230400,1758.9,20230200
2022-11-23 18:00:00,1774.5,20230400,1774.5,20230400,1761.9,20230200
2022-11-23 19:00:00,1781.9,20230400,1781.9,20230400,1767.6,20230200
2022-11-23 20:00:00,1781.7,20230400,1781.7,20230400,1767.0,20230200
2022-11-23 21:00:00,1781.7,20230400,1781.7,20230400,1765.4,20230200
2022-11-23 23:00:00,1781.7,20230400,1781.7,20230400,1765.4,20230200
2022-11-25 14:30:00,1782.1,20230400,1782.1,20230400,1766.6,20230200
2022-11-25 15:00:00,1780.1,20230400,1780.1,20230400,1765.1,20230200
2022-11-25 16:00:00,1781.0,20230400,1781.0,20230400,1765.8,20230200
2022-11-25 17:00:00,1782.7,20230400,1782.7,20230400,1768.2,20230200
2022-11-25 18:00:00,1782.7,20230400,1782.7,20230400,1770.0,20230200
2022-11-25 23:00:00,1782.7,20230400,1782.7,20230400,1770.0,20230200
2022-11-28 14:30:00,1777.0,20230400,1777.0,20230400,1763.0,20230200
2022-11-28 15:00:00,1774.1,20230400,1774.1,20230400,1759.6,20230200
2022-11-28 16:00:00,1774.4,20230400,1774.4,20230400,1759.0,20230200
2022-11-28 17:00:00,1773.4,20230400,1773.4,20230400,1756.7,20230200
2022-11-28 18:00:00,1770.0,20230400,1770.0,20230400,1754.7,20230200
2022-11-28 19:00:00,1768.8,20230400,1768.8,20230400,1754.1,20230200
2022-11-28 20:00:00,1768.8,20230400,1768.8,20230400,1755.8,20230200
2022-11-28 21:00:00,1770.6,20230400,1770.6,20230400,1755.8,20230200
2022-11-28 23:00:00,1770.6,20230400,1770.6,20230400,1755.8,20230200
2022-11-29 14:30:00,1781.9,20230400,1781.9,20230400,1765.1,20230200
2022-11-29 15:00:00,1785.5,20230400,1785.5,20230400,1769.2,20230200
2022-11-29 16:00:00,1779.5,20230400,1779.5,20230400,1765.4,20230200
2022-11-29 17:00:00,1780.0,20230400,1780.0,20230400,1764.8,20230200
2022-11-29 18:00:00,1778.4,20230400,1778.4,20230400,1765.4,20230200
2022-11-29 19:00:00,1778.5,20230400,1778.5,20230400,1764.2,20230200
2022-11-29 20:00:00,1778.3,20230400,1778.3,20230400,1763.3,20230200
2022-11-29 21:00:00,1778.1,20230400,1778.1,20230400,1763.2,20230200
2022-11-29 23:00:00,1778.1,20230400,1778.1,20230400,1763.2,20230200
2022-11-30 14:30:00,1784.5,20230400,1784.5,20230400,1770.1,20230200
2022-11-30 15:00:00,1779.0,20230400,1779.0,20230400,1766.4,20230200
2022-11-30 16:00:00,1781.7,20230400,1781.7,20230400,1766.1,20230200
2022-11-30 17:00:00,1782.1,20230400,1782.1,20230400,1766.7,20230200
2022-11-30 18:00:00,1790.0,20230400,1790.0,20230400,1774.3,20230200
2022-11-30 19:00:00,1795.9,20230400,1795.9,20230400,1782.1,20230200
2022-11-30 20:00:00,1798.8,20230400,1798.8,20230400,1784.2,20230200
2022-11-30 21:00:00,1797.6,20230400,1797.6,20230400,1783.9,20230200
2022-11-30 23:00:00,1797.6,20230400,1797.6,20230400,1782.9,20230200
2022-12-01 14:30:00,1830.7,20230400,1830.7,20230400,1816.0,20230200
2022-12-01 15:00:00,1824.7,20230400,1824.7,20230400,1810.3,20230200
2022-12-01 16:00:00,1831.0,20230400,1831.0,20230400,1816.5,20230200
2022-12-01 17:00:00,1831.0,20230400,1831.0,20230400,1815.9,20230200
2022-12-01 18:00:00,1830.6,20230400,1830.6,20230400,1815.7,20230200
2022-12-01 19:00:00,1832.3,20230400,1832.3,20230400,1817.6,20230200
2022-12-01 20:00:00,1832.6,20230400,1832.6,20230400,1817.4,20230200
2022-12-01 21:00:00,1832.1,20230400,1832.1,20230400,1817.3,20230200
2022-12-01 23:00:00,1832.1,20230400,1832.1,20230400,1817.3,20230200
2022-12-02 14:30:00,1813.1,20230400,1813.1,20230400,1799.2,20230200
2022-12-02 15:00:00,1814.8,20230400,1814.8,20230400,1799.4,20230200
2022-12-02 16:00:00,1823.0,20230400,1823.0,20230400,1809.3,20230200
2022-12-02 17:00:00,1824.2,20230400,1824.2,20230400,1809.1,20230200
2022-12-02 18:00:00,1824.3,20230400,1824.3,20230400,1809.4,20230200
2022-12-02 19:00:00,1827.4,20230400,1827.4,20230400,1812.4,20230200
2022-12-02 20:00:00,1826.9,20230400,1826.9,20230400,1811.4,20230200
2022-12-02 21:00:00,1826.6,20230400,1826.6,20230400,1811.5,20230200
2022-12-02 23:00:00,1826.8,20230400,1826.8,20230400,1811.2,20230200
2022-12-05 14:30:00,1812.9,20230400,1812.9,20230400,1796.7,20230200
2022-12-05 15:00:00,1805.6,20230400,1805.6,20230400,1790.5,20230200
2022-12-05 16:00:00,1800.3,20230400,1800.3,20230400,1786.0,20230200
2022-12-05 17:00:00,1797.5,20230400,1797.5,20230400,1782.4,20230200
2022-12-05 18:00:00,1794.3,20230400,1794.3,20230400,1779.2,20230200
2022-12-05 19:00:00,1793.5,20230400,1793.5,20230400,1779.1,20230200
2022-12-05 20:00:00,1795.0,20230400,1795.0,20230400,1779.5,20230200
2022-12-05 21:00:00,1796.6,20230400,1796.6,20230400,1781.4,20230200
2022-12-05 23:00:00,1796.6,20230400,1796.6,20230400,1781.4,20230200
2022-12-06 14:30:00,1805.2,20230400,1805.2,20230400,1786.5,20230200
2022-12-06 15:00:00,1800.5,20230400,1800.5,20230400,1784.9,20230200
2022-12-06 16:00:00,1800.0,20230400,1800.0,20230400,1784.5,20230200
2022-12-06 17:00:00,1799.8,20230400,1799.8,20230400,1783.8,20230200
2022-12-06 18:00:00,1794.9,20230400,1794.9,20230400,1780.0,20230200
2022-12-06 19:00:00,1797.6,20230400,1797.6,20230400,1782.4,20230200
2022-12-06 20:00:00,1798.2,20230400,1798.2,20230400,1783.8,20230200
2022-12-06 21:00:00,1798.9,20230400,1798.9,20230400,1783.4,20230200
2022-12-06 23:00:00,1798.9,20230400,1798.9,20230400,1783.4,20230200
2022-12-07 14:30:00,1811.4,20230400,1811.4,20230400,1795.8,20230200
2022-12-07 15:00:00,1808.5,20230400,1808.5,20230400,1792.9,20230200
2022-12-07 16:00:00,1808.6,20230400,1808.6,20230400,1794.4,20230200
2022-12-07 17:00:00,1809.8,20230400,1809.8,20230400,1795.3,20230200
2022-12-07 18:00:00,1816.2,20230400,1816.2,20230400,1800.7,20230200
2022-12-07 19:00:00,1817.7,20230400,1817.7,20230400,1802.7,20230200
2022-12-07 20:00:00,1814.8,20230400,1814.8,20230400,1799.8,20230200
2022-12-07 21:00:00,1814.0,20230400,1814.0,20230400,1798.8,20230200
2022-12-07 23:00:00,1814.0,20230400,1814.0,20230400,1798.8,20230200
2022-12-08 14:30:00,1819.4,20230400,1819.4,20230400,1804.5,20230200
2022-12-08 15:00:00,1818.4,20230400,1818.4,20230400,1802.2,20230200
2022-12-08 16:00:00,1817.4,20230400,1817.4,20230400,1801.6,20230200
2022-12-08 17:00:00,1815.1,20230400,1815.1,20230400,1799.5,20230200
2022-12-08 18:00:00,1817.0,20230400,1817.0,20230400,1801.9,20230200
2022-12-08 19:00:00,1817.1,20230400,1817.1,20230400,1801.7,20230200
2022-12-08 20:00:00,1815.5,20230400,1815.5,20230400,1800.8,20230200
2022-12-08 21:00:00,1816.8,20230400,1816.8,20230400,1801.2,20230200
2022-12-08 23:00:00,1816.8,20230400,1816.8,20230400,1801.2,20230200
2022-12-09 14:30:00,1825.7,20230400,1825.7,20230400,1812.4,20230200
2022-12-09 15:00:00,1823.8,20230400,1823.8,20230400,1808.7,20230200
2022-12-09 16:00:00,1831.4,20230400,1831.4,20230400,1816.8,20230200
2022-12-09 17:00:00,1826.5,20230400,1826.5,20230400,1811.4,20230200
2022-12-09 18:00:00,1825.4,20230400,1825.4,20230400,1810.4,20230200
2022-12-09 19:00:00,1826.8,20230400,1826.8,20230400,1811.7,20230200
2022-12-09 20:00:00,1822.0,20230400,1822.0,20230400,1806.9,20230200
2022-12-09 21:00:00,1823.3,20230400,1823.3,20230400,1809.4,20230200
2022-12-09 23:00:00,1823.3,20230400,1823.3,20230400,1809.4,20230200
2022-12-12 14:30:00,1815.5,20230400,1815.5,20230400,1799.5,20230200
2022-12-12 15:00:00,1811.0,20230400,1811.0,20230400,1796.0,20230200
2022-12-12 16:00:00,1810.7,20230400,1810.7,20230400,1795.7,20230200
2022-12-12 17:00:00,1808.0,20230400,1808.0,20230400,1795.7,20230200
2022-12-12 18:00:00,1805.8,20230400,1805.8,20230400,1791.9,20230200
2022-12-12 19:00:00,1808.2,20230400,1808.2,20230400,1793.0,20230200
2022-12-12 20:00:00,1806.8,20230400,1806.8,20230400,1791.8,20230200
2022-12-12 21:00:00,1808.5,20230400,1808.5,20230400,1793.0,20230200
2022-12-12 23:00:00,1808.5,20230400,1808.5,20230400,1793.0,20230200
2022-12-13 14:30:00,1851.3,20230400,1851.3,20230400,1834.3,20230200
2022-12-13 15:00:00,1838.0,20230400,1838.0,20230400,1821.7,20230200
2022-12-13 16:00:00,1835.6,20230400,1835.6,20230400,1820.5,20230200
2022-12-13 17:00:00,1834.0,20230400,1834.0,20230400,1818.8,20230200
2022-12-13 18:00:00,1838.3,20230400,1838.3,20230400,1822.5,20230200
2022-12-13 19:00:00,1838.3,20230400,1838.3,20230400,1823.7,20230200
2022-12-13 20:00:00,1837.2,20230400,1837.2,20230400,1822.4,20230200
2022-12-13 21:00:00,1837.3,20230400,1837.3,20230400,1822.6,20230200
2022-12-13 23:00:00,1837.3,20230400,1837.3,20230400,1822.6,20230200
2022-12-14 14:30:00,1838.0,20230400,1838.0,20230400,1821.6,20230200
2022-12-14 15:00:00,1837.8,20230400,1837.8,20230400,1823.4,20230200
2022-12-14 16:00:00,1838.7,20230400,1838.7,20230400,1822.2,20230200
2022-12-14 17:00:00,1834.6,20230400,1834.6,20230400,1819.5,20230200
2022-12-14 18:00:00,1836.0,20230400,1836.0,20230400,1820.9,20230200
2022-12-14 19:00:00,1830.6,20230400,1830.6,20230400,1816.3,20230200
2022-12-14 20:00:00,1831.3,20230400,1831.3,20230400,1818.0,20230200
2022-12-14 21:00:00,1833.6,20230400,1833.6,20230400,1818.6,20230200
2022-12-14 23:00:00,1833.6,20230400,1833.6,20230400,1818.6,20230200
2022-12-15 14:30:00,1811.2,20230400,1811.2,20230400,1793.2,20230200
2022-12-15 15:00:00,1804.3,20230400,1804.3,20230400,1789.0,20230200
2022-12-15 16:00:00,1801.6,20230400,1801.6,20230400,1788.4,20230200
2022-12-15 17:00:00,1804.5,20230400,1804.5,20230400,1787.3,20230200
2022-12-15 18:00:00,1803.5,20230400,1803.5,20230400,1788.5,20230200
2022-12-15 19:00:00,1803.0,20230400,1803.0,20230400,1788.1,20230200
2022-12-15 20:00:00,1802.7,20230400,1802.7,20230400,1787.0,20230200
2022-12-15 21:00:00,1802.3,20230400,1802.3,20230400,1787.2,20230200
2022-12-15 23:00:00,1802.3,20230400,1802.3,20230400,1787.2,20230200
2022-12-16 14:30:00,1817.7,20230400,1817.7,20230400,1802.3,20230200
2022-12-16 15:00:00,1813.3,20230400,1813.3,20230400,1797.9,20230200
2022-12-16 16:00:00,1814.9,20230400,1814.9,20230400,1798.7,20230200
2022-12-16 17:00:00,1813.8,20230400,1813.8,20230400,1797.5,20230200
2022-12-16 18:00:00,1817.0,20230400,1817.0,20230400,1797.9,20230200
2022-12-16 19:00:00,1817.7,20230400,1817.7,20230400,1802.8,20230200
2022-12-16 20:00:00,1818.0,20230400,1818.0,20230400,1801.8,20230200
2022-12-16 21:00:00,1818.0,20230400,1818.0,20230400,1802.6,20230200
2022-12-16 23:00:00,1818.0,20230400,1818.0,20230400,1802.6,20230200
2022-12-19 14:30:00,1816.7,20230400,1816.7,20230400,1802.0,20230200
2022-12-19 15:00:00,1811.0,20230400,1811.0,20230400,1795.6,20230200
2022-12-19 16:00:00,1814.0,20230400,1814.0,20230400,1797.6,20230200
2022-12-19 17:00:00,1813.5,20230400,1813.5,20230400,1799.4,20230200
2022-12-19 18:00:00,1813.4,20230400,1813.4,20230400,1798.1,20230200
2022-12-19 19:00:00,1811.3,20230400,1811.3,20230400,1796.1,20230200
2022-12-19 20:00:00,1811.0,20230400,1811.0,20230400,1796.3,20230200
2022-12-19 21:00:00,1811.9,20230400,1811.9,20230400,1796.6,20230200
2022-12-19 23:00:00,1811.9,20230400,1811.9,20230400,1796.6,20230200
2022-12-20 14:30:00,1838.4,20230400,1838.4,20230400,1822.4,20230200
2022-12-20 15:00:00,1840.5,20230400,1840.5,20230400,1825.4,20230200
2022-12-20 16:00:00,1843.3,20230400,1843.3,20230400,1827.8,20230200
2022-12-20 17:00:00,1844.5,20230400,1844.5,20230400,1829.5,20230200
2022-12-20 18:00:00,1840.0,20230400,1840.0,20230400,1825.3,20230200
2022-12-20 19:00:00,1844.3,20230400,1844.3,20230400,1828.4,20230200
2022-12-20 20:00:00,1843.7,20230400,1843.7,20230400,1827.2,20230200
2022-12-20 21:00:00,1842.8,20230400,1842.8,20230400,1827.6,20230200
2022-12-20 23:00:00,1842.8,20230400,1842.8,20230400,1827.6,20230200
2022-12-21 14:30:00,1844.1,20230400,1844.1,20230400,1828.4,20230200
2022-12-21 15:00:00,1843.2,20230400,1843.2,20230400,1827.7,20230200
2022-12-21 16:00:00,1842.4,20230400,1842.4,20230400,1826.3,20230200
2022-12-21 17:00:00,1842.2,20230400,1842.2,20230400,1826.6,20230200
2022-12-21 18:00:00,1840.6,20230400,1840.6,20230400,1826.9,20230200
2022-12-21 19:00:00,1839.8,20230400,1839.8,20230400,1824.3,20230200
2022-12-21 20:00:00,1839.4,20230400,1839.4,20230400,1824.1,20230200
2022-12-21 21:00:00,1839.4,20230400,1839.4,20230400,1824.2,20230200
2022-12-21 23:00:00,1839.4,20230400,1839.4,20230400,1824.2,20230200
2022-12-22 14:30:00,1825.0,20230400,1825.0,20230400,1810.9,20230200
2022-12-22 15:00:00,1819.4,20230400,1819.4,20230400,1803.9,20230200
2022-12-22 16:00:00,1819.9,20230400,1819.9,20230400,1803.7,20230200
2022-12-22 17:00:00,1816.3,20230400,1816.3,20230400,1801.2,20230200
2022-12-22 18:00:00,1813.1,20230400,1813.1,20230400,1798.3,20230200
2022-12-22 19:00:00,1811.1,20230400,1811.1,20230400,1796.9,20230200
2022-12-22 20:00:00,1815.7,20230400,1815.7,20230400,1799.8,20230200
2022-12-22 21:00:00,1815.6,20230400,1815.6,20230400,1800.3,20230200
2022-12-22 23:00:00,1815.6,20230400,1815.6,20230400,1800.3,20230200
2022-12-23 14:30:00,1817.3,20230400,1817.3,20230400,1801.9,20230200
2022-12-23 15:00:00,1824.3,20230400,1824.3,20230400,1808.5,20230200
2022-12-23 16:00:00,1825.4,20230400,1825.4,20230400,1808.6,20230200
2022-12-23 17:00:00,1821.0,20230400,1821.0,20230400,1805.4,20230200
2022-12-23 18:00:00,1819.4,20230400,1819.4,20230400,1803.7,20230200
2022-12-23 19:00:00,1819.8,20230400,1819.8,20230400,1804.6,20230200
2022-12-23 20:00:00,1819.6,20230400,1819.6,20230400,1805.3,20230200
2022-12-23 21:00:00,1821.1,20230400,1821.1,20230400,1805.9,20230200
2022-12-23 23:00:00,1821.1,20230400,1821.1,20230400,1805.9,20230200
2022-12-27 14:30:00,1833.9,20230400,1833.9,20230400,1816.3,20230200
2022-12-27 15:00:00,1849.3,20230400,1849.3,20230400,1833.1,20230200
2022-12-27 16:00:00,1844.2,20230400,1844.2,20230400,1828.8,20230200
2022-12-27 17:00:00,1834.8,20230400,1834.8,20230400,1822.0,20230200
2022-12-27 18:00:00,1840.0,20230400,1840.0,20230400,1824.7,20230200
2022-12-27 19:00:00,1837.2,20230400,1837.2,20230400,1821.5,20230200
2022-12-27 20:00:00,1837.0,20230400,1837.0,20230400,1821.4,20230200
2022-12-27 21:00:00,1837.7,20230400,1837.7,20230400,1822.2,20230200
2022-12-27 23:00:00,1837.7,20230400,1837.7,20230400,1822.2,20230200
2022-12-28 14:30:00,1831.2,20230400,1831.2,20230400,1813.3,20230200
2022-12-28 15:00:00,1823.1,20230400,1823.1,20230400,1805.6,20230200
2022-12-28 16:00:00,1825.0,20230400,1825.0,20230400,1809.9,20230200
2022-12-28 17:00:00,1829.4,20230400,1829.4,20230400,1813.6,20230200
2022-12-28 18:00:00,1827.0,20230400,1827.0,20230400,1811.4,20230200
2022-12-28 19:00:00,1829.2,20230400,1829.2,20230400,1813.1,20230200
2022-12-28 20:00:00,1827.9,20230400,1827.9,20230400,1812.0,20230200
2022-12-28 21:00:00,1828.0,20230400,1828.0,20230400,1812.0,20230200
2022-12-28 23:00:00,1828.0,20230400,1828.0,20230400,1812.0,20230200
2022-12-29 14:30:00,1836.9,20230400,1836.9,20230400,1820.7,20230200
2022-12-29 15:00:00,1835.8,20230400,1835.8,20230400,1820.3,20230200
2022-12-29 16:00:00,1834.8,20230400,1834.8,20230400,1822.5,20230200
2022-12-29 17:00:00,1842.2,20230400,1842.2,20230400,1826.1,20230200
2022-12-29 18:00:00,1840.3,20230400,1840.3,20230400,1824.3,20230200
2022-12-29 19:00:00,1840.1,20230400,1840.1,20230400,1824.4,20230200
2022-12-29 20:00:00,1837.4,20230400,1837.4,20230400,1821.5,20230200
2022-12-29 21:00:00,1837.7,20230400,1837.7,20230400,1822.0,20230200
2022-12-29 23:00:00,1837.7,20230400,1837.7,20230400,1822.0,20230200
2022-12-30 14:30:00,1841.0,20230400,1841.0,20230400,1825.4,20230200
2022-12-30 15:00:00,1840.7,20230400,1840.7,20230400,1824.6,20230200
2022-12-30 16:00:00,1837.6,20230400,1837.6,20230400,1822.4,20230200
2022-12-30 17:00:00,1845.7,20230400,1845.7,20230400,1830.3,20230200
2022-12-30 18:00:00,1842.1,20230400,1842.1,20230400,1826.0,20230200
2022-12-30 19:00:00,1844.7,20230400,1844.7,20230400,1827.9,20230200
2022-12-30 20:00:00,1846.2,20230400,1846.2,20230400,1829.8,20230200
2022-12-30 21:00:00,1846.4,20230400,1846.4,20230400,1830.0,20230200
2022-12-30 23:00:00,1846.4,20230400,1846.4,20230400,1830.0,20230200
2023-01-03 14:30:00,1868.0,20230400,1868.0,20230400,1851.1,20230200
2023-01-03 15:00:00,1854.4,20230400,1854.4,20230400,1838.5,20230200
2023-01-03 16:00:00,1855.0,20230400,1855.0,20230400,1840.1,20230200
2023-01-03 17:00:00,1858.9,20230400,1858.9,20230400,1845.2,20230200
2023-01-03 18:00:00,1860.9,20230400,1860.9,20230400,1845.0,20230200
2023-01-03 19:00:00,1861.0,20230400,1861.0,20230400,1845.1,20230200
2023-01-03 20:00:00,1859.4,20230400,1859.4,20230400,1844.0,20230200
2023-01-03 21:00:00,1861.6,20230400,1861.6,20230400,1845.3,20230200
2023-01-03 23:00:00,1861.6,20230400,1861.6,20230400,1845.3,20230200
2023-01-04 14:30:00,1879.6,20230400,1879.6,20230400,1863.6,20230200
2023-01-04 15:00:00,1879.7,20230400,1879.7,20230400,1863.9,20230200
2023-01-04 16:00:00,1880.1,20230400,1880.1,20230400,1864.7,20230200
2023-01-04 17:00:00,1872.8,20230400,1872.8,20230400,1866.0,20230200
2023-01-04 18:00:00,1875.7,20230400,1875.7,20230400,1856.3,20230200
2023-01-04 19:00:00,1872.9,20230400,1872.9,20230400,1858.4,20230200
2023-01-04 20:00:00,1875.6,20230400,1875.6,20230400,1861.3,20230200
2023-01-04 21:00:00,1876.5,20230400,1876.5,20230400,1860.7,20230200
2023-01-04 23:00:00,1876.5,20230400,1876.5,20230400,1860.7,20230200
2023-01-05 14:30:00,1855.2,20230400,1855.2,20230400,1839.4,20230200
2023-01-05 15:00:00,1847.6,20230400,1847.6,20230400,1831.8,20230200
2023-01-05 16:00:00,1851.5,20230400,1851.5,20230400,1835.7,20230200
2023-01-05 17:00:00,1853.5,20230400,1853.5,20230400,1837.1,20230200
2023-01-05 18:00:00,1858.2,20230400,1858.2,20230400,1841.0,20230200
2023-01-05 19:00:00,1856.3,20230400,1856.3,20230400,1839.2,20230200
2023-01-05 20:00:00,1854.9,20230400,1854.9,20230400,1838.0,20230200
2023-01-05 21:00:00,1854.3,20230400,1854.3,20230400,1837.9,20230200
2023-01-05 23:00:00,1854.3,20230400,1854.3,20230400,1837.9,20230200
2023-01-06 14:30:00,1864.9,20230400,1864.9,20230400,1848.0,20230200
2023-01-06 15:00:00,1883.8,20230400,1883.8,20230400,1867.0,20230200
2023-01-06 16:00:00,1885.2,20230400,1885.2,20230400,1868.5,20230200
2023-01-06 17:00:00,1882.7,20230400,1882.7,20230400,1867.6,20230200
2023-01-06 17:00:01,1900.0,20230600,1900.0,20230600,1882.7,20230400
2023-01-06 18:00:00,1905.9,20230600,1905.9,20230600,1890.0,20230400
2023-01-06 19:00:00,1906.9,20230600,1906.9,20230600,1890.3,20230400
2023-01-06 20:00:00,1904.8,20230600,1904.8,20230600,1887.3,20230400
2023-01-06 21:00:00,1903.0,20230600,1903.0,20230600,1887.0,20230400
2023-01-06 23:00:00,1903.0,20230600,1903.0,20230600,1887.0,20230400
2023-01-09 14:30:00,1915.7,20230600,1915.7,20230600,1899.0,20230400
2023-01-09 15:00:00,1912.0,20230600,1912.0,20230600,1895.9,20230400
2023-01-09 16:00:00,1914.0,20230600,1914.0,20230600,1899.0,20230400
2023-01-09 17:00:00,1906.8,20230600,1906.8,20230600,1891.0,20230400
2023-01-09 18:00:00,1908.4,20230600,1908.4,20230600,1891.9,20230400
2023-01-09 19:00:00,1912.0,20230600,1912.0,20230600,1894.6,20230400
2023-01-09 20:00:00,1908.6,20230600,1908.6,20230600,1892.3,20230400
2023-01-09 21:00:00,1908.6,20230600,1908.6,20230600,1892.3,20230400
2023-01-09 23:00:00,1908.6,20230600,1908.6,20230600,1892.3,20230400
2023-01-10 14:30:00,1913.6,20230600,1913.6,20230600,1899.1,20230400
2023-01-10 15:00:00,1913.5,20230600,1913.5,20230600,1897.0,20230400
2023-01-10 16:00:00,1908.4,20230600,1908.4,20230600,1892.2,20230400
2023-01-10 17:00:00,1910.4,20230600,1910.4,20230600,1893.4,20230400
2023-01-10 18:00:00,1912.1,20230600,1912.1,20230600,1896.3,20230400
2023-01-10 19:00:00,1914.0,20230600,1914.0,20230600,1897.4,20230400
2023-01-10 20:00:00,1915.4,20230600,1915.4,20230600,1898.2,20230400
2023-01-10 21:00:00,1913.7,20230600,1913.7,20230600,1898.0,20230400
2023-01-10 23:00:00,1913.7,20230600,1913.7,20230600,1898.0,20230400
2023-01-11 14:30:00,1909.0,20230600,1909.0,20230600,1892.2,20230400
2023-01-11 15:00:00,1908.1,20230600,1908.1,20230600,1892.8,20230400
2023-01-11 16:00:00,1905.0,20230600,1905.0,20230600,1888.1,20230400
2023-01-11 17:00:00,1910.8,20230600,1910.8,20230600,1894.5,20230400
2023-01-11 18:00:00,1914.3,20230600,1914.3,20230600,1897.8,20230400
2023-01-11 19:00:00,1916.0,20230600,1916.0,20230600,1898.2,20230400
2023-01-11 20:00:00,1914.3,20230600,1914.3,20230600,1897.3,20230400
2023-01-11 21:00:00,1914.0,20230600,1914.0,20230600,1897.2,20230400
2023-01-11 23:00:00,1914.0,20230600,1914.0,20230600,1897.2,20230400
2023-01-12 14:30:00,1919.3,20230600,1919.3,20230600,1902.3,20230400
2023-01-12 15:00:00,1927.0,20230600,1927.0,20230600,1908.6,20230400
2023-01-12 16:00:00,1928.9,20230600,1928.9,20230600,1913.0,20230400
2023-01-12 17:00:00,1932.5,20230600,1932.5,20230600,1916.6,20230400
2023-01-12 18:00:00,1935.6,20230600,1935.6,20230600,1919.0,20230400
2023-01-12 19:00:00,1932.9,20230600,1932.9,20230600,1918.0,20230400
2023-01-12 20:00:00,1934.4,20230600,1934.4,20230600,1917.9,20230400
2023-01-12 21:00:00,1934.1,20230600,1934.1,20230600,1917.2,20230400
2023-01-12 23:00:00,1934.1,20230600,1934.1,20230600,1917.2,20230400
2023-01-13 14:30:00,1948.2,20230600,1948.2,20230600,1931.0,20230400
2023-01-13 15:00:00,1950.0,20230600,1950.0,20230600,1933.6,20230400
2023-01-13 16:00:00,1946.8,20230600,1946.8,20230600,1931.6,20230400
2023-01-13 17:00:00,1952.8,20230600,1952.8,20230600,1935.9,20230400
2023-01-13 18:00:00,1957.0,20230600,1957.0,20230600,1939.6,20230400
2023-01-13 19:00:00,1957.2,20230600,1957.2,20230600,1940.0,20230400
2023-01-13 20:00:00,1958.2,20230600,1958.2,20230600,1941.0,20230400
2023-01-13 21:00:00,1956.3,20230600,1956.3,20230600,1941.0,20230400
2023-01-13 23:00:00,1956.3,20230600,1956.3,20230600,1941.0,20230400
2023-01-17 14:30:00,1950.7,20230600,1950.7,20230600,1933.5,20230400
2023-01-17 15:00:00,1945.5,20230600,1945.5,20230600,1930.5,20230400
2023-01-17 16:00:00,1948.3,20230600,1948.3,20230600,1931.2,20230400
2023-01-17 17:00:00,1940.5,20230600,1940.5,20230600,1931.3,20230400
2023-01-17 18:00:00,1941.4,20230600,1941.4,20230600,1925.2,20230400
2023-01-17 19:00:00,1944.7,20230600,1944.7,20230600,1927.3,20230400
2023-01-17 20:00:00,1945.5,20230600,1945.5,20230600,1928.2,20230400
2023-01-17 21:00:00,1944.3,20230600,1944.3,20230600,1928.0,20230400
2023-01-17 23:00:00,1944.3,20230600,1944.3,20230600,1928.0,20230400
2023-01-18 14:30:00,1956.1,20230600,1956.1,20230600,1938.8,20230400
2023-01-18 15:00:00,1947.3,20230600,1947.3,20230600,1930.6,20230400
2023-01-18 16:00:00,1943.1,20230600,1943.1,20230600,1927.0,20230400
2023-01-18 17:00:00,1937.4,20230600,1937.4,20230600,1922.9,20230400
2023-01-18 18:00:00,1941.6,20230600,1941.6,20230600,1923.4,20230400
2023-01-18 19:00:00,1939.7,20230600,1939.7,20230600,1923.5,20230400
2023-01-18 20:00:00,1940.8,20230600,1940.8,20230600,1922.5,20230400
2023-01-18 21:00:00,1939.6,20230600,1939.6,20230600,1922.8,20230400
2023-01-18 23:00:00,1939.6,20230600,1939.6,20230600,1922.8,20230400
2023-01-19 14:30:00,1952.2,20230600,1952.2,20230600,1935.7,20230400
2023-01-19 15:00:00,1954.0,20230600,1954.0,20230600,1936.3,20230400
2023-01-19 16:00:00,1955.6,20230600,1955.6,20230600,1938.7,20230400
2023-01-19 17:00:00,1956.1,20230600,1956.1,20230600,1940.0,20230400
2023-01-19 18:00:00,1959.6,20230600,1959.6,20230600,1943.1,20230400
2023-01-19 19:00:00,1964.9,20230600,1964.9,20230600,1948.4,20230400
2023-01-19 20:00:00,1968.0,20230600,1968.0,20230600,1951.2,20230400
2023-01-19 21:00:00,1967.2,20230600,1967.2,20230600,1950.4,20230400
2023-01-19 23:00:00,1967.2,20230600,1967.2,20230600,1950.4,20230400
2023-01-20 14:30:00,1960.0,20230600,1960.0,20230600,1943.2,20230400
2023-01-20 15:00:00,1963.4,20230600,1963.4,20230600,1944.8,20230400
2023-01-20 16:00:00,1960.6,20230600,1960.6,20230600,1942.9,20230400
2023-01-20 17:00:00,1961.5,20230600,1961.5,20230600,1942.9,20230400
2023-01-20 18:00:00,1964.0,20230600,1964.0,20230600,1947.5,20230400
2023-01-20 19:00:00,1964.6,20230600,1964.6,20230600,1947.8,20230400
2023-01-20 20:00:00,1962.3,20230600,1962.3,20230600,1945.6,20230400
2023-01-20 21:00:00,1962.4,20230600,1962.4,20230600,1944.5,20230400
2023-01-20 23:00:00,1962.4,20230600,1962.4,20230600,1944.5,20230400
2023-01-23 14:30:00,1951.9,20230600,1951.9,20230600,1934.8,20230400
2023-01-23 15:00:00,1958.5,20230600,1958.5,20230600,1940.9,20230400
2023-01-23 16:00:00,1957.2,20230600,1957.2,20230600,1941.1,20230400
2023-01-23 17:00:00,1958.3,20230600,1958.3,20230600,1942.2,20230400
2023-01-23 18:00:00,1964.1,20230600,1964.1,20230600,1945.7,20230400
2023-01-23 19:00:00,1960.3,20230600,1960.3,20230600,1943.5,20230400
2023-01-23 20:00:00,1965.7,20230600,1965.7,20230600,1948.1,20230400
2023-01-23 21:00:00,1966.4,20230600,1966.4,20230600,1948.7,20230400
2023-01-23 23:00:00,1966.4,20230600,1966.4,20230600,1948.7,20230400
2023-01-24 14:30:00,1956.4,20230600,1956.4,20230600,1939.5,20230400
2023-01-24 15:00:00,1971.4,20230600,1971.4,20230600,1953.0,20230400
2023-01-24 16:00:00,1966.7,20230600,1966.7,20230600,1949.9,20230400
2023-01-24 17:00:00,1968.6,20230600,1968.6,20230600,1952.1,20230400
2023-01-24 18:00:00,1969.0,20230600,1969.0,20230600,1952.5,20230400
2023-01-24 19:00:00,1973.1,20230600,1973.1,20230600,1956.0,20230400
2023-01-24 20:00:00,1972.8,20230600,1972.8,20230600,1956.0,20230400
2023-01-24 21:00:00,1971.9,20230600,1971.9,20230600,1955.3,20230400
2023-01-24 23:00:00,1971.9,20230600,1971.9,20230600,1955.3,20230400
2023-01-25 14:30:00,1965.2,20230600,1965.2,20230600,1948.1,20230400
2023-01-25 15:00:00,1966.9,20230600,1966.9,20230600,1950.4,20230400
2023-01-25 16:00:00,1972.0,20230600,1972.0,20230600,1954.3,20230400
2023-01-25 17:00:00,1972.4,20230600,1972.4,20230600,1955.2,20230400
2023-01-25 18:00:00,1975.0,20230600,1975.0,20230600,1957.6,20230400
2023-01-25 19:00:00,1978.1,20230600,1978.1,20230600,1960.2,20230400
2023-01-25 20:00:00,1981.2,20230600,1981.2,20230600,1964.6,20230400
2023-01-25 21:00:00,1981.1,20230600,1981.1,20230600,1963.9,20230400
2023-01-25 23:00:00,1981.1,20230600,1981.1,20230600,1963.9,20230400
2023-01-26 14:30:00,1966.2,20230600,1966.2,20230600,1949.8,20230400
2023-01-26 15:00:00,1959.0,20230600,1959.0,20230600,1942.0,20230400
2023-01-26 16:00:00,1959.0,20230600,1959.0,20230600,1943.0,20230400
2023-01-26 17:00:00,1960.6,20230600,1960.6,20230600,1943.5,20230400
2023-01-26 18:00:00,1966.2,20230600,1966.2,20230600,1946.8,20230400
2023-01-26 19:00:00,1964.5,20230600,1964.5,20230600,1948.0,20230400
2023-01-26 20:00:00,1964.6,20230600,1964.6,20230600,1946.7,20230400
2023-01-26 21:00:00,1963.8,20230600,1963.8,20230600,1946.6,20230400
2023-01-26 23:00:00,1963.8,20230600,1963.8,20230600,1946.6,20230400
2023-01-27 14:30:00,1957.0,20230600,1957.0,20230600,1940.2,20230400
2023-01-27 15:00:00,1957.2,20230600,1957.2,20230600,1940.6,20230400
2023-01-27 16:00:00,1963.0,20230600,1963.0,20230600,1946.1,20230400
2023-01-27 17:00:00,1962.6,20230600,1962.6,20230600,1944.9,20230400
2023-01-27 18:00:00,1963.8,20230600,1963.8,20230600,1946.4,20230400
2023-01-27 19:00:00,1963.8,20230600,1963.8,20230600,1946.1,20230400
2023-01-27 20:00:00,1961.4,20230600,1961.4,20230600,1942.9,20230400
2023-01-27 21:00:00,1961.5,20230600,1961.5,20230600,1943.9,20230400
2023-01-27 23:00:00,1961.5,20230600,1961.5,20230600,1943.9,20230400
2023-01-30 14:30:00,1958.1,20230600,1958.1,20230600,1941.2,20230400
2023-01-30 15:00:00,1957.7,20230600,1957.7,20230600,1941.5,20230400
2023-01-30 16:00:00,1956.7,20230600,1956.7,20230600,1940.2,20230400
2023-01-30 17:00:00,1956.3,20230600,1956.3,20230600,1940.3,20230400
2023-01-30 18:00:00,1955.3,20230600,1955.3,20230600,1938.7,20230400
2023-01-30 19:00:00,1955.6,20230600,1955.6,20230600,1938.9,20230400
2023-01-30 20:00:00,1954.0,20230600,1954.0,20230600,1937.6,20230400
2023-01-30 21:00:00,1955.5,20230600,1955.5,20230600,1939.0,20230400
2023-01-30 23:00:00,1955.5,20230600,1955.5,20230600,1939.0,20230400
2023-01-31 14:30:00,1957.0,20230600,1957.0,20230600,1940.3,20230400
2023-01-31 15:00:00,1960.8,20230600,1960.8,20230600,1944.3,20230400
2023-01-31 16:00:00,1960.0,20230600,1960.0,20230600,1943.2,20230400
2023-01-31 17:00:00,1962.0,20230600,1962.0,20230600,1945.5,20230400
2023-01-31 18:00:00,1961.8,20230600,1961.8,20230600,1945.0,20230400
2023-01-31 19:00:00,1962.2,20230600,1962.2,20230600,1944.5,20230400
2023-01-31 20:00:00,1960.7,20230600,1960.7,20230600,1943.9,20230400
2023-01-31 21:00:00,1960.8,20230600,1960.8,20230600,1943.9,20230400
2023-01-31 23:00:00,1961.0,20230600,1961.0,20230600,1944.0,20230400
2023-02-01 14:30:00,1959.7,20230600,1959.7,20230600,1944.0,20230400
2023-02-01 15:00:00,1964.5,20230600,1964.5,20230600,1947.5,20230400
2023-02-01 16:00:00,1957.7,20230600,1957.7,20230600,1940.7,20230400
2023-02-01 17:00:00,1958.2,20230600,1958.2,20230600,1941.2,20230400
2023-02-01 18:00:00,1959.6,20230600,1959.6,20230600,1943.4,20230400
2023-02-01 19:00:00,1975.8,20230600,1975.8,20230600,1959.1,20230400
2023-02-01 20:00:00,1985.2,20230600,1985.2,20230600,1968.0,20230400
2023-02-01 21:00:00,1983.9,20230600,1983.9,20230600,1966.8,20230400
2023-02-01 23:00:00,1983.9,20230600,1983.9,20230600,1966.8,20230400
2023-02-02 14:30:00,1952.7,20230600,1952.7,20230600,1936.9,20230400
2023-02-02 15:00:00,1956.6,20230600,1956.6,20230600,1940.9,20230400
2023-02-02 16:00:00,1949.4,20230600,1949.4,20230600,1933.1,20230400
2023-02-02 17:00:00,1943.0,20230600,1943.0,20230600,1926.5,20230400
2023-02-02 18:00:00,1948.9,20230600,1948.9,20230600,1932.2,20230400
2023-02-02 19:00:00,1943.4,20230600,1943.4,20230600,1927.8,20230400
2023-02-02 20:00:00,1942.9,20230600,1942.9,20230600,1927.2,20230400
2023-02-02 21:00:00,1943.9,20230600,1943.9,20230600,1927.1,20230400
2023-02-02 23:00:00,1943.9,20230600,1943.9,20230600,1927.1,20230400
2023-02-03 14:30:00,1913.0,20230600,1913.0,20230600,1895.9,20230400
2023-02-03 15:00:00,1903.2,20230600,1903.2,20230600,1886.4,20230400
2023-02-03 16:00:00,1898.0,20230600,1898.0,20230600,1881.4,20230400
2023-02-03 17:00:00,1893.2,20230600,1893.2,20230600,1876.5,20230400
2023-02-03 18:00:00,1895.4,20230600,1895.4,20230600,1878.3,20230400
2023-02-03 19:00:00,1895.3,20230600,1895.3,20230600,1878.5,20230400
2023-02-03 20:00:00,1895.0,20230600,1895.0,20230600,1877.9,20230400
2023-02-03 21:00:00,1895.8,20230600,1895.8,20230600,1878.1,20230400
2023-02-03 23:00:00,1895.8,20230600,1895.8,20230600,1878.4,20230400
2023-02-06 14:30:00,1902.8,20230600,1902.8,20230600,1886.8,20230400
2023-02-06 15:00:00,1895.0,20230600,1895.0,20230600,1878.8,20230400
2023-02-06 16:00:00,1896.9,20230600,1896.9,20230600,1879.4,20230400
2023-02-06 17:00:00,1895.5,20230600,1895.5,20230600,1878.9,20230400
2023-02-06 18:00:00,1897.7,20230600,1897.7,20230600,1881.3,20230400
2023-02-06 19:00:00,1895.2,20230600,1895.2,20230600,1878.7,20230400
2023-02-06 20:00:00,1898.0,20230600,1898.0,20230600,1881.6,20230400
2023-02-06 21:00:00,1896.7,20230600,1896.7,20230600,1880.3,20230400
2023-02-06 23:00:00,1896.7,20230600,1896.7,20230600,1880.3,20230400
2023-02-07 14:30:00,1901.1,20230600,1901.1,20230600,1883.6,20230400
2023-02-07 15:00:00,1909.0,20230600,1909.0,20230600,1892.1,20230400
2023-02-07 16:00:00,1904.5,20230600,1904.5,20230600,1887.3,20230400
2023-02-07 17:00:00,1910.5,20230600,1910.5,20230600,1893.7,20230400
2023-02-07 18:00:00,1898.3,20230600,1898.3,20230600,1881.8,20230400
2023-02-07 19:00:00,1901.6,20230600,1901.6,20230600,1884.8,20230400
2023-02-07 20:00:00,1899.5,20230600,1899.5,20230600,1883.7,20230400
2023-02-07 21:00:00,1902.0,20230600,1902.0,20230600,1885.1,20230400
2023-02-07 23:00:00,1902.0,20230600,1902.0,20230600,1885.1,20230400
2023-02-08 14:30:00,1902.9,20230600,1902.9,20230600,1885.9,20230400
2023-02-08 15:00:00,1902.2,20230600,1902.2,20230600,1886.2,20230400
2023-02-08 16:00:00,1905.5,20230600,1905.5,20230600,1887.9,20230400
2023-02-08 17:00:00,1904.7,20230600,1904.7,20230600,1888.0,20230400
2023-02-08 18:00:00,1907.4,20230600,1907.4,20230600,1890.5,20230400
2023-02-08 19:00:00,1905.5,20230600,1905.5,20230600,1889.0,20230400
2023-02-08 20:00:00,1904.6,20230600,1904.6,20230600,1887.2,20230400
2023-02-08 21:00:00,1905.1,20230600,1905.1,20230600,1888.2,20230400
2023-02-08 23:00:00,1905.1,20230600,1905.1,20230600,1888.2,20230400
2023-02-09 14:30:00,1907.9,20230600,1907.9,20230600,1890.9,20230400
2023-02-09 15:00:00,1903.1,20230600,1903.1,20230600,1885.8,20230400
2023-02-09 16:00:00,1903.3,20230600,1903.3,20230600,1885.8,20230400
2023-02-09 17:00:00,1895.6,20230600,1895.6,20230600,1879.7,20230400
2023-02-09 18:00:00,1893.8,20230600,1893.8,20230600,1877.6,20230400
2023-02-09 19:00:00,1890.2,20230600,1890.2,20230600,1873.5,20230400
2023-02-09 20:00:00,1890.0,20230600,1890.0,20230600,1872.6,20230400
2023-02-09 21:00:00,1889.9,20230600,1889.9,20230600,1873.4,20230400
2023-02-09 23:00:00,1889.9,20230600,1889.9,20230600,1873.4,20230400
2023-02-10 14:30:00,1889.2,20230600,1889.2,20230600,1873.0,20230400
2023-02-10 15:00:00,1888.2,20230600,1888.2,20230600,1871.1,20230400
2023-02-10 16:00:00,1886.2,20230600,1886.2,20230600,1869.4,20230400
2023-02-10 17:00:00,1890.0,20230600,1890.0,20230600,1872.9,20230400
2023-02-10 18:00:00,1889.6,20230600,1889.6,20230600,1873.0,20230400
2023-02-10 19:00:00,1892.0,20230600,1892.0,20230600,1874.8,20230400
2023-02-10 20:00:00,1892.2,20230600,1892.2,20230600,1875.3,20230400
2023-02-10 21:00:00,1893.0,20230600,1893.0,20230600,1876.3,20230400
2023-02-10 23:00:00,1893.0,20230600,1893.0,20230600,1876.3,20230400
2023-02-13 14:30:00,1884.5,20230600,1884.5,20230600,1867.3,20230400
2023-02-13 15:00:00,1883.0,20230600,1883.0,20230600,1866.0,20230400
2023-02-13 16:00:00,1878.7,20230600,1878.7,20230600,1862.0,20230400
2023-02-13 17:00:00,1879.7,20230600,1879.7,20230600,1862.0,20230400
2023-02-13 18:00:00,1883.0,20230600,1883.0,20230600,1865.9,20230400
2023-02-13 19:00:00,1879.3,20230600,1879.3,20230600,1863.3,20230400
2023-02-13 20:00:00,1881.6,20230600,1881.6,20230600,1864.7,20230400
2023-02-13 21:00:00,1880.5,20230600,1880.5,20230600,1864.2,20230400
2023-02-13 23:00:00,1880.5,20230600,1880.5,20230600,1864.2,20230400
2023-02-14 14:30:00,1884.0,20230600,1884.0,20230600,1867.0,20230400
2023-02-14 15:00:00,1879.7,20230600,1879.7,20230600,1862.8,20230400
2023-02-14 16:00:00,1874.9,20230600,1874.9,20230600,1859.9,20230400
2023-02-14 17:00:00,1876.4,20230600,1876.4,20230600,1860.3,20230400
2023-02-14 18:00:00,1881.0,20230600,1881.0,20230600,1863.9,20230400
2023-02-14 19:00:00,1881.7,20230600,1881.7,20230600,1865.9,20230400
2023-02-14 20:00:00,1882.8,20230600,1882.8,20230600,1866.0,20230400
2023-02-14 21:00:00,1882.4,20230600,1882.4,20230600,1864.6,20230400
2023-02-14 23:00:00,1882.4,20230600,1882.4,20230600,1864.6,20230400
2023-02-15 14:30:00,1860.5,20230600,1860.5,20230600,1843.8,20230400
2023-02-15 15:00:00,1860.5,20230600,1860.5,20230600,1844.4,20230400
2023-02-15 16:00:00,1863.7,20230600,1863.7,20230600,1846.9,20230400
2023-02-15 17:00:00,1861.6,20230600,1861.6,20230600,1845.2,20230400
2023-02-15 18:00:00,1862.8,20230600,1862.8,20230600,1846.4,20230400
2023-02-15 19:00:00,1862.4,20230600,1862.4,20230600,1846.0,20230400
2023-02-15 20:00:00,1864.7,20230600,1864.7,20230600,1848.4,20230400
2023-02-15 21:00:00,1863.4,20230600,1863.4,20230600,1846.6,20230400
2023-02-15 23:00:00,1863.4,20230600,1863.4,20230600,1846.6,20230400
2023-02-16 14:30:00,1855.0,20230600,1855.0,20230600,1838.0,20230400
2023-02-16 15:00:00,1859.4,20230600,1859.4,20230600,1843.4,20230400
2023-02-16 16:00:00,1867.4,20230600,1867.4,20230600,1850.4,20230400
2023-02-16 17:00:00,1869.1,20230600,1869.1,20230600,1851.9,20230400
2023-02-16 18:00:00,1870.5,20230600,1870.5,20230600,1853.5,20230400
2023-02-16 19:00:00,1868.8,20230600,1868.8,20230600,1852.3,20230400
2023-02-16 20:00:00,1862.2,20230600,1862.2,20230600,1845.8,20230400
2023-02-16 21:00:00,1862.4,20230600,1862.4,20230600,1845.4,20230400
2023-02-16 23:00:00,1862.4,20230600,1862.4,20230600,1845.4,20230400
2023-02-17 14:30:00,1851.9,20230600,1851.9,20230600,1835.6,20230400
2023-02-17 15:00:00,1861.2,20230600,1861.2,20230600,1843.8,20230400
2023-02-17 16:00:00,1865.2,20230600,1865.2,20230600,1849.1,20230400
2023-02-17 17:00:00,1866.7,20230600,1866.7,20230600,1850.5,20230400
2023-02-17 18:00:00,1868.8,20230600,1868.8,20230600,1851.7,20230400
2023-02-17 19:00:00,1869.3,20230600,1869.3,20230600,1852.1,20230400
2023-02-17 20:00:00,1867.7,20230600,1867.7,20230600,1851.4,20230400
2023-02-17 21:00:00,1867.8,20230600,1867.8,20230600,1851.7,20230400
2023-02-17 23:00:00,1867.8,20230600,1867.8,20230600,1851.7,20230400
2023-02-21 14:30:00,1861.2,20230600,1861.2,20230600,1844.0,20230400
2023-02-21 15:00:00,1865.5,20230600,1865.5,20230600,1847.9,20230400
2023-02-21 16:00:00,1859.0,20230600,1859.0,20230600,1842.2,20230400
2023-02-21 17:00:00,1862.6,20230600,1862.6,20230600,1845.9,20230400
2023-02-21 18:00:00,1857.7,20230600,1857.7,20230600,1842.2,20230400
2023-02-21 19:00:00,1859.4,20230600,1859.4,20230600,1842.8,20230400
2023-02-21 20:00:00,1861.9,20230600,1861.9,20230600,1844.9,20230400
2023-02-21 21:00:00,1860.2,20230600,1860.2,20230600,1844.1,20230400
2023-02-21 23:00:00,1860.2,20230600,1860.2,20230600,1844.1,20230400
2023-02-22 14:30:00,1862.1,20230600,1862.1,20230600,1844.7,20230400
2023-02-22 15:00:00,1862.8,20230600,1862.8,20230600,1845.2,20230400
2023-02-22 16:00:00,1859.1,20230600,1859.1,20230600,1842.0,20230400
2023-02-22 17:00:00,1859.6,20230600,1859.6,20230600,1842.1,20230400
2023-02-22 18:00:00,1856.5,20230600,1856.5,20230600,1839.3,20230400
2023-02-22 19:00:00,1850.0,20230600,1850.0,20230600,1833.3,20230400
2023-02-22 20:00:00,1850.1,20230600,1850.1,20230600,1833.2,20230400
2023-02-22 21:00:00,1851.1,20230600,1851.1,20230600,1834.2,20230400
2023-02-22 23:00:00,1851.1,20230600,1851.1,20230600,1834.2,20230400
2023-02-23 14:30:00,1852.8,20230600,1852.8,20230600,1835.7,20230400
2023-02-23 15:00:00,1846.8,20230600,1846.8,20230600,1830.8,20230400
2023-02-23 16:00:00,1844.5,20230600,1844.5,20230600,1827.4,20230400
2023-02-23 17:00:00,1845.5,20230600,1845.5,20230600,1828.6,20230400
2023-02-23 18:00:00,1846.9,20230600,1846.9,20230600,1830.1,20230400
2023-02-23 19:00:00,1847.1,20230600,1847.1,20230600,1830.2,20230400
2023-02-23 20:00:00,1847.3,20230600,1847.3,20230600,1830.8,20230400
2023-02-23 21:00:00,1846.4,20230600,1846.4,20230600,1829.9,20230400
2023-02-23 23:00:00,1846.4,20230600,1846.4,20230600,1829.9,20230400
2023-02-24 14:30:00,1837.4,20230600,1837.4,20230600,1820.0,20230400
2023-02-24 15:00:00,1834.2,20230600,1834.2,20230600,1817.4,20230400
2023-02-24 16:00:00,1835.8,20230600,1835.8,20230600,1819.0,20230400
2023-02-24 17:00:00,1833.8,20230600,1833.8,20230600,1816.8,20230400
2023-02-24 18:00:00,1832.7,20230600,1832.7,20230600,1816.8,20230400
2023-02-24 19:00:00,1834.6,20230600,1834.6,20230600,1817.8,20230400
2023-02-24 20:00:00,1834.8,20230600,1834.8,20230600,1818.1,20230400
2023-02-24 21:00:00,1834.6,20230600,1834.6,20230600,1817.4,20230400
2023-02-24 23:00:00,1834.6,20230600,1834.6,20230600,1817.4,20230400
2023-02-27 14:30:00,1841.5,20230600,1841.5,20230600,1825.1,20230400
2023-02-27 15:00:00,1838.6,20230600,1838.6,20230600,1822.1,20230400
2023-02-27 16:00:00,1840.0,20230600,1840.0,20230600,1823.8,20230400
2023-02-27 17:00:00,1842.2,20230600,1842.2,20230600,1825.8,20230400
2023-02-27 18:00:00,1843.4,20230600,1843.4,20230600,1825.7,20230400
2023-02-27 19:00:00,1842.6,20230600,1842.6,20230600,1824.4,20230400
2023-02-27 20:00:00,1840.9,20230600,1840.9,20230600,1824.1,20230400
2023-02-27 21:00:00,1840.6,20230600,1840.6,20230600,1824.1,20230400
2023-02-27 23:00:00,1840.6,20230600,1840.6,20230600,1824.1,20230400
2023-02-28 14:30:00,1841.6,20230600,1841.6,20230600,1825.6,20230400
2023-02-28 15:00:00,1848.0,20230600,1848.0,20230600,1831.2,20230400
2023-02-28 16:00:00,1850.1,20230600,1850.1,20230600,1833.8,20230400
2023-02-28 17:00:00,1854.2,20230600,1854.2,20230600,1836.7,20230400
2023-02-28 18:00:00,1852.0,20230600,1852.0,20230600,1835.4,20230400
2023-02-28 19:00:00,1853.7,20230600,1853.7,20230600,1836.4,20230400
2023-02-28 20:00:00,1850.5,20230600,1850.5,20230600,1833.6,20230400
2023-02-28 21:00:00,1851.0,20230600,1851.0,20230600,1834.3,20230400
2023-02-28 23:00:00,1850.0,20230600,1850.0,20230600,1833.8,20230400
2023-03-01 14:30:00,1862.5,20230600,1862.5,20230600,1848.3,20230400
2023-03-01 15:00:00,1865.7,20230600,1865.7,20230600,1849.0,20230400
2023-03-01 16:00:00,1865.0,20230600,1865.0,20230600,1848.5,20230400
2023-03-01 17:00:00,1860.8,20230600,1860.8,20230600,1844.2,20230400
2023-03-01 18:00:00,1861.9,20230600,1861.9,20230600,1845.6,20230400
2023-03-01 19:00:00,1861.9,20230600,1861.9,20230600,1845.4,20230400
2023-03-01 20:00:00,1861.6,20230600,1861.6,20230600,1844.9,20230400
2023-03-01 21:00:00,1861.0,20230600,1861.0,20230600,1843.4,20230400
2023-03-01 23:00:00,1861.0,20230600,1861.0,20230600,1843.4,20230400
2023-03-02 14:30:00,1859.3,20230600,1859.3,20230600,1842.8,20230400
2023-03-02 15:00:00,1860.0,20230600,1860.0,20230600,1842.8,20230400
2023-03-02 16:00:00,1860.4,20230600,1860.4,20230600,1842.5,20230400
2023-03-02 17:00:00,1856.7,20230600,1856.7,20230600,1840.0,20230400
2023-03-02 18:00:00,1859.0,20230600,1859.0,20230600,1842.2,20230400
2023-03-02 19:00:00,1859.7,20230600,1859.7,20230600,1841.9,20230400
2023-03-02 20:00:00,1861.0,20230600,1861.0,20230600,1843.0,20230400
2023-03-02 21:00:00,1858.7,20230600,1858.7,20230600,1842.2,20230400
2023-03-02 23:00:00,1858.7,20230600,1858.7,20230600,1842.2,20230400
2023-03-03 14:30:00,1866.1,20230600,1866.1,20230600,1849.4,20230400
2023-03-03 15:00:00,1866.2,20230600,1866.2,20230600,1850.1,20230400
2023-03-03 16:00:00,1870.3,20230600,1870.3,20230600,1853.7,20230400
2023-03-03 17:00:00,1870.5,20230600,1870.5,20230600,1853.4,20230400
2023-03-03 18:00:00,1872.7,20230600,1872.7,20230600,1856.2,20230400
2023-03-03 19:00:00,1875.3,20230600,1875.3,20230600,1859.3,20230400
2023-03-03 20:00:00,1877.6,20230600,1877.6,20230600,1861.6,20230400
2023-03-03 21:00:00,1880.0,20230600,1880.0,20230600,1862.3,20230400
2023-03-03 23:00:00,1880.0,20230600,1880.0,20230600,1862.3,20230400
2023-03-06 14:30:00,1874.0,20230600,1874.0,20230600,1857.4,20230400
2023-03-06 15:00:00,1873.4,20230600,1873.4,20230600,1856.5,20230400
2023-03-06 16:00:00,1872.7,20230600,1872.7,20230600,1857.1,20230400
2023-03-06 17:00:00,1871.6,20230600,1871.6,20230600,1855.9,20230400
2023-03-06 18:00:00,1869.4,20230600,1869.4,20230600,1852.8,20230400
2023-03-06 19:00:00,1867.8,20230600,1867.8,20230600,1851.6,20230400
2023-03-06 20:00:00,1868.8,20230600,1868.8,20230600,1852.3,20230400
2023-03-06 21:00:00,1869.2,20230600,1869.2,20230600,1852.5,20230400
2023-03-06 23:00:00,1869.2,20230600,1869.2,20230600,1852.2,20230400
2023-03-07 14:30:00,1853.2,20230600,1853.2,20230600,1836.1,20230400
2023-03-07 15:00:00,1838.5,20230600,1838.5,20230600,1822.1,20230400
2023-03-07 16:00:00,1841.3,20230600,1841.3,20230600,1824.6,20230400
2023-03-07 17:00:00,1838.4,20230600,1838.4,20230600,1821.5,20230400
2023-03-07 18:00:00,1836.0,20230600,1836.0,20230600,1819.1,20230400
2023-03-07 19:00:00,1834.9,20230600,1834.9,20230600,1818.4,20230400
2023-03-07 20:00:00,1836.0,20230600,1836.0,20230600,1818.8,20230400
2023-03-07 21:00:00,1834.0,20230600,1834.0,20230600,1817.8,20230400
2023-03-07 23:00:00,1834.0,20230600,1834.0,20230600,1817.8,20230400
2023-03-08 14:30:00,1842.5,20230600,1842.5,20230600,1824.8,20230400
2023-03-08 15:00:00,1841.7,20230600,1841.7,20230600,1824.8,20230400
2023-03-08 16:00:00,1838.5,20230600,1838.5,20230600,1822.0,20230400
2023-03-08 17:00:00,1837.0,20230600,1837.0,20230600,1819.5,20230400
2023-03-08 18:00:00,1834.8,20230600,1834.8,20230600,1818.5,20230400
2023-03-08 19:00:00,1836.8,20230600,1836.8,20230600,1820.3,20230400
2023-03-08 20:00:00,1834.8,20230600,1834.8,20230600,1817.6,20230400
2023-03-08 21:00:00,1834.9,20230600,1834.9,20230600,1818.7,20230400
2023-03-08 23:00:00,1834.9,20230600,1834.9,20230600,1818.1,20230400
2023-03-09 14:30:00,1852.2,20230600,1852.2,20230600,1835.2,20230400
2023-03-09 15:00:00,1849.5,20230600,1849.5,20230600,1832.6,20230400
2023-03-09 16:00:00,1846.9,20230600,1846.9,20230600,1829.8,20230400
2023-03-09 17:00:00,1850.0,20230600,1850.0,20230600,1833.2,20230400
2023-03-09 18:00:00,1856.0,20230600,1856.0,20230600,1839.0,20230400
2023-03-09 19:00:00,1851.6,20230600,1851.6,20230600,1834.9,20230400
2023-03-09 20:00:00,1851.5,20230600,1851.5,20230600,1834.8,20230400
2023-03-09 21:00:00,1851.8,20230600,1851.8,20230600,1835.0,20230400
2023-03-09 23:00:00,1851.8,20230600,1851.8,20230600,1835.0,20230400
2023-03-10 14:30:00,1880.5,20230600,1880.5,20230600,1863.0,20230400
2023-03-10 15:00:00,1884.4,20230600,1884.4,20230600,1867.6,20230400
2023-03-10 16:00:00,1876.8,20230600,1876.8,20230600,1859.3,20230400
2023-03-10 17:00:00,1885.5,20230600,1885.5,20230600,1868.6,20230400
2023-03-10 18:00:00,1884.0,20230600,1884.0,20230600,1867.4,20230400
2023-03-10 19:00:00,1884.7,20230600,1884.7,20230600,1868.2,20230400
2023-03-10 20:00:00,1890.7,20230600,1890.7,20230600,1873.9,20230400
2023-03-10 21:00:00,1889.5,20230600,1889.5,20230600,1872.8,20230400
2023-03-10 23:00:00,1888.4,20230600,1888.4,20230600,1872.8,20230400
2023-03-13 13:30:00,1917.8,20230600,1917.8,20230600,1901.3,20230400
2023-03-13 14:00:00,1932.0,20230600,1932.0,20230600,1916.0,20230400
2023-03-13 15:00:00,1926.1,20230600,1926.1,20230600,1910.0,20230400
2023-03-13 16:00:00,1930.8,20230600,1930.8,20230600,1914.2,20230400
2023-03-13 17:00:00,1931.0,20230600,1931.0,20230600,1914.9,20230400
2023-03-13 18:00:00,1933.1,20230600,1933.1,20230600,1916.8,20230400
2023-03-13 19:00:00,1934.5,20230600,1934.5,20230600,1918.2,20230400
2023-03-13 20:00:00,1935.1,20230600,1935.1,20230600,1918.9,20230400
2023-03-13 23:00:00,1935.1,20230600,1935.1,20230600,1918.9,20230400
2023-03-14 13:30:00,1923.0,20230600,1923.0,20230600,1906.8,20230400
2023-03-14 14:00:00,1928.3,20230600,1928.3,20230600,1912.0,20230400
2023-03-14 15:00:00,1925.3,20230600,1925.3,20230600,1908.7,20230400
2023-03-14 16:00:00,1930.2,20230600,1930.2,20230600,1913.4,20230400
2023-03-14 17:00:00,1927.9,20230600,1927.9,20230600,1911.3,20230400
2023-03-14 18:00:00,1927.5,20230600,1927.5,20230600,1911.2,20230400
2023-03-14 19:00:00,1923.5,20230600,1923.5,20230600,1907.0,20230400
2023-03-14 20:00:00,1924.3,20230600,1924.3,20230600,1908.1,20230400
2023-03-14 23:00:00,1924.3,20230600,1924.3,20230600,1908.1,20230400
2023-03-15 13:30:00,1947.3,20230600,1947.3,20230600,1930.8,20230400
2023-03-15 14:00:00,1946.6,20230600,1946.6,20230600,1929.0,20230400
2023-03-15 15:00:00,1948.7,20230600,1948.7,20230600,1932.1,20230400
2023-03-15 16:00:00,1954.8,20230600,1954.8,20230600,1938.5,20230400
2023-03-15 17:00:00,1946.4,20230600,1946.4,20230600,1929.5,20230400
2023-03-15 18:00:00,1937.0,20230600,1937.0,20230600,1920.0,20230400
2023-03-15 19:00:00,1938.3,20230600,1938.3,20230600,1921.7,20230400
2023-03-15 20:00:00,1940.1,20230600,1940.1,20230600,1923.0,20230400
2023-03-15 23:00:00,1940.1,20230600,1940.1,20230600,1923.0,20230400
2023-03-16 13:30:00,1944.3,20230600,1944.3,20230600,1928.1,20230400
2023-03-16 14:00:00,1944.1,20230600,1944.1,20230600,1926.7,20230400
2023-03-16 15:00:00,1939.8,20230600,1939.8,20230600,1922.6,20230400
2023-03-16 16:00:00,1935.4,20230600,1935.4,20230600,1919.3,20230400
2023-03-16 17:00:00,1937.5,20230600,1937.5,20230600,1920.6,20230400
2023-03-16 18:00:00,1939.2,20230600,1939.2,20230600,1922.4,20230400
2023-03-16 19:00:00,1941.5,20230600,1941.5,20230600,1924.8,20230400
2023-03-16 20:00:00,1940.8,20230600,1940.8,20230600,1923.6,20230400
2023-03-16 23:00:00,1940.8,20230600,1940.8,20230600,1923.6,20230400
2023-03-17 13:30:00,1972.2,20230600,1972.2,20230600,1955.1,20230400
2023-03-17 14:00:00,1983.5,20230600,1983.5,20230600,1966.9,20230400
2023-03-17 15:00:00,1980.5,20230600,1980.5,20230600,1964.2,20230400
2023-03-17 16:00:00,1983.3,20230600,1983.3,20230600,1966.6,20230400
2023-03-17 17:00:00,1995.5,20230600,1995.5,20230600,1978.3,20230400
2023-03-17 18:00:00,2006.5,20230600,2006.5,20230600,1988.6,20230400
2023-03-17 19:00:00,1998.7,20230600,1998.7,20230600,1981.1,20230400
2023-03-17 20:00:00,2010.2,20230600,2010.2,20230600,1993.4,20230400
2023-03-17 23:00:00,2010.2,20230600,2010.2,20230600,1993.4,20230400
2023-03-20 13:30:00,1999.1,20230600,1999.1,20230600,1982.2,20230400
2023-03-20 14:00:00,1991.7,20230600,1991.7,20230600,1975.0,20230400
2023-03-20 15:00:00,1995.1,20230600,1995.1,20230600,1978.2,20230400
2023-03-20 16:00:00,1995.9,20230600,1995.9,20230600,1979.3,20230400
2023-03-20 17:00:00,1999.1,20230600,1999.1,20230600,1982.2,20230400
2023-03-20 18:00:00,2005.6,20230600,2005.6,20230600,1988.4,20230400
2023-03-20 19:00:00,1999.6,20230600,1999.6,20230600,1981.5,20230400
2023-03-20 20:00:00,2000.1,20230600,2000.1,20230600,1983.0,20230400
2023-03-20 23:00:00,2000.1,20230600,2000.1,20230600,1983.0,20230400
2023-03-21 13:30:00,1973.3,20230600,1973.3,20230600,1956.3,20230400
2023-03-21 14:00:00,1974.3,20230600,1974.3,20230600,1957.1,20230400
2023-03-21 15:00:00,1968.8,20230600,1968.8,20230600,1951.7,20230400
2023-03-21 16:00:00,1964.7,20230600,1964.7,20230600,1947.8,20230400
2023-03-21 17:00:00,1961.8,20230600,1961.8,20230600,1944.7,20230400
2023-03-21 18:00:00,1956.0,20230600,1956.0,20230600,1940.0,20230400
2023-03-21 19:00:00,1960.9,20230600,1960.9,20230600,1943.6,20230400
2023-03-21 20:00:00,1961.2,20230600,1961.2,20230600,1943.4,20230400
2023-03-21 23:00:00,1961.2,20230600,1961.2,20230600,1943.4,20230400
2023-03-22 13:30:00,1962.6,20230600,1962.6,20230600,1946.0,20230400
2023-03-22 14:00:00,1971.4,20230600,1971.4,20230600,1954.1,20230400
2023-03-22 15:00:00,1967.5,20230600,1967.5,20230600,1950.8,20230400
2023-03-22 16:00:00,1969.3,20230600,1969.3,20230600,1952.5,20230400
2023-03-22 17:00:00,1967.0,20230600,1967.0,20230600,1950.3,20230400
2023-03-22 18:00:00,1991.2,20230600,1991.2,20230600,1974.1,20230400
2023-03-22 19:00:00,1993.2,20230600,1993.2,20230600,1976.0,20230400
2023-03-22 20:00:00,1990.7,20230600,1990.7,20230600,1973.3,20230400
2023-03-22 23:00:00,1990.7,20230600,1990.7,20230600,1973.3,20230400
2023-03-23 13:30:00,2004.3,20230600,2004.3,20230600,1986.6,20230400
2023-03-23 14:00:00,1999.0,20230600,1999.0,20230600,1981.8,20230400
2023-03-23 15:00:00,2004.0,20230600,2004.0,20230600,1986.5,20230400
2023-03-23 16:00:00,2014.2,20230600,2014.2,20230600,1996.8,20230400
2023-03-23 17:00:00,2019.7,20230600,2019.7,20230600,2002.3,20230400
2023-03-23 18:00:00,2013.9,20230600,2013.9,20230600,1996.4,20230400
2023-03-23 19:00:00,2017.5,20230600,2017.5,20230600,2000.5,20230400
2023-03-23 20:00:00,2013.9,20230600,2013.9,20230600,1996.2,20230400
2023-03-23 23:00:00,2013.9,20230600,2013.9,20230600,1996.2,20230400
2023-03-24 13:30:00,2010.0,20230600,2010.0,20230600,1992.5,20230400
2023-03-24 14:00:00,2015.0,20230600,2015.0,20230600,1997.2,20230400
2023-03-24 15:00:00,2007.9,20230600,2007.9,20230600,1990.1,20230400
2023-03-24 16:00:00,2007.1,20230600,2007.1,20230600,1989.4,20230400
2023-03-24 17:00:00,2000.2,20230600,2000.2,20230600,1982.4,20230400
2023-03-24 18:00:00,1998.2,20230600,1998.2,20230600,1980.8,20230400
2023-03-24 19:00:00,1996.5,20230600,1996.5,20230600,1978.7,20230400
2023-03-24 20:00:00,1999.0,20230600,1999.0,20230600,1981.0,20230400
2023-03-24 20:00:01,2013.1,20230800,2013.1,20230800,1999.0,20230600
2023-03-24 23:00:00,2013.1,20230800,2013.1,20230800,1999.0,20230600
2023-03-27 14:30:00,1984.1,20230800,1984.1,20230800,1968.1,20230600
2023-03-27 15:00:00,1991.1,20230800,1991.1,20230800,1973.4,20230600
2023-03-27 16:00:00,1993.5,20230800,1993.5,20230800,1975.8,20230600
2023-03-27 17:00:00,1993.4,20230800,1993.4,20230800,1974.8,20230600
2023-03-27 18:00:00,1986.8,20230800,1986.8,20230800,1971.6,20230600
2023-03-27 19:00:00,1992.5,20230800,1992.5,20230800,1974.7,20230600
2023-03-27 20:00:00,1992.8,20230800,1992.8,20230800,1975.7,20230600
2023-03-27 21:00:00,1991.9,20230800,1991.9,20230800,1975.2,20230600
2023-03-27 23:00:00,1991.9,20230800,1991.9,20230800,1975.2,20230600
2023-03-28 14:30:00,2000.0,20230800,2000.0,20230800,1981.9,20230600
2023-03-28 15:00:00,2006.0,20230800,2006.0,20230800,1988.0,20230600
2023-03-28 16:00:00,2004.6,20230800,2004.6,20230800,1985.3,20230600
2023-03-28 17:00:00,2004.4,20230800,2004.4,20230800,1987.6,20230600
2023-03-28 18:00:00,2011.0,20230800,2011.0,20230800,1993.3,20230600
2023-03-28 19:00:00,2008.6,20230800,2008.6,20230800,1991.7,20230600
2023-03-28 20:00:00,2010.0,20230800,2010.0,20230800,1992.9,20230600
2023-03-28 21:00:00,2010.2,20230800,2010.2,20230800,1992.6,20230600
2023-03-28 23:00:00,2010.2,20230800,2010.2,20230800,1992.6,20230600
2023-03-29 14:30:00,2002.0,20230800,2002.0,20230800,1984.3,20230600
2023-03-29 15:00:00,2005.5,20230800,2005.5,20230800,1987.7,20230600
2023-03-29 16:00:00,1998.0,20230800,1998.0,20230800,1980.2,20230600
2023-03-29 17:00:00,2000.5,20230800,2000.5,20230800,1983.5,20230600
2023-03-29 18:00:00,2004.6,20230800,2004.6,20230800,1987.5,20230600
2023-03-29 19:00:00,2004.5,20230800,2004.5,20230800,1985.5,20230600
2023-03-29 20:00:00,1999.8,20230800,1999.8,20230800,1981.7,20230600
2023-03-29 21:00:00,1999.5,20230800,1999.5,20230800,1983.4,20230600
2023-03-29 23:00:00,1999.5,20230800,1999.5,20230800,1983.4,20230600
2023-03-30 14:30:00,2003.1,20230800,2003.1,20230800,1984.0,20230600
2023-03-30 15:00:00,2007.0,20230800,2007.0,20230800,1989.7,20230600
2023-03-30 16:00:00,2010.6,20230800,2010.6,20230800,1992.6,20230600
2023-03-30 17:00:00,2018.5,20230800,2018.5,20230800,2001.0,20230600
2023-03-30 18:00:00,2016.3,20230800,2016.3,20230800,1997.8,20230600
2023-03-30 19:00:00,2017.6,20230800,2017.6,20230800,1999.4,20230600
2023-03-30 20:00:00,2018.0,20230800,2018.0,20230800,1999.2,20230600
2023-03-30 21:00:00,2015.8,20230800,2015.8,20230800,1998.1,20230600
2023-03-30 23:00:00,2015.8,20230800,2015.8,20230800,1998.1,20230600
2023-03-31 14:30:00,2016.8,20230800,2016.8,20230800,1997.2,20230600
2023-03-31 15:00:00,2011.5,20230800,2011.5,20230800,1995.5,20230600
2023-03-31 16:00:00,2014.8,20230800,2014.8,20230800,1997.1,20230600
2023-03-31 17:00:00,2013.9,20230800,2013.9,20230800,1995.0,20230600
2023-03-31 18:00:00,2002.4,20230800,2002.4,20230800,1984.9,20230600
2023-03-31 19:00:00,2006.1,20230800,2006.1,20230800,1988.7,20230600
2023-03-31 20:00:00,2004.1,20230800,2004.1,20230800,1987.8,20230600
2023-03-31 21:00:00,2005.0,20230800,2005.0,20230800,1986.2,20230600
2023-03-31 23:00:00,2005.0,20230800,2005.0,20230800,1986.2,20230600
2023-04-03 14:30:00,2015.1,20230800,2015.1,20230800,1993.3,20230600
2023-04-03 15:00:00,2021.9,20230800,2021.9,20230800,2003.5,20230600
2023-04-03 16:00:00,2025.2,20230800,2025.2,20230800,2005.4,20230600
2023-04-03 17:00:00,2023.0,20230800,2023.0,20230800,2004.3,20230600
2023-04-03 18:00:00,2019.6,20230800,2019.6,20230800,2002.1,20230600
2023-04-03 19:00:00,2018.5,20230800,2018.5,20230800,1999.6,20230600
2023-04-03 20:00:00,2019.7,20230800,2019.7,20230800,2002.2,20230600
2023-04-03 21:00:00,2019.6,20230800,2019.6,20230800,2001.7,20230600
2023-04-03 23:00:00,2019.6,20230800,2019.6,20230800,2001.7,20230600
2023-04-04 14:30:00,2026.3,20230800,2026.3,20230800,2009.6,20230600
2023-04-04 15:00:00,2056.1,20230800,2056.1,20230800,2034.4,20230600
2023-04-04 16:00:00,2057.0,20230800,2057.0,20230800,2038.3,20230600
2023-04-04 17:00:00,2056.9,20230800,2056.9,20230800,2038.9,20230600
2023-04-04 18:00:00,2054.2,20230800,2054.2,20230800,2036.4,20230600
2023-04-04 19:00:00,2057.1,20230800,2057.1,20230800,2039.2,20230600
2023-04-04 20:00:00,2057.6,20230800,2057.6,20230800,2039.3,20230600
2023-04-04 21:00:00,2057.1,20230800,2057.1,20230800,2038.3,20230600
2023-04-04 23:00:00,2057.1,20230800,2057.1,20230800,2038.3,20230600
2023-04-05 14:30:00,2057.1,20230800,2057.1,20230800,2039.1,20230600
2023-04-05 15:00:00,2053.0,20230800,2053.0,20230800,2035.1,20230600
2023-04-05 16:00:00,2056.0,20230800,2056.0,20230800,2038.1,20230600
2023-04-05 17:00:00,2055.5,20230800,2055.5,20230800,2037.5,20230600
2023-04-05 18:00:00,2055.0,20230800,2055.0,20230800,2037.3,20230600
2023-04-05 19:00:00,2056.4,20230800,2056.4,20230800,2039.3,20230600
2023-04-05 20:00:00,2057.0,20230800,2057.0,20230800,2038.1,20230600
2023-04-05 21:00:00,2055.0,20230800,2055.0,20230800,2037.1,20230600
2023-04-05 23:00:00,2055.0,20230800,2055.0,20230800,2037.1,20230600
2023-04-06 14:30:00,2037.4,20230800,2037.4,20230800,2019.2,20230600
2023-04-06 15:00:00,2044.4,20230800,2044.4,20230800,2027.6,20230600
2023-04-06 16:00:00,2045.5,20230800,2045.5,20230800,2026.8,20230600
2023-04-06 17:00:00,2046.7,20230800,2046.7,20230800,2027.6,20230600
2023-04-06 18:00:00,2043.1,20230800,2043.1,20230800,2025.9,20230600
2023-04-06 19:00:00,2043.5,20230800,2043.5,20230800,2025.0,20230600
2023-04-06 20:00:00,2040.0,20230800,2040.0,20230800,2023.8,20230600
2023-04-06 21:00:00,2040.9,20230800,2040.9,20230800,2024.2,20230600
2023-04-06 23:00:00,2040.9,20230800,2040.9,20230800,2024.2,20230600
2023-04-10 14:30:00,2020.1,20230800,2020.1,20230800,2002.9,20230600
2023-04-10 15:00:00,2019.8,20230800,2019.8,20230800,2002.7,20230600
2023-04-10 16:00:00,2020.8,20230800,2020.8,20230800,2003.6,20230600
2023-04-10 17:00:00,2023.1,20230800,2023.1,20230800,2004.7,20230600
2023-04-10 18:00:00,2022.1,20230800,2022.1,20230800,2004.0,20230600
2023-04-10 19:00:00,2023.6,20230800,2023.6,20230800,2005.4,20230600
2023-04-10 20:00:00,2023.9,20230800,2023.9,20230800,2005.8,20230600
2023-04-10 21:00:00,2024.3,20230800,2024.3,20230800,2006.5,20230600
2023-04-10 23:00:00,2024.3,20230800,2024.3,20230800,2006.5,20230600
2023-04-11 14:30:00,2035.3,20230800,2035.3,20230800,2016.8,20230600
2023-04-11 15:00:00,2036.0,20230800,2036.0,20230800,2017.8,20230600
2023-04-11 16:00:00,2036.4,20230800,2036.4,20230800,2019.4,20230600
2023-04-11 17:00:00,2039.6,20230800,2039.6,20230800,2021.6,20230600
2023-04-11 18:00:00,2038.5,20230800,2038.5,20230800,2020.9,20230600
2023-04-11 19:00:00,2037.8,20230800,2037.8,20230800,2019.9,20230600
2023-04-11 20:00:00,2038.3,20230800,2038.3,20230800,2020.2,20230600
2023-04-11 21:00:00,2037.0,20230800,2037.0,20230800,2019.0,20230600
2023-04-11 23:00:00,2037.0,20230800,2037.0,20230800,2019.0,20230600
2023-04-12 14:30:00,2039.4,20230800,2039.4,20230800,2022.7,20230600
2023-04-12 15:00:00,2039.8,20230800,2039.8,20230800,2021.7,20230600
2023-04-12 16:00:00,2040.0,20230800,2040.0,20230800,2020.6,20230600
2023-04-12 17:00:00,2041.0,20230800,2041.0,20230800,2022.8,20230600
2023-04-12 18:00:00,2045.0,20230800,2045.0,20230800,2026.1,20230600
2023-04-12 19:00:00,2048.5,20230800,2048.5,20230800,2030.8,20230600
2023-04-12 20:00:00,2049.9,20230800,2049.9,20230800,2031.5,20230600
2023-04-12 21:00:00,2046.8,20230800,2046.8,20230800,2029.5,20230600
2023-04-12 23:00:00,2046.8,20230800,2046.8,20230800,2029.5,20230600
2023-04-13 14:30:00,2080.1,20230800,2080.1,20230800,2061.2,20230600
2023-04-13 15:00:00,2068.8,20230800,2068.8,20230800,2048.6,20230600
2023-04-13 16:00:00,2071.6,20230800,2071.6,20230800,2053.4,20230600
2023-04-13 17:00:00,2072.6,20230800,2072.6,20230800,2054.3,20230600
2023-04-13 18:00:00,2077.0,20230800,2077.0,20230800,2058.1,20230600
2023-04-13 19:00:00,2072.0,20230800,2072.0,20230800,2053.0,20230600
2023-04-13 20:00:00,2071.2,20230800,2071.2,20230800,2052.8,20230600
2023-04-13 21:00:00,2073.8,20230800,2073.8,20230800,2054.5,20230600
2023-04-13 23:00:00,2073.8,20230800,2073.8,20230800,2054.5,20230600
2023-04-14 14:30:00,2056.3,20230800,2056.3,20230800,2037.4,20230600
2023-04-14 15:00:00,2029.8,20230800,2029.8,20230800,2011.8,20230600
2023-04-14 16:00:00,2027.8,20230800,2027.8,20230800,2009.4,20230600
2023-04-14 17:00:00,2031.8,20230800,2031.8,20230800,2013.2,20230600
2023-04-14 18:00:00,2035.8,20230800,2035.8,20230800,2017.3,20230600
2023-04-14 19:00:00,2038.3,20230800,2038.3,20230800,2019.8,20230600
2023-04-14 20:00:00,2037.8,20230800,2037.8,20230800,2019.5,20230600
2023-04-14 21:00:00,2036.1,20230800,2036.1,20230800,2017.6,20230600
2023-04-14 23:00:00,2036.1,20230800,2036.1,20230800,2017.6,20230600
2023-04-17 14:30:00,2027.4,20230800,2027.4,20230800,2008.8,20230600
2023-04-17 15:00:00,2016.6,20230800,2016.6,20230800,1997.8,20230600
2023-04-17 16:00:00,2021.8,20230800,2021.8,20230800,2002.7,20230600
2023-04-17 17:00:00,2023.3,20230800,2023.3,20230800,2004.0,20230600
2023-04-17 18:00:00,2026.5,20230800,2026.5,20230800,2007.7,20230600
2023-04-17 19:00:00,2026.8,20230800,2026.8,20230800,2008.1,20230600
2023-04-17 20:00:00,2026.2,20230800,2026.2,20230800,2007.2,20230600
2023-04-17 21:00:00,2026.7,20230800,2026.7,20230800,2007.5,20230600
2023-04-17 23:00:00,2026.7,20230800,2026.7,20230800,2007.5,20230600
2023-04-18 14:30:00,2030.1,20230800,2030.1,20230800,2011.6,20230600
2023-04-18 15:00:00,2041.1,20230800,2041.1,20230800,2021.7,20230600
2023-04-18 16:00:00,2039.8,20230800,2039.8,20230800,2021.1,20230600
2023-04-18 17:00:00,2038.2,20230800,2038.2,20230800,2019.7,20230600
2023-04-18 18:00:00,2035.4,20230800,2035.4,20230800,2016.7,20230600
2023-04-18 19:00:00,2036.7,20230800,2036.7,20230800,2017.8,20230600
2023-04-18 20:00:00,2036.6,20230800,2036.6,20230800,2018.5,20230600
2023-04-18 21:00:00,2036.2,20230800,2036.2,20230800,2017.7,20230600
2023-04-18 23:00:00,2036.2,20230800,2036.2,20230800,2017.7,20230600
2023-04-19 14:30:00,2022.3,20230800,2022.3,20230800,2003.0,20230600
2023-04-19 15:00:00,2023.5,20230800,2023.5,20230800,2005.0,20230600
2023-04-19 16:00:00,2021.5,20230800,2021.5,20230800,2002.9,20230600
2023-04-19 17:00:00,2027.5,20230800,2027.5,20230800,2008.3,20230600
2023-04-19 18:00:00,2025.1,20230800,2025.1,20230800,2006.2,20230600
2023-04-19 19:00:00,2026.8,20230800,2026.8,20230800,2008.6,20230600
2023-04-19 20:00:00,2026.8,20230800,2026.8,20230800,2008.3,20230600
2023-04-19 21:00:00,2025.7,20230800,2025.7,20230800,2007.4,20230600
2023-04-19 23:00:00,2025.7,20230800,2025.7,20230800,2007.4,20230600
2023-04-20 14:30:00,2033.9,20230800,2033.9,20230800,2015.2,20230600
2023-04-20 15:00:00,2033.8,20230800,2033.8,20230800,2015.2,20230600
2023-04-20 16:00:00,2033.7,20230800,2033.7,20230800,2014.0,20230600
2023-04-20 17:00:00,2037.0,20230800,2037.0,20230800,2017.3,20230600
2023-04-20 18:00:00,2036.3,20230800,2036.3,20230800,2018.2,20230600
2023-04-20 19:00:00,2035.2,20230800,2035.2,20230800,2017.2,20230600
2023-04-20 20:00:00,2033.5,20230800,2033.5,20230800,2014.9,20230600
2023-04-20 21:00:00,2034.5,20230800,2034.5,20230800,2016.5,20230600
2023-04-20 23:00:00,2034.5,20230800,2034.5,20230800,2016.5,20230600
2023-04-21 14:30:00,2004.9,20230800,2004.9,20230800,1984.6,20230600
2023-04-21 15:00:00,2007.6,20230800,2007.6,20230800,1989.7,20230600
2023-04-21 16:00:00,2005.0,20230800,2005.0,20230800,1986.7,20230600
2023-04-21 17:00:00,2007.2,20230800,2007.2,20230800,1988.1,20230600
2023-04-21 18:00:00,2007.7,20230800,2007.7,20230800,1991.0,20230600
2023-04-21 19:00:00,2008.3,20230800,2008.3,20230800,1989.7,20230600
2023-04-21 20:00:00,2008.4,20230800,2008.4,20230800,1991.3,20230600
2023-04-21 21:00:00,2012.5,20230800,2012.5,20230800,1994.0,20230600
2023-04-21 23:00:00,2012.5,20230800,2012.5,20230800,1994.0,20230600
2023-04-24 14:30:00,2007.1,20230800,2007.1,20230800,1988.6,20230600
2023-04-24 15:00:00,2013.0,20230800,2013.0,20230800,1993.2,20230600
2023-04-24 16:00:00,2014.3,20230800,2014.3,20230800,1995.2,20230600
2023-04-24 17:00:00,2015.9,20230800,2015.9,20230800,1997.1,20230600
2023-04-24 18:00:00,2018.9,20230800,2018.9,20230800,2000.0,20230600
2023-04-24 19:00:00,2018.8,20230800,2018.8,20230800,2000.0,20230600
2023-04-24 20:00:00,2017.4,20230800,2017.4,20230800,1999.4,20230600
2023-04-24 21:00:00,2018.2,20230800,2018.2,20230800,1999.5,20230600
2023-04-24 23:00:00,2018.2,20230800,2018.2,20230800,1999.5,20230600
2023-04-25 14:30:00,2014.0,20230800,2014.0,20230800,1995.4,20230600
2023-04-25 15:00:00,2014.9,20230800,2014.9,20230800,1996.1,20230600
2023-04-25 16:00:00,2019.7,20230800,2019.7,20230800,2000.6,20230600
2023-04-25 17:00:00,2019.4,20230800,2019.4,20230800,2001.1,20230600
2023-04-25 18:00:00,2029.0,20230800,2029.0,20230800,2009.5,20230600
2023-04-25 19:00:00,2026.3,20230800,2026.3,20230800,2006.2,20230600
2023-04-25 20:00:00,2026.1,20230800,2026.1,20230800,2007.8,20230600
2023-04-25 21:00:00,2026.5,20230800,2026.5,20230800,2007.7,20230600
2023-04-25 23:00:00,2026.5,20230800,2026.5,20230800,2007.7,20230600
2023-04-26 14:30:00,2032.6,20230800,2032.6,20230800,2013.4,20230600
2023-04-26 15:00:00,2028.0,20230800,2028.0,20230800,2008.8,20230600
2023-04-26 16:00:00,2021.4,20230800,2021.4,20230800,2001.3,20230600
2023-04-26 17:00:00,2015.5,20230800,2015.5,20230800,1996.8,20230600
2023-04-26 18:00:00,2017.4,20230800,2017.4,20230800,1998.5,20230600
2023-04-26 19:00:00,2018.6,20230800,2018.6,20230800,1999.9,20230600
2023-04-26 20:00:00,2020.3,20230800,2020.3,20230800,1999.0,20230600
2023-04-26 21:00:00,2017.8,20230800,2017.8,20230800,1999.0,20230600
2023-04-26 23:00:00,2017.8,20230800,2017.8,20230800,1999.0,20230600
2023-04-27 14:30:00,2010.4,20230800,2010.4,20230800,1990.9,20230600
2023-04-27 15:00:00,2011.2,20230800,2011.2,20230800,1992.5,20230600
2023-04-27 16:00:00,2013.3,20230800,2013.3,20230800,1991.3,20230600
2023-04-27 17:00:00,2011.6,20230800,2011.6,20230800,1993.3,20230600
2023-04-27 18:00:00,2017.3,20230800,2017.3,20230800,1998.3,20230600
2023-04-27 19:00:00,2015.9,20230800,2015.9,20230800,1998.2,20230600
2023-04-27 20:00:00,2017.5,20230800,2017.5,20230800,1998.9,20230600
2023-04-27 21:00:00,2016.4,20230800,2016.4,20230800,1997.0,20230600
2023-04-27 23:00:00,2016.4,20230800,2016.4,20230800,1997.0,20230600
2023-04-28 14:30:00,2012.7,20230800,2012.7,20230800,1995.0,20230600
2023-04-28 15:00:00,2021.6,20230800,2021.6,20230800,2001.4,20230600
2023-04-28 16:00:00,2019.9,20230800,2019.9,20230800,2000.8,20230600
2023-04-28 17:00:00,2019.4,20230800,2019.4,20230800,2000.4,20230600
2023-04-28 18:00:00,2018.3,20230800,2018.3,20230800,1999.7,20230600
2023-04-28 19:00:00,2017.5,20230800,2017.5,20230800,1997.7,20230600
2023-04-28 20:00:00,2015.9,20230800,2015.9,20230800,1996.9,20230600
2023-04-28 21:00:00,2017.3,20230800,2017.3,20230800,1999.2,20230600
2023-04-28 23:00:00,2017.3,20230800,2017.3,20230800,1999.2,20230600
2023-05-01 14:30:00,2026.9,20230800,2026.9,20230800,2006.3,20230600
2023-05-01 15:00:00,2011.5,20230800,2011.5,20230800,1993.0,20230600
2023-05-01 16:00:00,2010.4,20230800,2010.4,20230800,1991.6,20230600
2023-05-01 17:00:00,2009.4,20230800,2009.4,20230800,1990.3,20230600
2023-05-01 18:00:00,2009.9,20230800,2009.9,20230800,1990.9,20230600
2023-05-01 19:00:00,2009.0,20230800,2009.0,20230800,1989.4,20230600
2023-05-01 20:00:00,2007.2,20230800,2007.2,20230800,1989.9,20230600
2023-05-01 21:00:00,2008.9,20230800,2008.9,20230800,1991.1,20230600
2023-05-01 23:00:00,2008.9,20230800,2008.9,20230800,1991.1,20230600
2023-05-02 14:30:00,2014.7,20230800,2014.7,20230800,1995.8,20230600
2023-05-02 15:00:00,2036.0,20230800,2036.0,20230800,2017.5,20230600
2023-05-02 16:00:00,2043.0,20230800,2043.0,20230800,2023.7,20230600
2023-05-02 17:00:00,2043.3,20230800,2043.3,20230800,2024.4,20230600
2023-05-02 18:00:00,2041.0,20230800,2041.0,20230800,2021.8,20230600
2023-05-02 19:00:00,2042.4,20230800,2042.4,20230800,2023.5,20230600
2023-05-02 20:00:00,2046.4,20230800,2046.4,20230800,2027.3,20230600
2023-05-02 21:00:00,2044.7,20230800,2044.7,20230800,2025.8,20230600
2023-05-02 23:00:00,2044.7,20230800,2044.7,20230800,2025.8,20230600
2023-05-03 14:30:00,2042.3,20230800,2042.3,20230800,2022.9,20230600
2023-05-03 15:00:00,2049.1,20230800,2049.1,20230800,2030.2,20230600
2023-05-03 16:00:00,2051.9,20230800,2051.9,20230800,2032.7,20230600
2023-05-03 17:00:00,2052.3,20230800,2052.3,20230800,2033.2,20230600
2023-05-03 18:00:00,2053.0,20230800,2053.0,20230800,2033.7,20230600
2023-05-03 19:00:00,2049.3,20230800,2049.3,20230800,2031.9,20230600
2023-05-03 20:00:00,2049.0,20230800,2049.0,20230800,2028.9,20230600
2023-05-03 21:00:00,2067.9,20230800,2067.9,20230800,2048.7,20230600
2023-05-03 23:00:00,2067.9,20230800,2067.9,20230800,2048.7,20230600
2023-05-04 14:30:00,2071.2,20230800,2071.2,20230800,2052.7,20230600
2023-05-04 15:00:00,2083.6,20230800,2083.6,20230800,2063.9,20230600
2023-05-04 16:00:00,2078.6,20230800,2078.6,20230800,2059.4,20230600
2023-05-04 17:00:00,2079.4,20230800,2079.4,20230800,2059.0,20230600
2023-05-04 18:00:00,2074.3,20230800,2074.3,20230800,2054.5,20230600
2023-05-04 19:00:00,2077.1,20230800,2077.1,20230800,2057.7,20230600
2023-05-04 20:00:00,2076.0,20230800,2076.0,20230800,2056.7,20230600
2023-05-04 21:00:00,2077.6,20230800,2077.6,20230800,2058.6,20230600
2023-05-04 23:00:00,2077.6,20230800,2077.6,20230800,2058.6,20230600
2023-05-05 14:30:00,2030.8,20230800,2030.8,20230800,2011.4,20230600
2023-05-05 15:00:00,2037.4,20230800,2037.4,20230800,2018.1,20230600
2023-05-05 16:00:00,2041.9,20230800,2041.9,20230800,2022.7,20230600
2023-05-05 17:00:00,2044.1,20230800,2044.1,20230800,2024.8,20230600
2023-05-05 18:00:00,2042.5,20230800,2042.5,20230800,2023.2,20230600
2023-05-05 19:00:00,2043.5,20230800,2043.5,20230800,2024.4,20230600
2023-05-05 20:00:00,2044.0,20230800,2044.0,20230800,2025.0,20230600
2023-05-05 21:00:00,2044.0,20230800,2044.0,20230800,2024.9,20230600
2023-05-05 23:00:00,2044.0,20230800,2044.0,20230800,2024.9,20230600
2023-05-08 14:30:00,2051.6,20230800,2051.6,20230800,2032.3,20230600
2023-05-08 15:00:00,2052.0,20230800,2052.0,20230800,2032.3,20230600
2023-05-08 16:00:00,2054.1,20230800,2054.1,20230800,2034.9,20230600
2023-05-08 17:00:00,2054.1,20230800,2054.1,20230800,2034.7,20230600
2023-05-08 18:00:00,2050.2,20230800,2050.2,20230800,2031.3,20230600
2023-05-08 19:00:00,2048.4,20230800,2048.4,20230800,2028.8,20230600
2023-05-08 20:00:00,2048.2,20230800,2048.2,20230800,2027.7,20230600
2023-05-08 21:00:00,2047.5,20230800,2047.5,20230800,2028.4,20230600
2023-05-08 23:00:00,2047.5,20230800,2047.5,20230800,2028.4,20230600
2023-05-09 14:30:00,2057.0,20230800,2057.0,20230800,2037.6,20230600
2023-05-09 15:00:00,2053.7,20230800,2053.7,20230800,2033.1,20230600
2023-05-09 16:00:00,2053.5,20230800,2053.5,20230800,2033.9,20230600
2023-05-09 17:00:00,2056.4,20230800,2056.4,20230800,2038.4,20230600
2023-05-09 18:00:00,2062.0,20230800,2062.0,20230800,2043.0,20230600
2023-05-09 19:00:00,2062.7,20230800,2062.7,20230800,2042.7,20230600
2023-05-09 20:00:00,2061.4,20230800,2061.4,20230800,2042.0,20230600
2023-05-09 21:00:00,2061.1,20230800,2061.1,20230800,2042.2,20230600
2023-05-09 23:00:00,2061.1,20230800,2061.1,20230800,2042.2,20230600
2023-05-10 14:30:00,2063.8,20230800,2063.8,20230800,2045.1,20230600
2023-05-10 15:00:00,2054.8,20230800,2054.8,20230800,2035.9,20230600
2023-05-10 16:00:00,2051.0,20230800,2051.0,20230800,2032.0,20230600
2023-05-10 17:00:00,2052.7,20230800,2052.7,20230800,2034.7,20230600
2023-05-10 18:00:00,2057.2,20230800,2057.2,20230800,2037.8,20230600
2023-05-10 19:00:00,2058.9,20230800,2058.9,20230800,2039.1,20230600
2023-05-10 20:00:00,2057.5,20230800,2057.5,20230800,2038.2,20230600
2023-05-10 21:00:00,2057.5,20230800,2057.5,20230800,2037.0,20230600
2023-05-10 23:00:00,2057.5,20230800,2057.5,20230800,2037.0,20230600
2023-05-11 14:30:00,2038.0,20230800,2038.0,20230800,2018.5,20230600
2023-05-11 15:00:00,2046.6,20230800,2046.6,20230800,2027.0,20230600
2023-05-11 16:00:00,2038.2,20230800,2038.2,20230800,2019.3,20230600
2023-05-11 17:00:00,2040.6,20230800,2040.6,20230800,2021.2,20230600
2023-05-11 18:00:00,2038.7,20230800,2038.7,20230800,2019.5,20230600
2023-05-11 19:00:00,2038.6,20230800,2038.6,20230800,2020.1,20230600
2023-05-11 20:00:00,2039.8,20230800,2039.8,20230800,2020.4,20230600
2023-05-11 21:00:00,2039.6,20230800,2039.6,20230800,2020.4,20230600
2023-05-11 23:00:00,2039.6,20230800,2039.6,20230800,2020.4,20230600
2023-05-12 14:30:00,2044.6,20230800,2044.6,20230800,2025.4,20230600
2023-05-12 15:00:00,2036.0,20230800,2036.0,20230800,2016.2,20230600
2023-05-12 16:00:00,2033.7,20230800,2033.7,20230800,2014.4,20230600
2023-05-12 17:00:00,2037.7,20230800,2037.7,20230800,2018.6,20230600
2023-05-12 18:00:00,2038.5,20230800,2038.5,20230800,2019.5,20230600
2023-05-12 19:00:00,2039.0,20230800,2039.0,20230800,2019.6,20230600
2023-05-12 20:00:00,2036.8,20230800,2036.8,20230800,2017.3,20230600
2023-05-12 21:00:00,2035.3,20230800,2035.3,20230800,2015.5,20230600
2023-05-12 23:00:00,2035.3,20230800,2035.3,20230800,2015.5,20230600
2023-05-15 14:30:00,2045.8,20230800,2045.8,20230800,2025.7,20230600
2023-05-15 15:00:00,2038.8,20230800,2038.8,20230800,2020.3,20230600
2023-05-15 16:00:00,2042.0,20230800,2042.0,20230800,2022.8,20230600
2023-05-15 17:00:00,2044.4,20230800,2044.4,20230800,2025.3,20230600
2023-05-15 18:00:00,2043.4,20230800,2043.4,20230800,2023.3,20230600
2023-05-15 19:00:00,2040.3,20230800,2040.3,20230800,2020.0,20230600
2023-05-15 20:00:00,2039.5,20230800,2039.5,20230800,2020.7,20230600
2023-05-15 21:00:00,2040.5,20230800,2040.5,20230800,2021.3,20230600
2023-05-15 23:00:00,2040.5,20230800,2040.5,20230800,2021.3,20230600
2023-05-16 14:30:00,2032.0,20230800,2032.0,20230800,2012.2,20230600
2023-05-16 15:00:00,2026.8,20230800,2026.8,20230800,2007.4,20230600
2023-05-16 16:00:00,2019.0,20230800,2019.0,20230800,1999.9,20230600
2023-05-16 17:00:00,2010.5,20230800,2010.5,20230800,1991.3,20230600
2023-05-16 18:00:00,2009.5,20230800,2009.5,20230800,1990.5,20230600
2023-05-16 19:00:00,2013.6,20230800,2013.6,20230800,1994.5,20230600
2023-05-16 20:00:00,2013.5,20230800,2013.5,20230800,1993.9,20230600
2023-05-16 21:00:00,2011.9,20230800,2011.9,20230800,1992.9,20230600
2023-05-16 23:00:00,2011.9,20230800,2011.9,20230800,1992.9,20230600
2023-05-17 14:30:00,2000.0,20230800,2000.0,20230800,1981.0,20230600
2023-05-17 15:00:00,2005.5,20230800,2005.5,20230800,1986.7,20230600
2023-05-17 16:00:00,2002.7,20230800,2002.7,20230800,1984.0,20230600
2023-05-17 17:00:00,2007.0,20230800,2007.0,20230800,1987.6,20230600
2023-05-17 18:00:00,2003.7,20230800,2003.7,20230800,1985.3,20230600
2023-05-17 19:00:00,2005.3,20230800,2005.3,20230800,1987.6,20230600
2023-05-17 20:00:00,2006.8,20230800,2006.8,20230800,1987.9,20230600
2023-05-17 21:00:00,2004.8,20230800,2004.8,20230800,1985.6,20230600
2023-05-17 23:00:00,2004.8,20230800,2004.8,20230800,1985.6,20230600
2023-05-18 14:30:00,1981.3,20230800,1981.3,20230800,1962.9,20230600
2023-05-18 15:00:00,1976.6,20230800,1976.6,20230800,1958.0,20230600
2023-05-18 16:00:00,1976.6,20230800,1976.6,20230800,1958.6,20230600
2023-05-18 17:00:00,1977.0,20230800,1977.0,20230800,1958.2,20230600
2023-05-18 18:00:00,1979.6,20230800,1979.6,20230800,1961.1,20230600
2023-05-18 19:00:00,1977.6,20230800,1977.6,20230800,1959.1,20230600
2023-05-18 20:00:00,1977.8,20230800,1977.8,20230800,1959.3,20230600
2023-05-18 21:00:00,1978.8,20230800,1978.8,20230800,1960.1,20230600
2023-05-18 23:00:00,1978.8,20230800,1978.8,20230800,1960.1,20230600
2023-05-19 14:30:00,1981.8,20230800,1981.8,20230800,1963.1,20230600
2023-05-19 15:00:00,1979.4,20230800,1979.4,20230800,1960.8,20230600
2023-05-19 16:00:00,1995.0,20230800,1995.0,20230800,1977.2,20230600
2023-05-19 17:00:00,1999.4,20230800,1999.4,20230800,1980.4,20230600
2023-05-19 18:00:00,2003.8,20230800,2003.8,20230800,1985.3,20230600
2023-05-19 19:00:00,1998.2,20230800,1998.2,20230800,1979.4,20230600
2023-05-19 20:00:00,1998.2,20230800,1998.2,20230800,1978.7,20230600
2023-05-19 20:00:01,2016.7,20231000,2016.7,20231000,1998.2,20230800
2023-05-19 21:00:00,2017.9,20231000,2017.9,20231000,1998.8,20230800
2023-05-19 23:00:00,2017.9,20231000,2017.9,20231000,1998.8,20230800
2023-05-22 14:30:00,2011.9,20231000,2011.9,20231000,1992.1,20230800
2023-05-22 15:00:00,2014.1,20231000,2014.1,20231000,1994.0,20230800
2023-05-22 16:00:00,2011.6,20231000,2011.6,20231000,1993.0,20230800
2023-05-22 17:00:00,2014.2,20231000,2014.2,20231000,1994.9,20230800
2023-05-22 18:00:00,2014.2,20231000,2014.2,20231000,1995.6,20230800
2023-05-22 19:00:00,2012.6,20231000,2012.6,20231000,1993.3,20230800
2023-05-22 20:00:00,2012.2,20231000,2012.2,20231000,1992.3,20230800
2023-05-22 21:00:00,2012.2,20231000,2012.2,20231000,1992.0,20230800
2023-05-22 23:00:00,2012.2,20231000,2012.2,20231000,1992.0,20230800
2023-05-23 14:30:00,2008.9,20231000,2008.9,20231000,1990.1,20230800
2023-05-23 15:00:00,2008.0,20231000,2008.0,20231000,1989.2,20230800
2023-05-23 16:00:00,2006.1,20231000,2006.1,20231000,1987.6,20230800
2023-05-23 17:00:00,2012.7,20231000,2012.7,20231000,1993.5,20230800
2023-05-23 18:00:00,2013.7,20231000,2013.7,20231000,1995.2,20230800
2023-05-23 19:00:00,2016.3,20231000,2016.3,20231000,1996.4,20230800
2023-05-23 20:00:00,2014.8,20231000,2014.8,20231000,1995.4,20230800
2023-05-23 21:00:00,2014.8,20231000,2014.8,20231000,1995.8,20230800
2023-05-23 23:00:00,2015.2,20231000,2015.2,20231000,1995.8,20230800
2023-05-24 14:30:00,2013.5,20231000,2013.5,20231000,1993.4,20230800
2023-05-24 15:00:00,2008.5,20231000,2008.5,20231000,1989.9,20230800
2023-05-24 16:00:00,2002.5,20231000,2002.5,20231000,1983.3,20230800
2023-05-24 17:00:00,1999.1,20231000,1999.1,20231000,1979.5,20230800
2023-05-24 18:00:00,2003.1,20231000,2003.1,20231000,1983.6,20230800
2023-05-24 19:00:00,2000.1,20231000,2000.1,20231000,1980.2,20230800
2023-05-24 20:00:00,2000.1,20231000,2000.1,20231000,1980.0,20230800
2023-05-24 21:00:00,1997.5,20231000,1997.5,20231000,1977.6,20230800
2023-05-24 23:00:00,1997.5,20231000,1997.5,20231000,1977.6,20230800
2023-05-25 14:30:00,1984.7,20231000,1984.7,20231000,1965.6,20230800
2023-05-25 15:00:00,1982.5,20231000,1982.5,20231000,1964.0,20230800
2023-05-25 16:00:00,1983.7,20231000,1983.7,20231000,1964.4,20230800
2023-05-25 17:00:00,1982.0,20231000,1982.0,20231000,1962.5,20230800
2023-05-25 18:00:00,1982.2,20231000,1982.2,20231000,1963.4,20230800
2023-05-25 19:00:00,1980.4,20231000,1980.4,20231000,1961.0,20230800
2023-05-25 20:00:00,1979.1,20231000,1979.1,20231000,1960.0,20230800
2023-05-25 21:00:00,1979.2,20231000,1979.2,20231000,1959.6,20230800
2023-05-25 23:00:00,1979.2,20231000,1979.2,20231000,1959.6,20230800
2023-05-26 14:30:00,1985.1,20231000,1985.1,20231000,1965.5,20230800
2023-05-26 15:00:00,1980.0,20231000,1980.0,20231000,1960.6,20230800
2023-05-26 16:00:00,1980.6,20231000,1980.6,20231000,1962.1,20230800
2023-05-26 17:00:00,1983.1,20231000,1983.1,20231000,1962.4,20230800
2023-05-26 18:00:00,1983.3,20231000,1983.3,20231000,1963.5,20230800
2023-05-26 19:00:00,1983.0,20231000,1983.0,20231000,1964.9,20230800
2023-05-26 20:00:00,1983.0,20231000,1983.0,20231000,1963.6,20230800
2023-05-26 21:00:00,1985.2,20231000,1985.2,20231000,1965.0,20230800
2023-05-26 23:00:00,1985.2,20231000,1985.2,20231000,1965.0,20230800
2023-05-30 14:30:00,1990.2,20231000,1990.2,20231000,1970.8,20230800
2023-05-30 15:00:00,1996.0,20231000,1996.0,20231000,1976.6,20230800
2023-05-30 16:00:00,1999.5,20231000,1999.5,20231000,1980.2,20230800
2023-05-30 17:00:00,1998.3,20231000,1998.3,20231000,1978.1,20230800
2023-05-30 18:00:00,1996.1,20231000,1996.1,20231000,1976.9,20230800
2023-05-30 19:00:00,1997.0,20231000,1997.0,20231000,1976.7,20230800
2023-05-30 20:00:00,1998.0,20231000,1998.0,20231000,1978.6,20230800
2023-05-30 21:00:00,1997.9,20231000,1997.9,20231000,1977.7,20230800
2023-05-30 23:00:00,1997.9,20231000,1997.9,20231000,1977.7,20230800
2023-05-31 14:30:00,2007.5,20231000,2007.5,20231000,1987.8,20230800
2023-05-31 15:00:00,2008.1,20231000,2008.1,20231000,1988.0,20230800
2023-05-31 16:00:00,2008.0,20231000,2008.0,20231000,1987.0,20230800
2023-05-31 17:00:00,2003.0,20231000,2003.0,20231000,1983.4,20230800
2023-05-31 18:00:00,2004.6,20231000,2004.6,20231000,1984.7,20230800
2023-05-31 19:00:00,2002.3,20231000,2002.3,20231000,1982.9,20230800
2023-05-31 20:00:00,2002.0,20231000,2002.0,20231000,1981.6,20230800
2023-05-31 21:00:00,2002.0,20231000,2002.0,20231000,1981.0,20230800
2023-05-31 23:00:00,2002.0,20231000,2002.0,20231000,1981.0,20230800
2023-06-01 14:30:00,2010.5,20231000,2010.5,20231000,1990.4,20230800
2023-06-01 15:00:00,2012.9,20231000,2012.9,20231000,1993.9,20230800
2023-06-01 16:00:00,2019.3,20231000,2019.3,20231000,1999.6,20230800
2023-06-01 17:00:00,2016.0,20231000,2016.0,20231000,1996.0,20230800
2023-06-01 18:00:00,2014.9,20231000,2014.9,20231000,1995.5,20230800
2023-06-01 19:00:00,2013.9,20231000,2013.9,20231000,1993.6,20230800
2023-06-01 20:00:00,2014.7,20231000,2014.7,20231000,1995.7,20230800
2023-06-01 21:00:00,2015.0,20231000,2015.0,20231000,1995.2,20230800
2023-06-01 23:00:00,2015.0,20231000,2015.0,20231000,1995.2,20230800
2023-06-02 14:30:00,1999.4,20231000,1999.4,20231000,1980.1,20230800
2023-06-02 15:00:00,2002.0,20231000,2002.0,20231000,1981.6,20230800
2023-06-02 16:00:00,1997.7,20231000,1997.7,20231000,1978.8,20230800
2023-06-02 17:00:00,1989.1,20231000,1989.1,20231000,1968.7,20230800
2023-06-02 18:00:00,1987.6,20231000,1987.6,20231000,1968.3,20230800
2023-06-02 19:00:00,1986.8,20231000,1986.8,20231000,1967.6,20230800
2023-06-02 20:00:00,1984.4,20231000,1984.4,20231000,1965.1,20230800
2023-06-02 21:00:00,1984.7,20231000,1984.7,20231000,1963.8,20230800
2023-06-02 23:00:00,1984.7,20231000,1984.7,20231000,1963.8,20230800
2023-06-05 14:30:00,1984.1,20231000,1984.1,20231000,1962.9,20230800
2023-06-05 15:00:00,1993.4,20231000,1993.4,20231000,1973.7,20230800
2023-06-05 16:00:00,1993.0,20231000,1993.0,20231000,1974.3,20230800
2023-06-05 17:00:00,1993.0,20231000,1993.0,20231000,1974.7,20230800
2023-06-05 18:00:00,1996.3,20231000,1996.3,20231000,1976.4,20230800
2023-06-05 19:00:00,1997.7,20231000,1997.7,20231000,1977.0,20230800
2023-06-05 20:00:00,1997.7,20231000,1997.7,20231000,1978.6,20230800
2023-06-05 21:00:00,1997.2,20231000,1997.2,20231000,1977.8,20230800
2023-06-05 23:00:00,1997.2,20231000,1997.2,20231000,1977.8,20230800
2023-06-06 14:30:00,1991.1,20231000,1991.1,20231000,1973.1,20230800
2023-06-06 15:00:00,1994.8,20231000,1994.8,20231000,1975.9,20230800
2023-06-06 16:00:00,1999.3,20231000,1999.3,20231000,1979.6,20230800
2023-06-06 17:00:00,1999.0,20231000,1999.0,20231000,1979.9,20230800
2023-06-06 18:00:00,2001.5,20231000,2001.5,20231000,1980.7,20230800
2023-06-06 19:00:00,2000.3,20231000,2000.3,20231000,1979.4,20230800
2023-06-06 20:00:00,1998.7,20231000,1998.7,20231000,1979.3,20230800
2023-06-06 21:00:00,1999.0,20231000,1999.0,20231000,1979.7,20230800
2023-06-06 23:00:00,1999.0,20231000,1999.0,20231000,1979.7,20230800
2023-06-07 14:30:00,2005.7,20231000,2005.7,20231000,1986.0,20230800
2023-06-07 15:00:00,1992.4,20231000,1992.4,20231000,1973.5,20230800
2023-06-07 16:00:00,1982.7,20231000,1982.7,20231000,1962.6,20230800
2023-06-07 17:00:00,1977.1,20231000,1977.1,20231000,1957.6,20230800
2023-06-07 18:00:00,1979.5,20231000,1979.5,20231000,1959.8,20230800
2023-06-07 19:00:00,1978.5,20231000,1978.5,20231000,1958.5,20230800
2023-06-07 20:00:00,1978.2,20231000,1978.2,20231000,1958.4,20230800
2023-06-07 21:00:00,1976.0,20231000,1976.0,20231000,1955.6,20230800
2023-06-07 23:00:00,1976.0,20231000,1976.0,20231000,1955.6,20230800
2023-06-08 14:30:00,2002.2,20231000,2002.2,20231000,1981.7,20230800
2023-06-08 15:00:00,2001.2,20231000,2001.2,20231000,1982.2,20230800
2023-06-08 16:00:00,2001.8,20231000,2001.8,20231000,1981.9,20230800
2023-06-08 17:00:00,2001.3,20231000,2001.3,20231000,1981.4,20230800
2023-06-08 18:00:00,1997.7,20231000,1997.7,20231000,1979.0,20230800
2023-06-08 19:00:00,1999.5,20231000,1999.5,20231000,1980.2,20230800
2023-06-08 20:00:00,1999.6,20231000,1999.6,20231000,1979.8,20230800
2023-06-08 21:00:00,2000.0,20231000,2000.0,20231000,1980.2,20230800
2023-06-08 23:00:00,2000.0,20231000,2000.0,20231000,1980.2,20230800
2023-06-09 14:30:00,1996.0,20231000,1996.0,20231000,1976.4,20230800
2023-06-09 15:00:00,1998.5,20231000,1998.5,20231000,1978.2,20230800
2023-06-09 16:00:00,1996.0,20231000,1996.0,20231000,1977.0,20230800
2023-06-09 17:00:00,1996.0,20231000,1996.0,20231000,1976.0,20230800
2023-06-09 18:00:00,1996.9,20231000,1996.9,20231000,1976.1,20230800
2023-06-09 19:00:00,1995.2,20231000,1995.2,20231000,1976.0,20230800
2023-06-09 20:00:00,1994.8,20231000,1994.8,20231000,1975.6,20230800
2023-06-09 21:00:00,1994.9,20231000,1994.9,20231000,1975.8,20230800
2023-06-09 23:00:00,1994.9,20231000,1994.9,20231000,1975.8,20230800
2023-06-12 14:30:00,1983.9,20231000,1983.9,20231000,1966.0,20230800
2023-06-12 15:00:00,1987.6,20231000,1987.6,20231000,1968.4,20230800
2023-06-12 16:00:00,1988.4,20231000,1988.4,20231000,1969.4,20230800
2023-06-12 17:00:00,1987.4,20231000,1987.4,20231000,1968.2,20230800
2023-06-12 18:00:00,1988.1,20231000,1988.1,20231000,1970.0,20230800
2023-06-12 19:00:00,1990.9,20231000,1990.9,20231000,1970.7,20230800
2023-06-12 20:00:00,1990.2,20231000,1990.2,20231000,1970.1,20230800
2023-06-12 21:00:00,1991.9,20231000,1991.9,20231000,1971.7,20230800
2023-06-12 23:00:00,1991.9,20231000,1991.9,20231000,1971.7,20230800
2023-06-13 14:30:00,1988.8,20231000,1988.8,20231000,1967.6,20230800
2023-06-13 15:00:00,1986.7,20231000,1986.7,20231000,1966.2,20230800
2023-06-13 16:00:00,1975.5,20231000,1975.5,20231000,1956.3,20230800
2023-06-13 17:00:00,1977.7,20231000,1977.7,20231000,1958.2,20230800
2023-06-13 18:00:00,1975.6,20231000,1975.6,20231000,1955.9,20230800
2023-06-13 19:00:00,1973.0,20231000,1973.0,20231000,1953.9,20230800
2023-06-13 20:00:00,1973.1,20231000,1973.1,20231000,1954.4,20230800
2023-06-13 21:00:00,1976.0,20231000,1976.0,20231000,1956.9,20230800
2023-06-13 23:00:00,1976.0,20231000,1976.0,20231000,1956.9,20230800
2023-06-14 14:30:00,1989.4,20231000,1989.4,20231000,1969.4,20230800
2023-06-14 15:00:00,1989.3,20231000,1989.3,20231000,1971.3,20230800
2023-06-14 16:00:00,1989.1,20231000,1989.1,20231000,1969.3,20230800
2023-06-14 17:00:00,1988.0,20231000,1988.0,20231000,1968.6,20230800
2023-06-14 18:00:00,1986.9,20231000,1986.9,20231000,1967.3,20230800
2023-06-14 19:00:00,1982.4,20231000,1982.4,20231000,1963.3,20230800
2023-06-14 20:00:00,1979.6,20231000,1979.6,20231000,1959.9,20230800
2023-06-14 21:00:00,1974.5,20231000,1974.5,20231000,1955.7,20230800
2023-06-14 23:00:00,1974.5,20231000,1974.5,20231000,1955.7,20230800
2023-06-15 14:30:00,1985.0,20231000,1985.0,20231000,1965.2,20230800
2023-06-15 15:00:00,1984.0,20231000,1984.0,20231000,1965.1,20230800
2023-06-15 16:00:00,1988.2,20231000,1988.2,20231000,1968.8,20230800
2023-06-15 17:00:00,1992.1,20231000,1992.1,20231000,1971.8,20230800
2023-06-15 18:00:00,1992.0,20231000,1992.0,20231000,1971.0,20230800
2023-06-15 19:00:00,1989.5,20231000,1989.5,20231000,1970.0,20230800
2023-06-15 20:00:00,1990.2,20231000,1990.2,20231000,1970.8,20230800
2023-06-15 21:00:00,1989.7,20231000,1989.7,20231000,1970.5,20230800
2023-06-15 23:00:00,1989.7,20231000,1989.7,20231000,1970.5,20230800
2023-06-16 14:30:00,1992.5,20231000,1992.5,20231000,1973.6,20230800
2023-06-16 15:00:00,1990.9,20231000,1990.9,20231000,1972.8,20230800
2023-06-16 16:00:00,1987.4,20231000,1987.4,20231000,1968.5,20230800
2023-06-16 17:00:00,1986.3,20231000,1986.3,20231000,1967.3,20230800
2023-06-16 18:00:00,1991.0,20231000,1991.0,20231000,1971.3,20230800
2023-06-16 19:00:00,1990.5,20231000,1990.5,20231000,1971.0,20230800
2023-06-16 20:00:00,1987.5,20231000,1987.5,20231000,1970.8,20230800
2023-06-16 21:00:00,1989.9,20231000,1989.9,20231000,1970.7,20230800
2023-06-16 23:00:00,1989.9,20231000,1989.9,20231000,1970.7,20230800
2023-06-20 14:30:00,1963.4,20231000,1963.4,20231000,1943.1,20230800
2023-06-20 15:00:00,1966.0,20231000,1966.0,20231000,1946.4,20230800
2023-06-20 16:00:00,1965.8,20231000,1965.8,20231000,1946.5,20230800
2023-06-20 17:00:00,1968.6,20231000,1968.6,20231000,1949.0,20230800
2023-06-20 18:00:00,1968.4,20231000,1968.4,20231000,1949.4,20230800
2023-06-20 19:00:00,1968.8,20231000,1968.8,20231000,1949.9,20230800
2023-06-20 20:00:00,1969.0,20231000,1969.0,20231000,1948.8,20230800
2023-06-20 21:00:00,1967.0,20231000,1967.0,20231000,1948.2,20230800
2023-06-20 23:00:00,1967.0,20231000,1967.0,20231000,1948.2,20230800
2023-06-21 14:30:00,1959.7,20231000,1959.7,20231000,1939.6,20230800
2023-06-21 15:00:00,1965.0,20231000,1965.0,20231000,1943.0,20230800
2023-06-21 16:00:00,1961.6,20231000,1961.6,20231000,1943.1,20230800
2023-06-21 17:00:00,1963.8,20231000,1963.8,20231000,1944.0,20230800
2023-06-21 18:00:00,1965.2,20231000,1965.2,20231000,1945.2,20230800
2023-06-21 19:00:00,1966.2,20231000,1966.2,20231000,1947.1,20230800
2023-06-21 20:00:00,1965.6,20231000,1965.6,20231000,1946.2,20230800
2023-06-21 21:00:00,1963.8,20231000,1963.8,20231000,1943.5,20230800
2023-06-21 23:00:00,1963.8,20231000,1963.8,20231000,1943.5,20230800
2023-06-22 14:30:00,1951.9,20231000,1951.9,20231000,1932.3,20230800
2023-06-22 15:00:00,1945.0,20231000,1945.0,20231000,1925.2,20230800
2023-06-22 16:00:00,1942.5,20231000,1942.5,20231000,1923.3,20230800
2023-06-22 17:00:00,1944.7,20231000,1944.7,20231000,1925.2,20230800
2023-06-22 18:00:00,1945.5,20231000,1945.5,20231000,1926.6,20230800
2023-06-22 19:00:00,1943.5,20231000,1943.5,20231000,1925.3,20230800
2023-06-22 20:00:00,1945.0,20231000,1945.0,20231000,1925.3,20230800
2023-06-22 21:00:00,1942.5,20231000,1942.5,20231000,1923.7,20230800
2023-06-22 23:00:00,1942.5,20231000,1942.5,20231000,1923.7,20230800
2023-06-23 14:30:00,1962.7,20231000,1962.7,20231000,1942.3,20230800
2023-06-23 15:00:00,1955.0,20231000,1955.0,20231000,1937.1,20230800
2023-06-23 16:00:00,1952.0,20231000,1952.0,20231000,1931.3,20230800
2023-06-23 17:00:00,1947.9,20231000,1947.9,20231000,1928.8,20230800
2023-06-23 18:00:00,1949.7,20231000,1949.7,20231000,1930.8,20230800
2023-06-23 19:00:00,1949.1,20231000,1949.1,20231000,1930.6,20230800
2023-06-23 20:00:00,1948.6,20231000,1948.6,20231000,1929.2,20230800
2023-06-23 21:00:00,1948.7,20231000,1948.7,20231000,1930.5,20230800
2023-06-23 23:00:00,1948.7,20231000,1948.7,20231000,1930.5,20230800
2023-06-26 14:30:00,1953.4,20231000,1953.4,20231000,1934.8,20230800
2023-06-26 15:00:00,1952.1,20231000,1952.1,20231000,1933.2,20230800
2023-06-26 16:00:00,1954.7,20231000,1954.7,20231000,1935.8,20230800
2023-06-26 17:00:00,1953.3,20231000,1953.3,20231000,1933.7,20230800
2023-06-26 18:00:00,1954.3,20231000,1954.3,20231000,1934.6,20230800
2023-06-26 19:00:00,1954.3,20231000,1954.3,20231000,1933.4,20230800
2023-06-26 20:00:00,1952.2,20231000,1952.2,20231000,1933.3,20230800
2023-06-26 21:00:00,1952.2,20231000,1952.2,20231000,1933.1,20230800
2023-06-26 23:00:00,1952.2,20231000,1952.2,20231000,1933.1,20230800
2023-06-27 14:30:00,1952.6,20231000,1952.6,20231000,1933.0,20230800
2023-06-27 15:00:00,1946.4,20231000,1946.4,20231000,1926.6,20230800
2023-06-27 16:00:00,1942.2,20231000,1942.2,20231000,1923.0,20230800
2023-06-27 17:00:00,1943.8,20231000,1943.8,20231000,1924.0,20230800
2023-06-27 18:00:00,1940.2,20231000,1940.2,20231000,1921.6,20230800
2023-06-27 19:00:00,1941.0,20231000,1941.0,20231000,1924.0,20230800
2023-06-27 20:00:00,1943.2,20231000,1943.2,20231000,1924.1,20230800
2023-06-27 21:00:00,1942.5,20231000,1942.5,20231000,1923.3,20230800
2023-06-27 23:00:00,1942.5,20231000,1942.5,20231000,1923.3,20230800
2023-06-28 14:30:00,1938.6,20231000,1938.6,20231000,1918.7,20230800
2023-06-28 15:00:00,1933.6,20231000,1933.6,20231000,1915.9,20230800
2023-06-28 16:00:00,1939.1,20231000,1939.1,20231000,1920.2,20230800
2023-06-28 17:00:00,1940.5,20231000,1940.5,20231000,1921.3,20230800
2023-06-28 18:00:00,1940.1,20231000,1940.1,20231000,1920.6,20230800
2023-06-28 19:00:00,1940.2,20231000,1940.2,20231000,1921.1,20230800
2023-06-28 20:00:00,1940.3,20231000,1940.3,20231000,1919.5,20230800
2023-06-28 21:00:00,1935.2,20231000,1935.2,20231000,1916.6,20230800
2023-06-28 23:00:00,1935.2,20231000,1935.2,20231000,1916.6,20230800
2023-06-29 14:30:00,1926.5,20231000,1926.5,20231000,1907.6,20230800
2023-06-29 15:00:00,1939.7,20231000,1939.7,20231000,1919.1,20230800
2023-06-29 16:00:00,1937.1,20231000,1937.1,20231000,1917.1,20230800
2023-06-29 17:00:00,1936.9,20231000,1936.9,20231000,1918.4,20230800
2023-06-29 18:00:00,1935.5,20231000,1935.5,20231000,1916.1,20230800
2023-06-29 19:00:00,1934.3,20231000,1934.3,20231000,1915.2,20230800
2023-06-29 20:00:00,1934.4,20231000,1934.4,20231000,1914.8,20230800
2023-06-29 21:00:00,1934.8,20231000,1934.8,20231000,1916.5,20230800
2023-06-29 23:00:00,1934.8,20231000,1934.8,20231000,1916.5,20230800
2023-06-30 14:30:00,1938.4,20231000,1938.4,20231000,1919.1,20230800
2023-06-30 15:00:00,1942.4,20231000,1942.4,20231000,1923.2,20230800
2023-06-30 16:00:00,1945.5,20231000,1945.5,20231000,1927.0,20230800
2023-06-30 17:00:00,1946.8,20231000,1946.8,20231000,1928.0,20230800
2023-06-30 18:00:00,1944.7,20231000,1944.7,20231000,1926.3,20230800
2023-06-30 19:00:00,1946.2,20231000,1946.2,20231000,1926.9,20230800
2023-06-30 20:00:00,1946.7,20231000,1946.7,20231000,1927.9,20230800
2023-06-30 21:00:00,1946.7,20231000,1946.7,20231000,1927.3,20230800
2023-06-30 23:00:00,1946.7,20231000,1946.7,20231000,1927.3,20230800
2023-07-03 14:30:00,1953.5,20231000,1953.5,20231000,1934.0,20230800
2023-07-03 15:00:00,1957.0,20231000,1957.0,20231000,1938.2,20230800
2023-07-03 16:00:00,1953.2,20231000,1953.2,20231000,1934.5,20230800
2023-07-03 17:00:00,1950.2,20231000,1950.2,20231000,1930.2,20230800
2023-07-03 23:00:00,1950.2,20231000,1950.2,20231000,1930.2,20230800
2023-07-05 14:30:00,1950.6,20231000,1950.6,20231000,1932.5,20230800
2023-07-05 15:00:00,1948.8,20231000,1948.8,20231000,1930.0,20230800
2023-07-05 16:00:00,1949.5,20231000,1949.5,20231000,1930.5,20230800
2023-07-05 17:00:00,1949.8,20231000,1949.8,20231000,1929.0,20230800
2023-07-05 18:00:00,1945.8,20231000,1945.8,20231000,1927.1,20230800
2023-07-05 19:00:00,1942.2,20231000,1942.2,20231000,1923.2,20230800
2023-07-05 20:00:00,1943.6,20231000,1943.6,20231000,1923.1,20230800
2023-07-05 21:00:00,1941.4,20231000,1941.4,20231000,1922.7,20230800
2023-07-05 23:00:00,1941.4,20231000,1941.4,20231000,1922.7,20230800
2023-07-06 14:30:00,1935.5,20231000,1935.5,20231000,1916.8,20230800
2023-07-06 15:00:00,1933.1,20231000,1933.1,20231000,1913.9,20230800
2023-07-06 16:00:00,1936.5,20231000,1936.5,20231000,1917.4,20230800
2023-07-06 17:00:00,1934.9,20231000,1934.9,20231000,1915.6,20230800
2023-07-06 18:00:00,1935.5,20231000,1935.5,20231000,1916.8,20230800
2023-07-06 19:00:00,1935.4,20231000,1935.4,20231000,1916.9,20230800
2023-07-06 20:00:00,1935.8,20231000,1935.8,20231000,1916.5,20230800
2023-07-06 21:00:00,1935.9,20231000,1935.9,20231000,1916.8,20230800
2023-07-06 23:00:00,1935.9,20231000,1935.9,20231000,1916.8,20230800
2023-07-07 14:30:00,1949.6,20231000,1949.6,20231000,1929.5,20230800
2023-07-07 15:00:00,1958.9,20231000,1958.9,20231000,1939.9,20230800
2023-07-07 16:00:00,1952.5,20231000,1952.5,20231000,1933.8,20230800
2023-07-07 17:00:00,1951.5,20231000,1951.5,20231000,1932.9,20230800
2023-07-07 18:00:00,1952.3,20231000,1952.3,20231000,1933.0,20230800
2023-07-07 19:00:00,1951.3,20231000,1951.3,20231000,1932.5,20230800
2023-07-07 20:00:00,1951.1,20231000,1951.1,20231000,1931.3,20230800
2023-07-07 21:00:00,1949.5,20231000,1949.5,20231000,1930.5,20230800
2023-07-07 23:00:00,1949.5,20231000,1949.5,20231000,1930.5,20230800
2023-07-10 14:30:00,1948.2,20231000,1948.2,20231000,1928.3,20230800
2023-07-10 15:00:00,1946.0,20231000,1946.0,20231000,1927.7,20230800
2023-07-10 16:00:00,1948.4,20231000,1948.4,20231000,1929.1,20230800
2023-07-10 17:00:00,1950.6,20231000,1950.6,20231000,1931.2,20230800
2023-07-10 18:00:00,1950.8,20231000,1950.8,20231000,1931.2,20230800
2023-07-10 19:00:00,1950.4,20231000,1950.4,20231000,1931.3,20230800
2023-07-10 20:00:00,1950.8,20231000,1950.8,20231000,1930.9,20230800
2023-07-10 21:00:00,1950.0,20231000,1950.0,20231000,1930.8,20230800
2023-07-10 23:00:00,1950.0,20231000,1950.0,20231000,1930.8,20230800
2023-07-11 14:30:00,1958.0,20231000,1958.0,20231000,1938.8,20230800
2023-07-11 15:00:00,1956.1,20231000,1956.1,20231000,1937.2,20230800
2023-07-11 16:00:00,1956.9,20231000,1956.9,20231000,1936.3,20230800
2023-07-11 17:00:00,1955.4,20231000,1955.4,20231000,1937.8,20230800
2023-07-11 18:00:00,1956.5,20231000,1956.5,20231000,1937.2,20230800
2023-07-11 19:00:00,1955.5,20231000,1955.5,20231000,1937.1,20230800
2023-07-11 20:00:00,1956.1,20231000,1956.1,20231000,1936.9,20230800
2023-07-11 21:00:00,1956.4,20231000,1956.4,20231000,1937.4,20230800
2023-07-11 23:00:00,1956.4,20231000,1956.4,20231000,1937.4,20230800
2023-07-12 14:30:00,1980.5,20231000,1980.5,20231000,1961.6,20230800
2023-07-12 15:00:00,1982.0,20231000,1982.0,20231000,1962.9,20230800
2023-07-12 16:00:00,1980.3,20231000,1980.3,20231000,1961.2,20230800
2023-07-12 17:00:00,1983.6,20231000,1983.6,20231000,1964.7,20230800
2023-07-12 18:00:00,1980.8,20231000,1980.8,20231000,1962.6,20230800
2023-07-12 19:00:00,1981.5,20231000,1981.5,20231000,1963.0,20230800
2023-07-12 20:00:00,1982.5,20231000,1982.5,20231000,1963.6,20230800
2023-07-12 21:00:00,1982.3,20231000,1982.3,20231000,1963.1,20230800
2023-07-12 23:00:00,1982.3,20231000,1982.3,20231000,1963.1,20230800
2023-07-13 14:30:00,1981.7,20231000,1981.7,20231000,1963.1,20230800
2023-07-13 15:00:00,1984.4,20231000,1984.4,20231000,1965.5,20230800
2023-07-13 16:00:00,1978.6,20231000,1978.6,20231000,1959.5,20230800
2023-07-13 17:00:00,1982.1,20231000,1982.1,20231000,1963.3,20230800
2023-07-13 18:00:00,1983.8,20231000,1983.8,20231000,1964.6,20230800
2023-07-13 19:00:00,1983.6,20231000,1983.6,20231000,1964.5,20230800
2023-07-13 20:00:00,1983.8,20231000,1983.8,20231000,1964.9,20230800
2023-07-13 21:00:00,1984.2,20231000,1984.2,20231000,1965.2,20230800
2023-07-13 23:00:00,1984.2,20231000,1984.2,20231000,1965.2,20230800
2023-07-14 14:30:00,1984.0,20231000,1984.0,20231000,1964.6,20230800
2023-07-14 15:00:00,1983.0,20231000,1983.0,20231000,1964.5,20230800
2023-07-14 16:00:00,1981.5,20231000,1981.5,20231000,1962.1,20230800
2023-07-14 17:00:00,1982.0,20231000,1982.0,20231000,1963.2,20230800
2023-07-14 18:00:00,1983.5,20231000,1983.5,20231000,1964.6,20230800
2023-07-14 19:00:00,1984.2,20231000,1984.2,20231000,1963.7,20230800
2023-07-14 20:00:00,1982.0,20231000,1982.0,20231000,1963.1,20230800
2023-07-14 20:00:01,2001.7,20231200,2001.7,20231200,1982.0,20231000
2023-07-14 21:00:00,1998.2,20231200,1998.2,20231200,1978.9,20231000
2023-07-14 23:00:00,1998.2,20231200,1998.2,20231200,1978.9,20231000
2023-07-17 14:30:00,1992.8,20231200,1992.8,20231200,1973.2,20231000
2023-07-17 15:00:00,1996.2,20231200,1996.2,20231200,1976.6,20231000
2023-07-17 16:00:00,1996.9,20231200,1996.9,20231200,1977.9,20231000
2023-07-17 17:00:00,1997.0,20231200,1997.0,20231200,1977.7,20231000
2023-07-17 18:00:00,1996.7,20231200,1996.7,20231200,1977.9,20231000
2023-07-17 19:00:00,1998.0,20231200,1998.0,20231200,1978.6,20231000
2023-07-17 20:00:00,1998.0,20231200,1998.0,20231200,1978.4,20231000
2023-07-17 21:00:00,1997.1,20231200,1997.1,20231200,1977.7,20231000
2023-07-17 23:00:00,1997.1,20231200,1997.1,20231200,1977.7,20231000
2023-07-18 14:30:00,2013.5,20231200,2013.5,20231200,1994.3,20231000
2023-07-18 15:00:00,2025.0,20231200,2025.0,20231200,2005.6,20231000
2023-07-18 16:00:00,2020.3,20231200,2020.3,20231200,2000.9,20231000
2023-07-18 17:00:00,2020.6,20231200,2020.6,20231200,2001.1,20231000
2023-07-18 18:00:00,2018.9,20231200,2018.9,20231200,1999.2,20231000
2023-07-18 19:00:00,2020.0,20231200,2020.0,20231200,1999.6,20231000
2023-07-18 20:00:00,2019.4,20231200,2019.4,20231200,2000.8,20231000
2023-07-18 21:00:00,2021.5,20231200,2021.5,20231200,2001.5,20231000
2023-07-18 23:00:00,2021.5,20231200,2021.5,20231200,2001.5,20231000
2023-07-19 14:30:00,2019.6,20231200,2019.6,20231200,1999.6,20231000
2023-07-19 15:00:00,2017.1,20231200,2017.1,20231200,1998.1,20231000
2023-07-19 16:00:00,2016.7,20231200,2016.7,20231200,1996.7,20231000
2023-07-19 17:00:00,2020.0,20231200,2020.0,20231200,2000.1,20231000
2023-07-19 18:00:00,2019.7,20231200,2019.7,20231200,2000.0,20231000
2023-07-19 19:00:00,2019.7,20231200,2019.7,20231200,2000.6,20231000
2023-07-19 20:00:00,2020.5,20231200,2020.5,20231200,2001.1,20231000
2023-07-19 21:00:00,2020.5,20231200,2020.5,20231200,1999.8,20231000
2023-07-19 23:00:00,2020.8,20231200,2020.8,20231200,1999.8,20231000
2023-07-20 14:30:00,2017.6,20231200,2017.6,20231200,1997.9,20231000
2023-07-20 15:00:00,2010.9,20231200,2010.9,20231200,1992.5,20231000
2023-07-20 16:00:00,2010.5,20231200,2010.5,20231200,1989.9,20231000
2023-07-20 17:00:00,2009.0,20231200,2009.0,20231200,1989.6,20231000
2023-07-20 18:00:00,2011.9,20231200,2011.9,20231200,1992.4,20231000
2023-07-20 19:00:00,2011.9,20231200,2011.9,20231200,1991.7,20231000
2023-07-20 20:00:00,2011.3,20231200,2011.3,20231200,1990.9,20231000
2023-07-20 21:00:00,2011.0,20231200,2011.0,20231200,1991.1,20231000
2023-07-20 23:00:00,2011.0,20231200,2011.0,20231200,1991.1,20231000
2023-07-21 14:30:00,2002.2,20231200,2002.2,20231200,1983.0,20231000
2023-07-21 15:00:00,2000.4,20231200,2000.4,20231200,1980.7,20231000
2023-07-21 16:00:00,2001.2,20231200,2001.2,20231200,1982.0,20231000
2023-07-21 17:00:00,2004.4,20231200,2004.4,20231200,1985.0,20231000
2023-07-21 18:00:00,2003.2,20231200,2003.2,20231200,1983.8,20231000
2023-07-21 19:00:00,2004.1,20231200,2004.1,20231200,1984.7,20231000
2023-07-21 20:00:00,2003.1,20231200,2003.1,20231200,1982.9,20231000
2023-07-21 21:00:00,2002.7,20231200,2002.7,20231200,1983.2,20231000
2023-07-21 23:00:00,2002.7,20231200,2002.7,20231200,1983.2,20231000
2023-07-24 14:30:00,1999.7,20231200,1999.7,20231200,1980.5,20231000
2023-07-24 15:00:00,2001.9,20231200,2001.9,20231200,1982.3,20231000
2023-07-24 16:00:00,2000.4,20231200,2000.4,20231200,1980.7,20231000
2023-07-24 17:00:00,2000.5,20231200,2000.5,20231200,1981.7,20231000
2023-07-24 18:00:00,1999.8,20231200,1999.8,20231200,1980.1,20231000
2023-07-24 19:00:00,1995.6,20231200,1995.6,20231200,1975.9,20231000
2023-07-24 20:00:00,1995.2,20231200,1995.2,20231200,1975.7,20231000
2023-07-24 21:00:00,1995.4,20231200,1995.4,20231200,1975.6,20231000
2023-07-24 23:00:00,1995.4,20231200,1995.4,20231200,1975.6,20231000
2023-07-25 14:30:00,1996.7,20231200,1996.7,20231200,1976.4,20231000
2023-07-25 15:00:00,2002.0,20231200,2002.0,20231200,1982.4,20231000
2023-07-25 16:00:00,2004.6,20231200,2004.6,20231200,1985.1,20231000
2023-07-25 17:00:00,2002.9,20231200,2002.9,20231200,1983.1,20231000
2023-07-25 18:00:00,2002.6,20231200,2002.6,20231200,1983.0,20231000
2023-07-25 19:00:00,2004.1,20231200,2004.1,20231200,1984.6,20231000
2023-07-25 20:00:00,2005.5,20231200,2005.5,20231200,1985.7,20231000
2023-07-25 21:00:00,2005.8,20231200,2005.8,20231200,1985.9,20231000
2023-07-25 23:00:00,2005.8,20231200,2005.8,20231200,1985.9,20231000
2023-07-26 14:30:00,2007.0,20231200,2007.0,20231200,1987.5,20231000
2023-07-26 15:00:00,2009.5,20231200,2009.5,20231200,1989.4,20231000
2023-07-26 16:00:00,2013.1,20231200,2013.1,20231200,1993.2,20231000
2023-07-26 17:00:00,2011.0,20231200,2011.0,20231200,1991.3,20231000
2023-07-26 18:00:00,2010.2,20231200,2010.2,20231200,1990.3,20231000
2023-07-26 19:00:00,2018.7,20231200,2018.7,20231200,1998.8,20231000
2023-07-26 20:00:00,2014.6,20231200,2014.6,20231200,1994.8,20231000
2023-07-26 21:00:00,2012.6,20231200,2012.6,20231200,1993.0,20231000
2023-07-26 23:00:00,2012.6,20231200,2012.6,20231200,1993.0,20231000
2023-07-27 14:30:00,1984.3,20231200,1984.3,20231200,1964.3,20231000
2023-07-27 15:00:00,1983.4,20231200,1983.4,20231200,1963.8,20231000
2023-07-27 16:00:00,1985.8,20231200,1985.8,20231200,1966.1,20231000
2023-07-27 17:00:00,1982.5,20231200,1982.5,20231200,1962.6,20231000
2023-07-27 18:00:00,1987.0,20231200,1987.0,20231200,1967.8,20231000
2023-07-27 19:00:00,1984.1,20231200,1984.1,20231200,1964.3,20231000
2023-07-27 20:00:00,1984.1,20231200,1984.1,20231200,1964.1,20231000
2023-07-27 21:00:00,1984.8,20231200,1984.8,20231200,1965.0,20231000
2023-07-27 23:00:00,1984.8,20231200,1984.8,20231200,1965.0,20231000
2023-07-28 14:30:00,1994.2,20231200,1994.2,20231200,1974.5,20231000
2023-07-28 15:00:00,1998.5,20231200,1998.5,20231200,1978.8,20231000
2023-07-28 16:00:00,1999.3,20231200,1999.3,20231200,1979.3,20231000
2023-07-28 17:00:00,1999.6,20231200,1999.6,20231200,1979.6,20231000
2023-07-28 18:00:00,1998.2,20231200,1998.2,20231200,1978.5,20231000
2023-07-28 19:00:00,1997.8,20231200,1997.8,20231200,1977.9,20231000
2023-07-28 20:00:00,1996.2,20231200,1996.2,20231200,1976.5,20231000
2023-07-28 21:00:00,1998.0,20231200,1998.0,20231200,1978.1,20231000
2023-07-28 23:00:00,1998.0,20231200,1998.0,20231200,1978.1,20231000
2023-07-31 14:30:00,2009.8,20231200,2009.8,20231200,1989.8,20231000
2023-07-31 15:00:00,2005.8,20231200,2005.8,20231200,1985.7,20231000
2023-07-31 16:00:00,2009.0,20231200,2009.0,20231200,1989.0,20231000
2023-07-31 17:00:00,2009.6,20231200,2009.6,20231200,1989.7,20231000
2023-07-31 18:00:00,2009.6,20231200,2009.6,20231200,1989.8,20231000
2023-07-31 19:00:00,2004.9,20231200,2004.9,20231200,1985.0,20231000
2023-07-31 20:00:00,2003.1,20231200,2003.1,20231200,1983.4,20231000
2023-07-31 21:00:00,2003.7,20231200,2003.7,20231200,1983.8,20231000
2023-07-31 23:00:00,2003.7,20231200,2003.7,20231200,1983.8,20231000
2023-08-01 14:30:00,1985.3,20231200,1985.3,20231200,1966.2,20231000
2023-08-01 15:00:00,1984.0,20231200,1984.0,20231200,1964.5,20231000
2023-08-01 16:00:00,1981.5,20231200,1981.5,20231200,1961.9,20231000
2023-08-01 17:00:00,1980.4,20231200,1980.4,20231200,1960.5,20231000
2023-08-01 18:00:00,1980.0,20231200,1980.0,20231200,1960.3,20231000
2023-08-01 19:00:00,1981.7,20231200,1981.7,20231200,1962.1,20231000
2023-08-01 20:00:00,1981.8,20231200,1981.8,20231200,1962.3,20231000
2023-08-01 21:00:00,1981.5,20231200,1981.5,20231200,1961.8,20231000
2023-08-01 23:00:00,1981.5,20231200,1981.5,20231200,1961.8,20231000
2023-08-02 14:30:00,1981.9,20231200,1981.9,20231200,1962.5,20231000
2023-08-02 15:00:00,1972.4,20231200,1972.4,20231200,1952.8,20231000
2023-08-02 16:00:00,1972.2,20231200,1972.2,20231200,1952.7,20231000
2023-08-02 17:00:00,1972.0,20231200,1972.0,20231200,1952.5,20231000
2023-08-02 18:00:00,1972.9,20231200,1972.9,20231200,1953.3,20231000
2023-08-02 19:00:00,1972.8,20231200,1972.8,20231200,1953.4,20231000
2023-08-02 20:00:00,1971.7,20231200,1971.7,20231200,1952.3,20231000
2023-08-02 21:00:00,1970.8,20231200,1970.8,20231200,1951.5,20231000
2023-08-02 23:00:00,1970.8,20231200,1970.8,20231200,1951.5,20231000
2023-08-03 14:30:00,1968.9,20231200,1968.9,20231200,1949.4,20231000
2023-08-03 15:00:00,1970.7,20231200,1970.7,20231200,1951.0,20231000
2023-08-03 16:00:00,1968.5,20231200,1968.5,20231200,1949.0,20231000
2023-08-03 17:00:00,1971.2,20231200,1971.2,20231200,1951.8,20231000
2023-08-03 18:00:00,1970.0,20231200,1970.0,20231200,1950.5,20231000
2023-08-03 19:00:00,1968.6,20231200,1968.6,20231200,1948.6,20231000
2023-08-03 20:00:00,1969.5,20231200,1969.5,20231200,1950.2,20231000
2023-08-03 21:00:00,1969.2,20231200,1969.2,20231200,1949.7,20231000
2023-08-03 23:00:00,1969.2,20231200,1969.2,20231200,1949.7,20231000
2023-08-04 14:30:00,1979.0,20231200,1979.0,20231200,1959.0,20231000
2023-08-04 15:00:00,1974.4,20231200,1974.4,20231200,1955.5,20231000
2023-08-04 16:00:00,1977.9,20231200,1977.9,20231200,1958.4,20231000
2023-08-04 17:00:00,1977.2,20231200,1977.2,20231200,1957.7,20231000
2023-08-04 18:00:00,1977.5,20231200,1977.5,20231200,1958.1,20231000
2023-08-04 19:00:00,1976.6,20231200,1976.6,20231200,1957.2,20231000
2023-08-04 20:00:00,1976.6,20231200,1976.6,20231200,1957.0,20231000
2023-08-04 21:00:00,1978.5,20231200,1978.5,20231200,1959.1,20231000
2023-08-04 23:00:00,1978.5,20231200,1978.5,20231200,1959.1,20231000
2023-08-07 14:30:00,1968.5,20231200,1968.5,20231200,1949.0,20231000
2023-08-07 15:00:00,1968.9,20231200,1968.9,20231200,1949.5,20231000
2023-08-07 16:00:00,1967.3,20231200,1967.3,20231200,1947.4,20231000
2023-08-07 17:00:00,1969.1,20231200,1969.1,20231200,1949.8,20231000
2023-08-07 18:00:00,1970.8,20231200,1970.8,20231200,1951.5,20231000
2023-08-07 19:00:00,1971.9,20231200,1971.9,20231200,1952.1,20231000
2023-08-07 20:00:00,1971.8,20231200,1971.8,20231200,1952.2,20231000
2023-08-07 21:00:00,1971.4,20231200,1971.4,20231200,1952.4,20231000
2023-08-07 23:00:00,1971.4,20231200,1971.4,20231200,1952.4,20231000
2023-08-08 14:30:00,1960.5,20231200,1960.5,20231200,1941.0,20231000
2023-08-08 15:00:00,1961.5,20231200,1961.5,20231200,1941.9,20231000
2023-08-08 16:00:00,1960.3,20231200,1960.3,20231200,1940.6,20231000
2023-08-08 17:00:00,1959.9,20231200,1959.9,20231200,1940.6,20231000
2023-08-08 18:00:00,1960.0,20231200,1960.0,20231200,1940.7,20231000
2023-08-08 19:00:00,1959.8,20231200,1959.8,20231200,1940.4,20231000
2023-08-08 20:00:00,1959.3,20231200,1959.3,20231200,1939.9,20231000
2023-08-08 21:00:00,1959.6,20231200,1959.6,20231200,1939.6,20231000
2023-08-08 23:00:00,1959.6,20231200,1959.6,20231200,1939.6,20231000
2023-08-09 14:30:00,1956.6,20231200,1956.6,20231200,1937.2,20231000
2023-08-09 15:00:00,1950.8,20231200,1950.8,20231200,1931.9,20231000
2023-08-09 16:00:00,1950.1,20231200,1950.1,20231200,1931.1,20231000
2023-08-09 17:00:00,1949.7,20231200,1949.7,20231200,1930.2,20231000
2023-08-09 18:00:00,1949.8,20231200,1949.8,20231200,1930.3,20231000
2023-08-09 19:00:00,1949.6,20231200,1949.6,20231200,1929.9,20231000
2023-08-09 20:00:00,1948.9,20231200,1948.9,20231200,1929.8,20231000
2023-08-09 21:00:00,1947.8,20231200,1947.8,20231200,1928.9,20231000
2023-08-09 23:00:00,1947.8,20231200,1947.8,20231200,1928.9,20231000
2023-08-10 14:30:00,1955.3,20231200,1955.3,20231200,1936.1,20231000
2023-08-10 15:00:00,1947.5,20231200,1947.5,20231200,1928.9,20231000
2023-08-10 16:00:00,1952.5,20231200,1952.5,20231200,1933.7,20231000
2023-08-10 17:00:00,1953.1,20231200,1953.1,20231200,1933.7,20231000
2023-08-10 18:00:00,1946.1,20231200,1946.1,20231200,1927.0,20231000
2023-08-10 19:00:00,1947.5,20231200,1947.5,20231200,1928.6,20231000
2023-08-10 20:00:00,1946.0,20231200,1946.0,20231200,1926.9,20231000
2023-08-10 21:00:00,1944.7,20231200,1944.7,20231200,1925.7,20231000
2023-08-10 23:00:00,1944.7,20231200,1944.7,20231200,1925.7,20231000
2023-08-11 14:30:00,1948.1,20231200,1948.1,20231200,1929.6,20231000
2023-08-11 15:00:00,1951.1,20231200,1951.1,20231200,1932.5,20231000
2023-08-11 16:00:00,1946.2,20231200,1946.2,20231200,1928.0,20231000
2023-08-11 17:00:00,1946.6,20231200,1946.6,20231200,1927.6,20231000
2023-08-11 18:00:00,1945.5,20231200,1945.5,20231200,1926.5,20231000
2023-08-11 19:00:00,1945.5,20231200,1945.5,20231200,1926.4,20231000
2023-08-11 20:00:00,1945.6,20231200,1945.6,20231200,1927.0,20231000
2023-08-11 21:00:00,1945.5,20231200,1945.5,20231200,1926.8,20231000
2023-08-11 23:00:00,1945.5,20231200,1945.5,20231200,1926.8,20231000
2023-08-14 14:30:00,1936.0,20231200,1936.0,20231200,1917.3,20231000
2023-08-14 15:00:00,1940.3,20231200,1940.3,20231200,1921.6,20231000
2023-08-14 16:00:00,1942.8,20231200,1942.8,20231200,1923.7,20231000
2023-08-14 17:00:00,1944.1,20231200,1944.1,20231200,1925.2,20231000
2023-08-14 18:00:00,1942.4,20231200,1942.4,20231200,1923.7,20231000
2023-08-14 19:00:00,1940.1,20231200,1940.1,20231200,1921.4,20231000
2023-08-14 20:00:00,1939.7,20231200,1939.7,20231200,1921.0,20231000
2023-08-14 21:00:00,1939.0,20231200,1939.0,20231200,1920.5,20231000
2023-08-14 23:00:00,1939.0,20231200,1939.0,20231200,1920.5,20231000
2023-08-15 14:30:00,1935.2,20231200,1935.2,20231200,1916.3,20231000
2023-08-15 15:00:00,1941.8,20231200,1941.8,20231200,1923.2,20231000
2023-08-15 16:00:00,1938.5,20231200,1938.5,20231200,1919.7,20231000
2023-08-15 17:00:00,1935.1,20231200,1935.1,20231200,1916.7,20231000
2023-08-15 18:00:00,1935.7,20231200,1935.7,20231200,1916.6,20231000
2023-08-15 19:00:00,1933.9,20231200,1933.9,20231200,1915.1,20231000
2023-08-15 20:00:00,1934.4,20231200,1934.4,20231200,1915.6,20231000
2023-08-15 21:00:00,1933.3,20231200,1933.3,20231200,1914.8,20231000
2023-08-15 23:00:00,1933.3,20231200,1933.3,20231200,1914.8,20231000
2023-08-16 14:30:00,1935.0,20231200,1935.0,20231200,1917.0,20231000
2023-08-16 15:00:00,1935.5,20231200,1935.5,20231200,1916.2,20231000
2023-08-16 16:00:00,1932.6,20231200,1932.6,20231200,1914.0,20231000
2023-08-16 17:00:00,1929.9,20231200,1929.9,20231200,1911.2,20231000
2023-08-16 18:00:00,1928.7,20231200,1928.7,20231200,1910.6,20231000
2023-08-16 19:00:00,1925.5,20231200,1925.5,20231200,1907.0,20231000
2023-08-16 20:00:00,1922.4,20231200,1922.4,20231200,1904.1,20231000
2023-08-16 21:00:00,1922.2,20231200,1922.2,20231200,1903.5,20231000
2023-08-16 23:00:00,1922.2,20231200,1922.2,20231200,1903.5,20231000
2023-08-17 14:30:00,1925.9,20231200,1925.9,20231200,1907.5,20231000
2023-08-17 15:00:00,1925.1,20231200,1925.1,20231200,1906.6,20231000
2023-08-17 16:00:00,1918.9,20231200,1918.9,20231200,1900.1,20231000
2023-08-17 17:00:00,1917.9,20231200,1917.9,20231200,1899.6,20231000
2023-08-17 18:00:00,1915.4,20231200,1915.4,20231200,1896.9,20231000
2023-08-17 19:00:00,1915.9,20231200,1915.9,20231200,1897.5,20231000
2023-08-17 20:00:00,1918.8,20231200,1918.8,20231200,1900.4,20231000
2023-08-17 21:00:00,1918.8,20231200,1918.8,20231200,1900.3,20231000
2023-08-17 23:00:00,1918.8,20231200,1918.8,20231200,1900.3,20231000
2023-08-18 14:30:00,1923.0,20231200,1923.0,20231200,1904.6,20231000
2023-08-18 15:00:00,1922.8,20231200,1922.8,20231200,1904.5,20231000
2023-08-18 16:00:00,1920.4,20231200,1920.4,20231200,1902.0,20231000
2023-08-18 17:00:00,1918.6,20231200,1918.6,20231200,1899.7,20231000
2023-08-18 18:00:00,1918.1,20231200,1918.1,20231200,1899.9,20231000
2023-08-18 19:00:00,1917.6,20231200,1917.6,20231200,1899.6,20231000
2023-08-18 20:00:00,1918.2,20231200,1918.2,20231200,1900.1,20231000
2023-08-18 21:00:00,1918.5,20231200,1918.5,20231200,1900.1,20231000
2023-08-18 23:00:00,1918.5,20231200,1918.5,20231200,1900.1,20231000
2023-08-21 14:30:00,1918.8,20231200,1918.8,20231200,1900.9,20231000
2023-08-21 15:00:00,1915.6,20231200,1915.6,20231200,1897.5,20231000
2023-08-21 16:00:00,1917.8,20231200,1917.8,20231200,1900.0,20231000
2023-08-21 17:00:00,1921.5,20231200,1921.5,20231200,1903.8,20231000
2023-08-21 18:00:00,1923.4,20231200,1923.4,20231200,1905.5,20231000
2023-08-21 19:00:00,1923.8,20231200,1923.8,20231200,1906.0,20231000
2023-08-21 20:00:00,1923.6,20231200,1923.6,20231200,1905.6,20231000
2023-08-21 21:00:00,1924.0,20231200,1924.0,20231200,1906.0,20231000
2023-08-21 23:00:00,1924.0,20231200,1924.0,20231200,1906.0,20231000
2023-08-22 14:30:00,1919.2,20231200,1919.2,20231200,1901.0,20231000
2023-08-22 15:00:00,1923.9,20231200,1923.9,20231200,1906.6,20231000
2023-08-22 16:00:00,1926.7,20231200,1926.7,20231200,1908.9,20231000
2023-08-22 17:00:00,1926.2,20231200,1926.2,20231200,1908.1,20231000
2023-08-22 18:00:00,1926.7,20231200,1926.7,20231200,1909.3,20231000
2023-08-22 19:00:00,1925.9,20231200,1925.9,20231200,1908.4,20231000
2023-08-22 20:00:00,1926.4,20231200,1926.4,20231200,1908.5,20231000
2023-08-22 21:00:00,1926.3,20231200,1926.3,20231200,1908.3,20231000
2023-08-22 23:00:00,1926.3,20231200,1926.3,20231200,1908.3,20231000
2023-08-23 14:30:00,1947.1,20231200,1947.1,20231200,1929.3,20231000
2023-08-23 15:00:00,1944.7,20231200,1944.7,20231200,1926.5,20231000
2023-08-23 16:00:00,1947.4,20231200,1947.4,20231200,1929.2,20231000
2023-08-23 17:00:00,1948.9,20231200,1948.9,20231200,1930.8,20231000
2023-08-23 18:00:00,1947.3,20231200,1947.3,20231200,1929.0,20231000
2023-08-23 19:00:00,1945.8,20231200,1945.8,20231200,1928.0,20231000
2023-08-23 20:00:00,1946.3,20231200,1946.3,20231200,1927.8,20231000
2023-08-23 21:00:00,1945.0,20231200,1945.0,20231200,1926.9,20231000
2023-08-23 23:00:00,1945.0,20231200,1945.0,20231200,1926.9,20231000
2023-08-24 14:30:00,1943.8,20231200,1943.8,20231200,1925.5,20231000
2023-08-24 15:00:00,1949.2,20231200,1949.2,20231200,1930.2,20231000
2023-08-24 16:00:00,1949.0,20231200,1949.0,20231200,1930.5,20231000
2023-08-24 17:00:00,1946.4,20231200,1946.4,20231200,1927.5,20231000
2023-08-24 18:00:00,1945.1,20231200,1945.1,20231200,1926.0,20231000
2023-08-24 19:00:00,1944.8,20231200,1944.8,20231200,1926.7,20231000
2023-08-24 20:00:00,1945.1,20231200,1945.1,20231200,1926.1,20231000
2023-08-24 21:00:00,1944.6,20231200,1944.6,20231200,1926.4,20231000
2023-08-24 23:00:00,1944.6,20231200,1944.6,20231200,1926.4,20231000
2023-08-25 14:30:00,1942.9,20231200,1942.9,20231200,1924.5,20231000
2023-08-25 15:00:00,1931.6,20231200,1931.6,20231200,1913.3,20231000
2023-08-25 16:00:00,1935.4,20231200,1935.4,20231200,1916.8,20231000
2023-08-25 17:00:00,1937.5,20231200,1937.5,20231200,1917.7,20231000
2023-08-25 18:00:00,1939.9,20231200,1939.9,20231200,1921.5,20231000
2023-08-25 19:00:00,1941.1,20231200,1941.1,20231200,1922.9,20231000
2023-08-25 20:00:00,1941.2,20231200,1941.2,20231200,1922.7,20231000
2023-08-25 21:00:00,1943.1,20231200,1943.1,20231200,1924.2,20231000
2023-08-25 23:00:00,1943.1,20231200,1943.1,20231200,1924.2,20231000
2023-08-28 14:30:00,1945.8,20231200,1945.8,20231200,1927.0,20231000
2023-08-28 15:00:00,1946.4,20231200,1946.4,20231200,1928.3,20231000
2023-08-28 16:00:00,1952.8,20231200,1952.8,20231200,1934.1,20231000
2023-08-28 17:00:00,1948.7,20231200,1948.7,20231200,1929.3,20231000
2023-08-28 18:00:00,1948.1,20231200,1948.1,20231200,1929.3,20231000
2023-08-28 19:00:00,1947.7,20231200,1947.7,20231200,1928.7,20231000
2023-08-28 20:00:00,1947.7,20231200,1947.7,20231200,1928.9,20231000
2023-08-28 21:00:00,1948.2,20231200,1948.2,20231200,1929.0,20231000
2023-08-28 23:00:00,1948.2,20231200,1948.2,20231200,1929.0,20231000
2023-08-29 14:30:00,1948.5,20231200,1948.5,20231200,1929.4,20231000
2023-08-29 15:00:00,1962.2,20231200,1962.2,20231200,1943.5,20231000
2023-08-29 16:00:00,1964.8,20231200,1964.8,20231200,1945.7,20231000
2023-08-29 17:00:00,1964.4,20231200,1964.4,20231200,1945.2,20231000
2023-08-29 18:00:00,1965.2,20231200,1965.2,20231200,1945.8,20231000
2023-08-29 19:00:00,1965.0,20231200,1965.0,20231200,1945.8,20231000
2023-08-29 20:00:00,1965.7,20231200,1965.7,20231200,1946.8,20231000
2023-08-29 21:00:00,1965.6,20231200,1965.6,20231200,1946.3,20231000
2023-08-29 23:00:00,1965.6,20231200,1965.6,20231200,1946.3,20231000
2023-08-30 14:30:00,1975.3,20231200,1975.3,20231200,1956.1,20231000
2023-08-30 15:00:00,1974.5,20231200,1974.5,20231200,1955.4,20231000
2023-08-30 16:00:00,1973.0,20231200,1973.0,20231200,1953.8,20231000
2023-08-30 17:00:00,1972.9,20231200,1972.9,20231200,1954.0,20231000
2023-08-30 18:00:00,1971.7,20231200,1971.7,20231200,1952.7,20231000
2023-08-30 19:00:00,1971.8,20231200,1971.8,20231200,1952.7,20231000
2023-08-30 20:00:00,1971.8,20231200,1971.8,20231200,1952.7,20231000
2023-08-30 21:00:00,1970.3,20231200,1970.3,20231200,1951.9,20231000
2023-08-30 23:00:00,1970.3,20231200,1970.3,20231200,1951.9,20231000
2023-08-31 14:30:00,1970.5,20231200,1970.5,20231200,1951.9,20231000
2023-08-31 15:00:00,1969.7,20231200,1969.7,20231200,1950.6,20231000
2023-08-31 16:00:00,1967.1,20231200,1967.1,20231200,1948.0,20231000
2023-08-31 17:00:00,1968.3,20231200,1968.3,20231200,1949.5,20231000
2023-08-31 18:00:00,1966.9,20231200,1966.9,20231200,1947.8,20231000
2023-08-31 19:00:00,1967.8,20231200,1967.8,20231200,1949.3,20231000
2023-08-31 20:00:00,1967.9,20231200,1967.9,20231200,1949.1,20231000
2023-08-31 21:00:00,1966.6,20231200,1966.6,20231200,1947.8,20231000
2023-08-31 23:00:00,1966.6,20231200,1966.6,20231200,1947.8,20231000
2023-09-01 14:30:00,1970.1,20231200,1970.1,20231200,1951.7,20231000
2023-09-01 15:00:00,1966.5,20231200,1966.5,20231200,1947.8,20231000
2023-09-01 16:00:00,1965.1,20231200,1965.1,20231200,1947.0,20231000
2023-09-01 17:00:00,1964.4,20231200,1964.4,20231200,1945.8,20231000
2023-09-01 18:00:00,1967.7,20231200,1967.7,20231200,1949.1,20231000
2023-09-01 19:00:00,1967.6,20231200,1967.6,20231200,1948.8,20231000
2023-09-01 20:00:00,1967.4,20231200,1967.4,20231200,1948.4,20231000
2023-09-01 21:00:00,1966.1,20231200,1966.1,20231200,1947.9,20231000
2023-09-01 23:00:00,1966.1,20231200,1966.1,20231200,1947.9,20231000
2023-09-05 14:30:00,1953.8,20231200,1953.8,20231200,1934.2,20231000
2023-09-05 15:00:00,1952.9,20231200,1952.9,20231200,1934.9,20231000
2023-09-05 16:00:00,1951.6,20231200,1951.6,20231200,1933.2,20231000
2023-09-05 17:00:00,1952.8,20231200,1952.8,20231200,1934.5,20231000
2023-09-05 18:00:00,1951.8,20231200,1951.8,20231200,1933.6,20231000
2023-09-05 19:00:00,1951.4,20231200,1951.4,20231200,1933.0,20231000
2023-09-05 20:00:00,1951.3,20231200,1951.3,20231200,1933.0,20231000
2023-09-05 21:00:00,1951.5,20231200,1951.5,20231200,1933.0,20231000
2023-09-05 23:00:00,1951.5,20231200,1951.5,20231200,1933.0,20231000
2023-09-06 14:30:00,1953.4,20231200,1953.4,20231200,1934.5,20231000
2023-09-06 15:00:00,1943.2,20231200,1943.2,20231200,1924.9,20231000
2023-09-06 16:00:00,1941.9,20231200,1941.9,20231200,1923.6,20231000
2023-09-06 17:00:00,1945.0,20231200,1945.0,20231200,1926.5,20231000
2023-09-06 18:00:00,1942.7,20231200,1942.7,20231200,1924.3,20231000
2023-09-06 19:00:00,1942.8,20231200,1942.8,20231200,1923.6,20231000
2023-09-06 20:00:00,1942.2,20231200,1942.2,20231200,1923.6,20231000
2023-09-06 21:00:00,1941.8,20231200,1941.8,20231200,1922.6,20231000
2023-09-06 23:00:00,1941.8,20231200,1941.8,20231200,1922.6,20231000
2023-09-07 14:30:00,1944.3,20231200,1944.3,20231200,1925.5,20231000
2023-09-07 15:00:00,1942.3,20231200,1942.3,20231200,1923.9,20231000
2023-09-07 16:00:00,1945.1,20231200,1945.1,20231200,1927.0,20231000
2023-09-07 17:00:00,1942.0,20231200,1942.0,20231200,1923.9,20231000
2023-09-07 18:00:00,1942.4,20231200,1942.4,20231200,1924.4,20231000
2023-09-07 19:00:00,1944.5,20231200,1944.5,20231200,1926.6,20231000
2023-09-07 20:00:00,1943.0,20231200,1943.0,20231200,1925.9,20231000
2023-09-07 21:00:00,1943.8,20231200,1943.8,20231200,1925.8,20231000
2023-09-07 23:00:00,1943.8,20231200,1943.8,20231200,1925.8,20231000
2023-09-08 14:30:00,1953.1,20231200,1953.1,20231200,1935.0,20231000
2023-09-08 15:00:00,1947.6,20231200,1947.6,20231200,1929.6,20231000
2023-09-08 16:00:00,1943.4,20231200,1943.4,20231200,1925.1,20231000
2023-09-08 17:00:00,1943.2,20231200,1943.2,20231200,1925.1,20231000
2023-09-08 18:00:00,1944.1,20231200,1944.1,20231200,1925.9,20231000
2023-09-08 19:00:00,1942.1,20231200,1942.1,20231200,1924.3,20231000
2023-09-08 20:00:00,1942.2,20231200,1942.2,20231200,1923.9,20231000
2023-09-08 21:00:00,1942.6,20231200,1942.6,20231200,1925.1,20231000
2023-09-08 23:00:00,1942.6,20231200,1942.6,20231200,1925.1,20231000
2023-09-11 14:30:00,1949.4,20231200,1949.4,20231200,1931.2,20231000
2023-09-11 15:00:00,1945.9,20231200,1945.9,20231200,1927.1,20231000
2023-09-11 16:00:00,1946.1,20231200,1946.1,20231200,1927.8,20231000
2023-09-11 17:00:00,1946.6,20231200,1946.6,20231200,1929.0,20231000
2023-09-11 18:00:00,1945.8,20231200,1945.8,20231200,1927.5,20231000
2023-09-11 19:00:00,1944.9,20231200,1944.9,20231200,1926.6,20231000
2023-09-11 20:00:00,1944.7,20231200,1944.7,20231200,1926.9,20231000
2023-09-11 21:00:00,1945.6,20231200,1945.6,20231200,1927.1,20231000
2023-09-11 23:00:00,1945.6,20231200,1945.6,20231200,1927.1,20231000
2023-09-12 14:30:00,1931.8,20231200,1931.8,20231200,1913.5,20231000
2023-09-12 15:00:00,1934.5,20231200,1934.5,20231200,1916.4,20231000
2023-09-12 16:00:00,1935.2,20231200,1935.2,20231200,1917.0,20231000
2023-09-12 17:00:00,1935.2,20231200,1935.2,20231200,1916.8,20231000
2023-09-12 18:00:00,1934.8,20231200,1934.8,20231200,1916.8,20231000
2023-09-12 19:00:00,1936.2,20231200,1936.2,20231200,1918.3,20231000
2023-09-12 20:00:00,1935.9,20231200,1935.9,20231200,1917.9,20231000
2023-09-12 21:00:00,1936.1,20231200,1936.1,20231200,1917.9,20231000
2023-09-12 23:00:00,1936.1,20231200,1936.1,20231200,1917.9,20231000
2023-09-13 14:30:00,1935.6,20231200,1935.6,20231200,1917.6,20231000
2023-09-13 15:00:00,1935.1,20231200,1935.1,20231200,1916.8,20231000
2023-09-13 16:00:00,1932.9,20231200,1932.9,20231200,1914.8,20231000
2023-09-13 17:00:00,1931.7,20231200,1931.7,20231200,1913.2,20231000
2023-09-13 18:00:00,1932.5,20231200,1932.5,20231200,1914.3,20231000
2023-09-13 19:00:00,1931.8,20231200,1931.8,20231200,1913.5,20231000
2023-09-13 20:00:00,1931.3,20231200,1931.3,20231200,1912.8,20231000
2023-09-13 21:00:00,1930.6,20231200,1930.6,20231200,1912.8,20231000
2023-09-13 23:00:00,1930.6,20231200,1930.6,20231200,1912.8,20231000
2023-09-14 14:30:00,1924.2,20231200,1924.2,20231200,1905.9,20231000
2023-09-14 15:00:00,1929.9,20231200,1929.9,20231200,1911.7,20231000
2023-09-14 16:00:00,1929.4,20231200,1929.4,20231200,1911.0,20231000
2023-09-14 17:00:00,1931.9,20231200,1931.9,20231200,1913.9,20231000
2023-09-14 18:00:00,1930.4,20231200,1930.4,20231200,1911.9,20231000
2023-09-14 19:00:00,1929.9,20231200,1929.9,20231200,1911.5,20231000
2023-09-14 20:00:00,1930.7,20231200,1930.7,20231200,1912.4,20231000
2023-09-14 21:00:00,1932.4,20231200,1932.4,20231200,1914.0,20231000
2023-09-14 23:00:00,1932.4,20231200,1932.4,20231200,1914.0,20231000
2023-09-15 14:30:00,1946.3,20231200,1946.3,20231200,1927.8,20231000
2023-09-15 15:00:00,1950.3,20231200,1950.3,20231200,1932.3,20231000
2023-09-15 16:00:00,1948.1,20231200,1948.1,20231200,1930.0,20231000
2023-09-15 17:00:00,1947.1,20231200,1947.1,20231200,1929.2,20231000
2023-09-15 18:00:00,1946.3,20231200,1946.3,20231200,1927.9,20231000
2023-09-15 19:00:00,1945.6,20231200,1945.6,20231200,1927.6,20231000
2023-09-15 20:00:00,1945.7,20231200,1945.7,20231200,1927.5,20231000
2023-09-15 21:00:00,1945.2,20231200,1945.2,20231200,1926.8,20231000
2023-09-15 23:00:00,1945.2,20231200,1945.2,20231200,1926.8,20231000
2023-09-18 14:30:00,1945.2,20231200,1945.2,20231200,1926.8,20231000
2023-09-18 15:00:00,1948.2,20231200,1948.2,20231200,1929.5,20231000
2023-09-18 16:00:00,1950.4,20231200,1950.4,20231200,1932.2,20231000
2023-09-18 17:00:00,1952.7,20231200,1952.7,20231200,1934.3,20231000
2023-09-18 18:00:00,1953.6,20231200,1953.6,20231200,1935.5,20231000
2023-09-18 19:00:00,1952.9,20231200,1952.9,20231200,1935.1,20231000
2023-09-18 20:00:00,1953.3,20231200,1953.3,20231200,1935.2,20231000
2023-09-18 20:00:01,1953.3,20240200,1953.3,20240200,1953.3,20231200
2023-09-18 21:00:00,1975.0,20240200,1975.0,20240200,1955.3,20231200
2023-09-18 23:00:00,1975.0,20240200,1975.0,20240200,1955.3,20231200
2023-09-19 14:30:00,1975.0,20240200,1975.0,20240200,1956.0,20231200
2023-09-19 15:00:00,1975.9,20240200,1975.9,20240200,1955.7,20231200
2023-09-19 16:00:00,1974.0,20240200,1974.0,20240200,1954.3,20231200
2023-09-19 17:00:00,1972.9,20240200,1972.9,20240200,1952.2,20231200
2023-09-19 18:00:00,1972.0,20240200,1972.0,20240200,1952.2,20231200
2023-09-19 19:00:00,1972.4,20240200,1972.4,20240200,1952.0,20231200
2023-09-19 20:00:00,1972.7,20240200,1972.7,20240200,1953.2,20231200
2023-09-19 21:00:00,1972.7,20240200,1972.7,20240200,1952.4,20231200
2023-09-19 23:00:00,1973.3,20240200,1973.3,20240200,1952.4,20231200
2023-09-20 14:30:00,1982.9,20240200,1982.9,20240200,1961.8,20231200
2023-09-20 15:00:00,1985.5,20240200,1985.5,20240200,1965.3,20231200
2023-09-20 16:00:00,1982.8,20240200,1982.8,20240200,1963.1,20231200
2023-09-20 17:00:00,1987.6,20240200,1987.6,20240200,1968.0,20231200
2023-09-20 18:00:00,1987.9,20240200,1987.9,20240200,1967.7,20231200
2023-09-20 19:00:00,1981.5,20240200,1981.5,20240200,1961.5,20231200
2023-09-20 20:00:00,1980.0,20240200,1980.0,20240200,1959.4,20231200
2023-09-20 21:00:00,1970.8,20240200,1970.8,20240200,1951.1,20231200
2023-09-20 23:00:00,1970.8,20240200,1970.8,20240200,1951.1,20231200
2023-09-21 14:30:00,1954.8,20240200,1954.8,20240200,1936.2,20231200
2023-09-21 15:00:00,1959.3,20240200,1959.3,20240200,1940.2,20231200
2023-09-21 16:00:00,1957.8,20240200,1957.8,20240200,1937.6,20231200
2023-09-21 17:00:00,1958.9,20240200,1958.9,20240200,1939.6,20231200
2023-09-21 18:00:00,1960.5,20240200,1960.5,20240200,1940.5,20231200
2023-09-21 19:00:00,1960.5,20240200,1960.5,20240200,1940.0,20231200
2023-09-21 20:00:00,1960.7,20240200,1960.7,20240200,1940.8,20231200
2023-09-21 21:00:00,1960.7,20240200,1960.7,20240200,1940.0,20231200
2023-09-21 23:00:00,1960.4,20240200,1960.4,20240200,1940.0,20231200
2023-09-22 14:30:00,1967.7,20240200,1967.7,20240200,1946.0,20231200
2023-09-22 15:00:00,1968.0,20240200,1968.0,20240200,1948.1,20231200
2023-09-22 16:00:00,1966.8,20240200,1966.8,20240200,1947.5,20231200
2023-09-22 17:00:00,1965.9,20240200,1965.9,20240200,1945.0,20231200
2023-09-22 18:00:00,1965.4,20240200,1965.4,20240200,1945.4,20231200
2023-09-22 19:00:00,1964.8,20240200,1964.8,20240200,1944.8,20231200
2023-09-22 20:00:00,1964.8,20240200,1964.8,20240200,1944.5,20231200
2023-09-22 21:00:00,1964.8,20240200,1964.8,20240200,1944.8,20231200
2023-09-22 23:00:00,1964.8,20240200,1964.8,20240200,1944.8,20231200
2023-09-25 14:30:00,1965.3,20240200,1965.3,20240200,1945.0,20231200
2023-09-25 15:00:00,1957.2,20240200,1957.2,20240200,1936.1,20231200
2023-09-25 16:00:00,1957.7,20240200,1957.7,20240200,1936.6,20231200
2023-09-25 17:00:00,1955.1,20240200,1955.1,20240200,1935.9,20231200
2023-09-25 18:00:00,1954.3,20240200,1954.3,20240200,1934.9,20231200
2023-09-25 19:00:00,1954.9,20240200,1954.9,20240200,1934.7,20231200
2023-09-25 20:00:00,1954.6,20240200,1954.6,20240200,1935.0,20231200
2023-09-25 21:00:00,1954.0,20240200,1954.0,20240200,1935.1,20231200
2023-09-25 23:00:00,1954.0,20240200,1954.0,20240200,1935.1,20231200
2023-09-26 14:30:00,1944.9,20240200,1944.9,20240200,1925.1,20231200
2023-09-26 15:00:00,1944.7,20240200,1944.7,20240200,1925.0,20231200
2023-09-26 16:00:00,1940.2,20240200,1940.2,20240200,1920.7,20231200
2023-09-26 17:00:00,1940.5,20240200,1940.5,20240200,1919.5,20231200
2023-09-26 18:00:00,1939.1,20240200,1939.1,20240200,1919.3,20231200
2023-09-26 19:00:00,1937.6,20240200,1937.6,20240200,1918.2,20231200
2023-09-26 20:00:00,1938.9,20240200,1938.9,20240200,1919.0,20231200
2023-09-26 21:00:00,1938.5,20240200,1938.5,20240200,1918.8,20231200
2023-09-26 23:00:00,1938.5,20240200,1938.5,20240200,1918.8,20231200
2023-09-27 14:30:00,1921.9,20240200,1921.9,20240200,1905.5,20231200
2023-09-27 15:00:00,1922.0,20240200,1922.0,20240200,1901.2,20231200
2023-09-27 16:00:00,1919.0,20240200,1919.0,20240200,1899.3,20231200
2023-09-27 17:00:00,1913.5,20240200,1913.5,20240200,1893.6,20231200
2023-09-27 18:00:00,1912.3,20240200,1912.3,20240200,1892.6,20231200
2023-09-27 19:00:00,1913.7,20240200,1913.7,20240200,1894.1,20231200
2023-09-27 20:00:00,1915.5,20240200,1915.5,20240200,1895.2,20231200
2023-09-27 21:00:00,1913.0,20240200,1913.0,20240200,1893.3,20231200
2023-09-27 23:00:00,1913.0,20240200,1913.0,20240200,1893.3,20231200
2023-09-28 14:30:00,1909.1,20240200,1909.1,20240200,1890.0,20231200
2023-09-28 15:00:00,1902.0,20240200,1902.0,20240200,1882.3,20231200
2023-09-28 16:00:00,1899.8,20240200,1899.8,20240200,1882.0,20231200
2023-09-28 17:00:00,1900.4,20240200,1900.4,20240200,1880.6,20231200
2023-09-28 18:00:00,1898.2,20240200,1898.2,20240200,1878.8,20231200
2023-09-28 19:00:00,1901.6,20240200,1901.6,20240200,1882.4,20231200
2023-09-28 20:00:00,1901.0,20240200,1901.0,20240200,1882.2,20231200
2023-09-28 21:00:00,1901.4,20240200,1901.4,20240200,1881.8,20231200
2023-09-28 23:00:00,1901.4,20240200,1901.4,20240200,1881.8,20231200
2023-09-29 14:30:00,1907.8,20240200,1907.8,20240200,1886.8,20231200
2023-09-29 15:00:00,1896.6,20240200,1896.6,20240200,1877.2,20231200
2023-09-29 16:00:00,1890.2,20240200,1890.2,20240200,1870.9,20231200
2023-09-29 17:00:00,1889.2,20240200,1889.2,20240200,1869.9,20231200
2023-09-29 18:00:00,1885.5,20240200,1885.5,20240200,1866.0,20231200
2023-09-29 19:00:00,1884.3,20240200,1884.3,20240200,1865.0,20231200
2023-09-29 20:00:00,1883.8,20240200,1883.8,20240200,1865.5,20231200
2023-09-29 21:00:00,1884.0,20240200,1884.0,20240200,1864.8,20231200
2023-09-29 23:00:00,1884.0,20240200,1884.0,20240200,1864.8,20231200
2023-10-02 14:30:00,1868.9,20240200,1868.9,20240200,1849.6,20231200
2023-10-02 15:00:00,1864.3,20240200,1864.3,20240200,1844.7,20231200
2023-10-02 16:00:00,1867.3,20240200,1867.3,20240200,1848.4,20231200
2023-10-02 17:00:00,1867.8,20240200,1867.8,20240200,1847.5,20231200
2023-10-02 18:00:00,1867.4,20240200,1867.4,20240200,1848.0,20231200
2023-10-02 19:00:00,1865.9,20240200,1865.9,20240200,1846.5,20231200
2023-10-02 20:00:00,1865.0,20240200,1865.0,20240200,1845.9,20231200
2023-10-02 21:00:00,1863.2,20240200,1863.2,20240200,1844.1,20231200
2023-10-02 23:00:00,1863.2,20240200,1863.2,20240200,1844.1,20231200
2023-10-03 14:30:00,1863.0,20240200,1863.0,20240200,1844.7,20231200
2023-10-03 15:00:00,1862.6,20240200,1862.6,20240200,1842.2,20231200
2023-10-03 16:00:00,1859.5,20240200,1859.5,20240200,1840.4,20231200
2023-10-03 17:00:00,1858.0,20240200,1858.0,20240200,1839.7,20231200
2023-10-03 18:00:00,1858.4,20240200,1858.4,20240200,1839.3,20231200
2023-10-03 19:00:00,1859.5,20240200,1859.5,20240200,1839.7,20231200
2023-10-03 20:00:00,1859.2,20240200,1859.2,20240200,1839.9,20231200
2023-10-03 21:00:00,1858.9,20240200,1858.9,20240200,1838.8,20231200
2023-10-03 23:00:00,1858.9,20240200,1858.9,20240200,1838.8,20231200
2023-10-04 14:30:00,1854.9,20240200,1854.9,20240200,1835.1,20231200
2023-10-04 15:00:00,1852.5,20240200,1852.5,20240200,1833.4,20231200
2023-10-04 16:00:00,1858.4,20240200,1858.4,20240200,1839.1,20231200
2023-10-04 17:00:00,1855.6,20240200,1855.6,20240200,1836.2,20231200
2023-10-04 18:00:00,1852.3,20240200,1852.3,20240200,1833.6,20231200
2023-10-04 19:00:00,1851.2,20240200,1851.2,20240200,1832.7,20231200
2023-10-04 20:00:00,1857.8,20240200,1857.8,20240200,1834.0,20231200
2023-10-04 21:00:00,1855.0,20240200,1855.0,20240200,1836.8,20231200
2023-10-04 23:00:00,1855.0,20240200,1855.0,20240200,1836.8,20231200
2023-10-05 14:30:00,1853.6,20240200,1853.6,20240200,1834.5,20231200
2023-10-05 15:00:00,1852.0,20240200,1852.0,20240200,1833.6,20231200
2023-10-05 16:00:00,1848.8,20240200,1848.8,20240200,1829.1,20231200
2023-10-05 17:00:00,1850.3,20240200,1850.3,20240200,1831.8,20231200
2023-10-05 18:00:00,1852.3,20240200,1852.3,20240200,1833.3,20231200
2023-10-05 19:00:00,1853.1,20240200,1853.1,20240200,1834.2,20231200
2023-10-05 20:00:00,1853.3,20240200,1853.3,20240200,1834.1,20231200
2023-10-05 21:00:00,1852.5,20240200,1852.5,20240200,1834.2,20231200
2023-10-05 23:00:00,1852.5,20240200,1852.5,20240200,1834.2,20231200
2023-10-06 14:30:00,1853.5,20240200,1853.5,20240200,1834.8,20231200
2023-10-06 15:00:00,1856.0,20240200,1856.0,20240200,1837.3,20231200
2023-10-06 16:00:00,1866.3,20240200,1866.3,20240200,1846.7,20231200
2023-10-06 17:00:00,1862.7,20240200,1862.7,20240200,1843.2,20231200
2023-10-06 18:00:00,1864.3,20240200,1864.3,20240200,1845.8,20231200
2023-10-06 19:00:00,1866.6,20240200,1866.6,20240200,1845.8,20231200
2023-10-06 20:00:00,1863.9,20240200,1863.9,20240200,1844.7,20231200
2023-10-06 21:00:00,1865.0,20240200,1865.0,20240200,1846.7,20231200
2023-10-06 23:00:00,1865.0,20240200,1865.0,20240200,1846.7,20231200
2023-10-09 14:30:00,1878.4,20240200,1878.4,20240200,1859.0,20231200
2023-10-09 15:00:00,1882.3,20240200,1882.3,20240200,1865.8,20231200
2023-10-09 16:00:00,1884.6,20240200,1884.6,20240200,1865.4,20231200
2023-10-09 17:00:00,1882.3,20240200,1882.3,20240200,1863.7,20231200
2023-10-09 18:00:00,1887.0,20240200,1887.0,20240200,1868.0,20231200
2023-10-09 19:00:00,1889.5,20240200,1889.5,20240200,1870.8,20231200
2023-10-09 20:00:00,1893.0,20240200,1893.0,20240200,1874.1,20231200
2023-10-09 21:00:00,1894.4,20240200,1894.4,20240200,1875.1,20231200
2023-10-09 23:00:00,1894.4,20240200,1894.4,20240200,1875.1,20231200
2023-10-10 14:30:00,1887.7,20240200,1887.7,20240200,1870.6,20231200
2023-10-10 15:00:00,1887.1,20240200,1887.1,20240200,1869.6,20231200
2023-10-10 16:00:00,1894.0,20240200,1894.0,20240200,1874.5,20231200
2023-10-10 17:00:00,1894.8,20240200,1894.8,20240200,1875.4,20231200
2023-10-10 18:00:00,1892.6,20240200,1892.6,20240200,1872.1,20231200
2023-10-10 19:00:00,1892.9,20240200,1892.9,20240200,1872.9,20231200
2023-10-10 20:00:00,1892.0,20240200,1892.0,20240200,1872.8,20231200
2023-10-10 21:00:00,1893.0,20240200,1893.0,20240200,1873.9,20231200
2023-10-10 23:00:00,1893.0,20240200,1893.0,20240200,1873.9,20231200
2023-10-11 14:30:00,1904.2,20240200,1904.2,20240200,1885.7,20231200
2023-10-11 15:00:00,1903.7,20240200,1903.7,20240200,1884.7,20231200
2023-10-11 16:00:00,1906.0,20240200,1906.0,20240200,1886.5,20231200
2023-10-11 17:00:00,1908.2,20240200,1908.2,20240200,1888.1,20231200
2023-10-11 18:00:00,1904.9,20240200,1904.9,20240200,1885.6,20231200
2023-10-11 19:00:00,1905.4,20240200,1905.4,20240200,1886.1,20231200
2023-10-11 20:00:00,1906.7,20240200,1906.7,20240200,1886.9,20231200
2023-10-11 21:00:00,1907.3,20240200,1907.3,20240200,1887.7,20231200
2023-10-11 23:00:00,1907.3,20240200,1907.3,20240200,1887.7,20231200
2023-10-12 14:30:00,1906.2,20240200,1906.2,20240200,1886.7,20231200
2023-10-12 15:00:00,1904.4,20240200,1904.4,20240200,1884.8,20231200
2023-10-12 16:00:00,1904.7,20240200,1904.7,20240200,1884.7,20231200
2023-10-12 17:00:00,1903.9,20240200,1903.9,20240200,1884.3,20231200
2023-10-12 18:00:00,1901.7,20240200,1901.7,20240200,1881.8,20231200
2023-10-12 19:00:00,1902.2,20240200,1902.2,20240200,1881.3,20231200
2023-10-12 20:00:00,1901.4,20240200,1901.4,20240200,1881.7,20231200
2023-10-12 21:00:00,1900.9,20240200,1900.9,20240200,1881.5,20231200
2023-10-12 23:00:00,1900.9,20240200,1900.9,20240200,1881.5,20231200
2023-10-13 14:30:00,1942.4,20240200,1942.4,20240200,1923.0,20231200
2023-10-13 15:00:00,1953.3,20240200,1953.3,20240200,1934.0,20231200
2023-10-13 16:00:00,1955.9,20240200,1955.9,20240200,1936.2,20231200
2023-10-13 17:00:00,1960.1,20240200,1960.1,20240200,1940.4,20231200
2023-10-13 18:00:00,1961.7,20240200,1961.7,20240200,1941.7,20231200
2023-10-13 19:00:00,1961.5,20240200,1961.5,20240200,1941.9,20231200
2023-10-13 20:00:00,1961.3,20240200,1961.3,20240200,1941.5,20231200
2023-10-13 21:00:00,1965.1,20240200,1965.1,20240200,1946.0,20231200
2023-10-13 23:00:00,1965.1,20240200,1965.1,20240200,1946.0,20231200
2023-10-16 14:30:00,1950.9,20240200,1950.9,20240200,1930.7,20231200
2023-10-16 15:00:00,1950.4,20240200,1950.4,20240200,1930.7,20231200
2023-10-16 16:00:00,1954.0,20240200,1954.0,20240200,1934.3,20231200
2023-10-16 17:00:00,1953.8,20240200,1953.8,20240200,1935.0,20231200
2023-10-16 18:00:00,1954.6,20240200,1954.6,20240200,1932.3,20231200
2023-10-16 19:00:00,1951.8,20240200,1951.8,20240200,1932.0,20231200
2023-10-16 20:00:00,1952.1,20240200,1952.1,20240200,1932.2,20231200
2023-10-16 21:00:00,1952.4,20240200,1952.4,20240200,1933.0,20231200
2023-10-16 23:00:00,1952.4,20240200,1952.4,20240200,1933.0,20231200
2023-10-17 14:30:00,1961.0,20240200,1961.0,20240200,1940.7,20231200
2023-10-17 15:00:00,1955.8,20240200,1955.8,20240200,1936.7,20231200
2023-10-17 16:00:00,1958.6,20240200,1958.6,20240200,1939.7,20231200
2023-10-17 17:00:00,1956.2,20240200,1956.2,20240200,1937.1,20231200
2023-10-17 18:00:00,1952.1,20240200,1952.1,20240200,1932.5,20231200
2023-10-17 19:00:00,1953.0,20240200,1953.0,20240200,1934.9,20231200
2023-10-17 20:00:00,1955.9,20240200,1955.9,20240200,1937.2,20231200
2023-10-17 21:00:00,1955.5,20240200,1955.5,20240200,1935.7,20231200
2023-10-17 23:00:00,1955.5,20240200,1955.5,20240200,1935.7,20231200
2023-10-18 14:30:00,1989.4,20240200,1989.4,20240200,1970.0,20231200
2023-10-18 15:00:00,1979.7,20240200,1979.7,20240200,1959.6,20231200
2023-10-18 16:00:00,1977.6,20240200,1977.6,20240200,1957.9,20231200
2023-10-18 17:00:00,1981.9,20240200,1981.9,20240200,1962.6,20231200
2023-10-18 18:00:00,1986.9,20240200,1986.9,20240200,1966.7,20231200
2023-10-18 19:00:00,1983.1,20240200,1983.1,20240200,1963.4,20231200
2023-10-18 20:00:00,1983.0,20240200,1983.0,20240200,1963.3,20231200
2023-10-18 21:00:00,1980.0,20240200,1980.0,20240200,1960.3,20231200
2023-10-18 23:00:00,1980.0,20240200,1980.0,20240200,1960.3,20231200
2023-10-19 14:30:00,1984.3,20240200,1984.3,20240200,1966.2,20231200
2023-10-19 15:00:00,1981.7,20240200,1981.7,20240200,1962.0,20231200
2023-10-19 16:00:00,1988.1,20240200,1988.1,20240200,1968.0,20231200
2023-10-19 17:00:00,1993.8,20240200,1993.8,20240200,1974.2,20231200
2023-10-19 18:00:00,2004.5,20240200,2004.5,20240200,1985.1,20231200
2023-10-19 19:00:00,2005.3,20240200,2005.3,20240200,1985.5,20231200
2023-10-19 20:00:00,2008.4,20240200,2008.4,20240200,1988.8,20231200
2023-10-19 21:00:00,2006.4,20240200,2006.4,20240200,1986.6,20231200
2023-10-19 23:00:00,2006.4,20240200,2006.4,20240200,1986.6,20231200
2023-10-20 14:30:00,2020.0,20240200,2020.0,20240200,1999.3,20231200
2023-10-20 15:00:00,2023.1,20240200,2023.1,20240200,2002.9,20231200
2023-10-20 16:00:00,2023.7,20240200,2023.7,20240200,2003.4,20231200
2023-10-20 17:00:00,2014.1,20240200,2014.1,20240200,1994.0,20231200
2023-10-20 18:00:00,2014.1,20240200,2014.1,20240200,1994.3,20231200
2023-10-20 19:00:00,2012.8,20240200,2012.8,20240200,1992.2,20231200
2023-10-20 20:00:00,2013.2,20240200,2013.2,20240200,1993.5,20231200
2023-10-20 21:00:00,2013.0,20240200,2013.0,20240200,1993.1,20231200
2023-10-20 23:00:00,2013.0,20240200,2013.0,20240200,1993.1,20231200
2023-10-23 14:30:00,2006.5,20240200,2006.5,20240200,1986.1,20231200
2023-10-23 15:00:00,2008.3,20240200,2008.3,20240200,1987.7,20231200
2023-10-23 16:00:00,2005.5,20240200,2005.5,20240200,1986.6,20231200
2023-10-23 17:00:00,2006.9,20240200,2006.9,20240200,1986.0,20231200
2023-10-23 18:00:00,2009.3,20240200,2009.3,20240200,1987.7,20231200
2023-10-23 19:00:00,2009.5,20240200,2009.5,20240200,1989.0,20231200
2023-10-23 20:00:00,2004.5,20240200,2004.5,20240200,1984.7,20231200
2023-10-23 21:00:00,2004.1,20240200,2004.1,20240200,1984.1,20231200
2023-10-23 23:00:00,2004.1,20240200,2004.1,20240200,1984.1,20231200
2023-10-24 14:30:00,1994.9,20240200,1994.9,20240200,1975.9,20231200
2023-10-24 15:00:00,1995.1,20240200,1995.1,20240200,1975.0,20231200
2023-10-24 16:00:00,2001.0,20240200,2001.0,20240200,1981.3,20231200
2023-10-24 17:00:00,2005.9,20240200,2005.9,20240200,1985.7,20231200
2023-10-24 18:00:00,2008.0,20240200,2008.0,20240200,1987.3,20231200
2023-10-24 19:00:00,2004.6,20240200,2004.6,20240200,1985.1,20231200
2023-10-24 20:00:00,2003.5,20240200,2003.5,20240200,1984.0,20231200
2023-10-24 21:00:00,2002.5,20240200,2002.5,20240200,1982.1,20231200
2023-10-24 23:00:00,2002.5,20240200,2002.5,20240200,1982.1,20231200
2023-10-25 14:30:00,2016.1,20240200,2016.1,20240200,1996.7,20231200
2023-10-25 15:00:00,2007.2,20240200,2007.2,20240200,1988.2,20231200
2023-10-25 16:00:00,2013.9,20240200,2013.9,20240200,1992.4,20231200
2023-10-25 17:00:00,2011.6,20240200,2011.6,20240200,1989.2,20231200
2023-10-25 18:00:00,2016.1,20240200,2016.1,20240200,1994.3,20231200
2023-10-25 19:00:00,2014.6,20240200,2014.6,20240200,1992.6,20231200
2023-10-25 20:00:00,2012.1,20240200,2012.1,20240200,1991.9,20231200
2023-10-25 21:00:00,2009.9,20240200,2009.9,20240200,1990.9,20231200
2023-10-25 23:00:00,2009.9,20240200,2009.9,20240200,1990.9,20231200
2023-10-26 14:30:00,2009.6,20240200,2009.6,20240200,1988.9,20231200
2023-10-26 15:00:00,2009.8,20240200,2009.8,20240200,1989.5,20231200
2023-10-26 16:00:00,2010.5,20240200,2010.5,20240200,1990.2,20231200
2023-10-26 17:00:00,2014.0,20240200,2014.0,20240200,1994.5,20231200
2023-10-26 18:00:00,2018.1,20240200,2018.1,20240200,1997.2,20231200
2023-10-26 19:00:00,2016.7,20240200,2016.7,20240200,1996.3,20231200
2023-10-26 20:00:00,2014.2,20240200,2014.2,20240200,1994.6,20231200
2023-10-26 21:00:00,2016.0,20240200,2016.0,20240200,1994.9,20231200
2023-10-26 23:00:00,2016.0,20240200,2016.0,20240200,1994.9,20231200
2023-10-27 14:30:00,2014.0,20240200,2014.0,20240200,1992.1,20231200
2023-10-27 15:00:00,2011.9,20240200,2011.9,20240200,1991.8,20231200
2023-10-27 16:00:00,2008.9,20240200,2008.9,20240200,1989.8,20231200
2023-10-27 17:00:00,2013.4,20240200,2013.4,20240200,1993.7,20231200
2023-10-27 18:00:00,2027.2,20240200,2027.2,20240200,2007.1,20231200
2023-10-27 19:00:00,2036.1,20240200,2036.1,20240200,2015.6,20231200
2023-10-27 20:00:00,2039.3,20240200,2039.3,20240200,2018.8,20231200
2023-10-27 21:00:00,2035.7,20240200,2035.7,20240200,2016.4,20231200
2023-10-27 23:00:00,2035.7,20240200,2035.7,20240200,2016.4,20231200
2023-10-30 13:30:00,2028.5,20240200,2028.5,20240200,2008.3,20231200
2023-10-30 14:00:00,2027.5,20240200,2027.5,20240200,2006.8,20231200
2023-10-30 15:00:00,2029.1,20240200,2029.1,20240200,2008.8,20231200
2023-10-30 16:00:00,2028.8,20240200,2028.8,20240200,2008.6,20231200
2023-10-30 17:00:00,2027.3,20240200,2027.3,20240200,2007.8,20231200
2023-10-30 18:00:00,2027.8,20240200,2027.8,20240200,2007.7,20231200
2023-10-30 19:00:00,2026.8,20240200,2026.8,20240200,2005.7,20231200
2023-10-30 20:00:00,2026.8,20240200,2026.8,20240200,2005.6,20231200
2023-10-30 23:00:00,2026.8,20240200,2026.8,20240200,2005.9,20231200
2023-10-31 13:30:00,2032.5,20240200,2032.5,20240200,2012.1,20231200
2023-10-31 14:00:00,2030.1,20240200,2030.1,20240200,2008.3,20231200
2023-10-31 15:00:00,2023.9,20240200,2023.9,20240200,2003.4,20231200
2023-10-31 16:00:00,2019.9,20240200,2019.9,20240200,1999.9,20231200
2023-10-31 17:00:00,2013.4,20240200,2013.4,20240200,1993.1,20231200
2023-10-31 18:00:00,2013.3,20240200,2013.3,20240200,1993.3,20231200
2023-10-31 19:00:00,2014.3,20240200,2014.3,20240200,1993.6,20231200
2023-10-31 20:00:00,2013.6,20240200,2013.6,20240200,1993.5,20231200
2023-10-31 23:00:00,2012.8,20240200,2012.8,20240200,1992.8,20231200
2023-11-01 13:30:00,2014.6,20240200,2014.6,20240200,1994.9,20231200
2023-11-01 14:00:00,2015.7,20240200,2015.7,20240200,1995.3,20231200
2023-11-01 15:00:00,2008.3,20240200,2008.3,20240200,1988.0,20231200
2023-11-01 16:00:00,2006.9,20240200,2006.9,20240200,1986.5,20231200
2023-11-01 17:00:00,2007.1,20240200,2007.1,20240200,1987.9,20231200
2023-11-01 18:00:00,2005.0,20240200,2005.0,20240200,1983.7,20231200
2023-11-01 19:00:00,2007.5,20240200,2007.5,20240200,1987.3,20231200
2023-11-01 20:00:00,2007.4,20240200,2007.4,20240200,1986.8,20231200
2023-11-01 23:00:00,2011.1,20240200,2011.1,20240200,1991.4,20231200
2023-11-02 13:30:00,2012.0,20240200,2012.0,20240200,1992.1,20231200
2023-11-02 14:00:00,2012.6,20240200,2012.6,20240200,1992.0,20231200
2023-11-02 15:00:00,2009.1,20240200,2009.1,20240200,1988.6,20231200
2023-11-02 16:00:00,2010.2,20240200,2010.2,20240200,1989.4,20231200
2023-11-02 17:00:00,2013.1,20240200,2013.1,20240200,1992.7,20231200
2023-11-02 18:00:00,2013.9,20240200,2013.9,20240200,1993.7,20231200
2023-11-02 19:00:00,2013.2,20240200,2013.2,20240200,1993.1,20231200
2023-11-02 20:00:00,2013.7,20240200,2013.7,20240200,1992.4,20231200
2023-11-02 23:00:00,2013.7,20240200,2013.7,20240200,1993.4,20231200
2023-11-03 13:30:00,2024.0,20240200,2024.0,20240200,2003.0,20231200
2023-11-03 14:00:00,2022.2,20240200,2022.2,20240200,2002.2,20231200
2023-11-03 15:00:00,2020.5,20240200,2020.5,20240200,1999.2,20231200
2023-11-03 16:00:00,2018.4,20240200,2018.4,20240200,1997.6,20231200
2023-11-03 17:00:00,2020.8,20240200,2020.8,20240200,2000.5,20231200
2023-11-03 18:00:00,2021.9,20240200,2021.9,20240200,2002.4,20231200
2023-11-03 19:00:00,2019.4,20240200,2019.4,20240200,2000.1,20231200
2023-11-03 20:00:00,2019.4,20240200,2019.4,20240200,1999.5,20231200
2023-11-03 20:00:01,2019.4,20240200,2019.8,20240200,1999.5,20231200
2023-11-03 20:00:02,2040.0,20240400,2040.0,20240400,2019.8,20240200
2023-11-03 23:00:00,2040.0,20240400,2040.0,20240400,2020.0,20240200
2023-11-06 14:30:00,2040.0,20240400,2040.0,20240400,2012.0,20240200
2023-11-06 15:00:00,2028.0,20240400,2028.0,20240400,2008.5,20240200
2023-11-06 16:00:00,2030.8,20240400,2030.8,20240400,2010.9,20240200
2023-11-06 17:00:00,2030.3,20240400,2030.3,20240400,2011.2,20240200
2023-11-06 18:00:00,2030.3,20240400,2030.3,20240400,2008.4,20240200
2023-11-06 19:00:00,2026.0,20240400,2026.0,20240400,2006.8,20240200
2023-11-06 20:00:00,2024.7,20240400,2024.7,20240400,2006.6,20240200
2023-11-06 21:00:00,2024.7,20240400,2024.7,20240400,2005.2,20240200
2023-11-06 23:00:00,2024.7,20240400,2024.7,20240400,2005.2,20240200
2023-11-07 14:30:00,2007.1,20240400,2007.1,20240400,1987.7,20240200
2023-11-07 15:00:00,2010.0,20240400,2010.0,20240400,1989.0,20240200
2023-11-07 16:00:00,2010.0,20240400,2010.0,20240400,1991.1,20240200
2023-11-07 17:00:00,2008.7,20240400,2008.7,20240400,1990.6,20240200
2023-11-07 18:00:00,2008.7,20240400,2008.7,20240400,1996.5,20240200
2023-11-07 19:00:00,2013.6,20240400,2013.6,20240400,1994.6,20240200
2023-11-07 20:00:00,2014.5,20240400,2014.5,20240400,1994.7,20240200
2023-11-07 21:00:00,2014.5,20240400,2014.5,20240400,1995.8,20240200
2023-11-07 23:00:00,2014.5,20240400,2014.5,20240400,1995.8,20240200
2023-11-08 14:30:00,2007.1,20240400,2007.1,20240400,1987.2,20240200
2023-11-08 15:00:00,2002.4,20240400,2002.4,20240400,1982.1,20240200
2023-11-08 16:00:00,2001.6,20240400,2001.6,20240400,1980.5,20240200
2023-11-08 17:00:00,1998.8,20240400,1998.8,20240400,1980.9,20240200
2023-11-08 18:00:00,1997.7,20240400,1997.7,20240400,1979.0,20240200
2023-11-08 19:00:00,1994.2,20240400,1994.2,20240400,1974.1,20240200
2023-11-08 20:00:00,1992.7,20240400,1992.7,20240400,1975.1,20240200
2023-11-08 21:00:00,1995.2,20240400,1995.2,20240400,1976.0,20240200
2023-11-08 23:00:00,1995.2,20240400,1995.2,20240400,1976.0,20240200
2023-11-09 14:30:00,2002.9,20240400,2002.9,20240400,1983.6,20240200
2023-11-09 15:00:00,2009.1,20240400,2009.1,20240400,1988.4,20240200
2023-11-09 16:00:00,2004.3,20240400,2004.3,20240400,1985.9,20240200
2023-11-09 17:00:00,2006.0,20240400,2006.0,20240400,1986.5,20240200
2023-11-09 18:00:00,2008.0,20240400,2008.0,20240400,1988.7,20240200
2023-11-09 19:00:00,2002.7,20240400,2002.7,20240400,1983.9,20240200
2023-11-09 20:00:00,2004.2,20240400,2004.2,20240400,1985.0,20240200
2023-11-09 21:00:00,2002.7,20240400,2002.7,20240400,1983.8,20240200
2023-11-09 23:00:00,2002.7,20240400,2002.7,20240400,1983.8,20240200
2023-11-10 14:30:00,1986.2,20240400,1986.2,20240400,1966.0,20240200
2023-11-10 15:00:00,1985.0,20240400,1985.0,20240400,1966.6,20240200
2023-11-10 16:00:00,1983.0,20240400,1983.0,20240400,1963.7,20240200
2023-11-10 17:00:00,1980.3,20240400,1980.3,20240400,1960.9,20240200
2023-11-10 18:00:00,1980.0,20240400,1980.0,20240400,1960.0,20240200
2023-11-10 19:00:00,1978.7,20240400,1978.7,20240400,1959.7,20240200
2023-11-10 20:00:00,1978.7,20240400,1978.7,20240400,1960.1,20240200
2023-11-10 21:00:00,1978.7,20240400,1978.7,20240400,1961.3,20240200
2023-11-10 23:00:00,1978.7,20240400,1978.7,20240400,1961.3,20240200
2023-11-13 14:30:00,1976.0,20240400,1976.0,20240400,1956.4,20240200
2023-11-13 15:00:00,1981.0,20240400,1981.0,20240400,1962.7,20240200
2023-11-13 16:00:00,1989.0,20240400,1989.0,20240400,1970.0,20240200
2023-11-13 17:00:00,1990.5,20240400,1990.5,20240400,1970.7,20240200
2023-11-13 18:00:00,1990.5,20240400,1990.5,20240400,1971.4,20240200
2023-11-13 19:00:00,1990.5,20240400,1990.5,20240400,1970.2,20240200
2023-11-13 20:00:00,1990.5,20240400,1990.5,20240400,1970.0,20240200
2023-11-13 21:00:00,1989.7,20240400,1989.7,20240400,1969.9,20240200
2023-11-13 23:00:00,1989.7,20240400,1989.7,20240400,1969.9,20240200
2023-11-14 14:30:00,2010.1,20240400,2010.1,20240400,1992.1,20240200
2023-11-14 15:00:00,2007.7,20240400,2007.7,20240400,1988.1,20240200
2023-11-14 16:00:00,2008.1,20240400,2008.1,20240400,1988.2,20240200
2023-11-14 17:00:00,2005.4,20240400,2005.4,20240400,1986.3,20240200
2023-11-14 18:00:00,2006.2,20240400,2006.2,20240400,1986.6,20240200
2023-11-14 19:00:00,2006.3,20240400,2006.3,20240400,1987.3,20240200
2023-11-14 20:00:00,2006.8,20240400,2006.8,20240400,1987.7,20240200
2023-11-14 21:00:00,2006.8,20240400,2006.8,20240400,1986.8,20240200
2023-11-14 23:00:00,2006.8,20240400,2006.8,20240400,1986.8,20240200
2023-11-15 14:30:00,1999.8,20240400,1999.8,20240400,1981.4,20240200
2023-11-15 15:00:00,2005.6,20240400,2005.6,20240400,1987.4,20240200
2023-11-15 16:00:00,2003.7,20240400,2003.7,20240400,1986.1,20240200
2023-11-15 17:00:00,2006.0,20240400,2006.0,20240400,1984.2,20240200
2023-11-15 18:00:00,2002.1,20240400,2002.1,20240400,1983.5,20240200
2023-11-15 19:00:00,2004.3,20240400,2004.3,20240400,1985.6,20240200
2023-11-15 20:00:00,2004.3,20240400,2004.3,20240400,1985.5,20240200
2023-11-15 21:00:00,2004.3,20240400,2004.3,20240400,1983.0,20240200
2023-11-15 23:00:00,2004.3,20240400,2004.3,20240400,1983.0,20240200
2023-11-16 14:30:00,2021.6,20240400,2021.6,20240400,2002.6,20240200
2023-11-16 15:00:00,2024.7,20240400,2024.7,20240400,2008.0,20240200
2023-11-16 16:00:00,2023.8,20240400,2023.8,20240400,2004.9,20240200
2023-11-16 17:00:00,2026.1,20240400,2026.1,20240400,2006.6,20240200
2023-11-16 18:00:00,2026.8,20240400,2026.8,20240400,2007.5,20240200
2023-11-16 19:00:00,2026.9,20240400,2026.9,20240400,2006.5,20240200
2023-11-16 20:00:00,2026.9,20240400,2026.9,20240400,2004.7,20240200
2023-11-16 21:00:00,2023.8,20240400,2023.8,20240400,2004.0,20240200
2023-11-16 23:00:00,2023.8,20240400,2023.8,20240400,2004.0,20240200
2023-11-17 14:30:00,2022.2,20240400,2022.2,20240400,2003.0,20240200
2023-11-17 15:00:00,2025.9,20240400,2025.9,20240400,2006.2,20240200
2023-11-17 16:00:00,2022.1,20240400,2022.1,20240400,2004.3,20240200
2023-11-17 17:00:00,2022.2,20240400,2022.2,20240400,2003.6,20240200
2023-11-17 18:00:00,2024.9,20240400,2024.9,20240400,2005.0,20240200
2023-11-17 19:00:00,2024.9,20240400,2024.9,20240400,2003.1,20240200
2023-11-17 20:00:00,2022.6,20240400,2022.6,20240400,2003.3,20240200
2023-11-17 21:00:00,2022.6,20240400,2022.6,20240400,2003.8,20240200
2023-11-17 23:00:00,2022.6,20240400,2022.6,20240400,2003.8,20240200
2023-11-20 14:30:00,2011.9,20240400,2011.9,20240400,1992.1,20240200
2023-11-20 15:00:00,2014.4,20240400,2014.4,20240400,1994.8,20240200
2023-11-20 16:00:00,2016.4,20240400,2016.4,20240400,1997.2,20240200
2023-11-20 17:00:00,2015.1,20240400,2015.1,20240400,1996.0,20240200
2023-11-20 18:00:00,2019.3,20240400,2019.3,20240400,2000.1,20240200
2023-11-20 19:00:00,2019.3,20240400,2019.3,20240400,2001.5,20240200
2023-11-20 20:00:00,2019.3,20240400,2019.3,20240400,2001.2,20240200
2023-11-20 21:00:00,2019.3,20240400,2019.3,20240400,2000.2,20240200
2023-11-20 23:00:00,2019.3,20240400,2019.3,20240400,2000.2,20240200
2023-11-21 14:30:00,2047.4,20240400,2047.4,20240400,2027.9,20240200
2023-11-21 15:00:00,2045.7,20240400,2045.7,20240400,2026.0,20240200
2023-11-21 16:00:00,2043.8,20240400,2043.8,20240400,2023.3,20240200
2023-11-21 17:00:00,2041.6,20240400,2041.6,20240400,2023.6,20240200
2023-11-21 18:00:00,2040.0,20240400,2040.0,20240400,2021.3,20240200
2023-11-21 19:00:00,2041.8,20240400,2041.8,20240400,2022.3,20240200
2023-11-21 20:00:00,2040.8,20240400,2040.8,20240400,2021.1,20240200
2023-11-21 21:00:00,2039.3,20240400,2039.3,20240400,2020.6,20240200
2023-11-21 23:00:00,2039.3,20240400,2039.3,20240400,2020.6,20240200
2023-11-22 14:30:00,2043.4,20240400,2043.4,20240400,2024.2,20240200
2023-11-22 15:00:00,2036.5,20240400,2036.5,20240400,2017.3,20240200
2023-11-22 16:00:00,2031.8,20240400,2031.8,20240400,2013.2,20240200
2023-11-22 17:00:00,2032.9,20240400,2032.9,20240400,2013.6,20240200
2023-11-22 18:00:00,2030.0,20240400,2030.0,20240400,2010.3,20240200
2023-11-22 19:00:00,2032.0,20240400,2032.0,20240400,2012.6,20240200
2023-11-22 20:00:00,2031.1,20240400,2031.1,20240400,2012.5,20240200
2023-11-22 21:00:00,2031.1,20240400,2031.1,20240400,2012.2,20240200
2023-11-22 23:00:00,2031.1,20240400,2031.1,20240400,2012.2,20240200
2023-11-24 14:30:00,2041.9,20240400,2041.9,20240400,2022.4,20240200
2023-11-24 15:00:00,2039.5,20240400,2039.5,20240400,2019.7,20240200
2023-11-24 16:00:00,2040.5,20240400,2040.5,20240400,2021.1,20240200
2023-11-24 17:00:00,2041.2,20240400,2041.2,20240400,2022.7,20240200
2023-11-24 18:00:00,2041.9,20240400,2041.9,20240400,2023.6,20240200
2023-11-24 23:00:00,2041.9,20240400,2041.9,20240400,2023.6,20240200
2023-11-27 14:30:00,2052.4,20240400,2052.4,20240400,2032.8,20240200
2023-11-27 15:00:00,2049.4,20240400,2049.4,20240400,2031.7,20240200
2023-11-27 16:00:00,2049.5,20240400,2049.5,20240400,2032.2,20240200
2023-11-27 17:00:00,2050.0,20240400,2050.0,20240400,2031.1,20240200
2023-11-27 18:00:00,2053.4,20240400,2053.4,20240400,2033.8,20240200
2023-11-27 19:00:00,2053.6,20240400,2053.6,20240400,2034.0,20240200
2023-11-27 20:00:00,2054.0,20240400,2054.0,20240400,2034.0,20240200
2023-11-27 21:00:00,2054.0,20240400,2054.0,20240400,2035.1,20240200
2023-11-27 23:00:00,2055.0,20240400,2055.0,20240400,2035.1,20240200
2023-11-28 14:30:00,2066.6,20240400,2066.6,20240400,2047.6,20240200
2023-11-28 15:00:00,2071.4,20240400,2071.4,20240400,2052.0,20240200
2023-11-28 16:00:00,2080.3,20240400,2080.3,20240400,2060.9,20240200
2023-11-28 17:00:00,2081.2,20240400,2081.2,20240400,2061.9,20240200
2023-11-28 18:00:00,2079.5,20240400,2079.5,20240400,2060.6,20240200
2023-11-28 19:00:00,2083.0,20240400,2083.0,20240400,2063.0,20240200
2023-11-28 20:00:00,2081.1,20240400,2081.1,20240400,2061.6,20240200
2023-11-28 21:00:00,2082.1,20240400,2082.1,20240400,2062.0,20240200
2023-11-28 23:00:00,2082.1,20240400,2082.1,20240400,2062.0,20240200
2023-11-29 14:30:00,2084.8,20240400,2084.8,20240400,2065.4,20240200
2023-11-29 15:00:00,2083.6,20240400,2083.6,20240400,2064.1,20240200
2023-11-29 16:00:00,2082.9,20240400,2082.9,20240400,2063.2,20240200
2023-11-29 17:00:00,2085.0,20240400,2085.0,20240400,2066.0,20240200
2023-11-29 18:00:00,2088.3,20240400,2088.3,20240400,2068.8,20240200
2023-11-29 19:00:00,2087.1,20240400,2087.1,20240400,2067.4,20240200
2023-11-29 20:00:00,2085.0,20240400,2085.0,20240400,2066.0,20240200
2023-11-29 21:00:00,2084.9,20240400,2084.9,20240400,2065.4,20240200
2023-11-29 23:00:00,2084.9,20240400,2084.9,20240400,2065.4,20240200
2023-11-30 14:30:00,2074.9,20240400,2074.9,20240400,2056.5,20240200
2023-11-30 15:00:00,2077.3,20240400,2077.3,20240400,2057.9,20240200
2023-11-30 16:00:00,2079.2,20240400,2079.2,20240400,2059.6,20240200
2023-11-30 17:00:00,2079.5,20240400,2079.5,20240400,2056.9,20240200
2023-11-30 18:00:00,2073.9,20240400,2073.9,20240400,2054.8,20240200
2023-11-30 19:00:00,2075.5,20240400,2075.5,20240400,2055.8,20240200
2023-11-30 20:00:00,2075.0,20240400,2075.0,20240400,2055.1,20240200
2023-11-30 21:00:00,2075.3,20240400,2075.3,20240400,2056.1,20240200
2023-11-30 23:00:00,2075.3,20240400,2075.3,20240400,2056.1,20240200
2023-12-01 14:30:00,2081.4,20240400,2081.4,20240400,2061.8,20240200
2023-12-01 15:00:00,2088.5,20240400,2088.5,20240400,2069.0,20240200
2023-12-01 16:00:00,2098.0,20240400,2098.0,20240400,2078.6,20240200
2023-12-01 17:00:00,2106.5,20240400,2106.5,20240400,2087.2,20240200
2023-12-01 18:00:00,2111.2,20240400,2111.2,20240400,2091.8,20240200
2023-12-01 19:00:00,2106.1,20240400,2106.1,20240400,2087.0,20240200
2023-12-01 20:00:00,2108.9,20240400,2108.9,20240400,2089.7,20240200
2023-12-01 21:00:00,2111.5,20240400,2111.5,20240400,2091.9,20240200
2023-12-01 23:00:00,2111.5,20240400,2111.5,20240400,2091.9,20240200
2023-12-04 14:30:00,2088.6,20240400,2088.6,20240400,2069.2,20240200
2023-12-04 15:00:00,2060.5,20240400,2060.5,20240400,2041.0,20240200
2023-12-04 16:00:00,2063.9,20240400,2063.9,20240400,2044.6,20240200
2023-12-04 17:00:00,2064.0,20240400,2064.0,20240400,2044.5,20240200
2023-12-04 18:00:00,2062.0,20240400,2062.0,20240400,2042.8,20240200
2023-12-04 19:00:00,2068.7,20240400,2068.7,20240400,2049.6,20240200
2023-12-04 20:00:00,2069.2,20240400,2069.2,20240400,2049.7,20240200
2023-12-04 21:00:00,2066.8,20240400,2066.8,20240400,2048.0,20240200
2023-12-04 23:00:00,2066.8,20240400,2066.8,20240400,2048.0,20240200
2023-12-05 14:30:00,2054.5,20240400,2054.5,20240400,2034.8,20240200
2023-12-05 15:00:00,2053.6,20240400,2053.6,20240400,2034.3,20240200
2023-12-05 16:00:00,2052.0,20240400,2052.0,20240400,2032.8,20240200
2023-12-05 17:00:00,2054.5,20240400,2054.5,20240400,2035.3,20240200
2023-12-05 18:00:00,2054.4,20240400,2054.4,20240400,2036.1,20240200
2023-12-05 19:00:00,2057.9,20240400,2057.9,20240400,2038.1,20240200
2023-12-05 20:00:00,2057.2,20240400,2057.2,20240400,2037.7,20240200
2023-12-05 21:00:00,2057.2,20240400,2057.2,20240400,2037.6,20240200
2023-12-05 23:00:00,2057.2,20240400,2057.2,20240400,2037.6,20240200
2023-12-06 14:30:00,2062.2,20240400,2062.2,20240400,2042.9,20240200
2023-12-06 15:00:00,2067.5,20240400,2067.5,20240400,2048.1,20240200
2023-12-06 16:00:00,2067.0,20240400,2067.0,20240400,2047.8,20240200
2023-12-06 17:00:00,2066.6,20240400,2066.6,20240400,2047.3,20240200
2023-12-06 18:00:00,2068.0,20240400,2068.0,20240400,2048.5,20240200
2023-12-06 19:00:00,2067.0,20240400,2067.0,20240400,2047.7,20240200
2023-12-06 20:00:00,2064.8,20240400,2064.8,20240400,2045.4,20240200
2023-12-06 21:00:00,2062.3,20240400,2062.3,20240400,2043.3,20240200
2023-12-06 23:00:00,2062.3,20240400,2062.3,20240400,2043.3,20240200
2023-12-07 14:30:00,2062.0,20240400,2062.0,20240400,2043.0,20240200
2023-12-07 15:00:00,2066.0,20240400,2066.0,20240400,2045.8,20240200
2023-12-07 16:00:00,2062.0,20240400,2062.0,20240400,2043.0,20240200
2023-12-07 17:00:00,2063.4,20240400,2063.4,20240400,2045.4,20240200
2023-12-07 18:00:00,2067.1,20240400,2067.1,20240400,2047.2,20240200
2023-12-07 19:00:00,2066.4,20240400,2066.4,20240400,2046.7,20240200
2023-12-07 20:00:00,2065.0,20240400,2065.0,20240400,2047.6,20240200
2023-12-07 21:00:00,2064.7,20240400,2064.7,20240400,2045.1,20240200
2023-12-07 23:00:00,2064.7,20240400,2064.7,20240400,2045.1,20240200
2023-12-08 14:30:00,2044.0,20240400,2044.0,20240400,2025.0,20240200
2023-12-08 15:00:00,2044.8,20240400,2044.8,20240400,2025.1,20240200
2023-12-08 16:00:00,2036.8,20240400,2036.8,20240400,2018.3,20240200
2023-12-08 17:00:00,2031.7,20240400,2031.7,20240400,2013.1,20240200
2023-12-08 18:00:00,2035.3,20240400,2035.3,20240400,2015.3,20240200
2023-12-08 19:00:00,2035.6,20240400,2035.6,20240400,2016.6,20240200
2023-12-08 20:00:00,2036.7,20240400,2036.7,20240400,2017.4,20240200
2023-12-08 21:00:00,2040.0,20240400,2040.0,20240400,2020.7,20240200
2023-12-08 23:00:00,2040.0,20240400,2040.0,20240400,2020.7,20240200
2023-12-11 14:30:00,2021.7,20240400,2021.7,20240400,2002.5,20240200
2023-12-11 15:00:00,2017.2,20240400,2017.2,20240400,1998.0,20240200
2023-12-11 16:00:00,2017.1,20240400,2017.1,20240400,1997.3,20240200
2023-12-11 17:00:00,2011.0,20240400,2011.0,20240400,1992.2,20240200
2023-12-11 18:00:00,2016.9,20240400,2016.9,20240400,1997.3,20240200
2023-12-11 19:00:00,2016.0,20240400,2016.0,20240400,1997.2,20240200
2023-12-11 20:00:00,2015.8,20240400,2015.8,20240400,1996.6,20240200
2023-12-11 21:00:00,2016.4,20240400,2016.4,20240400,1997.5,20240200
2023-12-11 23:00:00,2016.4,20240400,2016.4,20240400,1997.5,20240200
2023-12-12 14:30:00,2016.2,20240400,2016.2,20240400,1996.8,20240200
2023-12-12 15:00:00,2016.0,20240400,2016.0,20240400,1996.8,20240200
2023-12-12 16:00:00,2014.9,20240400,2014.9,20240400,1996.3,20240200
2023-12-12 17:00:00,2012.6,20240400,2012.6,20240400,1993.0,20240200
2023-12-12 18:00:00,2013.5,20240400,2013.5,20240400,1994.2,20240200
2023-12-12 19:00:00,2014.8,20240400,2014.8,20240400,1995.6,20240200
2023-12-12 20:00:00,2014.2,20240400,2014.2,20240400,1995.1,20240200
2023-12-12 21:00:00,2014.3,20240400,2014.3,20240400,1994.9,20240200
2023-12-12 23:00:00,2014.3,20240400,2014.3,20240400,1994.9,20240200
2023-12-13 14:30:00,2016.8,20240400,2016.8,20240400,1997.0,20240200
2023-12-13 15:00:00,2016.3,20240400,2016.3,20240400,1997.1,20240200
2023-12-13 16:00:00,2015.7,20240400,2015.7,20240400,1996.3,20240200
2023-12-13 17:00:00,2016.2,20240400,2016.2,20240400,1997.1,20240200
2023-12-13 18:00:00,2016.0,20240400,2016.0,20240400,1995.8,20240200
2023-12-13 19:00:00,2047.6,20240400,2047.6,20240400,2029.0,20240200
2023-12-13 20:00:00,2052.3,20240400,2052.3,20240400,2032.8,20240200
2023-12-13 21:00:00,2062.1,20240400,2062.1,20240400,2043.2,20240200
2023-12-13 23:00:00,2062.1,20240400,2062.1,20240400,2043.2,20240200
2023-12-14 14:30:00,2077.1,20240400,2077.1,20240400,2058.0,20240200
2023-12-14 15:00:00,2073.0,20240400,2073.0,20240400,2055.2,20240200
2023-12-14 16:00:00,2073.5,20240400,2073.5,20240400,2053.9,20240200
2023-12-14 17:00:00,2069.3,20240400,2069.3,20240400,2050.7,20240200
2023-12-14 18:00:00,2065.7,20240400,2065.7,20240400,2045.8,20240200
2023-12-14 19:00:00,2067.6,20240400,2067.6,20240400,2048.1,20240200
2023-12-14 20:00:00,2069.9,20240400,2069.9,20240400,2050.2,20240200
2023-12-14 21:00:00,2069.8,20240400,2069.8,20240400,2051.2,20240200
2023-12-14 23:00:00,2069.8,20240400,2069.8,20240400,2051.2,20240200
2023-12-15 14:30:00,2065.5,20240400,2065.5,20240400,2047.5,20240200
2023-12-15 15:00:00,2070.1,20240400,2070.1,20240400,2049.6,20240200
2023-12-15 16:00:00,2067.9,20240400,2067.9,20240400,2048.2,20240200
2023-12-15 17:00:00,2066.0,20240400,2066.0,20240400,2047.1,20240200
2023-12-15 18:00:00,2053.4,20240400,2053.4,20240400,2033.9,20240200
2023-12-15 19:00:00,2051.8,20240400,2051.8,20240400,2033.1,20240200
2023-12-15 20:00:00,2051.3,20240400,2051.3,20240400,2031.7,20240200
2023-12-15 21:00:00,2053.4,20240400,2053.4,20240400,2033.9,20240200
2023-12-15 23:00:00,2053.4,20240400,2053.4,20240400,2033.9,20240200
2023-12-18 14:30:00,2054.9,20240400,2054.9,20240400,2038.2,20240200
2023-12-18 15:00:00,2055.9,20240400,2055.9,20240400,2036.3,20240200
2023-12-18 16:00:00,2056.8,20240400,2056.8,20240400,2036.4,20240200
2023-12-18 17:00:00,2066.9,20240400,2066.9,20240400,2047.8,20240200
2023-12-18 18:00:00,2060.5,20240400,2060.5,20240400,2040.5,20240200
2023-12-18 19:00:00,2060.5,20240400,2060.5,20240400,2040.2,20240200
2023-12-18 20:00:00,2059.5,20240400,2059.5,20240400,2040.1,20240200
2023-12-18 21:00:00,2060.2,20240400,2060.2,20240400,2040.9,20240200
2023-12-18 23:00:00,2060.2,20240400,2060.2,20240400,2040.9,20240200
2023-12-19 14:30:00,2075.3,20240400,2075.3,20240400,2055.3,20240200
2023-12-19 15:00:00,2075.0,20240400,2075.0,20240400,2055.9,20240200
2023-12-19 16:00:00,2078.8,20240400,2078.8,20240400,2058.4,20240200
2023-12-19 17:00:00,2074.0,20240400,2074.0,20240400,2054.2,20240200
2023-12-19 18:00:00,2071.6,20240400,2071.6,20240400,2052.7,20240200
2023-12-19 19:00:00,2072.6,20240400,2072.6,20240400,2053.0,20240200
2023-12-19 20:00:00,2072.6,20240400,2072.6,20240400,2052.6,20240200
2023-12-19 20:00:01,2091.5,20240600,2091.5,20240600,2072.6,20240400
2023-12-19 21:00:00,,20240600,,20240600,2073.0,20240400
2023-12-19 23:00:00,2091.5,20240600,2091.5,20240600,2073.0,20240400
2023-12-20 14:30:00,2088.6,20240600,2088.6,20240600,2069.8,20240400
2023-12-20 15:00:00,2086.0,20240600,2086.0,20240600,2065.1,20240400
2023-12-20 16:00:00,2087.3,20240600,2087.3,20240600,2067.4,20240400
2023-12-20 17:00:00,2084.9,20240600,2084.9,20240600,2068.1,20240400
2023-12-20 18:00:00,2088.6,20240600,2088.6,20240600,2069.4,20240400
2023-12-20 19:00:00,,20240600,,20240600,2065.5,20240400
2023-12-20 20:00:00,2085.0,20240600,2085.0,20240600,2065.0,20240400
2023-12-20 21:00:00,2080.6,20240600,2080.6,20240600,2060.6,20240400
2023-12-20 23:00:00,2080.6,20240600,2080.6,20240600,2060.6,20240400
2023-12-21 14:30:00,2094.6,20240600,2094.6,20240600,2075.8,20240400
2023-12-21 15:00:00,2088.0,20240600,2088.0,20240600,2072.1,20240400
2023-12-21 16:00:00,2095.1,20240600,2095.1,20240600,2074.2,20240400
2023-12-21 17:00:00,2093.5,20240600,2093.5,20240600,2073.2,20240400
2023-12-21 18:00:00,2089.2,20240600,2089.2,20240600,2070.5,20240400
2023-12-21 19:00:00,2095.4,20240600,2095.4,20240600,2075.1,20240400
2023-12-21 20:00:00,2095.2,20240600,2095.2,20240600,2075.3,20240400
2023-12-21 21:00:00,2096.3,20240600,2096.3,20240600,2077.4,20240400
2023-12-21 23:00:00,2096.3,20240600,2096.3,20240600,2077.4,20240400
2023-12-22 14:30:00,2120.6,20240600,2120.6,20240600,2101.1,20240400
2023-12-22 15:00:00,2112.0,20240600,2112.0,20240600,2092.5,20240400
2023-12-22 16:00:00,2105.5,20240600,2105.5,20240600,2085.4,20240400
2023-12-22 17:00:00,2106.3,20240600,2106.3,20240600,2087.0,20240400
2023-12-22 18:00:00,2109.1,20240600,2109.1,20240600,2089.0,20240400
2023-12-22 19:00:00,2104.9,20240600,2104.9,20240600,2085.4,20240400
2023-12-22 20:00:00,2103.5,20240600,2103.5,20240600,2084.7,20240400
2023-12-22 21:00:00,2103.9,20240600,2103.9,20240600,2084.0,20240400
2023-12-22 23:00:00,2103.9,20240600,2103.9,20240600,2084.0,20240400
2023-12-26 14:30:00,2107.6,20240600,2107.6,20240600,2088.0,20240400
2023-12-26 15:00:00,2110.0,20240600,2110.0,20240600,2087.9,20240400
2023-12-26 16:00:00,2109.5,20240600,2109.5,20240600,2090.5,20240400
2023-12-26 17:00:00,2107.9,20240600,2107.9,20240600,2088.3,20240400
2023-12-26 18:00:00,2108.9,20240600,2108.9,20240600,2090.0,20240400
2023-12-26 19:00:00,2111.0,20240600,2111.0,20240600,2092.2,20240400
2023-12-26 20:00:00,2114.1,20240600,2114.1,20240600,2093.9,20240400
2023-12-26 21:00:00,2119.0,20240600,2119.0,20240600,2097.7,20240400
2023-12-26 23:00:00,2119.0,20240600,2119.0,20240600,2097.7,20240400
2023-12-27 14:30:00,2121.0,20240600,2121.0,20240600,2101.5,20240400
2023-12-27 15:00:00,2128.9,20240600,2128.9,20240600,2109.8,20240400
2023-12-27 16:00:00,2132.1,20240600,2132.1,20240600,2113.1,20240400
2023-12-27 17:00:00,2132.5,20240600,2132.5,20240600,2113.3,20240400
2023-12-27 18:00:00,2128.9,20240600,2128.9,20240600,2109.6,20240400
2023-12-27 19:00:00,2128.1,20240600,2128.1,20240600,2108.2,20240400
2023-12-27 20:00:00,,20240600,,20240600,2109.1,20240400
2023-12-27 21:00:00,,20240600,,20240600,2108.6,20240400
2023-12-27 23:00:00,2128.1,20240600,2128.1,20240600,2108.6,20240400
2023-12-28 14:30:00,2123.9,20240600,2123.9,20240600,2108.6,20240400
2023-12-28 15:00:00,2126.8,20240600,2126.8,20240600,2105.7,20240400
2023-12-28 16:00:00,2123.4,20240600,2123.4,20240600,2103.9,20240400
2023-12-28 17:00:00,2125.4,20240600,2125.4,20240600,2104.5,20240400
2023-12-28 18:00:00,2122.2,20240600,2122.2,20240600,2101.5,20240400
2023-12-28 19:00:00,2117.8,20240600,2117.8,20240600,2098.1,20240400
2023-12-28 20:00:00,,20240600,,20240600,2095.5,20240400
2023-12-28 21:00:00,2115.0,20240600,2115.0,20240600,2094.7,20240400
2023-12-28 23:00:00,2115.0,20240600,2115.0,20240600,2094.7,20240400
2023-12-29 14:30:00,2111.5,20240600,2111.5,20240600,2091.8,20240400
2023-12-29 15:00:00,2111.7,20240600,2111.7,20240600,2094.1,20240400
2023-12-29 16:00:00,2114.0,20240600,2114.0,20240600,2095.4,20240400
2023-12-29 17:00:00,2115.7,20240600,2115.7,20240600,2096.6,20240400
2023-12-29 18:00:00,2112.2,20240600,2112.2,20240600,2093.9,20240400
2023-12-29 19:00:00,2116.3,20240600,2116.3,20240600,2096.8,20240400
2023-12-29 20:00:00,2115.6,20240600,2115.6,20240600,2095.9,20240400
2023-12-29 21:00:00,2112.2,20240600,2112.2,20240600,2092.4,20240400
2023-12-29 23:00:00,2112.2,20240600,2112.2,20240600,2092.4,20240400
2024-01-02 14:30:00,2119.0,20240600,2119.0,20240600,2099.0,20240400
2024-01-02 15:00:00,2107.1,20240600,2107.1,20240600,2087.9,20240400
2024-01-02 16:00:00,2114.2,20240600,2114.2,20240600,2095.4,20240400
2024-01-02 17:00:00,2112.7,20240600,2112.7,20240600,2091.8,20240400
2024-01-02 18:00:00,2112.1,20240600,2112.1,20240600,2090.1,20240400
2024-01-02 19:00:00,,20240600,,20240600,2089.9,20240400
2024-01-02 20:00:00,2109.8,20240600,2109.8,20240600,2087.5,20240400
2024-01-02 21:00:00,2107.0,20240600,2107.0,20240600,2088.0,20240400
2024-01-02 23:00:00,2107.0,20240600,2107.0,20240600,2088.0,20240400
2024-01-03 14:30:00,2085.3,20240600,2085.3,20240600,2064.5,20240400
2024-01-03 15:00:00,2080.1,20240600,2080.1,20240600,2060.8,20240400
2024-01-03 16:00:00,2079.3,20240600,2079.3,20240600,2059.4,20240400
2024-01-03 17:00:00,2078.0,20240600,2078.0,20240600,2061.0,20240400
2024-01-03 18:00:00,2083.5,20240600,2083.5,20240600,2063.7,20240400
2024-01-03 19:00:00,2083.3,20240600,2083.3,20240600,2064.6,20240400
2024-01-03 20:00:00,2088.7,20240600,2088.7,20240600,2068.9,20240400
2024-01-03 21:00:00,2088.3,20240600,2088.3,20240600,2069.5,20240400
2024-01-03 23:00:00,2088.3,20240600,2088.3,20240600,2069.5,20240400
2024-01-04 14:30:00,2086.5,20240600,2086.5,20240600,2067.0,20240400
2024-01-04 15:00:00,2092.0,20240600,2092.0,20240600,2071.8,20240400
2024-01-04 16:00:00,2092.7,20240600,2092.7,20240600,2072.6,20240400
2024-01-04 17:00:00,2089.4,20240600,2089.4,20240600,2070.2,20240400
2024-01-04 18:00:00,,20240600,,20240600,2069.3,20240400
2024-01-04 19:00:00,2090.0,20240600,2090.0,20240600,2071.6,20240400
2024-01-04 20:00:00,,20240600,,20240600,2071.5,20240400
2024-01-04 21:00:00,2090.3,20240600,2090.3,20240600,2071.0,20240400
2024-01-04 23:00:00,2090.3,20240600,2090.3,20240600,2071.0,20240400
2024-01-05 14:30:00,2093.1,20240600,2093.1,20240600,2073.9,20240400
2024-01-05 15:00:00,2101.6,20240600,2101.6,20240600,2081.9,20240400
2024-01-05 16:00:00,2091.5,20240600,2091.5,20240600,2070.9,20240400
2024-01-05 17:00:00,2089.0,20240600,2089.0,20240600,2068.8,20240400
2024-01-05 18:00:00,2093.2,20240600,2093.2,20240600,2075.1,20240400
2024-01-05 19:00:00,2093.9,20240600,2093.9,20240600,2072.7,20240400
2024-01-05 20:00:00,2091.0,20240600,2091.0,20240600,2070.8,20240400
2024-01-05 21:00:00,,20240600,,20240600,2072.8,20240400
2024-01-05 23:00:00,2091.0,20240600,2091.0,20240600,2072.8,20240400
2024-01-08 14:30:00,2071.6,20240600,2071.6,20240600,2052.0,20240400
2024-01-08 15:00:00,2080.0,20240600,2080.0,20240600,2060.7,20240400
2024-01-08 16:00:00,2078.3,20240600,2078.3,20240600,2059.4,20240400
2024-01-08 17:00:00,2073.5,20240600,2073.5,20240600,2053.6,20240400
2024-01-08 18:00:00,2073.3,20240600,2073.3,20240600,2053.7,20240400
2024-01-08 19:00:00,,20240600,,20240600,2054.6,20240400
2024-01-08 20:00:00,2074.8,20240600,2074.8,20240600,2052.9,20240400
2024-01-08 21:00:00,2073.4,20240600,2073.4,20240600,2054.6,20240400
2024-01-08 23:00:00,2073.4,20240600,2073.4,20240600,2054.6,20240400
2024-01-09 14:30:00,2081.0,20240600,2081.0,20240600,2061.0,20240400
2024-01-09 15:00:00,2078.1,20240600,2078.1,20240600,2054.6,20240400
2024-01-09 16:00:00,2073.9,20240600,2073.9,20240600,2057.2,20240400
2024-01-09 17:00:00,2073.1,20240600,2073.1,20240600,2053.5,20240400
2024-01-09 18:00:00,2074.0,20240600,2074.0,20240600,2054.1,20240400
2024-01-09 19:00:00,2073.8,20240600,2073.8,20240600,2054.5,20240400
2024-01-09 20:00:00,2075.3,20240600,2075.3,20240600,2055.9,20240400
2024-01-09 21:00:00,,20240600,,20240600,2055.7,20240400
2024-01-09 23:00:00,2074.7,20240600,2074.7,20240600,2055.7,20240400
2024-01-10 14:30:00,2072.1,20240600,2072.1,20240600,2053.0,20240400
2024-01-10 15:00:00,2074.4,20240600,2074.4,20240600,2052.3,20240400
2024-01-10 16:00:00,2070.3,20240600,2070.3,20240600,2053.1,20240400
2024-01-10 17:00:00,2069.7,20240600,2069.7,20240600,2049.5,20240400
2024-01-10 18:00:00,2066.0,20240600,2066.0,20240600,2049.0,20240400
2024-01-10 19:00:00,2066.8,20240600,2066.8,20240600,2049.4,20240400
2024-01-10 20:00:00,2069.1,20240600,2069.1,20240600,2048.8,20240400
2024-01-10 21:00:00,2069.2,20240600,2069.2,20240600,2049.1,20240400
2024-01-10 23:00:00,2069.2,20240600,2069.2,20240600,2049.1,20240400
2024-01-11 14:30:00,2072.6,20240600,2072.6,20240600,2054.0,20240400
2024-01-11 15:00:00,2072.9,20240600,2072.9,20240600,2053.6,20240400
2024-01-11 16:00:00,2063.3,20240600,2063.3,20240600,2040.5,20240400
2024-01-11 17:00:00,2058.0,20240600,2058.0,20240600,2037.5,20240400
2024-01-11 18:00:00,2059.2,20240600,2059.2,20240600,2040.3,20240400
2024-01-11 19:00:00,2071.0,20240600,2071.0,20240600,2050.8,20240400
2024-01-11 20:00:00,2070.3,20240600,2070.3,20240600,2048.4,20240400
2024-01-11 21:00:00,2072.2,20240600,2072.2,20240600,2052.7,20240400
2024-01-11 23:00:00,2072.2,20240600,2072.2,20240600,2052.7,20240400
2024-01-12 14:30:00,2101.5,20240600,2101.5,20240600,2079.6,20240400
2024-01-12 15:00:00,2097.0,20240600,2097.0,20240600,2078.1,20240400
2024-01-12 16:00:00,2092.3,20240600,2092.3,20240600,2072.8,20240400
2024-01-12 17:00:00,2087.8,20240600,2087.8,20240600,2068.2,20240400
2024-01-12 18:00:00,2089.3,20240600,2089.3,20240600,2070.1,20240400
2024-01-12 19:00:00,2089.9,20240600,2089.9,20240600,2071.4,20240400
2024-01-12 20:00:00,2091.0,20240600,2091.0,20240600,2071.5,20240400
2024-01-12 21:00:00,2092.2,20240600,2092.2,20240600,2073.2,20240400
2024-01-12 23:00:00,2092.2,20240600,2092.2,20240600,2073.2,20240400
2024-01-16 14:30:00,2080.9,20240600,2080.9,20240600,2061.3,20240400
2024-01-16 15:00:00,2084.0,20240600,2084.0,20240600,2064.5,20240400
2024-01-16 16:00:00,2077.4,20240600,2077.4,20240600,2058.0,20240400
2024-01-16 17:00:00,2068.1,20240600,2068.1,20240600,2048.3,20240400
2024-01-16 18:00:00,2066.9,20240600,2066.9,20240600,2048.3,20240400
2024-01-16 19:00:00,2068.7,20240600,2068.7,20240600,2052.4,20240400
2024-01-16 20:00:00,2072.0,20240600,2072.0,20240600,2052.7,20240400
2024-01-16 21:00:00,,20240600,,20240600,2051.7,20240400
2024-01-16 23:00:00,2072.0,20240600,2072.0,20240600,2051.7,20240400
2024-01-17 14:30:00,2053.7,20240600,2053.7,20240600,2034.3,20240400
2024-01-17 15:00:00,2051.0,20240600,2051.0,20240600,2031.4,20240400
2024-01-17 16:00:00,2046.0,20240600,2046.0,20240600,2027.5,20240400
2024-01-17 17:00:00,2048.4,20240600,2048.4,20240600,2029.5,20240400
2024-01-17 18:00:00,2046.5,20240600,2046.5,20240600,2027.3,20240400
2024-01-17 19:00:00,2048.5,20240600,2048.5,20240600,2028.4,20240400
2024-01-17 20:00:00,2047.9,20240600,2047.9,20240600,2028.4,20240400
2024-01-17 21:00:00,2047.9,20240600,2047.9,20240600,2028.6,20240400
2024-01-17 23:00:00,2047.9,20240600,2047.9,20240600,2028.6,20240400
2024-01-18 14:30:00,2053.9,20240600,2053.9,20240600,2034.7,20240400
2024-01-18 15:00:00,2056.7,20240600,2056.7,20240600,2035.0,20240400
2024-01-18 16:00:00,2055.2,20240600,2055.2,20240600,2036.7,20240400
2024-01-18 17:00:00,2055.5,20240600,2055.5,20240600,2038.2,20240400
2024-01-18 18:00:00,2061.5,20240600,2061.5,20240600,2042.6,20240400
2024-01-18 19:00:00,2061.0,20240600,2061.0,20240600,2041.8,20240400
2024-01-18 20:00:00,2063.7,20240600,2063.7,20240600,2042.5,20240400
2024-01-18 21:00:00,2064.0,20240600,2064.0,20240600,2045.0,20240400
2024-01-18 23:00:00,2064.0,20240600,2064.0,20240600,2045.0,20240400
2024-01-19 14:30:00,2070.5,20240600,2070.5,20240600,2053.6,20240400
2024-01-19 15:00:00,2068.5,20240600,2068.5,20240600,2049.3,20240400
2024-01-19 16:00:00,2065.8,20240600,2065.8,20240600,2046.3,20240400
2024-01-19 17:00:00,2069.8,20240600,2069.8,20240600,2050.0,20240400
2024-01-19 18:00:00,2068.9,20240600,2068.9,20240600,2049.7,20240400
2024-01-19 19:00:00,2069.1,20240600,2069.1,20240600,2051.1,20240400
2024-01-19 20:00:00,2070.5,20240600,2070.5,20240600,2050.4,20240400
2024-01-19 21:00:00,2070.5,20240600,2070.5,20240600,2051.0,20240400
2024-01-19 23:00:00,2070.5,20240600,2070.5,20240600,2051.0,20240400
2024-01-22 14:30:00,2060.8,20240600,2060.8,20240600,2043.6,20240400
2024-01-22 15:00:00,2065.8,20240600,2065.8,20240600,2044.6,20240400
2024-01-22 16:00:00,2062.0,20240600,2062.0,20240600,2044.3,20240400
2024-01-22 17:00:00,2062.6,20240600,2062.6,20240600,2043.1,20240400
2024-01-22 18:00:00,2061.5,20240600,2061.5,20240600,2042.1,20240400
2024-01-22 19:00:00,2060.9,20240600,2060.9,20240600,2042.1,20240400
2024-01-22 20:00:00,,20240600,,20240600,2041.4,20240400
2024-01-22 21:00:00,2060.6,20240600,2060.6,20240600,2042.0,20240400
2024-01-22 23:00:00,2060.6,20240600,2060.6,20240600,2042.0,20240400
2024-01-23 14:30:00,2063.0,20240600,2063.0,20240600,2043.9,20240400
2024-01-23 15:00:00,2065.2,20240600,2065.2,20240600,2046.2,20240400
2024-01-23 16:00:00,2063.8,20240600,2063.8,20240600,2046.9,20240400
2024-01-23 17:00:00,2064.4,20240600,2064.4,20240600,2044.9,20240400
2024-01-23 18:00:00,,20240600,,20240600,2045.8,20240400
2024-01-23 19:00:00,2069.9,20240600,2069.9,20240600,2050.8,20240400
2024-01-23 20:00:00,2069.2,20240600,2069.2,20240600,2050.3,20240400
2024-01-23 21:00:00,2069.5,20240600,2069.5,20240600,2050.1,20240400
2024-01-23 23:00:00,2069.5,20240600,2069.5,20240600,2050.1,20240400
2024-01-24 14:30:00,2063.9,20240600,2063.9,20240600,2045.0,20240400
2024-01-24 15:00:00,2055.0,20240600,2055.0,20240600,2035.3,20240400
2024-01-24 16:00:00,2051.5,20240600,2051.5,20240600,2035.3,20240400
2024-01-24 17:00:00,2058.1,20240600,2058.1,20240600,2039.8,20240400
2024-01-24 18:00:00,2054.7,20240600,2054.7,20240600,2035.3,20240400
2024-01-24 19:00:00,2051.7,20240600,2051.7,20240600,2032.3,20240400
2024-01-24 20:00:00,2052.8,20240600,2052.8,20240600,2032.6,20240400
2024-01-24 21:00:00,2053.7,20240600,2053.7,20240600,2033.8,20240400
2024-01-24 23:00:00,2053.7,20240600,2053.7,20240600,2033.8,20240400
2024-01-25 14:30:00,2063.3,20240600,2063.3,20240600,2043.0,20240400
2024-01-25 15:00:00,2059.1,20240600,2059.1,20240600,2040.0,20240400
2024-01-25 16:00:00,2052.7,20240600,2052.7,20240600,2033.2,20240400
2024-01-25 17:00:00,2054.5,20240600,2054.5,20240600,2034.0,20240400
2024-01-25 18:00:00,2054.1,20240600,2054.1,20240600,2033.2,20240400
2024-01-25 19:00:00,2052.0,20240600,2052.0,20240600,2036.7,20240400
2024-01-25 20:00:00,2056.4,20240600,2056.4,20240600,2036.4,20240400
2024-01-25 21:00:00,2059.0,20240600,2059.0,20240600,2040.0,20240400
2024-01-25 23:00:00,2059.0,20240600,2059.0,20240600,2040.0,20240400
2024-01-26 14:30:00,2059.2,20240600,2059.2,20240600,2038.9,20240400
2024-01-26 15:00:00,2055.0,20240600,2055.0,20240600,2035.4,20240400
2024-01-26 16:00:00,2056.1,20240600,2056.1,20240600,2036.8,20240400
2024-01-26 17:00:00,2055.0,20240600,2055.0,20240600,2034.9,20240400
2024-01-26 18:00:00,2055.3,20240600,2055.3,20240600,2035.6,20240400
2024-01-26 19:00:00,2055.0,20240600,2055.0,20240600,2035.5,20240400
2024-01-26 20:00:00,2055.0,20240600,2055.0,20240600,2036.0,20240400
2024-01-26 21:00:00,2056.7,20240600,2056.7,20240600,2036.6,20240400
2024-01-26 23:00:00,2056.7,20240600,2056.7,20240600,2036.6,20240400
2024-01-29 14:30:00,2062.0,20240600,2062.0,20240600,2043.0,20240400
2024-01-29 15:00:00,2063.0,20240600,2063.0,20240600,2043.5,20240400
2024-01-29 16:00:00,2065.5,20240600,2065.5,20240600,2045.3,20240400
2024-01-29 17:00:00,2067.4,20240600,2067.4,20240600,2047.9,20240400
2024-01-29 18:00:00,2063.5,20240600,2063.5,20240600,2043.9,20240400
2024-01-29 19:00:00,2064.8,20240600,2064.8,20240600,2045.2,20240400
2024-01-29 20:00:00,2068.2,20240600,2068.2,20240600,2049.9,20240400
2024-01-29 21:00:00,2069.9,20240600,2069.9,20240600,2051.7,20240400
2024-01-29 23:00:00,2069.9,20240600,2069.9,20240600,2051.7,20240400
2024-01-30 14:30:00,2084.3,20240600,2084.3,20240600,2065.2,20240400
2024-01-30 15:00:00,2071.0,20240600,2071.0,20240600,2050.9,20240400
2024-01-30 16:00:00,2073.2,20240600,2073.2,20240600,2054.0,20240400
2024-01-30 17:00:00,2071.5,20240600,2071.5,20240600,2052.2,20240400
2024-01-30 18:00:00,2070.4,20240600,2070.4,20240600,2051.0,20240400
2024-01-30 19:00:00,2073.9,20240600,2073.9,20240600,2054.5,20240400
2024-01-30 20:00:00,2073.9,20240600,2073.9,20240600,2054.3,20240400
2024-01-30 21:00:00,2074.6,20240600,2074.6,20240600,2055.3,20240400
2024-01-30 23:00:00,2074.6,20240600,2074.6,20240600,2055.3,20240400
2024-01-31 14:30:00,2090.5,20240600,2090.5,20240600,2069.9,20240400
2024-01-31 15:00:00,2089.6,20240600,2089.6,20240600,2070.6,20240400
2024-01-31 16:00:00,2088.1,20240600,2088.1,20240600,2068.1,20240400
2024-01-31 17:00:00,2087.8,20240600,2087.8,20240600,2067.9,20240400
2024-01-31 18:00:00,2090.5,20240600,2090.5,20240600,2064.5,20240400
2024-01-31 19:00:00,2084.6,20240600,2084.6,20240600,2063.1,20240400
2024-01-31 20:00:00,2075.4,20240600,2075.4,20240600,2055.2,20240400
2024-01-31 21:00:00,2077.2,20240600,2077.2,20240600,2057.7,20240400
2024-01-31 23:00:00,2077.2,20240600,2077.2,20240600,2057.7,20240400
2024-02-01 14:30:00,2083.9,20240600,2083.9,20240600,2063.2,20240400
2024-02-01 15:00:00,2090.0,20240600,2090.0,20240600,2069.6,20240400
2024-02-01 16:00:00,2097.8,20240600,2097.8,20240600,2076.9,20240400
2024-02-01 17:00:00,2092.0,20240600,2092.0,20240600,2071.9,20240400
2024-02-01 18:00:00,2092.6,20240600,2092.6,20240600,2072.9,20240400
2024-02-01 19:00:00,2092.8,20240600,2092.8,20240600,2072.1,20240400
2024-02-01 20:00:00,2090.9,20240600,2090.9,20240600,2071.2,20240400
2024-02-01 21:00:00,2092.3,20240600,2092.3,20240600,2072.3,20240400
2024-02-01 23:00:00,2092.3,20240600,2092.3,20240600,2072.3,20240400
2024-02-02 14:30:00,2071.3,20240600,2071.3,20240600,2051.5,20240400
2024-02-02 15:00:00,2071.2,20240600,2071.2,20240600,2052.1,20240400
2024-02-02 16:00:00,2074.0,20240600,2074.0,20240600,2053.3,20240400
2024-02-02 17:00:00,2072.5,20240600,2072.5,20240600,2052.4,20240400
2024-02-02 18:00:00,2074.6,20240600,2074.6,20240600,2054.4,20240400
2024-02-02 19:00:00,2074.9,20240600,2074.9,20240600,2055.1,20240400
2024-02-02 20:00:00,2074.9,20240600,2074.9,20240600,2055.0,20240400
2024-02-02 21:00:00,2075.9,20240600,2075.9,20240600,2056.9,20240400
2024-02-02 23:00:00,2075.9,20240600,2075.9,20240600,2056.9,20240400
2024-02-05 14:30:00,2060.4,20240600,2060.4,20240600,2040.9,20240400
2024-02-05 15:00:00,2051.9,20240600,2051.9,20240600,2034.0,20240400
2024-02-05 16:00:00,2055.4,20240600,2055.4,20240600,2038.5,20240400
2024-02-05 17:00:00,2061.8,20240600,2061.8,20240600,2042.0,20240400
2024-02-05 18:00:00,2061.8,20240600,2061.8,20240600,2042.2,20240400
2024-02-05 19:00:00,2062.9,20240600,2062.9,20240600,2042.3,20240400
2024-02-05 20:00:00,2061.6,20240600,2061.6,20240600,2041.4,20240400
2024-02-05 21:00:00,2061.0,20240600,2061.0,20240600,2041.5,20240400
2024-02-05 23:00:00,2061.0,20240600,2061.0,20240600,2041.5,20240400
2024-02-06 14:30:00,2066.4,20240600,2066.4,20240600,2046.8,20240400
2024-02-06 15:00:00,2072.1,20240600,2072.1,20240600,2052.7,20240400
2024-02-06 16:00:00,2074.9,20240600,2074.9,20240600,2053.0,20240400
2024-02-06 17:00:00,2071.1,20240600,2071.1,20240600,2053.3,20240400
2024-02-06 18:00:00,2071.0,20240600,2071.0,20240600,2052.9,20240400
2024-02-06 19:00:00,2072.0,20240600,2072.0,20240600,2052.4,20240400
2024-02-06 20:00:00,2072.0,20240600,2072.0,20240600,2052.2,20240400
2024-02-06 21:00:00,2071.9,20240600,2071.9,20240600,2052.6,20240400
2024-02-06 23:00:00,2071.9,20240600,2071.9,20240600,2052.6,20240400
2024-02-07 14:30:00,2078.1,20240600,2078.1,20240600,2058.8,20240400
2024-02-07 15:00:00,2075.8,20240600,2075.8,20240600,2054.3,20240400
2024-02-07 16:00:00,2073.9,20240600,2073.9,20240600,2054.6,20240400
2024-02-07 17:00:00,2071.3,20240600,2071.3,20240600,2051.8,20240400
2024-02-07 18:00:00,2070.0,20240600,2070.0,20240600,2051.0,20240400
2024-02-07 19:00:00,2070.8,20240600,2070.8,20240600,2051.7,20240400
2024-02-07 20:00:00,2071.2,20240600,2071.2,20240600,2051.0,20240400
2024-02-07 21:00:00,2069.4,20240600,2069.4,20240600,2050.8,20240400
2024-02-07 23:00:00,2069.4,20240600,2069.4,20240600,2050.8,20240400
2024-02-08 14:30:00,2065.1,20240600,2065.1,20240600,2043.0,20240400
2024-02-08 15:00:00,2067.3,20240600,2067.3,20240600,2046.9,20240400
2024-02-08 16:00:00,2066.0,20240600,2066.0,20240600,2046.8,20240400
2024-02-08 17:00:00,2067.7,20240600,2067.7,20240600,2046.8,20240400
2024-02-08 18:00:00,2066.9,20240600,2066.9,20240600,2047.2,20240400
2024-02-08 19:00:00,2067.3,20240600,2067.3,20240600,2047.7,20240400
2024-02-08 20:00:00,2068.4,20240600,2068.4,20240600,2048.4,20240400
2024-02-08 21:00:00,2068.9,20240600,2068.9,20240600,2049.6,20240400
2024-02-08 23:00:00,2068.9,20240600,2068.9,20240600,2049.6,20240400
2024-02-09 14:30:00,2058.2,20240600,2058.2,20240600,2039.8,20240400
2024-02-09 15:00:00,2056.8,20240600,2056.8,20240600,2036.9,20240400
2024-02-09 16:00:00,2054.8,20240600,2054.8,20240600,2035.8,20240400
2024-02-09 17:00:00,2058.1,20240600,2058.1,20240600,2039.0,20240400
2024-02-09 18:00:00,2057.5,20240600,2057.5,20240600,2038.0,20240400
2024-02-09 19:00:00,2059.4,20240600,2059.4,20240600,2038.8,20240400
2024-02-09 20:00:00,2058.9,20240600,2058.9,20240600,2040.0,20240400
2024-02-09 21:00:00,2058.7,20240600,2058.7,20240600,2038.8,20240400
2024-02-09 23:00:00,2058.7,20240600,2058.7,20240600,2038.8,20240400
2024-02-12 14:30:00,2049.8,20240600,2049.8,20240600,2028.9,20240400
2024-02-12 15:00:00,2046.7,20240600,2046.7,20240600,2026.8,20240400
2024-02-12 16:00:00,2048.9,20240600,2048.9,20240600,2029.7,20240400
2024-02-12 17:00:00,2052.0,20240600,2052.0,20240600,2033.1,20240400
2024-02-12 18:00:00,2055.1,20240600,2055.1,20240600,2035.3,20240400
2024-02-12 19:00:00,2052.5,20240600,2052.5,20240600,2032.7,20240400
2024-02-12 20:00:00,2053.7,20240600,2053.7,20240600,2033.8,20240400
2024-02-12 21:00:00,2053.4,20240600,2053.4,20240600,2034.0,20240400
2024-02-12 23:00:00,2053.4,20240600,2053.4,20240600,2034.0,20240400
2024-02-13 14:30:00,2028.4,20240600,2028.4,20240600,2008.5,20240400
2024-02-13 15:00:00,2024.0,20240600,2024.0,20240600,2005.4,20240400
2024-02-13 16:00:00,2027.5,20240600,2027.5,20240600,2008.1,20240400
2024-02-13 17:00:00,2026.0,20240600,2026.0,20240600,2006.7,20240400
2024-02-13 18:00:00,2028.2,20240600,2028.2,20240600,2006.6,20240400
2024-02-13 19:00:00,2024.4,20240600,2024.4,20240600,2004.5,20240400
2024-02-13 20:00:00,2024.8,20240600,2024.8,20240600,2005.6,20240400
2024-02-13 21:00:00,2025.9,20240600,2025.9,20240600,2005.9,20240400
2024-02-13 23:00:00,2025.9,20240600,2025.9,20240600,2005.9,20240400
2024-02-14 14:30:00,2019.0,20240600,2019.0,20240600,1999.7,20240400
2024-02-14 15:00:00,2020.7,20240600,2020.7,20240600,2000.8,20240400
2024-02-14 16:00:00,2025.7,20240600,2025.7,20240600,2006.1,20240400
2024-02-14 17:00:00,2027.1,20240600,2027.1,20240600,2007.1,20240400
2024-02-14 18:00:00,2024.8,20240600,2024.8,20240600,2004.4,20240400
2024-02-14 19:00:00,2023.4,20240600,2023.4,20240600,2004.5,20240400
2024-02-14 20:00:00,2023.2,20240600,2023.2,20240600,2004.1,20240400
2024-02-14 21:00:00,2023.4,20240600,2023.4,20240600,2005.1,20240400
2024-02-14 23:00:00,2023.4,20240600,2023.4,20240600,2005.1,20240400
2024-02-15 14:30:00,2035.6,20240600,2035.6,20240600,2015.6,20240400
2024-02-15 15:00:00,2032.9,20240600,2032.9,20240600,2012.2,20240400
2024-02-15 16:00:00,2031.5,20240600,2031.5,20240600,2011.6,20240400
2024-02-15 17:00:00,2035.1,20240600,2035.1,20240600,2015.2,20240400
2024-02-15 18:00:00,2035.5,20240600,2035.5,20240600,2016.1,20240400
2024-02-15 19:00:00,2036.8,20240600,2036.8,20240600,2016.8,20240400
2024-02-15 20:00:00,2036.3,20240600,2036.3,20240600,2015.7,20240400
2024-02-15 21:00:00,2035.9,20240600,2035.9,20240600,2015.8,20240400
2024-02-15 23:00:00,2035.9,20240600,2035.9,20240600,2015.8,20240400
2024-02-16 14:30:00,2030.1,20240600,2030.1,20240600,2010.5,20240400
2024-02-16 15:00:00,2039.9,20240600,2039.9,20240600,2019.7,20240400
2024-02-16 16:00:00,2040.7,20240600,2040.7,20240600,2021.1,20240400
2024-02-16 17:00:00,2045.2,20240600,2045.2,20240600,2025.4,20240400
2024-02-16 18:00:00,2044.5,20240600,2044.5,20240600,2025.5,20240400
2024-02-16 19:00:00,2043.9,20240600,2043.9,20240600,2024.4,20240400
2024-02-16 20:00:00,2043.0,20240600,2043.0,20240600,2023.3,20240400
2024-02-16 21:00:00,2044.6,20240600,2044.6,20240600,2025.2,20240400
2024-02-16 23:00:00,2044.6,20240600,2044.6,20240600,2025.2,20240400
2024-02-20 14:30:00,2059.5,20240600,2059.5,20240600,2039.8,20240400
2024-02-20 15:00:00,2058.9,20240600,2058.9,20240600,2039.0,20240400
2024-02-20 16:00:00,2059.2,20240600,2059.2,20240600,2038.4,20240400
2024-02-20 17:00:00,2059.5,20240600,2059.5,20240600,2039.9,20240400
2024-02-20 18:00:00,2058.3,20240600,2058.3,20240600,2038.5,20240400
2024-02-20 19:00:00,2056.4,20240600,2056.4,20240600,2036.6,20240400
2024-02-20 20:00:00,2055.5,20240600,2055.5,20240600,2035.4,20240400
2024-02-20 21:00:00,2055.3,20240600,2055.3,20240600,2035.8,20240400
2024-02-20 23:00:00,2055.3,20240600,2055.3,20240600,2035.8,20240400
2024-02-21 14:30:00,2060.2,20240600,2060.2,20240600,2038.6,20240400
2024-02-21 15:00:00,2054.8,20240600,2054.8,20240600,2035.1,20240400
2024-02-21 16:00:00,2055.9,20240600,2055.9,20240600,2035.1,20240400
2024-02-21 17:00:00,2054.6,20240600,2054.6,20240600,2035.2,20240400
2024-02-21 18:00:00,2052.9,20240600,2052.9,20240600,2032.6,20240400
2024-02-21 19:00:00,2056.9,20240600,2056.9,20240600,2036.8,20240400
2024-02-21 20:00:00,2057.5,20240600,2057.5,20240600,2035.9,20240400
2024-02-21 21:00:00,2056.2,20240600,2056.2,20240600,2036.8,20240400
2024-02-21 23:00:00,2056.2,20240600,2056.2,20240600,2036.8,20240400
2024-02-22 14:30:00,2054.0,20240600,2054.0,20240600,2034.8,20240400
2024-02-22 15:00:00,2053.4,20240600,2053.4,20240600,2033.3,20240400
2024-02-22 16:00:00,2050.7,20240600,2050.7,20240600,2030.8,20240400
2024-02-22 17:00:00,2052.9,20240600,2052.9,20240600,2033.1,20240400
2024-02-22 18:00:00,2052.8,20240600,2052.8,20240600,2032.6,20240400
2024-02-22 19:00:00,2053.5,20240600,2053.5,20240600,2033.1,20240400
2024-02-22 20:00:00,2054.0,20240600,2054.0,20240600,2032.9,20240400
2024-02-22 21:00:00,2053.6,20240600,2053.6,20240600,2034.2,20240400
2024-02-22 23:00:00,2053.6,20240600,2053.6,20240600,2034.2,20240400
2024-02-23 14:30:00,2057.7,20240600,2057.7,20240600,2037.1,20240400
2024-02-23 15:00:00,2059.9,20240600,2059.9,20240600,2039.9,20240400
2024-02-23 16:00:00,2067.2,20240600,2067.2,20240600,2048.2,20240400
2024-02-23 17:00:00,2067.9,20240600,2067.9,20240600,2048.0,20240400
2024-02-23 18:00:00,2070.4,20240600,2070.4,20240600,2050.6,20240400
2024-02-23 19:00:00,2067.2,20240600,2067.2,20240600,2047.4,20240400
2024-02-23 20:00:00,2066.5,20240600,2066.5,20240600,2047.0,20240400
2024-02-23 21:00:00,2066.1,20240600,2066.1,20240600,2045.7,20240400
2024-02-23 23:00:00,2066.1,20240600,2066.1,20240600,2045.7,20240400
2024-02-26 14:30:00,2057.1,20240600,2057.1,20240600,2037.2,20240400
2024-02-26 15:00:00,2058.9,20240600,2058.9,20240600,2038.7,20240400
2024-02-26 16:00:00,2056.8,20240600,2056.8,20240600,2037.0,20240400
2024-02-26 17:00:00,2057.6,20240600,2057.6,20240600,2037.8,20240400
2024-02-26 18:00:00,2058.2,20240600,2058.2,20240600,2038.9,20240400
2024-02-26 19:00:00,,20240600,,20240600,2039.6,20240400
2024-02-26 20:00:00,2061.8,20240600,2061.8,20240600,2042.0,20240400
2024-02-26 21:00:00,2060.9,20240600,2060.9,20240600,2040.9,20240400
2024-02-26 23:00:00,2060.9,20240600,2060.9,20240600,2040.9,20240400
2024-02-27 14:30:00,2064.6,20240600,2064.6,20240600,2044.7,20240400
2024-02-27 15:00:00,2063.7,20240600,2063.7,20240600,2043.2,20240400
2024-02-27 16:00:00,2062.3,20240600,2062.3,20240600,2042.6,20240400
2024-02-27 17:00:00,2061.5,20240600,2061.5,20240600,2041.7,20240400
2024-02-27 18:00:00,2061.9,20240600,2061.9,20240600,2041.8,20240400
2024-02-27 19:00:00,2059.7,20240600,2059.7,20240600,2039.7,20240400
2024-02-27 20:00:00,2059.3,20240600,2059.3,20240600,2039.1,20240400
2024-02-27 21:00:00,2059.6,20240600,2059.6,20240600,2039.5,20240400
2024-02-27 23:00:00,2059.6,20240600,2059.6,20240600,2039.5,20240400
2024-02-28 14:30:00,2060.7,20240600,2060.7,20240600,2041.0,20240400
2024-02-28 15:00:00,2061.5,20240600,2061.5,20240600,2041.1,20240400
2024-02-28 16:00:00,2062.2,20240600,2062.2,20240600,2042.8,20240400
2024-02-28 17:00:00,2062.3,20240600,2062.3,20240600,2043.2,20240400
2024-02-28 18:00:00,2062.5,20240600,2062.5,20240600,2040.8,20240400
2024-02-28 19:00:00,2060.8,20240600,2060.8,20240600,2041.4,20240400
2024-02-28 20:00:00,2062.4,20240600,2062.4,20240600,2042.6,20240400
2024-02-28 21:00:00,2063.8,20240600,2063.8,20240600,2043.6,20240400
2024-02-28 23:00:00,2063.8,20240600,2063.8,20240600,2043.6,20240400
2024-02-29 14:30:00,2075.9,20240600,2075.9,20240600,2056.4,20240400
2024-02-29 15:00:00,2076.4,20240600,2076.4,20240600,2056.6,20240400
2024-02-29 16:00:00,2074.9,20240600,2074.9,20240600,2053.4,20240400
2024-02-29 17:00:00,2073.9,20240600,2073.9,20240600,2054.3,20240400
2024-02-29 18:00:00,2075.0,20240600,2075.0,20240600,2054.8,20240400
2024-02-29 19:00:00,2073.0,20240600,2073.0,20240600,2053.0,20240400
2024-02-29 20:00:00,2072.7,20240600,2072.7,20240600,2053.5,20240400
2024-02-29 21:00:00,2072.4,20240600,2072.4,20240600,2052.7,20240400
2024-02-29 23:00:00,2072.4,20240600,2072.4,20240600,2052.7,20240400
2024-03-01 14:30:00,2074.6,20240600,2074.6,20240600,2054.6,20240400
2024-03-01 15:00:00,2098.0,20240600,2098.0,20240600,2078.0,20240400
2024-03-01 16:00:00,2110.0,20240600,2110.0,20240600,2089.9,20240400
2024-03-01 17:00:00,2114.5,20240600,2114.5,20240600,2093.5,20240400
2024-03-01 18:00:00,2114.3,20240600,2114.3,20240600,2094.5,20240400
2024-03-01 19:00:00,2114.4,20240600,2114.4,20240600,2094.1,20240400
2024-03-01 20:00:00,2112.8,20240600,2112.8,20240600,2093.0,20240400
2024-03-01 21:00:00,2112.0,20240600,2112.0,20240600,2091.6,20240400
2024-03-01 23:00:00,2112.0,20240600,2112.0,20240600,2091.6,20240400
2024-03-04 14:30:00,2129.8,20240600,2129.8,20240600,2109.4,20240400
2024-03-04 15:00:00,2138.3,20240600,2138.3,20240600,2117.6,20240400
2024-03-04 16:00:00,2148.5,20240600,2148.5,20240600,2127.7,20240400
2024-03-04 17:00:00,2144.9,20240600,2144.9,20240600,2125.2,20240400
2024-03-04 18:00:00,2143.5,20240600,2143.5,20240600,2124.0,20240400
2024-03-04 19:00:00,2145.9,20240600,2145.9,20240600,2125.0,20240400
2024-03-04 20:00:00,2145.3,20240600,2145.3,20240600,2125.0,20240400
2024-03-04 21:00:00,2143.5,20240600,2143.5,20240600,2123.1,20240400
2024-03-04 23:00:00,2143.5,20240600,2143.5,20240600,2123.1,20240400
2024-03-05 14:30:00,2157.5,20240600,2157.5,20240600,2136.9,20240400
2024-03-05 15:00:00,2155.8,20240600,2155.8,20240600,2135.2,20240400
2024-03-05 16:00:00,2157.2,20240600,2157.2,20240600,2136.7,20240400
2024-03-05 17:00:00,2160.0,20240600,2160.0,20240600,2139.4,20240400
2024-03-05 18:00:00,2160.3,20240600,2160.3,20240600,2139.1,20240400
2024-03-05 19:00:00,2158.6,20240600,2158.6,20240600,2138.1,20240400
2024-03-05 20:00:00,2158.1,20240600,2158.1,20240600,2137.6,20240400
2024-03-05 21:00:00,2156.9,20240600,2156.9,20240600,2136.5,20240400
2024-03-05 23:00:00,2156.9,20240600,2156.9,20240600,2136.5,20240400
2024-03-06 14:30:00,2174.6,20240600,2174.6,20240600,2153.4,20240400
2024-03-06 15:00:00,2169.7,20240600,2169.7,20240600,2149.3,20240400
2024-03-06 16:00:00,2177.3,20240600,2177.3,20240600,2156.4,20240400
2024-03-06 17:00:00,2173.9,20240600,2173.9,20240600,2153.1,20240400
2024-03-06 18:00:00,2176.2,20240600,2176.2,20240600,2155.4,20240400
2024-03-06 19:00:00,2173.5,20240600,2173.5,20240600,2152.7,20240400
2024-03-06 20:00:00,2172.9,20240600,2172.9,20240600,2152.3,20240400
2024-03-06 21:00:00,2177.0,20240600,2177.0,20240600,2156.4,20240400
2024-03-06 23:00:00,2177.0,20240600,2177.0,20240600,2156.4,20240400
2024-03-07 14:30:00,2182.3,20240600,2182.3,20240600,2161.4,20240400
2024-03-07 15:00:00,2181.5,20240600,2181.5,20240600,2160.9,20240400
2024-03-07 16:00:00,2184.0,20240600,2184.0,20240600,2163.6,20240400
2024-03-07 17:00:00,2186.0,20240600,2186.0,20240600,2165.7,20240400
2024-03-07 18:00:00,2184.1,20240600,2184.1,20240600,2164.6,20240400
2024-03-07 19:00:00,2188.2,20240600,2188.2,20240600,2167.5,20240400
2024-03-07 20:00:00,2186.8,20240600,2186.8,20240600,2166.0,20240400
2024-03-07 21:00:00,2187.7,20240600,2187.7,20240600,2167.3,20240400
2024-03-07 23:00:00,2187.7,20240600,2187.7,20240600,2167.3,20240400
2024-03-08 14:30:00,2198.7,20240600,2198.7,20240600,2177.8,20240400
2024-03-08 15:00:00,2205.0,20240600,2205.0,20240600,2184.1,20240400
2024-03-08 16:00:00,2207.9,20240600,2207.9,20240600,2187.8,20240400
2024-03-08 17:00:00,2212.3,20240600,2212.3,20240600,2192.2,20240400
2024-03-08 18:00:00,2202.1,20240600,2202.1,20240600,2181.0,20240400
2024-03-08 19:00:00,2203.8,20240600,2203.8,20240600,2183.3,20240400
2024-03-08 20:00:00,2204.8,20240600,2204.8,20240600,2184.0,20240400
2024-03-08 21:00:00,2207.1,20240600,2207.1,20240600,2186.3,20240400
2024-03-08 23:00:00,2207.1,20240600,2207.1,20240600,2186.3,20240400
2024-03-11 13:30:00,2208.0,20240600,2208.0,20240600,2188.1,20240400
2024-03-11 14:00:00,2209.2,20240600,2209.2,20240600,2188.4,20240400
2024-03-11 15:00:00,2211.6,20240600,2211.6,20240600,2190.6,20240400
2024-03-11 16:00:00,2208.3,20240600,2208.3,20240600,2187.1,20240400
2024-03-11 17:00:00,2207.4,20240600,2207.4,20240600,2186.1,20240400
2024-03-11 18:00:00,2205.3,20240600,2205.3,20240600,2187.1,20240400
2024-03-11 19:00:00,2208.9,20240600,2208.9,20240600,2187.6,20240400
2024-03-11 20:00:00,2210.1,20240600,2210.1,20240600,2189.0,20240400
2024-03-11 23:00:00,2210.1,20240600,2210.1,20240600,2189.0,20240400
2024-03-12 13:30:00,2187.1,20240600,2187.1,20240600,2166.2,20240400
2024-03-12 14:00:00,2189.0,20240600,2189.0,20240600,2167.7,20240400
2024-03-12 15:00:00,2189.7,20240600,2189.7,20240600,2168.5,20240400
2024-03-12 16:00:00,2192.9,20240600,2192.9,20240600,2171.5,20240400
2024-03-12 17:00:00,2181.9,20240600,2181.9,20240600,2160.2,20240400
2024-03-12 18:00:00,2180.6,20240600,2180.6,20240600,2159.2,20240400
2024-03-12 19:00:00,2184.3,20240600,2184.3,20240600,2162.9,20240400
2024-03-12 20:00:00,2184.2,20240600,2184.2,20240600,2162.7,20240400
2024-03-12 23:00:00,2185.6,20240600,2185.6,20240600,2163.8,20240400
2024-03-13 13:30:00,2192.9,20240600,2192.9,20240600,2171.4,20240400
2024-03-13 14:00:00,2195.8,20240600,2195.8,20240600,2174.4,20240400
2024-03-13 15:00:00,2198.7,20240600,2198.7,20240600,2177.1,20240400
2024-03-13 16:00:00,2200.8,20240600,2200.8,20240600,2179.1,20240400
2024-03-13 17:00:00,2201.5,20240600,2201.5,20240600,2179.8,20240400
2024-03-13 18:00:00,2202.3,20240600,2202.3,20240600,2180.3,20240400
2024-03-13 19:00:00,2199.4,20240600,2199.4,20240600,2177.8,20240400
2024-03-13 20:00:00,2199.4,20240600,2199.4,20240600,2177.7,20240400
2024-03-13 23:00:00,2201.0,20240600,2201.0,20240600,2179.4,20240400
2024-03-14 13:30:00,2188.4,20240600,2188.4,20240600,2167.0,20240400
2024-03-14 14:00:00,2187.0,20240600,2187.0,20240600,2166.4,20240400
2024-03-14 15:00:00,2183.0,20240600,2183.0,20240600,2161.4,20240400
2024-03-14 16:00:00,2184.8,20240600,2184.8,20240600,2163.0,20240400
2024-03-14 17:00:00,2186.8,20240600,2186.8,20240600,2164.5,20240400
2024-03-14 18:00:00,2187.4,20240600,2187.4,20240600,2165.6,20240400
2024-03-14 19:00:00,2189.0,20240600,2189.0,20240600,2167.7,20240400
2024-03-14 20:00:00,2189.5,20240600,2189.5,20240600,2167.5,20240400
2024-03-14 20:00:01,,20240800,,20240800,2189.5,20240600
2024-03-14 23:00:00,2207.8,20240800,2207.8,20240800,2187.7,20240600
2024-03-15 13:30:00,2205.7,20240800,2205.7,20240800,2186.0,20240600
2024-03-15 14:00:00,2210.5,20240800,2210.5,20240800,2190.0,20240600
2024-03-15 15:00:00,2206.1,20240800,2206.1,20240800,2185.9,20240600
2024-03-15 16:00:00,2203.0,20240800,2203.0,20240800,2184.1,20240600
2024-03-15 17:00:00,2201.4,20240800,2201.4,20240800,2181.1,20240600
2024-03-15 18:00:00,2204.7,20240800,2204.7,20240800,2184.8,20240600
2024-03-15 19:00:00,2201.1,20240800,2201.1,20240800,2182.0,20240600
2024-03-15 20:00:00,2200.7,20240800,2200.7,20240800,2181.3,20240600
2024-03-15 23:00:00,2200.7,20240800,2200.7,20240800,2181.3,20240600
2024-03-18 13:30:00,2201.7,20240800,2201.7,20240800,2181.5,20240600
2024-03-18 14:00:00,2203.3,20240800,2203.3,20240800,2183.7,20240600
2024-03-18 15:00:00,2202.8,20240800,2202.8,20240800,2184.6,20240600
2024-03-18 16:00:00,2201.3,20240800,2201.3,20240800,2184.8,20240600
2024-03-18 17:00:00,2205.0,20240800,2205.0,20240800,2185.3,20240600
2024-03-18 18:00:00,2204.4,20240800,2204.4,20240800,2185.1,20240600
2024-03-18 19:00:00,2205.2,20240800,2205.2,20240800,2185.4,20240600
2024-03-18 20:00:00,2204.5,20240800,2204.5,20240800,2184.8,20240600
2024-03-18 23:00:00,2204.5,20240800,2204.5,20240800,2185.4,20240600
2024-03-19 13:30:00,2195.6,20240800,2195.6,20240800,2175.8,20240600
2024-03-19 14:00:00,2198.1,20240800,2198.1,20240800,2179.2,20240600
2024-03-19 15:00:00,2196.6,20240800,2196.6,20240800,2178.4,20240600
2024-03-19 16:00:00,2198.6,20240800,2198.6,20240800,2178.9,20240600
2024-03-19 17:00:00,2201.3,20240800,2201.3,20240800,2181.8,20240600
2024-03-19 18:00:00,2200.5,20240800,2200.5,20240800,2181.4,20240600
2024-03-19 19:00:00,2200.8,20240800,2200.8,20240800,2182.6,20240600
2024-03-19 20:00:00,,20240800,,20240800,2182.9,20240600
2024-03-19 23:00:00,2200.8,20240800,2200.8,20240800,2182.3,20240600
2024-03-20 13:30:00,2202.0,20240800,2202.0,20240800,2182.4,20240600
2024-03-20 14:00:00,2200.8,20240800,2200.8,20240800,2181.4,20240600
2024-03-20 15:00:00,2198.8,20240800,2198.8,20240800,2180.8,20240600
2024-03-20 16:00:00,2202.0,20240800,2202.0,20240800,2182.3,20240600
2024-03-20 17:00:00,2202.0,20240800,2202.0,20240800,2182.2,20240600
2024-03-20 18:00:00,2228.1,20240800,2228.1,20240800,2206.9,20240600
2024-03-20 19:00:00,2226.7,20240800,2226.7,20240800,2207.0,20240600
2024-03-20 20:00:00,2227.8,20240800,2227.8,20240800,2208.0,20240600
2024-03-20 23:00:00,2230.6,20240800,2230.6,20240800,2211.0,20240600
2024-03-21 13:30:00,2236.0,20240800,2236.0,20240800,2215.6,20240600
2024-03-21 14:00:00,2220.0,20240800,2220.0,20240800,2200.1,20240600
2024-03-21 15:00:00,2217.6,20240800,2217.6,20240800,2197.8,20240600
2024-03-21 16:00:00,2223.3,20240800,2223.3,20240800,2203.7,20240600
2024-03-21 17:00:00,2223.7,20240800,2223.7,20240800,2203.8,20240600
2024-03-21 18:00:00,2228.1,20240800,2228.1,20240800,2207.2,20240600
2024-03-21 19:00:00,2224.7,20240800,2224.7,20240800,2205.0,20240600
2024-03-21 20:00:00,2225.6,20240800,2225.6,20240800,2206.0,20240600
2024-03-21 23:00:00,2224.1,20240800,2224.1,20240800,2205.0,20240600
2024-03-22 13:30:00,2222.0,20240800,2222.0,20240800,2202.0,20240600
2024-03-22 14:00:00,2216.8,20240800,2216.8,20240800,2197.6,20240600
2024-03-22 15:00:00,2209.0,20240800,2209.0,20240800,2189.1,20240600
2024-03-22 16:00:00,2204.9,20240800,2204.9,20240800,2185.6,20240600
2024-03-22 17:00:00,2202.0,20240800,2202.0,20240800,2182.4,20240600
2024-03-22 18:00:00,2205.8,20240800,2205.8,20240800,2186.0,20240600
2024-03-22 19:00:00,2205.6,20240800,2205.6,20240800,2186.9,20240600
2024-03-22 20:00:00,2207.8,20240800,2207.8,20240800,2188.3,20240600
2024-03-22 23:00:00,2207.8,20240800,2207.8,20240800,2188.3,20240600
2024-03-25 13:30:00,2219.9,20240800,2219.9,20240800,2199.9,20240600
2024-03-25 14:00:00,2221.0,20240800,2221.0,20240800,2200.8,20240600
2024-03-25 15:00:00,2218.4,20240800,2218.4,20240800,2198.5,20240600
2024-03-25 16:00:00,2217.8,20240800,2217.8,20240800,2197.9,20240600
2024-03-25 17:00:00,2217.6,20240800,2217.6,20240800,2197.7,20240600
2024-03-25 18:00:00,2215.8,20240800,2215.8,20240800,2196.0,20240600
2024-03-25 19:00:00,2213.8,20240800,2213.8,20240800,2193.6,20240600
2024-03-25 20:00:00,2213.6,20240800,2213.6,20240800,2194.8,20240600
2024-03-25 23:00:00,2213.6,20240800,2213.6,20240800,2194.8,20240600
2024-03-26 13:30:00,2225.0,20240800,2225.0,20240800,2205.0,20240600
2024-03-26 14:00:00,2225.4,20240800,2225.4,20240800,2202.0,20240600
2024-03-26 15:00:00,2216.8,20240800,2216.8,20240800,2196.6,20240600
2024-03-26 16:00:00,2218.8,20240800,2218.8,20240800,2198.7,20240600
2024-03-26 17:00:00,2219.3,20240800,2219.3,20240800,2198.9,20240600
2024-03-26 18:00:00,2220.4,20240800,2220.4,20240800,2199.9,20240600
2024-03-26 19:00:00,2219.7,20240800,2219.7,20240800,2200.2,20240600
2024-03-26 20:00:00,2220.1,20240800,2220.1,20240800,2199.3,20240600
2024-03-26 23:00:00,2220.9,20240800,2220.9,20240800,2201.5,20240600
2024-03-27 13:30:00,2233.8,20240800,2233.8,20240800,2214.2,20240600
2024-03-27 14:00:00,2234.1,20240800,2234.1,20240800,2214.2,20240600
2024-03-27 15:00:00,2230.7,20240800,2230.7,20240800,2211.2,20240600
2024-03-27 16:00:00,2232.3,20240800,2232.3,20240800,2213.4,20240600
2024-03-27 17:00:00,2229.8,20240800,2229.8,20240800,2210.9,20240600
2024-03-27 18:00:00,2232.5,20240800,2232.5,20240800,2213.0,20240600
2024-03-27 19:00:00,2233.7,20240800,2233.7,20240800,2214.0,20240600
2024-03-27 20:00:00,2233.3,20240800,2233.3,20240800,2214.3,20240600
2024-03-27 23:00:00,2235.0,20240800,2235.0,20240800,2215.4,20240600
2024-03-28 13:30:00,2246.7,20240800,2246.7,20240800,2227.4,20240600
2024-03-28 14:00:00,2254.8,20240800,2254.8,20240800,2234.9,20240600
2024-03-28 15:00:00,2256.3,20240800,2256.3,20240800,2236.2,20240600
2024-03-28 16:00:00,2261.0,20240800,2261.0,20240800,2241.1,20240600
2024-03-28 17:00:00,2262.6,20240800,2262.6,20240800,2242.8,20240600
2024-03-28 18:00:00,2261.1,20240800,2261.1,20240800,2241.0,20240600
2024-03-28 19:00:00,2261.3,20240800,2261.3,20240800,2242.4,20240600
2024-03-28 20:00:00,2262.1,20240800,2262.1,20240800,2241.0,20240600
2024-03-28 23:00:00,2274.7,20240800,2274.7,20240800,2255.0,20240600
2024-03-31 22:00:00,2277.5,20240800,2277.5,20240800,2257.3,20240600
2024-03-31 23:00:00,2285.1,20240800,2285.1,20240800,2266.3,20240600
2024-04-01 00:00:00,2291.4,20240800,2291.4,20240800,2270.5,20240600
2024-04-01 01:00:00,2295.8,20240800,2295.8,20240800,2276.4,20240600
2024-04-01 02:00:00,2296.6,20240800,2296.6,20240800,2278.0,20240600
2024-04-01 03:00:00,2305.5,20240800,2305.5,20240800,2285.2,20240600
2024-04-01 04:00:00,2301.6,20240800,2301.6,20240800,2281.4,20240600
2024-04-01 05:00:00,2302.6,20240800,2302.6,20240800,2282.3,20240600
2024-04-01 06:00:00,2301.2,20240800,2301.2,20240800,2281.2,20240600
2024-04-01 07:00:00,2298.4,20240800,2298.4,20240800,2278.1,20240600
2024-04-01 08:00:00,2297.6,20240800,2297.6,20240800,2277.9,20240600
2024-04-01 09:00:00,2292.8,20240800,2292.8,20240800,2272.3,20240600
2024-04-01 10:00:00,2287.0,20240800,2287.0,20240800,2268.4,20240600
2024-04-01 11:00:00,2288.1,20240800,2288.1,20240800,2267.2,20240600
2024-04-01 12:00:00,2293.1,20240800,2293.1,20240800,2273.5,20240600
2024-04-01 13:00:00,2285.4,20240800,2285.4,20240800,2267.5,20240600
2024-04-01 14:00:00,2277.8,20240800,2277.8,20240800,2256.8,20240600
2024-04-01 15:00:00,2280.7,20240800,2280.7,20240800,2260.4,20240600
2024-04-01 16:00:00,2278.0,20240800,2278.0,20240800,2258.7,20240600
2024-04-01 17:00:00,2278.8,20240800,2278.8,20240800,2259.7,20240600
2024-04-01 18:00:00,2280.3,20240800,2280.3,20240800,2259.9,20240600
2024-04-01 19:00:00,2285.6,20240800,2285.6,20240800,2265.1,20240600
2024-04-01 20:00:00,2292.7,20240800,2292.7,20240800,2272.5,20240600
2024-04-01 22:00:00,2293.7,20240800,2293.7,20240800,2273.8,20240600
2024-04-01 23:00:00,2292.7,20240800,2292.7,20240800,2269.5,20240600
2024-04-02 00:00:00,2292.4,20240800,2292.4,20240800,2270.8,20240600
2024-04-02 01:00:00,2289.0,20240800,2289.0,20240800,2269.2,20240600
2024-04-02 02:00:00,2295.0,20240800,2295.0,20240800,2274.8,20240600
2024-04-02 03:00:00,2292.1,20240800,2292.1,20240800,2271.9,20240600
2024-04-02 04:00:00,2298.4,20240800,2298.4,20240800,2276.9,20240600
2024-04-02 05:00:00,2295.4,20240800,2295.4,20240800,2274.0,20240600
2024-04-02 06:00:00,2296.2,20240800,2296.2,20240800,2275.9,20240600
2024-04-02 07:00:00,2297.0,20240800,2297.0,20240800,2276.8,20240600
2024-04-02 08:00:00,2301.5,20240800,2301.5,20240800,2281.8,20240600
2024-04-02 09:00:00,2302.2,20240800,2302.2,20240800,2281.5,20240600
2024-04-02 10:00:00,2302.7,20240800,2302.7,20240800,2282.5,20240600
2024-04-02 11:00:00,2301.5,20240800,2301.5,20240800,2281.0,20240600
2024-04-02 12:00:00,2298.8,20240800,2298.8,20240800,2278.0,20240600
2024-04-02 13:00:00,2306.3,20240800,2306.3,20240800,2286.3,20240600
2024-04-02 14:00:00,2300.8,20240800,2300.8,20240800,2281.2,20240600
2024-04-02 15:00:00,2300.4,20240800,2300.4,20240800,2279.1,20240600
2024-04-02 16:00:00,2300.0,20240800,2300.0,20240800,2280.3,20240600
2024-04-02 17:00:00,2308.0,20240800,2308.0,20240800,2286.6,20240600
2024-04-02 18:00:00,2312.8,20240800,2312.8,20240800,2292.3,20240600
2024-04-02 19:00:00,2319.0,20240800,2319.0,20240800,2298.1,20240600
2024-04-02 20:00:00,2322.0,20240800,2322.0,20240800,2301.0,20240600
2024-04-02 22:00:00,2322.6,20240800,2322.6,20240800,2302.2,20240600
2024-04-02 23:00:00,2322.0,20240800,2322.0,20240800,2301.0,20240600
2024-04-03 00:00:00,2325.4,20240800,2325.4,20240800,2303.3,20240600
2024-04-03 01:00:00,2323.6,20240800,2323.6,20240800,2302.9,20240600
2024-04-03 02:00:00,2323.9,20240800,2323.9,20240800,2303.9,20240600
2024-04-03 03:00:00,2324.5,20240800,2324.5,20240800,2305.3,20240600
2024-04-03 04:00:00,2324.5,20240800,2324.5,20240800,2303.7,20240600
2024-04-03 05:00:00,2326.5,20240800,2326.5,20240800,2306.1,20240600
2024-04-03 06:00:00,2323.9,20240800,2323.9,20240800,2302.2,20240600
2024-04-03 07:00:00,2312.3,20240800,2312.3,20240800,2291.3,20240600
2024-04-03 08:00:00,2315.3,20240800,2315.3,20240800,2293.4,20240600
2024-04-03 09:00:00,2313.7,20240800,2313.7,20240800,2292.1,20240600
2024-04-03 10:00:00,2312.6,20240800,2312.6,20240800,2292.9,20240600
2024-04-03 11:00:00,2315.6,20240800,2315.6,20240800,2294.1,20240600
2024-04-03 12:00:00,2315.2,20240800,2315.2,20240800,2295.2,20240600
2024-04-03 13:00:00,2317.4,20240800,2317.4,20240800,2296.0,20240600
2024-04-03 14:00:00,2324.1,20240800,2324.1,20240800,2303.4,20240600
2024-04-03 15:00:00,2327.1,20240800,2327.1,20240800,2306.7,20240600
2024-04-03 16:00:00,2335.1,20240800,2335.1,20240800,2314.4,20240600
2024-04-03 17:00:00,2336.2,20240800,2336.2,20240800,2315.6,20240600
2024-04-03 18:00:00,2338.4,20240800,2338.4,20240800,2316.9,20240600
2024-04-03 19:00:00,2338.8,20240800,2338.8,20240800,2318.1,20240600
2024-04-03 20:00:00,2340.9,20240800,2340.9,20240800,2320.8,20240600
2024-04-03 22:00:00,2342.2,20240800,2342.2,20240800,2321.6,20240600
2024-04-03 23:00:00,2340.9,20240800,2340.9,20240800,2320.8,20240600
2024-04-04 00:00:00,2342.8,20240800,2342.8,20240800,2321.8,20240600
2024-04-04 01:00:00,2342.0,20240800,2342.0,20240800,2320.7,20240600
2024-04-04 02:00:00,2340.4,20240800,2340.4,20240800,2319.2,20240600
2024-04-04 03:00:00,2340.3,20240800,2340.3,20240800,2318.5,20240600
2024-04-04 04:00:00,2338.7,20240800,2338.7,20240800,2318.1,20240600
2024-04-04 05:00:00,2335.5,20240800,2335.5,20240800,2314.9,20240600
2024-04-04 06:00:00,2336.0,20240800,2336.0,20240800,2315.5,20240600
2024-04-04 07:00:00,2332.0,20240800,2332.0,20240800,2312.2,20240600
2024-04-04 08:00:00,2331.7,20240800,2331.7,20240800,2310.9,20240600
2024-04-04 09:00:00,2333.9,20240800,2333.9,20240800,2312.5,20240600
2024-04-04 10:00:00,2334.6,20240800,2334.6,20240800,2313.9,20240600
2024-04-04 11:00:00,2329.5,20240800,2329.5,20240800,2308.5,20240600
2024-04-04 12:00:00,2327.0,20240800,2327.0,20240800,2307.5,20240600
2024-04-04 13:00:00,2326.3,20240800,2326.3,20240800,2306.8,20240600
2024-04-04 14:00:00,2334.9,20240800,2334.9,20240800,2314.4,20240600
2024-04-04 15:00:00,2331.4,20240800,2331.4,20240800,2311.3,20240600
2024-04-04 16:00:00,2326.9,20240800,2326.9,20240800,2306.1,20240600
2024-04-04 17:00:00,2334.0,20240800,2334.0,20240800,2313.3,20240600
2024-04-04 18:00:00,2343.6,20240800,2343.6,20240800,2323.6,20240600
2024-04-04 19:00:00,2324.6,20240800,2324.6,20240800,2304.3,20240600
2024-04-04 20:00:00,2331.0,20240800,2331.0,20240800,2310.2,20240600
2024-04-04 22:00:00,2329.4,20240800,2329.4,20240800,2308.6,20240600
2024-04-04 23:00:00,2331.0,20240800,2331.0,20240800,2310.2,20240600
2024-04-05 00:00:00,2324.5,20240800,2324.5,20240800,2301.6,20240600
2024-04-05 01:00:00,2311.8,20240800,2311.8,20240800,2290.5,20240600
2024-04-05 02:00:00,2313.3,20240800,2313.3,20240800,2292.6,20240600
2024-04-05 03:00:00,2316.0,20240800,2316.0,20240800,2295.4,20240600
2024-04-05 04:00:00,2316.8,20240800,2316.8,20240800,2296.5,20240600
2024-04-05 05:00:00,2318.6,20240800,2318.6,20240800,2298.5,20240600
2024-04-05 06:00:00,2318.0,20240800,2318.0,20240800,2298.1,20240600
2024-04-05 07:00:00,2329.1,20240800,2329.1,20240800,2308.3,20240600
2024-04-05 08:00:00,2327.7,20240800,2327.7,20240800,2307.0,20240600
2024-04-05 09:00:00,2331.0,20240800,2331.0,20240800,2310.1,20240600
2024-04-05 10:00:00,2333.5,20240800,2333.5,20240800,2313.1,20240600
2024-04-05 11:00:00,2330.1,20240800,2330.1,20240800,2310.5,20240600
2024-04-05 12:00:00,2330.8,20240800,2330.8,20240800,2310.2,20240600
2024-04-05 13:00:00,2339.8,20240800,2339.8,20240800,2319.1,20240600
2024-04-05 14:00:00,2358.0,20240800,2358.0,20240800,2337.0,20240600
2024-04-05 15:00:00,2367.1,20240800,2367.1,20240800,2345.6,20240600
2024-04-05 16:00:00,2368.0,20240800,2368.0,20240800,2346.6,20240600
2024-04-05 17:00:00,2367.9,20240800,2367.9,20240800,2345.8,20240600
2024-04-05 18:00:00,2366.5,20240800,2366.5,20240800,2344.6,20240600
2024-04-05 19:00:00,2363.8,20240800,2363.8,20240800,2342.5,20240600
2024-04-05 20:00:00,2370.6,20240800,2370.6,20240800,2349.3,20240600
2024-04-05 23:00:00,2370.6,20240800,2370.6,20240800,2349.3,20240600
2024-04-07 22:00:00,2346.8,20240800,2346.8,20240800,2326.8,20240600
2024-04-07 23:00:00,2351.7,20240800,2351.7,20240800,2330.2,20240600
2024-04-08 00:00:00,2346.2,20240800,2346.2,20240800,2325.1,20240600
2024-04-08 01:00:00,2364.7,20240800,2364.7,20240800,2343.3,20240600
2024-04-08 02:00:00,2387.6,20240800,2387.6,20240800,2366.8,20240600
2024-04-08 03:00:00,2384.5,20240800,2384.5,20240800,2364.2,20240600
2024-04-08 04:00:00,2382.7,20240800,2382.7,20240800,2360.8,20240600
2024-04-08 05:00:00,2373.6,20240800,2373.6,20240800,2353.3,20240600
2024-04-08 06:00:00,2376.9,20240800,2376.9,20240800,2355.0,20240600
2024-04-08 07:00:00,2377.6,20240800,2377.6,20240800,2356.4,20240600
2024-04-08 08:00:00,2375.9,20240800,2375.9,20240800,2355.0,20240600
2024-04-08 09:00:00,2377.0,20240800,2377.0,20240800,2356.4,20240600
2024-04-08 10:00:00,2380.1,20240800,2380.1,20240800,2359.0,20240600
2024-04-08 11:00:00,2378.3,20240800,2378.3,20240800,2356.2,20240600
2024-04-08 12:00:00,2369.3,20240800,2369.3,20240800,2347.9,20240600
2024-04-08 13:00:00,2367.6,20240800,2367.6,20240800,2346.4,20240600
2024-04-08 14:00:00,2368.5,20240800,2368.5,20240800,2347.7,20240600
2024-04-08 15:00:00,2366.0,20240800,2366.0,20240800,2346.7,20240600
2024-04-08 16:00:00,2368.8,20240800,2368.8,20240800,2347.3,20240600
2024-04-08 17:00:00,2377.4,20240800,2377.4,20240800,2356.9,20240600
2024-04-08 18:00:00,2378.5,20240800,2378.5,20240800,2358.1,20240600
2024-04-08 19:00:00,2378.8,20240800,2378.8,20240800,2357.5,20240600
2024-04-08 20:00:00,2378.7,20240800,2378.7,20240800,2358.3,20240600
2024-04-08 22:00:00,2377.8,20240800,2377.8,20240800,2357.6,20240600
2024-04-08 23:00:00,2378.0,20240800,2378.0,20240800,2357.7,20240600
2024-04-09 00:00:00,2379.5,20240800,2379.5,20240800,2359.4,20240600
2024-04-09 01:00:00,2379.7,20240800,2379.7,20240800,2358.4,20240600
2024-04-09 02:00:00,2385.1,20240800,2385.1,20240800,2363.7,20240600
2024-04-09 03:00:00,2384.1,20240800,2384.1,20240800,2362.6,20240600
2024-04-09 04:00:00,2384.2,20240800,2384.2,20240800,2362.6,20240600
2024-04-09 05:00:00,2386.5,20240800,2386.5,20240800,2363.6,20240600
2024-04-09 06:00:00,2385.1,20240800,2385.1,20240800,2363.0,20240600
2024-04-09 07:00:00,2394.0,20240800,2394.0,20240800,2372.8,20240600
2024-04-09 08:00:00,2397.8,20240800,2397.8,20240800,2376.5,20240600
2024-04-09 09:00:00,2403.9,20240800,2403.9,20240800,2382.2,20240600
2024-04-09 10:00:00,2397.2,20240800,2397.2,20240800,2375.3,20240600
2024-04-09 11:00:00,2394.3,20240800,2394.3,20240800,2373.3,20240600
2024-04-09 12:00:00,2391.3,20240800,2391.3,20240800,2368.0,20240600
2024-04-09 13:00:00,2394.9,20240800,2394.9,20240800,2374.1,20240600
2024-04-09 14:00:00,2393.1,20240800,2393.1,20240800,2371.3,20240600
2024-04-09 15:00:00,2379.9,20240800,2379.9,20240800,2359.2,20240600
2024-04-09 16:00:00,2383.0,20240800,2383.0,20240800,2363.5,20240600
2024-04-09 17:00:00,2387.1,20240800,2387.1,20240800,2365.8,20240600
2024-04-09 18:00:00,2389.5,20240800,2389.5,20240800,2368.2,20240600
2024-04-09 19:00:00,2391.0,20240800,2391.0,20240800,2369.7,20240600
2024-04-09 20:00:00,2393.0,20240800,2393.0,20240800,2372.1,20240600
2024-04-09 22:00:00,2393.9,20240800,2393.9,20240800,2370.8,20240600
2024-04-09 23:00:00,2393.0,20240800,2393.0,20240800,2373.3,20240600
2024-04-10 00:00:00,2393.3,20240800,2393.3,20240800,2370.2,20240600
2024-04-10 01:00:00,2389.0,20240800,2389.0,20240800,2367.4,20240600
2024-04-10 02:00:00,2390.5,20240800,2390.5,20240800,2370.2,20240600
2024-04-10 03:00:00,2390.7,20240800,2390.7,20240800,2369.5,20240600
2024-04-10 04:00:00,2396.1,20240800,2396.1,20240800,2374.3,20240600
2024-04-10 05:00:00,2395.7,20240800,2395.7,20240800,2375.5,20240600
2024-04-10 06:00:00,2394.6,20240800,2394.6,20240800,2374.4,20240600
2024-04-10 07:00:00,2393.2,20240800,2393.2,20240800,2371.2,20240600
2024-04-10 08:00:00,2393.7,20240800,2393.7,20240800,2372.9,20240600
2024-04-10 09:00:00,2388.6,20240800,2388.6,20240800,2366.0,20240600
2024-04-10 10:00:00,2388.0,20240800,2388.0,20240800,2366.0,20240600
2024-04-10 11:00:00,2387.1,20240800,2387.1,20240800,2365.6,20240600
2024-04-10 12:00:00,2377.5,20240800,2377.5,20240800,2356.9,20240600
2024-04-10 13:00:00,2374.7,20240800,2374.7,20240800,2352.4,20240600
2024-04-10 14:00:00,2388.0,20240800,2388.0,20240800,2364.8,20240600
2024-04-10 15:00:00,2375.2,20240800,2375.2,20240800,2355.6,20240600
2024-04-10 16:00:00,2378.1,20240800,2378.1,20240800,2355.6,20240600
2024-04-10 17:00:00,2379.0,20240800,2379.0,20240800,2356.0,20240600
2024-04-10 18:00:00,2367.1,20240800,2367.1,20240800,2345.5,20240600
2024-04-10 19:00:00,2370.2,20240800,2370.2,20240800,2348.0,20240600
2024-04-10 20:00:00,2372.1,20240800,2372.1,20240800,2352.4,20240600
2024-04-10 22:00:00,2375.4,20240800,2375.4,20240800,2353.5,20240600
2024-04-10 23:00:00,2374.4,20240800,2374.4,20240800,2352.8,20240600
2024-04-11 00:00:00,2373.7,20240800,2373.7,20240800,2352.5,20240600
2024-04-11 01:00:00,2379.2,20240800,2379.2,20240800,2358.0,20240600
2024-04-11 02:00:00,2384.0,20240800,2384.0,20240800,2361.2,20240600
2024-04-11 03:00:00,2383.0,20240800,2383.0,20240800,2361.1,20240600
2024-04-11 04:00:00,2381.8,20240800,2381.8,20240800,2360.0,20240600
2024-04-11 05:00:00,2380.1,20240800,2380.1,20240800,2359.0,20240600
2024-04-11 06:00:00,2375.9,20240800,2375.9,20240800,2353.2,20240600
2024-04-11 07:00:00,2375.1,20240800,2375.1,20240800,2353.8,20240600
2024-04-11 08:00:00,2367.3,20240800,2367.3,20240800,2345.3,20240600
2024-04-11 09:00:00,2370.3,20240800,2370.3,20240800,2348.2,20240600
2024-04-11 10:00:00,2377.6,20240800,2377.6,20240800,2355.8,20240600
2024-04-11 11:00:00,2376.8,20240800,2376.8,20240800,2354.7,20240600
2024-04-11 12:00:00,2381.2,20240800,2381.2,20240800,2359.1,20240600
2024-04-11 13:00:00,2383.0,20240800,2383.0,20240800,2360.9,20240600
2024-04-11 14:00:00,2376.6,20240800,2376.6,20240800,2356.3,20240600
2024-04-11 15:00:00,2383.8,20240800,2383.8,20240800,2362.2,20240600
2024-04-11 16:00:00,2388.6,20240800,2388.6,20240800,2367.4,20240600
2024-04-11 17:00:00,2396.6,20240800,2396.6,20240800,2373.9,20240600
2024-04-11 18:00:00,2401.1,20240800,2401.1,20240800,2379.3,20240600
2024-04-11 19:00:00,2413.3,20240800,2413.3,20240800,2390.7,20240600
2024-04-11 20:00:00,2412.1,20240800,2412.1,20240800,2390.5,20240600
2024-04-11 22:00:00,2413.0,20240800,2413.0,20240800,2391.3,20240600
2024-04-11 23:00:00,2412.1,20240800,2412.1,20240800,2390.5,20240600
2024-04-12 00:00:00,2417.9,20240800,2417.9,20240800,2396.0,20240600
2024-04-12 01:00:00,2429.8,20240800,2429.8,20240800,2408.0,20240600
2024-04-12 02:00:00,2430.4,20240800,2430.4,20240800,2407.7,20240600
2024-04-12 03:00:00,2423.5,20240800,2423.5,20240800,2401.6,20240600
2024-04-12 04:00:00,2424.0,20240800,2424.0,20240800,2401.7,20240600
2024-04-12 05:00:00,2427.4,20240800,2427.4,20240800,2404.6,20240600
2024-04-12 06:00:00,2434.3,20240800,2434.3,20240800,2412.5,20240600
2024-04-12 07:00:00,2439.4,20240800,2439.4,20240800,2417.3,20240600
2024-04-12 08:00:00,2437.1,20240800,2437.1,20240800,2414.0,20240600
2024-04-12 09:00:00,2437.8,20240800,2437.8,20240800,2415.6,20240600
2024-04-12 10:00:00,2437.7,20240800,2437.7,20240800,2415.4,20240600
2024-04-12 11:00:00,2434.6,20240800,2434.6,20240800,2412.6,20240600
2024-04-12 12:00:00,2436.3,20240800,2436.3,20240800,2413.1,20240600
2024-04-12 13:00:00,2444.4,20240800,2444.4,20240800,2422.4,20240600
2024-04-12 14:00:00,2466.4,20240800,2466.4,20240800,2444.0,20240600
2024-04-12 15:00:00,2435.0,20240800,2435.0,20240800,2412.8,20240600
2024-04-12 16:00:00,2408.5,20240800,2408.5,20240800,2386.1,20240600
2024-04-12 17:00:00,2394.6,20240800,2394.6,20240800,2372.0,20240600
2024-04-12 18:00:00,2378.0,20240800,2378.0,20240800,2355.5,20240600
2024-04-12 19:00:00,2382.4,20240800,2382.4,20240800,2360.0,20240600
2024-04-12 20:00:00,2382.6,20240800,2382.6,20240800,2360.2,20240600
2024-04-12 23:00:00,2382.6,20240800,2382.6,20240800,2360.2,20240600
2024-04-14 22:00:00,2395.1,20240800,2395.1,20240800,2373.2,20240600
2024-04-14 23:00:00,2403.3,20240800,2403.3,20240800,2381.2,20240600
2024-04-15 00:00:00,2390.9,20240800,2390.9,20240800,2369.0,20240600
2024-04-15 01:00:00,2392.8,20240800,2392.8,20240800,2371.9,20240600
2024-04-15 02:00:00,2398.0,20240800,2398.0,20240800,2375.9,20240600
2024-04-15 03:00:00,2396.6,20240800,2396.6,20240800,2374.6,20240600
2024-04-15 04:00:00,2395.5,20240800,2395.5,20240800,2372.8,20240600
2024-04-15 05:00:00,2399.6,20240800,2399.6,20240800,2377.3,20240600
2024-04-15 06:00:00,2392.7,20240800,2392.7,20240800,2371.1,20240600
2024-04-15 07:00:00,2391.7,20240800,2391.7,20240800,2369.3,20240600
2024-04-15 08:00:00,2390.1,20240800,2390.1,20240800,2368.0,20240600
2024-04-15 09:00:00,2386.8,20240800,2386.8,20240800,2366.2,20240600
2024-04-15 10:00:00,2395.0,20240800,2395.0,20240800,2373.4,20240600
2024-04-15 11:00:00,2395.5,20240800,2395.5,20240800,2374.7,20240600
2024-04-15 12:00:00,2396.6,20240800,2396.6,20240800,2374.0,20240600
2024-04-15 13:00:00,2386.6,20240800,2386.6,20240800,2365.2,20240600
2024-04-15 14:00:00,2388.6,20240800,2388.6,20240800,2366.0,20240600
2024-04-15 15:00:00,2390.1,20240800,2390.1,20240800,2368.3,20240600
2024-04-15 16:00:00,2395.9,20240800,2395.9,20240800,2373.7,20240600
2024-04-15 17:00:00,2403.0,20240800,2403.0,20240800,2382.2,20240600
2024-04-15 18:00:00,2415.4,20240800,2415.4,20240800,2392.7,20240600
2024-04-15 19:00:00,2426.1,20240800,2426.1,20240800,2402.9,20240600
2024-04-15 20:00:00,2421.6,20240800,2421.6,20240800,2399.5,20240600
2024-04-15 22:00:00,2423.4,20240800,2423.4,20240800,2400.7,20240600
2024-04-15 23:00:00,2421.6,20240800,2421.6,20240800,2399.5,20240600
2024-04-16 00:00:00,2422.1,20240800,2422.1,20240800,2400.0,20240600
2024-04-16 01:00:00,2421.2,20240800,2421.2,20240800,2400.1,20240600
2024-04-16 02:00:00,2425.4,20240800,2425.4,20240800,2402.6,20240600
2024-04-16 03:00:00,2426.6,20240800,2426.6,20240800,2404.4,20240600
2024-04-16 04:00:00,2424.5,20240800,2424.5,20240800,2402.3,20240600
2024-04-16 05:00:00,2425.0,20240800,2425.0,20240800,2402.5,20240600
2024-04-16 06:00:00,2411.4,20240800,2411.4,20240800,2389.1,20240600
2024-04-16 07:00:00,2403.8,20240800,2403.8,20240800,2381.8,20240600
2024-04-16 08:00:00,2407.2,20240800,2407.2,20240800,2385.6,20240600
2024-04-16 09:00:00,2411.1,20240800,2411.1,20240800,2388.5,20240600
2024-04-16 10:00:00,2408.5,20240800,2408.5,20240800,2386.3,20240600
2024-04-16 11:00:00,2412.4,20240800,2412.4,20240800,2390.4,20240600
2024-04-16 12:00:00,2414.0,20240800,2414.0,20240800,2392.5,20240600
2024-04-16 13:00:00,2404.8,20240800,2404.8,20240800,2382.6,20240600
2024-04-16 14:00:00,2421.0,20240800,2421.0,20240800,2399.5,20240600
2024-04-16 15:00:00,2424.5,20240800,2424.5,20240800,2402.6,20240600
2024-04-16 16:00:00,2436.4,20240800,2436.4,20240800,2413.8,20240600
2024-04-16 17:00:00,2420.5,20240800,2420.5,20240800,2401.4,20240600
2024-04-16 18:00:00,2431.3,20240800,2431.3,20240800,2408.9,20240600
2024-04-16 19:00:00,2428.2,20240800,2428.2,20240800,2406.3,20240600
2024-04-16 20:00:00,2421.4,20240800,2421.4,20240800,2399.5,20240600
2024-04-16 22:00:00,2421.9,20240800,2421.9,20240800,2401.1,20240600
2024-04-16 23:00:00,2421.1,20240800,2421.1,20240800,2399.5,20240600
2024-04-17 00:00:00,2421.4,20240800,2421.4,20240800,2400.6,20240600
2024-04-17 01:00:00,2422.4,20240800,2422.4,20240800,2400.8,20240600
2024-04-17 02:00:00,2421.2,20240800,2421.2,20240800,2398.7,20240600
2024-04-17 03:00:00,2420.7,20240800,2420.7,20240800,2397.9,20240600
2024-04-17 04:00:00,2420.1,20240800,2420.1,20240800,2398.1,20240600
2024-04-17 05:00:00,2415.6,20240800,2415.6,20240800,2393.6,20240600
2024-04-17 06:00:00,2419.6,20240800,2419.6,20240800,2397.3,20240600
2024-04-17 07:00:00,2421.0,20240800,2421.0,20240800,2398.8,20240600
2024-04-17 08:00:00,2431.3,20240800,2431.3,20240800,2409.1,20240600
2024-04-17 09:00:00,2431.0,20240800,2431.0,20240800,2408.3,20240600
2024-04-17 10:00:00,2424.8,20240800,2424.8,20240800,2402.8,20240600
2024-04-17 11:00:00,2425.7,20240800,2425.7,20240800,2403.6,20240600
2024-04-17 12:00:00,2421.7,20240800,2421.7,20240800,2399.4,20240600
2024-04-17 13:00:00,2431.6,20240800,2431.6,20240800,2409.8,20240600
2024-04-17 14:00:00,2429.1,20240800,2429.1,20240800,2406.8,20240600
2024-04-17 15:00:00,2421.4,20240800,2421.4,20240800,2398.6,20240600
2024-04-17 16:00:00,2410.9,20240800,2410.9,20240800,2388.2,20240600
2024-04-17 17:00:00,2410.4,20240800,2410.4,20240800,2388.0,20240600
2024-04-17 18:00:00,2411.8,20240800,2411.8,20240800,2390.1,20240600
2024-04-17 19:00:00,2410.6,20240800,2410.6,20240800,2388.4,20240600
2024-04-17 20:00:00,2399.0,20240800,2399.0,20240800,2375.8,20240600
2024-04-17 22:00:00,2402.5,20240800,2402.5,20240800,2380.5,20240600
2024-04-17 23:00:00,2399.0,20240800,2399.0,20240800,2375.8,20240600
2024-04-18 00:00:00,2406.8,20240800,2406.8,20240800,2384.7,20240600
2024-04-18 01:00:00,2403.9,20240800,2403.9,20240800,2382.2,20240600
2024-04-18 02:00:00,2410.3,20240800,2410.3,20240800,2387.7,20240600
2024-04-18 03:00:00,2411.2,20240800,2411.2,20240800,2389.5,20240600
2024-04-18 04:00:00,2411.6,20240800,2411.6,20240800,2389.7,20240600
2024-04-18 05:00:00,2413.3,20240800,2413.3,20240800,2391.6,20240600
2024-04-18 06:00:00,2417.6,20240800,2417.6,20240800,2395.4,20240600
2024-04-18 07:00:00,2414.5,20240800,2414.5,20240800,2392.4,20240600
2024-04-18 08:00:00,2416.2,20240800,2416.2,20240800,2394.8,20240600
2024-04-18 09:00:00,2417.0,20240800,2417.0,20240800,2394.5,20240600
2024-04-18 10:00:00,2420.4,20240800,2420.4,20240800,2397.9,20240600
2024-04-18 11:00:00,2419.1,20240800,2419.1,20240800,2395.8,20240600
2024-04-18 12:00:00,2422.7,20240800,2422.7,20240800,2400.4,20240600
2024-04-18 13:00:00,2417.9,20240800,2417.9,20240800,2394.8,20240600
2024-04-18 14:00:00,2418.7,20240800,2418.7,20240800,2395.2,20240600
2024-04-18 15:00:00,2421.4,20240800,2421.4,20240800,2399.2,20240600
2024-04-18 16:00:00,2425.5,20240800,2425.5,20240800,2403.1,20240600
2024-04-18 17:00:00,2422.0,20240800,2422.0,20240800,2399.9,20240600
2024-04-18 18:00:00,2418.6,20240800,2418.6,20240800,2396.7,20240600
2024-04-18 19:00:00,2417.4,20240800,2417.4,20240800,2395.3,20240600
2024-04-18 20:00:00,2416.8,20240800,2416.8,20240800,2394.3,20240600
2024-04-18 22:00:00,2416.9,20240800,2416.9,20240800,2394.1,20240600
2024-04-18 23:00:00,2417.2,20240800,2417.2,20240800,2394.3,20240600
2024-04-19 00:00:00,2416.3,20240800,2416.3,20240800,2394.3,20240600
2024-04-19 01:00:00,2447.6,20240800,2447.6,20240800,2424.9,20240600
2024-04-19 02:00:00,2438.0,20240800,2438.0,20240800,2415.7,20240600
2024-04-19 03:00:00,2428.2,20240800,2428.2,20240800,2406.0,20240600
2024-04-19 04:00:00,2420.4,20240800,2420.4,20240800,2398.2,20240600
2024-04-19 05:00:00,2418.2,20240800,2418.2,20240800,2395.7,20240600
2024-04-19 06:00:00,2428.2,20240800,2428.2,20240800,2404.8,20240600
2024-04-19 07:00:00,2423.2,20240800,2423.2,20240800,2400.1,20240600
2024-04-19 08:00:00,2422.6,20240800,2422.6,20240800,2398.9,20240600
2024-04-19 09:00:00,2418.3,20240800,2418.3,20240800,2395.8,20240600
2024-04-19 10:00:00,2418.9,20240800,2418.9,20240800,2395.8,20240600
2024-04-19 11:00:00,2414.1,20240800,2414.1,20240800,2391.5,20240600
2024-04-19 12:00:00,2417.7,20240800,2417.7,20240800,2396.4,20240600
2024-04-19 13:00:00,2418.7,20240800,2418.7,20240800,2393.4,20240600
2024-04-19 14:00:00,2426.6,20240800,2426.6,20240800,2405.9,20240600
2024-04-19 15:00:00,2432.0,20240800,2432.0,20240800,2409.6,20240600
2024-04-19 16:00:00,2435.7,20240800,2435.7,20240800,2414.7,20240600
2024-04-19 17:00:00,2431.3,20240800,2431.3,20240800,2408.7,20240600
2024-04-19 18:00:00,2435.4,20240800,2435.4,20240800,2413.2,20240600
2024-04-19 19:00:00,2425.3,20240800,2425.3,20240800,2402.4,20240600
2024-04-19 20:00:00,2429.0,20240800,2429.0,20240800,2406.6,20240600
2024-04-19 23:00:00,2429.0,20240800,2429.0,20240800,2406.6,20240600
2024-04-21 22:00:00,2420.7,20240800,2420.7,20240800,2398.2,20240600
2024-04-21 23:00:00,2423.3,20240800,2423.3,20240800,2400.6,20240600
2024-04-22 00:00:00,2418.0,20240800,2418.0,20240800,2396.5,20240600
2024-04-22 01:00:00,2415.2,20240800,2415.2,20240800,2392.3,20240600
2024-04-22 02:00:00,2409.0,20240800,2409.0,20240800,2387.1,20240600
2024-04-22 03:00:00,2406.0,20240800,2406.0,20240800,2382.9,20240600
2024-04-22 04:00:00,2406.2,20240800,2406.2,20240800,2383.1,20240600
2024-04-22 05:00:00,2401.6,20240800,2401.6,20240800,2379.1,20240600
2024-04-22 06:00:00,2391.8,20240800,2391.8,20240800,2369.6,20240600
2024-04-22 07:00:00,2396.6,20240800,2396.6,20240800,2375.0,20240600
2024-04-22 08:00:00,2395.5,20240800,2395.5,20240800,2373.6,20240600
2024-04-22 09:00:00,2396.3,20240800,2396.3,20240800,2375.1,20240600
2024-04-22 10:00:00,2394.1,20240800,2394.1,20240800,2371.4,20240600
2024-04-22 11:00:00,2378.0,20240800,2378.0,20240800,2356.0,20240600
2024-04-22 12:00:00,2372.6,20240800,2372.6,20240800,2350.5,20240600
2024-04-22 13:00:00,2375.7,20240800,2375.7,20240800,2352.6,20240600
2024-04-22 14:00:00,2378.7,20240800,2378.7,20240800,2355.3,20240600
2024-04-22 15:00:00,2370.3,20240800,2370.3,20240800,2348.6,20240600
2024-04-22 16:00:00,2365.6,20240800,2365.6,20240800,2343.8,20240600
2024-04-22 17:00:00,2367.0,20240800,2367.0,20240800,2343.9,20240600
2024-04-22 18:00:00,2363.2,20240800,2363.2,20240800,2341.7,20240600
2024-04-22 19:00:00,2365.3,20240800,2365.3,20240800,2343.4,20240600
2024-04-22 20:00:00,2362.5,20240800,2362.5,20240800,2341.3,20240600
2024-04-22 22:00:00,2366.6,20240800,2366.6,20240800,2344.3,20240600
2024-04-22 23:00:00,2362.5,20240800,2362.5,20240800,2347.5,20240600
2024-04-23 00:00:00,2366.6,20240800,2366.6,20240800,2346.3,20240600
2024-04-23 01:00:00,2334.5,20240800,2334.5,20240800,2312.0,20240600
2024-04-23 02:00:00,2336.5,20240800,2336.5,20240800,2315.1,20240600
2024-04-23 03:00:00,2337.8,20240800,2337.8,20240800,2315.9,20240600
2024-04-23 04:00:00,2340.5,20240800,2340.5,20240800,2319.0,20240600
2024-04-23 05:00:00,2343.2,20240800,2343.2,20240800,2321.9,20240600
2024-04-23 06:00:00,2338.2,20240800,2338.2,20240800,2315.4,20240600
2024-04-23 07:00:00,2345.8,20240800,2345.8,20240800,2322.7,20240600
2024-04-23 08:00:00,2338.0,20240800,2338.0,20240800,2316.6,20240600
2024-04-23 09:00:00,2330.4,20240800,2330.4,20240800,2309.0,20240600
2024-04-23 10:00:00,2338.4,20240800,2338.4,20240800,2317.0,20240600
2024-04-23 11:00:00,2337.2,20240800,2337.2,20240800,2315.8,20240600
2024-04-23 12:00:00,2347.1,20240800,2347.1,20240800,2325.5,20240600
2024-04-23 13:00:00,2365.1,20240800,2365.1,20240800,2343.2,20240600
2024-04-23 14:00:00,2354.6,20240800,2354.6,20240800,2333.9,20240600
2024-04-23 15:00:00,2357.5,20240800,2357.5,20240800,2336.9,20240600
2024-04-23 16:00:00,2365.8,20240800,2365.8,20240800,2344.4,20240600
2024-04-23 17:00:00,2361.5,20240800,2361.5,20240800,2340.2,20240600
2024-04-23 18:00:00,2358.9,20240800,2358.9,20240800,2337.9,20240600
2024-04-23 19:00:00,2358.9,20240800,2358.9,20240800,2335.9,20240600
2024-04-23 20:00:00,2357.2,20240800,2357.2,20240800,2335.8,20240600
2024-04-23 22:00:00,2357.7,20240800,2357.7,20240800,2335.2,20240600
2024-04-23 23:00:00,2357.2,20240800,2357.2,20240800,2335.8,20240600
2024-04-24 00:00:00,2356.3,20240800,2356.3,20240800,2334.4,20240600
2024-04-24 01:00:00,2353.1,20240800,2353.1,20240800,2331.7,20240600
2024-04-24 02:00:00,2357.1,20240800,2357.1,20240800,2334.9,20240600
2024-04-24 03:00:00,2362.3,20240800,2362.3,20240800,2341.0,20240600
2024-04-24 04:00:00,2361.5,20240800,2361.5,20240800,2339.9,20240600
2024-04-24 05:00:00,2363.3,20240800,2363.3,20240800,2341.8,20240600
2024-04-24 06:00:00,2361.5,20240800,2361.5,20240800,2339.9,20240600
2024-04-24 07:00:00,2355.6,20240800,2355.6,20240800,2334.0,20240600
2024-04-24 08:00:00,2354.2,20240800,2354.2,20240800,2332.4,20240600
2024-04-24 09:00:00,2350.4,20240800,2350.4,20240800,2328.1,20240600
2024-04-24 10:00:00,2351.0,20240800,2351.0,20240800,2329.9,20240600
2024-04-24 11:00:00,2350.3,20240800,2350.3,20240800,2329.3,20240600
2024-04-24 12:00:00,2358.1,20240800,2358.1,20240800,2336.5,20240600
2024-04-24 13:00:00,2356.1,20240800,2356.1,20240800,2334.7,20240600
2024-04-24 14:00:00,2364.0,20240800,2364.0,20240800,2343.1,20240600
2024-04-24 15:00:00,2357.7,20240800,2357.7,20240800,2336.0,20240600
2024-04-24 16:00:00,2360.6,20240800,2360.6,20240800,2338.6,20240600
2024-04-24 17:00:00,2359.3,20240800,2359.3,20240800,2337.7,20240600
2024-04-24 18:00:00,2355.9,20240800,2355.9,20240800,2333.6,20240600
2024-04-24 19:00:00,2353.8,20240800,2353.8,20240800,2332.1,20240600
2024-04-24 20:00:00,2350.1,20240800,2350.1,20240800,2328.9,20240600
2024-04-24 22:00:00,2351.1,20240800,2351.1,20240800,2329.8,20240600
2024-04-24 23:00:00,2350.1,20240800,2350.1,20240800,2328.9,20240600
2024-04-25 00:00:00,2353.0,20240800,2353.0,20240800,2331.1,20240600
2024-04-25 01:00:00,2352.0,20240800,2352.0,20240800,2331.0,20240600
2024-04-25 02:00:00,2353.7,20240800,2353.7,20240800,2331.7,20240600
2024-04-25 03:00:00,2346.6,20240800,2346.6,20240800,2324.7,20240600
2024-04-25 04:00:00,2348.6,20240800,2348.6,20240800,2326.9,20240600
2024-04-25 05:00:00,2354.0,20240800,2354.0,20240800,2331.4,20240600
2024-04-25 06:00:00,2356.1,20240800,2356.1,20240800,2335.0,20240600
2024-04-25 07:00:00,2359.9,20240800,2359.9,20240800,2337.9,20240600
2024-04-25 08:00:00,2360.8,20240800,2360.8,20240800,2339.2,20240600
2024-04-25 09:00:00,2360.0,20240800,2360.0,20240800,2337.2,20240600
2024-04-25 10:00:00,2362.4,20240800,2362.4,20240800,2340.7,20240600
2024-04-25 11:00:00,2363.1,20240800,2363.1,20240800,2340.6,20240600
2024-04-25 12:00:00,2364.9,20240800,2364.9,20240800,2343.1,20240600
2024-04-25 13:00:00,2352.6,20240800,2352.6,20240800,2331.5,20240600
2024-04-25 14:00:00,2367.7,20240800,2367.7,20240800,2346.2,20240600
2024-04-25 15:00:00,2364.1,20240800,2364.1,20240800,2342.5,20240600
2024-04-25 16:00:00,2363.7,20240800,2363.7,20240800,2341.1,20240600
2024-04-25 17:00:00,2366.0,20240800,2366.0,20240800,2344.4,20240600
2024-04-25 18:00:00,2367.3,20240800,2367.3,20240800,2345.4,20240600
2024-04-25 19:00:00,2366.5,20240800,2366.5,20240800,2345.2,20240600
2024-04-25 20:00:00,2366.4,20240800,2366.4,20240800,2344.7,20240600
2024-04-25 22:00:00,2366.5,20240800,2366.5,20240800,2344.7,20240600
2024-04-25 23:00:00,2364.7,20240800,2364.7,20240800,2342.5,20240600
2024-04-26 00:00:00,2364.0,20240800,2364.0,20240800,2341.9,20240600
2024-04-26 01:00:00,2364.8,20240800,2364.8,20240800,2344.1,20240600
2024-04-26 02:00:00,2367.7,20240800,2367.7,20240800,2345.9,20240600
2024-04-26 03:00:00,2368.9,20240800,2368.9,20240800,2346.9,20240600
2024-04-26 04:00:00,2369.6,20240800,2369.6,20240800,2348.1,20240600
2024-04-26 05:00:00,2372.4,20240800,2372.4,20240800,2349.9,20240600
2024-04-26 06:00:00,2376.5,20240800,2376.5,20240800,2352.7,20240600
2024-04-26 07:00:00,2378.8,20240800,2378.8,20240800,2357.4,20240600
2024-04-26 08:00:00,2380.7,20240800,2380.7,20240800,2358.8,20240600
2024-04-26 09:00:00,2382.7,20240800,2382.7,20240800,2361.2,20240600
2024-04-26 10:00:00,2382.4,20240800,2382.4,20240800,2359.7,20240600
2024-04-26 11:00:00,2379.4,20240800,2379.4,20240800,2356.8,20240600
2024-04-26 12:00:00,2378.3,20240800,2378.3,20240800,2356.9,20240600
2024-04-26 13:00:00,2375.4,20240800,2375.4,20240800,2353.5,20240600
2024-04-26 14:00:00,2366.7,20240800,2366.7,20240800,2345.4,20240600
2024-04-26 15:00:00,2371.0,20240800,2371.0,20240800,2348.5,20240600
2024-04-26 16:00:00,2368.7,20240800,2368.7,20240800,2345.4,20240600
2024-04-26 17:00:00,2372.0,20240800,2372.0,20240800,2350.0,20240600
2024-04-26 18:00:00,2374.1,20240800,2374.1,20240800,2352.6,20240600
2024-04-26 19:00:00,2373.7,20240800,2373.7,20240800,2351.5,20240600
2024-04-26 20:00:00,2372.2,20240800,2372.2,20240800,2349.6,20240600
2024-04-26 23:00:00,2372.2,20240800,2372.2,20240800,2349.6,20240600
2024-04-28 22:00:00,2368.3,20240800,2368.3,20240800,2346.2,20240600
2024-04-28 23:00:00,2370.0,20240800,2370.0,20240800,2347.4,20240600
2024-04-29 00:00:00,2365.2,20240800,2365.2,20240800,2343.7,20240600
2024-04-29 01:00:00,2364.0,20240800,2364.0,20240800,2342.3,20240600
2024-04-29 02:00:00,2357.6,20240800,2357.6,20240800,2335.5,20240600
2024-04-29 03:00:00,2359.4,20240800,2359.4,20240800,2339.4,20240600
2024-04-29 04:00:00,2365.3,20240800,2365.3,20240800,2343.6,20240600
2024-04-29 05:00:00,2364.0,20240800,2364.0,20240800,2341.6,20240600
2024-04-29 06:00:00,2362.1,20240800,2362.1,20240800,2340.5,20240600
2024-04-29 07:00:00,2370.5,20240800,2370.5,20240800,2348.8,20240600
2024-04-29 08:00:00,2371.7,20240800,2371.7,20240800,2349.7,20240600
2024-04-29 09:00:00,2376.8,20240800,2376.8,20240800,2354.6,20240600
2024-04-29 10:00:00,2374.2,20240800,2374.2,20240800,2352.7,20240600
2024-04-29 11:00:00,2370.4,20240800,2370.4,20240800,2348.5,20240600
2024-04-29 12:00:00,2366.3,20240800,2366.3,20240800,2343.4,20240600
2024-04-29 13:00:00,2368.3,20240800,2368.3,20240800,2345.3,20240600
2024-04-29 14:00:00,2370.4,20240800,2370.4,20240800,2349.1,20240600
2024-04-29 15:00:00,2370.5,20240800,2370.5,20240800,2349.3,20240600
2024-04-29 16:00:00,2380.1,20240800,2380.1,20240800,2354.6,20240600
2024-04-29 17:00:00,2376.0,20240800,2376.0,20240800,2354.0,20240600
2024-04-29 18:00:00,2374.8,20240800,2374.8,20240800,2353.0,20240600
2024-04-29 19:00:00,2368.7,20240800,2368.7,20240800,2347.4,20240600
2024-04-29 20:00:00,2370.6,20240800,2370.6,20240800,2347.4,20240600
2024-04-29 22:00:00,2368.6,20240800,2368.6,20240800,2346.3,20240600
2024-04-29 23:00:00,2370.6,20240800,2370.6,20240800,2344.4,20240600
2024-04-30 00:00:00,2366.6,20240800,2366.6,20240800,2345.3,20240600
2024-04-30 01:00:00,2368.6,20240800,2368.6,20240800,2345.2,20240600
2024-04-30 02:00:00,2362.6,20240800,2362.6,20240800,2342.7,20240600
2024-04-30 03:00:00,2363.3,20240800,2363.3,20240800,2340.4,20240600
2024-04-30 04:00:00,2359.9,20240800,2359.9,20240800,2337.7,20240600
2024-04-30 05:00:00,2356.6,20240800,2356.6,20240800,2333.8,20240600
2024-04-30 06:00:00,2355.4,20240800,2355.4,20240800,2333.7,20240600
2024-04-30 07:00:00,2350.1,20240800,2350.1,20240800,2328.3,20240600
2024-04-30 08:00:00,2344.6,20240800,2344.6,20240800,2323.8,20240600
2024-04-30 09:00:00,2348.5,20240800,2348.5,20240800,2325.9,20240600
2024-04-30 10:00:00,2348.1,20240800,2348.1,20240800,2326.5,20240600
2024-04-30 11:00:00,2345.6,20240800,2345.6,20240800,2323.7,20240600
2024-04-30 12:00:00,2338.4,20240800,2338.4,20240800,2316.7,20240600
2024-04-30 13:00:00,2342.5,20240800,2342.5,20240800,2318.2,20240600
2024-04-30 14:00:00,2326.0,20240800,2326.0,20240800,2304.1,20240600
2024-04-30 15:00:00,2327.8,20240800,2327.8,20240800,2306.9,20240600
2024-04-30 16:00:00,2327.9,20240800,2327.9,20240800,2305.7,20240600
2024-04-30 17:00:00,2328.7,20240800,2328.7,20240800,2306.8,20240600
2024-04-30 18:00:00,2322.7,20240800,2322.7,20240800,2301.1,20240600
2024-04-30 19:00:00,2322.7,20240800,2322.7,20240800,2302.2,20240600
2024-04-30 20:00:00,2319.1,20240800,2319.1,20240800,2297.1,20240600
2024-04-30 22:00:00,2324.0,20240800,2324.0,20240800,2302.2,20240600
2024-04-30 23:00:00,2319.1,20240800,2319.1,20240800,2302.0,20240600
2024-05-01 00:00:00,2320.6,20240800,2320.6,20240800,2297.4,20240600
2024-05-01 01:00:00,2320.9,20240800,2320.9,20240800,2298.4,20240600
2024-05-01 02:00:00,2320.2,20240800,2320.2,20240800,2298.3,20240600
2024-05-01 03:00:00,2315.0,20240800,2315.0,20240800,2294.3,20240600
2024-05-01 04:00:00,2315.9,20240800,2315.9,20240800,2293.6,20240600
2024-05-01 05:00:00,2320.0,20240800,2320.0,20240800,2298.1,20240600
2024-05-01 06:00:00,2320.4,20240800,2320.4,20240800,2297.3,20240600
2024-05-01 07:00:00,2316.8,20240800,2316.8,20240800,2296.3,20240600
2024-05-01 08:00:00,2317.1,20240800,2317.1,20240800,2296.6,20240600
2024-05-01 09:00:00,2324.8,20240800,2324.8,20240800,2302.5,20240600
2024-05-01 10:00:00,2326.4,20240800,2326.4,20240800,2303.8,20240600
2024-05-01 11:00:00,2327.0,20240800,2327.0,20240800,2305.2,20240600
2024-05-01 12:00:00,2331.0,20240800,2331.0,20240800,2309.1,20240600
2024-05-01 13:00:00,2335.5,20240800,2335.5,20240800,2314.0,20240600
2024-05-01 14:00:00,2337.0,20240800,2337.0,20240800,2315.2,20240600
2024-05-01 15:00:00,2339.4,20240800,2339.4,20240800,2318.1,20240600
2024-05-01 16:00:00,2336.8,20240800,2336.8,20240800,2314.5,20240600
2024-05-01 17:00:00,2332.9,20240800,2332.9,20240800,2315.2,20240600
2024-05-01 18:00:00,2357.0,20240800,2357.0,20240800,2336.3,20240600
2024-05-01 19:00:00,2342.5,20240800,2342.5,20240800,2320.8,20240600
2024-05-01 20:00:00,2350.4,20240800,2350.4,20240800,2330.3,20240600
2024-05-01 22:00:00,2353.4,20240800,2353.4,20240800,2330.5,20240600
2024-05-01 23:00:00,2356.2,20240800,2356.2,20240800,2330.3,20240600
2024-05-02 00:00:00,2356.3,20240800,2356.3,20240800,2334.1,20240600
2024-05-02 01:00:00,2355.0,20240800,2355.0,20240800,2333.8,20240600
2024-05-02 02:00:00,2352.4,20240800,2352.4,20240800,2329.7,20240600
2024-05-02 03:00:00,2350.9,20240800,2350.9,20240800,2328.8,20240600
2024-05-02 04:00:00,2349.3,20240800,2349.3,20240800,2327.4,20240600
2024-05-02 05:00:00,2346.1,20240800,2346.1,20240800,2324.2,20240600
2024-05-02 06:00:00,2344.0,20240800,2344.0,20240800,2323.0,20240600
2024-05-02 07:00:00,2340.8,20240800,2340.8,20240800,2318.6,20240600
2024-05-02 08:00:00,2335.5,20240800,2335.5,20240800,2313.4,20240600
2024-05-02 09:00:00,2333.6,20240800,2333.6,20240800,2311.3,20240600
2024-05-02 10:00:00,2330.5,20240800,2330.5,20240800,2308.7,20240600
2024-05-02 11:00:00,2329.3,20240800,2329.3,20240800,2308.3,20240600
2024-05-02 12:00:00,2324.7,20240800,2324.7,20240800,2304.0,20240600
2024-05-02 13:00:00,2319.0,20240800,2319.0,20240800,2301.3,20240600
2024-05-02 14:00:00,2335.1,20240800,2335.1,20240800,2313.5,20240600
2024-05-02 15:00:00,2329.7,20240800,2329.7,20240800,2309.3,20240600
2024-05-02 16:00:00,2330.1,20240800,2330.1,20240800,2308.9,20240600
2024-05-02 17:00:00,2338.5,20240800,2338.5,20240800,2317.5,20240600
2024-05-02 18:00:00,2339.2,20240800,2339.2,20240800,2317.4,20240600
2024-05-02 19:00:00,2335.5,20240800,2335.5,20240800,2312.4,20240600
2024-05-02 20:00:00,2335.4,20240800,2335.4,20240800,2313.0,20240600
2024-05-02 22:00:00,2335.5,20240800,2335.5,20240800,2313.2,20240600
2024-05-02 23:00:00,2335.2,20240800,2335.2,20240800,2313.0,20240600
2024-05-03 00:00:00,2332.8,20240800,2332.8,20240800,2313.1,20240600
2024-05-03 01:00:00,2333.0,20240800,2333.0,20240800,2311.6,20240600
2024-05-03 02:00:00,2331.9,20240800,2331.9,20240800,2310.1,20240600
2024-05-03 03:00:00,2331.4,20240800,2331.4,20240800,2311.2,20240600
2024-05-03 04:00:00,2338.1,20240800,2338.1,20240800,2316.2,20240600
2024-05-03 05:00:00,2338.0,20240800,2338.0,20240800,2314.8,20240600
2024-05-03 06:00:00,2329.2,20240800,2329.2,20240800,2307.0,20240600
2024-05-03 07:00:00,2329.4,20240800,2329.4,20240800,2308.0,20240600
2024-05-03 08:00:00,2332.0,20240800,2332.0,20240800,2310.0,20240600
2024-05-03 09:00:00,2332.1,20240800,2332.1,20240800,2310.2,20240600
2024-05-03 10:00:00,2329.0,20240800,2329.0,20240800,2307.8,20240600
2024-05-03 11:00:00,2328.8,20240800,2328.8,20240800,2307.1,20240600
2024-05-03 12:00:00,2335.6,20240800,2335.6,20240800,2313.3,20240600
2024-05-03 13:00:00,2321.9,20240800,2321.9,20240800,2298.4,20240600
2024-05-03 14:00:00,2321.4,20240800,2321.4,20240800,2299.7,20240600
2024-05-03 15:00:00,2324.2,20240800,2324.2,20240800,2302.3,20240600
2024-05-03 16:00:00,2329.5,20240800,2329.5,20240800,2308.1,20240600
2024-05-03 17:00:00,2333.9,20240800,2333.9,20240800,2310.8,20240600
2024-05-03 18:00:00,2329.5,20240800,2329.5,20240800,2308.2,20240600
2024-05-03 19:00:00,2331.0,20240800,2331.0,20240800,2310.2,20240600
2024-05-03 20:00:00,2333.5,20240800,2333.5,20240800,2310.3,20240600
2024-05-03 23:00:00,2333.5,20240800,2333.5,20240800,2310.3,20240600
2024-05-05 22:00:00,2333.2,20240800,2333.2,20240800,2310.6,20240600
2024-05-05 23:00:00,2326.1,20240800,2326.1,20240800,2302.9,20240600
2024-05-06 00:00:00,2326.9,20240800,2326.9,20240800,2304.9,20240600
2024-05-06 01:00:00,2338.3,20240800,2338.3,20240800,2317.5,20240600
2024-05-06 02:00:00,2341.9,20240800,2341.9,20240800,2320.1,20240600
2024-05-06 03:00:00,2340.3,20240800,2340.3,20240800,2318.1,20240600
2024-05-06 04:00:00,2340.9,20240800,2340.9,20240800,2318.2,20240600
2024-05-06 05:00:00,2344.3,20240800,2344.3,20240800,2322.2,20240600
2024-05-06 06:00:00,2344.9,20240800,2344.9,20240800,2322.8,20240600
2024-05-06 07:00:00,2353.5,20240800,2353.5,20240800,2331.6,20240600
2024-05-06 08:00:00,2349.4,20240800,2349.4,20240800,2327.1,20240600
2024-05-06 09:00:00,2352.1,20240800,2352.1,20240800,2330.1,20240600
2024-05-06 10:00:00,2349.9,20240800,2349.9,20240800,2328.0,20240600
2024-05-06 11:00:00,2348.6,20240800,2348.6,20240800,2326.8,20240600
2024-05-06 12:00:00,2354.7,20240800,2354.7,20240800,2332.2,20240600
2024-05-06 13:00:00,2359.8,20240800,2359.8,20240800,2336.6,20240600
2024-05-06 14:00:00,2351.0,20240800,2351.0,20240800,2329.7,20240600
2024-05-06 15:00:00,2355.4,20240800,2355.4,20240800,2333.5,20240600
2024-05-06 16:00:00,2356.0,20240800,2356.0,20240800,2334.3,20240600
2024-05-06 17:00:00,2355.7,20240800,2355.7,20240800,2333.5,20240600
2024-05-06 18:00:00,2358.0,20240800,2358.0,20240800,2335.1,20240600
2024-05-06 19:00:00,2356.1,20240800,2356.1,20240800,2333.6,20240600
2024-05-06 20:00:00,2356.5,20240800,2356.5,20240800,2332.9,20240600
2024-05-06 22:00:00,2357.1,20240800,2357.1,20240800,2335.2,20240600
2024-05-06 23:00:00,2356.5,20240800,2356.5,20240800,2334.5,20240600
2024-05-07 00:00:00,2360.0,20240800,2360.0,20240800,2338.1,20240600
2024-05-07 01:00:00,2353.8,20240800,2353.8,20240800,2331.4,20240600
2024-05-07 02:00:00,2352.3,20240800,2352.3,20240800,2329.9,20240600
2024-05-07 03:00:00,2355.5,20240800,2355.5,20240800,2333.3,20240600
2024-05-07 04:00:00,2352.6,20240800,2352.6,20240800,2331.0,20240600
2024-05-07 05:00:00,2352.4,20240800,2352.4,20240800,2329.7,20240600
2024-05-07 06:00:00,2350.2,20240800,2350.2,20240800,2328.8,20240600
2024-05-07 07:00:00,2349.2,20240800,2349.2,20240800,2327.7,20240600
2024-05-07 08:00:00,2345.7,20240800,2345.7,20240800,2323.9,20240600
2024-05-07 09:00:00,2345.1,20240800,2345.1,20240800,2322.3,20240600
2024-05-07 10:00:00,2346.1,20240800,2346.1,20240800,2323.9,20240600
2024-05-07 11:00:00,2342.9,20240800,2342.9,20240800,2320.8,20240600
2024-05-07 12:00:00,2345.0,20240800,2345.0,20240800,2324.5,20240600
2024-05-07 13:00:00,2349.6,20240800,2349.6,20240800,2326.9,20240600
2024-05-07 14:00:00,2344.0,20240800,2344.0,20240800,2322.5,20240600
2024-05-07 15:00:00,2345.3,20240800,2345.3,20240800,2323.2,20240600
2024-05-07 16:00:00,2343.3,20240800,2343.3,20240800,2320.9,20240600
2024-05-07 17:00:00,2345.3,20240800,2345.3,20240800,2322.4,20240600
2024-05-07 18:00:00,2345.0,20240800,2345.0,20240800,2322.9,20240600
2024-05-07 19:00:00,2345.0,20240800,2345.0,20240800,2323.0,20240600
2024-05-07 20:00:00,2343.4,20240800,2343.4,20240800,2322.2,20240600
2024-05-07 22:00:00,2346.4,20240800,2346.4,20240800,2322.4,20240600
2024-05-07 23:00:00,2343.4,20240800,2343.4,20240800,2322.2,20240600
2024-05-08 00:00:00,2344.8,20240800,2344.8,20240800,2322.2,20240600
2024-05-08 01:00:00,2338.0,20240800,2338.0,20240800,2315.5,20240600
2024-05-08 02:00:00,2346.8,20240800,2346.8,20240800,2325.1,20240600
2024-05-08 03:00:00,2346.9,20240800,2346.9,20240800,2324.7,20240600
2024-05-08 04:00:00,2348.7,20240800,2348.7,20240800,2327.4,20240600
2024-05-08 05:00:00,2348.1,20240800,2348.1,20240800,2325.6,20240600
2024-05-08 06:00:00,2344.5,20240800,2344.5,20240800,2322.3,20240600
2024-05-08 07:00:00,2336.7,20240800,2336.7,20240800,2313.5,20240600
2024-05-08 08:00:00,2338.0,20240800,2338.0,20240800,2315.2,20240600
2024-05-08 09:00:00,2340.3,20240800,2340.3,20240800,2318.7,20240600
2024-05-08 10:00:00,2345.5,20240800,2345.5,20240800,2323.3,20240600
2024-05-08 11:00:00,2344.4,20240800,2344.4,20240800,2322.5,20240600
2024-05-08 12:00:00,2345.2,20240800,2345.2,20240800,2322.5,20240600
2024-05-08 13:00:00,2339.9,20240800,2339.9,20240800,2317.5,20240600
2024-05-08 14:00:00,2346.3,20240800,2346.3,20240800,2323.5,20240600
2024-05-08 15:00:00,2350.0,20240800,2350.0,20240800,2328.1,20240600
2024-05-08 16:00:00,2346.7,20240800,2346.7,20240800,2324.7,20240600
2024-05-08 17:00:00,2344.8,20240800,2344.8,20240800,2321.7,20240600
2024-05-08 18:00:00,2343.3,20240800,2343.3,20240800,2320.6,20240600
2024-05-08 19:00:00,2338.7,20240800,2338.7,20240800,2316.0,20240600
2024-05-08 20:00:00,2338.8,20240800,2338.8,20240800,2316.0,20240600
2024-05-08 22:00:00,2338.7,20240800,2338.7,20240800,2316.7,20240600
2024-05-08 23:00:00,2338.8,20240800,2338.8,20240800,2316.0,20240600
2024-05-09 00:00:00,2339.7,20240800,2339.7,20240800,2316.2,20240600
2024-05-09 01:00:00,2339.3,20240800,2339.3,20240800,2316.5,20240600
2024-05-09 02:00:00,2340.0,20240800,2340.0,20240800,2317.3,20240600
2024-05-09 03:00:00,2342.4,20240800,2342.4,20240800,2319.4,20240600
2024-05-09 04:00:00,2343.8,20240800,2343.8,20240800,2321.1,20240600
2024-05-09 05:00:00,2345.0,20240800,2345.0,20240800,2323.2,20240600
2024-05-09 06:00:00,2343.0,20240800,2343.0,20240800,2321.0,20240600
2024-05-09 07:00:00,2338.5,20240800,2338.5,20240800,2315.8,20240600
2024-05-09 08:00:00,2339.3,20240800,2339.3,20240800,2317.1,20240600
2024-05-09 09:00:00,2336.9,20240800,2336.9,20240800,2314.3,20240600
2024-05-09 10:00:00,2341.0,20240800,2341.0,20240800,2318.3,20240600
2024-05-09 11:00:00,2345.4,20240800,2345.4,20240800,2322.3,20240600
2024-05-09 12:00:00,2355.7,20240800,2355.7,20240800,2333.5,20240600
2024-05-09 13:00:00,2354.0,20240800,2354.0,20240800,2331.3,20240600
2024-05-09 14:00:00,2362.7,20240800,2362.7,20240800,2340.3,20240600
2024-05-09 15:00:00,2359.4,20240800,2359.4,20240800,2337.2,20240600
2024-05-09 16:00:00,2359.3,20240800,2359.3,20240800,2336.5,20240600
2024-05-09 17:00:00,2364.0,20240800,2364.0,20240800,2341.6,20240600
2024-05-09 18:00:00,2366.8,20240800,2366.8,20240800,2344.4,20240600
2024-05-09 19:00:00,2373.0,20240800,2373.0,20240800,2350.7,20240600
2024-05-09 20:00:00,2375.0,20240800,2375.0,20240800,2353.3,20240600
2024-05-09 22:00:00,2375.5,20240800,2375.5,20240800,2353.2,20240600
2024-05-09 23:00:00,2375.0,20240800,2375.0,20240800,2353.6,20240600
2024-05-10 00:00:00,2377.0,20240800,2377.0,20240800,2354.1,20240600
2024-05-10 01:00:00,2379.4,20240800,2379.4,20240800,2357.0,20240600
2024-05-10 02:00:00,2379.3,20240800,2379.3,20240800,2356.3,20240600
2024-05-10 03:00:00,2382.2,20240800,2382.2,20240800,2360.3,20240600
2024-05-10 04:00:00,2382.6,20240800,2382.6,20240800,2360.7,20240600
2024-05-10 05:00:00,2385.9,20240800,2385.9,20240800,2364.1,20240600
2024-05-10 06:00:00,2398.0,20240800,2398.0,20240800,2375.4,20240600
2024-05-10 07:00:00,2395.6,20240800,2395.6,20240800,2373.5,20240600
2024-05-10 08:00:00,2399.0,20240800,2399.0,20240800,2376.6,20240600
2024-05-10 09:00:00,2401.8,20240800,2401.8,20240800,2379.3,20240600
2024-05-10 10:00:00,2404.2,20240800,2404.2,20240800,2381.5,20240600
2024-05-10 11:00:00,2400.6,20240800,2400.6,20240800,2378.9,20240600
2024-05-10 12:00:00,2394.9,20240800,2394.9,20240800,2371.3,20240600
2024-05-10 13:00:00,2393.9,20240800,2393.9,20240800,2370.1,20240600
2024-05-10 14:00:00,2389.7,20240800,2389.7,20240800,2367.5,20240600
2024-05-10 15:00:00,2393.5,20240800,2393.5,20240800,2371.4,20240600
2024-05-10 16:00:00,2397.5,20240800,2397.5,20240800,2375.0,20240600
2024-05-10 17:00:00,2398.2,20240800,2398.2,20240800,2376.3,20240600
2024-05-10 18:00:00,2397.0,20240800,2397.0,20240800,2373.9,20240600
2024-05-10 19:00:00,2392.2,20240800,2392.2,20240800,2370.0,20240600
2024-05-10 20:00:00,2389.6,20240800,2389.6,20240800,2366.9,20240600
2024-05-10 23:00:00,2389.6,20240800,2389.6,20240800,2366.9,20240600
2024-05-12 22:00:00,2390.2,20240800,2390.2,20240800,2367.8,20240600
2024-05-12 23:00:00,2389.3,20240800,2389.3,20240800,2366.5,20240600
2024-05-13 00:00:00,2392.6,20240800,2392.6,20240800,2370.3,20240600
2024-05-13 01:00:00,2387.9,20240800,2387.9,20240800,2365.5,20240600
2024-05-13 02:00:00,2388.0,20240800,2388.0,20240800,2365.2,20240600
2024-05-13 03:00:00,2386.1,20240800,2386.1,20240800,2363.5,20240600
2024-05-13 04:00:00,2383.5,20240800,2383.5,20240800,2360.8,20240600
2024-05-13 05:00:00,2381.4,20240800,2381.4,20240800,2358.6,20240600
2024-05-13 06:00:00,2377.2,20240800,2377.2,20240800,2355.7,20240600
2024-05-13 07:00:00,2377.6,20240800,2377.6,20240800,2354.8,20240600
2024-05-13 08:00:00,2372.1,20240800,2372.1,20240800,2349.5,20240600
2024-05-13 09:00:00,2368.7,20240800,2368.7,20240800,2346.1,20240600
2024-05-13 10:00:00,2372.3,20240800,2372.3,20240800,2349.5,20240600
2024-05-13 11:00:00,2373.5,20240800,2373.5,20240800,2350.6,20240600
2024-05-13 12:00:00,2376.1,20240800,2376.1,20240800,2353.1,20240600
2024-05-13 13:00:00,2372.4,20240800,2372.4,20240800,2350.0,20240600
2024-05-13 14:00:00,2372.8,20240800,2372.8,20240800,2350.0,20240600
2024-05-13 15:00:00,2364.4,20240800,2364.4,20240800,2342.0,20240600
2024-05-13 16:00:00,2365.6,20240800,2365.6,20240800,2342.7,20240600
2024-05-13 17:00:00,2365.5,20240800,2365.5,20240800,2342.0,20240600
2024-05-13 18:00:00,2366.3,20240800,2366.3,20240800,2343.4,20240600
2024-05-13 19:00:00,2366.4,20240800,2366.4,20240800,2343.4,20240600
2024-05-13 20:00:00,2365.4,20240800,2365.4,20240800,2342.3,20240600
2024-05-13 22:00:00,2366.6,20240800,2366.6,20240800,2343.5,20240600
2024-05-13 23:00:00,2365.4,20240800,2365.4,20240800,2342.3,20240600
2024-05-14 00:00:00,2364.8,20240800,2364.8,20240800,2341.9,20240600
2024-05-14 01:00:00,2369.5,20240800,2369.5,20240800,2347.4,20240600
2024-05-14 02:00:00,2368.6,20240800,2368.6,20240800,2345.9,20240600
2024-05-14 03:00:00,2371.4,20240800,2371.4,20240800,2348.7,20240600
2024-05-14 04:00:00,2372.5,20240800,2372.5,20240800,2349.6,20240600
2024-05-14 05:00:00,2372.8,20240800,2372.8,20240800,2350.0,20240600
2024-05-14 06:00:00,2366.3,20240800,2366.3,20240800,2343.6,20240600
2024-05-14 07:00:00,2366.7,20240800,2366.7,20240800,2344.8,20240600
2024-05-14 08:00:00,2372.3,20240800,2372.3,20240800,2349.4,20240600
2024-05-14 09:00:00,2374.8,20240800,2374.8,20240800,2351.2,20240600
2024-05-14 10:00:00,2374.6,20240800,2374.6,20240800,2351.5,20240600
2024-05-14 11:00:00,2372.7,20240800,2372.7,20240800,2349.1,20240600
2024-05-14 12:00:00,2378.1,20240800,2378.1,20240800,2353.8,20240600
2024-05-14 13:00:00,2382.3,20240800,2382.3,20240800,2359.6,20240600
2024-05-14 14:00:00,2382.1,20240800,2382.1,20240800,2358.8,20240600
2024-05-14 15:00:00,2375.5,20240800,2375.5,20240800,2353.6,20240600
2024-05-14 16:00:00,2382.7,20240800,2382.7,20240800,2359.9,20240600
2024-05-14 17:00:00,2384.4,20240800,2384.4,20240800,2361.6,20240600
2024-05-14 18:00:00,2386.0,20240800,2386.0,20240800,2363.4,20240600
2024-05-14 19:00:00,2384.3,20240800,2384.3,20240800,2362.1,20240600
2024-05-14 20:00:00,2386.1,20240800,2386.1,20240800,2363.6,20240600
2024-05-14 22:00:00,2384.6,20240800,2384.6,20240800,2362.9,20240600
2024-05-14 23:00:00,2383.3,20240800,2383.3,20240800,2363.6,20240600
2024-05-15 00:00:00,2384.2,20240800,2384.2,20240800,2361.3,20240600
2024-05-15 01:00:00,2386.1,20240800,2386.1,20240800,2363.2,20240600
2024-05-15 02:00:00,2386.5,20240800,2386.5,20240800,2364.0,20240600
2024-05-15 03:00:00,2389.1,20240800,2389.1,20240800,2365.9,20240600
2024-05-15 04:00:00,2384.8,20240800,2384.8,20240800,2362.3,20240600
2024-05-15 05:00:00,2386.0,20240800,2386.0,20240800,2363.9,20240600
2024-05-15 06:00:00,2386.4,20240800,2386.4,20240800,2364.1,20240600
2024-05-15 07:00:00,2390.4,20240800,2390.4,20240800,2367.8,20240600
2024-05-15 08:00:00,2401.9,20240800,2401.9,20240800,2379.1,20240600
2024-05-15 09:00:00,2397.5,20240800,2397.5,20240800,2375.0,20240600
2024-05-15 10:00:00,2394.4,20240800,2394.4,20240800,2371.8,20240600
2024-05-15 11:00:00,2391.6,20240800,2391.6,20240800,2368.6,20240600
2024-05-15 12:00:00,2400.6,20240800,2400.6,20240800,2378.3,20240600
2024-05-15 13:00:00,2386.2,20240800,2386.2,20240800,2363.4,20240600
2024-05-15 14:00:00,2401.8,20240800,2401.8,20240800,2379.6,20240600
2024-05-15 15:00:00,2406.0,20240800,2406.0,20240800,2383.3,20240600
2024-05-15 16:00:00,2411.1,20240800,2411.1,20240800,2389.0,20240600
2024-05-15 17:00:00,2417.9,20240800,2417.9,20240800,2395.0,20240600
2024-05-15 18:00:00,2414.0,20240800,2414.0,20240800,2391.1,20240600
2024-05-15 19:00:00,2414.6,20240800,2414.6,20240800,2391.9,20240600
2024-05-15 20:00:00,2414.1,20240800,2414.1,20240800,2391.8,20240600
2024-05-15 22:00:00,2415.7,20240800,2415.7,20240800,2394.1,20240600
2024-05-15 23:00:00,2419.0,20240800,2419.0,20240800,2396.5,20240600
2024-05-16 00:00:00,2422.4,20240800,2422.4,20240800,2399.6,20240600
2024-05-16 01:00:00,2419.0,20240800,2419.0,20240800,2396.5,20240600
2024-05-16 02:00:00,2414.5,20240800,2414.5,20240800,2392.1,20240600
2024-05-16 03:00:00,2415.7,20240800,2415.7,20240800,2393.2,20240600
2024-05-16 04:00:00,2418.8,20240800,2418.8,20240800,2395.8,20240600
2024-05-16 05:00:00,2417.5,20240800,2417.5,20240800,2394.6,20240600
2024-05-16 06:00:00,2413.8,20240800,2413.8,20240800,2391.2,20240600
2024-05-16 07:00:00,2416.9,20240800,2416.9,20240800,2393.8,20240600
2024-05-16 08:00:00,2413.8,20240800,2413.8,20240800,2390.7,20240600
2024-05-16 09:00:00,2412.1,20240800,2412.1,20240800,2389.9,20240600
2024-05-16 10:00:00,2412.0,20240800,2412.0,20240800,2389.2,20240600
2024-05-16 11:00:00,2412.2,20240800,2412.2,20240800,2388.9,20240600
2024-05-16 12:00:00,2406.2,20240800,2406.2,20240800,2383.7,20240600
2024-05-16 13:00:00,2402.1,20240800,2402.1,20240800,2379.4,20240600
2024-05-16 14:00:00,2400.5,20240800,2400.5,20240800,2377.8,20240600
2024-05-16 15:00:00,2408.8,20240800,2408.8,20240800,2385.9,20240600
2024-05-16 16:00:00,2409.1,20240800,2409.1,20240800,2386.3,20240600
2024-05-16 17:00:00,2408.1,20240800,2408.1,20240800,2386.0,20240600
2024-05-16 18:00:00,2406.1,20240800,2406.1,20240800,2384.1,20240600
2024-05-16 19:00:00,2405.5,20240800,2405.5,20240800,2382.9,20240600
2024-05-16 20:00:00,2403.8,20240800,2403.8,20240800,2381.0,20240600
2024-05-16 22:00:00,2406.1,20240800,2406.1,20240800,2382.7,20240600
2024-05-16 23:00:00,2405.1,20240800,2405.1,20240800,2381.0,20240600
2024-05-17 00:00:00,2404.9,20240800,2404.9,20240800,2382.1,20240600
2024-05-17 01:00:00,2428.2,20241000,2428.2,20241000,2404.8,20240800
2024-05-17 02:00:00,2425.9,20241000,2425.9,20241000,2401.7,20240800
2024-05-17 03:00:00,,20241000,,20241000,2403.6,20240800
2024-05-17 04:00:00,2426.7,20241000,2426.7,20241000,2405.0,20240800
2024-05-17 05:00:00,2431.5,20241000,2431.5,20241000,2408.4,20240800
2024-05-17 06:00:00,2435.5,20241000,2435.5,20241000,2413.8,20240800
2024-05-17 07:00:00,2433.0,20241000,2433.0,20241000,2410.4,20240800
2024-05-17 08:00:00,2434.8,20241000,2434.8,20241000,2411.5,20240800
2024-05-17 09:00:00,2432.0,20241000,2432.0,20241000,2409.8,20240800
2024-05-17 10:00:00,2437.0,20241000,2437.0,20241000,2413.6,20240800
2024-05-17 11:00:00,2439.6,20241000,2439.6,20241000,2417.0,20240800
2024-05-17 12:00:00,2441.8,20241000,2441.8,20241000,2420.5,20240800
2024-05-17 13:00:00,2451.1,20241000,2451.1,20241000,2429.0,20240800
2024-05-17 14:00:00,2464.0,20241000,2464.0,20241000,2440.0,20240800
2024-05-17 15:00:00,2455.3,20241000,2455.3,20241000,2434.9,20240800
2024-05-17 16:00:00,2458.4,20241000,2458.4,20241000,2435.4,20240800
2024-05-17 17:00:00,2464.5,20241000,2464.5,20241000,2442.0,20240800
2024-05-17 18:00:00,2468.0,20241000,2468.0,20241000,2445.2,20240800
2024-05-17 19:00:00,2466.6,20241000,2466.6,20241000,2444.2,20240800
2024-05-17 20:00:00,2466.0,20241000,2466.0,20241000,2442.6,20240800
2024-05-17 23:00:00,2463.4,20241000,2463.4,20241000,2442.6,20240800
2024-05-19 22:00:00,2468.0,20241000,2468.0,20241000,2445.6,20240800
2024-05-19 23:00:00,2468.8,20241000,2468.8,20241000,2448.0,20240800
2024-05-20 00:00:00,2476.0,20241000,2476.0,20241000,2453.0,20240800
2024-05-20 01:00:00,2486.0,20241000,2486.0,20241000,2462.8,20240800
2024-05-20 02:00:00,2483.8,20241000,2483.8,20241000,2460.9,20240800
2024-05-20 03:00:00,2488.0,20241000,2488.0,20241000,2464.4,20240800
2024-05-20 04:00:00,2487.8,20241000,2487.8,20241000,2464.2,20240800
2024-05-20 05:00:00,2500.3,20241000,2500.3,20241000,2475.8,20240800
2024-05-20 06:00:00,2487.5,20241000,2487.5,20241000,2465.8,20240800
2024-05-20 07:00:00,2491.0,20241000,2491.0,20241000,2468.9,20240800
2024-05-20 08:00:00,2492.1,20241000,2492.1,20241000,2466.1,20240800
2024-05-20 09:00:00,2491.9,20241000,2491.9,20241000,2470.5,20240800
2024-05-20 10:00:00,2487.4,20241000,2487.4,20241000,2463.0,20240800
2024-05-20 11:00:00,2480.0,20241000,2480.0,20241000,2457.4,20240800
2024-05-20 12:00:00,2463.9,20241000,2463.9,20241000,2440.6,20240800
2024-05-20 13:00:00,2469.2,20241000,2469.2,20241000,2447.0,20240800
2024-05-20 14:00:00,2472.2,20241000,2472.2,20241000,2450.0,20240800
2024-05-20 15:00:00,2474.2,20241000,2474.2,20241000,2452.0,20240800
2024-05-20 16:00:00,2477.4,20241000,2477.4,20241000,2453.0,20240800
2024-05-20 17:00:00,2486.3,20241000,2486.3,20241000,2462.5,20240800
2024-05-20 18:00:00,2487.7,20241000,2487.7,20241000,2462.8,20240800
2024-05-20 19:00:00,2477.6,20241000,2477.6,20241000,2453.8,20240800
2024-05-20 20:00:00,2476.5,20241000,2476.5,20241000,2453.7,20240800
2024-05-20 22:00:00,2480.0,20241000,2480.0,20241000,2454.4,20240800
2024-05-20 23:00:00,2477.0,20241000,2477.0,20241000,2453.4,20240800
2024-05-21 00:00:00,2476.9,20241000,2476.9,20241000,2456.0,20240800
2024-05-21 01:00:00,2470.8,20241000,2470.8,20241000,2446.8,20240800
2024-05-21 02:00:00,2464.2,20241000,2464.2,20241000,2440.4,20240800
2024-05-21 03:00:00,2463.1,20241000,2463.1,20241000,2440.3,20240800
2024-05-21 04:00:00,2460.5,20241000,2460.5,20241000,2438.8,20240800
2024-05-21 05:00:00,2465.6,20241000,2465.6,20241000,2443.3,20240800
2024-05-21 06:00:00,2460.4,20241000,2460.4,20241000,2437.4,20240800
2024-05-21 07:00:00,2469.1,20241000,2469.1,20241000,2446.1,20240800
2024-05-21 08:00:00,2468.9,20241000,2468.9,20241000,2446.1,20240800
2024-05-21 09:00:00,2466.8,20241000,2466.8,20241000,2443.4,20240800
2024-05-21 10:00:00,2469.6,20241000,2469.6,20241000,2446.3,20240800
2024-05-21 11:00:00,2471.1,20241000,2471.1,20241000,2450.3,20240800
2024-05-21 12:00:00,2476.9,20241000,2476.9,20241000,2453.4,20240800
2024-05-21 13:00:00,2477.0,20241000,2477.0,20241000,2456.0,20240800
2024-05-21 14:00:00,2479.6,20241000,2479.6,20241000,2457.0,20240800
2024-05-21 15:00:00,2473.4,20241000,2473.4,20241000,2450.2,20240800
2024-05-21 16:00:00,2470.8,20241000,2470.8,20241000,2450.3,20240800
2024-05-21 17:00:00,2469.4,20241000,2469.4,20241000,2447.2,20240800
2024-05-21 18:00:00,2469.0,20241000,2469.0,20241000,2447.0,20240800
2024-05-21 19:00:00,2474.2,20241000,2474.2,20241000,2450.6,20240800
2024-05-21 20:00:00,2471.6,20241000,2471.6,20241000,2448.0,20240800
2024-05-21 22:00:00,,20241000,,20241000,2448.9,20240800
2024-05-21 23:00:00,2472.3,20241000,2472.3,20241000,2448.0,20240800
2024-05-22 00:00:00,2471.3,20241000,2471.3,20241000,2447.1,20240800
2024-05-22 01:00:00,2471.1,20241000,2471.1,20241000,2448.7,20240800
2024-05-22 02:00:00,2467.1,20241000,2467.1,20241000,2444.5,20240800
2024-05-22 03:00:00,2462.7,20241000,2462.7,20241000,2439.9,20240800
2024-05-22 04:00:00,2462.3,20241000,2462.3,20241000,2439.4,20240800
2024-05-22 05:00:00,2463.8,20241000,2463.8,20241000,2443.7,20240800
2024-05-22 06:00:00,2466.0,20241000,2466.0,20241000,2443.6,20240800
2024-05-22 07:00:00,2463.0,20241000,2463.0,20241000,2444.2,20240800
2024-05-22 08:00:00,2466.6,20241000,2466.6,20241000,2443.2,20240800
2024-05-22 09:00:00,2465.3,20241000,2465.3,20241000,2444.3,20240800
2024-05-22 10:00:00,2465.7,20241000,2465.7,20241000,2441.2,20240800
2024-05-22 11:00:00,2456.1,20241000,2456.1,20241000,2435.2,20240800
2024-05-22 12:00:00,2462.6,20241000,2462.6,20241000,2439.1,20240800
2024-05-22 13:00:00,2462.5,20241000,2462.5,20241000,2439.0,20240800
2024-05-22 14:00:00,2436.7,20241000,2436.7,20241000,2414.8,20240800
2024-05-22 15:00:00,2441.3,20241000,2441.3,20241000,2418.7,20240800
2024-05-22 16:00:00,2443.0,20241000,2443.0,20241000,2418.2,20240800
2024-05-22 17:00:00,2437.0,20241000,2437.0,20241000,2414.5,20240800
2024-05-22 18:00:00,2424.0,20241000,2424.0,20241000,2403.5,20240800
2024-05-22 19:00:00,2427.8,20241000,2427.8,20241000,2404.9,20240800
2024-05-22 20:00:00,,20241000,,20241000,2404.8,20240800
2024-05-22 22:00:00,2427.9,20241000,2427.9,20241000,2405.5,20240800
2024-05-22 23:00:00,2438.8,20241000,2438.8,20241000,2404.8,20240800
2024-05-23 00:00:00,2426.6,20241000,2426.6,20241000,2403.6,20240800
2024-05-23 01:00:00,2422.0,20241000,2422.0,20241000,2397.4,20240800
2024-05-23 02:00:00,2417.0,20241000,2417.0,20241000,2393.9,20240800
2024-05-23 03:00:00,2419.5,20241000,2419.5,20241000,2397.1,20240800
2024-05-23 04:00:00,2421.2,20241000,2421.2,20241000,2397.0,20240800
2024-05-23 05:00:00,2407.0,20241000,2407.0,20241000,2384.8,20240800
2024-05-23 06:00:00,2412.3,20241000,2412.3,20241000,2389.3,20240800
2024-05-23 07:00:00,2403.9,20241000,2403.9,20241000,2380.7,20240800
2024-05-23 08:00:00,2408.9,20241000,2408.9,20241000,2384.6,20240800
2024-05-23 09:00:00,2409.7,20241000,2409.7,20241000,2388.7,20240800
2024-05-23 10:00:00,2414.5,20241000,2414.5,20241000,2391.0,20240800
2024-05-23 11:00:00,2414.6,20241000,2414.6,20241000,2392.6,20240800
2024-05-23 12:00:00,2410.6,20241000,2410.6,20241000,2387.2,20240800
2024-05-23 13:00:00,2405.0,20241000,2405.0,20241000,2383.0,20240800
2024-05-23 14:00:00,2393.1,20241000,2393.1,20241000,2370.0,20240800
2024-05-23 15:00:00,2396.1,20241000,2396.1,20241000,2370.0,20240800
2024-05-23 16:00:00,2388.4,20241000,2388.4,20241000,2363.9,20240800
2024-05-23 17:00:00,2379.2,20241000,2379.2,20241000,2356.5,20240800
2024-05-23 18:00:00,2380.5,20241000,2380.5,20241000,2358.2,20240800
2024-05-23 19:00:00,2379.0,20241000,2379.0,20241000,2355.6,20240800
2024-05-23 20:00:00,2374.5,20241000,2374.5,20241000,2352.5,20240800
2024-05-23 22:00:00,2377.4,20241000,2377.4,20241000,2354.3,20240800
2024-05-23 23:00:00,2382.7,20241000,2382.7,20241000,2352.5,20240800
2024-05-24 00:00:00,2376.5,20241000,2376.5,20241000,2352.2,20240800
2024-05-24 01:00:00,2375.1,20241000,2375.1,20241000,2356.8,20240800
2024-05-24 02:00:00,2377.4,20241000,2377.4,20241000,2353.9,20240800
2024-05-24 03:00:00,2376.5,20241000,2376.5,20241000,2354.0,20240800
2024-05-24 04:00:00,2379.5,20241000,2379.5,20241000,2358.5,20240800
2024-05-24 05:00:00,2385.0,20241000,2385.0,20241000,2361.9,20240800
2024-05-24 06:00:00,2383.2,20241000,2383.2,20241000,2362.3,20240800
2024-05-24 07:00:00,2385.0,20241000,2385.0,20241000,2361.8,20240800
2024-05-24 08:00:00,2384.8,20241000,2384.8,20241000,2363.9,20240800
2024-05-24 09:00:00,2385.3,20241000,2385.3,20241000,2361.3,20240800
2024-05-24 10:00:00,2387.7,20241000,2387.7,20241000,2364.6,20240800
2024-05-24 11:00:00,2385.6,20241000,2385.6,20241000,2362.2,20240800
2024-05-24 12:00:00,2385.7,20241000,2385.7,20241000,2363.2,20240800
2024-05-24 13:00:00,2383.9,20241000,2383.9,20241000,2361.0,20240800
2024-05-24 14:00:00,2384.0,20241000,2384.0,20241000,2362.3,20240800
2024-05-24 15:00:00,2380.1,20241000,2380.1,20241000,2358.3,20240800
2024-05-24 16:00:00,2381.1,20241000,2381.1,20241000,2357.7,20240800
2024-05-24 17:00:00,2378.7,20241000,2378.7,20241000,2356.0,20240800
2024-05-24 18:00:00,2381.2,20241000,2381.2,20241000,2358.5,20240800
2024-05-24 19:00:00,2379.2,20241000,2379.2,20241000,2357.1,20240800
2024-05-24 20:00:00,2380.9,20241000,2380.9,20241000,2357.5,20240800
2024-05-24 23:00:00,2379.9,20241000,2379.9,20241000,2357.5,20240800
2024-05-26 22:00:00,2386.3,20241000,2386.3,20241000,2364.0,20240800
2024-05-26 23:00:00,,20241000,,20241000,2361.2,20240800
2024-05-27 00:00:00,2383.2,20241000,2383.2,20241000,2359.7,20240800
2024-05-27 01:00:00,2387.3,20241000,2387.3,20241000,2363.7,20240800
2024-05-27 02:00:00,2393.5,20241000,2393.5,20241000,2370.3,20240800
2024-05-27 03:00:00,2393.0,20241000,2393.0,20241000,2369.9,20240800
2024-05-27 04:00:00,2388.4,20241000,2388.4,20241000,2366.5,20240800
2024-05-27 05:00:00,2387.5,20241000,2387.5,20241000,2367.5,20240800
2024-05-27 06:00:00,2389.3,20241000,2389.3,20241000,2365.0,20240800
2024-05-27 07:00:00,2387.0,20241000,2387.0,20241000,2362.2,20240800
2024-05-27 08:00:00,2389.9,20241000,2389.9,20241000,2368.7,20240800
2024-05-27 09:00:00,,20241000,,20241000,2367.2,20240800
2024-05-27 10:00:00,,20241000,,20241000,2368.7,20240800
2024-05-27 11:00:00,2390.6,20241000,2390.6,20241000,2368.5,20240800
2024-05-27 12:00:00,2395.2,20241000,2395.2,20241000,2371.3,20240800
2024-05-27 13:00:00,2400.4,20241000,2400.4,20241000,2378.7,20240800
2024-05-27 14:00:00,2405.0,20241000,2405.0,20241000,2378.4,20240800
2024-05-27 15:00:00,2399.2,20241000,2399.2,20241000,2376.4,20240800
2024-05-27 16:00:00,2402.1,20241000,2402.1,20241000,2378.5,20240800
2024-05-27 17:00:00,2402.0,20241000,2402.0,20241000,2378.8,20240800
2024-05-27 18:00:00,2399.5,20241000,2399.5,20241000,2374.6,20240800
2024-05-27 22:00:00,2400.1,20241000,2400.1,20241000,2375.4,20240800
2024-05-27 23:00:00,2399.0,20241000,2399.0,20241000,2376.0,20240800
2024-05-28 00:00:00,2399.0,20241000,2399.0,20241000,2375.1,20240800
2024-05-28 01:00:00,2402.5,20241000,2402.5,20241000,2377.7,20240800
2024-05-28 02:00:00,2401.2,20241000,2401.2,20241000,2378.0,20240800
2024-05-28 03:00:00,,20241000,,20241000,2374.8,20240800
2024-05-28 04:00:00,2398.1,20241000,2398.1,20241000,2374.5,20240800
2024-05-28 05:00:00,2398.3,20241000,2398.3,20241000,2373.2,20240800
2024-05-28 06:00:00,2388.5,20241000,2388.5,20241000,2365.0,20240800
2024-05-28 07:00:00,2390.1,20241000,2390.1,20241000,2367.7,20240800
2024-05-28 08:00:00,2389.7,20241000,2389.7,20241000,2368.0,20240800
2024-05-28 09:00:00,2391.1,20241000,2391.1,20241000,2366.9,20240800
2024-05-28 10:00:00,2391.6,20241000,2391.6,20241000,2368.7,20240800
2024-05-28 11:00:00,2394.5,20241000,2394.5,20241000,2371.1,20240800
2024-05-28 12:00:00,2401.0,20241000,2401.0,20241000,2376.8,20240800
2024-05-28 13:00:00,2400.3,20241000,2400.3,20241000,2378.4,20240800
2024-05-28 14:00:00,2402.9,20241000,2402.9,20241000,2379.3,20240800
2024-05-28 15:00:00,2407.0,20241000,2407.0,20241000,2384.0,20240800
2024-05-28 16:00:00,2404.0,20241000,2404.0,20241000,2380.4,20240800
2024-05-28 17:00:00,2404.0,20241000,2404.0,20241000,2380.1,20240800
2024-05-28 18:00:00,2401.9,20241000,2401.9,20241000,2380.8,20240800
2024-05-28 19:00:00,2405.5,20241000,2405.5,20241000,2381.5,20240800
2024-05-28 20:00:00,2407.7,20241000,2407.7,20241000,2385.1,20240800
2024-05-28 22:00:00,2405.0,20241000,2405.0,20241000,2382.6,20240800
2024-05-28 23:00:00,2407.7,20241000,2407.7,20241000,2385.1,20240800
2024-05-29 00:00:00,2403.9,20241000,2403.9,20241000,2380.8,20240800
2024-05-29 01:00:00,2403.8,20241000,2403.8,20241000,2379.8,20240800
2024-05-29 02:00:00,2404.5,20241000,2404.5,20241000,2378.8,20240800
2024-05-29 03:00:00,2403.9,20241000,2403.9,20241000,2381.0,20240800
2024-05-29 04:00:00,2405.3,20241000,2405.3,20241000,2381.6,20240800
2024-05-29 05:00:00,2406.1,20241000,2406.1,20241000,2379.6,20240800
2024-05-29 06:00:00,2400.4,20241000,2400.4,20241000,2378.5,20240800
2024-05-29 07:00:00,2397.0,20241000,2397.0,20241000,2373.4,20240800
2024-05-29 08:00:00,2391.7,20241000,2391.7,20241000,2367.9,20240800
2024-05-29 09:00:00,2391.0,20241000,2391.0,20241000,2368.5,20240800
2024-05-29 10:00:00,2391.0,20241000,2391.0,20241000,2369.5,20240800
2024-05-29 11:00:00,2386.6,20241000,2386.6,20241000,2364.4,20240800
2024-05-29 12:00:00,2383.4,20241000,2383.4,20241000,2360.2,20240800
2024-05-29 13:00:00,2392.1,20241000,2392.1,20241000,2368.6,20240800
2024-05-29 14:00:00,2389.1,20241000,2389.1,20241000,2366.3,20240800
2024-05-29 15:00:00,2386.2,20241000,2386.2,20241000,2361.7,20240800
2024-05-29 16:00:00,2386.3,20241000,2386.3,20241000,2364.4,20240800
2024-05-29 17:00:00,2389.7,20241000,2389.7,20241000,2366.4,20240800
2024-05-29 18:00:00,2385.0,20241000,2385.0,20241000,2360.7,20240800
2024-05-29 19:00:00,2382.8,20241000,2382.8,20241000,2359.1,20240800
2024-05-29 20:00:00,2383.5,20241000,2383.5,20241000,2360.2,20240800
2024-05-29 22:00:00,2383.0,20241000,2383.0,20241000,2359.5,20240800
2024-05-29 23:00:00,2383.5,20241000,2383.5,20241000,2360.1,20240800
2024-05-30 00:00:00,2381.0,20241000,2381.0,20241000,2358.8,20240800
2024-05-30 01:00:00,2379.0,20241000,2379.0,20241000,2355.8,20240800
2024-05-30 02:00:00,2374.0,20241000,2374.0,20241000,2352.1,20240800
2024-05-30 03:00:00,2378.5,20241000,2378.5,20241000,2355.7,20240800
2024-05-30 04:00:00,2380.3,20241000,2380.3,20241000,2356.6,20240800
2024-05-30 05:00:00,2369.3,20241000,2369.3,20241000,2346.0,20240800
2024-05-30 06:00:00,2376.9,20241000,2376.9,20241000,2354.2,20240800
2024-05-30 07:00:00,2378.5,20241000,2378.5,20241000,2355.6,20240800
2024-05-30 08:00:00,2378.3,20241000,2378.3,20241000,2356.4,20240800
2024-05-30 09:00:00,2377.4,20241000,2377.4,20241000,2354.5,20240800
2024-05-30 10:00:00,2385.0,20241000,2385.0,20241000,2362.3,20240800
2024-05-30 11:00:00,2380.4,20241000,2380.4,20241000,2357.4,20240800
2024-05-30 12:00:00,2386.7,20241000,2386.7,20241000,2362.7,20240800
2024-05-30 13:00:00,2392.6,20241000,2392.6,20241000,2370.3,20240800
2024-05-30 14:00:00,2387.6,20241000,2387.6,20241000,2365.6,20240800
2024-05-30 15:00:00,2388.6,20241000,2388.6,20241000,2365.3,20240800
2024-05-30 16:00:00,2392.0,20241000,2392.0,20241000,2369.3,20240800
2024-05-30 17:00:00,2388.4,20241000,2388.4,20241000,2365.8,20240800
2024-05-30 18:00:00,2385.5,20241000,2385.5,20241000,2363.9,20240800
2024-05-30 19:00:00,2384.8,20241000,2384.8,20241000,2362.4,20240800
2024-05-30 20:00:00,2387.0,20241000,2387.0,20241000,2364.4,20240800
2024-05-30 22:00:00,2387.0,20241000,2387.0,20241000,2365.2,20240800
2024-05-30 23:00:00,2390.0,20241000,2390.0,20241000,2364.4,20240800
2024-05-31 00:00:00,2387.1,20241000,2387.1,20241000,2367.4,20240800
2024-05-31 01:00:00,2390.0,20241000,2390.0,20241000,2367.7,20240800
2024-05-31 02:00:00,,20241000,,20241000,2363.8,20240800
2024-05-31 03:00:00,2386.8,20241000,2386.8,20241000,2364.6,20240800
2024-05-31 04:00:00,2387.9,20241000,2387.9,20241000,2365.1,20240800
2024-05-31 05:00:00,2387.1,20241000,2387.1,20241000,2363.4,20240800
2024-05-31 06:00:00,2389.5,20241000,2389.5,20241000,2366.7,20240800
2024-05-31 07:00:00,2383.9,20241000,2383.9,20241000,2361.2,20240800
2024-05-31 08:00:00,2387.5,20241000,2387.5,20241000,2364.3,20240800
2024-05-31 09:00:00,2385.8,20241000,2385.8,20241000,2363.1,20240800
2024-05-31 10:00:00,2387.3,20241000,2387.3,20241000,2365.0,20240800
2024-05-31 11:00:00,2387.8,20241000,2387.8,20241000,2364.9,20240800
2024-05-31 12:00:00,2399.3,20241000,2399.3,20241000,2376.2,20240800
2024-05-31 13:00:00,2391.2,20241000,2391.2,20241000,2369.6,20240800
2024-05-31 14:00:00,2378.0,20241000,2378.0,20241000,2356.4,20240800
2024-05-31 15:00:00,2373.9,20241000,2373.9,20241000,2351.1,20240800
2024-05-31 16:00:00,2379.4,20241000,2379.4,20241000,2354.0,20240800
2024-05-31 17:00:00,2370.7,20241000,2370.7,20241000,2346.8,20240800
2024-05-31 18:00:00,2366.3,20241000,2366.3,20241000,2343.5,20240800
2024-05-31 19:00:00,2370.7,20241000,2370.7,20241000,2348.3,20240800
2024-05-31 20:00:00,2371.3,20241000,2371.3,20241000,2347.7,20240800
2024-05-31 23:00:00,2371.3,20241000,2371.3,20241000,2347.7,20240800
2024-06-02 22:00:00,2368.6,20241000,2368.6,20241000,2346.6,20240800
2024-06-02 23:00:00,2368.6,20241000,2368.6,20241000,2346.1,20240800
2024-06-03 00:00:00,2369.0,20241000,2369.0,20241000,2347.4,20240800
2024-06-03 01:00:00,2373.2,20241000,2373.2,20241000,2350.9,20240800
2024-06-03 02:00:00,2370.0,20241000,2370.0,20241000,2346.6,20240800
2024-06-03 03:00:00,2364.0,20241000,2364.0,20241000,2341.8,20240800
2024-06-03 04:00:00,2364.4,20241000,2364.4,20241000,2341.5,20240800
2024-06-03 05:00:00,2363.1,20241000,2363.1,20241000,2340.5,20240800
2024-06-03 06:00:00,2365.0,20241000,2365.0,20241000,2342.8,20240800
2024-06-03 07:00:00,2369.4,20241000,2369.4,20241000,2346.7,20240800
2024-06-03 08:00:00,2368.6,20241000,2368.6,20241000,2345.8,20240800
2024-06-03 09:00:00,2370.9,20241000,2370.9,20241000,2348.1,20240800
2024-06-03 10:00:00,2373.9,20241000,2373.9,20241000,2351.3,20240800
2024-06-03 11:00:00,2373.5,20241000,2373.5,20241000,2350.5,20240800
2024-06-03 12:00:00,2377.5,20241000,2377.5,20241000,2354.6,20240800
2024-06-03 13:00:00,2376.2,20241000,2376.2,20241000,2355.0,20240800
2024-06-03 14:00:00,2386.9,20241000,2386.9,20241000,2362.2,20240800
2024-06-03 15:00:00,2385.9,20241000,2385.9,20241000,2363.4,20240800
2024-06-03 16:00:00,2394.0,20241000,2394.0,20241000,2370.0,20240800
2024-06-03 17:00:00,2390.9,20241000,2390.9,20241000,2369.1,20240800
2024-06-03 18:00:00,2391.3,20241000,2391.3,20241000,2368.9,20240800
2024-06-03 19:00:00,2389.4,20241000,2389.4,20241000,2368.1,20240800
2024-06-03 20:00:00,2392.9,20241000,2392.9,20241000,2371.2,20240800
2024-06-03 22:00:00,2393.8,20241000,2393.8,20241000,2371.1,20240800
2024-06-03 23:00:00,2392.9,20241000,2392.9,20241000,2371.2,20240800
2024-06-04 00:00:00,2394.6,20241000,2394.6,20241000,2370.7,20240800
2024-06-04 01:00:00,2388.1,20241000,2388.1,20241000,2367.5,20240800
2024-06-04 02:00:00,2389.6,20241000,2389.6,20241000,2367.4,20240800
2024-06-04 03:00:00,2387.7,20241000,2387.7,20241000,2366.0,20240800
2024-06-04 04:00:00,2392.0,20241000,2392.0,20241000,2369.9,20240800
2024-06-04 05:00:00,2390.4,20241000,2390.4,20241000,2367.8,20240800
2024-06-04 06:00:00,2387.5,20241000,2387.5,20241000,2364.5,20240800
2024-06-04 07:00:00,2382.1,20241000,2382.1,20241000,2359.8,20240800
2024-06-04 08:00:00,2375.5,20241000,2375.5,20241000,2353.3,20240800
2024-06-04 09:00:00,2374.6,20241000,2374.6,20241000,2350.3,20240800
2024-06-04 10:00:00,2373.0,20241000,2373.0,20241000,2349.1,20240800
2024-06-04 11:00:00,2369.0,20241000,2369.0,20241000,2348.0,20240800
2024-06-04 12:00:00,2378.1,20241000,2378.1,20241000,2355.2,20240800
2024-06-04 13:00:00,2364.8,20241000,2364.8,20241000,2344.1,20240800
2024-06-04 14:00:00,2359.7,20241000,2359.7,20241000,2337.4,20240800
2024-06-04 15:00:00,2368.3,20241000,2368.3,20241000,2346.0,20240800
2024-06-04 16:00:00,2367.4,20241000,2367.4,20241000,2344.0,20240800
2024-06-04 17:00:00,2370.3,20241000,2370.3,20241000,2348.7,20240800
2024-06-04 18:00:00,2369.8,20241000,2369.8,20241000,2348.0,20240800
2024-06-04 19:00:00,2369.6,20241000,2369.6,20241000,2347.1,20240800
2024-06-04 20:00:00,2368.7,20241000,2368.7,20241000,2346.4,20240800
2024-06-04 22:00:00,2369.5,20241000,2369.5,20241000,2347.2,20240800
2024-06-04 23:00:00,2368.7,20241000,2368.7,20241000,2346.4,20240800
2024-06-05 00:00:00,2370.0,20241000,2370.0,20241000,2347.8,20240800
2024-06-05 01:00:00,2370.0,20241000,2370.0,20241000,2350.0,20240800
2024-06-05 02:00:00,2373.7,20241000,2373.7,20241000,2353.2,20240800
2024-06-05 03:00:00,2379.0,20241000,2379.0,20241000,2357.3,20240800
2024-06-05 04:00:00,2379.1,20241000,2379.1,20241000,2357.8,20240800
2024-06-05 05:00:00,2379.9,20241000,2379.9,20241000,2357.3,20240800
2024-06-05 06:00:00,2374.1,20241000,2374.1,20241000,2352.4,20240800
2024-06-05 07:00:00,2373.6,20241000,2373.6,20241000,2351.3,20240800
2024-06-05 08:00:00,2375.5,20241000,2375.5,20241000,2352.3,20240800
2024-06-05 09:00:00,2374.7,20241000,2374.7,20241000,2352.0,20240800
2024-06-05 10:00:00,2376.0,20241000,2376.0,20241000,2353.7,20240800
2024-06-05 11:00:00,2373.9,20241000,2373.9,20241000,2352.0,20240800
2024-06-05 12:00:00,2384.1,20241000,2384.1,20241000,2362.0,20240800
2024-06-05 13:00:00,2387.0,20241000,2387.0,20241000,2365.5,20240800
2024-06-05 14:00:00,2390.1,20241000,2390.1,20241000,2368.9,20240800
2024-06-05 15:00:00,2393.7,20241000,2393.7,20241000,2373.7,20240800
2024-06-05 16:00:00,2394.9,20241000,2394.9,20241000,2372.6,20240800
2024-06-05 17:00:00,2397.4,20241000,2397.4,20241000,2375.3,20240800
2024-06-05 18:00:00,2399.5,20241000,2399.5,20241000,2375.9,20240800
2024-06-05 19:00:00,2396.8,20241000,2396.8,20241000,2374.0,20240800
2024-06-05 20:00:00,2397.7,20241000,2397.7,20241000,2375.4,20240800
2024-06-05 22:00:00,2399.2,20241000,2399.2,20241000,2375.8,20240800
2024-06-05 23:00:00,2397.7,20241000,2397.7,20241000,2375.4,20240800
2024-06-06 00:00:00,2396.5,20241000,2396.5,20241000,2374.6,20240800
2024-06-06 01:00:00,2410.0,20241000,2410.0,20241000,2386.7,20240800
2024-06-06 02:00:00,2416.0,20241000,2416.0,20241000,2394.0,20240800
2024-06-06 03:00:00,2410.5,20241000,2410.5,20241000,2387.8,20240800
2024-06-06 04:00:00,2411.0,20241000,2411.0,20241000,2388.5,20240800
2024-06-06 05:00:00,2409.2,20241000,2409.2,20241000,2386.8,20240800
2024-06-06 06:00:00,2409.3,20241000,2409.3,20241000,2386.3,20240800
2024-06-06 07:00:00,2404.3,20241000,2404.3,20241000,2381.9,20240800
2024-06-06 08:00:00,2403.6,20241000,2403.6,20241000,2381.7,20240800
2024-06-06 09:00:00,2402.7,20241000,2402.7,20241000,2380.5,20240800
2024-06-06 10:00:00,2402.2,20241000,2402.2,20241000,2380.1,20240800
2024-06-06 11:00:00,2401.8,20241000,2401.8,20241000,2378.8,20240800
2024-06-06 12:00:00,2397.8,20241000,2397.8,20241000,2376.7,20240800
2024-06-06 13:00:00,2402.0,20241000,2402.0,20241000,2379.4,20240800
2024-06-06 14:00:00,2405.8,20241000,2405.8,20241000,2383.4,20240800
2024-06-06 15:00:00,2417.8,20241000,2417.8,20241000,2393.4,20240800
2024-06-06 16:00:00,2413.5,20241000,2413.5,20241000,2391.7,20240800
2024-06-06 17:00:00,2414.5,20241000,2414.5,20241000,2392.3,20240800
2024-06-06 18:00:00,2415.4,20241000,2415.4,20241000,2391.2,20240800
2024-06-06 19:00:00,2414.1,20241000,2414.1,20241000,2391.9,20240800
2024-06-06 20:00:00,2417.5,20241000,2417.5,20241000,2395.0,20240800
2024-06-06 22:00:00,2418.6,20241000,2418.6,20241000,2395.7,20240800
2024-06-06 23:00:00,2418.6,20241000,2418.6,20241000,2395.5,20240800
2024-06-07 00:00:00,2420.1,20241000,2420.1,20241000,2397.3,20240800
2024-06-07 01:00:00,2412.5,20241000,2412.5,20241000,2390.2,20240800
2024-06-07 02:00:00,2417.8,20241000,2417.8,20241000,2395.8,20240800
2024-06-07 03:00:00,2422.0,20241000,2422.0,20241000,2398.9,20240800
2024-06-07 04:00:00,2427.9,20241000,2427.9,20241000,2405.4,20240800
2024-06-07 05:00:00,2416.9,20241000,2416.9,20241000,2394.8,20240800
2024-06-07 06:00:00,2415.6,20241000,2415.6,20241000,2394.4,20240800
2024-06-07 07:00:00,2415.7,20241000,2415.7,20241000,2392.2,20240800
2024-06-07 08:00:00,2388.3,20241000,2388.3,20241000,2365.7,20240800
2024-06-07 09:00:00,2380.3,20241000,2380.3,20241000,2357.6,20240800
2024-06-07 10:00:00,2374.1,20241000,2374.1,20241000,2351.7,20240800
2024-06-07 11:00:00,2377.0,20241000,2377.0,20241000,2355.1,20240800
2024-06-07 12:00:00,2359.9,20241000,2359.9,20241000,2337.2,20240800
2024-06-07 13:00:00,2350.0,20241000,2350.0,20241000,2327.3,20240800
2024-06-07 14:00:00,2351.9,20241000,2351.9,20241000,2331.6,20240800
2024-06-07 15:00:00,2344.9,20241000,2344.9,20241000,2322.8,20240800
2024-06-07 16:00:00,2352.0,20241000,2352.0,20241000,2329.8,20240800
2024-06-07 17:00:00,2345.3,20241000,2345.3,20241000,2323.4,20240800
2024-06-07 18:00:00,2341.7,20241000,2341.7,20241000,2319.0,20240800
2024-06-07 19:00:00,2327.6,20241000,2327.6,20241000,2305.8,20240800
2024-06-07 20:00:00,2333.6,20241000,2333.6,20241000,2311.3,20240800
2024-06-07 23:00:00,2333.6,20241000,2333.6,20241000,2311.3,20240800
2024-06-09 22:00:00,2337.8,20241000,2337.8,20241000,2314.4,20240800
2024-06-09 23:00:00,2338.0,20241000,2338.0,20241000,2315.7,20240800
2024-06-10 00:00:00,2335.3,20241000,2335.3,20241000,2314.0,20240800
2024-06-10 01:00:00,2336.9,20241000,2336.9,20241000,2314.8,20240800
2024-06-10 02:00:00,2335.9,20241000,2335.9,20241000,2313.3,20240800
2024-06-10 03:00:00,2334.2,20241000,2334.2,20241000,2312.2,20240800
2024-06-10 04:00:00,2332.7,20241000,2332.7,20241000,2311.5,20240800
2024-06-10 05:00:00,2335.4,20241000,2335.4,20241000,2312.6,20240800
2024-06-10 06:00:00,2330.5,20241000,2330.5,20241000,2308.2,20240800
2024-06-10 07:00:00,2336.5,20241000,2336.5,20241000,2313.7,20240800
2024-06-10 08:00:00,2335.1,20241000,2335.1,20241000,2309.8,20240800
2024-06-10 09:00:00,2335.0,20241000,2335.0,20241000,2312.2,20240800
2024-06-10 10:00:00,2337.9,20241000,2337.9,20241000,2315.9,20240800
2024-06-10 11:00:00,2344.5,20241000,2344.5,20241000,2322.6,20240800
2024-06-10 12:00:00,2345.9,20241000,2345.9,20241000,2323.7,20240800
2024-06-10 13:00:00,2344.4,20241000,2344.4,20241000,2323.0,20240800
2024-06-10 14:00:00,2342.8,20241000,2342.8,20241000,2320.0,20240800
2024-06-10 15:00:00,2345.7,20241000,2345.7,20241000,2324.5,20240800
2024-06-10 16:00:00,2352.9,20241000,2352.9,20241000,2330.5,20240800
2024-06-10 17:00:00,2352.1,20241000,2352.1,20241000,2329.4,20240800
2024-06-10 18:00:00,2350.6,20241000,2350.6,20241000,2328.5,20240800
2024-06-10 19:00:00,2349.0,20241000,2349.0,20241000,2326.4,20240800
2024-06-10 20:00:00,2350.4,20241000,2350.4,20241000,2327.9,20240800
2024-06-10 22:00:00,2351.8,20241000,2351.8,20241000,2327.0,20240800
2024-06-10 23:00:00,2350.1,20241000,2350.1,20241000,2327.9,20240800
2024-06-11 00:00:00,2351.4,20241000,2351.4,20241000,2328.1,20240800
2024-06-11 01:00:00,2342.3,20241000,2342.3,20241000,2320.1,20240800
2024-06-11 02:00:00,2341.0,20241000,2341.0,20241000,2319.1,20240800
2024-06-11 03:00:00,2343.2,20241000,2343.2,20241000,2320.7,20240800
2024-06-11 04:00:00,2343.3,20241000,2343.3,20241000,2320.4,20240800
2024-06-11 05:00:00,2339.2,20241000,2339.2,20241000,2316.3,20240800
2024-06-11 06:00:00,2341.9,20241000,2341.9,20241000,2318.9,20240800
2024-06-11 07:00:00,2343.5,20241000,2343.5,20241000,2321.5,20240800
2024-06-11 08:00:00,2346.6,20241000,2346.6,20241000,2322.9,20240800
2024-06-11 09:00:00,2346.3,20241000,2346.3,20241000,2323.2,20240800
2024-06-11 10:00:00,2347.2,20241000,2347.2,20241000,2324.9,20240800
2024-06-11 11:00:00,2347.0,20241000,2347.0,20241000,2324.8,20240800
2024-06-11 12:00:00,2358.2,20241000,2358.2,20241000,2335.0,20240800
2024-06-11 13:00:00,2352.2,20241000,2352.2,20241000,2332.0,20240800
2024-06-11 14:00:00,2356.6,20241000,2356.6,20241000,2331.9,20240800
2024-06-11 15:00:00,2349.9,20241000,2349.9,20241000,2327.2,20240800
2024-06-11 16:00:00,2348.0,20241000,2348.0,20241000,2325.9,20240800
2024-06-11 17:00:00,2352.1,20241000,2352.1,20241000,2330.0,20240800
2024-06-11 18:00:00,2353.3,20241000,2353.3,20241000,2330.8,20240800
2024-06-11 19:00:00,2354.8,20241000,2354.8,20241000,2332.3,20240800
2024-06-11 20:00:00,2356.2,20241000,2356.2,20241000,2333.6,20240800
2024-06-11 22:00:00,2356.5,20241000,2356.5,20241000,2333.7,20240800
2024-06-11 23:00:00,2353.9,20241000,2353.9,20241000,2332.1,20240800
2024-06-12 00:00:00,2353.1,20241000,2353.1,20241000,2330.6,20240800
2024-06-12 01:00:00,2352.5,20241000,2352.5,20241000,2331.4,20240800
2024-06-12 02:00:00,2351.0,20241000,2351.0,20241000,2330.2,20240800
2024-06-12 03:00:00,2353.2,20241000,2353.2,20241000,2330.6,20240800
2024-06-12 04:00:00,2352.7,20241000,2352.7,20241000,2329.5,20240800
2024-06-12 05:00:00,2353.1,20241000,2353.1,20241000,2331.7,20240800
2024-06-12 06:00:00,2354.9,20241000,2354.9,20241000,2331.4,20240800
2024-06-12 07:00:00,2352.2,20241000,2352.2,20241000,2331.1,20240800
2024-06-12 08:00:00,2350.8,20241000,2350.8,20241000,2329.6,20240800
2024-06-12 09:00:00,2352.7,20241000,2352.7,20241000,2330.7,20240800
2024-06-12 10:00:00,2352.8,20241000,2352.8,20241000,2330.0,20240800
2024-06-12 11:00:00,2353.0,20241000,2353.0,20241000,2329.8,20240800
2024-06-12 12:00:00,2376.0,20241000,2376.0,20241000,2353.0,20240800
2024-06-12 13:00:00,2369.1,20241000,2369.1,20241000,2346.8,20240800
2024-06-12 14:00:00,2364.5,20241000,2364.5,20241000,2342.1,20240800
2024-06-12 15:00:00,2374.7,20241000,2374.7,20241000,2352.3,20240800
2024-06-12 16:00:00,2377.7,20241000,2377.7,20241000,2354.8,20240800
2024-06-12 17:00:00,2374.9,20241000,2374.9,20241000,2352.7,20240800
2024-06-12 18:00:00,2363.5,20241000,2363.5,20241000,2339.3,20240800
2024-06-12 19:00:00,2360.3,20241000,2360.3,20241000,2337.6,20240800
2024-06-12 20:00:00,2363.5,20241000,2363.5,20241000,2340.8,20240800
2024-06-12 22:00:00,2361.0,20241000,2361.0,20241000,2337.4,20240800
2024-06-12 23:00:00,2363.5,20241000,2363.5,20241000,2340.8,20240800
2024-06-13 00:00:00,2359.0,20241000,2359.0,20241000,2336.8,20240800
2024-06-13 01:00:00,2349.3,20241000,2349.3,20241000,2328.3,20240800
2024-06-13 02:00:00,2352.5,20241000,2352.5,20241000,2329.6,20240800
2024-06-13 03:00:00,2352.2,20241000,2352.2,20241000,2329.8,20240800
2024-06-13 04:00:00,2349.2,20241000,2349.2,20241000,2327.4,20240800
2024-06-13 05:00:00,2348.0,20241000,2348.0,20241000,2327.0,20240800
2024-06-13 06:00:00,2354.1,20241000,2354.1,20241000,2331.3,20240800
2024-06-13 07:00:00,2355.0,20241000,2355.0,20241000,2332.7,20240800
2024-06-13 08:00:00,2353.9,20241000,2353.9,20241000,2331.2,20240800
2024-06-13 09:00:00,2353.9,20241000,2353.9,20241000,2331.1,20240800
2024-06-13 10:00:00,2356.5,20241000,2356.5,20241000,2332.1,20240800
2024-06-13 11:00:00,2345.6,20241000,2345.6,20241000,2322.3,20240800
2024-06-13 12:00:00,2361.3,20241000,2361.3,20241000,2339.3,20240800
2024-06-13 13:00:00,2347.6,20241000,2347.6,20241000,2326.1,20240800
2024-06-13 14:00:00,2351.3,20241000,2351.3,20241000,2329.4,20240800
2024-06-13 15:00:00,2336.4,20241000,2336.4,20241000,2314.4,20240800
2024-06-13 16:00:00,2336.3,20241000,2336.3,20241000,2314.8,20240800
2024-06-13 17:00:00,2339.0,20241000,2339.0,20241000,2317.0,20240800
2024-06-13 18:00:00,2342.0,20241000,2342.0,20241000,2318.6,20240800
2024-06-13 19:00:00,2341.5,20241000,2341.5,20241000,2318.9,20240800
2024-06-13 20:00:00,2342.0,20241000,2342.0,20241000,2319.7,20240800
2024-06-13 22:00:00,2341.5,20241000,2341.5,20241000,2318.2,20240800
2024-06-13 23:00:00,2342.0,20241000,2342.0,20241000,2319.7,20240800
2024-06-14 00:00:00,2343.0,20241000,2343.0,20241000,2320.0,20240800
2024-06-14 01:00:00,2343.4,20241000,2343.4,20241000,2321.1,20240800
2024-06-14 02:00:00,2345.0,20241000,2345.0,20241000,2321.8,20240800
2024-06-14 03:00:00,2343.0,20241000,2343.0,20241000,2320.5,20240800
2024-06-14 04:00:00,2343.0,20241000,2343.0,20241000,2320.9,20240800
2024-06-14 05:00:00,2347.2,20241000,2347.2,20241000,2324.9,20240800
2024-06-14 06:00:00,2350.3,20241000,2350.3,20241000,2327.4,20240800
2024-06-14 07:00:00,2353.4,20241000,2353.4,20241000,2330.5,20240800
2024-06-14 08:00:00,2356.0,20241000,2356.0,20241000,2332.6,20240800
2024-06-14 09:00:00,2359.6,20241000,2359.6,20241000,2338.2,20240800
2024-06-14 10:00:00,2371.0,20241000,2371.0,20241000,2346.1,20240800
2024-06-14 11:00:00,2370.2,20241000,2370.2,20241000,2347.5,20240800
2024-06-14 12:00:00,2369.2,20241000,2369.2,20241000,2345.9,20240800
2024-06-14 13:00:00,2369.0,20241000,2369.0,20241000,2345.7,20240800
2024-06-14 14:00:00,2368.2,20241000,2368.2,20241000,2345.5,20240800
2024-06-14 15:00:00,2364.6,20241000,2364.6,20241000,2341.8,20240800
2024-06-14 16:00:00,2370.1,20241000,2370.1,20241000,2344.6,20240800
2024-06-14 17:00:00,2372.2,20241000,2372.2,20241000,2349.9,20240800
2024-06-14 18:00:00,2372.5,20241000,2372.5,20241000,2350.5,20240800
2024-06-14 19:00:00,2371.2,20241000,2371.2,20241000,2348.1,20240800
2024-06-14 20:00:00,2371.1,20241000,2371.1,20241000,2348.6,20240800
2024-06-14 23:00:00,2371.1,20241000,2371.1,20241000,2348.6,20240800
2024-06-16 22:00:00,2365.8,20241000,2365.8,20241000,2344.0,20240800
2024-06-16 23:00:00,2367.0,20241000,2367.0,20241000,2343.8,20240800
2024-06-17 00:00:00,2363.7,20241000,2363.7,20241000,2341.4,20240800
2024-06-17 01:00:00,2364.0,20241000,2364.0,20241000,2341.1,20240800
2024-06-17 02:00:00,2360.6,20241000,2360.6,20241000,2337.4,20240800
2024-06-17 03:00:00,2362.4,20241000,2362.4,20241000,2339.4,20240800
2024-06-17 04:00:00,2361.2,20241000,2361.2,20241000,2338.4,20240800
2024-06-17 05:00:00,2355.5,20241000,2355.5,20241000,2333.2,20240800
2024-06-17 06:00:00,2355.6,20241000,2355.6,20241000,2332.2,20240800
2024-06-17 07:00:00,2354.5,20241000,2354.5,20241000,2331.7,20240800
2024-06-17 08:00:00,2358.9,20241000,2358.9,20241000,2336.2,20240800
2024-06-17 09:00:00,2357.0,20241000,2357.0,20241000,2334.6,20240800
2024-06-17 10:00:00,2358.5,20241000,2358.5,20241000,2335.2,20240800
2024-06-17 11:00:00,2355.6,20241000,2355.6,20241000,2332.7,20240800
2024-06-17 12:00:00,2357.3,20241000,2357.3,20241000,2334.5,20240800
2024-06-17 13:00:00,2358.1,20241000,2358.1,20241000,2335.8,20240800
2024-06-17 14:00:00,2360.4,20241000,2360.4,20241000,2339.5,20240800
2024-06-17 15:00:00,2349.4,20241000,2349.4,20241000,2327.1,20240800
2024-06-17 16:00:00,2354.3,20241000,2354.3,20241000,2331.7,20240800
2024-06-17 17:00:00,2354.2,20241000,2354.2,20241000,2331.6,20240800
2024-06-17 18:00:00,2356.6,20241000,2356.6,20241000,2332.7,20240800
2024-06-17 19:00:00,2357.6,20241000,2357.6,20241000,2334.9,20240800
2024-06-17 20:00:00,2356.2,20241000,2356.2,20241000,2333.9,20240800
2024-06-17 22:00:00,2357.9,20241000,2357.9,20241000,2335.7,20240800
2024-06-17 23:00:00,2357.6,20241000,2357.6,20241000,2333.9,20240800
2024-06-18 00:00:00,2362.0,20241000,2362.0,20241000,2339.1,20240800
2024-06-18 01:00:00,2359.6,20241000,2359.6,20241000,2337.2,20240800
2024-06-18 02:00:00,2362.6,20241000,2362.6,20241000,2339.3,20240800
2024-06-18 03:00:00,,20241000,,20241000,2339.2,20240800
2024-06-18 04:00:00,2359.7,20241000,2359.7,20241000,2337.1,20240800
2024-06-18 05:00:00,2358.7,20241000,2358.7,20241000,2336.5,20240800
2024-06-18 06:00:00,2357.5,20241000,2357.5,20241000,2334.6,20240800
2024-06-18 07:00:00,2352.6,20241000,2352.6,20241000,2329.9,20240800
2024-06-18 08:00:00,2348.1,20241000,2348.1,20241000,2325.7,20240800
2024-06-18 09:00:00,2348.7,20241000,2348.7,20241000,2325.5,20240800
2024-06-18 10:00:00,2344.0,20241000,2344.0,20241000,2322.6,20240800
2024-06-18 11:00:00,2350.9,20241000,2350.9,20241000,2328.0,20240800
2024-06-18 12:00:00,2352.1,20241000,2352.1,20241000,2328.4,20240800
2024-06-18 13:00:00,2364.9,20241000,2364.9,20241000,2341.5,20240800
2024-06-18 14:00:00,2360.8,20241000,2360.8,20241000,2338.2,20240800
2024-06-18 15:00:00,2365.3,20241000,2365.3,20241000,2341.7,20240800
2024-06-18 16:00:00,2368.0,20241000,2368.0,20241000,2345.2,20240800
2024-06-18 17:00:00,2367.5,20241000,2367.5,20241000,2344.5,20240800
2024-06-18 18:00:00,2368.7,20241000,2368.7,20241000,2346.1,20240800
2024-06-18 19:00:00,2366.9,20241000,2366.9,20241000,2344.1,20240800
2024-06-18 20:00:00,2366.4,20241000,2366.4,20241000,2344.1,20240800
2024-06-18 22:00:00,2366.5,20241000,2366.5,20241000,2342.9,20240800
2024-06-18 23:00:00,2366.6,20241000,2366.6,20241000,2344.1,20240800
2024-06-19 00:00:00,,20241000,,20241000,2344.0,20240800
2024-06-19 01:00:00,2364.8,20241000,2364.8,20241000,2344.7,20240800
2024-06-19 02:00:00,2367.6,20241000,2367.6,20241000,2344.7,20240800
2024-06-19 03:00:00,2365.6,20241000,2365.6,20241000,2342.9,20240800
2024-06-19 04:00:00,2365.6,20241000,2365.6,20241000,2342.8,20240800
2024-06-19 05:00:00,2365.1,20241000,2365.1,20241000,2344.0,20240800
2024-06-19 06:00:00,2367.5,20241000,2367.5,20241000,2344.9,20240800
2024-06-19 07:00:00,2369.2,20241000,2369.2,20241000,2346.4,20240800
2024-06-19 08:00:00,2369.8,20241000,2369.8,20241000,2347.3,20240800
2024-06-19 09:00:00,2365.3,20241000,2365.3,20241000,2342.9,20240800
2024-06-19 10:00:00,2365.3,20241000,2365.3,20241000,2342.7,20240800
2024-06-19 11:00:00,2367.5,20241000,2367.5,20241000,2344.9,20240800
2024-06-19 12:00:00,2365.2,20241000,2365.2,20241000,2343.1,20240800
2024-06-19 13:00:00,2366.0,20241000,2366.0,20241000,2342.8,20240800
2024-06-19 14:00:00,2363.3,20241000,2363.3,20241000,2340.8,20240800
2024-06-19 15:00:00,2367.0,20241000,2367.0,20241000,2344.3,20240800
2024-06-19 16:00:00,2365.9,20241000,2365.9,20241000,2343.8,20240800
2024-06-19 17:00:00,2367.0,20241000,2367.0,20241000,2344.4,20240800
2024-06-19 18:00:00,,20241000,,20241000,2343.0,20240800
2024-06-19 22:00:00,2366.4,20241000,2366.4,20241000,2344.1,20240800
2024-06-19 23:00:00,2365.9,20241000,2365.9,20241000,2343.0,20240800
2024-06-20 00:00:00,2365.6,20241000,2365.6,20241000,2343.6,20240800
2024-06-20 01:00:00,2374.7,20241000,2374.7,20241000,2349.9,20240800
2024-06-20 02:00:00,2370.0,20241000,2370.0,20241000,2347.3,20240800
2024-06-20 03:00:00,2369.0,20241000,2369.0,20241000,2347.5,20240800
2024-06-20 04:00:00,2377.3,20241000,2377.3,20241000,2354.3,20240800
2024-06-20 05:00:00,2377.6,20241000,2377.6,20241000,2354.0,20240800
2024-06-20 06:00:00,2381.4,20241000,2381.4,20241000,2357.5,20240800
2024-06-20 07:00:00,2375.0,20241000,2375.0,20241000,2352.0,20240800
2024-06-20 08:00:00,2370.8,20241000,2370.8,20241000,2346.9,20240800
2024-06-20 09:00:00,2371.0,20241000,2371.0,20241000,2348.0,20240800
2024-06-20 10:00:00,2375.0,20241000,2375.0,20241000,2352.7,20240800
2024-06-20 11:00:00,2377.2,20241000,2377.2,20241000,2352.9,20240800
2024-06-20 12:00:00,2372.0,20241000,2372.0,20241000,2351.9,20240800
2024-06-20 13:00:00,2385.7,20241000,2385.7,20241000,2363.2,20240800
2024-06-20 14:00:00,2400.2,20241000,2400.2,20241000,2377.9,20240800
2024-06-20 15:00:00,2390.4,20241000,2390.4,20241000,2367.2,20240800
2024-06-20 16:00:00,2392.4,20241000,2392.4,20241000,2369.8,20240800
2024-06-20 17:00:00,2393.8,20241000,2393.8,20241000,2371.1,20240800
2024-06-20 18:00:00,2395.0,20241000,2395.0,20241000,2371.6,20240800
2024-06-20 19:00:00,2394.7,20241000,2394.7,20241000,2372.3,20240800
2024-06-20 20:00:00,2396.0,20241000,2396.0,20241000,2373.6,20240800
2024-06-20 22:00:00,2395.2,20241000,2395.2,20241000,2372.6,20240800
2024-06-20 23:00:00,2396.0,20241000,2396.0,20241000,2374.1,20240800
2024-06-21 00:00:00,2400.0,20241000,2400.0,20241000,2377.6,20240800
2024-06-21 01:00:00,2396.5,20241000,2396.5,20241000,2373.2,20240800
2024-06-21 02:00:00,2395.3,20241000,2395.3,20241000,2372.9,20240800
2024-06-21 03:00:00,2396.7,20241000,2396.7,20241000,2375.7,20240800
2024-06-21 04:00:00,2399.1,20241000,2399.1,20241000,2376.5,20240800
2024-06-21 05:00:00,2401.0,20241000,2401.0,20241000,2378.0,20240800
2024-06-21 06:00:00,2395.2,20241000,2395.2,20241000,2371.9,20240800
2024-06-21 07:00:00,2400.1,20241000,2400.1,20241000,2376.7,20240800
2024-06-21 08:00:00,2401.6,20241000,2401.6,20241000,2379.1,20240800
2024-06-21 09:00:00,2400.1,20241000,2400.1,20241000,2377.6,20240800
2024-06-21 10:00:00,2399.0,20241000,2399.0,20241000,2377.3,20240800
2024-06-21 11:00:00,2403.1,20241000,2403.1,20241000,2380.1,20240800
2024-06-21 12:00:00,2398.0,20241000,2398.0,20241000,2374.3,20240800
2024-06-21 13:00:00,2376.7,20241000,2376.7,20241000,2353.6,20240800
2024-06-21 14:00:00,2366.3,20241000,2366.3,20241000,2343.1,20240800
2024-06-21 15:00:00,2365.0,20241000,2365.0,20241000,2340.9,20240800
2024-06-21 16:00:00,2360.4,20241000,2360.4,20241000,2338.0,20240800
2024-06-21 17:00:00,2354.0,20241000,2354.0,20241000,2332.0,20240800
2024-06-21 18:00:00,2357.1,20241000,2357.1,20241000,2335.1,20240800
2024-06-21 19:00:00,2356.9,20241000,2356.9,20241000,2335.1,20240800
2024-06-21 20:00:00,2356.8,20241000,2356.8,20241000,2334.7,20240800
2024-06-21 23:00:00,2356.8,20241000,2356.8,20241000,2334.7,20240800
2024-06-23 22:00:00,2356.5,20241000,2356.5,20241000,2333.8,20240800
2024-06-23 23:00:00,2352.6,20241000,2352.6,20241000,2331.3,20240800
2024-06-24 00:00:00,2353.9,20241000,2353.9,20241000,2333.1,20240800
2024-06-24 01:00:00,2359.4,20241000,2359.4,20241000,2335.9,20240800
2024-06-24 02:00:00,2360.0,20241000,2360.0,20241000,2337.3,20240800
2024-06-24 03:00:00,2360.4,20241000,2360.4,20241000,2337.9,20240800
2024-06-24 04:00:00,2359.4,20241000,2359.4,20241000,2336.8,20240800
2024-06-24 05:00:00,2358.9,20241000,2358.9,20241000,2337.6,20240800
2024-06-24 06:00:00,2358.7,20241000,2358.7,20241000,2335.6,20240800
2024-06-24 07:00:00,2366.5,20241000,2366.5,20241000,2343.3,20240800
2024-06-24 08:00:00,2366.0,20241000,2366.0,20241000,2343.3,20240800
2024-06-24 09:00:00,2360.4,20241000,2360.4,20241000,2337.3,20240800
2024-06-24 10:00:00,2360.2,20241000,2360.2,20241000,2337.4,20240800
2024-06-24 11:00:00,2362.5,20241000,2362.5,20241000,2338.8,20240800
2024-06-24 12:00:00,2361.5,20241000,2361.5,20241000,2340.0,20240800
2024-06-24 13:00:00,2365.2,20241000,2365.2,20241000,2340.5,20240800
2024-06-24 14:00:00,2365.6,20241000,2365.6,20241000,2343.1,20240800
2024-06-24 15:00:00,2363.0,20241000,2363.0,20241000,2340.2,20240800
2024-06-24 16:00:00,2364.5,20241000,2364.5,20241000,2344.4,20240800
2024-06-24 17:00:00,2366.7,20241000,2366.7,20241000,2344.7,20240800
2024-06-24 18:00:00,2370.1,20241000,2370.1,20241000,2346.5,20240800
2024-06-24 19:00:00,2369.0,20241000,2369.0,20241000,2344.7,20240800
2024-06-24 20:00:00,2369.8,20241000,2369.8,20241000,2347.3,20240800
2024-06-24 22:00:00,2368.0,20241000,2368.0,20241000,2344.2,20240800
2024-06-24 23:00:00,2369.8,20241000,2369.8,20241000,2343.4,20240800
2024-06-25 00:00:00,2365.2,20241000,2365.2,20241000,2342.5,20240800
2024-06-25 01:00:00,2360.9,20241000,2360.9,20241000,2338.3,20240800
2024-06-25 02:00:00,2360.9,20241000,2360.9,20241000,2339.0,20240800
2024-06-25 03:00:00,2360.0,20241000,2360.0,20241000,2336.7,20240800
2024-06-25 04:00:00,2362.4,20241000,2362.4,20241000,2339.3,20240800
2024-06-25 05:00:00,2359.2,20241000,2359.2,20241000,2336.9,20240800
2024-06-25 06:00:00,2362.7,20241000,2362.7,20241000,2339.2,20240800
2024-06-25 07:00:00,2359.8,20241000,2359.8,20241000,2336.8,20240800
2024-06-25 08:00:00,2365.0,20241000,2365.0,20241000,2342.0,20240800
2024-06-25 09:00:00,2367.9,20241000,2367.9,20241000,2345.4,20240800
2024-06-25 10:00:00,2370.2,20241000,2370.2,20241000,2347.8,20240800
2024-06-25 11:00:00,2365.3,20241000,2365.3,20241000,2342.6,20240800
2024-06-25 12:00:00,2360.0,20241000,2360.0,20241000,2336.9,20240800
2024-06-25 13:00:00,2360.1,20241000,2360.1,20241000,2337.8,20240800
2024-06-25 14:00:00,2362.5,20241000,2362.5,20241000,2339.6,20240800
2024-06-25 15:00:00,2359.4,20241000,2359.4,20241000,2336.9,20240800
2024-06-25 16:00:00,2352.3,20241000,2352.3,20241000,2329.9,20240800
2024-06-25 17:00:00,2354.6,20241000,2354.6,20241000,2331.3,20240800
2024-06-25 18:00:00,2353.3,20241000,2353.3,20241000,2331.5,20240800
2024-06-25 19:00:00,2354.6,20241000,2354.6,20241000,2331.8,20240800
2024-06-25 20:00:00,2354.6,20241000,2354.6,20241000,2331.7,20240800
2024-06-25 22:00:00,2354.1,20241000,2354.1,20241000,2332.4,20240800
2024-06-25 23:00:00,2354.5,20241000,2354.5,20241000,2331.8,20240800
2024-06-26 00:00:00,2352.5,20241000,2352.5,20241000,2330.3,20240800
2024-06-26 01:00:00,2347.1,20241000,2347.1,20241000,2324.5,20240800
2024-06-26 02:00:00,2353.6,20241000,2353.6,20241000,2330.8,20240800
2024-06-26 03:00:00,2353.2,20241000,2353.2,20241000,2328.7,20240800
2024-06-26 04:00:00,2351.2,20241000,2351.2,20241000,2328.2,20240800
2024-06-26 05:00:00,2346.8,20241000,2346.8,20241000,2323.7,20240800
2024-06-26 06:00:00,2351.1,20241000,2351.1,20241000,2328.6,20240800
2024-06-26 07:00:00,2348.7,20241000,2348.7,20241000,2327.6,20240800
2024-06-26 08:00:00,2351.0,20241000,2351.0,20241000,2327.3,20240800
2024-06-26 09:00:00,2350.5,20241000,2350.5,20241000,2327.8,20240800
2024-06-26 10:00:00,2342.2,20241000,2342.2,20241000,2319.8,20240800
2024-06-26 11:00:00,2347.2,20241000,2347.2,20241000,2324.7,20240800
2024-06-26 12:00:00,2345.6,20241000,2345.6,20241000,2321.9,20240800
2024-06-26 13:00:00,2330.3,20241000,2330.3,20241000,2307.7,20240800
2024-06-26 14:00:00,2333.4,20241000,2333.4,20241000,2309.0,20240800
2024-06-26 15:00:00,2333.4,20241000,2333.4,20241000,2311.4,20240800
2024-06-26 16:00:00,2333.8,20241000,2333.8,20241000,2311.0,20240800
2024-06-26 17:00:00,2335.9,20241000,2335.9,20241000,2313.3,20240800
2024-06-26 18:00:00,2333.8,20241000,2333.8,20241000,2310.5,20240800
2024-06-26 19:00:00,2333.3,20241000,2333.3,20241000,2310.2,20240800
2024-06-26 20:00:00,2332.0,20241000,2332.0,20241000,2309.6,20240800
2024-06-26 22:00:00,2331.4,20241000,2331.4,20241000,2308.8,20240800
2024-06-26 23:00:00,2331.0,20241000,2331.0,20241000,2309.6,20240800
2024-06-27 00:00:00,2331.5,20241000,2331.5,20241000,2309.7,20240800
2024-06-27 01:00:00,2331.2,20241000,2331.2,20241000,2308.6,20240800
2024-06-27 02:00:00,2333.3,20241000,2333.3,20241000,2310.0,20240800
2024-06-27 03:00:00,2331.9,20241000,2331.9,20241000,2309.5,20240800
2024-06-27 04:00:00,2333.3,20241000,2333.3,20241000,2310.9,20240800
2024-06-27 05:00:00,2330.3,20241000,2330.3,20241000,2307.9,20240800
2024-06-27 06:00:00,2334.9,20241000,2334.9,20241000,2311.7,20240800
2024-06-27 07:00:00,2334.5,20241000,2334.5,20241000,2312.9,20240800
2024-06-27 08:00:00,2340.9,20241000,2340.9,20241000,2318.2,20240800
2024-06-27 09:00:00,2345.6,20241000,2345.6,20241000,2322.8,20240800
2024-06-27 10:00:00,2347.8,20241000,2347.8,20241000,2325.5,20240800
2024-06-27 11:00:00,2350.3,20241000,2350.3,20241000,2327.6,20240800
2024-06-27 12:00:00,2356.6,20241000,2356.6,20241000,2333.7,20240800
2024-06-27 13:00:00,2356.6,20241000,2356.6,20241000,2334.2,20240800
2024-06-27 14:00:00,2362.7,20241000,2362.7,20241000,2339.7,20240800
2024-06-27 15:00:00,2361.0,20241000,2361.0,20241000,2338.4,20240800
2024-06-27 16:00:00,2358.7,20241000,2358.7,20241000,2336.1,20240800
2024-06-27 17:00:00,2359.3,20241000,2359.3,20241000,2336.8,20240800
2024-06-27 18:00:00,2358.9,20241000,2358.9,20241000,2337.0,20240800
2024-06-27 19:00:00,2359.4,20241000,2359.4,20241000,2336.8,20240800
2024-06-27 20:00:00,2360.3,20241000,2360.3,20241000,2338.7,20240800
2024-06-27 22:00:00,2360.2,20241000,2360.2,20241000,2337.3,20240800
2024-06-27 23:00:00,2360.3,20241000,2360.3,20241000,2338.7,20240800
2024-06-28 00:00:00,2355.6,20241000,2355.6,20241000,2332.0,20240800
2024-06-28 01:00:00,2354.0,20241000,2354.0,20241000,2330.9,20240800
2024-06-28 02:00:00,2357.5,20241000,2357.5,20241000,2334.3,20240800
2024-06-28 03:00:00,2354.7,20241000,2354.7,20241000,2332.4,20240800
2024-06-28 04:00:00,2353.7,20241000,2353.7,20241000,2331.9,20240800
2024-06-28 05:00:00,2360.0,20241000,2360.0,20241000,2336.5,20240800
2024-06-28 06:00:00,2359.1,20241000,2359.1,20241000,2338.2,20240800
2024-06-28 07:00:00,2361.6,20241000,2361.6,20241000,2337.9,20240800
2024-06-28 08:00:00,2362.6,20241000,2362.6,20241000,2339.1,20240800
2024-06-28 09:00:00,2362.5,20241000,2362.5,20241000,2340.6,20240800
2024-06-28 10:00:00,2369.1,20241000,2369.1,20241000,2346.2,20240800
2024-06-28 11:00:00,2367.1,20241000,2367.1,20241000,2344.4,20240800
2024-06-28 12:00:00,2369.6,20241000,2369.6,20241000,2346.2,20240800
2024-06-28 13:00:00,2363.2,20241000,2363.2,20241000,2341.4,20240800
2024-06-28 14:00:00,2358.7,20241000,2358.7,20241000,2336.7,20240800
2024-06-28 15:00:00,2361.7,20241000,2361.7,20241000,2339.1,20240800
2024-06-28 16:00:00,2363.6,20241000,2363.6,20241000,2340.4,20240800
2024-06-28 17:00:00,2360.0,20241000,2360.0,20241000,2337.4,20240800
2024-06-28 18:00:00,2359.0,20241000,2359.0,20241000,2336.1,20240800
2024-06-28 19:00:00,2359.2,20241000,2359.2,20241000,2335.4,20240800
2024-06-28 20:00:00,2358.7,20241000,2358.7,20241000,2336.9,20240800
2024-06-28 23:00:00,2358.7,20241000,2358.7,20241000,2336.9,20240800
2024-06-30 22:00:00,2357.6,20241000,2357.6,20241000,2334.7,20240800
2024-06-30 23:00:00,2358.1,20241000,2358.1,20241000,2335.1,20240800
2024-07-01 00:00:00,2357.7,20241000,2357.7,20241000,2335.0,20240800
2024-07-01 01:00:00,2360.3,20241000,2360.3,20241000,2338.0,20240800
2024-07-01 02:00:00,2360.1,20241000,2360.1,20241000,2337.0,20240800
2024-07-01 03:00:00,2358.9,20241000,2358.9,20241000,2335.0,20240800
2024-07-01 04:00:00,2356.3,20241000,2356.3,20241000,2333.6,20240800
2024-07-01 05:00:00,2353.2,20241000,2353.2,20241000,2331.6,20240800
2024-07-01 06:00:00,2358.4,20241000,2358.4,20241000,2336.2,20240800
2024-07-01 07:00:00,2358.1,20241000,2358.1,20241000,2333.6,20240800
2024-07-01 08:00:00,2358.9,20241000,2358.9,20241000,2335.7,20240800
2024-07-01 09:00:00,2360.5,20241000,2360.5,20241000,2337.3,20240800
2024-07-01 10:00:00,2365.1,20241000,2365.1,20241000,2342.8,20240800
2024-07-01 11:00:00,2370.3,20241000,2370.3,20241000,2348.3,20240800
2024-07-01 12:00:00,2360.3,20241000,2360.3,20241000,2337.3,20240800
2024-07-01 13:00:00,2356.0,20241000,2356.0,20241000,2332.1,20240800
2024-07-01 14:00:00,2355.3,20241000,2355.3,20241000,2333.7,20240800
2024-07-01 15:00:00,2361.3,20241000,2361.3,20241000,2337.8,20240800
2024-07-01 16:00:00,2360.8,20241000,2360.8,20241000,2338.3,20240800
2024-07-01 17:00:00,2362.5,20241000,2362.5,20241000,2339.3,20240800
2024-07-01 18:00:00,2363.6,20241000,2363.6,20241000,2339.9,20240800
2024-07-01 19:00:00,2362.9,20241000,2362.9,20241000,2341.0,20240800
2024-07-01 20:00:00,2364.6,20241000,2364.6,20241000,2341.8,20240800
2024-07-01 22:00:00,2365.2,20241000,2365.2,20241000,2341.1,20240800
2024-07-01 23:00:00,2364.9,20241000,2364.9,20241000,2341.8,20240800
2024-07-02 00:00:00,2364.5,20241000,2364.5,20241000,2342.6,20240800
2024-07-02 01:00:00,2364.9,20241000,2364.9,20241000,2343.5,20240800
2024-07-02 02:00:00,2364.1,20241000,2364.1,20241000,2341.6,20240800
2024-07-02 03:00:00,2358.4,20241000,2358.4,20241000,2335.4,20240800
2024-07-02 04:00:00,2360.1,20241000,2360.1,20241000,2336.9,20240800
2024-07-02 05:00:00,2362.7,20241000,2362.7,20241000,2339.1,20240800
2024-07-02 06:00:00,2362.3,20241000,2362.3,20241000,2339.7,20240800
2024-07-02 07:00:00,2362.9,20241000,2362.9,20241000,2340.1,20240800
2024-07-02 08:00:00,2361.7,20241000,2361.7,20241000,2340.5,20240800
2024-07-02 09:00:00,2357.5,20241000,2357.5,20241000,2334.1,20240800
2024-07-02 10:00:00,2357.0,20241000,2357.0,20241000,2333.7,20240800
2024-07-02 11:00:00,2352.9,20241000,2352.9,20241000,2329.6,20240800
2024-07-02 12:00:00,2359.3,20241000,2359.3,20241000,2336.6,20240800
2024-07-02 13:00:00,2367.8,20241000,2367.8,20241000,2343.7,20240800
2024-07-02 14:00:00,2358.6,20241000,2358.6,20241000,2335.5,20240800
2024-07-02 15:00:00,2356.4,20241000,2356.4,20241000,2333.5,20240800
2024-07-02 16:00:00,2355.2,20241000,2355.2,20241000,2331.6,20240800
2024-07-02 17:00:00,2357.0,20241000,2357.0,20241000,2333.5,20240800
2024-07-02 18:00:00,2360.6,20241000,2360.6,20241000,2337.3,20240800
2024-07-02 19:00:00,2362.6,20241000,2362.6,20241000,2339.9,20240800
2024-07-02 20:00:00,2362.1,20241000,2362.1,20241000,2338.7,20240800
2024-07-02 22:00:00,2362.5,20241000,2362.5,20241000,2339.2,20240800
2024-07-02 23:00:00,2362.1,20241000,2362.1,20241000,2338.7,20240800
2024-07-03 00:00:00,2363.2,20241000,2363.2,20241000,2339.5,20240800
2024-07-03 01:00:00,2361.0,20241000,2361.0,20241000,2338.2,20240800
2024-07-03 02:00:00,2360.6,20241000,2360.6,20241000,2338.0,20240800
2024-07-03 03:00:00,2363.7,20241000,2363.7,20241000,2340.8,20240800
2024-07-03 04:00:00,2366.5,20241000,2366.5,20241000,2343.5,20240800
2024-07-03 05:00:00,2365.0,20241000,2365.0,20241000,2342.3,20240800
2024-07-03 06:00:00,2372.8,20241000,2372.8,20241000,2349.5,20240800
2024-07-03 07:00:00,2377.5,20241000,2377.5,20241000,2354.8,20240800
2024-07-03 08:00:00,2377.2,20241000,2377.2,20241000,2353.9,20240800
2024-07-03 09:00:00,2377.9,20241000,2377.9,20241000,2355.7,20240800
2024-07-03 10:00:00,2379.7,20241000,2379.7,20241000,2356.4,20240800
2024-07-03 11:00:00,2378.8,20241000,2378.8,20241000,2354.6,20240800
2024-07-03 12:00:00,2382.6,20241000,2382.6,20241000,2359.6,20240800
2024-07-03 13:00:00,2388.8,20241000,2388.8,20241000,2364.3,20240800
2024-07-03 14:00:00,2395.1,20241000,2395.1,20241000,2371.9,20240800
2024-07-03 15:00:00,2396.0,20241000,2396.0,20241000,2372.6,20240800
2024-07-03 16:00:00,2388.3,20241000,2388.3,20241000,2366.1,20240800
2024-07-03 17:00:00,2389.6,20241000,2389.6,20241000,2366.2,20240800
2024-07-03 18:00:00,2389.5,20241000,2389.5,20241000,2365.7,20240800
2024-07-03 19:00:00,2387.0,20241000,2387.0,20241000,2363.5,20240800
2024-07-03 20:00:00,2388.5,20241000,2388.5,20241000,2365.3,20240800
2024-07-03 22:00:00,2388.8,20241000,2388.8,20241000,2367.1,20240800
2024-07-03 23:00:00,2390.1,20241000,2390.1,20241000,2367.2,20240800
2024-07-04 00:00:00,2390.1,20241000,2390.1,20241000,2367.0,20240800
2024-07-04 01:00:00,2393.3,20241000,2393.3,20241000,2370.5,20240800
2024-07-04 02:00:00,2389.7,20241000,2389.7,20241000,2367.7,20240800
2024-07-04 03:00:00,2390.9,20241000,2390.9,20241000,2366.5,20240800
2024-07-04 04:00:00,2389.4,20241000,2389.4,20241000,2367.0,20240800
2024-07-04 05:00:00,2388.7,20241000,2388.7,20241000,2365.4,20240800
2024-07-04 06:00:00,2388.2,20241000,2388.2,20241000,2364.8,20240800
2024-07-04 07:00:00,2387.9,20241000,2387.9,20241000,2366.0,20240800
2024-07-04 08:00:00,2388.7,20241000,2388.7,20241000,2367.3,20240800
2024-07-04 09:00:00,2389.4,20241000,2389.4,20241000,2366.2,20240800
2024-07-04 10:00:00,2390.6,20241000,2390.6,20241000,2366.4,20240800
2024-07-04 11:00:00,2390.3,20241000,2390.3,20241000,2367.0,20240800
2024-07-04 12:00:00,2389.2,20241000,2389.2,20241000,2366.0,20240800
2024-07-04 13:00:00,2390.5,20241000,2390.5,20241000,2368.1,20240800
2024-07-04 14:00:00,2390.0,20241000,2390.0,20241000,2367.2,20240800
2024-07-04 15:00:00,2388.0,20241000,2388.0,20241000,2365.7,20240800
2024-07-04 16:00:00,2389.0,20241000,2389.0,20241000,2366.8,20240800
2024-07-04 17:00:00,2388.6,20241000,2388.6,20241000,2364.4,20240800
2024-07-04 18:00:00,2388.6,20241000,2388.6,20241000,2365.1,20240800
2024-07-04 22:00:00,2388.2,20241000,2388.2,20241000,2365.3,20240800
2024-07-04 23:00:00,2388.6,20241000,2388.6,20241000,2364.6,20240800
2024-07-05 00:00:00,2390.1,20241000,2390.1,20241000,2367.1,20240800
2024-07-05 01:00:00,2388.6,20241000,2388.6,20241000,2366.5,20240800
2024-07-05 02:00:00,2394.0,20241000,2394.0,20241000,2368.7,20240800
2024-07-05 03:00:00,2392.2,20241000,2392.2,20241000,2370.0,20240800
2024-07-05 04:00:00,2395.0,20241000,2395.0,20241000,2372.1,20240800
2024-07-05 05:00:00,2396.4,20241000,2396.4,20241000,2372.8,20240800
2024-07-05 06:00:00,2395.8,20241000,2395.8,20241000,2372.4,20240800
2024-07-05 07:00:00,2396.7,20241000,2396.7,20241000,2373.3,20240800
2024-07-05 08:00:00,2397.4,20241000,2397.4,20241000,2374.5,20240800
2024-07-05 09:00:00,2396.2,20241000,2396.2,20241000,2370.3,20240800
2024-07-05 10:00:00,2395.6,20241000,2395.6,20241000,2373.0,20240800
2024-07-05 11:00:00,2395.0,20241000,2395.0,20241000,2373.6,20240800
2024-07-05 12:00:00,2403.6,20241000,2403.6,20241000,2380.3,20240800
2024-07-05 13:00:00,2413.0,20241000,2413.0,20241000,2391.5,20240800
2024-07-05 14:00:00,2413.0,20241000,2413.0,20241000,2388.8,20240800
2024-07-05 15:00:00,2415.1,20241000,2415.1,20241000,2392.9,20240800
2024-07-05 16:00:00,2418.6,20241000,2418.6,20241000,2394.7,20240800
2024-07-05 17:00:00,2417.7,20241000,2417.7,20241000,2394.1,20240800
2024-07-05 18:00:00,2423.2,20241000,2423.2,20241000,2399.5,20240800
2024-07-05 19:00:00,2421.4,20241000,2421.4,20241000,2397.3,20240800
2024-07-05 20:00:00,2423.3,20241000,2423.3,20241000,2399.9,20240800
2024-07-05 23:00:00,2423.3,20241000,2423.3,20241000,2399.9,20240800
2024-07-07 22:00:00,2417.1,20241000,2417.1,20241000,2393.5,20240800
2024-07-07 23:00:00,2417.8,20241000,2417.8,20241000,2394.3,20240800
2024-07-08 00:00:00,2419.0,20241000,2419.0,20241000,2394.9,20240800
2024-07-08 01:00:00,2419.8,20241000,2419.8,20241000,2394.8,20240800
2024-07-08 02:00:00,2413.1,20241000,2413.1,20241000,2391.1,20240800
2024-07-08 03:00:00,2413.0,20241000,2413.0,20241000,2391.2,20240800
2024-07-08 04:00:00,2415.7,20241000,2415.7,20241000,2393.2,20240800
2024-07-08 05:00:00,2414.4,20241000,2414.4,20241000,2390.8,20240800
2024-07-08 06:00:00,2408.9,20241000,2408.9,20241000,2385.0,20240800
2024-07-08 07:00:00,2410.5,20241000,2410.5,20241000,2385.9,20240800
2024-07-08 08:00:00,2404.6,20241000,2404.6,20241000,2380.8,20240800
2024-07-08 09:00:00,2400.7,20241000,2400.7,20241000,2377.9,20240800
2024-07-08 10:00:00,2404.1,20241000,2404.1,20241000,2382.1,20240800
2024-07-08 11:00:00,2406.7,20241000,2406.7,20241000,2383.2,20240800
2024-07-08 12:00:00,2403.9,20241000,2403.9,20241000,2380.4,20240800
2024-07-08 13:00:00,2406.8,20241000,2406.8,20241000,2383.4,20240800
2024-07-08 14:00:00,2404.3,20241000,2404.3,20241000,2380.9,20240800
2024-07-08 15:00:00,2386.0,20241000,2386.0,20241000,2362.9,20240800
2024-07-08 16:00:00,2389.3,20241000,2389.3,20241000,2366.3,20240800
2024-07-08 17:00:00,2387.9,20241000,2387.9,20241000,2364.6,20240800
2024-07-08 18:00:00,2387.6,20241000,2387.6,20241000,2364.1,20240800
2024-07-08 19:00:00,2390.7,20241000,2390.7,20241000,2366.7,20240800
2024-07-08 20:00:00,2389.5,20241000,2389.5,20241000,2366.5,20240800
2024-07-08 22:00:00,2390.2,20241000,2390.2,20241000,2367.0,20240800
2024-07-08 23:00:00,2392.5,20241000,2392.5,20241000,2366.5,20240800
2024-07-09 00:00:00,2392.4,20241000,2392.4,20241000,2368.9,20240800
2024-07-09 01:00:00,2393.8,20241000,2393.8,20241000,2370.2,20240800
2024-07-09 02:00:00,2394.4,20241000,2394.4,20241000,2371.0,20240800
2024-07-09 03:00:00,2398.0,20241000,2398.0,20241000,2374.6,20240800
2024-07-09 04:00:00,2398.0,20241000,2398.0,20241000,2373.9,20240800
2024-07-09 05:00:00,2395.6,20241000,2395.6,20241000,2371.4,20240800
2024-07-09 06:00:00,2394.1,20241000,2394.1,20241000,2371.0,20240800
2024-07-09 07:00:00,2389.0,20241000,2389.0,20241000,2365.8,20240800
2024-07-09 08:00:00,2392.3,20241000,2392.3,20241000,2368.6,20240800
2024-07-09 09:00:00,2395.5,20241000,2395.5,20241000,2371.5,20240800
2024-07-09 10:00:00,2394.6,20241000,2394.6,20241000,2370.2,20240800
2024-07-09 11:00:00,2391.0,20241000,2391.0,20241000,2367.7,20240800
2024-07-09 12:00:00,2390.5,20241000,2390.5,20241000,2367.0,20240800
2024-07-09 13:00:00,2398.4,20241000,2398.4,20241000,2374.4,20240800
2024-07-09 14:00:00,2384.8,20241000,2384.8,20241000,2361.5,20240800
2024-07-09 15:00:00,2392.2,20241000,2392.2,20241000,2369.0,20240800
2024-07-09 16:00:00,2387.1,20241000,2387.1,20241000,2364.1,20240800
2024-07-09 17:00:00,2390.8,20241000,2390.8,20241000,2368.6,20240800
2024-07-09 18:00:00,2394.7,20241000,2394.7,20241000,2371.4,20240800
2024-07-09 19:00:00,2393.7,20241000,2393.7,20241000,2370.5,20240800
2024-07-09 20:00:00,2394.3,20241000,2394.3,20241000,2371.1,20240800
2024-07-09 22:00:00,2394.3,20241000,2394.3,20241000,2371.0,20240800
2024-07-09 23:00:00,2394.3,20241000,2394.3,20241000,2371.1,20240800
2024-07-10 00:00:00,2395.3,20241000,2395.3,20241000,2371.2,20240800
2024-07-10 01:00:00,2398.6,20241000,2398.6,20241000,2374.5,20240800
2024-07-10 02:00:00,2400.1,20241000,2400.1,20241000,2375.7,20240800
2024-07-10 03:00:00,2398.0,20241000,2398.0,20241000,2374.5,20240800
2024-07-10 04:00:00,2397.2,20241000,2397.2,20241000,2374.1,20240800
2024-07-10 05:00:00,2398.3,20241000,2398.3,20241000,2374.9,20240800
2024-07-10 06:00:00,2401.6,20241000,2401.6,20241000,2378.3,20240800
2024-07-10 07:00:00,2403.0,20241000,2403.0,20241000,2379.2,20240800
2024-07-10 08:00:00,2402.9,20241000,2402.9,20241000,2379.4,20240800
2024-07-10 09:00:00,2402.2,20241000,2402.2,20241000,2378.5,20240800
2024-07-10 10:00:00,2402.8,20241000,2402.8,20241000,2379.2,20240800
2024-07-10 11:00:00,2408.5,20241000,2408.5,20241000,2385.1,20240800
2024-07-10 12:00:00,2409.0,20241000,2409.0,20241000,2384.4,20240800
2024-07-10 13:00:00,2413.7,20241000,2413.7,20241000,2389.9,20240800
2024-07-10 14:00:00,2405.0,20241000,2405.0,20241000,2381.4,20240800
2024-07-10 15:00:00,2409.1,20241000,2409.1,20241000,2385.4,20240800
2024-07-10 16:00:00,2408.0,20241000,2408.0,20241000,2384.2,20240800
2024-07-10 17:00:00,2402.7,20241000,2402.7,20241000,2379.5,20240800
2024-07-10 18:00:00,2403.0,20241000,2403.0,20241000,2379.1,20240800
2024-07-10 19:00:00,2400.9,20241000,2400.9,20241000,2378.5,20240800
2024-07-10 20:00:00,2401.7,20241000,2401.7,20241000,2377.7,20240800
2024-07-10 22:00:00,2401.8,20241000,2401.8,20241000,2378.5,20240800
2024-07-10 23:00:00,2401.7,20241000,2401.7,20241000,2377.7,20240800
2024-07-11 00:00:00,2402.4,20241000,2402.4,20241000,2380.0,20240800
2024-07-11 01:00:00,2404.8,20241000,2404.8,20241000,2381.3,20240800
2024-07-11 02:00:00,2406.2,20241000,2406.2,20241000,2382.9,20240800
2024-07-11 03:00:00,2407.8,20241000,2407.8,20241000,2383.9,20240800
2024-07-11 04:00:00,2409.9,20241000,2409.9,20241000,2387.3,20240800
2024-07-11 05:00:00,2411.2,20241000,2411.2,20241000,2387.9,20240800
2024-07-11 06:00:00,2407.8,20241000,2407.8,20241000,2386.9,20240800
2024-07-11 07:00:00,2408.6,20241000,2408.6,20241000,2385.1,20240800
2024-07-11 08:00:00,2409.9,20241000,2409.9,20241000,2386.8,20240800
2024-07-11 09:00:00,2411.8,20241000,2411.8,20241000,2389.7,20240800
2024-07-11 10:00:00,2410.1,20241000,2410.1,20241000,2387.8,20240800
2024-07-11 11:00:00,2409.4,20241000,2409.4,20241000,2386.0,20240800
2024-07-11 12:00:00,2435.6,20241000,2435.6,20241000,2411.9,20240800
2024-07-11 13:00:00,2435.5,20241000,2435.5,20241000,2412.3,20240800
2024-07-11 14:00:00,2446.9,20241000,2446.9,20241000,2423.5,20240800
2024-07-11 15:00:00,2448.3,20241000,2448.3,20241000,2423.0,20240800
2024-07-11 16:00:00,2441.0,20241000,2441.0,20241000,2417.4,20240800
2024-07-11 17:00:00,2442.3,20241000,2442.3,20241000,2419.2,20240800
2024-07-11 18:00:00,2445.4,20241000,2445.4,20241000,2422.0,20240800
2024-07-11 19:00:00,2443.4,20241000,2443.4,20241000,2419.9,20240800
2024-07-11 20:00:00,2444.8,20241000,2444.8,20241000,2420.9,20240800
2024-07-11 22:00:00,2442.3,20241000,2442.3,20241000,2419.4,20240800
2024-07-11 23:00:00,2444.8,20241000,2444.8,20241000,2421.5,20240800
2024-07-12 00:00:00,2440.2,20241000,2440.2,20241000,2417.4,20240800
2024-07-12 01:00:00,2436.7,20241000,2436.7,20241000,2413.3,20240800
2024-07-12 02:00:00,2437.9,20241000,2437.9,20241000,2415.0,20240800
2024-07-12 03:00:00,2438.3,20241000,2438.3,20241000,2414.1,20240800
2024-07-12 04:00:00,2437.9,20241000,2437.9,20241000,2414.0,20240800
2024-07-12 05:00:00,2438.6,20241000,2438.6,20241000,2413.2,20240800
2024-07-12 06:00:00,2432.7,20241000,2432.7,20241000,2409.4,20240800
2024-07-12 07:00:00,2433.4,20241000,2433.4,20241000,2409.3,20240800
2024-07-12 08:00:00,2436.1,20241000,2436.1,20241000,2412.7,20240800
2024-07-12 09:00:00,2432.5,20241000,2432.5,20241000,2410.0,20240800
2024-07-12 10:00:00,2429.3,20241000,2429.3,20241000,2405.3,20240800
2024-07-12 11:00:00,2431.0,20241000,2431.0,20241000,2406.9,20240800
2024-07-12 12:00:00,2426.4,20241000,2426.4,20241000,2402.7,20240800
2024-07-12 13:00:00,2433.0,20241000,2433.0,20241000,2409.5,20240800
2024-07-12 14:00:00,2436.7,20241000,2436.7,20241000,2414.0,20240800
2024-07-12 15:00:00,2440.1,20241000,2440.1,20241000,2416.8,20240800
2024-07-12 16:00:00,2445.3,20241000,2445.3,20241000,2421.1,20240800
2024-07-12 17:00:00,2446.6,20241000,2446.6,20241000,2422.8,20240800
2024-07-12 18:00:00,2442.9,20241000,2442.9,20241000,2419.1,20240800
2024-07-12 19:00:00,2441.3,20241000,2441.3,20241000,2417.6,20240800
2024-07-12 20:00:00,2439.6,20241000,2439.6,20241000,2416.1,20240800
2024-07-12 23:00:00,2439.6,20241000,2439.6,20241000,2416.1,20240800
2024-07-14 22:00:00,2436.0,20241000,2436.0,20241000,2412.1,20240800
2024-07-14 23:00:00,2436.7,20241000,2436.7,20241000,2413.3,20240800
2024-07-15 00:00:00,2435.8,20241000,2435.8,20241000,2413.3,20240800
2024-07-15 01:00:00,2438.9,20241000,2438.9,20241000,2415.0,20240800
2024-07-15 02:00:00,2438.0,20241000,2438.0,20241000,2413.9,20240800
2024-07-15 03:00:00,2440.0,20241000,2440.0,20241000,2416.5,20240800
2024-07-15 04:00:00,2440.2,20241000,2440.2,20241000,2416.2,20240800
2024-07-15 05:00:00,2436.6,20241000,2436.6,20241000,2412.9,20240800
2024-07-15 06:00:00,2431.6,20241000,2431.6,20241000,2408.1,20240800
2024-07-15 07:00:00,2435.9,20241000,2435.9,20241000,2412.6,20240800
2024-07-15 08:00:00,2440.4,20241000,2440.4,20241000,2416.7,20240800
2024-07-15 09:00:00,2439.2,20241000,2439.2,20241000,2415.3,20240800
2024-07-15 10:00:00,2443.6,20241000,2443.6,20241000,2419.8,20240800
2024-07-15 11:00:00,2445.9,20241000,2445.9,20241000,2423.1,20240800
2024-07-15 12:00:00,2443.4,20241000,2443.4,20241000,2419.8,20240800
2024-07-15 13:00:00,2447.4,20241000,2447.4,20241000,2423.8,20240800
2024-07-15 14:00:00,2460.0,20241000,2460.0,20241000,2436.5,20240800
2024-07-15 15:00:00,2462.2,20241000,2462.2,20241000,2438.3,20240800
2024-07-15 16:00:00,2459.3,20241000,2459.3,20241000,2435.3,20240800
2024-07-15 17:00:00,2451.5,20241000,2451.5,20241000,2426.3,20240800
2024-07-15 18:00:00,2451.5,20241000,2451.5,20241000,2427.0,20240800
2024-07-15 19:00:00,2450.0,20241000,2450.0,20241000,2426.0,20240800
2024-07-15 20:00:00,2451.0,20241000,2451.0,20241000,2427.2,20240800
2024-07-15 22:00:00,2449.7,20241000,2449.7,20241000,2425.7,20240800
2024-07-15 23:00:00,2451.0,20241000,2451.0,20241000,2427.2,20240800
2024-07-16 00:00:00,2449.4,20241000,2449.4,20241000,2425.8,20240800
2024-07-16 01:00:00,2455.6,20241000,2455.6,20241000,2431.9,20240800
2024-07-16 02:00:00,2458.9,20241000,2458.9,20241000,2435.0,20240800
2024-07-16 03:00:00,2456.9,20241000,2456.9,20241000,2433.5,20240800
2024-07-16 04:00:00,2457.7,20241000,2457.7,20241000,2433.9,20240800
2024-07-16 05:00:00,2459.9,20241000,2459.9,20241000,2436.5,20240800
2024-07-16 06:00:00,2462.3,20241000,2462.3,20241000,2438.3,20240800
2024-07-16 07:00:00,2465.4,20241000,2465.4,20241000,2441.5,20240800
2024-07-16 08:00:00,2464.9,20241000,2464.9,20241000,2441.5,20240800
2024-07-16 09:00:00,2471.0,20241000,2471.0,20241000,2447.0,20240800
2024-07-16 10:00:00,2470.0,20241000,2470.0,20241000,2444.8,20240800
2024-07-16 11:00:00,2468.6,20241000,2468.6,20241000,2444.2,20240800
2024-07-16 12:00:00,2461.0,20241000,2461.0,20241000,2437.2,20240800
2024-07-16 13:00:00,2471.8,20241000,2471.8,20241000,2447.5,20240800
2024-07-16 14:00:00,2480.9,20241000,2480.9,20241000,2456.9,20240800
2024-07-16 15:00:00,2493.8,20241000,2493.8,20241000,2468.1,20240800
2024-07-16 16:00:00,2489.0,20241000,2489.0,20241000,2463.8,20240800
2024-07-16 17:00:00,2493.7,20241000,2493.7,20241000,2469.5,20240800
2024-07-16 18:00:00,2494.2,20241000,2494.2,20241000,2470.2,20240800
2024-07-16 19:00:00,2497.0,20241000,2497.0,20241000,2473.3,20240800
2024-07-16 20:00:00,2497.7,20241000,2497.7,20241000,2473.8,20240800
2024-07-16 22:00:00,2497.5,20241000,2497.5,20241000,2473.7,20240800
2024-07-16 23:00:00,2497.7,20241000,2497.7,20241000,2473.8,20240800
2024-07-17 00:00:00,2498.4,20241000,2498.4,20241000,2473.4,20240800
2024-07-17 01:00:00,2508.4,20241000,2508.4,20241000,2484.4,20240800
2024-07-17 02:00:00,2503.8,20241000,2503.8,20241000,2479.8,20240800
2024-07-17 03:00:00,2501.6,20241000,2501.6,20241000,2476.7,20240800
2024-07-17 04:00:00,2497.0,20241000,2497.0,20241000,2472.5,20240800
2024-07-17 05:00:00,2496.1,20241000,2496.1,20241000,2470.4,20240800
2024-07-17 06:00:00,2495.5,20241000,2495.5,20241000,2471.4,20240800
2024-07-17 07:00:00,2503.0,20241000,2503.0,20241000,2479.1,20240800
2024-07-17 08:00:00,2504.0,20241000,2504.0,20241000,2479.5,20240800
2024-07-17 09:00:00,2503.6,20241000,2503.6,20241000,2479.5,20240800
2024-07-17 10:00:00,2497.1,20241000,2497.1,20241000,2472.4,20240800
2024-07-17 11:00:00,2499.3,20241000,2499.3,20241000,2474.7,20240800
2024-07-17 12:00:00,2501.9,20241000,2501.9,20241000,2478.1,20240800
2024-07-17 13:00:00,2511.9,20241000,2511.9,20241000,2487.8,20240800
2024-07-17 14:00:00,2492.8,20241000,2492.8,20241000,2468.0,20240800
2024-07-17 15:00:00,2491.5,20241000,2491.5,20241000,2468.2,20240800
2024-07-17 16:00:00,2485.0,20241000,2485.0,20241000,2459.9,20240800
2024-07-17 17:00:00,2480.8,20241000,2480.8,20241000,2456.7,20240800
2024-07-17 18:00:00,2486.5,20241000,2486.5,20241000,2462.0,20240800
2024-07-17 19:00:00,2487.9,20241000,2487.9,20241000,2462.3,20240800
2024-07-17 20:00:00,2487.1,20241000,2487.1,20241000,2462.8,20240800
2024-07-17 22:00:00,2486.0,20241000,2486.0,20241000,2462.6,20240800
2024-07-17 23:00:00,2487.1,20241000,2487.1,20241000,2462.8,20240800
2024-07-18 00:00:00,2486.5,20241000,2486.5,20241000,2462.4,20240800
2024-07-18 01:00:00,2515.7,20241200,2515.7,20241200,2490.2,20241000
2024-07-18 02:00:00,2518.8,20241200,2518.8,20241200,2493.7,20241000
2024-07-18 03:00:00,2520.9,20241200,2520.9,20241200,2496.4,20241000
2024-07-18 04:00:00,2518.0,20241200,2518.0,20241200,2493.7,20241000
2024-07-18 05:00:00,2519.6,20241200,2519.6,20241200,2494.6,20241000
2024-07-18 06:00:00,2523.8,20241200,2523.8,20241200,2499.4,20241000
2024-07-18 07:00:00,2524.5,20241200,2524.5,20241200,2500.6,20241000
2024-07-18 08:00:00,2519.2,20241200,2519.2,20241200,2494.0,20241000
2024-07-18 09:00:00,2518.1,20241200,2518.1,20241200,2493.6,20241000
2024-07-18 10:00:00,2517.2,20241200,2517.2,20241200,2491.9,20241000
2024-07-18 11:00:00,2517.2,20241200,2517.2,20241200,2493.7,20241000
2024-07-18 12:00:00,2516.4,20241200,2516.4,20241200,2492.2,20241000
2024-07-18 13:00:00,2517.4,20241200,2517.4,20241200,2492.0,20241000
2024-07-18 14:00:00,2520.8,20241200,2520.8,20241200,2496.1,20241000
2024-07-18 15:00:00,2513.6,20241200,2513.6,20241200,2489.2,20241000
2024-07-18 16:00:00,2508.3,20241200,2508.3,20241200,2483.8,20241000
2024-07-18 17:00:00,2508.1,20241200,2508.1,20241200,2483.5,20241000
2024-07-18 18:00:00,2502.6,20241200,2502.6,20241200,2479.1,20241000
2024-07-18 19:00:00,2494.0,20241200,2494.0,20241200,2469.9,20241000
2024-07-18 20:00:00,2496.1,20241200,2496.1,20241200,2471.6,20241000
2024-07-18 22:00:00,2495.4,20241200,2495.4,20241200,2471.1,20241000
2024-07-18 23:00:00,2496.1,20241200,2496.1,20241200,2471.6,20241000
2024-07-19 00:00:00,2485.2,20241200,2485.2,20241200,2461.3,20241000
2024-07-19 01:00:00,2477.0,20241200,2477.0,20241200,2452.6,20241000
2024-07-19 02:00:00,2479.5,20241200,2479.5,20241200,2454.9,20241000
2024-07-19 03:00:00,2480.0,20241200,2480.0,20241200,2455.5,20241000
2024-07-19 04:00:00,2476.2,20241200,2476.2,20241200,2451.7,20241000
2024-07-19 05:00:00,2474.4,20241200,2474.4,20241200,2450.0,20241000
2024-07-19 06:00:00,2470.9,20241200,2470.9,20241200,2446.3,20241000
2024-07-19 07:00:00,2468.5,20241200,2468.5,20241200,2443.7,20241000
2024-07-19 08:00:00,2471.7,20241200,2471.7,20241200,2446.4,20241000
2024-07-19 09:00:00,2466.3,20241200,2466.3,20241200,2441.5,20241000
2024-07-19 10:00:00,2463.4,20241200,2463.4,20241200,2437.5,20241000
2024-07-19 11:00:00,2459.9,20241200,2459.9,20241200,2435.5,20241000
2024-07-19 12:00:00,2453.6,20241200,2453.6,20241200,2429.8,20241000
2024-07-19 13:00:00,2451.3,20241200,2451.3,20241200,2429.7,20241000
2024-07-19 14:00:00,2447.4,20241200,2447.4,20241200,2423.2,20241000
2024-07-19 15:00:00,2454.4,20241200,2454.4,20241200,2431.2,20241000
2024-07-19 16:00:00,2449.7,20241200,2449.7,20241200,2425.4,20241000
2024-07-19 17:00:00,2448.6,20241200,2448.6,20241200,2424.7,20241000
2024-07-19 18:00:00,2447.4,20241200,2447.4,20241200,2424.2,20241000
2024-07-19 19:00:00,2447.7,20241200,2447.7,20241200,2424.0,20241000
2024-07-19 20:00:00,2450.2,20241200,2450.2,20241200,2426.2,20241000
2024-07-19 23:00:00,2450.2,20241200,2450.2,20241200,2426.2,20241000
2024-07-21 22:00:00,2460.7,20241200,2460.7,20241200,2436.8,20241000
2024-07-21 23:00:00,2461.0,20241200,2461.0,20241200,2437.2,20241000
2024-07-22 00:00:00,2457.5,20241200,2457.5,20241200,2433.2,20241000
2024-07-22 01:00:00,2457.1,20241200,2457.1,20241200,2433.6,20241000
2024-07-22 02:00:00,2457.3,20241200,2457.3,20241200,2433.1,20241000
2024-07-22 03:00:00,2456.1,20241200,2456.1,20241200,2432.3,20241000
2024-07-22 04:00:00,2455.6,20241200,2455.6,20241200,2430.5,20241000
2024-07-22 05:00:00,2452.5,20241200,2452.5,20241200,2428.5,20241000
2024-07-22 06:00:00,2451.9,20241200,2451.9,20241200,2427.7,20241000
2024-07-22 07:00:00,2451.3,20241200,2451.3,20241200,2427.8,20241000
2024-07-22 08:00:00,2450.0,20241200,2450.0,20241200,2426.3,20241000
2024-07-22 09:00:00,2454.0,20241200,2454.0,20241200,2430.4,20241000
2024-07-22 10:00:00,2456.1,20241200,2456.1,20241200,2431.7,20241000
2024-07-22 11:00:00,2448.1,20241200,2448.1,20241200,2423.6,20241000
2024-07-22 12:00:00,2443.2,20241200,2443.2,20241200,2419.5,20241000
2024-07-22 13:00:00,2442.1,20241200,2442.1,20241200,2416.5,20241000
2024-07-22 14:00:00,2437.4,20241200,2437.4,20241200,2412.1,20241000
2024-07-22 15:00:00,2434.9,20241200,2434.9,20241200,2411.3,20241000
2024-07-22 16:00:00,2441.6,20241200,2441.6,20241200,2417.6,20241000
2024-07-22 17:00:00,2442.6,20241200,2442.6,20241200,2418.9,20241000
2024-07-22 18:00:00,2444.7,20241200,2444.7,20241200,2420.7,20241000
2024-07-22 19:00:00,2448.2,20241200,2448.2,20241200,2424.2,20241000
2024-07-22 20:00:00,2445.5,20241200,2445.5,20241200,2421.6,20241000
2024-07-22 22:00:00,2443.9,20241200,2443.9,20241200,2420.2,20241000
2024-07-22 23:00:00,2445.5,20241200,2445.5,20241200,2421.6,20241000
2024-07-23 00:00:00,2448.6,20241200,2448.6,20241200,2425.0,20241000
2024-07-23 01:00:00,2450.0,20241200,2450.0,20241200,2426.1,20241000
2024-07-23 02:00:00,2448.7,20241200,2448.7,20241200,2424.7,20241000
2024-07-23 03:00:00,2446.8,20241200,2446.8,20241200,2423.2,20241000
2024-07-23 04:00:00,2445.4,20241200,2445.4,20241200,2421.6,20241000
2024-07-23 05:00:00,2441.3,20241200,2441.3,20241200,2417.7,20241000
2024-07-23 06:00:00,2438.8,20241200,2438.8,20241200,2414.9,20241000
2024-07-23 07:00:00,2446.7,20241200,2446.7,20241200,2422.7,20241000
2024-07-23 08:00:00,2452.9,20241200,2452.9,20241200,2428.7,20241000
2024-07-23 09:00:00,2456.2,20241200,2456.2,20241200,2432.5,20241000
2024-07-23 10:00:00,2456.1,20241200,2456.1,20241200,2432.8,20241000
2024-07-23 11:00:00,2456.7,20241200,2456.7,20241200,2433.3,20241000
2024-07-23 12:00:00,2455.2,20241200,2455.2,20241200,2431.2,20241000
2024-07-23 13:00:00,2451.0,20241200,2451.0,20241200,2426.8,20241000
2024-07-23 14:00:00,2451.9,20241200,2451.9,20241200,2427.8,20241000
2024-07-23 15:00:00,2454.4,20241200,2454.4,20241200,2430.8,20241000
2024-07-23 16:00:00,2454.3,20241200,2454.3,20241200,2429.9,20241000
2024-07-23 17:00:00,2453.8,20241200,2453.8,20241200,2429.6,20241000
2024-07-23 18:00:00,2454.4,20241200,2454.4,20241200,2430.3,20241000
2024-07-23 19:00:00,2456.3,20241200,2456.3,20241200,2433.2,20241000
2024-07-23 20:00:00,2458.3,20241200,2458.3,20241200,2434.5,20241000
2024-07-23 22:00:00,2458.3,20241200,2458.3,20241200,2434.0,20241000
2024-07-23 23:00:00,2457.3,20241200,2457.3,20241200,2433.5,20241000
2024-07-24 00:00:00,2456.9,20241200,2456.9,20241200,2432.9,20241000
2024-07-24 01:00:00,2456.9,20241200,2456.9,20241200,2432.6,20241000
2024-07-24 02:00:00,2463.2,20241200,2463.2,20241200,2439.2,20241000
2024-07-24 03:00:00,2465.4,20241200,2465.4,20241200,2441.2,20241000
2024-07-24 04:00:00,2466.8,20241200,2466.8,20241200,2442.7,20241000
2024-07-24 05:00:00,2464.8,20241200,2464.8,20241200,2440.9,20241000
2024-07-24 06:00:00,2466.4,20241200,2466.4,20241200,2442.1,20241000
2024-07-24 07:00:00,2463.3,20241200,2463.3,20241200,2439.1,20241000
2024-07-24 08:00:00,2460.1,20241200,2460.1,20241200,2436.5,20241000
2024-07-24 09:00:00,2461.8,20241200,2461.8,20241200,2437.6,20241000
2024-07-24 10:00:00,2462.8,20241200,2462.8,20241200,2439.0,20241000
2024-07-24 11:00:00,2466.6,20241200,2466.6,20241200,2442.3,20241000
2024-07-24 12:00:00,2470.8,20241200,2470.8,20241200,2446.6,20241000
2024-07-24 13:00:00,2470.8,20241200,2470.8,20241200,2446.1,20241000
2024-07-24 14:00:00,2479.5,20241200,2479.5,20241200,2454.9,20241000
2024-07-24 15:00:00,2473.9,20241200,2473.9,20241200,2449.3,20241000
2024-07-24 16:00:00,2467.9,20241200,2467.9,20241200,2443.4,20241000
2024-07-24 17:00:00,2457.6,20241200,2457.6,20241200,2433.5,20241000
2024-07-24 18:00:00,2456.8,20241200,2456.8,20241200,2433.1,20241000
2024-07-24 19:00:00,2447.1,20241200,2447.1,20241200,2423.1,20241000
2024-07-24 20:00:00,2445.5,20241200,2445.5,20241200,2422.3,20241000
2024-07-24 22:00:00,2445.3,20241200,2445.3,20241200,2421.3,20241000
2024-07-24 23:00:00,2445.9,20241200,2445.9,20241200,2422.3,20241000
2024-07-25 00:00:00,2444.8,20241200,2444.8,20241200,2420.9,20241000
2024-07-25 01:00:00,2422.9,20241200,2422.9,20241200,2398.7,20241000
2024-07-25 02:00:00,2419.1,20241200,2419.1,20241200,2395.4,20241000
2024-07-25 03:00:00,2420.9,20241200,2420.9,20241200,2397.6,20241000
2024-07-25 04:00:00,2424.2,20241200,2424.2,20241200,2400.1,20241000
2024-07-25 05:00:00,2422.6,20241200,2422.6,20241200,2399.0,20241000
2024-07-25 06:00:00,2418.7,20241200,2418.7,20241200,2394.8,20241000
2024-07-25 07:00:00,2420.6,20241200,2420.6,20241200,2396.8,20241000
2024-07-25 08:00:00,2421.6,20241200,2421.6,20241200,2398.2,20241000
2024-07-25 09:00:00,2420.1,20241200,2420.1,20241200,2396.6,20241000
2024-07-25 10:00:00,2427.6,20241200,2427.6,20241200,2404.3,20241000
2024-07-25 11:00:00,2414.4,20241200,2414.4,20241200,2390.7,20241000
2024-07-25 12:00:00,2417.5,20241200,2417.5,20241200,2394.0,20241000
2024-07-25 13:00:00,2410.9,20241200,2410.9,20241200,2387.9,20241000
2024-07-25 14:00:00,2412.7,20241200,2412.7,20241200,2389.7,20241000
2024-07-25 15:00:00,2409.6,20241200,2409.6,20241200,2386.4,20241000
2024-07-25 16:00:00,2408.9,20241200,2408.9,20241200,2385.5,20241000
2024-07-25 17:00:00,2401.4,20241200,2401.4,20241200,2378.3,20241000
2024-07-25 18:00:00,2403.0,20241200,2403.0,20241200,2380.2,20241000
2024-07-25 19:00:00,2407.8,20241200,2407.8,20241200,2384.4,20241000
2024-07-25 20:00:00,2409.5,20241200,2409.5,20241200,2387.5,20241000
2024-07-25 22:00:00,2408.5,20241200,2408.5,20241200,2385.0,20241000
2024-07-25 23:00:00,2409.1,20241200,2409.1,20241200,2385.8,20241000
2024-07-26 00:00:00,2408.0,20241200,2408.0,20241200,2385.0,20241000
2024-07-26 01:00:00,2418.5,20241200,2418.5,20241200,2395.1,20241000
2024-07-26 02:00:00,2419.7,20241200,2419.7,20241200,2395.7,20241000
2024-07-26 03:00:00,2417.1,20241200,2417.1,20241200,2393.2,20241000
2024-07-26 04:00:00,2415.1,20241200,2415.1,20241200,2391.5,20241000
2024-07-26 05:00:00,2419.8,20241200,2419.8,20241200,2396.6,20241000
2024-07-26 06:00:00,2415.7,20241200,2415.7,20241200,2391.6,20241000
2024-07-26 07:00:00,2417.4,20241200,2417.4,20241200,2394.0,20241000
2024-07-26 08:00:00,2418.9,20241200,2418.9,20241200,2395.0,20241000
2024-07-26 09:00:00,2419.2,20241200,2419.2,20241200,2396.0,20241000
2024-07-26 10:00:00,2418.1,20241200,2418.1,20241200,2395.0,20241000
2024-07-26 11:00:00,2418.6,20241200,2418.6,20241200,2395.1,20241000
2024-07-26 12:00:00,2423.1,20241200,2423.1,20241200,2400.2,20241000
2024-07-26 13:00:00,2427.8,20241200,2427.8,20241200,2406.0,20241000
2024-07-26 14:00:00,2427.8,20241200,2427.8,20241200,2404.6,20241000
2024-07-26 15:00:00,2431.5,20241200,2431.5,20241200,2408.2,20241000
2024-07-26 16:00:00,2435.5,20241200,2435.5,20241200,2411.6,20241000
2024-07-26 17:00:00,2429.1,20241200,2429.1,20241200,2405.9,20241000
2024-07-26 18:00:00,2430.6,20241200,2430.6,20241200,2407.0,20241000
2024-07-26 19:00:00,2432.5,20241200,2432.5,20241200,2409.0,20241000
2024-07-26 20:00:00,2432.8,20241200,2432.8,20241200,2410.2,20241000
2024-07-26 23:00:00,2432.8,20241200,2432.8,20241200,2410.2,20241000
2024-07-28 22:00:00,2441.7,20241200,2441.7,20241200,2418.1,20241000
2024-07-28 23:00:00,2443.1,20241200,2443.1,20241200,2418.9,20241000
2024-07-29 00:00:00,2445.9,20241200,2445.9,20241200,2422.4,20241000
2024-07-29 01:00:00,2438.8,20241200,2438.8,20241200,2415.1,20241000
2024-07-29 02:00:00,2439.4,20241200,2439.4,20241200,2415.2,20241000
2024-07-29 03:00:00,2440.5,20241200,2440.5,20241200,2417.0,20241000
2024-07-29 04:00:00,2440.2,20241200,2440.2,20241200,2417.0,20241000
2024-07-29 05:00:00,2438.1,20241200,2438.1,20241200,2414.7,20241000
2024-07-29 06:00:00,2437.1,20241200,2437.1,20241200,2414.1,20241000
2024-07-29 07:00:00,2436.8,20241200,2436.8,20241200,2414.2,20241000
2024-07-29 08:00:00,2435.8,20241200,2435.8,20241200,2412.8,20241000
2024-07-29 09:00:00,2438.0,20241200,2438.0,20241200,2414.6,20241000
2024-07-29 10:00:00,2437.9,20241200,2437.9,20241200,2414.4,20241000
2024-07-29 11:00:00,2432.9,20241200,2432.9,20241200,2410.2,20241000
2024-07-29 12:00:00,2439.5,20241200,2439.5,20241200,2416.3,20241000
2024-07-29 13:00:00,2437.4,20241200,2437.4,20241200,2413.9,20241000
2024-07-29 14:00:00,2426.9,20241200,2426.9,20241200,2403.2,20241000
2024-07-29 15:00:00,2422.0,20241200,2422.0,20241200,2398.5,20241000
2024-07-29 16:00:00,2423.2,20241200,2423.2,20241200,2399.3,20241000
2024-07-29 17:00:00,2423.2,20241200,2423.2,20241200,2399.8,20241000
2024-07-29 18:00:00,2424.9,20241200,2424.9,20241200,2401.1,20241000
2024-07-29 19:00:00,2428.3,20241200,2428.3,20241200,2404.5,20241000
2024-07-29 20:00:00,2429.6,20241200,2429.6,20241200,2405.1,20241000
2024-07-29 22:00:00,2429.0,20241200,2429.0,20241200,2405.2,20241000
2024-07-29 23:00:00,2429.6,20241200,2429.6,20241200,2405.1,20241000
2024-07-30 00:00:00,2427.0,20241200,2427.0,20241200,2403.1,20241000
2024-07-30 01:00:00,2424.6,20241200,2424.6,20241200,2401.1,20241000
2024-07-30 02:00:00,2426.9,20241200,2426.9,20241200,2402.8,20241000
2024-07-30 03:00:00,2430.4,20241200,2430.4,20241200,2406.8,20241000
2024-07-30 04:00:00,2431.0,20241200,2431.0,20241200,2407.6,20241000
2024-07-30 05:00:00,2433.4,20241200,2433.4,20241200,2409.7,20241000
2024-07-30 06:00:00,2435.1,20241200,2435.1,20241200,2411.7,20241000
2024-07-30 07:00:00,2435.2,20241200,2435.2,20241200,2411.3,20241000
2024-07-30 08:00:00,2434.3,20241200,2434.3,20241200,2410.0,20241000
2024-07-30 09:00:00,2433.9,20241200,2433.9,20241200,2410.0,20241000
2024-07-30 10:00:00,2436.6,20241200,2436.6,20241200,2413.0,20241000
2024-07-30 11:00:00,2432.0,20241200,2432.0,20241200,2407.9,20241000
2024-07-30 12:00:00,2431.5,20241200,2431.5,20241200,2407.5,20241000
2024-07-30 13:00:00,2439.4,20241200,2439.4,20241200,2415.5,20241000
2024-07-30 14:00:00,2436.6,20241200,2436.6,20241200,2413.2,20241000
2024-07-30 15:00:00,2430.0,20241200,2430.0,20241200,2406.6,20241000
2024-07-30 16:00:00,2445.1,20241200,2445.1,20241200,2422.0,20241000
2024-07-30 17:00:00,2451.0,20241200,2451.0,20241200,2427.2,20241000
2024-07-30 18:00:00,2449.9,20241200,2449.9,20241200,2425.8,20241000
2024-07-30 19:00:00,2452.2,20241200,2452.2,20241200,2428.8,20241000
2024-07-30 20:00:00,2455.7,20241200,2455.7,20241200,2432.5,20241000
2024-07-30 22:00:00,2454.4,20241200,2454.4,20241200,2430.8,20241000
2024-07-30 23:00:00,2455.1,20241200,2455.1,20241200,2431.2,20241000
2024-07-31 00:00:00,2454.3,20241200,2454.3,20241200,2430.7,20241000
2024-07-31 01:00:00,2454.2,20241200,2454.2,20241200,2430.7,20241000
2024-07-31 02:00:00,2452.8,20241200,2452.8,20241200,2428.9,20241000
2024-07-31 03:00:00,2461.6,20241200,2461.6,20241200,2437.7,20241000
2024-07-31 04:00:00,2465.9,20241200,2465.9,20241200,2442.6,20241000
2024-07-31 05:00:00,2462.7,20241200,2462.7,20241200,2439.5,20241000
2024-07-31 06:00:00,2466.3,20241200,2466.3,20241200,2442.5,20241000
2024-07-31 07:00:00,2462.3,20241200,2462.3,20241200,2438.6,20241000
2024-07-31 08:00:00,2466.5,20241200,2466.5,20241200,2442.8,20241000
2024-07-31 09:00:00,2465.9,20241200,2465.9,20241200,2442.2,20241000
2024-07-31 10:00:00,2463.2,20241200,2463.2,20241200,2439.2,20241000
2024-07-31 11:00:00,2464.3,20241200,2464.3,20241200,2440.9,20241000
2024-07-31 12:00:00,2465.1,20241200,2465.1,20241200,2442.2,20241000
2024-07-31 13:00:00,2471.1,20241200,2471.1,20241200,2448.1,20241000
2024-07-31 14:00:00,2467.5,20241200,2467.5,20241200,2443.8,20241000
2024-07-31 15:00:00,2467.9,20241200,2467.9,20241200,2444.3,20241000
2024-07-31 16:00:00,2472.0,20241200,2472.0,20241200,2448.2,20241000
2024-07-31 17:00:00,2472.9,20241200,2472.9,20241200,2449.0,20241000
2024-07-31 18:00:00,2478.9,20241200,2478.9,20241200,2454.7,20241000
2024-07-31 19:00:00,2495.3,20241200,2495.3,20241200,2472.0,20241000
2024-07-31 20:00:00,2493.0,20241200,2493.0,20241200,2469.9,20241000
2024-07-31 22:00:00,2492.4,20241200,2492.4,20241200,2468.4,20241000
2024-07-31 23:00:00,2490.6,20241200,2490.6,20241200,2466.7,20241000
2024-08-01 00:00:00,2492.3,20241200,2492.3,20241200,2468.4,20241000
2024-08-01 01:00:00,2495.4,20241200,2495.4,20241200,2471.6,20241000
2024-08-01 02:00:00,2485.5,20241200,2485.5,20241200,2461.4,20241000
2024-08-01 03:00:00,2486.9,20241200,2486.9,20241200,2462.9,20241000
2024-08-01 04:00:00,2488.3,20241200,2488.3,20241200,2464.2,20241000
2024-08-01 05:00:00,2490.9,20241200,2490.9,20241200,2467.1,20241000
2024-08-01 06:00:00,2489.1,20241200,2489.1,20241200,2464.9,20241000
2024-08-01 07:00:00,2484.4,20241200,2484.4,20241200,2460.6,20241000
2024-08-01 08:00:00,2478.1,20241200,2478.1,20241200,2454.3,20241000
2024-08-01 09:00:00,2476.9,20241200,2476.9,20241200,2453.0,20241000
2024-08-01 10:00:00,2479.2,20241200,2479.2,20241200,2455.2,20241000
2024-08-01 11:00:00,2485.0,20241200,2485.0,20241200,2461.1,20241000
2024-08-01 12:00:00,2495.1,20241200,2495.1,20241200,2471.1,20241000
2024-08-01 13:00:00,2498.3,20241200,2498.3,20241200,2474.0,20241000
2024-08-01 14:00:00,2492.8,20241200,2492.8,20241200,2468.7,20241000
2024-08-01 15:00:00,2489.2,20241200,2489.2,20241200,2464.1,20241000
2024-08-01 16:00:00,2488.8,20241200,2488.8,20241200,2464.5,20241000
2024-08-01 17:00:00,2483.1,20241200,2483.1,20241200,2459.5,20241000
2024-08-01 18:00:00,2483.6,20241200,2483.6,20241200,2459.9,20241000
2024-08-01 19:00:00,2487.4,20241200,2487.4,20241200,2463.9,20241000
2024-08-01 20:00:00,2490.8,20241200,2490.8,20241200,2467.0,20241000
2024-08-01 22:00:00,2489.4,20241200,2489.4,20241200,2466.4,20241000
2024-08-01 23:00:00,2490.8,20241200,2490.8,20241200,2467.0,20241000
2024-08-02 00:00:00,2493.1,20241200,2493.1,20241200,2470.3,20241000
2024-08-02 01:00:00,2491.4,20241200,2491.4,20241200,2468.1,20241000
2024-08-02 02:00:00,2500.1,20241200,2500.1,20241200,2476.5,20241000
2024-08-02 03:00:00,2498.7,20241200,2498.7,20241200,2475.6,20241000
2024-08-02 04:00:00,2501.9,20241200,2501.9,20241200,2478.4,20241000
2024-08-02 05:00:00,2511.2,20241200,2511.2,20241200,2487.9,20241000
2024-08-02 06:00:00,2509.9,20241200,2509.9,20241200,2486.4,20241000
2024-08-02 07:00:00,2505.7,20241200,2505.7,20241200,2482.1,20241000
2024-08-02 08:00:00,2506.0,20241200,2506.0,20241200,2482.8,20241000
2024-08-02 09:00:00,2508.3,20241200,2508.3,20241200,2485.0,20241000
2024-08-02 10:00:00,2507.9,20241200,2507.9,20241200,2484.6,20241000
2024-08-02 11:00:00,2503.4,20241200,2503.4,20241200,2480.0,20241000
2024-08-02 12:00:00,2517.0,20241200,2517.0,20241200,2494.2,20241000
2024-08-02 13:00:00,2513.6,20241200,2513.6,20241200,2490.7,20241000
2024-08-02 14:00:00,2474.3,20241200,2474.3,20241200,2451.9,20241000
2024-08-02 15:00:00,2475.9,20241200,2475.9,20241200,2453.8,20241000
2024-08-02 16:00:00,2473.0,20241200,2473.0,20241200,2450.5,20241000
2024-08-02 17:00:00,2470.5,20241200,2470.5,20241200,2448.2,20241000
2024-08-02 18:00:00,2471.8,20241200,2471.8,20241200,2449.7,20241000
2024-08-02 19:00:00,2480.0,20241200,2480.0,20241200,2457.3,20241000
2024-08-02 20:00:00,2486.0,20241200,2486.0,20241200,2464.0,20241000
2024-08-02 23:00:00,2486.0,20241200,2486.0,20241200,2464.0,20241000
2024-08-04 22:00:00,2483.5,20241200,2483.5,20241200,2460.8,20241000
2024-08-04 23:00:00,2483.0,20241200,2483.0,20241200,2460.6,20241000
2024-08-05 00:00:00,2464.2,20241200,2464.2,20241200,2443.1,20241000
2024-08-05 01:00:00,2481.6,20241200,2481.6,20241200,2459.3,20241000
2024-08-05 02:00:00,2484.7,20241200,2484.7,20241200,2464.1,20241000
2024-08-05 03:00:00,2492.8,20241200,2492.8,20241200,2472.0,20241000
2024-08-05 04:00:00,2494.7,20241200,2494.7,20241200,2472.4,20241000
2024-08-05 05:00:00,2479.5,20241200,2479.5,20241200,2458.4,20241000
2024-08-05 06:00:00,2470.0,20241200,2470.0,20241200,2447.6,20241000
2024-08-05 07:00:00,2473.3,20241200,2473.3,20241200,2451.2,20241000
2024-08-05 08:00:00,2466.0,20241200,2466.0,20241200,2443.9,20241000
2024-08-05 09:00:00,2464.9,20241200,2464.9,20241200,2443.0,20241000
2024-08-05 10:00:00,2449.1,20241200,2449.1,20241200,2427.3,20241000
2024-08-05 11:00:00,2426.8,20241200,2426.8,20241200,2405.1,20241000
2024-08-05 12:00:00,2414.0,20241200,2414.0,20241200,2393.1,20241000
2024-08-05 13:00:00,2432.3,20241200,2432.3,20241200,2411.4,20241000
2024-08-05 14:00:00,2437.1,20241200,2437.1,20241200,2415.5,20241000
2024-08-05 15:00:00,2443.3,20241200,2443.3,20241200,2421.2,20241000
2024-08-05 16:00:00,2444.1,20241200,2444.1,20241200,2422.6,20241000
2024-08-05 17:00:00,2446.1,20241200,2446.1,20241200,2425.0,20241000
2024-08-05 18:00:00,2446.2,20241200,2446.2,20241200,2423.9,20241000
2024-08-05 19:00:00,2449.1,20241200,2449.1,20241200,2427.9,20241000
2024-08-05 20:00:00,2452.0,20241200,2452.0,20241200,2429.8,20241000
2024-08-05 22:00:00,2450.1,20241200,2450.1,20241200,2428.5,20241000
2024-08-05 23:00:00,2452.0,20241200,2452.0,20241200,2424.1,20241000
2024-08-06 00:00:00,2457.0,20241200,2457.0,20241200,2434.6,20241000
2024-08-06 01:00:00,2453.3,20241200,2453.3,20241200,2430.9,20241000
2024-08-06 02:00:00,2448.1,20241200,2448.1,20241200,2425.7,20241000
2024-08-06 03:00:00,2449.6,20241200,2449.6,20241200,2426.9,20241000
2024-08-06 04:00:00,2448.4,20241200,2448.4,20241200,2427.7,20241000
2024-08-06 05:00:00,2439.2,20241200,2439.2,20241200,2417.3,20241000
2024-08-06 06:00:00,2442.0,20241200,2442.0,20241200,2420.0,20241000
2024-08-06 07:00:00,2450.5,20241200,2450.5,20241200,2428.5,20241000
2024-08-06 08:00:00,2451.7,20241200,2451.7,20241200,2430.0,20241000
2024-08-06 09:00:00,2454.1,20241200,2454.1,20241200,2430.7,20241000
2024-08-06 10:00:00,2453.0,20241200,2453.0,20241200,2430.1,20241000
2024-08-06 11:00:00,2451.5,20241200,2451.5,20241200,2429.3,20241000
2024-08-06 12:00:00,2433.3,20241200,2433.3,20241200,2411.2,20241000
2024-08-06 13:00:00,2436.3,20241200,2436.3,20241200,2414.2,20241000
2024-08-06 14:00:00,2429.1,20241200,2429.1,20241200,2406.6,20241000
2024-08-06 15:00:00,2428.3,20241200,2428.3,20241200,2406.2,20241000
2024-08-06 16:00:00,2431.0,20241200,2431.0,20241200,2409.2,20241000
2024-08-06 17:00:00,2432.7,20241200,2432.7,20241200,2411.0,20241000
2024-08-06 18:00:00,2434.0,20241200,2434.0,20241200,2411.7,20241000
2024-08-06 19:00:00,2429.0,20241200,2429.0,20241200,2406.6,20241000
2024-08-06 20:00:00,2432.2,20241200,2432.2,20241200,2409.6,20241000
2024-08-06 22:00:00,2429.4,20241200,2429.4,20241200,2406.6,20241000
2024-08-06 23:00:00,2432.2,20241200,2432.2,20241200,2409.6,20241000
2024-08-07 00:00:00,2426.5,20241200,2426.5,20241200,2404.4,20241000
2024-08-07 01:00:00,2424.1,20241200,2424.1,20241200,2401.2,20241000
2024-08-07 02:00:00,2424.1,20241200,2424.1,20241200,2401.7,20241000
2024-08-07 03:00:00,2426.0,20241200,2426.0,20241200,2404.0,20241000
2024-08-07 04:00:00,2432.9,20241200,2432.9,20241200,2410.8,20241000
2024-08-07 05:00:00,2431.3,20241200,2431.3,20241200,2408.8,20241000
2024-08-07 06:00:00,2434.6,20241200,2434.6,20241200,2412.4,20241000
2024-08-07 07:00:00,2429.2,20241200,2429.2,20241200,2407.3,20241000
2024-08-07 08:00:00,2433.4,20241200,2433.4,20241200,2411.2,20241000
2024-08-07 09:00:00,2434.2,20241200,2434.2,20241200,2413.0,20241000
2024-08-07 10:00:00,2437.6,20241200,2437.6,20241200,2415.4,20241000
2024-08-07 11:00:00,2441.5,20241200,2441.5,20241200,2419.2,20241000
2024-08-07 12:00:00,2444.2,20241200,2444.2,20241200,2421.9,20241000
2024-08-07 13:00:00,2440.2,20241200,2440.2,20241200,2418.4,20241000
2024-08-07 14:00:00,2439.2,20241200,2439.2,20241200,2416.9,20241000
2024-08-07 15:00:00,2434.6,20241200,2434.6,20241200,2413.4,20241000
2024-08-07 16:00:00,2440.2,20241200,2440.2,20241200,2417.6,20241000
2024-08-07 17:00:00,2430.0,20241200,2430.0,20241200,2408.9,20241000
2024-08-07 18:00:00,2426.2,20241200,2426.2,20241200,2404.3,20241000
2024-08-07 19:00:00,2425.6,20241200,2425.6,20241200,2403.0,20241000
2024-08-07 20:00:00,2423.1,20241200,2423.1,20241200,2400.6,20241000
2024-08-07 22:00:00,2422.7,20241200,2422.7,20241200,2400.5,20241000
2024-08-07 23:00:00,2423.1,20241200,2423.1,20241200,2400.6,20241000
2024-08-08 00:00:00,2424.4,20241200,2424.4,20241200,2402.4,20241000
2024-08-08 01:00:00,2425.5,20241200,2425.5,20241200,2403.7,20241000
2024-08-08 02:00:00,2429.5,20241200,2429.5,20241200,2407.4,20241000
2024-08-08 03:00:00,2433.4,20241200,2433.4,20241200,2411.3,20241000
2024-08-08 04:00:00,2433.2,20241200,2433.2,20241200,2411.2,20241000
2024-08-08 05:00:00,2434.2,20241200,2434.2,20241200,2412.1,20241000
2024-08-08 06:00:00,2436.8,20241200,2436.8,20241200,2414.7,20241000
2024-08-08 07:00:00,2435.7,20241200,2435.7,20241200,2413.4,20241000
2024-08-08 08:00:00,2433.2,20241200,2433.2,20241200,2411.1,20241000
2024-08-08 09:00:00,2434.9,20241200,2434.9,20241200,2411.6,20241000
2024-08-08 10:00:00,2444.7,20241200,2444.7,20241200,2422.7,20241000
2024-08-08 11:00:00,2451.7,20241200,2451.7,20241200,2429.5,20241000
2024-08-08 12:00:00,2447.2,20241200,2447.2,20241200,2424.8,20241000
2024-08-08 13:00:00,2453.5,20241200,2453.5,20241200,2431.0,20241000
2024-08-08 14:00:00,2453.2,20241200,2453.2,20241200,2430.8,20241000
2024-08-08 15:00:00,2458.2,20241200,2458.2,20241200,2435.8,20241000
2024-08-08 16:00:00,2457.6,20241200,2457.6,20241200,2435.2,20241000
2024-08-08 17:00:00,2463.0,20241200,2463.0,20241200,2440.4,20241000
2024-08-08 18:00:00,2463.5,20241200,2463.5,20241200,2441.0,20241000
2024-08-08 19:00:00,2463.1,20241200,2463.1,20241200,2440.1,20241000
2024-08-08 20:00:00,2467.3,20241200,2467.3,20241200,2444.0,20241000
2024-08-08 22:00:00,2465.3,20241200,2465.3,20241200,2441.9,20241000
2024-08-08 23:00:00,2467.3,20241200,2467.3,20241200,2444.0,20241000
2024-08-09 00:00:00,2463.1,20241200,2463.1,20241200,2440.2,20241000
2024-08-09 01:00:00,2466.5,20241200,2466.5,20241200,2443.7,20241000
2024-08-09 02:00:00,2461.8,20241200,2461.8,20241200,2439.3,20241000
2024-08-09 03:00:00,2460.6,20241200,2460.6,20241200,2438.0,20241000
2024-08-09 04:00:00,2463.3,20241200,2463.3,20241200,2440.7,20241000
2024-08-09 05:00:00,2456.4,20241200,2456.4,20241200,2433.5,20241000
2024-08-09 06:00:00,2460.1,20241200,2460.1,20241200,2437.4,20241000
2024-08-09 07:00:00,2462.2,20241200,2462.2,20241200,2440.1,20241000
2024-08-09 08:00:00,2463.4,20241200,2463.4,20241200,2441.0,20241000
2024-08-09 09:00:00,2462.6,20241200,2462.6,20241200,2440.0,20241000
2024-08-09 10:00:00,2470.0,20241200,2470.0,20241200,2447.5,20241000
2024-08-09 11:00:00,2465.9,20241200,2465.9,20241200,2443.3,20241000
2024-08-09 12:00:00,2469.0,20241200,2469.0,20241200,2446.3,20241000
2024-08-09 13:00:00,2465.9,20241200,2465.9,20241200,2443.4,20241000
2024-08-09 14:00:00,2467.8,20241200,2467.8,20241200,2445.1,20241000
2024-08-09 15:00:00,2470.7,20241200,2470.7,20241200,2447.9,20241000
2024-08-09 16:00:00,2473.8,20241200,2473.8,20241200,2450.9,20241000
2024-08-09 17:00:00,2469.9,20241200,2469.9,20241200,2447.2,20241000
2024-08-09 18:00:00,2469.3,20241200,2469.3,20241200,2446.3,20241000
2024-08-09 19:00:00,2468.5,20241200,2468.5,20241200,2445.4,20241000
2024-08-09 20:00:00,2470.6,20241200,2470.6,20241200,2447.7,20241000
2024-08-09 23:00:00,2470.6,20241200,2470.6,20241200,2447.7,20241000
2024-08-11 22:00:00,2469.3,20241200,2469.3,20241200,2446.6,20241000
2024-08-11 23:00:00,2466.9,20241200,2466.9,20241200,2444.4,20241000
2024-08-12 00:00:00,2467.5,20241200,2467.5,20241200,2444.3,20241000
2024-08-12 01:00:00,2465.0,20241200,2465.0,20241200,2441.9,20241000
2024-08-12 02:00:00,2465.3,20241200,2465.3,20241200,2442.9,20241000
2024-08-12 03:00:00,2467.5,20241200,2467.5,20241200,2444.7,20241000
2024-08-12 04:00:00,2472.4,20241200,2472.4,20241200,2449.2,20241000
2024-08-12 05:00:00,2473.4,20241200,2473.4,20241200,2450.3,20241000
2024-08-12 06:00:00,2475.7,20241200,2475.7,20241200,2452.9,20241000
2024-08-12 07:00:00,2481.0,20241200,2481.0,20241200,2457.9,20241000
2024-08-12 08:00:00,2481.1,20241200,2481.1,20241200,2458.2,20241000
2024-08-12 09:00:00,2481.8,20241200,2481.8,20241200,2459.3,20241000
2024-08-12 10:00:00,2483.0,20241200,2483.0,20241200,2459.8,20241000
2024-08-12 11:00:00,2480.6,20241200,2480.6,20241200,2457.8,20241000
2024-08-12 12:00:00,2483.9,20241200,2483.9,20241200,2460.7,20241000
2024-08-12 13:00:00,2493.7,20241200,2493.7,20241200,2470.2,20241000
2024-08-12 14:00:00,2492.7,20241200,2492.7,20241200,2469.5,20241000
2024-08-12 15:00:00,2499.3,20241200,2499.3,20241200,2475.7,20241000
2024-08-12 16:00:00,2502.9,20241200,2502.9,20241200,2479.8,20241000
2024-08-12 17:00:00,2507.0,20241200,2507.0,20241200,2483.6,20241000
2024-08-12 18:00:00,2510.4,20241200,2510.4,20241200,2487.1,20241000
2024-08-12 19:00:00,2510.6,20241200,2510.6,20241200,2488.1,20241000
2024-08-12 20:00:00,2513.1,20241200,2513.1,20241200,2490.0,20241000
2024-08-12 22:00:00,2513.9,20241200,2513.9,20241200,2490.8,20241000
2024-08-12 23:00:00,2513.1,20241200,2513.1,20241200,2490.0,20241000
2024-08-13 00:00:00,2512.0,20241200,2512.0,20241200,2488.5,20241000
2024-08-13 01:00:00,2506.8,20241200,2506.8,20241200,2483.3,20241000
2024-08-13 02:00:00,2501.6,20241200,2501.6,20241200,2478.7,20241000
2024-08-13 03:00:00,2503.8,20241200,2503.8,20241200,2480.6,20241000
2024-08-13 04:00:00,2502.3,20241200,2502.3,20241200,2478.6,20241000
2024-08-13 05:00:00,2502.9,20241200,2502.9,20241200,2479.8,20241000
2024-08-13 06:00:00,2503.6,20241200,2503.6,20241200,2480.4,20241000
2024-08-13 07:00:00,2503.7,20241200,2503.7,20241200,2480.5,20241000
2024-08-13 08:00:00,2500.0,20241200,2500.0,20241200,2477.0,20241000
2024-08-13 09:00:00,2499.9,20241200,2499.9,20241200,2477.6,20241000
2024-08-13 10:00:00,2501.5,20241200,2501.5,20241200,2478.5,20241000
2024-08-13 11:00:00,2505.3,20241200,2505.3,20241200,2482.2,20241000
2024-08-13 12:00:00,2507.5,20241200,2507.5,20241200,2484.2,20241000
2024-08-13 13:00:00,2512.6,20241200,2512.6,20241200,2489.9,20241000
2024-08-13 14:00:00,2511.0,20241200,2511.0,20241200,2488.1,20241000
2024-08-13 15:00:00,2508.3,20241200,2508.3,20241200,2486.2,20241000
2024-08-13 16:00:00,2509.2,20241200,2509.2,20241200,2486.0,20241000
2024-08-13 17:00:00,2507.3,20241200,2507.3,20241200,2484.5,20241000
2024-08-13 18:00:00,2507.5,20241200,2507.5,20241200,2484.5,20241000
2024-08-13 19:00:00,2506.9,20241200,2506.9,20241200,2483.7,20241000
2024-08-13 20:00:00,2504.7,20241200,2504.7,20241200,2482.1,20241000
2024-08-13 22:00:00,2505.1,20241200,2505.1,20241200,2482.7,20241000
2024-08-13 23:00:00,2503.7,20241200,2503.7,20241200,2480.8,20241000
2024-08-14 00:00:00,2505.3,20241200,2505.3,20241200,2482.4,20241000
2024-08-14 01:00:00,2504.9,20241200,2504.9,20241200,2481.4,20241000
2024-08-14 02:00:00,2499.2,20241200,2499.2,20241200,2476.4,20241000
2024-08-14 03:00:00,2500.2,20241200,2500.2,20241200,2477.5,20241000
2024-08-14 04:00:00,2501.2,20241200,2501.2,20241200,2478.5,20241000
2024-08-14 05:00:00,2501.4,20241200,2501.4,20241200,2478.8,20241000
2024-08-14 06:00:00,2506.4,20241200,2506.4,20241200,2483.8,20241000
2024-08-14 07:00:00,2509.9,20241200,2509.9,20241200,2487.0,20241000
2024-08-14 08:00:00,2513.5,20241200,2513.5,20241200,2490.2,20241000
2024-08-14 09:00:00,2511.9,20241200,2511.9,20241200,2489.4,20241000
2024-08-14 10:00:00,2514.1,20241200,2514.1,20241200,2491.9,20241000
2024-08-14 11:00:00,2513.7,20241200,2513.7,20241200,2490.9,20241000
2024-08-14 12:00:00,2508.0,20241200,2508.0,20241200,2485.5,20241000
2024-08-14 13:00:00,2496.2,20241200,2496.2,20241200,2474.2,20241000
2024-08-14 14:00:00,2488.6,20241200,2488.6,20241200,2465.8,20241000
2024-08-14 15:00:00,2482.4,20241200,2482.4,20241200,2459.9,20241000
2024-08-14 16:00:00,2482.4,20241200,2482.4,20241200,2459.8,20241000
2024-08-14 17:00:00,2479.9,20241200,2479.9,20241200,2457.2,20241000
2024-08-14 18:00:00,2486.1,20241200,2486.1,20241200,2463.4,20241000
2024-08-14 19:00:00,2485.5,20241200,2485.5,20241200,2462.6,20241000
2024-08-14 20:00:00,2486.0,20241200,2486.0,20241200,2463.8,20241000
2024-08-14 22:00:00,2485.5,20241200,2485.5,20241200,2462.8,20241000
2024-08-14 23:00:00,2486.9,20241200,2486.9,20241200,2463.3,20241000
2024-08-15 00:00:00,2487.5,20241200,2487.5,20241200,2465.0,20241000
2024-08-15 01:00:00,2488.0,20241200,2488.0,20241200,2465.1,20241000
2024-08-15 02:00:00,2488.9,20241200,2488.9,20241200,2466.7,20241000
2024-08-15 03:00:00,2491.1,20241200,2491.1,20241200,2468.5,20241000
2024-08-15 04:00:00,2490.9,20241200,2490.9,20241200,2468.7,20241000
2024-08-15 05:00:00,2491.5,20241200,2491.5,20241200,2469.5,20241000
2024-08-15 06:00:00,2493.6,20241200,2493.6,20241200,2471.0,20241000
2024-08-15 07:00:00,2493.4,20241200,2493.4,20241200,2470.2,20241000
2024-08-15 08:00:00,2493.0,20241200,2493.0,20241200,2470.2,20241000
2024-08-15 09:00:00,2494.3,20241200,2494.3,20241200,2471.3,20241000
2024-08-15 10:00:00,2495.7,20241200,2495.7,20241200,2472.3,20241000
2024-08-15 11:00:00,2501.3,20241200,2501.3,20241200,2478.4,20241000
2024-08-15 12:00:00,2478.4,20241200,2478.4,20241200,2455.7,20241000
2024-08-15 13:00:00,2481.9,20241200,2481.9,20241200,2458.9,20241000
2024-08-15 14:00:00,2489.8,20241200,2489.8,20241200,2466.6,20241000
2024-08-15 15:00:00,2496.2,20241200,2496.2,20241200,2473.7,20241000
2024-08-15 16:00:00,2493.4,20241200,2493.4,20241200,2470.3,20241000
2024-08-15 17:00:00,2493.2,20241200,2493.2,20241200,2470.2,20241000
2024-08-15 18:00:00,2496.1,20241200,2496.1,20241200,2473.0,20241000
2024-08-15 19:00:00,2493.3,20241200,2493.3,20241200,2469.8,20241000
2024-08-15 20:00:00,2494.4,20241200,2494.4,20241200,2471.1,20241000
2024-08-15 22:00:00,2492.3,20241200,2492.3,20241200,2468.9,20241000
2024-08-15 23:00:00,2494.8,20241200,2494.8,20241200,2471.4,20241000
2024-08-16 00:00:00,2495.9,20241200,2495.9,20241200,2473.0,20241000
2024-08-16 01:00:00,2495.0,20241200,2495.0,20241200,2472.0,20241000
2024-08-16 02:00:00,2492.6,20241200,2492.6,20241200,2469.5,20241000
2024-08-16 03:00:00,2489.9,20241200,2489.9,20241200,2467.0,20241000
2024-08-16 04:00:00,2490.0,20241200,2490.0,20241200,2466.7,20241000
2024-08-16 05:00:00,2493.0,20241200,2493.0,20241200,2470.1,20241000
2024-08-16 06:00:00,2492.3,20241200,2492.3,20241200,2469.0,20241000
2024-08-16 07:00:00,2499.3,20241200,2499.3,20241200,2476.1,20241000
2024-08-16 08:00:00,2500.0,20241200,2500.0,20241200,2476.7,20241000
2024-08-16 09:00:00,2500.9,20241200,2500.9,20241200,2478.4,20241000
2024-08-16 10:00:00,2502.3,20241200,2502.3,20241200,2479.3,20241000
2024-08-16 11:00:00,2510.0,20241200,2510.0,20241200,2486.7,20241000
2024-08-16 12:00:00,2530.5,20241200,2530.5,20241200,2506.9,20241000
2024-08-16 13:00:00,2533.9,20241200,2533.9,20241200,2509.2,20241000
2024-08-16 14:00:00,2525.5,20241200,2525.5,20241200,2502.3,20241000
2024-08-16 15:00:00,2530.5,20241200,2530.5,20241200,2507.2,20241000
2024-08-16 16:00:00,2534.4,20241200,2534.4,20241200,2511.2,20241000
2024-08-16 17:00:00,2538.2,20241200,2538.2,20241200,2514.6,20241000
2024-08-16 18:00:00,2541.9,20241200,2541.9,20241200,2518.5,20241000
2024-08-16 19:00:00,2546.4,20241200,2546.4,20241200,2522.8,20241000
2024-08-16 20:00:00,2546.1,20241200,2546.1,20241200,2523.1,20241000
2024-08-16 23:00:00,2546.1,20241200,2546.1,20241200,2523.1,20241000
2024-08-18 22:00:00,2543.6,20241200,2543.6,20241200,2520.0,20241000
2024-08-18 23:00:00,2545.2,20241200,2545.2,20241200,2521.8,20241000
2024-08-19 00:00:00,2541.0,20241200,2541.0,20241200,2517.7,20241000
2024-08-19 01:00:00,2536.9,20241200,2536.9,20241200,2514.0,20241000
2024-08-19 02:00:00,2542.4,20241200,2542.4,20241200,2519.3,20241000
2024-08-19 03:00:00,2541.9,20241200,2541.9,20241200,2518.7,20241000
2024-08-19 04:00:00,2539.5,20241200,2539.5,20241200,2515.1,20241000
2024-08-19 05:00:00,2539.7,20241200,2539.7,20241200,2516.7,20241000
2024-08-19 06:00:00,2540.5,20241200,2540.5,20241200,2517.0,20241000
2024-08-19 07:00:00,2541.2,20241200,2541.2,20241200,2517.3,20241000
2024-08-19 08:00:00,2541.7,20241200,2541.7,20241200,2518.3,20241000
2024-08-19 09:00:00,2538.4,20241200,2538.4,20241200,2515.1,20241000
2024-08-19 10:00:00,2527.7,20241200,2527.7,20241200,2504.5,20241000
2024-08-19 11:00:00,2532.9,20241200,2532.9,20241200,2509.5,20241000
2024-08-19 12:00:00,2529.3,20241200,2529.3,20241200,2505.8,20241000
2024-08-19 13:00:00,2533.0,20241200,2533.0,20241200,2510.1,20241000
2024-08-19 14:00:00,2539.5,20241200,2539.5,20241200,2516.0,20241000
2024-08-19 15:00:00,2542.6,20241200,2542.6,20241200,2518.6,20241000
2024-08-19 16:00:00,2543.8,20241200,2543.8,20241200,2520.6,20241000
2024-08-19 17:00:00,2541.5,20241200,2541.5,20241200,2518.9,20241000
2024-08-19 18:00:00,2542.8,20241200,2542.8,20241200,2519.5,20241000
2024-08-19 19:00:00,2544.1,20241200,2544.1,20241200,2520.8,20241000
2024-08-19 20:00:00,2542.5,20241200,2542.5,20241200,2519.2,20241000
2024-08-19 22:00:00,2542.5,20241200,2542.5,20241200,2519.3,20241000
2024-08-19 23:00:00,2542.5,20241200,2542.5,20241200,2518.8,20241000
2024-08-20 00:00:00,2543.1,20241200,2543.1,20241200,2520.2,20241000
2024-08-20 01:00:00,2540.1,20241200,2540.1,20241200,2516.6,20241000
2024-08-20 02:00:00,2537.5,20241200,2537.5,20241200,2514.2,20241000
2024-08-20 03:00:00,2539.4,20241200,2539.4,20241200,2516.8,20241000
2024-08-20 04:00:00,2538.6,20241200,2538.6,20241200,2514.9,20241000
2024-08-20 05:00:00,2537.4,20241200,2537.4,20241200,2514.5,20241000
2024-08-20 06:00:00,2540.6,20241200,2540.6,20241200,2517.1,20241000
2024-08-20 07:00:00,2553.4,20241200,2553.4,20241200,2529.5,20241000
2024-08-20 08:00:00,2558.4,20241200,2558.4,20241200,2534.8,20241000
2024-08-20 09:00:00,2560.3,20241200,2560.3,20241200,2536.7,20241000
2024-08-20 10:00:00,2561.4,20241200,2561.4,20241200,2538.0,20241000
2024-08-20 11:00:00,2564.7,20241200,2564.7,20241200,2541.2,20241000
2024-08-20 12:00:00,2565.3,20241200,2565.3,20241200,2542.5,20241000
2024-08-20 13:00:00,2568.4,20241200,2568.4,20241200,2545.5,20241000
2024-08-20 14:00:00,2562.0,20241200,2562.0,20241200,2537.5,20241000
2024-08-20 15:00:00,2546.5,20241200,2546.5,20241200,2523.1,20241000
2024-08-20 16:00:00,2547.1,20241200,2547.1,20241200,2524.0,20241000
2024-08-20 17:00:00,2548.8,20241200,2548.8,20241200,2525.8,20241000
2024-08-20 18:00:00,2551.7,20241200,2551.7,20241200,2528.1,20241000
2024-08-20 19:00:00,2553.1,20241200,2553.1,20241200,2530.2,20241000
2024-08-20 20:00:00,2552.2,20241200,2552.2,20241200,2528.8,20241000
2024-08-20 22:00:00,2552.9,20241200,2552.9,20241200,2529.8,20241000
2024-08-20 23:00:00,2551.1,20241200,2551.1,20241200,2527.8,20241000
2024-08-21 00:00:00,2551.6,20241200,2551.6,20241200,2527.6,20241000
2024-08-21 01:00:00,2554.7,20241200,2554.7,20241200,2531.4,20241000
2024-08-21 02:00:00,2557.4,20241200,2557.4,20241200,2533.9,20241000
2024-08-21 03:00:00,2555.3,20241200,2555.3,20241200,2532.1,20241000
2024-08-21 04:00:00,2553.9,20241200,2553.9,20241200,2530.4,20241000
2024-08-21 05:00:00,2553.0,20241200,2553.0,20241200,2529.6,20241000
2024-08-21 06:00:00,2552.1,20241200,2552.1,20241200,2528.7,20241000
2024-08-21 07:00:00,2547.3,20241200,2547.3,20241200,2524.0,20241000
2024-08-21 08:00:00,2545.4,20241200,2545.4,20241200,2521.4,20241000
2024-08-21 09:00:00,2543.8,20241200,2543.8,20241200,2521.2,20241000
2024-08-21 10:00:00,2547.6,20241200,2547.6,20241200,2523.9,20241000
2024-08-21 11:00:00,2550.1,20241200,2550.1,20241200,2526.4,20241000
2024-08-21 12:00:00,2548.5,20241200,2548.5,20241200,2525.2,20241000
2024-08-21 13:00:00,2540.7,20241200,2540.7,20241200,2517.6,20241000
2024-08-21 14:00:00,2539.0,20241200,2539.0,20241200,2515.7,20241000
2024-08-21 15:00:00,2546.3,20241200,2546.3,20241200,2522.9,20241000
2024-08-21 16:00:00,2544.9,20241200,2544.9,20241200,2521.6,20241000
2024-08-21 17:00:00,2547.4,20241200,2547.4,20241200,2524.3,20241000
2024-08-21 18:00:00,2554.1,20241200,2554.1,20241200,2530.6,20241000
2024-08-21 19:00:00,2549.5,20241200,2549.5,20241200,2525.9,20241000
2024-08-21 20:00:00,2550.2,20241200,2550.2,20241200,2526.7,20241000
2024-08-21 22:00:00,2550.8,20241200,2550.8,20241200,2527.5,20241000
2024-08-21 23:00:00,2550.2,20241200,2550.2,20241200,2526.7,20241000
2024-08-22 00:00:00,2550.4,20241200,2550.4,20241200,2527.2,20241000
2024-08-22 01:00:00,2543.9,20241200,2543.9,20241200,2520.4,20241000
2024-08-22 02:00:00,2538.9,20241200,2538.9,20241200,2515.7,20241000
2024-08-22 03:00:00,2539.2,20241200,2539.2,20241200,2515.2,20241000
2024-08-22 04:00:00,2538.6,20241200,2538.6,20241200,2515.5,20241000
2024-08-22 05:00:00,2542.0,20241200,2542.0,20241200,2518.8,20241000
2024-08-22 06:00:00,2543.9,20241200,2543.9,20241200,2520.3,20241000
2024-08-22 07:00:00,2543.4,20241200,2543.4,20241200,2521.0,20241000
2024-08-22 08:00:00,2539.8,20241200,2539.8,20241200,2516.2,20241000
2024-08-22 09:00:00,2543.4,20241200,2543.4,20241200,2519.6,20241000
2024-08-22 10:00:00,2541.3,20241200,2541.3,20241200,2517.8,20241000
2024-08-22 11:00:00,2535.5,20241200,2535.5,20241200,2512.3,20241000
2024-08-22 12:00:00,2536.9,20241200,2536.9,20241200,2513.3,20241000
2024-08-22 13:00:00,2523.8,20241200,2523.8,20241200,2500.6,20241000
2024-08-22 14:00:00,2515.7,20241200,2515.7,20241200,2492.4,20241000
2024-08-22 15:00:00,2517.9,20241200,2517.9,20241200,2494.8,20241000
2024-08-22 16:00:00,2520.2,20241200,2520.2,20241200,2497.3,20241000
2024-08-22 17:00:00,2518.0,20241200,2518.0,20241200,2494.9,20241000
2024-08-22 18:00:00,2517.8,20241200,2517.8,20241200,2495.1,20241000
2024-08-22 19:00:00,2518.6,20241200,2518.6,20241200,2495.5,20241000
2024-08-22 20:00:00,2520.4,20241200,2520.4,20241200,2497.3,20241000
2024-08-22 22:00:00,2520.5,20241200,2520.5,20241200,2497.3,20241000
2024-08-22 23:00:00,2522.8,20241200,2522.8,20241200,2499.2,20241000
2024-08-23 00:00:00,2525.2,20241200,2525.2,20241200,2502.1,20241000
2024-08-23 01:00:00,2526.4,20241200,2526.4,20241200,2503.2,20241000
2024-08-23 02:00:00,2525.4,20241200,2525.4,20241200,2500.6,20241000
2024-08-23 03:00:00,2528.7,20241200,2528.7,20241200,2505.6,20241000
2024-08-23 04:00:00,2528.9,20241200,2528.9,20241200,2505.6,20241000
2024-08-23 05:00:00,2527.5,20241200,2527.5,20241200,2504.8,20241000
2024-08-23 06:00:00,2528.4,20241200,2528.4,20241200,2505.2,20241000
2024-08-23 07:00:00,2528.9,20241200,2528.9,20241200,2505.5,20241000
2024-08-23 08:00:00,2534.4,20241200,2534.4,20241200,2511.1,20241000
2024-08-23 09:00:00,2534.5,20241200,2534.5,20241200,2510.4,20241000
2024-08-23 10:00:00,2534.5,20241200,2534.5,20241200,2511.0,20241000
2024-08-23 11:00:00,2537.0,20241200,2537.0,20241200,2513.8,20241000
2024-08-23 12:00:00,2537.0,20241200,2537.0,20241200,2513.4,20241000
2024-08-23 13:00:00,2534.2,20241200,2534.2,20241200,2510.3,20241000
2024-08-23 14:00:00,2545.2,20241200,2545.2,20241200,2522.1,20241000
2024-08-23 15:00:00,2545.8,20241200,2545.8,20241200,2522.1,20241000
2024-08-23 16:00:00,2546.0,20241200,2546.0,20241200,2522.3,20241000
2024-08-23 17:00:00,2546.6,20241200,2546.6,20241200,2523.2,20241000
2024-08-23 18:00:00,2545.4,20241200,2545.4,20241200,2521.5,20241000
2024-08-23 19:00:00,2546.5,20241200,2546.5,20241200,2523.3,20241000
2024-08-23 20:00:00,2548.7,20241200,2548.7,20241200,2524.7,20241000
2024-08-23 23:00:00,2548.7,20241200,2548.7,20241200,2524.7,20241000
2024-08-25 22:00:00,2548.4,20241200,2548.4,20241200,2523.8,20241000
2024-08-25 23:00:00,2551.2,20241200,2551.2,20241200,2527.3,20241000
2024-08-26 00:00:00,2548.9,20241200,2548.9,20241200,2525.2,20241000
2024-08-26 01:00:00,2548.8,20241200,2548.8,20241200,2524.8,20241000
2024-08-26 02:00:00,2547.3,20241200,2547.3,20241200,2523.7,20241000
2024-08-26 03:00:00,2545.1,20241200,2545.1,20241200,2521.6,20241000
2024-08-26 04:00:00,2545.1,20241200,2545.1,20241200,2521.6,20241000
2024-08-26 05:00:00,2545.9,20241200,2545.9,20241200,2522.7,20241000
2024-08-26 06:00:00,2550.6,20241200,2550.6,20241200,2527.2,20241000
2024-08-26 07:00:00,2557.0,20241200,2557.0,20241200,2533.2,20241000
2024-08-26 08:00:00,2560.1,20241200,2560.1,20241200,2536.9,20241000
2024-08-26 09:00:00,2560.9,20241200,2560.9,20241200,2537.3,20241000
2024-08-26 10:00:00,2561.0,20241200,2561.0,20241200,2537.4,20241000
2024-08-26 11:00:00,2562.1,20241200,2562.1,20241200,2538.5,20241000
2024-08-26 12:00:00,2559.7,20241200,2559.7,20241200,2536.5,20241000
2024-08-26 13:00:00,2551.6,20241200,2551.6,20241200,2527.8,20241000
2024-08-26 14:00:00,2552.5,20241200,2552.5,20241200,2528.9,20241000
2024-08-26 15:00:00,2551.6,20241200,2551.6,20241200,2528.0,20241000
2024-08-26 16:00:00,2555.9,20241200,2555.9,20241200,2532.0,20241000
2024-08-26 17:00:00,2553.9,20241200,2553.9,20241200,2530.1,20241000
2024-08-26 18:00:00,2552.5,20241200,2552.5,20241200,2528.6,20241000
2024-08-26 19:00:00,2553.9,20241200,2553.9,20241200,2530.0,20241000
2024-08-26 20:00:00,2553.6,20241200,2553.6,20241200,2529.8,20241000
2024-08-26 22:00:00,2552.6,20241200,2552.6,20241200,2528.7,20241000
2024-08-26 23:00:00,2553.6,20241200,2553.6,20241200,2527.0,20241000
2024-08-27 00:00:00,2548.3,20241200,2548.3,20241200,2524.4,20241000
2024-08-27 01:00:00,2545.0,20241200,2545.0,20241200,2521.1,20241000
2024-08-27 02:00:00,2543.9,20241200,2543.9,20241200,2520.3,20241000
2024-08-27 03:00:00,2544.3,20241200,2544.3,20241200,2520.7,20241000
2024-08-27 04:00:00,2542.3,20241200,2542.3,20241200,2518.7,20241000
2024-08-27 05:00:00,2548.6,20241200,2548.6,20241200,2524.7,20241000
2024-08-27 06:00:00,2549.8,20241200,2549.8,20241200,2526.5,20241000
2024-08-27 07:00:00,2539.9,20241200,2539.9,20241200,2516.0,20241000
2024-08-27 08:00:00,2546.2,20241200,2546.2,20241200,2522.7,20241000
2024-08-27 09:00:00,2544.0,20241200,2544.0,20241200,2520.3,20241000
2024-08-27 10:00:00,2544.0,20241200,2544.0,20241200,2520.4,20241000
2024-08-27 11:00:00,2546.6,20241200,2546.6,20241200,2522.7,20241000
2024-08-27 12:00:00,2545.0,20241200,2545.0,20241200,2521.2,20241000
2024-08-27 13:00:00,2548.0,20241200,2548.0,20241200,2524.1,20241000
2024-08-27 14:00:00,2550.0,20241200,2550.0,20241200,2526.3,20241000
2024-08-27 15:00:00,2547.4,20241200,2547.4,20241200,2524.4,20241000
2024-08-27 16:00:00,2549.8,20241200,2549.8,20241200,2526.1,20241000
2024-08-27 17:00:00,2555.3,20241200,2555.3,20241200,2532.2,20241000
2024-08-27 18:00:00,2560.0,20241200,2560.0,20241200,2536.1,20241000
2024-08-27 19:00:00,2560.5,20241200,2560.5,20241200,2537.0,20241000
2024-08-27 20:00:00,2559.8,20241200,2559.8,20241200,2536.9,20241000
2024-08-27 22:00:00,2560.8,20241200,2560.8,20241200,2537.6,20241000
2024-08-27 23:00:00,2559.8,20241200,2559.8,20241200,2537.0,20241000
2024-08-28 00:00:00,2559.8,20241200,2559.8,20241200,2536.1,20241000
2024-08-28 01:00:00,2552.5,20241200,2552.5,20241200,2529.4,20241000
2024-08-28 02:00:00,2551.5,20241200,2551.5,20241200,2528.5,20241000
2024-08-28 03:00:00,2550.9,20241200,2550.9,20241200,2527.6,20241000
2024-08-28 04:00:00,2546.6,20241200,2546.6,20241200,2523.3,20241000
2024-08-28 05:00:00,2540.8,20241200,2540.8,20241200,2517.5,20241000
2024-08-28 06:00:00,2543.3,20241200,2543.3,20241200,2520.0,20241000
2024-08-28 07:00:00,2544.7,20241200,2544.7,20241200,2521.7,20241000
2024-08-28 08:00:00,2542.7,20241200,2542.7,20241200,2519.3,20241000
2024-08-28 09:00:00,2545.0,20241200,2545.0,20241200,2521.6,20241000
2024-08-28 10:00:00,2540.1,20241200,2540.1,20241200,2517.1,20241000
2024-08-28 11:00:00,2536.0,20241200,2536.0,20241200,2512.8,20241000
2024-08-28 12:00:00,2535.3,20241200,2535.3,20241200,2512.4,20241000
2024-08-28 13:00:00,2541.3,20241200,2541.3,20241200,2517.4,20241000
2024-08-28 14:00:00,2542.2,20241200,2542.2,20241200,2518.5,20241000
2024-08-28 15:00:00,2540.7,20241200,2540.7,20241200,2516.9,20241000
2024-08-28 16:00:00,2536.4,20241200,2536.4,20241200,2512.9,20241000
2024-08-28 17:00:00,2539.8,20241200,2539.8,20241200,2515.9,20241000
2024-08-28 18:00:00,2542.4,20241200,2542.4,20241200,2518.6,20241000
2024-08-28 19:00:00,2542.0,20241200,2542.0,20241200,2518.3,20241000
2024-08-28 20:00:00,2539.0,20241200,2539.0,20241200,2515.4,20241000
2024-08-28 22:00:00,2540.4,20241200,2540.4,20241200,2517.1,20241000
2024-08-28 23:00:00,2539.0,20241200,2539.0,20241200,2517.2,20241000
2024-08-29 00:00:00,2545.2,20241200,2545.2,20241200,2521.6,20241000
2024-08-29 01:00:00,2546.2,20241200,2546.2,20241200,2522.6,20241000
2024-08-29 02:00:00,2545.9,20241200,2545.9,20241200,2522.6,20241000
2024-08-29 03:00:00,2549.7,20241200,2549.7,20241200,2526.2,20241000
2024-08-29 04:00:00,2549.0,20241200,2549.0,20241200,2526.3,20241000
2024-08-29 05:00:00,2552.2,20241200,2552.2,20241200,2528.6,20241000
2024-08-29 06:00:00,2550.0,20241200,2550.0,20241200,2526.8,20241000
2024-08-29 07:00:00,2552.2,20241200,2552.2,20241200,2528.7,20241000
2024-08-29 08:00:00,2550.3,20241200,2550.3,20241200,2527.6,20241000
2024-08-29 09:00:00,2556.2,20241200,2556.2,20241200,2532.3,20241000
2024-08-29 10:00:00,2556.5,20241200,2556.5,20241200,2533.1,20241000
2024-08-29 11:00:00,2553.2,20241200,2553.2,20241200,2529.5,20241000
2024-08-29 12:00:00,2542.4,20241200,2542.4,20241200,2517.7,20241000
2024-08-29 13:00:00,2550.2,20241200,2550.2,20241200,2526.4,20241000
2024-08-29 14:00:00,2555.5,20241200,2555.5,20241200,2532.3,20241000
2024-08-29 15:00:00,2556.0,20241200,2556.0,20241200,2532.3,20241000
2024-08-29 16:00:00,2558.6,20241200,2558.6,20241200,2535.4,20241000
2024-08-29 17:00:00,2559.4,20241200,2559.4,20241200,2534.9,20241000
2024-08-29 18:00:00,2556.4,20241200,2556.4,20241200,2533.0,20241000
2024-08-29 19:00:00,2554.4,20241200,2554.4,20241200,2530.8,20241000
2024-08-29 20:00:00,2554.7,20241200,2554.7,20241200,2531.0,20241000
2024-08-29 22:00:00,2553.9,20241200,2553.9,20241200,2530.3,20241000
2024-08-29 23:00:00,2552.6,20241200,2552.6,20241200,2531.0,20241000
2024-08-30 00:00:00,2551.1,20241200,2551.1,20241200,2527.3,20241000
2024-08-30 01:00:00,2549.5,20241200,2549.5,20241200,2525.9,20241000
2024-08-30 02:00:00,2549.4,20241200,2549.4,20241200,2526.0,20241000
2024-08-30 03:00:00,2546.9,20241200,2546.9,20241200,2523.5,20241000
2024-08-30 04:00:00,2546.7,20241200,2546.7,20241200,2523.4,20241000
2024-08-30 05:00:00,2547.3,20241200,2547.3,20241200,2524.4,20241000
2024-08-30 06:00:00,2550.8,20241200,2550.8,20241200,2527.6,20241000
2024-08-30 07:00:00,2552.5,20241200,2552.5,20241200,2529.4,20241000
2024-08-30 08:00:00,2555.9,20241200,2555.9,20241200,2532.7,20241000
2024-08-30 09:00:00,2557.2,20241200,2557.2,20241200,2533.5,20241000
2024-08-30 10:00:00,2548.6,20241200,2548.6,20241200,2525.0,20241000
2024-08-30 11:00:00,2552.7,20241200,2552.7,20241200,2529.5,20241000
2024-08-30 12:00:00,2553.0,20241200,2553.0,20241200,2529.2,20241000
2024-08-30 13:00:00,2548.6,20241200,2548.6,20241200,2526.1,20241000
2024-08-30 14:00:00,2542.1,20241200,2542.1,20241200,2518.1,20241000
2024-08-30 15:00:00,2535.2,20241200,2535.2,20241200,2512.0,20241000
2024-08-30 16:00:00,2530.5,20241200,2530.5,20241200,2507.2,20241000
2024-08-30 17:00:00,2532.0,20241200,2532.0,20241200,2509.4,20241000
2024-08-30 18:00:00,2534.8,20241200,2534.8,20241200,2511.3,20241000
2024-08-30 19:00:00,2534.7,20241200,2534.7,20241200,2512.1,20241000
2024-08-30 20:00:00,2535.8,20241200,2535.8,20241200,2513.0,20241000
2024-08-30 23:00:00,2535.8,20241200,2535.8,20241200,2513.0,20241000
2024-09-01 22:00:00,2535.5,20241200,2535.5,20241200,2512.6,20241000
2024-09-01 23:00:00,2535.1,20241200,2535.1,20241200,2512.1,20241000
2024-09-02 00:00:00,2533.7,20241200,2533.7,20241200,2510.3,20241000
2024-09-02 01:00:00,2530.2,20241200,2530.2,20241200,2507.7,20241000
2024-09-02 02:00:00,2524.0,20241200,2524.0,20241200,2501.0,20241000
2024-09-02 03:00:00,2528.3,20241200,2528.3,20241200,2505.3,20241000
2024-09-02 04:00:00,2529.0,20241200,2529.0,20241200,2506.1,20241000
2024-09-02 05:00:00,2528.8,20241200,2528.8,20241200,2505.0,20241000
2024-09-02 06:00:00,2529.7,20241200,2529.7,20241200,2506.7,20241000
2024-09-02 07:00:00,2530.5,20241200,2530.5,20241200,2506.9,20241000
2024-09-02 08:00:00,2538.5,20241200,2538.5,20241200,2515.5,20241000
2024-09-02 09:00:00,2531.5,20241200,2531.5,20241200,2508.0,20241000
2024-09-02 10:00:00,2531.5,20241200,2531.5,20241200,2509.5,20241000
2024-09-02 11:00:00,2532.3,20241200,2532.3,20241200,2508.7,20241000
2024-09-02 12:00:00,2533.6,20241200,2533.6,20241200,2511.1,20241000
2024-09-02 13:00:00,2532.1,20241200,2532.1,20241200,2509.8,20241000
2024-09-02 14:00:00,2534.4,20241200,2534.4,20241200,2511.3,20241000
2024-09-02 15:00:00,2533.8,20241200,2533.8,20241200,2510.5,20241000
2024-09-02 16:00:00,2532.7,20241200,2532.7,20241200,2508.4,20241000
2024-09-02 17:00:00,2531.9,20241200,2531.9,20241200,2507.9,20241000
2024-09-02 18:00:00,2531.8,20241200,2531.8,20241200,2508.5,20241000
2024-09-02 22:00:00,2529.5,20241200,2529.5,20241200,2506.1,20241000
2024-09-02 23:00:00,2529.1,20241200,2529.1,20241200,2505.7,20241000
2024-09-03 00:00:00,2527.6,20241200,2527.6,20241200,2504.3,20241000
2024-09-03 01:00:00,2525.7,20241200,2525.7,20241200,2502.3,20241000
2024-09-03 02:00:00,2527.2,20241200,2527.2,20241200,2503.8,20241000
2024-09-03 03:00:00,2526.4,20241200,2526.4,20241200,2503.4,20241000
2024-09-03 04:00:00,2527.7,20241200,2527.7,20241200,2504.4,20241000
2024-09-03 05:00:00,2526.8,20241200,2526.8,20241200,2503.8,20241000
2024-09-03 06:00:00,2530.0,20241200,2530.0,20241200,2506.8,20241000
2024-09-03 07:00:00,2533.0,20241200,2533.0,20241200,2509.4,20241000
2024-09-03 08:00:00,2536.2,20241200,2536.2,20241200,2512.6,20241000
2024-09-03 09:00:00,2533.0,20241200,2533.0,20241200,2509.8,20241000
2024-09-03 10:00:00,2529.2,20241200,2529.2,20241200,2506.0,20241000
2024-09-03 11:00:00,2521.3,20241200,2521.3,20241200,2497.3,20241000
2024-09-03 12:00:00,2525.2,20241200,2525.2,20241200,2501.8,20241000
2024-09-03 13:00:00,2511.5,20241200,2511.5,20241200,2488.4,20241000
2024-09-03 14:00:00,2509.7,20241200,2509.7,20241200,2486.3,20241000
2024-09-03 15:00:00,2520.0,20241200,2520.0,20241200,2496.6,20241000
2024-09-03 16:00:00,2517.4,20241200,2517.4,20241200,2494.2,20241000
2024-09-03 17:00:00,2521.0,20241200,2521.0,20241200,2497.9,20241000
2024-09-03 18:00:00,2520.8,20241200,2520.8,20241200,2496.7,20241000
2024-09-03 19:00:00,2523.6,20241200,2523.6,20241200,2500.4,20241000
2024-09-03 20:00:00,2524.5,20241200,2524.5,20241200,2501.3,20241000
2024-09-03 22:00:00,2524.5,20241200,2524.5,20241200,2501.3,20241000
2024-09-03 23:00:00,2524.8,20241200,2524.8,20241200,2501.3,20241000
2024-09-04 00:00:00,2523.6,20241200,2523.6,20241200,2501.0,20241000
2024-09-04 01:00:00,2524.9,20241200,2524.9,20241200,2501.3,20241000
2024-09-04 02:00:00,2526.8,20241200,2526.8,20241200,2503.3,20241000
2024-09-04 03:00:00,2526.4,20241200,2526.4,20241200,2503.0,20241000
2024-09-04 04:00:00,2527.1,20241200,2527.1,20241200,2503.7,20241000
2024-09-04 05:00:00,2524.4,20241200,2524.4,20241200,2500.7,20241000
2024-09-04 06:00:00,2515.5,20241200,2515.5,20241200,2492.2,20241000
2024-09-04 07:00:00,2513.2,20241200,2513.2,20241200,2490.0,20241000
2024-09-04 08:00:00,2503.9,20241200,2503.9,20241200,2480.9,20241000
2024-09-04 09:00:00,2512.7,20241200,2512.7,20241200,2489.8,20241000
2024-09-04 10:00:00,2520.1,20241200,2520.1,20241200,2497.3,20241000
2024-09-04 11:00:00,2520.1,20241200,2520.1,20241200,2496.9,20241000
2024-09-04 12:00:00,2517.3,20241200,2517.3,20241200,2494.2,20241000
2024-09-04 13:00:00,2516.0,20241200,2516.0,20241200,2492.9,20241000
2024-09-04 14:00:00,2527.4,20241200,2527.4,20241200,2504.1,20241000
2024-09-04 15:00:00,2525.2,20241200,2525.2,20241200,2502.4,20241000
2024-09-04 16:00:00,2528.1,20241200,2528.1,20241200,2504.2,20241000
2024-09-04 17:00:00,2525.5,20241200,2525.5,20241200,2502.1,20241000
2024-09-04 18:00:00,2525.7,20241200,2525.7,20241200,2502.7,20241000
2024-09-04 19:00:00,2524.3,20241200,2524.3,20241200,2501.1,20241000
2024-09-04 20:00:00,2526.7,20241200,2526.7,20241200,2503.4,20241000
2024-09-04 22:00:00,2525.4,20241200,2525.4,20241200,2502.2,20241000
2024-09-04 23:00:00,2525.9,20241200,2525.9,20241200,2503.4,20241000
2024-09-05 00:00:00,2525.2,20241200,2525.2,20241200,2502.1,20241000
2024-09-05 01:00:00,2526.6,20241200,2526.6,20241200,2503.0,20241000
2024-09-05 02:00:00,2528.3,20241200,2528.3,20241200,2505.6,20241000
2024-09-05 03:00:00,2524.9,20241200,2524.9,20241200,2501.6,20241000
2024-09-05 04:00:00,2524.0,20241200,2524.0,20241200,2500.9,20241000
2024-09-05 05:00:00,2531.9,20241200,2531.9,20241200,2508.8,20241000
2024-09-05 06:00:00,2534.3,20241200,2534.3,20241200,2511.0,20241000
2024-09-05 07:00:00,2536.3,20241200,2536.3,20241200,2513.2,20241000
2024-09-05 08:00:00,2545.2,20241200,2545.2,20241200,2521.3,20241000
2024-09-05 09:00:00,2545.7,20241200,2545.7,20241200,2522.3,20241000
2024-09-05 10:00:00,2546.6,20241200,2546.6,20241200,2522.3,20241000
2024-09-05 11:00:00,2545.4,20241200,2545.4,20241200,2521.9,20241000
2024-09-05 12:00:00,2548.1,20241200,2548.1,20241200,2524.7,20241000
2024-09-05 13:00:00,2546.4,20241200,2546.4,20241200,2521.5,20241000
2024-09-05 14:00:00,2539.2,20241200,2539.2,20241200,2515.5,20241000
2024-09-05 15:00:00,2537.3,20241200,2537.3,20241200,2514.4,20241000
2024-09-05 16:00:00,2540.7,20241200,2540.7,20241200,2517.5,20241000
2024-09-05 17:00:00,2545.6,20241200,2545.6,20241200,2522.2,20241000
2024-09-05 18:00:00,2546.0,20241200,2546.0,20241200,2522.4,20241000
2024-09-05 19:00:00,2545.1,20241200,2545.1,20241200,2521.8,20241000
2024-09-05 20:00:00,2547.0,20241200,2547.0,20241200,2523.5,20241000
2024-09-05 22:00:00,2546.1,20241200,2546.1,20241200,2522.5,20241000
2024-09-05 23:00:00,2547.2,20241200,2547.2,20241200,2523.5,20241000
2024-09-06 00:00:00,2545.9,20241200,2545.9,20241200,2523.0,20241000
2024-09-06 01:00:00,2543.6,20241200,2543.6,20241200,2520.8,20241000
2024-09-06 02:00:00,2547.4,20241200,2547.4,20241200,2524.0,20241000
2024-09-06 03:00:00,2548.0,20241200,2548.0,20241200,2524.5,20241000
2024-09-06 04:00:00,2548.3,20241200,2548.3,20241200,2524.9,20241000
2024-09-06 05:00:00,2550.1,20241200,2550.1,20241200,2526.6,20241000
2024-09-06 06:00:00,2549.3,20241200,2549.3,20241200,2525.8,20241000
2024-09-06 07:00:00,2546.6,20241200,2546.6,20241200,2523.5,20241000
2024-09-06 08:00:00,2547.8,20241200,2547.8,20241200,2524.8,20241000
2024-09-06 09:00:00,2549.1,20241200,2549.1,20241200,2525.8,20241000
2024-09-06 10:00:00,2548.8,20241200,2548.8,20241200,2525.5,20241000
2024-09-06 11:00:00,2546.3,20241200,2546.3,20241200,2522.5,20241000
2024-09-06 12:00:00,2552.4,20241200,2552.4,20241200,2529.5,20241000
2024-09-06 13:00:00,2539.1,20241200,2539.1,20241200,2516.0,20241000
2024-09-06 14:00:00,2536.4,20241200,2536.4,20241200,2512.1,20241000
2024-09-06 15:00:00,2534.9,20241200,2534.9,20241200,2511.9,20241000
2024-09-06 16:00:00,2518.4,20241200,2518.4,20241200,2495.0,20241000
2024-09-06 17:00:00,2525.0,20241200,2525.0,20241200,2501.8,20241000
2024-09-06 18:00:00,2524.0,20241200,2524.0,20241200,2500.8,20241000
2024-09-06 19:00:00,2525.4,20241200,2525.4,20241200,2502.2,20241000
2024-09-06 20:00:00,2526.7,20241200,2526.7,20241200,2504.0,20241000
2024-09-06 23:00:00,2526.7,20241200,2526.7,20241200,2504.0,20241000
2024-09-08 22:00:00,2527.0,20241200,2527.0,20241200,2504.1,20241000
2024-09-08 23:00:00,2526.0,20241200,2526.0,20241200,2502.4,20241000
2024-09-09 00:00:00,2525.0,20241200,2525.0,20241200,2502.3,20241000
2024-09-09 01:00:00,2526.7,20241200,2526.7,20241200,2503.1,20241000
2024-09-09 02:00:00,2526.0,20241200,2526.0,20241200,2503.2,20241000
2024-09-09 03:00:00,2528.3,20241200,2528.3,20241200,2505.0,20241000
2024-09-09 04:00:00,2527.2,20241200,2527.2,20241200,2503.7,20241000
2024-09-09 05:00:00,2516.8,20241200,2516.8,20241200,2493.7,20241000
2024-09-09 06:00:00,2518.7,20241200,2518.7,20241200,2495.7,20241000
2024-09-09 07:00:00,2523.5,20241200,2523.5,20241200,2500.3,20241000
2024-09-09 08:00:00,2521.1,20241200,2521.1,20241200,2497.7,20241000
2024-09-09 09:00:00,2525.5,20241200,2525.5,20241200,2502.2,20241000
2024-09-09 10:00:00,2523.4,20241200,2523.4,20241200,2500.7,20241000
2024-09-09 11:00:00,2526.5,20241200,2526.5,20241200,2503.3,20241000
2024-09-09 12:00:00,2530.3,20241200,2530.3,20241200,2506.7,20241000
2024-09-09 13:00:00,2528.9,20241200,2528.9,20241200,2505.8,20241000
2024-09-09 14:00:00,2526.0,20241200,2526.0,20241200,2503.0,20241000
2024-09-09 15:00:00,2528.3,20241200,2528.3,20241200,2504.6,20241000
2024-09-09 16:00:00,2533.7,20241200,2533.7,20241200,2511.1,20241000
2024-09-09 17:00:00,2529.0,20241200,2529.0,20241200,2505.7,20241000
2024-09-09 18:00:00,2533.8,20241200,2533.8,20241200,2510.5,20241000
2024-09-09 19:00:00,2535.0,20241200,2535.0,20241200,2511.6,20241000
2024-09-09 20:00:00,2535.2,20241200,2535.2,20241200,2511.6,20241000
2024-09-09 22:00:00,2535.9,20241200,2535.9,20241200,2512.7,20241000
2024-09-09 23:00:00,2535.2,20241200,2535.2,20241200,2511.6,20241000
2024-09-10 00:00:00,2534.1,20241200,2534.1,20241200,2510.7,20241000
2024-09-10 01:00:00,2532.6,20241200,2532.6,20241200,2509.0,20241000
2024-09-10 02:00:00,2531.9,20241200,2531.9,20241200,2508.5,20241000
2024-09-10 03:00:00,2531.4,20241200,2531.4,20241200,2507.9,20241000
2024-09-10 04:00:00,2530.7,20241200,2530.7,20241200,2507.3,20241000
2024-09-10 05:00:00,2533.0,20241200,2533.0,20241200,2509.7,20241000
2024-09-10 06:00:00,2534.2,20241200,2534.2,20241200,2510.9,20241000
2024-09-10 07:00:00,2531.8,20241200,2531.8,20241200,2508.5,20241000
2024-09-10 08:00:00,2531.1,20241200,2531.1,20241200,2507.3,20241000
2024-09-10 09:00:00,2535.0,20241200,2535.0,20241200,2511.2,20241000
2024-09-10 10:00:00,2534.4,20241200,2534.4,20241200,2510.9,20241000
2024-09-10 11:00:00,2533.5,20241200,2533.5,20241200,2511.0,20241000
2024-09-10 12:00:00,2542.9,20241200,2542.9,20241200,2519.4,20241000
2024-09-10 13:00:00,2535.9,20241200,2535.9,20241200,2513.1,20241000
2024-09-10 14:00:00,2538.0,20241200,2538.0,20241200,2514.5,20241000
2024-09-10 15:00:00,2541.6,20241200,2541.6,20241200,2518.2,20241000
2024-09-10 16:00:00,2543.1,20241200,2543.1,20241200,2519.7,20241000
2024-09-10 17:00:00,2541.9,20241200,2541.9,20241200,2518.3,20241000
2024-09-10 18:00:00,2545.3,20241200,2545.3,20241200,2521.5,20241000
2024-09-10 19:00:00,2546.5,20241200,2546.5,20241200,2523.0,20241000
2024-09-10 20:00:00,2545.7,20241200,2545.7,20241200,2522.2,20241000
2024-09-10 22:00:00,2545.3,20241200,2545.3,20241200,2522.0,20241000
2024-09-10 23:00:00,2545.7,20241200,2545.7,20241200,2522.2,20241000
2024-09-11 00:00:00,2545.3,20241200,2545.3,20241200,2521.4,20241000
2024-09-11 01:00:00,2547.7,20241200,2547.7,20241200,2523.7,20241000
2024-09-11 02:00:00,2547.6,20241200,2547.6,20241200,2524.0,20241000
2024-09-11 03:00:00,2548.2,20241200,2548.2,20241200,2524.9,20241000
2024-09-11 04:00:00,2548.4,20241200,2548.4,20241200,2525.0,20241000
2024-09-11 05:00:00,2550.2,20241200,2550.2,20241200,2527.0,20241000
2024-09-11 06:00:00,2555.6,20241200,2555.6,20241200,2532.2,20241000
2024-09-11 07:00:00,2550.5,20241200,2550.5,20241200,2527.5,20241000
2024-09-11 08:00:00,2553.3,20241200,2553.3,20241200,2529.6,20241000
2024-09-11 09:00:00,2552.3,20241200,2552.3,20241200,2528.8,20241000
2024-09-11 10:00:00,2550.8,20241200,2550.8,20241200,2528.0,20241000
2024-09-11 11:00:00,2551.0,20241200,2551.0,20241200,2528.0,20241000
2024-09-11 12:00:00,2537.1,20241200,2537.1,20241200,2514.2,20241000
2024-09-11 13:00:00,2538.5,20241200,2538.5,20241200,2515.8,20241000
2024-09-11 14:00:00,2538.0,20241200,2538.0,20241200,2514.8,20241000
2024-09-11 15:00:00,2543.6,20241200,2543.6,20241200,2520.0,20241000
2024-09-11 16:00:00,2544.1,20241200,2544.1,20241200,2520.5,20241000
2024-09-11 17:00:00,2543.5,20241200,2543.5,20241200,2519.7,20241000
2024-09-11 18:00:00,2540.1,20241200,2540.1,20241200,2516.5,20241000
2024-09-11 19:00:00,2541.4,20241200,2541.4,20241200,2518.5,20241000
2024-09-11 20:00:00,2540.2,20241200,2540.2,20241200,2517.3,20241000
2024-09-11 22:00:00,2540.6,20241200,2540.6,20241200,2518.0,20241000
2024-09-11 23:00:00,2539.6,20241200,2539.6,20241200,2517.2,20241000
2024-09-12 00:00:00,2540.0,20241200,2540.0,20241200,2516.9,20241000
2024-09-12 01:00:00,2541.1,20241200,2541.1,20241200,2517.4,20241000
2024-09-12 02:00:00,2540.1,20241200,2540.1,20241200,2516.1,20241000
2024-09-12 03:00:00,2543.7,20241200,2543.7,20241200,2520.3,20241000
2024-09-12 04:00:00,2544.9,20241200,2544.9,20241200,2521.4,20241000
2024-09-12 05:00:00,2547.2,20241200,2547.2,20241200,2524.0,20241000
2024-09-12 06:00:00,2544.5,20241200,2544.5,20241200,2520.9,20241000
2024-09-12 07:00:00,2543.9,20241200,2543.9,20241200,2521.2,20241000
2024-09-12 08:00:00,2545.1,20241200,2545.1,20241200,2521.5,20241000
2024-09-12 09:00:00,2546.6,20241200,2546.6,20241200,2523.5,20241000
2024-09-12 10:00:00,2541.1,20241200,2541.1,20241200,2518.0,20241000
2024-09-12 11:00:00,2547.4,20241200,2547.4,20241200,2524.0,20241000
2024-09-12 12:00:00,2556.9,20241200,2556.9,20241200,2534.3,20241000
2024-09-12 13:00:00,2573.9,20241200,2573.9,20241200,2550.4,20241000
2024-09-12 14:00:00,2581.9,20241200,2581.9,20241200,2558.0,20241000
2024-09-12 15:00:00,2581.7,20241200,2581.7,20241200,2558.0,20241000
2024-09-12 16:00:00,2579.3,20241200,2579.3,20241200,2556.0,20241000
2024-09-12 17:00:00,2582.2,20241200,2582.2,20241200,2559.1,20241000
2024-09-12 18:00:00,2584.5,20241200,2584.5,20241200,2561.1,20241000
2024-09-12 19:00:00,2586.3,20241200,2586.3,20241200,2562.4,20241000
2024-09-12 20:00:00,2586.9,20241200,2586.9,20241200,2564.2,20241000
2024-09-12 22:00:00,2585.8,20241200,2585.8,20241200,2562.4,20241000
2024-09-12 23:00:00,2587.0,20241200,2587.0,20241200,2564.2,20241000
2024-09-13 00:00:00,2589.9,20241200,2589.9,20241200,2566.2,20241000
2024-09-13 01:00:00,2591.3,20241200,2591.3,20241200,2567.3,20241000
2024-09-13 02:00:00,2593.3,20241200,2593.3,20241200,2570.0,20241000
2024-09-13 03:00:00,2596.1,20241200,2596.1,20241200,2572.0,20241000
2024-09-13 04:00:00,2596.9,20241200,2596.9,20241200,2573.7,20241000
2024-09-13 05:00:00,2594.9,20241200,2594.9,20241200,2571.4,20241000
2024-09-13 06:00:00,2595.1,20241200,2595.1,20241200,2571.9,20241000
2024-09-13 07:00:00,2597.8,20241200,2597.8,20241200,2574.3,20241000
2024-09-13 08:00:00,2597.7,20241200,2597.7,20241200,2574.5,20241000
2024-09-13 09:00:00,2596.3,20241200,2596.3,20241200,2572.7,20241000
2024-09-13 10:00:00,2594.9,20241200,2594.9,20241200,2571.3,20241000
2024-09-13 11:00:00,2594.9,20241200,2594.9,20241200,2571.5,20241000
2024-09-13 12:00:00,2603.9,20241200,2603.9,20241200,2580.3,20241000
2024-09-13 13:00:00,2606.7,20241200,2606.7,20241200,2582.2,20241000
2024-09-13 14:00:00,2606.3,20241200,2606.3,20241200,2582.0,20241000
2024-09-13 15:00:00,2610.3,20241200,2610.3,20241200,2586.5,20241000
2024-09-13 16:00:00,2612.5,20241200,2612.5,20241200,2588.9,20241000
2024-09-13 17:00:00,2610.7,20241200,2610.7,20241200,2586.7,20241000
2024-09-13 18:00:00,2610.5,20241200,2610.5,20241200,2586.6,20241000
2024-09-13 19:00:00,2610.9,20241200,2610.9,20241200,2587.2,20241000
2024-09-13 20:00:00,2606.2,20241200,2606.2,20241200,2583.7,20241000
2024-09-13 23:00:00,2606.2,20241200,2606.2,20241200,2583.7,20241000
2024-09-15 22:00:00,2608.1,20241200,2608.1,20241200,2584.5,20241000
2024-09-15 23:00:00,2607.0,20241200,2607.0,20241200,2583.2,20241000
2024-09-16 00:00:00,2609.0,20241200,2609.0,20241200,2586.1,20241000
2024-09-16 01:00:00,2609.3,20241200,2609.3,20241200,2586.3,20241000
2024-09-16 02:00:00,2613.2,20241200,2613.2,20241200,2589.8,20241000
2024-09-16 03:00:00,2614.1,20241200,2614.1,20241200,2590.5,20241000
2024-09-16 04:00:00,2613.6,20241200,2613.6,20241200,2590.0,20241000
2024-09-16 05:00:00,2616.2,20241200,2616.2,20241200,2592.4,20241000
2024-09-16 06:00:00,2612.9,20241200,2612.9,20241200,2589.3,20241000
2024-09-16 07:00:00,2609.8,20241200,2609.8,20241200,2586.1,20241000
2024-09-16 08:00:00,2614.3,20241200,2614.3,20241200,2591.2,20241000
2024-09-16 09:00:00,2613.0,20241200,2613.0,20241200,2588.2,20241000
2024-09-16 10:00:00,2607.5,20241200,2607.5,20241200,2583.8,20241000
2024-09-16 11:00:00,2610.5,20241200,2610.5,20241200,2586.5,20241000
2024-09-16 12:00:00,2610.7,20241200,2610.7,20241200,2586.8,20241000
2024-09-16 13:00:00,2615.9,20241200,2615.9,20241200,2592.8,20241000
2024-09-16 14:00:00,2607.8,20241200,2607.8,20241200,2583.3,20241000
2024-09-16 15:00:00,2607.3,20241200,2607.3,20241200,2583.6,20241000
2024-09-16 16:00:00,2611.2,20241200,2611.2,20241200,2587.6,20241000
2024-09-16 17:00:00,2610.0,20241200,2610.0,20241200,2586.1,20241000
2024-09-16 18:00:00,2608.6,20241200,2608.6,20241200,2584.7,20241000
2024-09-16 19:00:00,2610.0,20241200,2610.0,20241200,2586.1,20241000
2024-09-16 20:00:00,2610.0,20241200,2610.0,20241200,2586.4,20241000
2024-09-16 22:00:00,2610.1,20241200,2610.1,20241200,2586.2,20241000
2024-09-16 23:00:00,2610.0,20241200,2610.0,20241200,2586.4,20241000
2024-09-17 00:00:00,2607.0,20241200,2607.0,20241200,2584.2,20241000
2024-09-17 01:00:00,2629.3,20250200,2629.3,20250200,2609.7,20241200
2024-09-17 02:00:00,2630.2,20250200,2630.2,20250200,2608.7,20241200
2024-09-17 03:00:00,2626.1,20250200,2626.1,20250200,2604.4,20241200
2024-09-17 04:00:00,2626.3,20250200,2626.3,20250200,2603.8,20241200
2024-09-17 05:00:00,2628.1,20250200,2628.1,20250200,2606.2,20241200
2024-09-17 06:00:00,2632.8,20250200,2632.8,20250200,2611.2,20241200
2024-09-17 07:00:00,2634.0,20250200,2634.0,20250200,2610.8,20241200
2024-09-17 08:00:00,2627.4,20250200,2627.4,20250200,2607.3,20241200
2024-09-17 09:00:00,2622.4,20250200,2622.4,20250200,2600.3,20241200
2024-09-17 10:00:00,2619.3,20250200,2619.3,20250200,2600.3,20241200
2024-09-17 11:00:00,2629.3,20250200,2629.3,20250200,2607.1,20241200
2024-09-17 12:00:00,2626.1,20250200,2626.1,20250200,2604.7,20241200
2024-09-17 13:00:00,2623.0,20250200,2623.0,20250200,2600.4,20241200
2024-09-17 14:00:00,2623.9,20250200,2623.9,20250200,2603.5,20241200
2024-09-17 15:00:00,2613.7,20250200,2613.7,20250200,2592.3,20241200
2024-09-17 16:00:00,2610.6,20250200,2610.6,20250200,2589.7,20241200
2024-09-17 17:00:00,2618.7,20250200,2618.7,20250200,2596.8,20241200
2024-09-17 18:00:00,2618.8,20250200,2618.8,20250200,2597.1,20241200
2024-09-17 19:00:00,2616.9,20250200,2616.9,20250200,2595.3,20241200
2024-09-17 20:00:00,2618.6,20250200,2618.6,20250200,2596.2,20241200
2024-09-17 22:00:00,2619.2,20250200,2619.2,20250200,2597.1,20241200
2024-09-17 23:00:00,2618.6,20250200,2618.6,20250200,2600.2,20241200
2024-09-18 00:00:00,2621.3,20250200,2621.3,20250200,2599.3,20241200
2024-09-18 01:00:00,2622.1,20250200,2622.1,20250200,2598.6,20241200
2024-09-18 02:00:00,2621.2,20250200,2621.2,20250200,2600.2,20241200
2024-09-18 03:00:00,2623.9,20250200,2623.9,20250200,2602.1,20241200
2024-09-18 04:00:00,2616.3,20250200,2616.3,20250200,2594.9,20241200
2024-09-18 05:00:00,2615.1,20250200,2615.1,20250200,2594.0,20241200
2024-09-18 06:00:00,2617.1,20250200,2617.1,20250200,2595.4,20241200
2024-09-18 07:00:00,2619.4,20250200,2619.4,20250200,2597.7,20241200
2024-09-18 08:00:00,2617.7,20250200,2617.7,20250200,2596.1,20241200
2024-09-18 09:00:00,2619.8,20250200,2619.8,20250200,2598.5,20241200
2024-09-18 10:00:00,2624.2,20250200,2624.2,20250200,2602.7,20241200
2024-09-18 11:00:00,2625.4,20250200,2625.4,20250200,2604.0,20241200
2024-09-18 12:00:00,2624.0,20250200,2624.0,20250200,2602.9,20241200
2024-09-18 13:00:00,2619.8,20250200,2619.8,20250200,2598.6,20241200
2024-09-18 14:00:00,2620.3,20250200,2620.3,20250200,2598.5,20241200
2024-09-18 15:00:00,2618.6,20250200,2618.6,20250200,2596.6,20241200
2024-09-18 16:00:00,2623.8,20250200,2623.8,20250200,2601.8,20241200
2024-09-18 17:00:00,2615.0,20250200,2615.0,20250200,2594.9,20241200
2024-09-18 18:00:00,2627.5,20250200,2627.5,20250200,2601.9,20241200
2024-09-18 19:00:00,2596.1,20250200,2596.1,20250200,2574.8,20241200
2024-09-18 20:00:00,2606.3,20250200,2606.3,20250200,2584.9,20241200
2024-09-18 22:00:00,2606.6,20250200,2606.6,20250200,2584.2,20241200
2024-09-18 23:00:00,2605.0,20250200,2605.0,20250200,2584.9,20241200
2024-09-19 00:00:00,2605.4,20250200,2605.4,20250200,2583.5,20241200
2024-09-19 01:00:00,2601.2,20250200,2601.2,20250200,2580.0,20241200
2024-09-19 02:00:00,2610.3,20250200,2610.3,20250200,2589.0,20241200
2024-09-19 03:00:00,2610.4,20250200,2610.4,20250200,2588.7,20241200
2024-09-19 04:00:00,2609.8,20250200,2609.8,20250200,2588.7,20241200
2024-09-19 05:00:00,2620.1,20250200,2620.1,20250200,2599.2,20241200
2024-09-19 06:00:00,2621.7,20250200,2621.7,20250200,2600.7,20241200
2024-09-19 07:00:00,2630.8,20250200,2630.8,20250200,2609.7,20241200
2024-09-19 08:00:00,2631.7,20250200,2631.7,20250200,2610.3,20241200
2024-09-19 09:00:00,2638.1,20250200,2638.1,20250200,2617.0,20241200
2024-09-19 10:00:00,2635.0,20250200,2635.0,20250200,2613.9,20241200
2024-09-19 11:00:00,2636.6,20250200,2636.6,20250200,2614.8,20241200
2024-09-19 12:00:00,2623.2,20250200,2623.2,20250200,2601.7,20241200
2024-09-19 13:00:00,2622.3,20250200,2622.3,20250200,2600.1,20241200
2024-09-19 14:00:00,2629.5,20250200,2629.5,20250200,2606.4,20241200
2024-09-19 15:00:00,2635.3,20250200,2635.3,20250200,2614.5,20241200
2024-09-19 16:00:00,2639.3,20250200,2639.3,20250200,2617.0,20241200
2024-09-19 17:00:00,2637.3,20250200,2637.3,20250200,2616.0,20241200
2024-09-19 18:00:00,2636.0,20250200,2636.0,20250200,2613.5,20241200
2024-09-19 19:00:00,2635.5,20250200,2635.5,20250200,2613.3,20241200
2024-09-19 20:00:00,2633.6,20250200,2633.6,20250200,2611.5,20241200
2024-09-19 22:00:00,2633.9,20250200,2633.9,20250200,2612.4,20241200
2024-09-19 23:00:00,2633.6,20250200,2633.6,20250200,2611.5,20241200
2024-09-20 00:00:00,2634.3,20250200,2634.3,20250200,2612.8,20241200
2024-09-20 01:00:00,2635.7,20250200,2635.7,20250200,2613.2,20241200
2024-09-20 02:00:00,2638.1,20250200,2638.1,20250200,2616.6,20241200
2024-09-20 03:00:00,2638.9,20250200,2638.9,20250200,2616.7,20241200
2024-09-20 04:00:00,2640.4,20250200,2640.4,20250200,2618.6,20241200
2024-09-20 05:00:00,2640.9,20250200,2640.9,20250200,2619.6,20241200
2024-09-20 06:00:00,2652.7,20250200,2652.7,20250200,2630.8,20241200
2024-09-20 07:00:00,2652.4,20250200,2652.4,20250200,2632.3,20241200
2024-09-20 08:00:00,2656.7,20250200,2656.7,20250200,2634.9,20241200
2024-09-20 09:00:00,2652.8,20250200,2652.8,20250200,2631.5,20241200
2024-09-20 10:00:00,2660.1,20250200,2660.1,20250200,2638.3,20241200
2024-09-20 11:00:00,2661.8,20250200,2661.8,20250200,2639.1,20241200
2024-09-20 12:00:00,2664.8,20250200,2664.8,20250200,2641.0,20241200
2024-09-20 13:00:00,2651.7,20250200,2651.7,20250200,2632.0,20241200
2024-09-20 14:00:00,2662.0,20250200,2662.0,20250200,2639.0,20241200
2024-09-20 15:00:00,2670.1,20250200,2670.1,20250200,2648.2,20241200
2024-09-20 16:00:00,2671.9,20250200,2671.9,20250200,2650.1,20241200
2024-09-20 17:00:00,2666.4,20250200,2666.4,20250200,2644.7,20241200
2024-09-20 18:00:00,2667.2,20250200,2667.2,20250200,2646.9,20241200
2024-09-20 19:00:00,2668.4,20250200,2668.4,20250200,2646.1,20241200
2024-09-20 20:00:00,2669.2,20250200,2669.2,20250200,2647.1,20241200
2024-09-20 23:00:00,2669.2,20250200,2669.2,20250200,2647.1,20241200
2024-09-22 22:00:00,2666.8,20250200,2666.8,20250200,2644.9,20241200
2024-09-22 23:00:00,2667.3,20250200,2667.3,20250200,2644.8,20241200
2024-09-23 00:00:00,2665.5,20250200,2665.5,20250200,2643.0,20241200
2024-09-23 01:00:00,2667.0,20250200,2667.0,20250200,2644.9,20241200
2024-09-23 02:00:00,2672.4,20250200,2672.4,20250200,2650.0,20241200
2024-09-23 03:00:00,2675.1,20250200,2675.1,20250200,2653.1,20241200
2024-09-23 04:00:00,2677.3,20250200,2677.3,20250200,2654.2,20241200
2024-09-23 05:00:00,2676.3,20250200,2676.3,20250200,2654.7,20241200
2024-09-23 06:00:00,2671.6,20250200,2671.6,20250200,2649.4,20241200
2024-09-23 07:00:00,2662.1,20250200,2662.1,20250200,2640.1,20241200
2024-09-23 08:00:00,2663.0,20250200,2663.0,20250200,2641.6,20241200
2024-09-23 09:00:00,2668.2,20250200,2668.2,20250200,2646.3,20241200
2024-09-23 10:00:00,2668.6,20250200,2668.6,20250200,2646.1,20241200
2024-09-23 11:00:00,2670.6,20250200,2670.6,20250200,2648.9,20241200
2024-09-23 12:00:00,2674.9,20250200,2674.9,20250200,2652.0,20241200
2024-09-23 13:00:00,2679.8,20250200,2679.8,20250200,2656.6,20241200
2024-09-23 14:00:00,2676.9,20250200,2676.9,20250200,2655.4,20241200
2024-09-23 15:00:00,2678.0,20250200,2678.0,20250200,2654.0,20241200
2024-09-23 16:00:00,2675.4,20250200,2675.4,20250200,2653.2,20241200
2024-09-23 17:00:00,2675.0,20250200,2675.0,20250200,2653.0,20241200
2024-09-23 18:00:00,2674.3,20250200,2674.3,20250200,2652.3,20241200
2024-09-23 19:00:00,2673.5,20250200,2673.5,20250200,2651.0,20241200
2024-09-23 20:00:00,2673.5,20250200,2673.5,20250200,2653.5,20241200
2024-09-23 22:00:00,2674.3,20250200,2674.3,20250200,2652.0,20241200
2024-09-23 23:00:00,2672.6,20250200,2672.6,20250200,2653.5,20241200
2024-09-24 00:00:00,2670.8,20250200,2670.8,20250200,2649.9,20241200
2024-09-24 01:00:00,2676.1,20250200,2676.1,20250200,2653.9,20241200
2024-09-24 02:00:00,2675.0,20250200,2675.0,20250200,2653.9,20241200
2024-09-24 03:00:00,2681.6,20250200,2681.6,20250200,2658.7,20241200
2024-09-24 04:00:00,2684.2,20250200,2684.2,20250200,2662.5,20241200
2024-09-24 05:00:00,2672.0,20250200,2672.0,20250200,2650.0,20241200
2024-09-24 06:00:00,2674.9,20250200,2674.9,20250200,2653.3,20241200
2024-09-24 07:00:00,2674.0,20250200,2674.0,20250200,2653.7,20241200
2024-09-24 08:00:00,2675.1,20250200,2675.1,20250200,2653.7,20241200
2024-09-24 09:00:00,2677.0,20250200,2677.0,20250200,2655.4,20241200
2024-09-24 10:00:00,2680.1,20250200,2680.1,20250200,2658.4,20241200
2024-09-24 11:00:00,2673.0,20250200,2673.0,20250200,2651.1,20241200
2024-09-24 12:00:00,2680.0,20250200,2680.0,20250200,2657.9,20241200
2024-09-24 13:00:00,2682.0,20250200,2682.0,20250200,2660.3,20241200
2024-09-24 14:00:00,2690.8,20250200,2690.8,20250200,2668.5,20241200
2024-09-24 15:00:00,2689.9,20250200,2689.9,20250200,2667.9,20241200
2024-09-24 16:00:00,2700.5,20250200,2700.5,20250200,2678.5,20241200
2024-09-24 17:00:00,2700.8,20250200,2700.8,20250200,2679.2,20241200
2024-09-24 18:00:00,2704.2,20250200,2704.2,20250200,2682.3,20241200
2024-09-24 19:00:00,2709.6,20250200,2709.6,20250200,2687.7,20241200
2024-09-24 20:00:00,2704.4,20250200,2704.4,20250200,2682.0,20241200
2024-09-24 22:00:00,2705.7,20250200,2705.7,20250200,2683.8,20241200
2024-09-24 23:00:00,2704.4,20250200,2704.4,20250200,2683.0,20241200
2024-09-25 00:00:00,2706.7,20250200,2706.7,20250200,2685.4,20241200
2024-09-25 01:00:00,2706.3,20250200,2706.3,20250200,2684.2,20241200
2024-09-25 02:00:00,2716.5,20250200,2716.5,20250200,2694.3,20241200
2024-09-25 03:00:00,2706.7,20250200,2706.7,20250200,2685.9,20241200
2024-09-25 04:00:00,2705.9,20250200,2705.9,20250200,2683.3,20241200
2024-09-25 05:00:00,2703.6,20250200,2703.6,20250200,2681.2,20241200
2024-09-25 06:00:00,2702.0,20250200,2702.0,20250200,2679.3,20241200
2024-09-25 07:00:00,2701.2,20250200,2701.2,20250200,2681.0,20241200
2024-09-25 08:00:00,2701.4,20250200,2701.4,20250200,2680.1,20241200
2024-09-25 09:00:00,2703.0,20250200,2703.0,20250200,2681.1,20241200
2024-09-25 10:00:00,2700.8,20250200,2700.8,20250200,2679.8,20241200
2024-09-25 11:00:00,2703.4,20250200,2703.4,20250200,2681.8,20241200
2024-09-25 12:00:00,2704.6,20250200,2704.6,20250200,2683.8,20241200
2024-09-25 13:00:00,2710.2,20250200,2710.2,20250200,2688.6,20241200
2024-09-25 14:00:00,2703.7,20250200,2703.7,20250200,2683.3,20241200
2024-09-25 15:00:00,2704.2,20250200,2704.2,20250200,2682.4,20241200
2024-09-25 16:00:00,2699.6,20250200,2699.6,20250200,2678.0,20241200
2024-09-25 17:00:00,2707.6,20250200,2707.6,20250200,2684.9,20241200
2024-09-25 18:00:00,2705.4,20250200,2705.4,20250200,2684.6,20241200
2024-09-25 19:00:00,2705.5,20250200,2705.5,20250200,2683.8,20241200
2024-09-25 20:00:00,2703.4,20250200,2703.4,20250200,2681.4,20241200
2024-09-25 22:00:00,2703.8,20250200,2703.8,20250200,2681.8,20241200
2024-09-25 23:00:00,2701.5,20250200,2701.5,20250200,2679.9,20241200
2024-09-26 00:00:00,2704.1,20250200,2704.1,20250200,2682.4,20241200
2024-09-26 01:00:00,2706.7,20250200,2706.7,20250200,2684.4,20241200
2024-09-26 02:00:00,2703.1,20250200,2703.1,20250200,2681.5,20241200
2024-09-26 03:00:00,2707.6,20250200,2707.6,20250200,2685.7,20241200
2024-09-26 04:00:00,2705.3,20250200,2705.3,20250200,2683.9,20241200
2024-09-26 05:00:00,2705.6,20250200,2705.6,20250200,2684.7,20241200
2024-09-26 06:00:00,2706.5,20250200,2706.5,20250200,2684.7,20241200
2024-09-26 07:00:00,2710.0,20250200,2710.0,20250200,2687.6,20241200
2024-09-26 08:00:00,2712.8,20250200,2712.8,20250200,2692.3,20241200
2024-09-26 09:00:00,2712.7,20250200,2712.7,20250200,2692.2,20241200
2024-09-26 10:00:00,2718.0,20250200,2718.0,20250200,2696.0,20241200
2024-09-26 11:00:00,2727.1,20250200,2727.1,20250200,2705.9,20241200
2024-09-26 12:00:00,2723.5,20250200,2723.5,20250200,2700.2,20241200
2024-09-26 13:00:00,2705.7,20250200,2705.7,20250200,2683.6,20241200
2024-09-26 14:00:00,2711.0,20250200,2711.0,20250200,2688.8,20241200
2024-09-26 15:00:00,2716.5,20250200,2716.5,20250200,2694.2,20241200
2024-09-26 16:00:00,2712.3,20250200,2712.3,20250200,2691.1,20241200
2024-09-26 17:00:00,2716.0,20250200,2716.0,20250200,2693.9,20241200
2024-09-26 18:00:00,2720.3,20250200,2720.3,20250200,2698.8,20241200
2024-09-26 19:00:00,2718.0,20250200,2718.0,20250200,2696.5,20241200
2024-09-26 20:00:00,2717.4,20250200,2717.4,20250200,2695.1,20241200
2024-09-26 22:00:00,2717.1,20250200,2717.1,20250200,2694.7,20241200
2024-09-26 23:00:00,2717.4,20250200,2717.4,20250200,2695.1,20241200
2024-09-27 00:00:00,2714.3,20250200,2714.3,20250200,2692.3,20241200
2024-09-27 01:00:00,2713.3,20250200,2713.3,20250200,2691.9,20241200
2024-09-27 02:00:00,2714.8,20250200,2714.8,20250200,2691.2,20241200
2024-09-27 03:00:00,2717.9,20250200,2717.9,20250200,2696.0,20241200
2024-09-27 04:00:00,2714.6,20250200,2714.6,20250200,2692.8,20241200
2024-09-27 05:00:00,2709.2,20250200,2709.2,20250200,2687.2,20241200
2024-09-27 06:00:00,2709.7,20250200,2709.7,20250200,2687.9,20241200
2024-09-27 07:00:00,2711.7,20250200,2711.7,20250200,2687.1,20241200
2024-09-27 08:00:00,2707.3,20250200,2707.3,20250200,2684.9,20241200
2024-09-27 09:00:00,2708.2,20250200,2708.2,20250200,2686.1,20241200
2024-09-27 10:00:00,2709.4,20250200,2709.4,20250200,2686.7,20241200
2024-09-27 11:00:00,2710.1,20250200,2710.1,20250200,2688.4,20241200
2024-09-27 12:00:00,2715.9,20250200,2715.9,20250200,2692.2,20241200
2024-09-27 13:00:00,2711.0,20250200,2711.0,20250200,2688.9,20241200
2024-09-27 14:00:00,2694.0,20250200,2694.0,20250200,2671.6,20241200
2024-09-27 15:00:00,2693.5,20250200,2693.5,20250200,2672.1,20241200
2024-09-27 16:00:00,2696.5,20250200,2696.5,20250200,2674.0,20241200
2024-09-27 17:00:00,2689.7,20250200,2689.7,20250200,2667.7,20241200
2024-09-27 18:00:00,2692.8,20250200,2692.8,20250200,2670.3,20241200
2024-09-27 19:00:00,2696.0,20250200,2696.0,20250200,2674.5,20241200
2024-09-27 20:00:00,2702.9,20250200,2702.9,20250200,2680.8,20241200
2024-09-27 23:00:00,2702.9,20250200,2702.9,20250200,2680.8,20241200
2024-09-29 22:00:00,2706.4,20250200,2706.4,20250200,2684.6,20241200
2024-09-29 23:00:00,2708.1,20250200,2708.1,20250200,2685.4,20241200
2024-09-30 00:00:00,2705.0,20250200,2705.0,20250200,2683.0,20241200
2024-09-30 01:00:00,2696.0,20250200,2696.0,20250200,2674.3,20241200
2024-09-30 02:00:00,2695.8,20250200,2695.8,20250200,2674.0,20241200
2024-09-30 03:00:00,2696.4,20250200,2696.4,20250200,2675.1,20241200
2024-09-30 04:00:00,2698.4,20250200,2698.4,20250200,2677.5,20241200
2024-09-30 05:00:00,2701.1,20250200,2701.1,20250200,2679.6,20241200
2024-09-30 06:00:00,2701.1,20250200,2701.1,20250200,2679.6,20241200
2024-09-30 07:00:00,2694.6,20250200,2694.6,20250200,2672.7,20241200
2024-09-30 08:00:00,2696.7,20250200,2696.7,20250200,2675.1,20241200
2024-09-30 09:00:00,2693.5,20250200,2693.5,20250200,2671.4,20241200
2024-09-30 10:00:00,2680.3,20250200,2680.3,20250200,2658.4,20241200
2024-09-30 11:00:00,2685.5,20250200,2685.5,20250200,2663.2,20241200
2024-09-30 12:00:00,2682.5,20250200,2682.5,20250200,2660.7,20241200
2024-09-30 13:00:00,2681.4,20250200,2681.4,20250200,2657.1,20241200
2024-09-30 14:00:00,2677.5,20250200,2677.5,20250200,2655.0,20241200
2024-09-30 15:00:00,2678.0,20250200,2678.0,20250200,2655.3,20241200
2024-09-30 16:00:00,2682.7,20250200,2682.7,20250200,2660.8,20241200
2024-09-30 17:00:00,2681.2,20250200,2681.2,20250200,2659.4,20241200
2024-09-30 18:00:00,2675.1,20250200,2675.1,20250200,2653.3,20241200
2024-09-30 19:00:00,2674.5,20250200,2674.5,20250200,2652.8,20241200
2024-09-30 20:00:00,2677.8,20250200,2677.8,20250200,2656.7,20241200
2024-09-30 22:00:00,2677.9,20250200,2677.9,20250200,2656.5,20241200
2024-09-30 23:00:00,2677.8,20250200,2677.8,20250200,2656.7,20241200
2024-10-01 00:00:00,2680.7,20250200,2680.7,20250200,2658.0,20241200
2024-10-01 01:00:00,2683.2,20250200,2683.2,20250200,2661.2,20241200
2024-10-01 02:00:00,2680.5,20250200,2680.5,20250200,2657.8,20241200
2024-10-01 03:00:00,2681.5,20250200,2681.5,20250200,2659.2,20241200
2024-10-01 04:00:00,2682.2,20250200,2682.2,20250200,2660.8,20241200
2024-10-01 05:00:00,2685.8,20250200,2685.8,20250200,2664.4,20241200
2024-10-01 06:00:00,2687.7,20250200,2687.7,20250200,2666.5,20241200
2024-10-01 07:00:00,2689.3,20250200,2689.3,20250200,2666.9,20241200
2024-10-01 08:00:00,2689.2,20250200,2689.2,20250200,2667.9,20241200
2024-10-01 09:00:00,2692.6,20250200,2692.6,20250200,2670.0,20241200
2024-10-01 10:00:00,2693.0,20250200,2693.0,20250200,2671.7,20241200
2024-10-01 11:00:00,2693.9,20250200,2693.9,20250200,2671.7,20241200
2024-10-01 12:00:00,2694.6,20250200,2694.6,20250200,2673.2,20241200
2024-10-01 13:00:00,2712.8,20250200,2712.8,20250200,2690.9,20241200
2024-10-01 14:00:00,2702.5,20250200,2702.5,20250200,2680.6,20241200
2024-10-01 15:00:00,2707.3,20250200,2707.3,20250200,2685.2,20241200
2024-10-01 16:00:00,2710.5,20250200,2710.5,20250200,2688.0,20241200
2024-10-01 17:00:00,2705.5,20250200,2705.5,20250200,2683.7,20241200
2024-10-01 18:00:00,2704.5,20250200,2704.5,20250200,2682.6,20241200
2024-10-01 19:00:00,2702.7,20250200,2702.7,20250200,2680.0,20241200
2024-10-01 20:00:00,2706.4,20250200,2706.4,20250200,2684.9,20241200
2024-10-01 22:00:00,2705.5,20250200,2705.5,20250200,2682.9,20241200
2024-10-01 23:00:00,2706.4,20250200,2706.4,20250200,2684.9,20241200
2024-10-02 00:00:00,2700.5,20250200,2700.5,20250200,2678.6,20241200
2024-10-02 01:00:00,2704.3,20250200,2704.3,20250200,2681.7,20241200
2024-10-02 02:00:00,2703.6,20250200,2703.6,20250200,2681.2,20241200
2024-10-02 03:00:00,2698.9,20250200,2698.9,20250200,2676.4,20241200
2024-10-02 04:00:00,2697.3,20250200,2697.3,20250200,2675.1,20241200
2024-10-02 05:00:00,2692.0,20250200,2692.0,20250200,2669.0,20241200
2024-10-02 06:00:00,2691.5,20250200,2691.5,20250200,2670.6,20241200
2024-10-02 07:00:00,2698.5,20250200,2698.5,20250200,2676.4,20241200
2024-10-02 08:00:00,2694.6,20250200,2694.6,20250200,2673.5,20241200
2024-10-02 09:00:00,2695.8,20250200,2695.8,20250200,2674.0,20241200
2024-10-02 10:00:00,2693.8,20250200,2693.8,20250200,2670.0,20241200
2024-10-02 11:00:00,2692.9,20250200,2692.9,20250200,2670.6,20241200
2024-10-02 12:00:00,2694.0,20250200,2694.0,20250200,2670.7,20241200
2024-10-02 13:00:00,2702.6,20250200,2702.6,20250200,2680.9,20241200
2024-10-02 14:00:00,2691.4,20250200,2691.4,20250200,2669.1,20241200
2024-10-02 15:00:00,2692.6,20250200,2692.6,20250200,2671.2,20241200
2024-10-02 16:00:00,2693.2,20250200,2693.2,20250200,2671.0,20241200
2024-10-02 17:00:00,2696.1,20250200,2696.1,20250200,2673.6,20241200
2024-10-02 18:00:00,2697.5,20250200,2697.5,20250200,2675.1,20241200
2024-10-02 19:00:00,2701.7,20250200,2701.7,20250200,2679.7,20241200
2024-10-02 20:00:00,2702.0,20250200,2702.0,20250200,2680.1,20241200
2024-10-02 22:00:00,2701.9,20250200,2701.9,20250200,2679.5,20241200
2024-10-02 23:00:00,2702.5,20250200,2702.5,20250200,2680.2,20241200
2024-10-03 00:00:00,2700.3,20250200,2700.3,20250200,2678.0,20241200
2024-10-03 01:00:00,2700.7,20250200,2700.7,20250200,2678.9,20241200
2024-10-03 02:00:00,2699.2,20250200,2699.2,20250200,2676.2,20241200
2024-10-03 03:00:00,2700.0,20250200,2700.0,20250200,2676.3,20241200
2024-10-03 04:00:00,2698.1,20250200,2698.1,20250200,2675.2,20241200
2024-10-03 05:00:00,2695.5,20250200,2695.5,20250200,2673.7,20241200
2024-10-03 06:00:00,2698.6,20250200,2698.6,20250200,2676.3,20241200
2024-10-03 07:00:00,2686.0,20250200,2686.0,20250200,2665.5,20241200
2024-10-03 08:00:00,2687.7,20250200,2687.7,20250200,2665.3,20241200
2024-10-03 09:00:00,2687.4,20250200,2687.4,20250200,2665.0,20241200
2024-10-03 10:00:00,2689.2,20250200,2689.2,20250200,2666.9,20241200
2024-10-03 11:00:00,2690.7,20250200,2690.7,20250200,2668.1,20241200
2024-10-03 12:00:00,2685.0,20250200,2685.0,20250200,2662.7,20241200
2024-10-03 13:00:00,2689.5,20250200,2689.5,20250200,2668.2,20241200
2024-10-03 14:00:00,2692.6,20250200,2692.6,20250200,2670.5,20241200
2024-10-03 15:00:00,2690.6,20250200,2690.6,20250200,2669.0,20241200
2024-10-03 16:00:00,2702.4,20250200,2702.4,20250200,2680.2,20241200
2024-10-03 17:00:00,2699.0,20250200,2699.0,20250200,2677.0,20241200
2024-10-03 18:00:00,2700.2,20250200,2700.2,20250200,2677.5,20241200
2024-10-03 19:00:00,2700.5,20250200,2700.5,20250200,2677.9,20241200
2024-10-03 20:00:00,2698.3,20250200,2698.3,20250200,2676.3,20241200
2024-10-03 22:00:00,2697.6,20250200,2697.6,20250200,2675.6,20241200
2024-10-03 23:00:00,2698.3,20250200,2698.3,20250200,2676.3,20241200
2024-10-04 00:00:00,2698.8,20250200,2698.8,20250200,2676.9,20241200
2024-10-04 01:00:00,2701.0,20250200,2701.0,20250200,2678.2,20241200
2024-10-04 02:00:00,2704.3,20250200,2704.3,20250200,2681.9,20241200
2024-10-04 03:00:00,2703.6,20250200,2703.6,20250200,2680.8,20241200
2024-10-04 04:00:00,2706.3,20250200,2706.3,20250200,2684.0,20241200
2024-10-04 05:00:00,2709.7,20250200,2709.7,20250200,2687.1,20241200
2024-10-04 06:00:00,2702.1,20250200,2702.1,20250200,2680.1,20241200
2024-10-04 07:00:00,2703.9,20250200,2703.9,20250200,2680.9,20241200
2024-10-04 08:00:00,2701.6,20250200,2701.6,20250200,2679.1,20241200
2024-10-04 09:00:00,2699.6,20250200,2699.6,20250200,2677.2,20241200
2024-10-04 10:00:00,2700.5,20250200,2700.5,20250200,2678.2,20241200
2024-10-04 11:00:00,2704.4,20250200,2704.4,20250200,2681.4,20241200
2024-10-04 12:00:00,2680.8,20250200,2680.8,20250200,2658.5,20241200
2024-10-04 13:00:00,2694.8,20250200,2694.8,20250200,2672.0,20241200
2024-10-04 14:00:00,2701.7,20250200,2701.7,20250200,2678.8,20241200
2024-10-04 15:00:00,2696.0,20250200,2696.0,20250200,2673.3,20241200
2024-10-04 16:00:00,2688.2,20250200,2688.2,20250200,2665.4,20241200
2024-10-04 17:00:00,2692.0,20250200,2692.0,20250200,2670.0,20241200
2024-10-04 18:00:00,2688.4,20250200,2688.4,20250200,2665.4,20241200
2024-10-04 19:00:00,2694.1,20250200,2694.1,20250200,2671.4,20241200
2024-10-04 20:00:00,2696.7,20250200,2696.7,20250200,2673.2,20241200
2024-10-04 23:00:00,2696.7,20250200,2696.7,20250200,2673.2,20241200
2024-10-06 22:00:00,2693.3,20250200,2693.3,20250200,2670.1,20241200
2024-10-06 23:00:00,2693.4,20250200,2693.4,20250200,2669.6,20241200
2024-10-07 00:00:00,2691.9,20250200,2691.9,20250200,2668.8,20241200
2024-10-07 01:00:00,2689.0,20250200,2689.0,20250200,2665.6,20241200
2024-10-07 02:00:00,2688.0,20250200,2688.0,20250200,2664.7,20241200
2024-10-07 03:00:00,2687.6,20250200,2687.6,20250200,2667.0,20241200
2024-10-07 04:00:00,2688.8,20250200,2688.8,20250200,2666.3,20241200
2024-10-07 05:00:00,2683.1,20250200,2683.1,20250200,2660.3,20241200
2024-10-07 06:00:00,2684.5,20250200,2684.5,20250200,2662.5,20241200
2024-10-07 07:00:00,2694.6,20250200,2694.6,20250200,2671.8,20241200
2024-10-07 08:00:00,2695.0,20250200,2695.0,20250200,2671.8,20241200
2024-10-07 09:00:00,2699.6,20250200,2699.6,20250200,2676.3,20241200
2024-10-07 10:00:00,2698.8,20250200,2698.8,20250200,2674.9,20241200
2024-10-07 11:00:00,2700.1,20250200,2700.1,20250200,2676.6,20241200
2024-10-07 12:00:00,2683.1,20250200,2683.1,20250200,2659.7,20241200
2024-10-07 13:00:00,2687.0,20250200,2687.0,20250200,2662.3,20241200
2024-10-07 14:00:00,2684.5,20250200,2684.5,20250200,2660.4,20241200
2024-10-07 15:00:00,2688.9,20250200,2688.9,20250200,2665.2,20241200
2024-10-07 16:00:00,2688.6,20250200,2688.6,20250200,2666.5,20241200
2024-10-07 17:00:00,2690.7,20250200,2690.7,20250200,2667.4,20241200
2024-10-07 18:00:00,2682.7,20250200,2682.7,20250200,2660.1,20241200
2024-10-07 19:00:00,2685.8,20250200,2685.8,20250200,2662.7,20241200
2024-10-07 20:00:00,2685.5,20250200,2685.5,20250200,2662.0,20241200
2024-10-07 22:00:00,2685.8,20250200,2685.8,20250200,2663.1,20241200
2024-10-07 23:00:00,2685.5,20250200,2685.5,20250200,2662.0,20241200
2024-10-08 00:00:00,2685.4,20250200,2685.4,20250200,2662.7,20241200
2024-10-08 01:00:00,2688.7,20250200,2688.7,20250200,2666.3,20241200
2024-10-08 02:00:00,2678.5,20250200,2678.5,20250200,2654.8,20241200
2024-10-08 03:00:00,2684.7,20250200,2684.7,20250200,2662.2,20241200
2024-10-08 04:00:00,2684.7,20250200,2684.7,20250200,2662.1,20241200
2024-10-08 05:00:00,2687.0,20250200,2687.0,20250200,2664.3,20241200
2024-10-08 06:00:00,2678.9,20250200,2678.9,20250200,2655.8,20241200
2024-10-08 07:00:00,2676.5,20250200,2676.5,20250200,2653.0,20241200
2024-10-08 08:00:00,2679.9,20250200,2679.9,20250200,2657.0,20241200
2024-10-08 09:00:00,2683.4,20250200,2683.4,20250200,2660.6,20241200
2024-10-08 10:00:00,2689.3,20250200,2689.3,20250200,2665.3,20241200
2024-10-08 11:00:00,2693.0,20250200,2693.0,20250200,2670.0,20241200
2024-10-08 12:00:00,2687.9,20250200,2687.9,20250200,2665.1,20241200
2024-10-08 13:00:00,2681.9,20250200,2681.9,20250200,2658.7,20241200
2024-10-08 14:00:00,2662.4,20250200,2662.4,20250200,2640.1,20241200
2024-10-08 15:00:00,2655.0,20250200,2655.0,20250200,2631.8,20241200
2024-10-08 16:00:00,2650.3,20250200,2650.3,20250200,2627.7,20241200
2024-10-08 17:00:00,2655.9,20250200,2655.9,20250200,2633.1,20241200
2024-10-08 18:00:00,2658.0,20250200,2658.0,20250200,2634.5,20241200
2024-10-08 19:00:00,2665.4,20250200,2665.4,20250200,2641.7,20241200
2024-10-08 20:00:00,2663.6,20250200,2663.6,20250200,2640.8,20241200
2024-10-08 22:00:00,2663.7,20250200,2663.7,20250200,2640.7,20241200
2024-10-08 23:00:00,2663.7,20250200,2663.7,20250200,2640.8,20241200
2024-10-09 00:00:00,2663.0,20250200,2663.0,20250200,2639.7,20241200
2024-10-09 01:00:00,2664.4,20250200,2664.4,20250200,2638.6,20241200
2024-10-09 02:00:00,2659.9,20250200,2659.9,20250200,2637.0,20241200
2024-10-09 03:00:00,2658.4,20250200,2658.4,20250200,2635.8,20241200
2024-10-09 04:00:00,2657.0,20250200,2657.0,20250200,2634.3,20241200
2024-10-09 05:00:00,2661.4,20250200,2661.4,20250200,2638.2,20241200
2024-10-09 06:00:00,2653.5,20250200,2653.5,20250200,2631.2,20241200
2024-10-09 07:00:00,2652.3,20250200,2652.3,20250200,2630.1,20241200
2024-10-09 08:00:00,2657.0,20250200,2657.0,20250200,2634.7,20241200
2024-10-09 09:00:00,2658.8,20250200,2658.8,20250200,2636.7,20241200
2024-10-09 10:00:00,2661.7,20250200,2661.7,20250200,2639.5,20241200
2024-10-09 11:00:00,2659.5,20250200,2659.5,20250200,2637.4,20241200
2024-10-09 12:00:00,2659.3,20250200,2659.3,20250200,2637.2,20241200
2024-10-09 13:00:00,2649.8,20250200,2649.8,20250200,2628.0,20241200
2024-10-09 14:00:00,2651.2,20250200,2651.2,20250200,2628.2,20241200
2024-10-09 15:00:00,2655.8,20250200,2655.8,20250200,2633.3,20241200
2024-10-09 16:00:00,2649.9,20250200,2649.9,20250200,2627.2,20241200
2024-10-09 17:00:00,2651.4,20250200,2651.4,20250200,2628.2,20241200
2024-10-09 18:00:00,2648.3,20250200,2648.3,20250200,2624.7,20241200
2024-10-09 19:00:00,2650.7,20250200,2650.7,20250200,2627.5,20241200
2024-10-09 20:00:00,2648.6,20250200,2648.6,20250200,2626.3,20241200
2024-10-09 22:00:00,2648.7,20250200,2648.7,20250200,2626.0,20241200
2024-10-09 23:00:00,2648.6,20250200,2648.6,20250200,2625.5,20241200
2024-10-10 00:00:00,2649.4,20250200,2649.4,20250200,2626.5,20241200
2024-10-10 01:00:00,2649.5,20250200,2649.5,20250200,2626.3,20241200
2024-10-10 02:00:00,2654.8,20250200,2654.8,20250200,2632.2,20241200
2024-10-10 03:00:00,2652.4,20250200,2652.4,20250200,2629.0,20241200
2024-10-10 04:00:00,2653.6,20250200,2653.6,20250200,2630.9,20241200
2024-10-10 05:00:00,2653.6,20250200,2653.6,20250200,2630.3,20241200
2024-10-10 06:00:00,2651.0,20250200,2651.0,20250200,2629.9,20241200
2024-10-10 07:00:00,2656.6,20250200,2656.6,20250200,2633.9,20241200
2024-10-10 08:00:00,2655.5,20250200,2655.5,20250200,2632.4,20241200
2024-10-10 09:00:00,2656.1,20250200,2656.1,20250200,2634.2,20241200
2024-10-10 10:00:00,2657.9,20250200,2657.9,20250200,2635.1,20241200
2024-10-10 11:00:00,2652.7,20250200,2652.7,20250200,2629.8,20241200
2024-10-10 12:00:00,2665.1,20250200,2665.1,20250200,2642.2,20241200
2024-10-10 13:00:00,2667.9,20250200,2667.9,20250200,2644.3,20241200
2024-10-10 14:00:00,2665.9,20250200,2665.9,20250200,2642.6,20241200
2024-10-10 15:00:00,2663.7,20250200,2663.7,20250200,2640.9,20241200
2024-10-10 16:00:00,2658.8,20250200,2658.8,20250200,2636.5,20241200
2024-10-10 17:00:00,2664.3,20250200,2664.3,20250200,2641.0,20241200
2024-10-10 18:00:00,2666.8,20250200,2666.8,20250200,2643.6,20241200
2024-10-10 19:00:00,2669.4,20250200,2669.4,20250200,2646.7,20241200
2024-10-10 20:00:00,2670.2,20250200,2670.2,20250200,2647.4,20241200
2024-10-10 22:00:00,2668.9,20250200,2668.9,20250200,2645.6,20241200
2024-10-10 23:00:00,2670.2,20250200,2670.2,20250200,2647.4,20241200
2024-10-11 00:00:00,2674.2,20250200,2674.2,20250200,2651.1,20241200
2024-10-11 01:00:00,2678.2,20250200,2678.2,20250200,2655.0,20241200
2024-10-11 02:00:00,2683.0,20250200,2683.0,20250200,2659.4,20241200
2024-10-11 03:00:00,2686.0,20250200,2686.0,20250200,2662.7,20241200
2024-10-11 04:00:00,2685.8,20250200,2685.8,20250200,2662.8,20241200
2024-10-11 05:00:00,2684.7,20250200,2684.7,20250200,2662.0,20241200
2024-10-11 06:00:00,2680.5,20250200,2680.5,20250200,2657.0,20241200
2024-10-11 07:00:00,2685.8,20250200,2685.8,20250200,2662.4,20241200
2024-10-11 08:00:00,2680.0,20250200,2680.0,20250200,2656.5,20241200
2024-10-11 09:00:00,2678.1,20250200,2678.1,20250200,2654.9,20241200
2024-10-11 10:00:00,2682.1,20250200,2682.1,20250200,2658.6,20241200
2024-10-11 11:00:00,2685.0,20250200,2685.0,20250200,2661.6,20241200
2024-10-11 12:00:00,2683.4,20250200,2683.4,20250200,2660.4,20241200
2024-10-11 13:00:00,2691.1,20250200,2691.1,20250200,2667.9,20241200
2024-10-11 14:00:00,2693.3,20250200,2693.3,20250200,2670.3,20241200
2024-10-11 15:00:00,2699.3,20250200,2699.3,20250200,2676.3,20241200
2024-10-11 16:00:00,2700.8,20250200,2700.8,20250200,2677.8,20241200
2024-10-11 17:00:00,2701.1,20250200,2701.1,20250200,2677.0,20241200
2024-10-11 18:00:00,2699.2,20250200,2699.2,20250200,2675.9,20241200
2024-10-11 19:00:00,2696.8,20250200,2696.8,20250200,2673.0,20241200
2024-10-11 20:00:00,2698.0,20250200,2698.0,20250200,2674.1,20241200
2024-10-11 23:00:00,2698.0,20250200,2698.0,20250200,2674.1,20241200
2024-10-13 22:00:00,2690.0,20250200,2690.0,20250200,2667.1,20241200
2024-10-13 23:00:00,2688.5,20250200,2688.5,20250200,2664.8,20241200
2024-10-14 00:00:00,2687.8,20250200,2687.8,20250200,2663.7,20241200
2024-10-14 01:00:00,2686.2,20250200,2686.2,20250200,2663.0,20241200
2024-10-14 02:00:00,2695.7,20250200,2695.7,20250200,2672.2,20241200
2024-10-14 03:00:00,2697.1,20250200,2697.1,20250200,2672.4,20241200
2024-10-14 04:00:00,2699.9,20250200,2699.9,20250200,2676.2,20241200
2024-10-14 05:00:00,2698.1,20250200,2698.1,20250200,2675.9,20241200
2024-10-14 06:00:00,2705.7,20250200,2705.7,20250200,2681.1,20241200
2024-10-14 07:00:00,2701.6,20250200,2701.6,20250200,2677.5,20241200
2024-10-14 08:00:00,2700.1,20250200,2700.1,20250200,2676.3,20241200
2024-10-14 09:00:00,2699.5,20250200,2699.5,20250200,2675.2,20241200
2024-10-14 10:00:00,2697.0,20250200,2697.0,20250200,2673.1,20241200
2024-10-14 11:00:00,2692.0,20250200,2692.0,20250200,2669.0,20241200
2024-10-14 12:00:00,2691.5,20250200,2691.5,20250200,2668.2,20241200
2024-10-14 13:00:00,2695.8,20250200,2695.8,20250200,2672.1,20241200
2024-10-14 14:00:00,2685.0,20250200,2685.0,20250200,2662.4,20241200
2024-10-14 15:00:00,2684.6,20250200,2684.6,20250200,2663.6,20241200
2024-10-14 16:00:00,2688.6,20250200,2688.6,20250200,2665.4,20241200
2024-10-14 17:00:00,2687.7,20250200,2687.7,20250200,2665.3,20241200
2024-10-14 18:00:00,2690.4,20250200,2690.4,20250200,2666.0,20241200
2024-10-14 19:00:00,2692.0,20250200,2692.0,20250200,2669.2,20241200
2024-10-14 20:00:00,2686.3,20250200,2686.3,20250200,2665.8,20241200
2024-10-14 22:00:00,2689.9,20250200,2689.9,20250200,2666.4,20241200
2024-10-14 23:00:00,2689.7,20250200,2689.7,20250200,2665.8,20241200
2024-10-15 00:00:00,2687.7,20250200,2687.7,20250200,2664.7,20241200
2024-10-15 01:00:00,2688.5,20250200,2688.5,20250200,2664.9,20241200
2024-10-15 02:00:00,2688.8,20250200,2688.8,20250200,2667.9,20241200
2024-10-15 03:00:00,2684.5,20250200,2684.5,20250200,2662.0,20241200
2024-10-15 04:00:00,2684.3,20250200,2684.3,20250200,2660.6,20241200
2024-10-15 05:00:00,2681.3,20250200,2681.3,20250200,2658.4,20241200
2024-10-15 06:00:00,2687.8,20250200,2687.8,20250200,2665.0,20241200
2024-10-15 07:00:00,2691.1,20250200,2691.1,20250200,2667.4,20241200
2024-10-15 08:00:00,2692.9,20250200,2692.9,20250200,2670.6,20241200
2024-10-15 09:00:00,2694.8,20250200,2694.8,20250200,2670.3,20241200
2024-10-15 10:00:00,2693.5,20250200,2693.5,20250200,2669.6,20241200
2024-10-15 11:00:00,2685.8,20250200,2685.8,20250200,2664.4,20241200
2024-10-15 12:00:00,2688.0,20250200,2688.0,20250200,2664.8,20241200
2024-10-15 13:00:00,2687.0,20250200,2687.0,20250200,2665.0,20241200
2024-10-15 14:00:00,2700.1,20250200,2700.1,20250200,2676.3,20241200
2024-10-15 15:00:00,2703.2,20250200,2703.2,20250200,2681.3,20241200
2024-10-15 16:00:00,2701.8,20250200,2701.8,20250200,2678.8,20241200
2024-10-15 17:00:00,2704.0,20250200,2704.0,20250200,2680.3,20241200
2024-10-15 18:00:00,2705.9,20250200,2705.9,20250200,2681.8,20241200
2024-10-15 19:00:00,2701.9,20250200,2701.9,20250200,2678.3,20241200
2024-10-15 20:00:00,2702.3,20250200,2702.3,20250200,2679.3,20241200
2024-10-15 22:00:00,2702.1,20250200,2702.1,20250200,2678.6,20241200
2024-10-15 23:00:00,2700.9,20250200,2700.9,20250200,2679.3,20241200
2024-10-16 00:00:00,2698.9,20250200,2698.9,20250200,2676.4,20241200
2024-10-16 01:00:00,2706.5,20250200,2706.5,20250200,2684.3,20241200
2024-10-16 02:00:00,2708.0,20250200,2708.0,20250200,2684.5,20241200
2024-10-16 03:00:00,2706.9,20250200,2706.9,20250200,2683.4,20241200
2024-10-16 04:00:00,2707.2,20250200,2707.2,20250200,2683.1,20241200
2024-10-16 05:00:00,2709.0,20250200,2709.0,20250200,2685.8,20241200
2024-10-16 06:00:00,2717.4,20250200,2717.4,20250200,2693.9,20241200
2024-10-16 07:00:00,2715.3,20250200,2715.3,20250200,2692.5,20241200
2024-10-16 08:00:00,2720.0,20250200,2720.0,20250200,2696.4,20241200
2024-10-16 09:00:00,2721.7,20250200,2721.7,20250200,2696.8,20241200
2024-10-16 10:00:00,2714.9,20250200,2714.9,20250200,2691.1,20241200
2024-10-16 11:00:00,2718.1,20250200,2718.1,20250200,2694.7,20241200
2024-10-16 12:00:00,2721.5,20250200,2721.5,20250200,2698.2,20241200
2024-10-16 13:00:00,2713.0,20250200,2713.0,20250200,2691.5,20241200
2024-10-16 14:00:00,2711.5,20250200,2711.5,20250200,2688.7,20241200
2024-10-16 15:00:00,2710.1,20250200,2710.1,20250200,2686.2,20241200
2024-10-16 16:00:00,2714.0,20250200,2714.0,20250200,2690.3,20241200
2024-10-16 17:00:00,2716.1,20250200,2716.1,20250200,2691.8,20241200
2024-10-16 18:00:00,2715.6,20250200,2715.6,20250200,2691.4,20241200
2024-10-16 19:00:00,2714.5,20250200,2714.5,20250200,2691.1,20241200
2024-10-16 20:00:00,2714.8,20250200,2714.8,20250200,2690.6,20241200
2024-10-16 22:00:00,2712.7,20250200,2712.7,20250200,2689.3,20241200
2024-10-16 23:00:00,2713.9,20250200,2713.9,20250200,2689.6,20241200
2024-10-17 00:00:00,2716.9,20250200,2716.9,20250200,2693.4,20241200
2024-10-17 01:00:00,2722.0,20250200,2722.0,20250200,2698.6,20241200
2024-10-17 02:00:00,2720.6,20250200,2720.6,20250200,2697.4,20241200
2024-10-17 03:00:00,2716.2,20250200,2716.2,20250200,2692.2,20241200
2024-10-17 04:00:00,2718.7,20250200,2718.7,20250200,2694.7,20241200
2024-10-17 05:00:00,2723.0,20250200,2723.0,20250200,2699.2,20241200
2024-10-17 06:00:00,2719.4,20250200,2719.4,20250200,2696.8,20241200
2024-10-17 07:00:00,2722.3,20250200,2722.3,20250200,2697.3,20241200
2024-10-17 08:00:00,2719.6,20250200,2719.6,20250200,2697.3,20241200
2024-10-17 09:00:00,2719.3,20250200,2719.3,20250200,2695.0,20241200
2024-10-17 10:00:00,2726.3,20250200,2726.3,20250200,2702.6,20241200
2024-10-17 11:00:00,2720.3,20250200,2720.3,20250200,2697.1,20241200
2024-10-17 12:00:00,2719.5,20250200,2719.5,20250200,2695.9,20241200
2024-10-17 13:00:00,2727.9,20250200,2727.9,20250200,2704.4,20241200
2024-10-17 14:00:00,2734.9,20250200,2734.9,20250200,2711.1,20241200
2024-10-17 15:00:00,2733.5,20250200,2733.5,20250200,2709.0,20241200
2024-10-17 16:00:00,2731.6,20250200,2731.6,20250200,2707.8,20241200
2024-10-17 17:00:00,2732.6,20250200,2732.6,20250200,2707.3,20241200
2024-10-17 18:00:00,2729.0,20250200,2729.0,20250200,2704.7,20241200
2024-10-17 19:00:00,2731.8,20250200,2731.8,20250200,2707.4,20241200
2024-10-17 20:00:00,2732.1,20250200,2732.1,20250200,2708.3,20241200
2024-10-17 22:00:00,2732.0,20250200,2732.0,20250200,2707.7,20241200
2024-10-17 23:00:00,2732.1,20250200,2732.1,20250200,2708.3,20241200
2024-10-18 00:00:00,2732.7,20250200,2732.7,20250200,2708.2,20241200
2024-10-18 01:00:00,2742.9,20250200,2742.9,20250200,2719.8,20241200
2024-10-18 02:00:00,2746.9,20250200,2746.9,20250200,2723.5,20241200
2024-10-18 03:00:00,2749.1,20250200,2749.1,20250200,2725.2,20241200
2024-10-18 04:00:00,2749.1,20250200,2749.1,20250200,2725.4,20241200
2024-10-18 05:00:00,2750.0,20250200,2750.0,20250200,2726.6,20241200
2024-10-18 06:00:00,2746.2,20250200,2746.2,20250200,2723.0,20241200
2024-10-18 07:00:00,2741.8,20250200,2741.8,20250200,2717.6,20241200
2024-10-18 08:00:00,2744.0,20250200,2744.0,20250200,2721.5,20241200
2024-10-18 09:00:00,2750.4,20250200,2750.4,20250200,2726.4,20241200
2024-10-18 10:00:00,2752.0,20250200,2752.0,20250200,2727.9,20241200
2024-10-18 11:00:00,2748.9,20250200,2748.9,20250200,2725.0,20241200
2024-10-18 12:00:00,2749.2,20250200,2749.2,20250200,2724.7,20241200
2024-10-18 13:00:00,2755.0,20250200,2755.0,20250200,2728.9,20241200
2024-10-18 14:00:00,2757.0,20250200,2757.0,20250200,2732.6,20241200
2024-10-18 15:00:00,2754.1,20250200,2754.1,20250200,2730.1,20241200
2024-10-18 16:00:00,2757.0,20250200,2757.0,20250200,2732.8,20241200
2024-10-18 17:00:00,2754.8,20250200,2754.8,20250200,2731.1,20241200
2024-10-18 18:00:00,2760.4,20250200,2760.4,20250200,2735.6,20241200
2024-10-18 19:00:00,2758.9,20250200,2758.9,20250200,2734.8,20241200
2024-10-18 20:00:00,2761.7,20250200,2761.7,20250200,2736.6,20241200
2024-10-18 23:00:00,2761.7,20250200,2761.7,20250200,2736.6,20241200
2024-10-20 22:00:00,2763.0,20250200,2763.0,20250200,2738.7,20241200
2024-10-20 23:00:00,2763.0,20250200,2763.0,20250200,2738.5,20241200
2024-10-21 00:00:00,2761.2,20250200,2761.2,20250200,2736.5,20241200
2024-10-21 01:00:00,2765.0,20250200,2765.0,20250200,2741.1,20241200
2024-10-21 02:00:00,2769.8,20250200,2769.8,20250200,2745.7,20241200
2024-10-21 03:00:00,2771.3,20250200,2771.3,20250200,2746.5,20241200
2024-10-21 04:00:00,2769.8,20250200,2769.8,20250200,2745.3,20241200
2024-10-21 05:00:00,2764.0,20250200,2764.0,20250200,2740.0,20241200
2024-10-21 06:00:00,2769.6,20250200,2769.6,20250200,2745.3,20241200
2024-10-21 07:00:00,2768.4,20250200,2768.4,20250200,2745.4,20241200
2024-10-21 08:00:00,2770.0,20250200,2770.0,20250200,2746.3,20241200
2024-10-21 09:00:00,2773.6,20250200,2773.6,20250200,2749.2,20241200
2024-10-21 10:00:00,2771.6,20250200,2771.6,20250200,2748.2,20241200
2024-10-21 11:00:00,2774.2,20250200,2774.2,20250200,2749.5,20241200
2024-10-21 12:00:00,2777.9,20250200,2777.9,20250200,2753.1,20241200
2024-10-21 13:00:00,2778.2,20250200,2778.2,20250200,2754.1,20241200
2024-10-21 14:00:00,2765.4,20250200,2765.4,20250200,2739.9,20241200
2024-10-21 15:00:00,2759.8,20250200,2759.8,20250200,2734.8,20241200
2024-10-21 16:00:00,2762.5,20250200,2762.5,20250200,2738.1,20241200
2024-10-21 17:00:00,2761.9,20250200,2761.9,20250200,2737.4,20241200
2024-10-21 18:00:00,2754.5,20250200,2754.5,20250200,2730.7,20241200
2024-10-21 19:00:00,2759.2,20250200,2759.2,20250200,2734.8,20241200
2024-10-21 20:00:00,2759.1,20250200,2759.1,20250200,2734.3,20241200
2024-10-21 22:00:00,2759.7,20250200,2759.7,20250200,2735.2,20241200
2024-10-21 23:00:00,2759.9,20250200,2759.9,20250200,2734.3,20241200
2024-10-22 00:00:00,2763.2,20250200,2763.2,20250200,2738.9,20241200
2024-10-22 01:00:00,2767.3,20250200,2767.3,20250200,2742.5,20241200
2024-10-22 02:00:00,2767.9,20250200,2767.9,20250200,2743.3,20241200
2024-10-22 03:00:00,2769.8,20250200,2769.8,20250200,2745.2,20241200
2024-10-22 04:00:00,2774.0,20250200,2774.0,20250200,2749.1,20241200
2024-10-22 05:00:00,2768.9,20250200,2768.9,20250200,2744.8,20241200
2024-10-22 06:00:00,2774.0,20250200,2774.0,20250200,2749.3,20241200
2024-10-22 07:00:00,2773.0,20250200,2773.0,20250200,2747.7,20241200
2024-10-22 08:00:00,2775.1,20250200,2775.1,20250200,2749.2,20241200
2024-10-22 09:00:00,2769.5,20250200,2769.5,20250200,2745.9,20241200
2024-10-22 10:00:00,2778.0,20250200,2778.0,20250200,2753.2,20241200
2024-10-22 11:00:00,2770.8,20250200,2770.8,20250200,2746.5,20241200
2024-10-22 12:00:00,2774.8,20250200,2774.8,20250200,2750.6,20241200
2024-10-22 13:00:00,2774.9,20250200,2774.9,20250200,2750.4,20241200
2024-10-22 14:00:00,2781.6,20250200,2781.6,20250200,2756.3,20241200
2024-10-22 15:00:00,2776.5,20250200,2776.5,20250200,2752.3,20241200
2024-10-22 16:00:00,2784.5,20250200,2784.5,20250200,2759.8,20241200
2024-10-22 17:00:00,2786.0,20250200,2786.0,20250200,2761.4,20241200
2024-10-22 18:00:00,2784.4,20250200,2784.4,20250200,2759.3,20241200
2024-10-22 19:00:00,2787.4,20250200,2787.4,20250200,2762.8,20241200
2024-10-22 20:00:00,2787.5,20250200,2787.5,20250200,2762.9,20241200
2024-10-22 22:00:00,2786.0,20250200,2786.0,20250200,2761.2,20241200
2024-10-22 23:00:00,2784.8,20250200,2784.8,20250200,2762.9,20241200
2024-10-23 00:00:00,2784.3,20250200,2784.3,20250200,2759.5,20241200
2024-10-23 01:00:00,2778.3,20250200,2778.3,20250200,2753.1,20241200
2024-10-23 02:00:00,2777.8,20250200,2777.8,20250200,2753.2,20241200
2024-10-23 03:00:00,2784.7,20250200,2784.7,20250200,2760.1,20241200
2024-10-23 04:00:00,2788.5,20250200,2788.5,20250200,2763.8,20241200
2024-10-23 05:00:00,2789.4,20250200,2789.4,20250200,2765.5,20241200
2024-10-23 06:00:00,2789.2,20250200,2789.2,20250200,2764.8,20241200
2024-10-23 07:00:00,2794.0,20250200,2794.0,20250200,2769.0,20241200
2024-10-23 08:00:00,2795.4,20250200,2795.4,20250200,2771.1,20241200
2024-10-23 09:00:00,2788.8,20250200,2788.8,20250200,2764.9,20241200
2024-10-23 10:00:00,2790.0,20250200,2790.0,20250200,2764.6,20241200
2024-10-23 11:00:00,2789.3,20250200,2789.3,20250200,2764.1,20241200
2024-10-23 12:00:00,2781.3,20250200,2781.3,20250200,2757.3,20241200
2024-10-23 13:00:00,2775.2,20250200,2775.2,20250200,2751.0,20241200
2024-10-23 14:00:00,2756.0,20250200,2756.0,20250200,2731.4,20241200
2024-10-23 15:00:00,2760.4,20250200,2760.4,20250200,2735.4,20241200
2024-10-23 16:00:00,2758.4,20250200,2758.4,20250200,2732.9,20241200
2024-10-23 17:00:00,2754.9,20250200,2754.9,20250200,2730.2,20241200
2024-10-23 18:00:00,2752.3,20250200,2752.3,20250200,2727.8,20241200
2024-10-23 19:00:00,2754.0,20250200,2754.0,20250200,2729.7,20241200
2024-10-23 20:00:00,2753.6,20250200,2753.6,20250200,2729.3,20241200
2024-10-23 22:00:00,2755.2,20250200,2755.2,20250200,2730.8,20241200
2024-10-23 23:00:00,2753.6,20250200,2753.6,20250200,2729.3,20241200
2024-10-24 00:00:00,2756.5,20250200,2756.5,20250200,2734.0,20241200
2024-10-24 01:00:00,2759.8,20250200,2759.8,20250200,2736.7,20241200
2024-10-24 02:00:00,2760.4,20250200,2760.4,20250200,2736.3,20241200
2024-10-24 03:00:00,2759.8,20250200,2759.8,20250200,2735.9,20241200
2024-10-24 04:00:00,2763.9,20250200,2763.9,20250200,2739.4,20241200
2024-10-24 05:00:00,2766.0,20250200,2766.0,20250200,2741.6,20241200
2024-10-24 06:00:00,2772.1,20250200,2772.1,20250200,2747.7,20241200
2024-10-24 07:00:00,2770.0,20250200,2770.0,20250200,2746.3,20241200
2024-10-24 08:00:00,2774.1,20250200,2774.1,20250200,2749.3,20241200
2024-10-24 09:00:00,2773.2,20250200,2773.2,20250200,2749.3,20241200
2024-10-24 10:00:00,2774.1,20250200,2774.1,20250200,2749.4,20241200
2024-10-24 11:00:00,2775.8,20250200,2775.8,20250200,2751.2,20241200
2024-10-24 12:00:00,2777.3,20250200,2777.3,20250200,2752.1,20241200
2024-10-24 13:00:00,2772.1,20250200,2772.1,20250200,2746.7,20241200
2024-10-24 14:00:00,2769.9,20250200,2769.9,20250200,2745.5,20241200
2024-10-24 15:00:00,2767.2,20250200,2767.2,20250200,2743.9,20241200
2024-10-24 16:00:00,2771.4,20250200,2771.4,20250200,2746.8,20241200
2024-10-24 17:00:00,2772.8,20250200,2772.8,20250200,2748.5,20241200
2024-10-24 18:00:00,2772.6,20250200,2772.6,20250200,2748.4,20241200
2024-10-24 19:00:00,2773.9,20250200,2773.9,20250200,2749.7,20241200
2024-10-24 20:00:00,2772.9,20250200,2772.9,20250200,2748.8,20241200
2024-10-24 22:00:00,2772.0,20250200,2772.0,20250200,2746.8,20241200
2024-10-24 23:00:00,2772.9,20250200,2772.9,20250200,2748.8,20241200
2024-10-25 00:00:00,2768.7,20250200,2768.7,20250200,2744.7,20241200
2024-10-25 01:00:00,2767.0,20250200,2767.0,20250200,2742.5,20241200
2024-10-25 02:00:00,2765.2,20250200,2765.2,20250200,2740.9,20241200
2024-10-25 03:00:00,2762.8,20250200,2762.8,20250200,2738.6,20241200
2024-10-25 04:00:00,2762.7,20250200,2762.7,20250200,2738.3,20241200
2024-10-25 05:00:00,2765.0,20250200,2765.0,20250200,2741.3,20241200
2024-10-25 06:00:00,2768.7,20250200,2768.7,20250200,2744.7,20241200
2024-10-25 07:00:00,2763.1,20250200,2763.1,20250200,2739.2,20241200
2024-10-25 08:00:00,2756.0,20250200,2756.0,20250200,2731.9,20241200
2024-10-25 09:00:00,2757.5,20250200,2757.5,20250200,2733.3,20241200
2024-10-25 10:00:00,2758.8,20250200,2758.8,20250200,2734.6,20241200
2024-10-25 11:00:00,2761.0,20250200,2761.0,20250200,2736.6,20241200
2024-10-25 12:00:00,2768.5,20250200,2768.5,20250200,2744.0,20241200
2024-10-25 13:00:00,2764.7,20250200,2764.7,20250200,2740.5,20241200
2024-10-25 14:00:00,2775.8,20250200,2775.8,20250200,2751.3,20241200
2024-10-25 15:00:00,2775.0,20250200,2775.0,20250200,2749.8,20241200
2024-10-25 16:00:00,2776.5,20250200,2776.5,20250200,2751.8,20241200
2024-10-25 17:00:00,2781.4,20250200,2781.4,20250200,2757.2,20241200
2024-10-25 18:00:00,2778.8,20250200,2778.8,20250200,2755.0,20241200
2024-10-25 19:00:00,2779.7,20250200,2779.7,20250200,2755.3,20241200
2024-10-25 20:00:00,2785.4,20250200,2785.4,20250200,2760.7,20241200
2024-10-25 23:00:00,2785.4,20250200,2785.4,20250200,2760.7,20241200
2024-10-27 22:00:00,2771.0,20250200,2771.0,20250200,2746.8,20241200
2024-10-27 23:00:00,2772.9,20250200,2772.9,20250200,2748.0,20241200
2024-10-28 00:00:00,2769.8,20250200,2769.8,20250200,2745.0,20241200
2024-10-28 01:00:00,2769.3,20250200,2769.3,20250200,2744.7,20241200
2024-10-28 02:00:00,2771.0,20250200,2771.0,20250200,2746.6,20241200
2024-10-28 03:00:00,2768.0,20250200,2768.0,20250200,2742.0,20241200
2024-10-28 04:00:00,2769.7,20250200,2769.7,20250200,2745.0,20241200
2024-10-28 05:00:00,2774.8,20250200,2774.8,20250200,2750.4,20241200
2024-10-28 06:00:00,2777.0,20250200,2777.0,20250200,2752.7,20241200
2024-10-28 07:00:00,2775.8,20250200,2775.8,20250200,2751.3,20241200
2024-10-28 08:00:00,2768.5,20250200,2768.5,20250200,2744.5,20241200
2024-10-28 09:00:00,2765.9,20250200,2765.9,20250200,2741.6,20241200
2024-10-28 10:00:00,2769.3,20250200,2769.3,20250200,2744.4,20241200
2024-10-28 11:00:00,2769.5,20250200,2769.5,20250200,2744.5,20241200
2024-10-28 12:00:00,2771.5,20250200,2771.5,20250200,2746.6,20241200
2024-10-28 13:00:00,2777.4,20250200,2777.4,20250200,2753.2,20241200
2024-10-28 14:00:00,2780.9,20250200,2780.9,20250200,2756.6,20241200
2024-10-28 15:00:00,2778.3,20250200,2778.3,20250200,2753.0,20241200
2024-10-28 16:00:00,2779.7,20250200,2779.7,20250200,2755.2,20241200
2024-10-28 17:00:00,2780.9,20250200,2780.9,20250200,2755.9,20241200
2024-10-28 18:00:00,2778.8,20250200,2778.8,20250200,2754.4,20241200
2024-10-28 19:00:00,2779.7,20250200,2779.7,20250200,2754.9,20241200
2024-10-28 20:00:00,2779.4,20250200,2779.4,20250200,2754.8,20241200
2024-10-28 22:00:00,2778.6,20250200,2778.6,20250200,2754.1,20241200
2024-10-28 23:00:00,2779.4,20250200,2779.4,20250200,2756.3,20241200
2024-10-29 00:00:00,2783.0,20250200,2783.0,20250200,2758.0,20241200
2024-10-29 01:00:00,2788.5,20250200,2788.5,20250200,2764.6,20241200
2024-10-29 02:00:00,2790.0,20250200,2790.0,20250200,2765.2,20241200
2024-10-29 03:00:00,2788.8,20250200,2788.8,20250200,2763.9,20241200
2024-10-29 04:00:00,2791.5,20250200,2791.5,20250200,2767.0,20241200
2024-10-29 05:00:00,2786.4,20250200,2786.4,20250200,2762.0,20241200
2024-10-29 06:00:00,2792.5,20250200,2792.5,20250200,2767.8,20241200
2024-10-29 07:00:00,2789.0,20250200,2789.0,20250200,2764.4,20241200
2024-10-29 08:00:00,2792.0,20250200,2792.0,20250200,2766.9,20241200
2024-10-29 09:00:00,2788.7,20250200,2788.7,20250200,2764.5,20241200
2024-10-29 10:00:00,2786.7,20250200,2786.7,20250200,2762.4,20241200
2024-10-29 11:00:00,2788.8,20250200,2788.8,20250200,2764.1,20241200
2024-10-29 12:00:00,2786.7,20250200,2786.7,20250200,2761.4,20241200
2024-10-29 13:00:00,2797.5,20250200,2797.5,20250200,2772.7,20241200
2024-10-29 14:00:00,2806.4,20250200,2806.4,20250200,2781.9,20241200
2024-10-29 15:00:00,2800.2,20250200,2800.2,20250200,2776.4,20241200
2024-10-29 16:00:00,2805.5,20250200,2805.5,20250200,2781.6,20241200
2024-10-29 17:00:00,2805.8,20250200,2805.8,20250200,2782.1,20241200
2024-10-29 18:00:00,2810.4,20250200,2810.4,20250200,2785.4,20241200
2024-10-29 19:00:00,2810.0,20250200,2810.0,20250200,2784.6,20241200
2024-10-29 20:00:00,2811.0,20250200,2811.0,20250200,2787.3,20241200
2024-10-29 22:00:00,2811.9,20250200,2811.9,20250200,2786.8,20241200
2024-10-29 23:00:00,2811.0,20250200,2811.0,20250200,2787.4,20241200
2024-10-30 00:00:00,2814.9,20250200,2814.9,20250200,2790.2,20241200
2024-10-30 01:00:00,2818.2,20250200,2818.2,20250200,2793.8,20241200
2024-10-30 02:00:00,2817.5,20250200,2817.5,20250200,2792.8,20241200
2024-10-30 03:00:00,2815.9,20250200,2815.9,20250200,2791.1,20241200
2024-10-30 04:00:00,2817.4,20250200,2817.4,20250200,2792.1,20241200
2024-10-30 05:00:00,2819.9,20250200,2819.9,20250200,2795.1,20241200
2024-10-30 06:00:00,2823.9,20250200,2823.9,20250200,2799.2,20241200
2024-10-30 07:00:00,2819.7,20250200,2819.7,20250200,2794.3,20241200
2024-10-30 08:00:00,2818.3,20250200,2818.3,20250200,2794.0,20241200
2024-10-30 09:00:00,2821.1,20250200,2821.1,20250200,2796.5,20241200
2024-10-30 10:00:00,2817.0,20250200,2817.0,20250200,2792.2,20241200
2024-10-30 11:00:00,2815.7,20250200,2815.7,20250200,2790.5,20241200
2024-10-30 12:00:00,2818.6,20250200,2818.6,20250200,2794.2,20241200
2024-10-30 13:00:00,2814.2,20250200,2814.2,20250200,2789.4,20241200
2024-10-30 14:00:00,2817.0,20250200,2817.0,20250200,2792.0,20241200
2024-10-30 15:00:00,2821.2,20250200,2821.2,20250200,2796.5,20241200
2024-10-30 16:00:00,2822.1,20250200,2822.1,20250200,2797.1,20241200
2024-10-30 17:00:00,2825.8,20250200,2825.8,20250200,2800.3,20241200
2024-10-30 18:00:00,2824.9,20250200,2824.9,20250200,2799.4,20241200
2024-10-30 19:00:00,2823.7,20250200,2823.7,20250200,2798.9,20241200
2024-10-30 20:00:00,2824.2,20250200,2824.2,20250200,2798.9,20241200
2024-10-30 22:00:00,2823.0,20250200,2823.0,20250200,2798.2,20241200
2024-10-30 23:00:00,2824.2,20250200,2824.2,20250200,2796.4,20241200
2024-10-31 00:00:00,2822.0,20250200,2822.0,20250200,2798.6,20241200
2024-10-31 01:00:00,2820.5,20250200,2820.5,20250200,2795.9,20241200
2024-10-31 02:00:00,2822.7,20250200,2822.7,20250200,2798.1,20241200
2024-10-31 03:00:00,2820.8,20250200,2820.8,20250200,2795.7,20241200
2024-10-31 04:00:00,2820.7,20250200,2820.7,20250200,2795.5,20241200
2024-10-31 05:00:00,2820.8,20250200,2820.8,20250200,2796.3,20241200
2024-10-31 06:00:00,2815.6,20250200,2815.6,20250200,2791.0,20241200
2024-10-31 07:00:00,2817.3,20250200,2817.3,20250200,2792.8,20241200
2024-10-31 08:00:00,2815.8,20250200,2815.8,20250200,2790.0,20241200
2024-10-31 09:00:00,2814.9,20250200,2814.9,20250200,2789.1,20241200
2024-10-31 10:00:00,2815.8,20250200,2815.8,20250200,2791.7,20241200
2024-10-31 11:00:00,2815.5,20250200,2815.5,20250200,2790.4,20241200
2024-10-31 12:00:00,2808.0,20250200,2808.0,20250200,2784.3,20241200
2024-10-31 13:00:00,2790.6,20250200,2790.6,20250200,2765.7,20241200
2024-10-31 14:00:00,2770.2,20250200,2770.2,20250200,2745.1,20241200
2024-10-31 15:00:00,2775.4,20250200,2775.4,20250200,2751.0,20241200
2024-10-31 16:00:00,2775.0,20250200,2775.0,20250200,2751.0,20241200
2024-10-31 17:00:00,2774.2,20250200,2774.2,20250200,2749.8,20241200
2024-10-31 18:00:00,2782.1,20250200,2782.1,20250200,2757.2,20241200
2024-10-31 19:00:00,2781.2,20250200,2781.2,20250200,2756.6,20241200
2024-10-31 20:00:00,2778.6,20250200,2778.6,20250200,2754.0,20241200
2024-10-31 22:00:00,2780.7,20250200,2780.7,20250200,2756.0,20241200
2024-10-31 23:00:00,2780.8,20250200,2780.8,20250200,2756.6,20241200
2024-11-01 00:00:00,2779.3,20250200,2779.3,20250200,2754.6,20241200
2024-11-01 01:00:00,2784.1,20250200,2784.1,20250200,2759.6,20241200
2024-11-01 02:00:00,2782.1,20250200,2782.1,20250200,2758.5,20241200
2024-11-01 03:00:00,2786.2,20250200,2786.2,20250200,2761.4,20241200
2024-11-01 04:00:00,2786.8,20250200,2786.8,20250200,2761.8,20241200
2024-11-01 05:00:00,2789.5,20250200,2789.5,20250200,2764.7,20241200
2024-11-01 06:00:00,2786.7,20250200,2786.7,20250200,2761.6,20241200
2024-11-01 07:00:00,2783.2,20250200,2783.2,20250200,2759.4,20241200
2024-11-01 08:00:00,2787.0,20250200,2787.0,20250200,2763.3,20241200
2024-11-01 09:00:00,2786.8,20250200,2786.8,20250200,2761.4,20241200
2024-11-01 10:00:00,2784.1,20250200,2784.1,20250200,2759.5,20241200
2024-11-01 11:00:00,2786.9,20250200,2786.9,20250200,2762.6,20241200
2024-11-01 12:00:00,2789.6,20250200,2789.6,20250200,2763.8,20241200
2024-11-01 13:00:00,2789.7,20250200,2789.7,20250200,2764.7,20241200
2024-11-01 14:00:00,2781.7,20250200,2781.7,20250200,2757.1,20241200
2024-11-01 15:00:00,2779.5,20250200,2779.5,20250200,2754.4,20241200
2024-11-01 16:00:00,2777.1,20250200,2777.1,20250200,2752.7,20241200
2024-11-01 17:00:00,2770.9,20250200,2770.9,20250200,2746.2,20241200
2024-11-01 18:00:00,2770.4,20250200,2770.4,20250200,2745.7,20241200
2024-11-01 19:00:00,2768.4,20250200,2768.4,20250200,2743.8,20241200
2024-11-01 20:00:00,2770.5,20250200,2770.5,20250200,2746.3,20241200
2024-11-01 23:00:00,2770.5,20250200,2770.5,20250200,2746.3,20241200
2024-11-03 23:00:00,2772.3,20250200,2772.3,20250200,2747.5,20241200
2024-11-04 00:00:00,2773.8,20250200,2773.8,20250200,2749.8,20241200
2024-11-04 01:00:00,2774.5,20250200,2774.5,20250200,2749.1,20241200
2024-11-04 02:00:00,2774.3,20250200,2774.3,20250200,2749.3,20241200
2024-11-04 03:00:00,2774.6,20250200,2774.6,20250200,2750.2,20241200
2024-11-04 04:00:00,2774.7,20250200,2774.7,20250200,2750.5,20241200
2024-11-04 05:00:00,2774.9,20250200,2774.9,20250200,2750.8,20241200
2024-11-04 06:00:00,2775.2,20250200,2775.2,20250200,2750.7,20241200
2024-11-04 07:00:00,2769.9,20250200,2769.9,20250200,2745.2,20241200
2024-11-04 08:00:00,2767.1,20250200,2767.1,20250200,2742.4,20241200
2024-11-04 09:00:00,2777.5,20250200,2777.5,20250200,2752.5,20241200
2024-11-04 10:00:00,2772.5,20250200,2772.5,20250200,2747.6,20241200
2024-11-04 11:00:00,2774.5,20250200,2774.5,20250200,2749.9,20241200
2024-11-04 12:00:00,2776.1,20250200,2776.1,20250200,2752.7,20241200
2024-11-04 13:00:00,2779.7,20250200,2779.7,20250200,2756.2,20241200
2024-11-04 14:00:00,2776.9,20250200,2776.9,20250200,2752.7,20241200
2024-11-04 15:00:00,2772.3,20250200,2772.3,20250200,2747.9,20241200
2024-11-04 16:00:00,2768.3,20250200,2768.3,20250200,2743.8,20241200
2024-11-04 17:00:00,2772.0,20250200,2772.0,20250200,2747.9,20241200
2024-11-04 18:00:00,2772.0,20250200,2772.0,20250200,2747.6,20241200
2024-11-04 19:00:00,2773.5,20250200,2773.5,20250200,2747.6,20241200
2024-11-04 20:00:00,2771.2,20250200,2771.2,20250200,2746.5,20241200
2024-11-04 21:00:00,2770.2,20250200,2770.2,20250200,2745.8,20241200
2024-11-04 23:00:00,2769.5,20250200,2769.5,20250200,2744.9,20241200
2024-11-05 00:00:00,2768.2,20250200,2768.2,20250200,2743.9,20241200
2024-11-05 01:00:00,2766.9,20250200,2766.9,20250200,2743.1,20241200
2024-11-05 02:00:00,2762.1,20250200,2762.1,20250200,2737.1,20241200
2024-11-05 03:00:00,2768.8,20250200,2768.8,20250200,2744.2,20241200
2024-11-05 04:00:00,2767.9,20250200,2767.9,20250200,2743.1,20241200
2024-11-05 05:00:00,2766.5,20250200,2766.5,20250200,2741.2,20241200
2024-11-05 06:00:00,2771.4,20250200,2771.4,20250200,2746.4,20241200
2024-11-05 07:00:00,2769.2,20250200,2769.2,20250200,2745.2,20241200
2024-11-05 08:00:00,2776.4,20250200,2776.4,20250200,2751.7,20241200
2024-11-05 09:00:00,2773.0,20250200,2773.0,20250200,2749.3,20241200
2024-11-05 10:00:00,2771.6,20250200,2771.6,20250200,2747.0,20241200
2024-11-05 11:00:00,2775.9,20250200,2775.9,20250200,2750.8,20241200
2024-11-05 12:00:00,2771.6,20250200,2771.6,20250200,2747.1,20241200
2024-11-05 13:00:00,2779.0,20250200,2779.0,20250200,2753.9,20241200
2024-11-05 14:00:00,2780.9,20250200,2780.9,20250200,2756.4,20241200
2024-11-05 15:00:00,2776.1,20250200,2776.1,20250200,2751.3,20241200
2024-11-05 16:00:00,2773.6,20250200,2773.6,20250200,2748.2,20241200
2024-11-05 17:00:00,2776.2,20250200,2776.2,20250200,2751.3,20241200
2024-11-05 18:00:00,2775.6,20250200,2775.6,20250200,2750.7,20241200
2024-11-05 19:00:00,2774.6,20250200,2774.6,20250200,2749.9,20241200
2024-11-05 20:00:00,2777.3,20250200,2777.3,20250200,2752.2,20241200
2024-11-05 21:00:00,2778.0,20250200,2778.0,20250200,2753.3,20241200
2024-11-05 23:00:00,2777.1,20250200,2777.1,20250200,2753.3,20241200
2024-11-06 00:00:00,2772.3,20250200,2772.3,20250200,2747.0,20241200
2024-11-06 01:00:00,2781.7,20250200,2781.7,20250200,2756.0,20241200
2024-11-06 02:00:00,2770.9,20250200,2770.9,20250200,2746.2,20241200
2024-11-06 03:00:00,2767.9,20250200,2767.9,20250200,2743.1,20241200
2024-11-06 04:00:00,2775.8,20250200,2775.8,20250200,2750.7,20241200
2024-11-06 05:00:00,2772.5,20250200,2772.5,20250200,2747.9,20241200
2024-11-06 06:00:00,2741.0,20250200,2741.0,20250200,2716.1,20241200
2024-11-06 07:00:00,2759.8,20250200,2759.8,20250200,2734.5,20241200
2024-11-06 08:00:00,2757.2,20250200,2757.2,20250200,2733.3,20241200
2024-11-06 09:00:00,2758.5,20250200,2758.5,20250200,2733.8,20241200
2024-11-06 10:00:00,2753.8,20250200,2753.8,20250200,2729.2,20241200
2024-11-06 11:00:00,2733.9,20250200,2733.9,20250200,2707.8,20241200
2024-11-06 12:00:00,2728.4,20250200,2728.4,20250200,2703.7,20241200
2024-11-06 13:00:00,2696.7,20250200,2696.7,20250200,2672.2,20241200
2024-11-06 14:00:00,2693.0,20250200,2693.0,20250200,2668.5,20241200
2024-11-06 15:00:00,2708.5,20250200,2708.5,20250200,2684.6,20241200
2024-11-06 16:00:00,2699.0,20250200,2699.0,20250200,2674.8,20241200
2024-11-06 17:00:00,2696.1,20250200,2696.1,20250200,2671.8,20241200
2024-11-06 18:00:00,2698.6,20250200,2698.6,20250200,2674.2,20241200
2024-11-06 19:00:00,2699.6,20250200,2699.6,20250200,2675.7,20241200
2024-11-06 20:00:00,2693.5,20250200,2693.5,20250200,2669.3,20241200
2024-11-06 21:00:00,2692.0,20250200,2692.0,20250200,2667.7,20241200
2024-11-06 23:00:00,2692.0,20250200,2692.0,20250200,2671.2,20241200
2024-11-07 00:00:00,2692.5,20250200,2692.5,20250200,2668.8,20241200
2024-11-07 01:00:00,2680.0,20250200,2680.0,20250200,2656.5,20241200
2024-11-07 02:00:00,2688.2,20250200,2688.2,20250200,2664.5,20241200
2024-11-07 03:00:00,2690.9,20250200,2690.9,20250200,2666.1,20241200
2024-11-07 04:00:00,2685.2,20250200,2685.2,20250200,2661.3,20241200
2024-11-07 05:00:00,2690.5,20250200,2690.5,20250200,2666.1,20241200
2024-11-07 06:00:00,2687.8,20250200,2687.8,20250200,2663.9,20241200
2024-11-07 07:00:00,2694.3,20250200,2694.3,20250200,2670.1,20241200
2024-11-07 08:00:00,2690.1,20250200,2690.1,20250200,2664.4,20241200
2024-11-07 09:00:00,2693.5,20250200,2693.5,20250200,2668.5,20241200
2024-11-07 10:00:00,2698.5,20250200,2698.5,20250200,2673.2,20241200
2024-11-07 11:00:00,2698.0,20250200,2698.0,20250200,2673.1,20241200
2024-11-07 12:00:00,2704.6,20250200,2704.6,20250200,2681.0,20241200
2024-11-07 13:00:00,2716.2,20250200,2716.2,20250200,2691.9,20241200
2024-11-07 14:00:00,2723.5,20250200,2723.5,20250200,2699.4,20241200
2024-11-07 15:00:00,2731.0,20250200,2731.0,20250200,2706.2,20241200
2024-11-07 16:00:00,2728.1,20250200,2728.1,20250200,2703.1,20241200
2024-11-07 17:00:00,2731.4,20250200,2731.4,20250200,2706.8,20241200
2024-11-07 18:00:00,2728.0,20250200,2728.0,20250200,2705.2,20241200
2024-11-07 19:00:00,2726.0,20250200,2726.0,20250200,2701.5,20241200
2024-11-07 20:00:00,2736.2,20250200,2736.2,20250200,2711.9,20241200
2024-11-07 21:00:00,2740.2,20250200,2740.2,20250200,2714.0,20241200
2024-11-07 23:00:00,2737.9,20250200,2737.9,20250200,2714.0,20241200
2024-11-08 00:00:00,2738.7,20250200,2738.7,20250200,2713.5,20241200
2024-11-08 01:00:00,2731.8,20250200,2731.8,20250200,2707.3,20241200
2024-11-08 02:00:00,2729.6,20250200,2729.6,20250200,2704.8,20241200
2024-11-08 03:00:00,2726.4,20250200,2726.4,20250200,2702.7,20241200
2024-11-08 04:00:00,2725.6,20250200,2725.6,20250200,2700.8,20241200
2024-11-08 05:00:00,2727.8,20250200,2727.8,20250200,2702.4,20241200
2024-11-08 06:00:00,2718.5,20250200,2718.5,20250200,2693.7,20241200
2024-11-08 07:00:00,2719.5,20250200,2719.5,20250200,2694.6,20241200
2024-11-08 08:00:00,2720.6,20250200,2720.6,20250200,2696.0,20241200
2024-11-08 09:00:00,2719.0,20250200,2719.0,20250200,2696.6,20241200
2024-11-08 10:00:00,2719.9,20250200,2719.9,20250200,2695.7,20241200
2024-11-08 11:00:00,2723.1,20250200,2723.1,20250200,2699.2,20241200
2024-11-08 12:00:00,2723.7,20250200,2723.7,20250200,2699.3,20241200
2024-11-08 13:00:00,2729.4,20250200,2729.4,20250200,2705.1,20241200
2024-11-08 14:00:00,2723.8,20250200,2723.8,20250200,2699.0,20241200
2024-11-08 15:00:00,2720.2,20250200,2720.2,20250200,2695.0,20241200
2024-11-08 16:00:00,2715.3,20250200,2715.3,20250200,2690.7,20241200
2024-11-08 17:00:00,2720.5,20250200,2720.5,20250200,2695.6,20241200
2024-11-08 18:00:00,2717.4,20250200,2717.4,20250200,2692.8,20241200
2024-11-08 19:00:00,2718.9,20250200,2718.9,20250200,2694.8,20241200
2024-11-08 20:00:00,2717.3,20250200,2717.3,20250200,2692.8,20241200
2024-11-08 21:00:00,2716.5,20250200,2716.5,20250200,2691.7,20241200
2024-11-08 23:00:00,2716.5,20250200,2716.5,20250200,2691.7,20241200
2024-11-10 23:00:00,2717.1,20250200,2717.1,20250200,2692.7,20241200
2024-11-11 00:00:00,2716.2,20250200,2716.2,20250200,2691.3,20241200
2024-11-11 01:00:00,2703.9,20250200,2703.9,20250200,2679.6,20241200
2024-11-11 02:00:00,2702.1,20250200,2702.1,20250200,2678.8,20241200
2024-11-11 03:00:00,2702.0,20250200,2702.0,20250200,2677.0,20241200
2024-11-11 04:00:00,2703.6,20250200,2703.6,20250200,2679.1,20241200
2024-11-11 05:00:00,2699.5,20250200,2699.5,20250200,2676.0,20241200
2024-11-11 06:00:00,2704.7,20250200,2704.7,20250200,2679.8,20241200
2024-11-11 07:00:00,2700.5,20250200,2700.5,20250200,2676.2,20241200
2024-11-11 08:00:00,2701.0,20250200,2701.0,20250200,2676.3,20241200
2024-11-11 09:00:00,2698.4,20250200,2698.4,20250200,2673.6,20241200
2024-11-11 10:00:00,2693.0,20250200,2693.0,20250200,2668.6,20241200
2024-11-11 11:00:00,2693.6,20250200,2693.6,20250200,2669.1,20241200
2024-11-11 12:00:00,2688.0,20250200,2688.0,20250200,2664.1,20241200
2024-11-11 13:00:00,2666.0,20250200,2666.0,20250200,2642.0,20241200
2024-11-11 14:00:00,2653.1,20250200,2653.1,20250200,2629.0,20241200
2024-11-11 15:00:00,2644.8,20250200,2644.8,20250200,2621.0,20241200
2024-11-11 16:00:00,2646.3,20250200,2646.3,20250200,2621.9,20241200
2024-11-11 17:00:00,2643.4,20250200,2643.4,20250200,2619.2,20241200
2024-11-11 18:00:00,2649.6,20250200,2649.6,20250200,2625.6,20241200
2024-11-11 19:00:00,2649.5,20250200,2649.5,20250200,2625.8,20241200
2024-11-11 20:00:00,2652.8,20250200,2652.8,20250200,2628.5,20241200
2024-11-11 21:00:00,2650.4,20250200,2650.4,20250200,2626.2,20241200
2024-11-11 23:00:00,2654.1,20250200,2654.1,20250200,2630.1,20241200
2024-11-12 00:00:00,2653.5,20250200,2653.5,20250200,2630.1,20241200
2024-11-12 01:00:00,2654.2,20250200,2654.2,20250200,2630.1,20241200
2024-11-12 02:00:00,2652.4,20250200,2652.4,20250200,2628.0,20241200
2024-11-12 03:00:00,2649.8,20250200,2649.8,20250200,2624.9,20241200
2024-11-12 04:00:00,2647.1,20250200,2647.1,20250200,2623.9,20241200
2024-11-12 05:00:00,2636.5,20250200,2636.5,20250200,2612.8,20241200
2024-11-12 06:00:00,2638.4,20250200,2638.4,20250200,2614.4,20241200
2024-11-12 07:00:00,2628.4,20250200,2628.4,20250200,2604.7,20241200
2024-11-12 08:00:00,2631.4,20250200,2631.4,20250200,2606.6,20241200
2024-11-12 09:00:00,2623.4,20250200,2623.4,20250200,2599.4,20241200
2024-11-12 10:00:00,2626.9,20250200,2626.9,20250200,2602.7,20241200
2024-11-12 11:00:00,2627.1,20250200,2627.1,20250200,2604.0,20241200
2024-11-12 12:00:00,2635.3,20250200,2635.3,20250200,2611.8,20241200
2024-11-12 13:00:00,2642.0,20250200,2642.0,20250200,2618.1,20241200
2024-11-12 14:00:00,2641.1,20250200,2641.1,20250200,2616.8,20241200
2024-11-12 15:00:00,2628.9,20250200,2628.9,20250200,2604.8,20241200
2024-11-12 16:00:00,2629.8,20250200,2629.8,20250200,2607.0,20241200
2024-11-12 17:00:00,2628.9,20250200,2628.9,20250200,2604.0,20241200
2024-11-12 18:00:00,2629.8,20250200,2629.8,20250200,2605.6,20241200
2024-11-12 19:00:00,2628.7,20250200,2628.7,20250200,2604.7,20241200
2024-11-12 20:00:00,2631.2,20250200,2631.2,20250200,2606.1,20241200
2024-11-12 21:00:00,2628.3,20250200,2628.3,20250200,2604.6,20241200
2024-11-12 23:00:00,2628.3,20250200,2628.3,20250200,2604.9,20241200
2024-11-13 00:00:00,2628.6,20250200,2628.6,20250200,2605.4,20241200
2024-11-13 01:00:00,2637.9,20250200,2637.9,20250200,2614.2,20241200
2024-11-13 02:00:00,2641.8,20250200,2641.8,20250200,2618.0,20241200
2024-11-13 03:00:00,2641.7,20250200,2641.7,20250200,2617.3,20241200
2024-11-13 04:00:00,2636.0,20250200,2636.0,20250200,2612.2,20241200
2024-11-13 05:00:00,2634.0,20250200,2634.0,20250200,2611.6,20241200
2024-11-13 06:00:00,2635.8,20250200,2635.8,20250200,2611.1,20241200
2024-11-13 07:00:00,2635.9,20250200,2635.9,20250200,2612.0,20241200
2024-11-13 08:00:00,2637.9,20250200,2637.9,20250200,2613.6,20241200
2024-11-13 09:00:00,2638.0,20250200,2638.0,20250200,2614.4,20241200
2024-11-13 10:00:00,2639.5,20250200,2639.5,20250200,2614.9,20241200
2024-11-13 11:00:00,2640.5,20250200,2640.5,20250200,2616.6,20241200
2024-11-13 12:00:00,2639.2,20250200,2639.2,20250200,2615.6,20241200
2024-11-13 13:00:00,2643.5,20250200,2643.5,20250200,2618.7,20241200
2024-11-13 14:00:00,2631.0,20250200,2631.0,20250200,2607.8,20241200
2024-11-13 15:00:00,2635.4,20250200,2635.4,20250200,2611.4,20241200
2024-11-13 16:00:00,2615.9,20250200,2615.9,20250200,2591.5,20241200
2024-11-13 17:00:00,2612.5,20250200,2612.5,20250200,2589.1,20241200
2024-11-13 18:00:00,2612.3,20250200,2612.3,20250200,2588.7,20241200
2024-11-13 19:00:00,2610.8,20250200,2610.8,20250200,2586.9,20241200
2024-11-13 20:00:00,2603.0,20250200,2603.0,20250200,2579.5,20241200
2024-11-13 21:00:00,2601.9,20250200,2601.9,20250200,2578.1,20241200
2024-11-13 23:00:00,2601.9,20250200,2601.9,20250200,2575.1,20241200
2024-11-14 00:00:00,2599.9,20250200,2599.9,20250200,2576.8,20241200
2024-11-14 01:00:00,2591.0,20250200,2591.0,20250200,2567.5,20241200
2024-11-14 02:00:00,2589.2,20250200,2589.2,20250200,2565.7,20241200
2024-11-14 03:00:00,2589.5,20250200,2589.5,20250200,2565.3,20241200
2024-11-14 04:00:00,2593.2,20250200,2593.2,20250200,2569.9,20241200
2024-11-14 05:00:00,2586.6,20250200,2586.6,20250200,2563.1,20241200
2024-11-14 06:00:00,2582.9,20250200,2582.9,20250200,2559.7,20241200
2024-11-14 07:00:00,2585.3,20250200,2585.3,20250200,2561.9,20241200
2024-11-14 08:00:00,2584.1,20250200,2584.1,20250200,2561.2,20241200
2024-11-14 09:00:00,2572.0,20250200,2572.0,20250200,2548.3,20241200
2024-11-14 10:00:00,2575.3,20250200,2575.3,20250200,2551.9,20241200
2024-11-14 11:00:00,2582.6,20250200,2582.6,20250200,2558.6,20241200
2024-11-14 12:00:00,2580.4,20250200,2580.4,20250200,2557.2,20241200
2024-11-14 13:00:00,2585.9,20250200,2585.9,20250200,2562.2,20241200
2024-11-14 14:00:00,2589.0,20250200,2589.0,20250200,2564.7,20241200
2024-11-14 15:00:00,2599.3,20250200,2599.3,20250200,2575.6,20241200
2024-11-14 16:00:00,2601.5,20250200,2601.5,20250200,2579.0,20241200
2024-11-14 17:00:00,2602.0,20250200,2602.0,20250200,2578.3,20241200
2024-11-14 18:00:00,2598.7,20250200,2598.7,20250200,2575.1,20241200
2024-11-14 19:00:00,2605.0,20250200,2605.0,20250200,2581.3,20241200
2024-11-14 20:00:00,2594.7,20250200,2594.7,20250200,2572.5,20241200
2024-11-14 21:00:00,2593.3,20250200,2593.3,20250200,2570.5,20241200
2024-11-14 23:00:00,2594.5,20250200,2594.5,20250200,2570.5,20241200
2024-11-15 00:00:00,2595.1,20250200,2595.1,20250200,2571.6,20241200
2024-11-15 01:00:00,2593.0,20250200,2593.0,20250200,2569.6,20241200
2024-11-15 02:00:00,2598.5,20250200,2598.5,20250200,2575.1,20241200
2024-11-15 03:00:00,2596.0,20250200,2596.0,20250200,2572.4,20241200
2024-11-15 04:00:00,2595.4,20250200,2595.4,20250200,2571.7,20241200
2024-11-15 05:00:00,2587.8,20250200,2587.8,20250200,2564.3,20241200
2024-11-15 06:00:00,2589.2,20250200,2589.2,20250200,2565.8,20241200
2024-11-15 07:00:00,2591.3,20250200,2591.3,20250200,2568.3,20241200
2024-11-15 08:00:00,2595.6,20250200,2595.6,20250200,2571.6,20241200
2024-11-15 09:00:00,2592.7,20250200,2592.7,20250200,2568.7,20241200
2024-11-15 10:00:00,2596.0,20250200,2596.0,20250200,2572.7,20241200
2024-11-15 11:00:00,2598.2,20250200,2598.2,20250200,2575.2,20241200
2024-11-15 12:00:00,2597.2,20250200,2597.2,20250200,2573.7,20241200
2024-11-15 13:00:00,2593.6,20250200,2593.6,20250200,2569.6,20241200
2024-11-15 14:00:00,2601.3,20250200,2601.3,20250200,2577.4,20241200
2024-11-15 15:00:00,2599.2,20250200,2599.2,20250200,2575.6,20241200
2024-11-15 16:00:00,2590.4,20250200,2590.4,20250200,2566.6,20241200
2024-11-15 17:00:00,2592.1,20250200,2592.1,20250200,2567.4,20241200
2024-11-15 18:00:00,2595.8,20250200,2595.8,20250200,2572.0,20241200
2024-11-15 19:00:00,2591.4,20250200,2591.4,20250200,2568.2,20241200
2024-11-15 20:00:00,2591.8,20250200,2591.8,20250200,2566.9,20241200
2024-11-15 21:00:00,2591.2,20250200,2591.2,20250200,2567.5,20241200
2024-11-15 23:00:00,2591.2,20250200,2591.2,20250200,2567.5,20241200
2024-11-17 23:00:00,2599.0,20250200,2599.0,20250200,2575.8,20241200
2024-11-18 00:00:00,2625.0,20250400,2625.0,20250400,2604.5,20250200
2024-11-18 01:00:00,2635.5,20250400,2635.5,20250400,2615.0,20250200
2024-11-18 02:00:00,2638.5,20250400,2638.5,20250400,2619.3,20250200
2024-11-18 03:00:00,2639.7,20250400,2639.7,20250400,2617.4,20250200
2024-11-18 04:00:00,2640.7,20250400,2640.7,20250400,2620.7,20250200
2024-11-18 05:00:00,2633.9,20250400,2633.9,20250400,2614.0,20250200
2024-11-18 06:00:00,2634.9,20250400,2634.9,20250400,2613.9,20250200
2024-11-18 07:00:00,2630.2,20250400,2630.2,20250400,2610.2,20250200
2024-11-18 08:00:00,2634.7,20250400,2634.7,20250400,2613.8,20250200
2024-11-18 09:00:00,2643.2,20250400,2643.2,20250400,2623.6,20250200
2024-11-18 10:00:00,2640.0,20250400,2640.0,20250400,2621.6,20250200
2024-11-18 11:00:00,2642.8,20250400,2642.8,20250400,2621.0,20250200
2024-11-18 12:00:00,2642.8,20250400,2642.8,20250400,2622.9,20250200
2024-11-18 13:00:00,2651.6,20250400,2651.6,20250400,2631.7,20250200
2024-11-18 14:00:00,2655.3,20250400,2655.3,20250400,2637.0,20250200
2024-11-18 15:00:00,2661.6,20250400,2661.6,20250400,2640.1,20250200
2024-11-18 16:00:00,2658.7,20250400,2658.7,20250400,2639.9,20250200
2024-11-18 17:00:00,2659.2,20250400,2659.2,20250400,2638.4,20250200
2024-11-18 18:00:00,2657.9,20250400,2657.9,20250400,2639.3,20250200
2024-11-18 19:00:00,2657.4,20250400,2657.4,20250400,2637.6,20250200
2024-11-18 20:00:00,2659.0,20250400,2659.0,20250400,2638.1,20250200
2024-11-18 21:00:00,2658.5,20250400,2658.5,20250400,2640.0,20250200
2024-11-18 23:00:00,2660.0,20250400,2660.0,20250400,2639.9,20250200
2024-11-19 00:00:00,2660.2,20250400,2660.2,20250400,2640.7,20250200
2024-11-19 01:00:00,2663.7,20250400,2663.7,20250400,2643.1,20250200
2024-11-19 02:00:00,2670.4,20250400,2670.4,20250400,2649.9,20250200
2024-11-19 03:00:00,2669.6,20250400,2669.6,20250400,2652.0,20250200
2024-11-19 04:00:00,2670.2,20250400,2670.2,20250400,2650.4,20250200
2024-11-19 05:00:00,2669.4,20250400,2669.4,20250400,2649.1,20250200
2024-11-19 06:00:00,2673.7,20250400,2673.7,20250400,2652.6,20250200
2024-11-19 07:00:00,2666.6,20250400,2666.6,20250400,2646.1,20250200
2024-11-19 08:00:00,2672.4,20250400,2672.4,20250400,2653.8,20250200
2024-11-19 09:00:00,2678.4,20250400,2678.4,20250400,2657.8,20250200
2024-11-19 10:00:00,2683.0,20250400,2683.0,20250400,2662.6,20250200
2024-11-19 11:00:00,2677.0,20250400,2677.0,20250400,2656.3,20250200
2024-11-19 12:00:00,2686.0,20250400,2686.0,20250400,2666.7,20250200
2024-11-19 13:00:00,2683.5,20250400,2683.5,20250400,2663.3,20250200
2024-11-19 14:00:00,2670.8,20250400,2670.8,20250400,2650.8,20250200
2024-11-19 15:00:00,2671.0,20250400,2671.0,20250400,2652.0,20250200
2024-11-19 16:00:00,2673.9,20250400,2673.9,20250400,2653.8,20250200
2024-11-19 17:00:00,2679.2,20250400,2679.2,20250400,2655.1,20250200
2024-11-19 18:00:00,2677.1,20250400,2677.1,20250400,2657.8,20250200
2024-11-19 19:00:00,2679.1,20250400,2679.1,20250400,2658.1,20250200
2024-11-19 20:00:00,2680.6,20250400,2680.6,20250400,2661.5,20250200
2024-11-19 21:00:00,2680.0,20250400,2680.0,20250400,2659.8,20250200
2024-11-19 23:00:00,2680.0,20250400,2680.0,20250400,2659.8,20250200
2024-11-20 00:00:00,2685.0,20250400,2685.0,20250400,2664.5,20250200
2024-11-20 01:00:00,2687.1,20250400,2687.1,20250400,2665.9,20250200
2024-11-20 02:00:00,2687.0,20250400,2687.0,20250400,2667.0,20250200
2024-11-20 03:00:00,2685.0,20250400,2685.0,20250400,2665.0,20250200
2024-11-20 04:00:00,2684.0,20250400,2684.0,20250400,2663.2,20250200
2024-11-20 05:00:00,2684.5,20250400,2684.5,20250400,2662.9,20250200
2024-11-20 06:00:00,2675.8,20250400,2675.8,20250400,2656.1,20250200
2024-11-20 07:00:00,2668.9,20250400,2668.9,20250400,2648.2,20250200
2024-11-20 08:00:00,2671.3,20250400,2671.3,20250400,2650.5,20250200
2024-11-20 09:00:00,2669.0,20250400,2669.0,20250400,2648.4,20250200
2024-11-20 10:00:00,2671.7,20250400,2671.7,20250400,2652.2,20250200
2024-11-20 11:00:00,2675.0,20250400,2675.0,20250400,2655.1,20250200
2024-11-20 12:00:00,2679.4,20250400,2679.4,20250400,2658.5,20250200
2024-11-20 13:00:00,2683.9,20250400,2683.9,20250400,2663.2,20250200
2024-11-20 14:00:00,2691.4,20250400,2691.4,20250400,2670.7,20250200
2024-11-20 15:00:00,2696.5,20250400,2696.5,20250400,2676.1,20250200
2024-11-20 16:00:00,2698.6,20250400,2698.6,20250400,2677.8,20250200
2024-11-20 17:00:00,2699.4,20250400,2699.4,20250400,2679.6,20250200
2024-11-20 18:00:00,2696.4,20250400,2696.4,20250400,2676.0,20250200
2024-11-20 19:00:00,2699.0,20250400,2699.0,20250400,2678.2,20250200
2024-11-20 20:00:00,2697.3,20250400,2697.3,20250400,2676.3,20250200
2024-11-20 21:00:00,2696.3,20250400,2696.3,20250400,2677.2,20250200
2024-11-20 23:00:00,2696.3,20250400,2696.3,20250400,2677.2,20250200
2024-11-21 00:00:00,2704.2,20250400,2704.2,20250400,2684.5,20250200
2024-11-21 01:00:00,2700.0,20250400,2700.0,20250400,2679.6,20250200
2024-11-21 02:00:00,2705.2,20250400,2705.2,20250400,2680.0,20250200
2024-11-21 03:00:00,2703.3,20250400,2703.3,20250400,2683.4,20250200
2024-11-21 04:00:00,2704.5,20250400,2704.5,20250400,2683.5,20250200
2024-11-21 05:00:00,2702.9,20250400,2702.9,20250400,2682.7,20250200
2024-11-21 06:00:00,2709.0,20250400,2709.0,20250400,2687.8,20250200
2024-11-21 07:00:00,2710.1,20250400,2710.1,20250400,2689.5,20250200
2024-11-21 08:00:00,2715.6,20250400,2715.6,20250400,2694.5,20250200
2024-11-21 09:00:00,2715.0,20250400,2715.0,20250400,2695.2,20250200
2024-11-21 10:00:00,2717.0,20250400,2717.0,20250400,2696.6,20250200
2024-11-21 11:00:00,2720.3,20250400,2720.3,20250400,2698.5,20250200
2024-11-21 12:00:00,2713.7,20250400,2713.7,20250400,2689.9,20250200
2024-11-21 13:00:00,2714.0,20250400,2714.0,20250400,2692.4,20250200
2024-11-21 14:00:00,2713.5,20250400,2713.5,20250400,2692.2,20250200
2024-11-21 15:00:00,2716.5,20250400,2716.5,20250400,2694.3,20250200
2024-11-21 16:00:00,2713.7,20250400,2713.7,20250400,2691.7,20250200
2024-11-21 17:00:00,2720.0,20250400,2720.0,20250400,2699.5,20250200
2024-11-21 18:00:00,2720.1,20250400,2720.1,20250400,2699.5,20250200
2024-11-21 19:00:00,2717.6,20250400,2717.6,20250400,2697.2,20250200
2024-11-21 20:00:00,2717.9,20250400,2717.9,20250400,2698.4,20250200
2024-11-21 21:00:00,2717.7,20250400,2717.7,20250400,2696.0,20250200
2024-11-21 23:00:00,2717.7,20250400,2717.7,20250400,2696.0,20250200
2024-11-22 00:00:00,2719.2,20250400,2719.2,20250400,2699.5,20250200
2024-11-22 01:00:00,2726.7,20250400,2726.7,20250400,2704.3,20250200
2024-11-22 02:00:00,2733.0,20250400,2733.0,20250400,2712.6,20250200
2024-11-22 03:00:00,2733.8,20250400,2733.8,20250400,2712.9,20250200
2024-11-22 04:00:00,2734.9,20250400,2734.9,20250400,2714.9,20250200
2024-11-22 05:00:00,2733.5,20250400,2733.5,20250400,2712.9,20250200
2024-11-22 06:00:00,2740.1,20250400,2740.1,20250400,2719.7,20250200
2024-11-22 07:00:00,2746.9,20250400,2746.9,20250400,2723.5,20250200
2024-11-22 08:00:00,2745.2,20250400,2745.2,20250400,2723.6,20250200
2024-11-22 09:00:00,2751.6,20250400,2751.6,20250400,2730.1,20250200
2024-11-22 10:00:00,2755.5,20250400,2755.5,20250400,2734.6,20250200
2024-11-22 11:00:00,2747.3,20250400,2747.3,20250400,2725.8,20250200
2024-11-22 12:00:00,2751.7,20250400,2751.7,20250400,2730.0,20250200
2024-11-22 13:00:00,2741.3,20250400,2741.3,20250400,2719.6,20250200
2024-11-22 14:00:00,2742.9,20250400,2742.9,20250400,2721.9,20250200
2024-11-22 15:00:00,2751.3,20250400,2751.3,20250400,2730.0,20250200
2024-11-22 16:00:00,2753.8,20250400,2753.8,20250400,2732.2,20250200
2024-11-22 17:00:00,2754.5,20250400,2754.5,20250400,2734.1,20250200
2024-11-22 18:00:00,2758.2,20250400,2758.2,20250400,2738.0,20250200
2024-11-22 19:00:00,2756.4,20250400,2756.4,20250400,2735.3,20250200
2024-11-22 20:00:00,2755.1,20250400,2755.1,20250400,2732.7,20250200
2024-11-22 21:00:00,2764.1,20250400,2764.1,20250400,2743.0,20250200
2024-11-22 23:00:00,2764.1,20250400,2764.1,20250400,2743.0,20250200
2024-11-24 23:00:00,2766.6,20250400,2766.6,20250400,2746.7,20250200
2024-11-25 00:00:00,2758.3,20250400,2758.3,20250400,2737.3,20250200
2024-11-25 01:00:00,2749.2,20250400,2749.2,20250400,2727.8,20250200
2024-11-25 02:00:00,2742.8,20250400,2742.8,20250400,2721.8,20250200
2024-11-25 03:00:00,2719.3,20250400,2719.3,20250400,2698.7,20250200
2024-11-25 04:00:00,2720.5,20250400,2720.5,20250400,2698.6,20250200
2024-11-25 05:00:00,2711.8,20250400,2711.8,20250400,2691.4,20250200
2024-11-25 06:00:00,2714.7,20250400,2714.7,20250400,2693.6,20250200
2024-11-25 07:00:00,2714.5,20250400,2714.5,20250400,2693.7,20250200
2024-11-25 08:00:00,2719.0,20250400,2719.0,20250400,2698.2,20250200
2024-11-25 09:00:00,2721.9,20250400,2721.9,20250400,2700.1,20250200
2024-11-25 10:00:00,2725.0,20250400,2725.0,20250400,2703.9,20250200
2024-11-25 11:00:00,2734.5,20250400,2734.5,20250400,2713.1,20250200
2024-11-25 12:00:00,2728.3,20250400,2728.3,20250400,2707.0,20250200
2024-11-25 13:00:00,2725.8,20250400,2725.8,20250400,2704.2,20250200
2024-11-25 14:00:00,2684.6,20250400,2684.6,20250400,2667.0,20250200
2024-11-25 15:00:00,2674.6,20250400,2674.6,20250400,2653.8,20250200
2024-11-25 16:00:00,2677.1,20250400,2677.1,20250400,2657.8,20250200
2024-11-25 17:00:00,2674.0,20250400,2674.0,20250400,2653.6,20250200
2024-11-25 18:00:00,2664.5,20250400,2664.5,20250400,2644.5,20250200
2024-11-25 19:00:00,2672.0,20250400,2672.0,20250400,2651.1,20250200
2024-11-25 20:00:00,2673.5,20250400,2673.5,20250400,2651.4,20250200
2024-11-25 21:00:00,2670.0,20250400,2670.0,20250400,2651.0,20250200
2024-11-25 23:00:00,2655.9,20250400,2655.9,20250400,2634.8,20250200
2024-11-26 00:00:00,2665.3,20250400,2665.3,20250400,2644.5,20250200
2024-11-26 01:00:00,2672.8,20250400,2672.8,20250400,2652.5,20250200
2024-11-26 02:00:00,2672.3,20250400,2672.3,20250400,2650.1,20250200
2024-11-26 03:00:00,2675.4,20250400,2675.4,20250400,2655.0,20250200
2024-11-26 04:00:00,2673.3,20250400,2673.3,20250400,2650.9,20250200
2024-11-26 05:00:00,2670.2,20250400,2670.2,20250400,2648.9,20250200
2024-11-26 06:00:00,2667.3,20250400,2667.3,20250400,2646.6,20250200
2024-11-26 07:00:00,2659.0,20250400,2659.0,20250400,2638.6,20250200
2024-11-26 08:00:00,2658.6,20250400,2658.6,20250400,2637.6,20250200
2024-11-26 09:00:00,2670.7,20250400,2670.7,20250400,2650.9,20250200
2024-11-26 10:00:00,2677.4,20250400,2677.4,20250400,2656.4,20250200
2024-11-26 11:00:00,2678.5,20250400,2678.5,20250400,2658.2,20250200
2024-11-26 12:00:00,2676.2,20250400,2676.2,20250400,2655.9,20250200
2024-11-26 13:00:00,2675.5,20250400,2675.5,20250400,2654.7,20250200
2024-11-26 14:00:00,2668.1,20250400,2668.1,20250400,2646.7,20250200
2024-11-26 15:00:00,2675.4,20250400,2675.4,20250400,2654.8,20250200
2024-11-26 16:00:00,2675.2,20250400,2675.2,20250400,2653.9,20250200
2024-11-26 17:00:00,2671.3,20250400,2671.3,20250400,2650.1,20250200
2024-11-26 18:00:00,2669.5,20250400,2669.5,20250400,2648.3,20250200
2024-11-26 19:00:00,2674.6,20250400,2674.6,20250400,2653.5,20250200
2024-11-26 20:00:00,2677.9,20250400,2677.9,20250400,2656.9,20250200
2024-11-26 21:00:00,2679.0,20250400,2679.0,20250400,2658.5,20250200
2024-11-26 23:00:00,2678.7,20250400,2678.7,20250400,2658.5,20250200
2024-11-27 00:00:00,2674.1,20250400,2674.1,20250400,2653.0,20250200
2024-11-27 01:00:00,2676.0,20250400,2676.0,20250400,2656.6,20250200
2024-11-27 02:00:00,2683.7,20250400,2683.7,20250400,2662.9,20250200
2024-11-27 03:00:00,2683.8,20250400,2683.8,20250400,2663.1,20250200
2024-11-27 04:00:00,2686.5,20250400,2686.5,20250400,2664.1,20250200
2024-11-27 05:00:00,2689.1,20250400,2689.1,20250400,2667.4,20250200
2024-11-27 06:00:00,2693.4,20250400,2693.4,20250400,2672.8,20250200
2024-11-27 07:00:00,2693.4,20250400,2693.4,20250400,2672.0,20250200
2024-11-27 08:00:00,2699.5,20250400,2699.5,20250400,2678.6,20250200
2024-11-27 09:00:00,2694.4,20250400,2694.4,20250400,2673.3,20250200
2024-11-27 10:00:00,2693.9,20250400,2693.9,20250400,2673.3,20250200
2024-11-27 11:00:00,2697.2,20250400,2697.2,20250400,2675.8,20250200
2024-11-27 12:00:00,2696.8,20250400,2696.8,20250400,2676.0,20250200
2024-11-27 13:00:00,2702.4,20250400,2702.4,20250400,2681.5,20250200
2024-11-27 14:00:00,2697.6,20250400,2697.6,20250400,2675.9,20250200
2024-11-27 15:00:00,2689.8,20250400,2689.8,20250400,2668.0,20250200
2024-11-27 16:00:00,2686.4,20250400,2686.4,20250400,2664.1,20250200
2024-11-27 17:00:00,2683.6,20250400,2683.6,20250400,2662.4,20250200
2024-11-27 18:00:00,2684.7,20250400,2684.7,20250400,2664.1,20250200
2024-11-27 19:00:00,2680.9,20250400,2680.9,20250400,2659.8,20250200
2024-11-27 20:00:00,2683.4,20250400,2683.4,20250400,2662.2,20250200
2024-11-27 21:00:00,2681.3,20250400,2681.3,20250400,2661.0,20250200
2024-11-27 23:00:00,2681.3,20250400,2681.3,20250400,2661.7,20250200
2024-11-28 00:00:00,2681.1,20250400,2681.1,20250400,2660.1,20250200
2024-11-28 01:00:00,2672.0,20250400,2672.0,20250400,2652.5,20250200
2024-11-28 02:00:00,2672.8,20250400,2672.8,20250400,2652.1,20250200
2024-11-28 03:00:00,2674.3,20250400,2674.3,20250400,2654.3,20250200
2024-11-28 04:00:00,2675.3,20250400,2675.3,20250400,2655.1,20250200
2024-11-28 05:00:00,2678.1,20250400,2678.1,20250400,2657.2,20250200
2024-11-28 06:00:00,2683.9,20250400,2683.9,20250400,2660.7,20250200
2024-11-28 07:00:00,2682.2,20250400,2682.2,20250400,2661.5,20250200
2024-11-28 08:00:00,2687.9,20250400,2687.9,20250400,2668.0,20250200
2024-11-28 09:00:00,2691.5,20250400,2691.5,20250400,2670.1,20250200
2024-11-28 10:00:00,2691.9,20250400,2691.9,20250400,2671.4,20250200
2024-11-28 11:00:00,2691.1,20250400,2691.1,20250400,2670.4,20250200
2024-11-28 12:00:00,2691.0,20250400,2691.0,20250400,2669.8,20250200
2024-11-28 13:00:00,2691.9,20250400,2691.9,20250400,2670.8,20250200
2024-11-28 14:00:00,2685.8,20250400,2685.8,20250400,2665.5,20250200
2024-11-28 15:00:00,2684.3,20250400,2684.3,20250400,2662.4,20250200
2024-11-28 16:00:00,2686.8,20250400,2686.8,20250400,2666.3,20250200
2024-11-28 17:00:00,2686.6,20250400,2686.6,20250400,2665.2,20250200
2024-11-28 18:00:00,2684.8,20250400,2684.8,20250400,2664.5,20250200
2024-11-28 19:00:00,2682.7,20250400,2682.7,20250400,2661.9,20250200
2024-11-28 23:00:00,2683.3,20250400,2683.3,20250400,2662.5,20250200
2024-11-29 00:00:00,2680.8,20250400,2680.8,20250400,2659.6,20250200
2024-11-29 01:00:00,2691.0,20250400,2691.0,20250400,2668.8,20250200
2024-11-29 02:00:00,2701.7,20250400,2701.7,20250400,2681.6,20250200
2024-11-29 03:00:00,2705.1,20250400,2705.1,20250400,2684.1,20250200
2024-11-29 04:00:00,2705.0,20250400,2705.0,20250400,2684.1,20250200
2024-11-29 05:00:00,2708.0,20250400,2708.0,20250400,2686.4,20250200
2024-11-29 06:00:00,2709.9,20250400,2709.9,20250400,2689.2,20250200
2024-11-29 07:00:00,2704.3,20250400,2704.3,20250400,2684.5,20250200
2024-11-29 08:00:00,2704.8,20250400,2704.8,20250400,2681.1,20250200
2024-11-29 09:00:00,2707.5,20250400,2707.5,20250400,2688.0,20250200
2024-11-29 10:00:00,2706.4,20250400,2706.4,20250400,2686.8,20250200
2024-11-29 11:00:00,2705.9,20250400,2705.9,20250400,2683.3,20250200
2024-11-29 12:00:00,2705.3,20250400,2705.3,20250400,2683.8,20250200
2024-11-29 13:00:00,2702.6,20250400,2702.6,20250400,2681.4,20250200
2024-11-29 14:00:00,2698.9,20250400,2698.9,20250400,2677.6,20250200
2024-11-29 15:00:00,2703.0,20250400,2703.0,20250400,2682.9,20250200
2024-11-29 16:00:00,2706.8,20250400,2706.8,20250400,2686.2,20250200
2024-11-29 17:00:00,2706.1,20250400,2706.1,20250400,2684.8,20250200
2024-11-29 18:00:00,2697.7,20250400,2697.7,20250400,2676.6,20250200
2024-11-29 19:00:00,2693.5,20250400,2693.5,20250400,2674.1,20250200
2024-11-29 23:00:00,2693.5,20250400,2693.5,20250400,2674.1,20250200
2024-12-01 23:00:00,2689.9,20250400,2689.9,20250400,2668.5,20250200
2024-12-02 00:00:00,2681.7,20250400,2681.7,20250400,2660.1,20250200
2024-12-02 01:00:00,2679.2,20250400,2679.2,20250400,2658.6,20250200
2024-12-02 02:00:00,2669.1,20250400,2669.1,20250400,2649.4,20250200
2024-12-02 03:00:00,2674.7,20250400,2674.7,20250400,2652.2,20250200
2024-12-02 04:00:00,2671.5,20250400,2671.5,20250400,2651.3,20250200
2024-12-02 05:00:00,2667.0,20250400,2667.0,20250400,2646.0,20250200
2024-12-02 06:00:00,2670.1,20250400,2670.1,20250400,2648.6,20250200
2024-12-02 07:00:00,2673.3,20250400,2673.3,20250400,2652.3,20250200
2024-12-02 08:00:00,2673.4,20250400,2673.4,20250400,2652.2,20250200
2024-12-02 09:00:00,2676.8,20250400,2676.8,20250400,2656.4,20250200
2024-12-02 10:00:00,2678.6,20250400,2678.6,20250400,2658.6,20250200
2024-12-02 11:00:00,2685.5,20250400,2685.5,20250400,2664.7,20250200
2024-12-02 12:00:00,2684.9,20250400,2684.9,20250400,2663.9,20250200
2024-12-02 13:00:00,2691.5,20250400,2691.5,20250400,2670.4,20250200
2024-12-02 14:00:00,2689.8,20250400,2689.8,20250400,2669.2,20250200
2024-12-02 15:00:00,2686.4,20250400,2686.4,20250400,2665.4,20250200
2024-12-02 16:00:00,2685.0,20250400,2685.0,20250400,2664.4,20250200
2024-12-02 17:00:00,2683.2,20250400,2683.2,20250400,2661.9,20250200
2024-12-02 18:00:00,2680.0,20250400,2680.0,20250400,2660.1,20250200
2024-12-02 19:00:00,2683.3,20250400,2683.3,20250400,2660.6,20250200
2024-12-02 20:00:00,2681.4,20250400,2681.4,20250400,2660.3,20250200
2024-12-02 21:00:00,2682.9,20250400,2682.9,20250400,2661.9,20250200
2024-12-02 23:00:00,2684.6,20250400,2684.6,20250400,2661.9,20250200
2024-12-03 00:00:00,2685.0,20250400,2685.0,20250400,2663.7,20250200
2024-12-03 01:00:00,2680.1,20250400,2680.1,20250400,2659.1,20250200
2024-12-03 02:00:00,2680.8,20250400,2680.8,20250400,2659.5,20250200
2024-12-03 03:00:00,2683.6,20250400,2683.6,20250400,2663.1,20250200
2024-12-03 04:00:00,2681.7,20250400,2681.7,20250400,2662.3,20250200
2024-12-03 05:00:00,2684.6,20250400,2684.6,20250400,2663.5,20250200
2024-12-03 06:00:00,2690.0,20250400,2690.0,20250400,2669.7,20250200
2024-12-03 07:00:00,2690.5,20250400,2690.5,20250400,2667.2,20250200
2024-12-03 08:00:00,2688.8,20250400,2688.8,20250400,2668.0,20250200
2024-12-03 09:00:00,2689.8,20250400,2689.8,20250400,2666.5,20250200
2024-12-03 10:00:00,2688.1,20250400,2688.1,20250400,2665.2,20250200
2024-12-03 11:00:00,2686.7,20250400,2686.7,20250400,2666.3,20250200
2024-12-03 12:00:00,2682.5,20250400,2682.5,20250400,2662.1,20250200
2024-12-03 13:00:00,2696.0,20250400,2696.0,20250400,2675.5,20250200
2024-12-03 14:00:00,2689.8,20250400,2689.8,20250400,2669.4,20250200
2024-12-03 15:00:00,2684.2,20250400,2684.2,20250400,2663.2,20250200
2024-12-03 16:00:00,2691.5,20250400,2691.5,20250400,2670.9,20250200
2024-12-03 17:00:00,2690.3,20250400,2690.3,20250400,2669.5,20250200
2024-12-03 18:00:00,2688.8,20250400,2688.8,20250400,2668.2,20250200
2024-12-03 19:00:00,2684.4,20250400,2684.4,20250400,2663.3,20250200
2024-12-03 20:00:00,2684.8,20250400,2684.8,20250400,2664.4,20250200
2024-12-03 21:00:00,2686.5,20250400,2686.5,20250400,2665.9,20250200
2024-12-03 23:00:00,2686.5,20250400,2686.5,20250400,2665.9,20250200
2024-12-04 00:00:00,2683.1,20250400,2683.1,20250400,2662.4,20250200
2024-12-04 01:00:00,2684.0,20250400,2684.0,20250400,2664.4,20250200
2024-12-04 02:00:00,2689.0,20250400,2689.0,20250400,2668.1,20250200
2024-12-04 03:00:00,2688.6,20250400,2688.6,20250400,2666.6,20250200
2024-12-04 04:00:00,2690.5,20250400,2690.5,20250400,2670.6,20250200
2024-12-04 05:00:00,2691.8,20250400,2691.8,20250400,2671.8,20250200
2024-12-04 06:00:00,2693.9,20250400,2693.9,20250400,2671.3,20250200
2024-12-04 07:00:00,2684.0,20250400,2684.0,20250400,2663.6,20250200
2024-12-04 08:00:00,2683.3,20250400,2683.3,20250400,2663.3,20250200
2024-12-04 09:00:00,2685.0,20250400,2685.0,20250400,2662.7,20250200
2024-12-04 10:00:00,2687.0,20250400,2687.0,20250400,2666.2,20250200
2024-12-04 11:00:00,2688.0,20250400,2688.0,20250400,2668.0,20250200
2024-12-04 12:00:00,2680.5,20250400,2680.5,20250400,2659.0,20250200
2024-12-04 13:00:00,2692.3,20250400,2692.3,20250400,2671.2,20250200
2024-12-04 14:00:00,2691.6,20250400,2691.6,20250400,2672.9,20250200
2024-12-04 15:00:00,2699.2,20250400,2699.2,20250400,2679.8,20250200
2024-12-04 16:00:00,2694.6,20250400,2694.6,20250400,2674.2,20250200
2024-12-04 17:00:00,2696.1,20250400,2696.1,20250400,2675.9,20250200
2024-12-04 18:00:00,2694.0,20250400,2694.0,20250400,2673.5,20250200
2024-12-04 19:00:00,2696.5,20250400,2696.5,20250400,2676.1,20250200
2024-12-04 20:00:00,2694.6,20250400,2694.6,20250400,2674.5,20250200
2024-12-04 21:00:00,2694.6,20250400,2694.6,20250400,2674.5,20250200
2024-12-04 23:00:00,2694.6,20250400,2694.6,20250400,2674.5,20250200
2024-12-05 00:00:00,2692.0,20250400,2692.0,20250400,2671.8,20250200
2024-12-05 01:00:00,2691.2,20250400,2691.2,20250400,2670.9,20250200
2024-12-05 02:00:00,2691.3,20250400,2691.3,20250400,2670.6,20250200
2024-12-05 03:00:00,2693.3,20250400,2693.3,20250400,2672.8,20250200
2024-12-05 04:00:00,2690.5,20250400,2690.5,20250400,2670.4,20250200
2024-12-05 05:00:00,2698.2,20250400,2698.2,20250400,2677.5,20250200
2024-12-05 06:00:00,2691.7,20250400,2691.7,20250400,2671.6,20250200
2024-12-05 07:00:00,2692.9,20250400,2692.9,20250400,2673.6,20250200
2024-12-05 08:00:00,2688.5,20250400,2688.5,20250400,2667.6,20250200
2024-12-05 09:00:00,2689.3,20250400,2689.3,20250400,2668.6,20250200
2024-12-05 10:00:00,2691.8,20250400,2691.8,20250400,2672.3,20250200
2024-12-05 11:00:00,2695.0,20250400,2695.0,20250400,2674.9,20250200
2024-12-05 12:00:00,2693.8,20250400,2693.8,20250400,2676.5,20250200
2024-12-05 13:00:00,2692.5,20250400,2692.5,20250400,2672.4,20250200
2024-12-05 14:00:00,2684.0,20250400,2684.0,20250400,2663.5,20250200
2024-12-05 15:00:00,2684.6,20250400,2684.6,20250400,2663.5,20250200
2024-12-05 16:00:00,2678.9,20250400,2678.9,20250400,2658.3,20250200
2024-12-05 17:00:00,2670.4,20250400,2670.4,20250400,2651.0,20250200
2024-12-05 18:00:00,2672.4,20250400,2672.4,20250400,2652.6,20250200
2024-12-05 19:00:00,2675.2,20250400,2675.2,20250400,2652.9,20250200
2024-12-05 20:00:00,2674.5,20250400,2674.5,20250400,2654.4,20250200
2024-12-05 21:00:00,2674.9,20250400,2674.9,20250400,2655.1,20250200
2024-12-05 23:00:00,2674.9,20250400,2674.9,20250400,2656.8,20250200
2024-12-06 00:00:00,2672.5,20250400,2672.5,20250400,2651.7,20250200
2024-12-06 01:00:00,2661.3,20250400,2661.3,20250400,2640.3,20250200
2024-12-06 02:00:00,2668.4,20250400,2668.4,20250400,2648.0,20250200
2024-12-06 03:00:00,2683.1,20250400,2683.1,20250400,2662.9,20250200
2024-12-06 04:00:00,2683.9,20250400,2683.9,20250400,2664.1,20250200
2024-12-06 05:00:00,2680.5,20250400,2680.5,20250400,2659.8,20250200
2024-12-06 06:00:00,2681.8,20250400,2681.8,20250400,2661.4,20250200
2024-12-06 07:00:00,2681.2,20250400,2681.2,20250400,2661.9,20250200
2024-12-06 08:00:00,2687.2,20250400,2687.2,20250400,2666.3,20250200
2024-12-06 09:00:00,2684.2,20250400,2684.2,20250400,2662.6,20250200
2024-12-06 10:00:00,2676.9,20250400,2676.9,20250400,2655.7,20250200
2024-12-06 11:00:00,2681.1,20250400,2681.1,20250400,2659.9,20250200
2024-12-06 12:00:00,2680.7,20250400,2680.7,20250400,2660.0,20250200
2024-12-06 13:00:00,2677.0,20250400,2677.0,20250400,2657.5,20250200
2024-12-06 14:00:00,2677.8,20250400,2677.8,20250400,2657.0,20250200
2024-12-06 15:00:00,2680.0,20250400,2680.0,20250400,2659.4,20250200
2024-12-06 16:00:00,2682.1,20250400,2682.1,20250400,2662.3,20250200
2024-12-06 17:00:00,2678.1,20250400,2678.1,20250400,2657.0,20250200
2024-12-06 18:00:00,2678.7,20250400,2678.7,20250400,2659.1,20250200
2024-12-06 19:00:00,2676.4,20250400,2676.4,20250400,2656.6,20250200
2024-12-06 20:00:00,2674.4,20250400,2674.4,20250400,2653.9,20250200
2024-12-06 21:00:00,2675.5,20250400,2675.5,20250400,2654.9,20250200
2024-12-06 23:00:00,2675.5,20250400,2675.5,20250400,2654.9,20250200
2024-12-08 23:00:00,2681.5,20250400,2681.5,20250400,2662.3,20250200
2024-12-09 00:00:00,2672.9,20250400,2672.9,20250400,2653.5,20250200
2024-12-09 01:00:00,2688.0,20250400,2688.0,20250400,2668.3,20250200
2024-12-09 02:00:00,2688.5,20250400,2688.5,20250400,2667.9,20250200
2024-12-09 03:00:00,2681.0,20250400,2681.0,20250400,2660.7,20250200
2024-12-09 04:00:00,2677.6,20250400,2677.6,20250400,2657.9,20250200
2024-12-09 05:00:00,2680.0,20250400,2680.0,20250400,2660.0,20250200
2024-12-09 06:00:00,2686.0,20250400,2686.0,20250400,2665.3,20250200
2024-12-09 07:00:00,2692.9,20250400,2692.9,20250400,2672.2,20250200
2024-12-09 08:00:00,2691.0,20250400,2691.0,20250400,2671.0,20250200
2024-12-09 09:00:00,2697.0,20250400,2697.0,20250400,2677.1,20250200
2024-12-09 10:00:00,2698.9,20250400,2698.9,20250400,2679.3,20250200
2024-12-09 11:00:00,2699.0,20250400,2699.0,20250400,2678.4,20250200
2024-12-09 12:00:00,2698.8,20250400,2698.8,20250400,2678.9,20250200
2024-12-09 13:00:00,2709.2,20250400,2709.2,20250400,2688.6,20250200
2024-12-09 14:00:00,2718.1,20250400,2718.1,20250400,2697.5,20250200
2024-12-09 15:00:00,2710.7,20250400,2710.7,20250400,2691.2,20250200
2024-12-09 16:00:00,2710.8,20250400,2710.8,20250400,2690.5,20250200
2024-12-09 17:00:00,2708.9,20250400,2708.9,20250400,2687.5,20250200
2024-12-09 18:00:00,2706.6,20250400,2706.6,20250400,2685.9,20250200
2024-12-09 19:00:00,2702.5,20250400,2702.5,20250400,2682.8,20250200
2024-12-09 20:00:00,2701.4,20250400,2701.4,20250400,2680.8,20250200
2024-12-09 21:00:00,2704.0,20250400,2704.0,20250400,2683.2,20250200
2024-12-09 23:00:00,2704.5,20250400,2704.5,20250400,2683.2,20250200
2024-12-10 00:00:00,2708.1,20250400,2708.1,20250400,2687.8,20250200
2024-12-10 01:00:00,2712.0,20250400,2712.0,20250400,2690.3,20250200
2024-12-10 02:00:00,2712.8,20250400,2712.8,20250400,2691.6,20250200
2024-12-10 03:00:00,2711.2,20250400,2711.2,20250400,2692.7,20250200
2024-12-10 04:00:00,2714.2,20250400,2714.2,20250400,2693.2,20250200
2024-12-10 05:00:00,2711.7,20250400,2711.7,20250400,2691.3,20250200
2024-12-10 06:00:00,2710.9,20250400,2710.9,20250400,2692.5,20250200
2024-12-10 07:00:00,2707.3,20250400,2707.3,20250400,2686.5,20250200
2024-12-10 08:00:00,2706.0,20250400,2706.0,20250400,2685.8,20250200
2024-12-10 09:00:00,2708.4,20250400,2708.4,20250400,2687.5,20250200
2024-12-10 10:00:00,2719.0,20250400,2719.0,20250400,2698.3,20250200
2024-12-10 11:00:00,2716.7,20250400,2716.7,20250400,2697.2,20250200
2024-12-10 12:00:00,2721.1,20250400,2721.1,20250400,2701.2,20250200
2024-12-10 13:00:00,2724.7,20250400,2724.7,20250400,2704.3,20250200
2024-12-10 14:00:00,2734.9,20250400,2734.9,20250400,2713.8,20250200
2024-12-10 15:00:00,2734.0,20250400,2734.0,20250400,2712.4,20250200
2024-12-10 16:00:00,2738.2,20250400,2738.2,20250400,2717.7,20250200
2024-12-10 17:00:00,2741.0,20250400,2741.0,20250400,2719.6,20250200
2024-12-10 18:00:00,2739.5,20250400,2739.5,20250400,2718.0,20250200
2024-12-10 19:00:00,2738.3,20250400,2738.3,20250400,2718.2,20250200
2024-12-10 20:00:00,2740.0,20250400,2740.0,20250400,2718.2,20250200
2024-12-10 21:00:00,2742.0,20250400,2742.0,20250400,2721.4,20250200
2024-12-10 23:00:00,2745.5,20250400,2745.5,20250400,2723.9,20250200
2024-12-11 00:00:00,2753.1,20250400,2753.1,20250400,2731.7,20250200
2024-12-11 01:00:00,2752.8,20250400,2752.8,20250400,2732.4,20250200
2024-12-11 02:00:00,2757.3,20250400,2757.3,20250400,2736.1,20250200
2024-12-11 03:00:00,2758.3,20250400,2758.3,20250400,2737.7,20250200
2024-12-11 04:00:00,2757.0,20250400,2757.0,20250400,2735.8,20250200
2024-12-11 05:00:00,2748.8,20250400,2748.8,20250400,2728.0,20250200
2024-12-11 06:00:00,2750.6,20250400,2750.6,20250400,2731.8,20250200
2024-12-11 07:00:00,2746.5,20250400,2746.5,20250400,2726.2,20250200
2024-12-11 08:00:00,2747.6,20250400,2747.6,20250400,2728.0,20250200
2024-12-11 09:00:00,2745.6,20250400,2745.6,20250400,2727.4,20250200
2024-12-11 10:00:00,2742.4,20250400,2742.4,20250400,2725.7,20250200
2024-12-11 11:00:00,2747.0,20250400,2747.0,20250400,2727.3,20250200
2024-12-11 12:00:00,2746.4,20250400,2746.4,20250400,2725.5,20250200
2024-12-11 13:00:00,2752.0,20250400,2752.0,20250400,2731.9,20250200
2024-12-11 14:00:00,2761.4,20250400,2761.4,20250400,2742.0,20250200
2024-12-11 15:00:00,2771.9,20250400,2771.9,20250400,2754.8,20250200
2024-12-11 16:00:00,2773.0,20250400,2773.0,20250400,2753.0,20250200
2024-12-11 17:00:00,2776.3,20250400,2776.3,20250400,2757.1,20250200
2024-12-11 18:00:00,2770.3,20250400,2770.3,20250400,2750.7,20250200
2024-12-11 19:00:00,2772.8,20250400,2772.8,20250400,2753.2,20250200
2024-12-11 20:00:00,2772.8,20250400,2772.8,20250400,2752.7,20250200
2024-12-11 21:00:00,2774.3,20250400,2774.3,20250400,2753.7,20250200
2024-12-11 23:00:00,2774.3,20250400,2774.3,20250400,2753.7,20250200
2024-12-12 00:00:00,2778.3,20250400,2778.3,20250400,2758.4,20250200
2024-12-12 01:00:00,2771.0,20250400,2771.0,20250400,2751.3,20250200
2024-12-12 02:00:00,2765.0,20250400,2765.0,20250400,2746.0,20250200
2024-12-12 03:00:00,2767.0,20250400,2767.0,20250400,2748.3,20250200
2024-12-12 04:00:00,2767.6,20250400,2767.6,20250400,2747.8,20250200
2024-12-12 05:00:00,2769.0,20250400,2769.0,20250400,2748.5,20250200
2024-12-12 06:00:00,2771.7,20250400,2771.7,20250400,2751.8,20250200
2024-12-12 07:00:00,2770.3,20250400,2770.3,20250400,2749.0,20250200
2024-12-12 08:00:00,2771.3,20250400,2771.3,20250400,2753.8,20250200
2024-12-12 09:00:00,2768.9,20250400,2768.9,20250400,2748.4,20250200
2024-12-12 10:00:00,2766.4,20250400,2766.4,20250400,2744.9,20250200
2024-12-12 11:00:00,2762.0,20250400,2762.0,20250400,2742.6,20250200
2024-12-12 12:00:00,2756.1,20250400,2756.1,20250400,2736.3,20250200
2024-12-12 13:00:00,2747.5,20250400,2747.5,20250400,2726.2,20250200
2024-12-12 14:00:00,2731.6,20250400,2731.6,20250400,2710.9,20250200
2024-12-12 15:00:00,2722.5,20250400,2722.5,20250400,2701.6,20250200
2024-12-12 16:00:00,2727.6,20250400,2727.6,20250400,2707.1,20250200
2024-12-12 17:00:00,2731.0,20250400,2731.0,20250400,2711.3,20250200
2024-12-12 18:00:00,2729.2,20250400,2729.2,20250400,2707.9,20250200
2024-12-12 19:00:00,2727.8,20250400,2727.8,20250400,2706.3,20250200
2024-12-12 20:00:00,2724.4,20250400,2724.4,20250400,2704.1,20250200
2024-12-12 21:00:00,2727.2,20250400,2727.2,20250400,2705.3,20250200
2024-12-12 23:00:00,2727.2,20250400,2727.2,20250400,2705.0,20250200
2024-12-13 00:00:00,2728.9,20250400,2728.9,20250400,2709.0,20250200
2024-12-13 01:00:00,2730.0,20250400,2730.0,20250400,2714.0,20250200
2024-12-13 02:00:00,2729.3,20250400,2729.3,20250400,2709.3,20250200
2024-12-13 03:00:00,2731.5,20250400,2731.5,20250400,2710.2,20250200
2024-12-13 04:00:00,2729.9,20250400,2729.9,20250400,2709.8,20250200
2024-12-13 05:00:00,2730.0,20250400,2730.0,20250400,2708.9,20250200
2024-12-13 06:00:00,2730.3,20250400,2730.3,20250400,2710.1,20250200
2024-12-13 07:00:00,2727.6,20250400,2727.6,20250400,2705.2,20250200
2024-12-13 08:00:00,2716.4,20250400,2716.4,20250400,2695.0,20250200
2024-12-13 09:00:00,2710.4,20250400,2710.4,20250400,2689.4,20250200
2024-12-13 10:00:00,2707.3,20250400,2707.3,20250400,2686.6,20250200
2024-12-13 11:00:00,2707.3,20250400,2707.3,20250400,2685.4,20250200
2024-12-13 12:00:00,2715.0,20250400,2715.0,20250400,2693.5,20250200
2024-12-13 13:00:00,2702.7,20250400,2702.7,20250400,2681.2,20250200
2024-12-13 14:00:00,2700.7,20250400,2700.7,20250400,2679.4,20250200
2024-12-13 15:00:00,2700.5,20250400,2700.5,20250400,2679.2,20250200
2024-12-13 16:00:00,2702.9,20250400,2702.9,20250400,2681.6,20250200
2024-12-13 17:00:00,2697.5,20250400,2697.5,20250400,2676.3,20250200
2024-12-13 18:00:00,2695.8,20250400,2695.8,20250400,2674.4,20250200
2024-12-13 19:00:00,2694.0,20250400,2694.0,20250400,2672.8,20250200
2024-12-13 20:00:00,2686.4,20250400,2686.4,20250400,2665.6,20250200
2024-12-13 21:00:00,2687.3,20250400,2687.3,20250400,2666.2,20250200
2024-12-13 23:00:00,2687.3,20250400,2687.3,20250400,2666.2,20250200
2024-12-15 23:00:00,2690.8,20250400,2690.8,20250400,2669.4,20250200
2024-12-16 00:00:00,2685.3,20250400,2685.3,20250400,2665.2,20250200
2024-12-16 01:00:00,2692.7,20250400,2692.7,20250400,2672.0,20250200
2024-12-16 02:00:00,2690.5,20250400,2690.5,20250400,2670.2,20250200
2024-12-16 03:00:00,2692.7,20250400,2692.7,20250400,2671.8,20250200
2024-12-16 04:00:00,2691.1,20250400,2691.1,20250400,2670.6,20250200
2024-12-16 05:00:00,2691.6,20250400,2691.6,20250400,2671.1,20250200
2024-12-16 06:00:00,2692.7,20250400,2692.7,20250400,2671.4,20250200
2024-12-16 07:00:00,2693.6,20250400,2693.6,20250400,2672.2,20250200
2024-12-16 08:00:00,2698.1,20250400,2698.1,20250400,2675.8,20250200
2024-12-16 09:00:00,2695.9,20250400,2695.9,20250400,2676.8,20250200
2024-12-16 10:00:00,2700.0,20250400,2700.0,20250400,2677.7,20250200
2024-12-16 11:00:00,2703.9,20250400,2703.9,20250400,2682.5,20250200
2024-12-16 12:00:00,2700.8,20250400,2700.8,20250400,2679.0,20250200
2024-12-16 13:00:00,2703.8,20250400,2703.8,20250400,2681.2,20250200
2024-12-16 14:00:00,2695.0,20250400,2695.0,20250400,2673.5,20250200
2024-12-16 15:00:00,2695.5,20250400,2695.5,20250400,2672.7,20250200
2024-12-16 16:00:00,2692.1,20250400,2692.1,20250400,2670.2,20250200
2024-12-16 17:00:00,2693.5,20250400,2693.5,20250400,2669.3,20250200
2024-12-16 18:00:00,2694.1,20250400,2694.1,20250400,2672.6,20250200
2024-12-16 19:00:00,2692.0,20250400,2692.0,20250400,2669.9,20250200
2024-12-16 20:00:00,2692.5,20250400,2692.5,20250400,2670.0,20250200
2024-12-16 21:00:00,2691.1,20250400,2691.1,20250400,2670.1,20250200
2024-12-16 23:00:00,2690.1,20250400,2690.1,20250400,2668.4,20250200
2024-12-17 00:00:00,2693.3,20250400,2693.3,20250400,2672.2,20250200
2024-12-17 01:00:00,2696.6,20250400,2696.6,20250400,2675.1,20250200
2024-12-17 02:00:00,2693.4,20250400,2693.4,20250400,2671.9,20250200
2024-12-17 03:00:00,2692.1,20250400,2692.1,20250400,2670.9,20250200
2024-12-17 04:00:00,2689.7,20250400,2689.7,20250400,2668.3,20250200
2024-12-17 05:00:00,2691.9,20250400,2691.9,20250400,2670.6,20250200
2024-12-17 06:00:00,2686.0,20250400,2686.0,20250400,2666.4,20250200
2024-12-17 07:00:00,2694.6,20250400,2694.6,20250400,2670.3,20250200
2024-12-17 08:00:00,2680.1,20250400,2680.1,20250400,2659.2,20250200
2024-12-17 09:00:00,2676.0,20250400,2676.0,20250400,2654.6,20250200
2024-12-17 10:00:00,2675.5,20250400,2675.5,20250400,2653.2,20250200
2024-12-17 11:00:00,2678.7,20250400,2678.7,20250400,2657.1,20250200
2024-12-17 12:00:00,2679.7,20250400,2679.7,20250400,2657.7,20250200
2024-12-17 13:00:00,2672.0,20250400,2672.0,20250400,2650.0,20250200
2024-12-17 14:00:00,2671.4,20250400,2671.4,20250400,2649.6,20250200
2024-12-17 15:00:00,2676.3,20250400,2676.3,20250400,2654.4,20250200
2024-12-17 16:00:00,2676.0,20250400,2676.0,20250400,2653.9,20250200
2024-12-17 17:00:00,2684.5,20250400,2684.5,20250400,2662.1,20250200
2024-12-17 18:00:00,2685.5,20250400,2685.5,20250400,2663.6,20250200
2024-12-17 19:00:00,2683.4,20250400,2683.4,20250400,2661.9,20250200
2024-12-17 20:00:00,2682.7,20250400,2682.7,20250400,2660.6,20250200
2024-12-17 21:00:00,2684.2,20250400,2684.2,20250400,2663.5,20250200
2024-12-17 23:00:00,2684.2,20250400,2684.2,20250400,2663.5,20250200
2024-12-18 00:00:00,2687.9,20250400,2687.9,20250400,2666.2,20250200
2024-12-18 01:00:00,2688.7,20250400,2688.7,20250400,2666.4,20250200
2024-12-18 02:00:00,2683.8,20250400,2683.8,20250400,2662.3,20250200
2024-12-18 03:00:00,2682.6,20250400,2682.6,20250400,2660.5,20250200
2024-12-18 04:00:00,2682.5,20250400,2682.5,20250400,2660.2,20250200
2024-12-18 05:00:00,2685.6,20250400,2685.6,20250400,2662.9,20250200
2024-12-18 06:00:00,2683.4,20250400,2683.4,20250400,2661.7,20250200
2024-12-18 07:00:00,2681.3,20250400,2681.3,20250400,2659.9,20250200
2024-12-18 08:00:00,2686.9,20250400,2686.9,20250400,2663.2,20250200
2024-12-18 09:00:00,2683.1,20250400,2683.1,20250400,2662.3,20250200
2024-12-18 10:00:00,2687.2,20250400,2687.2,20250400,2664.3,20250200
2024-12-18 11:00:00,2683.9,20250400,2683.9,20250400,2661.8,20250200
2024-12-18 12:00:00,2682.0,20250400,2682.0,20250400,2660.1,20250200
2024-12-18 13:00:00,2682.7,20250400,2682.7,20250400,2659.8,20250200
2024-12-18 14:00:00,2675.9,20250400,2675.9,20250400,2653.9,20250200
2024-12-18 15:00:00,2675.0,20250400,2675.0,20250400,2654.8,20250200
2024-12-18 16:00:00,2672.4,20250400,2672.4,20250400,2651.3,20250200
2024-12-18 17:00:00,2677.0,20250400,2677.0,20250400,2651.9,20250200
2024-12-18 18:00:00,2674.4,20250400,2674.4,20250400,2652.7,20250200
2024-12-18 19:00:00,2641.7,20250400,2641.7,20250400,2619.5,20250200
2024-12-18 20:00:00,2628.1,20250400,2628.1,20250400,2606.9,20250200
2024-12-18 21:00:00,2620.9,20250400,2620.9,20250400,2599.6,20250200
2024-12-18 23:00:00,2624.0,20250400,2624.0,20250400,2601.3,20250200
2024-12-19 00:00:00,2631.6,20250400,2631.6,20250400,2608.1,20250200
2024-12-19 01:00:00,2645.7,20250400,2645.7,20250400,2624.2,20250200
2024-12-19 02:00:00,2646.9,20250400,2646.9,20250400,2624.8,20250200
2024-12-19 03:00:00,2645.0,20250400,2645.0,20250400,2623.1,20250200
2024-12-19 04:00:00,2642.2,20250400,2642.2,20250400,2621.9,20250200
2024-12-19 05:00:00,2641.9,20250400,2641.9,20250400,2620.0,20250200
2024-12-19 06:00:00,2647.0,20250400,2647.0,20250400,2625.3,20250200
2024-12-19 07:00:00,2652.2,20250400,2652.2,20250400,2630.2,20250200
2024-12-19 08:00:00,2655.0,20250400,2655.0,20250400,2632.8,20250200
2024-12-19 09:00:00,2656.1,20250400,2656.1,20250400,2633.6,20250200
2024-12-19 10:00:00,2657.1,20250400,2657.1,20250400,2633.3,20250200
2024-12-19 11:00:00,2653.7,20250400,2653.7,20250400,2630.9,20250200
2024-12-19 12:00:00,2642.9,20250400,2642.9,20250400,2620.7,20250200
2024-12-19 13:00:00,2631.7,20250400,2631.7,20250400,2610.1,20250200
2024-12-19 14:00:00,2628.6,20250400,2628.6,20250400,2606.6,20250200
2024-12-19 15:00:00,2625.2,20250400,2625.2,20250400,2603.1,20250200
2024-12-19 16:00:00,2628.0,20250400,2628.0,20250400,2606.5,20250200
2024-12-19 17:00:00,2629.0,20250400,2629.0,20250400,2607.5,20250200
2024-12-19 18:00:00,2636.8,20250400,2636.8,20250400,2614.7,20250200
2024-12-19 19:00:00,2633.8,20250400,2633.8,20250400,2611.4,20250200
2024-12-19 20:00:00,2634.2,20250400,2634.2,20250400,2612.3,20250200
2024-12-19 21:00:00,2631.3,20250400,2631.3,20250400,2609.9,20250200
2024-12-19 23:00:00,2631.3,20250400,2631.3,20250400,2609.9,20250200
2024-12-20 00:00:00,2625.0,20250400,2625.0,20250400,2604.8,20250200
2024-12-20 01:00:00,2639.6,20250400,2639.6,20250400,2617.7,20250200
2024-12-20 02:00:00,2633.0,20250400,2633.0,20250400,2611.6,20250200
2024-12-20 03:00:00,2632.8,20250400,2632.8,20250400,2612.2,20250200
2024-12-20 04:00:00,2635.3,20250400,2635.3,20250400,2612.6,20250200
2024-12-20 05:00:00,2636.3,20250400,2636.3,20250400,2613.8,20250200
2024-12-20 06:00:00,2640.6,20250400,2640.6,20250400,2618.6,20250200
2024-12-20 07:00:00,2642.0,20250400,2642.0,20250400,2620.1,20250200
2024-12-20 08:00:00,2643.1,20250400,2643.1,20250400,2619.9,20250200
2024-12-20 09:00:00,2642.8,20250400,2642.8,20250400,2619.8,20250200
2024-12-20 10:00:00,2641.0,20250400,2641.0,20250400,2619.2,20250200
2024-12-20 11:00:00,2640.5,20250400,2640.5,20250400,2618.3,20250200
2024-12-20 12:00:00,2638.7,20250400,2638.7,20250400,2617.9,20250200
2024-12-20 13:00:00,2647.2,20250400,2647.2,20250400,2625.2,20250200
2024-12-20 14:00:00,2656.0,20250400,2656.0,20250400,2634.1,20250200
2024-12-20 15:00:00,2674.4,20250400,2674.4,20250400,2652.2,20250200
2024-12-20 16:00:00,2665.7,20250400,2665.7,20250400,2643.8,20250200
2024-12-20 17:00:00,2667.4,20250400,2667.4,20250400,2644.9,20250200
2024-12-20 18:00:00,2669.7,20250400,2669.7,20250400,2647.2,20250200
2024-12-20 19:00:00,2669.9,20250400,2669.9,20250400,2647.9,20250200
2024-12-20 20:00:00,2665.0,20250400,2665.0,20250400,2642.9,20250200
2024-12-20 21:00:00,2662.0,20250400,2662.0,20250400,2640.4,20250200
2024-12-20 23:00:00,2662.0,20250400,2662.0,20250400,2640.4,20250200
2024-12-22 23:00:00,2662.8,20250400,2662.8,20250400,2641.3,20250200
2024-12-23 00:00:00,2658.8,20250400,2658.8,20250400,2637.7,20250200
2024-12-23 01:00:00,2662.4,20250400,2662.4,20250400,2638.4,20250200
2024-12-23 02:00:00,2664.7,20250400,2664.7,20250400,2641.6,20250200
2024-12-23 03:00:00,2662.5,20250400,2662.5,20250400,2639.0,20250200
2024-12-23 04:00:00,2662.5,20250400,2662.5,20250400,2640.6,20250200
2024-12-23 05:00:00,2665.4,20250400,2665.4,20250400,2641.5,20250200
2024-12-23 06:00:00,2666.7,20250400,2666.7,20250400,2645.2,20250200
2024-12-23 07:00:00,2665.6,20250400,2665.6,20250400,2643.9,20250200
2024-12-23 08:00:00,2666.2,20250400,2666.2,20250400,2644.2,20250200
2024-12-23 09:00:00,2664.3,20250400,2664.3,20250400,2640.6,20250200
2024-12-23 10:00:00,2656.4,20250400,2656.4,20250400,2634.2,20250200
2024-12-23 11:00:00,2652.0,20250400,2652.0,20250400,2630.0,20250200
2024-12-23 12:00:00,2652.1,20250400,2652.1,20250400,2629.4,20250200
2024-12-23 13:00:00,2655.4,20250400,2655.4,20250400,2631.2,20250200
2024-12-23 14:00:00,2653.6,20250400,2653.6,20250400,2630.3,20250200
2024-12-23 15:00:00,2646.9,20250400,2646.9,20250400,2624.6,20250200
2024-12-23 16:00:00,2654.2,20250400,2654.2,20250400,2632.1,20250200
2024-12-23 17:00:00,2650.9,20250400,2650.9,20250400,2628.3,20250200
2024-12-23 18:00:00,2649.6,20250400,2649.6,20250400,2627.1,20250200
2024-12-23 19:00:00,2649.2,20250400,2649.2,20250400,2627.0,20250200
2024-12-23 20:00:00,2649.1,20250400,2649.1,20250400,2626.6,20250200
2024-12-23 21:00:00,2651.3,20250400,2651.3,20250400,2629.4,20250200
2024-12-23 23:00:00,2651.8,20250400,2651.8,20250400,2629.9,20250200
2024-12-24 00:00:00,2652.0,20250400,2652.0,20250400,2630.6,20250200
2024-12-24 01:00:00,2652.4,20250400,2652.4,20250400,2632.1,20250200
2024-12-24 02:00:00,2654.1,20250400,2654.1,20250400,2630.8,20250200
2024-12-24 03:00:00,2654.0,20250400,2654.0,20250400,2631.9,20250200
2024-12-24 04:00:00,2655.1,20250400,2655.1,20250400,2633.3,20250200
2024-12-24 05:00:00,2654.6,20250400,2654.6,20250400,2633.3,20250200
2024-12-24 06:00:00,2654.1,20250400,2654.1,20250400,2632.2,20250200
2024-12-24 07:00:00,2654.3,20250400,2654.3,20250400,2631.7,20250200
2024-12-24 08:00:00,2654.3,20250400,2654.3,20250400,2632.3,20250200
2024-12-24 09:00:00,2651.0,20250400,2651.0,20250400,2628.1,20250200
2024-12-24 10:00:00,2653.1,20250400,2653.1,20250400,2630.5,20250200
2024-12-24 11:00:00,2651.8,20250400,2651.8,20250400,2629.5,20250200
2024-12-24 12:00:00,2650.4,20250400,2650.4,20250400,2628.7,20250200
2024-12-24 13:00:00,2650.6,20250400,2650.6,20250400,2628.3,20250200
2024-12-24 14:00:00,2647.1,20250400,2647.1,20250400,2625.0,20250200
2024-12-24 15:00:00,2648.9,20250400,2648.9,20250400,2626.5,20250200
2024-12-24 16:00:00,2654.1,20250400,2654.1,20250400,2631.5,20250200
2024-12-24 17:00:00,2655.7,20250400,2655.7,20250400,2634.2,20250200
2024-12-24 18:00:00,2655.4,20250400,2655.4,20250400,2633.5,20250200
2024-12-24 23:00:00,2655.4,20250400,2655.4,20250400,2633.5,20250200
2024-12-25 23:00:00,2658.6,20250400,2658.6,20250400,2635.8,20250200
2024-12-26 00:00:00,2661.3,20250400,2661.3,20250400,2639.3,20250200
2024-12-26 01:00:00,2668.0,20250400,2668.0,20250400,2644.4,20250200
2024-12-26 02:00:00,2667.9,20250400,2667.9,20250400,2645.3,20250200
2024-12-26 03:00:00,2667.1,20250400,2667.1,20250400,2643.8,20250200
2024-12-26 04:00:00,2667.9,20250400,2667.9,20250400,2643.8,20250200
2024-12-26 05:00:00,2665.7,20250400,2665.7,20250400,2641.8,20250200
2024-12-26 06:00:00,2663.4,20250400,2663.4,20250400,2641.4,20250200
2024-12-26 07:00:00,2662.0,20250400,2662.0,20250400,2639.9,20250200
2024-12-26 08:00:00,2663.6,20250400,2663.6,20250400,2642.2,20250200
2024-12-26 09:00:00,2665.2,20250400,2665.2,20250400,2642.2,20250200
2024-12-26 10:00:00,2667.5,20250400,2667.5,20250400,2644.3,20250200
2024-12-26 11:00:00,2667.6,20250400,2667.6,20250400,2643.8,20250200
2024-12-26 12:00:00,2664.0,20250400,2664.0,20250400,2642.2,20250200
2024-12-26 13:00:00,2662.0,20250400,2662.0,20250400,2639.0,20250200
2024-12-26 14:00:00,2669.0,20250400,2669.0,20250400,2646.2,20250200
2024-12-26 15:00:00,2675.8,20250400,2675.8,20250400,2652.8,20250200
2024-12-26 16:00:00,2672.3,20250400,2672.3,20250400,2648.9,20250200
2024-12-26 17:00:00,2669.9,20250400,2669.9,20250400,2647.0,20250200
2024-12-26 18:00:00,2677.0,20250400,2677.0,20250400,2653.4,20250200
2024-12-26 19:00:00,2677.3,20250400,2677.3,20250400,2653.3,20250200
2024-12-26 20:00:00,2678.4,20250400,2678.4,20250400,2654.8,20250200
2024-12-26 21:00:00,2677.0,20250400,2677.0,20250400,2653.2,20250200
2024-12-26 23:00:00,2677.0,20250400,2677.0,20250400,2653.2,20250200
2024-12-27 00:00:00,2674.8,20250400,2674.8,20250400,2651.3,20250200
2024-12-27 01:00:00,2673.8,20250400,2673.8,20250400,2650.7,20250200
2024-12-27 02:00:00,2674.3,20250400,2674.3,20250400,2651.3,20250200
2024-12-27 03:00:00,2676.1,20250400,2676.1,20250400,2652.7,20250200
2024-12-27 04:00:00,2674.9,20250400,2674.9,20250400,2650.6,20250200
2024-12-27 05:00:00,2671.0,20250400,2671.0,20250400,2647.5,20250200
2024-12-27 06:00:00,2672.5,20250400,2672.5,20250400,2649.6,20250200
2024-12-27 07:00:00,2671.9,20250400,2671.9,20250400,2648.8,20250200
2024-12-27 08:00:00,2664.0,20250400,2664.0,20250400,2640.7,20250200
2024-12-27 09:00:00,2662.5,20250400,2662.5,20250400,2638.7,20250200
2024-12-27 10:00:00,2664.6,20250400,2664.6,20250400,2641.7,20250200
2024-12-27 11:00:00,2666.5,20250400,2666.5,20250400,2644.2,20250200
2024-12-27 12:00:00,2664.1,20250400,2664.1,20250400,2641.6,20250200
2024-12-27 13:00:00,2656.8,20250400,2656.8,20250400,2633.5,20250200
2024-12-27 14:00:00,2652.8,20250400,2652.8,20250400,2629.7,20250200
2024-12-27 15:00:00,2657.3,20250400,2657.3,20250400,2633.4,20250200
2024-12-27 16:00:00,2656.4,20250400,2656.4,20250400,2633.6,20250200
2024-12-27 17:00:00,2653.7,20250400,2653.7,20250400,2630.7,20250200
2024-12-27 18:00:00,2656.6,20250400,2656.6,20250400,2634.1,20250200
2024-12-27 19:00:00,2660.3,20250400,2660.3,20250400,2636.3,20250200
2024-12-27 20:00:00,2653.1,20250400,2653.1,20250400,2631.6,20250200
2024-12-27 21:00:00,2659.3,20250400,2659.3,20250400,2636.3,20250200
2024-12-27 23:00:00,2659.3,20250400,2659.3,20250400,2636.3,20250200
2024-12-29 23:00:00,2662.2,20250400,2662.2,20250400,2638.7,20250200
2024-12-30 00:00:00,2659.6,20250400,2659.6,20250400,2636.5,20250200
2024-12-30 01:00:00,2662.5,20250400,2662.5,20250400,2637.5,20250200
2024-12-30 02:00:00,2659.8,20250400,2659.8,20250400,2636.6,20250200
2024-12-30 03:00:00,2661.9,20250400,2661.9,20250400,2639.9,20250200
2024-12-30 04:00:00,2657.6,20250400,2657.6,20250400,2634.9,20250200
2024-12-30 05:00:00,2657.5,20250400,2657.5,20250400,2635.5,20250200
2024-12-30 06:00:00,2653.7,20250400,2653.7,20250400,2631.1,20250200
2024-12-30 07:00:00,2651.5,20250400,2651.5,20250400,2628.7,20250200
2024-12-30 08:00:00,2646.7,20250400,2646.7,20250400,2623.6,20250200
2024-12-30 09:00:00,2649.6,20250400,2649.6,20250400,2624.6,20250200
2024-12-30 10:00:00,2647.7,20250400,2647.7,20250400,2623.0,20250200
2024-12-30 11:00:00,2653.2,20250400,2653.2,20250400,2629.6,20250200
2024-12-30 12:00:00,2659.4,20250400,2659.4,20250400,2635.0,20250200
2024-12-30 13:00:00,2642.2,20250400,2642.2,20250400,2618.0,20250200
2024-12-30 14:00:00,2647.6,20250400,2647.6,20250400,2623.7,20250200
2024-12-30 15:00:00,2639.8,20250400,2639.8,20250400,2613.6,20250200
2024-12-30 16:00:00,2635.6,20250400,2635.6,20250400,2612.0,20250200
2024-12-30 17:00:00,2642.4,20250400,2642.4,20250400,2618.5,20250200
2024-12-30 18:00:00,2643.0,20250400,2643.0,20250400,2619.1,20250200
2024-12-30 19:00:00,2644.2,20250400,2644.2,20250400,2620.3,20250200
2024-12-30 20:00:00,2645.3,20250400,2645.3,20250400,2621.8,20250200
2024-12-30 21:00:00,2643.7,20250400,2643.7,20250400,2620.2,20250200
2024-12-30 23:00:00,2644.0,20250400,2644.0,20250400,2620.2,20250200
2024-12-31 00:00:00,2644.7,20250400,2644.7,20250400,2621.0,20250200
2024-12-31 01:00:00,2645.5,20250400,2645.5,20250400,2620.8,20250200
2024-12-31 02:00:00,2644.3,20250400,2644.3,20250400,2619.4,20250200
2024-12-31 03:00:00,2639.2,20250400,2639.2,20250400,2616.7,20250200
2024-12-31 04:00:00,2642.9,20250400,2642.9,20250400,2619.0,20250200
2024-12-31 05:00:00,2639.1,20250400,2639.1,20250400,2615.9,20250200
2024-12-31 06:00:00,2643.3,20250400,2643.3,20250400,2619.3,20250200
2024-12-31 07:00:00,2649.3,20250400,2649.3,20250400,2626.0,20250200
2024-12-31 08:00:00,2652.9,20250400,2652.9,20250400,2628.7,20250200
2024-12-31 09:00:00,2651.3,20250400,2651.3,20250400,2627.5,20250200
2024-12-31 10:00:00,2649.1,20250400,2649.1,20250400,2624.0,20250200
2024-12-31 11:00:00,2648.1,20250400,2648.1,20250400,2623.6,20250200
2024-12-31 12:00:00,2648.7,20250400,2648.7,20250400,2624.1,20250200
2024-12-31 13:00:00,2651.0,20250400,2651.0,20250400,2625.7,20250200
2024-12-31 14:00:00,2650.4,20250400,2650.4,20250400,2626.6,20250200
2024-12-31 15:00:00,2664.9,20250400,2664.9,20250400,2640.2,20250200
2024-12-31 16:00:00,2664.4,20250400,2664.4,20250400,2639.3,20250200
2024-12-31 17:00:00,2663.7,20250400,2663.7,20250400,2638.6,20250200
2024-12-31 18:00:00,2664.9,20250400,2664.9,20250400,2638.6,20250200
2024-12-31 19:00:00,2662.3,20250400,2662.3,20250400,2637.9,20250200
2024-12-31 20:00:00,2663.1,20250400,2663.1,20250400,2637.8,20250200
2024-12-31 21:00:00,2664.2,20250400,2664.2,20250400,2639.3,20250200
2024-12-31 23:00:00,2664.2,20250400,2664.2,20250400,2639.3,20250200
2025-01-01 23:00:00,2661.6,20250400,2661.6,20250400,2637.8,20250200
2025-01-02 00:00:00,2666.1,20250400,2666.1,20250400,2639.6,20250200
2025-01-02 01:00:00,2669.6,20250400,2669.6,20250400,2645.3,20250200
2025-01-02 02:00:00,2670.8,20250400,2670.8,20250400,2646.9,20250200
2025-01-02 03:00:00,2669.0,20250400,2669.0,20250400,2645.4,20250200
2025-01-02 04:00:00,2669.6,20250400,2669.6,20250400,2645.8,20250200
2025-01-02 05:00:00,2670.6,20250400,2670.6,20250400,2646.2,20250200
2025-01-02 06:00:00,2670.9,20250400,2670.9,20250400,2646.6,20250200
2025-01-02 07:00:00,2669.7,20250400,2669.7,20250400,2647.9,20250200
2025-01-02 08:00:00,2672.6,20250400,2672.6,20250400,2648.9,20250200
2025-01-02 09:00:00,2674.4,20250400,2674.4,20250400,2649.0,20250200
2025-01-02 10:00:00,2679.0,20250400,2679.0,20250400,2654.7,20250200
2025-01-02 11:00:00,2678.6,20250400,2678.6,20250400,2654.6,20250200
2025-01-02 12:00:00,2682.1,20250400,2682.1,20250400,2656.6,20250200
2025-01-02 13:00:00,2680.5,20250400,2680.5,20250400,2656.3,20250200
2025-01-02 14:00:00,2684.3,20250400,2684.3,20250400,2660.7,20250200
2025-01-02 15:00:00,2692.3,20250400,2692.3,20250400,2667.7,20250200
2025-01-02 16:00:00,2697.5,20250400,2697.5,20250400,2672.9,20250200
2025-01-02 17:00:00,2693.2,20250400,2693.2,20250400,2670.5,20250200
2025-01-02 18:00:00,2693.6,20250400,2693.6,20250400,2669.2,20250200
2025-01-02 19:00:00,2694.0,20250400,2694.0,20250400,2668.1,20250200
2025-01-02 20:00:00,2697.1,20250400,2697.1,20250400,2672.7,20250200
2025-01-02 21:00:00,2695.6,20250400,2695.6,20250400,2671.1,20250200
2025-01-02 23:00:00,2695.6,20250400,2695.6,20250400,2671.1,20250200
2025-01-03 00:00:00,2699.1,20250400,2699.1,20250400,2674.7,20250200
2025-01-03 01:00:00,2698.0,20250400,2698.0,20250400,2673.6,20250200
2025-01-03 02:00:00,2699.0,20250400,2699.0,20250400,2676.8,20250200
2025-01-03 03:00:00,2702.0,20250400,2702.0,20250400,2677.3,20250200
2025-01-03 04:00:00,2702.1,20250400,2702.1,20250400,2677.9,20250200
2025-01-03 05:00:00,2698.7,20250400,2698.7,20250400,2674.5,20250200
2025-01-03 06:00:00,2699.1,20250400,2699.1,20250400,2674.8,20250200
2025-01-03 07:00:00,2694.5,20250400,2694.5,20250400,2669.6,20250200
2025-01-03 08:00:00,2691.8,20250400,2691.8,20250400,2667.1,20250200
2025-01-03 09:00:00,2692.1,20250400,2692.1,20250400,2667.6,20250200
2025-01-03 10:00:00,2691.8,20250400,2691.8,20250400,2672.0,20250200
2025-01-03 11:00:00,2696.0,20250400,2696.0,20250400,2672.1,20250200
2025-01-03 12:00:00,2693.8,20250400,2693.8,20250400,2669.3,20250200
2025-01-03 13:00:00,2688.8,20250400,2688.8,20250400,2664.0,20250200
2025-01-03 14:00:00,2686.7,20250400,2686.7,20250400,2661.0,20250200
2025-01-03 15:00:00,2683.0,20250400,2683.0,20250400,2658.0,20250200
2025-01-03 16:00:00,2678.0,20250400,2678.0,20250400,2653.4,20250200
2025-01-03 17:00:00,2679.6,20250400,2679.6,20250400,2655.4,20250200
2025-01-03 18:00:00,2680.4,20250400,2680.4,20250400,2656.1,20250200
2025-01-03 19:00:00,2678.0,20250400,2678.0,20250400,2653.3,20250200
2025-01-03 20:00:00,2676.3,20250400,2676.3,20250400,2652.0,20250200
2025-01-03 21:00:00,2677.0,20250400,2677.0,20250400,2652.7,20250200
2025-01-03 23:00:00,2677.0,20250400,2677.0,20250400,2652.7,20250200
2025-01-05 23:00:00,2679.5,20250400,2679.5,20250400,2653.5,20250200
2025-01-06 00:00:00,2680.7,20250400,2680.7,20250400,2655.8,20250200
2025-01-06 01:00:00,2680.1,20250400,2680.1,20250400,2654.3,20250200
2025-01-06 02:00:00,2681.8,20250400,2681.8,20250400,2657.2,20250200
2025-01-06 03:00:00,2676.0,20250400,2676.0,20250400,2652.2,20250200
2025-01-06 04:00:00,2670.9,20250400,2670.9,20250400,2646.7,20250200
2025-01-06 05:00:00,2667.6,20250400,2667.6,20250400,2645.3,20250200
2025-01-06 06:00:00,2668.0,20250400,2668.0,20250400,2643.7,20250200
2025-01-06 07:00:00,2663.2,20250400,2663.2,20250400,2638.6,20250200
2025-01-06 08:00:00,2669.1,20250400,2669.1,20250400,2643.6,20250200
2025-01-06 09:00:00,2669.9,20250400,2669.9,20250400,2644.9,20250200
2025-01-06 10:00:00,2671.6,20250400,2671.6,20250400,2645.8,20250200
2025-01-06 11:00:00,2683.0,20250400,2683.0,20250400,2659.3,20250200
2025-01-06 12:00:00,2681.5,20250400,2681.5,20250400,2658.3,20250200
2025-01-06 13:00:00,2659.0,20250400,2659.0,20250400,2634.5,20250200
2025-01-06 14:00:00,2666.4,20250400,2666.4,20250400,2643.3,20250200
2025-01-06 15:00:00,2670.0,20250400,2670.0,20250400,2645.2,20250200
2025-01-06 16:00:00,2674.9,20250400,2674.9,20250400,2652.4,20250200
2025-01-06 17:00:00,2672.4,20250400,2672.4,20250400,2647.9,20250200
2025-01-06 18:00:00,2671.9,20250400,2671.9,20250400,2645.6,20250200
2025-01-06 19:00:00,2670.8,20250400,2670.8,20250400,2645.5,20250200
2025-01-06 20:00:00,2669.5,20250400,2669.5,20250400,2645.2,20250200
2025-01-06 21:00:00,2670.9,20250400,2670.9,20250400,2647.1,20250200
2025-01-06 23:00:00,2670.0,20250400,2670.0,20250400,2645.2,20250200
2025-01-07 00:00:00,2670.2,20250400,2670.2,20250400,2646.3,20250200
2025-01-07 01:00:00,2675.0,20250400,2675.0,20250400,2650.1,20250200
2025-01-07 02:00:00,2674.4,20250400,2674.4,20250400,2648.7,20250200
2025-01-07 03:00:00,2675.3,20250400,2675.3,20250400,2650.5,20250200
2025-01-07 04:00:00,2674.9,20250400,2674.9,20250400,2648.9,20250200
2025-01-07 05:00:00,2679.0,20250400,2679.0,20250400,2654.8,20250200
2025-01-07 06:00:00,2677.8,20250400,2677.8,20250400,2652.1,20250200
2025-01-07 07:00:00,2676.4,20250400,2676.4,20250400,2652.2,20250200
2025-01-07 08:00:00,2676.8,20250400,2676.8,20250400,2653.8,20250200
2025-01-07 09:00:00,2678.3,20250400,2678.3,20250400,2652.8,20250200
2025-01-07 10:00:00,2679.1,20250400,2679.1,20250400,2655.4,20250200
2025-01-07 11:00:00,2684.0,20250400,2684.0,20250400,2659.5,20250200
2025-01-07 12:00:00,2688.3,20250400,2688.3,20250400,2663.9,20250200
2025-01-07 13:00:00,2701.1,20250400,2701.1,20250400,2676.5,20250200
2025-01-07 14:00:00,2696.6,20250400,2696.6,20250400,2672.5,20250200
2025-01-07 15:00:00,2686.8,20250400,2686.8,20250400,2661.0,20250200
2025-01-07 16:00:00,2690.1,20250400,2690.1,20250400,2665.7,20250200
2025-01-07 17:00:00,2691.4,20250400,2691.4,20250400,2666.7,20250200
2025-01-07 18:00:00,2688.0,20250400,2688.0,20250400,2663.4,20250200
2025-01-07 19:00:00,2688.7,20250400,2688.7,20250400,2663.7,20250200
2025-01-07 20:00:00,2689.3,20250400,2689.3,20250400,2664.8,20250200
2025-01-07 21:00:00,2688.3,20250400,2688.3,20250400,2663.2,20250200
2025-01-07 23:00:00,2688.3,20250400,2688.3,20250400,2663.2,20250200
2025-01-08 00:00:00,2690.0,20250400,2690.0,20250400,2664.6,20250200
2025-01-08 01:00:00,2687.4,20250400,2687.4,20250400,2662.9,20250200
2025-01-08 02:00:00,2687.7,20250400,2687.7,20250400,2662.9,20250200
2025-01-08 03:00:00,2685.3,20250400,2685.3,20250400,2660.1,20250200
2025-01-08 04:00:00,2684.7,20250400,2684.7,20250400,2660.0,20250200
2025-01-08 05:00:00,2689.1,20250400,2689.1,20250400,2664.0,20250200
2025-01-08 06:00:00,2691.0,20250400,2691.0,20250400,2666.1,20250200
2025-01-08 07:00:00,2691.5,20250400,2691.5,20250400,2666.4,20250200
2025-01-08 08:00:00,2689.9,20250400,2689.9,20250400,2665.6,20250200
2025-01-08 09:00:00,2692.2,20250400,2692.2,20250400,2667.5,20250200
2025-01-08 10:00:00,2692.1,20250400,2692.1,20250400,2666.7,20250200
2025-01-08 11:00:00,2689.0,20250400,2689.0,20250400,2664.1,20250200
2025-01-08 12:00:00,2690.1,20250400,2690.1,20250400,2665.8,20250200
2025-01-08 13:00:00,2699.5,20250400,2699.5,20250400,2674.7,20250200
2025-01-08 14:00:00,2703.0,20250400,2703.0,20250400,2677.1,20250200
2025-01-08 15:00:00,2705.2,20250400,2705.2,20250400,2681.4,20250200
2025-01-08 16:00:00,2711.6,20250400,2711.6,20250400,2686.1,20250200
2025-01-08 17:00:00,2698.0,20250400,2698.0,20250400,2671.8,20250200
2025-01-08 18:00:00,2696.2,20250400,2696.2,20250400,2669.8,20250200
2025-01-08 19:00:00,2700.2,20250400,2700.2,20250400,2674.6,20250200
2025-01-08 20:00:00,2707.5,20250400,2707.5,20250400,2680.6,20250200
2025-01-08 21:00:00,2706.2,20250400,2706.2,20250400,2679.7,20250200
2025-01-08 23:00:00,2705.6,20250400,2705.6,20250400,2679.3,20250200
2025-01-09 00:00:00,2703.4,20250400,2703.4,20250400,2677.4,20250200
2025-01-09 01:00:00,2704.5,20250400,2704.5,20250400,2676.6,20250200
2025-01-09 02:00:00,2702.9,20250400,2702.9,20250400,2677.1,20250200
2025-01-09 03:00:00,2704.2,20250400,2704.2,20250400,2678.0,20250200
2025-01-09 04:00:00,2702.3,20250400,2702.3,20250400,2677.4,20250200
2025-01-09 05:00:00,2701.4,20250400,2701.4,20250400,2676.0,20250200
2025-01-09 06:00:00,2708.8,20250400,2708.8,20250400,2683.7,20250200
2025-01-09 07:00:00,2705.1,20250400,2705.1,20250400,2678.9,20250200
2025-01-09 08:00:00,2708.2,20250400,2708.2,20250400,2681.4,20250200
2025-01-09 09:00:00,2707.6,20250400,2707.6,20250400,2681.2,20250200
2025-01-09 10:00:00,2709.5,20250400,2709.5,20250400,2683.3,20250200
2025-01-09 11:00:00,2713.5,20250400,2713.5,20250400,2687.3,20250200
2025-01-09 12:00:00,2716.9,20250400,2716.9,20250400,2691.6,20250200
2025-01-09 13:00:00,2717.5,20250400,2717.5,20250400,2691.4,20250200
2025-01-09 14:00:00,2719.2,20250400,2719.2,20250400,2691.9,20250200
2025-01-09 15:00:00,2713.6,20250400,2713.6,20250400,2687.6,20250200
2025-01-09 16:00:00,2712.8,20250400,2712.8,20250400,2686.6,20250200
2025-01-09 17:00:00,2711.8,20250400,2711.8,20250400,2685.6,20250200
2025-01-09 18:00:00,2718.1,20250400,2718.1,20250400,2692.2,20250200
2025-01-09 19:00:00,2717.7,20250400,2717.7,20250400,2691.4,20250200
2025-01-09 20:00:00,2717.3,20250400,2717.3,20250400,2691.2,20250200
2025-01-09 21:00:00,2718.7,20250400,2718.7,20250400,2692.6,20250200
2025-01-09 23:00:00,2719.5,20250400,2719.5,20250400,2693.2,20250200
2025-01-10 00:00:00,2721.2,20250400,2721.2,20250400,2695.1,20250200
2025-01-10 01:00:00,2720.5,20250400,2720.5,20250400,2694.6,20250200
2025-01-10 02:00:00,2723.5,20250400,2723.5,20250400,2696.8,20250200
2025-01-10 03:00:00,2724.1,20250400,2724.1,20250400,2697.7,20250200
2025-01-10 04:00:00,2722.0,20250400,2722.0,20250400,2695.7,20250200
2025-01-10 05:00:00,2726.3,20250400,2726.3,20250400,2699.7,20250200
2025-01-10 06:00:00,2728.6,20250400,2728.6,20250400,2702.5,20250200
2025-01-10 07:00:00,2726.3,20250400,2726.3,20250400,2700.1,20250200
2025-01-10 08:00:00,2733.4,20250400,2733.4,20250400,2706.8,20250200
2025-01-10 09:00:00,2730.1,20250400,2730.1,20250400,2704.1,20250200
2025-01-10 10:00:00,2735.2,20250400,2735.2,20250400,2709.3,20250200
2025-01-10 11:00:00,2735.8,20250400,2735.8,20250400,2708.7,20250200
2025-01-10 12:00:00,2731.9,20250400,2731.9,20250400,2705.0,20250200
2025-01-10 13:00:00,2739.6,20250400,2739.6,20250400,2713.2,20250200
2025-01-10 14:00:00,2750.5,20250400,2750.5,20250400,2723.3,20250200
2025-01-10 15:00:00,2747.3,20250400,2747.3,20250400,2720.7,20250200
2025-01-10 16:00:00,2755.0,20250400,2755.0,20250400,2727.1,20250200
2025-01-10 17:00:00,2753.7,20250400,2753.7,20250400,2726.4,20250200
2025-01-10 18:00:00,2744.7,20250400,2744.7,20250400,2717.5,20250200
2025-01-10 19:00:00,2744.8,20250400,2744.8,20250400,2716.4,20250200
2025-01-10 20:00:00,2743.8,20250400,2743.8,20250400,2716.7,20250200
2025-01-10 21:00:00,2743.5,20250400,2743.5,20250400,2717.6,20250200
2025-01-10 23:00:00,2743.5,20250400,2743.5,20250400,2717.6,20250200
2025-01-12 23:00:00,2747.0,20250400,2747.0,20250400,2721.1,20250200
2025-01-13 00:00:00,2747.8,20250400,2747.8,20250400,2720.2,20250200
2025-01-13 01:00:00,2741.8,20250400,2741.8,20250400,2716.2,20250200
2025-01-13 02:00:00,2743.8,20250400,2743.8,20250400,2717.3,20250200
2025-01-13 03:00:00,2741.5,20250400,2741.5,20250400,2715.4,20250200
2025-01-13 04:00:00,2740.4,20250400,2740.4,20250400,2714.1,20250200
2025-01-13 05:00:00,2740.1,20250400,2740.1,20250400,2714.3,20250200
2025-01-13 06:00:00,2742.5,20250400,2742.5,20250400,2716.0,20250200
2025-01-13 07:00:00,2734.1,20250400,2734.1,20250400,2708.3,20250200
2025-01-13 08:00:00,2740.0,20250400,2740.0,20250400,2712.3,20250200
2025-01-13 09:00:00,2734.4,20250400,2734.4,20250400,2707.0,20250200
2025-01-13 10:00:00,2732.7,20250400,2732.7,20250400,2705.9,20250200
2025-01-13 11:00:00,2725.8,20250400,2725.8,20250400,2699.8,20250200
2025-01-13 12:00:00,2718.3,20250400,2718.3,20250400,2691.8,20250200
2025-01-13 13:00:00,2716.3,20250400,2716.3,20250400,2689.5,20250200
2025-01-13 14:00:00,2716.7,20250400,2716.7,20250400,2690.1,20250200
2025-01-13 15:00:00,2707.2,20250400,2707.2,20250400,2680.9,20250200
2025-01-13 16:00:00,2710.0,20250400,2710.0,20250400,2681.4,20250200
2025-01-13 17:00:00,2708.3,20250400,2708.3,20250400,2682.1,20250200
2025-01-13 18:00:00,2705.5,20250400,2705.5,20250400,2678.7,20250200
2025-01-13 19:00:00,2704.5,20250400,2704.5,20250400,2677.4,20250200
2025-01-13 20:00:00,2706.9,20250400,2706.9,20250400,2680.2,20250200
2025-01-13 21:00:00,2709.1,20250400,2709.1,20250400,2681.3,20250200
2025-01-13 23:00:00,2713.7,20250400,2713.7,20250400,2681.3,20250200
2025-01-14 00:00:00,2714.2,20250400,2714.2,20250400,2687.4,20250200
2025-01-14 01:00:00,2714.0,20250400,2714.0,20250400,2686.8,20250200
2025-01-14 02:00:00,2712.7,20250400,2712.7,20250400,2686.1,20250200
2025-01-14 03:00:00,2712.5,20250400,2712.5,20250400,2686.3,20250200
2025-01-14 04:00:00,2715.5,20250400,2715.5,20250400,2688.5,20250200
2025-01-14 05:00:00,2711.3,20250400,2711.3,20250400,2684.0,20250200
2025-01-14 06:00:00,2711.2,20250400,2711.2,20250400,2684.1,20250200
2025-01-14 07:00:00,2710.0,20250400,2710.0,20250400,2683.3,20250200
2025-01-14 08:00:00,2711.5,20250400,2711.5,20250400,2684.8,20250200
2025-01-14 09:00:00,2709.8,20250400,2709.8,20250400,2682.3,20250200
2025-01-14 10:00:00,2706.8,20250400,2706.8,20250400,2679.9,20250200
2025-01-14 11:00:00,2709.2,20250400,2709.2,20250400,2682.2,20250200
2025-01-14 12:00:00,2707.7,20250400,2707.7,20250400,2680.8,20250200
2025-01-14 13:00:00,2702.1,20250400,2702.1,20250400,2675.1,20250200
2025-01-14 14:00:00,2705.6,20250400,2705.6,20250400,2678.5,20250200
2025-01-14 15:00:00,2712.4,20250400,2712.4,20250400,2684.9,20250200
2025-01-14 16:00:00,2713.4,20250400,2713.4,20250400,2685.7,20250200
2025-01-14 17:00:00,2710.7,20250400,2710.7,20250400,2683.0,20250200
2025-01-14 18:00:00,2712.8,20250400,2712.8,20250400,2685.8,20250200
2025-01-14 19:00:00,2714.4,20250400,2714.4,20250400,2687.8,20250200
2025-01-14 20:00:00,2717.3,20250400,2717.3,20250400,2690.1,20250200
2025-01-14 21:00:00,2720.2,20250400,2720.2,20250400,2693.1,20250200
2025-01-14 23:00:00,2718.6,20250400,2718.6,20250400,2691.7,20250200
2025-01-15 00:00:00,2716.8,20250400,2716.8,20250400,2689.2,20250200
2025-01-15 01:00:00,2714.0,20250400,2714.0,20250400,2685.9,20250200
2025-01-15 02:00:00,2717.2,20250400,2717.2,20250400,2689.8,20250200
2025-01-15 03:00:00,2718.1,20250400,2718.1,20250400,2691.3,20250200
2025-01-15 04:00:00,2716.8,20250400,2716.8,20250400,2690.7,20250200
2025-01-15 05:00:00,2719.8,20250400,2719.8,20250400,2693.4,20250200
2025-01-15 06:00:00,2722.8,20250400,2722.8,20250400,2695.7,20250200
2025-01-15 07:00:00,2725.0,20250400,2725.0,20250400,2697.9,20250200
2025-01-15 08:00:00,2728.8,20250400,2728.8,20250400,2702.2,20250200
2025-01-15 09:00:00,2734.6,20250400,2734.6,20250400,2707.6,20250200
2025-01-15 10:00:00,2737.0,20250400,2737.0,20250400,2711.0,20250200
2025-01-15 11:00:00,2734.2,20250400,2734.2,20250400,2708.1,20250200
2025-01-15 12:00:00,2732.7,20250400,2732.7,20250400,2705.8,20250200
2025-01-15 13:00:00,2743.0,20250400,2743.0,20250400,2716.6,20250200
2025-01-15 14:00:00,2730.9,20250400,2730.9,20250400,2704.3,20250200
2025-01-15 15:00:00,2726.3,20250400,2726.3,20250400,2699.8,20250200
2025-01-15 16:00:00,2738.2,20250400,2738.2,20250400,2712.0,20250200
2025-01-15 17:00:00,2741.0,20250400,2741.0,20250400,2715.8,20250200
2025-01-15 18:00:00,2744.0,20250400,2744.0,20250400,2718.1,20250200
2025-01-15 19:00:00,2744.8,20250400,2744.8,20250400,2718.6,20250200
2025-01-15 20:00:00,2745.6,20250400,2745.6,20250400,2719.7,20250200
2025-01-15 21:00:00,2748.0,20250400,2748.0,20250400,2722.4,20250200
2025-01-15 23:00:00,2749.0,20250400,2749.0,20250400,2722.4,20250200
2025-01-16 00:00:00,2749.5,20250400,2749.5,20250400,2723.5,20250200
2025-01-16 01:00:00,2753.7,20250400,2753.7,20250400,2727.4,20250200
2025-01-16 02:00:00,2752.3,20250400,2752.3,20250400,2726.5,20250200
2025-01-16 03:00:00,2753.4,20250400,2753.4,20250400,2727.6,20250200
2025-01-16 04:00:00,2754.3,20250400,2754.3,20250400,2728.1,20250200
2025-01-16 05:00:00,2750.6,20250400,2750.6,20250400,2724.7,20250200
2025-01-16 06:00:00,2750.0,20250400,2750.0,20250400,2724.2,20250200
2025-01-16 07:00:00,2753.5,20250400,2753.5,20250400,2727.3,20250200
2025-01-16 08:00:00,2756.0,20250400,2756.0,20250400,2730.1,20250200
2025-01-16 09:00:00,2761.7,20250400,2761.7,20250400,2736.1,20250200
2025-01-16 10:00:00,2762.7,20250400,2762.7,20250400,2737.8,20250200
2025-01-16 11:00:00,2757.7,20250400,2757.7,20250400,2732.5,20250200
2025-01-16 12:00:00,2755.1,20250400,2755.1,20250400,2730.7,20250200
2025-01-16 13:00:00,2768.0,20250400,2768.0,20250400,2744.0,20250200
2025-01-16 14:00:00,2772.7,20250400,2772.7,20250400,2748.8,20250200
2025-01-16 15:00:00,2776.0,20250400,2776.0,20250400,2752.1,20250200
2025-01-16 16:00:00,2777.9,20250400,2777.9,20250400,2752.9,20250200
2025-01-16 17:00:00,2780.5,20250400,2780.5,20250400,2754.3,20250200
2025-01-16 18:00:00,2773.7,20250400,2773.7,20250400,2748.2,20250200
2025-01-16 19:00:00,2773.4,20250400,2773.4,20250400,2748.0,20250200
2025-01-16 20:00:00,2773.0,20250400,2773.0,20250400,2747.0,20250200
2025-01-16 21:00:00,2772.4,20250400,2772.4,20250400,2746.9,20250200
2025-01-16 23:00:00,2770.8,20250400,2770.8,20250400,2745.4,20250200
2025-01-17 00:00:00,2772.8,20250400,2772.8,20250400,2747.8,20250200
2025-01-17 01:00:00,2792.9,20250600,2792.9,20250600,2771.0,20250400
2025-01-17 02:00:00,2795.3,20250600,2795.3,20250600,2771.5,20250400
2025-01-17 03:00:00,2797.0,20250600,2797.0,20250600,2772.7,20250400
2025-01-17 04:00:00,2795.2,20250600,2795.2,20250600,2770.8,20250400
2025-01-17 05:00:00,2791.4,20250600,2791.4,20250600,2766.1,20250400
2025-01-17 06:00:00,2790.0,20250600,2790.0,20250600,2766.3,20250400
2025-01-17 07:00:00,2791.2,20250600,2791.2,20250600,2766.0,20250400
2025-01-17 08:00:00,2790.6,20250600,2790.6,20250600,2765.1,20250400
2025-01-17 09:00:00,2781.2,20250600,2781.2,20250600,2756.9,20250400
2025-01-17 10:00:00,2780.7,20250600,2780.7,20250600,2754.8,20250400
2025-01-17 11:00:00,2785.6,20250600,2785.6,20250600,2762.1,20250400
2025-01-17 12:00:00,2792.0,20250600,2792.0,20250600,2767.3,20250400
2025-01-17 13:00:00,2786.7,20250600,2786.7,20250600,2762.5,20250400
2025-01-17 14:00:00,2795.6,20250600,2795.6,20250600,2771.2,20250400
2025-01-17 15:00:00,2801.4,20250600,2801.4,20250600,2775.7,20250400
2025-01-17 16:00:00,2807.1,20250600,2807.1,20250600,2784.7,20250400
2025-01-17 17:00:00,2805.1,20250600,2805.1,20250600,2779.9,20250400
2025-01-17 18:00:00,2796.1,20250600,2796.1,20250600,2771.0,20250400
2025-01-17 19:00:00,2794.5,20250600,2794.5,20250600,2768.3,20250400
2025-01-17 20:00:00,2789.8,20250600,2789.8,20250600,2765.1,20250400
2025-01-17 21:00:00,2790.5,20250600,2790.5,20250600,2766.1,20250400
2025-01-17 23:00:00,2790.5,20250600,2790.5,20250600,2766.1,20250400
2025-01-19 23:00:00,2787.7,20250600,2787.7,20250600,2762.0,20250400
2025-01-20 00:00:00,2786.9,20250600,2786.9,20250600,2761.1,20250400
2025-01-20 01:00:00,2788.2,20250600,2788.2,20250600,2764.1,20250400
2025-01-20 02:00:00,2789.8,20250600,2789.8,20250600,2766.0,20250400
2025-01-20 03:00:00,2795.5,20250600,2795.5,20250600,2771.1,20250400
2025-01-20 04:00:00,2796.3,20250600,2796.3,20250600,2773.2,20250400
2025-01-20 05:00:00,2797.3,20250600,2797.3,20250600,2773.9,20250400
2025-01-20 06:00:00,2802.4,20250600,2802.4,20250600,2778.1,20250400
2025-01-20 07:00:00,2798.3,20250600,2798.3,20250600,2772.0,20250400
2025-01-20 08:00:00,2800.0,20250600,2800.0,20250600,2776.0,20250400
2025-01-20 09:00:00,2798.7,20250600,2798.7,20250600,2773.5,20250400
2025-01-20 10:00:00,2796.2,20250600,2796.2,20250600,2770.9,20250400
2025-01-20 11:00:00,2799.6,20250600,2799.6,20250600,2774.2,20250400
2025-01-20 12:00:00,2798.2,20250600,2798.2,20250600,2774.2,20250400
2025-01-20 13:00:00,2776.6,20250600,2776.6,20250600,2751.8,20250400
2025-01-20 14:00:00,2780.6,20250600,2780.6,20250600,2755.0,20250400
2025-01-20 15:00:00,2776.5,20250600,2776.5,20250600,2752.6,20250400
2025-01-20 16:00:00,2774.0,20250600,2774.0,20250600,2748.5,20250400
2025-01-20 17:00:00,2777.5,20250600,2777.5,20250600,2752.3,20250400
2025-01-20 18:00:00,2782.0,20250600,2782.0,20250600,2756.9,20250400
2025-01-20 19:00:00,2785.0,20250600,2785.0,20250600,2757.0,20250400
2025-01-20 23:00:00,2783.7,20250600,2783.7,20250600,2760.0,20250400
2025-01-21 00:00:00,2775.4,20250600,2775.4,20250600,2750.5,20250400
2025-01-21 01:00:00,2788.2,20250600,2788.2,20250600,2764.2,20250400
2025-01-21 02:00:00,2792.8,20250600,2792.8,20250600,2768.3,20250400
2025-01-21 03:00:00,2793.4,20250600,2793.4,20250600,2769.0,20250400
2025-01-21 04:00:00,2795.5,20250600,2795.5,20250600,2770.8,20250400
2025-01-21 05:00:00,2794.5,20250600,2794.5,20250600,2769.8,20250400
2025-01-21 06:00:00,2791.4,20250600,2791.4,20250600,2766.7,20250400
2025-01-21 07:00:00,2795.0,20250600,2795.0,20250600,2767.9,20250400
2025-01-21 08:00:00,2786.3,20250600,2786.3,20250600,2761.4,20250400
2025-01-21 09:00:00,2779.9,20250600,2779.9,20250600,2757.8,20250400
2025-01-21 10:00:00,2783.3,20250600,2783.3,20250600,2760.0,20250400
2025-01-21 11:00:00,2784.9,20250600,2784.9,20250600,2760.9,20250400
2025-01-21 12:00:00,2786.2,20250600,2786.2,20250600,2763.7,20250400
2025-01-21 13:00:00,2787.7,20250600,2787.7,20250600,2763.1,20250400
2025-01-21 14:00:00,2805.2,20250600,2805.2,20250600,2780.5,20250400
2025-01-21 15:00:00,2804.6,20250600,2804.6,20250600,2779.5,20250400
2025-01-21 16:00:00,2809.0,20250600,2809.0,20250600,2784.6,20250400
2025-01-21 17:00:00,2808.6,20250600,2808.6,20250600,2782.2,20250400
2025-01-21 18:00:00,2810.9,20250600,2810.9,20250600,2787.1,20250400
2025-01-21 19:00:00,2809.0,20250600,2809.0,20250600,2784.0,20250400
2025-01-21 20:00:00,2808.0,20250600,2808.0,20250600,2782.0,20250400
2025-01-21 21:00:00,2809.5,20250600,2809.5,20250600,2785.0,20250400
2025-01-21 23:00:00,2809.5,20250600,2809.5,20250600,2785.0,20250400
2025-01-22 00:00:00,2813.6,20250600,2813.6,20250600,2789.2,20250400
2025-01-22 01:00:00,2812.5,20250600,2812.5,20250600,2788.2,20250400
2025-01-22 02:00:00,2812.9,20250600,2812.9,20250600,2790.0,20250400
2025-01-22 03:00:00,2817.0,20250600,2817.0,20250600,2792.2,20250400
2025-01-22 04:00:00,2819.8,20250600,2819.8,20250600,2794.1,20250400
2025-01-22 05:00:00,2823.2,20250600,2823.2,20250600,2797.7,20250400
2025-01-22 06:00:00,2815.7,20250600,2815.7,20250600,2790.0,20250400
2025-01-22 07:00:00,2816.0,20250600,2816.0,20250600,2787.9,20250400
2025-01-22 08:00:00,2818.8,20250600,2818.8,20250600,2793.2,20250400
2025-01-22 09:00:00,2823.8,20250600,2823.8,20250600,2797.5,20250400
2025-01-22 10:00:00,2820.9,20250600,2820.9,20250600,2796.8,20250400
2025-01-22 11:00:00,2819.7,20250600,2819.7,20250600,2794.6,20250400
2025-01-22 12:00:00,2818.2,20250600,2818.2,20250600,2795.9,20250400
2025-01-22 13:00:00,2817.0,20250600,2817.0,20250600,2794.1,20250400
2025-01-22 14:00:00,2815.1,20250600,2815.1,20250600,2789.8,20250400
2025-01-22 15:00:00,2822.5,20250600,2822.5,20250600,2797.4,20250400
2025-01-22 16:00:00,2822.1,20250600,2822.1,20250600,2796.5,20250400
2025-01-22 17:00:00,2820.4,20250600,2820.4,20250600,2794.7,20250400
2025-01-22 18:00:00,2822.0,20250600,2822.0,20250600,2796.1,20250400
2025-01-22 19:00:00,2819.5,20250600,2819.5,20250600,2794.5,20250400
2025-01-22 20:00:00,2819.0,20250600,2819.0,20250600,2792.9,20250400
2025-01-22 21:00:00,2816.7,20250600,2816.7,20250600,2792.5,20250400
2025-01-22 23:00:00,2816.7,20250600,2816.7,20250600,2790.0,20250400
2025-01-23 00:00:00,2815.2,20250600,2815.2,20250600,2791.3,20250400
2025-01-23 01:00:00,2811.9,20250600,2811.9,20250600,2787.1,20250400
2025-01-23 02:00:00,2813.8,20250600,2813.8,20250600,2788.7,20250400
2025-01-23 03:00:00,2810.8,20250600,2810.8,20250600,2786.2,20250400
2025-01-23 04:00:00,2811.2,20250600,2811.2,20250600,2786.6,20250400
2025-01-23 05:00:00,2811.4,20250600,2811.4,20250600,2787.1,20250400
2025-01-23 06:00:00,2813.2,20250600,2813.2,20250600,2788.3,20250400
2025-01-23 07:00:00,2812.3,20250600,2812.3,20250600,2787.1,20250400
2025-01-23 08:00:00,2811.5,20250600,2811.5,20250600,2786.3,20250400
2025-01-23 09:00:00,2805.1,20250600,2805.1,20250600,2779.9,20250400
2025-01-23 10:00:00,2809.8,20250600,2809.8,20250600,2784.5,20250400
2025-01-23 11:00:00,2811.5,20250600,2811.5,20250600,2787.7,20250400
2025-01-23 12:00:00,2802.9,20250600,2802.9,20250600,2779.0,20250400
2025-01-23 13:00:00,2800.0,20250600,2800.0,20250600,2775.1,20250400
2025-01-23 14:00:00,2804.4,20250600,2804.4,20250600,2779.7,20250400
2025-01-23 15:00:00,2803.0,20250600,2803.0,20250600,2778.5,20250400
2025-01-23 16:00:00,2812.0,20250600,2812.0,20250600,2787.5,20250400
2025-01-23 17:00:00,2817.7,20250600,2817.7,20250600,2791.9,20250400
2025-01-23 18:00:00,2815.7,20250600,2815.7,20250600,2790.7,20250400
2025-01-23 19:00:00,2815.2,20250600,2815.2,20250600,2789.2,20250400
2025-01-23 20:00:00,2812.8,20250600,2812.8,20250600,2789.0,20250400
2025-01-23 21:00:00,2812.7,20250600,2812.7,20250600,2788.7,20250400
2025-01-23 23:00:00,2813.8,20250600,2813.8,20250600,2788.7,20250400
2025-01-24 00:00:00,2819.5,20250600,2819.5,20250600,2794.1,20250400
2025-01-24 01:00:00,2820.2,20250600,2820.2,20250600,2797.2,20250400
2025-01-24 02:00:00,2834.3,20250600,2834.3,20250600,2808.0,20250400
2025-01-24 03:00:00,2834.4,20250600,2834.4,20250600,2806.8,20250400
2025-01-24 04:00:00,2833.3,20250600,2833.3,20250600,2806.0,20250400
2025-01-24 05:00:00,2835.2,20250600,2835.2,20250600,2809.6,20250400
2025-01-24 06:00:00,2833.0,20250600,2833.0,20250600,2806.6,20250400
2025-01-24 07:00:00,2833.5,20250600,2833.5,20250600,2806.5,20250400
2025-01-24 08:00:00,2833.3,20250600,2833.3,20250600,2808.1,20250400
2025-01-24 09:00:00,2831.4,20250600,2831.4,20250600,2806.2,20250400
2025-01-24 10:00:00,2834.2,20250600,2834.2,20250600,2809.9,20250400
2025-01-24 11:00:00,2835.3,20250600,2835.3,20250600,2809.3,20250400
2025-01-24 12:00:00,2837.3,20250600,2837.3,20250600,2812.9,20250400
2025-01-24 13:00:00,2843.2,20250600,2843.2,20250600,2817.0,20250400
2025-01-24 14:00:00,2837.7,20250600,2837.7,20250600,2812.9,20250400
2025-01-24 15:00:00,2836.0,20250600,2836.0,20250600,2810.0,20250400
2025-01-24 16:00:00,2831.0,20250600,2831.0,20250600,2805.4,20250400
2025-01-24 17:00:00,2832.8,20250600,2832.8,20250600,2807.0,20250400
2025-01-24 18:00:00,2833.7,20250600,2833.7,20250600,2808.0,20250400
2025-01-24 19:00:00,2834.3,20250600,2834.3,20250600,2809.6,20250400
2025-01-24 20:00:00,2830.7,20250600,2830.7,20250600,2805.1,20250400
2025-01-24 21:00:00,2831.0,20250600,2831.0,20250600,2804.8,20250400
2025-01-24 23:00:00,2831.0,20250600,2831.0,20250600,2804.8,20250400
2025-01-26 23:00:00,2826.5,20250600,2826.5,20250600,2800.3,20250400
2025-01-27 00:00:00,2828.9,20250600,2828.9,20250600,2802.6,20250400
2025-01-27 01:00:00,2821.9,20250600,2821.9,20250600,2796.1,20250400
2025-01-27 02:00:00,2814.3,20250600,2814.3,20250600,2788.6,20250400
2025-01-27 03:00:00,2819.3,20250600,2819.3,20250600,2793.2,20250400
2025-01-27 04:00:00,2815.5,20250600,2815.5,20250600,2790.0,20250400
2025-01-27 05:00:00,2811.0,20250600,2811.0,20250600,2785.5,20250400
2025-01-27 06:00:00,2813.1,20250600,2813.1,20250600,2787.9,20250400
2025-01-27 07:00:00,2808.6,20250600,2808.6,20250600,2780.9,20250400
2025-01-27 08:00:00,2815.5,20250600,2815.5,20250600,2789.7,20250400
2025-01-27 09:00:00,2821.9,20250600,2821.9,20250600,2795.5,20250400
2025-01-27 10:00:00,2827.0,20250600,2827.0,20250600,2800.1,20250400
2025-01-27 11:00:00,2830.0,20250600,2830.0,20250600,2803.8,20250400
2025-01-27 12:00:00,2820.3,20250600,2820.3,20250600,2794.3,20250400
2025-01-27 13:00:00,2815.2,20250600,2815.2,20250600,2790.4,20250400
2025-01-27 14:00:00,2808.6,20250600,2808.6,20250600,2782.9,20250400
2025-01-27 15:00:00,2799.0,20250600,2799.0,20250600,2773.1,20250400
2025-01-27 16:00:00,2790.6,20250600,2790.6,20250600,2765.0,20250400
2025-01-27 17:00:00,2789.9,20250600,2789.9,20250600,2763.8,20250400
2025-01-27 18:00:00,2792.5,20250600,2792.5,20250600,2766.7,20250400
2025-01-27 19:00:00,2794.8,20250600,2794.8,20250600,2769.0,20250400
2025-01-27 20:00:00,2796.2,20250600,2796.2,20250600,2771.1,20250400
2025-01-27 21:00:00,2796.6,20250600,2796.6,20250600,2770.4,20250400
2025-01-27 23:00:00,2800.6,20250600,2800.6,20250600,2770.4,20250400
2025-01-28 00:00:00,2800.1,20250600,2800.1,20250600,2772.9,20250400
2025-01-28 01:00:00,2797.8,20250600,2797.8,20250600,2772.6,20250400
2025-01-28 02:00:00,2796.9,20250600,2796.9,20250600,2770.8,20250400
2025-01-28 03:00:00,2796.7,20250600,2796.7,20250600,2769.8,20250400
2025-01-28 04:00:00,2800.0,20250600,2800.0,20250600,2774.3,20250400
2025-01-28 05:00:00,2799.0,20250600,2799.0,20250600,2773.0,20250400
2025-01-28 06:00:00,2797.1,20250600,2797.1,20250600,2770.9,20250400
2025-01-28 07:00:00,2796.0,20250600,2796.0,20250600,2770.3,20250400
2025-01-28 08:00:00,2799.0,20250600,2799.0,20250600,2773.7,20250400
2025-01-28 09:00:00,2801.9,20250600,2801.9,20250600,2775.3,20250400
2025-01-28 10:00:00,2802.2,20250600,2802.2,20250600,2775.3,20250400
2025-01-28 11:00:00,2800.9,20250600,2800.9,20250600,2775.2,20250400
2025-01-28 12:00:00,2803.5,20250600,2803.5,20250600,2777.4,20250400
2025-01-28 13:00:00,2806.3,20250600,2806.3,20250600,2781.6,20250400
2025-01-28 14:00:00,2812.6,20250600,2812.6,20250600,2786.0,20250400
2025-01-28 15:00:00,2813.4,20250600,2813.4,20250600,2787.2,20250400
2025-01-28 16:00:00,2819.9,20250600,2819.9,20250600,2793.1,20250400
2025-01-28 17:00:00,2820.9,20250600,2820.9,20250600,2794.2,20250400
2025-01-28 18:00:00,2826.0,20250600,2826.0,20250600,2799.1,20250400
2025-01-28 19:00:00,2826.7,20250600,2826.7,20250600,2800.4,20250400
2025-01-28 20:00:00,2825.9,20250600,2825.9,20250600,2798.9,20250400
2025-01-28 21:00:00,2825.3,20250600,2825.3,20250600,2798.9,20250400
2025-01-28 23:00:00,2825.3,20250600,2825.3,20250600,2797.1,20250400
2025-01-29 00:00:00,2825.5,20250600,2825.5,20250600,2798.2,20250400
2025-01-29 01:00:00,2827.2,20250600,2827.2,20250600,2799.4,20250400
2025-01-29 02:00:00,2827.0,20250600,2827.0,20250600,2799.2,20250400
2025-01-29 03:00:00,2824.1,20250600,2824.1,20250600,2797.4,20250400
2025-01-29 04:00:00,2824.8,20250600,2824.8,20250600,2797.8,20250400
2025-01-29 05:00:00,2822.3,20250600,2822.3,20250600,2795.3,20250400
2025-01-29 06:00:00,2820.7,20250600,2820.7,20250600,2793.7,20250400
2025-01-29 07:00:00,2820.0,20250600,2820.0,20250600,2793.0,20250400
2025-01-29 08:00:00,2826.2,20250600,2826.2,20250600,2799.9,20250400
2025-01-29 09:00:00,2823.8,20250600,2823.8,20250600,2797.2,20250400
2025-01-29 10:00:00,2820.4,20250600,2820.4,20250600,2793.7,20250400
2025-01-29 11:00:00,2822.2,20250600,2822.2,20250600,2795.9,20250400
2025-01-29 12:00:00,2820.3,20250600,2820.3,20250600,2794.1,20250400
2025-01-29 13:00:00,2824.5,20250600,2824.5,20250600,2797.4,20250400
2025-01-29 14:00:00,2826.7,20250600,2826.7,20250600,2800.8,20250400
2025-01-29 15:00:00,2821.5,20250600,2821.5,20250600,2796.2,20250400
2025-01-29 16:00:00,2817.9,20250600,2817.9,20250600,2794.0,20250400
2025-01-29 17:00:00,2818.2,20250600,2818.2,20250600,2793.6,20250400
2025-01-29 18:00:00,2817.2,20250600,2817.2,20250600,2792.9,20250400
2025-01-29 19:00:00,2822.5,20250600,2822.5,20250600,2796.9,20250400
2025-01-29 20:00:00,2819.4,20250600,2819.4,20250600,2794.0,20250400
2025-01-29 21:00:00,2820.4,20250600,2820.4,20250600,2796.3,20250400
2025-01-29 23:00:00,2823.7,20250600,2823.7,20250600,2796.3,20250400
2025-01-30 00:00:00,2824.2,20250600,2824.2,20250600,2799.2,20250400
2025-01-30 01:00:00,2821.7,20250600,2821.7,20250600,2796.5,20250400
2025-01-30 02:00:00,2821.1,20250600,2821.1,20250600,2796.8,20250400
2025-01-30 03:00:00,2824.3,20250600,2824.3,20250600,2798.5,20250400
2025-01-30 04:00:00,2821.8,20250600,2821.8,20250600,2796.3,20250400
2025-01-30 05:00:00,2821.6,20250600,2821.6,20250600,2797.2,20250400
2025-01-30 06:00:00,2828.6,20250600,2828.6,20250600,2803.4,20250400
2025-01-30 07:00:00,2833.0,20250600,2833.0,20250600,2807.2,20250400
2025-01-30 08:00:00,2838.0,20250600,2838.0,20250600,2813.2,20250400
2025-01-30 09:00:00,2837.4,20250600,2837.4,20250600,2811.6,20250400
2025-01-30 10:00:00,2841.9,20250600,2841.9,20250600,2816.8,20250400
2025-01-30 11:00:00,2842.9,20250600,2842.9,20250600,2817.3,20250400
2025-01-30 12:00:00,2846.0,20250600,2846.0,20250600,2820.8,20250400
2025-01-30 13:00:00,2854.9,20250600,2854.9,20250600,2829.9,20250400
2025-01-30 14:00:00,2858.8,20250600,2858.8,20250600,2834.4,20250400
2025-01-30 15:00:00,2874.1,20250600,2874.1,20250600,2849.3,20250400
2025-01-30 16:00:00,2865.6,20250600,2865.6,20250600,2840.5,20250400
2025-01-30 17:00:00,2869.0,20250600,2869.0,20250600,2845.1,20250400
2025-01-30 18:00:00,2869.9,20250600,2869.9,20250600,2845.3,20250400
2025-01-30 19:00:00,2868.8,20250600,2868.8,20250600,2844.7,20250400
2025-01-30 20:00:00,2871.0,20250600,2871.0,20250600,2847.2,20250400
2025-01-30 21:00:00,2875.5,20250600,2875.5,20250600,2851.6,20250400
2025-01-30 23:00:00,2880.6,20250600,2880.6,20250600,2851.6,20250400
2025-01-31 00:00:00,2876.4,20250600,2876.4,20250600,2852.5,20250400
2025-01-31 01:00:00,2874.2,20250600,2874.2,20250600,2849.3,20250400
2025-01-31 02:00:00,2872.5,20250600,2872.5,20250600,2848.5,20250400
2025-01-31 03:00:00,2876.9,20250600,2876.9,20250600,2851.3,20250400
2025-01-31 04:00:00,2873.9,20250600,2873.9,20250600,2848.9,20250400
2025-01-31 05:00:00,2871.1,20250600,2871.1,20250600,2847.0,20250400
2025-01-31 06:00:00,2870.7,20250600,2870.7,20250600,2845.8,20250400
2025-01-31 07:00:00,2874.6,20250600,2874.6,20250600,2849.8,20250400
2025-01-31 08:00:00,2869.4,20250600,2869.4,20250600,2844.9,20250400
2025-01-31 09:00:00,2870.7,20250600,2870.7,20250600,2845.8,20250400
2025-01-31 10:00:00,2870.0,20250600,2870.0,20250600,2844.3,20250400
2025-01-31 11:00:00,2867.9,20250600,2867.9,20250600,2843.0,20250400
2025-01-31 12:00:00,2870.8,20250600,2870.8,20250600,2846.1,20250400
2025-01-31 13:00:00,2874.3,20250600,2874.3,20250600,2849.4,20250400
2025-01-31 14:00:00,2880.4,20250600,2880.4,20250600,2856.5,20250400
2025-01-31 15:00:00,2882.5,20250600,2882.5,20250600,2855.1,20250400
2025-01-31 16:00:00,2874.5,20250600,2874.5,20250600,2849.9,20250400
2025-01-31 17:00:00,2868.9,20250600,2868.9,20250600,2843.1,20250400
2025-01-31 18:00:00,2858.7,20250600,2858.7,20250600,2834.2,20250400
2025-01-31 19:00:00,2853.8,20250600,2853.8,20250600,2828.7,20250400
2025-01-31 20:00:00,2854.3,20250600,2854.3,20250600,2830.4,20250400
2025-01-31 21:00:00,2856.1,20250600,2856.1,20250600,2831.5,20250400
2025-01-31 23:00:00,2856.1,20250600,2856.1,20250600,2831.5,20250400
2025-02-02 23:00:00,2858.0,20250600,2858.0,20250600,2834.1,20250400
2025-02-03 00:00:00,2858.6,20250600,2858.6,20250600,2834.2,20250400
2025-02-03 01:00:00,2844.9,20250600,2844.9,20250600,2820.9,20250400
2025-02-03 02:00:00,2835.1,20250600,2835.1,20250600,2811.3,20250400
2025-02-03 03:00:00,2832.0,20250600,2832.0,20250600,2808.4,20250400
2025-02-03 04:00:00,2836.7,20250600,2836.7,20250600,2811.6,20250400
2025-02-03 05:00:00,2837.7,20250600,2837.7,20250600,2814.1,20250400
2025-02-03 06:00:00,2843.0,20250600,2843.0,20250600,2819.0,20250400
2025-02-03 07:00:00,2847.6,20250600,2847.6,20250600,2823.5,20250400
2025-02-03 08:00:00,2854.1,20250600,2854.1,20250600,2830.1,20250400
2025-02-03 09:00:00,2853.4,20250600,2853.4,20250600,2829.1,20250400
2025-02-03 10:00:00,2854.5,20250600,2854.5,20250600,2830.4,20250400
2025-02-03 11:00:00,2859.2,20250600,2859.2,20250600,2835.1,20250400
2025-02-03 12:00:00,2872.1,20250600,2872.1,20250600,2847.7,20250400
2025-02-03 13:00:00,2876.0,20250600,2876.0,20250600,2851.5,20250400
2025-02-03 14:00:00,2895.4,20250600,2895.4,20250600,2871.0,20250400
2025-02-03 15:00:00,2879.0,20250600,2879.0,20250600,2854.6,20250400
2025-02-03 16:00:00,2877.3,20250600,2877.3,20250600,2853.1,20250400
2025-02-03 17:00:00,2880.5,20250600,2880.5,20250600,2857.2,20250400
2025-02-03 18:00:00,2881.2,20250600,2881.2,20250600,2857.4,20250400
2025-02-03 19:00:00,2882.0,20250600,2882.0,20250600,2858.1,20250400
2025-02-03 20:00:00,2881.0,20250600,2881.0,20250600,2856.9,20250400
2025-02-03 21:00:00,2874.0,20250600,2874.0,20250600,2850.4,20250400
2025-02-03 23:00:00,2874.0,20250600,2874.0,20250600,2849.9,20250400
2025-02-04 00:00:00,2872.8,20250600,2872.8,20250600,2849.2,20250400
2025-02-04 01:00:00,2881.8,20250600,2881.8,20250600,2857.0,20250400
2025-02-04 02:00:00,2877.7,20250600,2877.7,20250600,2853.2,20250400
2025-02-04 03:00:00,2876.3,20250600,2876.3,20250600,2851.8,20250400
2025-02-04 04:00:00,2873.8,20250600,2873.8,20250600,2849.7,20250400
2025-02-04 05:00:00,2870.6,20250600,2870.6,20250600,2847.6,20250400
2025-02-04 06:00:00,2867.7,20250600,2867.7,20250600,2843.2,20250400
2025-02-04 07:00:00,2866.6,20250600,2866.6,20250600,2842.1,20250400
2025-02-04 08:00:00,2867.0,20250600,2867.0,20250600,2842.6,20250400
2025-02-04 09:00:00,2871.6,20250600,2871.6,20250600,2847.4,20250400
2025-02-04 10:00:00,2863.9,20250600,2863.9,20250600,2841.4,20250400
2025-02-04 11:00:00,2866.2,20250600,2866.2,20250600,2842.2,20250400
2025-02-04 12:00:00,2872.8,20250600,2872.8,20250600,2848.9,20250400
2025-02-04 13:00:00,2884.4,20250600,2884.4,20250600,2859.6,20250400
2025-02-04 14:00:00,2893.5,20250600,2893.5,20250600,2869.4,20250400
2025-02-04 15:00:00,2890.1,20250600,2890.1,20250600,2863.7,20250400
2025-02-04 16:00:00,2894.8,20250600,2894.8,20250600,2869.5,20250400
2025-02-04 17:00:00,2901.4,20250600,2901.4,20250600,2875.7,20250400
2025-02-04 18:00:00,2898.4,20250600,2898.4,20250600,2873.7,20250400
2025-02-04 19:00:00,2898.3,20250600,2898.3,20250600,2873.3,20250400
2025-02-04 20:00:00,2899.0,20250600,2899.0,20250600,2874.2,20250400
2025-02-04 21:00:00,2898.5,20250600,2898.5,20250600,2874.3,20250400
2025-02-04 23:00:00,2897.0,20250600,2897.0,20250600,2874.3,20250400
2025-02-05 00:00:00,2898.7,20250600,2898.7,20250600,2874.0,20250400
2025-02-05 01:00:00,2898.9,20250600,2898.9,20250600,2874.7,20250400
2025-02-05 02:00:00,2905.3,20250600,2905.3,20250600,2881.1,20250400
2025-02-05 03:00:00,2907.5,20250600,2907.5,20250600,2882.5,20250400
2025-02-05 04:00:00,2909.4,20250600,2909.4,20250600,2884.3,20250400
2025-02-05 05:00:00,2912.0,20250600,2912.0,20250600,2887.1,20250400
2025-02-05 06:00:00,2910.5,20250600,2910.5,20250600,2885.8,20250400
2025-02-05 07:00:00,2915.0,20250600,2915.0,20250600,2890.3,20250400
2025-02-05 08:00:00,2920.8,20250600,2920.8,20250600,2894.1,20250400
2025-02-05 09:00:00,2921.4,20250600,2921.4,20250600,2896.5,20250400
2025-02-05 10:00:00,2916.5,20250600,2916.5,20250600,2892.4,20250400
2025-02-05 11:00:00,2917.8,20250600,2917.8,20250600,2893.1,20250400
2025-02-05 12:00:00,2920.0,20250600,2920.0,20250600,2895.2,20250400
2025-02-05 13:00:00,2908.1,20250600,2908.1,20250600,2883.6,20250400
2025-02-05 14:00:00,2919.2,20250600,2919.2,20250600,2894.4,20250400
2025-02-05 15:00:00,2926.7,20250600,2926.7,20250600,2902.2,20250400
2025-02-05 16:00:00,2920.4,20250600,2920.4,20250600,2895.9,20250400
2025-02-05 17:00:00,2919.2,20250600,2919.2,20250600,2894.5,20250400
2025-02-05 18:00:00,2912.0,20250600,2912.0,20250600,2888.2,20250400
2025-02-05 19:00:00,2908.0,20250600,2908.0,20250600,2883.3,20250400
2025-02-05 20:00:00,2907.5,20250600,2907.5,20250600,2882.2,20250400
2025-02-05 21:00:00,2910.4,20250600,2910.4,20250600,2885.2,20250400
2025-02-05 23:00:00,2910.4,20250600,2910.4,20250600,2885.1,20250400
2025-02-06 00:00:00,2913.6,20250600,2913.6,20250600,2888.3,20250400
2025-02-06 01:00:00,2915.9,20250600,2915.9,20250600,2890.5,20250400
2025-02-06 02:00:00,2915.8,20250600,2915.8,20250600,2888.9,20250400
2025-02-06 03:00:00,2912.2,20250600,2912.2,20250600,2887.0,20250400
2025-02-06 04:00:00,2913.4,20250600,2913.4,20250600,2887.3,20250400
2025-02-06 05:00:00,2912.3,20250600,2912.3,20250600,2887.2,20250400
2025-02-06 06:00:00,2903.3,20250600,2903.3,20250600,2879.2,20250400
2025-02-06 07:00:00,2901.4,20250600,2901.4,20250600,2875.6,20250400
2025-02-06 08:00:00,2903.9,20250600,2903.9,20250600,2878.9,20250400
2025-02-06 09:00:00,2905.5,20250600,2905.5,20250600,2881.6,20250400
2025-02-06 10:00:00,2907.0,20250600,2907.0,20250600,2882.4,20250400
2025-02-06 11:00:00,2913.1,20250600,2913.1,20250600,2888.6,20250400
2025-02-06 12:00:00,2912.6,20250600,2912.6,20250600,2887.5,20250400
2025-02-06 13:00:00,2904.3,20250600,2904.3,20250600,2879.2,20250400
2025-02-06 14:00:00,2887.0,20250600,2887.0,20250600,2861.9,20250400
2025-02-06 15:00:00,2899.5,20250600,2899.5,20250600,2874.3,20250400
2025-02-06 16:00:00,2899.2,20250600,2899.2,20250600,2872.7,20250400
2025-02-06 17:00:00,2902.2,20250600,2902.2,20250600,2877.4,20250400
2025-02-06 18:00:00,2902.7,20250600,2902.7,20250600,2877.5,20250400
2025-02-06 19:00:00,2903.7,20250600,2903.7,20250600,2877.9,20250400
2025-02-06 20:00:00,2905.5,20250600,2905.5,20250600,2881.4,20250400
2025-02-06 21:00:00,2905.8,20250600,2905.8,20250600,2880.2,20250400
2025-02-06 23:00:00,2905.8,20250600,2905.8,20250600,2881.6,20250400
2025-02-07 00:00:00,2908.0,20250600,2908.0,20250600,2882.7,20250400
2025-02-07 01:00:00,2915.9,20250600,2915.9,20250600,2889.6,20250400
2025-02-07 02:00:00,2916.9,20250600,2916.9,20250600,2890.9,20250400
2025-02-07 03:00:00,2914.4,20250600,2914.4,20250600,2889.5,20250400
2025-02-07 04:00:00,2915.6,20250600,2915.6,20250600,2889.0,20250400
2025-02-07 05:00:00,2910.3,20250600,2910.3,20250600,2884.8,20250400
2025-02-07 06:00:00,2909.0,20250600,2909.0,20250600,2884.2,20250400
2025-02-07 07:00:00,2913.4,20250600,2913.4,20250600,2887.5,20250400
2025-02-07 08:00:00,2916.5,20250600,2916.5,20250600,2890.1,20250400
2025-02-07 09:00:00,2919.1,20250600,2919.1,20250600,2892.6,20250400
2025-02-07 10:00:00,2917.8,20250600,2917.8,20250600,2891.8,20250400
2025-02-07 11:00:00,2918.2,20250600,2918.2,20250600,2892.5,20250400
2025-02-07 12:00:00,2913.7,20250600,2913.7,20250600,2886.6,20250400
2025-02-07 13:00:00,2911.4,20250600,2911.4,20250600,2885.5,20250400
2025-02-07 14:00:00,2926.3,20250600,2926.3,20250600,2900.5,20250400
2025-02-07 15:00:00,2930.2,20250600,2930.2,20250600,2904.6,20250400
2025-02-07 16:00:00,2911.5,20250600,2911.5,20250600,2885.2,20250400
2025-02-07 17:00:00,2911.0,20250600,2911.0,20250600,2884.9,20250400
2025-02-07 18:00:00,2911.0,20250600,2911.0,20250600,2884.4,20250400
2025-02-07 19:00:00,2911.2,20250600,2911.2,20250600,2884.7,20250400
2025-02-07 20:00:00,2913.1,20250600,2913.1,20250600,2887.0,20250400
2025-02-07 21:00:00,2913.6,20250600,2913.6,20250600,2886.2,20250400
2025-02-07 23:00:00,2913.6,20250600,2913.6,20250600,2886.2,20250400
2025-02-09 23:00:00,2917.8,20250600,2917.8,20250600,2892.3,20250400
2025-02-10 00:00:00,2921.1,20250600,2921.1,20250600,2895.0,20250400
2025-02-10 01:00:00,2923.2,20250600,2923.2,20250600,2897.5,20250400
2025-02-10 02:00:00,2927.3,20250600,2927.3,20250600,2900.8,20250400
2025-02-10 03:00:00,2928.0,20250600,2928.0,20250600,2901.7,20250400
2025-02-10 04:00:00,2930.0,20250600,2930.0,20250600,2903.8,20250400
2025-02-10 05:00:00,2931.5,20250600,2931.5,20250600,2906.0,20250400
2025-02-10 06:00:00,2940.1,20250600,2940.1,20250600,2913.9,20250400
2025-02-10 07:00:00,2947.7,20250600,2947.7,20250600,2920.4,20250400
2025-02-10 08:00:00,2949.8,20250600,2949.8,20250600,2923.7,20250400
2025-02-10 09:00:00,2954.7,20250600,2954.7,20250600,2928.9,20250400
2025-02-10 10:00:00,2957.2,20250600,2957.2,20250600,2930.6,20250400
2025-02-10 11:00:00,2958.6,20250600,2958.6,20250600,2931.6,20250400
2025-02-10 12:00:00,2955.8,20250600,2955.8,20250600,2928.8,20250400
2025-02-10 13:00:00,2954.1,20250600,2954.1,20250600,2927.7,20250400
2025-02-10 14:00:00,2957.7,20250600,2957.7,20250600,2932.8,20250400
2025-02-10 15:00:00,2963.3,20250600,2963.3,20250600,2936.5,20250400
2025-02-10 16:00:00,2955.8,20250600,2955.8,20250600,2928.6,20250400
2025-02-10 17:00:00,2958.9,20250600,2958.9,20250600,2931.0,20250400
2025-02-10 18:00:00,2961.1,20250600,2961.1,20250600,2933.6,20250400
2025-02-10 19:00:00,2961.0,20250600,2961.0,20250600,2934.3,20250400
2025-02-10 20:00:00,2962.1,20250600,2962.1,20250600,2934.9,20250400
2025-02-10 21:00:00,2963.7,20250600,2963.7,20250600,2937.0,20250400
2025-02-10 23:00:00,2970.0,20250600,2970.0,20250600,2937.0,20250400
2025-02-11 00:00:00,2974.8,20250600,2974.8,20250600,2947.6,20250400
2025-02-11 01:00:00,2985.5,20250600,2985.5,20250600,2959.1,20250400
2025-02-11 02:00:00,2972.5,20250600,2972.5,20250600,2945.8,20250400
2025-02-11 03:00:00,2971.7,20250600,2971.7,20250600,2944.7,20250400
2025-02-11 04:00:00,2969.5,20250600,2969.5,20250600,2942.5,20250400
2025-02-11 05:00:00,2976.0,20250600,2976.0,20250600,2948.3,20250400
2025-02-11 06:00:00,2969.4,20250600,2969.4,20250600,2942.7,20250400
2025-02-11 07:00:00,2965.6,20250600,2965.6,20250600,2939.0,20250400
2025-02-11 08:00:00,2961.0,20250600,2961.0,20250600,2934.1,20250400
2025-02-11 09:00:00,2956.3,20250600,2956.3,20250600,2929.2,20250400
2025-02-11 10:00:00,2956.5,20250600,2956.5,20250600,2929.1,20250400
2025-02-11 11:00:00,2958.0,20250600,2958.0,20250600,2930.2,20250400
2025-02-11 12:00:00,2945.0,20250600,2945.0,20250600,2916.9,20250400
2025-02-11 13:00:00,2952.0,20250600,2952.0,20250600,2924.0,20250400
2025-02-11 14:00:00,2949.7,20250600,2949.7,20250600,2922.8,20250400
2025-02-11 15:00:00,2961.1,20250600,2961.1,20250600,2932.8,20250400
2025-02-11 16:00:00,2957.8,20250600,2957.8,20250600,2929.4,20250400
2025-02-11 17:00:00,2960.6,20250600,2960.6,20250600,2932.3,20250400
2025-02-11 18:00:00,2962.6,20250600,2962.6,20250600,2934.8,20250400
2025-02-11 19:00:00,2957.3,20250600,2957.3,20250600,2929.8,20250400
2025-02-11 20:00:00,2953.0,20250600,2953.0,20250600,2926.0,20250400
2025-02-11 21:00:00,2954.5,20250600,2954.5,20250600,2926.7,20250400
2025-02-11 23:00:00,2954.5,20250600,2954.5,20250600,2926.7,20250400
2025-02-12 00:00:00,2949.2,20250600,2949.2,20250600,2921.4,20250400
2025-02-12 01:00:00,2948.1,20250600,2948.1,20250600,2920.8,20250400
2025-02-12 02:00:00,2947.4,20250600,2947.4,20250600,2919.4,20250400
2025-02-12 03:00:00,2942.7,20250600,2942.7,20250600,2914.6,20250400
2025-02-12 04:00:00,2938.5,20250600,2938.5,20250600,2910.4,20250400
2025-02-12 05:00:00,2939.0,20250600,2939.0,20250600,2911.4,20250400
2025-02-12 06:00:00,2946.8,20250600,2946.8,20250600,2919.0,20250400
2025-02-12 07:00:00,2946.1,20250600,2946.1,20250600,2918.0,20250400
2025-02-12 08:00:00,2944.0,20250600,2944.0,20250600,2916.6,20250400
2025-02-12 09:00:00,2938.8,20250600,2938.8,20250600,2910.9,20250400
2025-02-12 10:00:00,2935.0,20250600,2935.0,20250600,2907.5,20250400
2025-02-12 11:00:00,2933.8,20250600,2933.8,20250600,2906.0,20250400
2025-02-12 12:00:00,2939.4,20250600,2939.4,20250600,2911.7,20250400
2025-02-12 13:00:00,2937.4,20250600,2937.4,20250600,2909.8,20250400
2025-02-12 14:00:00,2949.0,20250600,2949.0,20250600,2921.1,20250400
2025-02-12 15:00:00,2950.2,20250600,2950.2,20250600,2922.3,20250400
2025-02-12 16:00:00,2957.2,20250600,2957.2,20250600,2929.6,20250400
2025-02-12 17:00:00,2957.7,20250600,2957.7,20250600,2930.7,20250400
2025-02-12 18:00:00,2955.1,20250600,2955.1,20250600,2927.4,20250400
2025-02-12 19:00:00,2950.2,20250600,2950.2,20250600,2922.3,20250400
2025-02-12 20:00:00,2952.0,20250600,2952.0,20250600,2924.6,20250400
2025-02-12 21:00:00,2956.2,20250600,2956.2,20250600,2929.1,20250400
2025-02-12 23:00:00,2956.8,20250600,2956.8,20250600,2929.1,20250400
2025-02-13 00:00:00,2959.7,20250600,2959.7,20250600,2932.1,20250400
2025-02-13 01:00:00,2961.5,20250600,2961.5,20250600,2933.3,20250400
2025-02-13 02:00:00,2964.2,20250600,2964.2,20250600,2936.9,20250400
2025-02-13 03:00:00,2971.6,20250600,2971.6,20250600,2943.9,20250400
2025-02-13 04:00:00,2974.4,20250600,2974.4,20250600,2946.7,20250400
2025-02-13 05:00:00,2973.4,20250600,2973.4,20250600,2946.0,20250400
2025-02-13 06:00:00,2970.2,20250600,2970.2,20250600,2942.9,20250400
2025-02-13 07:00:00,2968.3,20250600,2968.3,20250600,2940.6,20250400
2025-02-13 08:00:00,2964.5,20250600,2964.5,20250600,2937.1,20250400
2025-02-13 09:00:00,2969.9,20250600,2969.9,20250600,2941.7,20250400
2025-02-13 10:00:00,2972.6,20250600,2972.6,20250600,2944.8,20250400
2025-02-13 11:00:00,2973.3,20250600,2973.3,20250600,2945.4,20250400
2025-02-13 12:00:00,2974.2,20250600,2974.2,20250600,2946.4,20250400
2025-02-13 13:00:00,2963.6,20250600,2963.6,20250600,2935.5,20250400
2025-02-13 14:00:00,2970.8,20250600,2970.8,20250600,2942.8,20250400
2025-02-13 15:00:00,2975.7,20250600,2975.7,20250600,2948.0,20250400
2025-02-13 16:00:00,2970.1,20250600,2970.1,20250600,2941.7,20250400
2025-02-13 17:00:00,2975.3,20250600,2975.3,20250600,2948.5,20250400
2025-02-13 18:00:00,2980.5,20250600,2980.5,20250600,2951.9,20250400
2025-02-13 19:00:00,2983.5,20250600,2983.5,20250600,2955.5,20250400
2025-02-13 20:00:00,2985.6,20250600,2985.6,20250600,2957.5,20250400
2025-02-13 21:00:00,2986.2,20250600,2986.2,20250600,2957.3,20250400
2025-02-13 23:00:00,2986.2,20250600,2986.2,20250600,2957.3,20250400
2025-02-14 00:00:00,2984.2,20250600,2984.2,20250600,2956.2,20250400
2025-02-14 01:00:00,2987.3,20250600,2987.3,20250600,2959.1,20250400
2025-02-14 02:00:00,2985.0,20250600,2985.0,20250600,2956.0,20250400
2025-02-14 03:00:00,2980.9,20250600,2980.9,20250600,2953.4,20250400
2025-02-14 04:00:00,2984.2,20250600,2984.2,20250600,2956.1,20250400
2025-02-14 05:00:00,2987.0,20250600,2987.0,20250600,2958.5,20250400
2025-02-14 06:00:00,2988.7,20250600,2988.7,20250600,2960.8,20250400
2025-02-14 07:00:00,2984.0,20250600,2984.0,20250600,2956.6,20250400
2025-02-14 08:00:00,2987.7,20250600,2987.7,20250600,2959.2,20250400
2025-02-14 09:00:00,2987.3,20250600,2987.3,20250600,2959.2,20250400
2025-02-14 10:00:00,2988.7,20250600,2988.7,20250600,2960.7,20250400
2025-02-14 11:00:00,2983.6,20250600,2983.6,20250600,2954.3,20250400
2025-02-14 12:00:00,2982.3,20250600,2982.3,20250600,2954.2,20250400
2025-02-14 13:00:00,2966.8,20250600,2966.8,20250600,2940.2,20250400
2025-02-14 14:00:00,2967.6,20250600,2967.6,20250600,2939.0,20250400
2025-02-14 15:00:00,2944.5,20250600,2944.5,20250600,2916.8,20250400
2025-02-14 16:00:00,2939.6,20250600,2939.6,20250600,2912.2,20250400
2025-02-14 17:00:00,2929.1,20250600,2929.1,20250600,2901.7,20250400
2025-02-14 18:00:00,2924.4,20250600,2924.4,20250600,2897.1,20250400
2025-02-14 19:00:00,2922.5,20250600,2922.5,20250600,2894.9,20250400
2025-02-14 20:00:00,2924.2,20250600,2924.2,20250600,2896.5,20250400
2025-02-14 21:00:00,2921.3,20250600,2921.3,20250600,2893.7,20250400
2025-02-14 23:00:00,2921.3,20250600,2921.3,20250600,2893.7,20250400
2025-02-16 23:00:00,2920.3,20250600,2920.3,20250600,2892.3,20250400
2025-02-17 00:00:00,2922.3,20250600,2922.3,20250600,2894.4,20250400
2025-02-17 01:00:00,2935.7,20250600,2935.7,20250600,2907.3,20250400
2025-02-17 02:00:00,2939.5,20250600,2939.5,20250600,2912.0,20250400
2025-02-17 03:00:00,2943.0,20250600,2943.0,20250600,2915.1,20250400
2025-02-17 04:00:00,2938.5,20250600,2938.5,20250600,2910.4,20250400
2025-02-17 05:00:00,2935.7,20250600,2935.7,20250600,2907.8,20250400
2025-02-17 06:00:00,2936.5,20250600,2936.5,20250600,2908.9,20250400
2025-02-17 07:00:00,2940.2,20250600,2940.2,20250600,2914.4,20250400
2025-02-17 08:00:00,2940.6,20250600,2940.6,20250600,2912.1,20250400
2025-02-17 09:00:00,2943.1,20250600,2943.1,20250600,2914.3,20250400
2025-02-17 10:00:00,2941.4,20250600,2941.4,20250600,2914.2,20250400
2025-02-17 11:00:00,2940.2,20250600,2940.2,20250600,2913.0,20250400
2025-02-17 12:00:00,2937.5,20250600,2937.5,20250600,2909.9,20250400
2025-02-17 13:00:00,2936.7,20250600,2936.7,20250600,2909.4,20250400
2025-02-17 14:00:00,2943.9,20250600,2943.9,20250600,2916.5,20250400
2025-02-17 15:00:00,2938.7,20250600,2938.7,20250600,2912.2,20250400
2025-02-17 16:00:00,2939.6,20250600,2939.6,20250600,2912.9,20250400
2025-02-17 17:00:00,2938.8,20250600,2938.8,20250600,2911.7,20250400
2025-02-17 18:00:00,2938.2,20250600,2938.2,20250600,2911.1,20250400
2025-02-17 19:00:00,2938.1,20250600,2938.1,20250600,2911.3,20250400
2025-02-17 23:00:00,2938.6,20250600,2938.6,20250600,2911.6,20250400
2025-02-18 00:00:00,2938.1,20250600,2938.1,20250600,2911.5,20250400
2025-02-18 01:00:00,2934.8,20250600,2934.8,20250600,2907.8,20250400
2025-02-18 02:00:00,2943.7,20250600,2943.7,20250600,2916.4,20250400
2025-02-18 03:00:00,2948.3,20250600,2948.3,20250600,2922.1,20250400
2025-02-18 04:00:00,2951.0,20250600,2951.0,20250600,2923.8,20250400
2025-02-18 05:00:00,2951.9,20250600,2951.9,20250600,2924.4,20250400
2025-02-18 06:00:00,2953.5,20250600,2953.5,20250600,2926.3,20250400
2025-02-18 07:00:00,2951.0,20250600,2951.0,20250600,2923.9,20250400
2025-02-18 08:00:00,2952.8,20250600,2952.8,20250600,2925.5,20250400
2025-02-18 09:00:00,2953.4,20250600,2953.4,20250600,2925.5,20250400
2025-02-18 10:00:00,2952.0,20250600,2952.0,20250600,2924.6,20250400
2025-02-18 11:00:00,2955.1,20250600,2955.1,20250600,2927.3,20250400
2025-02-18 12:00:00,2959.4,20250600,2959.4,20250600,2932.0,20250400
2025-02-18 13:00:00,2961.0,20250600,2961.0,20250600,2933.6,20250400
2025-02-18 14:00:00,2972.2,20250600,2972.2,20250600,2944.8,20250400
2025-02-18 15:00:00,2971.9,20250600,2971.9,20250600,2944.7,20250400
2025-02-18 16:00:00,2978.8,20250600,2978.8,20250600,2951.1,20250400
2025-02-18 17:00:00,2978.3,20250600,2978.3,20250600,2950.2,20250400
2025-02-18 18:00:00,2980.2,20250600,2980.2,20250600,2952.6,20250400
2025-02-18 19:00:00,2982.9,20250600,2982.9,20250600,2954.8,20250400
2025-02-18 20:00:00,2978.2,20250600,2978.2,20250600,2951.3,20250400
2025-02-18 21:00:00,2983.0,20250600,2983.0,20250600,2954.4,20250400
2025-02-18 23:00:00,2981.7,20250600,2981.7,20250600,2953.2,20250400
2025-02-19 00:00:00,2977.1,20250600,2977.1,20250600,2949.0,20250400
2025-02-19 01:00:00,2985.5,20250600,2985.5,20250600,2957.5,20250400
2025-02-19 02:00:00,2974.9,20250600,2974.9,20250600,2947.8,20250400
2025-02-19 03:00:00,2974.1,20250600,2974.1,20250600,2946.5,20250400
2025-02-19 04:00:00,2973.4,20250600,2973.4,20250600,2946.0,20250400
2025-02-19 05:00:00,2977.0,20250600,2977.0,20250600,2949.9,20250400
2025-02-19 06:00:00,2975.2,20250600,2975.2,20250600,2948.4,20250400
2025-02-19 07:00:00,2979.5,20250600,2979.5,20250600,2951.6,20250400
2025-02-19 08:00:00,2982.5,20250600,2982.5,20250600,2955.9,20250400
2025-02-19 09:00:00,2990.0,20250600,2990.0,20250600,2962.6,20250400
2025-02-19 10:00:00,2990.0,20250600,2990.0,20250600,2962.1,20250400
2025-02-19 11:00:00,2981.1,20250600,2981.1,20250600,2953.2,20250400
2025-02-19 12:00:00,2980.1,20250600,2980.1,20250600,2951.1,20250400
2025-02-19 13:00:00,2981.2,20250600,2981.2,20250600,2953.3,20250400
2025-02-19 14:00:00,2982.8,20250600,2982.8,20250600,2955.0,20250400
2025-02-19 15:00:00,2969.1,20250600,2969.1,20250600,2941.8,20250400
2025-02-19 16:00:00,2971.8,20250600,2971.8,20250600,2944.5,20250400
2025-02-19 17:00:00,2968.6,20250600,2968.6,20250600,2940.5,20250400
2025-02-19 18:00:00,2967.3,20250600,2967.3,20250600,2940.9,20250400
2025-02-19 19:00:00,2974.0,20250600,2974.0,20250600,2947.4,20250400
2025-02-19 20:00:00,2977.3,20250600,2977.3,20250600,2951.3,20250400
2025-02-19 21:00:00,2976.5,20250600,2976.5,20250600,2949.6,20250400
2025-02-19 23:00:00,2976.5,20250600,2976.5,20250600,2949.6,20250400
2025-02-20 00:00:00,2984.2,20250600,2984.2,20250600,2957.5,20250400
2025-02-20 01:00:00,2979.5,20250600,2979.5,20250600,2953.6,20250400
2025-02-20 02:00:00,2985.9,20250600,2985.9,20250600,2958.5,20250400
2025-02-20 03:00:00,2985.7,20250600,2985.7,20250600,2959.5,20250400
2025-02-20 04:00:00,2985.7,20250600,2985.7,20250600,2958.1,20250400
2025-02-20 05:00:00,2990.1,20250600,2990.1,20250600,2963.3,20250400
2025-02-20 06:00:00,2992.2,20250600,2992.2,20250600,2964.7,20250400
2025-02-20 07:00:00,2994.6,20250600,2994.6,20250600,2967.1,20250400
2025-02-20 08:00:00,2999.1,20250600,2999.1,20250600,2971.9,20250400
2025-02-20 09:00:00,2996.7,20250600,2996.7,20250600,2969.4,20250400
2025-02-20 10:00:00,2997.9,20250600,2997.9,20250600,2970.6,20250400
2025-02-20 11:00:00,2993.2,20250600,2993.2,20250600,2966.3,20250400
2025-02-20 12:00:00,2989.5,20250600,2989.5,20250600,2963.0,20250400
2025-02-20 13:00:00,2978.8,20250600,2978.8,20250600,2950.8,20250400
2025-02-20 14:00:00,2978.4,20250600,2978.4,20250600,2950.5,20250400
2025-02-20 15:00:00,2983.3,20250600,2983.3,20250600,2955.0,20250400
2025-02-20 16:00:00,2985.8,20250600,2985.8,20250600,2958.9,20250400
2025-02-20 17:00:00,2984.8,20250600,2984.8,20250600,2956.6,20250400
2025-02-20 18:00:00,2984.8,20250600,2984.8,20250600,2957.5,20250400
2025-02-20 19:00:00,2979.8,20250600,2979.8,20250600,2954.1,20250400
2025-02-20 20:00:00,2979.9,20250600,2979.9,20250600,2953.2,20250400
2025-02-20 21:00:00,2982.9,20250600,2982.9,20250600,2955.8,20250400
2025-02-20 23:00:00,2984.5,20250600,2984.5,20250600,2955.8,20250400
2025-02-21 00:00:00,2981.6,20250600,2981.6,20250600,2954.8,20250400
2025-02-21 01:00:00,2972.5,20250600,2972.5,20250600,2945.3,20250400
2025-02-21 02:00:00,2982.6,20250600,2982.6,20250600,2953.2,20250400
2025-02-21 03:00:00,2972.6,20250600,2972.6,20250600,2945.5,20250400
2025-02-21 04:00:00,2969.0,20250600,2969.0,20250600,2942.3,20250400
2025-02-21 05:00:00,2972.8,20250600,2972.8,20250600,2943.8,20250400
2025-02-21 06:00:00,2971.9,20250600,2971.9,20250600,2944.1,20250400
2025-02-21 07:00:00,2971.1,20250600,2971.1,20250600,2943.8,20250400
2025-02-21 08:00:00,2964.6,20250600,2964.6,20250600,2937.1,20250400
2025-02-21 09:00:00,2971.0,20250600,2971.0,20250600,2943.3,20250400
2025-02-21 10:00:00,2972.7,20250600,2972.7,20250600,2945.1,20250400
2025-02-21 11:00:00,2968.7,20250600,2968.7,20250600,2941.8,20250400
2025-02-21 12:00:00,2971.1,20250600,2971.1,20250600,2943.5,20250400
2025-02-21 13:00:00,2974.5,20250600,2974.5,20250600,2945.1,20250400
2025-02-21 14:00:00,2975.0,20250600,2975.0,20250600,2948.0,20250400
2025-02-21 15:00:00,2971.8,20250600,2971.8,20250600,2942.5,20250400
2025-02-21 16:00:00,2978.0,20250600,2978.0,20250600,2950.6,20250400
2025-02-21 17:00:00,2981.0,20250600,2981.0,20250600,2953.9,20250400
2025-02-21 18:00:00,2985.6,20250600,2985.6,20250600,2958.2,20250400
2025-02-21 19:00:00,2975.8,20250600,2975.8,20250600,2947.6,20250400
2025-02-21 20:00:00,2976.0,20250600,2976.0,20250600,2948.4,20250400
2025-02-21 21:00:00,2978.7,20250600,2978.7,20250600,2949.9,20250400
2025-02-21 23:00:00,2978.7,20250600,2978.7,20250600,2949.9,20250400
2025-02-23 23:00:00,2977.4,20250600,2977.4,20250600,2949.8,20250400
2025-02-24 00:00:00,2972.4,20250600,2972.4,20250600,2944.5,20250400
2025-02-24 01:00:00,2970.0,20250600,2970.0,20250600,2941.5,20250400
2025-02-24 02:00:00,2980.4,20250600,2980.4,20250600,2952.9,20250400
2025-02-24 03:00:00,2981.5,20250600,2981.5,20250600,2954.8,20250400
2025-02-24 04:00:00,2981.7,20250600,2981.7,20250600,2954.0,20250400
2025-02-24 05:00:00,2977.2,20250600,2977.2,20250600,2949.2,20250400
2025-02-24 06:00:00,2978.9,20250600,2978.9,20250600,2952.3,20250400
2025-02-24 07:00:00,2984.8,20250600,2984.8,20250600,2957.7,20250400
2025-02-24 08:00:00,2988.3,20250600,2988.3,20250600,2961.3,20250400
2025-02-24 09:00:00,2985.2,20250600,2985.2,20250600,2958.9,20250400
2025-02-24 10:00:00,2981.1,20250600,2981.1,20250600,2954.1,20250400
2025-02-24 11:00:00,2989.9,20250600,2989.9,20250600,2962.0,20250400
2025-02-24 12:00:00,2990.4,20250600,2990.4,20250600,2961.7,20250400
2025-02-24 13:00:00,2998.0,20250600,2998.0,20250600,2971.1,20250400
2025-02-24 14:00:00,2981.5,20250600,2981.5,20250600,2953.4,20250400
2025-02-24 15:00:00,2980.0,20250600,2980.0,20250600,2952.4,20250400
2025-02-24 16:00:00,2983.3,20250600,2983.3,20250600,2958.7,20250400
2025-02-24 17:00:00,2985.7,20250600,2985.7,20250600,2958.0,20250400
2025-02-24 18:00:00,2991.0,20250600,2991.0,20250600,2962.6,20250400
2025-02-24 19:00:00,2992.5,20250600,2992.5,20250600,2964.4,20250400
2025-02-24 20:00:00,2993.4,20250600,2993.4,20250600,2964.9,20250400
2025-02-24 21:00:00,2997.0,20250600,2997.0,20250600,2968.8,20250400
2025-02-24 23:00:00,2993.3,20250600,2993.3,20250600,2968.8,20250400
2025-02-25 00:00:00,2993.5,20250600,2993.5,20250600,2965.3,20250400
2025-02-25 01:00:00,2993.3,20250600,2993.3,20250600,2965.6,20250400
2025-02-25 02:00:00,2991.2,20250600,2991.2,20250600,2964.7,20250400
2025-02-25 03:00:00,2982.5,20250600,2982.5,20250600,2956.5,20250400
2025-02-25 04:00:00,2980.7,20250600,2980.7,20250600,2952.6,20250400
2025-02-25 05:00:00,2981.5,20250600,2981.5,20250600,2953.4,20250400
2025-02-25 06:00:00,2977.9,20250600,2977.9,20250600,2951.1,20250400
2025-02-25 07:00:00,2973.1,20250600,2973.1,20250600,2945.4,20250400
2025-02-25 08:00:00,2983.0,20250600,2983.0,20250600,2955.2,20250400
2025-02-25 09:00:00,2981.8,20250600,2981.8,20250600,2953.1,20250400
2025-02-25 10:00:00,2979.1,20250600,2979.1,20250600,2951.1,20250400
2025-02-25 11:00:00,2979.8,20250600,2979.8,20250600,2952.3,20250400
2025-02-25 12:00:00,2969.5,20250600,2969.5,20250600,2942.0,20250400
2025-02-25 13:00:00,2978.8,20250600,2978.8,20250600,2950.4,20250400
2025-02-25 14:00:00,2974.2,20250600,2974.2,20250600,2946.2,20250400
2025-02-25 15:00:00,2945.3,20250600,2945.3,20250600,2917.8,20250400
2025-02-25 16:00:00,2936.0,20250600,2936.0,20250600,2908.4,20250400
2025-02-25 17:00:00,2948.2,20250600,2948.2,20250600,2920.9,20250400
2025-02-25 18:00:00,2950.6,20250600,2950.6,20250600,2922.3,20250400
2025-02-25 19:00:00,2953.3,20250600,2953.3,20250600,2924.0,20250400
2025-02-25 20:00:00,2953.5,20250600,2953.5,20250600,2925.5,20250400
2025-02-25 21:00:00,2957.4,20250600,2957.4,20250600,2928.4,20250400
2025-02-25 23:00:00,2957.4,20250600,2957.4,20250600,2928.4,20250400
2025-02-26 00:00:00,2961.5,20250600,2961.5,20250600,2934.4,20250400
2025-02-26 01:00:00,2958.5,20250600,2958.5,20250600,2930.9,20250400
2025-02-26 02:00:00,2962.8,20250600,2962.8,20250600,2934.5,20250400
2025-02-26 03:00:00,2958.2,20250600,2958.2,20250600,2930.6,20250400
2025-02-26 04:00:00,2956.6,20250600,2956.6,20250600,2927.9,20250400
2025-02-26 05:00:00,2956.2,20250600,2956.2,20250600,2928.2,20250400
2025-02-26 06:00:00,2948.2,20250600,2948.2,20250600,2919.6,20250400
2025-02-26 07:00:00,2956.6,20250600,2956.6,20250600,2927.1,20250400
2025-02-26 08:00:00,2960.0,20250600,2960.0,20250600,2931.4,20250400
2025-02-26 09:00:00,2955.6,20250600,2955.6,20250600,2925.7,20250400
2025-02-26 10:00:00,2953.0,20250600,2953.0,20250600,2925.2,20250400
2025-02-26 11:00:00,2955.3,20250600,2955.3,20250600,2927.6,20250400
2025-02-26 12:00:00,2955.8,20250600,2955.8,20250600,2927.6,20250400
2025-02-26 13:00:00,2947.8,20250600,2947.8,20250600,2919.2,20250400
2025-02-26 14:00:00,2943.7,20250600,2943.7,20250600,2915.2,20250400
2025-02-26 15:00:00,2956.5,20250600,2956.5,20250600,2927.9,20250400
2025-02-26 16:00:00,2955.6,20250600,2955.6,20250600,2927.5,20250400
2025-02-26 17:00:00,2956.9,20250600,2956.9,20250600,2928.6,20250400
2025-02-26 18:00:00,2955.5,20250600,2955.5,20250600,2929.3,20250400
2025-02-26 19:00:00,2958.1,20250600,2958.1,20250600,2929.0,20250400
2025-02-26 20:00:00,2959.3,20250600,2959.3,20250600,2930.8,20250400
2025-02-26 21:00:00,2961.7,20250600,2961.7,20250600,2931.5,20250400
2025-02-26 23:00:00,2961.7,20250600,2961.7,20250600,2931.5,20250400
2025-02-27 00:00:00,2960.0,20250600,2960.0,20250600,2931.9,20250400
2025-02-27 01:00:00,2955.0,20250600,2955.0,20250600,2927.3,20250400
2025-02-27 02:00:00,2946.4,20250600,2946.4,20250600,2919.1,20250400
2025-02-27 03:00:00,2946.7,20250600,2946.7,20250600,2918.3,20250400
2025-02-27 04:00:00,2941.0,20250600,2941.0,20250600,2911.7,20250400
2025-02-27 05:00:00,2932.2,20250600,2932.2,20250600,2903.7,20250400
2025-02-27 06:00:00,2933.8,20250600,2933.8,20250600,2906.2,20250400
2025-02-27 07:00:00,2932.5,20250600,2932.5,20250600,2903.6,20250400
2025-02-27 08:00:00,2920.7,20250600,2920.7,20250600,2892.6,20250400
2025-02-27 09:00:00,2928.1,20250600,2928.1,20250600,2900.4,20250400
2025-02-27 10:00:00,2934.3,20250600,2934.3,20250600,2906.0,20250400
2025-02-27 11:00:00,2924.0,20250600,2924.0,20250600,2896.0,20250400
2025-02-27 12:00:00,2926.8,20250600,2926.8,20250600,2897.8,20250400
2025-02-27 13:00:00,2928.7,20250600,2928.7,20250600,2902.4,20250400
2025-02-27 14:00:00,2912.9,20250600,2912.9,20250600,2884.4,20250400
2025-02-27 15:00:00,2912.0,20250600,2912.0,20250600,2884.3,20250400
2025-02-27 16:00:00,2917.7,20250600,2917.7,20250600,2890.6,20250400
2025-02-27 17:00:00,2922.6,20250600,2922.6,20250600,2895.1,20250400
2025-02-27 18:00:00,2926.5,20250600,2926.5,20250600,2899.0,20250400
2025-02-27 19:00:00,2918.2,20250600,2918.2,20250600,2890.5,20250400
2025-02-27 20:00:00,2912.6,20250600,2912.6,20250600,2884.4,20250400
2025-02-27 21:00:00,2915.9,20250600,2915.9,20250600,2887.7,20250400
2025-02-27 23:00:00,2915.9,20250600,2915.9,20250600,2887.7,20250400
2025-02-28 00:00:00,2915.6,20250600,2915.6,20250600,2887.2,20250400
2025-02-28 01:00:00,2915.5,20250600,2915.5,20250600,2886.8,20250400
2025-02-28 02:00:00,2913.6,20250600,2913.6,20250600,2884.6,20250400
2025-02-28 03:00:00,2905.6,20250600,2905.6,20250600,2877.7,20250400
2025-02-28 04:00:00,2903.0,20250600,2903.0,20250600,2874.3,20250400
2025-02-28 05:00:00,2904.0,20250600,2904.0,20250600,2876.2,20250400
2025-02-28 06:00:00,2903.7,20250600,2903.7,20250600,2875.2,20250400
2025-02-28 07:00:00,2898.2,20250600,2898.2,20250600,2870.4,20250400
2025-02-28 08:00:00,2895.2,20250600,2895.2,20250600,2868.2,20250400
2025-02-28 09:00:00,2900.5,20250600,2900.5,20250600,2874.0,20250400
2025-02-28 10:00:00,2901.6,20250600,2901.6,20250600,2874.4,20250400
2025-02-28 11:00:00,2903.0,20250600,2903.0,20250600,2875.4,20250400
2025-02-28 12:00:00,2896.7,20250600,2896.7,20250600,2869.2,20250400
2025-02-28 13:00:00,2888.1,20250600,2888.1,20250600,2860.5,20250400
2025-02-28 14:00:00,2873.6,20250600,2873.6,20250600,2846.4,20250400
2025-02-28 15:00:00,2889.0,20250600,2889.0,20250600,2861.6,20250400
2025-02-28 16:00:00,2889.0,20250600,2889.0,20250600,2859.5,20250400
2025-02-28 17:00:00,2884.0,20250600,2884.0,20250600,2855.3,20250400
2025-02-28 18:00:00,2883.1,20250600,2883.1,20250600,2855.8,20250400
2025-02-28 19:00:00,2886.5,20250600,2886.5,20250600,2859.5,20250400
2025-02-28 20:00:00,2892.3,20250600,2892.3,20250600,2864.7,20250400
2025-02-28 21:00:00,2897.1,20250600,2897.1,20250600,2867.1,20250400
2025-02-28 23:00:00,2897.1,20250600,2897.1,20250600,2867.1,20250400
2025-03-02 23:00:00,2910.0,20250600,2910.0,20250600,2882.5,20250400
2025-03-03 00:00:00,2905.3,20250600,2905.3,20250600,2877.1,20250400
2025-03-03 01:00:00,2910.8,20250600,2910.8,20250600,2883.0,20250400
2025-03-03 02:00:00,2906.5,20250600,2906.5,20250600,2878.4,20250400
2025-03-03 03:00:00,2902.8,20250600,2902.8,20250600,2875.8,20250400
2025-03-03 04:00:00,2904.8,20250600,2904.8,20250600,2876.7,20250400
2025-03-03 05:00:00,2900.0,20250600,2900.0,20250600,2872.6,20250400
2025-03-03 06:00:00,2903.2,20250600,2903.2,20250600,2875.6,20250400
2025-03-03 07:00:00,2901.0,20250600,2901.0,20250600,2873.1,20250400
2025-03-03 08:00:00,2906.3,20250600,2906.3,20250600,2878.6,20250400
2025-03-03 09:00:00,2904.5,20250600,2904.5,20250600,2877.6,20250400
2025-03-03 10:00:00,2911.6,20250600,2911.6,20250600,2882.3,20250400
2025-03-03 11:00:00,2912.7,20250600,2912.7,20250600,2884.7,20250400
2025-03-03 12:00:00,2914.3,20250600,2914.3,20250600,2886.5,20250400
2025-03-03 13:00:00,2911.5,20250600,2911.5,20250600,2883.0,20250400
2025-03-03 14:00:00,2917.4,20250600,2917.4,20250600,2889.2,20250400
2025-03-03 15:00:00,2927.0,20250600,2927.0,20250600,2898.6,20250400
2025-03-03 16:00:00,2929.9,20250600,2929.9,20250600,2902.0,20250400
2025-03-03 17:00:00,2929.2,20250600,2929.2,20250600,2901.6,20250400
2025-03-03 18:00:00,2927.3,20250600,2927.3,20250600,2900.3,20250400
2025-03-03 19:00:00,2919.2,20250600,2919.2,20250600,2891.3,20250400
2025-03-03 20:00:00,2930.2,20250600,2930.2,20250600,2901.3,20250400
2025-03-03 21:00:00,2932.2,20250600,2932.2,20250600,2904.3,20250400
2025-03-03 23:00:00,2932.2,20250600,2932.2,20250600,2904.3,20250400
2025-03-04 00:00:00,2929.3,20250600,2929.3,20250600,2902.4,20250400
2025-03-04 01:00:00,2927.0,20250600,2927.0,20250600,2899.2,20250400
2025-03-04 02:00:00,2924.5,20250600,2924.5,20250600,2895.7,20250400
2025-03-04 03:00:00,2926.3,20250600,2926.3,20250600,2898.8,20250400
2025-03-04 04:00:00,2929.4,20250600,2929.4,20250600,2901.0,20250400
2025-03-04 05:00:00,2927.4,20250600,2927.4,20250600,2899.7,20250400
2025-03-04 06:00:00,2926.0,20250600,2926.0,20250600,2897.7,20250400
2025-03-04 07:00:00,2936.9,20250600,2936.9,20250600,2909.2,20250400
2025-03-04 08:00:00,2952.5,20250600,2952.5,20250600,2924.7,20250400
2025-03-04 09:00:00,2956.7,20250600,2956.7,20250600,2929.0,20250400
2025-03-04 10:00:00,2952.5,20250600,2952.5,20250600,2924.6,20250400
2025-03-04 11:00:00,2958.8,20250600,2958.8,20250600,2931.4,20250400
2025-03-04 12:00:00,2964.6,20250600,2964.6,20250600,2936.3,20250400
2025-03-04 13:00:00,2962.2,20250600,2962.2,20250600,2933.7,20250400
2025-03-04 14:00:00,2943.7,20250600,2943.7,20250600,2913.9,20250400
2025-03-04 15:00:00,2944.4,20250600,2944.4,20250600,2916.3,20250400
2025-03-04 16:00:00,2954.2,20250600,2954.2,20250600,2926.1,20250400
2025-03-04 17:00:00,2950.7,20250600,2950.7,20250600,2922.1,20250400
2025-03-04 18:00:00,2949.9,20250600,2949.9,20250600,2921.8,20250400
2025-03-04 19:00:00,2954.9,20250600,2954.9,20250600,2926.9,20250400
2025-03-04 20:00:00,2956.7,20250600,2956.7,20250600,2928.7,20250400
2025-03-04 21:00:00,2957.9,20250600,2957.9,20250600,2928.5,20250400
2025-03-04 23:00:00,2953.5,20250600,2953.5,20250600,2928.5,20250400
2025-03-05 00:00:00,2952.3,20250600,2952.3,20250600,2924.2,20250400
2025-03-05 01:00:00,2949.2,20250600,2949.2,20250600,2917.5,20250400
2025-03-05 02:00:00,2943.5,20250600,2943.5,20250600,2915.0,20250400
2025-03-05 03:00:00,2947.7,20250600,2947.7,20250600,2919.5,20250400
2025-03-05 04:00:00,2949.8,20250600,2949.8,20250600,2920.6,20250400
2025-03-05 05:00:00,2957.3,20250600,2957.3,20250600,2929.3,20250400
2025-03-05 06:00:00,2954.8,20250600,2954.8,20250600,2927.6,20250400
2025-03-05 07:00:00,2954.5,20250600,2954.5,20250600,2928.8,20250400
2025-03-05 08:00:00,2958.6,20250600,2958.6,20250600,2931.0,20250400
2025-03-05 09:00:00,2958.4,20250600,2958.4,20250600,2929.7,20250400
2025-03-05 10:00:00,2951.8,20250600,2951.8,20250600,2923.2,20250400
2025-03-05 11:00:00,2952.6,20250600,2952.6,20250600,2924.0,20250400
2025-03-05 12:00:00,2955.4,20250600,2955.4,20250600,2926.5,20250400
2025-03-05 13:00:00,2938.6,20250600,2938.6,20250600,2910.1,20250400
2025-03-05 14:00:00,2951.0,20250600,2951.0,20250600,2921.9,20250400
2025-03-05 15:00:00,2956.8,20250600,2956.8,20250600,2927.4,20250400
2025-03-05 16:00:00,2961.3,20250600,2961.3,20250600,2933.6,20250400
2025-03-05 17:00:00,2952.9,20250600,2952.9,20250600,2925.8,20250400
2025-03-05 18:00:00,2954.6,20250600,2954.6,20250600,2926.7,20250400
2025-03-05 19:00:00,2959.0,20250600,2959.0,20250600,2930.1,20250400
2025-03-05 20:00:00,2960.5,20250600,2960.5,20250600,2931.6,20250400
2025-03-05 21:00:00,2958.0,20250600,2958.0,20250600,2929.3,20250400
2025-03-05 23:00:00,2955.7,20250600,2955.7,20250600,2927.2,20250400
2025-03-06 00:00:00,2954.1,20250600,2954.1,20250600,2925.0,20250400
2025-03-06 01:00:00,2962.1,20250600,2962.1,20250600,2933.4,20250400
2025-03-06 02:00:00,2963.3,20250600,2963.3,20250600,2934.9,20250400
2025-03-06 03:00:00,2957.8,20250600,2957.8,20250600,2929.9,20250400
2025-03-06 04:00:00,2955.3,20250600,2955.3,20250600,2926.5,20250400
2025-03-06 05:00:00,2956.8,20250600,2956.8,20250600,2927.7,20250400
2025-03-06 06:00:00,2957.0,20250600,2957.0,20250600,2928.6,20250400
2025-03-06 07:00:00,2945.5,20250600,2945.5,20250600,2916.9,20250400
2025-03-06 08:00:00,2941.4,20250600,2941.4,20250600,2912.6,20250400
2025-03-06 09:00:00,2928.8,20250600,2928.8,20250600,2901.0,20250400
2025-03-06 10:00:00,2935.7,20250600,2935.7,20250600,2907.1,20250400
2025-03-06 11:00:00,2942.0,20250600,2942.0,20250600,2913.9,20250400
2025-03-06 12:00:00,2936.5,20250600,2936.5,20250600,2910.7,20250400
2025-03-06 13:00:00,2939.8,20250600,2939.8,20250600,2912.7,20250400
2025-03-06 14:00:00,2951.9,20250600,2951.9,20250600,2923.8,20250400
2025-03-06 15:00:00,2950.7,20250600,2950.7,20250600,2922.7,20250400
2025-03-06 16:00:00,2954.6,20250600,2954.6,20250600,2925.6,20250400
2025-03-06 17:00:00,2951.5,20250600,2951.5,20250600,2923.1,20250400
2025-03-06 18:00:00,2952.5,20250600,2952.5,20250600,2924.4,20250400
2025-03-06 19:00:00,2951.7,20250600,2951.7,20250600,2921.7,20250400
2025-03-06 20:00:00,2945.9,20250600,2945.9,20250600,2917.4,20250400
2025-03-06 21:00:00,2947.1,20250600,2947.1,20250600,2919.6,20250400
2025-03-06 23:00:00,2945.4,20250600,2945.4,20250600,2919.6,20250400
2025-03-07 00:00:00,2941.1,20250600,2941.1,20250600,2913.0,20250400
2025-03-07 01:00:00,2943.0,20250600,2943.0,20250600,2914.9,20250400
2025-03-07 02:00:00,2943.4,20250600,2943.4,20250600,2914.9,20250400
2025-03-07 03:00:00,2941.3,20250600,2941.3,20250600,2912.6,20250400
2025-03-07 04:00:00,2941.8,20250600,2941.8,20250600,2913.4,20250400
2025-03-07 05:00:00,2945.5,20250600,2945.5,20250600,2917.1,20250400
2025-03-07 06:00:00,2948.8,20250600,2948.8,20250600,2920.6,20250400
2025-03-07 07:00:00,2952.1,20250600,2952.1,20250600,2924.8,20250400
2025-03-07 08:00:00,2958.6,20250600,2958.6,20250600,2930.3,20250400
2025-03-07 09:00:00,2957.1,20250600,2957.1,20250600,2929.1,20250400
2025-03-07 10:00:00,2954.8,20250600,2954.8,20250600,2926.1,20250400
2025-03-07 11:00:00,2954.9,20250600,2954.9,20250600,2926.2,20250400
2025-03-07 12:00:00,2954.5,20250600,2954.5,20250600,2926.0,20250400
2025-03-07 13:00:00,2950.3,20250600,2950.3,20250600,2920.4,20250400
2025-03-07 14:00:00,2963.7,20250600,2963.7,20250600,2935.1,20250400
2025-03-07 15:00:00,2952.1,20250600,2952.1,20250600,2923.7,20250400
2025-03-07 16:00:00,2950.1,20250600,2950.1,20250600,2922.1,20250400
2025-03-07 17:00:00,2946.5,20250600,2946.5,20250600,2916.5,20250400
2025-03-07 18:00:00,2942.9,20250600,2942.9,20250600,2915.4,20250400
2025-03-07 19:00:00,2941.5,20250600,2941.5,20250600,2913.5,20250400
2025-03-07 20:00:00,2945.6,20250600,2945.6,20250600,2918.2,20250400
2025-03-07 21:00:00,2946.9,20250600,2946.9,20250600,2917.7,20250400
2025-03-07 23:00:00,2946.9,20250600,2946.9,20250600,2917.7,20250400
2025-03-09 22:00:00,2947.7,20250600,2947.7,20250600,2919.0,20250400
2025-03-09 23:00:00,2953.5,20250600,2953.5,20250600,2924.3,20250400
2025-03-10 00:00:00,2949.8,20250600,2949.8,20250600,2920.9,20250400
2025-03-10 01:00:00,2947.5,20250600,2947.5,20250600,2918.8,20250400
2025-03-10 02:00:00,2946.9,20250600,2946.9,20250600,2917.7,20250400
2025-03-10 03:00:00,2945.4,20250600,2945.4,20250600,2916.9,20250400
2025-03-10 04:00:00,2945.4,20250600,2945.4,20250600,2917.0,20250400
2025-03-10 05:00:00,2944.1,20250600,2944.1,20250600,2915.9,20250400
2025-03-10 06:00:00,2948.7,20250600,2948.7,20250600,2920.4,20250400
2025-03-10 07:00:00,2944.3,20250600,2944.3,20250600,2914.8,20250400
2025-03-10 08:00:00,2933.0,20250600,2933.0,20250600,2904.7,20250400
2025-03-10 09:00:00,2947.6,20250600,2947.6,20250600,2918.1,20250400
2025-03-10 10:00:00,2939.8,20250600,2939.8,20250600,2910.1,20250400
2025-03-10 11:00:00,2938.1,20250600,2938.1,20250600,2910.5,20250400
2025-03-10 12:00:00,2942.0,20250600,2942.0,20250600,2913.2,20250400
2025-03-10 13:00:00,2938.0,20250600,2938.0,20250600,2910.3,20250400
2025-03-10 14:00:00,2943.3,20250600,2943.3,20250600,2915.0,20250400
2025-03-10 15:00:00,2939.5,20250600,2939.5,20250600,2911.1,20250400
2025-03-10 16:00:00,2930.2,20250600,2930.2,20250600,2901.6,20250400
2025-03-10 17:00:00,2919.8,20250600,2919.8,20250600,2892.1,20250400
2025-03-10 18:00:00,2918.6,20250600,2918.6,20250600,2890.8,20250400
2025-03-10 19:00:00,2918.7,20250600,2918.7,20250600,2890.5,20250400
2025-03-10 20:00:00,2921.0,20250600,2921.0,20250600,2893.1,20250400
2025-03-10 22:00:00,2916.8,20250600,2916.8,20250600,2889.5,20250400
2025-03-10 23:00:00,2921.0,20250600,2921.0,20250600,2889.2,20250400
2025-03-11 00:00:00,2919.4,20250600,2919.4,20250600,2890.7,20250400
2025-03-11 01:00:00,2921.2,20250600,2921.2,20250600,2893.1,20250400
2025-03-11 02:00:00,2931.3,20250600,2931.3,20250600,2902.7,20250400
2025-03-11 03:00:00,2928.2,20250600,2928.2,20250600,2900.2,20250400
2025-03-11 04:00:00,2930.0,20250600,2930.0,20250600,2901.8,20250400
2025-03-11 05:00:00,2927.6,20250600,2927.6,20250600,2899.7,20250400
2025-03-11 06:00:00,2934.3,20250600,2934.3,20250600,2907.0,20250400
2025-03-11 07:00:00,2933.0,20250600,2933.0,20250600,2905.2,20250400
2025-03-11 08:00:00,2942.2,20250600,2942.2,20250600,2914.6,20250400
2025-03-11 09:00:00,2944.6,20250600,2944.6,20250600,2916.8,20250400
2025-03-11 10:00:00,2945.3,20250600,2945.3,20250600,2916.9,20250400
2025-03-11 11:00:00,2947.0,20250600,2947.0,20250600,2919.2,20250400
2025-03-11 12:00:00,2945.9,20250600,2945.9,20250600,2918.4,20250400
2025-03-11 13:00:00,2951.6,20250600,2951.6,20250600,2923.6,20250400
2025-03-11 14:00:00,2948.3,20250600,2948.3,20250600,2920.6,20250400
2025-03-11 15:00:00,2950.3,20250600,2950.3,20250600,2922.9,20250400
2025-03-11 16:00:00,2951.0,20250600,2951.0,20250600,2923.1,20250400
2025-03-11 17:00:00,2951.7,20250600,2951.7,20250600,2923.7,20250400
2025-03-11 18:00:00,2951.8,20250600,2951.8,20250600,2923.9,20250400
2025-03-11 19:00:00,2953.4,20250600,2953.4,20250600,2925.3,20250400
2025-03-11 20:00:00,2950.5,20250600,2950.5,20250600,2922.9,20250400
2025-03-11 22:00:00,2950.3,20250600,2950.3,20250600,2923.5,20250400
2025-03-11 23:00:00,2950.7,20250600,2950.7,20250600,2922.9,20250400
2025-03-12 00:00:00,2947.6,20250600,2947.6,20250600,2920.6,20250400
2025-03-12 01:00:00,2948.6,20250600,2948.6,20250600,2921.1,20250400
2025-03-12 02:00:00,2950.0,20250600,2950.0,20250600,2921.8,20250400
2025-03-12 03:00:00,2949.0,20250600,2949.0,20250600,2920.7,20250400
2025-03-12 04:00:00,2948.8,20250600,2948.8,20250600,2920.2,20250400
2025-03-12 05:00:00,2949.1,20250600,2949.1,20250600,2921.5,20250400
2025-03-12 06:00:00,2944.7,20250600,2944.7,20250600,2917.3,20250400
2025-03-12 07:00:00,2947.9,20250600,2947.9,20250600,2919.9,20250400
2025-03-12 08:00:00,2955.0,20250600,2955.0,20250600,2927.5,20250400
2025-03-12 09:00:00,2949.4,20250600,2949.4,20250600,2921.1,20250400
2025-03-12 10:00:00,2948.2,20250600,2948.2,20250600,2920.0,20250400
2025-03-12 11:00:00,2949.4,20250600,2949.4,20250600,2920.9,20250400
2025-03-12 12:00:00,2950.4,20250600,2950.4,20250600,2923.4,20250400
2025-03-12 13:00:00,2951.2,20250600,2951.2,20250600,2920.8,20250400
2025-03-12 14:00:00,2956.9,20250600,2956.9,20250600,2929.2,20250400
2025-03-12 15:00:00,2963.3,20250600,2963.3,20250600,2935.6,20250400
2025-03-12 16:00:00,2972.0,20250600,2972.0,20250600,2943.8,20250400
2025-03-12 17:00:00,2972.1,20250600,2972.1,20250600,2944.0,20250400
2025-03-12 18:00:00,2971.0,20250600,2971.0,20250600,2943.1,20250400
2025-03-12 19:00:00,2967.7,20250600,2967.7,20250600,2940.1,20250400
2025-03-12 20:00:00,2971.4,20250600,2971.4,20250600,2943.5,20250400
2025-03-12 22:00:00,2973.1,20250600,2973.1,20250600,2945.0,20250400
2025-03-12 23:00:00,2972.6,20250600,2972.6,20250600,2943.5,20250400
2025-03-13 00:00:00,2974.2,20250600,2974.2,20250600,2946.1,20250400
2025-03-13 01:00:00,2974.6,20250600,2974.6,20250600,2946.0,20250400
2025-03-13 02:00:00,2981.4,20250600,2981.4,20250600,2952.5,20250400
2025-03-13 03:00:00,2982.7,20250600,2982.7,20250600,2954.6,20250400
2025-03-13 04:00:00,2981.2,20250600,2981.2,20250600,2953.2,20250400
2025-03-13 05:00:00,2976.7,20250600,2976.7,20250600,2949.3,20250400
2025-03-13 06:00:00,2974.9,20250600,2974.9,20250600,2947.0,20250400
2025-03-13 07:00:00,2972.7,20250600,2972.7,20250600,2944.9,20250400
2025-03-13 08:00:00,2978.9,20250600,2978.9,20250600,2950.6,20250400
2025-03-13 09:00:00,2984.5,20250600,2984.5,20250600,2956.5,20250400
2025-03-13 10:00:00,2981.7,20250600,2981.7,20250600,2953.2,20250400
2025-03-13 11:00:00,2983.3,20250600,2983.3,20250600,2955.1,20250400
2025-03-13 12:00:00,2978.0,20250600,2978.0,20250600,2951.9,20250400
2025-03-13 13:00:00,2988.0,20250600,2988.0,20250600,2959.9,20250400
2025-03-13 14:00:00,3008.3,20250600,3008.3,20250600,2980.5,20250400
2025-03-13 15:00:00,3016.2,20250600,3016.2,20250600,2989.2,20250400
2025-03-13 16:00:00,3020.0,20250600,3020.0,20250600,2992.0,20250400
2025-03-13 17:00:00,3020.0,20250600,3020.0,20250600,2991.7,20250400
2025-03-13 18:00:00,3024.5,20250600,3024.5,20250600,2996.7,20250400
2025-03-13 19:00:00,3023.1,20250600,3023.1,20250600,2995.0,20250400
2025-03-13 20:00:00,3029.4,20250600,3029.4,20250600,3001.4,20250400
2025-03-13 22:00:00,3026.8,20250600,3026.8,20250600,2999.7,20250400
2025-03-13 23:00:00,3029.4,20250600,3029.4,20250600,3001.4,20250400
2025-03-14 00:00:00,3028.7,20250600,3028.7,20250600,2999.4,20250400
2025-03-14 01:00:00,3029.3,20250600,3029.3,20250600,3001.2,20250400
2025-03-14 02:00:00,3025.0,20250600,3025.0,20250600,2997.2,20250400
2025-03-14 03:00:00,3030.7,20250600,3030.7,20250600,3004.2,20250400
2025-03-14 04:00:00,3026.2,20250600,3026.2,20250600,2998.5,20250400
2025-03-14 05:00:00,3027.2,20250600,3027.2,20250600,2999.6,20250400
2025-03-14 06:00:00,3026.3,20250600,3026.3,20250600,2998.3,20250400
2025-03-14 07:00:00,3028.6,20250600,3028.6,20250600,3000.6,20250400
2025-03-14 08:00:00,3034.1,20250600,3034.1,20250600,3005.8,20250400
2025-03-14 09:00:00,3038.7,20250600,3038.7,20250600,3011.1,20250400
2025-03-14 10:00:00,3033.4,20250600,3033.4,20250600,3005.1,20250400
2025-03-14 11:00:00,3032.7,20250600,3032.7,20250600,3004.4,20250400
2025-03-14 12:00:00,3033.6,20250600,3033.6,20250600,3005.6,20250400
2025-03-14 13:00:00,3025.7,20250600,3025.7,20250600,2998.0,20250400
2025-03-14 14:00:00,3024.5,20250600,3024.5,20250600,2995.6,20250400
2025-03-14 15:00:00,3023.7,20250600,3023.7,20250600,2995.8,20250400
2025-03-14 16:00:00,3027.9,20250600,3027.9,20250600,3000.1,20250400
2025-03-14 17:00:00,3024.9,20250600,3024.9,20250600,2997.4,20250400
2025-03-14 18:00:00,3021.3,20250600,3021.3,20250600,2993.7,20250400
2025-03-14 19:00:00,3020.0,20250600,3020.0,20250600,2992.0,20250400
2025-03-14 20:00:00,3021.3,20250600,3021.3,20250600,2993.4,20250400
2025-03-14 23:00:00,3021.3,20250600,3021.3,20250600,2993.4,20250400
2025-03-16 22:00:00,3026.0,20250600,3026.0,20250600,2997.6,20250400
2025-03-16 23:00:00,3025.5,20250600,3025.5,20250600,2997.6,20250400
2025-03-17 00:00:00,3025.8,20250600,3025.8,20250600,2998.1,20250400
2025-03-17 01:00:00,3026.7,20250600,3026.7,20250600,2997.9,20250400
2025-03-17 02:00:00,3023.0,20250600,3023.0,20250600,2995.7,20250400
2025-03-17 03:00:00,3023.5,20250600,3023.5,20250600,2996.0,20250400
2025-03-17 04:00:00,3020.1,20250600,3020.1,20250600,2991.8,20250400
2025-03-17 05:00:00,3022.5,20250600,3022.5,20250600,2994.8,20250400
2025-03-17 06:00:00,3025.3,20250600,3025.3,20250600,2997.6,20250400
2025-03-17 07:00:00,3021.3,20250600,3021.3,20250600,2993.9,20250400
2025-03-17 08:00:00,3022.4,20250600,3022.4,20250600,2995.9,20250400
2025-03-17 09:00:00,3030.9,20250600,3030.9,20250600,3003.1,20250400
2025-03-17 10:00:00,3034.6,20250600,3034.6,20250600,3006.9,20250400
2025-03-17 11:00:00,3034.1,20250600,3034.1,20250600,3005.2,20250400
2025-03-17 12:00:00,3022.6,20250600,3022.6,20250600,2994.7,20250400
2025-03-17 13:00:00,3024.8,20250600,3024.8,20250600,2996.2,20250400
2025-03-17 14:00:00,3034.1,20250600,3034.1,20250600,3005.9,20250400
2025-03-17 15:00:00,3032.0,20250600,3032.0,20250600,3004.8,20250400
2025-03-17 16:00:00,3030.0,20250600,3030.0,20250600,3002.2,20250400
2025-03-17 17:00:00,3034.3,20250600,3034.3,20250600,3006.3,20250400
2025-03-17 18:00:00,3035.8,20250600,3035.8,20250600,3007.8,20250400
2025-03-17 19:00:00,3036.8,20250600,3036.8,20250600,3008.4,20250400
2025-03-17 20:00:00,3038.0,20250600,3038.0,20250600,3010.1,20250400
2025-03-17 22:00:00,3036.2,20250600,3036.2,20250600,3008.6,20250400
2025-03-17 23:00:00,3036.8,20250600,3036.8,20250600,3010.1,20250400
2025-03-18 00:00:00,3038.2,20250600,3038.2,20250600,3010.4,20250400
2025-03-18 01:00:00,3069.7,20250800,3069.7,20250800,3043.0,20250600
2025-03-18 02:00:00,3072.1,20250800,3072.1,20250800,3048.0,20250600
2025-03-18 03:00:00,3074.0,20250800,3074.0,20250800,3048.1,20250600
2025-03-18 04:00:00,3077.9,20250800,3077.9,20250800,3051.8,20250600
2025-03-18 05:00:00,3074.0,20250800,3074.0,20250800,3049.6,20250600
2025-03-18 06:00:00,3078.7,20250800,3078.7,20250800,3052.9,20250600
2025-03-18 07:00:00,3079.1,20250800,3079.1,20250800,3054.0,20250600
2025-03-18 08:00:00,3087.7,20250800,3087.7,20250800,3063.5,20250600
2025-03-18 09:00:00,3083.2,20250800,3083.2,20250800,3056.2,20250600
2025-03-18 10:00:00,3083.0,20250800,3083.0,20250800,3059.9,20250600
2025-03-18 11:00:00,3086.7,20250800,3086.7,20250800,3063.2,20250600
2025-03-18 12:00:00,3096.0,20250800,3096.0,20250800,3070.6,20250600
2025-03-18 13:00:00,3097.0,20250800,3097.0,20250800,3068.5,20250600
2025-03-18 14:00:00,3088.5,20250800,3088.5,20250800,3063.5,20250600
2025-03-18 15:00:00,3090.7,20250800,3090.7,20250800,3067.5,20250600
2025-03-18 16:00:00,3098.5,20250800,3098.5,20250800,3071.6,20250600
2025-03-18 17:00:00,3091.8,20250800,3091.8,20250800,3068.5,20250600
2025-03-18 18:00:00,3096.8,20250800,3096.8,20250800,3072.0,20250600
2025-03-18 19:00:00,3096.0,20250800,3096.0,20250800,3070.6,20250600
2025-03-18 20:00:00,3094.4,20250800,3094.4,20250800,3069.7,20250600
2025-03-18 22:00:00,3093.4,20250800,3093.4,20250800,3069.1,20250600
2025-03-18 23:00:00,3091.8,20250800,3091.8,20250800,3069.7,20250600
2025-03-19 00:00:00,3092.7,20250800,3092.7,20250800,3066.0,20250600
2025-03-19 01:00:00,3088.7,20250800,3088.7,20250800,3063.2,20250600
2025-03-19 02:00:00,3094.1,20250800,3094.1,20250800,3068.9,20250600
2025-03-19 03:00:00,3098.6,20250800,3098.6,20250800,3071.9,20250600
2025-03-19 04:00:00,3097.7,20250800,3097.7,20250800,3071.8,20250600
2025-03-19 05:00:00,3105.5,20250800,3105.5,20250800,3079.0,20250600
2025-03-19 06:00:00,3103.8,20250800,3103.8,20250800,3076.9,20250600
2025-03-19 07:00:00,3096.9,20250800,3096.9,20250800,3072.0,20250600
2025-03-19 08:00:00,3086.9,20250800,3086.9,20250800,3061.2,20250600
2025-03-19 09:00:00,3091.5,20250800,3091.5,20250800,3066.6,20250600
2025-03-19 10:00:00,3096.2,20250800,3096.2,20250800,3070.2,20250600
2025-03-19 11:00:00,3100.0,20250800,3100.0,20250800,3074.7,20250600
2025-03-19 12:00:00,3102.1,20250800,3102.1,20250800,3073.1,20250600
2025-03-19 13:00:00,3095.3,20250800,3095.3,20250800,3069.5,20250600
2025-03-19 14:00:00,3089.6,20250800,3089.6,20250800,3064.6,20250600
2025-03-19 15:00:00,3093.3,20250800,3093.3,20250800,3068.0,20250600
2025-03-19 16:00:00,3097.3,20250800,3097.3,20250800,3069.8,20250600
2025-03-19 17:00:00,3093.0,20250800,3093.0,20250800,3066.0,20250600
2025-03-19 18:00:00,3107.4,20250800,3107.4,20250800,3083.1,20250600
2025-03-19 19:00:00,3110.0,20250800,3110.0,20250800,3084.1,20250600
2025-03-19 20:00:00,3107.8,20250800,3107.8,20250800,3084.9,20250600
2025-03-19 22:00:00,3112.5,20250800,3112.5,20250800,3087.3,20250600
2025-03-19 23:00:00,3107.8,20250800,3107.8,20250800,3084.9,20250600
2025-03-20 00:00:00,3114.3,20250800,3114.3,20250800,3089.2,20250600
2025-03-20 01:00:00,3111.0,20250800,3111.0,20250800,3084.7,20250600
2025-03-20 02:00:00,3107.3,20250800,3107.3,20250800,3081.5,20250600
2025-03-20 03:00:00,3111.0,20250800,3111.0,20250800,3085.6,20250600
2025-03-20 04:00:00,3116.8,20250800,3116.8,20250800,3087.7,20250600
2025-03-20 05:00:00,3108.1,20250800,3108.1,20250800,3082.7,20250600
2025-03-20 06:00:00,3109.3,20250800,3109.3,20250800,3083.3,20250600
2025-03-20 07:00:00,3102.1,20250800,3102.1,20250800,3077.4,20250600
2025-03-20 08:00:00,3102.0,20250800,3102.0,20250800,3076.8,20250600
2025-03-20 09:00:00,3101.0,20250800,3101.0,20250800,3076.0,20250600
2025-03-20 10:00:00,3090.1,20250800,3090.1,20250800,3069.0,20250600
2025-03-20 11:00:00,3094.6,20250800,3094.6,20250800,3069.5,20250600
2025-03-20 12:00:00,3101.6,20250800,3101.6,20250800,3076.4,20250600
2025-03-20 13:00:00,3091.3,20250800,3091.3,20250800,3067.2,20250600
2025-03-20 14:00:00,3100.4,20250800,3100.4,20250800,3076.1,20250600
2025-03-20 15:00:00,3100.5,20250800,3100.5,20250800,3076.2,20250600
2025-03-20 16:00:00,3099.3,20250800,3099.3,20250800,3074.0,20250600
2025-03-20 17:00:00,3099.9,20250800,3099.9,20250800,3075.2,20250600
2025-03-20 18:00:00,3103.9,20250800,3103.9,20250800,3078.2,20250600
2025-03-20 19:00:00,3105.1,20250800,3105.1,20250800,3080.6,20250600
2025-03-20 20:00:00,3105.4,20250800,3105.4,20250800,3080.4,20250600
2025-03-20 22:00:00,3105.7,20250800,3105.7,20250800,3080.8,20250600
2025-03-20 23:00:00,3105.6,20250800,3105.6,20250800,3081.0,20250600
2025-03-21 00:00:00,3103.5,20250800,3103.5,20250800,3078.0,20250600
2025-03-21 01:00:00,3096.6,20250800,3096.6,20250800,3071.5,20250600
2025-03-21 02:00:00,3096.6,20250800,3096.6,20250800,3071.0,20250600
2025-03-21 03:00:00,3089.7,20250800,3089.7,20250800,3064.6,20250600
2025-03-21 04:00:00,3088.1,20250800,3088.1,20250800,3064.5,20250600
2025-03-21 05:00:00,3085.7,20250800,3085.7,20250800,3063.5,20250600
2025-03-21 06:00:00,3090.3,20250800,3090.3,20250800,3063.0,20250600
2025-03-21 07:00:00,3089.9,20250800,3089.9,20250800,3065.0,20250600
2025-03-21 08:00:00,3091.0,20250800,3091.0,20250800,3066.0,20250600
2025-03-21 09:00:00,3088.2,20250800,3088.2,20250800,3063.1,20250600
2025-03-21 10:00:00,3090.0,20250800,3090.0,20250800,3065.0,20250600
2025-03-21 11:00:00,3093.6,20250800,3093.6,20250800,3068.3,20250600
2025-03-21 12:00:00,3095.4,20250800,3095.4,20250800,3068.5,20250600
2025-03-21 13:00:00,3061.3,20250800,3061.3,20250800,3037.8,20250600
2025-03-21 14:00:00,3072.5,20250800,3072.5,20250800,3048.2,20250600
2025-03-21 15:00:00,3067.3,20250800,3067.3,20250800,3044.2,20250600
2025-03-21 16:00:00,3073.3,20250800,3073.3,20250800,3048.9,20250600
2025-03-21 17:00:00,3071.2,20250800,3071.2,20250800,3046.7,20250600
2025-03-21 18:00:00,3077.0,20250800,3077.0,20250800,3051.2,20250600
2025-03-21 19:00:00,3075.6,20250800,3075.6,20250800,3052.5,20250600
2025-03-21 20:00:00,3079.6,20250800,3079.6,20250800,3055.2,20250600
2025-03-21 23:00:00,3079.6,20250800,3079.6,20250800,3055.2,20250600
2025-03-23 22:00:00,3082.2,20250800,3082.2,20250800,3057.8,20250600
2025-03-23 23:00:00,3082.4,20250800,3082.4,20250800,3057.6,20250600
2025-03-24 00:00:00,3074.4,20250800,3074.4,20250800,3050.0,20250600
2025-03-24 01:00:00,3078.0,20250800,3078.0,20250800,3052.9,20250600
2025-03-24 02:00:00,3072.0,20250800,3072.0,20250800,3047.7,20250600
2025-03-24 03:00:00,3072.7,20250800,3072.7,20250800,3048.7,20250600
2025-03-24 04:00:00,3074.4,20250800,3074.4,20250800,3050.3,20250600
2025-03-24 05:00:00,3077.4,20250800,3077.4,20250800,3054.4,20250600
2025-03-24 06:00:00,3081.2,20250800,3081.2,20250800,3056.6,20250600
2025-03-24 07:00:00,3078.4,20250800,3078.4,20250800,3054.1,20250600
2025-03-24 08:00:00,3083.9,20250800,3083.9,20250800,3060.0,20250600
2025-03-24 09:00:00,3081.1,20250800,3081.1,20250800,3056.9,20250600
2025-03-24 10:00:00,3087.0,20250800,3087.0,20250800,3061.7,20250600
2025-03-24 11:00:00,3082.0,20250800,3082.0,20250800,3058.0,20250600
2025-03-24 12:00:00,3081.2,20250800,3081.2,20250800,3056.9,20250600
2025-03-24 13:00:00,3082.7,20250800,3082.7,20250800,3055.4,20250600
2025-03-24 14:00:00,3068.8,20250800,3068.8,20250800,3045.3,20250600
2025-03-24 15:00:00,3071.9,20250800,3071.9,20250800,3047.5,20250600
2025-03-24 16:00:00,3068.4,20250800,3068.4,20250800,3044.0,20250600
2025-03-24 17:00:00,3065.9,20250800,3065.9,20250800,3041.5,20250600
2025-03-24 18:00:00,3066.5,20250800,3066.5,20250800,3042.0,20250600
2025-03-24 19:00:00,3066.0,20250800,3066.0,20250800,3041.9,20250600
2025-03-24 20:00:00,3071.4,20250800,3071.4,20250800,3046.2,20250600
2025-03-24 22:00:00,3068.5,20250800,3068.5,20250800,3044.0,20250600
2025-03-24 23:00:00,3066.8,20250800,3066.8,20250800,3042.5,20250600
2025-03-25 00:00:00,3071.7,20250800,3071.7,20250800,3047.0,20250600
2025-03-25 01:00:00,3068.7,20250800,3068.7,20250800,3044.2,20250600
2025-03-25 02:00:00,3065.0,20250800,3065.0,20250800,3040.7,20250600
2025-03-25 03:00:00,3072.1,20250800,3072.1,20250800,3047.3,20250600
2025-03-25 04:00:00,3072.8,20250800,3072.8,20250800,3048.1,20250600
2025-03-25 05:00:00,3074.4,20250800,3074.4,20250800,3050.6,20250600
2025-03-25 06:00:00,3075.2,20250800,3075.2,20250800,3050.8,20250600
2025-03-25 07:00:00,3071.5,20250800,3071.5,20250800,3044.0,20250600
2025-03-25 08:00:00,3077.7,20250800,3077.7,20250800,3053.4,20250600
2025-03-25 09:00:00,3080.0,20250800,3080.0,20250800,3055.8,20250600
2025-03-25 10:00:00,3082.0,20250800,3082.0,20250800,3056.9,20250600
2025-03-25 11:00:00,3077.8,20250800,3077.8,20250800,3053.2,20250600
2025-03-25 12:00:00,3080.0,20250800,3080.0,20250800,3055.2,20250600
2025-03-25 13:00:00,3087.6,20250800,3087.6,20250800,3062.5,20250600
2025-03-25 14:00:00,3085.5,20250800,3085.5,20250800,3058.5,20250600
2025-03-25 15:00:00,3080.0,20250800,3080.0,20250800,3055.1,20250600
2025-03-25 16:00:00,3084.1,20250800,3084.1,20250800,3058.0,20250600
2025-03-25 17:00:00,3080.5,20250800,3080.5,20250800,3056.3,20250600
2025-03-25 18:00:00,3077.7,20250800,3077.7,20250800,3052.9,20250600
2025-03-25 19:00:00,3077.8,20250800,3077.8,20250800,3053.6,20250600
2025-03-25 20:00:00,3079.4,20250800,3079.4,20250800,3054.3,20250600
2025-03-25 22:00:00,3078.9,20250800,3078.9,20250800,3054.3,20250600
2025-03-25 23:00:00,3079.4,20250800,3079.4,20250800,3054.3,20250600
2025-03-26 00:00:00,3076.2,20250800,3076.2,20250800,3050.4,20250600
2025-03-26 01:00:00,3082.0,20250800,3082.0,20250800,3057.0,20250600
2025-03-26 02:00:00,3081.3,20250800,3081.3,20250800,3057.1,20250600
2025-03-26 03:00:00,3074.6,20250800,3074.6,20250800,3049.4,20250600
2025-03-26 04:00:00,3073.0,20250800,3073.0,20250800,3048.2,20250600
2025-03-26 05:00:00,3080.4,20250800,3080.4,20250800,3054.7,20250600
2025-03-26 06:00:00,3083.5,20250800,3083.5,20250800,3058.1,20250600
2025-03-26 07:00:00,3088.1,20250800,3088.1,20250800,3063.1,20250600
2025-03-26 08:00:00,3082.0,20250800,3082.0,20250800,3056.5,20250600
2025-03-26 09:00:00,3077.8,20250800,3077.8,20250800,3052.6,20250600
2025-03-26 10:00:00,3084.0,20250800,3084.0,20250800,3057.8,20250600
2025-03-26 11:00:00,3088.5,20250800,3088.5,20250800,3061.8,20250600
2025-03-26 12:00:00,3087.8,20250800,3087.8,20250800,3061.7,20250600
2025-03-26 13:00:00,3077.1,20250800,3077.1,20250800,3051.5,20250600
2025-03-26 14:00:00,3078.1,20250800,3078.1,20250800,3052.1,20250600
2025-03-26 15:00:00,3075.9,20250800,3075.9,20250800,3051.0,20250600
2025-03-26 16:00:00,3077.5,20250800,3077.5,20250800,3051.4,20250600
2025-03-26 17:00:00,3078.7,20250800,3078.7,20250800,3054.2,20250600
2025-03-26 18:00:00,3078.9,20250800,3078.9,20250800,3053.5,20250600
2025-03-26 19:00:00,3076.3,20250800,3076.3,20250800,3052.8,20250600
2025-03-26 20:00:00,3080.8,20250800,3080.8,20250800,3056.2,20250600
2025-03-26 22:00:00,3078.9,20250800,3078.9,20250800,3054.5,20250600
2025-03-26 23:00:00,3078.9,20250800,3078.9,20250800,3056.2,20250600
2025-03-27 00:00:00,3083.5,20250800,3083.5,20250800,3058.8,20250600
2025-03-27 01:00:00,3083.2,20250800,3083.2,20250800,3058.2,20250600
2025-03-27 02:00:00,3091.0,20250800,3091.0,20250800,3065.9,20250600
2025-03-27 03:00:00,3093.6,20250800,3093.6,20250800,3068.4,20250600
2025-03-27 04:00:00,3093.9,20250800,3093.9,20250800,3069.1,20250600
2025-03-27 05:00:00,3090.5,20250800,3090.5,20250800,3065.9,20250600
2025-03-27 06:00:00,3090.7,20250800,3090.7,20250800,3067.7,20250600
2025-03-27 07:00:00,3099.3,20250800,3099.3,20250800,3074.5,20250600
2025-03-27 08:00:00,3099.5,20250800,3099.5,20250800,3074.9,20250600
2025-03-27 09:00:00,3103.0,20250800,3103.0,20250800,3078.2,20250600
2025-03-27 10:00:00,3115.7,20250800,3115.7,20250800,3090.7,20250600
2025-03-27 11:00:00,3116.5,20250800,3116.5,20250800,3092.8,20250600
2025-03-27 12:00:00,3112.4,20250800,3112.4,20250800,3088.1,20250600
2025-03-27 13:00:00,3104.5,20250800,3104.5,20250800,3080.1,20250600
2025-03-27 14:00:00,3124.1,20250800,3124.1,20250800,3099.3,20250600
2025-03-27 15:00:00,3118.0,20250800,3118.0,20250800,3093.8,20250600
2025-03-27 16:00:00,3116.6,20250800,3116.6,20250800,3091.5,20250600
2025-03-27 17:00:00,3120.9,20250800,3120.9,20250800,3096.6,20250600
2025-03-27 18:00:00,3123.3,20250800,3123.3,20250800,3097.9,20250600
2025-03-27 19:00:00,3124.1,20250800,3124.1,20250800,3098.9,20250600
2025-03-27 20:00:00,3123.3,20250800,3123.3,20250800,3099.2,20250600
2025-03-27 22:00:00,3121.9,20250800,3121.9,20250800,3098.3,20250600
2025-03-27 23:00:00,3123.3,20250800,3123.3,20250800,3099.3,20250600
2025-03-28 00:00:00,3128.8,20250800,3128.8,20250800,3103.0,20250600
2025-03-28 01:00:00,3138.8,20250800,3138.8,20250800,3114.8,20250600
2025-03-28 02:00:00,3136.8,20250800,3136.8,20250800,3111.4,20250600
2025-03-28 03:00:00,3141.5,20250800,3141.5,20250800,3115.5,20250600
2025-03-28 04:00:00,3137.7,20250800,3137.7,20250800,3113.3,20250600
2025-03-28 05:00:00,3142.7,20250800,3142.7,20250800,3117.1,20250600
2025-03-28 06:00:00,3147.6,20250800,3147.6,20250800,3123.1,20250600
2025-03-28 07:00:00,3143.3,20250800,3143.3,20250800,3118.1,20250600
2025-03-28 08:00:00,3138.3,20250800,3138.3,20250800,3113.5,20250600
2025-03-28 09:00:00,3135.4,20250800,3135.4,20250800,3110.9,20250600
2025-03-28 10:00:00,3134.6,20250800,3134.6,20250800,3109.7,20250600
2025-03-28 11:00:00,3136.9,20250800,3136.9,20250800,3111.8,20250600
2025-03-28 12:00:00,3138.0,20250800,3138.0,20250800,3112.7,20250600
2025-03-28 13:00:00,3144.0,20250800,3144.0,20250800,3118.4,20250600
2025-03-28 14:00:00,3129.8,20250800,3129.8,20250800,3104.3,20250600
2025-03-28 15:00:00,3144.6,20250800,3144.6,20250800,3118.3,20250600
2025-03-28 16:00:00,3143.0,20250800,3143.0,20250800,3117.7,20250600
2025-03-28 17:00:00,3135.7,20250800,3135.7,20250800,3110.5,20250600
2025-03-28 18:00:00,3135.5,20250800,3135.5,20250800,3112.1,20250600
2025-03-28 19:00:00,3139.0,20250800,3139.0,20250800,3114.2,20250600
2025-03-28 20:00:00,3143.0,20250800,3143.0,20250800,3118.0,20250600
2025-03-28 23:00:00,3143.0,20250800,3143.0,20250800,3118.0,20250600
2025-03-30 22:00:00,3147.5,20250800,3147.5,20250800,3123.1,20250600
2025-03-30 23:00:00,3147.9,20250800,3147.9,20250800,3123.3,20250600
2025-03-31 00:00:00,3138.5,20250800,3138.5,20250800,3114.8,20250600
2025-03-31 01:00:00,3152.5,20250800,3152.5,20250800,3127.5,20250600
2025-03-31 02:00:00,3164.0,20250800,3164.0,20250800,3138.7,20250600
2025-03-31 03:00:00,3163.4,20250800,3163.4,20250800,3139.0,20250600
2025-03-31 04:00:00,3169.8,20250800,3169.8,20250800,3145.0,20250600
2025-03-31 05:00:00,3174.1,20250800,3174.1,20250800,3149.1,20250600
2025-03-31 06:00:00,3172.5,20250800,3172.5,20250800,3149.3,20250600
2025-03-31 07:00:00,3180.0,20250800,3180.0,20250800,3156.8,20250600
2025-03-31 08:00:00,3180.9,20250800,3180.9,20250800,3155.0,20250600
2025-03-31 09:00:00,3173.1,20250800,3173.1,20250800,3147.8,20250600
2025-03-31 10:00:00,3175.3,20250800,3175.3,20250800,3150.5,20250600
2025-03-31 11:00:00,3174.6,20250800,3174.6,20250800,3151.5,20250600
2025-03-31 12:00:00,3185.1,20250800,3185.1,20250800,3158.2,20250600
2025-03-31 13:00:00,3171.5,20250800,3171.5,20250800,3146.5,20250600
2025-03-31 14:00:00,3180.6,20250800,3180.6,20250800,3156.7,20250600
2025-03-31 15:00:00,3171.0,20250800,3171.0,20250800,3147.0,20250600
2025-03-31 16:00:00,3177.2,20250800,3177.2,20250800,3151.5,20250600
2025-03-31 17:00:00,3175.7,20250800,3175.7,20250800,3150.3,20250600
2025-03-31 18:00:00,3179.3,20250800,3179.3,20250800,3154.9,20250600
2025-03-31 19:00:00,3182.2,20250800,3182.2,20250800,3157.1,20250600
2025-03-31 20:00:00,3183.3,20250800,3183.3,20250800,3157.6,20250600
2025-03-31 22:00:00,3181.4,20250800,3181.4,20250800,3156.5,20250600
2025-03-31 23:00:00,3180.9,20250800,3180.9,20250800,3155.4,20250600
2025-04-01 00:00:00,3186.4,20250800,3186.4,20250800,3161.8,20250600
2025-04-01 01:00:00,3190.7,20250800,3190.7,20250800,3166.2,20250600
2025-04-01 02:00:00,3197.7,20250800,3197.7,20250800,3173.2,20250600
2025-04-01 03:00:00,3200.6,20250800,3200.6,20250800,3175.5,20250600
2025-04-01 04:00:00,3198.9,20250800,3198.9,20250800,3173.8,20250600
2025-04-01 05:00:00,3185.9,20250800,3185.9,20250800,3161.0,20250600
2025-04-01 06:00:00,3185.1,20250800,3185.1,20250800,3160.5,20250600
2025-04-01 07:00:00,3181.6,20250800,3181.6,20250800,3156.1,20250600
2025-04-01 08:00:00,3182.7,20250800,3182.7,20250800,3158.0,20250600
2025-04-01 09:00:00,3185.1,20250800,3185.1,20250800,3159.6,20250600
2025-04-01 10:00:00,3187.3,20250800,3187.3,20250800,3161.4,20250600
2025-04-01 11:00:00,3184.8,20250800,3184.8,20250800,3159.5,20250600
2025-04-01 12:00:00,3191.0,20250800,3191.0,20250800,3165.1,20250600
2025-04-01 13:00:00,3190.2,20250800,3190.2,20250800,3165.0,20250600
2025-04-01 14:00:00,3185.4,20250800,3185.4,20250800,3160.0,20250600
2025-04-01 15:00:00,3169.3,20250800,3169.3,20250800,3144.0,20250600
2025-04-01 16:00:00,3164.0,20250800,3164.0,20250800,3138.5,20250600
2025-04-01 17:00:00,3171.8,20250800,3171.8,20250800,3146.8,20250600
2025-04-01 18:00:00,3172.7,20250800,3172.7,20250800,3147.2,20250600
2025-04-01 19:00:00,3175.2,20250800,3175.2,20250800,3151.0,20250600
2025-04-01 20:00:00,3174.3,20250800,3174.3,20250800,3148.6,20250600
2025-04-01 22:00:00,3170.5,20250800,3170.5,20250800,3144.8,20250600
2025-04-01 23:00:00,3174.3,20250800,3174.3,20250800,3148.6,20250600
2025-04-02 00:00:00,3177.6,20250800,3177.6,20250800,3152.4,20250600
2025-04-02 01:00:00,3186.6,20250800,3186.6,20250800,3161.0,20250600
2025-04-02 02:00:00,3185.6,20250800,3185.6,20250800,3157.9,20250600
2025-04-02 03:00:00,3179.3,20250800,3179.3,20250800,3154.4,20250600
2025-04-02 04:00:00,3171.8,20250800,3171.8,20250800,3146.5,20250600
2025-04-02 05:00:00,3170.7,20250800,3170.7,20250800,3147.5,20250600
2025-04-02 06:00:00,3173.0,20250800,3173.0,20250800,3145.9,20250600
2025-04-02 07:00:00,3180.0,20250800,3180.0,20250800,3154.6,20250600
2025-04-02 08:00:00,3188.3,20250800,3188.3,20250800,3162.7,20250600
2025-04-02 09:00:00,3189.5,20250800,3189.5,20250800,3164.2,20250600
2025-04-02 10:00:00,3175.5,20250800,3175.5,20250800,3149.6,20250600
2025-04-02 11:00:00,3182.6,20250800,3182.6,20250800,3157.1,20250600
2025-04-02 12:00:00,3186.4,20250800,3186.4,20250800,3160.5,20250600
2025-04-02 13:00:00,3186.0,20250800,3186.0,20250800,3159.2,20250600
2025-04-02 14:00:00,3189.1,20250800,3189.1,20250800,3162.6,20250600
2025-04-02 15:00:00,3192.2,20250800,3192.2,20250800,3165.3,20250600
2025-04-02 16:00:00,3199.5,20250800,3199.5,20250800,3173.9,20250600
2025-04-02 17:00:00,3193.2,20250800,3193.2,20250800,3167.6,20250600
2025-04-02 18:00:00,3188.6,20250800,3188.6,20250800,3162.9,20250600
2025-04-02 19:00:00,3189.4,20250800,3189.4,20250800,3163.1,20250600
2025-04-02 20:00:00,3215.4,20250800,3215.4,20250800,3190.5,20250600
2025-04-02 22:00:00,3196.0,20250800,3196.0,20250800,3171.9,20250600
2025-04-02 23:00:00,3213.3,20250800,3213.3,20250800,3190.5,20250600
2025-04-03 00:00:00,3201.6,20250800,3201.6,20250800,3174.5,20250600
2025-04-03 01:00:00,3203.5,20250800,3203.5,20250800,3178.2,20250600
2025-04-03 02:00:00,3193.0,20250800,3193.0,20250800,3168.8,20250600
2025-04-03 03:00:00,3197.0,20250800,3197.0,20250800,3170.9,20250600
2025-04-03 04:00:00,3188.0,20250800,3188.0,20250800,3162.3,20250600
2025-04-03 05:00:00,3179.2,20250800,3179.2,20250800,3154.1,20250600
2025-04-03 06:00:00,3178.0,20250800,3178.0,20250800,3151.2,20250600
2025-04-03 07:00:00,3179.8,20250800,3179.8,20250800,3153.5,20250600
2025-04-03 08:00:00,3177.7,20250800,3177.7,20250800,3151.7,20250600
2025-04-03 09:00:00,3169.0,20250800,3169.0,20250800,3142.7,20250600
2025-04-03 10:00:00,3142.3,20250800,3142.3,20250800,3117.8,20250600
2025-04-03 11:00:00,3141.0,20250800,3141.0,20250800,3113.4,20250600
2025-04-03 12:00:00,3123.6,20250800,3123.6,20250800,3097.0,20250600
2025-04-03 13:00:00,3131.6,20250800,3131.6,20250800,3106.2,20250600
2025-04-03 14:00:00,3176.6,20250800,3176.6,20250800,3152.4,20250600
2025-04-03 15:00:00,3156.3,20250800,3156.3,20250800,3132.2,20250600
2025-04-03 16:00:00,3155.5,20250800,3155.5,20250800,3128.7,20250600
2025-04-03 17:00:00,3156.9,20250800,3156.9,20250800,3131.5,20250600
2025-04-03 18:00:00,3157.8,20250800,3157.8,20250800,3132.1,20250600
2025-04-03 19:00:00,3150.9,20250800,3150.9,20250800,3127.2,20250600
2025-04-03 20:00:00,3163.6,20250800,3163.6,20250800,3137.6,20250600
2025-04-03 22:00:00,3163.9,20250800,3163.9,20250800,3136.9,20250600
2025-04-03 23:00:00,3163.6,20250800,3163.6,20250800,3134.5,20250600
2025-04-04 00:00:00,3157.2,20250800,3157.2,20250800,3131.1,20250600
2025-04-04 01:00:00,3156.4,20250800,3156.4,20250800,3129.4,20250600
2025-04-04 02:00:00,3143.4,20250800,3143.4,20250800,3117.5,20250600
2025-04-04 03:00:00,3145.0,20250800,3145.0,20250800,3118.9,20250600
2025-04-04 04:00:00,3146.3,20250800,3146.3,20250800,3120.6,20250600
2025-04-04 05:00:00,3154.1,20250800,3154.1,20250800,3129.4,20250600
2025-04-04 06:00:00,3147.1,20250800,3147.1,20250800,3121.5,20250600
2025-04-04 07:00:00,3140.2,20250800,3140.2,20250800,3113.1,20250600
2025-04-04 08:00:00,3130.7,20250800,3130.7,20250800,3105.2,20250600
2025-04-04 09:00:00,3136.7,20250800,3136.7,20250800,3111.4,20250600
2025-04-04 10:00:00,3153.7,20250800,3153.7,20250800,3132.2,20250600
2025-04-04 11:00:00,3158.4,20250800,3158.4,20250800,3132.1,20250600
2025-04-04 12:00:00,3115.7,20250800,3115.7,20250800,3090.5,20250600
2025-04-04 13:00:00,3107.0,20250800,3107.0,20250800,3081.3,20250600
2025-04-04 14:00:00,3083.9,20250800,3083.9,20250800,3056.3,20250600
2025-04-04 15:00:00,3066.2,20250800,3066.2,20250800,3040.3,20250600
2025-04-04 16:00:00,3075.0,20250800,3075.0,20250800,3049.7,20250600
2025-04-04 17:00:00,3066.5,20250800,3066.5,20250800,3043.6,20250600
2025-04-04 18:00:00,3070.1,20250800,3070.1,20250800,3044.6,20250600
2025-04-04 19:00:00,3082.8,20250800,3082.8,20250800,3057.6,20250600
2025-04-04 20:00:00,3080.8,20250800,3080.8,20250800,3056.0,20250600
2025-04-04 23:00:00,3080.8,20250800,3080.8,20250800,3056.0,20250600
2025-04-06 22:00:00,3051.4,20250800,3051.4,20250800,3026.5,20250600
2025-04-06 23:00:00,3040.9,20250800,3040.9,20250800,3015.3,20250600
2025-04-07 00:00:00,3022.6,20250800,3022.6,20250800,2994.7,20250600
2025-04-07 01:00:00,3084.0,20250800,3084.0,20250800,3059.3,20250600
2025-04-07 02:00:00,3069.6,20250800,3069.6,20250800,3045.3,20250600
2025-04-07 03:00:00,3059.3,20250800,3059.3,20250800,3035.3,20250600
2025-04-07 04:00:00,3075.3,20250800,3075.3,20250800,3052.2,20250600
2025-04-07 05:00:00,3072.2,20250800,3072.2,20250800,3047.5,20250600
2025-04-07 06:00:00,3070.3,20250800,3070.3,20250800,3047.9,20250600
2025-04-07 07:00:00,3061.3,20250800,3061.3,20250800,3035.5,20250600
2025-04-07 08:00:00,3074.6,20250800,3074.6,20250800,3048.5,20250600
2025-04-07 09:00:00,3061.9,20250800,3061.9,20250800,3040.6,20250600
2025-04-07 10:00:00,3075.2,20250800,3075.2,20250800,3048.6,20250600
2025-04-07 11:00:00,3071.9,20250800,3071.9,20250800,3047.5,20250600
2025-04-07 12:00:00,3072.8,20250800,3072.8,20250800,3048.6,20250600
2025-04-07 13:00:00,3060.6,20250800,3060.6,20250800,3032.4,20250600
2025-04-07 14:00:00,3040.5,20250800,3040.5,20250800,3015.1,20250600
2025-04-07 15:00:00,3028.0,20250800,3028.0,20250800,3004.1,20250600
2025-04-07 16:00:00,3010.0,20250800,3010.0,20250800,2986.4,20250600
2025-04-07 17:00:00,3010.0,20250800,3010.0,20250800,2984.3,20250600
2025-04-07 18:00:00,3005.6,20250800,3005.6,20250800,2980.6,20250600
2025-04-07 19:00:00,3016.9,20250800,3016.9,20250800,2992.3,20250600
2025-04-07 20:00:00,3022.8,20250800,3022.8,20250800,2999.1,20250600
2025-04-07 22:00:00,3028.9,20250800,3028.9,20250800,3002.6,20250600
2025-04-07 23:00:00,3019.8,20250800,3019.8,20250800,2995.3,20250600
2025-04-08 00:00:00,3023.7,20250800,3023.7,20250800,2998.8,20250600
2025-04-08 01:00:00,3038.7,20250800,3038.7,20250800,3014.1,20250600
2025-04-08 02:00:00,3040.0,20250800,3040.0,20250800,3014.9,20250600
2025-04-08 03:00:00,3033.5,20250800,3033.5,20250800,3008.6,20250600
2025-04-08 04:00:00,3041.8,20250800,3041.8,20250800,3016.7,20250600
2025-04-08 05:00:00,3044.0,20250800,3044.0,20250800,3020.6,20250600
2025-04-08 06:00:00,3051.4,20250800,3051.4,20250800,3028.4,20250600
2025-04-08 07:00:00,3042.5,20250800,3042.5,20250800,3018.2,20250600
2025-04-08 08:00:00,3045.0,20250800,3045.0,20250800,3022.7,20250600
2025-04-08 09:00:00,3045.8,20250800,3045.8,20250800,3021.7,20250600
2025-04-08 10:00:00,3048.4,20250800,3048.4,20250800,3024.6,20250600
2025-04-08 11:00:00,3059.6,20250800,3059.6,20250800,3034.1,20250600
2025-04-08 12:00:00,3043.2,20250800,3043.2,20250800,3016.9,20250600
2025-04-08 13:00:00,3049.0,20250800,3049.0,20250800,3024.9,20250600
2025-04-08 14:00:00,3046.8,20250800,3046.8,20250800,3021.0,20250600
2025-04-08 15:00:00,3040.8,20250800,3040.8,20250800,3015.8,20250600
2025-04-08 16:00:00,3025.8,20250800,3025.8,20250800,3000.4,20250600
2025-04-08 17:00:00,3024.9,20250800,3024.9,20250800,2999.8,20250600
2025-04-08 18:00:00,3023.8,20250800,3023.8,20250800,2998.2,20250600
2025-04-08 19:00:00,3023.4,20250800,3023.4,20250800,2999.0,20250600
2025-04-08 20:00:00,3023.0,20250800,3023.0,20250800,2998.0,20250600
2025-04-08 22:00:00,3019.8,20250800,3019.8,20250800,2995.4,20250600
2025-04-08 23:00:00,3023.0,20250800,3023.0,20250800,2991.5,20250600
2025-04-09 00:00:00,3015.2,20250800,3015.2,20250800,2994.0,20250600
2025-04-09 01:00:00,3045.3,20250800,3045.3,20250800,3022.7,20250600
2025-04-09 02:00:00,3040.9,20250800,3040.9,20250800,3016.7,20250600
2025-04-09 03:00:00,3044.4,20250800,3044.4,20250800,3018.8,20250600
2025-04-09 04:00:00,3053.4,20250800,3053.4,20250800,3029.0,20250600
2025-04-09 05:00:00,3058.0,20250800,3058.0,20250800,3032.0,20250600
2025-04-09 06:00:00,3082.6,20250800,3082.6,20250800,3056.8,20250600
2025-04-09 07:00:00,3083.4,20250800,3083.4,20250800,3059.0,20250600
2025-04-09 08:00:00,3088.7,20250800,3088.7,20250800,3062.2,20250600
2025-04-09 09:00:00,3088.2,20250800,3088.2,20250800,3062.1,20250600
2025-04-09 10:00:00,3085.6,20250800,3085.6,20250800,3061.1,20250600
2025-04-09 11:00:00,3108.5,20250800,3108.5,20250800,3084.2,20250600
2025-04-09 12:00:00,3085.6,20250800,3085.6,20250800,3064.3,20250600
2025-04-09 13:00:00,3117.0,20250800,3117.0,20250800,3091.8,20250600
2025-04-09 14:00:00,3110.4,20250800,3110.4,20250800,3086.3,20250600
2025-04-09 15:00:00,3127.4,20250800,3127.4,20250800,3102.0,20250600
2025-04-09 16:00:00,3134.4,20250800,3134.4,20250800,3109.5,20250600
2025-04-09 17:00:00,3102.6,20250800,3102.6,20250800,3076.0,20250600
2025-04-09 18:00:00,3110.5,20250800,3110.5,20250800,3083.7,20250600
2025-04-09 19:00:00,3137.5,20250800,3137.5,20250800,3110.4,20250600
2025-04-09 20:00:00,3126.0,20250800,3126.0,20250800,3100.0,20250600
2025-04-09 22:00:00,3120.7,20250800,3120.7,20250800,3094.1,20250600
2025-04-09 23:00:00,3126.0,20250800,3126.0,20250800,3100.0,20250600
2025-04-10 00:00:00,3137.6,20250800,3137.6,20250800,3112.2,20250600
2025-04-10 01:00:00,3136.0,20250800,3136.0,20250800,3110.3,20250600
2025-04-10 02:00:00,3161.3,20250800,3161.3,20250800,3135.2,20250600
2025-04-10 03:00:00,3165.0,20250800,3165.0,20250800,3141.3,20250600
2025-04-10 04:00:00,3168.1,20250800,3168.1,20250800,3142.0,20250600
2025-04-10 05:00:00,3165.5,20250800,3165.5,20250800,3139.3,20250600
2025-04-10 06:00:00,3164.2,20250800,3164.2,20250800,3138.5,20250600
2025-04-10 07:00:00,3155.0,20250800,3155.0,20250800,3124.7,20250600
2025-04-10 08:00:00,3149.8,20250800,3149.8,20250800,3122.3,20250600
2025-04-10 09:00:00,3159.0,20250800,3159.0,20250800,3132.5,20250600
2025-04-10 10:00:00,3160.5,20250800,3160.5,20250800,3136.9,20250600
2025-04-10 11:00:00,3168.8,20250800,3168.8,20250800,3142.3,20250600
2025-04-10 12:00:00,3164.0,20250800,3164.0,20250800,3139.7,20250600
2025-04-10 13:00:00,3159.6,20250800,3159.6,20250800,3134.5,20250600
2025-04-10 14:00:00,3197.6,20250800,3197.6,20250800,3173.0,20250600
2025-04-10 15:00:00,3199.7,20250800,3199.7,20250800,3175.2,20250600
2025-04-10 16:00:00,3201.5,20250800,3201.5,20250800,3175.4,20250600
2025-04-10 17:00:00,3207.6,20250800,3207.6,20250800,3179.6,20250600
2025-04-10 18:00:00,3217.5,20250800,3217.5,20250800,3190.9,20250600
2025-04-10 19:00:00,3216.7,20250800,3216.7,20250800,3188.9,20250600
2025-04-10 20:00:00,3220.1,20250800,3220.1,20250800,3193.8,20250600
2025-04-10 22:00:00,3233.4,20250800,3233.4,20250800,3208.4,20250600
2025-04-10 23:00:00,3220.1,20250800,3220.1,20250800,3209.2,20250600
2025-04-11 00:00:00,3256.0,20250800,3256.0,20250800,3225.7,20250600
2025-04-11 01:00:00,3252.3,20250800,3252.3,20250800,3226.3,20250600
2025-04-11 02:00:00,3261.6,20250800,3261.6,20250800,3236.2,20250600
2025-04-11 03:00:00,3263.8,20250800,3263.8,20250800,3237.2,20250600
2025-04-11 04:00:00,3253.5,20250800,3253.5,20250800,3226.9,20250600
2025-04-11 05:00:00,3240.3,20250800,3240.3,20250800,3215.2,20250600
2025-04-11 06:00:00,3240.9,20250800,3240.9,20250800,3215.4,20250600
2025-04-11 07:00:00,3257.0,20250800,3257.0,20250800,3231.0,20250600
2025-04-11 08:00:00,3266.7,20250800,3266.7,20250800,3234.3,20250600
2025-04-11 09:00:00,3273.7,20250800,3273.7,20250800,3246.4,20250600
2025-04-11 10:00:00,3254.9,20250800,3254.9,20250800,3229.4,20250600
2025-04-11 11:00:00,3257.6,20250800,3257.6,20250800,3231.2,20250600
2025-04-11 12:00:00,3277.8,20250800,3277.8,20250800,3251.0,20250600
2025-04-11 13:00:00,3267.3,20250800,3267.3,20250800,3241.6,20250600
2025-04-11 14:00:00,3270.8,20250800,3270.8,20250800,3247.1,20250600
2025-04-11 15:00:00,3284.4,20250800,3284.4,20250800,3258.3,20250600
2025-04-11 16:00:00,3268.2,20250800,3268.2,20250800,3240.7,20250600
2025-04-11 17:00:00,3277.0,20250800,3277.0,20250800,3251.9,20250600
2025-04-11 18:00:00,3279.3,20250800,3279.3,20250800,3252.9,20250600
2025-04-11 19:00:00,3275.6,20250800,3275.6,20250800,3248.1,20250600
2025-04-11 20:00:00,3282.3,20250800,3282.3,20250800,3254.9,20250600
2025-04-11 23:00:00,3282.3,20250800,3282.3,20250800,3254.9,20250600
2025-04-13 22:00:00,3267.0,20250800,3267.0,20250800,3238.3,20250600
2025-04-13 23:00:00,3268.1,20250800,3268.1,20250800,3240.5,20250600
2025-04-14 00:00:00,3266.9,20250800,3266.9,20250800,3238.1,20250600
2025-04-14 01:00:00,3286.6,20250800,3286.6,20250800,3256.2,20250600
2025-04-14 02:00:00,3275.1,20250800,3275.1,20250800,3247.9,20250600
2025-04-14 03:00:00,3275.0,20250800,3275.0,20250800,3247.7,20250600
2025-04-14 04:00:00,3269.6,20250800,3269.6,20250800,3242.5,20250600
2025-04-14 05:00:00,3278.4,20250800,3278.4,20250800,3249.7,20250600
2025-04-14 06:00:00,3273.3,20250800,3273.3,20250800,3246.5,20250600
2025-04-14 07:00:00,3269.1,20250800,3269.1,20250800,3243.3,20250600
2025-04-14 08:00:00,3271.9,20250800,3271.9,20250800,3242.7,20250600
2025-04-14 09:00:00,3264.7,20250800,3264.7,20250800,3239.9,20250600
2025-04-14 10:00:00,3256.7,20250800,3256.7,20250800,3230.4,20250600
2025-04-14 11:00:00,3266.0,20250800,3266.0,20250800,3238.9,20250600
2025-04-14 12:00:00,3250.0,20250800,3250.0,20250800,3223.4,20250600
2025-04-14 13:00:00,3245.8,20250800,3245.8,20250800,3221.3,20250600
2025-04-14 14:00:00,3254.6,20250800,3254.6,20250800,3227.9,20250600
2025-04-14 15:00:00,3240.8,20250800,3240.8,20250800,3214.6,20250600
2025-04-14 16:00:00,3248.8,20250800,3248.8,20250800,3223.5,20250600
2025-04-14 17:00:00,3256.4,20250800,3256.4,20250800,3229.6,20250600
2025-04-14 18:00:00,3251.7,20250800,3251.7,20250800,3223.7,20250600
2025-04-14 19:00:00,3253.5,20250800,3253.5,20250800,3228.1,20250600
2025-04-14 20:00:00,3253.6,20250800,3253.6,20250800,3227.1,20250600
2025-04-14 22:00:00,3255.2,20250800,3255.2,20250800,3228.1,20250600
2025-04-14 23:00:00,3255.2,20250800,3255.2,20250800,3227.1,20250600
2025-04-15 00:00:00,3254.3,20250800,3254.3,20250800,3227.7,20250600
2025-04-15 01:00:00,3266.4,20250800,3266.4,20250800,3239.5,20250600
2025-04-15 02:00:00,3266.8,20250800,3266.8,20250800,3240.0,20250600
2025-04-15 03:00:00,3271.5,20250800,3271.5,20250800,3244.4,20250600
2025-04-15 04:00:00,3275.1,20250800,3275.1,20250800,3248.3,20250600
2025-04-15 05:00:00,3267.7,20250800,3267.7,20250800,3240.4,20250600
2025-04-15 06:00:00,3269.7,20250800,3269.7,20250800,3241.1,20250600
2025-04-15 07:00:00,3265.4,20250800,3265.4,20250800,3241.2,20250600
2025-04-15 08:00:00,3271.4,20250800,3271.4,20250800,3243.5,20250600
2025-04-15 09:00:00,3266.3,20250800,3266.3,20250800,3238.7,20250600
2025-04-15 10:00:00,3264.3,20250800,3264.3,20250800,3236.2,20250600
2025-04-15 11:00:00,3263.7,20250800,3263.7,20250800,3236.0,20250600
2025-04-15 12:00:00,3264.0,20250800,3264.0,20250800,3238.1,20250600
2025-04-15 13:00:00,3257.5,20250800,3257.5,20250800,3229.7,20250600
2025-04-15 14:00:00,3267.1,20250800,3267.1,20250800,3239.1,20250600
2025-04-15 15:00:00,3264.8,20250800,3264.8,20250800,3237.7,20250600
2025-04-15 16:00:00,3264.1,20250800,3264.1,20250800,3237.6,20250600
2025-04-15 17:00:00,3270.2,20250800,3270.2,20250800,3244.0,20250600
2025-04-15 18:00:00,3272.6,20250800,3272.6,20250800,3245.4,20250600
2025-04-15 19:00:00,3271.5,20250800,3271.5,20250800,3246.8,20250600
2025-04-15 20:00:00,3274.0,20250800,3274.0,20250800,3246.9,20250600
2025-04-15 22:00:00,3284.8,20250800,3284.8,20250800,3256.9,20250600
2025-04-15 23:00:00,3274.0,20250800,3274.0,20250800,3246.9,20250600
2025-04-16 00:00:00,3308.7,20250800,3308.7,20250800,3282.0,20250600
2025-04-16 01:00:00,3314.1,20250800,3314.1,20250800,3286.2,20250600
2025-04-16 02:00:00,3310.8,20250800,3310.8,20250800,3284.2,20250600
2025-04-16 03:00:00,3325.5,20250800,3325.5,20250800,3297.7,20250600
2025-04-16 04:00:00,3328.1,20250800,3328.1,20250800,3300.5,20250600
2025-04-16 05:00:00,3334.4,20250800,3334.4,20250800,3307.5,20250600
2025-04-16 06:00:00,3332.0,20250800,3332.0,20250800,3308.2,20250600
2025-04-16 07:00:00,3340.0,20250800,3340.0,20250800,3316.3,20250600
2025-04-16 08:00:00,3351.0,20250800,3351.0,20250800,3323.8,20250600
2025-04-16 09:00:00,3348.7,20250800,3348.7,20250800,3319.7,20250600
2025-04-16 10:00:00,3349.0,20250800,3349.0,20250800,3320.1,20250600
2025-04-16 11:00:00,3351.2,20250800,3351.2,20250800,3323.3,20250600
2025-04-16 12:00:00,3352.0,20250800,3352.0,20250800,3323.1,20250600
2025-04-16 13:00:00,3356.2,20250800,3356.2,20250800,3328.0,20250600
2025-04-16 14:00:00,3352.0,20250800,3352.0,20250800,3324.1,20250600
2025-04-16 15:00:00,3369.8,20250800,3369.8,20250800,3341.2,20250600
2025-04-16 16:00:00,3372.0,20250800,3372.0,20250800,3344.3,20250600
2025-04-16 17:00:00,3371.5,20250800,3371.5,20250800,3343.9,20250600
2025-04-16 18:00:00,3381.5,20250800,3381.5,20250800,3353.5,20250600
2025-04-16 19:00:00,3380.7,20250800,3380.7,20250800,3351.9,20250600
2025-04-16 20:00:00,3386.0,20250800,3386.0,20250800,3357.8,20250600
2025-04-16 22:00:00,3393.4,20250800,3393.4,20250800,3365.2,20250600
2025-04-16 23:00:00,3392.6,20250800,3392.6,20250800,3357.8,20250600
2025-04-17 00:00:00,3385.6,20250800,3385.6,20250800,3358.8,20250600
2025-04-17 01:00:00,3364.9,20250800,3364.9,20250800,3336.9,20250600
2025-04-17 02:00:00,3379.5,20250800,3379.5,20250800,3352.4,20250600
2025-04-17 03:00:00,3384.8,20250800,3384.8,20250800,3357.1,20250600
2025-04-17 04:00:00,3380.5,20250800,3380.5,20250800,3353.8,20250600
2025-04-17 05:00:00,3370.0,20250800,3370.0,20250800,3342.3,20250600
2025-04-17 06:00:00,3371.5,20250800,3371.5,20250800,3342.4,20250600
2025-04-17 07:00:00,3365.0,20250800,3365.0,20250800,3336.5,20250600
2025-04-17 08:00:00,3365.9,20250800,3365.9,20250800,3337.5,20250600
2025-04-17 09:00:00,3364.4,20250800,3364.4,20250800,3335.1,20250600
2025-04-17 10:00:00,3368.9,20250800,3368.9,20250800,3341.1,20250600
2025-04-17 11:00:00,3369.1,20250800,3369.1,20250800,3341.3,20250600
2025-04-17 12:00:00,3365.0,20250800,3365.0,20250800,3341.6,20250600
2025-04-17 13:00:00,3356.3,20250800,3356.3,20250800,3328.1,20250600
2025-04-17 14:00:00,3333.1,20250800,3333.1,20250800,3304.3,20250600
2025-04-17 15:00:00,3337.2,20250800,3337.2,20250800,3308.9,20250600
2025-04-17 16:00:00,3358.4,20250800,3358.4,20250800,3330.1,20250600
2025-04-17 17:00:00,3362.0,20250800,3362.0,20250800,3332.3,20250600
2025-04-17 18:00:00,3358.5,20250800,3358.5,20250800,3329.4,20250600
2025-04-17 19:00:00,3363.3,20250800,3363.3,20250800,3334.6,20250600
2025-04-17 20:00:00,3369.6,20250800,3369.6,20250800,3341.5,20250600
2025-04-17 23:00:00,3369.6,20250800,3369.6,20250800,3341.5,20250600
2025-04-20 22:00:00,3390.4,20250800,3390.4,20250800,3360.0,20250600
2025-04-20 23:00:00,3388.3,20250800,3388.3,20250800,3361.9,20250600
2025-04-21 00:00:00,3408.2,20250800,3408.2,20250800,3382.4,20250600
2025-04-21 01:00:00,3418.1,20250800,3418.1,20250800,3390.1,20250600
2025-04-21 02:00:00,3424.7,20250800,3424.7,20250800,3396.7,20250600
2025-04-21 03:00:00,3422.0,20250800,3422.0,20250800,3393.8,20250600
2025-04-21 04:00:00,3417.2,20250800,3417.2,20250800,3388.6,20250600
2025-04-21 05:00:00,3426.1,20250800,3426.1,20250800,3396.6,20250600
2025-04-21 06:00:00,3432.8,20250800,3432.8,20250800,3403.7,20250600
2025-04-21 07:00:00,3426.5,20250800,3426.5,20250800,3397.2,20250600
2025-04-21 08:00:00,3432.8,20250800,3432.8,20250800,3403.7,20250600
2025-04-21 09:00:00,3435.6,20250800,3435.6,20250800,3406.6,20250600
2025-04-21 10:00:00,3437.0,20250800,3437.0,20250800,3407.3,20250600
2025-04-21 11:00:00,3445.0,20250800,3445.0,20250800,3415.7,20250600
2025-04-21 12:00:00,3456.2,20250800,3456.2,20250800,3426.6,20250600
2025-04-21 13:00:00,3460.8,20250800,3460.8,20250800,3432.4,20250600
2025-04-21 14:00:00,3458.7,20250800,3458.7,20250800,3428.6,20250600
2025-04-21 15:00:00,3463.3,20250800,3463.3,20250800,3434.1,20250600
2025-04-21 16:00:00,3456.2,20250800,3456.2,20250800,3426.4,20250600
2025-04-21 17:00:00,3463.0,20250800,3463.0,20250800,3434.2,20250600
2025-04-21 18:00:00,3466.1,20250800,3466.1,20250800,3437.0,20250600
2025-04-21 19:00:00,3463.0,20250800,3463.0,20250800,3434.5,20250600
2025-04-21 20:00:00,3464.5,20250800,3464.5,20250800,3435.1,20250600
2025-04-21 22:00:00,3471.0,20250800,3471.0,20250800,3442.5,20250600
2025-04-21 23:00:00,3464.5,20250800,3464.5,20250800,3435.1,20250600
2025-04-22 00:00:00,3465.3,20250800,3465.3,20250800,3436.0,20250600
2025-04-22 01:00:00,3492.1,20250800,3492.1,20250800,3462.4,20250600
2025-04-22 02:00:00,3514.0,20250800,3514.0,20250800,3482.6,20250600
2025-04-22 03:00:00,3526.8,20250800,3526.8,20250800,3497.2,20250600
2025-04-22 04:00:00,3525.2,20250800,3525.2,20250800,3493.8,20250600
2025-04-22 05:00:00,3534.1,20250800,3534.1,20250800,3503.6,20250600
2025-04-22 06:00:00,3520.6,20250800,3520.6,20250800,3490.0,20250600
2025-04-22 07:00:00,3509.0,20250800,3509.0,20250800,3479.6,20250600
2025-04-22 08:00:00,3486.0,20250800,3486.0,20250800,3455.4,20250600
2025-04-22 09:00:00,3496.2,20250800,3496.2,20250800,3466.5,20250600
2025-04-22 10:00:00,3494.6,20250800,3494.6,20250800,3463.5,20250600
2025-04-22 11:00:00,3500.2,20250800,3500.2,20250800,3468.5,20250600
2025-04-22 12:00:00,3469.2,20250800,3469.2,20250800,3442.8,20250600
2025-04-22 13:00:00,3459.8,20250800,3459.8,20250800,3430.6,20250600
2025-04-22 14:00:00,3471.7,20250800,3471.7,20250800,3442.9,20250600
2025-04-22 15:00:00,3457.8,20250800,3457.8,20250800,3429.3,20250600
2025-04-22 16:00:00,3434.3,20250800,3434.3,20250800,3404.9,20250600
2025-04-22 17:00:00,3443.7,20250800,3443.7,20250800,3414.3,20250600
2025-04-22 18:00:00,3423.0,20250800,3423.0,20250800,3393.4,20250600
2025-04-22 19:00:00,3417.5,20250800,3417.5,20250800,3387.6,20250600
2025-04-22 20:00:00,3421.4,20250800,3421.4,20250800,3391.6,20250600
2025-04-22 22:00:00,3365.6,20250800,3365.6,20250800,3337.7,20250600
2025-04-22 23:00:00,3421.4,20250800,3421.4,20250800,3391.6,20250600
2025-04-23 00:00:00,3405.7,20250800,3405.7,20250800,3376.4,20250600
2025-04-23 01:00:00,3418.6,20250800,3418.6,20250800,3388.7,20250600
2025-04-23 02:00:00,3393.1,20250800,3393.1,20250800,3363.4,20250600
2025-04-23 03:00:00,3380.3,20250800,3380.3,20250800,3349.3,20250600
2025-04-23 04:00:00,3384.3,20250800,3384.3,20250800,3356.2,20250600
2025-04-23 05:00:00,3357.8,20250800,3357.8,20250800,3329.3,20250600
2025-04-23 06:00:00,3341.0,20250800,3341.0,20250800,3311.9,20250600
2025-04-23 07:00:00,3358.4,20250800,3358.4,20250800,3330.0,20250600
2025-04-23 08:00:00,3360.9,20250800,3360.9,20250800,3333.0,20250600
2025-04-23 09:00:00,3357.0,20250800,3357.0,20250800,3328.4,20250600
2025-04-23 10:00:00,3369.5,20250800,3369.5,20250800,3341.6,20250600
2025-04-23 11:00:00,3362.6,20250800,3362.6,20250800,3335.3,20250600
2025-04-23 12:00:00,3350.5,20250800,3350.5,20250800,3322.1,20250600
2025-04-23 13:00:00,3315.8,20250800,3315.8,20250800,3287.3,20250600
2025-04-23 14:00:00,3327.9,20250800,3327.9,20250800,3299.2,20250600
2025-04-23 15:00:00,3321.9,20250800,3321.9,20250800,3293.0,20250600
2025-04-23 16:00:00,3338.5,20250800,3338.5,20250800,3307.4,20250600
2025-04-23 17:00:00,3323.0,20250800,3323.0,20250800,3294.0,20250600
2025-04-23 18:00:00,3324.0,20250800,3324.0,20250800,3295.8,20250600
2025-04-23 19:00:00,3334.6,20250800,3334.6,20250800,3306.8,20250600
2025-04-23 20:00:00,3329.6,20250800,3329.6,20250800,3301.4,20250600
2025-04-23 22:00:00,3349.4,20250800,3349.4,20250800,3321.2,20250600
2025-04-23 23:00:00,3329.6,20250800,3329.6,20250800,3327.5,20250600
2025-04-24 00:00:00,3372.5,20250800,3372.5,20250800,3341.1,20250600
2025-04-24 01:00:00,3393.3,20250800,3393.3,20250800,3366.5,20250600
2025-04-24 02:00:00,3382.3,20250800,3382.3,20250800,3352.6,20250600
2025-04-24 03:00:00,3367.7,20250800,3367.7,20250800,3337.3,20250600
2025-04-24 04:00:00,3366.5,20250800,3366.5,20250800,3337.3,20250600
2025-04-24 05:00:00,3363.1,20250800,3363.1,20250800,3334.3,20250600
2025-04-24 06:00:00,3363.4,20250800,3363.4,20250800,3335.9,20250600
2025-04-24 07:00:00,3372.3,20250800,3372.3,20250800,3344.2,20250600
2025-04-24 08:00:00,3375.7,20250800,3375.7,20250800,3346.4,20250600
2025-04-24 09:00:00,3376.6,20250800,3376.6,20250800,3347.6,20250600
2025-04-24 10:00:00,3370.3,20250800,3370.3,20250800,3341.4,20250600
2025-04-24 11:00:00,3376.0,20250800,3376.0,20250800,3348.5,20250600
2025-04-24 12:00:00,3376.0,20250800,3376.0,20250800,3347.3,20250600
2025-04-24 13:00:00,3355.0,20250800,3355.0,20250800,3326.6,20250600
2025-04-24 14:00:00,3367.3,20250800,3367.3,20250800,3338.6,20250600
2025-04-24 15:00:00,3369.2,20250800,3369.2,20250800,3340.6,20250600
2025-04-24 16:00:00,3372.0,20250800,3372.0,20250800,3344.1,20250600
2025-04-24 17:00:00,3378.2,20250800,3378.2,20250800,3349.2,20250600
2025-04-24 18:00:00,3375.5,20250800,3375.5,20250800,3346.7,20250600
2025-04-24 19:00:00,3385.0,20250800,3385.0,20250800,3353.7,20250600
2025-04-24 20:00:00,3390.3,20250800,3390.3,20250800,3361.1,20250600
2025-04-24 22:00:00,3407.7,20250800,3407.7,20250800,3378.6,20250600
2025-04-24 23:00:00,3390.3,20250800,3390.3,20250800,3360.0,20250600
2025-04-25 00:00:00,3396.5,20250800,3396.5,20250800,3368.7,20250600
2025-04-25 01:00:00,3385.2,20250800,3385.2,20250800,3356.2,20250600
2025-04-25 02:00:00,3387.7,20250800,3387.7,20250800,3359.4,20250600
2025-04-25 03:00:00,3364.3,20250800,3364.3,20250800,3334.2,20250600
2025-04-25 04:00:00,3364.0,20250800,3364.0,20250800,3335.1,20250600
2025-04-25 05:00:00,3332.0,20250800,3332.0,20250800,3303.7,20250600
2025-04-25 06:00:00,3340.0,20250800,3340.0,20250800,3315.0,20250600
2025-04-25 07:00:00,3345.8,20250800,3345.8,20250800,3316.9,20250600
2025-04-25 08:00:00,3341.8,20250800,3341.8,20250800,3314.2,20250600
2025-04-25 09:00:00,3331.3,20250800,3331.3,20250800,3302.3,20250600
2025-04-25 10:00:00,3337.1,20250800,3337.1,20250800,3308.1,20250600
2025-04-25 11:00:00,3332.9,20250800,3332.9,20250800,3304.1,20250600
2025-04-25 12:00:00,3331.8,20250800,3331.8,20250800,3302.6,20250600
2025-04-25 13:00:00,3318.4,20250800,3318.4,20250800,3291.1,20250600
2025-04-25 14:00:00,3315.6,20250800,3315.6,20250800,3288.1,20250600
2025-04-25 15:00:00,3320.8,20250800,3320.8,20250800,3293.2,20250600
2025-04-25 16:00:00,3326.3,20250800,3326.3,20250800,3296.4,20250600
2025-04-25 17:00:00,3334.2,20250800,3334.2,20250800,3304.1,20250600
2025-04-25 18:00:00,3328.4,20250800,3328.4,20250800,3299.5,20250600
2025-04-25 19:00:00,3345.0,20250800,3345.0,20250800,3315.8,20250600
2025-04-25 20:00:00,3358.9,20250800,3358.9,20250800,3330.7,20250600
2025-04-25 23:00:00,3358.9,20250800,3358.9,20250800,3330.7,20250600
2025-04-27 22:00:00,3351.8,20250800,3351.8,20250800,3321.2,20250600
2025-04-27 23:00:00,3342.0,20250800,3342.0,20250800,3313.3,20250600
2025-04-28 00:00:00,3352.9,20250800,3352.9,20250800,3324.4,20250600
2025-04-28 01:00:00,3318.7,20250800,3318.7,20250800,3290.9,20250600
2025-04-28 02:00:00,3320.0,20250800,3320.0,20250800,3291.1,20250600
2025-04-28 03:00:00,3330.0,20250800,3330.0,20250800,3301.6,20250600
2025-04-28 04:00:00,3337.7,20250800,3337.7,20250800,3309.5,20250600
2025-04-28 05:00:00,3333.9,20250800,3333.9,20250800,3305.3,20250600
2025-04-28 06:00:00,3322.6,20250800,3322.6,20250800,3294.4,20250600
2025-04-28 07:00:00,3325.9,20250800,3325.9,20250800,3297.6,20250600
2025-04-28 08:00:00,3320.0,20250800,3320.0,20250800,3292.9,20250600
2025-04-28 09:00:00,3313.5,20250800,3313.5,20250800,3284.5,20250600
2025-04-28 10:00:00,3328.0,20250800,3328.0,20250800,3300.3,20250600
2025-04-28 11:00:00,3332.2,20250800,3332.2,20250800,3305.3,20250600
2025-04-28 12:00:00,3336.6,20250800,3336.6,20250800,3306.8,20250600
2025-04-28 13:00:00,3330.0,20250800,3330.0,20250800,3303.5,20250600
2025-04-28 14:00:00,3369.6,20250800,3369.6,20250800,3339.6,20250600
2025-04-28 15:00:00,3363.8,20250800,3363.8,20250800,3336.1,20250600
2025-04-28 16:00:00,3377.1,20250800,3377.1,20250800,3347.2,20250600
2025-04-28 17:00:00,3375.6,20250800,3375.6,20250800,3346.5,20250600
2025-04-28 18:00:00,3388.4,20250800,3388.4,20250800,3359.5,20250600
2025-04-28 19:00:00,3392.4,20250800,3392.4,20250800,3362.5,20250600
2025-04-28 20:00:00,3383.8,20250800,3383.8,20250800,3355.0,20250600
2025-04-28 22:00:00,3377.8,20250800,3377.8,20250800,3348.6,20250600
2025-04-28 23:00:00,3379.8,20250800,3379.8,20250800,3348.1,20250600
2025-04-29 00:00:00,3369.4,20250800,3369.4,20250800,3339.5,20250600
2025-04-29 01:00:00,3367.4,20250800,3367.4,20250800,3337.8,20250600
2025-04-29 02:00:00,3361.3,20250800,3361.3,20250800,3330.6,20250600
2025-04-29 03:00:00,3351.6,20250800,3351.6,20250800,3325.9,20250600
2025-04-29 04:00:00,3349.6,20250800,3349.6,20250800,3319.8,20250600
2025-04-29 05:00:00,3349.7,20250800,3349.7,20250800,3320.3,20250600
2025-04-29 06:00:00,3356.1,20250800,3356.1,20250800,3328.5,20250600
2025-04-29 07:00:00,3361.8,20250800,3361.8,20250800,3332.9,20250600
2025-04-29 08:00:00,3352.0,20250800,3352.0,20250800,3321.7,20250600
2025-04-29 09:00:00,3347.9,20250800,3347.9,20250800,3318.9,20250600
2025-04-29 10:00:00,3352.5,20250800,3352.5,20250800,3322.5,20250600
2025-04-29 11:00:00,3347.3,20250800,3347.3,20250800,3319.3,20250600
2025-04-29 12:00:00,3351.7,20250800,3351.7,20250800,3322.9,20250600
2025-04-29 13:00:00,3346.6,20250800,3346.6,20250800,3317.3,20250600
2025-04-29 14:00:00,3353.9,20250800,3353.9,20250800,3325.2,20250600
2025-04-29 15:00:00,3352.2,20250800,3352.2,20250800,3323.3,20250600
2025-04-29 16:00:00,3368.2,20250800,3368.2,20250800,3339.0,20250600
2025-04-29 17:00:00,3353.1,20250800,3353.1,20250800,3324.0,20250600
2025-04-29 18:00:00,3356.1,20250800,3356.1,20250800,3330.0,20250600
2025-04-29 19:00:00,3359.1,20250800,3359.1,20250800,3330.3,20250600
2025-04-29 20:00:00,3358.0,20250800,3358.0,20250800,3327.6,20250600
2025-04-29 22:00:00,3355.2,20250800,3355.2,20250800,3329.0,20250600
2025-04-29 23:00:00,3358.0,20250800,3358.0,20250800,3327.6,20250600
2025-04-30 00:00:00,3350.7,20250800,3350.7,20250800,3323.3,20250600
2025-04-30 01:00:00,3347.0,20250800,3347.0,20250800,3317.4,20250600
2025-04-30 02:00:00,3344.0,20250800,3344.0,20250800,3316.6,20250600
2025-04-30 03:00:00,3344.8,20250800,3344.8,20250800,3314.0,20250600
2025-04-30 04:00:00,3346.1,20250800,3346.1,20250800,3317.5,20250600
2025-04-30 05:00:00,3347.2,20250800,3347.2,20250800,3319.4,20250600
2025-04-30 06:00:00,3345.6,20250800,3345.6,20250800,3315.5,20250600
2025-04-30 07:00:00,3345.8,20250800,3345.8,20250800,3316.6,20250600
2025-04-30 08:00:00,3321.8,20250800,3321.8,20250800,3293.8,20250600
2025-04-30 09:00:00,3313.0,20250800,3313.0,20250800,3285.2,20250600
2025-04-30 10:00:00,3310.3,20250800,3310.3,20250800,3281.8,20250600
2025-04-30 11:00:00,3310.4,20250800,3310.4,20250800,3281.6,20250600
2025-04-30 12:00:00,3336.9,20250800,3336.9,20250800,3308.0,20250600
2025-04-30 13:00:00,3348.5,20250800,3348.5,20250800,3319.0,20250600
2025-04-30 14:00:00,3352.2,20250800,3352.2,20250800,3320.5,20250600
2025-04-30 15:00:00,3348.0,20250800,3348.0,20250800,3318.5,20250600
2025-04-30 16:00:00,3349.7,20250800,3349.7,20250800,3321.3,20250600
2025-04-30 17:00:00,3347.1,20250800,3347.1,20250800,3315.9,20250600
2025-04-30 18:00:00,3342.0,20250800,3342.0,20250800,3312.4,20250600
2025-04-30 19:00:00,3333.3,20250800,3333.3,20250800,3306.9,20250600
2025-04-30 20:00:00,3327.4,20250800,3327.4,20250800,3299.6,20250600
2025-04-30 22:00:00,3312.0,20250800,3312.0,20250800,3282.6,20250600
2025-04-30 23:00:00,3327.4,20250800,3327.4,20250800,3281.4,20250600
2025-05-01 00:00:00,3280.5,20250800,3280.5,20250800,3254.0,20250600
2025-05-01 01:00:00,3276.6,20250800,3276.6,20250800,3246.8,20250600
2025-05-01 02:00:00,3277.5,20250800,3277.5,20250800,3248.4,20250600
2025-05-01 03:00:00,3265.0,20250800,3265.0,20250800,3237.1,20250600
2025-05-01 04:00:00,3262.0,20250800,3262.0,20250800,3234.6,20250600
2025-05-01 05:00:00,3273.9,20250800,3273.9,20250800,3244.8,20250600
2025-05-01 06:00:00,3271.9,20250800,3271.9,20250800,3243.8,20250600
2025-05-01 07:00:00,3267.5,20250800,3267.5,20250800,3238.2,20250600
2025-05-01 08:00:00,3270.6,20250800,3270.6,20250800,3243.2,20250600
2025-05-01 09:00:00,3253.1,20250800,3253.1,20250800,3226.1,20250600
2025-05-01 10:00:00,3257.2,20250800,3257.2,20250800,3230.8,20250600
2025-05-01 11:00:00,3242.4,20250800,3242.4,20250800,3213.1,20250600
2025-05-01 12:00:00,3262.2,20250800,3262.2,20250800,3234.5,20250600
2025-05-01 13:00:00,3261.0,20250800,3261.0,20250800,3232.8,20250600
2025-05-01 14:00:00,3254.7,20250800,3254.7,20250800,3226.6,20250600
2025-05-01 15:00:00,3253.0,20250800,3253.0,20250800,3224.4,20250600
2025-05-01 16:00:00,3255.9,20250800,3255.9,20250800,3227.8,20250600
2025-05-01 17:00:00,3249.0,20250800,3249.0,20250800,3222.0,20250600
2025-05-01 18:00:00,3260.7,20250800,3260.7,20250800,3231.4,20250600
2025-05-01 19:00:00,3266.0,20250800,3266.0,20250800,3236.7,20250600
2025-05-01 20:00:00,3276.1,20250800,3276.1,20250800,3247.9,20250600
2025-05-01 22:00:00,3275.4,20250800,3275.4,20250800,3246.8,20250600
2025-05-01 23:00:00,3272.1,20250800,3272.1,20250800,3247.9,20250600
2025-05-02 00:00:00,3265.6,20250800,3265.6,20250800,3238.8,20250600
2025-05-02 01:00:00,3272.8,20250800,3272.8,20250800,3245.0,20250600
2025-05-02 02:00:00,3285.0,20250800,3285.0,20250800,3257.0,20250600
2025-05-02 03:00:00,3291.4,20250800,3291.4,20250800,3263.7,20250600
2025-05-02 04:00:00,3287.9,20250800,3287.9,20250800,3260.3,20250600
2025-05-02 05:00:00,3287.4,20250800,3287.4,20250800,3259.8,20250600
2025-05-02 06:00:00,3289.0,20250800,3289.0,20250800,3261.5,20250600
2025-05-02 07:00:00,3293.8,20250800,3293.8,20250800,3267.0,20250600
2025-05-02 08:00:00,3294.0,20250800,3294.0,20250800,3265.8,20250600
2025-05-02 09:00:00,3301.1,20250800,3301.1,20250800,3273.3,20250600
2025-05-02 10:00:00,3295.0,20250800,3295.0,20250800,3267.6,20250600
2025-05-02 11:00:00,3298.4,20250800,3298.4,20250800,3269.7,20250600
2025-05-02 12:00:00,3286.0,20250800,3286.0,20250800,3257.4,20250600
2025-05-02 13:00:00,3283.6,20250800,3283.6,20250800,3257.8,20250600
2025-05-02 14:00:00,3299.6,20250800,3299.6,20250800,3271.5,20250600
2025-05-02 15:00:00,3268.3,20250800,3268.3,20250800,3239.9,20250600
2025-05-02 16:00:00,3258.5,20250800,3258.5,20250800,3231.8,20250600
2025-05-02 17:00:00,3266.4,20250800,3266.4,20250800,3238.5,20250600
2025-05-02 18:00:00,3262.8,20250800,3262.8,20250800,3234.1,20250600
2025-05-02 19:00:00,3269.0,20250800,3269.0,20250800,3241.5,20250600
2025-05-02 20:00:00,3275.9,20250800,3275.9,20250800,3247.2,20250600
2025-05-02 23:00:00,3275.9,20250800,3275.9,20250800,3247.2,20250600
2025-05-04 22:00:00,3274.2,20250800,3274.2,20250800,3246.2,20250600
2025-05-04 23:00:00,3283.0,20250800,3283.0,20250800,3255.5,20250600
2025-05-05 00:00:00,3282.4,20250800,3282.4,20250800,3253.3,20250600
2025-05-05 01:00:00,3301.0,20250800,3301.0,20250800,3272.1,20250600
2025-05-05 02:00:00,3306.9,20250800,3306.9,20250800,3278.2,20250600
2025-05-05 03:00:00,3292.1,20250800,3292.1,20250800,3262.5,20250600
2025-05-05 04:00:00,3295.0,20250800,3295.0,20250800,3264.4,20250600
2025-05-05 05:00:00,3295.8,20250800,3295.8,20250800,3267.8,20250600
2025-05-05 06:00:00,3299.2,20250800,3299.2,20250800,3270.3,20250600
2025-05-05 07:00:00,3301.5,20250800,3301.5,20250800,3272.6,20250600
2025-05-05 08:00:00,3318.9,20250800,3318.9,20250800,3290.8,20250600
2025-05-05 09:00:00,3345.3,20250800,3345.3,20250800,3317.1,20250600
2025-05-05 10:00:00,3348.8,20250800,3348.8,20250800,3321.9,20250600
2025-05-05 11:00:00,3350.7,20250800,3350.7,20250800,3321.9,20250600
2025-05-05 12:00:00,3358.1,20250800,3358.1,20250800,3328.5,20250600
2025-05-05 13:00:00,3354.6,20250800,3354.6,20250800,3326.8,20250600
2025-05-05 14:00:00,3348.7,20250800,3348.7,20250800,3321.1,20250600
2025-05-05 15:00:00,3349.9,20250800,3349.9,20250800,3321.0,20250600
2025-05-05 16:00:00,3347.0,20250800,3347.0,20250800,3318.2,20250600
2025-05-05 17:00:00,3353.8,20250800,3353.8,20250800,3325.4,20250600
2025-05-05 18:00:00,3360.7,20250800,3360.7,20250800,3331.8,20250600
2025-05-05 19:00:00,3366.5,20250800,3366.5,20250800,3337.8,20250600
2025-05-05 20:00:00,3372.3,20250800,3372.3,20250800,3343.8,20250600
2025-05-05 22:00:00,3368.6,20250800,3368.6,20250800,3339.5,20250600
2025-05-05 23:00:00,3371.8,20250800,3371.8,20250800,3343.8,20250600
2025-05-06 00:00:00,3367.2,20250800,3367.2,20250800,3338.9,20250600
2025-05-06 01:00:00,3416.4,20250800,3416.4,20250800,3388.8,20250600
2025-05-06 02:00:00,3395.2,20250800,3395.2,20250800,3367.2,20250600
2025-05-06 03:00:00,3399.0,20250800,3399.0,20250800,3368.9,20250600
2025-05-06 04:00:00,3401.0,20250800,3401.0,20250800,3371.3,20250600
2025-05-06 05:00:00,3397.9,20250800,3397.9,20250800,3369.5,20250600
2025-05-06 06:00:00,3401.2,20250800,3401.2,20250800,3372.5,20250600
2025-05-06 07:00:00,3407.4,20250800,3407.4,20250800,3378.5,20250600
2025-05-06 08:00:00,3413.6,20250800,3413.6,20250800,3385.1,20250600
2025-05-06 09:00:00,3419.7,20250800,3419.7,20250800,3390.9,20250600
2025-05-06 10:00:00,3420.4,20250800,3420.4,20250800,3391.4,20250600
2025-05-06 11:00:00,3416.0,20250800,3416.0,20250800,3386.8,20250600
2025-05-06 12:00:00,3428.4,20250800,3428.4,20250800,3399.3,20250600
2025-05-06 13:00:00,3428.2,20250800,3428.2,20250800,3399.8,20250600
2025-05-06 14:00:00,3423.8,20250800,3423.8,20250800,3394.5,20250600
2025-05-06 15:00:00,3432.3,20250800,3432.3,20250800,3403.1,20250600
2025-05-06 16:00:00,3446.3,20250800,3446.3,20250800,3417.6,20250600
2025-05-06 17:00:00,3453.0,20250800,3453.0,20250800,3422.1,20250600
2025-05-06 18:00:00,3453.5,20250800,3453.5,20250800,3424.3,20250600
2025-05-06 19:00:00,3460.3,20250800,3460.3,20250800,3431.6,20250600
2025-05-06 20:00:00,3470.0,20250800,3470.0,20250800,3441.6,20250600
2025-05-06 22:00:00,3419.1,20250800,3419.1,20250800,3389.5,20250600
2025-05-06 23:00:00,3438.8,20250800,3438.8,20250800,3441.6,20250600
2025-05-07 00:00:00,3415.8,20250800,3415.8,20250800,3387.4,20250600
2025-05-07 01:00:00,3412.2,20250800,3412.2,20250800,3382.8,20250600
2025-05-07 02:00:00,3428.5,20250800,3428.5,20250800,3398.2,20250600
2025-05-07 03:00:00,3415.1,20250800,3415.1,20250800,3384.0,20250600
2025-05-07 04:00:00,3417.5,20250800,3417.5,20250800,3390.1,20250600
2025-05-07 05:00:00,3425.4,20250800,3425.4,20250800,3396.0,20250600
2025-05-07 06:00:00,3427.3,20250800,3427.3,20250800,3400.7,20250600
2025-05-07 07:00:00,3424.3,20250800,3424.3,20250800,3395.8,20250600
2025-05-07 08:00:00,3420.3,20250800,3420.3,20250800,3390.6,20250600
2025-05-07 09:00:00,3408.0,20250800,3408.0,20250800,3377.7,20250600
2025-05-07 10:00:00,3429.7,20250800,3429.7,20250800,3399.3,20250600
2025-05-07 11:00:00,3424.0,20250800,3424.0,20250800,3395.1,20250600
2025-05-07 12:00:00,3428.8,20250800,3428.8,20250800,3399.1,20250600
2025-05-07 13:00:00,3432.2,20250800,3432.2,20250800,3402.6,20250600
2025-05-07 14:00:00,3423.0,20250800,3423.0,20250800,3393.7,20250600
2025-05-07 15:00:00,3422.4,20250800,3422.4,20250800,3393.0,20250600
2025-05-07 16:00:00,3423.7,20250800,3423.7,20250800,3394.3,20250600
2025-05-07 17:00:00,3421.2,20250800,3421.2,20250800,3390.7,20250600
2025-05-07 18:00:00,3420.9,20250800,3420.9,20250800,3392.2,20250600
2025-05-07 19:00:00,3407.5,20250800,3407.5,20250800,3379.0,20250600
2025-05-07 20:00:00,3401.9,20250800,3401.9,20250800,3372.5,20250600
2025-05-07 22:00:00,3405.3,20250800,3405.3,20250800,3376.6,20250600
2025-05-07 23:00:00,3401.9,20250800,3401.9,20250800,3372.5,20250600
2025-05-08 00:00:00,3415.8,20250800,3415.8,20250800,3387.0,20250600
2025-05-08 01:00:00,3446.0,20250800,3446.0,20250800,3415.8,20250600
2025-05-08 02:00:00,3438.5,20250800,3438.5,20250800,3408.7,20250600
2025-05-08 03:00:00,3432.2,20250800,3432.2,20250800,3402.9,20250600
2025-05-08 04:00:00,3418.6,20250800,3418.6,20250800,3388.1,20250600
2025-05-08 05:00:00,3390.2,20250800,3390.2,20250800,3360.9,20250600
2025-05-08 06:00:00,3364.8,20250800,3364.8,20250800,3335.5,20250600
2025-05-08 07:00:00,3375.6,20250800,3375.6,20250800,3348.8,20250600
2025-05-08 08:00:00,3373.5,20250800,3373.5,20250800,3344.5,20250600
2025-05-08 09:00:00,3366.1,20250800,3366.1,20250800,3337.3,20250600
2025-05-08 10:00:00,3377.7,20250800,3377.7,20250800,3347.9,20250600
2025-05-08 11:00:00,3378.5,20250800,3378.5,20250800,3350.2,20250600
2025-05-08 12:00:00,3390.5,20250800,3390.5,20250800,3361.8,20250600
2025-05-08 13:00:00,3390.2,20250800,3390.2,20250800,3361.5,20250600
2025-05-08 14:00:00,3389.9,20250800,3389.9,20250800,3362.2,20250600
2025-05-08 15:00:00,3365.1,20250800,3365.1,20250800,3336.1,20250600
2025-05-08 16:00:00,3344.9,20250800,3344.9,20250800,3315.4,20250600
2025-05-08 17:00:00,3343.1,20250800,3343.1,20250800,3313.6,20250600
2025-05-08 18:00:00,3342.5,20250800,3342.5,20250800,3313.5,20250600
2025-05-08 19:00:00,3339.7,20250800,3339.7,20250800,3311.3,20250600
2025-05-08 20:00:00,3338.2,20250800,3338.2,20250800,3310.3,20250600
2025-05-08 22:00:00,3357.0,20250800,3357.0,20250800,3328.8,20250600
2025-05-08 23:00:00,3338.2,20250800,3338.2,20250800,3321.2,20250600
2025-05-09 00:00:00,3354.2,20250800,3354.2,20250800,3327.0,20250600
2025-05-09 01:00:00,3323.7,20250800,3323.7,20250800,3295.9,20250600
2025-05-09 02:00:00,3342.2,20250800,3342.2,20250800,3313.3,20250600
2025-05-09 03:00:00,3341.4,20250800,3341.4,20250800,3313.0,20250600
2025-05-09 04:00:00,3358.9,20250800,3358.9,20250800,3330.2,20250600
2025-05-09 05:00:00,3354.2,20250800,3354.2,20250800,3326.0,20250600
2025-05-09 06:00:00,3358.7,20250800,3358.7,20250800,3330.4,20250600
2025-05-09 07:00:00,3359.8,20250800,3359.8,20250800,3331.7,20250600
2025-05-09 08:00:00,3361.7,20250800,3361.7,20250800,3333.1,20250600
2025-05-09 09:00:00,3358.0,20250800,3358.0,20250800,3329.6,20250600
2025-05-09 10:00:00,3356.6,20250800,3356.6,20250800,3327.7,20250600
2025-05-09 11:00:00,3366.9,20250800,3366.9,20250800,3337.8,20250600
2025-05-09 12:00:00,3367.4,20250800,3367.4,20250800,3338.4,20250600
2025-05-09 13:00:00,3364.4,20250800,3364.4,20250800,3335.5,20250600
2025-05-09 14:00:00,3371.5,20250800,3371.5,20250800,3342.2,20250600
2025-05-09 15:00:00,3378.7,20250800,3378.7,20250800,3350.3,20250600
2025-05-09 16:00:00,3370.0,20250800,3370.0,20250800,3342.0,20250600
2025-05-09 17:00:00,3374.5,20250800,3374.5,20250800,3346.0,20250600
2025-05-09 18:00:00,3372.2,20250800,3372.2,20250800,3343.6,20250600
2025-05-09 19:00:00,3361.7,20250800,3361.7,20250800,3334.1,20250600
2025-05-09 20:00:00,3357.5,20250800,3357.5,20250800,3329.2,20250600
2025-05-09 23:00:00,3357.5,20250800,3357.5,20250800,3329.2,20250600
2025-05-11 22:00:00,3306.3,20250800,3306.3,20250800,3276.9,20250600
2025-05-11 23:00:00,3321.1,20250800,3321.1,20250800,3292.9,20250600
2025-05-12 00:00:00,3311.1,20250800,3311.1,20250800,3283.2,20250600
2025-05-12 01:00:00,3304.5,20250800,3304.5,20250800,3275.5,20250600
2025-05-12 02:00:00,3303.9,20250800,3303.9,20250800,3276.0,20250600
2025-05-12 03:00:00,3314.2,20250800,3314.2,20250800,3287.4,20250600
2025-05-12 04:00:00,3310.7,20250800,3310.7,20250800,3282.8,20250600
2025-05-12 05:00:00,3308.1,20250800,3308.1,20250800,3279.6,20250600
2025-05-12 06:00:00,3309.7,20250800,3309.7,20250800,3281.0,20250600
2025-05-12 07:00:00,3252.4,20250800,3252.4,20250800,3226.7,20250600
2025-05-12 08:00:00,3263.5,20250800,3263.5,20250800,3235.5,20250600
2025-05-12 09:00:00,3245.9,20250800,3245.9,20250800,3218.5,20250600
2025-05-12 10:00:00,3239.6,20250800,3239.6,20250800,3211.7,20250600
2025-05-12 11:00:00,3255.5,20250800,3255.5,20250800,3228.6,20250600
2025-05-12 12:00:00,3263.9,20250800,3263.9,20250800,3237.2,20250600
2025-05-12 13:00:00,3274.3,20250800,3274.3,20250800,3244.6,20250600
2025-05-12 14:00:00,3269.9,20250800,3269.9,20250800,3242.2,20250600
2025-05-12 15:00:00,3270.2,20250800,3270.2,20250800,3243.8,20250600
2025-05-12 16:00:00,3256.3,20250800,3256.3,20250800,3228.3,20250600
2025-05-12 17:00:00,3254.9,20250800,3254.9,20250800,3227.0,20250600
2025-05-12 18:00:00,3262.2,20250800,3262.2,20250800,3234.1,20250600
2025-05-12 19:00:00,3268.2,20250800,3268.2,20250800,3240.1,20250600
2025-05-12 20:00:00,3268.4,20250800,3268.4,20250800,3241.9,20250600
2025-05-12 22:00:00,3265.7,20250800,3265.7,20250800,3237.5,20250600
2025-05-12 23:00:00,3269.2,20250800,3269.2,20250800,3241.9,20250600
2025-05-13 00:00:00,3272.5,20250800,3272.5,20250800,3243.9,20250600
2025-05-13 01:00:00,3257.0,20250800,3257.0,20250800,3229.6,20250600
2025-05-13 02:00:00,3261.9,20250800,3261.9,20250800,3233.0,20250600
2025-05-13 03:00:00,3269.0,20250800,3269.0,20250800,3240.9,20250600
2025-05-13 04:00:00,3285.2,20250800,3285.2,20250800,3257.1,20250600
2025-05-13 05:00:00,3288.8,20250800,3288.8,20250800,3260.8,20250600
2025-05-13 06:00:00,3294.3,20250800,3294.3,20250800,3266.8,20250600
2025-05-13 07:00:00,3291.4,20250800,3291.4,20250800,3263.1,20250600
2025-05-13 08:00:00,3288.4,20250800,3288.4,20250800,3259.5,20250600
2025-05-13 09:00:00,3287.0,20250800,3287.0,20250800,3257.6,20250600
2025-05-13 10:00:00,3285.6,20250800,3285.6,20250800,3257.0,20250600
2025-05-13 11:00:00,3281.4,20250800,3281.4,20250800,3253.2,20250600
2025-05-13 12:00:00,3273.3,20250800,3273.3,20250800,3246.4,20250600
2025-05-13 13:00:00,3260.0,20250800,3260.0,20250800,3231.9,20250600
2025-05-13 14:00:00,3275.6,20250800,3275.6,20250800,3247.5,20250600
2025-05-13 15:00:00,3286.3,20250800,3286.3,20250800,3258.2,20250600
2025-05-13 16:00:00,3283.5,20250800,3283.5,20250800,3255.5,20250600
2025-05-13 17:00:00,3280.4,20250800,3280.4,20250800,3251.9,20250600
2025-05-13 18:00:00,3281.5,20250800,3281.5,20250800,3253.2,20250600
2025-05-13 19:00:00,3282.1,20250800,3282.1,20250800,3254.1,20250600
2025-05-13 20:00:00,3285.0,20250800,3285.0,20250800,3254.6,20250600
2025-05-13 22:00:00,3286.5,20250800,3286.5,20250800,3258.7,20250600
2025-05-13 23:00:00,3285.0,20250800,3285.0,20250800,3254.6,20250600
2025-05-14 00:00:00,3276.0,20250800,3276.0,20250800,3247.8,20250600
2025-05-14 01:00:00,3270.9,20250800,3270.9,20250800,3243.3,20250600
2025-05-14 02:00:00,3264.4,20250800,3264.4,20250800,3236.7,20250600
2025-05-14 03:00:00,3260.0,20250800,3260.0,20250800,3232.1,20250600
2025-05-14 04:00:00,3255.7,20250800,3255.7,20250800,3227.8,20250600
2025-05-14 05:00:00,3265.0,20250800,3265.0,20250800,3237.0,20250600
2025-05-14 06:00:00,3259.2,20250800,3259.2,20250800,3232.0,20250600
2025-05-14 07:00:00,3270.0,20250800,3270.0,20250800,3242.0,20250600
2025-05-14 08:00:00,3266.8,20250800,3266.8,20250800,3236.6,20250600
2025-05-14 09:00:00,3265.4,20250800,3265.4,20250800,3236.3,20250600
2025-05-14 10:00:00,3267.5,20250800,3267.5,20250800,3239.5,20250600
2025-05-14 11:00:00,3252.0,20250800,3252.0,20250800,3223.8,20250600
2025-05-14 12:00:00,3217.9,20250800,3217.9,20250800,3188.7,20250600
2025-05-14 13:00:00,3222.5,20250800,3222.5,20250800,3195.0,20250600
2025-05-14 14:00:00,3213.6,20250800,3213.6,20250800,3185.6,20250600
2025-05-14 15:00:00,3214.0,20250800,3214.0,20250800,3186.4,20250600
2025-05-14 16:00:00,3220.3,20250800,3220.3,20250800,3192.0,20250600
2025-05-14 17:00:00,3213.1,20250800,3213.1,20250800,3185.6,20250600
2025-05-14 18:00:00,3203.8,20250800,3203.8,20250800,3176.0,20250600
2025-05-14 19:00:00,3211.5,20250800,3211.5,20250800,3184.0,20250600
2025-05-14 20:00:00,3208.8,20250800,3208.8,20250800,3181.1,20250600
2025-05-14 22:00:00,3212.2,20250800,3212.2,20250800,3185.3,20250600
2025-05-14 23:00:00,3216.1,20250800,3216.1,20250800,3181.1,20250600
2025-05-15 00:00:00,3217.5,20250800,3217.5,20250800,3190.3,20250600
2025-05-15 01:00:00,3203.0,20250800,3203.0,20250800,3174.9,20250600
2025-05-15 02:00:00,3184.5,20250800,3184.5,20250800,3157.2,20250600
2025-05-15 03:00:00,3180.9,20250800,3180.9,20250800,3153.3,20250600
2025-05-15 04:00:00,3167.4,20250800,3167.4,20250800,3141.1,20250600
2025-05-15 05:00:00,3159.4,20250800,3159.4,20250800,3132.3,20250600
2025-05-15 06:00:00,3180.6,20250800,3180.6,20250800,3153.4,20250600
2025-05-15 07:00:00,3172.5,20250800,3172.5,20250800,3145.1,20250600
2025-05-15 08:00:00,3193.2,20250800,3193.2,20250800,3165.6,20250600
2025-05-15 09:00:00,3194.8,20250800,3194.8,20250800,3168.0,20250600
2025-05-15 10:00:00,3208.5,20250800,3208.5,20250800,3181.5,20250600
2025-05-15 11:00:00,3207.6,20250800,3207.6,20250800,3182.2,20250600
2025-05-15 12:00:00,3220.0,20250800,3220.0,20250800,3192.2,20250600
2025-05-15 13:00:00,3223.0,20250800,3223.0,20250800,3194.7,20250600
2025-05-15 14:00:00,3236.0,20250800,3236.0,20250800,3208.8,20250600
2025-05-15 15:00:00,3250.0,20250800,3250.0,20250800,3222.8,20250600
2025-05-15 16:00:00,3253.0,20250800,3253.0,20250800,3226.0,20250600
2025-05-15 17:00:00,3252.2,20250800,3252.2,20250800,3224.4,20250600
2025-05-15 18:00:00,3253.0,20250800,3253.0,20250800,3226.1,20250600
2025-05-15 19:00:00,3262.5,20250800,3262.5,20250800,3234.5,20250600
2025-05-15 20:00:00,3271.4,20250800,3271.4,20250800,3243.7,20250600
2025-05-15 22:00:00,3282.5,20250800,3282.5,20250800,3254.8,20250600
2025-05-15 23:00:00,3268.0,20250800,3268.0,20250800,3243.7,20250600
2025-05-16 00:00:00,3274.1,20250800,3274.1,20250800,3246.4,20250600
2025-05-16 01:00:00,3254.2,20250800,3254.2,20250800,3226.0,20250600
2025-05-16 02:00:00,3246.4,20250800,3246.4,20250800,3219.1,20250600
2025-05-16 03:00:00,3242.7,20250800,3242.7,20250800,3214.5,20250600
2025-05-16 04:00:00,3250.5,20250800,3250.5,20250800,3222.8,20250600
2025-05-16 05:00:00,3249.2,20250800,3249.2,20250800,3221.7,20250600
2025-05-16 06:00:00,3245.4,20250800,3245.4,20250800,3217.6,20250600
2025-05-16 07:00:00,3238.0,20250800,3238.0,20250800,3210.5,20250600
2025-05-16 08:00:00,3237.5,20250800,3237.5,20250800,3210.5,20250600
2025-05-16 09:00:00,3239.5,20250800,3239.5,20250800,3212.2,20250600
2025-05-16 10:00:00,3204.5,20250800,3204.5,20250800,3179.2,20250600
2025-05-16 11:00:00,3192.8,20250800,3192.8,20250800,3165.5,20250600
2025-05-16 12:00:00,3207.4,20250800,3207.4,20250800,3180.1,20250600
2025-05-16 13:00:00,3210.8,20250800,3210.8,20250800,3183.2,20250600
2025-05-16 14:00:00,3202.3,20250800,3202.3,20250800,3175.5,20250600
2025-05-16 15:00:00,3214.1,20250800,3214.1,20250800,3186.7,20250600
2025-05-16 16:00:00,3219.5,20250800,3219.5,20250800,3192.5,20250600
2025-05-16 17:00:00,3219.0,20250800,3219.0,20250800,3192.0,20250600
2025-05-16 18:00:00,3216.7,20250800,3216.7,20250800,3189.9,20250600
2025-05-16 19:00:00,3221.0,20250800,3221.0,20250800,3194.4,20250600
2025-05-16 20:00:00,3232.8,20250800,3232.8,20250800,3205.7,20250600
2025-05-16 23:00:00,3232.8,20250800,3232.8,20250800,3205.7,20250600
2025-05-18 22:00:00,3268.7,20250800,3268.7,20250800,3242.2,20250600
2025-05-18 23:00:00,3285.3,20251000,3285.3,20251000,3265.5,20250800
2025-05-19 00:00:00,3300.2,20251000,3300.2,20251000,3276.0,20250800
2025-05-19 01:00:00,3273.0,20251000,3273.0,20251000,3249.9,20250800
2025-05-19 02:00:00,3281.1,20251000,3281.1,20251000,3257.6,20250800
2025-05-19 03:00:00,3269.0,20251000,3269.0,20251000,3241.9,20250800
2025-05-19 04:00:00,3271.0,20251000,3271.0,20251000,3245.6,20250800
2025-05-19 05:00:00,3280.4,20251000,3280.4,20251000,3253.8,20250800
2025-05-19 06:00:00,3282.2,20251000,3282.2,20251000,3254.0,20250800
2025-05-19 07:00:00,3291.9,20251000,3291.9,20251000,3262.2,20250800
2025-05-19 08:00:00,3302.0,20251000,3302.0,20251000,3275.1,20250800
2025-05-19 09:00:00,3299.5,20251000,3299.5,20251000,3271.6,20250800
2025-05-19 10:00:00,3300.9,20251000,3300.9,20251000,3272.3,20250800
2025-05-19 11:00:00,3302.5,20251000,3302.5,20251000,3274.5,20250800
2025-05-19 12:00:00,3287.3,20251000,3287.3,20251000,3259.2,20250800
2025-05-19 13:00:00,3286.0,20251000,3286.0,20251000,3261.6,20250800
2025-05-19 14:00:00,3293.1,20251000,3293.1,20251000,3264.1,20250800
2025-05-19 15:00:00,3295.0,20251000,3295.0,20251000,3261.6,20250800
2025-05-19 16:00:00,3286.3,20251000,3286.3,20251000,3262.5,20250800
2025-05-19 17:00:00,3284.0,20251000,3284.0,20251000,3256.9,20250800
2025-05-19 18:00:00,3291.4,20251000,3291.4,20251000,3264.0,20250800
2025-05-19 19:00:00,3290.4,20251000,3290.4,20251000,3263.4,20250800
2025-05-19 20:00:00,3289.4,20251000,3289.4,20251000,3261.2,20250800
2025-05-19 22:00:00,3284.4,20251000,3284.4,20251000,3257.0,20250800
2025-05-19 23:00:00,3279.7,20251000,3279.7,20251000,3261.2,20250800
2025-05-20 00:00:00,3278.8,20251000,3278.8,20251000,3252.9,20250800
2025-05-20 01:00:00,3280.0,20251000,3280.0,20251000,3252.0,20250800
2025-05-20 02:00:00,3268.6,20251000,3268.6,20251000,3237.0,20250800
2025-05-20 03:00:00,3268.3,20251000,3268.3,20251000,3240.7,20250800
2025-05-20 04:00:00,3274.4,20251000,3274.4,20251000,3247.6,20250800
2025-05-20 05:00:00,3268.5,20251000,3268.5,20251000,3244.2,20250800
2025-05-20 06:00:00,3267.2,20251000,3267.2,20251000,3240.0,20250800
2025-05-20 07:00:00,3280.3,20251000,3280.3,20251000,3252.9,20250800
2025-05-20 08:00:00,3292.6,20251000,3292.6,20251000,3266.0,20250800
2025-05-20 09:00:00,3293.2,20251000,3293.2,20251000,3266.5,20250800
2025-05-20 10:00:00,3292.9,20251000,3292.9,20251000,3265.5,20250800
2025-05-20 11:00:00,3297.2,20251000,3297.2,20251000,3271.5,20250800
2025-05-20 12:00:00,3302.9,20251000,3302.9,20251000,3272.6,20250800
2025-05-20 13:00:00,3320.0,20251000,3320.0,20251000,3292.2,20250800
2025-05-20 14:00:00,3341.0,20251000,3341.0,20251000,3313.4,20250800
2025-05-20 15:00:00,3335.0,20251000,3335.0,20251000,3307.9,20250800
2025-05-20 16:00:00,3337.9,20251000,3337.9,20251000,3309.6,20250800
2025-05-20 17:00:00,3344.2,20251000,3344.2,20251000,3317.3,20250800
2025-05-20 18:00:00,3347.0,20251000,3347.0,20251000,3319.1,20250800
2025-05-20 19:00:00,3352.5,20251000,3352.5,20251000,3324.7,20250800
2025-05-20 20:00:00,3348.4,20251000,3348.4,20251000,3320.0,20250800
2025-05-20 22:00:00,3354.0,20251000,3354.0,20251000,3328.3,20250800
2025-05-20 23:00:00,3350.7,20251000,3350.7,20251000,3320.0,20250800
2025-05-21 00:00:00,3359.5,20251000,3359.5,20251000,3333.8,20250800
2025-05-21 01:00:00,3353.5,20251000,3353.5,20251000,3324.9,20250800
2025-05-21 02:00:00,3359.7,20251000,3359.7,20251000,3332.2,20250800
2025-05-21 03:00:00,3363.7,20251000,3363.7,20251000,3337.1,20250800
2025-05-21 04:00:00,3362.5,20251000,3362.5,20251000,3332.9,20250800
2025-05-21 05:00:00,3374.1,20251000,3374.1,20251000,3345.9,20250800
2025-05-21 06:00:00,3377.0,20251000,3377.0,20251000,3349.8,20250800
2025-05-21 07:00:00,3366.2,20251000,3366.2,20251000,3339.6,20250800
2025-05-21 08:00:00,3367.1,20251000,3367.1,20251000,3340.0,20250800
2025-05-21 09:00:00,3367.2,20251000,3367.2,20251000,3344.5,20250800
2025-05-21 10:00:00,3369.0,20251000,3369.0,20251000,3342.0,20250800
2025-05-21 11:00:00,3366.5,20251000,3366.5,20251000,3340.0,20250800
2025-05-21 12:00:00,3361.0,20251000,3361.0,20251000,3332.5,20250800
2025-05-21 13:00:00,3363.1,20251000,3363.1,20251000,3335.2,20250800
2025-05-21 14:00:00,3366.1,20251000,3366.1,20251000,3335.2,20250800
2025-05-21 15:00:00,3370.5,20251000,3370.5,20251000,3342.4,20250800
2025-05-21 16:00:00,3361.6,20251000,3361.6,20251000,3333.4,20250800
2025-05-21 17:00:00,3375.0,20251000,3375.0,20251000,3347.2,20250800
2025-05-21 18:00:00,3373.4,20251000,3373.4,20251000,3344.6,20250800
2025-05-21 19:00:00,3377.2,20251000,3377.2,20251000,3349.0,20250800
2025-05-21 20:00:00,3372.6,20251000,3372.6,20251000,3346.0,20250800
2025-05-21 22:00:00,3376.6,20251000,3376.6,20251000,3348.7,20250800
2025-05-21 23:00:00,3380.1,20251000,3380.1,20251000,3346.0,20250800
2025-05-22 00:00:00,3380.0,20251000,3380.0,20251000,3353.4,20250800
2025-05-22 01:00:00,3400.1,20251000,3400.1,20251000,3366.9,20250800
2025-05-22 02:00:00,3400.2,20251000,3400.2,20251000,3371.0,20250800
2025-05-22 03:00:00,3395.7,20251000,3395.7,20251000,3364.7,20250800
2025-05-22 04:00:00,3395.9,20251000,3395.9,20251000,3368.4,20250800
2025-05-22 05:00:00,3389.3,20251000,3389.3,20251000,3362.4,20250800
2025-05-22 06:00:00,3384.8,20251000,3384.8,20251000,3356.8,20250800
2025-05-22 07:00:00,3386.8,20251000,3386.8,20251000,3357.4,20250800
2025-05-22 08:00:00,3367.9,20251000,3367.9,20251000,3340.0,20250800
2025-05-22 09:00:00,3365.6,20251000,3365.6,20251000,3334.0,20250800
2025-05-22 10:00:00,3346.5,20251000,3346.5,20251000,3319.0,20250800
2025-05-22 11:00:00,3371.1,20251000,3371.1,20251000,3343.1,20250800
2025-05-22 12:00:00,3359.9,20251000,3359.9,20251000,3331.7,20250800
2025-05-22 13:00:00,3345.4,20251000,3345.4,20251000,3315.8,20250800
2025-05-22 14:00:00,3353.7,20251000,3353.7,20251000,3326.1,20250800
2025-05-22 15:00:00,3349.4,20251000,3349.4,20251000,3323.0,20250800
2025-05-22 16:00:00,3357.5,20251000,3357.5,20251000,3329.6,20250800
2025-05-22 17:00:00,3354.6,20251000,3354.6,20251000,3324.9,20250800
2025-05-22 18:00:00,3351.5,20251000,3351.5,20251000,3322.0,20250800
2025-05-22 19:00:00,3349.3,20251000,3349.3,20251000,3319.2,20250800
2025-05-22 20:00:00,3351.0,20251000,3351.0,20251000,3324.1,20250800
2025-05-22 22:00:00,3352.9,20251000,3352.9,20251000,3326.5,20250800
2025-05-22 23:00:00,3354.7,20251000,3354.7,20251000,3324.1,20250800
2025-05-23 00:00:00,3353.5,20251000,3353.5,20251000,3328.2,20250800
2025-05-23 01:00:00,3360.4,20251000,3360.4,20251000,3332.5,20250800
2025-05-23 02:00:00,3353.4,20251000,3353.4,20251000,3323.8,20250800
2025-05-23 03:00:00,3358.5,20251000,3358.5,20251000,3330.4,20250800
2025-05-23 04:00:00,3370.0,20251000,3370.0,20251000,3341.6,20250800
2025-05-23 05:00:00,3380.2,20251000,3380.2,20251000,3351.8,20250800
2025-05-23 06:00:00,3387.6,20251000,3387.6,20251000,3359.4,20250800
2025-05-23 07:00:00,3387.5,20251000,3387.5,20251000,3358.0,20250800
2025-05-23 08:00:00,3382.5,20251000,3382.5,20251000,3355.1,20250800
2025-05-23 09:00:00,3386.5,20251000,3386.5,20251000,3356.7,20250800
2025-05-23 10:00:00,3385.5,20251000,3385.5,20251000,3356.8,20250800
2025-05-23 11:00:00,3405.0,20251000,3405.0,20251000,3377.5,20250800
2025-05-23 12:00:00,3414.9,20251000,3414.9,20251000,3387.5,20250800
2025-05-23 13:00:00,3400.3,20251000,3400.3,20251000,3368.8,20250800
2025-05-23 14:00:00,3416.0,20251000,3416.0,20251000,3388.0,20250800
2025-05-23 15:00:00,3418.2,20251000,3418.2,20251000,3390.7,20250800
2025-05-23 16:00:00,3417.0,20251000,3417.0,20251000,3388.0,20250800
2025-05-23 17:00:00,3420.0,20251000,3420.0,20251000,3391.5,20250800
2025-05-23 18:00:00,3419.8,20251000,3419.8,20251000,3390.8,20250800
2025-05-23 19:00:00,3416.8,20251000,3416.8,20251000,3388.9,20250800
2025-05-23 20:00:00,3415.0,20251000,3415.0,20251000,3386.0,20250800
2025-05-23 23:00:00,3415.0,20251000,3415.0,20251000,3386.0,20250800
2025-05-25 22:00:00,3401.3,20251000,3401.3,20251000,3371.6,20250800
2025-05-25 23:00:00,3400.0,20251000,3400.0,20251000,3369.9,20250800
2025-05-26 00:00:00,3393.3,20251000,3393.3,20251000,3369.1,20250800
2025-05-26 01:00:00,3403.2,20251000,3403.2,20251000,3372.4,20250800
2025-05-26 02:00:00,3404.2,20251000,3404.2,20251000,3375.8,20250800
2025-05-26 03:00:00,3402.1,20251000,3402.1,20251000,3374.8,20250800
2025-05-26 04:00:00,3405.0,20251000,3405.0,20251000,3377.2,20250800
2025-05-26 05:00:00,,20251000,,20251000,3375.2,20250800
2025-05-26 06:00:00,3394.6,20251000,3394.6,20251000,3365.1,20250800
2025-05-26 07:00:00,3394.0,20251000,3394.0,20251000,3365.4,20250800
2025-05-26 08:00:00,3388.0,20251000,3388.0,20251000,3362.0,20250800
2025-05-26 09:00:00,3385.0,20251000,3385.0,20251000,3356.9,20250800
2025-05-26 10:00:00,3388.0,20251000,3388.0,20251000,3360.1,20250800
2025-05-26 11:00:00,3390.0,20251000,3390.0,20251000,3361.2,20250800
2025-05-26 12:00:00,3385.5,20251000,3385.5,20251000,3362.7,20250800
2025-05-26 13:00:00,3393.0,20251000,3393.0,20251000,3367.0,20250800
2025-05-26 14:00:00,3394.3,20251000,3394.3,20251000,3366.3,20250800
2025-05-26 15:00:00,3395.8,20251000,3395.8,20251000,3366.6,20250800
2025-05-26 16:00:00,3400.0,20251000,3400.0,20251000,3370.7,20250800
2025-05-26 17:00:00,3399.5,20251000,3399.5,20251000,3369.7,20250800
2025-05-26 18:00:00,3399.7,20251000,3399.7,20251000,3371.0,20250800
2025-05-26 22:00:00,3405.1,20251000,3405.1,20251000,3376.3,20250800
2025-05-26 23:00:00,3403.0,20251000,3403.0,20251000,3374.5,20250800
2025-05-27 00:00:00,3399.9,20251000,3399.9,20251000,3373.0,20250800
2025-05-27 01:00:00,3391.9,20251000,3391.9,20251000,3363.7,20250800
2025-05-27 02:00:00,3400.3,20251000,3400.3,20251000,3370.8,20250800
2025-05-27 03:00:00,3402.9,20251000,3402.9,20251000,3369.5,20250800
2025-05-27 04:00:00,3387.8,20251000,3387.8,20251000,3358.9,20250800
2025-05-27 05:00:00,3382.4,20251000,3382.4,20251000,3350.6,20250800
2025-05-27 06:00:00,3365.6,20251000,3365.6,20251000,3336.8,20250800
2025-05-27 07:00:00,3351.5,20251000,3351.5,20251000,3324.0,20250800
2025-05-27 08:00:00,3355.5,20251000,3355.5,20251000,3326.2,20250800
2025-05-27 09:00:00,3351.0,20251000,3351.0,20251000,3324.3,20250800
2025-05-27 10:00:00,3346.7,20251000,3346.7,20251000,3320.0,20250800
2025-05-27 11:00:00,3343.4,20251000,3343.4,20251000,3315.3,20250800
2025-05-27 12:00:00,3348.9,20251000,3348.9,20251000,3320.5,20250800
2025-05-27 13:00:00,3351.0,20251000,3351.0,20251000,3322.1,20250800
2025-05-27 14:00:00,3358.9,20251000,3358.9,20251000,3327.5,20250800
2025-05-27 15:00:00,3350.6,20251000,3350.6,20251000,3320.0,20250800
2025-05-27 16:00:00,3352.1,20251000,3352.1,20251000,3324.9,20250800
2025-05-27 17:00:00,3356.5,20251000,3356.5,20251000,3327.9,20250800
2025-05-27 18:00:00,3358.7,20251000,3358.7,20251000,3329.7,20250800
2025-05-27 19:00:00,3363.0,20251000,3363.0,20251000,3330.8,20250800
2025-05-27 20:00:00,3360.0,20251000,3360.0,20251000,3327.9,20250800
2025-05-27 22:00:00,3358.5,20251000,3358.5,20251000,3329.4,20250800
2025-05-27 23:00:00,3364.2,20251000,3364.2,20251000,3335.9,20250800
2025-05-28 00:00:00,3362.8,20251000,3362.8,20251000,3334.7,20250800
2025-05-28 01:00:00,3357.1,20251000,3357.1,20251000,3327.6,20250800
2025-05-28 02:00:00,3357.2,20251000,3357.2,20251000,3329.0,20250800
2025-05-28 03:00:00,3352.0,20251000,3352.0,20251000,3323.6,20250800
2025-05-28 04:00:00,3349.9,20251000,3349.9,20251000,3322.2,20250800
2025-05-28 05:00:00,3362.8,20251000,3362.8,20251000,3333.7,20250800
2025-05-28 06:00:00,3362.5,20251000,3362.5,20251000,3334.2,20250800
2025-05-28 07:00:00,3372.9,20251000,3372.9,20251000,3344.9,20250800
2025-05-28 08:00:00,3376.6,20251000,3376.6,20251000,3347.5,20250800
2025-05-28 09:00:00,3379.3,20251000,3379.3,20251000,3350.6,20250800
2025-05-28 10:00:00,3367.6,20251000,3367.6,20251000,3339.1,20250800
2025-05-28 11:00:00,3366.1,20251000,3366.1,20251000,3337.0,20250800
2025-05-28 12:00:00,3365.5,20251000,3365.5,20251000,3338.1,20250800
2025-05-28 13:00:00,3360.6,20251000,3360.6,20251000,3330.8,20250800
2025-05-28 14:00:00,3355.5,20251000,3355.5,20251000,3329.2,20250800
2025-05-28 15:00:00,3349.1,20251000,3349.1,20251000,3322.1,20250800
2025-05-28 16:00:00,3344.6,20251000,3344.6,20251000,3319.0,20250800
2025-05-28 17:00:00,3349.0,20251000,3349.0,20251000,3322.5,20250800
2025-05-28 18:00:00,3354.9,20251000,3354.9,20251000,3327.5,20250800
2025-05-28 19:00:00,3350.8,20251000,3350.8,20251000,3322.3,20250800
2025-05-28 20:00:00,3340.0,20251000,3340.0,20251000,3312.0,20250800
2025-05-28 22:00:00,3336.5,20251000,3336.5,20251000,3310.5,20250800
2025-05-28 23:00:00,3340.0,20251000,3340.0,20251000,3312.0,20250800
2025-05-29 00:00:00,3315.4,20251000,3315.4,20251000,3288.6,20250800
2025-05-29 01:00:00,3315.1,20251000,3315.1,20251000,3287.0,20250800
2025-05-29 02:00:00,3322.4,20251000,3322.4,20251000,3293.7,20250800
2025-05-29 03:00:00,3327.0,20251000,3327.0,20251000,3298.1,20250800
2025-05-29 04:00:00,3321.3,20251000,3321.3,20251000,3293.0,20250800
2025-05-29 05:00:00,3323.0,20251000,3323.0,20251000,3296.5,20250800
2025-05-29 06:00:00,3323.6,20251000,3323.6,20251000,3295.5,20250800
2025-05-29 07:00:00,3338.6,20251000,3338.6,20251000,3310.8,20250800
2025-05-29 08:00:00,3333.9,20251000,3333.9,20251000,3306.2,20250800
2025-05-29 09:00:00,3333.6,20251000,3333.6,20251000,3306.3,20250800
2025-05-29 10:00:00,3349.0,20251000,3349.0,20251000,3321.3,20250800
2025-05-29 11:00:00,3352.3,20251000,3352.3,20251000,3324.4,20250800
2025-05-29 12:00:00,3369.7,20251000,3369.7,20251000,3341.1,20250800
2025-05-29 13:00:00,3364.2,20251000,3364.2,20251000,3337.3,20250800
2025-05-29 14:00:00,3362.4,20251000,3362.4,20251000,3334.8,20250800
2025-05-29 15:00:00,3374.0,20251000,3374.0,20251000,3346.1,20250800
2025-05-29 16:00:00,3374.2,20251000,3374.2,20251000,3347.1,20250800
2025-05-29 17:00:00,3373.7,20251000,3373.7,20251000,3349.1,20250800
2025-05-29 18:00:00,3372.2,20251000,3372.2,20251000,3345.1,20250800
2025-05-29 19:00:00,3366.9,20251000,3366.9,20251000,3340.8,20250800
2025-05-29 20:00:00,3368.4,20251000,3368.4,20251000,3342.4,20250800
2025-05-29 22:00:00,3364.6,20251000,3364.6,20251000,3337.8,20250800
2025-05-29 23:00:00,3365.2,20251000,3365.2,20251000,3338.8,20250800
2025-05-30 00:00:00,3362.9,20251000,3362.9,20251000,3335.5,20250800
2025-05-30 01:00:00,3362.3,20251000,3362.3,20251000,3334.4,20250800
2025-05-30 02:00:00,3346.4,20251000,3346.4,20251000,3320.5,20250800
2025-05-30 03:00:00,3345.9,20251000,3345.9,20251000,3317.8,20250800
2025-05-30 04:00:00,3345.8,20251000,3345.8,20251000,3319.6,20250800
2025-05-30 05:00:00,3354.2,20251000,3354.2,20251000,3327.1,20250800
2025-05-30 06:00:00,3352.2,20251000,3352.2,20251000,3325.6,20250800
2025-05-30 07:00:00,3345.0,20251000,3345.0,20251000,3319.1,20250800
2025-05-30 08:00:00,3345.8,20251000,3345.8,20251000,3319.9,20250800
2025-05-30 09:00:00,3348.7,20251000,3348.7,20251000,3319.7,20250800
2025-05-30 10:00:00,3346.8,20251000,3346.8,20251000,3319.2,20250800
2025-05-30 11:00:00,3340.6,20251000,3340.6,20251000,3318.2,20250800
2025-05-30 12:00:00,3356.4,20251000,3356.4,20251000,3328.8,20250800
2025-05-30 13:00:00,3328.0,20251000,3328.0,20251000,3300.7,20250800
2025-05-30 14:00:00,3332.0,20251000,3332.0,20251000,3306.6,20250800
2025-05-30 15:00:00,3339.2,20251000,3339.2,20251000,3312.8,20250800
2025-05-30 16:00:00,3345.2,20251000,3345.2,20251000,3317.6,20250800
2025-05-30 17:00:00,3343.8,20251000,3343.8,20251000,3315.0,20250800
2025-05-30 18:00:00,3345.6,20251000,3345.6,20251000,3317.8,20250800
2025-05-30 19:00:00,3343.9,20251000,3343.9,20251000,3318.7,20250800
2025-05-30 20:00:00,3341.8,20251000,3341.8,20251000,3313.1,20250800
2025-05-30 23:00:00,3341.8,20251000,3341.8,20251000,3313.1,20250800
2025-06-01 22:00:00,3364.3,20251000,3364.3,20251000,3336.9,20250800
2025-06-01 23:00:00,3360.6,20251000,3360.6,20251000,3333.9,20250800
2025-06-02 00:00:00,3357.6,20251000,3357.6,20251000,3334.4,20250800
2025-06-02 01:00:00,3352.0,20251000,3352.0,20251000,3326.6,20250800
2025-06-02 02:00:00,3358.0,20251000,3358.0,20251000,3330.3,20250800
2025-06-02 03:00:00,3359.7,20251000,3359.7,20251000,3332.5,20250800
2025-06-02 04:00:00,3368.4,20251000,3368.4,20251000,3337.8,20250800
2025-06-02 05:00:00,3374.7,20251000,3374.7,20251000,3347.6,20250800
2025-06-02 06:00:00,3395.1,20251000,3395.1,20251000,3368.9,20250800
2025-06-02 07:00:00,3404.7,20251000,3404.7,20251000,3377.1,20250800
2025-06-02 08:00:00,3405.4,20251000,3405.4,20251000,3376.5,20250800
2025-06-02 09:00:00,3399.7,20251000,3399.7,20251000,3372.8,20250800
2025-06-02 10:00:00,3401.6,20251000,3401.6,20251000,3373.4,20250800
2025-06-02 11:00:00,3406.1,20251000,3406.1,20251000,3381.3,20250800
2025-06-02 12:00:00,3407.2,20251000,3407.2,20251000,3380.0,20250800
2025-06-02 13:00:00,3423.0,20251000,3423.0,20251000,3395.7,20250800
2025-06-02 14:00:00,3428.5,20251000,3428.5,20251000,3400.6,20250800
2025-06-02 15:00:00,3425.7,20251000,3425.7,20251000,3399.0,20250800
2025-06-02 16:00:00,3424.5,20251000,3424.5,20251000,3397.0,20250800
2025-06-02 17:00:00,3426.1,20251000,3426.1,20251000,3399.3,20250800
2025-06-02 18:00:00,3432.0,20251000,3432.0,20251000,3404.4,20250800
2025-06-02 19:00:00,3433.6,20251000,3433.6,20251000,3406.4,20250800
2025-06-02 20:00:00,3433.4,20251000,3433.4,20251000,3406.5,20250800
2025-06-02 22:00:00,3442.0,20251000,3442.0,20251000,3414.8,20250800
2025-06-02 23:00:00,3433.4,20251000,3433.4,20251000,3412.8,20250800
2025-06-03 00:00:00,3428.6,20251000,3428.6,20251000,3401.1,20250800
2025-06-03 01:00:00,3423.9,20251000,3423.9,20251000,3397.5,20250800
2025-06-03 02:00:00,3421.8,20251000,3421.8,20251000,3393.6,20250800
2025-06-03 03:00:00,3413.0,20251000,3413.0,20251000,3385.5,20250800
2025-06-03 04:00:00,3414.7,20251000,3414.7,20251000,3387.1,20250800
2025-06-03 05:00:00,3418.2,20251000,3418.2,20251000,3389.9,20250800
2025-06-03 06:00:00,3409.8,20251000,3409.8,20251000,3383.2,20250800
2025-06-03 07:00:00,3411.7,20251000,3411.7,20251000,3384.6,20250800
2025-06-03 08:00:00,3412.9,20251000,3412.9,20251000,3385.7,20250800
2025-06-03 09:00:00,3408.6,20251000,3408.6,20251000,3381.4,20250800
2025-06-03 10:00:00,3407.3,20251000,3407.3,20251000,3379.9,20250800
2025-06-03 11:00:00,3410.6,20251000,3410.6,20251000,3383.5,20250800
2025-06-03 12:00:00,3410.8,20251000,3410.8,20251000,3383.7,20250800
2025-06-03 13:00:00,3396.6,20251000,3396.6,20251000,3370.4,20250800
2025-06-03 14:00:00,3399.7,20251000,3399.7,20251000,3370.5,20250800
2025-06-03 15:00:00,3401.1,20251000,3401.1,20251000,3374.0,20250800
2025-06-03 16:00:00,3399.5,20251000,3399.5,20251000,3372.3,20250800
2025-06-03 17:00:00,3406.1,20251000,3406.1,20251000,3377.6,20250800
2025-06-03 18:00:00,3404.8,20251000,3404.8,20251000,3377.7,20250800
2025-06-03 19:00:00,3403.1,20251000,3403.1,20251000,3376.4,20250800
2025-06-03 20:00:00,3405.8,20251000,3405.8,20251000,3377.1,20250800
2025-06-03 22:00:00,3409.2,20251000,3409.2,20251000,3381.1,20250800
2025-06-03 23:00:00,3405.8,20251000,3405.8,20251000,3377.1,20250800
2025-06-04 00:00:00,3401.4,20251000,3401.4,20251000,3373.8,20250800
2025-06-04 01:00:00,3423.7,20251000,3423.7,20251000,3395.2,20250800
2025-06-04 02:00:00,3417.8,20251000,3417.8,20251000,3389.5,20250800
2025-06-04 03:00:00,3411.1,20251000,3411.1,20251000,3383.4,20250800
2025-06-04 04:00:00,3406.4,20251000,3406.4,20251000,3378.4,20250800
2025-06-04 05:00:00,3402.5,20251000,3402.5,20251000,3374.5,20250800
2025-06-04 06:00:00,3406.7,20251000,3406.7,20251000,3379.6,20250800
2025-06-04 07:00:00,3405.8,20251000,3405.8,20251000,3378.1,20250800
2025-06-04 08:00:00,3414.2,20251000,3414.2,20251000,3386.3,20250800
2025-06-04 09:00:00,3415.8,20251000,3415.8,20251000,3387.1,20250800
2025-06-04 10:00:00,3403.3,20251000,3403.3,20251000,3374.7,20250800
2025-06-04 11:00:00,3397.0,20251000,3397.0,20251000,3370.5,20250800
2025-06-04 12:00:00,3409.9,20251000,3409.9,20251000,3383.2,20250800
2025-06-04 13:00:00,3404.7,20251000,3404.7,20251000,3376.9,20250800
2025-06-04 14:00:00,3429.6,20251000,3429.6,20251000,3401.5,20250800
2025-06-04 15:00:00,3424.0,20251000,3424.0,20251000,3396.7,20250800
2025-06-04 16:00:00,3427.6,20251000,3427.6,20251000,3399.5,20250800
2025-06-04 17:00:00,3431.4,20251000,3431.4,20251000,3403.8,20250800
2025-06-04 18:00:00,3427.8,20251000,3427.8,20251000,3400.9,20250800
2025-06-04 19:00:00,3424.4,20251000,3424.4,20251000,3397.3,20250800
2025-06-04 20:00:00,3424.6,20251000,3424.6,20251000,3397.5,20250800
2025-06-04 22:00:00,3425.3,20251000,3425.3,20251000,3397.2,20250800
2025-06-04 23:00:00,3428.7,20251000,3428.7,20251000,3397.5,20250800
2025-06-05 00:00:00,3430.4,20251000,3430.4,20251000,3403.8,20250800
2025-06-05 01:00:00,3425.6,20251000,3425.6,20251000,3397.3,20250800
2025-06-05 02:00:00,3421.7,20251000,3421.7,20251000,3393.7,20250800
2025-06-05 03:00:00,3421.5,20251000,3421.5,20251000,3393.3,20250800
2025-06-05 04:00:00,3419.4,20251000,3419.4,20251000,3391.6,20250800
2025-06-05 05:00:00,3412.8,20251000,3412.8,20251000,3387.3,20250800
2025-06-05 06:00:00,3416.9,20251000,3416.9,20251000,3389.5,20250800
2025-06-05 07:00:00,3421.4,20251000,3421.4,20251000,3394.7,20250800
2025-06-05 08:00:00,3426.8,20251000,3426.8,20251000,3398.7,20250800
2025-06-05 09:00:00,3441.0,20251000,3441.0,20251000,3413.5,20250800
2025-06-05 10:00:00,3451.5,20251000,3451.5,20251000,3424.0,20250800
2025-06-05 11:00:00,3444.6,20251000,3444.6,20251000,3416.5,20250800
2025-06-05 12:00:00,3435.4,20251000,3435.4,20251000,3407.4,20250800
2025-06-05 13:00:00,3429.8,20251000,3429.8,20251000,3402.2,20250800
2025-06-05 14:00:00,3414.9,20251000,3414.9,20251000,3391.0,20250800
2025-06-05 15:00:00,3395.3,20251000,3395.3,20251000,3367.9,20250800
2025-06-05 16:00:00,3404.8,20251000,3404.8,20251000,3377.0,20250800
2025-06-05 17:00:00,3404.8,20251000,3404.8,20251000,3376.8,20250800
2025-06-05 18:00:00,3403.9,20251000,3403.9,20251000,3376.7,20250800
2025-06-05 19:00:00,3410.5,20251000,3410.5,20251000,3380.5,20250800
2025-06-05 20:00:00,3403.7,20251000,3403.7,20251000,3375.9,20250800
2025-06-05 22:00:00,3409.8,20251000,3409.8,20251000,3381.7,20250800
2025-06-05 23:00:00,3403.7,20251000,3403.7,20251000,3384.9,20250800
2025-06-06 00:00:00,3409.4,20251000,3409.4,20251000,3381.8,20250800
2025-06-06 01:00:00,3414.7,20251000,3414.7,20251000,3386.9,20250800
2025-06-06 02:00:00,3414.7,20251000,3414.7,20251000,3387.1,20250800
2025-06-06 03:00:00,3421.7,20251000,3421.7,20251000,3392.4,20250800
2025-06-06 04:00:00,3422.6,20251000,3422.6,20251000,3396.2,20250800
2025-06-06 05:00:00,3417.1,20251000,3417.1,20251000,3389.6,20250800
2025-06-06 06:00:00,3412.3,20251000,3412.3,20251000,3384.1,20250800
2025-06-06 07:00:00,3410.3,20251000,3410.3,20251000,3382.5,20250800
2025-06-06 08:00:00,3416.4,20251000,3416.4,20251000,3388.5,20250800
2025-06-06 09:00:00,3407.7,20251000,3407.7,20251000,3379.9,20250800
2025-06-06 10:00:00,3411.1,20251000,3411.1,20251000,3383.8,20250800
2025-06-06 11:00:00,3410.8,20251000,3410.8,20251000,3381.7,20250800
2025-06-06 12:00:00,3404.8,20251000,3404.8,20251000,3375.9,20250800
2025-06-06 13:00:00,3394.3,20251000,3394.3,20251000,3365.7,20250800
2025-06-06 14:00:00,3377.5,20251000,3377.5,20251000,3348.7,20250800
2025-06-06 15:00:00,3383.5,20251000,3383.5,20251000,3354.5,20250800
2025-06-06 16:00:00,3372.5,20251000,3372.5,20251000,3344.8,20250800
2025-06-06 17:00:00,3373.0,20251000,3373.0,20251000,3345.9,20250800
2025-06-06 18:00:00,3367.2,20251000,3367.2,20251000,3339.9,20250800
2025-06-06 19:00:00,3361.2,20251000,3361.2,20251000,3334.2,20250800
2025-06-06 20:00:00,3358.2,20251000,3358.2,20251000,3331.1,20250800
2025-06-06 23:00:00,3358.2,20251000,3358.2,20251000,3331.1,20250800
2025-06-08 22:00:00,3361.4,20251000,3361.4,20251000,3334.6,20250800
2025-06-08 23:00:00,3366.6,20251000,3366.6,20251000,3338.4,20250800
2025-06-09 00:00:00,3352.6,20251000,3352.6,20251000,3325.4,20250800
2025-06-09 01:00:00,3343.2,20251000,3343.2,20251000,3315.7,20250800
2025-06-09 02:00:00,3355.4,20251000,3355.4,20251000,3325.2,20250800
2025-06-09 03:00:00,3358.2,20251000,3358.2,20251000,3330.8,20250800
2025-06-09 04:00:00,3360.0,20251000,3360.0,20251000,3331.8,20250800
2025-06-09 05:00:00,3362.8,20251000,3362.8,20251000,3334.9,20250800
2025-06-09 06:00:00,3373.2,20251000,3373.2,20251000,3345.5,20250800
2025-06-09 07:00:00,3375.0,20251000,3375.0,20251000,3345.0,20250800
2025-06-09 08:00:00,3368.9,20251000,3368.9,20251000,3340.5,20250800
2025-06-09 09:00:00,3367.7,20251000,3367.7,20251000,3339.6,20250800
2025-06-09 10:00:00,3361.2,20251000,3361.2,20251000,3335.6,20250800
2025-06-09 11:00:00,3366.3,20251000,3366.3,20251000,3338.6,20250800
2025-06-09 12:00:00,3365.6,20251000,3365.6,20251000,3341.3,20250800
2025-06-09 13:00:00,3368.2,20251000,3368.2,20251000,3339.9,20250800
2025-06-09 14:00:00,3368.7,20251000,3368.7,20251000,3341.8,20250800
2025-06-09 15:00:00,3378.0,20251000,3378.0,20251000,3349.7,20250800
2025-06-09 16:00:00,3385.4,20251000,3385.4,20251000,3358.4,20250800
2025-06-09 17:00:00,3382.9,20251000,3382.9,20251000,3353.9,20250800
2025-06-09 18:00:00,3381.5,20251000,3381.5,20251000,3354.0,20250800
2025-06-09 19:00:00,3376.2,20251000,3376.2,20251000,3348.3,20250800
2025-06-09 20:00:00,3374.2,20251000,3374.2,20251000,3346.6,20250800
2025-06-09 22:00:00,3371.1,20251000,3371.1,20251000,3343.7,20250800
2025-06-09 23:00:00,3374.2,20251000,3374.2,20251000,3346.6,20250800
2025-06-10 00:00:00,3363.8,20251000,3363.8,20251000,3336.0,20250800
2025-06-10 01:00:00,3355.1,20251000,3355.1,20251000,3325.8,20250800
2025-06-10 02:00:00,3356.8,20251000,3356.8,20251000,3328.9,20250800
2025-06-10 03:00:00,3355.0,20251000,3355.0,20251000,3327.4,20250800
2025-06-10 04:00:00,3355.2,20251000,3355.2,20251000,3326.7,20250800
2025-06-10 05:00:00,3365.1,20251000,3365.1,20251000,3337.9,20250800
2025-06-10 06:00:00,3373.5,20251000,3373.5,20251000,3345.2,20250800
2025-06-10 07:00:00,3377.7,20251000,3377.7,20251000,3350.3,20250800
2025-06-10 08:00:00,3377.7,20251000,3377.7,20251000,3349.7,20250800
2025-06-10 09:00:00,3378.3,20251000,3378.3,20251000,3350.4,20250800
2025-06-10 10:00:00,3383.6,20251000,3383.6,20251000,3356.3,20250800
2025-06-10 11:00:00,3382.0,20251000,3382.0,20251000,3354.4,20250800
2025-06-10 12:00:00,3386.4,20251000,3386.4,20251000,3358.1,20250800
2025-06-10 13:00:00,3392.8,20251000,3392.8,20251000,3364.8,20250800
2025-06-10 14:00:00,3376.3,20251000,3376.3,20251000,3349.0,20250800
2025-06-10 15:00:00,3375.9,20251000,3375.9,20251000,3347.5,20250800
2025-06-10 16:00:00,3370.4,20251000,3370.4,20251000,3342.2,20250800
2025-06-10 17:00:00,3374.0,20251000,3374.0,20251000,3345.8,20250800
2025-06-10 18:00:00,3368.9,20251000,3368.9,20251000,3342.4,20250800
2025-06-10 19:00:00,3376.8,20251000,3376.8,20251000,3350.0,20250800
2025-06-10 20:00:00,3372.5,20251000,3372.5,20251000,3344.6,20250800
2025-06-10 22:00:00,3371.8,20251000,3371.8,20251000,3344.8,20250800
2025-06-10 23:00:00,3372.5,20251000,3372.5,20251000,3348.9,20250800
2025-06-11 00:00:00,3381.0,20251000,3381.0,20251000,3353.2,20250800
2025-06-11 01:00:00,3377.6,20251000,3377.6,20251000,3349.5,20250800
2025-06-11 02:00:00,3388.0,20251000,3388.0,20251000,3359.3,20250800
2025-06-11 03:00:00,3388.4,20251000,3388.4,20251000,3360.9,20250800
2025-06-11 04:00:00,3391.1,20251000,3391.1,20251000,3363.4,20250800
2025-06-11 05:00:00,3388.0,20251000,3388.0,20251000,3360.6,20250800
2025-06-11 06:00:00,3387.2,20251000,3387.2,20251000,3358.1,20250800
2025-06-11 07:00:00,3394.3,20251000,3394.3,20251000,3366.8,20250800
2025-06-11 08:00:00,3393.4,20251000,3393.4,20251000,3365.7,20250800
2025-06-11 09:00:00,3381.5,20251000,3381.5,20251000,3354.5,20250800
2025-06-11 10:00:00,3378.2,20251000,3378.2,20251000,3350.4,20250800
2025-06-11 11:00:00,3382.3,20251000,3382.3,20251000,3353.8,20250800
2025-06-11 12:00:00,3385.8,20251000,3385.8,20251000,3357.4,20250800
2025-06-11 13:00:00,3378.3,20251000,3378.3,20251000,3351.1,20250800
2025-06-11 14:00:00,3386.6,20251000,3386.6,20251000,3358.5,20250800
2025-06-11 15:00:00,3381.4,20251000,3381.4,20251000,3353.7,20250800
2025-06-11 16:00:00,3378.2,20251000,3378.2,20251000,3351.0,20250800
2025-06-11 17:00:00,3372.1,20251000,3372.1,20251000,3344.4,20250800
2025-06-11 18:00:00,3392.3,20251000,3392.3,20251000,3364.4,20250800
2025-06-11 19:00:00,3395.7,20251000,3395.7,20251000,3367.9,20250800
2025-06-11 20:00:00,3403.8,20251000,3403.8,20251000,3375.9,20250800
2025-06-11 22:00:00,3417.5,20251000,3417.5,20251000,3389.5,20250800
2025-06-11 23:00:00,3403.8,20251000,3403.8,20251000,3386.0,20250800
2025-06-12 00:00:00,3414.1,20251000,3414.1,20251000,3386.4,20250800
2025-06-12 01:00:00,3420.0,20251000,3420.0,20251000,3391.6,20250800
2025-06-12 02:00:00,3423.5,20251000,3423.5,20251000,3395.0,20250800
2025-06-12 03:00:00,3419.3,20251000,3419.3,20251000,3392.9,20250800
2025-06-12 04:00:00,3420.4,20251000,3420.4,20251000,3391.0,20250800
2025-06-12 05:00:00,3423.1,20251000,3423.1,20251000,3394.6,20250800
2025-06-12 06:00:00,3422.5,20251000,3422.5,20251000,3395.1,20250800
2025-06-12 07:00:00,3391.6,20251000,3391.6,20251000,3366.6,20250800
2025-06-12 08:00:00,3403.4,20251000,3403.4,20251000,3376.2,20250800
2025-06-12 09:00:00,3413.5,20251000,3413.5,20251000,3385.6,20250800
2025-06-12 10:00:00,3430.4,20251000,3430.4,20251000,3403.1,20250800
2025-06-12 11:00:00,3426.5,20251000,3426.5,20251000,3399.8,20250800
2025-06-12 12:00:00,3437.1,20251000,3437.1,20251000,3409.1,20250800
2025-06-12 13:00:00,3440.0,20251000,3440.0,20251000,3412.9,20250800
2025-06-12 14:00:00,3431.2,20251000,3431.2,20251000,3404.4,20250800
2025-06-12 15:00:00,3434.0,20251000,3434.0,20251000,3406.3,20250800
2025-06-12 16:00:00,3432.3,20251000,3432.3,20251000,3404.5,20250800
2025-06-12 17:00:00,3430.3,20251000,3430.3,20251000,3403.4,20250800
2025-06-12 18:00:00,3433.5,20251000,3433.5,20251000,3406.4,20250800
2025-06-12 19:00:00,3435.9,20251000,3435.9,20251000,3408.5,20250800
2025-06-12 20:00:00,3433.7,20251000,3433.7,20251000,3406.5,20250800
2025-06-12 22:00:00,3430.8,20251000,3430.8,20251000,3404.2,20250800
2025-06-12 23:00:00,3433.7,20251000,3433.7,20251000,3416.6,20250800
2025-06-13 00:00:00,3463.9,20251000,3463.9,20251000,3436.5,20250800
2025-06-13 01:00:00,3476.3,20251000,3476.3,20251000,3449.0,20250800
2025-06-13 02:00:00,3492.2,20251000,3492.2,20251000,3464.4,20250800
2025-06-13 03:00:00,3478.0,20251000,3478.0,20251000,3447.8,20250800
2025-06-13 04:00:00,3475.0,20251000,3475.0,20251000,3447.2,20250800
2025-06-13 05:00:00,3474.8,20251000,3474.8,20251000,3447.3,20250800
2025-06-13 06:00:00,3466.2,20251000,3466.2,20251000,3437.1,20250800
2025-06-13 07:00:00,3462.8,20251000,3462.8,20251000,3435.6,20250800
2025-06-13 08:00:00,3472.4,20251000,3472.4,20251000,3444.7,20250800
2025-06-13 09:00:00,3471.7,20251000,3471.7,20251000,3444.5,20250800
2025-06-13 10:00:00,3464.2,20251000,3464.2,20251000,3436.0,20250800
2025-06-13 11:00:00,3470.1,20251000,3470.1,20251000,3442.4,20250800
2025-06-13 12:00:00,3485.0,20251000,3485.0,20251000,3457.1,20250800
2025-06-13 13:00:00,3484.3,20251000,3484.3,20251000,3457.4,20250800
2025-06-13 14:00:00,3474.0,20251000,3474.0,20251000,3448.3,20250800
2025-06-13 15:00:00,3473.0,20251000,3473.0,20251000,3446.3,20250800
2025-06-13 16:00:00,3476.8,20251000,3476.8,20251000,3450.4,20250800
2025-06-13 17:00:00,3478.4,20251000,3478.4,20251000,3450.4,20250800
2025-06-13 18:00:00,3485.2,20251000,3485.2,20251000,3456.6,20250800
2025-06-13 19:00:00,3480.1,20251000,3480.1,20251000,3452.2,20250800
2025-06-13 20:00:00,3480.6,20251000,3480.6,20251000,3453.0,20250800
2025-06-13 23:00:00,3480.6,20251000,3480.6,20251000,3453.0,20250800
2025-06-15 22:00:00,3497.4,20251000,3497.4,20251000,3469.1,20250800
2025-06-15 23:00:00,3491.3,20251000,3491.3,20251000,3464.1,20250800
2025-06-16 00:00:00,3484.6,20251000,3484.6,20251000,3456.5,20250800
2025-06-16 01:00:00,3489.0,20251000,3489.0,20251000,3460.5,20250800
2025-06-16 02:00:00,3486.3,20251000,3486.3,20251000,3457.9,20250800
2025-06-16 03:00:00,3476.6,20251000,3476.6,20251000,3450.7,20250800
2025-06-16 04:00:00,3473.7,20251000,3473.7,20251000,3446.6,20250800
2025-06-16 05:00:00,3469.2,20251000,3469.2,20251000,3441.1,20250800
2025-06-16 06:00:00,3465.4,20251000,3465.4,20251000,3438.0,20250800
2025-06-16 07:00:00,3459.7,20251000,3459.7,20251000,3432.2,20250800
2025-06-16 08:00:00,3461.0,20251000,3461.0,20251000,3433.0,20250800
2025-06-16 09:00:00,3459.6,20251000,3459.6,20251000,3431.3,20250800
2025-06-16 10:00:00,3468.2,20251000,3468.2,20251000,3440.5,20250800
2025-06-16 11:00:00,3462.9,20251000,3462.9,20251000,3434.4,20250800
2025-06-16 12:00:00,3464.4,20251000,3464.4,20251000,3435.3,20250800
2025-06-16 13:00:00,3435.4,20251000,3435.4,20251000,3407.4,20250800
2025-06-16 14:00:00,3443.6,20251000,3443.6,20251000,3416.1,20250800
2025-06-16 15:00:00,3451.6,20251000,3451.6,20251000,3424.1,20250800
2025-06-16 16:00:00,3446.0,20251000,3446.0,20251000,3418.5,20250800
2025-06-16 17:00:00,3440.4,20251000,3440.4,20251000,3412.2,20250800
2025-06-16 18:00:00,3432.9,20251000,3432.9,20251000,3404.7,20250800
2025-06-16 19:00:00,3432.0,20251000,3432.0,20251000,3403.0,20250800
2025-06-16 20:00:00,3430.3,20251000,3430.3,20251000,3404.0,20250800
2025-06-16 22:00:00,3441.8,20251000,3441.8,20251000,3414.4,20250800
2025-06-16 23:00:00,3430.3,20251000,3430.3,20251000,3404.0,20250800
2025-06-17 00:00:00,3439.0,20251000,3439.0,20251000,3413.5,20250800
2025-06-17 01:00:00,3441.0,20251000,3441.0,20251000,3412.9,20250800
2025-06-17 02:00:00,3434.9,20251000,3434.9,20251000,3409.2,20250800
2025-06-17 03:00:00,3433.3,20251000,3433.3,20251000,3406.3,20250800
2025-06-17 04:00:00,3440.5,20251000,3440.5,20251000,3413.0,20250800
2025-06-17 05:00:00,3437.0,20251000,3437.0,20251000,3411.1,20250800
2025-06-17 06:00:00,3431.6,20251000,3431.6,20251000,3403.5,20250800
2025-06-17 07:00:00,3434.0,20251000,3434.0,20251000,3406.1,20250800
2025-06-17 08:00:00,3425.0,20251000,3425.0,20251000,3397.2,20250800
2025-06-17 09:00:00,3431.6,20251000,3431.6,20251000,3403.7,20250800
2025-06-17 10:00:00,3445.0,20251000,3445.0,20251000,3416.9,20250800
2025-06-17 11:00:00,3434.8,20251000,3434.8,20251000,3407.1,20250800
2025-06-17 12:00:00,3432.8,20251000,3432.8,20251000,3405.1,20250800
2025-06-17 13:00:00,3437.1,20251000,3437.1,20251000,3409.5,20250800
2025-06-17 14:00:00,3431.9,20251000,3431.9,20251000,3403.8,20250800
2025-06-17 15:00:00,3425.3,20251000,3425.3,20251000,3398.0,20250800
2025-06-17 16:00:00,3429.9,20251000,3429.9,20251000,3401.2,20250800
2025-06-17 17:00:00,3435.6,20251000,3435.6,20251000,3408.8,20250800
2025-06-17 18:00:00,3429.6,20251000,3429.6,20251000,3401.5,20250800
2025-06-17 19:00:00,3431.1,20251000,3431.1,20251000,3404.2,20250800
2025-06-17 20:00:00,3435.7,20251000,3435.7,20251000,3406.6,20250800
2025-06-17 22:00:00,3435.0,20251000,3435.0,20251000,3407.3,20250800
2025-06-17 23:00:00,3435.7,20251000,3435.7,20251000,3405.7,20250800
2025-06-18 00:00:00,3433.3,20251000,3433.3,20251000,3404.0,20250800
2025-06-18 01:00:00,3425.6,20251000,3425.6,20251000,3397.8,20250800
2025-06-18 02:00:00,3424.7,20251000,3424.7,20251000,3397.8,20250800
2025-06-18 03:00:00,3437.1,20251000,3437.1,20251000,3409.7,20250800
2025-06-18 04:00:00,3442.1,20251000,3442.1,20251000,3413.7,20250800
2025-06-18 05:00:00,3433.1,20251000,3433.1,20251000,3404.9,20250800
2025-06-18 06:00:00,3428.2,20251000,3428.2,20251000,3400.7,20250800
2025-06-18 07:00:00,3430.7,20251000,3430.7,20251000,3403.9,20250800
2025-06-18 08:00:00,3429.3,20251000,3429.3,20251000,3401.5,20250800
2025-06-18 09:00:00,3424.0,20251000,3424.0,20251000,3396.4,20250800
2025-06-18 10:00:00,3426.2,20251000,3426.2,20251000,3398.4,20250800
2025-06-18 11:00:00,3427.0,20251000,3427.0,20251000,3400.4,20250800
2025-06-18 12:00:00,3432.7,20251000,3432.7,20251000,3405.9,20250800
2025-06-18 13:00:00,3439.2,20251000,3439.2,20251000,3411.2,20250800
2025-06-18 14:00:00,3432.5,20251000,3432.5,20251000,3405.6,20250800
2025-06-18 15:00:00,3438.8,20251000,3438.8,20251000,3411.1,20250800
2025-06-18 16:00:00,3436.7,20251000,3436.7,20251000,3409.4,20250800
2025-06-18 17:00:00,3430.6,20251000,3430.6,20251000,3404.3,20250800
2025-06-18 18:00:00,3425.0,20251000,3425.0,20251000,3397.0,20250800
2025-06-18 19:00:00,3411.7,20251000,3411.7,20251000,3384.4,20250800
2025-06-18 20:00:00,3414.4,20251000,3414.4,20251000,3386.4,20250800
2025-06-18 22:00:00,3419.6,20251000,3419.6,20251000,3392.1,20250800
2025-06-18 23:00:00,3414.4,20251000,3414.4,20251000,3386.4,20250800
2025-06-19 00:00:00,3423.7,20251000,3423.7,20251000,3396.1,20250800
2025-06-19 01:00:00,3419.4,20251000,3419.4,20251000,3392.0,20250800
2025-06-19 02:00:00,3420.1,20251000,3420.1,20251000,3394.0,20250800
2025-06-19 03:00:00,3418.1,20251000,3418.1,20251000,3390.9,20250800
2025-06-19 04:00:00,3419.4,20251000,3419.4,20251000,3391.9,20250800
2025-06-19 05:00:00,3408.0,20251000,3408.0,20251000,3381.7,20250800
2025-06-19 06:00:00,3400.7,20251000,3400.7,20251000,3373.7,20250800
2025-06-19 07:00:00,3411.7,20251000,3411.7,20251000,3383.1,20250800
2025-06-19 08:00:00,3413.1,20251000,3413.1,20251000,3386.0,20250800
2025-06-19 09:00:00,3415.3,20251000,3415.3,20251000,3387.5,20250800
2025-06-19 10:00:00,3418.3,20251000,3418.3,20251000,3391.7,20250800
2025-06-19 11:00:00,3415.8,20251000,3415.8,20251000,3388.9,20250800
2025-06-19 12:00:00,3411.4,20251000,3411.4,20251000,3385.0,20250800
2025-06-19 13:00:00,3413.8,20251000,3413.8,20251000,3386.5,20250800
2025-06-19 14:00:00,3409.3,20251000,3409.3,20251000,3381.7,20250800
2025-06-19 15:00:00,3414.0,20251000,3414.0,20251000,3385.9,20250800
2025-06-19 16:00:00,3415.1,20251000,3415.1,20251000,3387.6,20250800
2025-06-19 17:00:00,3411.6,20251000,3411.6,20251000,3385.2,20250800
2025-06-19 18:00:00,3415.3,20251000,3415.3,20251000,3387.4,20250800
2025-06-19 22:00:00,3407.1,20251000,3407.1,20251000,3382.2,20250800
2025-06-19 23:00:00,3412.4,20251000,3412.4,20251000,3385.3,20250800
2025-06-20 00:00:00,3412.0,20251000,3412.0,20251000,3384.3,20250800
2025-06-20 01:00:00,3400.0,20251000,3400.0,20251000,3372.8,20250800
2025-06-20 02:00:00,3396.3,20251000,3396.3,20251000,3368.8,20250800
2025-06-20 03:00:00,3398.7,20251000,3398.7,20251000,3371.7,20250800
2025-06-20 04:00:00,3396.8,20251000,3396.8,20251000,3370.4,20250800
2025-06-20 05:00:00,3388.4,20251000,3388.4,20251000,3361.0,20250800
2025-06-20 06:00:00,3388.6,20251000,3388.6,20251000,3361.4,20250800
2025-06-20 07:00:00,3393.0,20251000,3393.0,20251000,3363.6,20250800
2025-06-20 08:00:00,3395.2,20251000,3395.2,20251000,3367.2,20250800
2025-06-20 09:00:00,3398.2,20251000,3398.2,20251000,3371.3,20250800
2025-06-20 10:00:00,3398.7,20251000,3398.7,20251000,3371.2,20250800
2025-06-20 11:00:00,3391.6,20251000,3391.6,20251000,3362.8,20250800
2025-06-20 12:00:00,3387.6,20251000,3387.6,20251000,3359.9,20250800
2025-06-20 13:00:00,3414.0,20251000,3414.0,20251000,3386.5,20250800
2025-06-20 14:00:00,3414.0,20251000,3414.0,20251000,3385.7,20250800
2025-06-20 15:00:00,3413.6,20251000,3413.6,20251000,3385.8,20250800
2025-06-20 16:00:00,3415.1,20251000,3415.1,20251000,3387.8,20250800
2025-06-20 17:00:00,3410.2,20251000,3410.2,20251000,3383.4,20250800
2025-06-20 18:00:00,3409.8,20251000,3409.8,20251000,3382.1,20250800
2025-06-20 19:00:00,3408.5,20251000,3408.5,20251000,3381.3,20250800
2025-06-20 20:00:00,3411.4,20251000,3411.4,20251000,3384.3,20250800
2025-06-20 23:00:00,3411.4,20251000,3411.4,20251000,3384.3,20250800
2025-06-22 22:00:00,3421.5,20251000,3421.5,20251000,3394.7,20250800
2025-06-22 23:00:00,3416.7,20251000,3416.7,20251000,3388.7,20250800
2025-06-23 00:00:00,3409.4,20251000,3409.4,20251000,3381.5,20250800
2025-06-23 01:00:00,3398.0,20251000,3398.0,20251000,3371.1,20250800
2025-06-23 02:00:00,3405.0,20251000,3405.0,20251000,3376.4,20250800
2025-06-23 03:00:00,3405.6,20251000,3405.6,20251000,3378.5,20250800
2025-06-23 04:00:00,3401.1,20251000,3401.1,20251000,3373.4,20250800
2025-06-23 05:00:00,3399.2,20251000,3399.2,20251000,3371.5,20250800
2025-06-23 06:00:00,3400.2,20251000,3400.2,20251000,3372.8,20250800
2025-06-23 07:00:00,3401.4,20251000,3401.4,20251000,3372.7,20250800
2025-06-23 08:00:00,3402.3,20251000,3402.3,20251000,3377.4,20250800
2025-06-23 09:00:00,3408.8,20251000,3408.8,20251000,3382.3,20250800
2025-06-23 10:00:00,3410.8,20251000,3410.8,20251000,3383.6,20250800
2025-06-23 11:00:00,3422.6,20251000,3422.6,20251000,3396.2,20250800
2025-06-23 12:00:00,3403.0,20251000,3403.0,20251000,3375.5,20250800
2025-06-23 13:00:00,3428.7,20251000,3428.7,20251000,3396.5,20250800
2025-06-23 14:00:00,3429.4,20251000,3429.4,20251000,3402.5,20250800
2025-06-23 15:00:00,3430.9,20251000,3430.9,20251000,3403.1,20250800
2025-06-23 16:00:00,3433.4,20251000,3433.4,20251000,3405.7,20250800
2025-06-23 17:00:00,3425.4,20251000,3425.4,20251000,3398.1,20250800
2025-06-23 18:00:00,3422.5,20251000,3422.5,20251000,3393.8,20250800
2025-06-23 19:00:00,3418.5,20251000,3418.5,20251000,3391.3,20250800
2025-06-23 20:00:00,3411.0,20251000,3411.0,20251000,3384.0,20250800
2025-06-23 22:00:00,3399.5,20251000,3399.5,20251000,3370.8,20250800
2025-06-23 23:00:00,3385.3,20251000,3385.3,20251000,3384.0,20250800
2025-06-24 00:00:00,3392.3,20251000,3392.3,20251000,3365.4,20250800
2025-06-24 01:00:00,3389.5,20251000,3389.5,20251000,3362.1,20250800
2025-06-24 02:00:00,3392.7,20251000,3392.7,20251000,3366.0,20250800
2025-06-24 03:00:00,3393.7,20251000,3393.7,20251000,3366.8,20250800
2025-06-24 04:00:00,3390.5,20251000,3390.5,20251000,3362.8,20250800
2025-06-24 05:00:00,3373.2,20251000,3373.2,20251000,3345.9,20250800
2025-06-24 06:00:00,3364.5,20251000,3364.5,20251000,3337.5,20250800
2025-06-24 07:00:00,3370.6,20251000,3370.6,20251000,3343.8,20250800
2025-06-24 08:00:00,3368.5,20251000,3368.5,20251000,3341.6,20250800
2025-06-24 09:00:00,3359.7,20251000,3359.7,20251000,3332.3,20250800
2025-06-24 10:00:00,3366.3,20251000,3366.3,20251000,3339.5,20250800
2025-06-24 11:00:00,3362.5,20251000,3362.5,20251000,3335.1,20250800
2025-06-24 12:00:00,3355.3,20251000,3355.3,20251000,3328.4,20250800
2025-06-24 13:00:00,3343.6,20251000,3343.6,20251000,3315.5,20250800
2025-06-24 14:00:00,3348.0,20251000,3348.0,20251000,3318.3,20250800
2025-06-24 15:00:00,3355.0,20251000,3355.0,20251000,3326.9,20250800
2025-06-24 16:00:00,3360.5,20251000,3360.5,20251000,3332.5,20250800
2025-06-24 17:00:00,3359.9,20251000,3359.9,20251000,3332.1,20250800
2025-06-24 18:00:00,3358.8,20251000,3358.8,20251000,3331.4,20250800
2025-06-24 19:00:00,3364.9,20251000,3364.9,20251000,3337.6,20250800
2025-06-24 20:00:00,3364.3,20251000,3364.3,20251000,3338.4,20250800
2025-06-24 22:00:00,3363.7,20251000,3363.7,20251000,3335.7,20250800
2025-06-24 23:00:00,3364.3,20251000,3364.3,20251000,3338.4,20250800
2025-06-25 00:00:00,3368.4,20251000,3368.4,20251000,3340.5,20250800
2025-06-25 01:00:00,3375.9,20251000,3375.9,20251000,3348.8,20250800
2025-06-25 02:00:00,3371.2,20251000,3371.2,20251000,3343.9,20250800
2025-06-25 03:00:00,3369.2,20251000,3369.2,20251000,3342.2,20250800
2025-06-25 04:00:00,3368.7,20251000,3368.7,20251000,3341.2,20250800
2025-06-25 05:00:00,3373.0,20251000,3373.0,20251000,3345.4,20250800
2025-06-25 06:00:00,3374.0,20251000,3374.0,20251000,3345.8,20250800
2025-06-25 07:00:00,3372.2,20251000,3372.2,20251000,3344.6,20250800
2025-06-25 08:00:00,3368.4,20251000,3368.4,20251000,3340.7,20250800
2025-06-25 09:00:00,3365.1,20251000,3365.1,20251000,3339.0,20250800
2025-06-25 10:00:00,3366.1,20251000,3366.1,20251000,3338.2,20250800
2025-06-25 11:00:00,3365.7,20251000,3365.7,20251000,3336.5,20250800
2025-06-25 12:00:00,3362.1,20251000,3362.1,20251000,3334.1,20250800
2025-06-25 13:00:00,3355.5,20251000,3355.5,20251000,3328.1,20250800
2025-06-25 14:00:00,3365.2,20251000,3365.2,20251000,3337.4,20250800
2025-06-25 15:00:00,3367.0,20251000,3367.0,20251000,3339.2,20250800
2025-06-25 16:00:00,3375.7,20251000,3375.7,20251000,3348.8,20250800
2025-06-25 17:00:00,3368.3,20251000,3368.3,20251000,3342.0,20250800
2025-06-25 18:00:00,3372.7,20251000,3372.7,20251000,3345.7,20250800
2025-06-25 19:00:00,3374.7,20251000,3374.7,20251000,3348.3,20250800
2025-06-25 20:00:00,3374.6,20251000,3374.6,20251000,3346.9,20250800
2025-06-25 22:00:00,3374.5,20251000,3374.5,20251000,3346.6,20250800
2025-06-25 23:00:00,3381.0,20251000,3381.0,20251000,3352.7,20250800
2025-06-26 00:00:00,3375.0,20251000,3375.0,20251000,3347.3,20250800
2025-06-26 01:00:00,3371.3,20251000,3371.3,20251000,3343.5,20250800
2025-06-26 02:00:00,3381.1,20251000,3381.1,20251000,3353.1,20250800
2025-06-26 03:00:00,3379.6,20251000,3379.6,20251000,3351.7,20250800
2025-06-26 04:00:00,3375.8,20251000,3375.8,20251000,3347.8,20250800
2025-06-26 05:00:00,3374.5,20251000,3374.5,20251000,3348.0,20250800
2025-06-26 06:00:00,3380.0,20251000,3380.0,20251000,3353.1,20250800
2025-06-26 07:00:00,3386.6,20251000,3386.6,20251000,3359.3,20250800
2025-06-26 08:00:00,3390.1,20251000,3390.1,20251000,3361.9,20250800
2025-06-26 09:00:00,3381.5,20251000,3381.5,20251000,3353.9,20250800
2025-06-26 10:00:00,3383.8,20251000,3383.8,20251000,3356.8,20250800
2025-06-26 11:00:00,3373.7,20251000,3373.7,20251000,3346.3,20250800
2025-06-26 12:00:00,3364.0,20251000,3364.0,20251000,3335.1,20250800
2025-06-26 13:00:00,3360.5,20251000,3360.5,20251000,3332.6,20250800
2025-06-26 14:00:00,3357.9,20251000,3357.9,20251000,3331.2,20250800
2025-06-26 15:00:00,3364.9,20251000,3364.9,20251000,3337.7,20250800
2025-06-26 16:00:00,3372.9,20251000,3372.9,20251000,3345.0,20250800
2025-06-26 17:00:00,3374.1,20251000,3374.1,20251000,3346.3,20250800
2025-06-26 18:00:00,3375.1,20251000,3375.1,20251000,3346.9,20250800
2025-06-26 19:00:00,3372.1,20251000,3372.1,20251000,3345.0,20250800
2025-06-26 20:00:00,3369.0,20251000,3369.0,20251000,3341.5,20250800
2025-06-26 22:00:00,3361.7,20251000,3361.7,20251000,3334.9,20250800
2025-06-26 23:00:00,3369.0,20251000,3369.0,20251000,3331.8,20250800
2025-06-27 00:00:00,3359.0,20251000,3359.0,20251000,3331.8,20250800
2025-06-27 01:00:00,3358.0,20251000,3358.0,20251000,3329.0,20250800
2025-06-27 02:00:00,3348.7,20251000,3348.7,20251000,3321.0,20250800
2025-06-27 03:00:00,3335.1,20251000,3335.1,20251000,3307.1,20250800
2025-06-27 04:00:00,3332.9,20251000,3332.9,20251000,3306.5,20250800
2025-06-27 05:00:00,3337.5,20251000,3337.5,20251000,3309.8,20250800
2025-06-27 06:00:00,3335.0,20251000,3335.0,20251000,3306.9,20250800
2025-06-27 07:00:00,3324.0,20251000,3324.0,20251000,3296.2,20250800
2025-06-27 08:00:00,3328.5,20251000,3328.5,20251000,3301.2,20250800
2025-06-27 09:00:00,3322.2,20251000,3322.2,20251000,3294.5,20250800
2025-06-27 10:00:00,3324.0,20251000,3324.0,20251000,3297.5,20250800
2025-06-27 11:00:00,3320.7,20251000,3320.7,20251000,3292.9,20250800
2025-06-27 12:00:00,3308.9,20251000,3308.9,20251000,3281.2,20250800
2025-06-27 13:00:00,3313.6,20251000,3313.6,20251000,3286.1,20250800
2025-06-27 14:00:00,3310.7,20251000,3310.7,20251000,3284.2,20250800
2025-06-27 15:00:00,3313.6,20251000,3313.6,20251000,3286.3,20250800
2025-06-27 16:00:00,3316.5,20251000,3316.5,20251000,3289.6,20250800
2025-06-27 17:00:00,3318.6,20251000,3318.6,20251000,3289.7,20250800
2025-06-27 18:00:00,3316.0,20251000,3316.0,20251000,3287.9,20250800
2025-06-27 19:00:00,3310.0,20251000,3310.0,20251000,3283.0,20250800
2025-06-27 20:00:00,3313.4,20251000,3313.4,20251000,3285.7,20250800
2025-06-27 23:00:00,3313.4,20251000,3313.4,20251000,3285.7,20250800
2025-06-29 22:00:00,3301.0,20251000,3301.0,20251000,3274.7,20250800
2025-06-29 23:00:00,3302.0,20251000,3302.0,20251000,3274.7,20250800
2025-06-30 00:00:00,3302.0,20251000,3302.0,20251000,3275.1,20250800
2025-06-30 01:00:00,3312.9,20251000,3312.9,20251000,3285.1,20250800
2025-06-30 02:00:00,3319.3,20251000,3319.3,20251000,3291.7,20250800
2025-06-30 03:00:00,3317.4,20251000,3317.4,20251000,3289.7,20250800
2025-06-30 04:00:00,3324.6,20251000,3324.6,20251000,3297.0,20250800
2025-06-30 05:00:00,3327.3,20251000,3327.3,20251000,3299.7,20250800
2025-06-30 06:00:00,3330.7,20251000,3330.7,20251000,3303.1,20250800
2025-06-30 07:00:00,3331.4,20251000,3331.4,20251000,3304.2,20250800
2025-06-30 08:00:00,3328.7,20251000,3328.7,20251000,3300.5,20250800
2025-06-30 09:00:00,3326.8,20251000,3326.8,20251000,3299.6,20250800
2025-06-30 10:00:00,3322.7,20251000,3322.7,20251000,3295.2,20250800
2025-06-30 11:00:00,3317.9,20251000,3317.9,20251000,3289.1,20250800
2025-06-30 12:00:00,3322.9,20251000,3322.9,20251000,3293.5,20250800
2025-06-30 13:00:00,3325.1,20251000,3325.1,20251000,3296.8,20250800
2025-06-30 14:00:00,3328.3,20251000,3328.3,20251000,3299.6,20250800
2025-06-30 15:00:00,3329.6,20251000,3329.6,20251000,3301.7,20250800
2025-06-30 16:00:00,3335.9,20251000,3335.9,20251000,3309.3,20250800
2025-06-30 17:00:00,3332.8,20251000,3332.8,20251000,3305.8,20250800
2025-06-30 18:00:00,3338.3,20251000,3338.3,20251000,3310.7,20250800
2025-06-30 19:00:00,3348.8,20251000,3348.8,20251000,3320.5,20250800
2025-06-30 20:00:00,3342.8,20251000,3342.8,20251000,3315.0,20250800
2025-06-30 22:00:00,3350.9,20251000,3350.9,20251000,3322.9,20250800
2025-06-30 23:00:00,3351.5,20251000,3351.5,20251000,3324.6,20250800
2025-07-01 00:00:00,3353.5,20251000,3353.5,20251000,3326.8,20250800
2025-07-01 01:00:00,3356.2,20251000,3356.2,20251000,3328.9,20250800
2025-07-01 02:00:00,3356.0,20251000,3356.0,20251000,3327.7,20250800
2025-07-01 03:00:00,3360.1,20251000,3360.1,20251000,3332.8,20250800
2025-07-01 04:00:00,3362.2,20251000,3362.2,20251000,3335.2,20250800
2025-07-01 05:00:00,3368.3,20251000,3368.3,20251000,3339.9,20250800
2025-07-01 06:00:00,3370.2,20251000,3370.2,20251000,3342.8,20250800
2025-07-01 07:00:00,3378.8,20251000,3378.8,20251000,3351.1,20250800
2025-07-01 08:00:00,3378.6,20251000,3378.6,20251000,3351.2,20250800
2025-07-01 09:00:00,3384.5,20251000,3384.5,20251000,3357.7,20250800
2025-07-01 10:00:00,3388.9,20251000,3388.9,20251000,3360.5,20250800
2025-07-01 11:00:00,3389.0,20251000,3389.0,20251000,3361.2,20250800
2025-07-01 12:00:00,3395.4,20251000,3395.4,20251000,3366.7,20250800
2025-07-01 13:00:00,3391.5,20251000,3391.5,20251000,3363.6,20250800
2025-07-01 14:00:00,3385.2,20251000,3385.2,20251000,3357.6,20250800
2025-07-01 15:00:00,3377.8,20251000,3377.8,20251000,3352.2,20250800
2025-07-01 16:00:00,3381.5,20251000,3381.5,20251000,3354.0,20250800
2025-07-01 17:00:00,3380.2,20251000,3380.2,20251000,3352.1,20250800
2025-07-01 18:00:00,3376.6,20251000,3376.6,20251000,3350.0,20250800
2025-07-01 19:00:00,3377.4,20251000,3377.4,20251000,3349.5,20250800
2025-07-01 20:00:00,3377.6,20251000,3377.6,20251000,3349.7,20250800
2025-07-01 22:00:00,3380.4,20251000,3380.4,20251000,3352.1,20250800
2025-07-01 23:00:00,3376.2,20251000,3376.2,20251000,3349.7,20250800
2025-07-02 00:00:00,3376.1,20251000,3376.1,20251000,3348.8,20250800
2025-07-02 01:00:00,3369.6,20251000,3369.6,20251000,3342.0,20250800
2025-07-02 02:00:00,3375.5,20251000,3375.5,20251000,3346.8,20250800
2025-07-02 03:00:00,3377.7,20251000,3377.7,20251000,3349.7,20250800
2025-07-02 04:00:00,3378.2,20251000,3378.2,20251000,3349.8,20250800
2025-07-02 05:00:00,3376.1,20251000,3376.1,20251000,3348.7,20250800
2025-07-02 06:00:00,3371.2,20251000,3371.2,20251000,3343.2,20250800
2025-07-02 07:00:00,3373.2,20251000,3373.2,20251000,3344.9,20250800
2025-07-02 08:00:00,3371.4,20251000,3371.4,20251000,3343.9,20250800
2025-07-02 09:00:00,3379.4,20251000,3379.4,20251000,3351.7,20250800
2025-07-02 10:00:00,3383.3,20251000,3383.3,20251000,3354.9,20250800
2025-07-02 11:00:00,3378.8,20251000,3378.8,20251000,3352.8,20250800
2025-07-02 12:00:00,3385.0,20251000,3385.0,20251000,3357.4,20250800
2025-07-02 13:00:00,3374.9,20251000,3374.9,20251000,3347.9,20250800
2025-07-02 14:00:00,3381.7,20251000,3381.7,20251000,3354.1,20250800
2025-07-02 15:00:00,3378.3,20251000,3378.3,20251000,3351.6,20250800
2025-07-02 16:00:00,3386.3,20251000,3386.3,20251000,3359.5,20250800
2025-07-02 17:00:00,3387.7,20251000,3387.7,20251000,3360.2,20250800
2025-07-02 18:00:00,3393.6,20251000,3393.6,20251000,3365.7,20250800
2025-07-02 19:00:00,3397.3,20251000,3397.3,20251000,3368.7,20250800
2025-07-02 20:00:00,3395.5,20251000,3395.5,20251000,3368.4,20250800
2025-07-02 22:00:00,3400.7,20251000,3400.7,20251000,3373.0,20250800
2025-07-02 23:00:00,3395.5,20251000,3395.5,20251000,3360.4,20250800
2025-07-03 00:00:00,3383.0,20251000,3383.0,20251000,3355.3,20250800
2025-07-03 01:00:00,3383.7,20251000,3383.7,20251000,3356.5,20250800
2025-07-03 02:00:00,3390.2,20251000,3390.2,20251000,3361.8,20250800
2025-07-03 03:00:00,3384.5,20251000,3384.5,20251000,3358.1,20250800
2025-07-03 04:00:00,3389.1,20251000,3389.1,20251000,3362.0,20250800
2025-07-03 05:00:00,3398.0,20251000,3398.0,20251000,3370.3,20250800
2025-07-03 06:00:00,3400.4,20251000,3400.4,20251000,3372.2,20250800
2025-07-03 07:00:00,3391.3,20251000,3391.3,20251000,3363.1,20250800
2025-07-03 08:00:00,3394.9,20251000,3394.9,20251000,3366.5,20250800
2025-07-03 09:00:00,3383.8,20251000,3383.8,20251000,3356.2,20250800
2025-07-03 10:00:00,3392.2,20251000,3392.2,20251000,3363.5,20250800
2025-07-03 11:00:00,3384.5,20251000,3384.5,20251000,3356.4,20250800
2025-07-03 12:00:00,3360.6,20251000,3360.6,20251000,3334.9,20250800
2025-07-03 13:00:00,3373.5,20251000,3373.5,20251000,3341.2,20250800
2025-07-03 14:00:00,3361.8,20251000,3361.8,20251000,3334.2,20250800
2025-07-03 15:00:00,3365.1,20251000,3365.1,20251000,3338.3,20250800
2025-07-03 16:00:00,3372.0,20251000,3372.0,20251000,3344.1,20250800
2025-07-03 17:00:00,3367.7,20251000,3367.7,20251000,3339.1,20250800
2025-07-03 18:00:00,3366.7,20251000,3366.7,20251000,3338.8,20250800
2025-07-03 19:00:00,3366.4,20251000,3366.4,20251000,3338.6,20250800
2025-07-03 20:00:00,3363.2,20251000,3363.2,20251000,3336.0,20250800
2025-07-03 22:00:00,3365.8,20251000,3365.8,20251000,3338.5,20250800
2025-07-03 23:00:00,3372.0,20251000,3372.0,20251000,3344.1,20250800
2025-07-04 00:00:00,3366.4,20251000,3366.4,20251000,3338.6,20250800
2025-07-04 01:00:00,3367.7,20251000,3367.7,20251000,3340.0,20250800
2025-07-04 02:00:00,3365.1,20251000,3365.1,20251000,3337.2,20250800
2025-07-04 03:00:00,3375.8,20251000,3375.8,20251000,3348.3,20250800
2025-07-04 04:00:00,3377.5,20251000,3377.5,20251000,3350.9,20250800
2025-07-04 05:00:00,3377.5,20251000,3377.5,20251000,3349.0,20250800
2025-07-04 06:00:00,3379.8,20251000,3379.8,20251000,3352.1,20250800
2025-07-04 07:00:00,3380.0,20251000,3380.0,20251000,3352.7,20250800
2025-07-04 08:00:00,3381.2,20251000,3381.2,20251000,3352.7,20250800
2025-07-04 09:00:00,3373.0,20251000,3373.0,20251000,3344.7,20250800
2025-07-04 10:00:00,3375.5,20251000,3375.5,20251000,3347.2,20250800
2025-07-04 11:00:00,3372.4,20251000,3372.4,20251000,3344.6,20250800
2025-07-04 12:00:00,3371.8,20251000,3371.8,20251000,3343.8,20250800
2025-07-04 13:00:00,3371.9,20251000,3371.9,20251000,3343.8,20250800
2025-07-04 14:00:00,3371.2,20251000,3371.2,20251000,3343.1,20250800
2025-07-04 15:00:00,3371.2,20251000,3371.2,20251000,3342.8,20250800
2025-07-04 16:00:00,3374.0,20251000,3374.0,20251000,3346.4,20250800
2025-07-06 22:00:00,3371.0,20251000,3371.0,20251000,3343.4,20250800
2025-07-06 23:00:00,3365.5,20251000,3365.5,20251000,3338.1,20250800
2025-07-07 00:00:00,3363.5,20251000,3363.5,20251000,3335.6,20250800
2025-07-07 01:00:00,3352.9,20251000,3352.9,20251000,3325.7,20250800
2025-07-07 02:00:00,3346.0,20251000,3346.0,20251000,3317.7,20250800
2025-07-07 03:00:00,3347.6,20251000,3347.6,20251000,3319.9,20250800
2025-07-07 04:00:00,3344.1,20251000,3344.1,20251000,3316.6,20250800
2025-07-07 05:00:00,3350.9,20251000,3350.9,20251000,3322.5,20250800
2025-07-07 06:00:00,3346.0,20251000,3346.0,20251000,3318.7,20250800
2025-07-07 07:00:00,3338.6,20251000,3338.6,20251000,3311.4,20250800
2025-07-07 08:00:00,3346.7,20251000,3346.7,20251000,3319.2,20250800
2025-07-07 09:00:00,3345.8,20251000,3345.8,20251000,3318.2,20250800
2025-07-07 10:00:00,3338.7,20251000,3338.7,20251000,3311.0,20250800
2025-07-07 11:00:00,3338.5,20251000,3338.5,20251000,3310.9,20250800
2025-07-07 12:00:00,3345.8,20251000,3345.8,20251000,3318.4,20250800
2025-07-07 13:00:00,3353.4,20251000,3353.4,20251000,3326.0,20250800
2025-07-07 14:00:00,3356.8,20251000,3356.8,20251000,3327.7,20250800
2025-07-07 15:00:00,3358.9,20251000,3358.9,20251000,3330.6,20250800
2025-07-07 16:00:00,3365.2,20251000,3365.2,20251000,3337.3,20250800
2025-07-07 17:00:00,3369.8,20251000,3369.8,20251000,3341.6,20250800
2025-07-07 18:00:00,3371.8,20251000,3371.8,20251000,3344.1,20250800
2025-07-07 19:00:00,3375.1,20251000,3375.1,20251000,3347.1,20250800
2025-07-07 20:00:00,3374.8,20251000,3374.8,20251000,3346.6,20250800
2025-07-07 22:00:00,3377.0,20251000,3377.0,20251000,3349.3,20250800
2025-07-07 23:00:00,3374.8,20251000,3374.8,20251000,3346.6,20250800
2025-07-08 00:00:00,3370.7,20251000,3370.7,20251000,3344.1,20250800
2025-07-08 01:00:00,3371.2,20251000,3371.2,20251000,3344.6,20250800
2025-07-08 02:00:00,3372.4,20251000,3372.4,20251000,3344.6,20250800
2025-07-08 03:00:00,3369.8,20251000,3369.8,20251000,3341.8,20250800
2025-07-08 04:00:00,3367.1,20251000,3367.1,20251000,3339.4,20250800
2025-07-08 05:00:00,3372.0,20251000,3372.0,20251000,3344.1,20250800
2025-07-08 06:00:00,3373.9,20251000,3373.9,20251000,3345.8,20250800
2025-07-08 07:00:00,3371.7,20251000,3371.7,20251000,3343.6,20250800
2025-07-08 08:00:00,3360.6,20251000,3360.6,20251000,3332.9,20250800
2025-07-08 09:00:00,3359.0,20251000,3359.0,20251000,3331.4,20250800
2025-07-08 10:00:00,3362.8,20251000,3362.8,20251000,3333.8,20250800
2025-07-08 11:00:00,3362.2,20251000,3362.2,20251000,3334.3,20250800
2025-07-08 12:00:00,3365.5,20251000,3365.5,20251000,3337.5,20250800
2025-07-08 13:00:00,3352.4,20251000,3352.4,20251000,3324.7,20250800
2025-07-08 14:00:00,3333.1,20251000,3333.1,20251000,3305.5,20250800
2025-07-08 15:00:00,3335.8,20251000,3335.8,20251000,3307.0,20250800
2025-07-08 16:00:00,3337.8,20251000,3337.8,20251000,3309.0,20250800
2025-07-08 17:00:00,3343.3,20251000,3343.3,20251000,3315.2,20250800
2025-07-08 18:00:00,3341.4,20251000,3341.4,20251000,3313.9,20250800
2025-07-08 19:00:00,3340.2,20251000,3340.2,20251000,3312.3,20250800
2025-07-08 20:00:00,3337.9,20251000,3337.9,20251000,3310.6,20250800
2025-07-08 22:00:00,3336.8,20251000,3336.8,20251000,3310.0,20250800
2025-07-08 23:00:00,3337.9,20251000,3337.9,20251000,3310.6,20250800
2025-07-09 00:00:00,3341.8,20251000,3341.8,20251000,3315.7,20250800
2025-07-09 01:00:00,3337.4,20251000,3337.4,20251000,3310.7,20250800
2025-07-09 02:00:00,3324.5,20251000,3324.5,20251000,3296.8,20250800
2025-07-09 03:00:00,3329.7,20251000,3329.7,20251000,3301.6,20250800
2025-07-09 04:00:00,3330.0,20251000,3330.0,20251000,3302.2,20250800
2025-07-09 05:00:00,3325.0,20251000,3325.0,20251000,3297.9,20250800
2025-07-09 06:00:00,3328.9,20251000,3328.9,20251000,3300.5,20250800
2025-07-09 07:00:00,3327.6,20251000,3327.6,20251000,3300.1,20250800
2025-07-09 08:00:00,3320.4,20251000,3320.4,20251000,3292.8,20250800
2025-07-09 09:00:00,3324.6,20251000,3324.6,20251000,3297.2,20250800
2025-07-09 10:00:00,3331.0,20251000,3331.0,20251000,3303.7,20250800
2025-07-09 11:00:00,3319.0,20251000,3319.0,20251000,3292.8,20250800
2025-07-09 12:00:00,3332.6,20251000,3332.6,20251000,3305.1,20250800
2025-07-09 13:00:00,3336.2,20251000,3336.2,20251000,3308.9,20250800
2025-07-09 14:00:00,3348.6,20251000,3348.6,20251000,3321.1,20250800
2025-07-09 15:00:00,3345.6,20251000,3345.6,20251000,3318.3,20250800
2025-07-09 16:00:00,3348.1,20251000,3348.1,20251000,3320.3,20250800
2025-07-09 17:00:00,3345.5,20251000,3345.5,20251000,3318.0,20250800
2025-07-09 18:00:00,3349.3,20251000,3349.3,20251000,3320.0,20250800
2025-07-09 19:00:00,3351.7,20251000,3351.7,20251000,3324.5,20250800
2025-07-09 20:00:00,3350.2,20251000,3350.2,20251000,3322.3,20250800
2025-07-09 22:00:00,3355.7,20251000,3355.7,20251000,3327.8,20250800
2025-07-09 23:00:00,3350.2,20251000,3350.2,20251000,3322.3,20250800
2025-07-10 00:00:00,3354.3,20251000,3354.3,20251000,3325.4,20250800
2025-07-10 01:00:00,3358.9,20251000,3358.9,20251000,3330.6,20250800
2025-07-10 02:00:00,3355.6,20251000,3355.6,20251000,3327.7,20250800
2025-07-10 03:00:00,3351.8,20251000,3351.8,20251000,3324.2,20250800
2025-07-10 04:00:00,3358.1,20251000,3358.1,20251000,3330.4,20250800
2025-07-10 05:00:00,3357.0,20251000,3357.0,20251000,3329.7,20250800
2025-07-10 06:00:00,3361.0,20251000,3361.0,20251000,3333.5,20250800
2025-07-10 07:00:00,3356.0,20251000,3356.0,20251000,3329.6,20250800
2025-07-10 08:00:00,3366.2,20251000,3366.2,20251000,3337.2,20250800
2025-07-10 09:00:00,3360.1,20251000,3360.1,20251000,3335.0,20250800
2025-07-10 10:00:00,3362.3,20251000,3362.3,20251000,3334.2,20250800
2025-07-10 11:00:00,3356.2,20251000,3356.2,20251000,3329.0,20250800
2025-07-10 12:00:00,3360.2,20251000,3360.2,20251000,3333.2,20250800
2025-07-10 13:00:00,3349.6,20251000,3349.6,20251000,3322.2,20250800
2025-07-10 14:00:00,3351.0,20251000,3351.0,20251000,3323.6,20250800
2025-07-10 15:00:00,3357.3,20251000,3357.3,20251000,3329.0,20250800
2025-07-10 16:00:00,3350.7,20251000,3350.7,20251000,3324.2,20250800
2025-07-10 17:00:00,3353.8,20251000,3353.8,20251000,3326.2,20250800
2025-07-10 18:00:00,3358.4,20251000,3358.4,20251000,3330.4,20250800
2025-07-10 19:00:00,3362.0,20251000,3362.0,20251000,3334.1,20250800
2025-07-10 20:00:00,3360.9,20251000,3360.9,20251000,3332.9,20250800
2025-07-10 22:00:00,3361.9,20251000,3361.9,20251000,3333.4,20250800
2025-07-10 23:00:00,3360.9,20251000,3360.9,20251000,3332.9,20250800
2025-07-11 00:00:00,3371.0,20251000,3371.0,20251000,3343.4,20250800
2025-07-11 01:00:00,3367.0,20251000,3367.0,20251000,3340.2,20250800
2025-07-11 02:00:00,3371.5,20251000,3371.5,20251000,3343.4,20250800
2025-07-11 03:00:00,3372.3,20251000,3372.3,20251000,3344.5,20250800
2025-07-11 04:00:00,3369.4,20251000,3369.4,20251000,3342.4,20250800
2025-07-11 05:00:00,3373.5,20251000,3373.5,20251000,3346.4,20250800
2025-07-11 06:00:00,3371.0,20251000,3371.0,20251000,3343.0,20250800
2025-07-11 07:00:00,3380.0,20251000,3380.0,20251000,3352.2,20250800
2025-07-11 08:00:00,3370.2,20251000,3370.2,20251000,3342.7,20250800
2025-07-11 09:00:00,3377.7,20251000,3377.7,20251000,3350.3,20250800
2025-07-11 10:00:00,3383.6,20251000,3383.6,20251000,3355.7,20250800
2025-07-11 11:00:00,3388.0,20251000,3388.0,20251000,3358.8,20250800
2025-07-11 12:00:00,3394.6,20251000,3394.6,20251000,3367.2,20250800
2025-07-11 13:00:00,3391.0,20251000,3391.0,20251000,3363.6,20250800
2025-07-11 14:00:00,3401.7,20251000,3401.7,20251000,3374.1,20250800
2025-07-11 15:00:00,3401.7,20251000,3401.7,20251000,3374.3,20250800
2025-07-11 16:00:00,3397.5,20251000,3397.5,20251000,3368.4,20250800
2025-07-11 17:00:00,3395.5,20251000,3395.5,20251000,3367.2,20250800
2025-07-11 18:00:00,3398.0,20251000,3398.0,20251000,3370.4,20250800
2025-07-11 19:00:00,3399.1,20251000,3399.1,20251000,3371.7,20250800
2025-07-11 20:00:00,3398.2,20251000,3398.2,20251000,3370.6,20250800
2025-07-11 23:00:00,3398.2,20251000,3398.2,20251000,3370.6,20250800
2025-07-13 22:00:00,3413.1,20251000,3413.1,20251000,3385.7,20250800
2025-07-13 23:00:00,3410.6,20251000,3410.6,20251000,3382.3,20250800
2025-07-14 00:00:00,3412.4,20251000,3412.4,20251000,3382.3,20250800
2025-07-14 01:00:00,3402.4,20251000,3402.4,20251000,3374.0,20250800
2025-07-14 02:00:00,3400.6,20251000,3400.6,20251000,3372.6,20250800
2025-07-14 03:00:00,3400.7,20251000,3400.7,20251000,3372.6,20250800
2025-07-14 04:00:00,3401.6,20251000,3401.6,20251000,3373.8,20250800
2025-07-14 05:00:00,3398.8,20251000,3398.8,20251000,3370.8,20250800
2025-07-14 06:00:00,3409.0,20251000,3409.0,20251000,3381.7,20250800
2025-07-14 07:00:00,3409.8,20251000,3409.8,20251000,3382.6,20250800
2025-07-14 08:00:00,3404.9,20251000,3404.9,20251000,3376.7,20250800
2025-07-14 09:00:00,3410.0,20251000,3410.0,20251000,3382.1,20250800
2025-07-14 10:00:00,3410.7,20251000,3410.7,20251000,3383.1,20250800
2025-07-14 11:00:00,3403.2,20251000,3403.2,20251000,3374.3,20250800
2025-07-14 12:00:00,3386.3,20251000,3386.3,20251000,3358.5,20250800
2025-07-14 13:00:00,3391.2,20251000,3391.2,20251000,3363.0,20250800
2025-07-14 14:00:00,3378.7,20251000,3378.7,20251000,3351.1,20250800
2025-07-14 15:00:00,3380.6,20251000,3380.6,20251000,3353.0,20250800
2025-07-14 16:00:00,3382.6,20251000,3382.6,20251000,3355.5,20250800
2025-07-14 17:00:00,3387.3,20251000,3387.3,20251000,3359.2,20250800
2025-07-14 18:00:00,3385.8,20251000,3385.8,20251000,3357.8,20250800
2025-07-14 19:00:00,3381.1,20251000,3381.1,20251000,3353.3,20250800
2025-07-14 20:00:00,3380.4,20251000,3380.4,20251000,3352.1,20250800
2025-07-14 22:00:00,3381.5,20251000,3381.5,20251000,3354.0,20250800
2025-07-14 23:00:00,3380.4,20251000,3380.4,20251000,3352.1,20250800
2025-07-15 00:00:00,3385.5,20251000,3385.5,20251000,3356.8,20250800
2025-07-15 01:00:00,3383.9,20251000,3383.9,20251000,3355.4,20250800
2025-07-15 02:00:00,3386.5,20251000,3386.5,20251000,3359.7,20250800
2025-07-15 03:00:00,3394.9,20251000,3394.9,20251000,3367.2,20250800
2025-07-15 04:00:00,3397.8,20251000,3397.8,20251000,3369.8,20250800
2025-07-15 05:00:00,3398.8,20251000,3398.8,20251000,3371.2,20250800
2025-07-15 06:00:00,3394.9,20251000,3394.9,20251000,3367.0,20250800
2025-07-15 07:00:00,3400.7,20251000,3400.7,20251000,3372.8,20250800
2025-07-15 08:00:00,3397.6,20251000,3397.6,20251000,3369.6,20250800
2025-07-15 09:00:00,3400.0,20251000,3400.0,20251000,3372.6,20250800
2025-07-15 10:00:00,3398.5,20251000,3398.5,20251000,3370.5,20250800
2025-07-15 11:00:00,3391.2,20251000,3391.2,20251000,3363.6,20250800
2025-07-15 12:00:00,3385.9,20251000,3385.9,20251000,3357.3,20250800
2025-07-15 13:00:00,3383.3,20251000,3383.3,20251000,3354.8,20250800
2025-07-15 14:00:00,3384.0,20251000,3384.0,20251000,3355.7,20250800
2025-07-15 15:00:00,3364.9,20251000,3364.9,20251000,3336.4,20250800
2025-07-15 16:00:00,3363.2,20251000,3363.2,20251000,3336.5,20250800
2025-07-15 17:00:00,3362.7,20251000,3362.7,20251000,3334.8,20250800
2025-07-15 18:00:00,3363.7,20251000,3363.7,20251000,3335.4,20250800
2025-07-15 19:00:00,3365.2,20251000,3365.2,20251000,3337.0,20250800
2025-07-15 20:00:00,3358.4,20251000,3358.4,20251000,3330.5,20250800
2025-07-15 22:00:00,3360.7,20251000,3360.7,20251000,3333.1,20250800
2025-07-15 23:00:00,3365.4,20251000,3365.4,20251000,3337.4,20250800
2025-07-16 00:00:00,3364.4,20251000,3364.4,20251000,3336.8,20250800
2025-07-16 01:00:00,3366.0,20251000,3366.0,20251000,3336.9,20250800
2025-07-16 02:00:00,3360.0,20251000,3360.0,20251000,3332.6,20250800
2025-07-16 03:00:00,3369.1,20251000,3369.1,20251000,3340.9,20250800
2025-07-16 04:00:00,3372.8,20251000,3372.8,20251000,3345.1,20250800
2025-07-16 05:00:00,3372.0,20251000,3372.0,20251000,3344.5,20250800
2025-07-16 06:00:00,3374.0,20251000,3374.0,20251000,3346.1,20250800
2025-07-16 07:00:00,3370.7,20251000,3370.7,20251000,3344.5,20250800
2025-07-16 08:00:00,3376.9,20251000,3376.9,20251000,3348.7,20250800
2025-07-16 09:00:00,3375.7,20251000,3375.7,20251000,3347.2,20250800
2025-07-16 10:00:00,3369.6,20251000,3369.6,20251000,3342.3,20250800
2025-07-16 11:00:00,3374.2,20251000,3374.2,20251000,3346.5,20250800
2025-07-16 12:00:00,3369.9,20251000,3369.9,20251000,3341.9,20250800
2025-07-16 13:00:00,3361.5,20251000,3361.5,20251000,3334.0,20250800
2025-07-16 14:00:00,3372.9,20251000,3372.9,20251000,3345.3,20250800
2025-07-16 15:00:00,3378.5,20251000,3378.5,20251000,3350.4,20250800
2025-07-16 16:00:00,3383.3,20251000,3383.3,20251000,3356.0,20250800
2025-07-16 17:00:00,3389.7,20251000,3389.7,20251000,3361.8,20250800
2025-07-16 18:00:00,3384.5,20251000,3384.5,20251000,3357.6,20250800
2025-07-16 19:00:00,3382.6,20251000,3382.6,20251000,3354.5,20250800
2025-07-16 20:00:00,3381.8,20251000,3381.8,20251000,3354.4,20250800
2025-07-16 22:00:00,3382.4,20251000,3382.4,20251000,3355.6,20250800
2025-07-16 23:00:00,3379.5,20251000,3379.5,20251000,3354.4,20250800
2025-07-17 00:00:00,3374.4,20251000,3374.4,20251000,3346.5,20250800
2025-07-17 01:00:00,3378.1,20251000,3378.1,20251000,3350.3,20250800
2025-07-17 02:00:00,3375.2,20251000,3375.2,20251000,3347.4,20250800
2025-07-17 03:00:00,3375.7,20251000,3375.7,20251000,3347.5,20250800
2025-07-17 04:00:00,3376.5,20251000,3376.5,20251000,3349.1,20250800
2025-07-17 05:00:00,3373.0,20251000,3373.0,20251000,3345.5,20250800
2025-07-17 06:00:00,3368.4,20251000,3368.4,20251000,3341.1,20250800
2025-07-17 07:00:00,3359.0,20251000,3359.0,20251000,3331.3,20250800
2025-07-17 08:00:00,3362.0,20251000,3362.0,20251000,3334.1,20250800
2025-07-17 09:00:00,3358.9,20251000,3358.9,20251000,3331.4,20250800
2025-07-17 10:00:00,3358.0,20251000,3358.0,20251000,3331.0,20250800
2025-07-17 11:00:00,3357.4,20251000,3357.4,20251000,3329.6,20250800
2025-07-17 12:00:00,3345.8,20251000,3345.8,20251000,3318.2,20250800
2025-07-17 13:00:00,3351.6,20251000,3351.6,20251000,3324.1,20250800
2025-07-17 14:00:00,3367.8,20251000,3367.8,20251000,3339.8,20250800
2025-07-17 15:00:00,3370.5,20251000,3370.5,20251000,3342.3,20250800
2025-07-17 16:00:00,3372.2,20251000,3372.2,20251000,3344.2,20250800
2025-07-17 17:00:00,3371.0,20251000,3371.0,20251000,3342.8,20250800
2025-07-17 18:00:00,3371.0,20251000,3371.0,20251000,3343.7,20250800
2025-07-17 19:00:00,3371.7,20251000,3371.7,20251000,3345.3,20250800
2025-07-17 20:00:00,3371.5,20251000,3371.5,20251000,3345.4,20250800
2025-07-17 22:00:00,3377.5,20251000,3377.5,20251000,3349.2,20250800
2025-07-17 23:00:00,3371.5,20251000,3371.5,20251000,3345.4,20250800
2025-07-18 00:00:00,3372.2,20251000,3372.2,20251000,3345.3,20250800
2025-07-18 01:00:00,3399.3,20251200,3399.3,20251200,3372.4,20251000
2025-07-18 02:00:00,3399.9,20251200,3399.9,20251200,3370.9,20251000
2025-07-18 03:00:00,3398.1,20251200,3398.1,20251200,3369.6,20251000
2025-07-18 04:00:00,3396.5,20251200,3396.5,20251200,3370.3,20251000
2025-07-18 05:00:00,3394.9,20251200,3394.9,20251200,3366.5,20251000
2025-07-18 06:00:00,3403.8,20251200,3403.8,20251200,3375.6,20251000
2025-07-18 07:00:00,3411.0,20251200,3411.0,20251200,3383.3,20251000
2025-07-18 08:00:00,3410.1,20251200,3410.1,20251200,3380.1,20251000
2025-07-18 09:00:00,3414.2,20251200,3414.2,20251200,3385.8,20251000
2025-07-18 10:00:00,3411.8,20251200,3411.8,20251200,3383.9,20251000
2025-07-18 11:00:00,3416.0,20251200,3416.0,20251200,3388.0,20251000
2025-07-18 12:00:00,3421.7,20251200,3421.7,20251200,3393.6,20251000
2025-07-18 13:00:00,3418.4,20251200,3418.4,20251200,3390.4,20251000
2025-07-18 14:00:00,3416.8,20251200,3416.8,20251200,3388.9,20251000
2025-07-18 15:00:00,3416.3,20251200,3416.3,20251200,3387.5,20251000
2025-07-18 16:00:00,3415.6,20251200,3415.6,20251200,3387.5,20251000
2025-07-18 17:00:00,3414.4,20251200,3414.4,20251200,3385.6,20251000
2025-07-18 18:00:00,3413.6,20251200,3413.6,20251200,3385.1,20251000
2025-07-18 19:00:00,3410.4,20251200,3410.4,20251200,3380.9,20251000
2025-07-18 20:00:00,3411.3,20251200,3411.3,20251200,3382.8,20251000
2025-07-18 23:00:00,3411.3,20251200,3411.3,20251200,3382.8,20251000
2025-07-20 22:00:00,3409.2,20251200,3409.2,20251200,3381.5,20251000
2025-07-20 23:00:00,3411.1,20251200,3411.1,20251200,3382.7,20251000
2025-07-21 00:00:00,3414.4,20251200,3414.4,20251200,3386.6,20251000
2025-07-21 01:00:00,3419.0,20251200,3419.0,20251200,3390.7,20251000
2025-07-21 02:00:00,3416.2,20251200,3416.2,20251200,3388.3,20251000
2025-07-21 03:00:00,3413.1,20251200,3413.1,20251200,3385.0,20251000
2025-07-21 04:00:00,3420.0,20251200,3420.0,20251200,3391.8,20251000
2025-07-21 05:00:00,3429.6,20251200,3429.6,20251200,3402.0,20251000
2025-07-21 06:00:00,3431.0,20251200,3431.0,20251200,3402.5,20251000
2025-07-21 07:00:00,3430.1,20251200,3430.1,20251200,3399.3,20251000
2025-07-21 08:00:00,3429.0,20251200,3429.0,20251200,3400.7,20251000
2025-07-21 09:00:00,3427.6,20251200,3427.6,20251200,3401.0,20251000
2025-07-21 10:00:00,3427.6,20251200,3427.6,20251200,3400.0,20251000
2025-07-21 11:00:00,3439.0,20251200,3439.0,20251200,3410.0,20251000
2025-07-21 12:00:00,3451.0,20251200,3451.0,20251200,3422.3,20251000
2025-07-21 13:00:00,3457.1,20251200,3457.1,20251200,3428.0,20251000
2025-07-21 14:00:00,3470.3,20251200,3470.3,20251200,3441.1,20251000
2025-07-21 15:00:00,3469.4,20251200,3469.4,20251200,3438.9,20251000
2025-07-21 16:00:00,3465.9,20251200,3465.9,20251200,3435.9,20251000
2025-07-21 17:00:00,3464.2,20251200,3464.2,20251200,3435.1,20251000
2025-07-21 18:00:00,3465.0,20251200,3465.0,20251200,3435.8,20251000
2025-07-21 19:00:00,3466.2,20251200,3466.2,20251200,3437.0,20251000
2025-07-21 20:00:00,3467.2,20251200,3467.2,20251200,3438.6,20251000
2025-07-21 22:00:00,3469.4,20251200,3469.4,20251200,3440.2,20251000
2025-07-21 23:00:00,3466.9,20251200,3466.9,20251200,3438.6,20251000
2025-07-22 00:00:00,3463.5,20251200,3463.5,20251200,3435.5,20251000
2025-07-22 01:00:00,3457.6,20251200,3457.6,20251200,3428.1,20251000
2025-07-22 02:00:00,3461.3,20251200,3461.3,20251200,3432.5,20251000
2025-07-22 03:00:00,3463.0,20251200,3463.0,20251200,3433.0,20251000
2025-07-22 04:00:00,3459.4,20251200,3459.4,20251200,3431.2,20251000
2025-07-22 05:00:00,3455.6,20251200,3455.6,20251200,3426.6,20251000
2025-07-22 06:00:00,3454.0,20251200,3454.0,20251200,3424.7,20251000
2025-07-22 07:00:00,3455.6,20251200,3455.6,20251200,3426.3,20251000
2025-07-22 08:00:00,3457.6,20251200,3457.6,20251200,3428.0,20251000
2025-07-22 09:00:00,3453.0,20251200,3453.0,20251200,3423.7,20251000
2025-07-22 10:00:00,3453.2,20251200,3453.2,20251200,3424.2,20251000
2025-07-22 11:00:00,3458.0,20251200,3458.0,20251200,3429.0,20251000
2025-07-22 12:00:00,3477.1,20251200,3477.1,20251200,3447.3,20251000
2025-07-22 13:00:00,3481.2,20251200,3481.2,20251200,3451.4,20251000
2025-07-22 14:00:00,3498.2,20251200,3498.2,20251200,3468.5,20251000
2025-07-22 15:00:00,3499.0,20251200,3499.0,20251200,3469.0,20251000
2025-07-22 16:00:00,3504.6,20251200,3504.6,20251200,3474.9,20251000
2025-07-22 17:00:00,3500.0,20251200,3500.0,20251200,3470.6,20251000
2025-07-22 18:00:00,3500.1,20251200,3500.1,20251200,3470.5,20251000
2025-07-22 19:00:00,3501.9,20251200,3501.9,20251200,3471.9,20251000
2025-07-22 20:00:00,3502.3,20251200,3502.3,20251200,3472.4,20251000
2025-07-22 22:00:00,3500.0,20251200,3500.0,20251200,3470.3,20251000
2025-07-22 23:00:00,3496.6,20251200,3496.6,20251200,3472.4,20251000
2025-07-23 00:00:00,3500.0,20251200,3500.0,20251200,3470.1,20251000
2025-07-23 01:00:00,3493.2,20251200,3493.2,20251200,3463.1,20251000
2025-07-23 02:00:00,3495.9,20251200,3495.9,20251200,3465.2,20251000
2025-07-23 03:00:00,3495.0,20251200,3495.0,20251200,3465.1,20251000
2025-07-23 04:00:00,3494.0,20251200,3494.0,20251200,3464.0,20251000
2025-07-23 05:00:00,3491.6,20251200,3491.6,20251200,3462.2,20251000
2025-07-23 06:00:00,3496.0,20251200,3496.0,20251200,3465.8,20251000
2025-07-23 07:00:00,3492.3,20251200,3492.3,20251200,3462.7,20251000
2025-07-23 08:00:00,3498.3,20251200,3498.3,20251200,3468.9,20251000
2025-07-23 09:00:00,3502.8,20251200,3502.8,20251200,3472.8,20251000
2025-07-23 10:00:00,3494.5,20251200,3494.5,20251200,3464.3,20251000
2025-07-23 11:00:00,3499.5,20251200,3499.5,20251200,3469.3,20251000
2025-07-23 12:00:00,3488.6,20251200,3488.6,20251200,3459.0,20251000
2025-07-23 13:00:00,3481.4,20251200,3481.4,20251200,3451.4,20251000
2025-07-23 14:00:00,3480.9,20251200,3480.9,20251200,3451.1,20251000
2025-07-23 15:00:00,3464.8,20251200,3464.8,20251200,3435.6,20251000
2025-07-23 16:00:00,3452.8,20251200,3452.8,20251200,3423.0,20251000
2025-07-23 17:00:00,3459.8,20251200,3459.8,20251200,3431.0,20251000
2025-07-23 18:00:00,3460.3,20251200,3460.3,20251200,3431.6,20251000
2025-07-23 19:00:00,3458.1,20251200,3458.1,20251200,3429.1,20251000
2025-07-23 20:00:00,3454.8,20251200,3454.8,20251200,3425.5,20251000
2025-07-23 22:00:00,3453.1,20251200,3453.1,20251200,3423.8,20251000
2025-07-23 23:00:00,3455.8,20251200,3455.8,20251200,3425.5,20251000
2025-07-24 00:00:00,3457.3,20251200,3457.3,20251200,3427.5,20251000
2025-07-24 01:00:00,3450.8,20251200,3450.8,20251200,3421.6,20251000
2025-07-24 02:00:00,3446.5,20251200,3446.5,20251200,3416.8,20251000
2025-07-24 03:00:00,3446.4,20251200,3446.4,20251200,3417.2,20251000
2025-07-24 04:00:00,3445.2,20251200,3445.2,20251200,3416.1,20251000
2025-07-24 05:00:00,3442.0,20251200,3442.0,20251200,3413.6,20251000
2025-07-24 06:00:00,3437.7,20251200,3437.7,20251200,3409.5,20251000
2025-07-24 07:00:00,3429.5,20251200,3429.5,20251200,3400.6,20251000
2025-07-24 08:00:00,3430.9,20251200,3430.9,20251200,3402.5,20251000
2025-07-24 09:00:00,3424.2,20251200,3424.2,20251200,3397.1,20251000
2025-07-24 10:00:00,3425.4,20251200,3425.4,20251200,3397.1,20251000
2025-07-24 11:00:00,3422.7,20251200,3422.7,20251200,3394.7,20251000
2025-07-24 12:00:00,3413.3,20251200,3413.3,20251200,3385.5,20251000
2025-07-24 13:00:00,3427.5,20251200,3427.5,20251200,3398.5,20251000
2025-07-24 14:00:00,3435.4,20251200,3435.4,20251200,3406.5,20251000
2025-07-24 15:00:00,3433.4,20251200,3433.4,20251200,3404.9,20251000
2025-07-24 16:00:00,3427.7,20251200,3427.7,20251200,3398.9,20251000
2025-07-24 17:00:00,3429.7,20251200,3429.7,20251200,3401.1,20251000
2025-07-24 18:00:00,3432.4,20251200,3432.4,20251200,3404.1,20251000
2025-07-24 19:00:00,3432.3,20251200,3432.3,20251200,3402.9,20251000
2025-07-24 20:00:00,3429.4,20251200,3429.4,20251200,3400.4,20251000
2025-07-24 22:00:00,3428.0,20251200,3428.0,20251200,3399.6,20251000
2025-07-24 23:00:00,3429.4,20251200,3429.4,20251200,3401.0,20251000
2025-07-25 00:00:00,3432.5,20251200,3432.5,20251200,3403.9,20251000
2025-07-25 01:00:00,3430.6,20251200,3430.6,20251200,3401.6,20251000
2025-07-25 02:00:00,3422.3,20251200,3422.3,20251200,3393.2,20251000
2025-07-25 03:00:00,3417.7,20251200,3417.7,20251200,3389.5,20251000
2025-07-25 04:00:00,3420.1,20251200,3420.1,20251200,3392.0,20251000
2025-07-25 05:00:00,3416.9,20251200,3416.9,20251200,3388.2,20251000
2025-07-25 06:00:00,3417.6,20251200,3417.6,20251200,3389.4,20251000
2025-07-25 07:00:00,3414.0,20251200,3414.0,20251200,3385.3,20251000
2025-07-25 08:00:00,3405.1,20251200,3405.1,20251200,3376.2,20251000
2025-07-25 09:00:00,3405.1,20251200,3405.1,20251200,3376.8,20251000
2025-07-25 10:00:00,3400.8,20251200,3400.8,20251200,3373.0,20251000
2025-07-25 11:00:00,3399.4,20251200,3399.4,20251200,3370.8,20251000
2025-07-25 12:00:00,3399.1,20251200,3399.1,20251200,3370.5,20251000
2025-07-25 13:00:00,3402.8,20251200,3402.8,20251200,3374.1,20251000
2025-07-25 14:00:00,3391.8,20251200,3391.8,20251200,3362.0,20251000
2025-07-25 15:00:00,3384.7,20251200,3384.7,20251200,3356.7,20251000
2025-07-25 16:00:00,3387.1,20251200,3387.1,20251200,3359.4,20251000
2025-07-25 17:00:00,3393.7,20251200,3393.7,20251200,3365.5,20251000
2025-07-25 18:00:00,3397.0,20251200,3397.0,20251200,3369.0,20251000
2025-07-25 19:00:00,3395.9,20251200,3395.9,20251200,3367.7,20251000
2025-07-25 20:00:00,3395.2,20251200,3395.2,20251200,3367.2,20251000
2025-07-25 23:00:00,3395.2,20251200,3395.2,20251200,3367.2,20251000
2025-07-27 22:00:00,3386.4,20251200,3386.4,20251200,3359.0,20251000
2025-07-27 23:00:00,3390.6,20251200,3390.6,20251200,3363.1,20251000
2025-07-28 00:00:00,3390.7,20251200,3390.7,20251200,3362.0,20251000
2025-07-28 01:00:00,3388.4,20251200,3388.4,20251200,3360.5,20251000
2025-07-28 02:00:00,3392.6,20251200,3392.6,20251200,3364.3,20251000
2025-07-28 03:00:00,3400.1,20251200,3400.1,20251200,3371.9,20251000
2025-07-28 04:00:00,3397.1,20251200,3397.1,20251200,3368.6,20251000
2025-07-28 05:00:00,3400.5,20251200,3400.5,20251200,3372.0,20251000
2025-07-28 06:00:00,3396.7,20251200,3396.7,20251200,3368.4,20251000
2025-07-28 07:00:00,3391.0,20251200,3391.0,20251200,3363.2,20251000
2025-07-28 08:00:00,3392.4,20251200,3392.4,20251200,3363.9,20251000
2025-07-28 09:00:00,3394.5,20251200,3394.5,20251200,3366.4,20251000
2025-07-28 10:00:00,3394.1,20251200,3394.1,20251200,3364.9,20251000
2025-07-28 11:00:00,3393.4,20251200,3393.4,20251200,3364.9,20251000
2025-07-28 12:00:00,3385.1,20251200,3385.1,20251200,3356.8,20251000
2025-07-28 13:00:00,3357.7,20251200,3357.7,20251200,3329.7,20251000
2025-07-28 14:00:00,3363.6,20251200,3363.6,20251200,3335.4,20251000
2025-07-28 15:00:00,3371.1,20251200,3371.1,20251200,3343.3,20251000
2025-07-28 16:00:00,3368.3,20251200,3368.3,20251200,3340.3,20251000
2025-07-28 17:00:00,3366.5,20251200,3366.5,20251200,3338.6,20251000
2025-07-28 18:00:00,3369.7,20251200,3369.7,20251200,3341.5,20251000
2025-07-28 19:00:00,3373.4,20251200,3373.4,20251200,3345.6,20251000
2025-07-28 20:00:00,3370.9,20251200,3370.9,20251200,3343.1,20251000
2025-07-28 22:00:00,3368.7,20251200,3368.7,20251200,3340.7,20251000
2025-07-28 23:00:00,3370.9,20251200,3370.9,20251200,3339.1,20251000
2025-07-29 00:00:00,3366.5,20251200,3366.5,20251200,3338.0,20251000
2025-07-29 01:00:00,3373.9,20251200,3373.9,20251200,3346.0,20251000
2025-07-29 02:00:00,3374.3,20251200,3374.3,20251200,3346.0,20251000
2025-07-29 03:00:00,3367.9,20251200,3367.9,20251200,3339.4,20251000
2025-07-29 04:00:00,3371.3,20251200,3371.3,20251200,3343.1,20251000
2025-07-29 05:00:00,3374.5,20251200,3374.5,20251200,3346.6,20251000
2025-07-29 06:00:00,3371.0,20251200,3371.0,20251200,3343.6,20251000
2025-07-29 07:00:00,3371.3,20251200,3371.3,20251200,3343.6,20251000
2025-07-29 08:00:00,3379.9,20251200,3379.9,20251200,3352.2,20251000
2025-07-29 09:00:00,3379.5,20251200,3379.5,20251200,3352.0,20251000
2025-07-29 10:00:00,3376.7,20251200,3376.7,20251200,3349.2,20251000
2025-07-29 11:00:00,3369.8,20251200,3369.8,20251200,3342.0,20251000
2025-07-29 12:00:00,3378.3,20251200,3378.3,20251200,3350.3,20251000
2025-07-29 13:00:00,3372.0,20251200,3372.0,20251200,3344.6,20251000
2025-07-29 14:00:00,3383.7,20251200,3383.7,20251200,3355.5,20251000
2025-07-29 15:00:00,3375.6,20251200,3375.6,20251200,3347.3,20251000
2025-07-29 16:00:00,3378.3,20251200,3378.3,20251200,3350.7,20251000
2025-07-29 17:00:00,3383.6,20251200,3383.6,20251200,3356.1,20251000
2025-07-29 18:00:00,3381.1,20251200,3381.1,20251200,3353.2,20251000
2025-07-29 19:00:00,3380.9,20251200,3380.9,20251200,3352.8,20251000
2025-07-29 20:00:00,3382.9,20251200,3382.9,20251200,3354.8,20251000
2025-07-29 22:00:00,3383.3,20251200,3383.3,20251200,3355.4,20251000
2025-07-29 23:00:00,3382.9,20251200,3382.9,20251200,3355.4,20251000
2025-07-30 00:00:00,3385.2,20251200,3385.2,20251200,3357.2,20251000
2025-07-30 01:00:00,3378.9,20251200,3378.9,20251200,3350.9,20251000
2025-07-30 02:00:00,3384.3,20251200,3384.3,20251200,3356.3,20251000
2025-07-30 03:00:00,3383.2,20251200,3383.2,20251200,3354.8,20251000
2025-07-30 04:00:00,3382.2,20251200,3382.2,20251200,3353.8,20251000
2025-07-30 05:00:00,3379.5,20251200,3379.5,20251200,3351.2,20251000
2025-07-30 06:00:00,3381.6,20251200,3381.6,20251200,3353.2,20251000
2025-07-30 07:00:00,3382.9,20251200,3382.9,20251200,3354.9,20251000
2025-07-30 08:00:00,3387.0,20251200,3387.0,20251200,3358.6,20251000
2025-07-30 09:00:00,3386.7,20251200,3386.7,20251200,3358.2,20251000
2025-07-30 10:00:00,3383.1,20251200,3383.1,20251200,3354.4,20251000
2025-07-30 11:00:00,3385.3,20251200,3385.3,20251200,3357.0,20251000
2025-07-30 12:00:00,3367.1,20251200,3367.1,20251200,3338.9,20251000
2025-07-30 13:00:00,3357.3,20251200,3357.3,20251200,3329.2,20251000
2025-07-30 14:00:00,3355.8,20251200,3355.8,20251200,3328.0,20251000
2025-07-30 15:00:00,3344.4,20251200,3344.4,20251200,3316.3,20251000
2025-07-30 16:00:00,3352.4,20251200,3352.4,20251200,3324.7,20251000
2025-07-30 17:00:00,3355.0,20251200,3355.0,20251200,3327.7,20251000
2025-07-30 18:00:00,3332.5,20251200,3332.5,20251200,3304.8,20251000
2025-07-30 19:00:00,3322.2,20251200,3322.2,20251200,3294.7,20251000
2025-07-30 20:00:00,3327.9,20251200,3327.9,20251200,3300.4,20251000
2025-07-30 22:00:00,3329.8,20251200,3329.8,20251200,3302.5,20251000
2025-07-30 23:00:00,3335.8,20251200,3335.8,20251200,3308.2,20251000
2025-07-31 00:00:00,3336.8,20251200,3336.8,20251200,3309.6,20251000
2025-07-31 01:00:00,3343.6,20251200,3343.6,20251200,3316.2,20251000
2025-07-31 02:00:00,3346.9,20251200,3346.9,20251200,3319.9,20251000
2025-07-31 03:00:00,3344.7,20251200,3344.7,20251200,3317.5,20251000
2025-07-31 04:00:00,3347.7,20251200,3347.7,20251200,3320.7,20251000
2025-07-31 05:00:00,3349.1,20251200,3349.1,20251200,3322.0,20251000
2025-07-31 06:00:00,3350.2,20251200,3350.2,20251200,3322.6,20251000
2025-07-31 07:00:00,3356.2,20251200,3356.2,20251200,3328.3,20251000
2025-07-31 08:00:00,3362.4,20251200,3362.4,20251200,3334.8,20251000
2025-07-31 09:00:00,3358.7,20251200,3358.7,20251200,3331.3,20251000
2025-07-31 10:00:00,3348.3,20251200,3348.3,20251200,3320.4,20251000
2025-07-31 11:00:00,3358.8,20251200,3358.8,20251200,3331.0,20251000
2025-07-31 12:00:00,3360.3,20251200,3360.3,20251200,3332.5,20251000
2025-07-31 13:00:00,3353.5,20251200,3353.5,20251200,3325.6,20251000
2025-07-31 14:00:00,3348.8,20251200,3348.8,20251200,3321.2,20251000
2025-07-31 15:00:00,3348.1,20251200,3348.1,20251200,3320.6,20251000
2025-07-31 16:00:00,3347.7,20251200,3347.7,20251200,3320.4,20251000
2025-07-31 17:00:00,3347.8,20251200,3347.8,20251200,3320.1,20251000
2025-07-31 18:00:00,3348.3,20251200,3348.3,20251200,3320.7,20251000
2025-07-31 19:00:00,3344.2,20251200,3344.2,20251200,3316.3,20251000
2025-07-31 20:00:00,3342.3,20251200,3342.3,20251200,3314.8,20251000
2025-07-31 22:00:00,3346.1,20251200,3346.1,20251200,3318.2,20251000
2025-07-31 23:00:00,3342.3,20251200,3342.3,20251200,3312.4,20251000
2025-08-01 00:00:00,3340.7,20251200,3340.7,20251200,3313.4,20251000
2025-08-01 01:00:00,3333.4,20251200,3333.4,20251200,3306.3,20251000
2025-08-01 02:00:00,3341.7,20251200,3341.7,20251200,3314.3,20251000
2025-08-01 03:00:00,3341.9,20251200,3341.9,20251200,3314.0,20251000
2025-08-01 04:00:00,3343.2,20251200,3343.2,20251200,3316.1,20251000
2025-08-01 05:00:00,3348.4,20251200,3348.4,20251200,3320.9,20251000
2025-08-01 06:00:00,3343.7,20251200,3343.7,20251200,3316.2,20251000
2025-08-01 07:00:00,3337.8,20251200,3337.8,20251200,3310.6,20251000
2025-08-01 08:00:00,3345.2,20251200,3345.2,20251200,3318.1,20251000
2025-08-01 09:00:00,3346.0,20251200,3346.0,20251200,3318.6,20251000
2025-08-01 10:00:00,3350.6,20251200,3350.6,20251200,3323.0,20251000
2025-08-01 11:00:00,3352.5,20251200,3352.5,20251200,3325.2,20251000
2025-08-01 12:00:00,3394.3,20251200,3394.3,20251200,3366.3,20251000
2025-08-01 13:00:00,3395.4,20251200,3395.4,20251200,3368.0,20251000
2025-08-01 14:00:00,3399.2,20251200,3399.2,20251200,3371.5,20251000
2025-08-01 15:00:00,3401.3,20251200,3401.3,20251200,3374.8,20251000
2025-08-01 16:00:00,3399.7,20251200,3399.7,20251200,3372.9,20251000
2025-08-01 17:00:00,3400.0,20251200,3400.0,20251200,3373.1,20251000
2025-08-01 18:00:00,3400.3,20251200,3400.3,20251200,3374.1,20251000
2025-08-01 19:00:00,3410.2,20251200,3410.2,20251200,3383.6,20251000
2025-08-01 20:00:00,3416.0,20251200,3416.0,20251200,3389.1,20251000
2025-08-01 23:00:00,3416.0,20251200,3416.0,20251200,3389.1,20251000
2025-08-03 22:00:00,3412.1,20251200,3412.1,20251200,3384.9,20251000
2025-08-03 23:00:00,3414.9,20251200,3414.9,20251200,3387.7,20251000
2025-08-04 00:00:00,3404.6,20251200,3404.6,20251200,3377.8,20251000
2025-08-04 01:00:00,3405.0,20251200,3405.0,20251200,3378.5,20251000
2025-08-04 02:00:00,3406.8,20251200,3406.8,20251200,3380.2,20251000
2025-08-04 03:00:00,3412.3,20251200,3412.3,20251200,3385.5,20251000
2025-08-04 04:00:00,3410.8,20251200,3410.8,20251200,3384.0,20251000
2025-08-04 05:00:00,3409.3,20251200,3409.3,20251200,3382.3,20251000
2025-08-04 06:00:00,3415.2,20251200,3415.2,20251200,3388.2,20251000
2025-08-04 07:00:00,3408.6,20251200,3408.6,20251200,3380.9,20251000
2025-08-04 08:00:00,3411.3,20251200,3411.3,20251200,3384.6,20251000
2025-08-04 09:00:00,3411.0,20251200,3411.0,20251200,3384.0,20251000
2025-08-04 10:00:00,3410.5,20251200,3410.5,20251200,3384.0,20251000
2025-08-04 11:00:00,3423.8,20251200,3423.8,20251200,3397.2,20251000
2025-08-04 12:00:00,3420.4,20251200,3420.4,20251200,3393.7,20251000
2025-08-04 13:00:00,3437.3,20251200,3437.3,20251200,3410.0,20251000
2025-08-04 14:00:00,3427.9,20251200,3427.9,20251200,3401.2,20251000
2025-08-04 15:00:00,3428.3,20251200,3428.3,20251200,3401.6,20251000
2025-08-04 16:00:00,3424.5,20251200,3424.5,20251200,3397.6,20251000
2025-08-04 17:00:00,3428.2,20251200,3428.2,20251200,3401.3,20251000
2025-08-04 18:00:00,3430.3,20251200,3430.3,20251200,3403.5,20251000
2025-08-04 19:00:00,3430.5,20251200,3430.5,20251200,3403.6,20251000
2025-08-04 20:00:00,3428.7,20251200,3428.7,20251200,3401.2,20251000
2025-08-04 22:00:00,3429.2,20251200,3429.2,20251200,3401.7,20251000
2025-08-04 23:00:00,3431.3,20251200,3431.3,20251200,3401.2,20251000
2025-08-05 00:00:00,3433.6,20251200,3433.6,20251200,3406.3,20251000
2025-08-05 01:00:00,3433.0,20251200,3433.0,20251200,3406.8,20251000
2025-08-05 02:00:00,3428.2,20251200,3428.2,20251200,3401.6,20251000
2025-08-05 03:00:00,3426.9,20251200,3426.9,20251200,3399.7,20251000
2025-08-05 04:00:00,3425.0,20251200,3425.0,20251200,3398.0,20251000
2025-08-05 05:00:00,3427.6,20251200,3427.6,20251200,3400.3,20251000
2025-08-05 06:00:00,3420.4,20251200,3420.4,20251200,3393.3,20251000
2025-08-05 07:00:00,3428.1,20251200,3428.1,20251200,3401.2,20251000
2025-08-05 08:00:00,3420.5,20251200,3420.5,20251200,3393.3,20251000
2025-08-05 09:00:00,3413.5,20251200,3413.5,20251200,3386.2,20251000
2025-08-05 10:00:00,3406.9,20251200,3406.9,20251200,3379.7,20251000
2025-08-05 11:00:00,3405.0,20251200,3405.0,20251200,3377.9,20251000
2025-08-05 12:00:00,3420.2,20251200,3420.2,20251200,3392.9,20251000
2025-08-05 13:00:00,3428.1,20251200,3428.1,20251200,3401.0,20251000
2025-08-05 14:00:00,3439.6,20251200,3439.6,20251200,3412.5,20251000
2025-08-05 15:00:00,3444.1,20251200,3444.1,20251200,3417.0,20251000
2025-08-05 16:00:00,3436.8,20251200,3436.8,20251200,3409.6,20251000
2025-08-05 17:00:00,3434.9,20251200,3434.9,20251200,3407.3,20251000
2025-08-05 18:00:00,3434.3,20251200,3434.3,20251200,3406.4,20251000
2025-08-05 19:00:00,3433.5,20251200,3433.5,20251200,3406.1,20251000
2025-08-05 20:00:00,3435.0,20251200,3435.0,20251200,3408.2,20251000
2025-08-05 22:00:00,3433.7,20251200,3433.7,20251200,3406.4,20251000
2025-08-05 23:00:00,3438.1,20251200,3438.1,20251200,3411.0,20251000
2025-08-06 00:00:00,3438.3,20251200,3438.3,20251200,3410.8,20251000
2025-08-06 01:00:00,3431.4,20251200,3431.4,20251200,3403.9,20251000
2025-08-06 02:00:00,3431.3,20251200,3431.3,20251200,3403.5,20251000
2025-08-06 03:00:00,3429.7,20251200,3429.7,20251200,3402.2,20251000
2025-08-06 04:00:00,3427.0,20251200,3427.0,20251200,3399.3,20251000
2025-08-06 05:00:00,3428.6,20251200,3428.6,20251200,3401.1,20251000
2025-08-06 06:00:00,3429.9,20251200,3429.9,20251200,3402.4,20251000
2025-08-06 07:00:00,3428.1,20251200,3428.1,20251200,3401.6,20251000
2025-08-06 08:00:00,3419.2,20251200,3419.2,20251200,3391.3,20251000
2025-08-06 09:00:00,3412.9,20251200,3412.9,20251200,3386.0,20251000
2025-08-06 10:00:00,3418.4,20251200,3418.4,20251200,3390.2,20251000
2025-08-06 11:00:00,3420.0,20251200,3420.0,20251200,3393.1,20251000
2025-08-06 12:00:00,3422.0,20251200,3422.0,20251200,3395.0,20251000
2025-08-06 13:00:00,3427.0,20251200,3427.0,20251200,3399.8,20251000
2025-08-06 14:00:00,3435.2,20251200,3435.2,20251200,3407.6,20251000
2025-08-06 15:00:00,3436.3,20251200,3436.3,20251200,3408.8,20251000
2025-08-06 16:00:00,3435.5,20251200,3435.5,20251200,3406.8,20251000
2025-08-06 17:00:00,3436.2,20251200,3436.2,20251200,3408.2,20251000
2025-08-06 18:00:00,3434.8,20251200,3434.8,20251200,3406.3,20251000
2025-08-06 19:00:00,3433.8,20251200,3433.8,20251200,3405.3,20251000
2025-08-06 20:00:00,3432.0,20251200,3432.0,20251200,3403.1,20251000
2025-08-06 22:00:00,3435.0,20251200,3435.0,20251200,3407.0,20251000
2025-08-06 23:00:00,3436.1,20251200,3436.1,20251200,3403.1,20251000
2025-08-07 00:00:00,3441.5,20251200,3441.5,20251200,3414.2,20251000
2025-08-07 01:00:00,3445.3,20251200,3445.3,20251200,3417.9,20251000
2025-08-07 02:00:00,3441.3,20251200,3441.3,20251200,3414.7,20251000
2025-08-07 03:00:00,3444.0,20251200,3444.0,20251200,3415.7,20251000
2025-08-07 04:00:00,3445.0,20251200,3445.0,20251200,3416.0,20251000
2025-08-07 05:00:00,3444.8,20251200,3444.8,20251200,3415.9,20251000
2025-08-07 06:00:00,3456.7,20251200,3456.7,20251200,3427.2,20251000
2025-08-07 07:00:00,3469.2,20251200,3469.2,20251200,3439.9,20251000
2025-08-07 08:00:00,3452.2,20251200,3452.2,20251200,3422.0,20251000
2025-08-07 09:00:00,3450.0,20251200,3450.0,20251200,3421.2,20251000
2025-08-07 10:00:00,3445.0,20251200,3445.0,20251200,3416.1,20251000
2025-08-07 11:00:00,3451.5,20251200,3451.5,20251200,3422.3,20251000
2025-08-07 12:00:00,3454.7,20251200,3454.7,20251200,3425.5,20251000
2025-08-07 13:00:00,3451.3,20251200,3451.3,20251200,3422.5,20251000
2025-08-07 14:00:00,3450.2,20251200,3450.2,20251200,3421.0,20251000
2025-08-07 15:00:00,3453.9,20251200,3453.9,20251200,3424.8,20251000
2025-08-07 16:00:00,3454.0,20251200,3454.0,20251200,3425.4,20251000
2025-08-07 17:00:00,3455.3,20251200,3455.3,20251200,3427.2,20251000
2025-08-07 18:00:00,3452.2,20251200,3452.2,20251200,3423.8,20251000
2025-08-07 19:00:00,3466.8,20251200,3466.8,20251200,3438.0,20251000
2025-08-07 20:00:00,3482.7,20251200,3482.7,20251200,3453.3,20251000
2025-08-07 22:00:00,3488.8,20251200,3488.8,20251200,3457.6,20251000
2025-08-07 23:00:00,3496.2,20251200,3496.2,20251200,3465.6,20251000
2025-08-08 00:00:00,3510.2,20251200,3510.2,20251200,3481.0,20251000
2025-08-08 01:00:00,3488.2,20251200,3488.2,20251200,3457.8,20251000
2025-08-08 02:00:00,3489.0,20251200,3489.0,20251200,3459.7,20251000
2025-08-08 03:00:00,3488.4,20251200,3488.4,20251200,3458.8,20251000
2025-08-08 04:00:00,3492.5,20251200,3492.5,20251200,3462.6,20251000
2025-08-08 05:00:00,3487.2,20251200,3487.2,20251200,3457.9,20251000
2025-08-08 06:00:00,3498.3,20251200,3498.3,20251200,3467.8,20251000
2025-08-08 07:00:00,3492.7,20251200,3492.7,20251200,3462.8,20251000
2025-08-08 08:00:00,3482.6,20251200,3482.6,20251200,3453.1,20251000
2025-08-08 09:00:00,3494.3,20251200,3494.3,20251200,3465.6,20251000
2025-08-08 10:00:00,3472.3,20251200,3472.3,20251200,3443.1,20251000
2025-08-08 11:00:00,3475.7,20251200,3475.7,20251200,3447.0,20251000
2025-08-08 12:00:00,3480.9,20251200,3480.9,20251200,3452.3,20251000
2025-08-08 13:00:00,3495.0,20251200,3495.0,20251200,3466.2,20251000
2025-08-08 14:00:00,3492.8,20251200,3492.8,20251200,3464.1,20251000
2025-08-08 15:00:00,3492.3,20251200,3492.3,20251200,3463.3,20251000
2025-08-08 16:00:00,3488.4,20251200,3488.4,20251200,3460.4,20251000
2025-08-08 17:00:00,3462.8,20251200,3462.8,20251200,3433.0,20251000
2025-08-08 18:00:00,3453.9,20251200,3453.9,20251200,3426.0,20251000
2025-08-08 19:00:00,3456.8,20251200,3456.8,20251200,3428.7,20251000
2025-08-08 20:00:00,3458.2,20251200,3458.2,20251200,3430.1,20251000
2025-08-08 23:00:00,3458.2,20251200,3458.2,20251200,3430.1,20251000
2025-08-10 22:00:00,3460.1,20251200,3460.1,20251200,3431.7,20251000
2025-08-10 23:00:00,3455.2,20251200,3455.2,20251200,3427.4,20251000
2025-08-11 00:00:00,3443.8,20251200,3443.8,20251200,3415.5,20251000
2025-08-11 01:00:00,3442.1,20251200,3442.1,20251200,3413.4,20251000
2025-08-11 02:00:00,3440.3,20251200,3440.3,20251200,3411.9,20251000
2025-08-11 03:00:00,3440.5,20251200,3440.5,20251200,3411.7,20251000
2025-08-11 04:00:00,3436.9,20251200,3436.9,20251200,3409.0,20251000
2025-08-11 05:00:00,3439.2,20251200,3439.2,20251200,3410.5,20251000
2025-08-11 06:00:00,3425.7,20251200,3425.7,20251200,3396.9,20251000
2025-08-11 07:00:00,3415.3,20251200,3415.3,20251200,3386.4,20251000
2025-08-11 08:00:00,3419.7,20251200,3419.7,20251200,3391.1,20251000
2025-08-11 09:00:00,3409.1,20251200,3409.1,20251200,3380.6,20251000
2025-08-11 10:00:00,3413.4,20251200,3413.4,20251200,3384.4,20251000
2025-08-11 11:00:00,3410.2,20251200,3410.2,20251200,3380.9,20251000
2025-08-11 12:00:00,3411.7,20251200,3411.7,20251200,3382.5,20251000
2025-08-11 13:00:00,3414.9,20251200,3414.9,20251200,3386.2,20251000
2025-08-11 14:00:00,3403.7,20251200,3403.7,20251200,3374.5,20251000
2025-08-11 15:00:00,3409.9,20251200,3409.9,20251200,3380.8,20251000
2025-08-11 16:00:00,3403.1,20251200,3403.1,20251200,3374.9,20251000
2025-08-11 17:00:00,3409.3,20251200,3409.3,20251200,3380.7,20251000
2025-08-11 18:00:00,3406.1,20251200,3406.1,20251200,3378.0,20251000
2025-08-11 19:00:00,3401.9,20251200,3401.9,20251200,3374.0,20251000
2025-08-11 20:00:00,3393.8,20251200,3393.8,20251200,3366.0,20251000
2025-08-11 22:00:00,3397.3,20251200,3397.3,20251200,3369.4,20251000
2025-08-11 23:00:00,3393.8,20251200,3393.8,20251200,3366.0,20251000
2025-08-12 00:00:00,3405.2,20251200,3405.2,20251200,3377.6,20251000
2025-08-12 01:00:00,3401.1,20251200,3401.1,20251200,3373.6,20251000
2025-08-12 02:00:00,3403.8,20251200,3403.8,20251200,3375.6,20251000
2025-08-12 03:00:00,3400.7,20251200,3400.7,20251200,3372.2,20251000
2025-08-12 04:00:00,3404.6,20251200,3404.6,20251200,3376.5,20251000
2025-08-12 05:00:00,3404.7,20251200,3404.7,20251200,3377.1,20251000
2025-08-12 06:00:00,3395.0,20251200,3395.0,20251200,3366.1,20251000
2025-08-12 07:00:00,3404.7,20251200,3404.7,20251200,3375.8,20251000
2025-08-12 08:00:00,3397.2,20251200,3397.2,20251200,3369.8,20251000
2025-08-12 09:00:00,3394.6,20251200,3394.6,20251200,3366.7,20251000
2025-08-12 10:00:00,3394.2,20251200,3394.2,20251200,3366.0,20251000
2025-08-12 11:00:00,3396.0,20251200,3396.0,20251200,3367.8,20251000
2025-08-12 12:00:00,3398.0,20251200,3398.0,20251200,3370.0,20251000
2025-08-12 13:00:00,3395.1,20251200,3395.1,20251200,3368.0,20251000
2025-08-12 14:00:00,3387.0,20251200,3387.0,20251200,3359.1,20251000
2025-08-12 15:00:00,3400.3,20251200,3400.3,20251200,3372.4,20251000
2025-08-12 16:00:00,3400.8,20251200,3400.8,20251200,3372.3,20251000
2025-08-12 17:00:00,3399.8,20251200,3399.8,20251200,3371.6,20251000
2025-08-12 18:00:00,3399.0,20251200,3399.0,20251200,3371.6,20251000
2025-08-12 19:00:00,3398.8,20251200,3398.8,20251200,3370.8,20251000
2025-08-12 20:00:00,3400.0,20251200,3400.0,20251200,3371.7,20251000
2025-08-12 22:00:00,3401.7,20251200,3401.7,20251200,3373.9,20251000
2025-08-12 23:00:00,3401.5,20251200,3401.5,20251200,3371.7,20251000
2025-08-13 00:00:00,3393.7,20251200,3393.7,20251200,3365.7,20251000
2025-08-13 01:00:00,3401.4,20251200,3401.4,20251200,3373.3,20251000
2025-08-13 02:00:00,3401.9,20251200,3401.9,20251200,3374.3,20251000
2025-08-13 03:00:00,3399.1,20251200,3399.1,20251200,3371.5,20251000
2025-08-13 04:00:00,3400.9,20251200,3400.9,20251200,3373.0,20251000
2025-08-13 05:00:00,3399.1,20251200,3399.1,20251200,3371.1,20251000
2025-08-13 06:00:00,3406.7,20251200,3406.7,20251200,3378.8,20251000
2025-08-13 07:00:00,3403.5,20251200,3403.5,20251200,3375.6,20251000
2025-08-13 08:00:00,3409.4,20251200,3409.4,20251200,3381.8,20251000
2025-08-13 09:00:00,3415.6,20251200,3415.6,20251200,3387.9,20251000
2025-08-13 10:00:00,3416.7,20251200,3416.7,20251200,3388.8,20251000
2025-08-13 11:00:00,3413.4,20251200,3413.4,20251200,3385.4,20251000
2025-08-13 12:00:00,3407.7,20251200,3407.7,20251200,3379.6,20251000
2025-08-13 13:00:00,3414.7,20251200,3414.7,20251200,3386.8,20251000
2025-08-13 14:00:00,3413.6,20251200,3413.6,20251200,3385.6,20251000
2025-08-13 15:00:00,3408.8,20251200,3408.8,20251200,3380.9,20251000
2025-08-13 16:00:00,3408.5,20251200,3408.5,20251200,3380.4,20251000
2025-08-13 17:00:00,3404.8,20251200,3404.8,20251200,3377.0,20251000
2025-08-13 18:00:00,3404.3,20251200,3404.3,20251200,3377.6,20251000
2025-08-13 19:00:00,3408.2,20251200,3408.2,20251200,3380.8,20251000
2025-08-13 20:00:00,3407.0,20251200,3407.0,20251200,3379.1,20251000
2025-08-13 22:00:00,3407.4,20251200,3407.4,20251200,3379.8,20251000
2025-08-13 23:00:00,3411.9,20251200,3411.9,20251200,3379.1,20251000
2025-08-14 00:00:00,3418.6,20251200,3418.6,20251200,3391.0,20251000
2025-08-14 01:00:00,3416.4,20251200,3416.4,20251200,3388.9,20251000
2025-08-14 02:00:00,3410.9,20251200,3410.9,20251200,3383.2,20251000
2025-08-14 03:00:00,3409.4,20251200,3409.4,20251200,3381.5,20251000
2025-08-14 04:00:00,3409.2,20251200,3409.2,20251200,3381.7,20251000
2025-08-14 05:00:00,3407.3,20251200,3407.3,20251200,3379.9,20251000
2025-08-14 06:00:00,3410.7,20251200,3410.7,20251200,3383.5,20251000
2025-08-14 07:00:00,3394.3,20251200,3394.3,20251200,3366.7,20251000
2025-08-14 08:00:00,3393.4,20251200,3393.4,20251200,3365.7,20251000
2025-08-14 09:00:00,3404.9,20251200,3404.9,20251200,3377.0,20251000
2025-08-14 10:00:00,3403.4,20251200,3403.4,20251200,3374.8,20251000
2025-08-14 11:00:00,3404.0,20251200,3404.0,20251200,3376.7,20251000
2025-08-14 12:00:00,3398.8,20251200,3398.8,20251200,3371.3,20251000
2025-08-14 13:00:00,3392.4,20251200,3392.4,20251200,3365.1,20251000
2025-08-14 14:00:00,3387.7,20251200,3387.7,20251200,3360.4,20251000
2025-08-14 15:00:00,3388.9,20251200,3388.9,20251200,3361.5,20251000
2025-08-14 16:00:00,3380.4,20251200,3380.4,20251200,3353.0,20251000
2025-08-14 17:00:00,3383.7,20251200,3383.7,20251200,3357.0,20251000
2025-08-14 18:00:00,3384.6,20251200,3384.6,20251200,3357.6,20251000
2025-08-14 19:00:00,3385.4,20251200,3385.4,20251200,3358.5,20251000
2025-08-14 20:00:00,3382.3,20251200,3382.3,20251200,3355.2,20251000
2025-08-14 22:00:00,3379.2,20251200,3379.2,20251200,3351.9,20251000
2025-08-14 23:00:00,3381.1,20251200,3381.1,20251200,3355.2,20251000
2025-08-15 00:00:00,3382.8,20251200,3382.8,20251200,3355.9,20251000
2025-08-15 01:00:00,3384.7,20251200,3384.7,20251200,3357.2,20251000
2025-08-15 02:00:00,3385.6,20251200,3385.6,20251200,3358.6,20251000
2025-08-15 03:00:00,3389.6,20251200,3389.6,20251200,3362.7,20251000
2025-08-15 04:00:00,3390.9,20251200,3390.9,20251200,3363.3,20251000
2025-08-15 05:00:00,3390.0,20251200,3390.0,20251200,3362.5,20251000
2025-08-15 06:00:00,3386.4,20251200,3386.4,20251200,3359.5,20251000
2025-08-15 07:00:00,3392.4,20251200,3392.4,20251200,3365.7,20251000
2025-08-15 08:00:00,3387.4,20251200,3387.4,20251200,3360.5,20251000
2025-08-15 09:00:00,3389.2,20251200,3389.2,20251200,3362.2,20251000
2025-08-15 10:00:00,3383.7,20251200,3383.7,20251200,3355.7,20251000
2025-08-15 11:00:00,3388.3,20251200,3388.3,20251200,3361.2,20251000
2025-08-15 12:00:00,3389.2,20251200,3389.2,20251200,3362.0,20251000
2025-08-15 13:00:00,3382.5,20251200,3382.5,20251200,3355.4,20251000
2025-08-15 14:00:00,3387.8,20251200,3387.8,20251200,3360.7,20251000
2025-08-15 15:00:00,3388.4,20251200,3388.4,20251200,3361.2,20251000
2025-08-15 16:00:00,3384.9,20251200,3384.9,20251200,3356.8,20251000
2025-08-15 17:00:00,3382.5,20251200,3382.5,20251200,3355.1,20251000
2025-08-15 18:00:00,3381.8,20251200,3381.8,20251200,3354.3,20251000
2025-08-15 19:00:00,3383.8,20251200,3383.8,20251200,3356.4,20251000
2025-08-15 20:00:00,3381.5,20251200,3381.5,20251200,3354.5,20251000
2025-08-15 23:00:00,3381.5,20251200,3381.5,20251200,3354.5,20251000
2025-08-17 22:00:00,3379.1,20251200,3379.1,20251200,,20251000
2025-08-17 23:00:00,3371.8,20251200,3371.8,20251200,,20251000
2025-08-18 00:00:00,3385.3,20251200,3385.3,20251200,,20251000
2025-08-18 01:00:00,3392.3,20251200,3392.3,20251200,,20251000
2025-08-18 02:00:00,3388.6,20251200,3388.6,20251200,,20251000
2025-08-18 03:00:00,3392.9,20251200,3392.9,20251200,,20251000
2025-08-18 04:00:00,3402.7,20251200,3402.7,20251200,,20251000
2025-08-18 05:00:00,3395.4,20251200,3395.4,20251200,,20251000
2025-08-18 06:00:00,3394.5,20251200,3394.5,20251200,,20251000
2025-08-18 07:00:00,3394.1,20251200,3394.1,20251200,,20251000
2025-08-18 08:00:00,3393.7,20251200,3393.7,20251200,,20251000
2025-08-18 09:00:00,3393.7,20251200,3393.7,20251200,,20251000
2025-08-18 10:00:00,3392.4,20251200,3392.4,20251200,,20251000
2025-08-18 11:00:00,3391.1,20251200,3391.1,20251200,,20251000
2025-08-18 12:00:00,3389.9,20251200,3389.9,20251200,,20251000
2025-08-18 13:00:00,3382.4,20251200,3382.4,20251200,,20251000
2025-08-18 13:30:00,,20251200,,20251200,3355.4,20251000
2025-08-18 14:00:00,3379.5,20251200,3379.5,20251200,3352.0,20251000
2025-08-18 15:00:00,3380.4,20251200,3380.4,20251200,3353.5,20251000
2025-08-18 16:00:00,3379.2,20251200,3379.2,20251200,3351.9,20251000
2025-08-18 17:00:00,3379.5,20251200,3379.5,20251200,3352.3,20251000
2025-08-18 18:00:00,3377.5,20251200,3377.5,20251200,3350.3,20251000
2025-08-18 19:00:00,3378.3,20251200,3378.3,20251200,3349.3,20251000
2025-08-18 20:00:00,3378.1,20251200,3378.1,20251200,3350.6,20251000
2025-08-18 22:00:00,3379.7,20251200,3379.7,20251200,,20251000
2025-08-18 23:00:00,3376.2,20251200,3376.2,20251200,3350.6,20251000
2025-08-19 00:00:00,3379.5,20251200,3379.5,20251200,,20251000
2025-08-19 01:00:00,3376.7,20251200,3376.7,20251200,,20251000
2025-08-19 02:00:00,3381.2,20251200,3381.2,20251200,,20251000
2025-08-19 03:00:00,3381.4,20251200,3381.4,20251200,,20251000
2025-08-19 04:00:00,3381.5,20251200,3381.5,20251200,,20251000
2025-08-19 05:00:00,3380.2,20251200,3380.2,20251200,,20251000
2025-08-19 06:00:00,3379.9,20251200,3379.9,20251200,,20251000
2025-08-19 07:00:00,3384.9,20251200,3384.9,20251200,,20251000
2025-08-19 08:00:00,3382.3,20251200,3382.3,20251200,,20251000
2025-08-19 09:00:00,3383.7,20251200,3383.7,20251200,,20251000
2025-08-19 10:00:00,3387.9,20251200,3387.9,20251200,,20251000
2025-08-19 11:00:00,3384.4,20251200,3384.4,20251200,,20251000
2025-08-19 12:00:00,3379.4,20251200,3379.4,20251200,,20251000
2025-08-19 13:00:00,3377.8,20251200,3377.8,20251200,,20251000
2025-08-19 13:30:00,,20251200,,20251200,3350.5,20251000
2025-08-19 14:00:00,3369.3,20251200,3369.3,20251200,3341.9,20251000
2025-08-19 15:00:00,3366.4,20251200,3366.4,20251200,3339.6,20251000
2025-08-19 16:00:00,3361.3,20251200,3361.3,20251200,3334.1,20251000
2025-08-19 17:00:00,3361.0,20251200,3361.0,20251200,3334.6,20251000
2025-08-19 18:00:00,3361.6,20251200,3361.6,20251200,3334.6,20251000
2025-08-19 19:00:00,3359.9,20251200,3359.9,20251200,3333.2,20251000
2025-08-19 20:00:00,3359.0,20251200,3359.0,20251200,3331.8,20251000
2025-08-19 22:00:00,3359.3,20251200,3359.3,20251200,,20251000
2025-08-19 23:00:00,3359.0,20251200,3359.0,20251200,3331.8,20251000
2025-08-20 00:00:00,3358.4,20251200,3358.4,20251200,,20251000
2025-08-20 01:00:00,3357.6,20251200,3357.6,20251200,,20251000
2025-08-20 02:00:00,3355.9,20251200,3355.9,20251200,,20251000
2025-08-20 03:00:00,3359.7,20251200,3359.7,20251200,,20251000
2025-08-20 04:00:00,3360.8,20251200,3360.8,20251200,,20251000
2025-08-20 05:00:00,3365.8,20251200,3365.8,20251200,,20251000
2025-08-20 06:00:00,3365.5,20251200,3365.5,20251200,,20251000
2025-08-20 07:00:00,3367.8,20251200,3367.8,20251200,,20251000
2025-08-20 08:00:00,3368.0,20251200,3368.0,20251200,,20251000
2025-08-20 09:00:00,3368.5,20251200,3368.5,20251200,,20251000
2025-08-20 10:00:00,3369.6,20251200,3369.6,20251200,,20251000
2025-08-20 11:00:00,3375.9,20251200,3375.9,20251200,,20251000
2025-08-20 12:00:00,3386.9,20251200,3386.9,20251200,,20251000
2025-08-20 13:00:00,3388.3,20251200,3388.3,20251200,,20251000
2025-08-20 13:30:00,,20251200,,20251200,3361.4,20251000
2025-08-20 14:00:00,3390.9,20251200,3390.9,20251200,3363.7,20251000
2025-08-20 15:00:00,3384.4,20251200,3384.4,20251200,3357.8,20251000
2025-08-20 16:00:00,3388.7,20251200,3388.7,20251200,3362.0,20251000
2025-08-20 17:00:00,3390.1,20251200,3390.1,20251200,3362.9,20251000
2025-08-20 18:00:00,3388.7,20251200,3388.7,20251200,3361.8,20251000
2025-08-20 19:00:00,3391.6,20251200,3391.6,20251200,3364.5,20251000
2025-08-20 20:00:00,3392.1,20251200,3392.1,20251200,3365.0,20251000
2025-08-20 22:00:00,3392.2,20251200,3392.2,20251200,,20251000
2025-08-20 23:00:00,3389.4,20251200,3389.4,20251200,3365.0,20251000
2025-08-21 00:00:00,3385.0,20251200,3385.0,20251200,,20251000
2025-08-21 01:00:00,3385.2,20251200,3385.2,20251200,,20251000
2025-08-21 02:00:00,3387.1,20251200,3387.1,20251200,,20251000
2025-08-21 03:00:00,3382.3,20251200,3382.3,20251200,,20251000
2025-08-21 04:00:00,3380.7,20251200,3380.7,20251200,,20251000
2025-08-21 05:00:00,3381.0,20251200,3381.0,20251200,,20251000
2025-08-21 06:00:00,3378.9,20251200,3378.9,20251200,,20251000
2025-08-21 07:00:00,3381.9,20251200,3381.9,20251200,,20251000
2025-08-21 08:00:00,3381.9,20251200,3381.9,20251200,,20251000
2025-08-21 09:00:00,3383.4,20251200,3383.4,20251200,,20251000
2025-08-21 10:00:00,3371.2,20251200,3371.2,20251200,,20251000
2025-08-21 11:00:00,3376.0,20251200,3376.0,20251200,,20251000
2025-08-21 12:00:00,3384.5,20251200,3384.5,20251200,,20251000
2025-08-21 13:00:00,3382.7,20251200,3382.7,20251200,,20251000
2025-08-21 13:30:00,,20251200,,20251200,3355.2,20251000
2025-08-21 14:00:00,3387.9,20251200,3387.9,20251200,3360.8,20251000
2025-08-21 15:00:00,3387.5,20251200,3387.5,20251200,3360.4,20251000
2025-08-21 16:00:00,3383.7,20251200,3383.7,20251200,3356.3,20251000
2025-08-21 17:00:00,3381.5,20251200,3381.5,20251200,3354.5,20251000
2025-08-21 18:00:00,3383.4,20251200,3383.4,20251200,3356.4,20251000
2025-08-21 19:00:00,3383.4,20251200,3383.4,20251200,3356.4,20251000
2025-08-21 20:00:00,3383.5,20251200,3383.5,20251200,3356.1,20251000
2025-08-21 22:00:00,3383.3,20251200,3383.3,20251200,,20251000
2025-08-21 23:00:00,3382.4,20251200,3382.4,20251200,3356.1,20251000
2025-08-22 00:00:00,3382.6,20251200,3382.6,20251200,,20251000
2025-08-22 01:00:00,3377.4,20251200,3377.4,20251200,,20251000
2025-08-22 02:00:00,3377.0,20251200,3377.0,20251200,,20251000
2025-08-22 03:00:00,3374.8,20251200,3374.8,20251200,,20251000
2025-08-22 04:00:00,3371.6,20251200,3371.6,20251200,,20251000
2025-08-22 05:00:00,3372.9,20251200,3372.9,20251200,,20251000
2025-08-22 06:00:00,3371.8,20251200,3371.8,20251200,,20251000
2025-08-22 07:00:00,3369.6,20251200,3369.6,20251200,,20251000
2025-08-22 08:00:00,3370.7,20251200,3370.7,20251200,,20251000
2025-08-22 09:00:00,3371.8,20251200,3371.8,20251200,,20251000
2025-08-22 10:00:00,3372.9,20251200,3372.9,20251200,,20251000
2025-08-22 11:00:00,3370.6,20251200,3370.6,20251200,,20251000
2025-08-22 12:00:00,3364.9,20251200,3364.9,20251200,,20251000
2025-08-22 13:00:00,3375.9,20251200,3375.9,20251200,,20251000
2025-08-22 13:30:00,,20251200,,20251200,3348.7,20251000
2025-08-22 14:00:00,3419.3,20251200,3419.3,20251200,3392.4,20251000
2025-08-22 15:00:00,3412.3,20251200,3412.3,20251200,3385.8,20251000
2025-08-22 16:00:00,3415.4,20251200,3415.4,20251200,3387.8,20251000
2025-08-22 17:00:00,3419.4,20251200,3419.4,20251200,3392.3,20251000
2025-08-22 18:00:00,3417.9,20251200,3417.9,20251200,3391.1,20251000
2025-08-22 19:00:00,3417.6,20251200,3417.6,20251200,3390.2,20251000
2025-08-22 20:00:00,3417.0,20251200,3417.0,20251200,3389.6,20251000
2025-08-22 23:00:00,3417.0,20251200,3417.0,20251200,3389.6,20251000
2025-08-24 22:00:00,3413.3,20251200,3413.3,20251200,,20251000
2025-08-24 23:00:00,3415.1,20251200,3415.1,20251200,,20251000
2025-08-25 00:00:00,3410.1,20251200,3410.1,20251200,,20251000
2025-08-25 01:00:00,3407.7,20251200,3407.7,20251200,,20251000
2025-08-25 02:00:00,3409.5,20251200,3409.5,20251200,,20251000
2025-08-25 03:00:00,3412.1,20251200,3412.1,20251200,,20251000
2025-08-25 04:00:00,3410.5,20251200,3410.5,20251200,,20251000
2025-08-25 05:00:00,3408.7,20251200,3408.7,20251200,,20251000
2025-08-25 06:00:00,3413.4,20251200,3413.4,20251200,,20251000
2025-08-25 07:00:00,3411.0,20251200,3411.0,20251200,,20251000
2025-08-25 08:00:00,3409.3,20251200,3409.3,20251200,,20251000
2025-08-25 09:00:00,3411.6,20251200,3411.6,20251200,,20251000
2025-08-25 10:00:00,3410.1,20251200,3410.1,20251200,,20251000
2025-08-25 11:00:00,3415.8,20251200,3415.8,20251200,,20251000
2025-08-25 12:00:00,3409.0,20251200,3409.0,20251200,,20251000
2025-08-25 13:00:00,3415.4,20251200,3415.4,20251200,,20251000
2025-08-25 13:30:00,,20251200,,20251200,3388.2,20251000
2025-08-25 14:00:00,3418.8,20251200,3418.8,20251200,3391.0,20251000
2025-08-25 15:00:00,3419.0,20251200,3419.0,20251200,3391.0,20251000
2025-08-25 16:00:00,3418.7,20251200,3418.7,20251200,3390.7,20251000
2025-08-25 17:00:00,3415.5,20251200,3415.5,20251200,3388.3,20251000
2025-08-25 18:00:00,3415.5,20251200,3415.5,20251200,3388.2,20251000
2025-08-25 19:00:00,3410.4,20251200,3410.4,20251200,3383.2,20251000
2025-08-25 20:00:00,3410.6,20251200,3410.6,20251200,3382.6,20251000
2025-08-25 22:00:00,3408.4,20251200,3408.4,20251200,,20251000
2025-08-25 23:00:00,3410.6,20251200,3410.6,20251200,3382.9,20251000
2025-08-26 00:00:00,3431.1,20251200,3431.1,20251200,,20251000
2025-08-26 01:00:00,3424.5,20251200,3424.5,20251200,,20251000
2025-08-26 02:00:00,3423.1,20251200,3423.1,20251200,,20251000
2025-08-26 03:00:00,3420.5,20251200,3420.5,20251200,,20251000
2025-08-26 04:00:00,3424.7,20251200,3424.7,20251200,,20251000
2025-08-26 05:00:00,3424.0,20251200,3424.0,20251200,,20251000
2025-08-26 06:00:00,3422.6,20251200,3422.6,20251200,,20251000
2025-08-26 07:00:00,3423.0,20251200,3423.0,20251200,,20251000
2025-08-26 08:00:00,3422.8,20251200,3422.8,20251200,,20251000
2025-08-26 09:00:00,3418.9,20251200,3418.9,20251200,,20251000
2025-08-26 10:00:00,3418.6,20251200,3418.6,20251200,,20251000
2025-08-26 11:00:00,3425.0,20251200,3425.0,20251200,,20251000
2025-08-26 12:00:00,3419.0,20251200,3419.0,20251200,,20251000
2025-08-26 13:00:00,3421.6,20251200,3421.6,20251200,,20251000
2025-08-26 13:30:00,,20251200,,20251200,3394.6,20251000
2025-08-26 14:00:00,3427.3,20251200,3427.3,20251200,3399.6,20251000
2025-08-26 15:00:00,3435.0,20251200,3435.0,20251200,3407.0,20251000
2025-08-26 16:00:00,3432.2,20251200,3432.2,20251200,3404.3,20251000
2025-08-26 17:00:00,3430.6,20251200,3430.6,20251200,3402.3,20251000
2025-08-26 18:00:00,3434.1,20251200,3434.1,20251200,3405.2,20251000
2025-08-26 19:00:00,3437.6,20251200,3437.6,20251200,3409.0,20251000
2025-08-26 20:00:00,3442.8,20251200,3442.8,20251200,3414.5,20251000
2025-08-26 22:00:00,3440.5,20251200,3440.5,20251200,,20251000
2025-08-26 23:00:00,3442.8,20251200,3442.8,20251200,3415.0,20251000
2025-08-27 00:00:00,3438.8,20251200,3438.8,20251200,,20251000
2025-08-27 01:00:00,3436.5,20251200,3436.5,20251200,,20251000
2025-08-27 02:00:00,3433.8,20251200,3433.8,20251200,,20251000
2025-08-27 03:00:00,3430.9,20251200,3430.9,20251200,,20251000
2025-08-27 04:00:00,3425.9,20251200,3425.9,20251200,,20251000
2025-08-27 05:00:00,3426.9,20251200,3426.9,20251200,,20251000
2025-08-27 06:00:00,3427.2,20251200,3427.2,20251200,,20251000
2025-08-27 07:00:00,3430.5,20251200,3430.5,20251200,,20251000
2025-08-27 08:00:00,3433.1,20251200,3433.1,20251200,,20251000
2025-08-27 09:00:00,3426.8,20251200,3426.8,20251200,,20251000
2025-08-27 10:00:00,3424.6,20251200,3424.6,20251200,,20251000
2025-08-27 11:00:00,3425.5,20251200,3425.5,20251200,,20251000
2025-08-27 12:00:00,3429.6,20251200,3429.6,20251200,,20251000
2025-08-27 13:00:00,3426.0,20251200,3426.0,20251200,,20251000
2025-08-27 13:30:00,,20251200,,20251200,3398.0,20251000
2025-08-27 14:00:00,3435.7,20251200,3435.7,20251200,3407.7,20251000
2025-08-27 15:00:00,3438.2,20251200,3438.2,20251200,3410.0,20251000
2025-08-27 16:00:00,3448.8,20251200,3448.8,20251200,3420.4,20251000
2025-08-27 17:00:00,3447.6,20251200,3447.6,20251200,3419.5,20251000
2025-08-27 18:00:00,3447.8,20251200,3447.8,20251200,3419.8,20251000
2025-08-27 19:00:00,3449.2,20251200,3449.2,20251200,3421.2,20251000
2025-08-27 20:00:00,3451.9,20251200,3451.9,20251200,3422.3,20251000
2025-08-27 22:00:00,3449.3,20251200,3449.3,20251200,,20251000
2025-08-27 23:00:00,3451.9,20251200,3451.9,20251200,3423.7,20251000
2025-08-28 00:00:00,3448.4,20251200,3448.4,20251200,,20251000
2025-08-28 01:00:00,3443.7,20251200,3443.7,20251200,,20251000
2025-08-28 02:00:00,3447.8,20251200,3447.8,20251200,,20251000
2025-08-28 03:00:00,3444.8,20251200,3444.8,20251200,,20251000
2025-08-28 04:00:00,3445.0,20251200,3445.0,20251200,,20251000
2025-08-28 05:00:00,3445.9,20251200,3445.9,20251200,,20251000
2025-08-28 06:00:00,3451.5,20251200,3451.5,20251200,,20251000
2025-08-28 07:00:00,3450.8,20251200,3450.8,20251200,,20251000
2025-08-28 08:00:00,3457.0,20251200,3457.0,20251200,,20251000
2025-08-28 09:00:00,3455.2,20251200,3455.2,20251200,,20251000
2025-08-28 10:00:00,3454.5,20251200,3454.5,20251200,,20251000
2025-08-28 11:00:00,3462.2,20251200,3462.2,20251200,,20251000
2025-08-28 12:00:00,3455.9,20251200,3455.9,20251200,,20251000
2025-08-28 13:00:00,3464.9,20251200,3464.9,20251200,,20251000
2025-08-28 13:30:00,,20251200,,20251200,3436.5,20251000
2025-08-28 14:00:00,3468.7,20251200,3468.7,20251200,3440.3,20251000
2025-08-28 15:00:00,3465.9,20251200,3465.9,20251200,3437.5,20251000
2025-08-28 16:00:00,3473.3,20251200,3473.3,20251200,3444.6,20251000
2025-08-28 17:00:00,3476.1,20251200,3476.1,20251200,3447.7,20251000
2025-08-28 18:00:00,3478.2,20251200,3478.2,20251200,3449.6,20251000
2025-08-28 19:00:00,3477.5,20251200,3477.5,20251200,3449.6,20251000
2025-08-28 20:00:00,3476.7,20251200,3476.7,20251200,3448.5,20251000
2025-08-28 22:00:00,3475.8,20251200,3475.8,20251200,,20251000
2025-08-28 23:00:00,3476.7,20251200,3476.7,20251200,3448.2,20251000
2025-08-29 00:00:00,3473.6,20251200,3473.6,20251200,,20251000
2025-08-29 01:00:00,3472.4,20251200,3472.4,20251200,,20251000
2025-08-29 02:00:00,3471.6,20251200,3471.6,20251200,,20251000
2025-08-29 03:00:00,3470.2,20251200,3470.2,20251200,,20251000
2025-08-29 04:00:00,3469.5,20251200,3469.5,20251200,,20251000
2025-08-29 05:00:00,3470.6,20251200,3470.6,20251200,,20251000
2025-08-29 06:00:00,3469.2,20251200,3469.2,20251200,,20251000
2025-08-29 07:00:00,3471.3,20251200,3471.3,20251200,,20251000
2025-08-29 08:00:00,3470.6,20251200,3470.6,20251200,,20251000
2025-08-29 09:00:00,3467.5,20251200,3467.5,20251200,,20251000
2025-08-29 10:00:00,3464.2,20251200,3464.2,20251200,,20251000
2025-08-29 11:00:00,3469.9,20251200,3469.9,20251200,,20251000
2025-08-29 12:00:00,3476.0,20251200,3476.0,20251200,,20251000
2025-08-29 13:00:00,3489.2,20251200,3489.2,20251200,,20251000
2025-08-29 13:30:00,,20251200,,20251200,3460.7,20251000
2025-08-29 14:00:00,3504.0,20251200,3504.0,20251200,3475.4,20251000
2025-08-29 15:00:00,3512.5,20251200,3512.5,20251200,3483.6,20251000
2025-08-29 16:00:00,3517.7,20251200,3517.7,20251200,3488.4,20251000
2025-08-29 17:00:00,3512.9,20251200,3512.9,20251200,3484.2,20251000
2025-08-29 18:00:00,3509.6,20251200,3509.6,20251200,3481.4,20251000
2025-08-29 19:00:00,3516.1,20251200,3516.1,20251200,3487.3,20251000
2025-08-29 20:00:00,3516.5,20251200,3516.5,20251200,3488.5,20251000
2025-08-29 23:00:00,3516.5,20251200,3516.5,20251200,3487.8,20251000
2025-08-31 22:00:00,3513.5,20251200,3513.5,20251200,,20251000
2025-08-31 23:00:00,3511.9,20251200,3511.9,20251200,,20251000
2025-09-01 00:00:00,3511.3,20251200,3511.3,20251200,,20251000
2025-09-01 01:00:00,3526.4,20251200,3526.4,20251200,,20251000
2025-09-01 02:00:00,3549.3,20251200,3549.3,20251200,,20251000
2025-09-01 03:00:00,3543.3,20251200,3543.3,20251200,,20251000
2025-09-01 04:00:00,3545.3,20251200,3545.3,20251200,,20251000
2025-09-01 05:00:00,3548.4,20251200,3548.4,20251200,,20251000
2025-09-01 06:00:00,3546.9,20251200,3546.9,20251200,,20251000
2025-09-01 07:00:00,3546.0,20251200,3546.0,20251200,,20251000
2025-09-01 08:00:00,3545.0,20251200,3545.0,20251200,,20251000
2025-09-01 09:00:00,3538.3,20251200,3538.3,20251200,,20251000
2025-09-01 10:00:00,3543.6,20251200,3543.6,20251200,,20251000
2025-09-01 11:00:00,3542.7,20251200,3542.7,20251200,,20251000
2025-09-01 12:00:00,3541.8,20251200,3541.8,20251200,,20251000
2025-09-01 13:00:00,3544.3,20251200,3544.3,20251200,,20251000
2025-09-01 14:00:00,3545.2,20251200,3545.2,20251200,,20251000
2025-09-01 15:00:00,3544.5,20251200,3544.5,20251200,,20251000
2025-09-01 16:00:00,3547.1,20251200,3547.1,20251200,,20251000
2025-09-01 17:00:00,3547.6,20251200,3547.6,20251200,,20251000
2025-09-01 18:00:00,3545.7,20251200,3545.7,20251200,,20251000
2025-09-01 22:00:00,3546.4,20251200,3546.4,20251200,,20251000
2025-09-01 23:00:00,3551.8,20251200,3551.8,20251200,,20251000
2025-09-02 00:00:00,3551.6,20251200,3551.6,20251200,,20251000
2025-09-02 01:00:00,3568.8,20251200,3568.8,20251200,,20251000
2025-09-02 02:00:00,3566.4,20251200,3566.4,20251200,,20251000
2025-09-02 03:00:00,3565.0,20251200,3565.0,20251200,,20251000
2025-09-02 04:00:00,3566.0,20251200,3566.0,20251200,,20251000
2025-09-02 05:00:00,3561.7,20251200,3561.7,20251200,,20251000
2025-09-02 06:00:00,3555.7,20251200,3555.7,20251200,,20251000
2025-09-02 07:00:00,3541.5,20251200,3541.5,20251200,,20251000
2025-09-02 08:00:00,3545.2,20251200,3545.2,20251200,,20251000
2025-09-02 09:00:00,3546.3,20251200,3546.3,20251200,,20251000
2025-09-02 10:00:00,3555.0,20251200,3555.0,20251200,,20251000
2025-09-02 11:00:00,3558.8,20251200,3558.8,20251200,,20251000
2025-09-02 12:00:00,3547.8,20251200,3547.8,20251200,,20251000
2025-09-02 13:00:00,3552.6,20251200,3552.6,20251200,,20251000
2025-09-02 13:30:00,,20251200,,20251200,3523.5,20251000
2025-09-02 14:00:00,3574.8,20251200,3574.8,20251200,3545.5,20251000
2025-09-02 15:00:00,3586.1,20251200,3586.1,20251200,3556.6,20251000
2025-09-02 16:00:00,3592.9,20251200,3592.9,20251200,3563.6,20251000
2025-09-02 17:00:00,3594.2,20251200,3594.2,20251200,3564.8,20251000
2025-09-02 18:00:00,3593.3,20251200,3593.3,20251200,3564.3,20251000
2025-09-02 19:00:00,3597.8,20251200,3597.8,20251200,3568.0,20251000
2025-09-02 20:00:00,3599.4,20251200,3599.4,20251200,3572.7,20251000
2025-09-02 22:00:00,3596.4,20251200,3596.4,20251200,,20251000
2025-09-02 23:00:00,3595.7,20251200,3595.7,20251200,3570.2,20251000
2025-09-03 00:00:00,3603.2,20251200,3603.2,20251200,,20251000
2025-09-03 01:00:00,3604.0,20251200,3604.0,20251200,,20251000
2025-09-03 02:00:00,3596.7,20251200,3596.7,20251200,,20251000
2025-09-03 03:00:00,3596.7,20251200,3596.7,20251200,,20251000
2025-09-03 04:00:00,3602.3,20251200,3602.3,20251200,,20251000
2025-09-03 05:00:00,3595.2,20251200,3595.2,20251200,,20251000
2025-09-03 06:00:00,3601.9,20251200,3601.9,20251200,,20251000
2025-09-03 07:00:00,3598.3,20251200,3598.3,20251200,,20251000
2025-09-03 08:00:00,3607.0,20251200,3607.0,20251200,,20251000
2025-09-03 09:00:00,3601.8,20251200,3601.8,20251200,,20251000
2025-09-03 10:00:00,3608.6,20251200,3608.6,20251200,,20251000
2025-09-03 11:00:00,3615.8,20251200,3615.8,20251200,,20251000
2025-09-03 12:00:00,3616.6,20251200,3616.6,20251200,,20251000
2025-09-03 13:00:00,3619.8,20251200,3619.8,20251200,,20251000
2025-09-03 13:30:00,,20251200,,20251200,3590.5,20251000
2025-09-03 14:00:00,3623.3,20251200,3623.3,20251200,3593.9,20251000
2025-09-03 15:00:00,3628.6,20251200,3628.6,20251200,3599.0,20251000
2025-09-03 16:00:00,3635.9,20251200,3635.9,20251200,3606.5,20251000
2025-09-03 17:00:00,3637.4,20251200,3637.4,20251200,3608.6,20251000
2025-09-03 18:00:00,3628.7,20251200,3628.7,20251200,3599.8,20251000
2025-09-03 19:00:00,3619.5,20251200,3619.5,20251200,3590.1,20251000
2025-09-03 20:00:00,3619.5,20251200,3619.5,20251200,3593.7,20251000
2025-09-03 22:00:00,3615.9,20251200,3615.9,20251200,,20251000
2025-09-03 23:00:00,3613.6,20251200,3613.6,20251200,3590.5,20251000
2025-09-04 00:00:00,3619.2,20251200,3619.2,20251200,,20251000
2025-09-04 01:00:00,3605.1,20251200,3605.1,20251200,,20251000
2025-09-04 02:00:00,3589.0,20251200,3589.0,20251200,,20251000
2025-09-04 03:00:00,3587.6,20251200,3587.6,20251200,,20251000
2025-09-04 04:00:00,3590.4,20251200,3590.4,20251200,,20251000
2025-09-04 05:00:00,3584.1,20251200,3584.1,20251200,,20251000
2025-09-04 06:00:00,3596.6,20251200,3596.6,20251200,,20251000
2025-09-04 07:00:00,3599.7,20251200,3599.7,20251200,,20251000
2025-09-04 08:00:00,3599.2,20251200,3599.2,20251200,,20251000
2025-09-04 09:00:00,3596.1,20251200,3596.1,20251200,,20251000
2025-09-04 10:00:00,3599.5,20251200,3599.5,20251200,,20251000
2025-09-04 11:00:00,3603.1,20251200,3603.1,20251200,,20251000
2025-09-04 12:00:00,3609.2,20251200,3609.2,20251200,,20251000
2025-09-04 13:00:00,3606.0,20251200,3606.0,20251200,,20251000
2025-09-04 13:30:00,,20251200,,20251200,3576.2,20251000
2025-09-04 14:00:00,3605.6,20251200,3605.6,20251200,3576.4,20251000
2025-09-04 15:00:00,3612.0,20251200,3612.0,20251200,3582.6,20251000
2025-09-04 16:00:00,3610.6,20251200,3610.6,20251200,3581.6,20251000
2025-09-04 17:00:00,3600.8,20251200,3600.8,20251200,3571.0,20251000
2025-09-04 18:00:00,3602.3,20251200,3602.3,20251200,3573.0,20251000
2025-09-04 19:00:00,3605.9,20251200,3605.9,20251200,3576.3,20251000
2025-09-04 20:00:00,3602.2,20251200,3602.2,20251200,3572.6,20251000
2025-09-04 22:00:00,3596.5,20251200,3596.5,20251200,,20251000
2025-09-04 23:00:00,3602.2,20251200,3602.2,20251200,3572.6,20251000
2025-09-05 00:00:00,3610.3,20251200,3610.3,20251200,,20251000
2025-09-05 01:00:00,3611.1,20251200,3611.1,20251200,,20251000
2025-09-05 02:00:00,3610.5,20251200,3610.5,20251200,,20251000
2025-09-05 03:00:00,3617.8,20251200,3617.8,20251200,,20251000
2025-09-05 04:00:00,3616.7,20251200,3616.7,20251200,,20251000
2025-09-05 05:00:00,3617.7,20251200,3617.7,20251200,,20251000
2025-09-05 06:00:00,3612.6,20251200,3612.6,20251200,,20251000
2025-09-05 07:00:00,3607.7,20251200,3607.7,20251200,,20251000
2025-09-05 08:00:00,3603.0,20251200,3603.0,20251200,,20251000
2025-09-05 09:00:00,3609.4,20251200,3609.4,20251200,,20251000
2025-09-05 10:00:00,3608.1,20251200,3608.1,20251200,,20251000
2025-09-05 11:00:00,3609.4,20251200,3609.4,20251200,,20251000
2025-09-05 12:00:00,3639.3,20251200,3639.3,20251200,,20251000
2025-09-05 13:00:00,3650.9,20251200,3650.9,20251200,,20251000
2025-09-05 13:30:00,,20251200,,20251200,3621.3,20251000
2025-09-05 14:00:00,3646.4,20251200,3646.4,20251200,3617.0,20251000
2025-09-05 15:00:00,3647.3,20251200,3647.3,20251200,3618.0,20251000
2025-09-05 16:00:00,3651.2,20251200,3651.2,20251200,3622.0,20251000
2025-09-05 17:00:00,3651.5,20251200,3651.5,20251200,3622.2,20251000
2025-09-05 18:00:00,3649.1,20251200,3649.1,20251200,3620.0,20251000
2025-09-05 19:00:00,3646.6,20251200,3646.6,20251200,3617.2,20251000
2025-09-05 20:00:00,3639.4,20251200,3639.4,20251200,3610.7,20251000
2025-09-05 23:00:00,3639.4,20251200,3639.4,20251200,3610.7,20251000
2025-09-08 13:30:00,3673.2,20251200,3673.2,20251200,3645.0,20251000
2025-09-08 14:00:00,3680.5,20251200,3680.5,20251200,3651.5,20251000
2025-09-08 15:00:00,3680.1,20251200,3680.1,20251200,3651.3,20251000
2025-09-08 16:00:00,3681.6,20251200,3681.6,20251200,3652.4,20251000
2025-09-08 17:00:00,3674.3,20251200,3674.3,20251200,3644.8,20251000
2025-09-08 18:00:00,3677.4,20251200,3677.4,20251200,3648.6,20251000
2025-09-08 19:00:00,3676.1,20251200,3676.1,20251200,3647.0,20251000
2025-09-08 20:00:00,3677.6,20251200,3677.6,20251200,3648.5,20251000
2025-09-08 23:00:00,3677.6,20251200,3677.6,20251200,3648.5,20251000
2025-09-09 13:30:00,3705.7,20251200,3705.7,20251200,3676.8,20251000
2025-09-09 14:00:00,3684.4,20251200,3684.4,20251200,3655.3,20251000
2025-09-09 15:00:00,3684.4,20251200,3684.4,20251200,3655.1,20251000
2025-09-09 16:00:00,3684.2,20251200,3684.2,20251200,3654.8,20251000
2025-09-09 17:00:00,3682.2,20251200,3682.2,20251200,3653.0,20251000
2025-09-09 18:00:00,3679.3,20251200,3679.3,20251200,3650.3,20251000
2025-09-09 19:00:00,3668.3,20251200,3668.3,20251200,3638.6,20251000
2025-09-09 20:00:00,3663.8,20251200,3663.8,20251200,3635.0,20251000
2025-09-09 23:00:00,3663.8,20251200,3663.8,20251200,3635.0,20251000
2025-09-10 13:30:00,3690.8,20251200,3690.8,20251200,3661.9,20251000
2025-09-10 14:00:00,3687.4,20251200,3687.4,20251200,3658.4,20251000
2025-09-10 15:00:00,3683.8,20251200,3683.8,20251200,3654.3,20251000
2025-09-10 16:00:00,3682.2,20251200,3682.2,20251200,3653.3,20251000
2025-09-10 17:00:00,3687.0,20251200,3687.0,20251200,3658.1,20251000
2025-09-10 18:00:00,3685.0,20251200,3685.0,20251200,3655.5,20251000
2025-09-10 19:00:00,3681.8,20251200,3681.8,20251200,3652.7,20251000
2025-09-10 20:00:00,3680.6,20251200,3680.6,20251200,3651.8,20251000
2025-09-10 23:00:00,3680.6,20251200,3680.6,20251200,3651.8,20251000
2025-09-11 13:30:00,3667.9,20251200,3667.9,20251200,3639.0,20251000
2025-09-11 14:00:00,3668.0,20251200,3668.0,20251200,3639.2,20251000
2025-09-11 15:00:00,3672.2,20251200,3672.2,20251200,3643.0,20251000
2025-09-11 16:00:00,3674.1,20251200,3674.1,20251200,3645.5,20251000
2025-09-11 17:00:00,3673.1,20251200,3673.1,20251200,3644.7,20251000
2025-09-11 18:00:00,3671.3,20251200,3671.3,20251200,3643.1,20251000
2025-09-11 19:00:00,3675.4,20251200,3675.4,20251200,3646.8,20251000
2025-09-11 20:00:00,3673.2,20251200,3673.2,20251200,3644.7,20251000
2025-09-11 23:00:00,3673.2,20251200,3673.2,20251200,3644.7,20251000
2025-09-12 13:30:00,3688.1,20251200,3688.1,20251200,3659.3,20251000
2025-09-12 14:00:00,3685.9,20251200,3685.9,20251200,3656.6,20251000
2025-09-12 15:00:00,3682.4,20251200,3682.4,20251200,3653.1,20251000
2025-09-12 16:00:00,3688.0,20251200,3688.0,20251200,3658.9,20251000
2025-09-12 17:00:00,3687.4,20251200,3687.4,20251200,3658.6,20251000
2025-09-12 18:00:00,3686.9,20251200,3686.9,20251200,3657.9,20251000
2025-09-12 19:00:00,3682.6,20251200,3682.6,20251200,3653.7,20251000
2025-09-12 20:00:00,3680.7,20251200,3680.7,20251200,3651.7,20251000
2025-09-12 23:00:00,3680.7,20251200,3680.7,20251200,3651.7,20251000
2025-09-15 13:30:00,3694.8,20251200,3694.8,20251200,3665.5,20251000
2025-09-15 14:00:00,3701.4,20251200,3701.4,20251200,3671.7,20251000
2025-09-15 15:00:00,3720.3,20251200,3720.3,20251200,3690.7,20251000
2025-09-15 16:00:00,3718.0,20251200,3718.0,20251200,3688.4,20251000
2025-09-15 17:00:00,3721.4,20251200,3721.4,20251200,3692.1,20251000
2025-09-15 18:00:00,3716.3,20251200,3716.3,20251200,3686.2,20251000
2025-09-15 19:00:00,3720.4,20251200,3720.4,20251200,3691.0,20251000
2025-09-15 20:00:00,3719.4,20251200,3719.4,20251200,3689.1,20251000
2025-09-15 23:00:00,3719.4,20251200,3719.4,20251200,3689.1,20251000
2025-09-16 13:30:00,3733.0,20251200,3733.0,20251200,3703.5,20251000
2025-09-16 14:00:00,3722.5,20251200,3722.5,20251200,3692.9,20251000
2025-09-16 15:00:00,3722.9,20251200,3722.9,20251200,3693.1,20251000
2025-09-16 16:00:00,3726.9,20251200,3726.9,20251200,3698.1,20251000
2025-09-16 17:00:00,3723.9,20251200,3723.9,20251200,3694.0,20251000
2025-09-16 18:00:00,3726.8,20251200,3726.8,20251200,3697.3,20251000
2025-09-16 19:00:00,3726.6,20251200,3726.6,20251200,3697.1,20251000
2025-09-16 20:00:00,3727.5,20251200,3727.5,20251200,3698.2,20251000
2025-09-16 23:00:00,3727.5,20251200,3727.5,20251200,3698.2,20251000
2025-09-17 13:30:00,3714.1,20251200,3714.1,20251200,3684.6,20251000
2025-09-17 14:00:00,3746.8,20260200,3746.8,20260200,3719.2,20251200
2025-09-17 15:00:00,3747.0,20260200,3747.0,20260200,3718.7,20251200
2025-09-17 16:00:00,3749.4,20260200,3749.4,20260200,3720.4,20251200
2025-09-17 17:00:00,3751.3,20260200,3751.3,20260200,3722.3,20251200
2025-09-17 18:00:00,3714.7,20260200,3714.7,20260200,3685.8,20251200
2025-09-17 19:00:00,3723.5,20260200,3723.5,20260200,3696.1,20251200
2025-09-17 20:00:00,3723.2,20260200,3723.2,20260200,3694.7,20251200
2025-09-17 23:00:00,3723.2,20260200,3723.2,20260200,3694.7,20251200
2025-09-18 13:30:00,3703.8,20260200,3703.8,20260200,3675.4,20251200
2025-09-18 14:00:00,3700.5,20260200,3700.5,20260200,3671.9,20251200
2025-09-18 15:00:00,3701.2,20260200,3701.2,20260200,3674.5,20251200
2025-09-18 16:00:00,3707.7,20260200,3707.7,20260200,3679.3,20251200
2025-09-18 17:00:00,3705.5,20260200,3705.5,20260200,3676.5,20251200
2025-09-18 18:00:00,3704.2,20260200,3704.2,20260200,3674.9,20251200
2025-09-18 19:00:00,3708.7,20260200,3708.7,20260200,3679.4,20251200
2025-09-18 20:00:00,3706.5,20260200,3706.5,20260200,3678.2,20251200
2025-09-18 23:00:00,3706.5,20260200,3706.5,20260200,3678.2,20251200
2025-09-19 13:30:00,3725.0,20260200,3725.0,20260200,3696.1,20251200
2025-09-19 14:00:00,3729.6,20260200,3729.6,20260200,3700.7,20251200
2025-09-19 15:00:00,3733.4,20260200,3733.4,20260200,3704.1,20251200
2025-09-19 16:00:00,3731.7,20260200,3731.7,20260200,3702.3,20251200
2025-09-19 17:00:00,3741.8,20260200,3741.8,20260200,3712.9,20251200
2025-09-19 18:00:00,3747.0,20260200,3747.0,20260200,3717.8,20251200
2025-09-19 19:00:00,3747.6,20260200,3747.6,20260200,3717.8,20251200
2025-09-19 20:00:00,3748.1,20260200,3748.1,20260200,3719.6,20251200
2025-09-19 23:00:00,3748.1,20260200,3748.1,20260200,3719.6,20251200
2025-09-22 13:30:00,3785.0,20260200,3785.0,20260200,3756.3,20251200
2025-09-22 14:00:00,3789.5,20260200,3789.5,20260200,3759.8,20251200
2025-09-22 15:00:00,3799.6,20260200,3799.6,20260200,3770.0,20251200
2025-09-22 16:00:00,3800.5,20260200,3800.5,20260200,3771.1,20251200
2025-09-22 17:00:00,3810.6,20260200,3810.6,20260200,3781.4,20251200
2025-09-22 18:00:00,3811.6,20260200,3811.6,20260200,3782.0,20251200
2025-09-22 19:00:00,3811.3,20260200,3811.3,20260200,3781.2,20251200
2025-09-22 20:00:00,3811.0,20260200,3811.0,20260200,3781.0,20251200
2025-09-22 23:00:00,3811.0,20260200,3811.0,20260200,3781.0,20251200
2025-09-23 13:30:00,3845.0,20260200,3845.0,20260200,3816.5,20251200
2025-09-23 14:00:00,3836.3,20260200,3836.3,20260200,3806.4,20251200
2025-09-23 15:00:00,3840.4,20260200,3840.4,20260200,3811.7,20251200
2025-09-23 16:00:00,3841.8,20260200,3841.8,20260200,3812.3,20251200
2025-09-23 17:00:00,3840.1,20260200,3840.1,20260200,3810.2,20251200
2025-09-23 18:00:00,3820.0,20260200,3820.0,20260200,3789.1,20251200
2025-09-23 19:00:00,3827.1,20260200,3827.1,20260200,3796.6,20251200
2025-09-23 20:00:00,3825.4,20260200,3825.4,20260200,3796.9,20251200
2025-09-23 23:00:00,3825.4,20260200,3825.4,20260200,3796.9,20251200
2025-09-24 13:30:00,3825.0,20260200,3825.0,20260200,3794.7,20251200
2025-09-24 14:00:00,3814.7,20260200,3814.7,20260200,3784.8,20251200
2025-09-24 15:00:00,3803.8,20260200,3803.8,20260200,3774.1,20251200
2025-09-24 16:00:00,3799.0,20260200,3799.0,20260200,3768.4,20251200
2025-09-24 17:00:00,3798.0,20260200,3798.0,20260200,3766.6,20251200
2025-09-24 18:00:00,3785.7,20260200,3785.7,20260200,3756.9,20251200
2025-09-24 19:00:00,3793.5,20260200,3793.5,20260200,3762.5,20251200
2025-09-24 20:00:00,3798.4,20260200,3798.4,20260200,3768.4,20251200
2025-09-24 23:00:00,3798.4,20260200,3798.4,20260200,3768.4,20251200
2025-09-25 13:30:00,3794.0,20260200,3794.0,20260200,3764.0,20251200
2025-09-25 14:00:00,3792.6,20260200,3792.6,20260200,3762.2,20251200
2025-09-25 15:00:00,3796.3,20260200,3796.3,20260200,3766.7,20251200
2025-09-25 16:00:00,3794.5,20260200,3794.5,20260200,3764.1,20251200
2025-09-25 17:00:00,3804.9,20260200,3804.9,20260200,3772.9,20251200
2025-09-25 18:00:00,3816.7,20260200,3816.7,20260200,3786.3,20251200
2025-09-25 19:00:00,3816.7,20260200,3816.7,20260200,3786.0,20251200
2025-09-25 20:00:00,3814.0,20260200,3814.0,20260200,3780.6,20251200
2025-09-25 23:00:00,3814.0,20260200,3814.0,20260200,3780.6,20251200
2025-09-26 13:30:00,3822.5,20260200,3822.5,20260200,3792.5,20251200
2025-09-26 14:00:00,3837.0,20260200,3837.0,20260200,3808.7,20251200
2025-09-26 15:00:00,3841.5,20260200,3841.5,20260200,3810.4,20251200
2025-09-26 16:00:00,3835.0,20260200,3835.0,20260200,3804.0,20251200
2025-09-26 17:00:00,3843.0,20260200,3843.0,20260200,3812.9,20251200
2025-09-26 18:00:00,3839.2,20260200,3839.2,20260200,3808.8,20251200
2025-09-26 19:00:00,3826.4,20260200,3826.4,20260200,3796.0,20251200
2025-09-26 20:00:00,3820.5,20260200,3820.5,20260200,3789.8,20251200
2025-09-26 23:00:00,3820.5,20260200,3820.5,20260200,3789.8,20251200
2025-09-29 13:30:00,3883.3,20260200,3883.3,20260200,3850.8,20251200
2025-09-29 14:00:00,3887.0,20260200,3887.0,20260200,3857.1,20251200
2025-09-29 15:00:00,3890.0,20260200,3890.0,20260200,3859.2,20251200
2025-09-29 16:00:00,3889.9,20260200,3889.9,20260200,3858.9,20251200
2025-09-29 17:00:00,3889.0,20260200,3889.0,20260200,3857.7,20251200
2025-09-29 18:00:00,3885.6,20260200,3885.6,20260200,3853.2,20251200
2025-09-29 19:00:00,3888.0,20260200,3888.0,20260200,3857.1,20251200
2025-09-29 20:00:00,3894.3,20260200,3894.3,20260200,3863.1,20251200
2025-09-29 23:00:00,3894.3,20260200,3894.3,20260200,3863.1,20251200
2025-09-30 13:30:00,3883.0,20260200,3883.0,20260200,3850.6,20251200
2025-09-30 14:00:00,3912.6,20260200,3912.6,20260200,3881.7,20251200
2025-09-30 15:00:00,3897.4,20260200,3897.4,20260200,3866.5,20251200
2025-09-30 16:00:00,3905.6,20260200,3905.6,20260200,3873.7,20251200
2025-09-30 17:00:00,3903.0,20260200,3903.0,20260200,3872.3,20251200
2025-09-30 18:00:00,3907.7,20260200,3907.7,20260200,3876.2,20251200
2025-09-30 19:00:00,3918.2,20260200,3918.2,20260200,3886.8,20251200
2025-09-30 20:00:00,3918.2,20260200,3918.2,20260200,3887.3,20251200
2025-09-30 23:00:00,3918.2,20260200,3918.2,20260200,3887.3,20251200
2025-10-01 13:30:00,3931.7,20260200,3931.7,20260200,3899.9,20251200
2025-10-01 14:00:00,3931.6,20260200,3931.6,20260200,3899.9,20251200
2025-10-01 15:00:00,3927.5,20260200,3927.5,20260200,3895.1,20251200
2025-10-01 16:00:00,3928.1,20260200,3928.1,20260200,3896.7,20251200
2025-10-01 17:00:00,3918.8,20260200,3918.8,20260200,3887.4,20251200
2025-10-01 18:00:00,3921.1,20260200,3921.1,20260200,3888.8,20251200
2025-10-01 19:00:00,3924.9,20260200,3924.9,20260200,3894.2,20251200
2025-10-01 20:00:00,3922.2,20260200,3922.2,20260200,3892.6,20251200
2025-10-01 23:00:00,3922.2,20260200,3922.2,20260200,3892.6,20251200
2025-10-02 13:30:00,3931.7,20260200,3931.7,20260200,3899.8,20251200
2025-10-02 14:00:00,3895.0,20260200,3895.0,20260200,3863.8,20251200
2025-10-02 15:00:00,3882.7,20260200,3882.7,20260200,3851.9,20251200
2025-10-02 16:00:00,3897.5,20260200,3897.5,20260200,3868.6,20251200
2025-10-02 17:00:00,3901.0,20260200,3901.0,20260200,3868.6,20251200
2025-10-02 18:00:00,3906.3,20260200,3906.3,20260200,3875.2,20251200
2025-10-02 19:00:00,3911.5,20260200,3911.5,20260200,3880.3,20251200
2025-10-02 20:00:00,3910.5,20260200,3910.5,20260200,3881.0,20251200
2025-10-02 23:00:00,3910.5,20260200,3910.5,20260200,3881.0,20251200
2025-10-03 13:30:00,3939.1,20260200,3939.1,20260200,3908.0,20251200
2025-10-03 14:00:00,3933.0,20260200,3933.0,20260200,3904.2,20251200
2025-10-03 15:00:00,3945.4,20260200,3945.4,20260200,3914.5,20251200
2025-10-03 16:00:00,3940.0,20260200,3940.0,20260200,3908.9,20251200
2025-10-03 17:00:00,3935.3,20260200,3935.3,20260200,3906.5,20251200
2025-10-03 18:00:00,3942.6,20260200,3942.6,20260200,3911.8,20251200
2025-10-03 19:00:00,3942.0,20260200,3942.0,20260200,3911.0,20251200
2025-10-03 20:00:00,3943.3,20260200,3943.3,20260200,3911.7,20251200
2025-10-03 23:00:00,3943.3,20260200,3943.3,20260200,3911.7,20251200
2025-10-06 13:30:00,4001.2,20260200,4001.2,20260200,3968.6,20251200
2025-10-06 14:00:00,4010.0,20260200,4010.0,20260200,3978.0,20251200
2025-10-06 15:00:00,4018.5,20260200,4018.5,20260200,3986.2,20251200
2025-10-06 16:00:00,4010.1,20260200,4010.1,20260200,3978.3,20251200
2025-10-06 17:00:00,4014.7,20260200,4014.7,20260200,3982.6,20251200
2025-10-06 18:00:00,4015.0,20260200,4015.0,20260200,3983.0,20251200
2025-10-06 19:00:00,4016.8,20260200,4016.8,20260200,3983.3,20251200
2025-10-06 20:00:00,4016.9,20260200,4016.9,20260200,3984.1,20251200
2025-10-06 23:00:00,4016.9,20260200,4016.9,20260200,3984.1,20251200
2025-10-07 13:30:00,4034.8,20260200,4034.8,20260200,4002.4,20251200
2025-10-07 14:00:00,4040.6,20260200,4040.6,20260200,4009.1,20251200
2025-10-07 15:00:00,4020.5,20260200,4020.5,20260200,3988.9,20251200
2025-10-07 16:00:00,4032.3,20260200,4032.3,20260200,3999.7,20251200
2025-10-07 17:00:00,4037.6,20260200,4037.6,20260200,4003.9,20251200
2025-10-07 18:00:00,4037.7,20260200,4037.7,20260200,4003.8,20251200
2025-10-07 19:00:00,4035.6,20260200,4035.6,20260200,4002.7,20251200
2025-10-07 20:00:00,4039.5,20260200,4039.5,20260200,4007.6,20251200
2025-10-07 23:00:00,4039.5,20260200,4039.5,20260200,4007.6,20251200
2025-10-08 13:30:00,4093.6,20260200,4093.6,20260200,4059.9,20251200
2025-10-08 14:00:00,4103.0,20260200,4103.0,20260200,4069.5,20251200
2025-10-08 15:00:00,4100.4,20260200,4100.4,20260200,4067.1,20251200
2025-10-08 16:00:00,4111.6,20260200,4111.6,20260200,4078.6,20251200
2025-10-08 17:00:00,4105.1,20260200,4105.1,20260200,4071.7,20251200
2025-10-08 18:00:00,4103.0,20260200,4103.0,20260200,4070.6,20251200
2025-10-08 19:00:00,4098.0,20260200,4098.0,20260200,4064.3,20251200
2025-10-08 20:00:00,4094.9,20260200,4094.9,20260200,4060.3,20251200
2025-10-08 23:00:00,4094.9,20260200,4094.9,20260200,4060.3,20251200
2025-10-09 13:30:00,4067.0,20260200,4067.0,20260200,4034.5,20251200
2025-10-09 14:00:00,4072.0,20260200,4072.0,20260200,4039.8,20251200
2025-10-09 15:00:00,4062.3,20260200,4062.3,20260200,4029.7,20251200
2025-10-09 16:00:00,4014.2,20260200,4014.2,20260200,3982.3,20251200
2025-10-09 17:00:00,3995.5,20260200,3995.5,20260200,3963.5,20251200
2025-10-09 18:00:00,4003.6,20260200,4003.6,20260200,3971.3,20251200
2025-10-09 19:00:00,4020.5,20260200,4020.5,20260200,3988.5,20251200
2025-10-09 20:00:00,4024.0,20260200,4024.0,20260200,3992.1,20251200
2025-10-09 23:00:00,4024.0,20260200,4024.0,20260200,3992.1,20251200
2025-10-10 13:30:00,4027.9,20260200,4027.9,20260200,3995.8,20251200
2025-10-10 14:00:00,4037.9,20260200,4037.9,20260200,4005.8,20251200
2025-10-10 15:00:00,4046.1,20260200,4046.1,20260200,4013.5,20251200
2025-10-10 16:00:00,4029.7,20260200,4029.7,20260200,3997.2,20251200
2025-10-10 17:00:00,4036.0,20260200,4036.0,20260200,4004.8,20251200
2025-10-10 18:00:00,4047.6,20260200,4047.6,20260200,4015.1,20251200
2025-10-10 19:00:00,4060.4,20260200,4060.4,20260200,4028.3,20251200
2025-10-10 20:00:00,4067.5,20260200,4067.5,20260200,4036.2,20251200
2025-10-10 23:00:00,4067.5,20260200,4067.5,20260200,4036.2,20251200
2025-10-13 13:30:00,4147.2,20260200,4147.2,20260200,4114.0,20251200
2025-10-13 14:00:00,4151.5,20260200,4151.5,20260200,4117.7,20251200
2025-10-13 15:00:00,4158.7,20260200,4158.7,20260200,4124.7,20251200
2025-10-13 16:00:00,4158.4,20260200,4158.4,20260200,4125.2,20251200
2025-10-13 17:00:00,4157.4,20260200,4157.4,20260200,4123.6,20251200
2025-10-13 18:00:00,4155.2,20260200,4155.2,20260200,4121.8,20251200
2025-10-13 19:00:00,4160.6,20260200,4160.6,20260200,4127.2,20251200
2025-10-13 20:00:00,4162.4,20260200,4162.4,20260200,4130.2,20251200
2025-10-13 23:00:00,4162.4,20260200,4162.4,20260200,4130.2,20251200
2025-10-14 13:30:00,4172.6,20260200,4172.6,20260200,4140.8,20251200
2025-10-14 14:00:00,4176.9,20260200,4176.9,20260200,4145.4,20251200
2025-10-14 15:00:00,4188.4,20260200,4188.4,20260200,4154.6,20251200
2025-10-14 16:00:00,4189.9,20260200,4189.9,20260200,4156.3,20251200
2025-10-14 17:00:00,4197.8,20260200,4197.8,20260200,4164.2,20251200
2025-10-14 18:00:00,4199.3,20260200,4199.3,20260200,4164.5,20251200
2025-10-14 19:00:00,4193.2,20260200,4193.2,20260200,4159.2,20251200
2025-10-14 20:00:00,4194.1,20260200,4194.1,20260200,4159.4,20251200
2025-10-14 23:00:00,4194.1,20260200,4194.1,20260200,4159.4,20251200
2025-10-15 13:30:00,4242.9,20260200,4242.9,20260200,4207.6,20251200
2025-10-15 14:00:00,4248.1,20260200,4248.1,20260200,4216.3,20251200
2025-10-15 15:00:00,4240.7,20260200,4240.7,20260200,4206.6,20251200
2025-10-15 16:00:00,4249.9,20260200,4249.9,20260200,4215.6,20251200
2025-10-15 17:00:00,4248.0,20260200,4248.0,20260200,4214.3,20251200
2025-10-15 18:00:00,4253.0,20260200,4253.0,20260200,4218.9,20251200
2025-10-15 19:00:00,4260.1,20260200,4260.1,20260200,4226.0,20251200
2025-10-15 20:00:00,4259.2,20260200,4259.2,20260200,4225.0,20251200
2025-10-15 23:00:00,4259.2,20260200,4259.2,20260200,4225.0,20251200
2025-10-16 13:30:00,4297.7,20260200,4297.7,20260200,4262.5,20251200
2025-10-16 14:00:00,4313.0,20260200,4313.0,20260200,4278.5,20251200
2025-10-16 15:00:00,4324.2,20260200,4324.2,20260200,4289.5,20251200
2025-10-16 16:00:00,4330.0,20260200,4330.0,20260200,4296.8,20251200
2025-10-16 17:00:00,4343.4,20260200,4343.4,20260200,4309.4,20251200
2025-10-16 18:00:00,4341.1,20260200,4341.1,20260200,4305.8,20251200
2025-10-16 19:00:00,4356.4,20260200,4356.4,20260200,4321.6,20251200
2025-10-16 20:00:00,4378.8,20260200,4378.8,20260200,4344.3,20251200
2025-10-16 23:00:00,4378.8,20260200,4378.8,20260200,4344.3,20251200
2025-10-17 13:30:00,4320.4,20260200,4320.4,20260200,4286.7,20251200
2025-10-17 14:00:00,4296.2,20260200,4296.2,20260200,4262.2,20251200
2025-10-17 15:00:00,4285.5,20260200,4285.5,20260200,4251.5,20251200
2025-10-17 16:00:00,4251.1,20260200,4251.1,20260200,4216.7,20251200
2025-10-17 17:00:00,4254.3,20260200,4254.3,20260200,4219.7,20251200
2025-10-17 18:00:00,4288.8,20260200,4288.8,20260200,4254.8,20251200
2025-10-17 19:00:00,4275.3,20260200,4275.3,20260200,4240.9,20251200
2025-10-17 20:00:00,4301.7,20260200,4301.7,20260200,4267.1,20251200
2025-10-17 23:00:00,4301.7,20260200,4301.7,20260200,4267.1,20251200
2025-10-20 13:30:00,4351.9,20260200,4351.9,20260200,4317.1,20251200
2025-10-20 14:00:00,4380.0,20260200,4380.0,20260200,4346.0,20251200
2025-10-20 15:00:00,4401.0,20260200,4401.0,20260200,4365.9,20251200
2025-10-20 16:00:00,4400.9,20260200,4400.9,20260200,4365.4,20251200
2025-10-20 17:00:00,4399.6,20260200,4399.6,20260200,4365.7,20251200
2025-10-20 18:00:00,4412.3,20260200,4412.3,20260200,4376.3,20251200
2025-10-20 19:00:00,4430.0,20260200,4430.0,20260200,4394.4,20251200
2025-10-20 20:00:00,4409.7,20260200,4409.7,20260200,4374.3,20251200
2025-10-20 23:00:00,4409.7,20260200,4409.7,20260200,4374.3,20251200
2025-10-21 13:30:00,4219.0,20260200,4219.0,20260200,4185.6,20251200
2025-10-21 14:00:00,4185.4,20260200,4185.4,20260200,4152.3,20251200
2025-10-21 15:00:00,4183.1,20260200,4183.1,20260200,4150.5,20251200
2025-10-21 16:00:00,4157.3,20260200,4157.3,20260200,4125.1,20251200
2025-10-21 17:00:00,4158.7,20260200,4158.7,20260200,4124.0,20251200
2025-10-21 18:00:00,4161.4,20260200,4161.4,20260200,4128.0,20251200
2025-10-21 19:00:00,4157.0,20260200,4157.0,20260200,4124.4,20251200
2025-10-21 20:00:00,4172.6,20260200,4172.6,20260200,4138.5,20251200
2025-10-21 23:00:00,4172.6,20260200,4172.6,20260200,4138.5,20251200
2025-10-22 13:30:00,4124.0,20260200,4124.0,20260200,4090.8,20251200
2025-10-22 14:00:00,4092.1,20260200,4092.1,20260200,4058.4,20251200
2025-10-22 15:00:00,4086.0,20260200,4086.0,20260200,4053.2,20251200
2025-10-22 16:00:00,4108.7,20260200,4108.7,20260200,4075.5,20251200
2025-10-22 17:00:00,4119.5,20260200,4119.5,20260200,4086.3,20251200
2025-10-22 18:00:00,4128.3,20260200,4128.3,20260200,4094.1,20251200
2025-10-22 19:00:00,4153.7,20260200,4153.7,20260200,4120.2,20251200
2025-10-22 20:00:00,4149.8,20260200,4149.8,20260200,4116.6,20251200
2025-10-22 23:00:00,4149.8,20260200,4149.8,20260200,4116.6,20251200
2025-10-23 13:30:00,4194.7,20260200,4194.7,20260200,4161.1,20251200
2025-10-23 14:00:00,4196.6,20260200,4196.6,20260200,4164.6,20251200
2025-10-23 15:00:00,4191.7,20260200,4191.7,20260200,4158.6,20251200
2025-10-23 16:00:00,4183.0,20260200,4183.0,20260200,4149.3,20251200
2025-10-23 17:00:00,4187.8,20260200,4187.8,20260200,4154.1,20251200
2025-10-23 18:00:00,4184.1,20260200,4184.1,20260200,4152.3,20251200
2025-10-23 19:00:00,4167.0,20260200,4167.0,20260200,4134.7,20251200
2025-10-23 20:00:00,4177.1,20260200,4177.1,20260200,4143.0,20251200
2025-10-23 23:00:00,4177.1,20260200,4177.1,20260200,4143.0,20251200
2025-10-24 13:30:00,4155.9,20260200,4155.9,20260200,4123.0,20251200
2025-10-24 14:00:00,4168.5,20260200,4168.5,20260200,4133.0,20251200
2025-10-24 15:00:00,4179.4,20260200,4179.4,20260200,4146.4,20251200
2025-10-24 16:00:00,4179.8,20260200,4179.8,20260200,4146.1,20251200
2025-10-24 17:00:00,4157.0,20260200,4157.0,20260200,4123.5,20251200
2025-10-24 18:00:00,4160.2,20260200,4160.2,20260200,4126.7,20251200
2025-10-24 19:00:00,4153.2,20260200,4153.2,20260200,4119.8,20251200
2025-10-24 20:00:00,4159.9,20260200,4159.9,20260200,4126.4,20251200
2025-10-24 23:00:00,4159.9,20260200,4159.9,20260200,4126.4,20251200
2025-10-27 13:30:00,4066.7,20260200,4066.7,20260200,4036.1,20251200
2025-10-27 14:00:00,4035.0,20260200,4035.0,20260200,4002.2,20251200
2025-10-27 15:00:00,4037.0,20260200,4037.0,20260200,4004.7,20251200
2025-10-27 16:00:00,4047.0,20260200,4047.0,20260200,4014.3,20251200
2025-10-27 17:00:00,4056.4,20260200,4056.4,20260200,4021.6,20251200
2025-10-27 18:00:00,4045.8,20260200,4045.8,20260200,4014.4,20251200
2025-10-27 19:00:00,4035.9,20260200,4035.9,20260200,4006.2,20251200
2025-10-27 20:00:00,4029.5,20260200,4029.5,20260200,3997.5,20251200
2025-10-27 23:00:00,4029.5,20260200,4029.5,20260200,3997.5,20251200
2025-10-28 13:30:00,3985.9,20260200,3985.9,20260200,3954.0,20251200
2025-10-28 14:00:00,3997.1,20260200,3997.1,20260200,3964.8,20251200
2025-10-28 15:00:00,4012.8,20260200,4012.8,20260200,3981.0,20251200
2025-10-28 16:00:00,4006.0,20260200,4006.0,20260200,3973.7,20251200
2025-10-28 17:00:00,4008.6,20260200,4008.6,20260200,3976.7,20251200
2025-10-28 18:00:00,4003.3,20260200,4003.3,20260200,3971.5,20251200
2025-10-28 19:00:00,4007.4,20260200,4007.4,20260200,3975.8,20251200
2025-10-28 20:00:00,3999.0,20260200,3999.0,20260200,3967.5,20251200
2025-10-28 23:00:00,3999.0,20260200,3999.0,20260200,3967.5,20251200
2025-10-29 13:30:00,4056.7,20260200,4056.7,20260200,4024.3,20251200
2025-10-29 14:00:00,4053.8,20260200,4053.8,20260200,4021.9,20251200
2025-10-29 15:00:00,4042.4,20260200,4042.4,20260200,4007.5,20251200
2025-10-29 16:00:00,4040.6,20260200,4040.6,20260200,4007.2,20251200
2025-10-29 17:00:00,4041.9,20260200,4041.9,20260200,4008.6,20251200
2025-10-29 18:00:00,4016.3,20260200,4016.3,20260200,3982.4,20251200
2025-10-29 19:00:00,3991.5,20260200,3991.5,20260200,3958.9,20251200
2025-10-29 20:00:00,3975.9,20260200,3975.9,20260200,3941.6,20251200
2025-10-29 23:00:00,3975.9,20260200,3975.9,20260200,3941.6,20251200
2025-10-30 13:30:00,4041.2,20260200,4041.2,20260200,4007.6,20251200
2025-10-30 14:00:00,4041.7,20260200,4041.7,20260200,4009.4,20251200
2025-10-30 15:00:00,4049.0,20260200,4049.0,20260200,4015.3,20251200
2025-10-30 16:00:00,4046.7,20260200,4046.7,20260200,4014.7,20251200
2025-10-30 17:00:00,4050.7,20260200,4050.7,20260200,4017.4,20251200
2025-10-30 18:00:00,4062.5,20260200,4062.5,20260200,4028.2,20251200
2025-10-30 19:00:00,4069.6,20260200,4069.6,20260200,4035.5,20251200
2025-10-30 20:00:00,4072.0,20260200,4072.0,20260200,4038.8,20251200
2025-10-30 23:00:00,4072.0,20260200,4072.0,20260200,4038.8,20251200
2025-10-31 13:30:00,4062.7,20260200,4062.7,20260200,4028.2,20251200
2025-10-31 14:00:00,4066.5,20260200,4066.5,20260200,4032.9,20251200
2025-10-31 15:00:00,4059.0,20260200,4059.0,20260200,4025.0,20251200
2025-10-31 16:00:00,4025.4,20260200,4025.4,20260200,3992.0,20251200
2025-10-31 17:00:00,4041.6,20260200,4041.6,20260200,4009.0,20251200
2025-10-31 18:00:00,4045.8,20260200,4045.8,20260200,4011.9,20251200
2025-10-31 19:00:00,4046.7,20260200,4046.7,20260200,4012.8,20251200
2025-10-31 20:00:00,4047.1,20260200,4047.1,20260200,4013.3,20251200
2025-10-31 23:00:00,4047.1,20260200,4047.1,20260200,4013.3,20251200
2025-11-03 14:30:00,4068.2,20260200,4068.2,20260200,4034.1,20251200
2025-11-03 15:00:00,4052.1,20260200,4052.1,20260200,4019.3,20251200
2025-11-03 16:00:00,4053.1,20260200,4053.1,20260200,4019.9,20251200
2025-11-03 17:00:00,4051.8,20260200,4051.8,20260200,4018.1,20251200
2025-11-03 18:00:00,4052.1,20260200,4052.1,20260200,4018.3,20251200
2025-11-03 19:00:00,4049.3,20260200,4049.3,20260200,4016.4,20251200
2025-11-03 20:00:00,4055.8,20260200,4055.8,20260200,4022.7,20251200
2025-11-03 21:00:00,4047.0,20260200,4047.0,20260200,4013.4,20251200
2025-11-03 23:00:00,4047.0,20260200,4047.0,20260200,4013.4,20251200
2025-11-04 14:30:00,3999.8,20260200,3999.8,20260200,3966.2,20251200
2025-11-04 15:00:00,3999.8,20260200,3999.8,20260200,3966.4,20251200
2025-11-04 16:00:00,4012.3,20260200,4012.3,20260200,3979.1,20251200
2025-11-04 17:00:00,3998.2,20260200,3998.2,20260200,3965.3,20251200
2025-11-04 18:00:00,3979.3,20260200,3979.3,20260200,3947.1,20251200
2025-11-04 19:00:00,3981.0,20260200,3981.0,20260200,3947.1,20251200
2025-11-04 20:00:00,3981.4,20260200,3981.4,20260200,3948.7,20251200
2025-11-04 21:00:00,3974.1,20260200,3974.1,20260200,3941.2,20251200
2025-11-04 23:00:00,3974.1,20260200,3974.1,20260200,3941.2,20251200
2025-11-05 14:30:00,4017.0,20260200,4017.0,20260200,3983.2,20251200
2025-11-05 15:00:00,4021.0,20260200,4021.0,20260200,3987.9,20251200
2025-11-05 16:00:00,4030.2,20260200,4030.2,20260200,3997.2,20251200
2025-11-05 17:00:00,4024.5,20260200,4024.5,20260200,3991.4,20251200
2025-11-05 18:00:00,4025.4,20260200,4025.4,20260200,3992.0,20251200
2025-11-05 19:00:00,4030.5,20260200,4030.5,20260200,3997.8,20251200
2025-11-05 20:00:00,4026.8,20260200,4026.8,20260200,3994.9,20251200
2025-11-05 21:00:00,4023.7,20260200,4023.7,20260200,3990.4,20251200
2025-11-05 23:00:00,4023.7,20260200,4023.7,20260200,3990.4,20251200
2025-11-06 14:30:00,4035.7,20260200,4035.7,20260200,4001.7,20251200
2025-11-06 15:00:00,4021.7,20260200,4021.7,20260200,3988.2,20251200
2025-11-06 16:00:00,4020.8,20260200,4020.8,20260200,3989.4,20251200
2025-11-06 17:00:00,4026.1,20260200,4026.1,20260200,3994.3,20251200
2025-11-06 18:00:00,4028.1,20260200,4028.1,20260200,3995.7,20251200
2025-11-06 19:00:00,4027.0,20260200,4027.0,20260200,3993.2,20251200
2025-11-06 20:00:00,4021.8,20260200,4021.8,20260200,3988.8,20251200
2025-11-06 21:00:00,4018.4,20260200,4018.4,20260200,3984.7,20251200
2025-11-06 23:00:00,4018.4,20260200,4018.4,20260200,3984.7,20251200
2025-11-07 14:30:00,4034.1,20260200,4034.1,20260200,4000.4,20251200
2025-11-07 15:00:00,4032.0,20260200,4032.0,20260200,3998.0,20251200
2025-11-07 16:00:00,4048.7,20260200,4048.7,20260200,4015.7,20251200
2025-11-07 17:00:00,4045.7,20260200,4045.7,20260200,4012.6,20251200
2025-11-07 18:00:00,4046.5,20260200,4046.5,20260200,4012.6,20251200
2025-11-07 19:00:00,4048.7,20260200,4048.7,20260200,4014.1,20251200
2025-11-07 20:00:00,4045.9,20260200,4045.9,20260200,4012.0,20251200
2025-11-07 21:00:00,4042.1,20260200,4042.1,20260200,4007.7,20251200
2025-11-07 23:00:00,4042.1,20260200,4042.1,20260200,4007.7,20251200
2025-11-10 14:30:00,4126.0,20260200,4126.0,20260200,4091.4,20251200
2025-11-10 15:00:00,4125.2,20260200,4125.2,20260200,4091.4,20251200
2025-11-10 16:00:00,4137.4,20260200,4137.4,20260200,4103.4,20251200
2025-11-10 17:00:00,4144.5,20260200,4144.5,20260200,4110.4,20251200
2025-11-10 18:00:00,4151.8,20260200,4151.8,20260200,4117.6,20251200
2025-11-10 19:00:00,4155.0,20260200,4155.0,20260200,4120.9,20251200
2025-11-10 20:00:00,4152.9,20260200,4152.9,20260200,4118.8,20251200
2025-11-10 21:00:00,4157.1,20260200,4157.1,20260200,4123.0,20251200
2025-11-10 23:00:00,4157.1,20260200,4157.1,20260200,4123.0,20251200
2025-11-11 14:30:00,4167.6,20260200,4167.6,20260200,4131.1,20251200
2025-11-11 15:00:00,4147.4,20260200,4147.4,20260200,4112.5,20251200
2025-11-11 16:00:00,4153.0,20260200,4153.0,20260200,4119.0,20251200
2025-11-11 17:00:00,4154.9,20260200,4154.9,20260200,4120.1,20251200
2025-11-11 18:00:00,4154.4,20260200,4154.4,20260200,4119.6,20251200
2025-11-11 19:00:00,4162.3,20260200,4162.3,20260200,4128.6,20251200
2025-11-11 20:00:00,4170.4,20260200,4170.4,20260200,4135.7,20251200
2025-11-11 21:00:00,4167.8,20260200,4167.8,20260200,4133.1,20251200
2025-11-11 23:00:00,4167.8,20260200,4167.8,20260200,4133.1,20251200
2025-11-12 14:30:00,4178.1,20260200,4178.1,20260200,4142.9,20251200
2025-11-12 15:00:00,4223.3,20260200,4223.3,20260200,4188.0,20251200
2025-11-12 16:00:00,4237.5,20260200,4237.5,20260200,4203.2,20251200
2025-11-12 17:00:00,4244.4,20260200,4244.4,20260200,4205.7,20251200
2025-11-12 18:00:00,4248.9,20260200,4248.9,20260200,4213.3,20251200
2025-11-12 19:00:00,4237.8,20260200,4237.8,20260200,4203.4,20251200
2025-11-12 20:00:00,4236.6,20260200,4236.6,20260200,4201.2,20251200
2025-11-12 21:00:00,4236.2,20260200,4236.2,20260200,4201.5,20251200
2025-11-12 23:00:00,4236.2,20260200,4236.2,20260200,4201.5,20251200
2025-11-13 14:30:00,4236.5,20260200,4236.5,20260200,4199.9,20251200
2025-11-13 15:00:00,4242.6,20260200,4242.6,20260200,4206.7,20251200
2025-11-13 16:00:00,4244.5,20260200,4244.5,20260200,4210.9,20251200
2025-11-13 17:00:00,4243.0,20260200,4243.0,20260200,4206.3,20251200
2025-11-13 18:00:00,4197.9,20260200,4197.9,20260200,4161.7,20251200
2025-11-13 19:00:00,4203.5,20260200,4203.5,20260200,4168.1,20251200
2025-11-13 20:00:00,4204.1,20260200,4204.1,20260200,4168.0,20251200
2025-11-13 21:00:00,4217.8,20260200,4217.8,20260200,4179.4,20251200
2025-11-13 23:00:00,4211.5,20260200,4211.5,20260200,4174.5,20251200
2025-11-14 14:30:00,4119.2,20260200,4119.2,20260200,4083.8,20251200
2025-11-14 15:00:00,4129.9,20260200,4129.9,20260200,4095.4,20251200
2025-11-14 16:00:00,4142.1,20260200,4142.1,20260200,4107.3,20251200
2025-11-14 17:00:00,4137.2,20260200,4137.2,20260200,4101.5,20251200
2025-11-14 18:00:00,4136.7,20260200,4136.7,20260200,4100.1,20251200
2025-11-14 19:00:00,4127.3,20260200,4127.3,20260200,4091.8,20251200
2025-11-14 20:00:00,4124.6,20260200,4124.6,20260200,4088.7,20251200
2025-11-14 21:00:00,4116.3,20260200,4116.3,20260200,4084.2,20251200
2025-11-14 23:00:00,4116.3,20260200,4116.3,20260200,4084.2,20251200
2025-11-17 14:30:00,4112.8,20260200,4112.8,20260200,4077.8,20251200
2025-11-17 15:00:00,4131.0,20260400,4131.0,20260400,4101.1,20260200
2025-11-17 16:00:00,4132.0,20260400,4132.0,20260400,4106.0,20260200
2025-11-17 17:00:00,4139.8,20260400,4139.8,20260400,4109.6,20260200
2025-11-17 18:00:00,4130.0,20260400,4130.0,20260400,4099.9,20260200
2025-11-17 19:00:00,4075.7,20260400,4075.7,20260400,4046.3,20260200
2025-11-17 20:00:00,4105.4,20260400,4105.4,20260400,4076.2,20260200
2025-11-17 21:00:00,4111.0,20260400,4111.0,20260400,4081.3,20260200
2025-11-17 23:00:00,4111.0,20260400,4111.0,20260400,4081.3,20260200
2025-11-18 14:30:00,4132.5,20260400,4132.5,20260400,4101.1,20260200
2025-11-18 15:00:00,4120.8,20260400,4120.8,20260400,4087.8,20260200
2025-11-18 16:00:00,4133.0,20260400,4133.0,20260400,4101.9,20260200
2025-11-18 17:00:00,4138.1,20260400,4138.1,20260400,4107.8,20260200
2025-11-18 18:00:00,4137.7,20260400,4137.7,20260400,4109.7,20260200
2025-11-18 19:00:00,4146.9,20260400,4146.9,20260400,4117.8,20260200
2025-11-18 20:00:00,4134.6,20260400,4134.6,20260400,4104.8,20260200
2025-11-18 21:00:00,4130.9,20260400,4130.9,20260400,4102.0,20260200
2025-11-18 23:00:00,4130.9,20260400,4130.9,20260400,4102.0,20260200
2025-11-19 14:30:00,4194.7,20260400,4194.7,20260400,4164.1,20260200
2025-11-19 15:00:00,4160.9,20260400,4160.9,20260400,4131.6,20260200
2025-11-19 16:00:00,4139.2,20260400,4139.2,20260400,4110.6,20260200
2025-11-19 17:00:00,4145.0,20260400,4145.0,20260400,4114.7,20260200
2025-11-19 18:00:00,4156.6,20260400,4156.6,20260400,4123.7,20260200
2025-11-19 19:00:00,4141.8,20260400,4141.8,20260400,4107.9,20260200
2025-11-19 20:00:00,4143.4,20260400,4143.4,20260400,4111.7,20260200
2025-11-19 21:00:00,4145.8,20260400,4145.8,20260400,4113.0,20260200
2025-11-19 23:00:00,4145.8,20260400,4145.8,20260400,4113.0,20260200
2025-11-20 14:30:00,4158.0,20260400,4158.0,20260400,4129.3,20260200
2025-11-20 15:00:00,4135.0,20260400,4135.0,20260400,4105.0,20260200
2025-11-20 16:00:00,4112.3,20260400,4112.3,20260400,4083.1,20260200
2025-11-20 17:00:00,4131.2,20260400,4131.2,20260400,4101.3,20260200
2025-11-20 18:00:00,4125.0,20260400,4125.0,20260400,4096.4,20260200
2025-11-20 19:00:00,4149.9,20260400,4149.9,20260400,4120.1,20260200
2025-11-20 20:00:00,4139.6,20260400,4139.6,20260400,4113.1,20260200
2025-11-20 21:00:00,4143.6,20260400,4143.6,20260400,4113.4,20260200
2025-11-20 23:00:00,4143.6,20260400,4143.6,20260400,4113.4,20260200
2025-11-21 14:30:00,4136.3,20260400,4136.3,20260400,4106.9,20260200
2025-11-21 15:00:00,4133.4,20260400,4133.4,20260400,4106.1,20260200
2025-11-21 16:00:00,4165.6,20260400,4165.6,20260400,4136.7,20260200
2025-11-21 17:00:00,4150.1,20260400,4150.1,20260400,4121.6,20260200
2025-11-21 18:00:00,4148.5,20260400,4148.5,20260400,4118.0,20260200
2025-11-21 19:00:00,4152.7,20260400,4152.7,20260400,4122.5,20260200
2025-11-21 20:00:00,4129.4,20260400,4129.4,20260400,4101.1,20260200
2025-11-21 21:00:00,4128.5,20260400,4128.5,20260400,4099.5,20260200
2025-11-21 23:00:00,4128.5,20260400,4128.5,20260400,4099.5,20260200
2025-11-24 14:30:00,4145.0,20260400,4145.0,20260400,4116.7,20260200
2025-11-24 15:00:00,4154.3,20260400,4154.3,20260400,4126.4,20260200
2025-11-24 16:00:00,4162.3,20260400,4162.3,20260400,4132.7,20260200
2025-11-24 17:00:00,4157.5,20260400,4157.5,20260400,4128.5,20260200
2025-11-24 18:00:00,4184.2,20260400,4184.2,20260400,4155.9,20260200
2025-11-24 19:00:00,4183.8,20260400,4183.8,20260400,4154.3,20260200
2025-11-24 20:00:00,4195.1,20260400,4195.1,20260400,4167.1,20260200
2025-11-24 21:00:00,4197.0,20260400,4197.0,20260400,4170.0,20260200
2025-11-24 23:00:00,4197.0,20260400,4197.0,20260400,4170.0,20260200
2025-11-25 14:30:00,4187.6,20260400,4187.6,20260400,4158.4,20260200
2025-11-25 15:00:00,4185.9,20260400,4185.9,20260400,4156.5,20260200
2025-11-25 16:00:00,4198.3,20260400,4198.3,20260400,4169.8,20260200
2025-11-25 17:00:00,4209.3,20260400,4209.3,20260400,4180.3,20260200
2025-11-25 18:00:00,4201.4,20260400,4201.4,20260400,4168.7,20260200
2025-11-25 19:00:00,4197.0,20260400,4197.0,20260400,4168.7,20260200
2025-11-25 20:00:00,4196.6,20260400,4196.6,20260400,4166.4,20260200
2025-11-25 21:00:00,4193.6,20260400,4193.6,20260400,4165.1,20260200
2025-11-25 23:00:00,4193.6,20260400,4193.6,20260400,4165.1,20260200
2025-11-26 14:30:00,4206.0,20260400,4206.0,20260400,4176.6,20260200
2025-11-26 15:00:00,4230.0,20260400,4230.0,20260400,4200.2,20260200
2025-11-26 16:00:00,4231.1,20260400,4231.1,20260400,4201.6,20260200
2025-11-26 17:00:00,4231.0,20260400,4231.0,20260400,4201.9,20260200
2025-11-26 18:00:00,4228.1,20260400,4228.1,20260400,4198.8,20260200
2025-11-26 19:00:00,4226.4,20260400,4226.4,20260400,4197.0,20260200
2025-11-26 20:00:00,4226.6,20260400,4226.6,20260400,4196.9,20260200
2025-11-26 21:00:00,4226.4,20260400,4226.4,20260400,4196.3,20260200
2025-11-26 23:00:00,4226.4,20260400,4226.4,20260400,4196.3,20260200
2025-11-28 14:30:00,4263.6,20260400,4263.6,20260400,4233.6,20260200
2025-11-28 15:00:00,4268.8,20260400,4268.8,20260400,4239.2,20260200
2025-11-28 16:00:00,4270.6,20260400,4270.6,20260400,4241.9,20260200
2025-11-28 17:00:00,4281.5,20260400,4281.5,20260400,4251.6,20260200
2025-11-28 23:00:00,4281.5,20260400,4281.5,20260400,4251.6,20260200
2025-12-01 14:30:00,4304.6,20260400,4304.6,20260400,4273.8,20260200
2025-12-01 15:00:00,4297.1,20260400,4297.1,20260400,4265.3,20260200
2025-12-01 16:00:00,4288.4,20260400,4288.4,20260400,4259.0,20260200
2025-12-01 17:00:00,4295.7,20260400,4295.7,20260400,4265.5,20260200
2025-12-01 18:00:00,4305.9,20260400,4305.9,20260400,4274.6,20260200
2025-12-01 19:00:00,4301.7,20260400,4301.7,20260400,4270.9,20260200
2025-12-01 20:00:00,4300.0,20260400,4300.0,20260400,4270.9,20260200
2025-12-01 21:00:00,4297.3,20260400,4297.3,20260400,4264.8,20260200
2025-12-01 23:00:00,4297.3,20260400,4297.3,20260400,4264.8,20260200
2025-12-02 14:30:00,4282.0,20260400,4282.0,20260400,4251.1,20260200
2025-12-02 15:00:00,4230.9,20260400,4230.9,20260400,4200.9,20260200
2025-12-02 16:00:00,4245.7,20260400,4245.7,20260400,4215.6,20260200
2025-12-02 17:00:00,4255.7,20260400,4255.7,20260400,4224.7,20260200
2025-12-02 18:00:00,4252.8,20260400,4252.8,20260400,4222.2,20260200
2025-12-02 19:00:00,4258.3,20260400,4258.3,20260400,4227.4,20260200
2025-12-02 20:00:00,4271.8,20260400,4271.8,20260400,4241.6,20260200
2025-12-02 21:00:00,4269.0,20260400,4269.0,20260400,4238.5,20260200
2025-12-02 23:00:00,4269.0,20260400,4269.0,20260400,4238.5,20260200
2025-12-03 14:30:00,4275.4,20260400,4275.4,20260400,4245.0,20260200
2025-12-03 15:00:00,4280.0,20260400,4280.0,20260400,4247.5,20260200
2025-12-03 16:00:00,4262.5,20260400,4262.5,20260400,4231.6,20260200
2025-12-03 17:00:00,4275.1,20260400,4275.1,20260400,4243.0,20260200
2025-12-03 18:00:00,4260.5,20260400,4260.5,20260400,4228.3,20260200
2025-12-03 19:00:00,4270.3,20260400,4270.3,20260400,4239.1,20260200
2025-12-03 20:00:00,4268.7,20260400,4268.7,20260400,4237.3,20260200
2025-12-03 21:00:00,4270.4,20260400,4270.4,20260400,4239.1,20260200
2025-12-03 23:00:00,4265.0,20260400,4265.0,20260400,4234.9,20260200
2025-12-04 14:30:00,4260.6,20260400,4260.6,20260400,4231.1,20260200
2025-12-04 15:00:00,4268.4,20260400,4268.4,20260400,4237.7,20260200
2025-12-04 16:00:00,4276.7,20260400,4276.7,20260400,4246.1,20260200
2025-12-04 17:00:00,4278.0,20260400,4278.0,20260400,4246.8,20260200
2025-12-04 18:00:00,4268.6,20260400,4268.6,20260400,4238.6,20260200
2025-12-04 19:00:00,4269.2,20260400,4269.2,20260400,4239.7,20260200
2025-12-04 20:00:00,4271.0,20260400,4271.0,20260400,4239.9,20260200
2025-12-04 21:00:00,4269.4,20260400,4269.4,20260400,4238.0,20260200
2025-12-04 23:00:00,4269.4,20260400,4269.4,20260400,4238.0,20260200
2025-12-05 14:30:00,4303.7,20260400,4303.7,20260400,4272.5,20260200
2025-12-05 15:00:00,4305.0,20260400,4305.0,20260400,4274.9,20260200
2025-12-05 16:00:00,4275.0,20260400,4275.0,20260400,4244.0,20260200
2025-12-05 17:00:00,4278.7,20260400,4278.7,20260400,4248.5,20260200
2025-12-05 18:00:00,4268.2,20260400,4268.2,20260400,4239.0,20260200
2025-12-05 19:00:00,4267.9,20260400,4267.9,20260400,4237.4,20260200
2025-12-05 20:00:00,4262.2,20260400,4262.2,20260400,4231.4,20260200
2025-12-05 21:00:00,4258.6,20260400,4258.6,20260400,4227.1,20260200
2025-12-05 23:00:00,4258.6,20260400,4258.6,20260400,4227.1,20260200
2025-12-08 14:30:00,4256.0,20260400,4256.0,20260400,4225.6,20260200
2025-12-08 15:00:00,4241.6,20260400,4241.6,20260400,4211.7,20260200
2025-12-08 16:00:00,4250.2,20260400,4250.2,20260400,4220.8,20260200
2025-12-08 17:00:00,4255.1,20260400,4255.1,20260400,4224.2,20260200
2025-12-08 18:00:00,4245.5,20260400,4245.5,20260400,4216.0,20260200
2025-12-08 19:00:00,4246.3,20260400,4246.3,20260400,4216.1,20260200
2025-12-08 20:00:00,4253.2,20260400,4253.2,20260400,4221.2,20260200
2025-12-08 21:00:00,4250.9,20260400,4250.9,20260400,4219.7,20260200
2025-12-08 23:00:00,4250.9,20260400,4250.9,20260400,4219.7,20260200
2025-12-09 14:30:00,4265.1,20260400,4265.1,20260400,4233.8,20260200
2025-12-09 15:00:00,4273.2,20260400,4273.2,20260400,4242.2,20260200
2025-12-09 16:00:00,4273.4,20260400,4273.4,20260400,4242.2,20260200
2025-12-09 17:00:00,4263.0,20260400,4263.0,20260400,4231.9,20260200
2025-12-09 18:00:00,4269.2,20260400,4269.2,20260400,4238.1,20260200
2025-12-09 19:00:00,4272.4,20260400,4272.4,20260400,4241.3,20260200
2025-12-09 20:00:00,4272.7,20260400,4272.7,20260400,4240.9,20260200
2025-12-09 21:00:00,4268.0,20260400,4268.0,20260400,4236.3,20260200
2025-12-09 23:00:00,4268.0,20260400,4268.0,20260400,4236.3,20260200
2025-12-10 14:30:00,4251.9,20260400,4251.9,20260400,4221.1,20260200
2025-12-10 15:00:00,4251.5,20260400,4251.5,20260400,4222.2,20260200
2025-12-10 16:00:00,4263.9,20260400,4263.9,20260400,4233.1,20260200
2025-12-10 17:00:00,4261.0,20260400,4261.0,20260400,4228.0,20260200
2025-12-10 18:00:00,4253.6,20260400,4253.6,20260400,4222.0,20260200
2025-12-10 19:00:00,4276.5,20260400,4276.5,20260400,4245.8,20260200
2025-12-10 20:00:00,4291.2,20260400,4291.2,20260400,4259.1,20260200
2025-12-10 21:00:00,4289.9,20260400,4289.9,20260400,4258.3,20260200
2025-12-10 23:00:00,4289.9,20260400,4289.9,20260400,4258.3,20260200
2025-12-11 14:30:00,4289.9,20260400,4289.9,20260400,4258.0,20260200
2025-12-11 15:00:00,4316.5,20260400,4316.5,20260400,4285.4,20260200
2025-12-11 16:00:00,4337.0,20260400,4337.0,20260400,4304.4,20260200
2025-12-11 17:00:00,4339.2,20260400,4339.2,20260400,4309.1,20260200
2025-12-11 18:00:00,4329.9,20260400,4329.9,20260400,4298.4,20260200
2025-12-11 19:00:00,4334.0,20260400,4334.0,20260400,4302.6,20260200
2025-12-11 20:00:00,4335.5,20260400,4335.5,20260400,4304.7,20260200
2025-12-11 21:00:00,4340.8,20260400,4340.8,20260400,4309.4,20260200
2025-12-11 23:00:00,4340.8,20260400,4340.8,20260400,4309.4,20260200
2025-12-12 14:30:00,4413.5,20260400,4413.5,20260400,4381.3,20260200
2025-12-12 15:00:00,4351.1,20260400,4351.1,20260400,4320.1,20260200
2025-12-12 16:00:00,4343.2,20260400,4343.2,20260400,4312.8,20260200
2025-12-12 17:00:00,4356.9,20260400,4356.9,20260400,4326.0,20260200
2025-12-12 18:00:00,4358.8,20260400,4358.8,20260400,4327.2,20260200
2025-12-12 19:00:00,4360.1,20260400,4360.1,20260400,4328.5,20260200
2025-12-12 20:00:00,4362.6,20260400,4362.6,20260400,4329.9,20260200
2025-12-12 21:00:00,4361.0,20260400,4361.0,20260400,4330.1,20260200
2025-12-12 23:00:00,4361.0,20260400,4361.0,20260400,4330.1,20260200
2025-12-15 14:30:00,4387.5,20260400,4387.5,20260400,4355.3,20260200
2025-12-15 15:00:00,4381.1,20260400,4381.1,20260400,4350.0,20260200
2025-12-15 16:00:00,4360.4,20260400,4360.4,20260400,4328.4,20260200
2025-12-15 17:00:00,4366.4,20260400,4366.4,20260400,4334.5,20260200
2025-12-15 18:00:00,4373.8,20260400,4373.8,20260400,4342.4,20260200
2025-12-15 19:00:00,4374.9,20260400,4374.9,20260400,4343.0,20260200
2025-12-15 20:00:00,4365.9,20260400,4365.9,20260400,4333.8,20260200
2025-12-15 21:00:00,4366.6,20260400,4366.6,20260400,4334.5,20260200
2025-12-15 23:00:00,4366.6,20260400,4366.6,20260400,4334.5,20260200
2025-12-16 14:30:00,4387.0,20260400,4387.0,20260400,4355.9,20260200
2025-12-16 15:00:00,4383.8,20260400,4383.8,20260400,4351.8,20260200
2025-12-16 16:00:00,4364.9,20260400,4364.9,20260400,4331.9,20260200
2025-12-16 17:00:00,4365.1,20260400,4365.1,20260400,4333.8,20260200
2025-12-16 18:00:00,4373.8,20260400,4373.8,20260400,4341.8,20260200
2025-12-16 19:00:00,4371.3,20260400,4371.3,20260400,4341.2,20260200
2025-12-16 20:00:00,4364.6,20260400,4364.6,20260400,4334.1,20260200
2025-12-16 21:00:00,4363.6,20260400,4363.6,20260400,4332.5,20260200
2025-12-16 23:00:00,4363.6,20260400,4363.6,20260400,4332.5,20260200
2025-12-17 14:30:00,4401.3,20260400,4401.3,20260400,4369.1,20260200
2025-12-17 15:00:00,4408.1,20260400,4408.1,20260400,4376.4,20260200
2025-12-17 16:00:00,4396.4,20260400,4396.4,20260400,4365.1,20260200
2025-12-17 17:00:00,4404.6,20260400,4404.6,20260400,4373.4,20260200
2025-12-17 18:00:00,4397.8,20260400,4397.8,20260400,4367.6,20260200
2025-12-17 19:00:00,4399.7,20260400,4399.7,20260400,4369.3,20260200
2025-12-17 20:00:00,4405.3,20260400,4405.3,20260400,4373.3,20260200
2025-12-17 21:00:00,4402.6,20260400,4402.6,20260400,4371.1,20260200
2025-12-17 23:00:00,4402.6,20260400,4402.6,20260400,4371.1,20260200
2025-12-18 14:30:00,4391.8,20260400,4391.8,20260400,4360.0,20260200
2025-12-18 15:00:00,4401.3,20260400,4401.3,20260400,4370.1,20260200
2025-12-18 16:00:00,4426.2,20260400,4426.2,20260400,4394.6,20260200
2025-12-18 17:00:00,4397.0,20260400,4397.0,20260400,4365.5,20260200
2025-12-18 18:00:00,4393.8,20260400,4393.8,20260400,4363.4,20260200
2025-12-18 19:00:00,4388.6,20260400,4388.6,20260400,4357.2,20260200
2025-12-18 20:00:00,4398.1,20260400,4398.1,20260400,4366.0,20260200
2025-12-18 21:00:00,4395.1,20260400,4395.1,20260400,4363.8,20260200
2025-12-18 23:00:00,4395.1,20260400,4395.1,20260400,4363.8,20260200
2025-12-19 14:30:00,4395.0,20260400,4395.0,20260400,4364.2,20260200
2025-12-19 15:00:00,4413.0,20260400,4413.0,20260400,4381.2,20260200
2025-12-19 16:00:00,4415.0,20260400,4415.0,20260400,4383.5,20260200
2025-12-19 17:00:00,4417.6,20260400,4417.6,20260400,4385.8,20260200
2025-12-19 18:00:00,4410.6,20260400,4410.6,20260400,4380.0,20260200
2025-12-19 19:00:00,4409.0,20260400,4409.0,20260400,4376.2,20260200
2025-12-19 20:00:00,4401.8,20260400,4401.8,20260400,4370.3,20260200
2025-12-19 21:00:00,4400.7,20260400,4400.7,20260400,4368.7,20260200
2025-12-19 23:00:00,4400.7,20260400,4400.7,20260400,4368.7,20260200
2025-12-22 14:30:00,4486.4,20260400,4486.4,20260400,4454.6,20260200
2025-12-22 15:00:00,4499.9,20260400,4499.9,20260400,4467.1,20260200
2025-12-22 16:00:00,4506.0,20260400,4506.0,20260400,4474.0,20260200
2025-12-22 17:00:00,4503.7,20260400,4503.7,20260400,4473.4,20260200
2025-12-22 18:00:00,4503.0,20260400,4503.0,20260400,4470.6,20260200
2025-12-22 19:00:00,4500.6,20260400,4500.6,20260400,4468.9,20260200
2025-12-22 20:00:00,4504.3,20260400,4504.3,20260400,4472.5,20260200
2025-12-22 21:00:00,4512.3,20260400,4512.3,20260400,4480.8,20260200
2025-12-22 23:00:00,4512.3,20260400,4512.3,20260400,4480.8,20260200
2025-12-23 14:30:00,4507.7,20260400,4507.7,20260400,4475.7,20260200
2025-12-23 15:00:00,4518.6,20260400,4518.6,20260400,4485.8,20260200
2025-12-23 16:00:00,4533.5,20260400,4533.5,20260400,4501.4,20260200
2025-12-23 17:00:00,4532.1,20260400,4532.1,20260400,4499.7,20260200
2025-12-23 18:00:00,4544.3,20260400,4544.3,20260400,4512.1,20260200
2025-12-23 19:00:00,4551.4,20260400,4551.4,20260400,4519.1,20260200
2025-12-23 20:00:00,4556.5,20260400,4556.5,20260400,4523.7,20260200
2025-12-23 21:00:00,4546.7,20260400,4546.7,20260400,4515.3,20260200
2025-12-23 23:00:00,4546.7,20260400,4546.7,20260400,4515.3,20260200
2025-12-24 14:30:00,4522.1,20260400,4522.1,20260400,4492.0,20260200
2025-12-24 15:00:00,4518.6,20260400,4518.6,20260400,4484.9,20260200
2025-12-24 16:00:00,4534.9,20260400,4534.9,20260400,4502.8,20260200
2025-12-24 17:00:00,4537.8,20260400,4537.8,20260400,4505.3,20260200
2025-12-24 18:00:00,4537.9,20260400,4537.9,20260400,4505.6,20260200
2025-12-24 23:00:00,4537.9,20260400,4537.9,20260400,4505.6,20260200
2025-12-26 14:30:00,4586.6,20260400,4586.6,20260400,4552.7,20260200
2025-12-26 15:00:00,4611.4,20260400,4611.4,20260400,4580.1,20260200
2025-12-26 16:00:00,4604.0,20260400,4604.0,20260400,4570.0,20260200
2025-12-26 17:00:00,4584.0,20260400,4584.0,20260400,4552.4,20260200
2025-12-26 18:00:00,4594.7,20260400,4594.7,20260400,4562.3,20260200
2025-12-26 19:00:00,4585.6,20260400,4585.6,20260400,4554.9,20260200
2025-12-26 20:00:00,4593.9,20260400,4593.9,20260400,4560.5,20260200
2025-12-26 21:00:00,4595.7,20260400,4595.7,20260400,4562.1,20260200
2025-12-26 23:00:00,4595.7,20260400,4595.7,20260400,4562.1,20260200
2025-12-29 14:30:00,4412.5,20260400,4412.5,20260400,4379.2,20260200
2025-12-29 15:00:00,4374.7,20260400,4374.7,20260400,4343.1,20260200
2025-12-29 16:00:00,4390.9,20260400,4390.9,20260400,4359.7,20260200
2025-12-29 17:00:00,4378.0,20260400,4378.0,20260400,4346.2,20260200
2025-12-29 18:00:00,4381.4,20260400,4381.4,20260400,4349.7,20260200
2025-12-29 19:00:00,4387.0,20260400,4387.0,20260400,4354.5,20260200
2025-12-29 20:00:00,4386.3,20260400,4386.3,20260400,4354.3,20260200
2025-12-29 21:00:00,4380.9,20260400,4380.9,20260400,4349.9,20260200
2025-12-29 23:00:00,4380.9,20260400,4380.9,20260400,4349.9,20260200
2025-12-30 14:30:00,4414.0,20260400,4414.0,20260400,4381.4,20260200
2025-12-30 15:00:00,4416.0,20260400,4416.0,20260400,4382.0,20260200
2025-12-30 16:00:00,4427.0,20260400,4427.0,20260400,4393.6,20260200
2025-12-30 17:00:00,4417.9,20260400,4417.9,20260400,4385.6,20260200
2025-12-30 18:00:00,4412.3,20260400,4412.3,20260400,4380.3,20260200
2025-12-30 19:00:00,4395.8,20260400,4395.8,20260400,4364.0,20260200
2025-12-30 20:00:00,4388.0,20260400,4388.0,20260400,4357.7,20260200
2025-12-30 21:00:00,4385.3,20260400,4385.3,20260400,4353.0,20260200
2025-12-30 23:00:00,4385.3,20260400,4385.3,20260400,4353.0,20260200
2025-12-31 14:30:00,4393.8,20260400,4393.8,20260400,4360.2,20260200
2025-12-31 15:00:00,4383.8,20260400,4383.8,20260400,4350.8,20260200
2025-12-31 16:00:00,4368.6,20260400,4368.6,20260400,4336.8,20260200
2025-12-31 17:00:00,4367.9,20260400,4367.9,20260400,4335.5,20260200
2025-12-31 18:00:00,4366.0,20260400,4366.0,20260400,4333.5,20260200
2025-12-31 19:00:00,4356.3,20260400,4356.3,20260400,4324.0,20260200
2025-12-31 20:00:00,4359.1,20260400,4359.1,20260400,4326.4,20260200
2025-12-31 21:00:00,4365.0,20260400,4365.0,20260400,4332.7,20260200
2025-12-31 23:00:00,4365.0,20260400,4365.0,20260400,4332.7,20260200
2026-01-02 14:30:00,4397.9,20260400,4397.9,20260400,4364.8,20260200
2026-01-02 15:00:00,4379.1,20260400,4379.1,20260400,4346.7,20260200
2026-01-02 16:00:00,4367.0,20260400,4367.0,20260400,4337.4,20260200
2026-01-02 17:00:00,4365.6,20260400,4365.6,20260400,4333.4,20260200
2026-01-02 18:00:00,4357.8,20260400,4357.8,20260400,4325.5,20260200
2026-01-02 19:00:00,4361.8,20260400,4361.8,20260400,4328.2,20260200
2026-01-02 20:00:00,4372.1,20260400,4372.1,20260400,4341.1,20260200
2026-01-02 21:00:00,4374.6,20260400,4374.6,20260400,4341.9,20260200
2026-01-02 23:00:00,4374.6,20260400,4374.6,20260400,4341.9,20260200
2026-01-05 14:30:00,4480.2,20260400,4480.2,20260400,4447.5,20260200
2026-01-05 15:00:00,4491.3,20260400,4491.3,20260400,4459.1,20260200
2026-01-05 16:00:00,4485.0,20260400,4485.0,20260400,4452.8,20260200
2026-01-05 17:00:00,4486.5,20260400,4486.5,20260400,4453.9,20260200
2026-01-05 18:00:00,4489.3,20260400,4489.3,20260400,4459.8,20260200
2026-01-05 19:00:00,4484.2,20260400,4484.2,20260400,4451.1,20260200
2026-01-05 20:00:00,4487.3,20260400,4487.3,20260400,4455.0,20260200
2026-01-05 21:00:00,4492.6,20260400,4492.6,20260400,4459.6,20260200
2026-01-05 23:00:00,4492.6,20260400,4492.6,20260400,4459.6,20260200
2026-01-06 14:30:00,4530.2,20260400,4530.2,20260400,4498.1,20260200
2026-01-06 15:00:00,4521.7,20260400,4521.7,20260400,4488.4,20260200
2026-01-06 16:00:00,4532.2,20260400,4532.2,20260400,4498.6,20260200
2026-01-06 17:00:00,4532.7,20260400,4532.7,20260400,4499.9,20260200
2026-01-06 18:00:00,4532.1,20260400,4532.1,20260400,4499.5,20260200
2026-01-06 19:00:00,4525.8,20260400,4525.8,20260400,4491.9,20260200
2026-01-06 20:00:00,4538.8,20260400,4538.8,20260400,4504.3,20260200
2026-01-06 21:00:00,4539.2,20260400,4539.2,20260400,4505.9,20260200
2026-01-06 23:00:00,4539.2,20260400,4539.2,20260400,4505.9,20260200
2026-01-07 14:30:00,4487.3,20260400,4487.3,20260400,4455.3,20260200
2026-01-07 15:00:00,4488.8,20260400,4488.8,20260400,4456.6,20260200
2026-01-07 16:00:00,4507.0,20260400,4507.0,20260400,4474.3,20260200
2026-01-07 17:00:00,4493.0,20260400,4493.0,20260400,4461.8,20260200
2026-01-07 18:00:00,4495.0,20260400,4495.0,20260400,4461.7,20260200
2026-01-07 19:00:00,4500.0,20260400,4500.0,20260400,4466.6,20260200
2026-01-07 20:00:00,4494.7,20260400,4494.7,20260400,4462.6,20260200
2026-01-07 21:00:00,4499.5,20260400,4499.5,20260400,4466.5,20260200
2026-01-07 23:00:00,4499.5,20260400,4499.5,20260400,4466.5,20260200
2026-01-08 14:30:00,4473.6,20260400,4473.6,20260400,4441.6,20260200
2026-01-08 15:00:00,4495.7,20260400,4495.7,20260400,4463.5,20260200
2026-01-08 16:00:00,4505.6,20260400,4505.6,20260400,4472.5,20260200
2026-01-08 17:00:00,4505.2,20260400,4505.2,20260400,4472.9,20260200
2026-01-08 18:00:00,4491.9,20260400,4491.9,20260400,4459.0,20260200
2026-01-08 19:00:00,4494.3,20260400,4494.3,20260400,4461.0,20260200
2026-01-08 20:00:00,4519.3,20260400,4519.3,20260400,4485.1,20260200
2026-01-08 21:00:00,4521.0,20260400,4521.0,20260400,4487.5,20260200
2026-01-08 23:00:00,4521.0,20260400,4521.0,20260400,4487.5,20260200
2026-01-09 14:30:00,4537.2,20260400,4537.2,20260400,4503.1,20260200
2026-01-09 15:00:00,4555.6,20260400,4555.6,20260400,4521.7,20260200
2026-01-09 16:00:00,4550.4,20260400,4550.4,20260400,4516.5,20260200
2026-01-09 17:00:00,4527.9,20260400,4527.9,20260400,4493.8,20260200
2026-01-09 18:00:00,4539.2,20260400,4539.2,20260400,4505.8,20260200
2026-01-09 19:00:00,4542.4,20260400,4542.4,20260400,4508.3,20260200
2026-01-09 20:00:00,4550.5,20260400,4550.5,20260400,4516.1,20260200
2026-01-09 21:00:00,4551.9,20260400,4551.9,20260400,4518.1,20260200
2026-01-09 23:00:00,4551.9,20260400,4551.9,20260400,4518.1,20260200
2026-01-12 14:30:00,4646.4,20260400,4646.4,20260400,4611.9,20260200
2026-01-12 15:00:00,4667.1,20260400,4667.1,20260400,4630.9,20260200
2026-01-12 16:00:00,4661.3,20260400,4661.3,20260400,4627.0,20260200
2026-01-12 17:00:00,4662.4,20260400,4662.4,20260400,4626.9,20260200
2026-01-12 18:00:00,4655.4,20260400,4655.4,20260400,4620.5,20260200
2026-01-12 19:00:00,4654.8,20260400,4654.8,20260400,4620.6,20260200
2026-01-12 20:00:00,4636.7,20260400,4636.7,20260400,4603.3,20260200
2026-01-12 21:00:00,4642.8,20260400,4642.8,20260400,4608.2,20260200
2026-01-12 23:00:00,4642.8,20260400,4642.8,20260400,4608.2,20260200
2026-01-13 14:30:00,4672.9,20260400,4672.9,20260400,4639.2,20260200
2026-01-13 15:00:00,4662.5,20260400,4662.5,20260400,4627.9,20260200
2026-01-13 16:00:00,4656.8,20260400,4656.8,20260400,4622.2,20260200
2026-01-13 17:00:00,4633.0,20260400,4633.0,20260400,4599.0,20260200
2026-01-13 18:00:00,4637.3,20260400,4637.3,20260400,4602.3,20260200
2026-01-13 19:00:00,4639.4,20260400,4639.4,20260400,4605.2,20260200
2026-01-13 20:00:00,4624.6,20260400,4624.6,20260400,4593.9,20260200
2026-01-13 21:00:00,4628.6,20260400,4628.6,20260400,4594.5,20260200
2026-01-13 23:00:00,4628.6,20260400,4628.6,20260400,4594.5,20260200
2026-01-14 14:30:00,4659.4,20260400,4659.4,20260400,4624.7,20260200
2026-01-14 15:00:00,4659.0,20260400,4659.0,20260400,4624.8,20260200
2026-01-14 16:00:00,4658.4,20260400,4658.4,20260400,4624.0,20260200
2026-01-14 17:00:00,4656.6,20260400,4656.6,20260400,4621.4,20260200
2026-01-14 18:00:00,4676.9,20260400,4676.9,20260400,4642.5,20260200
2026-01-14 19:00:00,4681.4,20260400,4681.4,20260400,4646.6,20260200
2026-01-14 20:00:00,4673.5,20260400,4673.5,20260400,4639.2,20260200
2026-01-14 21:00:00,4667.0,20260400,4667.0,20260400,4634.3,20260200
2026-01-14 23:00:00,4667.0,20260400,4667.0,20260400,4634.3,20260200
2026-01-15 14:30:00,4648.9,20260400,4648.9,20260400,4615.1,20260200
2026-01-15 15:00:00,4653.9,20260400,4653.9,20260400,4619.8,20260200
2026-01-15 16:00:00,4645.3,20260400,4645.3,20260400,4610.3,20260200
2026-01-15 17:00:00,4655.0,20260400,4655.0,20260400,4621.5,20260200
2026-01-15 18:00:00,4656.0,20260400,4656.0,20260400,4622.0,20260200
2026-01-15 19:00:00,4654.4,20260400,4654.4,20260400,4620.1,20260200
2026-01-15 20:00:00,4643.6,20260400,4643.6,20260400,4609.6,20260200
2026-01-15 21:00:00,4654.7,20260400,4654.7,20260400,4620.5,20260200
2026-01-15 23:00:00,4654.7,20260400,4654.7,20260400,4620.5,20260200
2026-01-16 14:30:00,4646.8,20260400,4646.8,20260400,4611.5,20260200
2026-01-16 15:00:00,4608.3,20260400,4608.3,20260400,4574.8,20260200
2026-01-16 16:00:00,4629.2,20260400,4629.2,20260400,4595.9,20260200
2026-01-16 17:00:00,4621.1,20260400,4621.1,20260400,4586.1,20260200
2026-01-16 18:00:00,4623.9,20260400,4623.9,20260400,4588.0,20260200
2026-01-16 19:00:00,4629.1,20260400,4629.1,20260400,4595.2,20260200
2026-01-16 20:00:00,4620.9,20260400,4620.9,20260400,4587.3,20260200
2026-01-16 21:00:00,4635.0,20260400,4635.0,20260400,4601.2,20260200
2026-01-16 23:00:00,4635.0,20260400,4635.0,20260400,4601.2,20260200
2026-01-19 14:30:00,4706.3,20260400,4706.3,20260400,4671.5,20260200
2026-01-19 15:00:00,4749.6,20260600,4749.6,20260600,4714.1,20260400
2026-01-19 16:00:00,4747.0,20260600,4747.0,20260600,4711.7,20260400
2026-01-19 17:00:00,4750.6,20260600,4750.6,20260600,4716.0,20260400
2026-01-19 18:00:00,4751.0,20260600,4751.0,20260600,4717.1,20260400
2026-01-19 19:00:00,4745.1,20260600,4745.1,20260600,4711.7,20260400
2026-01-20 14:30:00,4815.8,20260600,4815.8,20260600,4780.6,20260400
2026-01-20 15:00:00,4811.0,20260600,4811.0,20260600,4776.5,20260400
2026-01-20 16:00:00,4827.5,20260600,4827.5,20260600,4793.1,20260400
2026-01-20 17:00:00,4833.0,20260600,4833.0,20260600,4798.5,20260400
2026-01-20 18:00:00,4832.1,20260600,4832.1,20260600,4799.2,20260400
2026-01-20 19:00:00,4834.6,20260600,4834.6,20260600,4800.7,20260400
2026-01-20 20:00:00,4831.1,20260600,4831.1,20260600,4795.3,20260400
2026-01-20 21:00:00,4838.8,20260600,4838.8,20260600,4803.6,20260400
2026-01-20 23:00:00,4838.8,20260600,4838.8,20260600,4803.6,20260400
2026-01-21 14:30:00,4925.3,20260600,4925.3,20260600,4889.4,20260400
2026-01-21 15:00:00,4922.0,20260600,4922.0,20260600,4885.6,20260400
2026-01-21 16:00:00,4908.6,20260600,4908.6,20260600,4872.6,20260400
2026-01-21 17:00:00,4900.0,20260600,4900.0,20260600,4864.8,20260400
2026-01-21 18:00:00,4923.3,20260600,4923.3,20260600,4888.6,20260400
2026-01-21 19:00:00,4851.5,20260600,4851.5,20260600,4818.6,20260400
2026-01-21 20:00:00,4899.2,20260600,4899.2,20260600,4865.2,20260400
2026-01-21 21:00:00,4905.2,20260600,4905.2,20260600,4871.6,20260400
2026-01-21 23:00:00,4905.2,20260600,4905.2,20260600,4871.6,20260400
2026-01-22 14:30:00,4907.5,20260600,4907.5,20260600,4872.5,20260400
2026-01-22 15:00:00,4943.4,20260600,4943.4,20260600,4909.1,20260400
2026-01-22 16:00:00,4952.2,20260600,4952.2,20260600,4916.6,20260400
2026-01-22 17:00:00,4980.0,20260600,4980.0,20260600,4943.9,20260400
2026-01-22 18:00:00,4991.8,20260600,4991.8,20260600,4955.2,20260400
2026-01-22 19:00:00,4987.2,20260600,4987.2,20260600,4949.6,20260400
2026-01-22 20:00:00,4992.8,20260600,4992.8,20260600,4956.5,20260400
2026-01-22 21:00:00,5011.2,20260600,5011.2,20260600,4974.8,20260400
2026-01-22 23:00:00,5011.2,20260600,5011.2,20260600,4974.8,20260400
2026-01-23 14:30:00,5017.1,20260600,5017.1,20260600,4981.3,20260400
2026-01-23 15:00:00,5034.1,20260600,5034.1,20260600,4998.6,20260400
2026-01-23 16:00:00,5057.0,20260600,5057.0,20260600,5017.7,20260400
2026-01-23 17:00:00,5041.6,20260600,5041.6,20260600,5004.4,20260400
2026-01-23 18:00:00,5043.2,20260600,5043.2,20260600,5005.5,20260400
2026-01-23 19:00:00,5061.5,20260600,5061.5,20260600,5022.8,20260400
2026-01-23 20:00:00,5057.6,20260600,5057.6,20260600,5018.6,20260400
2026-01-23 21:00:00,5062.1,20260600,5062.1,20260600,5020.7,20260400
2026-01-23 23:00:00,5062.1,20260600,5062.1,20260600,5020.7,20260400
2026-01-26 14:30:00,5173.0,20260600,5173.0,20260600,5133.2,20260400
2026-01-26 15:00:00,5169.5,20260600,5169.5,20260600,5128.4,20260400
2026-01-26 16:00:00,5164.8,20260600,5164.8,20260600,5125.9,20260400
2026-01-26 17:00:00,5177.4,20260600,5177.4,20260600,5137.2,20260400
2026-01-26 18:00:00,5145.0,20260600,5145.0,20260600,5104.9,20260400
2026-01-26 19:00:00,5105.0,20260600,5105.0,20260600,5063.0,20260400
2026-01-26 20:00:00,5129.0,20260600,5129.0,20260600,5088.0,20260400
2026-01-26 21:00:00,5080.5,20260600,5080.5,20260600,5043.3,20260400
2026-01-26 23:00:00,5080.5,20260600,5080.5,20260600,5043.3,20260400
2026-01-27 14:30:00,5128.4,20260600,5128.4,20260600,5086.9,20260400
2026-01-27 15:00:00,5166.0,20260600,5166.0,20260600,5126.7,20260400
2026-01-27 16:00:00,5162.6,20260600,5162.6,20260600,5123.7,20260400
2026-01-27 17:00:00,5158.0,20260600,5158.0,20260600,5117.7,20260400
2026-01-27 18:00:00,5162.5,20260600,5162.5,20260600,5123.2,20260400
2026-01-27 19:00:00,5174.6,20260600,5174.6,20260600,5135.4,20260400
2026-01-27 20:00:00,5254.0,20260600,5254.0,20260600,5213.5,20260400
2026-01-27 21:00:00,5256.0,20260600,5256.0,20260600,5218.2,20260400
2026-01-27 23:00:00,5256.0,20260600,5256.0,20260600,5218.2,20260400
2026-01-28 14:30:00,5359.0,20260600,5359.0,20260600,5318.7,20260400
2026-01-28 15:00:00,5352.5,20260600,5352.5,20260600,5311.3,20260400
2026-01-28 16:00:00,5370.0,20260600,5370.0,20260600,5333.7,20260400
2026-01-28 17:00:00,5371.8,20260600,5371.8,20260600,5332.2,20260400
2026-01-28 18:00:00,5357.8,20260600,5357.8,20260600,5317.8,20260400
2026-01-28 19:00:00,5401.0,20260600,5401.0,20260600,5359.0,20260400
2026-01-28 20:00:00,5452.0,20260600,5452.0,20260600,5409.5,20260400
2026-01-28 21:00:00,5489.0,20260600,5489.0,20260600,5447.6,20260400
2026-01-28 23:00:00,5489.0,20260600,5489.0,20260600,5447.6,20260400
2026-01-29 14:30:00,5570.0,20260600,5570.0,20260600,5526.0,20260400
2026-01-29 15:00:00,5252.4,20260600,5252.4,20260600,5212.7,20260400
2026-01-29 16:00:00,5332.0,20260600,5332.0,20260600,5292.6,20260400
2026-01-29 17:00:00,5400.2,20260600,5400.2,20260600,5364.8,20260400
2026-01-29 18:00:00,5408.8,20260600,5408.8,20260600,5367.4,20260400
2026-01-29 19:00:00,5376.0,20260600,5376.0,20260600,5334.2,20260400
2026-01-29 20:00:00,5465.7,20260600,5465.7,20260600,5423.6,20260400
2026-01-29 21:00:00,5451.7,20260600,5451.7,20260600,5411.7,20260400
2026-01-29 23:00:00,5451.7,20260600,5451.7,20260600,5411.7,20260400
2026-01-30 14:30:00,5099.4,20260600,5099.4,20260600,5060.2,20260400
2026-01-30 15:00:00,5116.3,20260600,5116.3,20260600,5079.0,20260400
2026-01-30 16:00:00,5049.0,20260600,5049.0,20260600,5012.2,20260400
2026-01-30 17:00:00,4909.3,20260600,4909.3,20260600,4875.2,20260400
2026-01-30 18:00:00,4936.6,20260600,4936.6,20260600,4899.6,20260400
2026-01-30 19:00:00,4992.8,20260600,4992.8,20260600,4955.8,20260400
2026-01-30 20:00:00,4906.6,20260600,4906.6,20260600,4870.4,20260400
2026-01-30 21:00:00,4950.3,20260600,4950.3,20260600,4914.9,20260400
2026-01-30 23:00:00,4950.3,20260600,4950.3,20260600,4914.9,20260400
2026-02-02 14:30:00,4777.4,20260600,4777.4,20260600,4744.6,20260400
2026-02-02 15:00:00,4675.1,20260600,4675.1,20260600,4641.6,20260400
2026-02-02 16:00:00,4721.8,20260600,4721.8,20260600,4687.7,20260400
2026-02-02 17:00:00,4728.9,20260600,4728.9,20260600,4695.9,20260400
2026-02-02 18:00:00,4713.8,20260600,4713.8,20260600,4680.0,20260400
2026-02-02 19:00:00,4742.4,20260600,4742.4,20260600,4708.1,20260400
2026-02-02 20:00:00,4715.2,20260600,4715.2,20260600,4677.6,20260400
2026-02-02 21:00:00,4718.2,20260600,4718.2,20260600,4683.4,20260400
2026-02-02 23:00:00,4718.2,20260600,4718.2,20260600,4683.4,20260400
2026-02-03 14:30:00,4977.2,20260600,4977.2,20260600,4939.3,20260400
2026-02-03 15:00:00,4992.1,20260600,4992.1,20260600,4957.9,20260400
2026-02-03 16:00:00,5015.4,20260600,5015.4,20260600,4978.4,20260400
2026-02-03 17:00:00,4986.4,20260600,4986.4,20260600,4951.3,20260400
2026-02-03 18:00:00,4968.3,20260600,4968.3,20260600,4930.8,20260400
2026-02-03 19:00:00,4987.0,20260600,4987.0,20260600,4949.5,20260400
2026-02-03 20:00:00,5001.1,20260600,5001.1,20260600,4967.5,20260400
2026-02-03 21:00:00,5006.1,20260600,5006.1,20260600,4969.1,20260400
2026-02-03 23:00:00,5006.1,20260600,5006.1,20260600,4969.1,20260400
2026-02-04 14:30:00,5046.0,20260600,5046.0,20260600,5009.1,20260400
2026-02-04 15:00:00,4979.7,20260600,4979.7,20260600,4943.3,20260400
2026-02-04 16:00:00,4965.3,20260600,4965.3,20260600,4926.4,20260400
2026-02-04 17:00:00,4955.5,20260600,4955.5,20260600,4920.1,20260400
2026-02-04 18:00:00,4987.0,20260600,4987.0,20260600,4949.5,20260400
2026-02-04 19:00:00,4987.5,20260600,4987.5,20260600,4952.6,20260400
2026-02-04 20:00:00,4995.3,20260600,4995.3,20260600,4961.8,20260400
2026-02-04 21:00:00,5025.4,20260600,5025.4,20260600,4987.1,20260400
2026-02-04 23:00:00,5025.4,20260600,5025.4,20260600,4987.1,20260400
2026-02-05 14:30:00,4897.6,20260600,4897.6,20260600,4863.1,20260400
2026-02-05 15:00:00,4874.0,20260600,4874.0,20260600,4837.8,20260400
2026-02-05 16:00:00,4950.2,20260600,4950.2,20260600,4911.4,20260400
2026-02-05 17:00:00,4926.9,20260600,4926.9,20260600,4891.9,20260400
2026-02-05 18:00:00,4916.0,20260600,4916.0,20260600,4880.9,20260400
2026-02-05 19:00:00,4906.4,20260600,4906.4,20260600,4871.7,20260400
2026-02-05 20:00:00,4867.5,20260600,4867.5,20260600,4833.6,20260400
2026-02-05 21:00:00,4834.7,20260600,4834.7,20260600,4797.8,20260400
2026-02-05 23:00:00,4834.7,20260600,4834.7,20260600,4797.8,20260400
2026-02-06 14:30:00,5006.7,20260600,5006.7,20260600,4971.9,20260400
2026-02-06 15:00:00,5005.3,20260600,5005.3,20260600,4969.7,20260400
2026-02-06 16:00:00,5011.8,20260600,5011.8,20260600,4975.7,20260400
2026-02-06 17:00:00,5022.4,20260600,5022.4,20260600,4984.4,20260400
2026-02-06 18:00:00,5022.8,20260600,5022.8,20260600,4986.1,20260400
2026-02-06 19:00:00,5018.8,20260600,5018.8,20260600,4980.8,20260400
2026-02-06 20:00:00,5013.9,20260600,5013.9,20260600,4977.0,20260400
2026-02-06 21:00:00,5028.0,20260600,5028.0,20260600,4988.0,20260400
2026-02-06 23:00:00,5028.0,20260600,5028.0,20260600,4988.0,20260400
2026-02-09 14:30:00,5097.5,20260600,5097.5,20260600,5059.8,20260400
2026-02-09 15:00:00,5118.7,20260600,5118.7,20260600,5082.2,20260400
2026-02-09 16:00:00,5134.8,20260600,5134.8,20260600,5097.2,20260400
2026-02-09 17:00:00,5108.4,20260600,5108.4,20260600,5070.1,20260400
2026-02-09 18:00:00,5125.4,20260600,5125.4,20260600,5086.7,20260400
2026-02-09 19:00:00,5139.3,20260600,5139.3,20260600,5098.5,20260400
2026-02-09 20:00:00,5142.9,20260600,5142.9,20260600,5105.4,20260400
2026-02-09 21:00:00,5120.0,20260600,5120.0,20260600,5081.7,20260400
2026-02-09 23:00:00,5120.0,20260600,5120.0,20260600,5081.7,20260400
2026-02-10 14:30:00,5100.5,20260600,5100.5,20260600,5062.6,20260400
2026-02-10 15:00:00,5080.3,20260600,5080.3,20260600,5042.0,20260400
2026-02-10 16:00:00,5084.3,20260600,5084.3,20260600,5046.5,20260400
2026-02-10 17:00:00,5087.4,20260600,5087.4,20260600,5049.4,20260400
2026-02-10 18:00:00,5075.0,20260600,5075.0,20260600,5035.7,20260400
2026-02-10 19:00:00,5088.9,20260600,5088.9,20260600,5050.8,20260400
2026-02-10 20:00:00,5097.2,20260600,5097.2,20260600,5058.7,20260400
2026-02-10 21:00:00,5086.0,20260600,5086.0,20260600,5047.8,20260400
2026-02-10 23:00:00,5086.0,20260600,5086.0,20260600,5047.8,20260400
2026-02-11 14:30:00,5123.4,20260600,5123.4,20260600,5082.5,20260400
2026-02-11 15:00:00,5121.0,20260600,5121.0,20260600,5083.9,20260400
2026-02-11 16:00:00,5118.0,20260600,5118.0,20260600,5081.4,20260400
2026-02-11 17:00:00,5155.8,20260600,5155.8,20260600,5116.1,20260400
2026-02-11 18:00:00,5144.4,20260600,5144.4,20260600,5107.0,20260400
2026-02-11 19:00:00,5143.1,20260600,5143.1,20260600,5106.3,20260400
2026-02-11 20:00:00,5151.1,20260600,5151.1,20260600,5107.1,20260400
2026-02-11 21:00:00,5147.0,20260600,5147.0,20260600,5107.3,20260400
2026-02-11 23:00:00,5147.0,20260600,5147.0,20260600,5107.3,20260400
2026-02-12 14:30:00,5105.3,20260600,5105.3,20260600,5067.1,20260400
2026-02-12 15:00:00,5122.9,20260600,5122.9,20260600,5083.9,20260400
2026-02-12 16:00:00,5014.7,20260600,5014.7,20260600,4976.1,20260400
2026-02-12 17:00:00,4998.8,20260600,4998.8,20260600,4961.2,20260400
2026-02-12 18:00:00,4994.7,20260600,4994.7,20260600,4957.4,20260400
2026-02-12 19:00:00,5003.4,20260600,5003.4,20260600,4965.9,20260400
2026-02-12 20:00:00,4973.0,20260600,4973.0,20260600,4935.0,20260400
2026-02-12 21:00:00,4983.0,20260600,4983.0,20260600,4940.8,20260400
2026-02-12 23:00:00,4983.0,20260600,4983.0,20260600,4940.8,20260400
2026-02-13 14:30:00,5053.6,20260600,5053.6,20260600,5017.3,20260400
2026-02-13 15:00:00,5033.4,20260600,5033.4,20260600,4998.7,20260400
2026-02-13 16:00:00,5068.6,20260600,5068.6,20260600,5029.9,20260400
2026-02-13 17:00:00,5073.5,20260600,5073.5,20260600,5036.2,20260400
2026-02-13 18:00:00,5092.0,20260600,5092.0,20260600,5053.7,20260400
2026-02-13 19:00:00,5085.0,20260600,5085.0,20260600,5046.4,20260400
2026-02-13 20:00:00,5093.5,20260600,5093.5,20260600,5054.0,20260400
2026-02-13 21:00:00,5101.7,20260600,5101.7,20260600,5064.0,20260400
2026-02-13 23:00:00,5101.7,20260600,5101.7,20260600,5064.0,20260400
2026-02-17 14:30:00,4920.0,20260600,4920.0,20260600,4881.8,20260400
2026-02-17 15:00:00,4934.3,20260600,4934.3,20260600,4897.3,20260400
2026-02-17 16:00:00,4924.1,20260600,4924.1,20260600,4888.0,20260400
2026-02-17 17:00:00,4920.9,20260600,4920.9,20260600,4884.3,20260400
2026-02-17 18:00:00,4953.9,20260600,4953.9,20260600,4917.6,20260400
2026-02-17 19:00:00,4937.4,20260600,4937.4,20260600,4898.9,20260400
2026-02-17 20:00:00,4933.5,20260600,4933.5,20260600,4896.7,20260400
2026-02-17 21:00:00,4932.2,20260600,4932.2,20260600,4897.3,20260400
2026-02-17 23:00:00,4932.2,20260600,4932.2,20260600,4897.3,20260400
2026-02-18 14:30:00,5050.4,20260600,5050.4,20260600,5012.5,20260400
2026-02-18 15:00:00,5055.9,20260600,5055.9,20260600,5017.5,20260400
2026-02-18 16:00:00,5058.9,20260600,5058.9,20260600,5021.3,20260400
2026-02-18 17:00:00,5058.9,20260600,5058.9,20260600,5020.2,20260400
2026-02-18 18:00:00,5045.9,20260600,5045.9,20260600,5008.3,20260400
2026-02-18 19:00:00,5038.2,20260600,5038.2,20260600,5001.1,20260400
2026-02-18 20:00:00,5042.3,20260600,5042.3,20260600,5005.3,20260400
2026-02-18 21:00:00,5034.1,20260600,5034.1,20260600,4996.2,20260400
2026-02-18 23:00:00,5034.1,20260600,5034.1,20260600,4996.2,20260400
2026-02-19 14:30:00,5063.0,20260600,5063.0,20260600,5025.0,20260400
2026-02-19 15:00:00,5058.2,20260600,5058.2,20260600,5021.5,20260400
2026-02-19 16:00:00,5052.8,20260600,5052.8,20260600,5014.4,20260400
2026-02-19 17:00:00,5042.1,20260600,5042.1,20260600,5004.4,20260400
2026-02-19 18:00:00,5037.1,20260600,5037.1,20260600,5000.8,20260400
2026-02-19 19:00:00,5044.5,20260600,5044.5,20260600,5006.7,20260400
2026-02-19 20:00:00,5058.3,20260600,5058.3,20260600,5020.5,20260400
2026-02-19 21:00:00,5050.3,20260600,5050.3,20260600,5012.6,20260400
2026-02-19 23:00:00,5051.7,20260600,5051.7,20260600,5013.2,20260400
2026-02-20 14:30:00,5112.6,20260600,5112.6,20260600,5074.8,20260400
2026-02-20 15:00:00,5100.9,20260600,5100.9,20260600,5062.6,20260400
2026-02-20 16:00:00,5120.0,20260600,5120.0,20260600,5087.0,20260400
2026-02-20 17:00:00,5132.7,20260600,5132.7,20260600,5093.9,20260400
2026-02-20 18:00:00,5135.0,20260600,5135.0,20260600,5092.6,20260400
2026-02-20 19:00:00,5141.7,20260600,5141.7,20260600,5102.4,20260400
2026-02-20 20:00:00,5158.5,20260600,5158.5,20260600,5119.5,20260400
2026-02-20 21:00:00,5168.0,20260600,5168.0,20260600,5130.0,20260400
2026-02-20 23:00:00,5168.0,20260600,5168.0,20260600,5130.0,20260400
2026-02-23 14:30:00,5252.8,20260600,5252.8,20260600,5214.0,20260400
2026-02-23 15:00:00,5260.9,20260600,5260.9,20260600,5219.6,20260400
2026-02-23 16:00:00,5270.0,20260600,5270.0,20260600,5231.1,20260400
2026-02-23 17:00:00,5267.4,20260600,5267.4,20260600,5227.7,20260400
2026-02-23 18:00:00,5268.6,20260600,5268.6,20260600,5229.4,20260400
2026-02-23 19:00:00,5275.4,20260600,5275.4,20260600,5235.1,20260400
2026-02-23 20:00:00,5295.5,20260600,5295.5,20260600,5255.7,20260400
2026-02-23 21:00:00,5287.5,20260600,5287.5,20260600,5247.1,20260400
2026-02-23 23:00:00,5287.8,20260600,5287.8,20260600,5248.3,20260400
2026-02-24 14:30:00,5186.0,20260600,5186.0,20260600,5145.3,20260400
2026-02-24 15:00:00,5206.9,20260600,5206.9,20260600,5168.3,20260400
2026-02-24 16:00:00,5196.6,20260600,5196.6,20260600,5159.5,20260400
2026-02-24 17:00:00,5220.6,20260600,5220.6,20260600,5182.0,20260400
2026-02-24 18:00:00,5220.1,20260600,5220.1,20260600,5178.2,20260400
2026-02-24 19:00:00,5206.0,20260600,5206.0,20260600,5165.5,20260400
2026-02-24 20:00:00,5221.0,20260600,5221.0,20260600,5181.7,20260400
2026-02-24 21:00:00,5201.2,20260600,5201.2,20260600,5161.4,20260400
2026-02-24 23:00:00,5201.2,20260600,5201.2,20260600,5161.4,20260400
2026-02-25 14:30:00,5249.6,20260600,5249.6,20260600,5209.9,20260400
2026-02-25 15:00:00,5257.0,20260600,5257.0,20260600,5214.5,20260400
2026-02-25 16:00:00,5272.3,20260600,5272.3,20260600,5231.7,20260400
2026-02-25 17:00:00,5265.8,20260600,5265.8,20260600,5226.0,20260400
2026-02-25 18:00:00,,20260600,,20260600,5226.7,20260400
2026-02-25 19:00:00,5263.4,20260600,5263.4,20260600,5224.3,20260400
2026-02-25 20:00:00,5209.8,20260600,5209.8,20260600,5170.5,20260400
2026-02-25 21:00:00,5222.2,20260600,5222.2,20260600,5184.0,20260400
2026-02-25 23:00:00,5222.2,20260600,5222.2,20260600,5184.0,20260400
2026-02-26 14:30:00,5220.7,20260600,5220.7,20260600,5181.0,20260400
2026-02-26 15:00:00,5242.3,20260600,5242.3,20260600,5202.6,20260400
2026-02-26 16:00:00,5235.8,20260600,5235.8,20260600,5196.5,20260400
2026-02-26 17:00:00,5224.3,20260600,5224.3,20260600,5183.6,20260400
2026-02-26 18:00:00,5235.4,20260600,5235.4,20260600,5196.9,20260400
2026-02-26 19:00:00,5243.9,20260600,5243.9,20260600,5204.1,20260400
2026-02-26 20:00:00,5253.3,20260600,5253.3,20260600,5213.5,20260400
2026-02-26 21:00:00,5241.5,20260600,5241.5,20260600,5201.5,20260400
2026-02-26 23:00:00,5241.5,20260600,5241.5,20260600,5201.5,20260400
2026-02-27 14:30:00,5282.6,20260600,5282.6,20260600,5241.1,20260400
2026-02-27 15:00:00,5297.8,20260600,5297.8,20260600,5257.7,20260400
2026-02-27 16:00:00,5286.3,20260600,5286.3,20260600,5246.8,20260400
2026-02-27 17:00:00,5289.6,20260600,5289.6,20260600,5250.1,20260400
2026-02-27 18:00:00,5302.8,20260600,5302.8,20260600,5262.9,20260400
2026-02-27 19:00:00,5307.9,20260600,5307.9,20260600,5268.2,20260400
2026-02-27 20:00:00,5321.9,20260600,5321.9,20260600,5281.5,20260400
2026-02-27 21:00:00,5335.9,20260600,5335.9,20260600,5296.9,20260400
2026-02-27 23:00:00,5335.9,20260600,5335.9,20260600,5296.9,20260400
2026-03-02 14:30:00,5387.1,20260600,5387.1,20260600,5346.3,20260400
2026-03-02 15:00:00,5369.9,20260600,5369.9,20260600,5329.4,20260400
2026-03-02 16:00:00,5345.6,20260600,5345.6,20260600,5303.8,20260400
2026-03-02 17:00:00,5360.8,20260600,5360.8,20260600,5321.4,20260400
2026-03-02 18:00:00,5369.6,20260600,5369.6,20260600,5329.5,20260400
2026-03-02 19:00:00,5384.3,20260600,5384.3,20260600,5344.1,20260400
2026-03-02 20:00:00,5386.9,20260600,5386.9,20260600,5346.6,20260400
2026-03-02 21:00:00,5376.5,20260600,5376.5,20260600,5335.9,20260400
2026-03-02 23:00:00,5376.5,20260600,5376.5,20260600,5335.9,20260400
2026-03-03 14:30:00,5084.8,20260600,5084.8,20260600,5047.7,20260400
2026-03-03 15:00:00,5142.9,20260600,5142.9,20260600,5105.3,20260400
2026-03-03 16:00:00,5154.4,20260600,5154.4,20260600,5118.0,20260400
2026-03-03 17:00:00,5130.1,20260600,5130.1,20260600,5089.8,20260400
2026-03-03 18:00:00,5184.1,20260600,5184.1,20260600,5146.8,20260400
2026-03-03 19:00:00,5161.1,20260600,5161.1,20260600,5123.2,20260400
2026-03-03 20:00:00,5146.9,20260600,5146.9,20260600,5108.7,20260400
2026-03-03 21:00:00,5137.7,20260600,5137.7,20260600,5099.2,20260400
2026-03-03 23:00:00,5137.7,20260600,5137.7,20260600,5099.2,20260400
2026-03-04 14:30:00,5195.5,20260600,5195.5,20260600,5158.2,20260400
2026-03-04 15:00:00,5193.8,20260600,5193.8,20260600,5154.8,20260400
2026-03-04 16:00:00,5199.3,20260600,5199.3,20260600,5161.3,20260400
2026-03-04 17:00:00,5192.3,20260600,5192.3,20260600,5153.5,20260400
2026-03-04 18:00:00,5183.8,20260600,5183.8,20260600,5144.7,20260400
2026-03-04 19:00:00,5186.4,20260600,5186.4,20260600,5148.8,20260400
2026-03-04 20:00:00,5185.7,20260600,5185.7,20260600,5147.0,20260400
2026-03-04 21:00:00,5192.1,20260600,5192.1,20260600,5153.4,20260400
2026-03-04 23:00:00,5191.0,20260600,5191.0,20260600,5152.5,20260400
2026-03-05 14:30:00,5148.0,20260600,5148.0,20260600,5111.0,20260400
2026-03-05 15:00:00,5150.0,20260600,5150.0,20260600,5111.5,20260400
2026-03-05 16:00:00,5109.4,20260600,5109.4,20260600,5071.0,20260400
2026-03-05 17:00:00,5111.1,20260600,5111.1,20260600,5071.4,20260400
2026-03-05 18:00:00,5115.8,20260600,5115.8,20260600,5078.1,20260400
2026-03-05 19:00:00,5111.9,20260600,5111.9,20260600,5074.5,20260400
2026-03-05 20:00:00,5124.7,20260600,5124.7,20260600,5086.4,20260400
2026-03-05 21:00:00,5130.2,20260600,5130.2,20260600,5092.3,20260400
2026-03-05 23:00:00,5130.2,20260600,5130.2,20260600,5092.3,20260400
2026-03-06 14:30:00,5176.9,20260600,5176.9,20260600,5139.7,20260400
2026-03-06 15:00:00,5191.3,20260600,5191.3,20260600,5151.6,20260400
2026-03-06 16:00:00,5188.9,20260600,5188.9,20260600,5149.5,20260400
2026-03-06 17:00:00,5188.4,20260600,5188.4,20260600,5150.0,20260400
2026-03-06 18:00:00,5211.0,20260600,5211.0,20260600,5170.4,20260400
2026-03-06 19:00:00,5208.7,20260600,5208.7,20260600,5168.5,20260400
2026-03-06 20:00:00,5198.2,20260600,5198.2,20260600,5159.9,20260400
2026-03-06 21:00:00,5220.1,20260600,5220.1,20260600,5179.0,20260400
2026-03-06 23:00:00,5220.1,20260600,5220.1,20260600,5179.0,20260400
2026-03-09 13:30:00,5122.5,20260600,5122.5,20260600,5081.6,20260400
2026-03-09 14:00:00,5115.2,20260600,5115.2,20260600,5074.6,20260400
2026-03-09 15:00:00,5150.0,20260600,5150.0,20260600,5108.3,20260400
2026-03-09 16:00:00,5152.0,20260600,5152.0,20260600,5113.2,20260400
2026-03-09 17:00:00,5146.5,20260600,5146.5,20260600,5105.0,20260400
2026-03-09 18:00:00,5173.6,20260600,5173.6,20260600,5132.9,20260400
2026-03-09 19:00:00,5192.1,20260600,5192.1,20260600,5150.8,20260400
2026-03-09 20:00:00,5187.0,20260600,5187.0,20260600,5148.1,20260400
2026-03-09 23:00:00,5186.3,20260600,5186.3,20260600,5148.3,20260400
2026-03-10 13:30:00,5254.4,20260600,5254.4,20260600,5214.5,20260400
2026-03-10 14:00:00,5258.0,20260600,5258.0,20260600,5216.3,20260400
2026-03-10 15:00:00,5277.3,20260600,5277.3,20260600,5237.7,20260400
2026-03-10 16:00:00,5275.2,20260600,5275.2,20260600,5236.8,20260400
2026-03-10 17:00:00,5277.0,20260600,5277.0,20260600,5237.0,20260400
2026-03-10 18:00:00,5238.9,20260600,5238.9,20260600,5200.2,20260400
2026-03-10 19:00:00,5245.4,20260600,5245.4,20260600,5206.8,20260400
2026-03-10 20:00:00,5245.0,20260600,5245.0,20260600,5207.5,20260400
2026-03-10 23:00:00,5240.0,20260600,5240.0,20260600,5198.0,20260400
2026-03-11 13:30:00,5223.3,20260600,5223.3,20260600,5184.2,20260400
2026-03-11 14:00:00,5229.7,20260600,5229.7,20260600,5191.1,20260400
2026-03-11 15:00:00,5214.0,20260600,5214.0,20260600,5173.5,20260400
2026-03-11 16:00:00,5211.9,20260600,5211.9,20260600,5173.2,20260400
2026-03-11 17:00:00,5214.7,20260600,5214.7,20260600,5176.3,20260400
2026-03-11 18:00:00,5218.2,20260600,5218.2,20260600,5180.2,20260400
2026-03-11 19:00:00,5229.4,20260600,5229.4,20260600,5191.0,20260400
2026-03-11 20:00:00,5222.2,20260600,5222.2,20260600,5183.9,20260400
2026-03-11 23:00:00,5222.2,20260600,5222.2,20260600,5183.9,20260400
2026-03-12 13:30:00,5199.0,20260600,5199.0,20260600,5157.2,20260400
2026-03-12 14:00:00,5188.5,20260600,5188.5,20260600,5149.2,20260400
2026-03-12 15:00:00,5176.1,20260600,5176.1,20260600,5138.1,20260400
2026-03-12 16:00:00,5167.3,20260600,5167.3,20260600,5130.2,20260400
2026-03-12 17:00:00,5149.0,20260600,5149.0,20260600,5112.2,20260400
2026-03-12 18:00:00,5138.0,20260600,5138.0,20260600,5100.4,20260400
2026-03-12 19:00:00,5129.8,20260600,5129.8,20260600,5091.8,20260400
2026-03-12 20:00:00,5121.9,20260600,5121.9,20260600,5084.0,20260400
2026-03-12 23:00:00,5121.9,20260600,5121.9,20260600,5084.0,20260400
2026-03-13 13:30:00,5146.1,20260600,5146.1,20260600,5107.8,20260400
2026-03-13 14:00:00,5082.9,20260600,5082.9,20260600,5045.9,20260400
2026-03-13 15:00:00,5074.7,20260600,5074.7,20260600,5039.1,20260400
2026-03-13 16:00:00,5088.1,20260600,5088.1,20260600,5050.4,20260400
2026-03-13 17:00:00,5088.1,20260600,5088.1,20260600,5051.0,20260400
2026-03-13 18:00:00,5086.4,20260600,5086.4,20260600,5050.8,20260400
2026-03-13 19:00:00,5079.2,20260600,5079.2,20260600,5040.4,20260400
2026-03-13 20:00:00,5059.6,20260600,5059.6,20260600,5023.0,20260400
2026-03-13 23:00:00,5059.6,20260600,5059.6,20260600,5023.0,20260400
2026-03-16 13:30:00,5072.8,20260600,5072.8,20260600,5036.0,20260400
2026-03-16 14:00:00,5038.9,20260600,5038.9,20260600,5001.3,20260400
2026-03-16 15:00:00,5029.1,20260600,5029.1,20260600,4991.7,20260400
2026-03-16 16:00:00,5023.4,20260600,5023.4,20260600,4987.2,20260400
2026-03-16 17:00:00,5034.0,20260600,5034.0,20260600,4997.0,20260400
2026-03-16 18:00:00,5056.1,20260600,5056.1,20260600,5019.0,20260400
2026-03-16 19:00:00,5056.5,20260600,5056.5,20260600,5019.0,20260400
2026-03-16 20:00:00,5049.2,20260600,5049.2,20260600,5012.0,20260400
2026-03-16 23:00:00,5049.2,20260600,5049.2,20260600,5012.0,20260400
2026-03-17 13:30:00,5058.8,20260600,5058.8,20260600,5021.9,20260400
2026-03-17 14:00:00,5049.1,20260600,5049.1,20260600,5011.9,20260400
2026-03-17 15:00:00,5038.7,20260600,5038.7,20260600,5002.1,20260400
2026-03-17 16:00:00,5044.1,20260600,5044.1,20260600,5006.5,20260400
2026-03-17 17:00:00,5043.7,20260600,5043.7,20260600,5006.9,20260400
2026-03-17 18:00:00,5044.9,20260600,5044.9,20260600,5007.6,20260400
2026-03-17 19:00:00,5042.4,20260600,5042.4,20260600,5005.0,20260400
2026-03-17 20:00:00,5048.3,20260600,5048.3,20260600,5011.7,20260400
2026-03-17 23:00:00,5048.3,20260600,5048.3,20260600,5011.7,20260400
2026-03-18 13:30:00,4918.7,20260600,4918.7,20260600,4880.4,20260400
2026-03-18 14:00:00,4939.2,20260800,4939.2,20260800,4901.4,20260600
2026-03-18 15:00:00,4940.8,20260800,4940.8,20260800,4902.6,20260600
2026-03-18 16:00:00,4968.4,20260800,4968.4,20260800,4928.0,20260600
2026-03-18 17:00:00,4967.9,20260800,4967.9,20260800,4931.7,20260600
2026-03-18 18:00:00,4957.3,20260800,4957.3,20260800,4921.1,20260600
2026-03-18 19:00:00,4920.1,20260800,4920.1,20260800,4883.4,20260600
2026-03-18 20:00:00,4896.4,20260800,4896.4,20260800,4860.0,20260600
2026-03-18 23:00:00,4896.4,20260800,4896.4,20260800,4860.0,20260600
2026-03-19 13:30:00,4694.0,20260800,4694.0,20260800,4659.0,20260600
2026-03-19 14:00:00,4672.9,20260800,4672.9,20260800,4637.9,20260600
2026-03-19 15:00:00,4673.4,20260800,4673.4,20260800,4633.0,20260600
2026-03-19 16:00:00,4655.8,20260800,4655.8,20260800,4622.3,20260600
2026-03-19 17:00:00,4694.2,20260800,4694.2,20260800,4654.7,20260600
2026-03-19 18:00:00,4690.0,20260800,4690.0,20260800,4660.7,20260600
2026-03-19 19:00:00,4721.5,20260800,4721.5,20260800,4682.7,20260600
2026-03-19 20:00:00,4728.0,20260800,4728.0,20260800,4687.7,20260600
2026-03-19 23:00:00,4728.0,20260800,4728.0,20260800,4687.7,20260600
2026-03-20 13:30:00,4684.9,20260800,4684.9,20260800,4652.3,20260600
2026-03-20 14:00:00,4638.1,20260800,4638.1,20260800,4599.0,20260600
2026-03-20 15:00:00,4625.9,20260800,4625.9,20260800,4591.0,20260600
2026-03-20 16:00:00,4653.2,20260800,4653.2,20260800,4620.2,20260600
2026-03-20 17:00:00,4646.1,20260800,4646.1,20260800,4610.0,20260600
2026-03-20 18:00:00,4569.9,20260800,4569.9,20260800,4610.5,20260600
2026-03-20 19:00:00,4573.0,20260800,4573.0,20260800,4536.4,20260600
2026-03-20 20:00:00,4561.9,20260800,4561.9,20260800,4524.2,20260600
2026-03-20 23:00:00,4561.9,20260800,4561.9,20260800,4524.2,20260600
2026-03-23 13:30:00,4522.5,20260800,4522.5,20260800,4490.6,20260600
2026-03-23 14:00:00,4535.4,20260800,4535.4,20260800,4498.0,20260600
2026-03-23 15:00:00,4433.0,20260800,4433.0,20260800,4397.7,20260600
2026-03-23 16:00:00,4442.4,20260800,4442.4,20260800,4410.0,20260600
2026-03-23 17:00:00,4497.6,20260800,4497.6,20260800,4458.5,20260600
2026-03-23 18:00:00,4518.5,20260800,4518.5,20260800,4483.8,20260600
2026-03-23 19:00:00,4466.7,20260800,4466.7,20260800,4432.1,20260600
2026-03-23 20:00:00,4476.3,20260800,4476.3,20260800,4442.1,20260600
2026-03-23 23:00:00,4476.3,20260800,4476.3,20260800,4442.1,20260600
2026-03-24 13:30:00,4444.0,20260800,4444.0,20260800,4414.3,20260600
2026-03-24 14:00:00,4482.0,20260800,4482.0,20260800,4447.8,20260600
2026-03-24 15:00:00,4481.8,20260800,4481.8,20260800,4445.3,20260600
2026-03-24 16:00:00,4487.6,20260800,4487.6,20260800,4454.7,20260600
2026-03-24 17:00:00,4453.7,20260800,4453.7,20260800,4418.5,20260600
2026-03-24 18:00:00,4457.2,20260800,4457.2,20260800,4423.0,20260600
2026-03-24 19:00:00,4464.6,20260800,4464.6,20260800,4433.7,20260600
2026-03-24 20:00:00,4545.0,20260800,4545.0,20260800,4507.5,20260600
2026-03-24 23:00:00,4545.0,20260800,4545.0,20260800,4507.5,20260600
2026-03-25 13:30:00,4617.6,20260800,4617.6,20260800,4574.4,20260600
2026-03-25 14:00:00,4634.5,20260800,4634.5,20260800,4598.2,20260600
2026-03-25 15:00:00,4625.7,20260800,4625.7,20260800,4590.1,20260600
2026-03-25 16:00:00,4622.8,20260800,4622.8,20260800,4586.5,20260600
2026-03-25 17:00:00,4613.3,20260800,4613.3,20260800,4575.0,20260600
2026-03-25 18:00:00,4602.9,20260800,4602.9,20260800,4568.5,20260600
2026-03-25 19:00:00,4595.0,20260800,4595.0,20260800,4561.9,20260600
2026-03-25 20:00:00,4570.8,20260800,4570.8,20260800,4536.2,20260600
2026-03-25 23:00:00,4570.8,20260800,4570.8,20260800,4536.2,20260600
2026-03-26 13:30:00,4515.6,20260800,4515.6,20260800,4482.3,20260600
2026-03-26 14:00:00,4539.0,20260800,4539.0,20260800,4499.1,20260600
2026-03-26 15:00:00,4498.4,20260800,4498.4,20260800,4466.7,20260600
2026-03-26 16:00:00,4452.2,20260800,4452.2,20260800,4418.3,20260600
2026-03-26 17:00:00,4443.8,20260800,4443.8,20260800,4410.4,20260600
2026-03-26 18:00:00,4455.5,20260800,4455.5,20260800,4423.7,20260600
2026-03-26 19:00:00,4427.9,20260800,4427.9,20260800,4393.8,20260600
2026-03-26 20:00:00,4417.9,20260800,4417.9,20260800,4384.3,20260600
2026-03-26 23:00:00,4438.0,20260800,4438.0,20260800,4406.7,20260600
2026-03-27 13:30:00,4490.2,20260800,4490.2,20260800,4459.0,20260600
2026-03-27 14:00:00,4574.8,20260800,4574.8,20260800,4540.2,20260600
2026-03-27 15:00:00,4589.1,20260800,4589.1,20260800,4554.2,20260600
2026-03-27 16:00:00,4581.3,20260800,4581.3,20260800,4546.7,20260600
2026-03-27 17:00:00,4551.7,20260800,4551.7,20260800,4515.8,20260600
2026-03-27 18:00:00,4582.1,20260800,4582.1,20260800,4546.2,20260600
2026-03-27 19:00:00,4577.4,20260800,4577.4,20260800,4543.3,20260600
2026-03-27 20:00:00,4576.1,20260800,4576.1,20260800,4542.0,20260600
2026-03-27 23:00:00,4555.2,20260800,4555.2,20260800,4522.5,20260600
2026-03-30 13:30:00,4587.0,20260800,4587.0,20260800,4553.8,20260600
2026-03-30 14:00:00,4603.3,20260800,4603.3,20260800,4569.3,20260600
2026-03-30 15:00:00,4613.0,20260800,4613.0,20260800,4578.2,20260600
2026-03-30 16:00:00,4600.8,20260800,4600.8,20260800,4569.3,20260600
2026-03-30 17:00:00,4578.5,20260800,4578.5,20260800,4545.0,20260600
2026-03-30 18:00:00,4563.0,20260800,4563.0,20260800,4528.6,20260600
2026-03-30 19:00:00,4578.0,20260800,4578.0,20260800,4543.6,20260600
2026-03-30 20:00:00,4574.7,20260800,4574.7,20260800,4540.7,20260600
2026-03-30 23:00:00,4574.7,20260800,4574.7,20260800,4540.7,20260600
2026-03-31 13:30:00,4671.9,20260800,4671.9,20260800,4638.9,20260600
2026-03-31 14:00:00,4672.2,20260800,4672.2,20260800,4638.6,20260600
2026-03-31 15:00:00,4674.9,20260800,4674.9,20260800,4639.9,20260600
2026-03-31 16:00:00,4703.8,20260800,4703.8,20260800,4668.8,20260600
2026-03-31 17:00:00,4722.3,20260800,4722.3,20260800,4685.4,20260600
2026-03-31 18:00:00,4733.5,20260800,4733.5,20260800,4698.6,20260600
2026-03-31 19:00:00,4749.1,20260800,4749.1,20260800,4712.8,20260600
2026-03-31 20:00:00,4738.4,20260800,4738.4,20260800,4702.3,20260600
2026-03-31 23:00:00,4734.3,20260800,4734.3,20260800,4699.0,20260600
2026-04-01 13:30:00,4802.6,20260800,4802.6,20260800,4765.5,20260600
2026-04-01 14:00:00,4827.5,20260800,4827.5,20260800,4788.6,20260600
2026-04-01 15:00:00,4851.1,20260800,4851.1,20260800,4813.8,20260600
2026-04-01 16:00:00,4850.3,20260800,4850.3,20260800,4815.0,20260600
2026-04-01 17:00:00,4839.0,20260800,4839.0,20260800,4800.6,20260600
2026-04-01 18:00:00,4815.7,20260800,4815.7,20260800,4779.4,20260600
2026-04-01 19:00:00,4828.4,20260800,4828.4,20260800,4791.9,20260600
2026-04-01 20:00:00,4820.2,20260800,4820.2,20260800,4784.6,20260600
2026-04-01 23:00:00,4820.2,20260800,4820.2,20260800,4784.6,20260600
2026-04-02 13:30:00,4708.4,20260800,4708.4,20260800,4673.1,20260600
2026-04-02 14:00:00,4745.8,20260800,4745.8,20260800,4707.4,20260600
2026-04-02 15:00:00,4722.5,20260800,4722.5,20260800,4687.0,20260600
2026-04-02 16:00:00,4724.4,20260800,4724.4,20260800,4686.1,20260600
2026-04-02 17:00:00,4713.0,20260800,4713.0,20260800,4675.8,20260600
2026-04-02 18:00:00,4732.8,20260800,4732.8,20260800,4695.4,20260600
2026-04-02 19:00:00,4733.0,20260800,4733.0,20260800,4696.1,20260600
2026-04-02 20:00:00,4737.7,20260800,4737.7,20260800,4702.7,20260600
2026-04-02 23:00:00,4737.7,20260800,4737.7,20260800,4702.7,20260600
2026-04-06 13:30:00,4742.5,20260800,4742.5,20260800,4706.9,20260600
2026-04-06 14:00:00,4749.0,20260800,4749.0,20260800,4708.7,20260600
2026-04-06 15:00:00,4730.7,20260800,4730.7,20260800,4693.5,20260600
2026-04-06 16:00:00,4721.4,20260800,4721.4,20260800,4685.6,20260600
2026-04-06 17:00:00,4717.0,20260800,4717.0,20260800,4680.6,20260600
2026-04-06 18:00:00,4720.9,20260800,4720.9,20260800,4685.0,20260600
2026-04-06 19:00:00,4719.9,20260800,4719.9,20260800,4682.6,20260600
2026-04-06 20:00:00,4714.8,20260800,4714.8,20260800,4676.5,20260600
2026-04-06 23:00:00,4714.8,20260800,4714.8,20260800,4676.5,20260600
2026-04-07 13:30:00,4706.8,20260800,4706.8,20260800,4668.7,20260600
2026-04-07 14:00:00,4695.0,20260800,4695.0,20260800,4658.7,20260600
2026-04-07 15:00:00,4715.4,20260800,4715.4,20260800,4681.2,20260600
2026-04-07 16:00:00,4722.6,20260800,4722.6,20260800,4685.7,20260600
2026-04-07 17:00:00,4737.5,20260800,4737.5,20260800,4701.7,20260600
2026-04-07 18:00:00,4725.1,20260800,4725.1,20260800,4688.0,20260600
2026-04-07 19:00:00,4764.1,20260800,4764.1,20260800,4727.0,20260600
2026-04-07 20:00:00,4769.1,20260800,4769.1,20260800,4733.1,20260600
2026-04-07 23:00:00,4769.1,20260800,4769.1,20260800,4733.1,20260600
2026-04-08 13:30:00,4841.9,20260800,4841.9,20260800,4804.0,20260600
2026-04-08 14:00:00,4798.8,20260800,4798.8,20260800,4762.2,20260600
2026-04-08 15:00:00,4818.9,20260800,4818.9,20260800,4782.1,20260600
2026-04-08 16:00:00,4826.3,20260800,4826.3,20260800,4790.3,20260600
2026-04-08 17:00:00,4795.6,20260800,4795.6,20260800,4759.6,20260600
2026-04-08 18:00:00,4767.7,20260800,4767.7,20260800,4730.1,20260600
2026-04-08 19:00:00,4792.1,20260800,4792.1,20260800,4755.4,20260600
2026-04-08 20:00:00,4781.3,20260800,4781.3,20260800,4745.0,20260600
2026-04-08 23:00:00,4781.3,20260800,4781.3,20260800,4745.0,20260600
2026-04-09 13:30:00,4825.3,20260800,4825.3,20260800,4789.8,20260600
2026-04-09 14:00:00,4830.0,20260800,4830.0,20260800,4794.0,20260600
2026-04-09 15:00:00,4854.9,20260800,4854.9,20260800,4817.2,20260600
2026-04-09 16:00:00,4850.0,20260800,4850.0,20260800,4813.2,20260600
2026-04-09 17:00:00,4859.9,20260800,4859.9,20260800,4822.2,20260600
2026-04-09 18:00:00,4834.7,20260800,4834.7,20260800,4796.7,20260600
2026-04-09 19:00:00,4834.4,20260800,4834.4,20260800,4795.4,20260600
2026-04-09 20:00:00,4826.2,20260800,4826.2,20260800,4790.2,20260600
2026-04-09 23:00:00,4826.2,20260800,4826.2,20260800,4790.2,20260600
2026-04-10 13:30:00,4837.2,20260800,4837.2,20260800,4799.8,20260600
2026-04-10 14:00:00,4835.1,20260800,4835.1,20260800,4799.1,20260600
2026-04-10 15:00:00,4822.1,20260800,4822.1,20260800,4785.9,20260600
2026-04-10 16:00:00,4826.9,20260800,4826.9,20260800,4787.7,20260600
2026-04-10 17:00:00,4821.2,20260800,4821.2,20260800,4784.3,20260600
2026-04-10 18:00:00,4827.2,20260800,4827.2,20260800,4789.6,20260600
2026-04-10 19:00:00,4820.0,20260800,4820.0,20260800,4783.6,20260600
2026-04-10 20:00:00,4810.1,20260800,4810.1,20260800,4771.0,20260600
2026-04-10 23:00:00,4810.1,20260800,4810.1,20260800,4771.0,20260600
2026-04-13 13:30:00,4790.6,20260800,4790.6,20260800,4753.6,20260600
2026-04-13 14:00:00,4778.2,20260800,4778.2,20260800,4742.1,20260600
2026-04-13 15:00:00,4771.3,20260800,4771.3,20260800,4736.9,20260600
2026-04-13 16:00:00,4793.2,20260800,4793.2,20260800,4756.6,20260600
2026-04-13 17:00:00,4790.8,20260800,4790.8,20260800,4753.5,20260600
2026-04-13 18:00:00,4786.9,20260800,4786.9,20260800,4756.0,20260600
2026-04-13 19:00:00,4802.5,20260800,4802.5,20260800,4765.2,20260600
2026-04-13 20:00:00,4802.7,20260800,4802.7,20260800,4766.2,20260600
2026-04-13 23:00:00,4802.7,20260800,4802.7,20260800,4766.2,20260600
2026-04-14 13:30:00,4856.3,20260800,4856.3,20260800,4818.4,20260600
2026-04-14 14:00:00,4863.9,20260800,4863.9,20260800,4827.2,20260600
2026-04-14 15:00:00,4868.5,20260800,4868.5,20260800,4832.2,20260600
2026-04-14 16:00:00,4870.7,20260800,4870.7,20260800,4833.7,20260600
2026-04-14 17:00:00,4897.3,20260800,4897.3,20260800,4859.7,20260600
2026-04-14 18:00:00,4901.1,20260800,4901.1,20260800,4864.4,20260600
2026-04-14 19:00:00,4907.2,20260800,4907.2,20260800,4868.6,20260600
2026-04-14 20:00:00,4901.9,20260800,4901.9,20260800,4864.3,20260600
2026-04-14 23:00:00,4901.9,20260800,4901.9,20260800,4864.3,20260600
2026-04-15 13:30:00,4889.2,20260800,4889.2,20260800,4852.2,20260600
2026-04-15 14:00:00,4877.6,20260800,4877.6,20260800,4838.5,20260600
2026-04-15 15:00:00,4861.5,20260800,4861.5,20260800,4823.8,20260600
2026-04-15 16:00:00,4866.6,20260800,4866.6,20260800,4829.4,20260600
2026-04-15 17:00:00,4851.6,20260800,4851.6,20260800,4814.8,20260600
2026-04-15 18:00:00,4860.8,20260800,4860.8,20260800,4822.2,20260600
2026-04-15 19:00:00,4855.0,20260800,4855.0,20260800,4818.6,20260600
2026-04-15 20:00:00,4849.9,20260800,4849.9,20260800,4813.5,20260600
2026-04-15 23:00:00,4849.9,20260800,4849.9,20260800,4813.5,20260600
2026-04-16 13:30:00,4852.0,20260800,4852.0,20260800,4816.0,20260600
2026-04-16 14:00:00,4847.4,20260800,4847.4,20260800,4810.4,20260600
2026-04-16 15:00:00,4866.2,20260800,4866.2,20260800,4828.6,20260600
2026-04-16 16:00:00,4866.4,20260800,4866.4,20260800,4827.8,20260600
2026-04-16 17:00:00,4846.1,20260800,4846.1,20260800,4810.3,20260600
2026-04-16 18:00:00,4846.5,20260800,4846.5,20260800,4810.5,20260600
2026-04-16 19:00:00,4851.2,20260800,4851.2,20260800,4814.7,20260600
2026-04-16 20:00:00,4846.2,20260800,4846.2,20260800,4810.6,20260600
2026-04-16 23:00:00,4846.2,20260800,4846.2,20260800,4810.6,20260600
2026-04-17 13:30:00,4939.8,20260800,4939.8,20260800,4903.7,20260600
2026-04-17 14:00:00,4931.2,20260800,4931.2,20260800,4894.7,20260600
2026-04-17 15:00:00,4926.0,20260800,4926.0,20260800,4890.0,20260600
2026-04-17 16:00:00,4929.3,20260800,4929.3,20260800,4892.5,20260600
2026-04-17 17:00:00,4921.4,20260800,4921.4,20260800,4884.7,20260600
2026-04-17 18:00:00,4915.5,20260800,4915.5,20260800,4879.9,20260600
2026-04-17 19:00:00,4912.1,20260800,4912.1,20260800,4875.4,20260600
2026-04-17 20:00:00,4887.5,20260800,4887.5,20260800,4848.1,20260600
2026-04-17 23:00:00,4887.5,20260800,4887.5,20260800,4848.1,20260600
2026-04-20 13:30:00,4875.2,20260800,4875.2,20260800,4838.6,20260600
2026-04-20 14:00:00,4859.0,20260800,4859.0,20260800,4825.0,20260600
2026-04-20 15:00:00,4857.0,20260800,4857.0,20260800,4819.7,20260600
2026-04-20 16:00:00,4861.7,20260800,4861.7,20260800,4825.9,20260600
2026-04-20 17:00:00,4863.9,20260800,4863.9,20260800,4827.2,20260600
2026-04-20 18:00:00,4872.6,20260800,4872.6,20260800,4835.0,20260600
2026-04-20 19:00:00,4870.8,20260800,4870.8,20260800,4834.7,20260600
2026-04-20 20:00:00,4877.2,20260800,4877.2,20260800,4841.0,20260600
2026-04-20 23:00:00,4877.2,20260800,4877.2,20260800,4841.0,20260600
2026-04-21 13:30:00,4834.1,20260800,4834.1,20260800,4798.6,20260600
2026-04-21 14:00:00,4793.6,20260800,4793.6,20260800,4757.7,20260600
2026-04-21 15:00:00,4795.7,20260800,4795.7,20260800,4760.0,20260600
2026-04-21 16:00:00,4763.6,20260800,4763.6,20260800,4729.4,20260600
2026-04-21 17:00:00,4764.2,20260800,4764.2,20260800,4730.6,20260600
2026-04-21 18:00:00,4765.7,20260800,4765.7,20260800,4730.1,20260600
2026-04-21 19:00:00,4732.5,20260800,4732.5,20260800,4698.5,20260600
2026-04-21 20:00:00,4773.4,20260800,4773.4,20260800,4738.7,20260600
2026-04-21 23:00:00,4773.4,20260800,4773.4,20260800,4738.7,20260600
2026-04-22 13:30:00,4806.8,20260800,4806.8,20260800,4771.9,20260600
2026-04-22 14:00:00,4795.8,20260800,4795.8,20260800,4760.8,20260600
2026-04-22 15:00:00,4782.9,20260800,4782.9,20260800,4746.3,20260600
2026-04-22 16:00:00,4781.4,20260800,4781.4,20260800,4747.6,20260600
2026-04-22 17:00:00,4792.0,20260800,4792.0,20260800,4756.2,20260600
2026-04-22 18:00:00,4796.6,20260800,4796.6,20260800,4761.0,20260600
2026-04-22 19:00:00,4794.5,20260800,4794.5,20260800,4759.0,20260600
2026-04-22 20:00:00,4794.2,20260800,4794.2,20260800,4758.7,20260600
2026-04-22 23:00:00,4794.2,20260800,4794.2,20260800,4758.7,20260600
2026-04-23 13:30:00,4777.5,20260800,4777.5,20260800,4741.6,20260600
2026-04-23 14:00:00,4786.9,20260800,4786.9,20260800,4750.7,20260600
2026-04-23 15:00:00,4785.0,20260800,4785.0,20260800,4749.6,20260600
2026-04-23 16:00:00,4786.0,20260800,4786.0,20260800,4750.0,20260600
2026-04-23 17:00:00,4761.3,20260800,4761.3,20260800,4725.4,20260600
2026-04-23 18:00:00,4764.7,20260800,4764.7,20260800,4729.1,20260600
2026-04-23 19:00:00,4748.7,20260800,4748.7,20260800,4712.7,20260600
2026-04-23 20:00:00,4743.1,20260800,4743.1,20260800,4709.1,20260600
2026-04-23 23:00:00,4743.1,20260800,4743.1,20260800,4709.1,20260600
2026-04-24 13:30:00,4763.2,20260800,4763.2,20260800,4728.0,20260600
2026-04-24 14:00:00,4778.5,20260800,4778.5,20260800,4743.3,20260600
2026-04-24 15:00:00,4781.2,20260800,4781.2,20260800,4744.1,20260600
2026-04-24 16:00:00,4779.8,20260800,4779.8,20260800,4743.8,20260600
2026-04-24 17:00:00,4775.9,20260800,4775.9,20260800,4740.1,20260600
2026-04-24 18:00:00,4774.1,20260800,4774.1,20260800,4740.4,20260600
2026-04-24 19:00:00,4766.4,20260800,4766.4,20260800,4731.8,20260600
2026-04-24 20:00:00,4758.4,20260800,4758.4,20260800,4724.7,20260600
2026-04-24 23:00:00,4758.4,20260800,4758.4,20260800,4724.7,20260600
2026-04-27 13:30:00,4746.6,20260800,4746.6,20260800,4711.4,20260600
2026-04-27 14:00:00,4727.0,20260800,4727.0,20260800,4693.2,20260600
2026-04-27 15:00:00,4719.9,20260800,4719.9,20260800,4684.7,20260600
2026-04-27 16:00:00,4726.3,20260800,4726.3,20260800,4691.2,20260600
2026-04-27 17:00:00,4732.3,20260800,4732.3,20260800,4696.8,20260600
2026-04-27 18:00:00,4731.1,20260800,4731.1,20260800,4695.8,20260600
2026-04-27 19:00:00,4730.5,20260800,4730.5,20260800,4696.1,20260600
2026-04-27 20:00:00,4732.1,20260800,4732.1,20260800,4697.9,20260600
2026-04-27 23:00:00,4732.1,20260800,4732.1,20260800,4697.9,20260600
2026-04-28 13:30:00,4628.0,20260800,4628.0,20260800,4593.8,20260600
2026-04-28 14:00:00,4616.6,20260800,4616.6,20260800,4588.0,20260600
2026-04-28 15:00:00,4633.8,20260800,4633.8,20260800,4600.0,20260600
2026-04-28 16:00:00,4640.9,20260800,4640.9,20260800,4606.3,20260600
2026-04-28 17:00:00,4643.4,20260800,4643.4,20260800,4608.9,20260600
2026-04-28 18:00:00,4647.1,20260800,4647.1,20260800,4608.3,20260600
2026-04-28 19:00:00,4644.6,20260800,4644.6,20260800,4609.8,20260600
2026-04-28 20:00:00,4644.5,20260800,4644.5,20260800,4609.5,20260600
2026-04-28 23:00:00,4644.5,20260800,4644.5,20260800,4609.5,20260600
2026-04-29 13:30:00,4571.1,20260800,4571.1,20260800,4534.4,20260600
2026-04-29 14:00:00,4585.5,20260800,4585.5,20260800,4552.2,20260600
2026-04-29 15:00:00,4593.4,20260800,4593.4,20260800,4560.8,20260600
2026-04-29 16:00:00,4595.2,20260800,4595.2,20260800,4561.0,20260600
2026-04-29 17:00:00,4595.1,20260800,4595.1,20260800,4561.6,20260600
2026-04-29 18:00:00,4586.1,20260800,4586.1,20260800,4552.7,20260600
2026-04-29 19:00:00,4593.3,20260800,4593.3,20260800,4561.0,20260600
2026-04-29 20:00:00,4591.3,20260800,4591.3,20260800,4557.4,20260600
2026-04-29 23:00:00,4591.3,20260800,4591.3,20260800,4557.4,20260600
2026-04-30 13:30:00,4658.3,20260800,4658.3,20260800,4623.1,20260600
2026-04-30 14:00:00,4669.1,20260800,4669.1,20260800,4632.2,20260600
2026-04-30 15:00:00,4663.4,20260800,4663.4,20260800,4628.0,20260600
2026-04-30 16:00:00,4655.7,20260800,4655.7,20260800,4620.6,20260600
2026-04-30 17:00:00,4663.9,20260800,4663.9,20260800,4629.8,20260600
2026-04-30 18:00:00,4670.9,20260800,4670.9,20260800,4635.8,20260600
2026-04-30 19:00:00,4673.4,20260800,4673.4,20260800,4638.8,20260600
2026-04-30 20:00:00,4667.2,20260800,4667.2,20260800,4635.9,20260600
2026-04-30 23:00:00,4667.2,20260800,4667.2,20260800,4635.9,20260600
2026-05-01 13:30:00,4672.2,20260800,4672.2,20260800,4637.4,20260600
2026-05-01 14:00:00,4678.8,20260800,4678.8,20260800,4643.8,20260600
2026-05-01 15:00:00,4690.3,20260800,4690.3,20260800,4654.4,20260600
2026-05-01 16:00:00,4691.1,20260800,4691.1,20260800,4655.7,20260600
2026-05-01 17:00:00,4677.6,20260800,4677.6,20260800,4641.4,20260600
2026-05-01 18:00:00,4671.0,20260800,4671.0,20260800,4636.3,20260600
2026-05-01 19:00:00,4657.1,20260800,4657.1,20260800,4623.0,20260600
2026-05-01 20:00:00,4660.8,20260800,4660.8,20260800,4626.2,20260600
2026-05-01 23:00:00,4660.8,20260800,4660.8,20260800,4626.2,20260600
2026-05-04 13:30:00,4611.7,20260800,4611.7,20260800,4575.5,20260600
2026-05-04 14:00:00,4608.0,20260800,4608.0,20260800,4572.8,20260600
2026-05-04 15:00:00,4567.8,20260800,4567.8,20260800,4531.6,20260600
2026-05-04 16:00:00,4555.1,20260800,4555.1,20260800,4520.6,20260600
2026-05-04 17:00:00,4567.3,20260800,4567.3,20260800,4532.5,20260600
2026-05-04 18:00:00,4560.2,20260800,4560.2,20260800,4526.3,20260600
2026-05-04 19:00:00,4560.3,20260800,4560.3,20260800,4527.7,20260600
2026-05-04 20:00:00,4567.4,20260800,4567.4,20260800,4532.8,20260600
2026-05-04 23:00:00,4567.4,20260800,4567.4,20260800,4532.8,20260600
